rank,title_id,title,players,percentage
1,267695549,Fortnite,70618,22.0332
2,2001700854,Call of Duty®,49622,15.4823
3,342226876,Roblox - Xbox,46842,14.615
4,1828326430,Minecraft,31765,9.9109
5,972249091,Grand Theft Auto V,30326,9.4619
6,1840884885,Battlefield™,24287,7.5777
7,558797228,Rocket League®,18269,5.7
8,1794566092,Minecraft Launcher,16956,5.2904
9,2118292977,ARC Raiders,14063,4.3877
10,1696697876,NBA 2K26,11935,3.7238
11,926771636,Tom Clancy's Rainbow Six Siege,11794,3.6798
12,2030093255,Forza Horizon 5,11152,3.4795
13,1852068331,EA SPORTS FC™ 26,9478,2.9572
14,2106683993,skate.™ (Game Preview),9422,2.9397
15,896928775,Minecraft for Windows,8895,2.7753
16,1794906646,Marvel Rivals,8770,2.7363
17,175227487,Apex Legends™,7578,2.3644
18,1653663875,EA SPORTS FC™ 25,7383,2.3035
19,1631143456,EA SPORTS™ Madden NFL 26,7003,2.185
20,2118102995,EA SPORTS™ College Football 26,5884,1.8358
21,591405932,Red Dead Redemption 2,5857,1.8274
22,94618376,Overwatch®,5762,1.7978
23,1891953464,CloverPit,5393,1.6826
24,1876694512,Madden NFL 25,5186,1.6181
25,1857595573,The Crew Motorfest,5067,1.5809
26,1924639289,HELLDIVERS™ 2,4575,1.4274
27,1759802069,EA SPORTS™ College Football 25,4509,1.4068
28,1746894998,Roblox - Windows,4203,1.3114
29,1993685552,UFC® 5,4079,1.2727
30,102425831,Dead by Daylight,3849,1.2009
31,812065290,Halo: The Master Chief Collection,3831,1.1953
32,629270283,Gang Beasts,3450,1.0764
33,1693340366,Hogwarts Legacy,3348,1.0446
34,2043073184,Halo Infinite,3277,1.0224
35,207015551,theHunter: Call of the Wild™,3062,0.9554
36,1879711255,The Outer Worlds 2,3016,0.941
37,1657391528,NBA 2K25,2803,0.8746
38,171869406,War Thunder,2664,0.8312
39,2073302268,Ready or Not,2614,0.8156
40,1096157379,COD: Black Ops II,2604,0.8125
41,1256782258,Fallout 4,2584,0.8062
42,80579825,Call of Duty: Black Ops III,2560,0.7987
43,144389848,Destiny 2,2467,0.7697
44,1766088016,Farming Simulator 25,2440,0.7613
45,1717113201,Sea of Thieves: 2026 Edition,2420,0.7551
46,1766989558,MLB® The Show™ 25,2401,0.7491
47,1992453063,Among Us,2360,0.7363
48,1761802913,Total Chaos,2360,0.7363
49,687339341,Brawlhalla,2321,0.7242
50,777107394,DayZ,2233,0.6967
51,2013614379,Fall Guys,2216,0.6914
52,1953759531,Phasmophobia (Game Preview),2153,0.6717
53,285358298,Mortal Kombat 11,2114,0.6596
54,950328474,PUBG: BATTLEGROUNDS,2101,0.6555
55,2003727579,Call of Duty®: Modern Warfare® III,2085,0.6505
56,1928228122,Borderlands®4,2083,0.6499
57,2063087945,PowerWash Simulator 2,2074,0.6471
58,1852502655,EA SPORTS FC™ 24,1982,0.6184
59,2110891029,KILL IT WITH FIRE! 2,1887,0.5888
60,2139646219,VALORANT,1881,0.5869
61,332913499,Fallout 76,1874,0.5847
62,1198088771,FOR HONOR,1874,0.5847
63,1668241504,Hollow Knight: Silksong,1844,0.5753
64,252034287,The Elder Scrolls V: Skyrim Special Edition,1830,0.571
65,1892245301,ELDEN RING,1779,0.5551
66,638965135,Descenders,1763,0.5501
67,1702731390,Supermarket Simulator,1710,0.5335
68,222473492,Cyberpunk 2077,1709,0.5332
69,1482870140,Warframe,1702,0.531
70,1928988061,ARK: Survival Ascended,1678,0.5235
71,833960563,STAR WARS™ Battlefront™ II,1654,0.5161
72,1634930870,REMATCH,1635,0.5101
73,1959007243,Call of Duty®: Modern Warfare® II,1602,0.4998
74,1161890022,Skate 3,1580,0.493
75,1842668909,Forza Motorsport,1560,0.4867
76,85494077,Microsoft Solitaire Collection,1560,0.4867
77,1769971395,Clair Obscur: Expedition 33,1543,0.4814
78,893395429,Rust Console Edition X|S,1538,0.4799
79,1797327516,Palworld,1537,0.4796
80,1947812162,WWE 2K25,1486,0.4636
81,140280380,Call of Duty®: WWII,1478,0.4611
82,1774692913,Goat Simulator 3,1439,0.449
83,321656011,The Sims™ 4,1376,0.4293
84,1848421257,eFootball™,1296,0.4044
85,1758796660,Wobbly Life,1278,0.3987
86,1965191913,F1® 24,1275,0.3978
87,1975246356,Baldur's Gate 3,1264,0.3944
88,1855024215,"Warhammer 40,000: Space Marine 2",1264,0.3944
89,1730755212,Mortal Kombat™ 1,1245,0.3884
90,2059211995,Hollow Knight: Voidheart Edition,1222,0.3813
91,1985701699,Forza Horizon 4,1220,0.3806
92,306230746,Stardew Valley,1214,0.3788
93,1096157269,Call of Duty®: Black Ops,1202,0.375
94,2132429347,Risk of Rain 2,1198,0.3738
95,374923716,Gears 5,1194,0.3725
96,2120976389,Banishers: Ghosts of New Eden,1162,0.3626
97,2119939858,NHL® 26 Xbox Series X|S,1159,0.3616
98,1646963350,NHL® 25 Xbox Series X|S,1155,0.3604
99,1749127985,Madden NFL 24,1147,0.3579
100,964706972,No Man's Sky,1147,0.3579
101,2099828114,THE FINALS,1136,0.3544
102,1611895213,Disney Dreamlight Valley,1124,0.3507
103,2053080068,Genshin Impact,1119,0.3491
104,1696147865,Zenless Zone Zero,1087,0.3392
105,352040487,Tom Clancy’s The Division 2,1082,0.3376
106,1790482525,Call of Duty®: Black Ops Cold War,1076,0.3357
107,961090289,Tom Clancy's Ghost Recon Breakpoint,1076,0.3357
108,1019460860,DRAGON BALL XENOVERSE 2,1067,0.3329
109,1840066568,Pigeon Simulator,1057,0.3298
110,1669427955,ELDEN RING NIGHTREIGN,1051,0.3279
111,1671990131,MY HERO ULTRA RUMBLE,1050,0.3276
112,491582364,Need for Speed™ Heat,1049,0.3273
113,983730484,ARK: Survival Evolved,1046,0.3264
114,1161890069,FIGHT NIGHT CHAMPION,1046,0.3264
115,465979625,UFC® 4,1046,0.3264
116,1615644955,Microsoft Flight Simulator 2024,1041,0.3248
117,183968596,UNO™,1038,0.3239
118,1615991113,New MONOPOLY®,1007,0.3142
119,1479758055,Batman™: Arkham Knight,1001,0.3123
120,609700427,Call of Duty®: Modern Warfare®,990,0.3089
121,1878915001,SnowRunner,987,0.3079
122,623325843,Cuphead,979,0.3055
123,1732013402,Grounded 2 (Game Preview),962,0.3001
124,1738914043,Assassin's Creed Shadows,957,0.2986
125,2008623143,NINJA GAIDEN 4,955,0.298
126,2010328709,Assassin's Creed® Mirage,946,0.2952
127,1973901376,Diablo® IV,943,0.2942
128,2138304024,Rec Room,932,0.2908
129,1728105232,Assassin's Creed Valhalla,927,0.2892
130,1646978734,Police Simulator: Patrol Officers,918,0.2864
131,728655825,Plants vs. Zombies™ Garden Warfare 2,911,0.2842
132,964818375,Assassin's Creed Odyssey,904,0.2821
133,504085184,The Crew® 2,902,0.2814
134,1848927238,BALL x PIT,899,0.2805
135,2054716369,It Takes Two,895,0.2792
136,283303390,Wreckfest,889,0.2774
137,1961305648,Totally Accurate Battle Simulator,887,0.2767
138,1720633196,Minecraft Dungeons,878,0.2739
139,1679027058,Stumble Guys,870,0.2714
140,1797047526,Voidtrain,861,0.2686
141,1715349030,Asphalt Legends,860,0.2683
142,1779135141,Riders Republic™,860,0.2683
143,1699459210,DRAGON BALL Sparking! ZERO,857,0.2674
144,1855217179,Golf With Your Friends,857,0.2674
145,2111829961,Hell Let Loose,857,0.2674
146,1805568255,Trailmakers,842,0.2627
147,389597738,Terraria,840,0.2621
148,1792830437,Balatro,836,0.2608
149,45083076,Injustice™ 2,836,0.2608
150,1825113946,PowerWash Simulator,805,0.2512
151,2068980019,CarX Drift Racing Online,795,0.248
152,1701108859,HITMAN 3,787,0.2455
153,1008687929,Mortal Kombat X,787,0.2455
154,1112737760,Fallout: New Vegas,782,0.244
155,1938834516,State of Decay 2: Juggernaut Edition,781,0.2437
156,556718860,Assassin's Creed IV Black Flag,777,0.2424
157,346683864,Tom Clancy's Ghost Recon Wildlands,774,0.2415
158,2008767227,Brotato,752,0.2346
159,2105342780,Grounded,744,0.2321
160,1843269941,Chivalry 2,737,0.2299
161,2143033449,Monster Hunter Wilds,730,0.2278
162,1285166951,The Elder Scrolls Online,722,0.2253
163,1829869520,Gears of War: Reloaded,719,0.2243
164,2079794073,Starfield,713,0.2225
165,1414793202,GTA IV,710,0.2215
166,1952300170,Battlefield™ 2042,703,0.2193
167,2043906033,MX vs ATV Legends,700,0.2184
168,2069980568,The First Descendant,694,0.2165
169,312881568,Human Fall Flat,680,0.2122
170,1695979902,The Elder Scrolls IV: Oblivion Remastered,673,0.21
171,2128602192,Bluey: The Videogame,671,0.2094
172,608369389,FAR CRY PRIMAL,671,0.2094
173,1720309872,Arma Reforger,669,0.2087
174,447911394,Far Cry® 5,669,0.2087
175,453395486,Ultimate Chicken Horse,655,0.2044
176,783973363,Dead Island 2,652,0.2034
177,1854680102,Delta Force,648,0.2022
178,478449077,World of Warships: Legends,635,0.1981
179,840116976,World of Tanks Modern Armor,629,0.1963
180,1998461943,Assassin's Creed Unity,620,0.1934
181,1911989187,Football Manager 26 Console,614,0.1916
182,792158305,Call of Duty®: Black Ops 4,613,0.1913
183,1680544459,Dying Light: The Beast,612,0.1909
184,1830948067,EA SPORTS™ PGA TOUR™,605,0.1888
185,2067705319,NBA 2K24,605,0.1888
186,1894513996,CarX Street,597,0.1863
187,1850827024,F1® 25,597,0.1863
188,1145574011,Titanfall® 2,593,0.185
189,1671080157,Minecraft Preview,591,0.1844
190,1790216132,Hades,589,0.1838
191,1925947069,FARCRY 6,588,0.1835
192,415619002,Watch Dogs®2,578,0.1803
193,1972007641,Kingdom Come: Deliverance II,577,0.18
194,2014590773,Car Mechanic Simulator 2021,573,0.1788
195,1777860928,Microsoft Flight Simulator (2020),565,0.1763
196,1993741445,SMITE 2 (Game Preview),565,0.1763
197,1971845611,Mount & Blade II: Bannerlord,561,0.175
198,2122392131,Winter Burrow,556,0.1735
199,1386529057,Battlefield™ 1,554,0.1729
200,219630713,Halo 5: Guardians,546,0.1704
201,308654313,Overcooked! 2,546,0.1704
202,568182861,ASTRONEER,541,0.1688
203,345903534,Minecraft: Xbox One Edition,541,0.1688
204,1726497855,PGA TOUR 2K25,540,0.1685
205,1874191487,High On Life,532,0.166
206,514291876,Assassin's Creed® The Ezio Collection,529,0.1651
207,1912862912,Sniper Elite: Resistance,528,0.1647
208,1684508835,"Warhammer 40,000: Darktide",528,0.1647
209,308190374,LEGO® Star Wars™: The Skywalker Saga,527,0.1644
210,2021110805,Roblox - Not Supported,523,0.1632
211,2103516179,The Outlast Trials,523,0.1632
212,1695638358,Vampire Survivors,523,0.1632
213,2053555152,Yu-Gi-Oh! Master Duel,523,0.1632
214,256364670,Battlefield™ V,522,0.1629
215,60633334,7 Days to Die,513,0.1601
216,1949242128,SILENT HILL 2,510,0.1591
217,1902585111,DOOM: The Dark Ages,508,0.1585
218,1938832846,STAR WARS Jedi: Survivor™,506,0.1579
219,1880744816,Farming Simulator 22,500,0.156
220,859011533,Assassin's Creed® III Remastered,489,0.1526
221,642156375,Crash™ Team Racing Nitro-Fueled,487,0.1519
222,374621264,RESIDENT EVIL 2,484,0.151
223,1994003829,EA SPORTS™ FIFA 23 Standard Edition,482,0.1504
224,2135594829,Jurassic World Evolution 2,478,0.1491
225,320504455,Middle-earth™: Shadow of War™,478,0.1491
226,830649354,Dying Light,474,0.1479
227,1753744295,"Little Kitty, Big City",474,0.1479
228,72159092,Crash Bandicoot™ N. Sane Trilogy,470,0.1466
229,1841062643,Hunt: Showdown 1896,470,0.1466
230,15959542,DRAGON BALL FIGHTERZ,468,0.146
231,1667928394,Halo Wars 2,460,0.1435
232,1680433621,Young Suns,460,0.1435
233,1877908426,Tony Hawk's™ Pro Skater™ 3 + 4,459,0.1432
234,2106583887,TEKKEN 8,458,0.1429
235,1028735742,NARUTO SHIPPUDEN™: Ultimate Ninja® STORM 4,457,0.1426
236,502034863,Assassin's Creed Origins,452,0.141
237,1673618851,Egging On,452,0.141
238,1744726864,Enlisted,446,0.1392
239,1719923985,Undisputed,446,0.1392
240,2098787950,Age of Empires IV: Anniversary Edition,445,0.1388
241,490838306,Fishing Planet,444,0.1385
242,1966276493,Satisfactory,444,0.1385
243,2115352193,Pacific Drive,442,0.1379
244,837917131,Deep Rock Galactic,441,0.1376
245,552499398,Gears of War 4,440,0.1373
246,791545701,Goat Simulator,438,0.1367
247,940594756,World War Z,438,0.1367
248,1484511986,Battlefield 4,433,0.1351
249,530462567,The Witcher 3: Wild Hunt – Complete Edition,425,0.1326
250,1096157207,Modern Warfare® 2,424,0.1323
251,869175187,A Way Out,423,0.132
252,1733257076,Teardown,417,0.1301
253,1096157212,Call of Duty®: WaW,416,0.1298
254,1936845110,Cities: Skylines - Remastered,416,0.1298
255,666757656,Rayman Legends,413,0.1289
256,1852916479,Resident Evil 4,410,0.1279
257,265691378,STEEP,410,0.1279
258,1096157387,Modern Warfare® 3,406,0.1267
259,1793309125,WWE 2K24,402,0.1254
260,1832051520,Crime Scene Cleaner,400,0.1248
261,2116740682,The Grinch: Christmas Adventures - Merry & Mischievous Edition,399,0.1245
262,1857530883,NASCAR 25,395,0.1232
263,1731202267,Need for Speed™ Unbound,395,0.1232
264,1976117247,Path of Titans (Game Preview),394,0.1229
265,1818602982,RoadCraft,394,0.1229
266,1297287339,Gears of War 3,393,0.1226
267,749311689,Plants vs. Zombies: Battle for Neighborville™,392,0.1223
268,988203152,Stellaris,388,0.1211
269,2064168993,Age of Empires II: Definitive Edition,386,0.1204
270,2077953041,Clone Drone in the Danger Zone,386,0.1204
271,339148107,Insurgency: Sandstorm (Windows),384,0.1198
272,1972063516,Sifu,384,0.1198
273,309834943,Wheel Of Fortune®,384,0.1198
274,585771792,WATCH_DOGS™,382,0.1192
275,754791096,Call of Duty®: Infinite Warfare,380,0.1186
276,1809107273,NHL® 24,379,0.1183
277,1480657407,Plants vs. Zombies,378,0.1179
278,19060482,Trials® Rising,376,0.1173
279,1041486048,DARK SOULS™ III,373,0.1164
280,2111887267,Sonic Racing: CrossWorlds,371,0.1158
281,2083870981,Who's Your Daddy?!,371,0.1158
282,794552001,The Binding of Isaac: Rebirth,359,0.112
283,1889714780,Lords of the Fallen,357,0.1114
284,1616563209,FragPunk,355,0.1108
285,756981192,Borderlands 3,354,0.1105
286,1631329360,Pixel Strike 3D,351,0.1095
287,1792227428,Indiana Jones and the Great Circle,348,0.1086
288,1145753246,Red Dead Redemption,345,0.1076
289,847310458,South Park™: The Stick of Truth ™,345,0.1076
290,2068332202,Abiotic Factor,344,0.1073
291,1984680366,Medieval Dynasty,341,0.1064
292,945909358,Subnautica,340,0.1061
293,1560034050,Assassin's Creed Syndicate,339,0.1058
294,1465674891,Assetto Corsa,338,0.1055
295,2076120890,Deep Rock Galactic: Survivor,338,0.1055
296,56347639,Spyro™ Reignited Trilogy,335,0.1045
297,422207632,Castle Crashers Remastered,332,0.1036
298,831224608,Need for Speed™ Payback,332,0.1036
299,790047319,Sekiro™: Shadows Die Twice - GOTY Edition,332,0.1036
300,1065708874,Skull and Bones,332,0.1036
301,244291844,Far Cry 3 Classic Edition,327,0.102
302,834001943,Dying Light 2: Stay Human - Reloaded Edition,325,0.1014
303,244552082,Left 4 Dead 2,321,0.1002
304,1289871275,Forza Horizon 3,319,0.0995
305,1768081511,Crusader Kings III,313,0.0977
306,1799887933,The Witcher 3: Wild Hunt,312,0.0973
307,1703229686,Split Fiction,311,0.097
308,1367952835,Far Cry® 4,310,0.0967
309,1799461557,NBA 2K23,310,0.0967
310,1711563707,House Flipper,309,0.0964
311,1693391830,SpongeBob SquarePants™: The Patrick Star Game,308,0.0961
312,1705097731,Halls of Torment,305,0.0952
313,1985019983,Crash Bandicoot™ 4: It’s About Time,303,0.0945
314,165599118,Prominence Poker,303,0.0945
315,1682363458,Avatar: Frontiers of Pandora,299,0.0933
316,1707431222,Jurassic World Evolution 3,299,0.0933
317,2083429980,Nickelodeon All-Star Brawl 2,296,0.0924
318,1479895282,PAYDAY 2: CRIMEWAVE EDITION,296,0.0924
319,1664487314,Football Manager 26,294,0.0917
320,678953862,Borderlands 2,293,0.0914
321,125226722,DARK SOULS™: REMASTERED,293,0.0914
322,1112737749,Fallout 3,292,0.0911
323,1134837784,SMITE,290,0.0905
324,1740172423,Totally Reliable Delivery Service,290,0.0905
325,74304278,Tom Clancy’s The Division,288,0.0899
326,2131572088,Evil West,286,0.0892
327,1480660055,MONOPOLY PLUS,285,0.0889
328,1808064759,FIFA 22,284,0.0886
329,605932637,Hello Neighbor,284,0.0886
330,143716413,Dragon Age™: The Veilguard,283,0.0883
331,1873615541,Pool Blitz,282,0.088
332,416597888,Hungry Shark® World,281,0.0877
333,1756421327,Teenage Mutant Ninja Turtles: Shredder's Revenge,276,0.0861
334,872826607,Vigor,276,0.0861
335,625948041,Slime Rancher,275,0.0858
336,2035760753,PAW Patrol World,274,0.0855
337,1922695178,PlateUp!,273,0.0852
338,627891457,Little Nightmares II Enhanced Edition,272,0.0849
339,1741206400,Little Nightmares III,272,0.0849
340,1806088999,Monsters are Coming!,272,0.0849
341,810101074,Dead Cells,271,0.0846
342,1843596190,SPLITGATE: Arena Reloaded,271,0.0846
343,1684061010,SWORN,271,0.0846
344,801251286,Stick Fight: The Game,270,0.0842
345,341687485,3on3 FreeStyle,266,0.083
346,954605110,Assassin’s Creed® Rogue Remastered,266,0.083
347,1676173709,Wizard101,263,0.0821
348,1970218801,Dead by Daylight Windows,262,0.0817
349,680942588,STAR WARS Jedi: Fallen Order™,262,0.0817
350,2113731956,Disney Speedstorm,261,0.0814
351,1997201494,Aliens: Fireteam Elite,259,0.0808
352,1792557898,Moonlighter 2: The Endless Vault,257,0.0802
353,2046562785,Avowed,256,0.0799
354,1988609509,PGA TOUR 2K23,256,0.0799
355,2054685746,Mass Effect™ Legendary Edition,253,0.0789
356,1814675537,Grand Theft Auto: San Andreas – The Definitive Edition,252,0.0786
357,1827805096,Relic Hunters Legend,252,0.0786
358,739464821,South Park™: The Fractured but Whole™,252,0.0786
359,2108722049,Resident Evil Village,250,0.078
360,1879115757,Trackmania®,250,0.078
361,247546985,Destiny,246,0.0768
362,1185249228,Trials Fusion,246,0.0768
363,1712074146,WUCHANG: Fallen Feathers,245,0.0764
364,921016611,Crossout,244,0.0761
365,770775860,RESIDENT EVIL 3 for Windows,244,0.0761
366,514006173,Batman: Return to Arkham - Arkham City,243,0.0758
367,1931936981,Goat Simulator: Remastered (Windows Edition),242,0.0755
368,1837410971,NARAKA: BLADEPOINT,242,0.0755
369,830718665,DRAGON BALL Z: KAKAROT,241,0.0752
370,1933718863,SUPERHOT: MIND CONTROL DELETE,241,0.0752
371,572802557,Call of Duty®: Ghosts,240,0.0749
372,1013969466,NARUTO TO BORUTO: SHINOBI STRIKER,240,0.0749
373,331135949,DOOM Eternal (BATTLEMODE),238,0.0743
374,1687588412,Street Fighter™ 6,238,0.0743
375,2117764661,Diablo III: Reaper of Souls – Ultimate Evil Edition,237,0.0739
376,980944365,Need for Speed™,236,0.0736
377,1030018025,Halo Wars: Definitive Edition (PC),235,0.0733
378,68553410,Kingdom Come: Deliverance,234,0.073
379,1652862446,Super Mega Baseball™ 4,234,0.073
380,2067022016,Call of the Wild: The Angler™,233,0.0727
381,1841011808,Blizzard® Arcade Collection,231,0.0721
382,415563833,DiRT Rally 2.0,231,0.0721
383,2085228810,EA SPORTS™ WRC,231,0.0721
384,226054795,MONSTER HUNTER: WORLD™,231,0.0721
385,860666361,Plants vs. Zombies Garden Warfare,231,0.0721
386,1997252569,Need for Speed™ Hot Pursuit Remastered,230,0.0718
387,470244957,LEGO Marvel Super Heroes,229,0.0714
388,2093000869,Slay The Spire,229,0.0714
389,1812294496,Mecha BREAK,226,0.0705
390,434412541,Rise of the Tomb Raider,225,0.0702
391,1941033112,Anno 117: Pax Romana,224,0.0699
392,945976112,Rush: A DisneyPixar Adventure,224,0.0699
393,84790147,Watch Dogs®: Legion,223,0.0696
394,1890789689,The Casting of Frank Stone™,222,0.0693
395,2120287235,Truck World: Australia - First Haul,221,0.069
396,1865076226,MLB® The Show™ 24 Xbox One,220,0.0686
397,2019267377,Madden NFL 23,219,0.0683
398,1728797774,ONE PIECE: PIRATE WARRIORS 4,219,0.0683
399,401515813,Enter The Gungeon,218,0.068
400,2093153073,Party Animals,217,0.0677
401,2005028938,S.T.A.L.K.E.R. 2: Heart of Chornobyl - Windows Edition,217,0.0677
402,1297287213,Gears of War 2,216,0.0674
403,1766089184,GoldenEye 007,216,0.0674
404,1874517142,Retro Classics,216,0.0674
405,2028975703,Superball,214,0.0668
406,1947019474,ScootX,213,0.0665
407,1414793208,MCLA: Complete,211,0.0658
408,1745661457,Valheim,211,0.0658
409,1943631392,Digimon Story Time Stranger,210,0.0655
410,2097945335,F1® 23,210,0.0655
411,1880727250,Unpacking,209,0.0652
412,618537566,The Outer Worlds,205,0.064
413,1687693597,Assetto Corsa Competizione,204,0.0636
414,58472989,Killer Instinct,204,0.0636
415,423941531,LEGO® Harry Potter™ Collection,204,0.0636
416,1989106096,Sid Meier’s Civilization® VI (Windows PC),204,0.0636
417,20391045,Batman: Return to Arkham - Arkham Asylum,203,0.0633
418,655591242,Far Cry® New Dawn,203,0.0633
419,1911508378,RoboCop: Rogue City,203,0.0633
420,913783821,Shadow of the Tomb Raider,202,0.063
421,1414793242,Bully Scholarship Ed.,201,0.0627
422,1670026911,BMX Streets,200,0.0624
423,1877956827,Peppa Pig: World Adventures,199,0.0621
424,1955966351,Black Myth: Wukong,198,0.0618
425,748474487,Cities: Skylines - Windows 10 Edition,198,0.0618
426,1999574456,Forza Motorsport 7,198,0.0618
427,384396065,Unravel Two,198,0.0618
428,1714434521,Firefighting Simulator - The Squad,196,0.0612
429,1953745880,Roboquest,195,0.0608
430,2008403666,Dead Space,193,0.0602
431,568218779,Resident Evil 5,192,0.0599
432,1681220621,STAR WARS™ Battlefront™,192,0.0599
433,2122788273,Keeper,191,0.0596
434,868192693,Gotham Knights,190,0.0593
435,1863849961,Palia,190,0.0593
436,651668093,RESIDENT EVIL 7 biohazard,190,0.0593
437,1938336894,Sledders,190,0.0593
438,1653442250,ROUNDS,189,0.059
439,875417719,Call of Duty®: Advanced Warfare,188,0.0587
440,1540549950,DARK SOULS™ II: Scholar of the First Sin,188,0.0587
441,813411968,LEGO® Marvel Super Heroes 2,187,0.0583
442,1192666733,Mafia III,186,0.058
443,2032762484,Descenders Next (Game Preview),185,0.0577
444,828985924,Resident Evil 6,183,0.0571
445,826545257,Tomb Raider: Definitive Edition,183,0.0571
446,300763685,ACE COMBAT™ 7: SKIES UNKNOWN,182,0.0568
447,1175562227,Just Cause 3,182,0.0568
448,2142027917,Fallout Shelter,181,0.0565
449,2041142160,Maximum Football,181,0.0565
450,210179407,Back 4 Blood,180,0.0562
451,1877522801,Age of Mythology: Retold,179,0.0558
452,1764318423,Call of Duty®: Vanguard,179,0.0558
453,2047911802,For The King II,178,0.0555
454,1668430766,Cities: Skylines II,177,0.0552
455,119262432,The Jackbox Party Pack 3,176,0.0549
456,1693830737,Alan Wake 2,175,0.0546
457,1843804163,Cooking Simulator,175,0.0546
458,1940322572,Five Nights at Freddy's,174,0.0543
459,1037514907,Burnout™ Paradise Remastered,173,0.054
460,2089461712,Expeditions: A MudRunner Game,173,0.054
461,1853524575,Mafia: The Old Country,173,0.054
462,1852580050,Barbie Project Friendship™,172,0.0537
463,2128853757,Cricket 24,172,0.0537
464,1696456823,NBA 2K22,172,0.0537
465,939455454,resident evil 4 (2005),172,0.0537
466,367254866,Sleeping Dogs™ Definitive Edition,172,0.0537
467,2097321401,Blue Prince,171,0.0534
468,1649660694,The Texas Chain Saw Massacre,171,0.0534
469,1921488037,The Settlers®: New Allies,170,0.053
470,1822591938,Revenge of the Savage Planet,169,0.0527
471,1714795112,DOOM + DOOM II,162,0.0505
472,1693050229,Madden NFL 22,162,0.0505
473,1907796436,DREDGE,160,0.0499
474,2142076307,Anno 1800™,159,0.0496
475,245236582,Celeste,157,0.049
476,2154930,Call of Duty®: Modern Warfare® Remastered,156,0.0487
477,2041941014,Diablo® II: Resurrected™,156,0.0487
478,956568979,Need for Speed Rivals,156,0.0487
479,1813085990,Road 96,156,0.0487
480,2081484036,Superliminal,154,0.048
481,1970109802,Madden NFL 21,153,0.0477
482,1961670808,UFL,153,0.0477
483,767263759,Rock Band 4,152,0.0474
484,1327376519,DOOM,151,0.0471
485,1830825388,SILENT HILL f,150,0.0468
486,1795379754,The Walking Dead: The Complete First Season,149,0.0465
487,42235288,Neverwinter,148,0.0462
488,2021412862,Raft,148,0.0462
489,724369121,Saints Row,147,0.0459
490,927474846,Firewatch,146,0.0456
491,446059611,Forza Horizon 2,146,0.0456
492,1857859131,Lara Croft and the Temple of Osiris,146,0.0456
493,1651188120,Path of Exile 2 (Game Preview),146,0.0456
494,712238930,Saints Row 2,146,0.0456
495,951560105,Control,145,0.0452
496,346797032,MX vs ATV All Out,144,0.0449
497,327364101,Trackmania® Turbo,143,0.0446
498,1621683201,Dragon's Dogma 2,141,0.044
499,1708767297,Ryse: Son of Rome,141,0.044
500,1677025209,Wolfenstein: The New Order,141,0.044
501,1682965706,Another Crab's Treasure,140,0.0437
502,885488152,INSIDE,140,0.0437
503,1655054632,My Friendly Neighborhood,140,0.0437
504,2038330799,Aimlabs,137,0.0427
505,1725517447,House Flipper 2,137,0.0427
506,1864882669,Persona 4 Golden,137,0.0427
507,1994868821,Predecessor,137,0.0427
508,531437752,Rogue Company,136,0.0424
509,1801055182,Bounty Star,134,0.0418
510,2029805012,MultiVersus,134,0.0418
511,1957137539,Rabbids®: Party of Legends,134,0.0418
512,1633340711,Spray Paint Simulator,134,0.0418
513,1615431074,1000xRESIST,133,0.0415
514,442175237,Peggle,133,0.0415
515,402049843,Black Desert,132,0.0412
516,1700051314,Deceit 2,131,0.0409
517,1855426799,FINAL FANTASY XIV Online,131,0.0409
518,1846145161,Metaphor: ReFantazio,131,0.0409
519,2136035101,Monopoly Madness,131,0.0409
520,256913032,TEKKEN 7,131,0.0409
521,1611051325,Grand Theft Auto: Vice City – The Definitive Edition,130,0.0406
522,1674901200,Inscryption,130,0.0406
523,2029730324,Mad Max,130,0.0406
524,903593533,Path of Exile,130,0.0406
525,1045960524,Metro Exodus,129,0.0402
526,196423588,Outlast,129,0.0402
527,1645572933,Starlit Kart Racing,129,0.0402
528,144439061,The Evil Within,129,0.0402
529,1880835530,Atomfall,128,0.0399
530,1663711933,FINAL FANTASY XVI,128,0.0399
531,2028530104,Prince of Persia The Lost Crown,128,0.0399
532,1762703770,The Lord of the Rings: Return to Moria™,128,0.0399
533,1480657456,BattleBlock Theater,127,0.0396
534,850118036,Generation Zero®,127,0.0396
535,164371165,LEGO Star Wars: TCS,127,0.0396
536,1414793189,Civilization Revolution,126,0.0393
537,196631666,EA SPORTS™ FIFA 20,126,0.0393
538,199746733,Conan Exiles,125,0.039
539,1864660438,Dead Static Drive,125,0.039
540,1480659550,Joy Ride Turbo,125,0.039
541,1660320477,Undertale,125,0.039
542,1000604311,Resident Evil Revelations 2 (Episode One),124,0.0387
543,1694054782,Forza Motorsport 6,123,0.0384
544,682404126,Paladins,123,0.0384
545,1931947471,Persona 5 Royal,123,0.0384
546,2041731932,Cult of the Lamb,122,0.0381
547,1935604508,Train Sim World® 5: Free Starter Pack,121,0.0378
548,8769689,Ancestors: The Humankind Odyssey,120,0.0374
549,821136798,DC Universe Online,120,0.0374
550,819720203,JUMP FORCE,120,0.0374
551,1771989345,Lightyear Frontier (Game Preview),120,0.0374
552,1096157158,Modern Warfare®,120,0.0374
553,1801842805,Throne and Liberty,120,0.0374
554,1702196563,Frostpunk 2,119,0.0371
555,148078765,Madden NFL 20,119,0.0371
556,290870045,SpeedRunners,119,0.0371
557,1761289795,FIFA 21,118,0.0368
558,1414793400,Grand Theft Auto: San Andreas,118,0.0368
559,975846135,LEGO® DC Super-Villains,118,0.0368
560,422246343,Tom Clancy’s Rainbow Six® Extraction,118,0.0368
561,482947130,Clicker Heroes,117,0.0365
562,2128546794,NARUTO X BORUTO Ultimate Ninja STORM CONNECTIONS,117,0.0365
563,2053707080,NINJA GAIDEN 2 Black,117,0.0365
564,366337421,Borderlands: Game of the Year Edition,116,0.0362
565,597771444,Gems of War,116,0.0362
566,640703885,LEGO® Marvel's Avengers,116,0.0362
567,1728022534,Plants vs. Zombies™: Replanted,116,0.0362
568,1707142453,WWE 2K23,116,0.0362
569,1754564226,Atlas Fallen: Reign of Sand (Windows),115,0.0359
570,59903186,Call of Duty®: Modern Warfare® 2 Campaign Remastered,115,0.0359
571,1623704813,DEATH STRANDING DIRECTOR'S CUT,115,0.0359
572,5433956,Dead Island Definitive Edition,114,0.0356
573,1949704395,Green Hell,114,0.0356
574,895890707,ULTIMATE MARVEL VS. CAPCOM 3,114,0.0356
575,1715352825,Five Nights at Freddy's 2,113,0.0353
576,2123297300,JoJo's Bizarre Adventure: All-Star Battle R,113,0.0353
577,2032369368,Scott Pilgrim vs. The World™: The Game – Complete Edition,113,0.0353
578,995095203,Warface: Clutch,113,0.0353
579,1007715169,Warhammer: Vermintide 2,113,0.0353
580,1997835037,I Am Your Beast,112,0.0349
581,1012216522,Just Cause 4,112,0.0349
582,148020354,METAL GEAR SOLID V: THE PHANTOM PAIN,112,0.0349
583,1884079219,Slime Rancher 2,112,0.0349
584,2019012309,Star Wars Outlaws,112,0.0349
585,101393300,LEGO® Batman™ 3: Beyond Gotham,111,0.0346
586,1906370210,Minecraft: Java Edition,111,0.0346
587,862712929,Star Trek Online,111,0.0346
588,2024046503,60 Seconds! Reatomized,110,0.0343
589,2079828144,Holdfast: Nations At War,110,0.0343
590,1639060910,Minecraft Legends - Windows,110,0.0343
591,1687388278,KINGDOM HEARTS - HD 1.5+2.5 ReMIX -,109,0.034
592,491595024,LEGO Batman,109,0.034
593,2071061510,Lies of P,109,0.034
594,1251455286,Metro 2033 Redux,109,0.034
595,1785898011,Sid Meier’s Civilization® VII,109,0.034
596,108727346,Suicide Squad: Kill the Justice League,109,0.034
597,1694250070,Super Animal Royale,109,0.034
598,1297287382,Fable III,107,0.0334
599,1161890066,Portal 2,107,0.0334
600,1112934455,Star Wars Battlefront II,107,0.0334
601,33936946,Zoo Tycoon: Ultimate Animal Collection,107,0.0334
602,722006140,EA SPORTS™ UFC® 3,106,0.0331
603,1675504069,Mafia: Definitive Edition,106,0.0331
604,883004381,skate. (2007),106,0.0331
605,884612576,Sonic Mania,106,0.0331
606,1688839217,The Elder Scrolls V: Skyrim Special Edition (PC),106,0.0331
607,2021058326,Way of the Hunter,106,0.0331
608,645502086,The Four Kings Casino and Slots,105,0.0328
609,1744345373,WWE 2K22,105,0.0328
610,1793764669,Zombie Army 4: Dead War,105,0.0328
611,1033937373,Don't Starve Together: Console Edition,104,0.0324
612,1884682689,Five Nights at Freddy's: Security Breach,104,0.0324
613,2081060870,Maneater,104,0.0324
614,1480657521,Doritos Crash Course,103,0.0321
615,976905576,Dragon Age™: Inquisition,103,0.0321
616,1297287815,Fable Anniversary,103,0.0321
617,1297287153,Fable II,103,0.0321
618,1964043658,Mafia II: Definitive Edition,103,0.0321
619,2008811924,Wolfenstein II: The New Colossus,103,0.0321
620,136002788,Farming Simulator 19,102,0.0318
621,1835926818,Hellblade II: Senua's Saga,101,0.0315
622,1751185882,METAL GEAR SOLID Δ: SNAKE EATER,101,0.0315
623,2119541613,Paint the Town Red,101,0.0315
624,2024220276,Phantasy Star Online 2 New Genesis,101,0.0315
625,2046531735,Predator: Hunting Grounds,101,0.0315
626,583749034,SOULCALIBUR VI,101,0.0315
627,1719232621,Hello Guest: Hello Neighbor 2 pre-alpha,100,0.0312
628,398011207,LIMBO,100,0.0312
629,1984504844,Bleach: Brave Souls Anime Game,99,0.0309
630,433376346,FIFA 18,99,0.0309
631,2006666244,NBA 2K21,99,0.0309
632,880031210,NBA LIVE 19,99,0.0309
633,1777774126,Visions of Mana,99,0.0309
634,1790217657,Five Nights at Freddy's 4,98,0.0306
635,1973635123,Mad Streets,98,0.0306
636,2000897177,Mortal Kombat: Legacy Kollection,98,0.0306
637,1903138273,Sonic Frontiers,98,0.0306
638,1737329553,Total War: Warhammer III (Old Version),98,0.0306
639,1669281297,War Robots: Frontiers,98,0.0306
640,1886320845,DAVE THE DIVER,97,0.0303
641,2040766801,Test Drive Unlimited Solar Crown,97,0.0303
642,386788672,Cars 3: Driven to Win,96,0.03
643,791051466,Disneyland Adventures,96,0.03
644,935319545,FIFA 19,96,0.03
645,1814244511,Nine Sols,95,0.0296
646,1704490079,South of Midnight,95,0.0296
647,1846016063,"Warhammer 40,000: Rogue Trader",95,0.0296
648,1639666819,INAZUMA ELEVEN: Victory Road,94,0.0293
649,1803631176,MechWarrior 5: Mercenaries,94,0.0293
650,1713510228,RIDE 5,94,0.0293
651,1480659458,Sonic Adventure™ 2 ,94,0.0293
652,1997535850,SpiderHeck,94,0.0293
653,528369592,Devil May Cry HD Collection,93,0.029
654,1669458182,Invincible VS Closed Alpha,93,0.029
655,2125557798,Still Wakes the Deep,93,0.029
656,2104181770,The First Berserker: Khazan,93,0.029
657,69094388,EA SPORTS™ FIFA 17,92,0.0287
658,1029888556,LEGO® Jurassic World™,92,0.0287
659,1882357148,Lonely Mountains: Snow Riders,92,0.0287
660,1703086168,Microsoft Sudoku,92,0.0287
661,2119739112,Monster Train 2,92,0.0287
662,1650588295,OddBallers™,92,0.0287
663,1297287125,Gears of War,91,0.0284
664,1750701033,Tiny Tina's Wonderlands for Xbox Series X|S,91,0.0284
665,2089483628,A Plague Tale: Requiem,90,0.0281
666,93105265,Friday the 13th: The Game,90,0.0281
667,5117102,HITMAN™ 2,90,0.0281
668,1904044383,Minecraft Preview for Windows,90,0.0281
669,1684896411,Off The Grid (Game Preview),90,0.0281
670,848717329,Peggle 2,90,0.0281
671,1848088335,Subnautica: Below Zero,90,0.0281
672,591371027,Trove,90,0.0281
673,367004125,BioShock Remastered,89,0.0278
674,2093066399,Carrion,89,0.0278
675,924775200,Devil May Cry 5,89,0.0278
676,1911932812,DIRT 5,89,0.0278
677,1475571605,Gears of War: Ultimate Edition,89,0.0278
678,1613480279,NBA 2K20,89,0.0278
679,1659804324,Ori and the Will of the Wisps,89,0.0278
680,34441781,Saints Row The Third Remastered,89,0.0278
681,1682965190,Stray,89,0.0278
682,1767703473,Tony Hawk's™ Pro Skater™ 1 + 2,89,0.0278
683,1161890070,Alice: Madness Returns,88,0.0275
684,2042908226,Rugby League 26,88,0.0275
685,1397032978,SONIC UNLEASHED,88,0.0275
686,2013541297,"Warhammer 40,000: Space Marine - Master Crafted Edition",88,0.0275
687,1880089265,Guilty Gear -Strive-,87,0.0271
688,1705990324,Space Engineers,87,0.0271
689,2063484815,Train Sim World® 6: Free Starter Pack,87,0.0271
690,1128466455,ASURA'S WRATH,86,0.0268
691,1297287625,Forza Horizon,86,0.0268
692,1777668222,GRID Legends,86,0.0268
693,964019698,Immortals Fenyx Rising™,86,0.0268
694,821886458,LEGO® Batman™ 2,86,0.0268
695,1995576035,Remnant II® - Standard Edition,85,0.0265
696,1946484624,Session: Skate Sim,85,0.0265
697,1479999542,Unravel,85,0.0265
698,1724411039,Card Storm Idle,84,0.0262
699,1022544763,HITMAN™,84,0.0262
700,1777477395,MLB® The Show™ 21 Xbox Series X | S,84,0.0262
701,429066719,Saints Row IV: Re-Elected,84,0.0262
702,231674300,The Walking Dead: Season Two,84,0.0262
703,1161890128,Battlefield 3™,83,0.0259
704,1890581353,Blasphemous,83,0.0259
705,527255540,Dishonored 2,83,0.0259
706,1297287254,Fuzion Frenzy®,83,0.0259
707,2110974782,MARVEL vs. CAPCOM Fighting Collection: Arcade Classics,83,0.0259
708,2113515818,MLB® The Show™ 23 Xbox Series X|S,83,0.0259
709,1891931390,MXGP 2021 - The Official Motocross Videogame,83,0.0259
710,1718697574,OCTOPATH TRAVELER,83,0.0259
711,2008301104,Wildgate,83,0.0259
712,1955542194,Grand Theft Auto III – The Definitive Edition,82,0.0256
713,1777116945,Moving Out 2,82,0.0256
714,1946419297,Jump Space (Game Preview),81,0.0253
715,867642949,LEGO® Worlds,81,0.0253
716,2143308729,Monster Hunter Stories,81,0.0253
717,1833883015,Rust Console Edition X|S - Public Test Branch,81,0.0253
718,548623535,SpongeBob SquarePants: Battle for Bikini Bottom - Rehydrated,81,0.0253
719,1579532320,Sunset Overdrive,81,0.0253
720,759485819,The Escapists 2,81,0.0253
721,1634720918,Ultimate Custom Night,81,0.0253
722,1161889999,Dante's Inferno™,80,0.025
723,1619985048,Deadside,80,0.025
724,1297287259,Halo: Reach,80,0.025
725,1719118099,Manor Lords (Game Preview),80,0.025
726,301917535,Battlefield™ Hardline,79,0.0246
727,1928512137,FBC: Firebreak,79,0.0246
728,1735182051,SONIC X SHADOW GENERATIONS,79,0.0246
729,383880849,Transference™,79,0.0246
730,2141212892,33 Immortals,78,0.0243
731,212680242,DEAD OR ALIVE 6: Core Fighters,78,0.0243
732,1297287718,Gears of War: Judgment,78,0.0243
733,856376259,NBA 2K19,78,0.0243
734,1820656575,NHL® 23,78,0.0243
735,1616307670,PAYDAY 3,78,0.0243
736,1789091683,Rain World,78,0.0243
737,274976276,ARCADE GAME SERIES: PAC-MAN,77,0.024
738,1822990481,BLEACH Rebirth of Souls,77,0.024
739,1649441503,The Game of Life 2,77,0.024
740,1860089403,Ghostwire: Tokyo,76,0.0237
741,572268056,Little Nightmares,76,0.0237
742,1903313113,Orcs Must Die! Deathtrap,76,0.0237
743,2090474684,Poppy Playtime: Chapter 1,76,0.0237
744,1848367053,Star Trucker,76,0.0237
745,2030752353,The Binding of Isaac: Repentance,76,0.0237
746,1817185896,Easy Red 2,75,0.0234
747,2067126551,Forza Motorsport 5,75,0.0234
748,859843286,Hellblade: Senua's Sacrifice,75,0.0234
749,1590411380,Mass Effect™: Andromeda,75,0.0234
750,333628240,Quantum Break,75,0.0234
751,2098462228,The Jackbox Party Pack 7,75,0.0234
752,218079485,Injustice: Gods Among Us,74,0.0231
753,1944276274,Little Rocket Lab,74,0.0231
754,2086200115,OCTOPATH TRAVELER II,74,0.0231
755,1931911684,Shredders,74,0.0231
756,155936527,Street Fighter 30th Anniversary Collection,74,0.0231
757,2065981028,Rooftops & Alleys: The Parkour Game,73,0.0228
758,1985144601,Stranded Deep,73,0.0228
759,1480657236,Banjo-Kazooie,72,0.0225
760,504827243,Life Is Strange,72,0.0225
761,1717071867,ZOMBI,72,0.0225
762,1906937527,Far Cry 3 Blood Dragon Classic Edition,71,0.0222
763,1691448998,Farm Together 2,71,0.0222
764,40509624,KINGDOM HEARTS Ⅲ,71,0.0222
765,2140283055,Baldur's Gate and Baldur's Gate II: Enhanced Editions,70,0.0218
766,1865197952,Boomerang Fu,70,0.0218
767,25952469,Kingdom Two Crowns,70,0.0218
768,2103789015,Monster Hunter Rise,70,0.0218
769,1900564739,New Super Lucky's Tale,70,0.0218
770,871098991,STAR WARS™: Squadrons,70,0.0218
771,1211542442,Valiant Hearts: The Great War,70,0.0218
772,840545531,Dead Space™ 3,69,0.0215
773,217258585,Killing Floor 2,69,0.0215
774,1976275779,ARMORED CORE™ VI FIRES OF RUBICON™,68,0.0212
775,2136041956,DOOM 64,68,0.0212
776,1414793323,Max Payne 3,68,0.0212
777,515050978,Rare Replay,68,0.0212
778,2030027058,Wartales,68,0.0212
779,1827287476,World of Outlaws: Dirt Racing,68,0.0212
780,278981929,[PROTOTYPE®],67,0.0209
781,1747946954,Construction Simulator,67,0.0209
782,440611906,LEGO Pirates of the Caribbean: The Video Game,67,0.0209
783,87350449,NieR:Automata™ BECOME AS GODS Edition,67,0.0209
784,1731121397,The Quarry,67,0.0209
785,1480659422,The Walking Dead,67,0.0209
786,282062756,The Walking Dead: A New Frontier - Episode 1,67,0.0209
787,2051131113,TopSpin 2K25,67,0.0209
788,2109806164,World of Outlaws: Dirt Racing 24,67,0.0209
789,1920996408,Age of Wonders 4,66,0.0206
790,2042287543,Aliens: Dark Descent,66,0.0206
791,1246613109,Borderlands: The Pre-Sequel,66,0.0206
792,2035456122,Grand Theft Auto VI,66,0.0206
793,504518218,L.A. Noire,66,0.0206
794,1908796053,NASCAR Heat 5,66,0.0206
795,1747676401,Planet Coaster 2,66,0.0206
796,816351210,Risk: Urban Assault,66,0.0206
797,993798593,SUPER STREETFIGHTER IV ARCADE EDITION,66,0.0206
798,1431504852,Assassin's Creed,65,0.0203
799,1624755708,Contraband Police,65,0.0203
800,1161889984,Dragon Age: Origins,65,0.0203
801,2103079736,Hamster Playground,65,0.0203
802,690285705,The Long Dark,65,0.0203
803,31939361,The Walking Dead: The Final Season,65,0.0203
804,1112934373,Toy Story 3,65,0.0203
805,1159891781,Wolfenstein: The Old Blood,65,0.0203
806,2030524086,As Dusk Falls,64,0.02
807,1161889989,Brütal Legend,64,0.02
808,1100121502,Dishonored® Definitive Edition,64,0.02
809,102287491,Marvel's Avengers Definitive Edition,64,0.02
810,1679589975,Mortal Shell: Enhanced Edition,64,0.02
811,1882004205,Neon Abyss,63,0.0197
812,1397033053,Sonic & All-Stars Racing Transformed,63,0.0197
813,39069682,The Jackbox Party Pack 2,63,0.0197
814,836165876,The Ascent,62,0.0193
815,409741425,Worms W.M.D,62,0.0193
816,1812456871,Battletoads,61,0.019
817,1771004118,Sniper Elite 5,61,0.019
818,1161890157,SSX,61,0.019
819,1774337609,Vampire: The Masquerade® - Bloodlines™ 2,61,0.019
820,1025057816,Battle Ages,60,0.0187
821,793598300,CODE VEIN,60,0.0187
822,2109344129,FINAL FANTASY XV WINDOWS EDITION,60,0.0187
823,1993022209,Hi-Fi RUSH,60,0.0187
824,1688832803,Monster Energy Supercross - The Official Videogame 6,60,0.0187
825,893913058,MX Unleashed,60,0.0187
826,1670311038,Persona 3 Reload,60,0.0187
827,1431505078,Tom Clancy’s Splinter Cell® Blacklist™,60,0.0187
828,1267471686,DEAD OR ALIVE 5 Last Round: Core Fighters,59,0.0184
829,1957968654,Destroy All Humans! - Clone Carnage,59,0.0184
830,1754663581,MULLET MADJACK,59,0.0184
831,1893542225,PIPE by BMX Streets,59,0.0184
832,1263405125,Silent Hill:  HD Collection,59,0.0184
833,170773198,The Evil Within® 2,59,0.0184
834,551688870,XCOM® 2,59,0.0184
835,337857707,Bendy and the Ink Machine,58,0.0181
836,760882151,CRSED: F.O.A.D.,58,0.0181
837,13980132,Left 4 Dead,58,0.0181
838,668438210,LEGO® CITY Undercover,58,0.0181
839,1923279922,Marvel's Guardians of the Galaxy,58,0.0181
840,2014650813,Minecraft: Story Mode - Episode 1: The Order of the Stone,58,0.0181
841,1676550189,MY HERO ONE'S JUSTICE 2,58,0.0181
842,1112737745,Oblivion,58,0.0181
843,907086072,Prey,58,0.0181
844,100764563,Sniper Elite 4,58,0.0181
845,1397033032,Sonic Generations,58,0.0181
846,1706610063,The Alters,58,0.0181
847,62572131,The Wolf Among Us,58,0.0181
848,1115757811,Alien: Isolation,57,0.0178
849,1161889784,Army of Two™,57,0.0178
850,1715865995,Back to the Dawn,57,0.0178
851,1096157436,Call of Duty®: Ghosts,57,0.0178
852,1656145947,Moonlighter,57,0.0178
853,1480657485,Space Invaders: IG,57,0.0178
854,1678459920,Towerborne,57,0.0178
855,964785867,Dead Space™ 2,56,0.0175
856,2052426459,EA SPORTS™ FIFA 16,56,0.0175
857,2143007580,Great God Grove,56,0.0175
858,1685499852,Monster Hunter Stories 2: Wings of Ruin,56,0.0175
859,1414596731,MX vs. ATV Alive,56,0.0175
860,2037306921,Poppy Playtime: Chapter 3,56,0.0175
861,1128466401,STREET FIGHTER IV,56,0.0175
862,1480659414,Bejeweled 3,55,0.0172
863,699731308,BioShock Infinite: The Complete Edition,55,0.0172
864,1654542558,Hotline Miami,55,0.0172
865,1480657258,Hydro Thunder,55,0.0172
866,506903100,Madden NFL 18,55,0.0172
867,1009393042,Middle-earth™: Shadow of Mordor™ - Game of the Year Edition,55,0.0172
868,1824138520,Mirror's Edge™ Catalyst,55,0.0172
869,1480656948,Pinball FX,55,0.0172
870,804980065,Sea of Thieves Insider,55,0.0172
871,1618827907,Starbound,55,0.0172
872,2003863742,Microsoft Jigsaw,54,0.0168
873,1653696130,Microsoft Mahjong,54,0.0168
874,1715766926,New World: Aeternum,54,0.0168
875,1278031123,Resident Evil,54,0.0168
876,1941663847,Starship Troopers: Extermination,54,0.0168
877,1936930219,Tell Me Why,54,0.0168
878,1480657242,Trials HD,54,0.0168
879,1945435013,TRIVIAL PURSUIT Live! 2,54,0.0168
880,2083780130,Against the Storm,53,0.0165
881,490701180,Devil May Cry 4 Special Edition,53,0.0165
882,1616046491,Gears Tactics - Base Game,53,0.0165
883,564131151,Kerbal Space Program Enhanced Edition,53,0.0165
884,1279330291,LEGO Star Wars III ,53,0.0165
885,559544937,Ori and the Blind Forest: Definitive Edition,53,0.0165
886,2074120545,Pax Dei,53,0.0165
887,1726129713,Planet Coaster: Console Edition,53,0.0165
888,1633458467,SteamWorld Build,53,0.0165
889,1663990634,GigaBash,52,0.0162
890,1611225628,JDM: Japanese Drift Master,52,0.0162
891,1874376911,Splitgate,52,0.0162
892,852732437,State of Decay: Year-One,52,0.0162
893,1313671257,TEKKEN TAG TOURNAMENT 2,52,0.0162
894,2004428777,WILD HEARTS™ Standard Edition,52,0.0162
895,1792749432,Alan Wake Remastered,51,0.0159
896,2079414802,CATAN® - Console Edition,51,0.0159
897,1631581287,Cronos: The New Dawn,51,0.0159
898,1690468494,DEATHLOOP,51,0.0159
899,1867148258,eFootball PES 2021 SEASON UPDATE,51,0.0159
900,1876744786,Killing Floor 3,51,0.0159
901,1263405066,METAL GEAR RISING: REVENGEANCE,51,0.0159
902,717702870,OUTRIDERS,51,0.0159
903,200732952,Project CARS 2,51,0.0159
904,1667881927,Redfall,51,0.0159
905,1928322650,Snooker Blitz,51,0.0159
906,1861545287,Tainted Grail: The Fall of Avalon,51,0.0159
907,2047601430,Truck and Logistics Simulator,51,0.0159
908,1689264723,FIFA 15,50,0.0156
909,1692871917,Frozen Free Fall: Snowball Fight,50,0.0156
910,1926489287,Marvel's Midnight Suns,50,0.0156
911,1302301894,Powerstar Golf,50,0.0156
912,1702869784,Project Motor Racing,50,0.0156
913,2048545274,Rubber Bandits,50,0.0156
914,1777786002,Commandos: Origins,49,0.0153
915,552778408,EA SPORTS™ UFC® 2,49,0.0153
916,705006443,Jurassic World Evolution,49,0.0153
917,1764536463,LEGO® The Hobbit™,49,0.0153
918,693381002,LEGO® The Incredibles,49,0.0153
919,1414596574,MX vs. ATV: Untamed,49,0.0153
920,2037196689,SpongeBob SquarePants: Titans of the Tide,49,0.0153
921,886895461,The Jackbox Party Pack 5,49,0.0153
922,588577476,ARCADE GAME SERIES: GALAGA,48,0.015
923,230716687,Biomutant,48,0.015
924,849613404,Dragon's Dogma: Dark Arisen,48,0.015
925,2068802336,Drift Legends 2,48,0.015
926,511110146,Metro: Last Light Redux,48,0.015
927,1889321756,Microsoft Minesweeper,48,0.015
928,340920273,Overcooked,48,0.015
929,1648684496,Sonic Origins,48,0.015
930,1819798709,Tetris® Effect: Connected,48,0.015
931,996030243,BioShock 2 Remastered,47,0.0147
932,1794039305,Coral Island,47,0.0147
933,427070178,FINAL FANTASY X/X-2 HD Remaster,47,0.0147
934,369157937,MARVEL VS. CAPCOM: INFINITE,47,0.0147
935,1464993789,Mortal Kombat,47,0.0147
936,2147115693,Project Wingman,47,0.0147
937,1935747145,Prototype®2,47,0.0147
938,1431505028,Rayman® Origins,47,0.0147
939,217831213,RISK,47,0.0147
940,1649097896,SnowRunner - Windows,47,0.0147
941,1899691698,Super Fantasy Kingdom (Game Preview),47,0.0147
942,1480656879,Zuma,47,0.0147
943,2043794712,Kingdoms and Castles,46,0.0144
944,1768466312,Poppy Playtime: Chapter 2,46,0.0144
945,1480657445,Sonic Adventure,46,0.0144
946,2110168941,The Rogue Prince of Persia™,46,0.0144
947,909545209,Ashen,45,0.014
948,1757807931,FINAL FANTASY TACTICS - The Ivalice Chronicles,45,0.014
949,2028723617,LEGO® Party!,45,0.014
950,105831487,NARUTO SHIPPUDEN™: Ultimate Ninja® STORM 3 Full Burst,45,0.014
951,2000011414,Starlit Adventures,45,0.014
952,1840411466,Untitled Goose Game,45,0.014
953,531971604,WWE 2K19,45,0.014
954,869628338,Attack on Titan 2,44,0.0137
955,1480657237,Banjo-Tooie,44,0.0137
956,2070921614,Bayonetta,44,0.0137
957,1880193218,Century: Age of Ashes,44,0.0137
958,1963141187,Crypt Custodian,44,0.0137
959,1923160643,Dead Rising 3,44,0.0137
960,1736409202,DEEEER Simulator: Your Average Everyday Deer Game,44,0.0137
961,1984358909,Expansion for Explorers Pack 1,44,0.0137
962,2082961842,Jujutsu Kaisen Cursed Clash,44,0.0137
963,1775780452,Just Dance Free Experience,44,0.0137
964,1279330271,LEGO Indiana Jones,44,0.0137
965,1480657103,Metal Slug 3,44,0.0137
966,185283316,MX vs ATV Reflex,44,0.0137
967,1987587652,Overcooked! All You Can Eat,44,0.0137
968,449890085,The Jackbox Party Pack 4,44,0.0137
969,1755825192,The LEGO Movie Videogame,44,0.0137
970,974586226,We Happy Few,44,0.0137
971,524641908,Assassin's Creed® Chronicles: China,43,0.0134
972,1161889756,Burnout Revenge,43,0.0134
973,2109927239,Five Nights at Freddy's: Sister Location,43,0.0134
974,1828807544,Harry Potter: Quidditch Champions,43,0.0134
975,1947900602,Like a Dragon: Infinite Wealth,43,0.0134
976,717669198,Madden NFL 19,43,0.0134
977,971220532,NBA 2K Playgrounds 2,43,0.0134
978,1745314691,Psychonauts 2,43,0.0134
979,1696173302,RIDE 4,43,0.0134
980,1957310205,Streets of Rage 4,43,0.0134
981,1040009086,Super Lucky's Tale,43,0.0134
982,1746975118,The Jackbox Party Pack 11,43,0.0134
983,1161889782, Medal of Honor Airborne,42,0.0131
984,1397033002,Aliens vs Predator,42,0.0131
985,374274123,EA SPORTS™ NHL® 19,42,0.0131
986,1712655251,Garten of Banban 1,42,0.0131
987,1998994208,Monster Energy Supercross - The Official Videogame 3,42,0.0131
988,1112737785,Morrowind,42,0.0131
989,2029650168,Overthrown,42,0.0131
990,1414596717,Saints Row®: The Third™ ,42,0.0131
991,1112934452,STAR WARS KOTOR,42,0.0131
992,1431504903,TC's RainbowSix Vegas2,42,0.0131
993,610345881,The Jackbox Party Pack,42,0.0131
994,1112934398,Cars 2: The Video Game,41,0.0128
995,1693676973,Clue,41,0.0128
996,1313671226,Dark Souls™,41,0.0128
997,1682154324,DPS Idle,41,0.0128
998,1673998520,F1® Manager 2024,41,0.0128
999,2102232082,Heretic + Hexen,41,0.0128
1000,1840565677,Island Saver,41,0.0128
1001,731662901,Monster Energy Supercross - The Official Videogame,41,0.0128
1002,1685135803,NHL® 22,41,0.0128
1003,1805770178,PAW Patrol Mighty Pups Save Adventure Bay,41,0.0128
1004,1871994086,Planet Zoo: Console Edition,41,0.0128
1005,1743049130,Quake II,41,0.0128
1006,2028925271,Trepang2,41,0.0128
1007,1161889896,BLACK™,40,0.0125
1008,2026693193,Bus Simulator 21 Next Stop,40,0.0125
1009,1297287132,Crackdown,40,0.0125
1010,1297287356,Crackdown 2,40,0.0125
1011,2017702583,Dauntless,40,0.0125
1012,1751733247,Doki Doki Literature Club Plus!,40,0.0125
1013,1696603875,Gas Station Simulator,40,0.0125
1014,1297287142,Halo 3,40,0.0125
1015,374430704,NBA 2K17,40,0.0125
1016,2036125374,Neon White,40,0.0125
1017,2098044337,Poppy Playtime: Chapter 4,40,0.0125
1018,496534680,Wolfenstein: Youngblood,40,0.0125
1019,1307429766,Worms Battlegrounds,40,0.0125
1020,1777438490,Devil May Cry 5 Special Edition,39,0.0122
1021,2028637067,Drug Dealer Simulator,39,0.0122
1022,1952256197,F1 2020,39,0.0122
1023,1669831089,Gold Mining Simulator,39,0.0122
1024,1984491277,Grim Idle,39,0.0122
1025,1761060600,Happy Wars,39,0.0122
1026,1970836204,Hotline Miami 2: Wrong Number,39,0.0122
1027,1935490407,Little Nightmares Enhanced Edition,39,0.0122
1028,2030792699,PGA TOUR 2K21,39,0.0122
1029,1843641391,Quake,39,0.0122
1030,2017944493,Super Mega Baseball 3,39,0.0122
1031,1788169756,Taxi Life: A City Driving Simulator,39,0.0122
1032,1719207328,TERMINATOR: RESISTANCE - COMPLETE EDITION,39,0.0122
1033,1615232474,The Walking Dead: The Telltale Definitive Series,39,0.0122
1034,659391373,WWE 2K16,39,0.0122
1035,1871238901,Crime Boss: Rockay City,38,0.0119
1036,1161889879,Dead Space,38,0.0119
1037,12206284,eFootball PES 2020,38,0.0119
1038,1804401706,F1® 22 Xbox Series X|S,38,0.0119
1039,1480656849,Hexic HD,38,0.0119
1040,575414105,Life is Strange 2 - Episode 1,38,0.0119
1041,1931921361,Monster Energy Supercross - The Official Videogame 5,38,0.0119
1042,2036178233,Monster Energy Supercross 25 - The Official Video Game,38,0.0119
1043,485601591,NARUTO SHIPPUDEN™: Ultimate Ninja® STORM 2,38,0.0119
1044,1606375163,Pinball FX3,38,0.0119
1045,914276891,RAGE 2,38,0.0119
1046,1691013379,Secret Neighbor,38,0.0119
1047,1112934454,Star Wars Battlefront,38,0.0119
1048,1480657498,Super Meat Boy,38,0.0119
1049,1850945804,Age of Empires III: Definitive Edition,37,0.0115
1050,759471095,ARCADE GAME SERIES: Ms. PAC-MAN,37,0.0115
1051,2096821037,DOOM 3,37,0.0115
1052,607966981,FINAL FANTASY VII,37,0.0115
1053,1802207786,HOT WHEELS UNLEASHED™ - Windows Edition,37,0.0115
1054,1898092029,Inops,37,0.0115
1055,1867295360,Monster Sanctuary,37,0.0115
1056,1726756158,Spiritfarer®: Farewell Edition,37,0.0115
1057,1853160773,STAR WARS™: Battlefront Classic Collection,37,0.0115
1058,449394673,Vampyr,37,0.0115
1059,1270951403,Dead Rising 4,36,0.0112
1060,1910114469,Deadzone: Rogue,36,0.0112
1061,1662474270,Eternal Strands,36,0.0112
1062,1801537563,F1® 2021,36,0.0112
1063,1885859783,FATAL FURY: City of the Wolves,36,0.0112
1064,1927102516,Herdling,36,0.0112
1065,1480659436,NBA JAM: On Fire Edition,36,0.0112
1066,605857900,Quiplash,36,0.0112
1067,472512000,Resident Evil Revelations,36,0.0112
1068,1646985614,Space Jam: A New Legacy - The Game,36,0.0112
1069,1785174857,Spelunky 2,36,0.0112
1070,1848191014,TUNIC,36,0.0112
1071,2116409537,Yu-Gi-Oh! Legacy of the Duelist : Link Evolution,36,0.0112
1072,49709880,Anthem™,35,0.0109
1073,2071918696,DRAGON QUEST I & II HD-2D Remake,35,0.0109
1074,1814325409,Fantasy Dash,35,0.0109
1075,363774594,Farming Simulator 17,35,0.0109
1076,2092112354,Monster Jam™ Showdown,35,0.0109
1077,1742982949,MotoGP™24,35,0.0109
1078,1070680307,MudRunner,35,0.0109
1079,1873450782,MXGP 2020 - The Official Motocross Videogame,35,0.0109
1080,474501413,RIDE 3,35,0.0109
1081,909409687,Star Wars: The Force Unleashed,35,0.0109
1082,1313671164,TEKKEN 6,35,0.0109
1083,1748769487,The Jackbox Party Pack 6,35,0.0109
1084,1995157831,Wildfrost,35,0.0109
1085,1849227144,WWE 2K20,35,0.0109
1086,1983212679,Bloons TD 6,34,0.0106
1087,1096157137,Call of Duty® 2,34,0.0106
1088,686783342,Divinity: Original Sin 2 - Definitive Edition,34,0.0106
1089,1628280816,Faaast Penguin,34,0.0106
1090,650779126,NBA 2K18,34,0.0106
1091,1941002186,ON THE ROAD - The Truck Simulator,34,0.0106
1092,1005790042,Resident Evil 7 Teaser: Beginning Hour,34,0.0106
1093,978050046,ShellShock Live,34,0.0106
1094,82653045,Starlink: Battle for Atlas,34,0.0106
1095,1288959033,Viva Piñata,34,0.0106
1096,1755599316,Age of Empires Definitive Edition,33,0.0103
1097,2016203684,Alaskan Road Truckers: Highway Edition,33,0.0103
1098,972461615,Battle Islands,33,0.0103
1099,1965711939,Capcom Fighting Collection 2,33,0.0103
1100,824378203,Crackdown 3: Campaign,33,0.0103
1101,1894948980,Dreamcore,33,0.0103
1102,439107693,Dungeon Defenders II,33,0.0103
1103,1659464109,Elite Dangerous Core,33,0.0103
1104,2094642688,Just Shapes & Beats,33,0.0103
1105,2016417527,Life is Strange Remastered,33,0.0103
1106,1620704918,Minami Lane,33,0.0103
1107,469309830,NARUTO™: Ultimate Ninja® STORM,33,0.0103
1108,2117095676,Planet of Lana,33,0.0103
1109,1469186547,Resident Evil 0,33,0.0103
1110,1169551644,Saints Row: Gat out of Hell,33,0.0103
1111,2006710939,Skater XL,33,0.0103
1112,240091546,SUPERHOT,33,0.0103
1113,1793267614,Techtonica (Game Preview),33,0.0103
1114,654883159,The LEGO® NINJAGO® Movie Video Game,33,0.0103
1115,1161889807,The Orange Box,33,0.0103
1116,1811697311,World War Z,33,0.0103
1117,1779788068,9 Kings (Game Preview),32,0.01
1118,416307002,ARCADE GAME SERIES: DIG DUG,32,0.01
1119,1445607414,Assassin's Creed® Chronicles: Russia,32,0.01
1120,1431505070,Assassin's Creed® III ,32,0.01
1121,1867652631,Firefighting Simulator: Ignite,32,0.01
1122,1774172067,HOT WHEELS UNLEASHED™ 2 - Turbocharged,32,0.01
1123,2047199918,Isonzo (Windows),32,0.01
1124,1044501532,Jeopardy!,32,0.01
1125,385764340,MX vs. ATV Supercross Encore,32,0.01
1126,521893123,ONE PIECE World Seeker,32,0.01
1127,587488276,Outlast 2,32,0.01
1128,1740860919,Sniper Ghost Warrior Contracts,32,0.01
1129,696196977,DRAGON BALL XENOVERSE,31,0.0097
1130,1431504912,Far Cry® 2,31,0.0097
1131,488156801,GreedFall,31,0.0097
1132,2093028006,Hole io,31,0.0097
1133,1911404173,Immortals of Aveum™,31,0.0097
1134,534004979,Microsoft Ultimate Word Games,31,0.0097
1135,1480657248,Portal: Still Alive,31,0.0097
1136,275132544,SEGA® Genesis Classics™,31,0.0097
1137,1065100845,Star Wars: The Force Unleashed II,31,0.0097
1138,1128640842,The Escapists,31,0.0097
1139,2102173616,Whiskerwood (Game Preview),31,0.0097
1140,23570566,Batman - The Telltale Series - Episode 1: Realm of Shadows,30,0.0094
1141,1480657079,Castle Crashers,30,0.0094
1142,1480656967,Castlevania: SOTN,30,0.0094
1143,1161890059,Dragon Age™ 2,30,0.0094
1144,1613695074,Five Nights at Freddy's 3,30,0.0094
1145,1679509385,Kill It With Fire,30,0.0094
1146,1249526091,Madden NFL 16,30,0.0094
1147,285742376,NBA 2K16,30,0.0094
1148,852431422,ReCore,30,0.0094
1149,1868826586,RimWorld Console Edition,30,0.0094
1150,2112462799,Sengoku Dynasty,30,0.0094
1151,1414596688,SpongeBob: Truth-Sq.,30,0.0094
1152,2058683262,Teenage Mutant Ninja Turtles: Mutants Unleashed,30,0.0094
1153,1798733099,Teenage Mutant Ninja Turtles: Splintered Fate,30,0.0094
1154,271965907,Wasteland 3,30,0.0094
1155,2073237270,60 Parsecs!,29,0.009
1156,1431504955,Assassin's Creed II,29,0.009
1157,1802600743,Capcom Arcade Stadium,29,0.009
1158,1634898195,Darkwood,29,0.009
1159,1678781072,DayZ - Experimental,29,0.009
1160,907587004,Dead Island: Riptide Definitive Edition,29,0.009
1161,1431505036,Far Cry 3,29,0.009
1162,1955982965,Gunfire Reborn,29,0.009
1163,2081039845,Lost in Random: The Eternal Die,29,0.009
1164,1997603662,Minion Masters,29,0.009
1165,2002584553,Puzzle Quest 3,29,0.009
1166,2056655762,Remnant: From the Ashes,29,0.009
1167,1883914934,RENNSPORT,29,0.009
1168,1947938436,Shotgun Farmers,29,0.009
1169,1633152429,SONIC SUPERSTARS,29,0.009
1170,990373231,Tales of Arise,29,0.009
1171,1979014977,The Crew,29,0.009
1172,1464993832,Batman: Arkham Origins,28,0.0087
1173,1297287892,Conker: Live and Reloaded,28,0.0087
1174,2109350810,Dungeons Of Hinterberg,28,0.0087
1175,1678270415,Farm Together,28,0.0087
1176,682562723,Halo: Spartan Assault,28,0.0087
1177,1704351342,Hello Neighbor 2,28,0.0087
1178,1660075534,Hunting Simulator 2,28,0.0087
1179,1678225803,Idle Wizard,28,0.0087
1180,1480657497,Lara Croft: GoL,28,0.0087
1181,94171386,MXGP3,28,0.0087
1182,162448742,Outer Wilds,28,0.0087
1183,1702524932,Power Rangers: Battle for the Grid,28,0.0087
1184,2015678791,SILENT HILL 2 Bonus Content (Digital Artbook and Soundtrack）,28,0.0087
1185,1297287149,Banjo Kazooie: N n B,27,0.0084
1186,84648031,Bulletstorm: Full Clip Edition,27,0.0084
1187,1096157153,Call of Duty® 3,27,0.0084
1188,1723836102,Cookie Clicker,27,0.0084
1189,406842057,Dead Rising,27,0.0084
1190,70112963,Knight Squad,27,0.0084
1191,1962388658,Like a Dragon: Pirate Yakuza in Hawaii,27,0.0084
1192,304932652,NHL® 21,27,0.0084
1193,2128854962,One Lonely Outpost,27,0.0084
1194,1128466461,Resident Evil Operation Raccoon City,27,0.0084
1195,1947725080,Skul: The Hero Slayer,27,0.0084
1196,1864659895,Sniper Ghost Warrior Contracts 2,27,0.0084
1197,129325438,SONIC FORCES,27,0.0084
1198,1431504907,SplinterCellConviction,27,0.0084
1199,1047413393,TERA,27,0.0084
1200,1793645165,THE KING OF FIGHTERS XV Standard Edition,27,0.0084
1201,580901123,Tropico 6,27,0.0084
1202,1480657371,A World of Keflings,26,0.0081
1203,1431505102,Assassin's Creed® Rogue,26,0.0081
1204,1736384528,Ben 10: Power Trip,26,0.0081
1205,1178929117,Bound by Flame,26,0.0081
1206,320506923,Dead Rising 2,26,0.0081
1207,1916758859,Donut County,26,0.0081
1208,1464993747,F.E.A.R. 2,26,0.0081
1209,1653679338,Flintlock: The Siege of Dawn,26,0.0081
1210,2105228747,Killer Klowns From Outer Space: The Game,26,0.0081
1211,565406974,LEGO® STAR WARS™: The Force Awakens,26,0.0081
1212,293003647,Microsoft Wordament,26,0.0081
1213,1693003201,MotoGP™25 - Xbox One,26,0.0081
1214,1833175061,MXGP 2019 - The Official Motocross Videogame,26,0.0081
1215,2037558339,My Friend Peppa Pig,26,0.0081
1216,838746653,Phoenix Wright: Ace Attorney Trilogy,26,0.0081
1217,2052095073,Ravenswatch,26,0.0081
1218,1709856057,RoboCop: Rogue City - Unfinished Business,26,0.0081
1219,90400189,SUPER BOMBERMAN R,26,0.0081
1220,2036345770,The Dark Pictures Anthology House of Ashes,26,0.0081
1221,1946103240,Tomb Raider I-III Remastered Starring Lara Croft,26,0.0081
1222,1278892798,TRIVIAL PURSUIT LIVE!,26,0.0081
1223,1690524168,Wo Long: Fallen Dynasty,26,0.0081
1224,2142309066,WWE 2K Battlegrounds,26,0.0081
1225,1480659433,Zuma's Revenge!,26,0.0081
1226,810050544,Beach Buggy Racing,25,0.0078
1227,293785190,Bloons TD 5,25,0.0078
1228,1625569842,Choo-Choo Charles,25,0.0078
1229,137510457,Dishonored®: Death of the Outsider™,25,0.0078
1230,1728448413,DmC Devil May Cry: Definitive Edition,25,0.0078
1231,1146095621,Earth Defense Force 2025,25,0.0078
1232,1770590742,Football Manager 2024 Console,25,0.0078
1233,1804966091,Forager,25,0.0078
1234,1900811986,Kingdoms of Amalur: Re-Reckoning,25,0.0078
1235,1005561191,LEGO® Indiana Jones™ 2,25,0.0078
1236,2014880780,Madden NFL 17,25,0.0078
1237,1955779192,MechWarrior 5: Clans,25,0.0078
1238,1919875042,MLB® The Show™ 22 Xbox Series X | S,25,0.0078
1239,2132252311,Olympic Games Tokyo 2020 – The Official Video Game™,25,0.0078
1240,1752331738,One Leaves,25,0.0078
1241,1848728299,Pinball FX Midnight,25,0.0078
1242,487177805,Prison Architect: Xbox One Edition,25,0.0078
1243,1704562600,Rugby 25,25,0.0078
1244,1701212022,The Jackbox Party Pack 8,25,0.0078
1245,1292135256,Titanfall,25,0.0078
1246,1910952414,TRIALS of MANA,25,0.0078
1247,2145202828,Tricking 0,25,0.0078
1248,969381141,A Plague Tale: Innocence,24,0.0075
1249,579423182,Agony,24,0.0075
1250,1628688048,Atomic Heart,24,0.0075
1251,1414793191,Borderlands,24,0.0075
1252,1096157460,COD: Advanced Warfare,24,0.0075
1253,1112934422,Disney Epic Mickey 2: The Power of Two,24,0.0075
1254,1797553917,DYNASTY WARRIORS: ORIGINS,24,0.0075
1255,2063170939,Frostpunk: Console Edition,24,0.0075
1256,1397819396,Hitman: Absolution,24,0.0075
1257,42119495,Killer Instinct Classic,24,0.0075
1258,1535750831,Mega Man® Legacy Collection,24,0.0075
1259,810085329,Mirror's Edge™,24,0.0075
1260,311896559,Mount & Blade: Warband,24,0.0075
1261,1757462338,Ni no Kuni Wrath of the White Witch™ Remastered,24,0.0075
1262,992005658,Ninja Gaiden Black,24,0.0075
1263,1802714933,Pathfinder: Wrath of the Righteous,24,0.0075
1264,1480657346,Perfect Dark,24,0.0075
1265,192928167,Rocksmith 2014,24,0.0075
1266,1836687833,Sonic Colors: Ultimate,24,0.0075
1267,2016279503,SOPA - Tale of the Stolen Potato,24,0.0075
1268,1898652037,SOUTH PARK: SNOW DAY!,24,0.0075
1269,1785417254,The Oregon Trail,24,0.0075
1270,1464993828,The Witcher 2: Assassins of Kings,24,0.0075
1271,2012594000,US Conflict — Tank Battles,24,0.0075
1272,1816197116,Wheel World,24,0.0075
1273,1161889798,Burnout Paradise,23,0.0072
1274,1512517621,Child of Light,23,0.0072
1275,206503430,Clustertruck,23,0.0072
1276,2050929089,DUCKSIDE (Game Preview),23,0.0072
1277,1234432164,EA SPORTS™ Rory McIlroy PGA TOUR®,23,0.0072
1278,273290529,Idle Champions of the Forgotten Realms,23,0.0072
1279,1843760263,LEGO® 2K Drive for Xbox Series X|S,23,0.0072
1280,1687910025,Mahjong by Microsoft,23,0.0072
1281,1632270119,Megaton Rainfall,23,0.0072
1282,1815686049,Paper io 2,23,0.0072
1283,1698989872,PICO PARK 2,23,0.0072
1284,1128466466,RESIDENT EVIL CODE: Veronica X,23,0.0072
1285,1955054478,Smalland: Survive the Wilds,23,0.0072
1286,1161890298,SSX 3,23,0.0072
1287,1792745094,Terrifier: The ARTcade Game,23,0.0072
1288,635298240,"The Walking Dead: Michonne - Ep. 1, In Too Deep",23,0.0072
1289,716478832,TT Isle of Man,23,0.0072
1290,1148805248,Yu-Gi-Oh! Legacy of the Duelist,23,0.0072
1291,1708780346,Are You Smarter Than A 5th Grader?,22,0.0069
1292,338995079,Batman: The Enemy Within - Episode 1,22,0.0069
1293,189838548,Bus Simulator,22,0.0069
1294,1618801140,CRISIS CORE –FINAL FANTASY VII– REUNION,22,0.0069
1295,1397819386,DEUS EX: HUMAN REVOLUTION,22,0.0069
1296,1480656881,Feeding Frenzy,22,0.0069
1297,530599647,Homefront®: The Revolution,22,0.0069
1298,1833447683,Legacy of Kain™ Soul Reaver 1&2 Remastered,22,0.0069
1299,2119300209,Life is Strange: Double Exposure,22,0.0069
1300,1128466413,LOST PLANET 2,22,0.0069
1301,2045704503,Metaball,22,0.0069
1302,1909911128,NASCAR Heat 4,22,0.0069
1303,1847402697,ScreamRide,22,0.0069
1304,1983809908,The Precinct,22,0.0069
1305,995443207,Verdun,22,0.0069
1306,940586683,Wizard of Legend,22,0.0069
1307,1480656966,Alien Hominid HD,21,0.0066
1308,1431505090,Assassin’s Creed® IV,21,0.0066
1309,2024847837,Bee Simulator,21,0.0066
1310,1663573292,Bendy and the Dark Revival,21,0.0066
1311,2019604779,Cricket 26 - The Official Game of the Ashes,21,0.0066
1312,2102421406,Day of the Tentacle Remastered,21,0.0066
1313,1824003155,Family Feud®,21,0.0066
1314,1480657036,Feeding Frenzy 2,21,0.0066
1315,1397819364,FINAL FANTASY XIII,21,0.0066
1316,1296697298,Full Game - Psychonauts,21,0.0066
1317,1700344676,Ghostbusters: The Video Game Remastered,21,0.0066
1318,1784112295,Godfall,21,0.0066
1319,476517807,Gravel,21,0.0066
1320,1480656868,Hardwood Spades,21,0.0066
1321,1279330257,LEGO Star Wars II,21,0.0066
1322,1464993839,Midway Arcade Origins,21,0.0066
1323,2118184557,Monster Jam Steel Titans 2,21,0.0066
1324,1948147176,Moving Out,21,0.0066
1325,1966816764,My Friend Pedro,21,0.0066
1326,1343920370,NBA 2K15,21,0.0066
1327,269677862,PING REDUX,21,0.0066
1328,671807457,Portal Knights,21,0.0066
1329,1889456287,Roller Champions™,21,0.0066
1330,1263339510,Saints Row IV,21,0.0066
1331,1161889919,Skate 2,21,0.0066
1332,1692656490,SNIPER Ghost Warrior 3,21,0.0066
1333,1112934458,STAR WARS KOTOR II,21,0.0066
1334,19615130,Super Mega Baseball: Extra Innings,21,0.0066
1335,2051503466,The Callisto Protocol,21,0.0066
1336,1860058296,TT Isle Of Man: Ride on the Edge 3,21,0.0066
1337,2075589952,"Warhammer 40,000: Boltgun - Windows",21,0.0066
1338,1431505017,Assassin's Creed Revelations,20,0.0062
1339,2136950563,Bugsnax,20,0.0062
1340,1793054097,Carrion,20,0.0062
1341,1161890190,Crysis® 3,20,0.0062
1342,1954227024,DRAGON BALL: THE BREAKERS,20,0.0062
1343,886999858,Duke Nukem 3D: 20th Anniversary World Tour,20,0.0062
1344,2062455421,Fernbus Simulator,20,0.0062
1345,387693234,Hawken,20,0.0062
1346,2071372034,Lawn Mowing Simulator,20,0.0062
1347,1759144821,PAC-MAN WORLD 2 Re-PAC,20,0.0062
1348,1732062836,Solo Leveling: ARISE OVERDRIVE,20,0.0062
1349,1480657342,Spelunky,20,0.0062
1350,1112934375,Split/Second,20,0.0062
1351,1982740887,Surviving Mars: Relaunched,20,0.0062
1352,680908276,Viva Piñata: TIP,20,0.0062
1353,566278,WWE 2K17,20,0.0062
1354,2007033271,80's OVERDRIVE,19,0.0059
1355,1297287893,Blinx: The Time Sweeper,19,0.0059
1356,231858691,Bomber Crew,19,0.0059
1357,1859542622,Contra Anniversary Collection,19,0.0059
1358,2113258996,Core Keeper,19,0.0059
1359,1935688591,Daemon X Machina: Titanic Scion,19,0.0059
1360,217802058,Darkest Dungeon®,19,0.0059
1361,856892583,Darksiders II Deathinitive Edition,19,0.0059
1362,1885511808,Date Everything!,19,0.0059
1363,1480659910,DuckTales: Remastered,19,0.0059
1364,1813362885,FIFA 14,19,0.0059
1365,1825883295,Hidden Cats in Rio de Janeiro,19,0.0059
1366,1297287162,Lost Odyssey,19,0.0059
1367,505222320,Monster Jam Steel Titans,19,0.0059
1368,1634565765,NHL® 94 REWIND,19,0.0059
1369,2100880776,Pentiment,19,0.0059
1370,757817533,PRO EVOLUTION SOCCER 2019,19,0.0059
1371,1743961068,Race The Sun,19,0.0059
1372,2073736638,Scrabble,19,0.0059
1373,1628869222,Soulstone Survivors,19,0.0059
1374,1774685333,Volcano Princess,19,0.0059
1375,689916261,"Warhammer 40,000: Inquisitor - Martyr Ultimate Edition",19,0.0059
1376,1900124001,WRC 10 FIA World Rally Championship Xbox One,19,0.0059
1377,1783702427,AEW: Fight Forever,18,0.0056
1378,1835497756,Agents of Mayhem,18,0.0056
1379,1723509320,Amazing Frog? (Game Preview),18,0.0056
1380,1950164627,Antstream Arcade - Annual,18,0.0056
1381,1678543324,Aragami 2,18,0.0056
1382,1662853043,Blasphemous 2,18,0.0056
1383,1161889850,C&C3: Kane's Wrath,18,0.0056
1384,2077036451,Cake Bash,18,0.0056
1385,2008066354,Car Mechanic Simulator,18,0.0056
1386,1790537707,Core Keeper,18,0.0056
1387,376779456,Death Road to Canada,18,0.0056
1388,106901580,Destroy All Humans!,18,0.0056
1389,1628098590,Destroy All Humans! 2 - Reprobed,18,0.0056
1390,1650442817,Deus Ex: Mankind Divided™,18,0.0056
1391,1748951836,Disco Elysium - The Final Cut,18,0.0056
1392,1877135456,Freddy Fazbear's Pizzeria Simulator,18,0.0056
1393,1926605815,Funko Fusion,18,0.0056
1394,1694490701,FuzzBall,18,0.0056
1395,1431504947,Ghost Recon: Future Soldier™,18,0.0056
1396,1297287601,Halo: Combat Evolved Anniversary,18,0.0056
1397,28152906,Lovers in a Dangerous Spacetime,18,0.0056
1398,2147358433,Madden NFL 15,18,0.0056
1399,1161890141,Mass Effect™ 3,18,0.0056
1400,333701857,Mega Man X Legacy Collection,18,0.0056
1401,14233261,Minecraft: Story Mode - Season Two - Episode 1,18,0.0056
1402,380023945,Monster Energy Supercross - The Official Videogame 2,18,0.0056
1403,905842411,Mutant Football League,18,0.0056
1404,961593710,NHL® 20,18,0.0056
1405,1542414577,Plague Inc: Evolved,18,0.0056
1406,2100312943,SCARLET NEXUS,18,0.0056
1407,1781047490,Shin Megami Tensei V: Vengeance,18,0.0056
1408,1166935255,Slender: The Arrival (2015),18,0.0056
1409,912691842,Sudden Strike 4 - European Battlefields Edition,18,0.0056
1410,1933264626,Survivalist: Invisible Strain,18,0.0056
1411,1906078054,TERMINATOR: RESISTANCE,18,0.0056
1412,1397622748,THE KING OF FIGHTERS XIII,18,0.0056
1413,2101138430,The Matrix Awakens: An Unreal Engine 5 Experience,18,0.0056
1414,1763653276,Transport Fever 2: Console Edition,18,0.0056
1415,52523189,Trials of the Blood Dragon,18,0.0056
1416,1781945767,Wizard of Legend 2,18,0.0056
1417,1917938753,Yakuza 0,18,0.0056
1418,71300661,ACA NEOGEO THE KING OF FIGHTERS 2002,17,0.0053
1419,1712068512,Amanda the Adventurer,17,0.0053
1420,1823385601,Bassmaster® Fishing,17,0.0053
1421,233177124,Battle Islands: Commanders,17,0.0053
1422,1161889960,Battlefield Bad Company 2,17,0.0053
1423,364804937,BATTLESHIP®,17,0.0053
1424,1739606934,Castlevania Advance Collection,17,0.0053
1425,2144913935,Castlevania Anniversary Collection,17,0.0053
1426,1480657529,Costume Quest ,17,0.0053
1427,524859112,Darksiders III,17,0.0053
1428,1661863954,FATE: Reawakened,17,0.0053
1429,184042097,Fe,17,0.0053
1430,1727396789,FINAL FANTASY,17,0.0053
1431,1297287449,Halo 4,17,0.0053
1432,1964820394,Hotline Miami Collection,17,0.0053
1433,1396901863,Just Cause 2,17,0.0053
1434,1668424649,Kulebra and the Souls of Limbo: Closure Edition,17,0.0053
1435,1819998160,LEGO® Voyagers,17,0.0053
1436,1414793190,Mafia II,17,0.0053
1437,1091024470,Magic Duels,17,0.0053
1438,1649675719,Max: The Curse of Brotherhood,17,0.0053
1439,1480657433,Might & Magic Clash of Heroes™,17,0.0053
1440,2011093308,Pacify,17,0.0053
1441,1907381044,Project Cars,17,0.0053
1442,572054432,Project CARS 3,17,0.0053
1443,583196255,RAGE,17,0.0053
1444,967641964,Realm Royale Reforged,17,0.0053
1445,1866950192,Shady Part of Me,17,0.0053
1446,1263405029,Silent Hill Homecoming,17,0.0053
1447,2100742349,Sir Whoopass: Immortal Death,17,0.0053
1448,269700535,Sniper Elite 3,17,0.0053
1449,1813223937,SongPop Party,17,0.0053
1450,2002882362,Squirrel with a Gun,17,0.0053
1451,2141647881,Tales from the Borderlands - Episode 1: Zer0 Sum,17,0.0053
1452,225007476,Team Sonic Racing™,17,0.0053
1453,2142487375,Teenage Mutant Ninja Turtles: The Cowabunga Collection,17,0.0053
1454,1997447389,The Dark Pictures Anthology: The Devil in Me,17,0.0053
1455,1987184613,The Jackbox Party Pack 9,17,0.0053
1456,605741753,The LEGO Movie 2 Videogame,17,0.0053
1457,2040239934,XDefiant,17,0.0053
1458,1679168855,A Quiet Place: The Road Ahead,16,0.005
1459,2143113399,Anthology of Fear,16,0.005
1460,1616326452,Arcadegeddon,16,0.005
1461,100154526,Baja: Edge of Control HD,16,0.005
1462,1161889806,C&C3,16,0.005
1463,2035296401,Capcom Arcade 2nd Stadium,16,0.005
1464,768615691,Chess Ultra,16,0.005
1465,1729654407,Company of Heroes 3,16,0.005
1466,1161890152,Crysis,16,0.005
1467,1743219650,Disney Epic Mickey: Rebrushed,16,0.005
1468,134413498,EA SPORTS™ NHL® 18,16,0.005
1469,172017893,F1® 2019,16,0.005
1470,1997023214,FINAL FANTASY IX,16,0.005
1471,344311848,For The King,16,0.005
1472,1683674669,Ghostbusters: Spirits Unleashed Ecto Edition,16,0.005
1473,1297287287,Halo 3: ODST Campaign Edition,16,0.005
1474,2020032940,HAWKED,16,0.005
1475,1960955312,I Am Fish,16,0.005
1476,1774165009,King of Meat,16,0.005
1477,113198981,NBA 2K18: The Prelude,16,0.005
1478,1010226785,One Piece: Burning Blood,16,0.005
1479,1297287123,Perfect Dark Zero,16,0.005
1480,1375792807,Pool Nation FX,16,0.005
1481,802418004,RESIDENT EVIL RESISTANCE,16,0.005
1482,818066257,Rugby League Live 4,16,0.005
1483,1734582052,S.T.A.L.K.E.R.: Shadow of Chornobyl - Enhanced Edition,16,0.005
1484,1808022278,Sacred 2 Remaster,16,0.005
1485,1480659614,Sonic the Fighters,16,0.005
1486,1480657415,SONIC THE HEDGEHOG™ 4 Episode I,16,0.005
1487,1883232264,STAR WARS™ Episode I Racer,16,0.005
1488,365797379,Supreme Commander 2,16,0.005
1489,1874881573,Tales of Kenzera™: ZAU,16,0.005
1490,1619109702,Tales of Symphonia Remastered,16,0.005
1491,1731548634,The Dark Pictures Anthology: Little Hope,16,0.005
1492,1637976314,The Jackbox Survey Scramble,16,0.005
1493,792914248,Tricky Towers,16,0.005
1494,1658477123,Unturned,16,0.005
1495,1731762544,Virtual Villagers Origins 2,16,0.005
1496,1760893557,Warlander,16,0.005
1497,1894333860,WRC 8 FIA World Rally Championship Xbox One,16,0.005
1498,132590840,Assassin's Creed® Chronicles: India,15,0.0047
1499,1480656850,Bejeweled 2,15,0.0047
1500,1946485937,Besiege Console,15,0.0047
1501,1914086330,Broforce,15,0.0047
1502,1480659632,Call of Juarez® Gunslinger,15,0.0047
1503,1676653592,Citizen Sleeper 2: Starward Vector,15,0.0047
1504,370169912,Contrast,15,0.0047
1505,1619542068,Dawn of Man,15,0.0047
1506,1983248568,Eiyuden Chronicle: Hundred Heroes,15,0.0047
1507,1864215620,Five Nights at Freddy's: Help Wanted,15,0.0047
1508,1519874468,Forza Horizon 2 Presents Fast & Furious,15,0.0047
1509,2043510457,Friends vs Friends,15,0.0047
1510,1646082476,Galacticare,15,0.0047
1511,1297287176,Halo Wars,15,0.0047
1512,1880214966,Hello Neighbor: Hide and Seek,15,0.0047
1513,1128466398,LOST PLANET COLONIES,15,0.0047
1514,1297287144,Mass Effect,15,0.0047
1515,1414793292,Max Payne,15,0.0047
1516,1973367334,MindsEye,15,0.0047
1517,2039473401,NINJA GAIDEN Σ,15,0.0047
1518,1902591469,Outward: Definitive Edition,15,0.0047
1519,2048381683,PAC-MAN WORLD Re-PAC,15,0.0047
1520,1960926264,Phoenix Point,15,0.0047
1521,1932565641,Pikuniku,15,0.0047
1522,275673036,Pillars of Eternity: Complete Edition,15,0.0047
1523,1432033734,Pinball Arcade,15,0.0047
1524,838726055,PRO EVOLUTION SOCCER 2018,15,0.0047
1525,1914565485,Risk of Rain,15,0.0047
1526,1916393313,SIGNALIS,15,0.0047
1527,1811169840,Slay The Spire,15,0.0047
1528,1957476784,Sniper Elite V2 Remastered,15,0.0047
1529,1112934456,Star Wars Jedi Knight: Jedi Academy,15,0.0047
1530,1112934459,Star Wars Republic Commando,15,0.0047
1531,1431504854,TC's RainbowSix Vegas,15,0.0047
1532,1651647141,The Boat Grandma,15,0.0047
1533,2013672301,The Gunk,15,0.0047
1534,1668095237,The Jackbox Naughty Pack,15,0.0047
1535,1811248495,The Jackbox Party Pack 10,15,0.0047
1536,1754770560,Unicorn Overlord,15,0.0047
1537,1038499153,A Hat in Time,14,0.0044
1538,2023402980,Achilles: Legends Untold,14,0.0044
1539,1880818134,AFL 26,14,0.0044
1540,1958267791,AK-xolotl: Together,14,0.0044
1541,1790332447,Alien: Rogue Incursion Evolved Edition,14,0.0044
1542,232457702,Broken Age,14,0.0044
1543,2012135933,Castlevania Dominus Collection,14,0.0044
1544,1867293778,Darwin Project,14,0.0044
1545,852849518,Digimon Survive,14,0.0044
1546,1129121853,DiRT 3,14,0.0044
1547,2096544989,Divine Knockout (DKO),14,0.0044
1548,1062046240,Divinity: Original Sin - Enhanced Edition,14,0.0044
1549,1736752782,Expansion for Explorers,14,0.0044
1550,2021453818,FINAL FANTASY VIII Remastered,14,0.0044
1551,1844195280,Go Mecha Ball,14,0.0044
1552,2144211794,Iron Harvest Complete Edition,14,0.0044
1553,150646593,Kane & Lynch 2,14,0.0044
1554,1912466607,Laundry Store Simulator,14,0.0044
1555,2020925735,Make Way,14,0.0044
1556,2022357971,Monster Energy Supercross - The Official Videogame 4,14,0.0044
1557,803175056,MXGP PRO,14,0.0044
1558,1696832928,NHRA Championship Drag Racing: Speed For All,14,0.0044
1559,303799945,Nickelodeon Kart Racers,14,0.0044
1560,2105140633,NieR Replicant ver.1.22474487139...,14,0.0044
1561,1700516900,NINJA GAIDEN 3: Razor's Edge,14,0.0044
1562,1776537169,NINJA GAIDEN Σ2,14,0.0044
1563,1894365262,PAW Patrol: Grand Prix,14,0.0044
1564,1431505091,Rayman® Legends,14,0.0044
1565,2068415611,Rust Console Edition - Public Test Branch,14,0.0044
1566,1709151881,Ship Graveyard Simulator 2,14,0.0044
1567,1480656995,Sonic The Hedgehog 2,14,0.0044
1568,1649102497,SWORD ART ONLINE Fractured Daydream,14,0.0044
1569,597690024,SWORD ART ONLINE: FATAL BULLET,14,0.0044
1570,972022825,Tetris® Ultimate,14,0.0044
1571,1842335063,The Mortuary Assistant,14,0.0044
1572,1633778685,The Stanley Parable: Ultra Deluxe,14,0.0044
1573,1313671253,The Witcher 2,14,0.0044
1574,1181281124,Thief,14,0.0044
1575,1431504921,Tom Clancy's Splinter Cell® Chaos Theory™,14,0.0044
1576,1686524250,Train Sim World® 4,14,0.0044
1577,937464404,Trials Evolution,14,0.0044
1578,103629720,V-Rally 4,14,0.0044
1579,922226657,Wasteland 2: Director's Cut,14,0.0044
1580,1629004246,We Love Katamari REROLL+ Royal Reverie,14,0.0044
1581,981110874,WWE 2K18,14,0.0044
1582,2094867598,XIII,14,0.0044
1583,1480657115,A Kingdom for Keflings,13,0.0041
1584,1396901865,Battlestations Pacific,13,0.0041
1585,1936376749,Capcom Fighting Collection,13,0.0041
1586,1822577333,Dead Rising Deluxe Remaster,13,0.0041
1587,402672897,Death Squared,13,0.0041
1588,355178688,DiRT 4,13,0.0041
1589,1909957148,Dragon City,13,0.0041
1590,1629928134,DRAGON QUEST III HD-2D Remake,13,0.0041
1591,1953182469,DRAGON QUEST® XI S: Echoes of an Elusive Age™ - Definitive Edition,13,0.0041
1592,2078793582,DYSMANTLE,13,0.0041
1593,1817638967,Echoes of the End: Enhanced Edition,13,0.0041
1594,152270586,FINAL FANTASY XII THE ZODIAC AGE,13,0.0041
1595,1974645006,Killer Frequency,13,0.0041
1596,1777243206,Lost Judgment,13,0.0041
1597,1414793291,Max Payne® 2: The Fall of Max Payne,13,0.0041
1598,2025840804,METAL GEAR SOLID 3: Snake Eater - Master Collection Version,13,0.0041
1599,1977174786,ONE PIECE ODYSSEY,13,0.0041
1600,1831668171,Opus Castle,13,0.0041
1601,939615894,Paw Patrol: On a Roll,13,0.0041
1602,1979417101,SD GUNDAM BATTLE ALLIANCE,13,0.0041
1603,1613348546,Sea of Stars: Sunset Edition,13,0.0041
1604,585971749,Super Mega Baseball 2,13,0.0041
1605,1768536074,Symphonia 𝄞,13,0.0041
1606,2002977221,Tails of Iron,13,0.0041
1607,1968679051,The Cabin Factory,13,0.0041
1608,1761411767,THE HOUSE OF THE DEAD: Remake,13,0.0041
1609,1628698678,Thief Simulator,13,0.0041
1610,1396901868,Tomb Raider Underworld,13,0.0041
1611,1297287134,Too Human,13,0.0041
1612,1022548859,Truck Driver,13,0.0041
1613,1611397404,UBOAT,13,0.0041
1614,1959830280,Virtua Fighter 5 R.E.V.O. World Stage,13,0.0041
1615,1861467226,"Warhammer 40,000: Battlesector",13,0.0041
1616,328245964,WARRIORS OROCHI 3 Ultimate,13,0.0041
1617,433738637,Adventure Time: Pirates of the Enchiridion,12,0.0037
1618,1975041917,Amnesia: The Bunker,12,0.0037
1619,1844143156,Beach Buggy Racing 2: Island Adventure,12,0.0037
1620,435779585,Capcom Beat 'Em Up Bundle,12,0.0037
1621,1725514902,Castle Renovator,12,0.0037
1622,2003473581,Citizen Sleeper,12,0.0037
1623,400142602,Costume Quest 2,12,0.0037
1624,694139546,Crawl,12,0.0037
1625,629798227,Deadpool,12,0.0037
1626,1669682262,Defense Grid 2,12,0.0037
1627,1621285366,DOOM (1993),12,0.0037
1628,1748036661,Electrician Simulator,12,0.0037
1629,1692950358,Exoprimal,12,0.0037
1630,1851718938,FANTASY LIFE i: The Girl Who Steals Time,12,0.0037
1631,1616852724,Full Throttle Remastered,12,0.0037
1632,1480656877,Geometry Wars Evolved,12,0.0037
1633,1129121860,GRID 2,12,0.0037
1634,1480656912,Heavy Weapon,12,0.0037
1635,1902411725,Hell is Us,12,0.0037
1636,90991576,How To Survive 2,12,0.0037
1637,2028720746,Junkyard Simulator,12,0.0037
1638,1966310183,Just Dance® 2022,12,0.0037
1639,1655517847,Like a Dragon Gaiden: The Man Who Erased His Name,12,0.0037
1640,1764400723,Like a Dragon: Ishin!,12,0.0037
1641,1891684356,Lost in Random™,12,0.0037
1642,2034484895,Out of Space: Couch Edition,12,0.0037
1643,1632843296,Pillars of Eternity II: Deadfire - Ultimate Edition,12,0.0037
1644,1702914632,Poker Club,12,0.0037
1645,1715636420,Pummel Party,12,0.0037
1646,1431504886,R.U.S.E.,12,0.0037
1647,1480659519,Rayman 3 HD,12,0.0037
1648,950358266,Ride 2,12,0.0037
1649,1823082250,Sally Face,12,0.0037
1650,1480657777,Sega Vintage Collection: Streets of Rage,12,0.0037
1651,1480660016,Slender: The Arrival,12,0.0037
1652,405775731,Surviving Mars,12,0.0037
1653,412423425,SWORD ART ONLINE Alicization Lycoris,12,0.0037
1654,1624769204,Talisman: Digital Edition,12,0.0037
1655,1915523932,Tempopo,12,0.0037
1656,213257000,TerraTech,12,0.0037
1657,1891258006,The Bard's Tale ARPG : Remastered and Resnarkled,12,0.0037
1658,1414793198,The Darkness,12,0.0037
1659,1748167956,The Riftbreaker,12,0.0037
1660,2127247278,Thief Simulator 2,12,0.0037
1661,2070685355,to a T,12,0.0037
1662,1683840789,Tomb Raider IV-VI Remastered,12,0.0037
1663,1863466810,Tormented Souls 2,12,0.0037
1664,1682770291,"Warhammer 40,000: Chaos Gate - Daemonhunters",12,0.0037
1665,1696868991,WRC Generations - The FIA WRC Official Game,12,0.0037
1666,1019936697,#IDARB,11,0.0034
1667,1692343738,A.I.L.A,11,0.0034
1668,2144204141,Achilles: Survivor,11,0.0034
1669,615247627,Alan Wake,11,0.0034
1670,1742707305,Ambulance Life: A Paramedic Simulator,11,0.0034
1671,244952910,Aragami: Shadow Edition,11,0.0034
1672,1042452848,Aven Colony,11,0.0034
1673,634298669,Bad North: Jotunn Edition,11,0.0034
1674,366165352,Blacksad - Under the Skin,11,0.0034
1675,1297287135,Blue Dragon,11,0.0034
1676,1024154899,Boggle,11,0.0034
1677,1112934366,Bolt,11,0.0034
1678,1617823540,Bomb Rush Cyberfunk,11,0.0034
1679,1431504874,Brothers in Arms: HH,11,0.0034
1680,1431504924,Call of Juarez: Bound in Blood,11,0.0034
1681,870299798,Carnival Games®,11,0.0034
1682,1480657530,Castlevania HD,11,0.0034
1683,1263405065,Castlevania LoS,11,0.0034
1684,1480659546,Counter-Strike: GO,11,0.0034
1685,1480657460,Crazy Taxi,11,0.0034
1686,1161890019,Crysis 2,11,0.0034
1687,1413679057,DEAD OR ALIVE 4,11,0.0034
1688,274219762,Dead Rising 2 Off the Record,11,0.0034
1689,1558010571,DYNASTY WARRIORS 8 Empires,11,0.0034
1690,1756983532,Evil Genius 2: World Domination,11,0.0034
1691,918516972,Farming Simulator 15,11,0.0034
1692,1727852104,FINAL FANTASY VI,11,0.0034
1693,885797626,Fishing Sim World®: Pro Tour,11,0.0034
1694,984363462,Graveyard Keeper,11,0.0034
1695,1705150859,Greedland,11,0.0034
1696,1755179727,Grim Fandango Remastered,11,0.0034
1697,1917135799,HYPERCHARGE Unboxed,11,0.0034
1698,1906459372,Judgment,11,0.0034
1699,1297287122,Kameo,11,0.0034
1700,1749806231,Keep Talking and Nobody Explodes,11,0.0034
1701,850034103,Killer Instinct 2 Classic,11,0.0034
1702,1925242158,Library Of Ruina,11,0.0034
1703,1651525052,Life is Strange: Before the Storm Remastered,11,0.0034
1704,1781365913,Monster Train,11,0.0034
1705,1297549289,Mortal Kombat vs. DCU,11,0.0034
1706,1548866781,MXGP2,11,0.0034
1707,1846760960,Nickelodeon Kart Racers 3: Slime Speedway,11,0.0034
1708,272855377,NINJA GAIDEN II,11,0.0034
1709,1785122378,Omega Strikers,11,0.0034
1710,1480656913,PAC-MAN,11,0.0034
1711,1712366974,PC Building Simulator,11,0.0034
1712,116849471,Pro Evolution Soccer 2017,11,0.0034
1713,827416995,Pure Pool,11,0.0034
1714,2025898879,Rugby 22 Xbox Series X|S,11,0.0034
1715,1693521674,Rumbleverse,11,0.0034
1716,1726081569,Seal: WHAT the FUN,11,0.0034
1717,2128705961,Solitaire HD,11,0.0034
1718,1414793283,Spec Ops: The Line,11,0.0034
1719,1671975688,Tales of Xillia Remastered,11,0.0034
1720,1431504880,TC's GRAW2,11,0.0034
1721,1431504855,TC's SC Double Agent,11,0.0034
1722,1977179260,TES IV: Oblivion Remastered - Digital Artbook & Original Soundtrack,11,0.0034
1723,1005415207,The Golf Club 2019 featuring PGA TOUR,11,0.0034
1724,2073554022,The Jackbox Party Starter,11,0.0034
1725,1905434171,TRAIL OUT,11,0.0034
1726,1112934381,Tron: Evolution,11,0.0034
1727,495493033,Turok,11,0.0034
1728,1926895632,We Were Here,11,0.0034
1729,2129059621,Wobbledogs Console Edition,11,0.0034
1730,1664723386,Afterimage,10,0.0031
1731,1838321370,Ages of Mages: the last keeper,10,0.0031
1732,616610555,Alan Wake's American Nightmare,10,0.0031
1733,2072863941,Animal Shelter Simulator,10,0.0031
1734,2076917277,Army of Ruin,10,0.0031
1735,433520651,Attack on Titan,10,0.0031
1736,975485641,Back to the Future: The Game - 30th Anniversary Edition,10,0.0031
1737,1397032979,BAYONETTA,10,0.0031
1738,1414793176,BioShock,10,0.0031
1739,171879377,Call of Cthulhu,10,0.0031
1740,54541475,Construction Simulator 2 US - Console Edition,10,0.0031
1741,725442241,Darksiders Warmastered Edition,10,0.0031
1742,1480657049,Domino Master,10,0.0031
1743,2061746629,Don't Starve: Giant Edition,10,0.0031
1744,1480657334,DOOM II (Classic),10,0.0031
1745,492699383,EA SPORTS™ NHL® 17,10,0.0031
1746,1146095571,EDF 2017,10,0.0031
1747,2015929879,Evil Dead: The Game,10,0.0031
1748,1655237678,Fallout: New Vegas Ultimate Edition,10,0.0031
1749,2125839408,Formula Legends,10,0.0031
1750,2126757651,Ghostrunner,10,0.0031
1751,1480657557,Iron Brigade,10,0.0031
1752,901962824,KartRider: Drift,10,0.0031
1753,1920167136,Layers of Fear (2023),10,0.0031
1754,1660823717,LEGO® Brawls,10,0.0031
1755,1694487955,Life is Strange: True Colors,10,0.0031
1756,1898106366,Little Ralph - Trial,10,0.0031
1757,2021132620,Mandragora: Whispers of the Witch Tree,10,0.0031
1758,1112934453,Mercenaries,10,0.0031
1759,650249872,Metal Gear Solid V: Ground Zeroes,10,0.0031
1760,1844460632,Metro Exodus Enhanced Edition,10,0.0031
1761,1263405116,MGS PW HD,10,0.0031
1762,1869122946,MONOPOLY DEAL,10,0.0031
1763,1653999253,MythForce,10,0.0031
1764,1884949649,Mythwrecked: Ambrosia Island,10,0.0031
1765,778400368,NBA 2K14,10,0.0031
1766,225943380,NEOGEO BATTLE COLISEUM,10,0.0031
1767,2095724117,Nice Day for Fishing,10,0.0031
1768,2121532136,Once Upon A KATAMARI,10,0.0031
1769,2088993727,Outlaws + Handful of Missions: Remaster,10,0.0031
1770,676432066,PAC-MAN™ CHAMPIONSHIP EDITION 2,10,0.0031
1771,2008358711,Painkiller,10,0.0031
1772,1785385145,Rock of Ages 3: Make & Break,10,0.0031
1773,1804278141,Rugby 22 Xbox One,10,0.0031
1774,764522213,Runbow,10,0.0031
1775,1263339473,Sacred 2 Fallen Angel,10,0.0031
1776,1779343248,Sclash,10,0.0031
1777,303584158,Sea of Solitude,10,0.0031
1778,844274714,Skylanders Imaginators,10,0.0031
1779,2009073182,Steelrising - Standard Edition,10,0.0031
1780,2002404032,Stranded: Alien Dawn,10,0.0031
1781,1981157496,System Shock,10,0.0031
1782,706437546,The Awesome Adventures of Captain Spirit,10,0.0031
1783,890454034,The Dark Pictures Anthology: Man Of Medan,10,0.0031
1784,1721383054,The Outer Worlds: Spacer's Choice Edition,10,0.0031
1785,2031756340,They Are Billions,10,0.0031
1786,1480657132,Ticket to Ride,10,0.0031
1787,1480660067,Toybox Turbos,10,0.0031
1788,1661098733,Turbo Golf Racing,10,0.0031
1789,1654418819,Vampire Hunters,10,0.0031
1790,181948997,WWE 2K15,10,0.0031
1791,1414793346,XCOM®: Enemy Unknown,10,0.0031
1792,1791400679,Yakuza: Like a Dragon,10,0.0031
1793,1886146911,Yet Another Zombie Survivors,10,0.0031
1794,2002870555,A Little to the Left,9,0.0028
1795,1751360232,AAA Dynamic Scenes,9,0.0028
1796,1824287216,Aaero2,9,0.0028
1797,1908300140,ARC Raiders - Server Slam,9,0.0028
1798,1664245882,Atari 50: The Anniversary Celebration,9,0.0028
1799,2061970650,BLACKTAIL,9,0.0028
1800,883799031,Bless Unleashed,9,0.0028
1801,311085527,Brawlout,9,0.0028
1802,1914646696,Curse of the Dead Gods,9,0.0028
1803,2065869943,Danganronpa V3: Killing Harmony Anniversary Edition,9,0.0028
1804,1940736818,Darkest Dungeon II,9,0.0028
1805,1414596582,Darksiders,9,0.0028
1806,1974043980,Disney Classic Games: Aladdin and The Lion King,9,0.0028
1807,1712105499,DRIFTCE,9,0.0028
1808,548464799,EA SPORTS™ UFC®,9,0.0028
1809,911650903,Evoland Legendary Edition,9,0.0028
1810,1966202553,Fishing: North Atlantic Enhanced Edition,9,0.0028
1811,1835944487,Five Nights at Freddy's Into the Pit,9,0.0028
1812,159583079,Gear.Club Unlimited 2 - Ultimate Edition,9,0.0028
1813,1480657151,Geometry Wars Evolved²,9,0.0028
1814,945174237,Geometry Wars™ 3: Dimensions Evolved,9,0.0028
1815,1703059239,God of Weapons,9,0.0028
1816,943719970,GRID,9,0.0028
1817,1480657520,Harms Way,9,0.0028
1818,1829828400,HUMANKIND™,9,0.0028
1819,2037481046,Inertial Drift,9,0.0028
1820,1982219874,Insects: An Xbox One X Enhanced Experience,9,0.0028
1821,1873893114,Just Die Already,9,0.0028
1822,1799885509,Labyrinthine - Console Edition,9,0.0028
1823,2028645063,Legend of Mana,9,0.0028
1824,1464993821,LEGO® Lord of the Rings™,9,0.0028
1825,1792638437,Lost Records: Bloom & Rage,9,0.0028
1826,1977505997,Maid of Sker,9,0.0028
1827,196597117,Mega Man X Legacy Collection 2,9,0.0028
1828,1906672574,Middle-earth™: Shadow of Mordor™,9,0.0028
1829,1480657679,Motocross Madness,9,0.0028
1830,2040686890,My Time at Sandrock,9,0.0028
1831,1146095594,Onechanbara,9,0.0028
1832,104182544,Pro Evolution Soccer 2016,9,0.0028
1833,2117633627,Quiplash 2 InterLASHional: The Say Anything Party Game!,9,0.0028
1834,1665717493,R-Type Delta: HD Boosted,9,0.0028
1835,1641566497,Railroads Online,9,0.0028
1836,1901782415,Railway Empire 2 (Win),9,0.0028
1837,1889657958,S.T.A.L.K.E.R.: Call of Prypiat - Enhanced Edition,9,0.0028
1838,2040578587,SHINOBI: Art of Vengeance,9,0.0028
1839,1885214706,Snooker 19,9,0.0028
1840,1002731481,Snooker Nation Championship,9,0.0028
1841,1480659442,SONIC 4 Episode II,9,0.0028
1842,1480656996,Sonic The Hedgehog,9,0.0028
1843,1480659985,SOULCALIBUR II HD,9,0.0028
1844,2010719250,The Smurfs - Mission Vileaf,9,0.0028
1845,1619933938,The Survivalists,9,0.0028
1846,1396901866,Tomb Raider: Anniv.,9,0.0028
1847,239008106,Tropico 5 - Penultimate Edition,9,0.0028
1848,911120656,Tumblestone,9,0.0028
1849,2060146885,Unspottable,9,0.0028
1850,1884076770,Visage,9,0.0028
1851,1926154049,Wasteland Remastered,9,0.0028
1852,593828894,Absolver,8,0.0025
1853,1635676165,Agatha Christie - Hercule Poirot: The First Cases,8,0.0025
1854,2075295469,Amber Alert Director's cut,8,0.0025
1855,77840650,Among the Sleep - Enhanced Edition,8,0.0025
1856,2041767726,Angry Birds 2,8,0.0025
1857,1611092700,Ara History Untold: Anniversary Edition,8,0.0025
1858,2042945112,Atomicrops,8,0.0025
1859,1414793309,BioShock Infinite,8,0.0025
1860,1639963506,BlackJack 21 Pro!,8,0.0025
1861,1661717515,Blood Bowl 3,8,0.0025
1862,1952427486,Bloodstained: Ritual of the Night,8,0.0025
1863,1161889888,C&C Red Alert 3,8,0.0025
1864,1827619931,Castle Heroes,8,0.0025
1865,1480656920,Contra,8,0.0025
1866,2123216194,Crysis 2 Remastered,8,0.0025
1867,125143641,Deadlight: Director's Cut,8,0.0025
1868,1847180415,Death and Taxes,8,0.0025
1869,1980683662,DISORDER for Xbox,8,0.0025
1870,2146119244,Double Dragon Revive,8,0.0025
1871,1480659907,Dungeons & Dragons: Chronicles of Mystara,8,0.0025
1872,1852617445,ELEX II,8,0.0025
1873,1805594701,Ember Knights : Heroes of the Nexus Edition,8,0.0025
1874,2046176982,Empire of Sin,8,0.0025
1875,180750187,F1™ 2017,8,0.0025
1876,1480657527,Faery: Legends of Avalon,8,0.0025
1877,1850924057,Fishing: North Atlantic,8,0.0025
1878,1890880304,Fobia - St. Dinfna Hotel,8,0.0025
1879,1674087678,Gangs of Sherwood,8,0.0025
1880,1131124715,"Guns, Gore and Cannoli",8,0.0025
1881,1829337400,Have a Nice Death,8,0.0025
1882,1928193169,Heavenly Bodies,8,0.0025
1883,1396901851,Hitman: Blood Money,8,0.0025
1884,1206122062,Just Dance 2016,8,0.0025
1885,1865989097,KINGDOM HEARTS HD 2.8 Final Chapter Prologue,8,0.0025
1886,389571069,LEGO® Dimensions™,8,0.0025
1887,1615197965,Let's Build a Zoo,8,0.0025
1888,2002613703,Lethal League Blaze,8,0.0025
1889,542819315,Life is Strange: Before the Storm Episode 1,8,0.0025
1890,1625997162,Liminal Department,8,0.0025
1891,1271641024,Lords of the Fallen (2014),8,0.0025
1892,1128466480,Lost Planet 3,8,0.0025
1893,1677252767,Love is all around,8,0.0025
1894,1014379144,Marvel: Ultimate Alliance 2,8,0.0025
1895,433988710,MASSIVE CHALICE,8,0.0025
1896,2017826215,METAL GEAR SOLID 2: Sons of Liberty - Master Collection Version,8,0.0025
1897,1480657266,Metal Slug XX,8,0.0025
1898,1944950992,MotoGP™22 - Windows Edition,8,0.0025
1899,1698746853,MotoGP™23,8,0.0025
1900,1696839999,MXGP 24: The Official Game,8,0.0025
1901,83029588,NBA LIVE 18: The One Edition,8,0.0025
1902,1802006334,Neon Abyss,8,0.0025
1903,1263929316,NINJA GAIDEN 3: RE,8,0.0025
1904,1868841248,Nobody Saves the World,8,0.0025
1905,1059087507,Octodad: Dadliest Catch,8,0.0025
1906,2025399821,ONE PUNCH MAN: A HERO NOBODY KNOWS,8,0.0025
1907,806794764,Override: Mech City Brawl,8,0.0025
1908,484684099,PAC-MAN 256,8,0.0025
1909,1624743884,Persona 3 Portable,8,0.0025
1910,1698508835,PGA TOUR 2K25 First Look,8,0.0025
1911,1641334275,Phantom Breaker: Omnia,8,0.0025
1912,2011990367,Project Winter,8,0.0025
1913,1789157539,Puyo Puyo™ Tetris® 2,8,0.0025
1914,1414596703,Red Faction: Armageddon,8,0.0025
1915,1853277604,RetroRealms Arcade,8,0.0025
1916,1996943027,Revhead,8,0.0025
1917,1685686710,Rogue Legacy 2,8,0.0025
1918,1704946873,Romancing SaGa 2: Revenge of the Seven,8,0.0025
1919,1936146608,Scorn,8,0.0025
1920,1882598345,Shadow Warrior,8,0.0025
1921,865750499,Shantae: Half-Genie Hero,8,0.0025
1922,2031266067,Sker Ritual,8,0.0025
1923,288915516,Skyforge,8,0.0025
1924,1147123126,Skylanders Trap Team,8,0.0025
1925,1657758963,Slay the Princess - The Pristine Cut,8,0.0025
1926,2051631747,Spectre Divide,8,0.0025
1927,1967529255,SpongeBob SquarePants: The Cosmic Shake,8,0.0025
1928,1917594775,Stampede: Racing Royale (Game Preview),8,0.0025
1929,2079765251,Streets of Rogue,8,0.0025
1930,2039224282,Super Monkey Ball Banana Mania,8,0.0025
1931,1849290790,Super Scooter,8,0.0025
1932,1624264477,Taiko no Tatsujin: The Drum Master!,8,0.0025
1933,1718047845,Tannenberg,8,0.0025
1934,1873939850,Teenage Mutant Ninja Turtles Arcade: Wrath of the Mutants,8,0.0025
1935,1892179113,The Last Faith,8,0.0025
1936,2108611710,TIEBREAK – GRAND SLAM EDITION,8,0.0025
1937,644829211,Turok 2: Seeds of Evil,8,0.0025
1938,1851310927,Who Wants to Be a Millionaire?,8,0.0025
1939,1636871347,Yakuza Kiwami,8,0.0025
1940,912199926,Yet Another Zombie Defense HD,8,0.0025
1941,1903621817,Yooka-Replaylee,8,0.0025
1942,1520322998,Zombie Army Trilogy,8,0.0025
1943,1937335069,A Gummy's Life,7,0.0022
1944,949699803,ABZU,7,0.0022
1945,1777027693,Adv File Explorer (FullTrust),7,0.0022
1946,701037441,Age of Wonders: Planetfall,7,0.0022
1947,1480660006,AirMech Arena,7,0.0022
1948,1719440805,Alone in the Dark,7,0.0022
1949,1871850764,Amanda the Adventurer 2,7,0.0022
1950,2130794071,Apollo Justice: Ace Attorney Trilogy,7,0.0022
1951,1741728886,Arcade Paradise,7,0.0022
1952,682100179,Armello,7,0.0022
1953,1995697239,Banner of the Maid,7,0.0022
1954,965872275,Ben 10,7,0.0022
1955,1698796012,Bloons TD 6,7,0.0022
1956,1744072621,Bratz™: Flaunt your fashion,7,0.0022
1957,1112934423,Brave: The Video Game,7,0.0022
1958,1650593751,Calico,7,0.0022
1959,1960391873,Call of Duty®: Black Ops III (Windows),7,0.0022
1960,1744298534,Catlateral Damage: Remeowstered,7,0.0022
1961,2057723777,Classified: France '44,7,0.0022
1962,2102465429,Coffee Talk,7,0.0022
1963,1842022716,Colt Canyon,7,0.0022
1964,1642353875,Craftopia (Game Preview),7,0.0022
1965,1755920678,Creatures of Ava,7,0.0022
1966,1297287249,Crimson Skies®: High Road to Revenge™,7,0.0022
1967,1846285148,CrossfireX,7,0.0022
1968,1967247017,Cynthia: Hidden in the Moonshadow,7,0.0022
1969,1480657664,DEAD RISING 2: CASE WEST,7,0.0022
1970,419349778,Defiance 2050,7,0.0022
1971,577546632,Destroy All Humans! (2005),7,0.0022
1972,1754131742,Diamond Painting ASMR,7,0.0022
1973,338090394,Dirt Rally,7,0.0022
1974,1951675244,DJMAX RESPECT V,7,0.0022
1975,1764157412,Doctor Cat,7,0.0022
1976,1751561017,Dollmare,7,0.0022
1977,1721217822,Drake Hollow,7,0.0022
1978,1431505022,Driver San Francisco,7,0.0022
1979,1414793294,Duke Nukem Forever,7,0.0022
1980,147604411,Dungeons 3,7,0.0022
1981,1771234675,Dungeons 4,7,0.0022
1982,1958827848,Eternal Card Game,7,0.0022
1983,1629487179,FATAL FRAME: Maiden of Black Water,7,0.0022
1984,1618662965,Garfield Kart Furious Racing,7,0.0022
1985,1690204019,Garten of Banban 3,7,0.0022
1986,1702713376,Genesis Noir,7,0.0022
1987,620831719,GROW UP,7,0.0022
1988,2022315423,Gunsmith Simulator,7,0.0022
1989,2012036466,Hammerwatch II,7,0.0022
1990,1996335028,He is Coming (Game Preview),7,0.0022
1991,1958413760,Hill Climb Racing,7,0.0022
1992,446981050,Hitman: Absolution HD,7,0.0022
1993,1945528318,Idle Devils,7,0.0022
1994,2120617189,Invincible VS,7,0.0022
1995,1480656891,Jetpac Refuelled,7,0.0022
1996,944228222,Journey to the Savage Planet,7,0.0022
1997,333457553,Just Dance® 2020,7,0.0022
1998,2145258670,Kiosk,7,0.0022
1999,1480657325,KOF2002UM,7,0.0022
2000,2035287816,Let Them Come: Onslaught,7,0.0022
2001,149149959,Lies Of Astaroth,7,0.0022
2002,2036022873,Little Misfortune,7,0.0022
2003,779348826,Livelock,7,0.0022
2004,1693943612,Lost Snowmen,7,0.0022
2005,2049727100,METAL GEAR SOLID - Master Collection Version,7,0.0022
2006,1263405120,METAL GEAR SOLID HD: 2 & 3,7,0.0022
2007,1885048343,Mr. Bomber,7,0.0022
2008,1839786246,Murdered: Soul Suspect,7,0.0022
2009,1937457147,Mutant Year Zero: Road to Eden,7,0.0022
2010,593565047,MY HERO ONE’S JUSTICE,7,0.0022
2011,446256697,My Time At Portia,7,0.0022
2012,1708079118,NASCAR 21: Ignition,7,0.0022
2013,664898642,NASCAR Heat 3,7,0.0022
2014,926156714,Onimusha: Warlords,7,0.0022
2015,1480657015,Pac-Man C.E.,7,0.0022
2016,1480657548,PAC-MAN CE DX+,7,0.0022
2017,1297287193,Party Animals,7,0.0022
2018,1893912101,Party Panic,7,0.0022
2019,1628806449,Potion Craft: Alchemist Simulator,7,0.0022
2020,1313671123,Ridge Racer 6,7,0.0022
2021,2138535394,Rugby League Live 3,7,0.0022
2022,2045526445,S.T.A.L.K.E.R.: Clear Sky - Enhanced Edition,7,0.0022
2023,1944780994,Scars Above,7,0.0022
2024,2145390992,Sherlock Holmes: Crimes and Punishments Redux,7,0.0022
2025,1671676860,Snakeybus,7,0.0022
2026,1480657348,Sonic & Knuckles,7,0.0022
2027,1480657315,Sonic The Hedgehog 3,7,0.0022
2028,1480657523,Stacking,7,0.0022
2029,2050520287,STRANGER OF PARADISE FINAL FANTASY ORIGIN,7,0.0022
2030,1941370105,Supermarket Owner Simulator: Business,7,0.0022
2031,1689702773,Survive on Raft,7,0.0022
2032,1770175521,Surviving the Aftermath,7,0.0022
2033,1984077720,Tales of the Shire: A The Lord of The Rings™ Game,7,0.0022
2034,308135722,Tales of Vesperia™: Definitive Edition,7,0.0022
2035,247774493,The Incredible Adventures of Van Helsing,7,0.0022
2036,2047811112,The Last Hero of Nostalgaia,7,0.0022
2037,1776537730,The Sinking City Remastered,7,0.0022
2038,193310209,The Witness,7,0.0022
2039,1396901844,Tomb Raider:Legend,7,0.0022
2040,1673810447,Tony Stewart's All-American Racing,7,0.0022
2041,1480657580,Toy Soldiers: Cold War,7,0.0022
2042,2147214039,TRIANGLE STRATEGY,7,0.0022
2043,1851490214,Tribes of Midgard,7,0.0022
2044,1735843094,Trover Saves the Universe,7,0.0022
2045,1937610303,Two Point Museum,7,0.0022
2046,1815810056,Under The Waves,7,0.0022
2047,2026783353,Wayfinder,7,0.0022
2048,1480657355,Wolfenstein 3D,7,0.0022
2049,521446567,WORLD OF FINAL FANTASY MAXIMA,7,0.0022
2050,1631055981,Worms Rumble,7,0.0022
2051,1922758426,WRC 9 FIA World Rally Championship,7,0.0022
2052,1755180052,Yakuza 3 Remastered,7,0.0022
2053,1845646569,Yakuza Kiwami 2,7,0.0022
2054,2081112709,Zaccaria Pinball,7,0.0022
2055,1907198556,Zombie Derby: Pixel Survival,7,0.0022
2056,1695141626,Zombies Ate My Neighbors and Ghoul Patrol,7,0.0022
2057,1760929748,1 Square,6,0.0019
2058,1480656961,3D Ultra™ Minigolf,6,0.0019
2059,2146388451,3XTINCTION,6,0.0019
2060,731026222,ACA NEOGEO METAL SLUG X,6,0.0019
2061,946215144,AirMech® Arena,6,0.0019
2062,880413309,Amnesia: Collection,6,0.0019
2063,1655595028,Andromeda Survivors,6,0.0019
2064,1161889868,Army of Two™ (EU),6,0.0019
2065,1771834186,ATLAS (Game Preview),6,0.0019
2066,1805978609,Baby Shark™: Sing & Swim Party,6,0.0019
2067,2078107330,Bad Cheese,6,0.0019
2068,1864828194,Bendy: Lone Wolf,6,0.0019
2069,1848533188,Between Time: Escape Room,6,0.0019
2070,1799714563,Beyond Enemy Lines - Remastered Edition,6,0.0019
2071,1414793313,BioShock 2,6,0.0019
2072,1736678881,Bleeding Edge,6,0.0019
2073,2037855727,Block Puzzle Jewels Classic,6,0.0019
2074,1480657002,Boom Boom Rocket,6,0.0019
2075,1906603484,Bravery and Greed,6,0.0019
2076,1879813340,Breathedge,6,0.0019
2077,2038940671,Bridge Race,6,0.0019
2078,2114128708,Bunny Park,6,0.0019
2079,1431505012,Call of Juarez Cartel,6,0.0019
2080,2098202394,Candy Crush Saga,6,0.0019
2081,1480656960,Carcassonne,6,0.0019
2082,1263405133,Castlevania: LoS 2,6,0.0019
2083,1962619691,Cataclismo,6,0.0019
2084,1858000832,Caterpillar,6,0.0019
2085,1954997644,Construction Simulator 3 - Console Edition,6,0.0019
2086,1931878195,Cricket 24: The Official Game Of The Ashes,6,0.0019
2087,1921002833,Crossy Road Castle,6,0.0019
2088,2010857968,Cruz Brothers,6,0.0019
2089,1730984142,Danganronpa 2: Goodbye Despair Anniversary Edition,6,0.0019
2090,1128466400,Dark Void,6,0.0019
2091,367230746,Darksiders Genesis,6,0.0019
2092,1480657513,Deadliest Warrior,6,0.0019
2093,1848024903,Dig Deep,6,0.0019
2094,1480656950,DIG DUG,6,0.0019
2095,1772577777,Dirt Bike Retro,6,0.0019
2096,1129121861,DiRT Showdown,6,0.0019
2097,153292310,Disney Infinity 3.0,6,0.0019
2098,1864875251,Disney Magic Kingdoms,6,0.0019
2099,534038970,Dovetail Games Euro Fishing,6,0.0019
2100,532569395,Drawful 2,6,0.0019
2101,1757950833,DreamWorks All-Star Kart Racing,6,0.0019
2102,1739392581,Dungeons of Sundaria,6,0.0019
2103,1639220334,Exo One,6,0.0019
2104,481925121,F1® 2018,6,0.0019
2105,1198695408,F1™ 2015,6,0.0019
2106,1480659518,Far Cry Classic,6,0.0019
2107,1803141715,Football Manager 2024,6,0.0019
2108,1480656915,Frogger,6,0.0019
2109,2077809328,Garten of Banban 4,6,0.0019
2110,1806388236,Geometry Survivor,6,0.0019
2111,2054890337,Get To Work,6,0.0019
2112,1229391860,Ghostbusters,6,0.0019
2113,1730221723,Ghostrunner 2,6,0.0019
2114,1935789173,Gigantic: Rampage Edition,6,0.0019
2115,1973021624,Greyhill Incident,6,0.0019
2116,341719186,"Guns, Gore and Cannoli 2",6,0.0019
2117,1683854838,Harvest Moon: The Winds of Anthos,6,0.0019
2118,1968550256,Hobo: Tough Life,6,0.0019
2119,447331588,I Am Bread,6,0.0019
2120,1480657435,ilomilo ,6,0.0019
2121,1922993793,Jalopy,6,0.0019
2122,1923804355,Jet Kave Adventure,6,0.0019
2123,1925586579,Jump King,6,0.0019
2124,611794133,Just Dance 2019®,6,0.0019
2125,1721223782,Katamari Damacy REROLL,6,0.0019
2126,1640763780,KIBORG,6,0.0019
2127,649279273,King's Quest™,6,0.0019
2128,1647023800,Legend Bowl,6,0.0019
2129,1915632823,Love is all around 2,6,0.0019
2130,908941238,Mark of the Ninja: Remastered,6,0.0019
2131,1060304103,Marooners,6,0.0019
2132,322384131,Marvel: Ultimate Alliance,6,0.0019
2133,1161889998,Mass Effect 2,6,0.0019
2134,23963413,Mega Man Zero/ZX Legacy Collection,6,0.0019
2135,888477147,METAL GEAR SURVIVE,6,0.0019
2136,1747564672,Microsoft Treasure Hunt,6,0.0019
2137,2078832385,Monster Energy Supercross 4 - Xbox Series X|S,6,0.0019
2138,703886774,Monster Jam: Crush It!,6,0.0019
2139,2128710093,Monster Sanctuary (Windows Version),6,0.0019
2140,1957255658,MORDHAU,6,0.0019
2141,1923105414,Morsels,6,0.0019
2142,2031634495,Mutant Football League 2,6,0.0019
2143,1480656988,N+,6,0.0019
2144,1624572870,Ni no Kuni™ II: Revenant Kingdom - The Prince's Edition,6,0.0019
2145,2021405472,Nickelodeon Kart Racers 2: Grand Prix,6,0.0019
2146,125341318,Night in the Woods,6,0.0019
2147,2013083896,NINJA GAIDEN: Ragebound,6,0.0019
2148,1915865634,Nowhere Prophet,6,0.0019
2149,2128728875,Operation: Tango,6,0.0019
2150,1906677498,PAC-MAN MUSEUM+,6,0.0019
2151,1912801032,PAW Patrol The Movie: Adventure City Calls,6,0.0019
2152,1926352092,PBA Pro Bowling,6,0.0019
2153,267248679,Phantom Dust,6,0.0019
2154,1991248961,PHOGS!,6,0.0019
2155,912254227,Pit People,6,0.0019
2156,2046628793,PixARK,6,0.0019
2157,965890138,Project Highrise: Architect's Edition,6,0.0019
2158,2049279350,Puzzle Quest: Immortal Edition,6,0.0019
2159,2099711760,R.B.I. Baseball 20,6,0.0019
2160,2065674944,Resident Evil Re:Verse,6,0.0019
2161,1658810016,Resident Evil Requiem,6,0.0019
2162,1748326860,RetroMania Wrestling,6,0.0019
2163,227770627,Riverbond,6,0.0019
2164,1861374778,Rugby Challenge 3,6,0.0019
2165,1652981346,ScourgeBringer,6,0.0019
2166,52620879,Scribblenauts Showdown,6,0.0019
2167,1060097466,Serious Sam Collection,6,0.0019
2168,1939956128,Shadowrun: Dragonfall - Director's Cut PC,6,0.0019
2169,2018103228,Ship of Fools,6,0.0019
2170,595091631,Snake Pass,6,0.0019
2171,1179584488,Sniper Elite V2,6,0.0019
2172,1480659441,Sonic CD,6,0.0019
2173,2109986102,Space Crew: Legendary Edition,6,0.0019
2174,778803087,Spacelords,6,0.0019
2175,1859601917,Spellbreak,6,0.0019
2176,2073359006,Spirittea,6,0.0019
2177,1636452571,SRX: The Game,6,0.0019
2178,1835454890,Stay Out of the House,6,0.0019
2179,1895471502,Stubbs the Zombie in Rebel Without a Pulse,6,0.0019
2180,300578609,Styx: Shards of Darkness,6,0.0019
2181,2119021593,Subnautica 2 (Game Preview),6,0.0019
2182,2057573435,Suikoden I&II HD Remaster Gate Rune and Dunan Unification Wars,6,0.0019
2183,1949756621,Surgeon Simulator 2,6,0.0019
2184,2003002635,Survival: Foutain of Youth - Captain's Edition,6,0.0019
2185,1969180565,Tales of Graces f Remastered,6,0.0019
2186,1825800558,Temtem,6,0.0019
2187,2016552136,The Catch: Carp & Coarse Fishing,6,0.0019
2188,619718041,The Cave,6,0.0019
2189,129773809,The Disney Afternoon Collection,6,0.0019
2190,125965001,The Escapists: The Walking Dead,6,0.0019
2191,1668285033,The Exit 8,6,0.0019
2192,2007018418,The Hong Kong Massacre,6,0.0019
2193,2029175168,The Plucky Squire,6,0.0019
2194,1431505093,The Stick of Truth™,6,0.0019
2195,20605635,The Surge,6,0.0019
2196,1858859325,The Thing: Remastered,6,0.0019
2197,544772182,Thronebreaker: The Witcher Tales,6,0.0019
2198,1963849763,Thymesia,6,0.0019
2199,467118163,Titan Quest,6,0.0019
2200,2068094397,To the Moon and Beyond,6,0.0019
2201,1832512217,Townscaper,6,0.0019
2202,1913216462,Trine Enchanted Edition,6,0.0019
2203,2078968222,Truck Driver: The American Dream,6,0.0019
2204,2050010864,Two Point Hospital™,6,0.0019
2205,1964791683,Vampire's Fall: Origins,6,0.0019
2206,1072703684,Virtua Fighter 5 Final Showdown,6,0.0019
2207,2085652095,VOID/BREAKER (Game Preview),6,0.0019
2208,474535578,WARRIORS OROCHI 4,6,0.0019
2209,1679106504,WARRIORS: Abyss,6,0.0019
2210,2039837995,We Were Here Forever,6,0.0019
2211,1788936172,We Were Here Too,6,0.0019
2212,1807181865,Wizard with a Gun,6,0.0019
2213,1888936506,Worms Armageddon: Anniversary Edition,6,0.0019
2214,2056599614,Wreckreation,6,0.0019
2215,390641336,ACA NEOGEO METAL SLUG,5,0.0016
2216,983914761,ACA NEOGEO METAL SLUG 3,5,0.0016
2217,304633817,ACA NEOGEO METAL SLUG 4,5,0.0016
2218,419725624,ACA NEOGEO THE KING OF FIGHTERS '97,5,0.0016
2219,552749870,ACA NEOGEO THE KING OF FIGHTERS '98,5,0.0016
2220,2094098726,Ace Attorney Investigations Collection,5,0.0016
2221,1313671121,ACE COMBAT 6,5,0.0016
2222,585188640,Aces of the Luftwaffe - Squadron,5,0.0016
2223,1672129931,Across the Obelisk,5,0.0016
2224,2076405066,Agarta,5,0.0016
2225,2084317224,Age of Empires Mobile: PC Edition,5,0.0016
2226,1910091538,Alfred Hitchcock - Vertigo,5,0.0016
2227,1798477678,AO Tennis 2,5,0.0016
2228,652901378,APB Reloaded,5,0.0016
2229,1714994601,Architect Life: A House Design Simulator,5,0.0016
2230,423441812,Ashes Cricket,5,0.0016
2231,1861014614,Autonauts,5,0.0016
2232,1859435059,BAD END THEATER,5,0.0016
2233,1664978629,Bang-On Balls: Chronicles,5,0.0016
2234,1671883571,Beyond Enemy Lines 2 - Enhanced Edition,5,0.0016
2235,1812873797,Blades of Fire,5,0.0016
2236,173291706,Blood Bowl 2,5,0.0016
2237,1896582181,Bramble: The Mountain King,5,0.0016
2238,1810243569,Brothers: A Tale of Two Sons Remake,5,0.0016
2239,2061327473,Burger Master,5,0.0016
2240,1757174298,Bus World,5,0.0016
2241,1679962490,Bye Sweet Carole,5,0.0016
2242,1414596609,Cars MN,5,0.0016
2243,1855158493,Cartel Tycoon,5,0.0016
2244,287508507,Casey Powell Lacrosse 18,5,0.0016
2245,2032548938,Cassette Beasts,5,0.0016
2246,1501266033,CastleStorm - Definitive Edition,5,0.0016
2247,1646378646,Cat Quest III,5,0.0016
2248,1889886349,Chess Royal,5,0.0016
2249,1967038995,Chopper Strike!,5,0.0016
2250,728813194,Citadel: Forged with Fire,5,0.0016
2251,100768843,City of Brass,5,0.0016
2252,1703939860,Clash: Artifacts of Chaos,5,0.0016
2253,1641287197,Collie Call,5,0.0016
2254,1985791411,Cricket 22,5,0.0016
2255,2077764934,Crysis Remastered,5,0.0016
2256,1480657693,DAYTONA USA,5,0.0016
2257,327419539,de Blob,5,0.0016
2258,1480657756,Deadliest Warrior: Legends,5,0.0016
2259,1858950011,Doodle Taxi,5,0.0016
2260,141638183,DreamWorks Dragons Dawn of New Riders,5,0.0016
2261,419391420,EA SPORTS™ NBA LIVE 15,5,0.0016
2262,1730596263,Echo Generation: Midnight Edition,5,0.0016
2263,572417720,Emily Wants To Play,5,0.0016
2264,1706225842,ENDLESS Dungeon™,5,0.0016
2265,1263339518,Escape Dead Island,5,0.0016
2266,1989971377,Exit the Gungeon,5,0.0016
2267,1480659903,Far Cry® 3 Blood Dragon,5,0.0016
2268,332903703,Fibbage: The Hilarious Bluffing Party Game,5,0.0016
2269,1691849278,FINAL FANTASY IV,5,0.0016
2270,1805284872,Five Nights at Freddy's: Help Wanted 2,5,0.0016
2271,1899291024,Fran Bow,5,0.0016
2272,2022597828,Garten of Banban 0,5,0.0016
2273,1788626737,Golazo!,5,0.0016
2274,2058395991,Golf Guys,5,0.0016
2275,2094693316,Golfing in Aether,5,0.0016
2276,1785738076,Grandia HD Collection,5,0.0016
2277,1958071699,Guacamelee! Super Turbo Championship Edition,5,0.0016
2278,1890778408,Hidden Cats in Tokyo,5,0.0016
2279,390164739,Hunting Simulator,5,0.0016
2280,642353763,Injustice™ 2 - Standard Edition,5,0.0016
2281,1297287250,Jade Empire™,5,0.0016
2282,1930132661,Jotunnslayer: Hordes of Hel,5,0.0016
2283,251796387,Just Dance 2018®,5,0.0016
2284,1674297685,Kingdom Rush Frontiers,5,0.0016
2285,1989445813,Knight Squad 2,5,0.0016
2286,1718892809,Knockout City™,5,0.0016
2287,240478325,Layers of Fear (2016),5,0.0016
2288,2017169801,LOLLIPOP CHAINSAW RePOP,5,0.0016
2289,1987951399,Lonely Mountains: Downhill,5,0.0016
2290,217450018,LUMINES REMASTERED,5,0.0016
2291,142841733,Madden NFL 25,5,0.0016
2292,1480659653,Magic 2014 — Duels of the Planeswalkers,5,0.0016
2293,1651248133,Metal: Hellsinger,5,0.0016
2294,2142315481,Mighty Morphin Power Rangers: Rita's Rewind,5,0.0016
2295,2070782109,Monster Prom: XXL,5,0.0016
2296,1423533994,MotoGP™15,5,0.0016
2297,37469967,NBA Playgrounds,5,0.0016
2298,2076732337,Necromunda: Hired Gun (Windows),5,0.0016
2299,1740300956,Neighbours back From Hell,5,0.0016
2300,157973080,NeuroVoider,5,0.0016
2301,1737346272,Neverwinter Nights: Enhanced Edition,5,0.0016
2302,2085418848,Nexomon,5,0.0016
2303,1887596214,Nickelodeon All-Star Brawl,5,0.0016
2304,594585699,Nidhogg 2,5,0.0016
2305,1020187268,Nine Parchments,5,0.0016
2306,1844719399,Nobody Wants to Die,5,0.0016
2307,1819944286,Nun Massacre,5,0.0016
2308,2081394706,Onimusha 2: Samurai's Destiny,5,0.0016
2309,1734289672,"ONYX-PRO, Inside the Game: Grounded 2 Artbook and Soundtrack",5,0.0016
2310,308514854,Outward,5,0.0016
2311,2089042924,Paleo Pines,5,0.0016
2312,843014522,Pathfinder: Kingmaker - Definitive Edition,5,0.0016
2313,1775966138,PBA Pro Bowling 2021,5,0.0016
2314,1297290209,Pinball FX2,5,0.0016
2315,1894255361,Placid Plastic Duck Simulator,5,0.0016
2316,884526952,Planetbase,5,0.0016
2317,1825171879,Pocky & Rocky Reshrined,5,0.0016
2318,1431504958,Prince of Persia The Forgotten Sands™,5,0.0016
2319,1642088148,PROJECT 13,5,0.0016
2320,848477962,Pure Chess,5,0.0016
2321,453783733,Q.U.B.E. 2,5,0.0016
2322,2119938423,Raid: Shadow Legends,5,0.0016
2323,753024882,Red Faction Guerrilla Re-Mars-tered,5,0.0016
2324,2011859970,Redout 2,5,0.0016
2325,1223839444,RIDE,5,0.0016
2326,326835485,Rise of Nations: Extended Edition,5,0.0016
2327,806435492,Road Redemption,5,0.0016
2328,2054178211,SAMURAI SHODOWN (Standard Ver.),5,0.0016
2329,1640582920,Schedule I: Dope Empire™,5,0.0016
2330,1532956420,Sébastien Loeb Rally EVO,5,0.0016
2331,1953391836,Shadowrun Returns,5,0.0016
2332,1901019717,Shaolin vs Wutang,5,0.0016
2333,1963476984,Sherlock Holmes Chapter One,5,0.0016
2334,2129620077,Sherlock Holmes The Awakened,5,0.0016
2335,722694197,Sherlock Holmes: The Devil's Daughter,5,0.0016
2336,2123021352,Sherlock Holmes: The Devil's Daughter Redux,5,0.0016
2337,1880975663,Simple Solitaire,5,0.0016
2338,1907729638,Solasta: Crown of the Magister,5,0.0016
2339,1943663664,SpellForce III Reforced,5,0.0016
2340,1734092917,Spirit of the North: Enhanced Edition,5,0.0016
2341,2032251921,Spot Challenge Vol. 2,5,0.0016
2342,1992651140,STAR WARS™: Dark Forces Remaster,5,0.0016
2343,1611656661,Starbound,5,0.0016
2344,1692236270,Stolen Realm,5,0.0016
2345,2029929513,Strider,5,0.0016
2346,1718545023,Sunset Overdrive,5,0.0016
2347,1841866029,Super Bomberman R Online,5,0.0016
2348,2084457373,Super Double Dragon,5,0.0016
2349,1827356638,Survivor - Castaway Island,5,0.0016
2350,1704201327,System Shock 2: 25th Anniversary Remaster,5,0.0016
2351,1978334388,Tank Mechanic Simulator,5,0.0016
2352,1431504864,TC's EndWar,5,0.0016
2353,1480657504,Tecmo Bowl Throwback®,5,0.0016
2354,1480656886,Texas Hold'em,5,0.0016
2355,1774362586,The Backrooms 1998,5,0.0016
2356,939155231,The Council - Episode 1: The Mad Ones,5,0.0016
2357,2115998347,The Drone Racing League Simulator,5,0.0016
2358,1821165740,The Eternal Cylinder,5,0.0016
2359,1058433943,The Incredible Adventures of Van Helsing III,5,0.0016
2360,996619018,The Sinking City,5,0.0016
2361,2089424131,This War of Mine: Final Cut,5,0.0016
2362,1480657534,Torchlight,5,0.0016
2363,1702020699,Tourist Bus Simulator,5,0.0016
2364,1887639245,Tracks - The Train Set Game,5,0.0016
2365,2125289543,TRANSFORMERS™: Devastation,5,0.0016
2366,1879353165,TT Isle of Man Ride on the Edge 2,5,0.0016
2367,1882728475,TY the Tasmanian Tiger™ 2: Bush Rescue™ HD,5,0.0016
2368,563485628,War Planet Online: Global Conquest,5,0.0016
2369,1975267359,"Warhammer 40,000: Mechanicus",5,0.0016
2370,2078235268,"Warhammer 40,000: Shootas, Blood & Teef",5,0.0016
2371,1704142080,Warhammer: Chaosbane Slayer Edition Xbox Series X|S,5,0.0016
2372,648298719,Warhammer: Chaosbane Xbox One,5,0.0016
2373,1807860559,Werewolf: The Apocalypse - Earthblood,5,0.0016
2374,1662257169,What The Dub?!,5,0.0016
2375,1929637600,Wildkeepers Rising,5,0.0016
2376,2125765747,Windbound,5,0.0016
2377,1048549433,WRC 6 FIA World Rally Championship,5,0.0016
2378,1049055654,XCOM®: Enemy Within,5,0.0016
2379,1786776587,Yum Yum Cookstar,5,0.0016
2380,1263405122,ZOE HD ,5,0.0016
2381,1948986948,007 First Light,4,0.0012
2382,570085654,8-Bit RTS Series,4,0.0012
2383,1918072947,A Maze Against Time,4,0.0012
2384,70786264,ACA NEOGEO METAL SLUG 5,4,0.0012
2385,2077540326,Alina of the Arena,4,0.0012
2386,2093965833,Angry Birds Friends,4,0.0012
2387,880418401,AO International Tennis,4,0.0012
2388,1878021400,Aquapark io,4,0.0012
2389,1756488270,Arkanoid Eternal Battle,4,0.0012
2390,1877455960,art of rally,4,0.0012
2391,487844727,Assault Android Cactus,4,0.0012
2392,686748290,Atari Flashback Classics Vol. 1,4,0.0012
2393,1833100190,Baldur's Gate: Dark Alliance II,4,0.0012
2394,1843898695,Bangers Unlimited,4,0.0012
2395,1854415183,Barn Finders,4,0.0012
2396,2006171548,Battle Brothers,4,0.0012
2397,1161889785,Battlefield: Bad Company,4,0.0012
2398,1396901849,Battlestations: Midway,4,0.0012
2399,1913455981,Beyond a Steel Sky,4,0.0012
2400,1689997111,Blackjack Solitaire,4,0.0012
2401,1947615757,Blacksmith of the Sand Kingdom,4,0.0012
2402,1714151217,Blair Witch,4,0.0012
2403,1942570697,Blow it up,4,0.0012
2404,1480657330,Bomberman Battlefest,4,0.0012
2405,293403523,Cartoon Network: Battle Crashers,4,0.0012
2406,2123178110,Castle of Heart: Retold,4,0.0012
2407,1480659655,Castle of Illusion,4,0.0012
2408,1096026071,Catherine,4,0.0012
2409,1644979601,Chernobylite Complete Edition,4,0.0012
2410,1810648866,Chickens Madness,4,0.0012
2411,1783440636,City Bus Manager,4,0.0012
2412,1736174077,City Transport Simulator: Tram,4,0.0012
2413,1480656871,Cloning Clyde,4,0.0012
2414,2040404955,Colorful Colore,4,0.0012
2415,1397032914,Condemned,4,0.0012
2416,2097032200,"Cook, Serve, Delicious! 2!!",4,0.0012
2417,35820305,Crackdown 3: Wrecking Zone,4,0.0012
2418,1620274602,Cricket 19,4,0.0012
2419,1689376479,Crypt of the Serpent King Remastered 4K Edition,4,0.0012
2420,2004939306,Crysis 3 Remastered,4,0.0012
2421,1819129417,Cursed Feed,4,0.0012
2422,1939160486,Dakar Desert Rally,4,0.0012
2423,1639343843,Dark Quest 3,4,0.0012
2424,1414596758,Darksiders II,4,0.0012
2425,1779096288,Deliver At All Costs,4,0.0012
2426,1697112419,Deliver Us Mars,4,0.0012
2427,382896606,Desperados III,4,0.0012
2428,1480656932,DOOM,4,0.0012
2429,2125974437,Door Kickers: Action Squad,4,0.0012
2430,1641402901,Double Dragon Gaiden: Rise of the Dragons,4,0.0012
2431,1747235781,DoubleDragon Advance,4,0.0012
2432,2044234749,Dragon's Dogma 2 Character Creator & Storage,4,0.0012
2433,1743457512,DRAGON QUEST BUILDERS 2,4,0.0012
2434,2104125318,DreamWorks Trolls Remix Rescue,4,0.0012
2435,1977810583,DUSK,4,0.0012
2436,531404425,DYNASTY WARRIORS 9,4,0.0012
2437,2067761315,EA SPORTS™ NBA LIVE 16,4,0.0012
2438,651709478,Emily Wants to Play Too,4,0.0012
2439,1944979900,EMPTY SHELL,4,0.0012
2440,1773142063,ENDER LILIES: Quietus of the Knights,4,0.0012
2441,1644006979,ENDLESS Legend™ 2,4,0.0012
2442,1803025916,Esports Life Tycoon,4,0.0012
2443,968775939,EVERSPACE™,4,0.0012
2444,1989956835,Evolve,4,0.0012
2445,1464993792,F.E.A.R. 3,4,0.0012
2446,942676443,F1™ 2016,4,0.0012
2447,1649971201,Fallout,4,0.0012
2448,1866455351,Fallout 3: Game of the Year Edition,4,0.0012
2449,82367207,Farmer's Dynasty,4,0.0012
2450,1911770674,Fast & Furious: Arcade Edition,4,0.0012
2451,1431504860,FC Instincts Predator,4,0.0012
2452,1920237746,FINAL FANTASY II,4,0.0012
2453,1799236568,FINAL FANTASY V,4,0.0012
2454,487997863,FINAL FANTASY XIII,4,0.0012
2455,1397819398,FINAL FANTASY XIII-2,4,0.0012
2456,1733492292,Finding Frankie,4,0.0012
2457,1480656914,GALAGA,4,0.0012
2458,1856172970,Game of Thrones - Episode 1: Iron from Ice,4,0.0012
2459,1480657265,GAROU MOW,4,0.0012
2460,1711556027,Garten of Banban 2,4,0.0012
2461,2005313515,Garten of Banban 7,4,0.0012
2462,1641056892,Gloomhaven,4,0.0012
2463,2020925056,Grim Dawn: Definitive Edition,4,0.0012
2464,121960285,Guts & Glory,4,0.0012
2465,1685452800,Hairdresser Simulator,4,0.0012
2466,1704654963,Happy's Humble Burger Farm,4,0.0012
2467,1695499346,Headbangers: Rhythm Royale,4,0.0012
2468,1654652604,Heavy Cargo - The Truck Simulator,4,0.0012
2469,1880774720,Heroes of Hammerwatch - Ultimate Edition,4,0.0012
2470,1397819420,Hitman HD Pack,4,0.0012
2471,21051553,It's Quiz Time,4,0.0012
2472,1480660105,JUJU,4,0.0012
2473,1789366577,Junkyard Builder,4,0.0012
2474,1716785936,Jusant,4,0.0012
2475,1003093254,Just Dance 2017®,4,0.0012
2476,1855729960,Just Dance® 2021,4,0.0012
2477,1816678719,KeyWe,4,0.0012
2478,1431504851,King Kong,4,0.0012
2479,1871178585,Kingdom Rush,4,0.0012
2480,1161890110,Kingdoms of Amalur: Reckoning,4,0.0012
2481,1480657105,KOF98UM,4,0.0012
2482,1003487612,Korgan,4,0.0012
2483,1848238632,Leisure Suit Larry - Wet Dreams Don't Dry,4,0.0012
2484,1929376326,Lil Gator Game,4,0.0012
2485,1747517565,Little Goody Two Shoes,4,0.0012
2486,1886840872,Loop Hero,4,0.0012
2487,1634336729,LUNAR Remastered Collection,4,0.0012
2488,1480659475,Magic 2013,4,0.0012
2489,1726562887,Mamorukun ReCurse!,4,0.0012
2490,1886514325,Marble It Up! Ultra,4,0.0012
2491,350075261,Marvel Heroes Omega,4,0.0012
2492,956590734,Mega Man Legacy Collection 2,4,0.0012
2493,2099446354,Midnight Fight Express,4,0.0012
2494,1807714585,Monster Truck Championship,4,0.0012
2495,1679505567,Moto Rush GT,4,0.0012
2496,1685476854,Motorcycle Mechanic Simulator 2021,4,0.0012
2497,1480656951,MS.PAC-MAN,4,0.0012
2498,1756205157,MySims™,4,0.0012
2499,1893545198,MySims™ Kingdom,4,0.0012
2500,607267025,N++ (NPLUSPLUS),4,0.0012
2501,878282273,NBA 2K17: The Prelude,4,0.0012
2502,1777345011,Neon Inferno,4,0.0012
2503,1480659560,NiGHTS into dreams...,4,0.0012
2504,1843080071,Ocean Keeper,4,0.0012
2505,1750039382,Oceanhorn 2 - Knights of the Lost Realm,4,0.0012
2506,2034276683,Oddsparks: An Automation Adventure,4,0.0012
2507,1129121809,OF: Dragon Rising,4,0.0012
2508,1764133092,OlliOlli World,4,0.0012
2509,1989157631,Once Human,4,0.0012
2510,1881526368,One Finger Death Punch 2,4,0.0012
2511,1964152695,OneShot: World Machine Edition,4,0.0012
2512,2074508136,Open Country,4,0.0012
2513,264259050,Ori and the Blind Forest,4,0.0012
2514,2002349228,OVERPASS™,4,0.0012
2515,1828865417,PAC-PAC,4,0.0012
2516,2090177606,PERISH,4,0.0012
2517,1731213835,Pickup Driving - Free,4,0.0012
2518,1972300274,Police Stories,4,0.0012
2519,1480657006,Puzzle Fighter HD,4,0.0012
2520,1784625849,Queen's Quest 5: Symphony of Death,4,0.0012
2521,319577309,RAD,4,0.0012
2522,24524637,Railway Empire,4,0.0012
2523,1619865604,Ring of Pain,4,0.0012
2524,1769121996,River City Girls 2,4,0.0012
2525,1813567768,Roadside Research (Game Preview),4,0.0012
2526,1820242486,Roguebook Xbox Series X|S,4,0.0012
2527,2001626208,Roots of Pacha,4,0.0012
2528,520010865,RWBY: Grimm Eclipse,4,0.0012
2529,378040902,Salt and Sanctuary,4,0.0012
2530,1753316980,Sanicball Xbox version,4,0.0012
2531,1945317756,Shadow Labyrinth,4,0.0012
2532,1480657316,Shinobi,4,0.0012
2533,1414793256,Sid Meier's Pirates!,4,0.0012
2534,1783788045,SILENT HILL f - Bonus Content,4,0.0012
2535,1906073826,Skullgirls 2nd Encore,4,0.0012
2536,687576060,Skylanders SuperChargers Portal Owner's Pack,4,0.0012
2537,1613869684,Skylanders SWAP Force,4,0.0012
2538,60656359,SOMA,4,0.0012
2539,827319667,Space Hulk: Tactics,4,0.0012
2540,1763680989,Space Science Investigations,4,0.0012
2541,1507365602,Sparkle Unleashed,4,0.0012
2542,2017067425,Spot Challenge Vol. 1,4,0.0012
2543,2063855906,STAR OCEAN THE DIVINE FORCE,4,0.0012
2544,1663285336,STAR WARS™: Bounty Hunter™,4,0.0012
2545,1928799402,StarCraft® Remastered,4,0.0012
2546,2039717133,Stock Cars Unleashed 2023,4,0.0012
2547,1876484566,STORY OF SEASONS: Friends of Mineral Town,4,0.0012
2548,1675190546,Stunt Paradise,4,0.0012
2549,1746879934,Submerged: Hidden Depths,4,0.0012
2550,1839740207,Supraland,4,0.0012
2551,2132478540,Tails of Iron 2: Whiskers of Winter,4,0.0012
2552,1733855657,Tech Glitch,4,0.0012
2553,1761788696,Tennis World Tour 2,4,0.0012
2554,2040514027,Terminull Brigade™,4,0.0012
2555,1881824137,Tetris® Forever,4,0.0012
2556,1999803984,The Amazing Spider-Man 2™,4,0.0012
2557,1733173772,The Bard's Tale Trilogy,4,0.0012
2558,1414793357,The Darkness II,4,0.0012
2559,2084032984,The Explorer Of Night,4,0.0012
2560,1772965835,The Last Stand: Aftermath,4,0.0012
2561,1781023780,The Medium,4,0.0012
2562,1941546606,Tides of Annihilation,4,0.0012
2563,32122245,Tony Hawk's® Pro Skater™ 5,4,0.0012
2564,1841510170,Tony Stewart's Sprint Car Racing,4,0.0012
2565,1695392136,Tormented Souls,4,0.0012
2566,1760551143,Touhou Luna Nights,4,0.0012
2567,703997631,TowerFall Ascension,4,0.0012
2568,1480657310,Toy Soldiers,4,0.0012
2569,1763742865,Train Sim World® 2,4,0.0012
2570,2021123644,Tram Simulator Urban Transit,4,0.0012
2571,1642785895,TRANSFORMERS: EARTHSPARK - Expedition,4,0.0012
2572,1917641293,Treasure Hunter Simulator,4,0.0012
2573,2142053337,Trüberbrook,4,0.0012
2574,547734537,Truck Racing Championship,4,0.0012
2575,2093112005,Turok 3: Shadow of Oblivion Remastered,4,0.0012
2576,2089989279,UFO ROBOT GRENDIZER – The Feast of the Wolves,4,0.0012
2577,1629100331,Ultra Foodmess 2,4,0.0012
2578,1777656573,Vanquish,4,0.0012
2579,1951151775,Vicious Attack Llama Apocalypse,4,0.0012
2580,1066906675,Vikings - Wolves of Midgard,4,0.0012
2581,2119315223,Void Crew,4,0.0012
2582,1892485156,We Were Here Expeditions: The FriendShip,4,0.0012
2583,1955199870,We Were Here Together,4,0.0012
2584,1780460930,Wild Bastards,4,0.0012
2585,2069636428,WINGSPAN,4,0.0012
2586,1696945475,WrestleQuest,4,0.0012
2587,1764107912,Yakuza 4 Remastered,4,0.0012
2588,1990116831,Yooka-Laylee and the Impossible Lair,4,0.0012
2589,1841078711,Zombie Derby 2,4,0.0012
2590,820078969,Zombie Driver Ultimate Edition,4,0.0012
2591,1870088706,112 Operator,3,0.0009
2592,1682735559,9 Monkeys of Shaolin,3,0.0009
2593,1660341261,ACA2NEOGEO THE KING OF FIGHTERS '98,3,0.0009
2594,1480656956,Aegis Wing,3,0.0009
2595,2037129768,AeternnoBlade II : Infinity,3,0.0009
2596,1915969143,AFL 23,3,0.0009
2597,2095341139,Agatha Christie - Hercule Poirot: The London Case,3,0.0009
2598,1796559648,Aircraft Carrier Survival,3,0.0009
2599,173777692,Alto's Adventure,3,0.0009
2600,1828567307,Angry Video Game Nerd I & II Deluxe,3,0.0009
2601,2081200138,Arcade Classics Anniversary Collection,3,0.0009
2602,1743279702,Arma Reforger - Experimental,3,0.0009
2603,2052723094,Armatus,3,0.0009
2604,1431504989,Assassin's Creed Brotherhood,3,0.0009
2605,1910615612,Asterix & Obelix Slap Them All!,3,0.0009
2606,1865619206,Astro Flame Starfighter,3,0.0009
2607,968268482,Atari Flashback Classics Vol. 3,3,0.0009
2608,1725237513,Autobahn Police Simulator 2,3,0.0009
2609,1902834375,Autobahn Police Simulator 3,3,0.0009
2610,1414596577,Avatar: TLA: TBE,3,0.0009
2611,1949426934,AVICII Invector,3,0.0009
2612,1748175744,Azure Striker GUNVOLT 3,3,0.0009
2613,1480656876,Bankshot Billiards 2,3,0.0009
2614,465259992,Battle Chasers: Nightwar,3,0.0009
2615,2138218417,Becastled,3,0.0009
2616,2099876954,Big Rumble Boxing: Creed Champions,3,0.0009
2617,372310074,Bit Dungeon Plus,3,0.0009
2618,1969372075,BlazBlue: Cross Tag Battle Special Edition,3,0.0009
2619,1972410679,Blaze and the Monster Machines: Axle City Racers,3,0.0009
2620,1431504859,Blazing Angels,3,0.0009
2621,2028748673,Bleak Faith,3,0.0009
2622,941698858,Bleed 2,3,0.0009
2623,1739622609,Blood West,3,0.0009
2624,1723799507,BloodRayne 2: ReVamped,3,0.0009
2625,1844418156,Botany Manor,3,0.0009
2626,1480657102,Braid,3,0.0009
2627,58039508,Bridge Constructor Portal,3,0.0009
2628,1972740153,Bright Memory: Infinite Platinum Edition,3,0.0009
2629,2133362762,Broken Sword - Shadow of the Templars: Reforged,3,0.0009
2630,1899809649,Bubble Shooter Viking Pop!,3,0.0009
2631,1912531214,Bunny Battle Nemesis,3,0.0009
2632,1866204162,Burnhouse Lane,3,0.0009
2633,1916243879,Camping Simulator: The Squad,3,0.0009
2634,2018993706,Candy Crush Soda Saga,3,0.0009
2635,1714744209,Catacomb Master,3,0.0009
2636,1962218680,Cel Damage HD,3,0.0009
2637,1715577372,Chained Echoes,3,0.0009
2638,1717280173,CHRONO CROSS: THE RADICAL DREAMERS EDITION,3,0.0009
2639,2035194488,Clunky Hero,3,0.0009
2640,1872936107,Cobra Kai: The Karate Kid Saga Continues,3,0.0009
2641,1610974574,Cocoon,3,0.0009
2642,1640341352,College Bowl,3,0.0009
2643,1809115559,Corpse Party,3,0.0009
2644,1766171641,Croc's World,3,0.0009
2645,1687740829,Croc's World 3,3,0.0009
2646,989689010,Crypt of the Serpent King,3,0.0009
2647,1959321814,CUBERS: ARENA,3,0.0009
2648,1946372542,Cubic Odyssey,3,0.0009
2649,1684821663,Cuisineer,3,0.0009
2650,2143418799,Cursed to Golf,3,0.0009
2651,1033012343,D4: Dark Dreams Don't Die,3,0.0009
2652,2055582442,Danganronpa: Trigger Happy Havoc Anniversary Edition,3,0.0009
2653,149500505,de Blob 2,3,0.0009
2654,1480657531,Dead Space™ Ignition,3,0.0009
2655,1966406017,Deceive Inc.,3,0.0009
2656,1480657099,Defense Grid,3,0.0009
2657,3469638,Degrees of Separation,3,0.0009
2658,2014312535,Despot's Game,3,0.0009
2659,1821472434,Disciples: Liberation,3,0.0009
2660,268236555,Disney Infinity [2.0],3,0.0009
2661,1646140981,Double Kick Heroes,3,0.0009
2662,1480657549,DR2: CASE ZERO,3,0.0009
2663,1861826241,Duck Simulator 2,3,0.0009
2664,1847263549,Dungeon Defenders: Awakened,3,0.0009
2665,1666801480,Dunk Lords,3,0.0009
2666,1640323097,DYNASTY WARRIORS 9 Empires,3,0.0009
2667,242301355,EA SPORTS™ NHL® 16,3,0.0009
2668,2035278481,Ed-0: Zombie Uprising,3,0.0009
2669,1874135365,EDENS ZERO,3,0.0009
2670,1668213515,Egg Game,3,0.0009
2671,2086101209,ELDERBORN,3,0.0009
2672,1706704659,Eldest Souls,3,0.0009
2673,809464104,Elex,3,0.0009
2674,2129002058,ENDER MAGNOLIA: Bloom in the Mist,3,0.0009
2675,1985585702,Endzone - A World Apart: Survivor Edition,3,0.0009
2676,1930656280,Enotria: The Last Song,3,0.0009
2677,1880860626,Escape Academy,3,0.0009
2678,2012825026,Eville,3,0.0009
2679,524284397,Extinction,3,0.0009
2680,1129121874,F1™ 2014,3,0.0009
2681,750338097,Fable Fortune,3,0.0009
2682,1480657798,Fable Heroes,3,0.0009
2683,974041664,Fade to Silence,3,0.0009
2684,1760050791,Fae Farm,3,0.0009
2685,1895194085,Fallout 2,3,0.0009
2686,1651975869,FANTASIAN Neo Dimension,3,0.0009
2687,1814653009,FAR: Changing Tides,3,0.0009
2688,495246139,FAST & FURIOUS CROSSROADS,3,0.0009
2689,1709057471,FATAL FRAME: Mask of the Lunar Eclipse,3,0.0009
2690,1079518187,FINAL FANTASY TYPE-0 HD,3,0.0009
2691,1677004965,FINAL FANTASY VII WINDOWS EDITION,3,0.0009
2692,136671143,FINAL FANTASY XV MULTIPLAYER: COMRADES,3,0.0009
2693,1962339231,Firegirl: Hack 'n Splash Rescue DX,3,0.0009
2694,1757667844,Food Truck Simulator,3,0.0009
2695,2055192299,FRONT MISSION 2: Remake,3,0.0009
2696,1414596568,Frontlines:Fuel of War,3,0.0009
2697,1741490588,Fruit Adventure,3,0.0009
2698,2054354492,Fruit Ninja Kinect 2,3,0.0009
2699,1776085745,Fruitbus,3,0.0009
2700,1763229627,Fuga: Melodies of Steel 2,3,0.0009
2701,1629973687,Garden Life: A Cozy Simulator,3,0.0009
2702,1705113845,Garten of Banban 6,3,0.0009
2703,2036291363,Garten of Banban 8: Anti Devil,3,0.0009
2704,21230315,Genesis Alpha One,3,0.0009
2705,2004896584,Ghost Trick: Phantom Detective,3,0.0009
2706,732939800,Ghostbusters™,3,0.0009
2707,2045688705,Giana Sisters: Twisted Dreams - Director's Cut,3,0.0009
2708,2043449905,Gori: Cuddly Carnage,3,0.0009
2709,1981717681,Grey Skies: A War of the Worlds Story,3,0.0009
2710,1129121873,GRID Autosport,3,0.0009
2711,1754509768,Griftlands,3,0.0009
2712,2018425452,Guacamelee! 2,3,0.0009
2713,453673951,Guitar Hero Live,3,0.0009
2714,766737132,Halo 5: Forge,3,0.0009
2715,1780268897,Harvest Moon: Light of Hope SE Complete,3,0.0009
2716,1670362756,Heliborne,3,0.0009
2717,1928781153,Hellboy Web of Wyrd,3,0.0009
2718,1713780480,HOTEL BARCELONA,3,0.0009
2719,722916288,Hue,3,0.0009
2720,1693450318,Hunt: Showdown,3,0.0009
2721,1784847115,Hypnospace Outlaw,3,0.0009
2722,1480657722,I Am Alive™,3,0.0009
2723,1480657016,Ikaruga,3,0.0009
2724,1654140051,Indiana Jones and the Great Circle™: Digital Artbook,3,0.0009
2725,1397819355,Infinite Undiscovery,3,0.0009
2726,1644577583,Ion Fury,3,0.0009
2727,1480659446,Joe Danger 2: The Movie,3,0.0009
2728,2127254728,Jonah Lomu Rugby Challenge 4,3,0.0009
2729,1645652626,Kena: Bridge of Spirits,3,0.0009
2730,1840996916,Kinect Sports Rivals,3,0.0009
2731,1703270586,Kingdom Come: Deliverance,3,0.0009
2732,1745241155,Kitten Island,3,0.0009
2733,973293235,Kitty Powers' Matchmaker,3,0.0009
2734,1039363526,Kona,3,0.0009
2735,1900505119,Kung Fu Panda Showdown of Legendary Legends,3,0.0009
2736,522988823,LA Cops,3,0.0009
2737,815134214,Lara Croft and the Guardian of Light,3,0.0009
2738,2107556397,Layers of Fear 2,3,0.0009
2739,2005013689,LEGO® Bricktales,3,0.0009
2740,257790124,Lethal League,3,0.0009
2741,1761905942,Lifeless Planet: Premier Edition,3,0.0009
2742,1480656888,LUMINES LIVE!,3,0.0009
2743,1480657727,Magic 2012,3,0.0009
2744,1112934356,Meet the Robinsons,3,0.0009
2745,523468027,Mega Man 11,3,0.0009
2746,470697695,Micro Machines World Series,3,0.0009
2747,1396901860,MINI NINJAS™,3,0.0009
2748,189896967,Monaco: What's Yours is Mine,3,0.0009
2749,1480657469,Monday Night Combat,3,0.0009
2750,458470194,Monster Boy and the Cursed Kingdom,3,0.0009
2751,1682174654,Monster Harvest,3,0.0009
2752,2038013659,Monster High™‎ Skulltimate Secrets™,3,0.0009
2753,2025687845,Monster Prom 3: Monster Roadtrip XXL,3,0.0009
2754,2139970300,Moonglow Bay,3,0.0009
2755,1847551904,Morbid: The Seven Acolytes,3,0.0009
2756,576433659,Moto Racer 4,3,0.0009
2757,819262220,MotoGP™17,3,0.0009
2758,284212046,MotoGP™18,3,0.0009
2759,634240708,MotoGP™19,3,0.0009
2760,1766907656,MotoGP™21 - Xbox Series X|S,3,0.0009
2761,1480657689,Ms. Splosion Man™,3,0.0009
2762,2091286911,Mudness Offroad - 4x4 Truck Car Simulator,3,0.0009
2763,1834840157,Murder House,3,0.0009
2764,1781008619,MY LITTLE PONY: A Maretime Bay Adventure,3,0.0009
2765,1991467401,My Little Universe,3,0.0009
2766,1894122921,My Singing Monsters Playground,3,0.0009
2767,2078262992,My Time at Sandrock Online,3,0.0009
2768,498956148,NASCAR Heat 2,3,0.0009
2769,1882866745,NBA BOUNCE,3,0.0009
2770,919412218,Necromunda: Underhive Wars,3,0.0009
2771,1703518315,Neoverse,3,0.0009
2772,1907337607,NHL® 15 Full Game,3,0.0009
2773,2104142109,Night Slashers: Remake,3,0.0009
2774,1647467336,Nikoderiko: The Magical World - Director's Cut,3,0.0009
2775,1661259138,NINJA KIDZ: TIME MASTERS,3,0.0009
2776,1991040607,No Place Like Home,3,0.0009
2777,1732084298,No Puedes Escapar,3,0.0009
2778,2081999852,Observer: System Redux,3,0.0009
2779,54254179,Oceanhorn - Monster of Uncharted Seas,3,0.0009
2780,301029247,Oddworld: New 'n' Tasty,3,0.0009
2781,1820510942,Oh Balls Merge,3,0.0009
2782,303740234,Oh...Sir! The Insult Simulator,3,0.0009
2783,933693396,ŌKAMI HD,3,0.0009
2784,1707083836,One Military Camp,3,0.0009
2785,1847106181,Oppidum,3,0.0009
2786,1661545526,Orcs Must Die! 3,3,0.0009
2787,1129121801,Overlord II,3,0.0009
2788,1949523812,Override 2: Super Mech League,3,0.0009
2789,1864409407,Pad Quad,3,0.0009
2790,1616365132,Papa's Quiz,3,0.0009
2791,2041098926,Paper Glider,3,0.0009
2792,1836785866,ParkourLand Elite: Playground,3,0.0009
2793,577843491,Phar Lap - Horse Racing Challenge,3,0.0009
2794,650235919,Planet of the Eyes,3,0.0009
2795,172342998,PLAYERUNKNOWN’S BATTLEGROUNDS – Public Test Server,3,0.0009
2796,1679725857,PuzzleCar,3,0.0009
2797,562694050,R.B.I. Baseball 16,3,0.0009
2798,1998043773,R.B.I. Baseball 19,3,0.0009
2799,1919758296,Ra Ra BOOM,3,0.0009
2800,822866352,Raging Justice,3,0.0009
2801,1480657184,Raskulls,3,0.0009
2802,2071320447,Ravenlok,3,0.0009
2803,1480659438,RAW,3,0.0009
2804,1618309410,Relicta,3,0.0009
2805,2091620971,Remains,3,0.0009
2806,773588741,RICO,3,0.0009
2807,1623503769,RiMS Racing,3,0.0009
2808,1738390204,Rivals of Aether,3,0.0009
2809,1791949165,Robin Hood - Sherwood Builders,3,0.0009
2810,1745852530,RollerCoaster Tycoon 3 Complete Edition,3,0.0009
2811,1850415990,"Rolling Hills: Make Sushi, Make Friends",3,0.0009
2812,2028931904,Rugby 20,3,0.0009
2813,1652661000,Rugby Challenge 4,3,0.0009
2814,1263405009,Rumble Roses XX,3,0.0009
2815,1690094100,Run Sausage Run!,3,0.0009
2816,1667098395,Sailing the Winds,3,0.0009
2817,1708768275,Saints Row Boss Factory,3,0.0009
2818,1480657104,Samurai Shodown II,3,0.0009
2819,1743795092,Schedule I - Drug Dealer,3,0.0009
2820,365310947,Scribblenauts Mega Pack,3,0.0009
2821,2139098715,Section 13,3,0.0009
2822,1480657539,SEGA Bass Fishing,3,0.0009
2823,1480657778,Sega Vintage Collection: Monster World,3,0.0009
2824,1729553161,Sektori,3,0.0009
2825,1641777228,Serious Sam 4,3,0.0009
2826,1657708224,Seven Doors,3,0.0009
2827,2077320849,Shadow Man Remastered,3,0.0009
2828,1908885199,Shadows of the Damned: Hella Remastered,3,0.0009
2829,1933595910,Shaolin vs Wutang 2,3,0.0009
2830,903306295,Shining Resonance Refrain,3,0.0009
2831,1480659508,SINE MORA™,3,0.0009
2832,972210258,Sky Force Anniversary,3,0.0009
2833,902608,Sky Force Reloaded,3,0.0009
2834,1619682648,Slaycation Paradise,3,0.0009
2835,16468936,So Many Me,3,0.0009
2836,1368358394,Soda Drinker Pro,3,0.0009
2837,1813197692,SOS OPS!,3,0.0009
2838,2116209805,Soul Hackers 2,3,0.0009
2839,2098784475,Soulstice,3,0.0009
2840,1613171538,Spacelines from the Far Out,3,0.0009
2841,196851457,Spike Volleyball,3,0.0009
2842,2120222634,Spirit of the North 2,3,0.0009
2843,380703582,Splosion Man,3,0.0009
2844,2045695664,SpongeBob: Krusty Cook-Off Extra Krusty Edition,3,0.0009
2845,1912029217,STAB STAB STAB!,3,0.0009
2846,2071323777,Star Trek: Resurgence,3,0.0009
2847,1974921711,STAR WARS™: Episode I: Jedi Power Battles™,3,0.0009
2848,1328778537,SteamWorld Dig,3,0.0009
2849,1732155244,SteamWorld Heist II,3,0.0009
2850,605317845,Stern Pinball Arcade,3,0.0009
2851,903098188,Strange Brigade,3,0.0009
2852,1794869036,Strike Force Heroes,3,0.0009
2853,1646935799,Strike Mission XS,3,0.0009
2854,2120109308,STUFFED,3,0.0009
2855,2023806716,Styx: Master of Shadows,3,0.0009
2856,1815065288,Sugardew Island,3,0.0009
2857,2037941256,SUPER BOMBERMAN R 2,3,0.0009
2858,1866825187,Super Monkey Ball: Banana Blitz HD,3,0.0009
2859,1918884435,Sword of the Vagrant,3,0.0009
2860,1689317374,TCG Card Shop Simulator,3,0.0009
2861,1090851408,TEMBO THE BADASS ELEPHANT,3,0.0009
2862,2065439517,That Time I Got Reincarnated as a Slime ISEKAI Chronicles,3,0.0009
2863,157772240,The Bard's Tale IV: Director's Cut,3,0.0009
2864,1626525581,The Bridge Curse: Road to Salvation,3,0.0009
2865,1766787305,The Cute Whale,3,0.0009
2866,1685158190,The Expanse: A Telltale Series,3,0.0009
2867,29720212,The Flame in the Flood,3,0.0009
2868,1918006946,The Inheritance of Crimson Manor,3,0.0009
2869,460271635,The Legend of Korra™,3,0.0009
2870,1648318214,The Lord of the Rings: Gollum™,3,0.0009
2871,2116788151,The Mound: Omen of Cthulhu,3,0.0009
2872,1865341179,The MUSYNX,3,0.0009
2873,1816960683,The Nightmares At The Krusty Krab,3,0.0009
2874,901516198,The Surge 2,3,0.0009
2875,946930585,The Walking Dead Collection - The Telltale Series,3,0.0009
2876,1889167057,The Walking Dead: Destinies,3,0.0009
2877,2128187549,The Walking Zombie 2,3,0.0009
2878,1279330262,Thrillville: OTR,3,0.0009
2879,600509688,Thumper,3,0.0009
2880,1921002071,Ticket to Ride: Classic Edition,3,0.0009
2881,21471625,Torchlight II,3,0.0009
2882,519443170,Torment: Tides of Numenera,3,0.0009
2883,1686179203,Township,3,0.0009
2884,75584766,Trine 4: The Nightmare Prince,3,0.0009
2885,1264125916,Tropico 4,3,0.0009
2886,1749676903,Two Point Campus,3,0.0009
2887,1871105054,TY the Tasmanian Tiger HD,3,0.0009
2888,1683451145,Ultra Foodmess Deluxe,3,0.0009
2889,1297549275,Unreal Tournament III,3,0.0009
2890,1620954305,Vagante,3,0.0009
2891,1640379056,Vagrus - The Riven Realms,3,0.0009
2892,131540426,Valentino Rossi The Game,3,0.0009
2893,861949148,What Remains of Edith Finch,3,0.0009
2894,1763125243,Wild Card Football,3,0.0009
2895,1850965631,Wildermyth: Console Edition,3,0.0009
2896,1738666347,Wizardry: Proving Grounds of the Mad Overlord,3,0.0009
2897,1683514281,World of Warships,3,0.0009
2898,775457902,WRC 5 FIA World Rally Championship,3,0.0009
2899,333251915,X-Morph: Defense,3,0.0009
2900,391356720,Yooka-Laylee,3,0.0009
2901,1752291141,Zombie Derby,3,0.0009
2902,2140131389,[REDACTED],2,0.0006
2903,1611397130,20XX,2,0.0006
2904,1855137956,2URVIVE,2,0.0006
2905,2094746370,34 Sports Games - World Edition,2,0.0006
2906,2099527901,63 Days,2,0.0006
2907,544527071,911 Operator,2,0.0006
2908,1722019576,9th Dawn Remake,2,0.0006
2909,1791707434,A Castle Full of Cats,2,0.0006
2910,88086791,A KING'S TALE: FINAL FANTASY XV,2,0.0006
2911,732054872,ACA NEOGEO BIG TOURNAMENT GOLF,2,0.0006
2912,605012161,ACA NEOGEO THE KING OF FIGHTERS '95,2,0.0006
2913,1949370509,Acre Crisis,2,0.0006
2914,1849400719,Adios,2,0.0006
2915,592146950,Adventure Pop,2,0.0006
2916,344925310,Adventure Time: Finn and Jake Investigations,2,0.0006
2917,1784931030,Aerial_Knight's Never Yield,2,0.0006
2918,1956029545,Aeterna Noctis,2,0.0006
2919,711714069,Agatha Christie - The ABC Murders,2,0.0006
2920,2080141972,Aground,2,0.0006
2921,1704834214,Aim Assist,2,0.0006
2922,2116588551,Airoheart,2,0.0006
2923,1859288114,AirportSim,2,0.0006
2924,2036577806,Akane,2,0.0006
2925,1096157148,Alaskan Adventures,2,0.0006
2926,1997651308,All You Need is Help,2,0.0006
2927,1649996690,Alone in the Dark Prologue,2,0.0006
2928,1480657314,Altered Beast,2,0.0006
2929,1698247129,Aly The Alligator in Space Trouble,2,0.0006
2930,1628251712,Amazing Maze,2,0.0006
2931,189808036,American Fugitive,2,0.0006
2932,1694657478,Amnesia: Rebirth,2,0.0006
2933,2089856457,Angry Video Game Nerd 8-bit,2,0.0006
2934,1700846766,Animal Lover,2,0.0006
2935,2066750369,APG: A Plane Game,2,0.0006
2936,2087906718,Aquarun,2,0.0006
2937,1814475633,Archaica: The Path Of Light,2,0.0006
2938,2099466588,Archvale,2,0.0006
2939,1897858878,Asdivine Hearts,2,0.0006
2940,1762779465,Asterigos: Curse of the Stars,2,0.0006
2941,1946604107,Asteroids: Recharged,2,0.0006
2942,1480656882,Astropop,2,0.0006
2943,267850304,ATV Drift & Tricks Definitive Edition,2,0.0006
2944,1152151422,BADLAND: Game of the Year,2,0.0006
2945,1618019161,Ballotron Coolbox,2,0.0006
2946,1780001013,Ballotron Galaxy,2,0.0006
2947,1480656943,Band of Bugs,2,0.0006
2948,832828665,Batman: The Telltale Series,2,0.0006
2949,1863651407,Battleborn,2,0.0006
2950,1480657278,Battlefield 1943™,2,0.0006
2951,1161889755,Battlefield 2: MC,2,0.0006
2952,1136549309,Battlefield 4™ Community Test Environment,2,0.0006
2953,1480657374,BC - Rearmed 2,2,0.0006
2954,1624781891,Beat of Montezuma,2,0.0006
2955,1313671132,Beautiful Katamari,2,0.0006
2956,1863389993,Bee Flowers,2,0.0006
2957,1614199038,Before Exit : Gas Station,2,0.0006
2958,139697962,Beholder Complete Edition,2,0.0006
2959,2106780142,Beneath,2,0.0006
2960,2059259389,Beyond Galaxyland,2,0.0006
2961,1955832684,Beyond Good & Evil 20th Anniversary Edition,2,0.0006
2962,1021034070,Big Buck Hunter Arcade,2,0.0006
2963,621760503,Big Crown: Showdown,2,0.0006
2964,2008389504,Big Helmet Heroes,2,0.0006
2965,531923308,Bike Mayhem 2,2,0.0006
2966,1631604623,Biped 2,2,0.0006
2967,338768437,Black The Fall,2,0.0006
2968,1787759076,Blade of Darkness,2,0.0006
2969,2080382748,Blade Runner Enhanced Edition,2,0.0006
2970,1635661974,Bladed Fury,2,0.0006
2971,1475467792,BLADESTORM: Nightmare,2,0.0006
2972,1082339580,BLAZBLUE CHRONOPHANTASMA EXTEND,2,0.0006
2973,1938139131,Blind as a Bat,2,0.0006
2974,1892026097,Bloodwash,2,0.0006
2975,1664817482,Blue Fire,2,0.0006
2976,1756283393,Boomerforge,2,0.0006
2977,2086335869,Boti: Byteland Overclocked,2,0.0006
2978,2008100335,Brain simulator,2,0.0006
2979,1179846636,Breakdown,2,0.0006
2980,1857840975,Breakout: Recharged,2,0.0006
2981,73782745,Brothers: a Tale of Two Sons,2,0.0006
2982,2092197904,Bubsy in: The Purrfect Collection,2,0.0006
2983,1739510140,Bug Academy,2,0.0006
2984,1950881463,Bum Simulator,2,0.0006
2985,1908871844,Bunny Parking,2,0.0006
2986,1611785126,Bus Stop Shuffle,2,0.0006
2987,1633674805,Butterfly,2,0.0006
2988,2022947683,BVOVB - Bruising Vengeance of the Vintage Boxer,2,0.0006
2989,79582604,Cabela’s® African Adventures,2,0.0006
2990,1813758775,Cabernet,2,0.0006
2991,1664492743,Call of Duty®: Black Ops II,2,0.0006
2992,101219204,Cannon Brawl,2,0.0006
2993,1843053682,Captain Blood,2,0.0006
2994,1931470162,Car Driving School Simulator,2,0.0006
2995,2016139001,Card Collector Trading Shop,2,0.0006
2996,1760610535,Casino Pokers Memory,2,0.0006
2997,1897474813,Castle Walker,2,0.0006
2998,1480659976,Castlevania: LoS - Mirror of Fate HD,2,0.0006
2999,1652994741,Centipede: Recharged,2,0.0006
3000,2122185005,Chains of Freedom,2,0.0006
3001,1285127818,Chariot,2,0.0006
3002,1988589680,Checkers+ : Draughts Game For PC & XBOX,2,0.0006
3003,1872307318,Chef Life: A Restaurant Simulator,2,0.0006
3004,1944645448,Chess Battle,2,0.0006
3005,2005154977,Children of Morta,2,0.0006
3006,2144360818,Chornobyl Liquidators,2,0.0006
3007,1777046800,Cipher Monk,2,0.0006
3008,1627160129,Circuit Superstars,2,0.0006
3009,1861056451,City Island 5,2,0.0006
3010,1618799257,CityDriver,2,0.0006
3011,1756546018,Classic Pixel Marioboy Adventures,2,0.0006
3012,1775964743,Click the cookie!,2,0.0006
3013,1675162155,Cloud to Gold,2,0.0006
3014,1839636294,Cloudpunk,2,0.0006
3015,1774676042,Color Water Sort,2,0.0006
3016,1414596570,Conan,2,0.0006
3017,2021959782,Conan Chop Chop,2,0.0006
3018,1867541216,Connect 4 - Classics,2,0.0006
3019,1841498671,CONSCRIPT,2,0.0006
3020,1052111080,Constructor,2,0.0006
3021,1790053994,Cooking Fever,2,0.0006
3022,1872937240,Copycat,2,0.0006
3023,2079295420,Crash Team Rumble™,2,0.0006
3024,2004944930,Crime Simulator,2,0.0006
3025,706918470,Crimsonland,2,0.0006
3026,1991637540,Crossroads Inn,2,0.0006
3027,1696763703,Crown Wars: The Black Prince,2,0.0006
3028,429288038,Crypt of the NecroDancer,2,0.0006
3029,1705627827,CYGNI: All Guns Blazing,2,0.0006
3030,1752620496,Dadish,2,0.0006
3031,942640100,DAKAR 18,2,0.0006
3032,1705868586,Dangerous Driving,2,0.0006
3033,1919541930,Dark Grim Mariupolis,2,0.0006
3034,1991801140,Dark Light,2,0.0006
3035,2076735443,Darkest Dungeon PC,2,0.0006
3036,1734943461,Daymare: 1994 Sandcastle,2,0.0006
3037,1414596709,de Blob 2 (2014),2,0.0006
3038,514032111,Dead Alliance™: Multiplayer Edition,2,0.0006
3039,1951298086,Dead End Job,2,0.0006
3040,1922125818,Dead Reset,2,0.0006
3041,1684075016,Deadlink,2,0.0006
3042,1667166711,Deathless. The Hero Quest,2,0.0006
3043,1613018343,Delivery of Us,2,0.0006
3044,1893882380,DIMENSIONS,2,0.0006
3045,1737926681,Discounty,2,0.0006
3046,1981785404,Disney Illusion Island Starring Mickey and Friends,2,0.0006
3047,1112934403,Disney Universe,2,0.0006
3048,1112737777,DOOM 3 BFG Edition,2,0.0006
3049,2100206304,DOOM: The Dark Ages Digital Artbook and Soundtrack,2,0.0006
3050,1480659538,Double Dragon Neon,2,0.0006
3051,2084687312,Dragon's Lair Trilogy,2,0.0006
3052,168101896,Dreamfall Chapters,2,0.0006
3053,2027359366,DreamWorks Spirit Lucky's Big Adventure,2,0.0006
3054,2026145066,Drink 'Em,2,0.0006
3055,429018095,Dungeon of the Endless,2,0.0006
3056,1799540443,Dungeons & Dragons Neverwinter Nights 2: Enhanced Edition,2,0.0006
3057,1941812534,Dyson Sphere Program (Game Preview),2,0.0006
3058,571156610,Earthfall,2,0.0006
3059,1996027459,Educational Games for Kids (Cross-Buy),2,0.0006
3060,2128629789,ELDEN RING NIGHTREIGN Network Test,2,0.0006
3061,1666774281,Ember: Console Edition,2,0.0006
3062,1987965936,Empire Invasion,2,0.0006
3063,1945318676,Enchanted Portals,2,0.0006
3064,1313671153,Enslaved,2,0.0006
3065,1997600803,Epic Landscapes Jigsaw for PC & XBOX,2,0.0006
3066,2036619771,Escape First 3 Multiplayer,2,0.0006
3067,1835142714,Escape First Alchemist,2,0.0006
3068,2134693780,EVERSPACE™ 2,2,0.0006
3069,1867425405,Evil Inside,2,0.0006
3070,1828736918,Evil Nun: The Broken Mask,2,0.0006
3071,1998107412,ExitMan Deluxe,2,0.0006
3072,1448413145,F.E.A.R.,2,0.0006
3073,1448413160,F.E.A.R. Files,2,0.0006
3074,2034535389,F1® Manager 2023,2,0.0006
3075,1928112883,Fabledom,2,0.0006
3076,2036551350,FAR: Lone Sails,2,0.0006
3077,1645447317,Farm Manager 2022,2,0.0006
3078,1861337590,Farmer's Life,2,0.0006
3079,1828557775,FarmVille 2: Country Escape,2,0.0006
3080,2071782725,FINAL FANTASY III,2,0.0006
3081,1785402778,FINAL FANTASY XV POCKET EDITION,2,0.0006
3082,2089457960,Fishing: Barents Sea,2,0.0006
3083,1691539579,Flappy Fly,2,0.0006
3084,1480659966,Flashback,2,0.0006
3085,67961945,FlatOut 4 : Total Insanity,2,0.0006
3086,2084886611,Flowers - Color by Numbers,2,0.0006
3087,1612963482,Fly Punch Boom!,2,0.0006
3088,386153688,FLYING TIGERS: SHADOWS OVER CHINA,2,0.0006
3089,1634118154,Football Manager 2021 Xbox Edition,2,0.0006
3090,1917006388,"Football, Tactics & Glory – Treble Deluxe Edition",2,0.0006
3091,79963387,Forsaken Remastered,2,0.0006
3092,2093936173,Fossilfuel 2,2,0.0006
3093,1980291965,FPV Simulator,2,0.0006
3094,1480657553,From Dust™,2,0.0006
3095,1701705707,From Space,2,0.0006
3096,1816166604,FRONT MISSION 1st: Remake,2,0.0006
3097,2010372255,Ftooz Unleashed,2,0.0006
3098,2027986430,Fury Unleashed,2,0.0006
3099,1480657083,Galaga Legions,2,0.0006
3100,1717888621,Galaxy Control: Arena,2,0.0006
3101,2007728129,Gangsta Paradise,2,0.0006
3102,1783054290,Garfield Lasagna Party,2,0.0006
3103,1898042382,Gargoyles Remastered,2,0.0006
3104,1656463781,Genetic Disaster,2,0.0006
3105,2101650920,Geometry Jump - Impossible Dash,2,0.0006
3106,1968773087,Get Packed,2,0.0006
3107,1734964144,Ghosts 'n Goblins Resurrection,2,0.0006
3108,1614017709,Gigantosaurus: Dino Kart,2,0.0006
3109,1989416528,Gimmick! 2,2,0.0006
3110,1480659514,Girl Fight,2,0.0006
3111,1672998639,Glover (QUByte Classics),2,0.0006
3112,1770092694,Going Under,2,0.0006
3113,2079183119,Gord,2,0.0006
3114,1881829884,Grace of Letoile,2,0.0006
3115,1629480703,GRADIUS ORIGINS,2,0.0006
3116,1765168642,Grand Poker Casino,2,0.0006
3117,2083459521,Greak: Memories of Azur,2,0.0006
3118,1712385617,Greyhill Incident - Abducted Edition,2,0.0006
3119,671675837,GRIP,2,0.0006
3120,1744600653,Grow: Song of the Evertree,2,0.0006
3121,1996881299,Grumpy Cars,2,0.0006
3122,1480657707,GUARDIAN HEROES (TM),2,0.0006
3123,1936375380,Gungrave G.O.R.E,2,0.0006
3124,1698736128,Guts 'N Goals,2,0.0006
3125,1928525856,Halo: MCC Insider,2,0.0006
3126,1297292194,Halo: Spartan Strike,2,0.0006
3127,2038958977,Hand of Fate 2,2,0.0006
3128,1480657432,Hard Corps: Uprising,2,0.0006
3129,2028516160,Hardspace: Shipbreaker - Windows,2,0.0006
3130,1480656866,Hardwood Backgammon,2,0.0006
3131,1879237097,Harvest Moon: Home Sweet Home Special Edition,2,0.0006
3132,2062957237,Hell Let Loose: Vietnam,2,0.0006
3133,1700741047,Hex Gambit: Respawned,2,0.0006
3134,1967527679,Hidden Cat Outlaws,2,0.0006
3135,1822597971,Hidden Cats in London,2,0.0006
3136,1669048701,Hidden Cats in Spooky Town,2,0.0006
3137,2124184622,Hidden City: Hidden Object Adventure,2,0.0006
3138,1836720139,Higgs Boson: Puzzle Collection,2,0.0006
3139,1698046377,Highway Police Simulator,2,0.0006
3140,331529974,Hitman: Blood Money HD,2,0.0006
3141,1069384604,Home Sweet Home,2,0.0006
3142,1657530068,Homescapes,2,0.0006
3143,1775797026,Horizon Chase 2,2,0.0006
3144,939695563,Hotshot Racing,2,0.0006
3145,1646312420,House Builder,2,0.0006
3146,1026512979,How to Survive: Storm Warning Edition,2,0.0006
3147,1827075606,Human Zoo Tycoon,2,0.0006
3148,1702750733,Huntdown,2,0.0006
3149,720702755,Hyper Light Drifter,2,0.0006
3150,1622108683,I Am Your President,2,0.0006
3151,1686154202,Indoor Kickball,2,0.0006
3152,1758510297,Infinity Strash: DRAGON QUEST The Adventure of Dai,2,0.0006
3153,1759196295,ISLANDERS: New Shores,2,0.0006
3154,1684439879,Islets,2,0.0006
3155,1750788653,Jagged Alliance 3,2,0.0006
3156,961294040,Jet Car Stunts,2,0.0006
3157,1712474538,Jewel Match Twilight Solitaire,2,0.0006
3158,1480659445,Joe Danger Special Edition,2,0.0006
3159,668950127,Joe Dever’s Lone Wolf Console Edition,2,0.0006
3160,1832432939,Johnny Trigger,2,0.0006
3161,1691514153,JoJo Siwa: Worldwide Party,2,0.0006
3162,2004666712,Journey To The Savage Planet: Employee Of The Month,2,0.0006
3163,1480656856,Joust,2,0.0006
3164,1691551544,Jujutsu Kaisen Cursed Clash - Jujusta 2024,2,0.0006
3165,1773156258,Jurassic Park Classic Games Collection,2,0.0006
3166,1752507315,Jurassic Park: Survival,2,0.0006
3167,1144391632,Jurassic Park: The Game,2,0.0006
3168,1873447830,KAKU - Ancient Seal,2,0.0006
3169,1751090642,Kaze and the Wild Masks,2,0.0006
3170,2039051531,Kentum,2,0.0006
3171,1672473394,King K Roller,2,0.0006
3172,1970962100,King of Seas,2,0.0006
3173,1674517129,Knights of Pen & Paper 2 Deluxiest Edition,2,0.0006
3174,1998770794,Landnama,2,0.0006
3175,1973808452,Last Oasis (Game Preview),2,0.0006
3176,1909593680,Legends BMX,2,0.0006
3177,1775456726,Let's Sing 2023,2,0.0006
3178,2020192287,Let's Sing 2024,2,0.0006
3179,1938294390,Lia: Hacking Destiny,2,0.0006
3180,2095219699,Little League World Series Baseball 2022,2,0.0006
3181,532957328,Lock's Quest,2,0.0006
3182,1865146781,Lorn's Lure,2,0.0006
3183,2125308381,Lumberjack's Dynasty,2,0.0006
3184,2095111834,Luto,2,0.0006
3185,1480656909,Luxor 2,2,0.0006
3186,1700020315,MADiSON,2,0.0006
3187,1537894068,Magic 2015,2,0.0006
3188,1678552815,Mahjong Adventure DX,2,0.0006
3189,798834281,Manual Samuel Last Tuesday Edition,2,0.0006
3190,2109651079,March of Empires: War of Lords,2,0.0006
3191,1635327057,Marshmallow Marvin: Timberfall,2,0.0006
3192,1029188769,Marvel’s Guardians of the Galaxy: The Telltale Series - Episode 1,2,0.0006
3193,2101763619,Master Brick Breaker XBox,2,0.0006
3194,1698192470,Matchbox™ Driving Adventures,2,0.0006
3195,2130574527,Matchpoint - Tennis Championships,2,0.0006
3196,1749356989,Maximum Football 2020,2,0.0006
3197,2125700100,Mech Arena,2,0.0006
3198,1861781965,Mech Armada,2,0.0006
3199,1480657194,MEGA MAN 9,2,0.0006
3200,1684926097,Megaquarium,2,0.0006
3201,1638903610,Meow Moments: Celebrating Beats & Books,2,0.0006
3202,1889275388,Metal Eden,2,0.0006
3203,1979916310,METAL GEAR & METAL GEAR 2: Solid Snake,2,0.0006
3204,1766280986,METAL SLUG ATTACK RELOADED,2,0.0006
3205,2090925193,Metal Slug Tactics,2,0.0006
3206,1953382311,Metro Redux,2,0.0006
3207,1712988828,Metro Simulator 2,2,0.0006
3208,1629151728,Monarchy,2,0.0006
3209,2009391240,MONOPOLY Poker,2,0.0006
3210,1685995944,Monster Legends,2,0.0006
3211,2131173467,Monster Survivors,2,0.0006
3212,1939351470,Moonshine Inc.,2,0.0006
3213,1699788094,MotoGP™20,2,0.0006
3214,1682536406,Moving Out,2,0.0006
3215,1908222793,Mr Trials,2,0.0006
3216,1480657084,Mr. DRILLER Online,2,0.0006
3217,1866194138,Murder Miners,2,0.0006
3218,1681715185,Music Racer: Ultimate,2,0.0006
3219,1819478229,My Bakery Empire,2,0.0006
3220,1882458869,My First Kiss - Project: Summer Ice 8,2,0.0006
3221,1870551425,My Universe - My Baby,2,0.0006
3222,2130751187,Mystery Detective Adventure,2,0.0006
3223,2125268591,Mystic Academy: Escape Room,2,0.0006
3224,1653598311,Mystic Pathways,2,0.0006
3225,2092209274,Mystical Mixing,2,0.0006
3226,1685327515,NASCAR Arcade Rush,2,0.0006
3227,693693640,NASCAR Heat Evolution,2,0.0006
3228,1985582126,National Saloons,2,0.0006
3229,1652975016,Neon Blood,2,0.0006
3230,1813201689,Neptunia: Sisters VS Sisters,2,0.0006
3231,910593568,Never Alone (Kisima Ingitchuna),2,0.0006
3232,1910350587,New Star™ GP,2,0.0006
3233,1690896049,New Tales from the Borderlands,2,0.0006
3234,1706007518,Nexomon: Extinction,2,0.0006
3235,1739308504,Next Space Rebels,2,0.0006
3236,1619386237,Nick Jr. Party Adventure,2,0.0006
3237,2112950649,Nicktoons & The Dice of Destiny,2,0.0006
3238,2070801878,NieR:Automata BECOME AS GODS Edition,2,0.0006
3239,1653256767,NightGhast,2,0.0006
3240,1722783618,Ninja Escape Danger,2,0.0006
3241,1980658153,NO THING,2,0.0006
3242,1910835207,No Time to Relax,2,0.0006
3243,1626766666,Noob - The Factionless,2,0.0006
3244,1993181112,Northgard,2,0.0006
3245,1863625465,Nuclear Throne,2,0.0006
3246,1693043906,Oakbound Quest,2,0.0006
3247,2050373461,Omen of Sorrow,2,0.0006
3248,1793239917,Ooblets,2,0.0006
3249,1480659435,Orcs Must Die!,2,0.0006
3250,817391198,Outcast - Second Contact,2,0.0006
3251,1129121749,Overlord,2,0.0006
3252,1958257709,Overpass 2,2,0.0006
3253,1480659984,PAC-MAN MUSEUM,2,0.0006
3254,1397033068,Panzer Dragoon Orta,2,0.0006
3255,1654902688,Parkitect: Deluxe Edition,2,0.0006
3256,916339986,Party Hard,2,0.0006
3257,1995803508,Pato Box,2,0.0006
3258,1986472488,PAW Patrol™ Rescue Wheels™: Championship,2,0.0006
3259,1827996338,PBA Pro Bowling 2023,2,0.0006
3260,1990620316,Persona 4 Revival,2,0.0006
3261,1867683926,Persona 5 Tactica,2,0.0006
3262,1924033897,Pets Hidden In The Office,2,0.0006
3263,1828315114,Physics Sandbox X,2,0.0006
3264,1809846199,Pirate Bloopers,2,0.0006
3265,1663428955,Pirates Outlaws,2,0.0006
3266,1710968984,Planescape: Torment and Icewind Dale: Enhanced Editions,2,0.0006
3267,1859436735,"Please, Don't Touch Anything",2,0.0006
3268,1617556299,Poko's Arctic Quest,2,0.0006
3269,1264125919,Port Royale 3,2,0.0006
3270,1919133963,Praetorians - HD Remaster,2,0.0006
3271,1414793184,Prey,2,0.0006
3272,1882609569,Prison Simulator,2,0.0006
3273,153810321,Pro Evolution Soccer 2015,2,0.0006
3274,307808103,Pro Fishing Simulator,2,0.0006
3275,1624350228,Project Spark,2,0.0006
3276,1962369921,Pumpkin Jack,2,0.0006
3277,1112934361,Pure,2,0.0006
3278,993540759,Pure Hold'em™,2,0.0006
3279,1684904215,Purrfect Rescue,2,0.0006
3280,1480657046,Puzzle Quest,2,0.0006
3281,2063534995,Pyramids and Aliens: Escape Room,2,0.0006
3282,1785020400,Quick Whiskers,2,0.0006
3283,811152542,R.B.I. Baseball 17,2,0.0006
3284,1480657492,Radiant Silvergun,2,0.0006
3285,1912444422,RAIDOU Remastered: The Mystery of the Soulless Army,2,0.0006
3286,1657564986,Ratshaker,2,0.0006
3287,1431504883,Rayman Raving Rabbids,2,0.0006
3288,1940062862,Re:Turn - One Way Trip,2,0.0006
3289,126264108,Rebel Galaxy,2,0.0006
3290,893913055,Red Faction II,2,0.0006
3291,1637512046,Red Solstice 2: Survivors Ultimate Edition,2,0.0006
3292,1926182660,Redeemer - Enhanced Edition,2,0.0006
3293,315620102,Refunct,2,0.0006
3294,676489959,Remothered: Tormented Fathers,2,0.0006
3295,1775421758,Return to Castle Wolfenstein,2,0.0006
3296,2135898119,River City Ransom,2,0.0006
3297,1867496283,Road Maintenance Simulator 2 + Winter Services,2,0.0006
3298,2076064986,ROBOBEAT,2,0.0006
3299,193196495,Robocraft Infinity,2,0.0006
3300,1776370994,Robotry!,2,0.0006
3301,669503806,Rock of Ages 2: Bigger & Boulder™,2,0.0006
3302,1414793183,Rockstar Table Tennis,2,0.0006
3303,322450727,Rogue Legacy,2,0.0006
3304,189853082,Rogue Trooper Redux,2,0.0006
3305,2136108787,Rogue Waters,2,0.0006
3306,2131113207,Röki,2,0.0006
3307,1496021838,Rugby World Cup 2015,2,0.0006
3308,1719461807,Rugrats: Adventures in Gameland,2,0.0006
3309,93901068,Ruiner,2,0.0006
3310,293466353,Saban’s Mighty Morphin Power Rangers: Mega Battle,2,0.0006
3311,1945460495,SAMURAI SHODOWN NEOGEO COLLECTION,2,0.0006
3312,2010400708,Sausage Wars,2,0.0006
3313,1787532491,Save Room - The Merchant,2,0.0006
3314,2020514432,SBK™22,2,0.0006
3315,282721798,Screencheat,2,0.0006
3316,816667289,Seasons after Fall,2,0.0006
3317,1480657775,Sega Vintage Collection: Golden Axe,2,0.0006
3318,285659276,Shadow Complex Remastered,2,0.0006
3319,544561028,Shadow Warrior 2,2,0.0006
3320,1935829261,Shadowrun: Hong Kong - Extended Edition,2,0.0006
3321,1480659468,Shank™2,2,0.0006
3322,161766595,Shantae and the Pirate's Curse,2,0.0006
3323,21560138,Sheltered,2,0.0006
3324,1022228933,Shenmue II,2,0.0006
3325,629977034,Shoppe Keep,2,0.0006
3326,247124088,Shovel Knight: Treasure Trove,2,0.0006
3327,2117650793,Skelattack,2,0.0006
3328,2063272043,Sky Roll!,2,0.0006
3329,112459691,Skydrift Infinity,2,0.0006
3330,2008860920,Skyline Bowling,2,0.0006
3331,708889423,Slain: Back from Hell,2,0.0006
3332,1645030778,Smart Moves,2,0.0006
3333,1915054567,Smile For Me,2,0.0006
3334,1986590552,Solo: Islands of the Heart,2,0.0006
3335,1718103769,Space Gladiators,2,0.0006
3336,1751048823,Spaceman Defender,2,0.0006
3337,450682088,Sparkle 2,2,0.0006
3338,2015317909,Speedway Racing,2,0.0006
3339,1630371775,SpellForce: Conquest of Eo,2,0.0006
3340,1951151137,Spider Solitaire Collection Free,2,0.0006
3341,2038706527,Spikeball Smash,2,0.0006
3342,1480657055,SpongeBob SquarePants Underpants Slam!,2,0.0006
3343,1789318977,SpongeBob SquarePants: Battle for Bikini Bottom - Rehydrated,2,0.0006
3344,1896376911,Spot The Differences! Party,2,0.0006
3345,1940217918,SquadBlast (Game Preview),2,0.0006
3346,1397819357,Star Ocean: The Last Hope,2,0.0006
3347,1961172653,Starfield Digital Artbook & Original Soundtrack,2,0.0006
3348,1833403666,SteamWorld Dig 2,2,0.0006
3349,2040979596,Steven Universe: Unleash the Light,2,0.0006
3350,1048629103,Stikbold! A Dodgeball Adventure,2,0.0006
3351,2019891659,Story of a Gladiator,2,0.0006
3352,1859111730,Struggling,2,0.0006
3353,1845393429,Suika Nyaa,2,0.0006
3354,1972174450,Super Cube: Simple Rubik's Solver,2,0.0006
3355,1958529503,Super Dark Deception,2,0.0006
3356,1903601100,Super Dodge Ball,2,0.0006
3357,1537932598,Super Toy Cars,2,0.0006
3358,1914281401,Super Volley Blast,2,0.0006
3359,1733990238,Supraland: Six Inches Under,2,0.0006
3360,1804098370,Swimsanity!,2,0.0006
3361,1480657001,SWOS,2,0.0006
3362,2070375454,SYNDUALITY Echo of Ada,2,0.0006
3363,462214672,Table Top Racing: World Tour,2,0.0006
3364,1940337295,Taiko no Tatsujin: Rhythm Festival,2,0.0006
3365,1975996205,Taxi Chaos,2,0.0006
3366,2101116288,Tennis Elbow 4,2,0.0006
3367,1037418183,Tennis World Tour,2,0.0006
3368,1984687290,Terra Invicta,2,0.0006
3369,1696465874,The Adventures of Ally The Alligator,2,0.0006
3370,1841233360,The Alto Collection,2,0.0006
3371,1721626097,The Answer Is 42,2,0.0006
3372,1893365953,The Backrooms: HIDE & SEEK,2,0.0006
3373,57328250,The Blackout Club,2,0.0006
3374,1414793181,The Bureau,2,0.0006
3375,1749629863,The Case of the Golden Idol,2,0.0006
3376,1637035694,The Chant,2,0.0006
3377,1675325285,The End Of The Age,2,0.0006
3378,2051823157,The First Tree,2,0.0006
3379,337067464,The Fisherman - Fishing Planet,2,0.0006
3380,1771770355,The Forgotten City,2,0.0006
3381,255325426,The Grand Tour Game,2,0.0006
3382,2142793070,The Grinch: Christmas Adventures,2,0.0006
3383,2095260903,The House of Da Vinci 2,2,0.0006
3384,2055782857,The Last Kids on Earth and the Staff of Doom,2,0.0006
3385,1930789000,The Last Oricru - Final Cut,2,0.0006
3386,1814704445,The Outer Worlds 2 – Digital Artbook & Soundtrack,2,0.0006
3387,1414596562,The Outfit,2,0.0006
3388,2080785146,The Rise of the Golden Idol,2,0.0006
3389,1669482828,The Smurfs 2 : The Prisoner of the Green Stone,2,0.0006
3390,1652470061,"THE Table Game Deluxe Pack -Mahjong, Go, Shogi, Tsume Shogi, Othello, Card, Hanafuda, Shisen Mahjong Solitaire, Chess, Backgammon-",2,0.0006
3391,1906063010,The True,2,0.0006
3392,307442698,The Turing Test,2,0.0006
3393,1933187511,The Vale: Shadow of the Crown,2,0.0006
3394,2075337806,The Valiant,2,0.0006
3395,424855892,This Is the Police,2,0.0006
3396,1893820784,Threes!,2,0.0006
3397,1674783293,Thunder Ray,2,0.0006
3398,1448413146,TimeShift,2,0.0006
3399,2038942908,Tintin Reporter - Cigars of the Pharaoh,2,0.0006
3400,1691955008,TOKI Juju Densetsu,2,0.0006
3401,1645311014,Tony and Clyde,2,0.0006
3402,1961294826,Top Racer Collection,2,0.0006
3403,1610985256,Torchlight III,2,0.0006
3404,1630747846,Tour de France 2025,2,0.0006
3405,1721366178,Toy Soldiers HD,2,0.0006
3406,1729848569,Trainz Simulator: World Tour,2,0.0006
3407,2089745138,TRANSFORMERS: BATTLEGROUNDS,2,0.0006
3408,1726945595,TRANSFORMERS: Galactic Trials,2,0.0006
3409,1817067023,Trine 5: A Clockwork Conspiracy,2,0.0006
3410,1866559372,Turnip Boy Robs a Bank,2,0.0006
3411,1944807356,Twelve Minutes,2,0.0006
3412,1964788774,Ultimate Fishing Simulator,2,0.0006
3413,2074316990,Ultimate General: Gettysburg,2,0.0006
3414,321779813,Ultratron,2,0.0006
3415,1721756099,Ultros,2,0.0006
3416,248990079,Unbox: Newbie's Adventure,2,0.0006
3417,1625709491,Undead Horde 2: Necropolis,2,0.0006
3418,2117776820,UnderMine,2,0.0006
3419,2102312061,Unrailed!,2,0.0006
3420,1646102559,Unusual Findings,2,0.0006
3421,944836149,Valkyria Chronicles 4,2,0.0006
3422,80525889,Valley,2,0.0006
3423,1957172115,Vampire: The Masquerade - Swansong Xbox One,2,0.0006
3424,1929508962,VAMPYR,2,0.0006
3425,61090031,Victor Vran,2,0.0006
3426,227108897,Virginia,2,0.0006
3427,2022059922,Walk Around And Do Nothing,2,0.0006
3428,1898630086,Wall World,2,0.0006
3429,1996349957,Wanderstop,2,0.0006
3430,1651691355,Wanted: Dead,2,0.0006
3431,2034956980,Warface: Breakout,2,0.0006
3432,2113105582,Warhammer Age of Sigmar: Realms of Ruin,2,0.0006
3433,1933726959,Warhammer Age of Sigmar: Storm Ground,2,0.0006
3434,405657081,Warhammer: End Times - Vermintide,2,0.0006
3435,1830033435,Warm Snow,2,0.0006
3436,2065674058,Wavetale,2,0.0006
3437,1753346763,We. The Revolution,2,0.0006
3438,1740517029,West of Dead,2,0.0006
3439,2046252470,While We Wait Here,2,0.0006
3440,147618136,White Noise 2,2,0.0006
3441,1960103311,Windjammers 2,2,0.0006
3442,2023196561,Witch It,2,0.0006
3443,1717873371,Wiz Quest: Crystal Power,2,0.0006
3444,2137985485,WONDER BOY ASHA in Monster World,2,0.0006
3445,237580797,Wonder Boy: The Dragon's Trap,2,0.0006
3446,1985239734,World of Tanks Blitz (legacy),2,0.0006
3447,1067887228,Xenon Valkyrie+,2,0.0006
3448,1777058720,Yakuza 5 Remastered,2,0.0006
3449,1773431897,Yakuza 6: The Song of Life,2,0.0006
3450,1871819472,Yonder: The Cloud Catcher Chronicles,2,0.0006
3451,1002820120,Youtubers Life - OMG Edition,2,0.0006
3452,1859395867,Z0mb1es! Remastered,2,0.0006
3453,2105437858,Ziggurat 2,2,0.0006
3454,1814846007,Zombie Dungeon Crawler,2,0.0006
3455,1816729784,Zoopunk,2,0.0006
3456,1892576814,#Blud,1,0.0003
3457,498206038,#KILLALLZOMBIES,1,0.0003
3458,28833378,10 Second Ninja X,1,0.0003
3459,1798197019,1001 Spikes,1,0.0003
3460,1687373835,123 Numbers - Count & Tracing,1,0.0003
3461,1869731177,16-Bit Soccer,1,0.0003
3462,1799304628,2 Player Head Soccer,1,0.0003
3463,1668379163,2 Synchro Hedhehogs,1,0.0003
3464,2041634175,2048 Maniac,1,0.0003
3465,1970931118,3 Player Battle,1,0.0003
3466,1612838382,39 Days to Mars,1,0.0003
3467,1646810031,3D Don't Die Mr. Robot,1,0.0003
3468,1414596667,50 Cent: BotS,1,0.0003
3469,2076132310,502's Arcade,1,0.0003
3470,1714878640,60 Seconds!,1,0.0003
3471,1678450450,7 Days of Rose,1,0.0003
3472,2126592570,8-Ball Pocket,1,0.0003
3473,155427331,8DAYS,1,0.0003
3474,1983088228,9 Lives To Defend,1,0.0003
3475,1837458997,911: Cannibal,1,0.0003
3476,524849647,99Vidas,1,0.0003
3477,1828682259,9th Dawn III,1,0.0003
3478,795498692,A Boy and His Blob,1,0.0003
3479,1806866056,A Building Full of Cats,1,0.0003
3480,2115929793,A Memoir Blue,1,0.0003
3481,2122751230,A Short Hike,1,0.0003
3482,1528308274,Aaero,1,0.0003
3483,2047037846,Abathor,1,0.0003
3484,537908737,Absolute Drift: Zen Edition,1,0.0003
3485,955101050,ACA NEOGEO BASEBALL STARS 2,1,0.0003
3486,1029347426,ACA NEOGEO FATAL FURY,1,0.0003
3487,254946653,ACA NEOGEO FATAL FURY SPECIAL,1,0.0003
3488,934133999,ACA NEOGEO GAROU: MARK OF THE WOLVES,1,0.0003
3489,442683589,ACA NEOGEO LAST RESORT,1,0.0003
3490,1028912261,ACA NEOGEO Money Puzzle Exchanger,1,0.0003
3491,356219446,ACA NEOGEO REAL BOUT FATAL FURY,1,0.0003
3492,418426882,ACA NEOGEO REAL BOUT FATAL FURY SPECIAL,1,0.0003
3493,716607571,ACA NEOGEO SAMURAI SHODOWN V,1,0.0003
3494,625867999,ACA NEOGEO SHOCK TROOPERS,1,0.0003
3495,300527443,ACA NEOGEO THE KING OF FIGHTERS '94,1,0.0003
3496,426534329,ACA NEOGEO THE KING OF FIGHTERS '96,1,0.0003
3497,442527816,ACA NEOGEO THE KING OF FIGHTERS 2001,1,0.0003
3498,309144982,ACA NEOGEO ZUPAPA!,1,0.0003
3499,1799739920,Accolade Sports Collection (QUByte Classics),1,0.0003
3500,1743581283,Ace Wing,1,0.0003
3501,1624731258,ACRES,1,0.0003
3502,1939634325,Action Arcade Wrestling,1,0.0003
3503,517595685,Action Henk,1,0.0003
3504,1790739309,Ad Infinitum,1,0.0003
3505,2047016295,Adera,1,0.0003
3506,219620906,ADIOS Amigos,1,0.0003
3507,1924008745,Adrenaline Rampage,1,0.0003
3508,1923017469,Adrian's Tale,1,0.0003
3509,926156758,Adventure Time: Secret (2014),1,0.0003
3510,263635664,AeternoBlade,1,0.0003
3511,411985913,AFL Evolution,1,0.0003
3512,1763236945,AFL Evolution 2,1,0.0003
3513,1908981078,Afterlove EP,1,0.0003
3514,36718263,Agatha Knife,1,0.0003
3515,1480657136,Age of Booty,1,0.0003
3516,897067440,Age of Empires: Definitive Edition,1,0.0003
3517,1630807758,Age of Water,1,0.0003
3518,1865601871,Agent A: A puzzle in disguise,1,0.0003
3519,1818962020,Agent Intercept,1,0.0003
3520,2097077939,Agent Walker: Secret Journey (Xbox Version),1,0.0003
3521,1922741539,AI: THE SOMNIUM FILES,1,0.0003
3522,2060942184,Air Bounce - The Jump 'n' Run Challenge,1,0.0003
3523,1064538690,Air Missions: HIND,1,0.0003
3524,1938246744,Airborne Justice,1,0.0003
3525,1992121948,Airline Manager,1,0.0003
3526,2023667384,Airport City,1,0.0003
3527,1694926512,Akinofa,1,0.0003
3528,1846694005,Akuto: Showdown,1,0.0003
3529,1817202060,Alba: A Wildlife Adventure,1,0.0003
3530,1653884944,Alchemist Simulator,1,0.0003
3531,1847254069,Alex Kidd in Miracle World DX,1,0.0003
3532,1781154919,AlienCruise,1,0.0003
3533,1626416341,Alisa Developer's Cut,1,0.0003
3534,1885975476,Alphaset by POWGI,1,0.0003
3535,1770522206,Aluna: Sentinel of the Shards,1,0.0003
3536,1972898737,AMAZE!,1,0.0003
3537,1658064767,Amazing Block Blast,1,0.0003
3538,1818448498,Ambidextro,1,0.0003
3539,2021205208,Ancestors Legacy,1,0.0003
3540,1997227262,Ancient Phantasma,1,0.0003
3541,884197146,Anima: Gate of Memories,1,0.0003
3542,46350781,Animal Super Squad,1,0.0003
3543,1808134657,ANNO : Mutationem,1,0.0003
3544,1032556391,Anode,1,0.0003
3545,1818579429,Anomaly Agent,1,0.0003
3546,2088379065,Another Dawn,1,0.0003
3547,1717172856,Another Sight,1,0.0003
3548,1671047616,Anti-Gravity Racing Wipeout-XL,1,0.0003
3549,1766550211,Antigraviator,1,0.0003
3550,1480657349,Aqua,1,0.0003
3551,395362154,Aqua Moto Racing Utopia,1,0.0003
3552,2083321391,Arachnophobic Kyle,1,0.0003
3553,1861701062,Arcade Archives 2 RIDGE RACER,1,0.0003
3554,2035946001,Arcade Archives 2 TOKYO WARS,1,0.0003
3555,1750461533,Arcade Game Zone,1,0.0003
3556,1836455102,Arcade Hysteria,1,0.0003
3557,2837772,Arcade Islands: Volume One,1,0.0003
3558,1963187474,ArcRunner,1,0.0003
3559,1870601915,Arietta of Spirits,1,0.0003
3560,1887326703,Arx Fatalis,1,0.0003
3561,1891225930,Ash of Gods Redemption,1,0.0003
3562,2029448252,ASMR Slicing,1,0.0003
3563,1671101895,Aspire - Ina's Tale,1,0.0003
3564,1480657091,Assault Heroes 2,1,0.0003
3565,1885598662,Astalon: Tears of the Earth,1,0.0003
3566,1841822482,Asterix & Obelix XXL3: The Crystal Menhir,1,0.0003
3567,2015715009,Astor: Blade of the Monolith,1,0.0003
3568,2116401396,Astrea: Six-Sided Oracles,1,0.0003
3569,1926653926,Astria Ascending,1,0.0003
3570,1631238072,Astro Miner,1,0.0003
3571,1943666479,ASTROSMASH,1,0.0003
3572,2123511473,Asylum - Buckshot Roulette Final Bet,1,0.0003
3573,547436161,Atari Flashback Classics Vol. 2,1,0.0003
3574,1835249581,ATOM RPG: Post-apocalyptic indie game,1,0.0003
3575,1720903665,Autopsy Simulator,1,0.0003
3576,1484426675,Awesomenauts Assemble!,1,0.0003
3577,1052246602,Awkward,1,0.0003
3578,55549300,Axiom Verge,1,0.0003
3579,1764971843,Axis Football 2023,1,0.0003
3580,1812964567,Aztech Forgotten Gods,1,0.0003
3581,1806597991,Baby Games: Piano & Baby Phone,1,0.0003
3582,1889059808,Backpack Hero,1,0.0003
3583,1730080779,Bakery Simulator,1,0.0003
3584,1624083933,BALAN WONDERWORLD,1,0.0003
3585,1614240330,Baldur's Gate: Dark Alliance,1,0.0003
3586,2133506510,Ball laB II,1,0.0003
3587,1643697302,Ballotron Oceans,1,0.0003
3588,1939312830,Barista Simulator,1,0.0003
3589,1887376501,Bartender Hustle,1,0.0003
3590,1737338210,Barton Lynch Pro Surfing,1,0.0003
3591,1937867850,Battleship Tactica: Sea Wars 3D,1,0.0003
3592,443831560,Battlestar Galactica Deadlock™,1,0.0003
3593,1902480256,BATTLETECH,1,0.0003
3594,652523540,Battlezone Gold Edition,1,0.0003
3595,1737916926,Bay Breaker,1,0.0003
3596,1096353751,BCFx,1,0.0003
3597,2073050659,Beacon Pines,1,0.0003
3598,1901796364,Beam Stunt Racing,1,0.0003
3599,1955716969,Beaming Road Driver,1,0.0003
3600,1785218274,BEAR ESCAPE MISSION,1,0.0003
3601,1628735149,Bear Knight Honey Quest,1,0.0003
3602,1050692306,Beast Quest,1,0.0003
3603,1768116334,Beat 'Em Up Collection (QUByte Classics),1,0.0003
3604,1755232205,Beat Cop,1,0.0003
3605,1613592776,Beat Souls,1,0.0003
3606,1657573799,Bee Flowers,1,0.0003
3607,1711597179,Bee Flowers: Royal Garden,1,0.0003
3608,1840555675,Before Exit : Supermarket,1,0.0003
3609,2140460499,Before We Leave,1,0.0003
3610,1480659459,Bellator: MMA Onslaught,1,0.0003
3611,319764672,BELOW,1,0.0003
3612,1626084065,Beyond Border,1,0.0003
3613,1480657658,Beyond Good & Evil HD,1,0.0003
3614,1831245668,Beyond the Ice Palace 2,1,0.0003
3615,157277421,Big Bash Boom,1,0.0003
3616,1657892923,Big Buck Hunter: Ultimate Trophy,1,0.0003
3617,2091181450,Big Farm: Mobile Harvest,1,0.0003
3618,1854828947,BIOHAZARD VILLAGE Z Version,1,0.0003
3619,2059168494,BIOMORPH,1,0.0003
3620,1769201615,Bioprototype,1,0.0003
3621,2015751229,Bioweaver,1,0.0003
3622,2111261259,Biped,1,0.0003
3623,1971959570,Bite the Bullet,1,0.0003
3624,1755045975,Black Mamba VS the JI-TAN - Special Edition,1,0.0003
3625,552332062,Black Mirror,1,0.0003
3626,1829806536,Blackjack-,1,0.0003
3627,1624557928,Blackjack 3D,1,0.0003
3628,1842440782,Blackjack Master 3,1,0.0003
3629,1695781563,Blacksmith Forger,1,0.0003
3630,1863593626,Blacksmith Master (Game Preview),1,0.0003
3631,886496268,Blackwood Crossing,1,0.0003
3632,2018229477,Blast Brigade vs. the Evil Legion of Dr. Cread,1,0.0003
3633,1988745404,Blazing Beaks,1,0.0003
3634,1850970705,Blazing Chrome,1,0.0003
3635,1749109669,Blind Postman,1,0.0003
3636,1675226093,Blindfire,1,0.0003
3637,1656826744,Blocc,1,0.0003
3638,2020362302,BlockJump,1,0.0003
3639,1668781454,Blocky Blast,1,0.0003
3640,1480659651,Blood Knights,1,0.0003
3641,2134519157,Blood of Mehran,1,0.0003
3642,1296697338,BloodRayne 2,1,0.0003
3643,1862346957,BloodRayne: ReVamped,1,0.0003
3644,1800572506,Bloodshed,1,0.0003
3645,1853695140,Bloodshore,1,0.0003
3646,591630310,Bloodstained: Curse of the Moon,1,0.0003
3647,1717828260,Bloodstained: Curse of the Moon 2,1,0.0003
3648,1654822154,Bloomtown: A Different Story,1,0.0003
3649,1888216403,Bloons Monkey City,1,0.0003
3650,1875067511,Blossom Tales II: The Minotaur Prince,1,0.0003
3651,1766891424,Blow & Fly,1,0.0003
3652,598864782,Blue Angels Aerobatic Flight Simulator,1,0.0003
3653,2038811741,Blue Estate,1,0.0003
3654,2133732940,Boned Again: Survivors,1,0.0003
3655,1914610578,BORIS THE ROCKET,1,0.0003
3656,1942358188,Born Of Bread,1,0.0003
3657,1951263739,Bottle: Pilgrim Redux,1,0.0003
3658,1621106631,Boundland,1,0.0003
3659,1810949920,Bowling - Breakthrough Gaming Arcade,1,0.0003
3660,1723357806,Boxes Wizard,1,0.0003
3661,1935728690,Boxes: Lost Fragments,1,0.0003
3662,1838564294,Boxing Gym Story,1,0.0003
3663,1634698334,Boxing.free,1,0.0003
3664,1857914892,Boyfriend Dungeon,1,0.0003
3665,2021444410,BPM: Bullets Per Minute,1,0.0003
3666,1480657070,Brain Challenge™,1,0.0003
3667,1668214490,BREAKING BRICKS,1,0.0003
3668,1714362061,Bridge Making 3D,1,0.0003
3669,2067110068,Bright Memory,1,0.0003
3670,2079844264,Bright Side: Quiz,1,0.0003
3671,2080258224,Broken Lines,1,0.0003
3672,1890575892,BROKEN MIND,1,0.0003
3673,364252200,Broken Sword 5 - the Serpent’s Curse,1,0.0003
3674,1801882769,BrokenLore: DON'T WATCH,1,0.0003
3675,1789207567,Bubble Witch 3 Saga,1,0.0003
3676,1730283762,Bud Spencer & Terence Hill - Slaps and Beans 2,1,0.0003
3677,2134561218,Buddy Simulator 1984,1,0.0003
3678,2043895065,Builder Simulator,1,0.0003
3679,1668362617,Bullet Trail,1,0.0003
3680,1798808962,Bump & Run Racing,1,0.0003
3681,1969868409,Bunhouse,1,0.0003
3682,1945255835,Bunny Factory,1,0.0003
3683,1632400759,Bunny Pit Stop,1,0.0003
3684,2037795489,Buraco Jogatina,1,0.0003
3685,1663261273,Burger Chef Tycoon,1,0.0003
3686,1932669016,Burst Hero,1,0.0003
3687,1692388188,Buscaminas,1,0.0003
3688,82519866,Bush Hockey League,1,0.0003
3689,1762067709,Butterfly 2,1,0.0003
3690,1852075771,Cake Invaders,1,0.0003
3691,1724764656,Call of Duty®: Ghosts (Windows),1,0.0003
3692,1944957710,Call of Duty®: Modern Warfare® 2 (2009),1,0.0003
3693,145221391,Call of Duty®: World at War,1,0.0003
3694,2125808616,Call of Heroes: Tower Defense,1,0.0003
3695,1673223107,Call of the Sea,1,0.0003
3696,1857703882,Call of Toys: Tower Defense!,1,0.0003
3697,1948697209,Can't wait to die,1,0.0003
3698,943602230,Canadian Football 2017,1,0.0003
3699,2109756119,Candy Crush Friends Saga,1,0.0003
3700,1480659545,CAPCOM ARCADE CABINET,1,0.0003
3701,1677710402,Captain Bones,1,0.0003
3702,1777741495,CAPTURED,1,0.0003
3703,1794618801,Car Mechanic Shop Simulator,1,0.0003
3704,1615345863,Carmen Sandiego,1,0.0003
3705,1653043226,Carrot Smash,1,0.0003
3706,1981819274,Casino High Low,1,0.0003
3707,310521611,Cast of the Seven Godsends - Redux,1,0.0003
3708,1973612237,Castle of no Escape 2,1,0.0003
3709,1480659610,CastleStorm,1,0.0003
3710,1998437509,Casual Sport Series: Hockey,1,0.0003
3711,1640965998,Cat in Rain,1,0.0003
3712,1760562614,Cat President: A More Purrfect Union,1,0.0003
3713,1882507282,Cat Runner,1,0.0003
3714,1780478592,Catnigma,1,0.0003
3715,1754604823,Cats and Seek : Dino Park,1,0.0003
3716,1611852776,Cave Digger 2,1,0.0003
3717,1631654404,Chants of Sennaar (Windows),1,0.0003
3718,1995880869,Charon's Staircase,1,0.0003
3719,1976364432,Chasm: The Rift,1,0.0003
3720,1658699936,Check and Slash,1,0.0003
3721,2012909631,Chess 3D Pro,1,0.0003
3722,1963453907,Chess Earth 3D,1,0.0003
3723,1827739583,Chess Infinity,1,0.0003
3724,1751868147,Chessarama,1,0.0003
3725,310307954,Chivalry: Medieval Warfare,1,0.0003
3726,1967883584,Chorus,1,0.0003
3727,1717544750,Christmas Coloring Book for Kids,1,0.0003
3728,1789455212,Christmas Coloring Book for Kids +,1,0.0003
3729,2122125189,Chronicles of the Wolf,1,0.0003
3730,1738598619,Cinderella Story for Kids,1,0.0003
3731,1620282693,City Island 6: Building Town,1,0.0003
3732,1168490333,Claire: Extended Cut,1,0.0003
3733,1821645186,Classic Sudoku PRO - PC & XBOX,1,0.0003
3734,300490305,Claybook,1,0.0003
3735,1983886679,Clea,1,0.0003
3736,1946110662,Climb to Peak,1,0.0003
3737,2106826312,Close to the Sun,1,0.0003
3738,2015781000,Closer the Distance,1,0.0003
3739,1963790042,Club Vegas Slots - Casino Games,1,0.0003
3740,188783392,Cobalt,1,0.0003
3741,1732400170,Cobra Kai 2: Dojos Rising,1,0.0003
3742,2042930008,CODE VEIN II - Digital Mini Artbook & Soundtrack,1,0.0003
3743,2087025872,CODE VEIN Trial Edition,1,0.0003
3744,2019436031,Coffee Plis XS Edition,1,0.0003
3745,1783710489,"Coffee, Plis",1,0.0003
3746,1811465994,Coloring Games: Coloring Book & Painting,1,0.0003
3747,1480657440,Comic Jumper,1,0.0003
3748,1480657343,Commander's Challenge,1,0.0003
3749,1811348687,Commandos 2 - HD Remaster,1,0.0003
3750,1813980988,Commandos 3 - HD Remaster,1,0.0003
3751,1686804958,Convoy: A Tactical Roguelike,1,0.0003
3752,2041760605,"Cook, Serve, Delicious!",1,0.0003
3753,1903918497,"Cook, Serve, Delicious! 3?!",1,0.0003
3754,1954250236,Cooking Companions,1,0.0003
3755,1977344807,Cooking Craze: Restaurant Game,1,0.0003
3756,1480660050,Costume Quest 2,1,0.0003
3757,1781425798,Cozy Designer,1,0.0003
3758,1767974553,Cozy Grove,1,0.0003
3759,963702216,Crayola Scoot,1,0.0003
3760,1642616316,Crescent Tower,1,0.0003
3761,2059817887,Crime Opera Fandisk: The Caterpillar Candids,1,0.0003
3762,1874117127,Criminal Case,1,0.0003
3763,1796159913,Crimson Keep,1,0.0003
3764,2020595605,Critter Dash,1,0.0003
3765,1771581366,Croc Legend of the Gobbos,1,0.0003
3766,1712220535,Crossbow Crusade,1,0.0003
3767,2041763016,CrossCode,1,0.0003
3768,1928991032,Crossovers by POWGI,1,0.0003
3769,1860524163,Crossy Road,1,0.0003
3770,1705139809,CrushBorgs,1,0.0003
3771,2008530313,Cryptid Coffeehouse,1,0.0003
3772,1707233763,Cryptmaster,1,0.0003
3773,1941196551,Cube Airport,1,0.0003
3774,1844923262,Cube Farmer,1,0.0003
3775,2003918395,Cubic 2 3 4 Player Games,1,0.0003
3776,123880378,Cubot - The Complexity of Simplicity,1,0.0003
3777,1824007949,Curious Cases,1,0.0003
3778,2021467978,Cyanide & Happiness - Freakpocalypse (Episode 1),1,0.0003
3779,1982321600,Cyber Pool,1,0.0003
3780,1719811824,CyberCorp,1,0.0003
3781,1819917924,CyberTD,1,0.0003
3782,694107204,Dance Central Spotlight,1,0.0003
3783,215134312,Dandara: Trials of Fear Edition,1,0.0003
3784,125598351,Dangerous Golf,1,0.0003
3785,1841290462,Dark Alliance,1,0.0003
3786,1966774103,Dark Atlas: Infernum,1,0.0003
3787,1798666879,Dark Deception: Monsters & Mortals,1,0.0003
3788,1972031627,Dark Deity 2,1,0.0003
3789,1959927913,Dark Quest 4,1,0.0003
3790,1926303930,Darkestville Castle,1,0.0003
3791,1617210035,DARKGEMS,1,0.0003
3792,1840798387,DARKLAND III,1,0.0003
3793,1968164879,Darkness and Flame 1: Born of Fire,1,0.0003
3794,1734029002,DARQ Complete Edition,1,0.0003
3795,1786510755,DARQ Ultimate Edition,1,0.0003
3796,1707942446,Date Z,1,0.0003
3797,1724663837,Daymare: 1994 Sandcastle_SGD23,1,0.0003
3798,1611718894,DC League of Super-Pets: The Adventures of Krypto and Ace,1,0.0003
3799,1003504679,Dead Age,1,0.0003
3800,1798643426,Dead Age II,1,0.0003
3801,1869817076,Dead Dungeon,1,0.0003
3802,502883447,Dead Island Retro Revenge,1,0.0003
3803,1313671278,Dead to Rights,1,0.0003
3804,2075268737,Deadliest Catch: The Game,1,0.0003
3805,1297483729,Deadly Premonition,1,0.0003
3806,1959842755,Death's Door,1,0.0003
3807,1909022139,Death Park: 4k Remaster,1,0.0003
3808,1705411960,Death Relives,1,0.0003
3809,1928643561,Deathsmiles I・II,1,0.0003
3810,1480657547,DeathSpank: T.O.V.,1,0.0003
3811,1744604493,Debtor: Enhanced Edition,1,0.0003
3812,798989874,Decay of Logos,1,0.0003
3813,2069220628,Decision: Red Daze,1,0.0003
3814,2042245331,Deep Beyond,1,0.0003
3815,1889204779,Deep Space Anomaly,1,0.0003
3816,1971145739,Deepest Trench,1,0.0003
3817,610840457,Deer Hunter: Reloaded,1,0.0003
3818,1648052713,Déjà Vu,1,0.0003
3819,279141868,Demetrios - The BIG Cynical Adventure,1,0.0003
3820,904189395,Deployment,1,0.0003
3821,655312805,Desert Child,1,0.0003
3822,1657529579,DESOLATIUM,1,0.0003
3823,1723600568,DETECTIVE - The Motel,1,0.0003
3824,1722628259,Detective Agency: Gray Tie Collector's Edition,1,0.0003
3825,1802065468,DeveBlockStacker,1,0.0003
3826,2099729685,Devil Inside Us: Roots of Evil,1,0.0003
3827,1830255060,Dice Assassin,1,0.0003
3828,1866199497,Dieselpunk Wars,1,0.0003
3829,1684418356,Dinobreak,1,0.0003
3830,1651378107,Disaster Band,1,0.0003
3831,1915281423,DIY Fashion Star,1,0.0003
3832,2034093267,Doctor Who: The Edge of Reality,1,0.0003
3833,1680444953,Dodge These Balls,1,0.0003
3834,2047867006,Dofamine,1,0.0003
3835,1627545483,Dog Rescue - Draw to Save,1,0.0003
3836,1860933161,Don't Touch this Button!,1,0.0003
3837,607497985,Don Bradman Cricket 17,1,0.0003
3838,1907573628,Doodle Devil™ Free,1,0.0003
3839,1877331117,Doodle God: Evolution,1,0.0003
3840,1640354133,Doodle God: Ultimate Edition,1,0.0003
3841,1899818379,Dorotea,1,0.0003
3842,2010409612,DOUBLE DRAGON,1,0.0003
3843,1626267222,Double Dragon 4,1,0.0003
3844,2082494703,DOUBLE DRAGON Ⅱ: The Revenge,1,0.0003
3845,178797566,Doughlings: Arcade,1,0.0003
3846,2113013336,Dr. Atominus,1,0.0003
3847,1480657802,Dragon's Lair,1,0.0003
3848,1701653588,Dragon Age™: The Veilguard Character Creator,1,0.0003
3849,2075944993,Dragon Ruins,1,0.0003
3850,215313834,Draw a Stickman: EPIC,1,0.0003
3851,1853020483,Draw a Stickman: EPIC 2,1,0.0003
3852,2060016328,Draw Rider Remake,1,0.0003
3853,2079836196,DreadHaunt,1,0.0003
3854,2110822095,Dream House Days DX,1,0.0003
3855,1921123976,Dream Park Story,1,0.0003
3856,1776664428,Dreamland Solitaire: Dragon's Fury,1,0.0003
3857,1855780914,DreamWorks Gabby’s Dollhouse: Ready to Party,1,0.0003
3858,1632079813,Drizzlepath: Picturae,1,0.0003
3859,1776485638,DroneLand Elite,1,0.0003
3860,1947615527,Drova - Forsaken Kin,1,0.0003
3861,776943591,DUCATI - 90th Anniversary,1,0.0003
3862,1580234537,Duck Dynasty,1,0.0003
3863,2100806769,Duck Life Adventure,1,0.0003
3864,1771426972,Duck Run,1,0.0003
3865,1891372981,Duck Simulator Lite,1,0.0003
3866,1480657463,Duke Nukem - Manhattan,1,0.0003
3867,1868102294,Dungeon Drafters,1,0.0003
3868,117434960,Dynamite Fishing - World Games,1,0.0003
3869,1260456400,Earthlock: Festival of Magic,1,0.0003
3870,1973165271,Eastshade,1,0.0003
3871,2138769152,Ed & Edda: GRAND PRIX – Racing Champions,1,0.0003
3872,1648619937,Edge of Eternity,1,0.0003
3873,1963912042,Eiyuden Chronicle: Rising,1,0.0003
3874,1797190804,El Gancho,1,0.0003
3875,1832572964,ELDRADOR® CREATURES SHADOWFALL,1,0.0003
3876,1833460510,Elevator Action™ -Returns- S-Tribute,1,0.0003
3877,1725427493,Elon and the Divine Proof,1,0.0003
3878,2109412601,Emergency Call - The Attack Squad,1,0.0003
3879,1972530875,Empire of Sin,1,0.0003
3880,1941057630,Empire of the Ants,1,0.0003
3881,1704101432,Empyreal,1,0.0003
3882,1431504870,Enchanted Arms,1,0.0003
3883,1739313000,Enclave HD,1,0.0003
3884,1690575171,Endoparasitic,1,0.0003
3885,25060965,Energy Cycle,1,0.0003
3886,1637686590,Enter Digiton: Heart of Corruption,1,0.0003
3887,2049241881,Entropy Survivors,1,0.0003
3888,1961875170,ERMO,1,0.0003
3889,1700180810,Escape First,1,0.0003
3890,1997758007,Escape First 2,1,0.0003
3891,1802598063,Escape from Ever After: Onboarding,1,0.0003
3892,2070822248,Escape Game - FORT BOYARD 2022,1,0.0003
3893,1972593972,Escape Sequence (Xbox One),1,0.0003
3894,2125864061,Europa Universalis IV - Microsoft Store Edition,1,0.0003
3895,2059538717,European War 6,1,0.0003
3896,404481913,Eventide 2: Sorcerer's Mirror,1,0.0003
3897,268499227,Eventide 3: Legacy of Legends,1,0.0003
3898,303403679,Eventide: Slavic Fable,1,0.0003
3899,1614221632,ExoCross,1,0.0003
3900,2039495553,EXODUS,1,0.0003
3901,1676330806,Exp-02: Project Freedom,1,0.0003
3902,1826271116,Extreme Pinball Challenge,1,0.0003
3903,2025181179,F.I.S.T.: Forged In Shadow Torch,1,0.0003
3904,2011233781,F1® 2019 PC,1,0.0003
3905,1887182103,F1® Manager 2022,1,0.0003
3906,1983258838,Fae Tactics,1,0.0003
3907,1761848641,FAITH: The Unholy Trinity,1,0.0003
3908,1888767109,Falling Plus,1,0.0003
3909,1642003684,Fantasy Aquarium,1,0.0003
3910,1725433374,Farming Simulator 16,1,0.0003
3911,1620530433,Farming Simulator 18,1,0.0003
3912,2063398545,Farworld Pioneers,1,0.0003
3913,1666273703,Fast & Furious: Spy Racers Rise of SH1FT3R,1,0.0003
3914,2104363067,Fatum Betula,1,0.0003
3915,2126394957,Fearmonium,1,0.0003
3916,2041914388,Fight'N Rage,1,0.0003
3917,2032459383,Fighter Aircraft Race (Local 2 Player),1,0.0003
3918,1762031019,FightNJokes,1,0.0003
3919,2104575927,Fights in Tight Spaces,1,0.0003
3920,1894147058,Figment 2: Creed Valley,1,0.0003
3921,719720294,Figment: Journey Into the Mind,1,0.0003
3922,2127834966,FINAL FANTASY XIII-2,1,0.0003
3923,1702225095,First Time In Paris Collector's Edition,1,0.0003
3924,2115815390,Fish Farm 3,1,0.0003
3925,1918931441,Fishing Adventure,1,0.0003
3926,1918596466,Fit and Fry,1,0.0003
3927,1792158880,Flappy Frog,1,0.0003
3928,1773720487,Flappy Space,1,0.0003
3929,1725078223,Flashback 2,1,0.0003
3930,1965288144,FLASHOUT 3,1,0.0003
3931,1791966220,Flaskoman,1,0.0003
3932,1782426167,Flat Heroes,1,0.0003
3933,1684931682,Flint: Treasure of Oblivion,1,0.0003
3934,1805134071,FlipCat,1,0.0003
3935,1791067482,Flowers by POWGI,1,0.0003
3936,1980402933,Fluffy Horde,1,0.0003
3937,1839143466,Fluffy Milo,1,0.0003
3938,1796337570,Fly Corp,1,0.0003
3939,1711202314,Flying Fish,1,0.0003
3940,1636389490,Football Mini Stars,1,0.0003
3941,1944745268,"Football, Tactics & Glory",1,0.0003
3942,1680303128,Foreclosed,1,0.0003
3943,1882538785,Forgive Me Father 2,1,0.0003
3944,1830452855,Forklift Simulator,1,0.0003
3945,2003909520,Formula One Simulator - F1 Race Multiplayer,1,0.0003
3946,1714967106,Formula Retro Racing - World Tour,1,0.0003
3947,1480659977,Foul Play,1,0.0003
3948,1707037087,Fox Legend,1,0.0003
3949,1711326721,FOXES NEED TO EAT,1,0.0003
3950,1909998344,Freddy Farmer,1,0.0003
3951,1709856909,FreeCell HD,1,0.0003
3952,2019110997,Freedom Planet 2,1,0.0003
3953,1945489665,Frog Detective: The Entire Mystery,1,0.0003
3954,1670249614,Fruit Adventure Returns,1,0.0003
3955,1767691054,Fueled Up,1,0.0003
3956,2090461480,Fuga: Melodies of Steel,1,0.0003
3957,1857915695,Fuga: Melodies of Steel 3,1,0.0003
3958,1686694199,Full Metal Sergeant,1,0.0003
3959,893913057,Full Spectrum Warrior,1,0.0003
3960,2116769488,Funny Animal Cafe,1,0.0003
3961,1738342037,Funny Circus HD,1,0.0003
3962,1831790324,Fur Squadron,1,0.0003
3963,212246852,Furi,1,0.0003
3964,1661926832,Fusion Paradox,1,0.0003
3965,1870314278,G.I. JOE: WRATH OF COBRA,1,0.0003
3966,1753306510,Galactica,1,0.0003
3967,1480657657,Galaga Legions DX,1,0.0003
3968,2068949722,Garbage Pail Kids: Mad Mike and the Quest for Stale Gum,1,0.0003
3969,1992947450,Garden Story,1,0.0003
3970,1627060313,Garfield Kart 2 - All You Can Drift,1,0.0003
3971,798673829,Gas Guzzlers Extreme,1,0.0003
3972,1644860924,Gato Roboto,1,0.0003
3973,2099142878,Gav-Gav Odyssey,1,0.0003
3974,1711848972,Geometric Sniper Z,1,0.0003
3975,1881258316,Ghost Song,1,0.0003
3976,1480657545,Ghostbusters: Sanctum of Slime,1,0.0003
3977,1296697304,GHP2,1,0.0003
3978,1818898453,Giant Rush,1,0.0003
3979,1868247544,Gigantosaurus The Game,1,0.0003
3980,1927133466,Gigantosaurus: Dino Sports,1,0.0003
3981,1845982020,Gigapocalypse,1,0.0003
3982,1941242183,Glass Masquerade 2,1,0.0003
3983,1862382947,Gleaner Heights,1,0.0003
3984,1880242181,Global City,1,0.0003
3985,1843094217,Gnomdom,1,0.0003
3986,2030310966,Go Fight Fantastic!,1,0.0003
3987,1901326326,Goat Out Of Hell,1,0.0003
3988,886146124,Goat Simulator: Mmore Goatz Edition,1,0.0003
3989,1772606443,Godsvivors,1,0.0003
3990,1960569547,Gold Chest Hunter,1,0.0003
3991,1480657057,Golf: Tee It Up!,1,0.0003
3992,529515303,Gone Home,1,0.0003
3993,1926705310,Goodbye Deponia,1,0.0003
3994,2115263340,Goodnight Universe,1,0.0003
3995,886842480,Goosebumps: The Game,1,0.0003
3996,1297287358,Grabbed by the Ghoulies™,1,0.0003
3997,2000501097,GRAPPIN,1,0.0003
3998,2120826895,Greed: The Mad Scientist,1,0.0003
3999,1684323586,GreedFall - Windows 10,1,0.0003
4000,275687140,Grim Legends: The Forsaken Bride,1,0.0003
4001,1737875841,GRIME,1,0.0003
4002,1668009445,Grow in the Hole,1,0.0003
4003,382500216,Growtopia,1,0.0003
4004,1653389515,Guidus Zero,1,0.0003
4005,1936785232,Guilt Battle Arena,1,0.0003
4006,2016338546,Gun Free To Fire - shooting games,1,0.0003
4007,1480657318,Gunstar Heroes,1,0.0003
4008,606152324,GWENT: The Witcher Card Game,1,0.0003
4009,1480656919,Gyruss,1,0.0003
4010,1657474153,Hades' Star: DARK NEBULA,1,0.0003
4011,1480657725,HALF-MINUTE HERO -Super Mega Neo Climax-,1,0.0003
4012,2014654365,Halloween - Color by Numbers,1,0.0003
4013,2096818168,Halo Infinite - Insider,1,0.0003
4014,1297292157,Halo: Spartan Assault,1,0.0003
4015,484274489,Hammerwatch,1,0.0003
4016,882567557,Hand of the Gods,1,0.0003
4017,1668145960,Happi Basudei,1,0.0003
4018,928096970,Happy Dungeons,1,0.0003
4019,446096627,Hard Reset Redux,1,0.0003
4020,1871556035,Hard West Ultimate Edition,1,0.0003
4021,1701706628,Harvest Moon: Mad Dash,1,0.0003
4022,1667008262,Harvest Moon: One World,1,0.0003
4023,2023604348,Hatsune Miku Logic Paint S+,1,0.0003
4024,2095782095,Haunted House,1,0.0003
4025,1924130173,Haven,1,0.0003
4026,1627601214,Heading Out,1,0.0003
4027,622753975,Headlander,1,0.0003
4028,1940198155,Headliner: NoviNews,1,0.0003
4029,229669525,Heart&Slash,1,0.0003
4030,1772866120,Heian City Story,1,0.0003
4031,1766317194,Helix Jump,1,0.0003
4032,1742067174,Hell is Us - Art Pack,1,0.0003
4033,2031795912,Hell Pie,1,0.0003
4034,2068868707,Hell Warders,1,0.0003
4035,2114001561,Hellblade: Senua's Sacrifice Original Soundtrack,1,0.0003
4036,1844884280,HELLCARD,1,0.0003
4037,1760815176,Hero's Hour,1,0.0003
4038,2098139948,Hero Express,1,0.0003
4039,1800648592,Heroes of Mount Dragon,1,0.0003
4040,1821283266,Hex Cats,1,0.0003
4041,2003316298,Hexa River,1,0.0003
4042,1838798461,Hexologic,1,0.0003
4043,2000004108,Hidden Cats in Berlin,1,0.0003
4044,1702609951,Hidden Cats in Paris,1,0.0003
4045,1839911748,Hidden Cats in Santa's Realm,1,0.0003
4046,1762620596,Hidden Shapes: Cat Realm + Trick or Cats,1,0.0003
4047,1700125109,Hidden Through Time,1,0.0003
4048,2113165348,Hoa,1,0.0003
4049,1698597039,Hokko Life,1,0.0003
4050,529253991,Hollow,1,0.0003
4051,1829965405,Home Safety Hotline,1,0.0003
4052,1966804514,Homestead Arcana,1,0.0003
4053,1950717553,Hood: Outlaws & Legends,1,0.0003
4054,2109710078,Hook: Complete Edition,1,0.0003
4055,758563081,Horizon Chase Turbo,1,0.0003
4056,2001285323,Horror Adventure,1,0.0003
4057,1865476865,Horse Club Adventures,1,0.0003
4058,1842354344,Hot Wheels Let's Race™: Ultimate Speed,1,0.0003
4059,1880956881,Hot Wheels Monster Trucks: Stunt Mayhem™,1,0.0003
4060,2005647110,Hot.Pursuit,1,0.0003
4061,2058317945,Hotel Renovator,1,0.0003
4062,1938281910,Hotel Transylvania: Scary-Tale Adventures,1,0.0003
4063,1707666494,House Builder Overtime,1,0.0003
4064,948876029,Hover,1,0.0003
4065,2067804489,How 2 Escape: Lost Submarine,1,0.0003
4066,1972151748,Humanity,1,0.0003
4067,2017392648,Humans Gone,1,0.0003
4068,2147313770,Hunting Simulator 3,1,0.0003
4069,1297290211,Hydro Thunder Hurricane,1,0.0003
4070,1889913930,Hyper-5,1,0.0003
4071,1038862451,HYPER SCAPE,1,0.0003
4072,2065384107,Hyposphere 3: Overdrive,1,0.0003
4073,2129720796,"I Have No Mouth, and I Must Scream",1,0.0003
4074,236834307,"I, Zombie",1,0.0003
4075,299988825,Ice Age Scrat's Nutty Adventure,1,0.0003
4076,1634824534,Iconoclasts,1,0.0003
4077,1634954007,Icy Gifts,1,0.0003
4078,1765079160,Idle balls,1,0.0003
4079,2020488877,Imagine Earth,1,0.0003
4080,1717134406,Immortal Realms: Vampire Wars,1,0.0003
4081,1914145805,In rays of the Light,1,0.0003
4082,1672730245,In Sound Mind,1,0.0003
4083,2082203967,INAYAH - Life after Gods,1,0.0003
4084,2129874876,Indivisible,1,0.0003
4085,2062871798,Infantry Attack,1,0.0003
4086,1679388877,Infernitos: Fiery Dishes,1,0.0003
4087,1880349536,Infinite Dash,1,0.0003
4088,909182696,Infinite Minigolf,1,0.0003
4089,1635790563,Infliction: Extended Cut,1,0.0003
4090,1762402005,"Injection π23 'No Name, No Number'",1,0.0003
4091,1480657692,Insanely Twisted Shadow Planet,1,0.0003
4092,1905469907,Insomnis,1,0.0003
4093,1805474854,Instruments of Destruction,1,0.0003
4094,1480657271,Interpol,1,0.0003
4095,2100171650,ION Shift,1,0.0003
4096,1824926910,Iron Snout,1,0.0003
4097,1835790896,Isekai Rondo,1,0.0003
4098,1757844217,Islanders,1,0.0003
4099,1480657322,Islands of Wakfu ®,1,0.0003
4100,1825240443,Istanbul: Digital Edition,1,0.0003
4101,1898064663,It Lurks Below,1,0.0003
4102,2144202179,Jackpot Wins -Slots Casino,1,0.0003
4103,718727066,Jagged Alliance: Rage!,1,0.0003
4104,1667438661,JCB Pioneer: Mars,1,0.0003
4105,2049300347,JDM Racing: drift cars driving,1,0.0003
4106,1480659527,Jet Set Radio,1,0.0003
4107,1776716222,Jewel Fever 3,1,0.0003
4108,1759236304,Jewel Match Solitaire 2 Collector's Edition,1,0.0003
4109,1480656874,Jewel Quest,1,0.0003
4110,1823446322,John Wick Hex,1,0.0003
4111,1747780875,Joker Poker - Video Poker,1,0.0003
4112,786868977,Jotun: Valhalla Edition,1,0.0003
4113,1982477375,Jumanji: Wild Adventures,1,0.0003
4114,1396901845,Just Cause,1,0.0003
4115,1006362568,Just Dance 2014,1,0.0003
4116,1117499725,JUST DANCE® 2015,1,0.0003
4117,1845482837,Justice Sucks,1,0.0003
4118,1674561712,KALIMBA,1,0.0003
4119,1833296585,Kanjozoku Game - レーサーCar Racing & Highway Driving Simulator Games,1,0.0003
4120,1871788890,Kao the Kangaroo,1,0.0003
4121,1673712997,KARMA: The Dark World,1,0.0003
4122,2138868799,Kattastick,1,0.0003
4123,1841198850,Keeper's Toll,1,0.0003
4124,1975182918,Ken's Pub Quiz,1,0.0003
4125,1833960090,Kentucky Route Zero: TV Edition,1,0.0003
4126,1670607832,Keplerth,1,0.0003
4127,632819091,Kerbal Space Program,1,0.0003
4128,646403599,Kholat,1,0.0003
4129,1611656823,Kids' Jigsaw Planet for PC & XBOX,1,0.0003
4130,2004313785,KILL KNIGHT,1,0.0003
4131,1448544214,KILLER IS DEAD,1,0.0003
4132,1668528786,Kinduo 2 - Frostbite,1,0.0003
4133,330034505,Kinect Sports Rivals Hub,1,0.0003
4134,2072806887,King Arthur: Knight's Tale,1,0.0003
4135,1055556936,Kingdom New Lands,1,0.0003
4136,1992283783,Kingdom Rush Origins,1,0.0003
4137,1802712007,Kittens and Yarn,1,0.0003
4138,1716222897,Kitty's Adventure for XBox One,1,0.0003
4139,2008175655,Knights of Pen and Paper +1 Deluxier Edition,1,0.0003
4140,1397622750,KOF NEOWAVE,1,0.0003
4141,2092303758,Kona II: Brume,1,0.0003
4142,128932130,Kung-Fu for Kinect,1,0.0003
4143,193718807,Kyub,1,0.0003
4144,1615382054,L.O.L. Surprise! B.B.s BORN TO TRAVEL™,1,0.0003
4145,2108304147,Ladders by POWGI,1,0.0003
4146,1654316252,Lakeview Cabin Collection,1,0.0003
4147,1642491282,Lamentum,1,0.0003
4148,1792128139,Legend of Ixtona,1,0.0003
4149,2118709517,Legend of Keepers: Career of a Dungeon Manager,1,0.0003
4150,1722781084,LEGO® Batman™: Legacy of the Dark Knight,1,0.0003
4151,831141864,Leo's Fortune,1,0.0003
4152,1670205494,Lesson Learned: Cult of the Elizabeth,1,0.0003
4153,2010017776,Let's Sing 2020,1,0.0003
4154,2146442135,Let's Sing 2021,1,0.0003
4155,1957230512,Let's Sing 2026,1,0.0003
4156,1859481116,Let Me Sleep,1,0.0003
4157,2018535830,Lets Yelly Adventure,1,0.0003
4158,1716669263,Levelhead,1,0.0003
4159,443209874,Lichdom: Battlemage,1,0.0003
4160,2077899956,Life Simulator Choices,1,0.0003
4161,2096549844,Liftoff: Drone Racing,1,0.0003
4162,1715583830,Light-It Up,1,0.0003
4163,1397819419,LIGHTNING RETURNS FFXIII,1,0.0003
4164,1689936313,Little Big Workshop,1,0.0003
4165,2038341591,Little Noah: Scion of Paradise,1,0.0003
4166,2137538060,Little Triangle,1,0.0003
4167,1708765298,Local Multiplayer Squares,1,0.0003
4168,1907201549,Lonely Guardian,1,0.0003
4169,1886359133,Looney Tunes: Wacky World of Sports,1,0.0003
4170,1648660389,Lost Eidolons: Veil of the Witch,1,0.0003
4171,1736766216,Lost Lands X,1,0.0003
4172,1971740518,Lotsa Slots - Casino Games,1,0.0003
4173,1722708396,Love Shore,1,0.0003
4174,2064180733,Low Story,1,0.0003
4175,1961355138,Luckslinger,1,0.0003
4176,1781027452,Luppy,1,0.0003
4177,1480656887,Mad Tracks,1,0.0003
4178,1625265143,MageQuit,1,0.0003
4179,1797206542,Magic Jigsaw Puzzles – Puzzle game HD,1,0.0003
4180,1963895710,Magical Delicacy,1,0.0003
4181,1313086303,Make it Rain: The Love of Money,1,0.0003
4182,2072178531,Manifold Garden,1,0.0003
4183,1480659971,Marlow Briggs,1,0.0003
4184,1918742857,Mars Horizon,1,0.0003
4185,1955271286,Master of BOOM,1,0.0003
4186,2061946653,Math & Match,1,0.0003
4187,1737564745,Matsuro Palette,1,0.0003
4188,1635154692,Maximum Football 2019,1,0.0003
4189,1748081906,Maze: Path of Light,1,0.0003
4190,2100895881,Mechstermination Force,1,0.0003
4191,1911247850,Meet Your Maker,1,0.0003
4192,1633855799,Mega Coin Squad,1,0.0003
4193,1480657390,MEGA MAN 10,1,0.0003
4194,1999249377,MegaJogos,1,0.0003
4195,1624454834,Mel The Cat,1,0.0003
4196,1941838752,MELTY BLOOD: TYPE LUMINA,1,0.0003
4197,2114703539,Memories of Mars,1,0.0003
4198,1968122005,Meow Motors,1,0.0003
4199,2039573071,Merge & Blade,1,0.0003
4200,2098975173,Metal Wolf Chaos XD,1,0.0003
4201,1671140861,Metavoidal,1,0.0003
4202,1983992803,Miasma Chronicles,1,0.0003
4203,1297292189,Microsoft Sudoku,1,0.0003
4204,2136356568,Mighty Switch Force! Collection,1,0.0003
4205,813999960,Milanoir,1,0.0003
4206,1718878320,Military Logistics Simulator,1,0.0003
4207,1879017945,Mimi the Cat: Meow Together,1,0.0003
4208,849609009,Minecraft: Story Mode - A Telltale Games Series,1,0.0003
4209,1735692647,Minefield Extreme,1,0.0003
4210,2051473600,Mineko's Night Market,1,0.0003
4211,1954760880,Minigolf Adventure,1,0.0003
4212,1685398815,Minoria,1,0.0003
4213,1677981874,Minos Dungeon,1,0.0003
4214,2004795446,Miraculous - Paris Under Siege,1,0.0003
4215,1790559387,Miraculous: Rise of the Sphinx,1,0.0003
4216,1804464387,Missile Command: Recharged,1,0.0003
4217,1958464992,Mob Control,1,0.0003
4218,1744505425,Modern Combat 5: Blackout,1,0.0003
4219,1964853451,Mondealy,1,0.0003
4220,1991869272,Monochrome Order,1,0.0003
4221,2050785251,Monster Prom 2: Monster Camp XXL,1,0.0003
4222,186591858,Monstrum,1,0.0003
4223,1983120305,Moon Mystery,1,0.0003
4224,1884090207,Moonscars,1,0.0003
4225,1150103050,Mordheim: City of the Damned,1,0.0003
4226,1714539163,Mortisomem,1,0.0003
4227,1729897167,Mother Russia Bleeds,1,0.0003
4228,2044034598,Mothered - A Role-Playing Horror Game,1,0.0003
4229,2146469541,MotoTrials,1,0.0003
4230,1665024726,Mountain Racing,1,0.0003
4231,1778466338,Murder Inc,1,0.0003
4232,1652829137,Mushroom Savior,1,0.0003
4233,1763148276,Mushroom Wars 2,1,0.0003
4234,1480660029,Mutant Blobs Attack,1,0.0003
4235,1747605739,My Child Lebensborn Remastered,1,0.0003
4236,1804357116,My Fantastic Ranch: Unicorn & Dragons,1,0.0003
4237,1974773416,My Horse Stories,1,0.0003
4238,1817032347,My Little Pony: A Zephyr Heights Mystery,1,0.0003
4239,444406800,My Little Riding Champion,1,0.0003
4240,2045736222,My Recycling Center,1,0.0003
4241,1897886535,My Universe - Interior Designer,1,0.0003
4242,1911275658,MyMaitê,1,0.0003
4243,1925393728,MyWhoosh,1,0.0003
4244,2084735474,Nachtmahr,1,0.0003
4245,1693654641,Narcissus,1,0.0003
4246,591141110,Narcos: Rise of the Cartels,1,0.0003
4247,2085220508,Necro Story,1,0.0003
4248,1751697073,NeonBlast,1,0.0003
4249,2091874206,Neptunia Game Maker R:Evolution,1,0.0003
4250,1755993580,Nerd Survivors,1,0.0003
4251,1905883470,NERF Legends,1,0.0003
4252,2086432768,Neva,1,0.0003
4253,1983411288,Neverout,1,0.0003
4254,1714794422,New Football Game Online Performance Test,1,0.0003
4255,1671144891,New Joe & Mac - Caveman Ninja,1,0.0003
4256,1480656949,NEW RALLY-X,1,0.0003
4257,1644314486,Ninja Master Toru,1,0.0003
4258,25830915,Ninjin: Clash of Carrots,1,0.0003
4259,156829627,No Time To Explain,1,0.0003
4260,1872556161,NODE: The Last Favor of the Antarii,1,0.0003
4261,113676173,NOT A HERO: SUPER SNAZZY EDITION,1,0.0003
4262,1941459227,Not Not - A Brain Buster,1,0.0003
4263,1737854273,Not Not 2 - A Brain Challenge,1,0.0003
4264,2030829630,Nova Lands,1,0.0003
4265,1480656873,Novadrome,1,0.0003
4266,1060326183,Obliteracers,1,0.0003
4267,2074956981,Oddworld: Soulstorm Enhanced Edition,1,0.0003
4268,1778851260,Oddworld: Stranger's Wrath HD,1,0.0003
4269,2035271018,Offroad Masters: Motocross Races,1,0.0003
4270,1849931750,Offroad Mechanic Simulator,1,0.0003
4271,1382263737,OlliOlli,1,0.0003
4272,1480657061,Omega Five,1,0.0003
4273,1693098311,One Step After Fall,1,0.0003
4274,1756731867,One Step From Eden,1,0.0003
4275,1207405244,Onigiri,1,0.0003
4276,118591686,ONRUSH™,1,0.0003
4277,1651139522,Orbital Bullet,1,0.0003
4278,1794026365,Order of Battle: World War II,1,0.0003
4279,1693393910,Othercide,1,0.0003
4280,1688249349,Out of Sight,1,0.0003
4281,1874146006,Outbreak: Shades of Horror,1,0.0003
4282,1904294237,Outcast - A New Beginning,1,0.0003
4283,1842520099,Outlaw 8s,1,0.0003
4284,1695412814,over the hill,1,0.0003
4285,1707434871,Overdrive Blaster,1,0.0003
4286,1941542362,Oxide Room 104,1,0.0003
4287,1652695637,Oxide Room 208,1,0.0003
4288,1161365458,P4A,1,0.0003
4289,2013199752,PAC-MAN Mega Tunnel Battle: Chomp Champs,1,0.0003
4290,2006937710,PACER,1,0.0003
4291,2115269293,Panzer Dragoon: Remake,1,0.0003
4292,2035666683,Paper Bad,1,0.0003
4293,2038137251,Paper Cut Mansion,1,0.0003
4294,1825388207,Paper Dash - Las Vegas,1,0.0003
4295,1688428336,Paradise Island 2,1,0.0003
4296,202238107,Paranautical Activity,1,0.0003
4297,1666984047,Parcel Corps,1,0.0003
4298,1713821027,Park Beyond,1,0.0003
4299,1909664745,ParkourLand Elite 2,1,0.0003
4300,2000145726,Party Arcade,1,0.0003
4301,1952969635,Party Hard 2,1,0.0003
4302,1798400755,Pathologic 2,1,0.0003
4303,1961872215,Peachy Derby,1,0.0003
4304,1876811450,Penarium,1,0.0003
4305,1760424877,Penguin Dash!,1,0.0003
4306,2116319841,Penny's Big Breakaway,1,0.0003
4307,2110355451,Pet Rescue Saga,1,0.0003
4308,1642978235,Pet Show,1,0.0003
4309,1480657317,Phantasy Star II,1,0.0003
4310,2083704738,Phantom Abyss,1,0.0003
4311,1836794259,Phantom Breaker: Battle Grounds Ultimate,1,0.0003
4312,1940224568,Phantom Spark,1,0.0003
4313,2106253617,Piano Tiles 2030,1,0.0003
4314,2077196852,Piano White Master!,1,0.0003
4315,2114369983,Pickleball Smash,1,0.0003
4316,1914519751,Pillars of Eternity: Hero Edition,1,0.0003
4317,1800431998,Pipes Master,1,0.0003
4318,278034166,Pix the Cat,1,0.0003
4319,1890622702,Pixel Gladiator,1,0.0003
4320,2109658878,Pizza Tycoon,1,0.0003
4321,1911968632,PJ Masks Power Heroes: Mighty Alliance,1,0.0003
4322,340271216,Planet Alpha,1,0.0003
4323,1662154584,Platypus Reclayed,1,0.0003
4324,1637794416,Pneumata,1,0.0003
4325,1929047032,Pocket Mini Golf 2,1,0.0003
4326,650684398,Polygod,1,0.0003
4327,2113285802,PONG Quest,1,0.0003
4328,2055751645,Pongball,1,0.0003
4329,1989950685,Pool Billiard 8 Ball Challenge,1,0.0003
4330,2071988780,Port Royale 4,1,0.0003
4331,1804397214,Possum is Hungry,1,0.0003
4332,1697635406,Post Trauma,1,0.0003
4333,1699612058,Potionomics: Masterwork Edition,1,0.0003
4334,1659566323,Praey for the Gods,1,0.0003
4335,2102601227,Prison Architect PC,1,0.0003
4336,1731606141,Prison of Illusion,1,0.0003
4337,1755544820,Pro Gymnast Simulator,1,0.0003
4338,2116922454,Prodeus,1,0.0003
4339,2141271000,Project Nightmares Case 36: Henrietta Kedward,1,0.0003
4340,1841294814,Project Warlock,1,0.0003
4341,1696261466,Property Brothers Home Design,1,0.0003
4342,670498748,Pumped BMX +,1,0.0003
4343,248901393,Punch Club,1,0.0003
4344,2133619629,Punch Club 2: Fast Forward,1,0.0003
4345,1846662502,Puppet House,1,0.0003
4346,2061310671,pureya,1,0.0003
4347,1480660021,Putty Squad,1,0.0003
4348,1655939920,Puyo Puyo Champions,1,0.0003
4349,2143360506,Puzzle Bobble™2X/BUST-A-MOVE™2 Arcade Edition & Puzzle Bobble™3/BUST-A-MOVE™3 S-Tribute,1,0.0003
4350,1480657468,Puzzle Quest 2,1,0.0003
4351,1827084963,Puzzletronics: Digital Infinite,1,0.0003
4352,1629584005,Pyramid Platformer - The Gem Heist,1,0.0003
4353,1798310078,Q-YO Blaster,1,0.0003
4354,753341513,Q*bert REBOOTED: The XBOX One @!#?@! Edition,1,0.0003
4355,1857566121,QSketcher,1,0.0003
4356,1480657096,Quake Arena Arcade,1,0.0003
4357,1802682965,Quake Champions,1,0.0003
4358,1480659455,Quantum Conundrum,1,0.0003
4359,2044347829,Quilts and Cats of Calico,1,0.0003
4360,1902394396,Quriocity,1,0.0003
4361,1480657069,R-Type Dimensions™,1,0.0003
4362,1664110632,R-Type® Final 2,1,0.0003
4363,137470980,R.B.I. Baseball 14,1,0.0003
4364,1970954956,Rabbids Invasion : The Interactive TV Show,1,0.0003
4365,2101953969,Rabbiman Adventures,1,0.0003
4366,1694200362,Rabio,1,0.0003
4367,1977013516,Radical Rabbit Stew,1,0.0003
4368,2058870984,Radioactive Dwarfs: Evil From the Sewers,1,0.0003
4369,1801319768,Rag-Fu,1,0.0003
4370,1989383438,Rag Guys,1,0.0003
4371,1902689640,Ragdoll Cart Rider,1,0.0003
4372,1738916410,Railbound,1,0.0003
4373,2115822601,Railbreak,1,0.0003
4374,1843263319,Railway Islands - Puzzle,1,0.0003
4375,1673787135,Rain on Your Parade,1,0.0003
4376,1717310409,Rally Rock 'N Racing,1,0.0003
4377,957250252,Rapala Fishing: Pro Series,1,0.0003
4378,1800747068,Ravenous Devils,1,0.0003
4379,1616835035,Rayland 2,1,0.0003
4380,1736783596,Re:Touring,1,0.0003
4381,1897447749,ReactorX,1,0.0003
4382,1761751232,ReactorX 2,1,0.0003
4383,1679987069,Real Heroes: Firefighter HD,1,0.0003
4384,2132278444,Realpolitiks New Power,1,0.0003
4385,1617248429,REANIMAL,1,0.0003
4386,1982760735,Rebel Cops,1,0.0003
4387,1798994770,Rebel Transmute,1,0.0003
4388,1639119449,Record of Lodoss War-Deedlit in Wonder Labyrinth-,1,0.0003
4389,2133414343,Recycling Center Simulator,1,0.0003
4390,1660886813,Red Pippy,1,0.0003
4391,2014610964,REKT! High Octane Stunts,1,0.0003
4392,2122451966,Relaxing Jigsaw Puzzles for Adults,1,0.0003
4393,1704019228,REMEDIUM: Sentinels,1,0.0003
4394,1927790109,Rememoried,1,0.0003
4395,2045008370,Remothered: Broken Porcelain,1,0.0003
4396,655708836,Rento Fortune,1,0.0003
4397,2112970345,Renzo Racer,1,0.0003
4398,1775673786,Republic of Pirates,1,0.0003
4399,1767764646,Retreat To Enen,1,0.0003
4400,1814618059,Return to Monkey Island,1,0.0003
4401,738113083,Reus,1,0.0003
4402,1941236671,Revita,1,0.0003
4403,2122723938,Rhythm Sprout,1,0.0003
4404,522156478,Riddled Corpses EX,1,0.0003
4405,2021825958,RIDE 6,1,0.0003
4406,1720079154,Riders Republic - Trial Week,1,0.0003
4407,1930767830,RiffTrax: The Game,1,0.0003
4408,761259973,RiME,1,0.0003
4409,1414596725,Rio,1,0.0003
4410,566120507,RIOT: Civil Unrest,1,0.0003
4411,2112125425,Riptide GP2,1,0.0003
4412,1681031956,Rise Eterna 2,1,0.0003
4413,2099119493,Rise of the Triad: Ludicrous Edition,1,0.0003
4414,1263339480,Risen,1,0.0003
4415,1263339494,Risen 2™: Dark Waters ,1,0.0003
4416,1624643031,Ritual Crown of Horns,1,0.0003
4417,1783825549,Road 96: Mile 0,1,0.0003
4418,1940745705,Road Maintenance Simulator,1,0.0003
4419,826442297,Road Rage,1,0.0003
4420,2115184857,Rob (game),1,0.0003
4421,1715096411,RoboDunk,1,0.0003
4422,2034979872,Rock 'N Racing Grand Prix,1,0.0003
4423,378690252,Rock 'N Racing Off Road DX,1,0.0003
4424,1480657562,Rock of Ages,1,0.0003
4425,1480657410,Rocket Knight®,1,0.0003
4426,1832424764,Rocket Rats Xbox One,1,0.0003
4427,1803575237,Rogue Loops,1,0.0003
4428,1644975436,Rollerdrome,1,0.0003
4429,1611214808,Romancing SaGa 3,1,0.0003
4430,1711534896,Roundguard,1,0.0003
4431,1702363847,Rover Mechanic Simulator,1,0.0003
4432,2014153468,Royal Revolt 2: Tower Defense,1,0.0003
4433,1754115168,Royal Revolt!,1,0.0003
4434,2025885075,Rudolph The Red Nosed Reindeer,1,0.0003
4435,2084191664,Rue Valley,1,0.0003
4436,1218938330,Rugby 15,1,0.0003
4437,920951865,Rugby 18,1,0.0003
4438,1654990488,Rune Factory 4 Special,1,0.0003
4439,1805396630,RuneMatch Puzzle,1,0.0003
4440,1682659740,RunestoneKeeper,1,0.0003
4441,1759610497,Rush Rally Origins,1,0.0003
4442,2130200425,RWBY: Arrowfell,1,0.0003
4443,1751874775,Ryan Adventure,1,0.0003
4444,2085974219,Sable,1,0.0003
4445,1263339495,Sacred 3,1,0.0003
4446,1957130244,Sacrifice Your Friends,1,0.0003
4447,1945270822,Saga of the Moon Priestess,1,0.0003
4448,2106675045,Samurai Jack: Battle Through Time,1,0.0003
4449,2104908468,SAMURAI WARRIORS 5,1,0.0003
4450,1657557697,SAMURAI WARRIORS 5 Trial version,1,0.0003
4451,2124983718,SAND LAND,1,0.0003
4452,1690203558,Sanic Racing Free version,1,0.0003
4453,2067949679,Sanicball Original Xbox version,1,0.0003
4454,2010124610,Save Your Nuts,1,0.0003
4455,2052291008,Scopa,1,0.0003
4456,1828185725,Sea Fantasy,1,0.0003
4457,1787895330,Secret Agent : Cold War Espionage,1,0.0003
4458,1772648111,Secret Night Maze World,1,0.0003
4459,1690734775,Secrets of Blackrock Manor - Escape Room,1,0.0003
4460,1784940987,Secrets of SOCOM,1,0.0003
4461,2014051102,SEDAP! A Culinary Adventure,1,0.0003
4462,1480657776,Sega Vintage Collection: Alex Kidd & Co.,1,0.0003
4463,809710057,Serial Cleaner,1,0.0003
4464,1849896748,SETTRIS,1,0.0003
4465,2046851303,Shadow of the Ninja - Reborn,1,0.0003
4466,1867499227,Shadow of the orient,1,0.0003
4467,2000442171,Shadow Warrior 3: Definitive Edition,1,0.0003
4468,1297287126,Shadowrun,1,0.0003
4469,1161890090,Shadows of the Damned,1,0.0003
4470,944809057,Shadows: Awakening,1,0.0003
4471,1685514435,Shalnor Legends: Sacred Lands,1,0.0003
4472,1675462485,Shalnor: Silverwind Saga,1,0.0003
4473,871256460,Shantae: Half-Genie Hero Ultimate Edition,1,0.0003
4474,1774500212,Shantae: Risky's Revenge - Director's Cut,1,0.0003
4475,1147540192,Shape Up,1,0.0003
4476,1715496714,Shark Adventure,1,0.0003
4477,1898687241,Sharpshooter Plus,1,0.0003
4478,2125030606,She Sees Red Interactive Movie,1,0.0003
4479,1879127314,Sheep Game,1,0.0003
4480,114172147,Shenmue,1,0.0003
4481,36217198,Sherlock Holmes: Crimes and Punishments,1,0.0003
4482,1654530968,Shieldwall,1,0.0003
4483,1710148072,Ship Graveyard Simulator,1,0.0003
4484,2040120446,Ships Simulator,1,0.0003
4485,1632941844,SHMUP Mania,1,0.0003
4486,1654809752,Shotgun King: The Final Checkmate,1,0.0003
4487,1740491486,Shovel Knight Dig,1,0.0003
4488,2048329805,Shred It!,1,0.0003
4489,1811056861,Shred! 2 - ft Sam Pilgrim,1,0.0003
4490,1645103109,Shred! Remastered,1,0.0003
4491,1834153031,Shy Cats Hidden Orchestra,1,0.0003
4492,1967979978,Shy Cats Hidden Tracks - Vol. 2,1,0.0003
4493,2044118581,Shy Dogs Hidden Orchestra,1,0.0003
4494,1263405091,Silent Hill:  Downpour,1,0.0003
4495,2129043429,Silly Polly Beast,1,0.0003
4496,1852601689,SILT,1,0.0003
4497,1801439021,Silver Chains,1,0.0003
4498,1774643293,Silver Screen Story,1,0.0003
4499,1777490694,Simple Minesweeper,1,0.0003
4500,528264958,Sine Mora EX,1,0.0003
4501,1970563682,Sir Jumpy Knight XBL,1,0.0003
4502,1967793188,Sir Lovelot,1,0.0003
4503,1627145602,Sisters Royale: Five Sisters Under Fire,1,0.0003
4504,1984747365,Sixty Words by POWGI,1,0.0003
4505,1161889967,Skate 2 (DE),1,0.0003
4506,1656193649,Skator Gator 3D,1,0.0003
4507,1643530242,SKIBIDI BACKROOMS,1,0.0003
4508,1720807506,Skibidi Sandbox,1,0.0003
4509,2073240970,Skull Island: Rise of Kong,1,0.0003
4510,1852577296,Sky Feathers,1,0.0003
4511,1619226313,Sky Rogue,1,0.0003
4512,1915217933,Slave Zero X,1,0.0003
4513,842462247,Slayaway Camp: Butcher's Cut,1,0.0003
4514,2016262671,Slayers X: Terminal Aftermath: Vengance of the Slayer,1,0.0003
4515,1792405589,Sledding Game,1,0.0003
4516,1620391316,Sleepin' Guy Deluxe Edition,1,0.0003
4517,1705787144,Slime 3K: Rise Against Despot,1,0.0003
4518,2056811528,Slime Heroes,1,0.0003
4519,2144274634,Slinko,1,0.0003
4520,1838648944,Slipstream,1,0.0003
4521,1671800380,Slitcher.io Wormate Snake,1,0.0003
4522,1908028152,Slotomania Casino Slots,1,0.0003
4523,1480656853,Small Arms,1,0.0003
4524,1712249062,Snake: The Game,1,0.0003
4525,1675040608,Sniper Fury - Elite Gun Shooter,1,0.0003
4526,1866835346,Snoopy & The Great Mystery Club,1,0.0003
4527,1758230818,Soccer Power Hero,1,0.0003
4528,1716567990,Sokmeal Time,1,0.0003
4529,1612526927,Sokobear Winter,1,0.0003
4530,1846193647,Sol Dorado Heist,1,0.0003
4531,1992608598,Solar Ash,1,0.0003
4532,138528408,Solitaire,1,0.0003
4533,1652188636,Solitaire !,1,0.0003
4534,1965996577,Solitaire 40 cards,1,0.0003
4535,1480656957,Soltrio Solitaire,1,0.0003
4536,1865488656,Somber Echoes,1,0.0003
4537,2119197579,Somerville,1,0.0003
4538,1897725373,Song of Horror,1,0.0003
4539,2026132596,Song of Iron,1,0.0003
4540,1966114215,Song of Nunu: A League of Legends Story,1,0.0003
4541,2112770120,Songs of Conquest,1,0.0003
4542,1984267242,Sophstar,1,0.0003
4543,1624587951,Sorry We're Closed,1,0.0003
4544,1817634846,Soulbind: Tales Of The Underworld,1,0.0003
4545,1480657156,SOULCALIBUR,1,0.0003
4546,2123190381,Soundtrack and The Art of Cronos: The New Dawn,1,0.0003
4547,1839499082,South of Midnight - Digital Extras,1,0.0003
4548,1699406552,Space Accident,1,0.0003
4549,1759979710,Space Drone (Xbox One),1,0.0003
4550,1662988757,Space Elite Force - Reloaded,1,0.0003
4551,1724027675,Space Frontier,1,0.0003
4552,1612781245,Space Frontier (Xbox One),1,0.0003
4553,1480656908,Space Giraffe,1,0.0003
4554,1838518432,Space Hulk®: Deathwing™ - Enhanced Edition (Windows 10),1,0.0003
4555,1744487921,Spacebase Startopia,1,0.0003
4556,2110528847,Spartan Runner,1,0.0003
4557,1743190534,Speed Limit,1,0.0003
4558,2003460558,Speed Truck Racing,1,0.0003
4559,1803410566,SpeedRunners 2: King of Speed,1,0.0003
4560,1794398757,Spell Disk,1,0.0003
4561,678502136,Splasher,1,0.0003
4562,1962192040,SpongeBob: Krusty Cook-Off,1,0.0003
4563,1676037121,Spooky's Jump Scare Mansion: HD Renovation,1,0.0003
4564,1693360685,Spot Challenge Vol. 3,1,0.0003
4565,1737462111,Spot The Pup,1,0.0003
4566,1937973534,Spot The Pup (Xbox One),1,0.0003
4567,1645862163,SpotCat vs The Cheddar Mafia In Asia,1,0.0003
4568,1910694934,SpotCat vs The Cheddar Mafia In The Americas,1,0.0003
4569,2037835570,Square Enix Digital Content Viewer,1,0.0003
4570,1826083440,Star Trek Prodigy: Supernova,1,0.0003
4571,1112934457,STAR WARS Jedi Starfighter,1,0.0003
4572,92932164,STAR WARS™ - Knights of the Old Republic™,1,0.0003
4573,145718352,Stardust Galaxy Warriors: Stellar Climax,1,0.0003
4574,1928236996,Starsand,1,0.0003
4575,1610938878,Startup Company Console Edition,1,0.0003
4576,687953907,STARWHAL,1,0.0003
4577,1922470106,Stasis,1,0.0003
4578,1783528863,Stasis: Bone Totem,1,0.0003
4579,2078811113,Steel Seed,1,0.0003
4580,1627337949,Stellar Interface,1,0.0003
4581,325295891,Steredenn: Binary Stars,1,0.0003
4582,1016114215,Steven Universe: Save the Light,1,0.0003
4583,1907038683,Stickman Odyssey,1,0.0003
4584,2124987262,Stock Cars Arcade,1,0.0003
4585,1752123697,Stock Racing,1,0.0003
4586,2027854331,STORY OF SEASONS: A Wonderful Life,1,0.0003
4587,1847259893,Strawberry Vinegar,1,0.0003
4588,1681653389,Stray Gods: The Roleplaying Musical,1,0.0003
4589,1896598798,Street Outlaws 2: Winner Takes All,1,0.0003
4590,1934391570,Street Power Soccer,1,0.0003
4591,1739437181,Street Racer Collection (QUByte Classics),1,0.0003
4592,2108848036,Strike Force 3,1,0.0003
4593,1740350205,Strike Mission,1,0.0003
4594,2054803154,"Striker Zone: War Action, Shooter Adventure Game",1,0.0003
4595,1644555235,STRIKERS 1945,1,0.0003
4596,1414596596,Stuntman: Ignition,1,0.0003
4597,1678941366,Submarine Patrol 3D,1,0.0003
4598,1951040150,Submerged,1,0.0003
4599,754617166,Subterrain,1,0.0003
4600,1880166267,Sudoku Classic X,1,0.0003
4601,1986802694,Suikaiju,1,0.0003
4602,1806898372,Summum Aeterna,1,0.0003
4603,1892393976,Sundered®: Eldritch Edition,1,0.0003
4604,1995931888,Sunderfolk,1,0.0003
4605,1821207324,SunnySide,1,0.0003
4606,1777692734,Super Arcade Football,1,0.0003
4607,1480656922,Super Contra,1,0.0003
4608,1633973784,Super Cyborg,1,0.0003
4609,1375034638,Super Dungeon Bros,1,0.0003
4610,2020086658,Super Engine GT Turbo SPEC,1,0.0003
4611,2099919133,Super Mining Mechs,1,0.0003
4612,900300132,Super Night Riders,1,0.0003
4613,1635135792,Super Pixel Kid Adventure,1,0.0003
4614,1963013137,Super Snake Block DX,1,0.0003
4615,1880907442,Super Soccer Blast,1,0.0003
4616,1628468632,Super Tennis Blast,1,0.0003
4617,2118341436,Super Toy Cars Offroad,1,0.0003
4618,1654363896,Super Woden GP,1,0.0003
4619,1777228920,Super Woden GP II,1,0.0003
4620,1879429925,Super World Run 2 - Adventure Game,1,0.0003
4621,1766074168,Supermarket Simulator - Price Panic ( XBOX & PC ),1,0.0003
4622,1845322433,Suzerain,1,0.0003
4623,1722901011,Sweet Survivors,1,0.0003
4624,2051252530,Sweet Witches,1,0.0003
4625,1480656944,Switchball,1,0.0003
4626,1908989621,SWORD ART ONLINE Last Recollection,1,0.0003
4627,2015998604,Syberia - The World Before,1,0.0003
4628,1921935939,Synchro Hedgehogs,1,0.0003
4629,1161890083,Syndicate,1,0.0003
4630,1803025384,SYNTHETIK: Ultimate,1,0.0003
4631,1615373750,Syobon Action Online UWP,1,0.0003
4632,1955122958,Taboo Trial,1,0.0003
4633,2132813328,Tank Battle Retro,1,0.0003
4634,1697551509,Tank Force: Modern Tanks Game,1,0.0003
4635,2146686920,"Tanks, But No Tanks",1,0.0003
4636,1974709729,Tanuki Sunset,1,0.0003
4637,29770197,Teenage Mutant Ninja Turtles™: Mutants in Manhattan,1,0.0003
4638,30042606,Tempest 4000,1,0.0003
4639,1891368289,TEMPUS - Level Escape,1,0.0003
4640,1964033151,Ten Dates,1,0.0003
4641,2131736990,TENSEI,1,0.0003
4642,1899756257,Tents & Trees,1,0.0003
4643,2147008908,Teppo and The Secret Ancient City,1,0.0003
4644,1771626735,Terminal 81,1,0.0003
4645,380646675,TETRA's Escape,1,0.0003
4646,2047813877,Tetraminos - Xbox Series X|S,1,0.0003
4647,278122515,The Adventure Pals,1,0.0003
4648,720980405,The Banner Saga 2,1,0.0003
4649,1949662682,The Beast Inside (Console Version),1,0.0003
4650,2016397741,The Berlin Apartment,1,0.0003
4651,1878828344,The Bible Trivia Challenge,1,0.0003
4652,1962678112,The Bridge Curse 2: The Extrication,1,0.0003
4653,181110324,The Bunker,1,0.0003
4654,2076835000,"THE CASINO COLLECTION: Ruleta, Vídeo Póker, Tragaperras, Craps, Baccarat, Five-Card Draw Poker, Texas hold 'em, Blackjack and Page One",1,0.0003
4655,1749701057,The Christmas Game,1,0.0003
4656,1937488056,The Church in the Darkness,1,0.0003
4657,977514341,The Culling,1,0.0003
4658,1833761430,The Cursed Hotel,1,0.0003
4659,1872080395,The Dark Side of the Moon: An Interactive FMV Thriller,1,0.0003
4660,231381248,The Deer God,1,0.0003
4661,2089995861,The Devil Lands (Game Preview),1,0.0003
4662,1613519621,The Elder Scrolls IV: Oblivion Game of the Year Edition (PC) – 2009,1,0.0003
4663,1623138447,The Elder Scrolls: Arena,1,0.0003
4664,2133505848,The Emoji Game,1,0.0003
4665,1982021747,The Experiment: Escape Room,1,0.0003
4666,10027721,The Fall,1,0.0003
4667,62357364,The Fall Part 2: Unbound,1,0.0003
4668,875174887,The Final Station,1,0.0003
4669,1966508044,The Golf Club,1,0.0003
4670,575803834,The Golf Club 2™,1,0.0003
4671,1979086726,The Grid Platformer,1,0.0003
4672,2011673728,THE HOUSE OF THE DEAD 2: Remake,1,0.0003
4673,518483923,The Infectious Madness of Doctor Dekker,1,0.0003
4674,740275617,The Inner World - The Last Wind Monk,1,0.0003
4675,4968325,The Journey Down: Chapter Two,1,0.0003
4676,1754337118,The King's Bird,1,0.0003
4677,2115010340,The Knightling,1,0.0003
4678,1908824731,The Lamplighters League,1,0.0003
4679,2079588618,The Last Campfire,1,0.0003
4680,1736333412,The Last DeadEnd,1,0.0003
4681,2060439943,The Last Door - Complete Edition,1,0.0003
4682,1773258938,The Last Shot Arcades,1,0.0003
4683,1948960688,The Legend of Bum-bo,1,0.0003
4684,2048574450,The Life and Suffering of Sir Brante,1,0.0003
4685,702883504,The Long Reach,1,0.0003
4686,1854696468,The Lord of the Rings: Adventure Card Game - Definitive Edition,1,0.0003
4687,2115394585,The Many Pieces of Mr. Coo,1,0.0003
4688,1962688125,The Messenger,1,0.0003
4689,186907511,The Metronomicon: Slay the Dance Floor,1,0.0003
4690,1756584367,The Mosaic,1,0.0003
4691,1668358423,The Movie Trivia Challenge,1,0.0003
4692,482654991,The Mummy Demastered,1,0.0003
4693,1741878550,The Pathless,1,0.0003
4694,1947609579,The Pedestrian,1,0.0003
4695,1909279725,The Procession to Calvary,1,0.0003
4696,1069677406,The Raven Remastered,1,0.0003
4697,1729341102,The Riftbreaker: Prologue Xbox,1,0.0003
4698,2147017544,The Rumble Fish +,1,0.0003
4699,1666554238,The Samurai Quest,1,0.0003
4700,1693397790,The StoryTale,1,0.0003
4701,702634063,The Swapper,1,0.0003
4702,1375399089,The Swindle,1,0.0003
4703,491421892,The Talos Principle,1,0.0003
4704,1675444836,The Talos Principle 2,1,0.0003
4705,1857523735,The Talos Principle: Reawakened,1,0.0003
4706,1161955801,The Technomancer,1,0.0003
4707,2086031333,The Thaumaturge,1,0.0003
4708,2119405603,The Tyrannical Toilet and The Battle of the Beans,1,0.0003
4709,1965003400,The Unicorn Princess,1,0.0003
4710,54480103,The Vanishing of Ethan Carter,1,0.0003
4711,333693662,The Walking Dead: A New Frontier,1,0.0003
4712,1480660146,The Walking Dead: Michonne - Episode 1,1,0.0003
4713,1967005422,The Wandering Village,1,0.0003
4714,1782146850,The Wild Eight,1,0.0003
4715,1683044366,Thea 2: The Shattering,1,0.0003
4716,1984752776,Thirsty Suitors,1,0.0003
4717,2016470925,This Bed We Made,1,0.0003
4718,1972072247,This is the Zodiac Speaking,1,0.0003
4719,2006790324,This Means Warp,1,0.0003
4720,850949051,Through the Woods,1,0.0003
4721,1480656917,Time Pilot,1,0.0003
4722,1822253433,Tinkertown,1,0.0003
4723,1652769790,Tiny Tales: Heart of the Forest,1,0.0003
4724,1807962365,Tiny Tina's Assault on Dragon Keep: A Wonderlands One-shot Adventure,1,0.0003
4725,1727379133,Tinykin,1,0.0003
4726,1782320039,Tip Top Tap(er),1,0.0003
4727,1646531438,To the Moon,1,0.0003
4728,1757391044,Toad Slide,1,0.0003
4729,2108730441,Toaplan Arcade Collection Vol. 2,1,0.0003
4730,1707307102,Toca Fun World,1,0.0003
4731,1984458321,ToeJam and Earl: Back in the Groove!,1,0.0003
4732,1764831145,Tokyo Warfare Turbo,1,0.0003
4733,1804899462,Tools Up - Ultimate Edition,1,0.0003
4734,1930095876,Top Speed: Drag & Fast Racing,1,0.0003
4735,1768685788,Total War: Warhammer,1,0.0003
4736,1982751724,Totally Spies! - Cyber Mission,1,0.0003
4737,2134932255,Tour de France 2015,1,0.0003
4738,2024662880,Tour de France 2020,1,0.0003
4739,1723626363,Tour de France 2022 Xbox One,1,0.0003
4740,1691312526,Tour de France 2023,1,0.0003
4741,1651850203,Tour de France 2024,1,0.0003
4742,2014396112,Tourist Trap,1,0.0003
4743,1752529058,Towa and the Guardians of the Sacred Tree,1,0.0003
4744,1761882488,Towaga: Among Shadows,1,0.0003
4745,1480657238,Tower Bloxx Deluxe,1,0.0003
4746,703233385,Tower of Guns,1,0.0003
4747,974917521,Train Sim World® 2020,1,0.0003
4748,1669996905,Train Sim World® 3,1,0.0003
4749,1804852983,Train Station Renovation,1,0.0003
4750,1646334101,TramSim: Console Edition,1,0.0003
4751,286890904,TRANSFORMERS: Fall of Cybertron,1,0.0003
4752,1529724759,Transformers: The Dark Spark,1,0.0003
4753,1627905727,Trash is Fun,1,0.0003
4754,2061866976,Trek to Yomi,1,0.0003
4755,1845231868,Trine 2: Complete Story,1,0.0003
4756,1676268108,Trollhunters: Defenders of Arcadia,1,0.0003
4757,89165390,TRON RUN/r,1,0.0003
4758,1998195902,Truck Driver: The Dutch Connection,1,0.0003
4759,1848058815,Truck Simulator - Car Parking & Driving,1,0.0003
4760,1959159088,Tunguska: The Visitation - Complete Edition,1,0.0003
4761,1799638183,Turbo Overkill,1,0.0003
4762,1804922747,Tux and Fanny,1,0.0003
4763,1792591612,Twilight Parade: Moonlit Mononoke,1,0.0003
4764,846759462,Twin Mirror,1,0.0003
4765,1654177207,Twins of the Sun,1,0.0003
4766,1906488246,Two Falls (Nishu Takuatshina),1,0.0003
4767,2083641199,Tyd wag vir Niemand,1,0.0003
4768,837159338,Typoman,1,0.0003
4769,1659161283,Ultimate Massage,1,0.0003
4770,2059671191,Ultimate Racing 2D,1,0.0003
4771,1940948486,Ultimate Trivia,1,0.0003
4772,2010231457,Ultra Foodmess,1,0.0003
4773,1480657425,Unbound Saga,1,0.0003
4774,1896690467,Uncle Chop's Rocket Shop,1,0.0003
4775,1611809839,Undead Horde,1,0.0003
4776,1751303516,UNDER DEFEAT,1,0.0003
4777,1618087966,Under the Jolly Roger,1,0.0003
4778,1796022981,Underhero,1,0.0003
4779,2034901256,Unholy,1,0.0003
4780,2118758715,Unknown 9: Awakening,1,0.0003
4781,1805288709,Uragun,1,0.0003
4782,496060715,Use Your Words,1,0.0003
4783,1700372911,uVolley,1,0.0003
4784,1846205124,UWP Snake,1,0.0003
4785,1808865750,Vagrus - The Riven Realms Prologue,1,0.0003
4786,1622859130,Valfaris,1,0.0003
4787,1828894151,Valiant Hearts: Coming Home,1,0.0003
4788,706892097,Valkyria Revolution,1,0.0003
4789,1980974265,Vambrace: Cold Soul,1,0.0003
4790,1728296368,Vampire Crawlers: The Turbo Wildcard from Vampire Survivors,1,0.0003
4791,1480657268,Vandal Hearts: FoJ,1,0.0003
4792,1397033025,VANQUISH,1,0.0003
4793,1633174126,Vasilisa and Baba Yaga,1,0.0003
4794,1623987807,Viewfinder,1,0.0003
4795,1621488506,Vigour,1,0.0003
4796,1480657285,Virtual-On OT,1,0.0003
4797,2146464993,Virtual Families 3: Our Country Home,1,0.0003
4798,1778298055,Void Bastards,1,0.0003
4799,1664766972,Void Gore,1,0.0003
4800,369299403,Volgarr the Viking,1,0.0003
4801,1630163029,Volgarr the Viking II,1,0.0003
4802,133113455,Voodoo Vince: Remastered,1,0.0003
4803,1759773134,Walking Simulator,1,0.0003
4804,1713876987,Wandersong,1,0.0003
4805,1852023164,War Mongrels,1,0.0003
4806,1672389327,Warcraft® II: Remastered,1,0.0003
4807,1769772134,Wargroove 2,1,0.0003
4808,1698802403,Warp Bot,1,0.0003
4809,845430701,We Are The Dwarves,1,0.0003
4810,1666548378,Weedcraft Inc,1,0.0003
4811,2016076229,Weird West: Definitive Edition,1,0.0003
4812,2007366287,Welcome to Elk,1,0.0003
4813,2042912163,Wenjia,1,0.0003
4814,1893886966,West Escape,1,0.0003
4815,1965936786,Whateverland,1,0.0003
4816,1837745362,When the Past was Around,1,0.0003
4817,1776968022,Whisper Trip,1,0.0003
4818,1663897592,White Day: A Labyrinth Named School,1,0.0003
4819,2060575182,Whose Voice,1,0.0003
4820,2044072960,Wildfire,1,0.0003
4821,2044343586,WildTrax Racing,1,0.0003
4822,2091556859,Willy Morgan and the Curse of Bone Town,1,0.0003
4823,1747483453,Wilmot's Warehouse,1,0.0003
4824,197099439,Winx Club: Alfea Butterflix Adventures,1,0.0003
4825,1996371924,WitchSpring R,1,0.0003
4826,1707905497,Wolfenstein 3D,1,0.0003
4827,1649877246,Woot Woot Game,1,0.0003
4828,322886724,Worbital,1,0.0003
4829,1740791682,Word Stacker - Word Game 2019,1,0.0003
4830,1964417553,Word Sudoku by POWGI,1,0.0003
4831,2032572519,Wordsweeper by POWGI,1,0.0003
4832,2020431253,World Conqueror 3,1,0.0003
4833,2025445089,World Cup Soccer 2026,1,0.0003
4834,2060086474,World Geography Trivia Quiz,1,0.0003
4835,1834145283,World of Tennis: Roaring ’20s,1,0.0003
4836,547690837,World of Van Helsing: Deathtrap,1,0.0003
4837,206756614,World of Warships: Legends (Supertest),1,0.0003
4838,2141363036,Worldless,1,0.0003
4839,1480657067,WOTB: Commando 3,1,0.0003
4840,912832008,WRC 7 FIA World Rally Championship,1,0.0003
4841,1663377800,WSOP,1,0.0003
4842,1834362316,WW2 Rebuilder,1,0.0003
4843,1864964873,Wytchwood,1,0.0003
4844,1698277348,X-Force Genesis,1,0.0003
4845,858615632,Xbox Fitness,1,0.0003
4846,2010235364,Yakuza Kiwami 2 ,1,0.0003
4847,2132101695,Yars: Recharged,1,0.0003
4848,1926608791,Yellow Chess,1,0.0003
4849,1991469088,Yellow Fins HD (Xbox-Edition),1,0.0003
4850,555542903,Yoku's Island Express,1,0.0003
4851,575845525,Your Toy,1,0.0003
4852,1639870043,Youtubers Life 2,1,0.0003
4853,1848677374,ZDQ Island Engagement,1,0.0003
4854,1753265343,Zero Escape: Zero Time Dilemma,1,0.0003
4855,916812232,ZHEROS,1,0.0003
4856,1745986876,Zombie Cure Lab,1,0.0003
4857,1900150095,Zombie Death Run,1,0.0003
4858,624134529,Zombie Party,1,0.0003
4859,386160977,Zombie Vikings,1,0.0003
4860,1621365013,Zombie Watch,1,0.0003
4861,1630662193,Zombieland: Double Tap- Road Trip,1,0.0003
4862,711381438,Zoo Tycoon,1,0.0003
4863,1989279553,Zoochosis,1,0.0003
4864,1790024475,Zumba - Treasure of the Marble Sea,1,0.0003
4865,2112431452,サイコブレイク,1,0.0003
