rank,title_id,title,players,percentage
1,267695549,Fortnite,44277,17.8305
2,342226876,Roblox - Xbox,37968,15.2899
3,2001700854,Call of Duty®,30220,12.1697
4,1828326430,Minecraft,24366,9.8123
5,1840884885,Battlefield™,23419,9.4309
6,972249091,Grand Theft Auto V,21116,8.5035
7,2106683993,skate.™ (Game Preview),13978,5.629
8,558797228,Rocket League®,13244,5.3334
9,1794566092,Minecraft Launcher,12004,4.8341
10,1696697876,NBA 2K26,10411,4.1926
11,926771636,Tom Clancy's Rainbow Six Siege,10188,4.1028
12,1852068331,EA SPORTS FC™ 26,9548,3.845
13,2030093255,Forza Horizon 5,8906,3.5865
14,1794906646,Marvel Rivals,7549,3.04
15,896928775,Minecraft for Windows,6607,2.6607
16,1653663875,EA SPORTS FC™ 25,6457,2.6003
17,175227487,Apex Legends™,5819,2.3433
18,1924639289,HELLDIVERS™ 2,5785,2.3296
19,2063087945,PowerWash Simulator 2,5332,2.1472
20,94618376,Overwatch®,5034,2.0272
21,1631143456,EA SPORTS™ Madden NFL 26,4993,2.0107
22,2008623143,NINJA GAIDEN 4,4358,1.755
23,2118102995,EA SPORTS™ College Football 26,4289,1.7272
24,591405932,Red Dead Redemption 2,4164,1.6769
25,102425831,Dead by Daylight,3981,1.6032
26,1693340366,Hogwarts Legacy,3973,1.5999
27,1876694512,Madden NFL 25,3938,1.5859
28,2115352193,Pacific Drive,3793,1.5275
29,812065290,Halo: The Master Chief Collection,3249,1.3084
30,1759802069,EA SPORTS™ College Football 25,3246,1.3072
31,1702731390,Supermarket Simulator,3239,1.3044
32,1993685552,UFC® 5,3211,1.2931
33,1953759531,Phasmophobia (Game Preview),3051,1.2287
34,1928228122,Borderlands®4,3042,1.225
35,1879711255,The Outer Worlds 2,2960,1.192
36,2043073184,Halo Infinite,2678,1.0784
37,1746894998,Roblox - Windows,2620,1.0551
38,629270283,Gang Beasts,2557,1.0297
39,144389848,Destiny 2,2255,0.9081
40,1668241504,Hollow Knight: Silksong,2222,0.8948
41,1717113201,Sea of Thieves: 2026 Edition,2142,0.8626
42,1848927238,BALL x PIT,2126,0.8561
43,1657391528,NBA 2K25,2110,0.8497
44,950328474,PUBG: BATTLEGROUNDS,2088,0.8408
45,80579825,Call of Duty: Black Ops III,2061,0.83
46,1766088016,Farming Simulator 25,2023,0.8147
47,1096157379,COD: Black Ops II,2005,0.8074
48,171869406,War Thunder,1983,0.7986
49,207015551,theHunter: Call of the Wild™,1971,0.7937
50,777107394,DayZ,1941,0.7816
51,2003727579,Call of Duty®: Modern Warfare® III,1905,0.7672
52,1992453063,Among Us,1892,0.7619
53,2139646219,VALORANT,1850,0.745
54,332913499,Fallout 76,1814,0.7305
55,1198088771,FOR HONOR,1789,0.7204
56,1634930870,REMATCH,1753,0.7059
57,1256782258,Fallout 4,1738,0.6999
58,1766989558,MLB® The Show™ 25,1724,0.6943
59,1482870140,Warframe,1677,0.6753
60,1161890022,Skate 3,1660,0.6685
61,2013614379,Fall Guys,1649,0.6641
62,1852502655,EA SPORTS FC™ 24,1627,0.6552
63,285358298,Mortal Kombat 11,1619,0.652
64,638965135,Descenders,1603,0.6455
65,1801055182,Bounty Star,1517,0.6109
66,687339341,Brawlhalla,1517,0.6109
67,2073302268,Ready or Not,1463,0.5892
68,1928988061,ARK: Survival Ascended,1459,0.5875
69,964706972,No Man's Sky,1430,0.5759
70,893395429,Rust Console Edition X|S,1410,0.5678
71,1797327516,Palworld,1381,0.5561
72,1959007243,Call of Duty®: Modern Warfare® II,1370,0.5517
73,85494077,Microsoft Solitaire Collection,1331,0.536
74,2059211995,Hollow Knight: Voidheart Edition,1328,0.5348
75,1842668909,Forza Motorsport,1319,0.5312
76,222473492,Cyberpunk 2077,1317,0.5304
77,833960563,STAR WARS™ Battlefront™ II,1302,0.5243
78,252034287,The Elder Scrolls V: Skyrim Special Edition,1302,0.5243
79,1615991113,New MONOPOLY®,1291,0.5199
80,2099828114,THE FINALS,1268,0.5106
81,140280380,Call of Duty®: WWII,1258,0.5066
82,183968596,UNO™,1258,0.5066
83,1892245301,ELDEN RING,1253,0.5046
84,961090289,Tom Clancy's Ghost Recon Breakpoint,1162,0.4679
85,1758796660,Wobbly Life,1161,0.4675
86,1947812162,WWE 2K25,1117,0.4498
87,2103516179,The Outlast Trials,1101,0.4434
88,2131572088,Evil West,1100,0.443
89,1975246356,Baldur's Gate 3,1093,0.4402
90,1732013402,Grounded 2 (Game Preview),1092,0.4398
91,374923716,Gears 5,1046,0.4212
92,1952300170,Battlefield™ 2042,1036,0.4172
93,1973901376,Diablo® IV,1035,0.4168
94,352040487,Tom Clancy’s The Division 2,1034,0.4164
95,1680544459,Dying Light: The Beast,1032,0.4156
96,1965191913,F1® 24,1029,0.4144
97,321656011,The Sims™ 4,1025,0.4128
98,1848421257,eFootball™,1005,0.4047
99,2053080068,Genshin Impact,986,0.3971
100,2143033449,Monster Hunter Wilds,983,0.3959
101,306230746,Stardew Valley,970,0.3906
102,1985701699,Forza Horizon 4,952,0.3834
103,504085184,The Crew® 2,952,0.3834
104,1855024215,"Warhammer 40,000: Space Marine 2",949,0.3822
105,2119939858,NHL® 26 Xbox Series X|S,945,0.3806
106,1779135141,Riders Republic™,936,0.3769
107,1829869520,Gears of War: Reloaded,924,0.3721
108,1646963350,NHL® 25 Xbox Series X|S,915,0.3685
109,1696147865,Zenless Zone Zero,907,0.3653
110,1774692913,Goat Simulator 3,897,0.3612
111,1479758055,Batman™: Arkham Knight,894,0.36
112,1096157269,Call of Duty®: Black Ops,869,0.35
113,1790482525,Call of Duty®: Black Ops Cold War,866,0.3487
114,1825113946,PowerWash Simulator,865,0.3483
115,1854680102,Delta Force,860,0.3463
116,1730755212,Mortal Kombat™ 1,854,0.3439
117,2122788273,Keeper,847,0.3411
118,1769971395,Clair Obscur: Expedition 33,839,0.3379
119,1611895213,Disney Dreamlight Valley,835,0.3363
120,556718860,Assassin's Creed IV Black Flag,826,0.3326
121,1615644955,Microsoft Flight Simulator 2024,811,0.3266
122,465979625,UFC® 4,803,0.3234
123,1728105232,Assassin's Creed Valhalla,799,0.3218
124,1855217179,Golf With Your Friends,798,0.3214
125,983730484,ARK: Survival Evolved,787,0.3169
126,491582364,Need for Speed™ Heat,771,0.3105
127,1792830437,Balatro,770,0.3101
128,1857595573,The Crew Motorfest,763,0.3073
129,1749127985,Madden NFL 24,759,0.3057
130,2111829961,Hell Let Loose,754,0.3036
131,2028975703,Superball,753,0.3032
132,1705097731,Halls of Torment,752,0.3028
133,728655825,Plants vs. Zombies™ Garden Warfare 2,731,0.2944
134,609700427,Call of Duty®: Modern Warfare®,727,0.2928
135,1669427955,ELDEN RING NIGHTREIGN,727,0.2928
136,1679027058,Stumble Guys,726,0.2924
137,608369389,FAR CRY PRIMAL,725,0.292
138,1161890069,FIGHT NIGHT CHAMPION,724,0.2916
139,1738914043,Assassin's Creed Shadows,721,0.2903
140,389597738,Terraria,721,0.2903
141,1671990131,MY HERO ULTRA RUMBLE,715,0.2879
142,1938834516,State of Decay 2: Juggernaut Edition,709,0.2855
143,964818375,Assassin's Creed Odyssey,707,0.2847
144,1699459210,DRAGON BALL Sparking! ZERO,707,0.2847
145,283303390,Wreckfest,705,0.2839
146,1878915001,SnowRunner,697,0.2807
147,1998461943,Assassin's Creed Unity,693,0.2791
148,1790216132,Hades,687,0.2767
149,1019460860,DRAGON BALL XENOVERSE 2,685,0.2759
150,2105342780,Grounded,673,0.271
151,1720633196,Minecraft Dungeons,672,0.2706
152,2138304024,Rec Room,672,0.2706
153,2054716369,It Takes Two,635,0.2557
154,45083076,Injustice™ 2,634,0.2553
155,783973363,Dead Island 2,632,0.2545
156,346683864,Tom Clancy's Ghost Recon Wildlands,632,0.2545
157,2008767227,Brotato,629,0.2533
158,1830948067,EA SPORTS™ PGA TOUR™,629,0.2533
159,1414793202,GTA IV,629,0.2533
160,840116976,World of Tanks Modern Armor,621,0.2501
161,1112737760,Fallout: New Vegas,619,0.2493
162,1961305648,Totally Accurate Battle Simulator,616,0.2481
163,1285166951,The Elder Scrolls Online,611,0.2461
164,1890789689,The Casting of Frank Stone™,610,0.2456
165,1715349030,Asphalt Legends,606,0.244
166,623325843,Cuphead,606,0.244
167,830649354,Dying Light,603,0.2428
168,2079794073,Starfield,601,0.242
169,447911394,Far Cry® 5,600,0.2416
170,514291876,Assassin's Creed® The Ezio Collection,594,0.2392
171,453395486,Ultimate Chicken Horse,591,0.238
172,1843269941,Chivalry 2,586,0.236
173,2068980019,CarX Drift Racing Online,584,0.2352
174,256364670,Battlefield™ V,576,0.232
175,1671080157,Minecraft Preview,574,0.2312
176,1707431222,Jurassic World Evolution 3,571,0.2299
177,1008687929,Mortal Kombat X,569,0.2291
178,1720309872,Arma Reforger,563,0.2267
179,1818602982,RoadCraft,560,0.2255
180,1386529057,Battlefield™ 1,557,0.2243
181,1841062643,Hunt: Showdown 1896,555,0.2235
182,1695979902,The Elder Scrolls IV: Oblivion Remastered,544,0.2191
183,1725517447,House Flipper 2,542,0.2183
184,1925947069,FARCRY 6,538,0.2167
185,2076120890,Deep Rock Galactic: Survivor,535,0.2154
186,2021110805,Roblox - Not Supported,533,0.2146
187,792158305,Call of Duty®: Black Ops 4,529,0.213
188,478449077,World of Warships: Legends,528,0.2126
189,1646978734,Police Simulator: Patrol Officers,526,0.2118
190,1065708874,Skull and Bones,517,0.2082
191,859011533,Assassin's Creed® III Remastered,516,0.2078
192,19060482,Trials® Rising,515,0.2074
193,2128602192,Bluey: The Videogame,513,0.2066
194,1701108859,HITMAN 3,513,0.2066
195,1850827024,F1® 25,505,0.2034
196,2116740682,The Grinch: Christmas Adventures - Merry & Mischievous Edition,500,0.2014
197,2010328709,Assassin's Creed® Mirage,498,0.2005
198,1805568255,Trailmakers,497,0.2001
199,1726497855,PGA TOUR 2K25,496,0.1997
200,312881568,Human Fall Flat,493,0.1985
201,1741206400,Little Nightmares III,493,0.1985
202,2135594829,Jurassic World Evolution 2,491,0.1977
203,1684508835,"Warhammer 40,000: Darktide",484,0.1949
204,2014590773,Car Mechanic Simulator 2021,483,0.1945
205,1616563209,FragPunk,482,0.1941
206,1480657407,Plants vs. Zombies,477,0.1921
207,219630713,Halo 5: Guardians,475,0.1913
208,1676173709,Wizard101,473,0.1905
209,1857530883,NASCAR 25,471,0.1897
210,1993741445,SMITE 2 (Game Preview),467,0.1881
211,1684061010,SWORN,467,0.1881
212,618537566,The Outer Worlds,462,0.186
213,1484511986,Battlefield 4,461,0.1856
214,1880744816,Farming Simulator 22,461,0.1856
215,60633334,7 Days to Die,460,0.1852
216,1667928394,Halo Wars 2,460,0.1852
217,1145574011,Titanfall® 2,460,0.1852
218,2043906033,MX vs ATV Legends,454,0.1828
219,2053555152,Yu-Gi-Oh! Master Duel,450,0.1812
220,1877908426,Tony Hawk's™ Pro Skater™ 3 + 4,446,0.1796
221,940594756,World War Z,446,0.1796
222,374621264,RESIDENT EVIL 2,443,0.1784
223,415619002,Watch Dogs®2,440,0.1772
224,1777860928,Microsoft Flight Simulator (2020),438,0.1764
225,2069980568,The First Descendant,432,0.174
226,309834943,Wheel Of Fortune®,423,0.1703
227,308190374,LEGO® Star Wars™: The Skywalker Saga,418,0.1683
228,1695638358,Vampire Survivors,415,0.1671
229,1902585111,DOOM: The Dark Ages,414,0.1667
230,666757656,Rayman Legends,413,0.1663
231,1994003829,EA SPORTS™ FIFA 23 Standard Edition,410,0.1651
232,15959542,DRAGON BALL FIGHTERZ,409,0.1647
233,2067705319,NBA 2K24,403,0.1623
234,847310458,South Park™: The Stick of Truth ™,402,0.1619
235,490838306,Fishing Planet,400,0.1611
236,1744726864,Enlisted,397,0.1599
237,345903534,Minecraft: Xbox One Edition,397,0.1599
238,1753744295,"Little Kitty, Big City",395,0.1591
239,642156375,Crash™ Team Racing Nitro-Fueled,394,0.1587
240,552499398,Gears of War 4,394,0.1587
241,756981192,Borderlands 3,391,0.1575
242,308654313,Overcooked! 2,390,0.1571
243,2005028938,S.T.A.L.K.E.R. 2: Heart of Chornobyl - Windows Edition,387,0.1558
244,1938832846,STAR WARS Jedi: Survivor™,383,0.1542
245,2132429347,Risk of Rain 2,378,0.1522
246,2098787950,Age of Empires IV: Anniversary Edition,377,0.1518
247,1731202267,Need for Speed™ Unbound,376,0.1514
248,1852916479,Resident Evil 4,376,0.1514
249,1971845611,Mount & Blade II: Bannerlord,375,0.151
250,72159092,Crash Bandicoot™ N. Sane Trilogy,371,0.1494
251,265691378,STEEP,368,0.1482
252,2068332202,Abiotic Factor,363,0.1462
253,834001943,Dying Light 2: Stay Human - Reloaded Edition,363,0.1462
254,1943631392,Digimon Story Time Stranger,362,0.1458
255,1912862912,Sniper Elite: Resistance,362,0.1458
256,2106583887,TEKKEN 8,361,0.1454
257,1560034050,Assassin's Creed Syndicate,360,0.145
258,1894513996,CarX Street,359,0.1446
259,244291844,Far Cry 3 Classic Edition,358,0.1442
260,1936845110,Cities: Skylines - Remastered,352,0.1418
261,502034863,Assassin's Creed Origins,348,0.1401
262,1297287339,Gears of War 3,348,0.1401
263,837917131,Deep Rock Galactic,346,0.1393
264,627891457,Little Nightmares II Enhanced Edition,346,0.1393
265,1832051520,Crime Scene Cleaner,344,0.1385
266,1874191487,High On Life,342,0.1377
267,416597888,Hungry Shark® World,340,0.1369
268,754791096,Call of Duty®: Infinite Warfare,338,0.1361
269,1096157387,Modern Warfare® 3,338,0.1361
270,585771792,WATCH_DOGS™,335,0.1349
271,791545701,Goat Simulator,334,0.1345
272,339148107,Insurgency: Sandstorm (Windows),334,0.1345
273,1984680366,Medieval Dynasty,332,0.1337
274,749311689,Plants vs. Zombies: Battle for Neighborville™,325,0.1309
275,2064168993,Age of Empires II: Definitive Edition,319,0.1285
276,1733257076,Teardown,318,0.1281
277,869175187,A Way Out,312,0.1256
278,2118292977,ARC Raiders,309,0.1244
279,1976117247,Path of Titans (Game Preview),308,0.124
280,1972063516,Sifu,306,0.1232
281,320504455,Middle-earth™: Shadow of War™,305,0.1228
282,1028735742,NARUTO SHIPPUDEN™: Ultimate Ninja® STORM 4,305,0.1228
283,1899691698,Super Fantasy Kingdom (Game Preview),305,0.1228
284,1719923985,Undisputed,303,0.122
285,1479895282,PAYDAY 2: CRIMEWAVE EDITION,302,0.1216
286,1096157207,Modern Warfare® 2,299,0.1204
287,2120287235,Truck World: Australia - First Haul,296,0.1192
288,1631329360,Pixel Strike 3D,295,0.1188
289,2035760753,PAW Patrol World,294,0.1184
290,1970218801,Dead by Daylight Windows,293,0.118
291,74304278,Tom Clancy’s The Division,293,0.118
292,1367952835,Far Cry® 4,288,0.116
293,1809107273,NHL® 24,288,0.116
294,1096157212,Call of Duty®: WaW,287,0.1156
295,1792227428,Indiana Jones and the Great Circle,283,0.114
296,2077953041,Clone Drone in the Danger Zone,282,0.1136
297,1972007641,Kingdom Come: Deliverance II,282,0.1136
298,1185249228,Trials Fusion,278,0.112
299,678953862,Borderlands 2,275,0.1107
300,2111887267,Sonic Racing: CrossWorlds,275,0.1107
301,872826607,Vigor,271,0.1091
302,1289871275,Forza Horizon 3,268,0.1079
303,1770590742,Football Manager 2024 Console,267,0.1075
304,2083870981,Who's Your Daddy?!,267,0.1075
305,954605110,Assassin’s Creed® Rogue Remastered,265,0.1067
306,143716413,Dragon Age™: The Veilguard,264,0.1063
307,165599118,Prominence Poker,263,0.1059
308,1921488037,The Settlers®: New Allies,263,0.1059
309,1774337609,Vampire: The Masquerade® - Bloodlines™ 2,262,0.1055
310,1768081511,Crusader Kings III,256,0.1031
311,1112737749,Fallout 3,254,0.1023
312,1874517142,Retro Classics,254,0.1023
313,1703229686,Split Fiction,253,0.1019
314,1873615541,Pool Blitz,252,0.1015
315,56347639,Spyro™ Reignited Trilogy,250,0.1007
316,2108722049,Resident Evil Village,249,0.1003
317,1793309125,WWE 2K24,248,0.0999
318,568182861,ASTRONEER,243,0.0979
319,1922695178,PlateUp!,243,0.0979
320,2113731956,Disney Speedstorm,240,0.0966
321,1480660055,MONOPOLY PLUS,240,0.0966
322,1728022534,Plants vs. Zombies™: Replanted,240,0.0966
323,1687588412,Street Fighter™ 6,240,0.0966
324,1879115757,Trackmania®,240,0.0966
325,1843596190,SPLITGATE: Arena Reloaded,239,0.0962
326,1693391830,SpongeBob SquarePants™: The Patrick Star Game,239,0.0962
327,794552001,The Binding of Isaac: Rebirth,239,0.0962
328,514006173,Batman: Return to Arkham - Arkham City,238,0.0958
329,244552082,Left 4 Dead 2,238,0.0958
330,1988609509,PGA TOUR 2K23,238,0.0958
331,1041486048,DARK SOULS™ III,236,0.095
332,831224608,Need for Speed™ Payback,235,0.0946
333,1904044383,Minecraft Preview for Windows,234,0.0942
334,790047319,Sekiro™: Shadows Die Twice - GOTY Edition,234,0.0942
335,530462567,The Witcher 3: Wild Hunt – Complete Edition,232,0.0934
336,1745661457,Valheim,232,0.0934
337,1712074146,WUCHANG: Fallen Feathers,232,0.0934
338,1997201494,Aliens: Fireteam Elite,230,0.0926
339,1711563707,House Flipper,230,0.0926
340,1134837784,SMITE,228,0.0918
341,945909358,Subnautica,228,0.0918
342,1877956827,Peppa Pig: World Adventures,224,0.0902
343,739464821,South Park™: The Fractured but Whole™,224,0.0902
344,1740172423,Totally Reliable Delivery Service,224,0.0902
345,2053707080,NINJA GAIDEN 2 Black,221,0.089
346,2136035101,Monopoly Madness,220,0.0886
347,810101074,Dead Cells,219,0.0882
348,1808064759,FIFA 22,219,0.0882
349,2117764661,Diablo III: Reaper of Souls – Ultimate Evil Edition,217,0.0874
350,1756421327,Teenage Mutant Ninja Turtles: Shredder's Revenge,217,0.0874
351,2046562785,Avowed,215,0.0866
352,1145753246,Red Dead Redemption,215,0.0866
353,1985019983,Crash Bandicoot™ 4: It’s About Time,213,0.0858
354,1799461557,NBA 2K23,213,0.0858
355,651668093,RESIDENT EVIL 7 biohazard,213,0.0858
356,2032762484,Descenders Next (Game Preview),211,0.085
357,2054685746,Mass Effect™ Legendary Edition,210,0.0846
358,1812294496,Mecha BREAK,209,0.0842
359,568218779,Resident Evil 5,208,0.0838
360,1947019474,ScootX,207,0.0834
361,1465674891,Assetto Corsa,206,0.083
362,125226722,DARK SOULS™: REMASTERED,206,0.083
363,2008403666,Dead Space,206,0.083
364,247546985,Destiny,206,0.083
365,1889714780,Lords of the Fallen,206,0.083
366,1715766926,New World: Aeternum,206,0.083
367,2067022016,Call of the Wild: The Angler™,205,0.0826
368,1414793208,MCLA: Complete,205,0.0826
369,1651188120,Path of Exile 2 (Game Preview),205,0.0826
370,980944365,Need for Speed™,204,0.0822
371,1957137539,Rabbids®: Party of Legends,204,0.0822
372,1931936981,Goat Simulator: Remastered (Windows Edition),202,0.0813
373,1297287213,Gears of War 2,201,0.0809
374,880031210,NBA LIVE 19,200,0.0805
375,625948041,Slime Rancher,200,0.0805
376,770775860,RESIDENT EVIL 3 for Windows,198,0.0797
377,1682363458,Avatar: Frontiers of Pandora,197,0.0793
378,422207632,Castle Crashers Remastered,193,0.0777
379,988203152,Stellaris,193,0.0777
380,84790147,Watch Dogs®: Legion,193,0.0777
381,1944276274,Little Rocket Lab,192,0.0773
382,341687485,3on3 FreeStyle,190,0.0765
383,828985924,Resident Evil 6,190,0.0765
384,572802557,Call of Duty®: Ghosts,189,0.0761
385,384396065,Unravel Two,188,0.0757
386,1814675537,Grand Theft Auto: San Andreas – The Definitive Edition,187,0.0753
387,1955966351,Black Myth: Wukong,186,0.0749
388,1863849961,Palia,186,0.0749
389,2074120545,Pax Dei,186,0.0749
390,1649660694,The Texas Chain Saw Massacre,186,0.0749
391,2085228810,EA SPORTS™ WRC,185,0.0745
392,655591242,Far Cry® New Dawn,185,0.0745
393,1911508378,RoboCop: Rogue City,185,0.0745
394,401515813,Enter The Gungeon,184,0.0741
395,1833883015,Rust Console Edition X|S - Public Test Branch,184,0.0741
396,415563833,DiRT Rally 2.0,183,0.0737
397,1837410971,NARAKA: BLADEPOINT,183,0.0737
398,422246343,Tom Clancy’s Rainbow Six® Extraction,183,0.0737
399,1999574456,Forza Motorsport 7,182,0.0733
400,1933718863,SUPERHOT: MIND CONTROL DELETE,182,0.0733
401,1997252569,Need for Speed™ Hot Pursuit Remastered,181,0.0729
402,1997835037,I Am Your Beast,178,0.0717
403,2083429980,Nickelodeon All-Star Brawl 2,178,0.0717
404,1880727250,Unpacking,178,0.0717
405,1693830737,Alan Wake 2,176,0.0709
406,1687693597,Assetto Corsa Competizione,176,0.0709
407,945976112,Rush: A DisneyPixar Adventure,176,0.0709
408,680942588,STAR WARS Jedi: Fallen Order™,176,0.0709
409,1652862446,Super Mega Baseball™ 4,176,0.0709
410,1877522801,Age of Mythology: Retold,175,0.0705
411,921016611,Crossout,175,0.0705
412,2142027917,Fallout Shelter,174,0.0701
413,226054795,MONSTER HUNTER: WORLD™,174,0.0701
414,913783821,Shadow of the Tomb Raider,173,0.0697
415,1907796436,DREDGE,172,0.0693
416,860666361,Plants vs. Zombies Garden Warfare,172,0.0693
417,2093000869,Slay The Spire,172,0.0693
418,1714434521,Firefighting Simulator - The Squad,171,0.0689
419,1030018025,Halo Wars: Definitive Edition (PC),170,0.0685
420,1830825388,SILENT HILL f,170,0.0685
421,331135949,DOOM Eternal (BATTLEMODE),169,0.0681
422,1911989187,Football Manager 26 Console,169,0.0681
423,470244957,LEGO Marvel Super Heroes,168,0.0677
424,1414793242,Bully Scholarship Ed.,166,0.0668
425,58472989,Killer Instinct,165,0.0664
426,2028530104,Prince of Persia The Lost Crown,164,0.066
427,1989106096,Sid Meier’s Civilization® VI (Windows PC),164,0.066
428,2093153073,Party Animals,163,0.0656
429,1876744786,Killing Floor 3,161,0.0648
430,1192666733,Mafia III,158,0.0636
431,1946419297,Jump Space (Game Preview),156,0.0628
432,748474487,Cities: Skylines - Windows 10 Edition,155,0.0624
433,1702196563,Frostpunk 2,155,0.0624
434,1700051314,Deceit 2,154,0.062
435,2142076307,Anno 1800™,153,0.0616
436,1766089184,GoldenEye 007,153,0.0616
437,1961670808,UFL,152,0.0612
438,1865076226,MLB® The Show™ 24 Xbox One,150,0.0604
439,1668430766,Cities: Skylines II,149,0.06
440,801251286,Stick Fight: The Game,149,0.06
441,875417719,Call of Duty®: Advanced Warfare,147,0.0592
442,951560105,Control,147,0.0592
443,1013969466,NARUTO TO BORUTO: SHINOBI STRIKER,147,0.0592
444,434412541,Rise of the Tomb Raider,147,0.0592
445,20391045,Batman: Return to Arkham - Arkham Asylum,146,0.0588
446,1764318423,Call of Duty®: Vanguard,146,0.0588
447,1880835530,Atomfall,145,0.0584
448,1953745880,Roboquest,144,0.058
449,2154930,Call of Duty®: Modern Warfare® Remastered,143,0.0576
450,2019267377,Madden NFL 23,143,0.0576
451,1994868821,Predecessor,143,0.0576
452,2097945335,F1® 23,142,0.0572
453,830718665,DRAGON BALL Z: KAKAROT,140,0.0564
454,1650588295,OddBallers™,140,0.0564
455,767263759,Rock Band 4,140,0.0564
456,327364101,Trackmania® Turbo,138,0.0556
457,1843804163,Cooking Simulator,137,0.0552
458,1803141715,Football Manager 2024,136,0.0548
459,93105265,Friday the 13th: The Game,136,0.0548
460,868192693,Gotham Knights,134,0.054
461,850118036,Generation Zero®,133,0.0536
462,956568979,Need for Speed Rivals,133,0.0536
463,1708767297,Ryse: Son of Rome,133,0.0536
464,2041142160,Maximum Football,132,0.0532
465,1633340711,Spray Paint Simulator,132,0.0532
466,1799887933,The Witcher 3: Wild Hunt,130,0.0524
467,2029730324,Mad Max,129,0.0519
468,939455454,resident evil 4 (2005),129,0.0519
469,1681220621,STAR WARS™ Battlefront™,129,0.0519
470,148020354,METAL GEAR SOLID V: THE PHANTOM PAIN,128,0.0515
471,1801842805,Throne and Liberty,128,0.0515
472,210179407,Back 4 Blood,127,0.0511
473,1621683201,Dragon's Dogma 2,125,0.0503
474,821136798,DC Universe Online,124,0.0499
475,1938336894,Sledders,124,0.0499
476,402049843,Black Desert,123,0.0495
477,1540549950,DARK SOULS™ II: Scholar of the First Sin,122,0.0491
478,1653442250,ROUNDS,122,0.0491
479,446059611,Forza Horizon 2,121,0.0487
480,1045960524,Metro Exodus,121,0.0487
481,2032369368,Scott Pilgrim vs. The World™: The Game – Complete Edition,121,0.0487
482,1795379754,The Walking Dead: The Complete First Season,121,0.0487
483,1864882669,Persona 4 Golden,120,0.0483
484,2021412862,Raft,120,0.0483
485,1777774126,Visions of Mana,120,0.0483
486,572268056,Little Nightmares,119,0.0479
487,1713510228,RIDE 5,118,0.0475
488,1935604508,Train Sim World® 5: Free Starter Pack,118,0.0475
489,2013541297,"Warhammer 40,000: Space Marine - Master Crafted Edition",118,0.0475
490,144439061,The Evil Within,117,0.0471
491,1682965706,Another Crab's Treasure,116,0.0467
492,1674901200,Inscryption,116,0.0467
493,1655054632,My Friendly Neighborhood,116,0.0467
494,2081484036,Superliminal,115,0.0463
495,1813085990,Road 96,114,0.0459
496,1677025209,Wolfenstein: The New Order,114,0.0459
497,366337421,Borderlands: Game of the Year Edition,113,0.0455
498,1037514907,Burnout™ Paradise Remastered,113,0.0455
499,300763685,ACE COMBAT™ 7: SKIES UNKNOWN,112,0.0451
500,813411968,LEGO® Marvel Super Heroes 2,112,0.0451
501,482947130,Clicker Heroes,111,0.0447
502,2128546794,NARUTO X BORUTO Ultimate Ninja STORM CONNECTIONS,111,0.0447
503,1846016063,"Warhammer 40,000: Rogue Trader",111,0.0447
504,1717071867,ZOMBI,111,0.0447
505,2128853757,Cricket 24,110,0.0443
506,531437752,Rogue Company,110,0.0443
507,2097321401,Blue Prince,109,0.0439
508,1855426799,FINAL FANTASY XIV Online,109,0.0439
509,1263405125,Silent Hill:  HD Collection,109,0.0439
510,367254866,Sleeping Dogs™ Definitive Edition,109,0.0439
511,645502086,The Four Kings Casino and Slots,109,0.0439
512,1414793189,Civilization Revolution,108,0.0435
513,2047911802,For The King II,108,0.0435
514,1852580050,Barbie Project Friendship™,107,0.0431
515,2041941014,Diablo® II: Resurrected™,107,0.0431
516,1327376519,DOOM,107,0.0431
517,346797032,MX vs ATV All Out,107,0.0431
518,217258585,Killing Floor 2,106,0.0427
519,1684896411,Off The Grid (Game Preview),106,0.0427
520,1714795112,DOOM + DOOM II,105,0.0423
521,1928512137,FBC: Firebreak,105,0.0423
522,1835926818,Hellblade II: Senua's Saga,105,0.0423
523,2029805012,MultiVersus,105,0.0423
524,1908300140,ARC Raiders - Server Slam,104,0.0419
525,2090474684,Poppy Playtime: Chapter 1,104,0.0419
526,1211542442,Valiant Hearts: The Great War,104,0.0419
527,2141212892,33 Immortals,103,0.0415
528,2038330799,Aimlabs,103,0.0415
529,1792749432,Alan Wake Remastered,103,0.0415
530,1761289795,FIFA 21,103,0.0415
531,2063484815,Train Sim World® 6: Free Starter Pack,103,0.0415
532,33936946,Zoo Tycoon: Ultimate Animal Collection,103,0.0415
533,2089461712,Expeditions: A MudRunner Game,102,0.0411
534,1846145161,Metaphor: ReFantazio,102,0.0411
535,682404126,Paladins,102,0.0411
536,290870045,SpeedRunners,102,0.0411
537,759485819,The Escapists 2,102,0.0411
538,826545257,Tomb Raider: Definitive Edition,102,0.0411
539,1694054782,Forza Motorsport 6,101,0.0407
540,1175562227,Just Cause 3,101,0.0407
541,1884079219,Slime Rancher 2,101,0.0407
542,256913032,TEKKEN 7,101,0.0407
543,1693050229,Madden NFL 22,100,0.0403
544,1719118099,Manor Lords (Game Preview),100,0.0403
545,442175237,Peggle,100,0.0403
546,1007715169,Warhammer: Vermintide 2,100,0.0403
547,1793764669,Zombie Army 4: Dead War,100,0.0403
548,1751185882,METAL GEAR SOLID Δ: SNAKE EATER,99,0.0399
549,1000604311,Resident Evil Revelations 2 (Episode One),99,0.0399
550,712238930,Saints Row 2,99,0.0399
551,927474846,Firewatch,98,0.0395
552,1029888556,LEGO® Jurassic World™,98,0.0395
553,1771989345,Lightyear Frontier (Game Preview),98,0.0395
554,1970109802,Madden NFL 21,98,0.0395
555,1675504069,Mafia: Definitive Edition,98,0.0395
556,199746733,Conan Exiles,97,0.0391
557,1906937527,Far Cry 3 Blood Dragon Classic Edition,97,0.0391
558,2079828144,Holdfast: Nations At War,97,0.0391
559,1414793323,Max Payne 3,97,0.0391
560,1251455286,Metro 2033 Redux,97,0.0391
561,862712929,Star Trek Online,97,0.0391
562,301917535,Battlefield™ Hardline,96,0.0387
563,2041731932,Cult of the Lamb,96,0.0387
564,1940322572,Five Nights at Freddy's,96,0.0387
565,423941531,LEGO® Harry Potter™ Collection,95,0.0383
566,2008811924,Wolfenstein II: The New Colossus,95,0.0383
567,1161890128,Battlefield 3™,94,0.0379
568,1246613109,Borderlands: The Pre-Sequel,94,0.0379
569,1757807931,FINAL FANTASY TACTICS - The Ivalice Chronicles,94,0.0379
570,1814704445,The Outer Worlds 2 – Digital Artbook & Soundtrack,94,0.0379
571,1984504844,Bleach: Brave Souls Anime Game,93,0.0375
572,245236582,Celeste,93,0.0375
573,885488152,INSIDE,93,0.0375
574,1639060910,Minecraft Legends - Windows,93,0.0375
575,1704490079,South of Midnight,93,0.0375
576,5433956,Dead Island Definitive Edition,92,0.037
577,924775200,Devil May Cry 5,92,0.037
578,1297287125,Gears of War,92,0.037
579,1611051325,Grand Theft Auto: Vice City – The Definitive Edition,92,0.037
580,69094388,EA SPORTS™ FIFA 17,91,0.0366
581,383880849,Transference™,91,0.0366
582,895890707,ULTIMATE MARVEL VS. CAPCOM 3,91,0.0366
583,1480659550,Joy Ride Turbo,90,0.0362
584,819720203,JUMP FORCE,90,0.0362
585,816351210,Risk: Urban Assault,90,0.0362
586,724369121,Saints Row,90,0.0362
587,196631666,EA SPORTS™ FIFA 20,89,0.0358
588,1691448998,Farm Together 2,89,0.0358
589,68553410,Kingdom Come: Deliverance,89,0.0358
590,148078765,Madden NFL 20,89,0.0358
591,2042908226,Rugby League 26,89,0.0358
592,2125557798,Still Wakes the Deep,89,0.0358
593,1707142453,WWE 2K23,89,0.0358
594,1696456823,NBA 2K22,88,0.0354
595,1297287815,Fable Anniversary,87,0.035
596,136002788,Farming Simulator 19,87,0.035
597,605932637,Hello Neighbor,87,0.035
598,1480657521,Doritos Crash Course,86,0.0346
599,1814244511,Nine Sols,86,0.0346
600,164371165,LEGO Star Wars: TCS,85,0.0342
601,975846135,LEGO® DC Super-Villains,85,0.0342
602,196423588,Outlast,85,0.0342
603,1694250070,Super Animal Royale,85,0.0342
604,1750701033,Tiny Tina's Wonderlands for Xbox Series X|S,85,0.0342
605,1797047526,Voidtrain,85,0.0342
606,42235288,Neverwinter,84,0.0338
607,2040766801,Test Drive Unlimited Solar Crown,84,0.0338
608,1623704813,DEATH STRANDING DIRECTOR'S CUT,83,0.0334
609,1414793400,Grand Theft Auto: San Andreas,83,0.0334
610,25952469,Kingdom Two Crowns,83,0.0334
611,491595024,LEGO Batman,83,0.0334
612,935319545,FIFA 19,82,0.033
613,1884682689,Five Nights at Freddy's: Security Breach,82,0.033
614,597771444,Gems of War,82,0.033
615,1754564226,Atlas Fallen: Reign of Sand (Windows),81,0.0326
616,1923160643,Dead Rising 3,81,0.0326
617,1908796053,NASCAR Heat 5,81,0.0326
618,429066719,Saints Row IV: Re-Elected,81,0.0326
619,1946484624,Session: Skate Sim,81,0.0326
620,2019012309,Star Wars Outlaws,81,0.0326
621,1645572933,Starlit Kart Racing,81,0.0326
622,1744345373,WWE 2K22,81,0.0326
623,1715352825,Five Nights at Freddy's 2,80,0.0322
624,640703885,LEGO® Marvel's Avengers,80,0.0322
625,883004381,skate. (2007),80,0.0322
626,1669281297,War Robots: Frontiers,80,0.0322
627,1853524575,Mafia: The Old Country,79,0.0318
628,1703086168,Microsoft Sudoku,79,0.0318
629,2030752353,The Binding of Isaac: Repentance,79,0.0318
630,119262432,The Jackbox Party Pack 3,79,0.0318
631,1687388278,KINGDOM HEARTS - HD 1.5+2.5 ReMIX -,78,0.0314
632,1777477395,MLB® The Show™ 21 Xbox Series X | S,78,0.0314
633,1931947471,Persona 5 Royal,78,0.0314
634,1660320477,Undertale,78,0.0314
635,1903313113,Orcs Must Die! Deathtrap,77,0.031
636,1161890066,Portal 2,77,0.031
637,1737329553,Total War: Warhammer III (Old Version),77,0.031
638,1115757811,Alien: Isolation,76,0.0306
639,1475571605,Gears of War: Ultimate Edition,76,0.0306
640,859843286,Hellblade: Senua's Sacrifice,76,0.0306
641,583749034,SOULCALIBUR VI,76,0.0306
642,2051131113,TopSpin 2K25,76,0.0306
643,995095203,Warface: Clutch,76,0.0306
644,1716785936,Jusant,75,0.0302
645,1012216522,Just Cause 4,75,0.0302
646,398011207,LIMBO,75,0.0302
647,1911932812,DIRT 5,74,0.0298
648,1033937373,Don't Starve Together: Console Edition,74,0.0298
649,848717329,Peggle 2,74,0.0298
650,2024220276,Phantasy Star Online 2 New Genesis,74,0.0298
651,1735182051,SONIC X SHADOW GENERATIONS,74,0.0298
652,1112934455,Star Wars Battlefront II,74,0.0298
653,59903186,Call of Duty®: Modern Warfare® 2 Campaign Remastered,73,0.0294
654,1631581287,Cronos: The New Dawn,73,0.0294
655,1297287382,Fable III,73,0.0294
656,433376346,FIFA 18,73,0.0294
657,1777668222,GRID Legends,73,0.0294
658,1880089265,Guilty Gear -Strive-,73,0.0294
659,5117102,HITMAN™ 2,73,0.0294
660,1670311038,Persona 3 Reload,73,0.0294
661,1848367053,Star Trucker,73,0.0294
662,231674300,The Walking Dead: Season Two,73,0.0294
663,1906370210,Minecraft: Java Edition,72,0.029
664,903593533,Path of Exile,72,0.029
665,1822591938,Revenge of the Savage Planet,72,0.029
666,591371027,Trove,72,0.029
667,1480657456,BattleBlock Theater,71,0.0286
668,1663711933,FINAL FANTASY XVI,71,0.0286
669,1297287718,Gears of War: Judgment,71,0.0286
670,2071061510,Lies of P,71,0.0286
671,1973635123,Mad Streets,71,0.0286
672,1005790042,Resident Evil 7 Teaser: Beginning Hour,71,0.0286
673,1480659458,Sonic Adventure™ 2 ,71,0.0286
674,1161890070,Alice: Madness Returns,70,0.0282
675,722006140,EA SPORTS™ UFC® 3,70,0.0282
676,1613480279,NBA 2K20,70,0.0282
677,1935490407,Little Nightmares Enhanced Edition,69,0.0278
678,1964043658,Mafia II: Definitive Edition,69,0.0278
679,1785898011,Sid Meier’s Civilization® VII,69,0.0278
680,527255540,Dishonored 2,68,0.0274
681,2119739112,Monster Train 2,68,0.0274
682,1893542225,PIPE by BMX Streets,68,0.0274
683,1278031123,Resident Evil,68,0.0274
684,1397032978,SONIC UNLEASHED,68,0.0274
685,1822990481,BLEACH Rebirth of Souls,67,0.027
686,976905576,Dragon Age™: Inquisition,67,0.027
687,2065981028,Rooftops & Alleys: The Parkour Game,67,0.027
688,1100121502,Dishonored® Definitive Edition,66,0.0266
689,791051466,Disneyland Adventures,66,0.0266
690,1297287259,Halo: Reach,66,0.0266
691,1590411380,Mass Effect™: Andromeda,66,0.0266
692,1009393042,Middle-earth™: Shadow of Mordor™ - Game of the Year Edition,66,0.0266
693,1096157158,Modern Warfare®,66,0.0266
694,1891931390,MXGP 2021 - The Official Motocross Videogame,66,0.0266
695,1882004205,Neon Abyss,66,0.0266
696,2037306921,Poppy Playtime: Chapter 3,66,0.0266
697,804980065,Sea of Thieves Insider,66,0.0266
698,1654542558,Hotline Miami,65,0.0262
699,1803631176,MechWarrior 5: Mercenaries,65,0.0262
700,2003863742,Microsoft Jigsaw,65,0.0262
701,170773198,The Evil Within® 2,65,0.0262
702,1723509320,Amazing Frog? (Game Preview),64,0.0258
703,1161889984,Dragon Age: Origins,64,0.0258
704,101393300,LEGO® Batman™ 3: Beyond Gotham,64,0.0258
705,1882357148,Lonely Mountains: Snow Riders,64,0.0258
706,1997535850,SpiderHeck,64,0.0258
707,1112934373,Toy Story 3,64,0.0258
708,1777786002,Commandos: Origins,63,0.0254
709,2067126551,Forza Motorsport 5,63,0.0254
710,504518218,L.A. Noire,63,0.0254
711,2030027058,Wartales,63,0.0254
712,367004125,BioShock Remastered,62,0.025
713,1619985048,Deadside,62,0.025
714,1297287153,Fable II,62,0.025
715,964019698,Immortals Fenyx Rising™,62,0.025
716,2123297300,JoJo's Bizarre Adventure: All-Star Battle R,62,0.025
717,102287491,Marvel's Avengers Definitive Edition,62,0.025
718,2103789015,Monster Hunter Rise,62,0.025
719,1667881927,Redfall,62,0.025
720,884612576,Sonic Mania,62,0.025
721,1848088335,Subnautica: Below Zero,62,0.025
722,2042287543,Aliens: Dark Descent,61,0.0246
723,1688839217,The Elder Scrolls V: Skyrim Special Edition (PC),61,0.0246
724,690285705,The Long Dark,61,0.0246
725,409741425,Worms W.M.D,61,0.0246
726,2006666244,NBA 2K21,60,0.0242
727,1659804324,Ori and the Will of the Wisps,60,0.0242
728,1995576035,Remnant II® - Standard Edition,60,0.0242
729,34441781,Saints Row The Third Remastered,60,0.0242
730,1705990324,Space Engineers,60,0.0242
731,1479999542,Unravel,60,0.0242
732,1161889784,Army of Two™,59,0.0238
733,2093066399,Carrion,59,0.0238
734,1161889999,Dante's Inferno™,59,0.0238
735,1790217657,Five Nights at Freddy's 4,59,0.0238
736,821886458,LEGO® Batman™ 2,59,0.0238
737,1767703473,Tony Hawk's™ Pro Skater™ 1 + 2,59,0.0238
738,1955542194,Grand Theft Auto III – The Definitive Edition,58,0.0234
739,1949704395,Green Hell,58,0.0234
740,13980132,Left 4 Dead,58,0.0234
741,1616307670,PAYDAY 3,58,0.0234
742,1903138273,Sonic Frontiers,58,0.0234
743,1761411767,THE HOUSE OF THE DEAD: Remake,58,0.0234
744,2089483628,A Plague Tale: Requiem,57,0.023
745,2030524086,As Dusk Falls,57,0.023
746,1431504852,Assassin's Creed,57,0.023
747,1297287625,Forza Horizon,57,0.023
748,1860089403,Ghostwire: Tokyo,57,0.023
749,867642949,LEGO® Worlds,57,0.023
750,1789091683,Rain World,57,0.023
751,1715865995,Back to the Dawn,56,0.0226
752,504827243,Life Is Strange,56,0.0226
753,1777116945,Moving Out 2,56,0.0226
754,856376259,NBA 2K19,56,0.0226
755,1900564739,New Super Lucky's Tale,56,0.0226
756,1941663847,Starship Troopers: Extermination,56,0.0226
757,1793267614,Techtonica (Game Preview),56,0.0226
758,218079485,Injustice: Gods Among Us,55,0.0221
759,1754663581,MULLET MADJACK,55,0.0221
760,2119541613,Paint the Town Red,55,0.0221
761,1768466312,Poppy Playtime: Chapter 2,55,0.0221
762,100764563,Sniper Elite 4,55,0.0221
763,1762703770,The Lord of the Rings: Return to Moria™,55,0.0221
764,1945435013,TRIVIAL PURSUIT Live! 2,55,0.0221
765,1976275779,ARMORED CORE™ VI FIRES OF RUBICON™,54,0.0217
766,212680242,DEAD OR ALIVE 6: Core Fighters,54,0.0217
767,1297287142,Halo 3,54,0.0217
768,1985144601,Stranded Deep,54,0.0217
769,1731121397,The Quarry,54,0.0217
770,278981929,[PROTOTYPE®],53,0.0213
771,1794039305,Coral Island,53,0.0213
772,2035456122,Grand Theft Auto VI,53,0.0213
773,1993022209,Hi-Fi RUSH,53,0.0213
774,1706610063,The Alters,53,0.0213
775,2021058326,Way of the Hunter,53,0.0213
776,840545531,Dead Space™ 3,52,0.0209
777,2068802336,Drift Legends 2,52,0.0209
778,2052426459,EA SPORTS™ FIFA 16,52,0.0209
779,530599647,Homefront®: The Revolution,52,0.0209
780,668438210,LEGO® CITY Undercover,52,0.0209
781,2028723617,LEGO® Party!,52,0.0209
782,1928322650,Snooker Blitz,52,0.0209
783,108727346,Suicide Squad: Kill the Justice League,52,0.0209
784,282062756,The Walking Dead: A New Frontier - Episode 1,52,0.0209
785,1159891781,Wolfenstein: The Old Blood,52,0.0209
786,1480657236,Banjo-Kazooie,51,0.0205
787,2136041956,DOOM 64,51,0.0205
788,1480657103,Metal Slug 3,51,0.0205
789,1653696130,Microsoft Mahjong,51,0.0205
790,1820656575,NHL® 23,51,0.0205
791,1161890157,SSX,51,0.0205
792,1579532320,Sunset Overdrive,51,0.0205
793,2110168941,The Rogue Prince of Persia™,51,0.0205
794,1827287476,World of Outlaws: Dirt Racing,51,0.0205
795,551688870,XCOM® 2,51,0.0205
796,8769689,Ancestors: The Humankind Odyssey,50,0.0201
797,320506923,Dead Rising 2,50,0.0201
798,2028720746,Junkyard Simulator,50,0.0201
799,2046531735,Predator: Hunting Grounds,50,0.0201
800,515050978,Rare Replay,50,0.0201
801,528369592,Devil May Cry HD Collection,49,0.0197
802,2000897177,Mortal Kombat: Legacy Kollection,49,0.0197
803,871098991,STAR WARS™: Squadrons,49,0.0197
804,2109806164,World of Outlaws: Dirt Racing 24,49,0.0197
805,964785867,Dead Space™ 2,48,0.0193
806,1673998520,F1® Manager 2024,48,0.0193
807,1696173302,RIDE 4,48,0.0193
808,1480659422,The Walking Dead,48,0.0193
809,2140283055,Baldur's Gate and Baldur's Gate II: Enhanced Editions,47,0.0189
810,1267471686,DEAD OR ALIVE 5 Last Round: Core Fighters,47,0.0189
811,1662474270,Eternal Strands,47,0.0189
812,2109344129,FINAL FANTASY XV WINDOWS EDITION,47,0.0189
813,2008358711,Painkiller,47,0.0189
814,1397033032,Sonic Generations,47,0.0189
815,1682965190,Stray,47,0.0189
816,836165876,The Ascent,47,0.0189
817,31939361,The Walking Dead: The Final Season,47,0.0189
818,972461615,Battle Islands,46,0.0185
819,1297287254,Fuzion Frenzy®,46,0.0185
820,2103079736,Hamster Playground,46,0.0185
821,2105228747,Killer Klowns From Outer Space: The Game,46,0.0185
822,693381002,LEGO® The Incredibles,46,0.0185
823,2113515818,MLB® The Show™ 23 Xbox Series X|S,46,0.0185
824,1728797774,ONE PIECE: PIRATE WARRIORS 4,46,0.0185
825,1931911684,Shredders,46,0.0185
826,852732437,State of Decay: Year-One,46,0.0185
827,1480659414,Bejeweled 3,45,0.0181
828,1747946954,Construction Simulator,45,0.0181
829,1777438490,Devil May Cry 5 Special Edition,45,0.0181
830,12206284,eFootball PES 2020,45,0.0181
831,1712655251,Garten of Banban 1,45,0.0181
832,1761060600,Happy Wars,45,0.0181
833,1022544763,HITMAN™,45,0.0181
834,440611906,LEGO Pirates of the Caribbean: The Video Game,45,0.0181
835,2090925193,Metal Slug Tactics,45,0.0181
836,1480656948,Pinball FX,45,0.0181
837,2098044337,Poppy Playtime: Chapter 4,45,0.0181
838,333628240,Quantum Break,45,0.0181
839,1431505028,Rayman® Origins,45,0.0181
840,2016279503,SOPA - Tale of the Stolen Potato,45,0.0181
841,82653045,Starlink: Battle for Atlas,45,0.0181
842,1957310205,Streets of Rage 4,45,0.0181
843,524641908,Assassin's Creed® Chronicles: China,44,0.0177
844,1161889896,BLACK™,44,0.0177
845,1963141187,Crypt Custodian,44,0.0177
846,1263405066,METAL GEAR RISING: REVENGEANCE,44,0.0177
847,1919875042,MLB® The Show™ 22 Xbox Series X | S,44,0.0177
848,907086072,Prey,44,0.0177
849,993798593,SUPER STREETFIGHTER IV ARCADE EDITION,44,0.0177
850,909545209,Ashen,43,0.0173
851,1983212679,Bloons TD 6,43,0.0173
852,1161889989,Brütal Legend,43,0.0173
853,793598300,CODE VEIN,43,0.0173
854,427070178,FINAL FANTASY X/X-2 HD Remaster,43,0.0173
855,1984491277,Grim Idle,43,0.0173
856,511110146,Metro: Last Light Redux,43,0.0173
857,559544937,Ori and the Blind Forest: Definitive Edition,43,0.0173
858,2029650168,Overthrown,43,0.0173
859,2068415611,Rust Console Edition - Public Test Branch,43,0.0173
860,1678459920,Towerborne,43,0.0173
861,659391373,WWE 2K16,43,0.0173
862,1025057816,Battle Ages,42,0.0169
863,1678225803,Idle Wizard,42,0.0169
864,705006443,Jurassic World Evolution,42,0.0169
865,40509624,KINGDOM HEARTS Ⅲ,42,0.0169
866,1112737745,Oblivion,42,0.0169
867,1747676401,Planet Coaster 2,42,0.0169
868,2028925271,Trepang2,42,0.0169
869,1812456871,Battletoads,41,0.0165
870,386788672,Cars 3: Driven to Win,41,0.0165
871,1867148258,eFootball PES 2021 SEASON UPDATE,41,0.0165
872,2030792699,PGA TOUR 2K21,41,0.0165
873,1874376911,Splitgate,41,0.0165
874,1779788068,9 Kings (Game Preview),40,0.0161
875,760882151,CRSED: F.O.A.D.,40,0.0161
876,1682154324,DPS Idle,40,0.0161
877,552778408,EA SPORTS™ UFC® 2,40,0.0161
878,1984358909,Expansion for Explorers Pack 1,40,0.0161
879,1616046491,Gears Tactics - Base Game,40,0.0161
880,1774172067,HOT WHEELS UNLEASHED™ 2 - Turbocharged,40,0.0161
881,1805770178,PAW Patrol Mighty Pups Save Adventure Bay,40,0.0161
882,2000011414,Starlit Adventures,40,0.0161
883,1313671257,TEKKEN TAG TOURNAMENT 2,40,0.0161
884,1615232474,The Walking Dead: The Telltale Definitive Series,40,0.0161
885,1480656879,Zuma,40,0.0161
886,1096157436,Call of Duty®: Ghosts,39,0.0157
887,1628280816,Faaast Penguin,39,0.0157
888,369157937,MARVEL VS. CAPCOM: INFINITE,39,0.0157
889,1935747145,Prototype®2,39,0.0157
890,1771004118,Sniper Elite 5,39,0.0157
891,548623535,SpongeBob SquarePants: Battle for Bikini Bottom - Rehydrated,39,0.0157
892,2098462228,The Jackbox Party Pack 7,39,0.0157
893,1431505090,Assassin’s Creed® IV,38,0.0153
894,1880193218,Century: Age of Ashes,38,0.0153
895,824378203,Crackdown 3: Campaign,38,0.0153
896,1916758859,Donut County,38,0.0153
897,1676550189,MY HERO ONE'S JUSTICE 2,38,0.0153
898,587488276,Outlast 2,38,0.0153
899,474501413,RIDE 3,38,0.0153
900,2017944493,Super Mega Baseball 3,38,0.0153
901,1743279702,Arma Reforger - Experimental,37,0.0149
902,1480657237,Banjo-Tooie,37,0.0149
903,907587004,Dead Island: Riptide Definitive Edition,37,0.0149
904,1957968654,Destroy All Humans! - Clone Carnage,37,0.0149
905,1867652631,Firefighting Simulator: Ignite,37,0.0149
906,1970836204,Hotline Miami 2: Wrong Number,37,0.0149
907,2081060870,Maneater,37,0.0149
908,1302301894,Powerstar Golf,37,0.0149
909,1936930219,Tell Me Why,37,0.0149
910,1811697311,World War Z,37,0.0149
911,1270951403,Dead Rising 4,36,0.0145
912,1683674669,Ghostbusters: Spirits Unleashed Ecto Edition,36,0.0145
913,1799885509,Labyrinthine - Console Edition,36,0.0145
914,2036178233,Monster Energy Supercross 25 - The Official Video Game,36,0.0145
915,87350449,NieR:Automata™ BECOME AS GODS Edition,36,0.0145
916,2086200115,OCTOPATH TRAVELER II,36,0.0145
917,1414596717,Saints Row®: The Third™ ,36,0.0145
918,1397033053,Sonic & All-Stars Racing Transformed,36,0.0145
919,1785174857,Spelunky 2,36,0.0145
920,1480657498,Super Meat Boy,36,0.0145
921,974586226,We Happy Few,36,0.0145
922,1917938753,Yakuza 0,36,0.0145
923,1128466455,ASURA'S WRATH,35,0.0141
924,1890581353,Blasphemous,35,0.0141
925,1723836102,Cookie Clicker,35,0.0141
926,1480657258,Hydro Thunder,35,0.0141
927,1620704918,Minami Lane,35,0.0141
928,2014650813,Minecraft: Story Mode - Episode 1: The Order of the Stone,35,0.0141
929,1688832803,Monster Energy Supercross - The Official Videogame 6,35,0.0141
930,340920273,Overcooked,35,0.0141
931,1128466461,Resident Evil Operation Raccoon City,35,0.0141
932,2112462799,Sengoku Dynasty,35,0.0141
933,978050046,ShellShock Live,35,0.0141
934,2006710939,Skater XL,35,0.0141
935,155936527,Street Fighter 30th Anniversary Collection,35,0.0141
936,1634720918,Ultimate Custom Night,35,0.0141
937,1995157831,Wildfrost,35,0.0141
938,2024046503,60 Seconds! Reatomized,34,0.0137
939,1920996408,Age of Wonders 4,34,0.0137
940,1445607414,Assassin's Creed® Chronicles: Russia,34,0.0137
941,1414793191,Borderlands,34,0.0137
942,1790537707,Core Keeper,34,0.0137
943,1910114469,Deadzone: Rogue,34,0.0137
944,1690468494,DEATHLOOP,34,0.0137
945,2050929089,DUCKSIDE (Game Preview),34,0.0137
946,2063170939,Frostpunk: Console Edition,34,0.0137
947,1696603875,Gas Station Simulator,34,0.0137
948,2110974782,MARVEL vs. CAPCOM Fighting Collection: Arcade Classics,34,0.0137
949,1414596731,MX vs. ATV Alive,34,0.0137
950,200732952,Project CARS 2,34,0.0137
951,1814618059,Return to Monkey Island,34,0.0137
952,1649097896,SnowRunner - Windows,34,0.0137
953,1161889782, Medal of Honor Airborne,33,0.0133
954,274976276,ARCADE GAME SERIES: PAC-MAN,33,0.0133
955,996030243,BioShock 2 Remastered,33,0.0133
956,699731308,BioShock Infinite: The Complete Edition,33,0.0133
957,1865197952,Boomerang Fu,33,0.0133
958,1512517621,Child of Light,33,0.0133
959,374274123,EA SPORTS™ NHL® 19,33,0.0133
960,1613695074,Five Nights at Freddy's 3,33,0.0133
961,2102232082,Heretic + Hexen,33,0.0133
962,1840565677,Island Saver,33,0.0133
963,506903100,Madden NFL 18,33,0.0133
964,1431504907,SplinterCellConviction,33,0.0133
965,1861545287,Tainted Grail: The Fall of Avalon,33,0.0133
966,496534680,Wolfenstein: Youngblood,33,0.0133
967,2083780130,Against the Storm,32,0.0129
968,337857707,Bendy and the Ink Machine,32,0.0129
969,1313671226,Dark Souls™,32,0.0129
970,406842057,Dead Rising,32,0.0129
971,2082961842,Jujutsu Kaisen Cursed Clash,32,0.0129
972,1279330291,LEGO Star Wars III ,32,0.0129
973,534004979,Microsoft Ultimate Word Games,32,0.0129
974,1824138520,Mirror's Edge™ Catalyst,32,0.0129
975,1464993789,Mortal Kombat,32,0.0129
976,185283316,MX vs ATV Reflex,32,0.0129
977,1685135803,NHL® 22,32,0.0129
978,1718697574,OCTOPATH TRAVELER,32,0.0129
979,240091546,SUPERHOT,32,0.0129
980,1819798709,Tetris® Effect: Connected,32,0.0129
981,1968679051,The Cabin Factory,32,0.0129
982,1755825192,The LEGO Movie Videogame,32,0.0129
983,1161889807,The Orange Box,32,0.0129
984,1480657242,Trials HD,32,0.0129
985,23570566,Batman - The Telltale Series - Episode 1: Realm of Shadows,31,0.0125
986,1161889879,Dead Space,31,0.0125
987,1927102516,Herdling,31,0.0125
988,311896559,Mount & Blade: Warband,31,0.0125
989,485601591,NARUTO SHIPPUDEN™: Ultimate Ninja® STORM 2,31,0.0125
990,1743049130,Quake II,31,0.0125
991,914276891,RAGE 2,31,0.0125
992,1955054478,Smalland: Survive the Wilds,31,0.0125
993,1480657485,Space Invaders: IG,31,0.0125
994,1649441503,The Game of Life 2,31,0.0125
995,1863466810,Tormented Souls 2,31,0.0125
996,1278892798,TRIVIAL PURSUIT LIVE!,31,0.0125
997,1848191014,TUNIC,31,0.0125
998,271965907,Wasteland 3,31,0.0125
999,189838548,Bus Simulator,30,0.0121
1000,1096157137,Call of Duty® 2,30,0.0121
1001,2035296401,Capcom Arcade 2nd Stadium,30,0.0121
1002,2079414802,CATAN® - Console Edition,30,0.0121
1003,2096821037,DOOM 3,30,0.0121
1004,1653679338,Flintlock: The Siege of Dawn,30,0.0121
1005,1279330271,LEGO Indiana Jones,30,0.0121
1006,105831487,NARUTO SHIPPUDEN™: Ultimate Ninja® STORM 3 Full Burst,30,0.0121
1007,469309830,NARUTO™: Ultimate Ninja® STORM,30,0.0121
1008,1871994086,Planet Zoo: Console Edition,30,0.0121
1009,1469186547,Resident Evil 0,30,0.0121
1010,217831213,RISK,30,0.0121
1011,1691013379,Secret Neighbor,30,0.0121
1012,2031266067,Sker Ritual,30,0.0121
1013,2104181770,The First Berserker: Khazan,30,0.0121
1014,1721383054,The Outer Worlds: Spacer's Choice Edition,30,0.0121
1015,1431505078,Tom Clancy’s Splinter Cell® Blacklist™,30,0.0121
1016,449394673,Vampyr,30,0.0121
1017,588577476,ARCADE GAME SERIES: GALAGA,29,0.0117
1018,1802600743,Capcom Arcade Stadium,29,0.0117
1019,1804401706,F1® 22 Xbox Series X|S,29,0.0117
1020,1926489287,Marvel's Midnight Suns,29,0.0117
1021,909409687,Star Wars: The Force Unleashed,29,0.0117
1022,1853160773,STAR WARS™: Battlefront Classic Collection,29,0.0117
1023,1930789000,The Last Oricru - Final Cut,29,0.0117
1024,2047601430,Truck and Logistics Simulator,29,0.0117
1025,1480659433,Zuma's Revenge!,29,0.0117
1026,1480657079,Castle Crashers,28,0.0113
1027,439107693,Dungeon Defenders II,28,0.0113
1028,564131151,Kerbal Space Program Enhanced Edition,28,0.0113
1029,1900811986,Kingdoms of Amalur: Re-Reckoning,28,0.0113
1030,1480657497,Lara Croft: GoL,28,0.0113
1031,2081039845,Lost in Random: The Eternal Die,28,0.0113
1032,1923279922,Marvel's Guardians of the Galaxy,28,0.0113
1033,162448742,Outer Wilds,28,0.0113
1034,129325438,SONIC FORCES,28,0.0113
1035,52523189,Trials of the Blood Dragon,28,0.0113
1036,580901123,Tropico 6,28,0.0113
1037,2004428777,WILD HEARTS™ Standard Edition,28,0.0113
1038,1679168855,A Quiet Place: The Road Ahead,27,0.0109
1039,1850945804,Age of Empires III: Definitive Edition,27,0.0109
1040,49709880,Anthem™,27,0.0109
1041,869628338,Attack on Titan 2,27,0.0109
1042,1736409202,DEEEER Simulator: Your Average Everyday Deer Game,27,0.0109
1043,1817185896,Easy Red 2,27,0.0109
1044,1692871917,Frozen Free Fall: Snowball Fight,27,0.0109
1045,1700344676,Ghostbusters: The Video Game Remastered,27,0.0109
1046,810085329,Mirror's Edge™,27,0.0109
1047,385764340,MX vs. ATV Supercross Encore,27,0.0109
1048,992005658,Ninja Gaiden Black,27,0.0109
1049,1941002186,ON THE ROAD - The Truck Simulator,27,0.0109
1050,1889456287,Roller Champions™,27,0.0109
1051,1480657445,Sonic Adventure,27,0.0109
1052,1646985614,Space Jam: A New Legacy - The Game,27,0.0109
1053,1633458467,SteamWorld Build,27,0.0109
1054,1431504903,TC's RainbowSix Vegas2,27,0.0109
1055,654883159,The LEGO® NINJAGO® Movie Video Game,27,0.0109
1056,1148805248,Yu-Gi-Oh! Legacy of the Duelist,27,0.0109
1057,1616326452,Arcadegeddon,26,0.0105
1058,1297287149,Banjo Kazooie: N n B,26,0.0105
1059,2026693193,Bus Simulator 21 Next Stop,26,0.0105
1060,1096157153,Call of Duty® 3,26,0.0105
1061,206503430,Clustertruck,26,0.0105
1062,1297287356,Crackdown 2,26,0.0105
1063,2146119244,Double Dragon Revive,26,0.0105
1064,849613404,Dragon's Dogma: Dark Arisen,26,0.0105
1065,1161890059,Dragon Age™ 2,26,0.0105
1066,1814325409,Fantasy Dash,26,0.0105
1067,273290529,Idle Champions of the Forgotten Realms,26,0.0105
1068,2118184557,Monster Jam Steel Titans 2,26,0.0105
1069,2092112354,Monster Jam™ Showdown,26,0.0105
1070,1112737785,Morrowind,26,0.0105
1071,1480659436,NBA JAM: On Fire Edition,26,0.0105
1072,1868826586,RimWorld Console Edition,26,0.0105
1073,1788169756,Taxi Life: A City Driving Simulator,26,0.0105
1074,1313671164,TEKKEN 6,26,0.0105
1075,680908276,Viva Piñata: TIP,26,0.0105
1076,1783702427,AEW: Fight Forever,25,0.0101
1077,1950164627,Antstream Arcade - Annual,25,0.0101
1078,490701180,Devil May Cry 4 Special Edition,25,0.0101
1079,1464993792,F.E.A.R. 3,25,0.0101
1080,1431505036,Far Cry 3,25,0.0101
1081,363774594,Farming Simulator 17,25,0.0101
1082,1297287449,Halo 4,25,0.0101
1083,1044501532,Jeopardy!,25,0.0101
1084,1687910025,Mahjong by Microsoft,25,0.0101
1085,1867295360,Monster Sanctuary,25,0.0101
1086,1873450782,MXGP 2020 - The Official Motocross Videogame,25,0.0101
1087,521893123,ONE PIECE World Seeker,25,0.0101
1088,717702870,OUTRIDERS,25,0.0101
1089,1745314691,Psychonauts 2,25,0.0101
1090,1843641391,Quake,25,0.0101
1091,472512000,Resident Evil Revelations,25,0.0101
1092,1648684496,Sonic Origins,25,0.0101
1093,1112934454,Star Wars Battlefront,25,0.0101
1094,2058683262,Teenage Mutant Ninja Turtles: Mutants Unleashed,25,0.0101
1095,1816197116,Wheel World,25,0.0101
1096,2116409537,Yu-Gi-Oh! Legacy of the Duelist : Link Evolution,25,0.0101
1097,1397033002,Aliens vs Predator,24,0.0097
1098,1625569842,Choo-Choo Charles,24,0.0097
1099,274219762,Dead Rising 2 Off the Record,24,0.0097
1100,686783342,Divinity: Original Sin 2 - Definitive Edition,24,0.0097
1101,1801537563,F1® 2021,24,0.0097
1102,1669831089,Gold Mining Simulator,24,0.0097
1103,1480656849,Hexic HD,24,0.0097
1104,1997603662,Minion Masters,24,0.0097
1105,1693003201,MotoGP™25 - Xbox One,24,0.0097
1106,285742376,NBA 2K16,24,0.0097
1107,1542414577,Plague Inc: Evolved,24,0.0097
1108,1947725080,Skul: The Hero Slayer,24,0.0097
1109,1864659895,Sniper Ghost Warrior Contracts 2,24,0.0097
1110,1726756158,Spiritfarer®: Farewell Edition,24,0.0097
1111,1112934375,Split/Second,24,0.0097
1112,1618827907,Starbound,24,0.0097
1113,2145202828,Tricking 0,24,0.0097
1114,1755599316,Age of Empires Definitive Edition,23,0.0093
1115,293785190,Bloons TD 5,23,0.0093
1116,1112934398,Cars 2: The Video Game,23,0.0093
1117,1480656967,Castlevania: SOTN,23,0.0093
1118,1297287132,Crackdown,23,0.0093
1119,1871238901,Crime Boss: Rockay City,23,0.0093
1120,2017702583,Dauntless,23,0.0093
1121,1480657664,DEAD RISING 2: CASE WEST,23,0.0093
1122,2028637067,Drug Dealer Simulator,23,0.0093
1123,1659464109,Elite Dangerous Core,23,0.0093
1124,607966981,FINAL FANTASY VII,23,0.0093
1125,1926605815,Funko Fusion,23,0.0093
1126,1873893114,Just Die Already,23,0.0093
1127,2043794712,Kingdoms and Castles,23,0.0093
1128,575414105,Life is Strange 2 - Episode 1,23,0.0093
1129,1091024470,Magic Duels,23,0.0093
1130,1414793292,Max Payne,23,0.0093
1131,1889321756,Microsoft Minesweeper,23,0.0093
1132,293003647,Microsoft Wordament,23,0.0093
1133,893913058,MX Unleashed,23,0.0093
1134,94171386,MXGP3,23,0.0093
1135,2039473401,NINJA GAIDEN Σ,23,0.0093
1136,1752331738,One Leaves,23,0.0093
1137,2128854962,One Lonely Outpost,23,0.0093
1138,1815686049,Paper io 2,23,0.0093
1139,1726129713,Planet Coaster: Console Edition,23,0.0093
1140,1704562600,Rugby 25,23,0.0093
1141,912691842,Sudden Strike 4 - European Battlefields Edition,23,0.0093
1142,1040009086,Super Lucky's Tale,23,0.0093
1143,1774685333,Volcano Princess,23,0.0093
1144,1307429766,Worms Battlegrounds,23,0.0093
1145,981110874,WWE 2K18,23,0.0093
1146,1464993832,Batman: Arkham Origins,22,0.0089
1147,1863593626,Blacksmith Master (Game Preview),22,0.0089
1148,1161889756,Burnout Revenge,22,0.0089
1149,1751733247,Doki Doki Literature Club Plus!,22,0.0089
1150,682562723,Halo: Spartan Assault,22,0.0089
1151,1828807544,Harry Potter: Quidditch Champions,22,0.0089
1152,1802207786,HOT WHEELS UNLEASHED™ - Windows Edition,22,0.0089
1153,1898092029,Inops,22,0.0089
1154,2014880780,Madden NFL 17,22,0.0089
1155,971220532,NBA 2K Playgrounds 2,22,0.0089
1156,374430704,NBA 2K17,22,0.0089
1157,650779126,NBA 2K18,22,0.0089
1158,2036125374,Neon White,22,0.0089
1159,1634565765,NHL® 94 REWIND,22,0.0089
1160,1010226785,One Piece: Burning Blood,22,0.0089
1161,1987587652,Overcooked! All You Can Eat,22,0.0089
1162,1480657346,Perfect Dark,22,0.0089
1163,1960926264,Phoenix Point,22,0.0089
1164,2056655762,Remnant: From the Ashes,22,0.0089
1165,1169551644,Saints Row: Gat out of Hell,22,0.0089
1166,1161889919,Skate 2,22,0.0089
1167,1112934452,STAR WARS KOTOR,22,0.0089
1168,1065100845,Star Wars: The Force Unleashed II,22,0.0089
1169,2051503466,The Callisto Protocol,22,0.0089
1170,1860058296,TT Isle Of Man: Ride on the Edge 3,22,0.0089
1171,531971604,WWE 2K19,22,0.0089
1172,1886146911,Yet Another Zombie Survivors,22,0.0089
1173,1297287892,Conker: Live and Reloaded,21,0.0085
1174,1940736818,Darkest Dungeon II,21,0.0085
1175,1628098590,Destroy All Humans! 2 - Reprobed,21,0.0085
1176,1797553917,DYNASTY WARRIORS: ORIGINS,21,0.0085
1177,1480657036,Feeding Frenzy 2,21,0.0085
1178,1819998160,LEGO® Voyagers,21,0.0085
1179,1947900602,Like a Dragon: Infinite Wealth,21,0.0085
1180,717669198,Madden NFL 19,21,0.0085
1181,1998994208,Monster Energy Supercross - The Official Videogame 3,21,0.0085
1182,505222320,Monster Jam Steel Titans,21,0.0085
1183,1070680307,MudRunner,21,0.0085
1184,2037558339,My Friend Peppa Pig,21,0.0085
1185,1909911128,NASCAR Heat 4,21,0.0085
1186,1902591469,Outward: Definitive Edition,21,0.0085
1187,1698989872,PICO PARK 2,21,0.0085
1188,2147115693,Project Wingman,21,0.0085
1189,852431422,ReCore,21,0.0085
1190,1740860919,Sniper Ghost Warrior Contracts,21,0.0085
1191,1480657342,Spelunky,21,0.0085
1192,1128640842,The Escapists,21,0.0085
1193,1005415207,The Golf Club 2019 featuring PGA TOUR,21,0.0085
1194,1793645165,THE KING OF FIGHTERS XV Standard Edition,21,0.0085
1195,1292135256,Titanfall,21,0.0085
1196,1288959033,Viva Piñata,21,0.0085
1197,1628688048,Atomic Heart,20,0.0081
1198,1634898195,Darkwood,20,0.0081
1199,1822577333,Dead Rising Deluxe Remaster,20,0.0081
1200,1960955312,I Am Fish,20,0.0081
1201,2017169801,LOLLIPOP CHAINSAW RePOP,20,0.0081
1202,1414596574,MX vs. ATV: Untamed,20,0.0081
1203,1844719399,Nobody Wants to Die,20,0.0081
1204,2121532136,Once Upon A KATAMARI,20,0.0081
1205,2011093308,Pacify,20,0.0081
1206,487177805,Prison Architect: Xbox One Edition,20,0.0081
1207,1128466466,RESIDENT EVIL CODE: Veronica X,20,0.0081
1208,288915516,Skyforge,20,0.0081
1209,1112934458,STAR WARS KOTOR II,20,0.0081
1210,597690024,SWORD ART ONLINE: FATAL BULLET,20,0.0081
1211,225007476,Team Sonic Racing™,20,0.0081
1212,1047413393,TERA,20,0.0081
1213,890454034,The Dark Pictures Anthology: Man Of Medan,20,0.0081
1214,1397622748,THE KING OF FIGHTERS XIII,20,0.0081
1215,1983809908,The Precinct,20,0.0081
1216,1840411466,Untitled Goose Game,20,0.0081
1217,71300661,ACA NEOGEO THE KING OF FIGHTERS 2002,19,0.0077
1218,2116588551,Airoheart,19,0.0077
1219,1841011808,Blizzard® Arcade Collection,19,0.0077
1220,2136950563,Bugsnax,19,0.0077
1221,1965711939,Capcom Fighting Collection 2,19,0.0077
1222,1480657529,Costume Quest ,19,0.0077
1223,1161890190,Crysis® 3,19,0.0077
1224,137510457,Dishonored®: Death of the Outsider™,19,0.0077
1225,1728448413,DmC Devil May Cry: Definitive Edition,19,0.0077
1226,1952256197,F1 2020,19,0.0077
1227,1431504912,Far Cry® 2,19,0.0077
1228,1480656881,Feeding Frenzy,19,0.0077
1229,2020032940,HAWKED,19,0.0077
1230,1679509385,Kill It With Fire,19,0.0077
1231,1955779192,MechWarrior 5: Clans,19,0.0077
1232,731662901,Monster Energy Supercross - The Official Videogame,19,0.0077
1233,1656145947,Moonlighter,19,0.0077
1234,583196255,RAGE,19,0.0077
1235,967641964,Realm Royale Reforged,19,0.0077
1236,950358266,Ride 2,19,0.0077
1237,1263405029,Silent Hill Homecoming,19,0.0077
1238,90400189,SUPER BOMBERMAN R,19,0.0077
1239,1933264626,Survivalist: Invisible Strain,19,0.0077
1240,1746975118,The Jackbox Party Pack 11,19,0.0077
1241,716478832,TT Isle of Man,19,0.0077
1242,1695141626,Zombies Ate My Neighbors and Ghoul Patrol,19,0.0077
1243,759471095,ARCADE GAME SERIES: Ms. PAC-MAN,18,0.0072
1244,2138218417,Becastled,18,0.0072
1245,1161889798,Burnout Paradise,18,0.0072
1246,1678270415,Farm Together,18,0.0072
1247,1997023214,FINAL FANTASY IX,18,0.0072
1248,344311848,For The King,18,0.0072
1249,387693234,Hawken,18,0.0072
1250,1719232621,Hello Guest: Hello Neighbor 2 pre-alpha,18,0.0072
1251,2094642688,Just Shapes & Beats,18,0.0072
1252,1931921361,Monster Energy Supercross - The Official Videogame 5,18,0.0072
1253,1742982949,MotoGP™24,18,0.0072
1254,803175056,MXGP PRO,18,0.0072
1255,1847402697,ScreamRide,18,0.0072
1256,275132544,SEGA® Genesis Classics™,18,0.0072
1257,844274714,Skylanders Imaginators,18,0.0072
1258,213257000,TerraTech,18,0.0072
1259,1979014977,The Crew,18,0.0072
1260,2036345770,The Dark Pictures Anthology House of Ashes,18,0.0072
1261,1748769487,The Jackbox Party Pack 6,18,0.0072
1262,635298240,"The Walking Dead: Michonne - Ep. 1, In Too Deep",18,0.0072
1263,1431504921,Tom Clancy's Splinter Cell® Chaos Theory™,18,0.0072
1264,1910952414,TRIALS of MANA,18,0.0072
1265,1112934381,Tron: Evolution,18,0.0072
1266,593828894,Absolver,17,0.0068
1267,1935688591,Daemon X Machina: Titanic Scion,17,0.0068
1268,1824003155,Family Feud®,17,0.0068
1269,1689264723,FIFA 15,17,0.0068
1270,1663990634,GigaBash,17,0.0068
1271,2047199918,Isonzo (Windows),17,0.0068
1272,42119495,Killer Instinct Classic,17,0.0068
1273,1764536463,LEGO® The Hobbit™,17,0.0068
1274,333701857,Mega Man X Legacy Collection,17,0.0068
1275,1932565641,Pikuniku,17,0.0068
1276,2117095676,Planet of Lana,17,0.0068
1277,2002584553,Puzzle Quest 3,17,0.0068
1278,192928167,Rocksmith 2014,17,0.0068
1279,1613348546,Sea of Stars: Sunset Edition,17,0.0068
1280,1866950192,Shady Part of Me,17,0.0068
1281,269700535,Sniper Elite 3,17,0.0068
1282,1692656490,SNIPER Ghost Warrior 3,17,0.0068
1283,1836687833,Sonic Colors: Ultimate,17,0.0068
1284,1633152429,SONIC SUPERSTARS,17,0.0068
1285,1128466401,STREET FIGHTER IV,17,0.0068
1286,1731548634,The Dark Pictures Anthology: Little Hope,17,0.0068
1287,62572131,The Wolf Among Us,17,0.0068
1288,1849227144,WWE 2K20,17,0.0068
1289,416307002,ARCADE GAME SERIES: DIG DUG,16,0.0064
1290,1431504955,Assassin's Creed II,16,0.0064
1291,132590840,Assassin's Creed® Chronicles: India,16,0.0064
1292,230716687,Biomutant,16,0.0064
1293,1161889806,C&C3,16,0.0064
1294,1885511808,Date Everything!,16,0.0064
1295,2061746629,Don't Starve: Giant Edition,16,0.0064
1296,1804966091,Forager,16,0.0064
1297,1777243206,Lost Judgment,16,0.0064
1298,1649675719,Max: The Curse of Brotherhood,16,0.0064
1299,2049727100,METAL GEAR SOLID - Master Collection Version,16,0.0064
1300,304932652,NHL® 21,16,0.0064
1301,1848728299,Pinball FX Midnight,16,0.0064
1302,827416995,Pure Pool,16,0.0064
1303,1957476784,Sniper Elite V2 Remastered,16,0.0064
1304,1997447389,The Dark Pictures Anthology: The Devil in Me,16,0.0064
1305,1633778685,The Stanley Parable: Ultra Deluxe,16,0.0064
1306,1611397404,UBOAT,16,0.0064
1307,995443207,Verdun,16,0.0064
1308,2008301104,Wildgate,16,0.0064
1309,1880818134,AFL 26,15,0.006
1310,1431505070,Assassin's Creed® III ,15,0.006
1311,1736384528,Ben 10: Power Trip,15,0.006
1312,1663573292,Bendy and the Dark Revival,15,0.006
1313,1480659632,Call of Juarez® Gunslinger,15,0.006
1314,1729654407,Company of Heroes 3,15,0.006
1315,400142602,Costume Quest 2,15,0.006
1316,1297287249,Crimson Skies®: High Road to Revenge™,15,0.006
1317,1678781072,DayZ - Experimental,15,0.006
1318,1112934422,Disney Epic Mickey 2: The Power of Two,15,0.006
1319,1954227024,DRAGON BALL: THE BREAKERS,15,0.006
1320,1629928134,DRAGON QUEST III HD-2D Remake,15,0.006
1321,2015929879,Evil Dead: The Game,15,0.006
1322,172017893,F1® 2019,15,0.006
1323,1646082476,Galacticare,15,0.006
1324,2093028006,Hole io,15,0.006
1325,1917135799,HYPERCHARGE Unboxed,15,0.006
1326,1396901863,Just Cause 2,15,0.006
1327,2071372034,Lawn Mowing Simulator,15,0.006
1328,1005561191,LEGO® Indiana Jones™ 2,15,0.006
1329,2119300209,Life is Strange: Double Exposure,15,0.006
1330,1249526091,Madden NFL 16,15,0.006
1331,961593710,NHL® 20,15,0.006
1332,1700516900,NINJA GAIDEN 3: Razor's Edge,15,0.006
1333,1698508835,PGA TOUR 2K25 First Look,15,0.006
1334,1432033734,Pinball Arcade,15,0.006
1335,1606375163,Pinball FX3,15,0.006
1336,269677862,PING REDUX,15,0.006
1337,1480657248,Portal: Still Alive,15,0.006
1338,757817533,PRO EVOLUTION SOCCER 2019,15,0.006
1339,1907381044,Project Cars,15,0.006
1340,1885214706,Snooker 19,15,0.006
1341,1628869222,Soulstone Survivors,15,0.006
1342,1112934456,Star Wars Jedi Knight: Jedi Academy,15,0.006
1343,365797379,Supreme Commander 2,15,0.006
1344,1768536074,Symphonia 𝄞,15,0.006
1345,1624769204,Talisman: Digital Edition,15,0.006
1346,449890085,The Jackbox Party Pack 4,15,0.006
1347,886895461,The Jackbox Party Pack 5,15,0.006
1348,1946103240,Tomb Raider I-III Remastered Starring Lara Croft,15,0.006
1349,2012594000,US Conflict — Tank Battles,15,0.006
1350,2042945112,Atomicrops,14,0.0056
1351,338995079,Batman: The Enemy Within - Episode 1,14,0.0056
1352,231858691,Bomber Crew,14,0.0056
1353,1858000832,Caterpillar,14,0.0056
1354,1693676973,Clue,14,0.0056
1355,1859542622,Contra Anniversary Collection,14,0.0056
1356,856892583,Darksiders II Deathinitive Edition,14,0.0056
1357,1619542068,Dawn of Man,14,0.0056
1358,1736752782,Expansion for Explorers,14,0.0056
1359,152270586,FINAL FANTASY XII THE ZODIAC AGE,14,0.0056
1360,1877135456,Freddy Fazbear's Pizzeria Simulator,14,0.0056
1361,488156801,GreedFall,14,0.0056
1362,1955982965,Gunfire Reborn,14,0.0056
1363,1297287601,Halo: Combat Evolved Anniversary,14,0.0056
1364,1397819396,Hitman: Absolution,14,0.0056
1365,1964820394,Hotline Miami Collection,14,0.0056
1366,1660075534,Hunting Simulator 2,14,0.0056
1367,1775780452,Just Dance Free Experience,14,0.0056
1368,1843760263,LEGO® 2K Drive for Xbox Series X|S,14,0.0056
1369,1781365913,Monster Train,14,0.0056
1370,2013083896,NINJA GAIDEN: Ragebound,14,0.0056
1371,1759144821,PAC-MAN WORLD 2 Re-PAC,14,0.0056
1372,838726055,PRO EVOLUTION SOCCER 2018,14,0.0056
1373,1715636420,Pummel Party,14,0.0056
1374,605857900,Quiplash,14,0.0056
1375,1431505091,Rayman® Legends,14,0.0056
1376,1804278141,Rugby 22 Xbox One,14,0.0056
1377,2073736638,Scrabble,14,0.0056
1378,1813223937,SongPop Party,14,0.0056
1379,1414596688,SpongeBob: Truth-Sq.,14,0.0056
1380,2141647881,Tales from the Borderlands - Episode 1: Zer0 Sum,14,0.0056
1381,1798733099,Teenage Mutant Ninja Turtles: Splintered Fate,14,0.0056
1382,2013672301,The Gunk,14,0.0056
1383,1763653276,Transport Fever 2: Console Edition,14,0.0056
1384,1937610303,Two Point Museum,14,0.0056
1385,2085652095,VOID/BREAKER (Game Preview),14,0.0056
1386,2075589952,"Warhammer 40,000: Boltgun - Windows",14,0.0056
1387,940586683,Wizard of Legend,14,0.0056
1388,1636871347,Yakuza Kiwami,14,0.0056
1389,1791400679,Yakuza: Like a Dragon,14,0.0056
1390,1790332447,Alien: Rogue Incursion Evolved Edition,13,0.0052
1391,233177124,Battle Islands: Commanders,13,0.0052
1392,1617823540,Bomb Rush Cyberfunk,13,0.0052
1393,84648031,Bulletstorm: Full Clip Edition,13,0.0052
1394,1161889850,C&C3: Kane's Wrath,13,0.0052
1395,2008066354,Car Mechanic Simulator,13,0.0052
1396,2113258996,Core Keeper,13,0.0052
1397,1397819386,DEUS EX: HUMAN REVOLUTION,13,0.0052
1398,1129121853,DiRT 3,13,0.0052
1399,1558010571,DYNASTY WARRIORS 8 Empires,13,0.0052
1400,1644006979,ENDLESS Legend™ 2,13,0.0052
1401,2062455421,Fernbus Simulator,13,0.0052
1402,2109927239,Five Nights at Freddy's: Sister Location,13,0.0052
1403,1519874468,Forza Horizon 2 Presents Fast & Furious,13,0.0052
1404,1996335028,He is Coming (Game Preview),13,0.0052
1405,1911404173,Immortals of Aveum™,13,0.0052
1406,542819315,Life is Strange: Before the Storm Episode 1,13,0.0052
1407,1414793190,Mafia II,13,0.0052
1408,1161890141,Mass Effect™ 3,13,0.0052
1409,664898642,NASCAR Heat 3,13,0.0052
1410,2052095073,Ravenswatch,13,0.0052
1411,1263339510,Saints Row IV,13,0.0052
1412,1823082250,Sally Face,13,0.0052
1413,1947938436,Shotgun Farmers,13,0.0052
1414,1898652037,SOUTH PARK: SNOW DAY!,13,0.0052
1415,1967529255,SpongeBob SquarePants: The Cosmic Shake,13,0.0052
1416,585971749,Super Mega Baseball 2,13,0.0052
1417,1414793198,The Darkness,13,0.0052
1418,2011673728,THE HOUSE OF THE DEAD 2: Remake,13,0.0052
1419,1701212022,The Jackbox Party Pack 8,13,0.0052
1420,1842335063,The Mortuary Assistant,13,0.0052
1421,1785417254,The Oregon Trail,13,0.0052
1422,1628698678,Thief Simulator,13,0.0052
1423,689916261,"Warhammer 40,000: Inquisitor - Martyr Ultimate Edition",13,0.0052
1424,2070921614,Bayonetta,12,0.0048
1425,1698796012,Bloons TD 6,12,0.0048
1426,1914086330,Broforce,12,0.0048
1427,232457702,Broken Age,12,0.0048
1428,1960391873,Call of Duty®: Black Ops III (Windows),12,0.0048
1429,2016139001,Card Collector Trading Shop,12,0.0048
1430,370169912,Contrast,12,0.0048
1431,725442241,Darksiders Warmastered Edition,12,0.0048
1432,106901580,Destroy All Humans!,12,0.0048
1433,2109350810,Dungeons Of Hinterberg,12,0.0048
1434,1297287287,Halo 3: ODST Campaign Edition,12,0.0048
1435,1480657520,Harms Way,12,0.0048
1436,1480656912,Heavy Weapon,12,0.0048
1437,1902411725,Hell is Us,12,0.0048
1438,565406974,LEGO® STAR WARS™: The Force Awakens,12,0.0048
1439,2147358433,Madden NFL 15,12,0.0048
1440,1941838752,MELTY BLOOD: TYPE LUMINA,12,0.0048
1441,2045704503,Metaball,12,0.0048
1442,650249872,Metal Gear Solid V: Ground Zeroes,12,0.0048
1443,1480657266,Metal Slug XX,12,0.0048
1444,1833175061,MXGP 2019 - The Official Motocross Videogame,12,0.0048
1445,1831668171,Opus Castle,12,0.0048
1446,676432066,PAC-MAN™ CHAMPIONSHIP EDITION 2,12,0.0048
1447,1802714933,Pathfinder: Wrath of the Righteous,12,0.0048
1448,1702524932,Power Rangers: Battle for the Grid,12,0.0048
1449,818066257,Rugby League Live 4,12,0.0048
1450,1734582052,S.T.A.L.K.E.R.: Shadow of Chornobyl - Enhanced Edition,12,0.0048
1451,2100312943,SCARLET NEXUS,12,0.0048
1452,1657758963,Slay the Princess - The Pristine Cut,12,0.0048
1453,1161890298,SSX 3,12,0.0048
1454,19615130,Super Mega Baseball: Extra Innings,12,0.0048
1455,1649102497,SWORD ART ONLINE Fractured Daydream,12,0.0048
1456,990373231,Tales of Arise,12,0.0048
1457,1915523932,Tempopo,12,0.0048
1458,39069682,The Jackbox Party Pack 2,12,0.0048
1459,1776537730,The Sinking City Remastered,12,0.0048
1460,901516198,The Surge 2,12,0.0048
1461,2070685355,to a T,12,0.0048
1462,937464404,Trials Evolution,12,0.0048
1463,792914248,Tricky Towers,12,0.0048
1464,1690524168,Wo Long: Fallen Dynasty,12,0.0048
1465,2002870555,A Little to the Left,11,0.0044
1466,2144204141,Achilles: Survivor,11,0.0044
1467,1628251712,Amazing Maze,11,0.0044
1468,1742707305,Ambulance Life: A Paramedic Simulator,11,0.0044
1469,1678543324,Aragami 2,11,0.0044
1470,1946485937,Besiege Console,11,0.0044
1471,1793054097,Carrion,11,0.0044
1472,2003473581,Citizen Sleeper,11,0.0044
1473,1096157460,COD: Advanced Warfare,11,0.0044
1474,1842022716,Colt Canyon,11,0.0044
1475,35820305,Crackdown 3: Wrecking Zone,11,0.0044
1476,1161890152,Crysis,11,0.0044
1477,1161890019,Crysis 2,11,0.0044
1478,1617210035,DARKGEMS,11,0.0044
1479,524859112,Darksiders III,11,0.0044
1480,1413679057,DEAD OR ALIVE 4,11,0.0044
1481,2078793582,DYSMANTLE,11,0.0044
1482,548464799,EA SPORTS™ UFC®,11,0.0044
1483,1885859783,FATAL FURY: City of the Wolves,11,0.0044
1484,885797626,Fishing Sim World®: Pro Tour,11,0.0044
1485,21230315,Genesis Alpha One,11,0.0044
1486,984363462,Graveyard Keeper,11,0.0044
1487,1704351342,Hello Neighbor 2,11,0.0044
1488,1396901851,Hitman: Blood Money,11,0.0044
1489,1762910874,I AM THE HERO,11,0.0044
1490,2037481046,Inertial Drift,11,0.0044
1491,1414793291,Max Payne® 2: The Fall of Max Payne,11,0.0044
1492,1844460632,Metro Exodus Enhanced Edition,11,0.0044
1493,905842411,Mutant Football League,11,0.0044
1494,1548866781,MXGP2,11,0.0044
1495,1966816764,My Friend Pedro,11,0.0044
1496,778400368,NBA 2K14,11,0.0044
1497,83029588,NBA LIVE 18: The One Edition,11,0.0044
1498,2105140633,NieR Replicant ver.1.22474487139...,11,0.0044
1499,272855377,NINJA GAIDEN II,11,0.0044
1500,806794764,Override: Mech City Brawl,11,0.0044
1501,1297287123,Perfect Dark Zero,11,0.0044
1502,1375792807,Pool Nation FX,11,0.0044
1503,116849471,Pro Evolution Soccer 2017,11,0.0044
1504,1414793183,Rockstar Table Tennis,11,0.0044
1505,2048545274,Rubber Bandits,11,0.0044
1506,1889657958,S.T.A.L.K.E.R.: Call of Prypiat - Enhanced Edition,11,0.0044
1507,1263339473,Sacred 2 Fallen Angel,11,0.0044
1508,303584158,Sea of Solitude,11,0.0044
1509,2051631747,Spectre Divide,11,0.0044
1510,2002882362,Squirrel with a Gun,11,0.0044
1511,1883232264,STAR WARS™ Episode I Racer,11,0.0044
1512,972022825,Tetris® Ultimate,11,0.0044
1513,1695392136,Tormented Souls,11,0.0044
1514,2119315223,Void Crew,11,0.0044
1515,2056599614,Wreckreation,11,0.0044
1516,2142309066,WWE 2K Battlegrounds,11,0.0044
1517,2040239934,XDefiant,11,0.0044
1518,912199926,Yet Another Zombie Defense HD,11,0.0044
1519,1646810031,3D Don't Die Mr. Robot,10,0.004
1520,1431505017,Assassin's Creed Revelations,10,0.004
1521,1431505102,Assassin's Creed® Rogue,10,0.004
1522,634298669,Bad North: Jotunn Edition,10,0.004
1523,1397032979,BAYONETTA,10,0.004
1524,810050544,Beach Buggy Racing,10,0.004
1525,1639963506,BlackJack 21 Pro!,10,0.004
1526,1662853043,Blasphemous 2,10,0.004
1527,1297287893,Blinx: The Time Sweeper,10,0.004
1528,1161889888,C&C Red Alert 3,10,0.004
1529,1967883584,Chorus,10,0.004
1530,2102465429,Coffee Talk,10,0.004
1531,1480657460,Crazy Taxi,10,0.004
1532,1755920678,Creatures of Ava,10,0.004
1533,1748951836,Disco Elysium - The Final Cut,10,0.004
1534,696196977,DRAGON BALL XENOVERSE,10,0.004
1535,2046176982,Empire of Sin,10,0.004
1536,180750187,F1™ 2017,10,0.004
1537,1911770674,Fast & Furious: Arcade Edition,10,0.004
1538,184042097,Fe,10,0.004
1539,2021453818,FINAL FANTASY VIII Remastered,10,0.004
1540,476517807,Gravel,10,0.004
1541,2020925056,Grim Dawn: Definitive Edition,10,0.004
1542,766737132,Halo 5: Forge,10,0.004
1543,1297287176,Halo Wars,10,0.004
1544,1480656891,Jetpac Refuelled,10,0.004
1545,1480657325,KOF2002UM,10,0.004
1546,240478325,Layers of Fear (2016),10,0.004
1547,1279330257,LEGO Star Wars II,10,0.004
1548,2016417527,Life is Strange Remastered,10,0.004
1549,433988710,MASSIVE CHALICE,10,0.004
1550,1480657433,Might & Magic Clash of Heroes™,10,0.004
1551,1957255658,MORDHAU,10,0.004
1552,1480657679,Motocross Madness,10,0.004
1553,1757462338,Ni no Kuni Wrath of the White Witch™ Remastered,10,0.004
1554,1263929316,NINJA GAIDEN 3: RE,10,0.004
1555,1819944286,Nun Massacre,10,0.004
1556,1785122378,Omega Strikers,10,0.004
1557,1894365262,PAW Patrol: Grand Prix,10,0.004
1558,1624743884,Persona 3 Portable,10,0.004
1559,1632843296,Pillars of Eternity II: Deadfire - Ultimate Edition,10,0.004
1560,1743961068,Race The Sun,10,0.004
1561,2025898879,Rugby 22 Xbox Series X|S,10,0.004
1562,2129620077,Sherlock Holmes The Awakened,10,0.004
1563,2040578587,SHINOBI: Art of Vengeance,10,0.004
1564,2017067425,Spot Challenge Vol. 1,10,0.004
1565,1112934459,Star Wars Republic Commando,10,0.004
1566,1941370105,Supermarket Owner Simulator: Business,10,0.004
1567,1719207328,TERMINATOR: RESISTANCE - COMPLETE EDITION,10,0.004
1568,2040514027,Terminull Brigade™,10,0.004
1569,1651647141,The Boat Grandma,10,0.004
1570,610345881,The Jackbox Party Pack,10,0.004
1571,1865341179,The MUSYNX,10,0.004
1572,1619933938,The Survivalists,10,0.004
1573,1181281124,Thief,10,0.004
1574,1658477123,Unturned,10,0.004
1575,2026783353,Wayfinder,10,0.004
1576,1851310927,Who Wants to Be a Millionaire?,10,0.004
1577,2016203684,Alaskan Road Truckers: Highway Edition,9,0.0036
1578,670545608,Armored Warfare,9,0.0036
1579,2120976389,Banishers: Ghosts of New Eden,9,0.0036
1580,364804937,BATTLESHIP®,9,0.0036
1581,1396901865,Battlestations Pacific,9,0.0036
1582,1827508365,Burger Bistro Story,9,0.0036
1583,1650593751,Calico,9,0.0036
1584,2144913935,Castlevania Anniversary Collection,9,0.0036
1585,1263405133,Castlevania: LoS 2,9,0.0036
1586,1954997644,Construction Simulator 3 - Console Edition,9,0.0036
1587,1781425798,Cozy Designer,9,0.0036
1588,355178688,DiRT 4,9,0.0036
1589,2071918696,DRAGON QUEST I & II HD-2D Remake,9,0.0036
1590,1953182469,DRAGON QUEST® XI S: Echoes of an Elusive Age™ - Definitive Edition,9,0.0036
1591,1983248568,Eiyuden Chronicle: Hundred Heroes,9,0.0036
1592,1756983532,Evil Genius 2: World Domination,9,0.0036
1593,1851718938,FANTASY LIFE i: The Girl Who Steals Time,9,0.0036
1594,1480659518,Far Cry Classic,9,0.0036
1595,1813362885,FIFA 14,9,0.0036
1596,1397819364,FINAL FANTASY XIII,9,0.0036
1597,2043510457,Friends vs Friends,9,0.0036
1598,1296697298,Full Game - Psychonauts,9,0.0036
1599,1694490701,FuzzBall,9,0.0036
1600,1480656877,Geometry Wars Evolved,9,0.0036
1601,2022315423,Gunsmith Simulator,9,0.0036
1602,1669048701,Hidden Cats in Spooky Town,9,0.0036
1603,447331588,I Am Bread,9,0.0036
1604,1982219874,Insects: An Xbox One X Enhanced Experience,9,0.0036
1605,333457553,Just Dance® 2020,9,0.0036
1606,389571069,LEGO® Dimensions™,9,0.0036
1607,1694487955,Life is Strange: True Colors,9,0.0036
1608,322384131,Marvel: Ultimate Alliance,9,0.0036
1609,1014379144,Marvel: Ultimate Alliance 2,9,0.0036
1610,1297287144,Mass Effect,9,0.0036
1611,2025840804,METAL GEAR SOLID 3: Snake Eater - Master Collection Version,9,0.0036
1612,1263405120,METAL GEAR SOLID HD: 2 & 3,9,0.0036
1613,1263405116,MGS PW HD,9,0.0036
1614,1747564672,Microsoft Treasure Hunt,9,0.0036
1615,1679173794,MotoGP™21,9,0.0036
1616,1884949649,Mythwrecked: Ambrosia Island,9,0.0036
1617,1343920370,NBA 2K15,9,0.0036
1618,1802006334,Neon Abyss,9,0.0036
1619,1907337607,NHL® 15 Full Game,9,0.0036
1620,303799945,Nickelodeon Kart Racers,9,0.0036
1621,1776537169,NINJA GAIDEN Σ2,9,0.0036
1622,2132252311,Olympic Games Tokyo 2020 – The Official Video Game™,9,0.0036
1623,2048381683,PAC-MAN WORLD Re-PAC,9,0.0036
1624,1697635406,Post Trauma,9,0.0036
1625,1853277604,RetroRealms Arcade,9,0.0036
1626,2077320849,Shadow Man Remastered,9,0.0036
1627,1671676860,Snakeybus,9,0.0036
1628,1179584488,Sniper Elite V2,9,0.0036
1629,1907729638,Solasta: Crown of the Magister,9,0.0036
1630,2002404032,Stranded: Alien Dawn,9,0.0036
1631,2079765251,Streets of Rogue,9,0.0036
1632,405775731,Surviving Mars,9,0.0036
1633,1431504854,TC's RainbowSix Vegas,9,0.0036
1634,619718041,The Cave,9,0.0036
1635,1668285033,The Exit 8,9,0.0036
1636,1668095237,The Jackbox Naughty Pack,9,0.0036
1637,1987184613,The Jackbox Party Pack 9,9,0.0036
1638,605741753,The LEGO Movie 2 Videogame,9,0.0036
1639,1851490214,Tribes of Midgard,9,0.0036
1640,1022548859,Truck Driver,9,0.0036
1641,1837745362,When the Past was Around,9,0.0036
1642,1048549433,WRC 6 FIA World Rally Championship,9,0.0036
1643,566278,WWE 2K17,9,0.0036
1644,1903621817,Yooka-Replaylee,9,0.0036
1645,969381141,A Plague Tale: Innocence,8,0.0032
1646,1480657371,A World of Keflings,8,0.0032
1647,1664723386,Afterimage,8,0.0032
1648,1835497756,Agents of Mayhem,8,0.0032
1649,615247627,Alan Wake,8,0.0032
1650,1719440805,Alone in the Dark,8,0.0032
1651,1878021400,Aquapark io,8,0.0032
1652,1161889868,Army of Two™ (EU),8,0.0032
1653,1431504989,Assassin's Creed Brotherhood,8,0.0032
1654,1823385601,Bassmaster® Fishing,8,0.0032
1655,2006171548,Battle Brothers,8,0.0032
1656,1480656850,Bejeweled 2,8,0.0032
1657,965872275,Ben 10,8,0.0032
1658,1414793313,BioShock 2,8,0.0032
1659,1414793309,BioShock Infinite,8,0.0032
1660,1862346957,BloodRayne: ReVamped,8,0.0032
1661,1952427486,Bloodstained: Ritual of the Night,8,0.0032
1662,1906603484,Bravery and Greed,8,0.0032
1663,171879377,Call of Cthulhu,8,0.0032
1664,1263405065,Castlevania LoS,8,0.0032
1665,1995880869,Charon's Staircase,8,0.0032
1666,1676653592,Citizen Sleeper 2: Starward Vector,8,0.0032
1667,1841498671,CONSCRIPT,8,0.0032
1668,217802058,Darkest Dungeon®,8,0.0032
1669,1414596582,Darksiders,8,0.0032
1670,376779456,Death Road to Canada,8,0.0032
1671,1974043980,Disney Classic Games: Aladdin and The Lion King,8,0.0032
1672,2096544989,Divine Knockout (DKO),8,0.0032
1673,534038970,Dovetail Games Euro Fishing,8,0.0032
1674,1712105499,DRIFTCE,8,0.0032
1675,1480659910,DuckTales: Remastered,8,0.0032
1676,1146095621,Earth Defense Force 2025,8,0.0032
1677,1958827848,Eternal Card Game,8,0.0032
1678,1727852104,FINAL FANTASY VI,8,0.0032
1679,2075703134,Frostpunk,8,0.0032
1680,1618662965,Garfield Kart Furious Racing,8,0.0032
1681,1711556027,Garten of Banban 2,8,0.0032
1682,945174237,Geometry Wars™ 3: Dimensions Evolved,8,0.0032
1683,1755179727,Grim Fandango Remastered,8,0.0032
1684,1829337400,Have a Nice Death,8,0.0032
1685,1766317194,Helix Jump,8,0.0032
1686,1890778408,Hidden Cats in Tokyo,8,0.0032
1687,1906459372,Judgment,8,0.0032
1688,1855729960,Just Dance® 2021,8,0.0032
1689,1749806231,Keep Talking and Nobody Explodes,8,0.0032
1690,850034103,Killer Instinct 2 Classic,8,0.0032
1691,649279273,King's Quest™,8,0.0032
1692,1865989097,KINGDOM HEARTS HD 2.8 Final Chapter Prologue,8,0.0032
1693,70112963,Knight Squad,8,0.0032
1694,1898106366,Little Ralph - Trial,8,0.0032
1695,523468027,Mega Man 11,8,0.0032
1696,1889275388,Metal Eden,8,0.0032
1697,1906672574,Middle-earth™: Shadow of Mordor™,8,0.0032
1698,2131173467,Monster Survivors,8,0.0032
1699,1297549289,Mortal Kombat vs. DCU,8,0.0032
1700,634240708,MotoGP™19,8,0.0032
1701,1948147176,Moving Out,8,0.0032
1702,2040686890,My Time at Sandrock,8,0.0032
1703,1690896049,New Tales from the Borderlands,8,0.0032
1704,1846760960,Nickelodeon Kart Racers 3: Slime Speedway,8,0.0032
1705,2025399821,ONE PUNCH MAN: A HERO NOBODY KNOWS,8,0.0032
1706,2034484895,Out of Space: Couch Edition,8,0.0032
1707,172342998,PLAYERUNKNOWN’S BATTLEGROUNDS – Public Test Server,8,0.0032
1708,671807457,Portal Knights,8,0.0032
1709,1628806449,Potion Craft: Alchemist Simulator,8,0.0032
1710,1414596703,Red Faction: Armageddon,8,0.0032
1711,1658810016,Resident Evil Requiem,8,0.0032
1712,802418004,RESIDENT EVIL RESISTANCE,8,0.0032
1713,2054178211,SAMURAI SHODOWN (Standard Ver.),8,0.0032
1714,1944780994,Scars Above,8,0.0032
1715,1781047490,Shin Megami Tensei V: Vengeance,8,0.0032
1716,1147123126,Skylanders Trap Team,8,0.0032
1717,1480660016,Slender: The Arrival,8,0.0032
1718,1166935255,Slender: The Arrival (2015),8,0.0032
1719,1480657415,SONIC THE HEDGEHOG™ 4 Episode I,8,0.0032
1720,2009073182,Steelrising - Standard Edition,8,0.0032
1721,1718545023,Sunset Overdrive,8,0.0032
1722,1874881573,Tales of Kenzera™: ZAU,8,0.0032
1723,1984077720,Tales of the Shire: A The Lord of The Rings™ Game,8,0.0032
1724,2142487375,Teenage Mutant Ninja Turtles: The Cowabunga Collection,8,0.0032
1725,2016552136,The Catch: Carp & Coarse Fishing,8,0.0032
1726,1414793357,The Darkness II,8,0.0032
1727,1889167057,The Walking Dead: Destinies,8,0.0032
1728,1313671253,The Witcher 2,8,0.0032
1729,2127247278,Thief Simulator 2,8,0.0032
1730,1673810447,Tony Stewart's All-American Racing,8,0.0032
1731,1480657580,Toy Soldiers: Cold War,8,0.0032
1732,1861467226,"Warhammer 40,000: Battlesector",8,0.0032
1733,1760893557,Warlander,8,0.0032
1734,328245964,WARRIORS OROCHI 3 Ultimate,8,0.0032
1735,2016076229,Weird West: Definitive Edition,8,0.0032
1736,1019936697,#IDARB,7,0.0028
1737,949699803,ABZU,7,0.0028
1738,390641336,ACA NEOGEO METAL SLUG,7,0.0028
1739,433738637,Adventure Time: Pirates of the Enchiridion,7,0.0028
1740,244952910,Aragami: Shadow Edition,7,0.0028
1741,1897858878,Asdivine Hearts,7,0.0028
1742,100154526,Baja: Edge of Control HD,7,0.0028
1743,1161889960,Battlefield Bad Company 2,7,0.0028
1744,1844143156,Beach Buggy Racing 2: Island Adventure,7,0.0028
1745,1661717515,Blood Bowl 3,7,0.0028
1746,1670026911,BMX Streets,7,0.0028
1747,1431504874,Brothers in Arms: HH,7,0.0028
1748,2077036451,Cake Bash,7,0.0028
1749,1664492743,Call of Duty®: Black Ops II,7,0.0028
1750,1480657530,Castlevania HD,7,0.0028
1751,1618801140,CRISIS CORE –FINAL FANTASY VII– REUNION,7,0.0028
1752,2026477830,Dandy Ace,7,0.0028
1753,1414596758,Darksiders II,7,0.0028
1754,502883447,Dead Island Retro Revenge,7,0.0028
1755,1650442817,Deus Ex: Mankind Divided™,7,0.0028
1756,1951675244,DJMAX RESPECT V,7,0.0028
1757,1621285366,DOOM (1993),7,0.0028
1758,1909957148,Dragon City,7,0.0028
1759,531404425,DYNASTY WARRIORS 9,7,0.0028
1760,1234432164,EA SPORTS™ Rory McIlroy PGA TOUR®,7,0.0028
1761,572417720,Emily Wants To Play,7,0.0028
1762,481925121,F1® 2018,7,0.0028
1763,1629487179,FATAL FRAME: Maiden of Black Water,7,0.0028
1764,1661863954,FATE: Reawakened,7,0.0028
1765,67961945,FlatOut 4 : Total Insanity,7,0.0028
1766,2125839408,Formula Legends,7,0.0028
1767,1690204019,Garten of Banban 3,7,0.0028
1768,1480657151,Geometry Wars Evolved²,7,0.0028
1769,2126757651,Ghostrunner,7,0.0028
1770,1844195280,Go Mecha Ball,7,0.0028
1771,2058395991,Golf Guys,7,0.0028
1772,341719186,"Guns, Gore and Cannoli 2",7,0.0028
1773,2028516160,Hardspace: Shipbreaker - Windows,7,0.0028
1774,1880214966,Hello Neighbor: Hide and Seek,7,0.0028
1775,642353763,Injustice™ 2 - Standard Edition,7,0.0028
1776,1480657557,Iron Brigade,7,0.0028
1777,150646593,Kane & Lynch 2,7,0.0028
1778,2028645063,Legend of Mana,7,0.0028
1779,1724587895,Lemon Cake,7,0.0028
1780,2002613703,Lethal League Blaze,7,0.0028
1781,1987951399,Lonely Mountains: Downhill,7,0.0028
1782,1128466413,LOST PLANET 2,7,0.0028
1783,28152906,Lovers in a Dangerous Spacetime,7,0.0028
1784,2016530186,Marsupilami: Hoobadventure,7,0.0028
1785,14233261,Minecraft: Story Mode - Season Two - Episode 1,7,0.0028
1786,380023945,Monster Energy Supercross - The Official Videogame 2,7,0.0028
1787,2022357971,Monster Energy Supercross - The Official Videogame 4,7,0.0028
1788,1679589975,Mortal Shell: Enhanced Edition,7,0.0028
1789,1708079118,NASCAR 21: Ignition,7,0.0028
1790,1059087507,Octodad: Dadliest Catch,7,0.0028
1791,1827996338,PBA Pro Bowling 2023,7,0.0028
1792,267248679,Phantom Dust,7,0.0028
1793,838746653,Phoenix Wright: Ace Attorney Trilogy,7,0.0028
1794,2046628793,PixARK,7,0.0028
1795,1641566497,Railroads Online,7,0.0028
1796,1480659519,Rayman 3 HD,7,0.0028
1797,1755678829,RedRaptor,7,0.0028
1798,1996943027,Revhead,7,0.0028
1799,1783825549,Road 96: Mile 0,7,0.0028
1800,1693521674,Rumbleverse,7,0.0028
1801,2045526445,S.T.A.L.K.E.R.: Clear Sky - Enhanced Edition,7,0.0028
1802,1480657777,Sega Vintage Collection: Streets of Rage,7,0.0028
1803,1060097466,Serious Sam Collection,7,0.0028
1804,1906073826,Skullgirls 2nd Encore,7,0.0028
1805,1480659614,Sonic the Fighters,7,0.0028
1806,1480656995,Sonic The Hedgehog 2,7,0.0028
1807,778803087,Spacelords,7,0.0028
1808,2032251921,Spot Challenge Vol. 2,7,0.0028
1809,1940217918,SquadBlast (Game Preview),7,0.0028
1810,605317845,Stern Pinball Arcade,7,0.0028
1811,2020086658,Super Engine GT Turbo SPEC,7,0.0028
1812,2039224282,Super Monkey Ball Banana Mania,7,0.0028
1813,1770175521,Surviving the Aftermath,7,0.0028
1814,2070375454,SYNDUALITY Echo of Ada,7,0.0028
1815,308135722,Tales of Vesperia™: Definitive Edition,7,0.0028
1816,1637976314,The Jackbox Survey Scramble,7,0.0028
1817,2079588618,The Last Campfire,7,0.0028
1818,1640731289,The Legend of Cyber Cowboy,7,0.0028
1819,2031756340,They Are Billions,7,0.0028
1820,1826137247,Tiny Little Farm,7,0.0028
1821,1683840789,Tomb Raider IV-VI Remastered,7,0.0028
1822,1297287134,Too Human,7,0.0028
1823,1754770560,Unicorn Overlord,7,0.0028
1824,103629720,V-Rally 4,7,0.0028
1825,2087811937,Venture Towns,7,0.0028
1826,1731762544,Virtual Villagers Origins 2,7,0.0028
1827,2125765747,Windbound,7,0.0028
1828,1922758426,WRC 9 FIA World Rally Championship,7,0.0028
1829,1696868991,WRC Generations - The FIA WRC Official Game,7,0.0028
1830,1845646569,Yakuza Kiwami 2,7,0.0028
1831,1038499153,A Hat in Time,6,0.0024
1832,1751360232,AAA Dynamic Scenes,6,0.0024
1833,1915969143,AFL 23,6,0.0024
1834,2057042819,Akimbot,6,0.0024
1835,1712068512,Amanda the Adventurer,6,0.0024
1836,1877455960,art of rally,6,0.0024
1837,1042452848,Aven Colony,6,0.0024
1838,1414793176,BioShock,6,0.0024
1839,1969372075,BlazBlue: Cross Tag Battle Special Edition,6,0.0024
1840,1297287135,Blue Dragon,6,0.0024
1841,1112934366,Bolt,6,0.0024
1842,2114128708,Bunny Park,6,0.0024
1843,2098202394,Candy Crush Saga,6,0.0024
1844,768615691,Chess Ultra,6,0.0024
1845,2040404955,Colorful Colore,6,0.0024
1846,1480659546,Counter-Strike: GO,6,0.0024
1847,1642353875,Craftopia (Game Preview),6,0.0024
1848,2077764934,Crysis Remastered,6,0.0024
1849,1867293778,Darwin Project,6,0.0024
1850,2102421406,Day of the Tentacle Remastered,6,0.0024
1851,1480657049,Domino Master,6,0.0024
1852,1480657334,DOOM II (Classic),6,0.0024
1853,1641402901,Double Dragon Gaiden: Rise of the Dragons,6,0.0024
1854,1480657549,DR2: CASE ZERO,6,0.0024
1855,147604411,Dungeons 3,6,0.0024
1856,1640323097,DYNASTY WARRIORS 9 Empires,6,0.0024
1857,134413498,EA SPORTS™ NHL® 18,6,0.0024
1858,1748036661,Electrician Simulator,6,0.0024
1859,1941057630,Empire of the Ants,6,0.0024
1860,968775939,EVERSPACE™,6,0.0024
1861,1989956835,Evolve,6,0.0024
1862,1464993747,F.E.A.R. 2,6,0.0024
1863,918516972,Farming Simulator 15,6,0.0024
1864,1864215620,Five Nights at Freddy's: Help Wanted,6,0.0024
1865,1890880304,Fobia - St. Dinfna Hotel,6,0.0024
1866,1480656915,Frogger,6,0.0024
1867,159583079,Gear.Club Unlimited 2 - Ultimate Edition,6,0.0024
1868,620831719,GROW UP,6,0.0024
1869,121960285,Guts & Glory,6,0.0024
1870,1480656868,Hardwood Spades,6,0.0024
1871,1480657016,Ikaruga,6,0.0024
1872,1639666819,INAZUMA ELEVEN: Victory Road,6,0.0024
1873,1297287250,Jade Empire™,6,0.0024
1874,1750788653,Jagged Alliance 3,6,0.0024
1875,1922993793,Jalopy,6,0.0024
1876,1930132661,Jotunnslayer: Hordes of Hel,6,0.0024
1877,1297287122,Kameo,6,0.0024
1878,1055556936,Kingdom New Lands,6,0.0024
1879,1464993821,LEGO® Lord of the Rings™,6,0.0024
1880,149149959,Lies Of Astaroth,6,0.0024
1881,1648660389,Lost Eidolons: Veil of the Witch,6,0.0024
1882,1128466480,Lost Planet 3,6,0.0024
1883,142841733,Madden NFL 25,6,0.0024
1884,1480659475,Magic 2013,6,0.0024
1885,1480659653,Magic 2014 — Duels of the Planeswalkers,6,0.0024
1886,2020925735,Make Way,6,0.0024
1887,1630329125,Miden Tower,6,0.0024
1888,1973367334,MindsEye,6,0.0024
1889,1869122946,MONOPOLY DEAL,6,0.0024
1890,2050785251,Monster Prom 2: Monster Camp XXL,6,0.0024
1891,2070782109,Monster Prom: XXL,6,0.0024
1892,1699788094,MotoGP™20,6,0.0024
1893,1698746853,MotoGP™23,6,0.0024
1894,2085418848,Nexomon,6,0.0024
1895,1696832928,NHRA Championship Drag Racing: Speed For All,6,0.0024
1896,1624572870,Ni no Kuni™ II: Revenant Kingdom - The Prince's Edition,6,0.0024
1897,1863625465,Nuclear Throne,6,0.0024
1898,2081394706,Onimusha 2: Samurai's Destiny,6,0.0024
1899,1734289672,"ONYX-PRO, Inside the Game: Grounded 2 Artbook and Soundtrack",6,0.0024
1900,1995657870,Orange Season,6,0.0024
1901,484684099,PAC-MAN 256,6,0.0024
1902,1480657548,PAC-MAN CE DX+,6,0.0024
1903,1893912101,Party Panic,6,0.0024
1904,939615894,Paw Patrol: On a Roll,6,0.0024
1905,1712366974,PC Building Simulator,6,0.0024
1906,275673036,Pillars of Eternity: Complete Edition,6,0.0024
1907,884526952,Planetbase,6,0.0024
1908,1431504958,Prince of Persia The Forgotten Sands™,6,0.0024
1909,1431504883,Rayman Raving Rabbids,6,0.0024
1910,676489959,Remothered: Tormented Fathers,6,0.0024
1911,1748326860,RetroMania Wrestling,6,0.0024
1912,326835485,Rise of Nations: Extended Edition,6,0.0024
1913,1738390204,Rivals of Aether,6,0.0024
1914,1709856057,RoboCop: Rogue City - Unfinished Business,6,0.0024
1915,2028931904,Rugby 20,6,0.0024
1916,1779343248,Sclash,6,0.0024
1917,544561028,Shadow Warrior 2,6,0.0024
1918,722694197,Sherlock Holmes: The Devil's Daughter,6,0.0024
1919,2018103228,Ship of Fools,6,0.0024
1920,1480659442,SONIC 4 Episode II,6,0.0024
1921,2073359006,Spirittea,6,0.0024
1922,1917594775,Stampede: Racing Royale (Game Preview),6,0.0024
1923,1835454890,Stay Out of the House,6,0.0024
1924,1896598798,Street Outlaws 2: Winner Takes All,6,0.0024
1925,1995931888,Sunderfolk,6,0.0024
1926,1480656886,Texas Hold'em,6,0.0024
1927,996619018,The Sinking City,6,0.0024
1928,1464993828,The Witcher 2: Assassins of Kings,6,0.0024
1929,1841510170,Tony Stewart's Sprint Car Racing,6,0.0024
1930,1729848569,Trainz Simulator: World Tour,6,0.0024
1931,547734537,Truck Racing Championship,6,0.0024
1932,1661098733,Turbo Golf Racing,6,0.0024
1933,1749676903,Two Point Campus,6,0.0024
1934,2050010864,Two Point Hospital™,6,0.0024
1935,1629100331,Ultra Foodmess 2,6,0.0024
1936,1297549275,Unreal Tournament III,6,0.0024
1937,2060146885,Unspottable,6,0.0024
1938,1066906675,Vikings - Wolves of Midgard,6,0.0024
1939,1884076770,Visage,6,0.0024
1940,1682770291,"Warhammer 40,000: Chaos Gate - Daemonhunters",6,0.0024
1941,1704142080,Warhammer: Chaosbane Slayer Edition Xbox Series X|S,6,0.0024
1942,1807860559,Werewolf: The Apocalypse - Earthblood,6,0.0024
1943,1781945767,Wizard of Legend 2,6,0.0024
1944,1900124001,WRC 10 FIA World Rally Championship Xbox One,6,0.0024
1945,1894333860,WRC 8 FIA World Rally Championship Xbox One,6,0.0024
1946,2094867598,XIII,6,0.0024
1947,304633817,ACA NEOGEO METAL SLUG 4,5,0.002
1948,1790739309,Ad Infinitum,5,0.002
1949,616610555,Alan Wake's American Nightmare,5,0.002
1950,2000460393,Alien Hominid Invasion,5,0.002
1951,1997651308,All You Need is Help,5,0.002
1952,2089856457,Angry Video Game Nerd 8-bit,5,0.002
1953,1611092700,Ara History Untold: Anniversary Edition,5,0.002
1954,1708780346,Are You Smarter Than A 5th Grader?,5,0.002
1955,2076917277,Army of Ruin,5,0.002
1956,267850304,ATV Drift & Tricks Definitive Edition,5,0.002
1957,1720903665,Autopsy Simulator,5,0.002
1958,1480657278,Battlefield 1943™,5,0.002
1959,1714151217,Blair Witch,5,0.002
1960,173291706,Blood Bowl 2,5,0.002
1961,1480659651,Blood Knights,5,0.002
1962,1178929117,Bound by Flame,5,0.002
1963,435779585,Capcom Beat 'Em Up Bundle,5,0.002
1964,870299798,Carnival Games®,5,0.002
1965,1414596609,Cars MN,5,0.002
1966,2012135933,Castlevania Dominus Collection,5,0.002
1967,1686916889,Cats and Seek : Kyoto,5,0.002
1968,2005154977,Children of Morta,5,0.002
1969,1736174077,City Transport Simulator: Tram,5,0.002
1970,1790053994,Cooking Fever,5,0.002
1971,694139546,Crawl,5,0.002
1972,1766171641,Croc's World,5,0.002
1973,1914646696,Curse of the Dead Gods,5,0.002
1974,2055582442,Danganronpa: Trigger Happy Havoc Anniversary Edition,5,0.002
1975,402672897,Death Squared,5,0.002
1976,577546632,Destroy All Humans! (2005),5,0.002
1977,2125974437,Door Kickers: Action Squad,5,0.002
1978,2044234749,Dragon's Dogma 2 Character Creator & Storage,5,0.002
1979,532569395,Drawful 2,5,0.002
1980,1894948980,Dreamcore,5,0.002
1981,886999858,Duke Nukem 3D: 20th Anniversary World Tour,5,0.002
1982,1414793294,Duke Nukem Forever,5,0.002
1983,1771234675,Dungeons 4,5,0.002
1984,242301355,EA SPORTS™ NHL® 16,5,0.002
1985,809464104,Elex,5,0.002
1986,1692950358,Exoprimal,5,0.002
1987,1733492292,Finding Frankie,5,0.002
1988,1616852724,Full Throttle Remastered,5,0.002
1989,1702713376,Genesis Noir,5,0.002
1990,1431504947,Ghost Recon: Future Soldier™,5,0.002
1991,1784112295,Godfall,5,0.002
1992,1129121873,GRID Autosport,5,0.002
1993,453673951,Guitar Hero Live,5,0.002
1994,1769592885,GUNDAM EVOLUTION,5,0.002
1995,1131124715,"Guns, Gore and Cannoli",5,0.002
1996,1928525856,Halo: MCC Insider,5,0.002
1997,1695499346,Headbangers: Rhythm Royale,5,0.002
1998,1654652604,Heavy Cargo - The Truck Simulator,5,0.002
1999,1967527679,Hidden Cat Outlaws,5,0.002
2000,1968550256,Hobo: Tough Life,5,0.002
2001,90991576,How To Survive 2,5,0.002
2002,2144211794,Iron Harvest Complete Edition,5,0.002
2003,21051553,It's Quiz Time,5,0.002
2004,2004666712,Journey To The Savage Planet: Employee Of The Month,5,0.002
2005,1925586579,Jump King,5,0.002
2006,1789366577,Junkyard Builder,5,0.002
2007,1869923276,Katana ZERO,5,0.002
2008,2004313785,KILL KNIGHT,5,0.002
2009,1989445813,Knight Squad 2,5,0.002
2010,1718892809,Knockout City™,5,0.002
2011,1668424649,Kulebra and the Souls of Limbo: Closure Edition,5,0.002
2012,1615197965,Let's Build a Zoo,5,0.002
2013,1925242158,Library Of Ruina,5,0.002
2014,1651525052,Life is Strange: Before the Storm Remastered,5,0.002
2015,1655517847,Like a Dragon Gaiden: The Man Who Erased His Name,5,0.002
2016,1764400723,Like a Dragon: Ishin!,5,0.002
2017,1962388658,Like a Dragon: Pirate Yakuza in Hawaii,5,0.002
2018,779348826,Livelock,5,0.002
2019,1271641024,Lords of the Fallen (2014),5,0.002
2020,1891684356,Lost in Random™,5,0.002
2021,1297287162,Lost Odyssey,5,0.002
2022,956590734,Mega Man Legacy Collection 2,5,0.002
2023,196597117,Mega Man X Legacy Collection 2,5,0.002
2024,1535750831,Mega Man® Legacy Collection,5,0.002
2025,888477147,METAL GEAR SURVIVE,5,0.002
2026,186591858,Monstrum,5,0.002
2027,1423533994,MotoGP™15,5,0.002
2028,1944950992,MotoGP™22 - Windows Edition,5,0.002
2029,593565047,MY HERO ONE’S JUSTICE,5,0.002
2030,2061014163,Mystic Gate,5,0.002
2031,113198981,NBA 2K18: The Prelude,5,0.002
2032,2076732337,Necromunda: Hired Gun (Windows),5,0.002
2033,1740300956,Neighbours back From Hell,5,0.002
2034,2021405472,Nickelodeon Kart Racers 2: Grand Prix,5,0.002
2035,594585699,Nidhogg 2,5,0.002
2036,933693396,ŌKAMI HD,5,0.002
2037,1661545526,Orcs Must Die! 3,5,0.002
2038,264259050,Ori and the Blind Forest,5,0.002
2039,1616365132,Papa's Quiz,5,0.002
2040,1702914632,Poker Club,5,0.002
2041,104182544,Pro Evolution Soccer 2016,5,0.002
2042,572054432,Project CARS 3,5,0.002
2043,2011990367,Project Winter,5,0.002
2044,1112934361,Pure,5,0.002
2045,848477962,Pure Chess,5,0.002
2046,1784625849,Queen's Quest 5: Symphony of Death,5,0.002
2047,2117633627,Quiplash 2 InterLASHional: The Say Anything Party Game!,5,0.002
2048,1901782415,Railway Empire 2 (Win),5,0.002
2049,1623187954,Rally Arcade Classics,5,0.002
2050,1223839444,RIDE,5,0.002
2051,322450727,Rogue Legacy,5,0.002
2052,1704946873,Romancing SaGa 2: Revenge of the Seven,5,0.002
2053,1861374778,Rugby Challenge 3,5,0.002
2054,1652661000,Rugby Challenge 4,5,0.002
2055,1263405009,Rumble Roses XX,5,0.002
2056,378040902,Salt and Sanctuary,5,0.002
2057,2020514432,SBK™22,5,0.002
2058,365310947,Scribblenauts Mega Pack,5,0.002
2059,52620879,Scribblenauts Showdown,5,0.002
2060,1726081569,Seal: WHAT the FUN,5,0.002
2061,1783788045,SILENT HILL f - Bonus Content,5,0.002
2062,1705787144,Slime 3K: Rise Against Despot,5,0.002
2063,2128705961,Solitaire HD,5,0.002
2064,60656359,SOMA,5,0.002
2065,2098784475,Soulstice,5,0.002
2066,1414793283,Spec Ops: The Line,5,0.002
2067,1719161140,Spiritfall,5,0.002
2068,1636452571,SRX: The Game,5,0.002
2069,1928799402,StarCraft® Remastered,5,0.002
2070,2050520287,STRANGER OF PARADISE FINAL FANTASY ORIGIN,5,0.002
2071,1880166267,Sudoku Classic X,5,0.002
2072,1722901011,Sweet Survivors,5,0.002
2073,1431504864,TC's EndWar,5,0.002
2074,1906078054,TERMINATOR: RESISTANCE,5,0.002
2075,1891258006,The Bard's Tale ARPG : Remastered and Resnarkled,5,0.002
2076,1733173772,The Bard's Tale Trilogy,5,0.002
2077,1414793181,The Bureau,5,0.002
2078,125965001,The Escapists: The Walking Dead,5,0.002
2079,1811248495,The Jackbox Party Pack 10,5,0.002
2080,2101138430,The Matrix Awakens: An Unreal Engine 5 Experience,5,0.002
2081,193310209,The Witness,5,0.002
2082,2108611710,TIEBREAK – GRAND SLAM EDITION,5,0.002
2083,1396901868,Tomb Raider Underworld,5,0.002
2084,1610985256,Torchlight III,5,0.002
2085,239008106,Tropico 5 - Penultimate Edition,5,0.002
2086,911120656,Tumblestone,5,0.002
2087,495493033,Turok,5,0.002
2088,644829211,Turok 2: Seeds of Evil,5,0.002
2089,1683451145,Ultra Foodmess Deluxe,5,0.002
2090,2117776820,UnderMine,5,0.002
2091,1777656573,Vanquish,5,0.002
2092,1679106504,WARRIORS: Abyss,5,0.002
2093,922226657,Wasteland 2: Director's Cut,5,0.002
2094,1926154049,Wasteland Remastered,5,0.002
2095,1629004246,We Love Katamari REROLL+ Royal Reverie,5,0.002
2096,1926895632,We Were Here,5,0.002
2097,1955199870,We Were Here Together,5,0.002
2098,1740517029,West of Dead,5,0.002
2099,1763125243,Wild Card Football,5,0.002
2100,912832008,WRC 7 FIA World Rally Championship,5,0.002
2101,1414793346,XCOM®: Enemy Unknown,5,0.002
2102,601877820,Yesterday Origins,5,0.002
2103,711381438,Zoo Tycoon,5,0.002
2104,398132983,ACA NEOGEO METAL SLUG 2,4,0.0016
2105,731026222,ACA NEOGEO METAL SLUG X,4,0.0016
2106,300527443,ACA NEOGEO THE KING OF FIGHTERS '94,4,0.0016
2107,552749870,ACA NEOGEO THE KING OF FIGHTERS '98,4,0.0016
2108,2094098726,Ace Attorney Investigations Collection,4,0.0016
2109,1777027693,Adv File Explorer (FullTrust),4,0.0016
2110,1480657136,Age of Booty,4,0.0016
2111,701037441,Age of Wonders: Planetfall,4,0.0016
2112,579423182,Agony,4,0.0016
2113,1480660006,AirMech Arena,4,0.0016
2114,880413309,Amnesia: Collection,4,0.0016
2115,2072863941,Animal Shelter Simulator,4,0.0016
2116,652901378,APB Reloaded,4,0.0016
2117,1741728886,Arcade Paradise,4,0.0016
2118,682100179,Armello,4,0.0016
2119,1771834186,ATLAS (Game Preview),4,0.0016
2120,433520651,Attack on Titan,4,0.0016
2121,1484426675,Awesomenauts Assemble!,4,0.0016
2122,975485641,Back to the Future: The Game - 30th Anniversary Edition,4,0.0016
2123,1614240330,Baldur's Gate: Dark Alliance,4,0.0016
2124,1664978629,Bang-On Balls: Chronicles,4,0.0016
2125,2024847837,Bee Simulator,4,0.0016
2126,1955832684,Beyond Good & Evil 20th Anniversary Edition,4,0.0016
2127,2080382748,Blade Runner Enhanced Edition,4,0.0016
2128,1736678881,Bleeding Edge,4,0.0016
2129,1800572506,Bloodshed,4,0.0016
2130,1024154899,Boggle,4,0.0016
2131,101219204,Cannon Brawl,4,0.0016
2132,1696049385,Carnivores: Dinosaur Hunt,4,0.0016
2133,1855158493,Cartel Tycoon,4,0.0016
2134,287508507,Casey Powell Lacrosse 18,4,0.0016
2135,2123178110,Castle of Heart: Retold,4,0.0016
2136,1739606934,Castlevania Advance Collection,4,0.0016
2137,1480659976,Castlevania: LoS - Mirror of Fate HD,4,0.0016
2138,2011564314,Contra: Operation Galuga,4,0.0016
2139,1771581366,Croc Legend of the Gobbos,4,0.0016
2140,1921002833,Crossy Road Castle,4,0.0016
2141,2123216194,Crysis 2 Remastered,4,0.0016
2142,1730984142,Danganronpa 2: Goodbye Despair Anniversary Edition,4,0.0016
2143,1951298086,Dead End Job,4,0.0016
2144,629798227,Deadpool,4,0.0016
2145,1744604493,Debtor: Enhanced Edition,4,0.0016
2146,1480657099,Defense Grid,4,0.0016
2147,1129121861,DiRT Showdown,4,0.0016
2148,1821472434,Disciples: Liberation,4,0.0016
2149,153292310,Disney Infinity 3.0,4,0.0016
2150,1062046240,Divinity: Original Sin - Enhanced Edition,4,0.0016
2151,1480656932,DOOM,4,0.0016
2152,1743457512,DRAGON QUEST BUILDERS 2,4,0.0016
2153,2013142116,Dragon Sinker: Descendants of Legend,4,0.0016
2154,1739392581,Dungeons of Sundaria,4,0.0016
2155,492699383,EA SPORTS™ NHL® 17,4,0.0016
2156,1805594701,Ember Knights : Heroes of the Nexus Edition,4,0.0016
2157,2134693780,EVERSPACE™ 2,4,0.0016
2158,942676443,F1™ 2016,4,0.0016
2159,1761848641,FAITH: The Unholy Trinity,4,0.0016
2160,1866455351,Fallout 3: Game of the Year Edition,4,0.0016
2161,1655237678,Fallout: New Vegas Ultimate Edition,4,0.0016
2162,1431504860,FC Instincts Predator,4,0.0016
2163,1727396789,FINAL FANTASY,4,0.0016
2164,1920237746,FINAL FANTASY II,4,0.0016
2165,1397819398,FINAL FANTASY XIII-2,4,0.0016
2166,1731716256,Gardenscapes,4,0.0016
2167,1898042382,Gargoyles Remastered,4,0.0016
2168,2077809328,Garten of Banban 4,4,0.0016
2169,2005313515,Garten of Banban 7,4,0.0016
2170,1734964144,Ghosts 'n Goblins Resurrection,4,0.0016
2171,1641056892,Gloomhaven,4,0.0016
2172,943719970,GRID,4,0.0016
2173,1129121860,GRID 2,4,0.0016
2174,1822336858,Hand of Fate,4,0.0016
2175,928096970,Happy Dungeons,4,0.0016
2176,1880956881,Hot Wheels Monster Trucks: Stunt Mayhem™,4,0.0016
2177,1026512979,How to Survive: Storm Warning Edition,4,0.0016
2178,1038862451,HYPER SCAPE,4,0.0016
2179,1480657722,I Am Alive™,4,0.0016
2180,1480656874,Jewel Quest,4,0.0016
2181,1966310183,Just Dance® 2022,4,0.0016
2182,1833296585,Kanjozoku Game - レーサーCar Racing & Highway Driving Simulator Games,4,0.0016
2183,1974645006,Killer Frequency,4,0.0016
2184,1774165009,King of Meat,4,0.0016
2185,1674517129,Knights of Pen & Paper 2 Deluxiest Edition,4,0.0016
2186,815134214,Lara Croft and the Guardian of Light,4,0.0016
2187,1833447683,Legacy of Kain™ Soul Reaver 1&2 Remastered,4,0.0016
2188,1660823717,LEGO® Brawls,4,0.0016
2189,1929376326,Lil Gator Game,4,0.0016
2190,1886840872,Loop Hero,4,0.0016
2191,1128466398,LOST PLANET COLONIES,4,0.0016
2192,1792638437,Lost Records: Bloom & Rage,4,0.0016
2193,2095111834,Luto,4,0.0016
2194,1700020315,MADiSON,4,0.0016
2195,1977505997,Maid of Sker,4,0.0016
2196,2021132620,Mandragora: Whispers of the Witch Tree,4,0.0016
2197,1161889998,Mass Effect 2,4,0.0016
2198,1632270119,Megaton Rainfall,4,0.0016
2199,1112934453,Mercenaries,4,0.0016
2200,2099446354,Midnight Fight Express,4,0.0016
2201,1464993839,Midway Arcade Origins,4,0.0016
2202,1991869272,Monochrome Order,4,0.0016
2203,1685995944,Monster Legends,4,0.0016
2204,576433659,Moto Racer 4,4,0.0016
2205,1885048343,Mr. Bomber,4,0.0016
2206,607267025,N++ (NPLUSPLUS),4,0.0016
2207,631368453,Necropolis,4,0.0016
2208,157973080,NeuroVoider,4,0.0016
2209,301029247,Oddworld: New 'n' Tasty,4,0.0016
2210,1977174786,ONE PIECE ODYSSEY,4,0.0016
2211,1707434871,Overdrive Blaster,4,0.0016
2212,1480656913,PAC-MAN,4,0.0016
2213,1480657015,Pac-Man C.E.,4,0.0016
2214,843014522,Pathfinder: Kingmaker - Definitive Edition,4,0.0016
2215,1775966138,PBA Pro Bowling 2021,4,0.0016
2216,2100880776,Pentiment,4,0.0016
2217,153810321,Pro Evolution Soccer 2015,4,0.0016
2218,1841294814,Project Warlock,4,0.0016
2219,993540759,Pure Hold'em™,4,0.0016
2220,24524637,Railway Empire,4,0.0016
2221,1717310409,Rally Rock 'N Racing,4,0.0016
2222,1617248429,REANIMAL,4,0.0016
2223,753024882,Red Faction Guerrilla Re-Mars-tered,4,0.0016
2224,1854284145,Reus 2,4,0.0016
2225,2097378163,Revenant Saga,4,0.0016
2226,773588741,RICO,4,0.0016
2227,2099119493,Rise of the Triad: Ludicrous Edition,4,0.0016
2228,826442297,Road Rage,4,0.0016
2229,806435492,Road Redemption,4,0.0016
2230,1785385145,Rock of Ages 3: Make & Break,4,0.0016
2231,1685686710,Rogue Legacy 2,4,0.0016
2232,1745852530,RollerCoaster Tycoon 3 Complete Edition,4,0.0016
2233,1850415990,"Rolling Hills: Make Sushi, Make Friends",4,0.0016
2234,35048352,ROMANCE OF THE THREE KINGDOMS XIII: Fame and Strategy Expansion Pack Bundle,4,0.0016
2235,2138535394,Rugby League Live 3,4,0.0016
2236,1979417101,SD GUNDAM BATTLE ALLIANCE,4,0.0016
2237,1532956420,Sébastien Loeb Rally EVO,4,0.0016
2238,865750499,Shantae: Half-Genie Hero,4,0.0016
2239,36217198,Sherlock Holmes: Crimes and Punishments,4,0.0016
2240,247124088,Shovel Knight: Treasure Trove,4,0.0016
2241,1414793256,Sid Meier's Pirates!,4,0.0016
2242,902608,Sky Force Reloaded,4,0.0016
2243,1645030778,Smart Moves,4,0.0016
2244,1480656957,Soltrio Solitaire,4,0.0016
2245,1480657315,Sonic The Hedgehog 3,4,0.0016
2246,2116209805,Soul Hackers 2,4,0.0016
2247,1763680989,Space Science Investigations,4,0.0016
2248,2015317909,Speedway Racing,4,0.0016
2249,1663285336,STAR WARS™: Bounty Hunter™,4,0.0016
2250,1611656661,Starbound,4,0.0016
2251,903098188,Strange Brigade,4,0.0016
2252,1622218170,Street Outlaws: The List,4,0.0016
2253,1895471502,Stubbs the Zombie in Rebel Without a Pulse,4,0.0016
2254,1675190546,Stunt Paradise,4,0.0016
2255,300578609,Styx: Shards of Darkness,4,0.0016
2256,2099479433,Sugarbound,4,0.0016
2257,2059797788,Super Meat Boy Forever,4,0.0016
2258,1839740207,Supraland,4,0.0016
2259,1624264477,Taiko no Tatsujin: The Drum Master!,4,0.0016
2260,1431504855,TC's SC Double Agent,4,0.0016
2261,1090851408,TEMBO THE BADASS ELEPHANT,4,0.0016
2262,1825800558,Temtem,4,0.0016
2263,1977179260,TES IV: Oblivion Remastered - Digital Artbook & Original Soundtrack,4,0.0016
2264,977514341,The Culling,4,0.0016
2265,2115998347,The Drone Racing League Simulator,4,0.0016
2266,1781023780,The Medium,4,0.0016
2267,1431505093,The Stick of Truth™,4,0.0016
2268,20605635,The Surge,4,0.0016
2269,1161955801,The Technomancer,4,0.0016
2270,874691210,This War of Mine: The Little Ones,4,0.0016
2271,1921002071,Ticket to Ride: Classic Edition,4,0.0016
2272,2002692571,Timberman VS,4,0.0016
2273,1612059598,Tiny Arctic Hero,4,0.0016
2274,1807962365,Tiny Tina's Assault on Dragon Keep: A Wonderlands One-shot Adventure,4,0.0016
2275,467118163,Titan Quest,4,0.0016
2276,21471625,Torchlight II,4,0.0016
2277,1630747846,Tour de France 2025,4,0.0016
2278,1702020699,Tourist Bus Simulator,4,0.0016
2279,1887639245,Tracks - The Train Set Game,4,0.0016
2280,1686524250,Train Sim World® 4,4,0.0016
2281,286890904,TRANSFORMERS: Fall of Cybertron,4,0.0016
2282,2125289543,TRANSFORMERS™: Devastation,4,0.0016
2283,1871105054,TY the Tasmanian Tiger HD,4,0.0016
2284,1620954305,Vagante,4,0.0016
2285,1980974265,Vambrace: Cold Soul,4,0.0016
2286,1397033025,VANQUISH,4,0.0016
2287,1951151775,Vicious Attack Llama Apocalypse,4,0.0016
2288,1072703684,Virtua Fighter 5 Final Showdown,4,0.0016
2289,1672389327,Warcraft® II: Remastered,4,0.0016
2290,474535578,WARRIORS OROCHI 4,4,0.0016
2291,1892485156,We Were Here Expeditions: The FriendShip,4,0.0016
2292,861949148,What Remains of Edith Finch,4,0.0016
2293,147618136,White Noise 2,4,0.0016
2294,2069636428,WINGSPAN,4,0.0016
2295,1743460039,Wizordum,4,0.0016
2296,2129059621,Wobbledogs Console Edition,4,0.0016
2297,1985239734,World of Tanks Blitz (legacy),4,0.0016
2298,1777058720,Yakuza 5 Remastered,4,0.0016
2299,391356720,Yooka-Laylee,4,0.0016
2300,575845525,Your Toy,4,0.0016
2301,1520322998,Zombie Army Trilogy,4,0.0016
2302,1989279553,Zoochosis,4,0.0016
2303,544527071,911 Operator,3,0.0012
2304,1937335069,A Gummy's Life,3,0.0012
2305,1480657115,A Kingdom for Keflings,3,0.0012
2306,2122751230,A Short Hike,3,0.0012
2307,1528308274,Aaero,3,0.0012
2308,983914761,ACA NEOGEO METAL SLUG 3,3,0.0012
2309,605012161,ACA NEOGEO THE KING OF FIGHTERS '95,3,0.0012
2310,419725624,ACA NEOGEO THE KING OF FIGHTERS '97,3,0.0012
2311,2023402980,Achilles: Legends Untold,3,0.0012
2312,344925310,Adventure Time: Finn and Jake Investigations,3,0.0012
2313,36718263,Agatha Knife,3,0.0012
2314,1651580938,Aggelos,3,0.0012
2315,1958267791,AK-xolotl: Together,3,0.0012
2316,1846694005,Akuto: Showdown,3,0.0012
2317,1847254069,Alex Kidd in Miracle World DX,3,0.0012
2318,1480656966,Alien Hominid HD,3,0.0012
2319,1757356654,Andro Dunos 2,3,0.0012
2320,2041767726,Angry Birds 2,3,0.0012
2321,1828567307,Angry Video Game Nerd I & II Deluxe,3,0.0012
2322,1798477678,AO Tennis 2,3,0.0012
2323,2130794071,Apollo Justice: Ace Attorney Trilogy,3,0.0012
2324,2099466588,Archvale,3,0.0012
2325,487844727,Assault Android Cactus,3,0.0012
2326,1833100190,Baldur's Gate: Dark Alliance II,3,0.0012
2327,1780001013,Ballotron Galaxy,3,0.0012
2328,2019892927,Batora: Lost Haven,3,0.0012
2329,1050692306,Beast Quest,3,0.0012
2330,2140460499,Before We Leave,3,0.0012
2331,1864828194,Bendy: Lone Wolf,3,0.0012
2332,2106780142,Beneath,3,0.0012
2333,531923308,Bike Mayhem 2,3,0.0012
2334,1672240848,Bingo Blitz™️ - Bingo Games,3,0.0012
2335,552332062,Black Mirror,3,0.0012
2336,1082339580,BLAZBLUE CHRONOPHANTASMA EXTEND,3,0.0012
2337,1972410679,Blaze and the Monster Machines: Axle City Racers,3,0.0012
2338,2028748673,Bleak Faith,3,0.0012
2339,941698858,Bleed 2,3,0.0012
2340,2037855727,Block Puzzle Jewels Classic,3,0.0012
2341,1739622609,Blood West,3,0.0012
2342,1723799507,BloodRayne 2: ReVamped,3,0.0012
2343,591630310,Bloodstained: Curse of the Moon,3,0.0012
2344,1480657330,Bomberman Battlefest,3,0.0012
2345,1896582181,Bramble: The Mountain King,3,0.0012
2346,1112934423,Brave: The Video Game,3,0.0012
2347,311085527,Brawlout,3,0.0012
2348,1950881463,Bum Simulator,3,0.0012
2349,1663261273,Burger Chef Tycoon,3,0.0012
2350,1734099181,Caesars Slots,3,0.0012
2351,1431505012,Call of Juarez Cartel,3,0.0012
2352,1431504924,Call of Juarez: Bound in Blood,3,0.0012
2353,2018993706,Candy Crush Soda Saga,3,0.0012
2354,1936376749,Capcom Fighting Collection,3,0.0012
2355,1480656960,Carcassonne,3,0.0012
2356,293403523,Cartoon Network: Battle Crashers,3,0.0012
2357,2032548938,Cassette Beasts,3,0.0012
2358,1480659610,CastleStorm,3,0.0012
2359,1962619691,Cataclismo,3,0.0012
2360,1962218680,Cel Damage HD,3,0.0012
2361,1644979601,Chernobylite Complete Edition,3,0.0012
2362,1839636294,Cloudpunk,3,0.0012
2363,348040448,Clouds & Sheep 2,3,0.0012
2364,1610974574,Cocoon,3,0.0012
2365,1973258066,Colorful Colore (Xbox Series),3,0.0012
2366,1414596570,Conan,3,0.0012
2367,1397032914,Condemned,3,0.0012
2368,1757977212,Cookie’s Trails,3,0.0012
2369,2079295420,Crash Team Rumble™,3,0.0012
2370,1684821663,Cuisineer,3,0.0012
2371,2065869943,Danganronpa V3: Killing Harmony Anniversary Edition,3,0.0012
2372,435507461,Dead Effect 2,3,0.0012
2373,1922125818,Dead Reset,3,0.0012
2374,125143641,Deadlight: Director's Cut,3,0.0012
2375,419349778,Defiance 2050,3,0.0012
2376,923296121,Defunct,3,0.0012
2377,852849518,Digimon Survive,3,0.0012
2378,1743219650,Disney Epic Mickey: Rebrushed,3,0.0012
2379,1864875251,Disney Magic Kingdoms,3,0.0012
2380,1480659538,Double Dragon Neon,3,0.0012
2381,2110822095,Dream House Days DX,3,0.0012
2382,1757950833,DreamWorks All-Star Kart Racing,3,0.0012
2383,1036815571,Drift Zone,3,0.0012
2384,1431505022,Driver San Francisco,3,0.0012
2385,1995684972,Dune: Spice Wars,3,0.0012
2386,1799540443,Dungeons & Dragons Neverwinter Nights 2: Enhanced Edition,3,0.0012
2387,117434960,Dynamite Fishing - World Games,3,0.0012
2388,1935118065,Echoes of the Plum Grove,3,0.0012
2389,1852617445,ELEX II,3,0.0012
2390,2096319922,Embr,3,0.0012
2391,1930656280,Enotria: The Last Song,3,0.0012
2392,1880860626,Escape Academy,3,0.0012
2393,1700180810,Escape First,3,0.0012
2394,1648906760,Everdream Valley,3,0.0012
2395,2012825026,Eville,3,0.0012
2396,1639220334,Exo One,3,0.0012
2397,1760050791,Fae Farm,3,0.0012
2398,1649971201,Fallout,3,0.0012
2399,1814653009,FAR: Changing Tides,3,0.0012
2400,1828557775,FarmVille 2: Country Escape,3,0.0012
2401,1709057471,FATAL FRAME: Mask of the Lunar Eclipse,3,0.0012
2402,1882395273,Fear the Spotlight,3,0.0012
2403,332903703,Fibbage: The Hilarious Bluffing Party Game,3,0.0012
2404,136671143,FINAL FANTASY XV MULTIPLAYER: COMRADES,3,0.0012
2405,1752960308,Fishdom,3,0.0012
2406,1850924057,Fishing: North Atlantic,3,0.0012
2407,1835944487,Five Nights at Freddy's Into the Pit,3,0.0012
2408,1480657553,From Dust™,3,0.0012
2409,1741490588,Fruit Adventure,3,0.0012
2410,1705113845,Garten of Banban 6,3,0.0012
2411,2054890337,Get To Work,3,0.0012
2412,1229391860,Ghostbusters,3,0.0012
2413,1730221723,Ghostrunner 2,3,0.0012
2414,1843094217,Gnomdom,3,0.0012
2415,1788626737,Golazo!,3,0.0012
2416,529515303,Gone Home,3,0.0012
2417,1480656866,Hardwood Backgammon,3,0.0012
2418,2023604348,Hatsune Miku Logic Paint S+,3,0.0012
2419,1742067174,Hell is Us - Art Pack,3,0.0012
2420,1397819420,Hitman HD Pack,3,0.0012
2421,1775797026,Horizon Chase 2,3,0.0012
2422,1865476865,Horse Club Adventures,3,0.0012
2423,346098390,Hotel Transylvania 3: Monsters Overboard,3,0.0012
2424,722916288,Hue,3,0.0012
2425,1972151748,Humanity,3,0.0012
2426,1829828400,HUMANKIND™,3,0.0012
2427,390164739,Hunting Simulator,3,0.0012
2428,1945528318,Idle Devils,3,0.0012
2429,1480657435,ilomilo ,3,0.0012
2430,1672730245,In Sound Mind,3,0.0012
2431,1779354193,Infernax,3,0.0012
2432,1805474854,Instruments of Destruction,3,0.0012
2433,65384566,Jumanji: The Video Game,3,0.0012
2434,1206122062,Just Dance 2016,3,0.0012
2435,251796387,Just Dance 2018®,3,0.0012
2436,611794133,Just Dance 2019®,3,0.0012
2437,1117499725,JUST DANCE® 2015,3,0.0012
2438,1841198850,Keeper's Toll,3,0.0012
2439,1640763780,KIBORG,3,0.0012
2440,1840996916,Kinect Sports Rivals,3,0.0012
2441,1161890110,Kingdoms of Amalur: Reckoning,3,0.0012
2442,2092303758,Kona II: Brume,3,0.0012
2443,1654316252,Lakeview Cabin Collection,3,0.0012
2444,1733855853,Let's Sing Country,3,0.0012
2445,2096549844,Liftoff: Drone Racing,3,0.0012
2446,1900726271,Lord of the Click 4,3,0.0012
2447,1725147420,Lost Ember,3,0.0012
2448,217450018,LUMINES REMASTERED,3,0.0012
2449,1797206542,Magic Jigsaw Puzzles – Puzzle game HD,3,0.0012
2450,1886514325,Marble It Up! Ultra,3,0.0012
2451,1663901174,Marine Survivors,3,0.0012
2452,1060304103,Marooners,3,0.0012
2453,1480659904,Mars: War Logs,3,0.0012
2454,23963413,Mega Man Zero/ZX Legacy Collection,3,0.0012
2455,2039573071,Merge & Blade,3,0.0012
2456,2017826215,METAL GEAR SOLID 2: Sons of Liberty - Master Collection Version,3,0.0012
2457,1766280986,METAL SLUG ATTACK RELOADED,3,0.0012
2458,1651248133,Metal: Hellsinger,3,0.0012
2459,2142315481,Mighty Morphin Power Rangers: Rita's Rewind,3,0.0012
2460,1879017945,Mimi the Cat: Meow Together,3,0.0012
2461,1708501931,Mimi the Cat: New Friends,3,0.0012
2462,1979213200,Moons of Madness,3,0.0012
2463,1679505567,Moto Rush GT,3,0.0012
2464,1778466338,Murder Inc,3,0.0012
2465,1839786246,Murdered: Soul Suspect,3,0.0012
2466,1991467401,My Little Universe,3,0.0012
2467,37469967,NBA Playgrounds,3,0.0012
2468,125341318,Night in the Woods,3,0.0012
2469,2104142109,Night Slashers: Remake,3,0.0012
2470,156829627,No Time To Explain,3,0.0012
2471,54254179,Oceanhorn - Monster of Uncharted Seas,3,0.0012
2472,1750039382,Oceanhorn 2 - Knights of the Lost Realm,3,0.0012
2473,2034276683,Oddsparks: An Automation Adventure,3,0.0012
2474,1764133092,OlliOlli World,3,0.0012
2475,118591686,ONRUSH™,3,0.0012
2476,2074508136,Open Country,3,0.0012
2477,1480659435,Orcs Must Die!,3,0.0012
2478,308514854,Outward,3,0.0012
2479,1480659984,PAC-MAN MUSEUM,3,0.0012
2480,2035666683,Paper Bad,3,0.0012
2481,1297287193,Party Animals,3,0.0012
2482,1641334275,Phantom Breaker: Omnia,3,0.0012
2483,1991248961,PHOGS!,3,0.0012
2484,1297290209,Pinball FX2,3,0.0012
2485,912254227,Pit People,3,0.0012
2486,2106226816,Potion Permit,3,0.0012
2487,1642088148,PROJECT 13,3,0.0012
2488,965890138,Project Highrise: Architect's Edition,3,0.0012
2489,2099711760,R.B.I. Baseball 20,3,0.0012
2490,1431504886,R.U.S.E.,3,0.0012
2491,1733215481,Race with Ryan,3,0.0012
2492,2119938423,Raid: Shadow Legends,3,0.0012
2493,957250252,Rapala Fishing: Pro Series,3,0.0012
2494,1657564986,Ratshaker,3,0.0012
2495,2112436302,Rayland,3,0.0012
2496,1927701400,ReactorX 3,3,0.0012
2497,2045008370,Remothered: Broken Porcelain,3,0.0012
2498,2065674944,Resident Evil Re:Verse,3,0.0012
2499,1989019995,Revenant Dogma,3,0.0012
2500,1263339494,Risen 2™: Dark Waters ,3,0.0012
2501,1914565485,Risk of Rain,3,0.0012
2502,1629043783,River City Girls,3,0.0012
2503,1769121996,River City Girls 2,3,0.0012
2504,1820242486,Roguebook Xbox Series X|S,3,0.0012
2505,2140018399,RollerCoaster Tycoon Adventures Deluxe,3,0.0012
2506,2001626208,Roots of Pacha,3,0.0012
2507,764522213,Runbow,3,0.0012
2508,1708768275,Saints Row Boss Factory,3,0.0012
2509,1911939961,Save Christmas With Santa,3,0.0012
2510,1480657539,SEGA Bass Fishing,3,0.0012
2511,1657708224,Seven Doors,3,0.0012
2512,1901019717,Shaolin vs Wutang,3,0.0012
2513,114172147,Shenmue,3,0.0012
2514,1963476984,Sherlock Holmes Chapter One,3,0.0012
2515,1654530968,Shieldwall,3,0.0012
2516,1709151881,Ship Graveyard Simulator 2,3,0.0012
2517,1263405091,Silent Hill:  Downpour,3,0.0012
2518,1876367056,Simon the Sorcerer Origins,3,0.0012
2519,1613869684,Skylanders SWAP Force,3,0.0012
2520,1811169840,Slay The Spire,3,0.0012
2521,1002731481,Snooker Nation Championship,3,0.0012
2522,1480659985,SOULCALIBUR II HD,3,0.0012
2523,1951068366,Soulstice: Artbook and Soundtrack,3,0.0012
2524,827319667,Space Hulk: Tactics,3,0.0012
2525,1859601917,Spellbreak,3,0.0012
2526,1912029217,STAB STAB STAB!,3,0.0012
2527,1480657523,Stacking,3,0.0012
2528,1692236270,Stolen Realm,3,0.0012
2529,2120109308,STUFFED,3,0.0012
2530,2119021593,Subnautica 2 (Game Preview),3,0.0012
2531,1841866029,Super Bomberman R Online,3,0.0012
2532,1866825187,Super Monkey Ball: Banana Blitz HD,3,0.0012
2533,2058904438,Super Ninja Miner,3,0.0012
2534,1849290790,Super Scooter,3,0.0012
2535,1689702773,Survive on Raft,3,0.0012
2536,1671975688,Tales of Xillia Remastered,3,0.0012
2537,1978334388,Tank Mechanic Simulator,3,0.0012
2538,1718047845,Tannenberg,3,0.0012
2539,1431504880,TC's GRAW2,3,0.0012
2540,1733855657,Tech Glitch,3,0.0012
2541,2124220599,Techwars Global Conflict,3,0.0012
2542,1881824137,Tetris® Forever,3,0.0012
2543,1783815373,The Addams Family: Mansion Mayhem,3,0.0012
2544,1999803984,The Amazing Spider-Man 2™,3,0.0012
2545,157772240,The Bard's Tale IV: Director's Cut,3,0.0012
2546,57328250,The Blackout Club,3,0.0012
2547,2134619510,The Colonists,3,0.0012
2548,939155231,The Council - Episode 1: The Mad Ones,3,0.0012
2549,337067464,The Fisherman - Fishing Planet,3,0.0012
2550,2142793070,The Grinch: Christmas Adventures,3,0.0012
2551,1620010014,The Lonesome Guild,3,0.0012
2552,1648318214,The Lord of the Rings: Gollum™,3,0.0012
2553,1748167956,The Riftbreaker,3,0.0012
2554,1858859325,The Thing: Remastered,3,0.0012
2555,307442698,The Turing Test,3,0.0012
2556,1781089938,The VideoKid,3,0.0012
2557,2089424131,This War of Mine: Final Cut,3,0.0012
2558,544772182,Thronebreaker: The Witcher Tales,3,0.0012
2559,1480657132,Ticket to Ride,3,0.0012
2560,1396901844,Tomb Raider:Legend,3,0.0012
2561,1961294826,Top Racer Collection,3,0.0012
2562,1480660067,Toybox Turbos,3,0.0012
2563,1905434171,TRAIL OUT,3,0.0012
2564,1669996905,Train Sim World® 3,3,0.0012
2565,1706700044,Trident's Tale,3,0.0012
2566,1913216462,Trine Enchanted Edition,3,0.0012
2567,1735843094,Trover Saves the Universe,3,0.0012
2568,2093112005,Turok 3: Shadow of Oblivion Remastered,3,0.0012
2569,1793542524,Unsouled,3,0.0012
2570,1957172115,Vampire: The Masquerade - Swansong Xbox One,3,0.0012
2571,133113455,Voodoo Vince: Remastered,3,0.0012
2572,563485628,War Planet Online: Global Conquest,3,0.0012
2573,1480657355,Wolfenstein 3D,3,0.0012
2574,1834145283,World of Tennis: Roaring ’20s,3,0.0012
2575,1770084088,Wreckfest 2,3,0.0012
2576,1764107912,Yakuza 4 Remastered,3,0.0012
2577,1773431897,Yakuza 6: The Song of Life,3,0.0012
2578,2035057372,"Yes, Your Grace",3,0.0012
2579,555542903,Yoku's Island Express,3,0.0012
2580,1002820120,Youtubers Life - OMG Edition,3,0.0012
2581,2081112709,Zaccaria Pinball,3,0.0012
2582,1263405122,ZOE HD ,3,0.0012
2583,923363413,'n Verlore Verstand,2,0.0008
2584,498206038,#KILLALLZOMBIES,2,0.0008
2585,1948986948,007 First Light,2,0.0008
2586,1611397130,20XX,2,0.0008
2587,1714878640,60 Seconds!,2,0.0008
2588,570085654,8-Bit RTS Series,2,0.0008
2589,2084495004,8Doors: Arum's Afterlife Adventure,2,0.0008
2590,1983088228,9 Lives To Defend,2,0.0008
2591,1722019576,9th Dawn Remake,2,0.0008
2592,88086791,A KING'S TALE: FINAL FANTASY XV,2,0.0008
2593,537908737,Absolute Drift: Zen Edition,2,0.0008
2594,205568590,ACA NEOGEO FATAL FURY 2,2,0.0008
2595,70786264,ACA NEOGEO METAL SLUG 5,2,0.0008
2596,625867999,ACA NEOGEO SHOCK TROOPERS,2,0.0008
2597,983906598,ACA NEOGEO THE KING OF FIGHTERS '99,2,0.0008
2598,743775769,ACA NEOGEO TOP HUNTER RODDY & CATHY,2,0.0008
2599,662536568,ACA NEOGEO WORLD HEROES,2,0.0008
2600,1660341261,ACA2NEOGEO THE KING OF FIGHTERS '98,2,0.0008
2601,1313671121,ACE COMBAT 6,2,0.0008
2602,585188640,Aces of the Luftwaffe - Squadron,2,0.0008
2603,1949370509,Acre Crisis,2,0.0008
2604,517595685,Action Henk,2,0.0008
2605,1849400719,Adios,2,0.0008
2606,1974177380,Adventures of Bertram Fiddle: Episode 1: A Dreadly Business,2,0.0008
2607,1480656956,Aegis Wing,2,0.0008
2608,1640203944,AER - Memories of Old,2,0.0008
2609,263635664,AeternoBlade,2,0.0008
2610,1791497779,Agatha Christie - Death on the Nile,2,0.0008
2611,1629096088,Agatha Christie - Murder on the Orient Express,2,0.0008
2612,711714069,Agatha Christie - The ABC Murders,2,0.0008
2613,1838321370,Ages of Mages: the last keeper,2,0.0008
2614,2080141972,Aground,2,0.0008
2615,946215144,AirMech® Arena,2,0.0008
2616,2036577806,Akane,2,0.0008
2617,1616416590,Akinakes,2,0.0008
2618,1694926512,Akinofa,2,0.0008
2619,1817202060,Alba: A Wildlife Adventure,2,0.0008
2620,173777692,Alto's Adventure,2,0.0008
2621,1871850764,Amanda the Adventurer 2,2,0.0008
2622,189808036,American Fugitive,2,0.0008
2623,1975041917,Amnesia: The Bunker,2,0.0008
2624,77840650,Among the Sleep - Enhanced Edition,2,0.0008
2625,1750461533,Arcade Game Zone,2,0.0008
2626,1963187474,ArcRunner,2,0.0008
2627,1973312344,Asdivine Dios,2,0.0008
2628,2031533178,Asdivine Hearts II,2,0.0008
2629,1762779465,Asterigos: Curse of the Stars,2,0.0008
2630,1865619206,Astro Flame Starfighter,2,0.0008
2631,1744435907,Atelier Yumia: The Alchemist of Memories & the Envisioned Land,2,0.0008
2632,1835249581,ATOM RPG: Post-apocalyptic indie game,2,0.0008
2633,1725237513,Autobahn Police Simulator 2,2,0.0008
2634,1902834375,Autobahn Police Simulator 3,2,0.0008
2635,1861014614,Autonauts,2,0.0008
2636,1643697302,Ballotron Oceans,2,0.0008
2637,1843898695,Bangers Unlimited,2,0.0008
2638,1136549309,Battlefield 4™ Community Test Environment,2,0.0008
2639,1161889785,Battlefield: Bad Company,2,0.0008
2640,443831560,Battlestar Galactica Deadlock™,2,0.0008
2641,1396901849,Battlestations: Midway,2,0.0008
2642,2009443764,BBQ Simulator: The Squad,2,0.0008
2643,1913455981,Beyond a Steel Sky,2,0.0008
2644,1618388364,Beyond Hanwell,2,0.0008
2645,621760503,Big Crown: Showdown,2,0.0008
2646,2008389504,Big Helmet Heroes,2,0.0008
2647,2099876954,Big Rumble Boxing: Creed Champions,2,0.0008
2648,1397033052,BINARY DOMAIN,2,0.0008
2649,2111261259,Biped,2,0.0008
2650,1431504859,Blazing Angels,2,0.0008
2651,1850970705,Blazing Chrome,2,0.0008
2652,1864246714,Blood Waves,2,0.0008
2653,1892026097,Bloodwash,2,0.0008
2654,1664817482,Blue Fire,2,0.0008
2655,1480657002,Boom Boom Rocket,2,0.0008
2656,1838564294,Boxing Gym Story,2,0.0008
2657,2021444410,BPM: Bullets Per Minute,2,0.0008
2658,1480657070,Brain Challenge™,2,0.0008
2659,1836752322,Breakneck City,2,0.0008
2660,1879813340,Breathedge,2,0.0008
2661,58039508,Bridge Constructor Portal,2,0.0008
2662,364252200,Broken Sword 5 - the Serpent’s Curse,2,0.0008
2663,1899809649,Bubble Shooter Viking Pop!,2,0.0008
2664,1618115231,Bullet Beat,2,0.0008
2665,1648491052,Bulwark Evolution: Falconeer Chronicles,2,0.0008
2666,2029431164,Bus Bound,2,0.0008
2667,723100070,BUTCHER,2,0.0008
2668,1633674805,Butterfly,2,0.0008
2669,2022947683,BVOVB - Bruising Vengeance of the Vintage Boxer,2,0.0008
2670,1679962490,Bye Sweet Carole,2,0.0008
2671,2077565292,Call of Duty®: Advanced Warfare (Windows),2,0.0008
2672,1829266835,Call of Duty®: Black Ops (2010),2,0.0008
2673,1916243879,Camping Simulator: The Squad,2,0.0008
2674,2113057830,Candivity,2,0.0008
2675,1843053682,Captain Blood,2,0.0008
2676,1777741495,CAPTURED,2,0.0008
2677,2116095486,Care Bears: To The Rescue,2,0.0008
2678,908734579,Carmageddon: Max Damage,2,0.0008
2679,1643983622,Cash Frenzy,2,0.0008
2680,2082736316,Castle Crumble,2,0.0008
2681,1480659655,Castle of Illusion,2,0.0008
2682,1973950513,Castle of no Escape,2,0.0008
2683,1897474813,Castle Walker,2,0.0008
2684,1987803377,Cat Quest II,2,0.0008
2685,2113702526,Caterpillar (Windows 10),2,0.0008
2686,1096026071,Catherine,2,0.0008
2687,1780478592,Catnigma,2,0.0008
2688,1754604823,Cats and Seek : Dino Park,2,0.0008
2689,1715577372,Chained Echoes,2,0.0008
2690,1631654404,Chants of Sennaar (Windows),2,0.0008
2691,1872307318,Chef Life: A Restaurant Simulator,2,0.0008
2692,1944645448,Chess Battle,2,0.0008
2693,1889886349,Chess Royal,2,0.0008
2694,2137663855,Chip ‘n Clawz vs. The Brainioids,2,0.0008
2695,2144360818,Chornobyl Liquidators,2,0.0008
2696,1717280173,CHRONO CROSS: THE RADICAL DREAMERS EDITION,2,0.0008
2697,728813194,Citadel: Forged with Fire,2,0.0008
2698,1756546018,Classic Pixel Marioboy Adventures,2,0.0008
2699,2057723777,Classified: France '44,2,0.0008
2700,1872936107,Cobra Kai: The Karate Kid Saga Continues,2,0.0008
2701,2087025872,CODE VEIN Trial Edition,2,0.0008
2702,1872937240,Copycat,2,0.0008
2703,1809115559,Corpse Party,2,0.0008
2704,1859298823,Creepy Shift: Roadside Diner,2,0.0008
2705,1620274602,Cricket 19,2,0.0008
2706,1985791411,Cricket 22,2,0.0008
2707,461173340,Crimson Dragon,2,0.0008
2708,1721970293,Crow Country,2,0.0008
2709,2004939306,Crysis 3 Remastered,2,0.0008
2710,1946372542,Cubic Odyssey,2,0.0008
2711,1819129417,Cursed Feed,2,0.0008
2712,1719811824,CyberCorp,2,0.0008
2713,942640100,DAKAR 18,2,0.0008
2714,1939160486,Dakar Desert Rally,2,0.0008
2715,1664736696,Daniel in Danger,2,0.0008
2716,1798666879,Dark Deception: Monsters & Mortals,2,0.0008
2717,1128466400,Dark Void,2,0.0008
2718,2076735443,Darkest Dungeon PC,2,0.0008
2719,1805903409,Daymare: 1998,2,0.0008
2720,1762192861,DC's Justice League: Cosmic Chaos,2,0.0008
2721,893913045,Deadfall Adventures,2,0.0008
2722,2075268737,Deadliest Catch: The Game,2,0.0008
2723,1480657513,Deadliest Warrior,2,0.0008
2724,1821660358,Death or Treat,2,0.0008
2725,2013010455,Death Park 2,2,0.0008
2726,2069220628,Decision: Red Daze,2,0.0008
2727,1669682262,Defense Grid 2,2,0.0008
2728,3469638,Degrees of Separation,2,0.0008
2729,1779096288,Deliver At All Costs,2,0.0008
2730,1657529579,DESOLATIUM,2,0.0008
2731,2014312535,Despot's Game,2,0.0008
2732,1760093250,DETECTIVE - The Test,2,0.0008
2733,1848024903,Dig Deep,2,0.0008
2734,338090394,Dirt Rally,2,0.0008
2735,1981785404,Disney Illusion Island Starring Mickey and Friends,2,0.0008
2736,1764157412,Doctor Cat,2,0.0008
2737,1626267222,Double Dragon 4,2,0.0008
2738,1646140981,Double Kick Heroes,2,0.0008
2739,1701653588,Dragon Age™: The Veilguard Character Creator,2,0.0008
2740,1721217822,Drake Hollow,2,0.0008
2741,1947615527,Drova - Forsaken Kin,2,0.0008
2742,776943591,DUCATI - 90th Anniversary,2,0.0008
2743,1861826241,Duck Simulator 2,2,0.0008
2744,1844836316,Dune: Imperium,2,0.0008
2745,429018095,Dungeon of the Endless,2,0.0008
2746,1480659907,Dungeons & Dragons: Chronicles of Mystara,2,0.0008
2747,1741300205,Earthion,2,0.0008
2748,1146095571,EDF 2017,2,0.0008
2749,1648619937,Edge of Eternity,2,0.0008
2750,1996027459,Educational Games for Kids (Cross-Buy),2,0.0008
2751,1647455747,Ellphaser,2,0.0008
2752,1773142063,ENDER LILIES: Quietus of the Knights,2,0.0008
2753,2090245519,Eriksholm: The Stolen Dream,2,0.0008
2754,1263339518,Escape Dead Island,2,0.0008
2755,1997758007,Escape First 2,2,0.0008
2756,1835142714,Escape First Alchemist,2,0.0008
2757,1972593972,Escape Sequence (Xbox One),2,0.0008
2758,1828736918,Evil Nun: The Broken Mask,2,0.0008
2759,524284397,Extinction,2,0.0008
2760,1448413145,F.E.A.R.,2,0.0008
2761,1448413160,F.E.A.R. Files,2,0.0008
2762,2011233781,F1® 2019 PC,2,0.0008
2763,1887182103,F1® Manager 2022,2,0.0008
2764,1198695408,F1™ 2015,2,0.0008
2765,1480657181,Fable® II Pub Games,2,0.0008
2766,974041664,Fade to Silence,2,0.0008
2767,1651975869,FANTASIAN Neo Dimension,2,0.0008
2768,1643819443,Farm Heroes Saga,2,0.0008
2769,1775113017,Fear Dog The Bolota Escape,2,0.0008
2770,2104575927,Fights in Tight Spaces,2,0.0008
2771,2071782725,FINAL FANTASY III,2,0.0008
2772,1079518187,FINAL FANTASY TYPE-0 HD,2,0.0008
2773,2089457960,Fishing: Barents Sea,2,0.0008
2774,1966202553,Fishing: North Atlantic Enhanced Edition,2,0.0008
2775,1735491386,Fit and Fry: Mise en Place,2,0.0008
2776,1480659966,Flashback,2,0.0008
2777,1791966220,Flaskoman,2,0.0008
2778,1623391709,Flock,2,0.0008
2779,2079526391,Fluffy Cubed,2,0.0008
2780,1711202314,Flying Fish,2,0.0008
2781,1649733312,Food Truck Tycoon,2,0.0008
2782,2099258504,Football Manager 2023 Console,2,0.0008
2783,1975562587,Forgive Me Father,2,0.0008
2784,79963387,Forsaken Remastered,2,0.0008
2785,981972052,Forza Motorsport 6: Apex,2,0.0008
2786,1720533230,Forza Street,2,0.0008
2787,1980291965,FPV Simulator,2,0.0008
2788,1926405394,Friday the 13th: Killer Puzzle,2,0.0008
2789,1652387507,Frobbutt 3D,2,0.0008
2790,1701705707,From Space,2,0.0008
2791,2054354492,Fruit Ninja Kinect 2,2,0.0008
2792,1738342037,Funny Circus HD,2,0.0008
2793,212246852,Furi,2,0.0008
2794,1717888621,Galaxy Control: Arena,2,0.0008
2795,1856172970,Game of Thrones - Episode 1: Iron from Ice,2,0.0008
2796,1480657265,GAROU MOW,2,0.0008
2797,2022597828,Garten of Banban 0,2,0.0008
2798,1296697304,GHP2,2,0.0008
2799,1935789173,Gigantic: Rampage Edition,2,0.0008
2800,2094693316,Golfing in Aether,2,0.0008
2801,639447070,Grand Prix Rock 'N Racing,2,0.0008
2802,1785738076,Grandia HD Collection,2,0.0008
2803,1958071699,Guacamelee! Super Turbo Championship Edition,2,0.0008
2804,1936375380,Gungrave G.O.R.E,2,0.0008
2805,1631946139,Gym Manager,2,0.0008
2806,1802675093,Halloween Pinball,2,0.0008
2807,2096818168,Halo Infinite - Insider,2,0.0008
2808,2012036466,Hammerwatch II,2,0.0008
2809,811328231,Handball 17,2,0.0008
2810,1919864396,Handball 21,2,0.0008
2811,1668145960,Happi Basudei,2,0.0008
2812,446096627,Hard Reset Redux,2,0.0008
2813,1480656851,Hardwood Hearts,2,0.0008
2814,1683854838,Harvest Moon: The Winds of Anthos,2,0.0008
2815,1928193169,Heavenly Bodies,2,0.0008
2816,1961155872,Hegzis,2,0.0008
2817,1928781153,Hellboy Web of Wyrd,2,0.0008
2818,1880774720,Heroes of Hammerwatch - Ultimate Edition,2,0.0008
2819,1839911748,Hidden Cats in Santa's Realm,2,0.0008
2820,2143521417,Hidden Shapes: Animals + Lovely Cats,2,0.0008
2821,1700125109,Hidden Through Time,2,0.0008
2822,1958413760,Hill Climb Racing,2,0.0008
2823,331529974,Hitman: Blood Money HD,2,0.0008
2824,1657530068,Homescapes,2,0.0008
2825,758563081,Horizon Chase Turbo,2,0.0008
2826,1842354344,Hot Wheels Let's Race™: Ultimate Speed,2,0.0008
2827,1938281910,Hotel Transylvania: Scary-Tale Adventures,2,0.0008
2828,939695563,Hotshot Racing,2,0.0008
2829,1693450318,Hunt: Showdown,2,0.0008
2830,299988825,Ice Age Scrat's Nutty Adventure,2,0.0008
2831,1717134406,Immortal Realms: Vampire Wars,2,0.0008
2832,1397819355,Infinite Undiscovery,2,0.0008
2833,1644577583,Ion Fury,2,0.0008
2834,1670239880,Jewels of the Wild West: Match 3 Puzzle Game,2,0.0008
2835,1832432939,Johnny Trigger,2,0.0008
2836,1480660105,JUJU,2,0.0008
2837,1003093254,Just Dance 2017®,2,0.0008
2838,901962824,KartRider: Drift,2,0.0008
2839,1721223782,Katamari Damacy REROLL,2,0.0008
2840,1645652626,Kena: Bridge of Spirits,2,0.0008
2841,1816678719,KeyWe,2,0.0008
2842,2120517852,Killing Time: Resurrected,2,0.0008
2843,1970962100,King of Seas,2,0.0008
2844,2147212200,"Knowledge, or know Lady",2,0.0008
2845,1480657105,KOF98UM,2,0.0008
2846,522988823,LA Cops,2,0.0008
2847,1973808452,Last Oasis (Game Preview),2,0.0008
2848,1920167136,Layers of Fear (2023),2,0.0008
2849,1848238632,Leisure Suit Larry - Wet Dreams Don't Dry,2,0.0008
2850,1992528067,Let's Cook Together,2,0.0008
2851,1775456726,Let's Sing 2023,2,0.0008
2852,1397819419,LIGHTNING RETURNS FFXIII,2,0.0008
2853,2036022873,Little Misfortune,2,0.0008
2854,1907201549,Lonely Guardian,2,0.0008
2855,1886359133,Looney Tunes: Wacky World of Sports,2,0.0008
2856,1971740518,Lotsa Slots - Casino Games,2,0.0008
2857,1677252767,Love is all around,2,0.0008
2858,1843517603,Lushfoil Photography Sim,2,0.0008
2859,908941238,Mark of the Ninja: Remastered,2,0.0008
2860,350075261,Marvel Heroes Omega,2,0.0008
2861,1935548464,Master Detective Archives: RAIN CODE Plus,2,0.0008
2862,2061946653,Math & Match,2,0.0008
2863,2005529169,Mayhem Heroes,2,0.0008
2864,1670989128,Maze Ball 3d for XBOX,2,0.0008
2865,1638903610,Meow Moments: Celebrating Beats & Books,2,0.0008
2866,1979916310,METAL GEAR & METAL GEAR 2: Solid Snake,2,0.0008
2867,1953382311,Metro Redux,2,0.0008
2868,1983992803,Miasma Chronicles,2,0.0008
2869,1848425097,Mighty Goose,2,0.0008
2870,1793765175,Mighty Mage,2,0.0008
2871,1808667646,Mighty No. 9,2,0.0008
2872,1396901860,MINI NINJAS™,2,0.0008
2873,2098711695,Mini Words,2,0.0008
2874,2004795446,Miraculous - Paris Under Siege,2,0.0008
2875,1958464992,Mob Control,2,0.0008
2876,189896967,Monaco: What's Yours is Mine,2,0.0008
2877,2038013659,Monster High™‎ Skulltimate Secrets™,2,0.0008
2878,2025687845,Monster Prom 3: Monster Roadtrip XXL,2,0.0008
2879,1807714585,Monster Truck Championship,2,0.0008
2880,819262220,MotoGP™17,2,0.0008
2881,1685476854,Motorcycle Mechanic Simulator 2021,2,0.0008
2882,2059695506,Moving Houses,2,0.0008
2883,1480656951,MS.PAC-MAN,2,0.0008
2884,1866194138,Murder Miners,2,0.0008
2885,1894745655,Murder Mystery Machine,2,0.0008
2886,2031634495,Mutant Football League 2,2,0.0008
2887,1894122921,My Singing Monsters Playground,2,0.0008
2888,446256697,My Time At Portia,2,0.0008
2889,1731520158,Myst,2,0.0008
2890,2130751187,Mystery Detective Adventure,2,0.0008
2891,1480656988,N+,2,0.0008
2892,498956148,NASCAR Heat 2,2,0.0008
2893,693693640,NASCAR Heat Evolution,2,0.0008
2894,1985582126,National Saloons,2,0.0008
2895,656986554,NBA 2K19: The Prelude,2,0.0008
2896,1882866745,NBA BOUNCE,2,0.0008
2897,225943380,NEOGEO BATTLE COLISEUM,2,0.0008
2898,1737346272,Neverwinter Nights: Enhanced Edition,2,0.0008
2899,1671144891,New Joe & Mac - Caveman Ninja,2,0.0008
2900,1841055635,New York Mysteries 5: Power of Art,2,0.0008
2901,1706007518,Nexomon: Extinction,2,0.0008
2902,2112950649,Nicktoons & The Dice of Destiny,2,0.0008
2903,2070801878,NieR:Automata BECOME AS GODS Edition,2,0.0008
2904,1480659560,NiGHTS into dreams...,2,0.0008
2905,1814825729,No More Heroes 3,2,0.0008
2906,1957424962,No Straight Roads,2,0.0008
2907,1868841248,Nobody Saves the World,2,0.0008
2908,1989157631,Once Human,2,0.0008
2909,1146095594,Onechanbara,2,0.0008
2910,2128728875,Operation: Tango,2,0.0008
2911,1847106181,Oppidum,2,0.0008
2912,1693393910,Othercide,2,0.0008
2913,1821856796,Out of Moves,2,0.0008
2914,955486227,Outbreak: The New Nightmare,2,0.0008
2915,697063683,Outbreak: The Nightmare Chronicles,2,0.0008
2916,1480657413,Outland,2,0.0008
2917,1129121801,Overlord II,2,0.0008
2918,35717019,Oxenfree,2,0.0008
2919,1828865417,PAC-PAC,2,0.0008
2920,2089042924,Paleo Pines,2,0.0008
2921,1713821027,Park Beyond,2,0.0008
2922,1952969635,Party Hard 2,2,0.0008
2923,1912801032,PAW Patrol The Movie: Adventure City Calls,2,0.0008
2924,1926352092,PBA Pro Bowling,2,0.0008
2925,1691501118,Peglin,2,0.0008
2926,2116319841,Penny's Big Breakaway,2,0.0008
2927,2090177606,PERISH,2,0.0008
2928,1731213835,Pickup Driving - Free,2,0.0008
2929,1761818175,Ping Pong Up,2,0.0008
2930,1776549840,Pizza Possum,2,0.0008
2931,1894255361,Placid Plastic Duck Simulator,2,0.0008
2932,1929047032,Pocket Mini Golf 2,2,0.0008
2933,1898639506,Polar Bear is Hungry,2,0.0008
2934,1414793184,Prey,2,0.0008
2935,1431505112,Prince of Persia The Sands of Time,2,0.0008
2936,307808103,Pro Fishing Simulator,2,0.0008
2937,1696261466,Property Brothers Home Design,2,0.0008
2938,248901393,Punch Club,2,0.0008
2939,1480657069,R-Type Dimensions™,2,0.0008
2940,1664110632,R-Type® Final 2,2,0.0008
2941,562694050,R.B.I. Baseball 16,2,0.0008
2942,1919758296,Ra Ra BOOM,2,0.0008
2943,1694200362,Rabio,2,0.0008
2944,1480657492,Radiant Silvergun,2,0.0008
2945,2058870984,Radioactive Dwarfs: Evil From the Sewers,2,0.0008
2946,1673787135,Rain on Your Parade,2,0.0008
2947,1480657184,Raskulls,2,0.0008
2948,1897447749,ReactorX,2,0.0008
2949,1761751232,ReactorX 2,2,0.0008
2950,893913055,Red Faction II,2,0.0008
2951,1926182660,Redeemer - Enhanced Edition,2,0.0008
2952,1628140410,Rewind or Die,2,0.0008
2953,1313671123,Ridge Racer 6,2,0.0008
2954,1623503769,RiMS Racing,2,0.0008
2955,1619865604,Ring of Pain,2,0.0008
2956,1859130505,Risen,2,0.0008
2957,227770627,Riverbond,2,0.0008
2958,1867496283,Road Maintenance Simulator 2 + Winter Services,2,0.0008
2959,193196495,Robocraft Infinity,2,0.0008
2960,2034979872,Rock 'N Racing Grand Prix,2,0.0008
2961,669503806,Rock of Ages 2: Bigger & Boulder™,2,0.0008
2962,1711534896,Roundguard,2,0.0008
2963,920951865,Rugby 18,2,0.0008
2964,1496021838,Rugby World Cup 2015,2,0.0008
2965,1759610497,Rush Rally Origins,2,0.0008
2966,1727550181,Rustler,2,0.0008
2967,293466353,Saban’s Mighty Morphin Power Rangers: Mega Battle,2,0.0008
2968,1263339495,Sacred 3,2,0.0008
2969,1945270822,Saga of the Moon Priestess,2,0.0008
2970,1879154882,Saint Kotar,2,0.0008
2971,1945460495,SAMURAI SHODOWN NEOGEO COLLECTION,2,0.0008
2972,2124983718,SAND LAND,2,0.0008
2973,1966276493,Satisfactory,2,0.0008
2974,2010400708,Sausage Wars,2,0.0008
2975,1652981346,ScourgeBringer,2,0.0008
2976,282721798,Screencheat,2,0.0008
2977,816667289,Seasons after Fall,2,0.0008
2978,2014051102,SEDAP! A Culinary Adventure,2,0.0008
2979,1839592310,Seekers Notes: Hidden Objects,2,0.0008
2980,1480657775,Sega Vintage Collection: Golden Axe,2,0.0008
2981,1480657778,Sega Vintage Collection: Monster World,2,0.0008
2982,1852363353,Shadow Gambit: The Cursed Crew,2,0.0008
2983,584036319,Shadow Tactics: Blades of the Shogun,2,0.0008
2984,1882598345,Shadow Warrior,2,0.0008
2985,2000442171,Shadow Warrior 3: Definitive Edition,2,0.0008
2986,1297287126,Shadowrun,2,0.0008
2987,1939956128,Shadowrun: Dragonfall - Director's Cut PC,2,0.0008
2988,944809057,Shadows: Awakening,2,0.0008
2989,161766595,Shantae and the Pirate's Curse,2,0.0008
2990,1933595910,Shaolin vs Wutang 2,2,0.0008
2991,643894778,Shiness: The Lightning Kingdom,2,0.0008
2992,903306295,Shining Resonance Refrain,2,0.0008
2993,1480657316,Shinobi,2,0.0008
2994,1710148072,Ship Graveyard Simulator,2,0.0008
2995,1646983647,Shop Simulator: Supermarket,2,0.0008
2996,1898291368,Shy Cats Hidden Tracks - Vol. 1,2,0.0008
2997,1916393313,SIGNALIS,2,0.0008
2998,1720807506,Skibidi Sandbox,2,0.0008
2999,1792405589,Sledding Game,2,0.0008
3000,1480656853,Small Arms,2,0.0008
3001,1730346029,Solus (Windows),2,0.0008
3002,1480657348,Sonic & Knuckles,2,0.0008
3003,1480659441,Sonic CD,2,0.0008
3004,2139967680,Sonic Racing: CrossWorlds – Open Network Test,2,0.0008
3005,1480656996,Sonic The Hedgehog,2,0.0008
3006,1813197692,SOS OPS!,2,0.0008
3007,1924348629,Space Invader 7,2,0.0008
3008,1507365602,Sparkle Unleashed,2,0.0008
3009,2120222634,Spirit of the North 2,2,0.0008
3010,380703582,Splosion Man,2,0.0008
3011,2037196689,SpongeBob SquarePants: Titans of the Tide,2,0.0008
3012,1757195793,SpotCat vs The Cheddar Mafia In Space,2,0.0008
3013,2071323777,Star Trek: Resurgence,2,0.0008
3014,1974921711,STAR WARS™: Episode I: Jedi Power Battles™,2,0.0008
3015,1934391570,Street Power Soccer,2,0.0008
3016,2023806716,Styx: Master of Shadows,2,0.0008
3017,1986802694,Suikaiju,2,0.0008
3018,2057573435,Suikoden I&II HD Remaster Gate Rune and Dunan Unification Wars,2,0.0008
3019,1798675306,Super Box Delivery: Beyond the Horizon,2,0.0008
3020,1655214141,Super World Run - Adventure Game,2,0.0008
3021,1949756621,Surgeon Simulator 2,2,0.0008
3022,2003002635,Survival: Foutain of Youth - Captain's Edition,2,0.0008
3023,1656836695,Sweet Bakery Tycoon,2,0.0008
3024,1804098370,Swimsanity!,2,0.0008
3025,412423425,SWORD ART ONLINE Alicization Lycoris,2,0.0008
3026,1918884435,Sword of the Vagrant,2,0.0008
3027,1704201327,System Shock 2: 25th Anniversary Remaster,2,0.0008
3028,2002977221,Tails of Iron,2,0.0008
3029,1937629264,Tainted Grail: Conquest,2,0.0008
3030,1619109702,Tales of Symphonia Remastered,2,0.0008
3031,1893571510,Tattoo Tycoon,2,0.0008
3032,1431504927,TC's RainbowSix Vegas2,2,0.0008
3033,1431504918,TC’s H.A.W.X,2,0.0008
3034,1873939850,Teenage Mutant Ninja Turtles Arcade: Wrath of the Mutants,2,0.0008
3035,2065439517,That Time I Got Reincarnated as a Slime ISEKAI Chronicles,2,0.0008
3036,1674235497,The Backgammon,2,0.0008
3037,1878828344,The Bible Trivia Challenge,2,0.0008
3038,1651981610,The Bluecoats: North & South,2,0.0008
3039,2076835000,"THE CASINO COLLECTION: Ruleta, Vídeo Póker, Tragaperras, Craps, Baccarat, Five-Card Draw Poker, Texas hold 'em, Blackjack and Page One",2,0.0008
3040,1637035694,The Chant,2,0.0008
3041,1825231131,The Chess Lv.100,2,0.0008
3042,1843180778,The Coma 2: Vicious Sisters,2,0.0008
3043,1916261316,The Crackpet Show: Happy Tree Friends Edition,2,0.0008
3044,231381248,The Deer God,2,0.0008
3045,2089995861,The Devil Lands (Game Preview),2,0.0008
3046,129773809,The Disney Afternoon Collection,2,0.0008
3047,2007018418,The Hong Kong Massacre,2,0.0008
3048,2052100489,The Invincible,2,0.0008
3049,2047811112,The Last Hero of Nostalgaia,2,0.0008
3050,494738437,The Maw,2,0.0008
3051,266212283,The Mean Greens - Plastic Warfare,2,0.0008
3052,1816960683,The Nightmares At The Krusty Krab,2,0.0008
3053,491421892,The Talos Principle,2,0.0008
3054,2086031333,The Thaumaturge,2,0.0008
3055,1967005422,The Wandering Village,2,0.0008
3056,470808875,This is the Police 2,2,0.0008
3057,1279330262,Thrillville: OTR,2,0.0008
3058,1963849763,Thymesia,2,0.0008
3059,2000238543,Tiny Lands - Deluxe Edition,2,0.0008
3060,2131353983,Tiny Pixels Vol. 2 - Stormy Knights,2,0.0008
3061,2068094397,To the Moon and Beyond,2,0.0008
3062,1984458321,ToeJam and Earl: Back in the Groove!,2,0.0008
3063,2116487770,TOEM,2,0.0008
3064,32122245,Tony Hawk's® Pro Skater™ 5,2,0.0008
3065,1651850203,Tour de France 2024,2,0.0008
3066,703997631,TowerFall Ascension,2,0.0008
3067,1480657310,Toy Soldiers,2,0.0008
3068,1721366178,Toy Soldiers HD,2,0.0008
3069,1752070610,Toy Soldiers: War Chest,2,0.0008
3070,1763742865,Train Sim World® 2,2,0.0008
3071,974917521,Train Sim World® 2020,2,0.0008
3072,2021123644,Tram Simulator Urban Transit,2,0.0008
3073,1646334101,TramSim: Console Edition,2,0.0008
3074,1845231868,Trine 2: Complete Story,2,0.0008
3075,1676268108,Trollhunters: Defenders of Arcadia,2,0.0008
3076,2078968222,Truck Driver: The American Dream,2,0.0008
3077,1959159088,Tunguska: The Visitation - Complete Edition,2,0.0008
3078,1799638183,Turbo Overkill,2,0.0008
3079,1882728475,TY the Tasmanian Tiger™ 2: Bush Rescue™ HD,2,0.0008
3080,2074316990,Ultimate General: Gettysburg,2,0.0008
3081,1815810056,Under The Waves,2,0.0008
3082,1640379056,Vagrus - The Riven Realms,2,0.0008
3083,1622859130,Valfaris,2,0.0008
3084,944836149,Valkyria Chronicles 4,2,0.0008
3085,1654418819,Vampire Hunters,2,0.0008
3086,1623987807,Viewfinder,2,0.0008
3087,1480659612,Virtua Fighter 2,2,0.0008
3088,1959830280,Virtua Fighter 5 R.E.V.O. World Stage,2,0.0008
3089,369299403,Volgarr the Viking,2,0.0008
3090,1651691355,Wanted: Dead,2,0.0008
3091,1769772134,Wargroove 2,2,0.0008
3092,1975267359,"Warhammer 40,000: Mechanicus",2,0.0008
3093,2113105582,Warhammer Age of Sigmar: Realms of Ruin,2,0.0008
3094,405657081,Warhammer: End Times - Vermintide,2,0.0008
3095,1698802403,Warp Bot,2,0.0008
3096,2039837995,We Were Here Forever,2,0.0008
3097,1788936172,We Were Here Too,2,0.0008
3098,2042912163,Wenjia,2,0.0008
3099,1780460930,Wild Bastards,2,0.0008
3100,2141688284,Wildmender,2,0.0008
3101,2044343586,WildTrax Racing,2,0.0008
3102,2072339833,Willy's Wonderland - The Game,2,0.0008
3103,1960103311,Windjammers 2,2,0.0008
3104,1807181865,Wizard with a Gun,2,0.0008
3105,2106982681,World Of Solitaire,2,0.0008
3106,1631055981,Worms Rumble,2,0.0008
3107,181948997,WWE 2K15,2,0.0008
3108,1049055654,XCOM®: Enemy Within,2,0.0008
3109,984203469,Ys Origin,2,0.0008
3110,1786776587,Yum Yum Cookstar,2,0.0008
3111,2105437858,Ziggurat 2,2,0.0008
3112,1752291141,Zombie Derby,2,0.0008
3113,1841078711,Zombie Derby 2,2,0.0008
3114,1625916886,*NEW* SCUFFED EPIC BHOP SIMULATOR 2023 (POG CHAMP),1,0.0004
3115,2140131389,[REDACTED],1,0.0004
3116,1907798532,15in1 Solitaire,1,0.0004
3117,1875779650,2048X,1,0.0004
3118,1970931118,3 Player Battle,1,0.0004
3119,1612838382,39 Days to Mars,1,0.0004
3120,1993684846,3D Chess Game,1,0.0004
3121,1480656961,3D Ultra™ Minigolf,1,0.0004
3122,2146388451,3XTINCTION,1,0.0004
3123,767105780,8 To Glory - The Official Game of the PBR,1,0.0004
3124,2007033271,80's OVERDRIVE,1,0.0004
3125,1682735559,9 Monkeys of Shaolin,1,0.0004
3126,1828682259,9th Dawn III,1,0.0004
3127,1806866056,A Building Full of Cats,1,0.0004
3128,1728966870,A Summer with the Shiba Inu,1,0.0004
3129,1629925858,A Winter's Daydream,1,0.0004
3130,1824287216,Aaero2,1,0.0004
3131,1768791956,Abradoodle Bingo,1,0.0004
3132,1060271764,ACA NEOGEO AERO FIGHTERS 2,1,0.0004
3133,159107312,ACA NEOGEO AERO FIGHTERS 3,1,0.0004
3134,732054872,ACA NEOGEO BIG TOURNAMENT GOLF,1,0.0004
3135,1029347426,ACA NEOGEO FATAL FURY,1,0.0004
3136,57524562,ACA NEOGEO FATAL FURY 3,1,0.0004
3137,641616197,ACA NEOGEO GHOST PILOTS,1,0.0004
3138,442683589,ACA NEOGEO LAST RESORT,1,0.0004
3139,608710317,ACA NEOGEO PULSTAR,1,0.0004
3140,418426882,ACA NEOGEO REAL BOUT FATAL FURY SPECIAL,1,0.0004
3141,428977306,ACA NEOGEO SAMURAI SHODOWN V SPECIAL,1,0.0004
3142,537999743,ACA NEOGEO STREET HOOP,1,0.0004
3143,426534329,ACA NEOGEO THE KING OF FIGHTERS '96,1,0.0004
3144,442527816,ACA NEOGEO THE KING OF FIGHTERS 2001,1,0.0004
3145,1672129931,Across the Obelisk,1,0.0004
3146,1874758094,Active Neurons - Puzzle game,1,0.0004
3147,691691903,Adam's Venture: Origins,1,0.0004
3148,219620906,ADIOS Amigos,1,0.0004
3149,592146950,Adventure Pop,1,0.0004
3150,1801290087,Adventures of Bertram Fiddle: Episode 2: A Bleaker Predicklement,1,0.0004
3151,1668258620,Aero The Acro-Bat,1,0.0004
3152,1684752842,Aery - Peace of Mind 2,1,0.0004
3153,411985913,AFL Evolution,1,0.0004
3154,1763236945,AFL Evolution 2,1,0.0004
3155,2084991404,Afterglitch,1,0.0004
3156,1630807758,Age of Water,1,0.0004
3157,1858896649,"Ah, Love!",1,0.0004
3158,1699515516,"Ah, Love! Season 2",1,0.0004
3159,863173950,Air Guitar Warrior Gamepad Edition,1,0.0004
3160,1064538690,Air Missions: HIND,1,0.0004
3161,2006975230,Air Twister,1,0.0004
3162,2023667384,Airport City,1,0.0004
3163,350859148,Alekhine's Gun,1,0.0004
3164,1910091538,Alfred Hitchcock - Vertigo,1,0.0004
3165,545851415,All-Star Fruit Racing,1,0.0004
3166,1649996690,Alone in the Dark Prologue,1,0.0004
3167,1480657314,Altered Beast,1,0.0004
3168,1972898737,AMAZE!,1,0.0004
3169,2075295469,Amber Alert Director's cut,1,0.0004
3170,1780044941,American Arcadia,1,0.0004
3171,588779462,American Ninja Warrior: Challenge,1,0.0004
3172,1728656016,Amnesia: Collection,1,0.0004
3173,1655595028,Andromeda Survivors,1,0.0004
3174,2093965833,Angry Birds Friends,1,0.0004
3175,2082514516,Angry Birds Star Wars,1,0.0004
3176,1799950478,Aniimo,1,0.0004
3177,884197146,Anima: Gate of Memories,1,0.0004
3178,46350781,Animal Super Squad,1,0.0004
3179,2032975288,ANIMAL WELL,1,0.0004
3180,1808134657,ANNO : Mutationem,1,0.0004
3181,1941033112,Anno 117: Pax Romana,1,0.0004
3182,188051424,Anodyne,1,0.0004
3183,1895080876,Antarctica 88: 4k Remaster,1,0.0004
3184,1766550211,Antigraviator,1,0.0004
3185,1701001802,Anvil Saga,1,0.0004
3186,880418401,AO International Tennis,1,0.0004
3187,2068205998,Apex Heroines,1,0.0004
3188,1480657349,Aqua,1,0.0004
3189,1630751753,Aquarium Land,1,0.0004
3190,2083321391,Arachnophobic Kyle,1,0.0004
3191,1954420666,Arcade Archives 2 MIDNIGHT LANDING,1,0.0004
3192,1675275666,Arcade Archives 2 SCRAMBLED EGG,1,0.0004
3193,2081200138,Arcade Classics Anniversary Collection,1,0.0004
3194,1879960829,Arcade Spirits,1,0.0004
3195,1714994601,Architect Life: A House Design Simulator,1,0.0004
3196,1853994299,Arctic Awakening,1,0.0004
3197,490460723,Arise: A Simple Story,1,0.0004
3198,1756488270,Arkanoid Eternal Battle,1,0.0004
3199,1480657297,ARKANOID Live!,1,0.0004
3200,1643426019,Arrowstorm Ascendant,1,0.0004
3201,1742283736,Asdivine Menace,1,0.0004
3202,2029448252,ASMR Slicing,1,0.0004
3203,1846786072,Asphalt 8: Airborne,1,0.0004
3204,1480659964,Assassin's Creed III: Liberation HD,1,0.0004
3205,1885598662,Astalon: Tears of the Earth,1,0.0004
3206,1910615612,Asterix & Obelix Slap Them All!,1,0.0004
3207,1819507591,Asterix & Obelix: Heroes,1,0.0004
3208,1480656974,Asteroids & Deluxe,1,0.0004
3209,2015715009,Astor: Blade of the Monolith,1,0.0004
3210,1970081113,Astro Adventure: Core Hunt,1,0.0004
3211,1631238072,Astro Miner,1,0.0004
3212,1943666479,ASTROSMASH,1,0.0004
3213,1664245882,Atari 50: The Anniversary Celebration,1,0.0004
3214,401543003,ATV Renegades,1,0.0004
3215,1694852268,Avatar The Last Airbender: Quest for Balance,1,0.0004
3216,1414596577,Avatar: TLA: TBE,1,0.0004
3217,1647606257,Awesome Pea,1,0.0004
3218,1848098422,Axis Football 2019,1,0.0004
3219,1764971843,Axis Football 2023,1,0.0004
3220,1989717874,Axis Football 2024,1,0.0004
3221,1662748361,Axobubble,1,0.0004
3222,1805978609,Baby Shark™: Sing & Swim Party,1,0.0004
3223,2078107330,Bad Cheese,1,0.0004
3224,1152151422,BADLAND: Game of the Year,1,0.0004
3225,1833187714,Ball Blast,1,0.0004
3226,1618019161,Ballotron Coolbox,1,0.0004
3227,1738627078,Bananitro,1,0.0004
3228,1480656876,Bankshot Billiards 2,1,0.0004
3229,1795554480,Barbie™ Horse Trails,1,0.0004
3230,1939312830,Barista Simulator,1,0.0004
3231,1887376501,Bartender Hustle,1,0.0004
3232,1692686740,Baseball.free,1,0.0004
3233,1983486793,Basketball Free Throw Xbox,1,0.0004
3234,122277778,Bastion,1,0.0004
3235,832828665,Batman: The Telltale Series,1,0.0004
3236,1727081550,Battle Kid: Fortress of Peril,1,0.0004
3237,2071332321,Battle Puzzle 2048 - Space Girls,1,0.0004
3238,1161889755,Battlefield 2: MC,1,0.0004
3239,1902480256,BATTLETECH,1,0.0004
3240,1737916926,Bay Breaker,1,0.0004
3241,1624781891,Beat of Montezuma,1,0.0004
3242,1748114593,Before I Forget,1,0.0004
3243,2063091969,Beholgar,1,0.0004
3244,1480659459,Bellator: MMA Onslaught,1,0.0004
3245,2108756620,Belote et rebelote,1,0.0004
3246,319764672,BELOW,1,0.0004
3247,529578794,Ben-Hur,1,0.0004
3248,1914859283,Best Served Cold,1,0.0004
3249,1980047831,Bestial Reception,1,0.0004
3250,2146803891,Beyond Eyes,1,0.0004
3251,1021034070,Big Buck Hunter Arcade,1,0.0004
3252,2073401083,Bike Runner,1,0.0004
3253,496978826,Binaries,1,0.0004
3254,420309331,BIOHAZARD RE:3 Z Version for Windows,1,0.0004
3255,1854828947,BIOHAZARD VILLAGE Z Version,1,0.0004
3256,338768437,Black The Fall,1,0.0004
3257,1842440782,Blackjack Master 3,1,0.0004
3258,1689997111,Blackjack Solitaire,1,0.0004
3259,1649892883,Blackjackist,1,0.0004
3260,366165352,Blacksad - Under the Skin,1,0.0004
3261,2061970650,BLACKTAIL,1,0.0004
3262,1942559937,Blackwind,1,0.0004
3263,886496268,Blackwood Crossing,1,0.0004
3264,1635661974,Bladed Fury,1,0.0004
3265,1812873797,Blades of Fire,1,0.0004
3266,1475467792,BLADESTORM: Nightmare,1,0.0004
3267,2018229477,Blast Brigade vs. the Evil Legion of Dr. Cread,1,0.0004
3268,2041877435,Blaster Master Zero,1,0.0004
3269,1988745404,Blazing Beaks,1,0.0004
3270,883799031,Bless Unleashed,1,0.0004
3271,1480657786,Bloodforge,1,0.0004
3272,1682481186,Bloodhound,1,0.0004
3273,1802136145,BloodRayne Betrayal: Fresh Bites,1,0.0004
3274,1654822154,Bloomtown: A Different Story,1,0.0004
3275,1854025914,Bloons TD Battles,1,0.0004
3276,1766891424,Blow & Fly,1,0.0004
3277,912892717,Bombslinger,1,0.0004
3278,1844418156,Botany Manor,1,0.0004
3279,2086335869,Boti: Byteland Overclocked,1,0.0004
3280,1743576109,Box Em Up!,1,0.0004
3281,1480657102,Braid,1,0.0004
3282,1857651157,Brawl Chess - Gambit,1,0.0004
3283,1179846636,Breakdown,1,0.0004
3284,1990404109,Breakout Beyond,1,0.0004
3285,1754913361,Brewmaster: Beer Brewing Simulator,1,0.0004
3286,1771762853,BricksPlus,1,0.0004
3287,465277350,Bridge Constructor,1,0.0004
3288,2038940671,Bridge Race,1,0.0004
3289,1972740153,Bright Memory: Infinite Platinum Edition,1,0.0004
3290,2079844264,Bright Side: Quiz,1,0.0004
3291,2145656185,Bright Side: Riddles and Puzzles,1,0.0004
3292,1907372052,BROK the InvestiGator,1,0.0004
3293,2133362762,Broken Sword - Shadow of the Templars: Reforged,1,0.0004
3294,1431504936,Brothers in Arms HH GR,1,0.0004
3295,1891744318,Buckshot Roulette – Russian Roulette Simulator,1,0.0004
3296,1730283762,Bud Spencer & Terence Hill - Slaps and Beans 2,1,0.0004
3297,1629702349,Buddy Garden,1,0.0004
3298,2028181294,Buildest,1,0.0004
3299,1668362617,Bullet Trail,1,0.0004
3300,1897248641,Bullets and Brains,1,0.0004
3301,1801586594,Bumblebee - Search for Happiness,1,0.0004
3302,1977952623,Bunny Cubed,1,0.0004
3303,1675322677,Burn in Health,1,0.0004
3304,1794898448,Bus Driver Simulator,1,0.0004
3305,1762067709,Butterfly 2,1,0.0004
3306,1813758775,Cabernet,1,0.0004
3307,2083615890,Cafe Owner Simulator,1,0.0004
3308,1611139028,Call of Booty Black Cocks 2,1,0.0004
3309,1767069216,Call of Duty® 2 (2005),1,0.0004
3310,1724764656,Call of Duty®: Ghosts (Windows),1,0.0004
3311,1944957710,Call of Duty®: Modern Warfare® 2 (2009),1,0.0004
3312,1922079345,Canasta Palace,1,0.0004
3313,2109756119,Candy Crush Friends Saga,1,0.0004
3314,1886639947,Candy Crush Jelly Saga,1,0.0004
3315,1829523743,Canfield - Solitaire Collection,1,0.0004
3316,1480659545,CAPCOM ARCADE CABINET,1,0.0004
3317,1931470162,Car Driving School Simulator,1,0.0004
3318,1794618801,Car Mechanic Shop Simulator,1,0.0004
3319,1936285316,Card-en-Ciel,1,0.0004
3320,1869939070,Carrier Deck,1,0.0004
3321,1713766289,Carrot Crusade - Mimika's Reckoning,1,0.0004
3322,2104571236,CASE 2: Animatronics Survival,1,0.0004
3323,521255269,Casey Powell Lacrosse 16,1,0.0004
3324,310521611,Cast of the Seven Godsends - Redux,1,0.0004
3325,1725514902,Castle Renovator,1,0.0004
3326,1501266033,CastleStorm - Definitive Edition,1,0.0004
3327,686988823,Castlevania: SOTN,1,0.0004
3328,1998437509,Casual Sport Series: Hockey,1,0.0004
3329,1646378646,Cat Quest III,1,0.0004
3330,1918846023,Cat Rescue Story,1,0.0004
3331,1744298534,Catlateral Damage: Remeowstered,1,0.0004
3332,1692828729,Cats and Seek : Osaka,1,0.0004
3333,1802087394,Cats With Guns,1,0.0004
3334,1808224088,Cave Bad,1,0.0004
3335,1480656972,Centipede & Millipede,1,0.0004
3336,857446909,Chaos on Deponia,1,0.0004
3337,1827739583,Chess Infinity,1,0.0004
3338,1960503334,Chess Prince,1,0.0004
3339,1697386135,Chicken Police - Paint it RED!,1,0.0004
3340,2147011730,Chicken Run: Eggstraction,1,0.0004
3341,310307954,Chivalry: Medieval Warfare,1,0.0004
3342,1841886812,Christmas Massacre,1,0.0004
3343,2088313962,Christmas Time Solitaire,1,0.0004
3344,334239242,Chroma Squad,1,0.0004
3345,2122125189,Chronicles of the Wolf,1,0.0004
3346,880657099,Chronos: Before the Ashes,1,0.0004
3347,1627160129,Circuit Superstars,1,0.0004
3348,1783440636,City Bus Manager,1,0.0004
3349,1620282693,City Island 6: Building Town,1,0.0004
3350,1618799257,CityDriver,1,0.0004
3351,1703939860,Clash: Artifacts of Chaos,1,0.0004
3352,1880988322,Classic Pool,1,0.0004
3353,1816963357,Classic Snake Adventures (Cross-Buy),1,0.0004
3354,300490305,Claybook,1,0.0004
3355,2046892842,Clock Tower: Rewind,1,0.0004
3356,2124727327,Clockwork Aquario,1,0.0004
3357,2106826312,Close to the Sun,1,0.0004
3358,2035194488,Clunky Hero,1,0.0004
3359,1958260574,ClusterPuck 99,1,0.0004
3360,1732400170,Cobra Kai 2: Dojos Rising,1,0.0004
3361,2042930008,CODE VEIN II - Digital Mini Artbook & Soundtrack,1,0.0004
3362,1641287197,Collie Call,1,0.0004
3363,1709128124,Collie Call: Farm of Tomorrow,1,0.0004
3364,1774676042,Color Water Sort,1,0.0004
3365,2107467778,Colorful Colore (for Windows 10),1,0.0004
3366,1480657440,Comic Jumper,1,0.0004
3367,1480657343,Commander's Challenge,1,0.0004
3368,1738930252,ComputerHead: Springloaded,1,0.0004
3369,54541475,Construction Simulator 2 US - Console Edition,1,0.0004
3370,2041760605,"Cook, Serve, Delicious!",1,0.0004
3371,1903918497,"Cook, Serve, Delicious! 3?!",1,0.0004
3372,2118279493,Cookie Cutter,1,0.0004
3373,1767974553,Cozy Grove,1,0.0004
3374,1753200143,Crack The Egg!,1,0.0004
3375,1687039988,Cradle of Empires: Match 3 Puzzle Game & Jewels,1,0.0004
3376,963702216,Crayola Scoot,1,0.0004
3377,581869850,Crazy Strike Bowling EX,1,0.0004
3378,1631412500,Crazy Trucks,1,0.0004
3379,2026017924,Creaks,1,0.0004
3380,2005962505,Cribbage Deluxe,1,0.0004
3381,1931878195,Cricket 24: The Official Game Of The Ashes,1,0.0004
3382,2032430553,Crime Opera: The Butterfly Effect,1,0.0004
3383,1874117127,Criminal Case,1,0.0004
3384,1625302815,Criss Cross,1,0.0004
3385,1763402795,Croc's World 2,1,0.0004
3386,1846285148,CrossfireX,1,0.0004
3387,1812286558,Crown Trick,1,0.0004
3388,2087531472,Cry Babies Magic Tears: The Big Game,1,0.0004
3389,989689010,Crypt of the Serpent King,1,0.0004
3390,1689376479,Crypt of the Serpent King Remastered 4K Edition,1,0.0004
3391,1707233763,Cryptmaster,1,0.0004
3392,1480657289,CRYSTAL DEFENDERS,1,0.0004
3393,2024070259,Cube Railway,1,0.0004
3394,1824007949,Curious Cases,1,0.0004
3395,1730512265,Curious Expedition 2,1,0.0004
3396,1878422436,Cut Fruit With A Samurai Sword,1,0.0004
3397,1670072012,Cyber Clutch: Hot Import Nights,1,0.0004
3398,1615078623,Cyber Lab,1,0.0004
3399,1705627827,CYGNI: All Guns Blazing,1,0.0004
3400,1033012343,D4: Dark Dreams Don't Die,1,0.0004
3401,694107204,Dance Central Spotlight,1,0.0004
3402,1787520021,Danger Gazers,1,0.0004
3403,822567888,Danger Zone,1,0.0004
3404,178127013,Danger Zone 2,1,0.0004
3405,1991801140,Dark Light,1,0.0004
3406,1682622035,Dark Mystery,1,0.0004
3407,2107082519,DARKLAND Ⅱ,1,0.0004
3408,1840798387,DARKLAND III,1,0.0004
3409,1968164879,Darkness and Flame 1: Born of Fire,1,0.0004
3410,2029863585,Date with Devils,1,0.0004
3411,1707942446,Date Z,1,0.0004
3412,1724663837,Daymare: 1994 Sandcastle_SGD23,1,0.0004
3413,1611718894,DC League of Super-Pets: The Adventures of Krypto and Ace,1,0.0004
3414,1842049989,DCL-The Game,1,0.0004
3415,327419539,de Blob,1,0.0004
3416,1414596709,de Blob 2 (2014),1,0.0004
3417,1798643426,Dead Age II,1,0.0004
3418,1869817076,Dead Dungeon,1,0.0004
3419,749916287,Dead Rising 4,1,0.0004
3420,1480657531,Dead Space™ Ignition,1,0.0004
3421,411496870,Deadbeat Heroes,1,0.0004
3422,1480657756,Deadliest Warrior: Legends,1,0.0004
3423,1297483729,Deadly Premonition,1,0.0004
3424,1837096770,Death's Gambit: Afterlife,1,0.0004
3425,1708831715,Death Park 2: 4k Remaster,1,0.0004
3426,1909022139,Death Park: 4k Remaster,1,0.0004
3427,1912803549,Deathbound,1,0.0004
3428,1679835971,Deliver Us The Moon,1,0.0004
3429,279141868,Demetrios - The BIG Cynical Adventure,1,0.0004
3430,1951916716,Deponia,1,0.0004
3431,1617923164,DesignVille: Merge & Design,1,0.0004
3432,2121940253,despelote,1,0.0004
3433,2099729685,Devil Inside Us: Roots of Evil,1,0.0004
3434,1901219549,Diablo® IV - Server Slam,1,0.0004
3435,1830255060,Dice Assassin,1,0.0004
3436,2116371080,Dicey Dungeons,1,0.0004
3437,858411141,Die for Valhalla!,1,0.0004
3438,1480656950,DIG DUG,1,0.0004
3439,1684418356,Dinobreak,1,0.0004
3440,1941545430,Dinosaur Fossil Hunter - Paleontology Simulator,1,0.0004
3441,252379691,Disintegration,1,0.0004
3442,1112934403,Disney Universe,1,0.0004
3443,1980683662,DISORDER for Xbox,1,0.0004
3444,1836115301,Docked,1,0.0004
3445,1935690934,Dog Man: Mission Impawsible,1,0.0004
3446,1727787735,Dog’s Donuts,1,0.0004
3447,448826978,Dogos,1,0.0004
3448,249733426,Don't Knock Twice,1,0.0004
3449,1960996145,Don't Sink,1,0.0004
3450,1087781956,Don Bradman Cricket,1,0.0004
3451,1640354133,Doodle God: Ultimate Edition,1,0.0004
3452,1112737777,DOOM 3 BFG Edition,1,0.0004
3453,743569110,Doom and Destiny,1,0.0004
3454,2100206304,DOOM: The Dark Ages Digital Artbook and Soundtrack,1,0.0004
3455,1825944429,Dora™: Rainforest Rescue,1,0.0004
3456,1841794712,Dordogne,1,0.0004
3457,2010409612,DOUBLE DRAGON,1,0.0004
3458,2082494703,DOUBLE DRAGON Ⅱ: The Revenge,1,0.0004
3459,1671217014,Double Dragon Dodgeball,1,0.0004
3460,1747235781,DoubleDragon Advance,1,0.0004
3461,1692930613,Dracula's Legacy Remastered,1,0.0004
3462,1480657802,Dragon's Lair,1,0.0004
3463,2084687312,Dragon's Lair Trilogy,1,0.0004
3464,1858681275,Dragon Mania Legends,1,0.0004
3465,1916775416,Dragon Takers,1,0.0004
3466,141638183,DreamWorks Dragons Dawn of New Riders,1,0.0004
3467,2027359366,DreamWorks Spirit Lucky's Big Adventure,1,0.0004
3468,2104125318,DreamWorks Trolls Remix Rescue,1,0.0004
3469,945282628,Drunk-Fu: Wasted Masters,1,0.0004
3470,1771426972,Duck Run,1,0.0004
3471,1891372981,Duck Simulator Lite,1,0.0004
3472,1710086859,Ducky Dash,1,0.0004
3473,1847263549,Dungeon Defenders: Awakened,1,0.0004
3474,1666801480,Dunk Lords,1,0.0004
3475,1941812534,Dyson Sphere Program (Game Preview),1,0.0004
3476,419391420,EA SPORTS™ NBA LIVE 15,1,0.0004
3477,2067761315,EA SPORTS™ NBA LIVE 16,1,0.0004
3478,1146095609,Earth Defense Force: IA,1,0.0004
3479,1480657378,Earthworm Jim HD,1,0.0004
3480,1146095595,Eat Lead,1,0.0004
3481,1817638967,Echoes of the End: Enhanced Edition,1,0.0004
3482,2000111963,Egg Game 3,1,0.0004
3483,1750555114,El Hijo - A Wild West Tale,1,0.0004
3484,2128629789,ELDEN RING NIGHTREIGN Network Test,1,0.0004
3485,1893352474,Elemental War 2,1,0.0004
3486,1666774281,Ember: Console Edition,1,0.0004
3487,651709478,Emily Wants to Play Too,1,0.0004
3488,2129002058,ENDER MAGNOLIA: Bloom in the Mist,1,0.0004
3489,1706225842,ENDLESS Dungeon™,1,0.0004
3490,1997527592,Endling - Extinction is Forever,1,0.0004
3491,1690575171,Endoparasitic,1,0.0004
3492,1985585702,Endzone - A World Apart: Survivor Edition,1,0.0004
3493,1978642159,Energy Lab,1,0.0004
3494,2013765349,Enhanced Battleship Combat,1,0.0004
3495,168505788,Enigmatis 2: The Mists of Ravenwood,1,0.0004
3496,1313671153,Enslaved,1,0.0004
3497,2049241881,Entropy Survivors,1,0.0004
3498,244648952,Epic Loon,1,0.0004
3499,1630701311,Escape 2088,1,0.0004
3500,2036619771,Escape First 3 Multiplayer,1,0.0004
3501,1933591811,Escape Sequence (Xbox Series),1,0.0004
3502,1753276383,Eternal Evil,1,0.0004
3503,1623383424,Evergate,1,0.0004
3504,1949165391,Eyes: The Horror Game,1,0.0004
3505,1129121874,F1™ 2014,1,0.0004
3506,750338097,Fable Fortune,1,0.0004
3507,1480657798,Fable Heroes,1,0.0004
3508,1836570582,Faeria,1,0.0004
3509,1480657527,Faery: Legends of Avalon,1,0.0004
3510,1895194085,Fallout 2,1,0.0004
3511,2018435270,Fantasy Tower Defense,1,0.0004
3512,1480659903,Far Cry® 3 Blood Dragon,1,0.0004
3513,2036551350,FAR: Lone Sails,1,0.0004
3514,1911829644,Farewell North,1,0.0004
3515,1861337590,Farmer's Life,1,0.0004
3516,1640889440,Farmer Survivors,1,0.0004
3517,495246139,FAST & FURIOUS CROSSROADS,1,0.0004
3518,1775857297,FatalZone,1,0.0004
3519,144125902,Fearful Symmetry & the Cursed Prince,1,0.0004
3520,1672045983,Feather,1,0.0004
3521,1976977433,Fell Seal: Arbiter's Mark,1,0.0004
3522,1894147058,Figment 2: Creed Valley,1,0.0004
3523,1973325811,Figure 8,1,0.0004
3524,1691849278,FINAL FANTASY IV,1,0.0004
3525,1799236568,FINAL FANTASY V,1,0.0004
3526,1677004965,FINAL FANTASY VII WINDOWS EDITION,1,0.0004
3527,1653694302,FINAL FANTASY VIII Remastered WINDOWS EDITION,1,0.0004
3528,487997863,FINAL FANTASY XIII,1,0.0004
3529,1480657373,Final Fight: DblImpact,1,0.0004
3530,1918859748,Finis,1,0.0004
3531,1832263068,Fire & Water,1,0.0004
3532,119096754,Firefighters – The Simulation,1,0.0004
3533,1910620295,Fish Tank,1,0.0004
3534,1918931441,Fishing Adventure,1,0.0004
3535,2036378877,Fission Superstar X,1,0.0004
3536,1685119785,Fit And Fry: Organized Chef,1,0.0004
3537,1805284872,Five Nights at Freddy's: Help Wanted 2,1,0.0004
3538,1778095902,Flappy Bird,1,0.0004
3539,1691539579,Flappy Fly,1,0.0004
3540,1655829835,Flappy Halloween Fun,1,0.0004
3541,774459605,Flashback,1,0.0004
3542,1965288144,FLASHOUT 3,1,0.0004
3543,1782426167,Flat Heroes,1,0.0004
3544,1342586931,Flockers,1,0.0004
3545,2084886611,Flowers - Color by Numbers,1,0.0004
3546,1952293824,Flutter Bombs,1,0.0004
3547,1631937859,Food Boy,1,0.0004
3548,1757667844,Food Truck Simulator,1,0.0004
3549,1674804687,Football Cup 2022,1,0.0004
3550,1634118154,Football Manager 2021 Xbox Edition,1,0.0004
3551,1712769195,Football Manager 2022 Xbox Edition,1,0.0004
3552,1636389490,Football Mini Stars,1,0.0004
3553,1716454905,Forge of Empires,1,0.0004
3554,1882538785,Forgive Me Father 2,1,0.0004
3555,2119226481,Formula Drag Race,1,0.0004
3556,1968157546,Fort Boyard,1,0.0004
3557,2093936173,Fossilfuel 2,1,0.0004
3558,619521674,Four Sided Fantasy,1,0.0004
3559,1707037087,Fox Legend,1,0.0004
3560,2058212417,Frane: Dragons' Odyssey,1,0.0004
3561,1690071668,Freddy Spaghetti,1,0.0004
3562,1765633807,Free the Animation,1,0.0004
3563,1945489665,Frog Detective: The Entire Mystery,1,0.0004
3564,2055192299,FRONT MISSION 2: Remake,1,0.0004
3565,1776085745,Fruitbus,1,0.0004
3566,1900462811,FTL: Faster Than Light,1,0.0004
3567,1857915695,Fuga: Melodies of Steel 3,1,0.0004
3568,1978204673,Full Metal Furies,1,0.0004
3569,893913057,Full Spectrum Warrior,1,0.0004
3570,2027986430,Fury Unleashed,1,0.0004
3571,1627281209,FUSER™,1,0.0004
3572,1870314278,G.I. JOE: WRATH OF COBRA,1,0.0004
3573,1643768709,Gabriels Worlds The Adventure,1,0.0004
3574,1983573482,Gang Blast,1,0.0004
3575,2130932422,Gang Wars - Cards and Bullets,1,0.0004
3576,2007728129,Gangsta Paradise,1,0.0004
3577,1886710680,Garden Witch Life,1,0.0004
3578,798673829,Gas Guzzlers Extreme,1,0.0004
3579,1644860924,Gato Roboto,1,0.0004
3580,1857790958,Geometry DashCraft Editor,1,0.0004
3581,2101650920,Geometry Jump - Impossible Dash,1,0.0004
3582,1925360122,Gex Trilogy,1,0.0004
3583,1881258316,Ghost Song,1,0.0004
3584,1785159792,Ghost Sync,1,0.0004
3585,1764179402,Ghoulie's Garden,1,0.0004
3586,2045688705,Giana Sisters: Twisted Dreams - Director's Cut,1,0.0004
3587,1976250970,Giant Machines 2017,1,0.0004
3588,1818898453,Giant Rush,1,0.0004
3589,1845982020,Gigapocalypse,1,0.0004
3590,1631500637,Gimmick! Special Edition,1,0.0004
3591,1480657167,Gin Rummy,1,0.0004
3592,1768725797,Girls of the Tower,1,0.0004
3593,1941242183,Glass Masquerade 2,1,0.0004
3594,1880242181,Global City,1,0.0004
3595,1841005271,Gloomy Eyes,1,0.0004
3596,1921312281,Glorious Savior,1,0.0004
3597,2021127339,Gnomes Garden 8: Return of the Queen,1,0.0004
3598,1824794947,GNOSIA,1,0.0004
3599,1770092694,Going Under,1,0.0004
3600,1960569547,Gold Chest Hunter,1,0.0004
3601,1480656994,Golden Axe,1,0.0004
3602,1665026867,Golf Club Nostalgia,1,0.0004
3603,1870022767,Golf Rival - Multiplayer Game,1,0.0004
3604,1764365251,Golf Up,1,0.0004
3605,1641758497,Golf Zero,1,0.0004
3606,1480657057,Golf: Tee It Up!,1,0.0004
3607,2069242747,Gomoku Plus - PC & XBOX,1,0.0004
3608,2048825105,Goosebumps Dead of Night,1,0.0004
3609,2043449905,Gori: Cuddly Carnage,1,0.0004
3610,144763408,Gorogoa,1,0.0004
3611,1928735157,Grand Theft Auto VIㅤ,1,0.0004
3612,2115644287,Gravity : Galaxy Attack,1,0.0004
3613,2140309950,Gravity Duck,1,0.0004
3614,2083459521,Greak: Memories of Azur,1,0.0004
3615,1705150859,Greedland,1,0.0004
3616,1953035485,Green Soldiers Heroes,1,0.0004
3617,1981717681,Grey Skies: A War of the Worlds Story,1,0.0004
3618,1712385617,Greyhill Incident - Abducted Edition,1,0.0004
3619,671675837,GRIP,1,0.0004
3620,1979565072,Grit and Valor - 1949,1,0.0004
3621,1721745092,Grizzly Bear is Hungry,1,0.0004
3622,382500216,Growtopia,1,0.0004
3623,2018425452,Guacamelee! 2,1,0.0004
3624,1480657707,GUARDIAN HEROES (TM),1,0.0004
3625,606152324,GWENT: The Witcher Card Game,1,0.0004
3626,2014654365,Halloween - Color by Numbers,1,0.0004
3627,1831385363,Halloween - Color by Numbers +,1,0.0004
3628,2083908949,Halloween 1985,1,0.0004
3629,1297292157,Halo: Spartan Assault,1,0.0004
3630,1790693818,Halo: Spartan Assault Lite,1,0.0004
3631,1640358223,Hammerwatch Anniversary Edition,1,0.0004
3632,1704654963,Happy's Humble Burger Farm,1,0.0004
3633,1885733472,Happy Words,1,0.0004
3634,1480657432,Hard Corps: Uprising,1,0.0004
3635,1871556035,Hard West Ultimate Edition,1,0.0004
3636,1879237097,Harvest Moon: Home Sweet Home Special Edition,1,0.0004
3637,1744137265,Hatsune Miku Logic Paint S,1,0.0004
3638,1810774943,Hatup,1,0.0004
3639,513317848,Haunted Halloween '86,1,0.0004
3640,1924130173,Haven,1,0.0004
3641,1940198155,Headliner: NoviNews,1,0.0004
3642,1754148865,Heads Up! Phones Down Edition,1,0.0004
3643,1790154846,Heart Box,1,0.0004
3644,229669525,Heart&Slash,1,0.0004
3645,2011688457,Hearts Card Game!,1,0.0004
3646,2062957237,Hell Let Loose: Vietnam,1,0.0004
3647,2106173846,Hello Guest,1,0.0004
3648,2092983847,Hello Neighbor 2 Alpha 1,1,0.0004
3649,1986686957,Hello Zombies,1,0.0004
3650,1950272122,Hellpoint,1,0.0004
3651,1687835525,Helping Santa,1,0.0004
3652,1661259537,"HEN, CHICKS AND CATS",1,0.0004
3653,1992858848,Heretic's Fork,1,0.0004
3654,1760815176,Hero's Hour,1,0.0004
3655,2098139948,Hero Express,1,0.0004
3656,2041012214,Hero of Fate,1,0.0004
3657,1766113023,Heroine Anthem Zero 2 : Scalescars Oath,1,0.0004
3658,2117761957,Hidden Animals - Photo Hunt,1,0.0004
3659,1822597971,Hidden Cats in London,1,0.0004
3660,1796297550,Hidden Cats in New York,1,0.0004
3661,1702609951,Hidden Cats in Paris,1,0.0004
3662,1789922063,Hidden Cats in Rome,1,0.0004
3663,1667810067,Hidden Kittens: Kingdom of Cats,1,0.0004
3664,1836720139,Higgs Boson: Puzzle Collection,1,0.0004
3665,1698597039,Hokko Life,1,0.0004
3666,2056748167,Home Sheep Home: Farmageddon Party Edition,1,0.0004
3667,1665613490,Horse Club Adventures 2: Hazelwood Stories,1,0.0004
3668,1713780480,HOTEL BARCELONA,1,0.0004
3669,2032696661,Hotel: A Resort Simulator,1,0.0004
3670,1646312420,House Builder,1,0.0004
3671,948876029,Hover,1,0.0004
3672,1827075606,Human Zoo Tycoon,1,0.0004
3673,1981583062,Hunt Ducks II,1,0.0004
3674,1702750733,Huntdown,1,0.0004
3675,1498810322,Hunter: The Reckoning,1,0.0004
3676,2147313770,Hunting Simulator 3,1,0.0004
3677,720702755,Hyper Light Drifter,1,0.0004
3678,1715426744,Hyper Panda,1,0.0004
3679,1935779345,HyperDot,1,0.0004
3680,1784847115,Hypnospace Outlaw,1,0.0004
3681,1793634692,I'm on Observation Duty 6,1,0.0004
3682,1622108683,I Am Your President,1,0.0004
3683,2129720796,"I Have No Mouth, and I Must Scream",1,0.0004
3684,1701003819,IceLine,1,0.0004
3685,1634824534,Iconoclasts,1,0.0004
3686,1634954007,Icy Gifts,1,0.0004
3687,2129836595,IIN,1,0.0004
3688,2082203967,INAYAH - Life after Gods,1,0.0004
3689,1654140051,Indiana Jones and the Great Circle™: Digital Artbook,1,0.0004
3690,1686154202,Indoor Kickball,1,0.0004
3691,364529562,Infinite Air with Mark McMorris,1,0.0004
3692,909182696,Infinite Minigolf,1,0.0004
3693,1712511027,Inkulinati,1,0.0004
3694,1981290513,Instant War: Ultimate Warfare,1,0.0004
3695,1742985601,Into the Restless Ruins,1,0.0004
3696,650896382,iO,1,0.0004
3697,2054032545,Iris Fall,1,0.0004
3698,2062191225,Iron Meat,1,0.0004
3699,2106995952,Island Cities - Jigsaw Puzzle,1,0.0004
3700,2037878259,Island Farmer,1,0.0004
3701,1757844217,Islanders,1,0.0004
3702,1759196295,ISLANDERS: New Shores,1,0.0004
3703,1789470804,IXION,1,0.0004
3704,718727066,Jagged Alliance: Rage!,1,0.0004
3705,961294040,Jet Car Stunts,1,0.0004
3706,1923804355,Jet Kave Adventure,1,0.0004
3707,1776716222,Jewel Fever 3,1,0.0004
3708,1913672112,Jewel Match Atlantis Solitaire Collector's Edition,1,0.0004
3709,1938551589,Jewels of Egypt: Match 3 Puzzle Game,1,0.0004
3710,2059455934,Jewels of Rome: Match-3 and City Building Game!,1,0.0004
3711,2027111980,Jigsaw Saga for PC & XBOX,1,0.0004
3712,1633770627,Jigsaw Woof for PC & Xbox,1,0.0004
3713,1480659446,Joe Danger 2: The Movie,1,0.0004
3714,1823446322,John Wick Hex,1,0.0004
3715,1691514153,JoJo Siwa: Worldwide Party,1,0.0004
3716,1869834098,Journey of Johann: Grasslands,1,0.0004
3717,944228222,Journey to the Savage Planet,1,0.0004
3718,1480656856,Joust,1,0.0004
3719,2056504207,Juiced Fruit Racing,1,0.0004
3720,1982477375,Jumanji: Wild Adventures,1,0.0004
3721,683015573,JumpJet Rex,1,0.0004
3722,1773156258,Jurassic Park Classic Games Collection,1,0.0004
3723,1752507315,Jurassic Park: Survival,1,0.0004
3724,1656041877,Just a Little Purr Suit,1,0.0004
3725,1396901845,Just Cause,1,0.0004
3726,1018418364,JYDGE,1,0.0004
3727,1873447830,KAKU - Ancient Seal,1,0.0004
3728,1819728245,Kalinur,1,0.0004
3729,1990562810,Kamaeru: A Frog Refuge,1,0.0004
3730,1849548443,Kamikaze Lassplanes,1,0.0004
3731,1751090642,Kaze and the Wild Masks,1,0.0004
3732,1833960090,Kentucky Route Zero: TV Edition,1,0.0004
3733,1663335034,"Kick it, Bunny!",1,0.0004
3734,2110891029,KILL IT WITH FIRE! 2,1,0.0004
3735,1817077599,Kill The Brickman,1,0.0004
3736,2124401256,King's Bounty II,1,0.0004
3737,2072806887,King Arthur: Knight's Tale,1,0.0004
3738,1672473394,King K Roller,1,0.0004
3739,1957464297,King K Roller 2,1,0.0004
3740,1431504851,King Kong,1,0.0004
3741,1711332838,KINGDOM HEARTS Melody of Memory,1,0.0004
3742,1871178585,Kingdom Rush,1,0.0004
3743,1674297685,Kingdom Rush Frontiers,1,0.0004
3744,1992283783,Kingdom Rush Origins,1,0.0004
3745,1700273919,KinnikuNeko: SUPER MUSCLE CAT,1,0.0004
3746,1745241155,Kitten Island,1,0.0004
3747,1645882991,Kitten Island 2,1,0.0004
3748,1980119086,Klondike Adventures,1,0.0004
3749,1636503815,Klondike Solitaire PLUS,1,0.0004
3750,2090287182,KLONOA Phantasy Reverie Series,1,0.0004
3751,1967544348,Knightica,1,0.0004
3752,2008175655,Knights of Pen and Paper +1 Deluxier Edition,1,0.0004
3753,2134355886,Kong: Survivor Instinct,1,0.0004
3754,1003487612,Korgan,1,0.0004
3755,1690343057,Kotenok,1,0.0004
3756,1615084118,Kubics,1,0.0004
3757,128932130,Kung-Fu for Kinect,1,0.0004
3758,1900505119,Kung Fu Panda Showdown of Legendary Legends,1,0.0004
3759,1632716739,Kvark,1,0.0004
3760,1615382054,L.O.L. Surprise! B.B.s BORN TO TRAVEL™,1,0.0004
3761,1885571558,Lab Crisis,1,0.0004
3762,1794920029,Laika: Aged Through Blood,1,0.0004
3763,1642491282,Lamentum,1,0.0004
3764,1857859131,Lara Croft and the Temple of Osiris,1,0.0004
3765,75024710,Laser League,1,0.0004
3766,930893366,Late Shift,1,0.0004
3767,2114717078,Laundry Simulator,1,0.0004
3768,1823001166,Layer Section™ & Galactic Attack™ S-Tribute,1,0.0004
3769,1647023800,Legend Bowl,1,0.0004
3770,2121317693,LEGO® Builder's Journey,1,0.0004
3771,831141864,Leo's Fortune,1,0.0004
3772,1615612677,Let's Cook Together 2,1,0.0004
3773,2010017776,Let's Sing 2020,1,0.0004
3774,1653931031,Let's Sing 2021 mit deutschen Hits,1,0.0004
3775,2046118756,Let's Sing 2022,1,0.0004
3776,1848425529,Let's Sing 2025,1,0.0004
3777,343026851,Let Them Come,1,0.0004
3778,1716669263,Levelhead,1,0.0004
3779,443209874,Lichdom: Battlemage,1,0.0004
3780,2077899956,Life Simulator Choices,1,0.0004
3781,1761905942,Lifeless Planet: Premier Edition,1,0.0004
3782,2097293502,Lil' Guardsman,1,0.0004
3783,1626359755,Liquid Cat,1,0.0004
3784,1689936313,Little Big Workshop,1,0.0004
3785,1904271832,Little Ninja Big Adventure,1,0.0004
3786,2038341591,Little Noah: Scion of Paradise,1,0.0004
3787,2004232535,Little Ralph,1,0.0004
3788,2137538060,Little Triangle,1,0.0004
3789,1778148060,Little Witch in the Woods,1,0.0004
3790,1721636964,LocoCycle,1,0.0004
3791,1661176840,Long Ago: A Puzzle Tale,1,0.0004
3792,1813695902,Lord of the Click 5,1,0.0004
3793,2071892884,Lost Artifacts,1,0.0004
3794,765558687,Lost Grimoires 2: Shard of Mystery,1,0.0004
3795,1795422557,Lost Grimoires 3: The Forgotten Well,1,0.0004
3796,2061418277,Lost Ruins,1,0.0004
3797,1693943612,Lost Snowmen,1,0.0004
3798,2104061721,Lovecraft's Untold Stories,1,0.0004
3799,1795081986,Luck be a Landlord,1,0.0004
3800,1960461194,Ludo Parchis Classic+,1,0.0004
3801,1845341024,Lumo 2,1,0.0004
3802,1634336729,LUNAR Remastered Collection,1,0.0004
3803,1480656909,Luxor 2,1,0.0004
3804,1632667399,Machinarium,1,0.0004
3805,1697593036,Mad Experiments 2: Escape Room,1,0.0004
3806,1631809691,Mad Experiments: Escape Room,1,0.0004
3807,1414793341,Mafia II,1,0.0004
3808,1625265143,MageQuit,1,0.0004
3809,1480657727,Magic 2012,1,0.0004
3810,1537894068,Magic 2015,1,0.0004
3811,1480656992,Magic: The Gathering,1,0.0004
3812,2025595622,Mahjong 3!,1,0.0004
3813,1636466973,Maniac,1,0.0004
3814,1673627940,Manor Matters,1,0.0004
3815,1887884529,Mansion Tale,1,0.0004
3816,798834281,Manual Samuel Last Tuesday Edition,1,0.0004
3817,2100873169,Many Faces: Console Edition,1,0.0004
3818,1921177861,Marathon,1,0.0004
3819,1480656990,Marathon: Durandal,1,0.0004
3820,1892588230,Marcianitos,1,0.0004
3821,1654028464,Mars Survivor,1,0.0004
3822,1660014451,Marshmallow Marvin: Greenwood,1,0.0004
3823,1641505677,Marshmallow Marvin: Templestone,1,0.0004
3824,1635327057,Marshmallow Marvin: Timberfall,1,0.0004
3825,2117648871,Martha Is Dead,1,0.0004
3826,2070387189,Massi,1,0.0004
3827,2101763619,Master Brick Breaker XBox,1,0.0004
3828,2036365170,Master Lemon: The Quest for Iceland,1,0.0004
3829,1698192470,Matchbox™ Driving Adventures,1,0.0004
3830,2028075036,Mayhem Brawler,1,0.0004
3831,1865450693,MCA-UNLISTED,1,0.0004
3832,1870541750,Medieval Defenders,1,0.0004
3833,1112934356,Meet the Robinsons,1,0.0004
3834,1911247850,Meet Your Maker,1,0.0004
3835,1633855799,Mega Coin Squad,1,0.0004
3836,1480657194,MEGA MAN 9,1,0.0004
3837,1624454834,Mel The Cat,1,0.0004
3838,1770237856,Meow and the Diamond Jump,1,0.0004
3839,1897863055,Meow Moments: Celebrating Geeks & Athletes,1,0.0004
3840,1625774388,Meow Moments: Celebrating Renewal & Romance,1,0.0004
3841,1671140861,Metavoidal,1,0.0004
3842,2090899308,Metro Racer,1,0.0004
3843,2057143104,MetroLand,1,0.0004
3844,1784809524,MIDNIGHT Remastered,1,0.0004
3845,1480657048,Military Madness,1,0.0004
3846,2053936784,Mimi the Cat: Mimi's Scratcher,1,0.0004
3847,1816010482,MindSeize,1,0.0004
3848,148376670,Minecraft: Story Mode - Season Two,1,0.0004
3849,1954760880,Minigolf Adventure,1,0.0004
3850,970011336,MINIT,1,0.0004
3851,1677981874,Minos Dungeon,1,0.0004
3852,1790559387,Miraculous: Rise of the Sphinx,1,0.0004
3853,1617150200,Mission Chief,1,0.0004
3854,2131317832,Mists of Noyah,1,0.0004
3855,1744505425,Modern Combat 5: Blackout,1,0.0004
3856,2066653010,Momodora: Moonlit Farewell,1,0.0004
3857,284143677,Momodora: Reverie Under the Moonlight,1,0.0004
3858,1480657301,Monkey Island: SE,1,0.0004
3859,2078832385,Monster Energy Supercross 4 - Xbox Series X|S,1,0.0004
3860,2112123895,Monster Island,1,0.0004
3861,703886774,Monster Jam: Crush It!,1,0.0004
3862,2128710093,Monster Sanctuary (Windows Version),1,0.0004
3863,410266496,Monster Slayers,1,0.0004
3864,1956589316,Montgomery Fox And The Case Of The Diamond Necklace (Xbox),1,0.0004
3865,1753872149,Montgomery Fox And The Case Of The Missing Ballerinas (Xbox),1,0.0004
3866,1480657453,MOON DIVER,1,0.0004
3867,688816924,Moon Hunters,1,0.0004
3868,1983120305,Moon Mystery,1,0.0004
3869,1960491525,Morbid: The Lords of Ire,1,0.0004
3870,1930493464,Mortal Glory 2,1,0.0004
3871,1697419723,Mostroscopy,1,0.0004
3872,199170438,MOTHERGUNSHIP,1,0.0004
3873,1766907656,MotoGP™21 - Xbox Series X|S,1,0.0004
3874,1711524853,Motorbike Racing,1,0.0004
3875,1763809257,MOUTHOLE,1,0.0004
3876,1908222793,Mr Trials,1,0.0004
3877,1749577828,Mr. DRILLER DrillLand,1,0.0004
3878,1856726040,Mr. Massagy: Mayo Edition,1,0.0004
3879,1657204030,Mr. Pumpkin 2: Kowloon walled city,1,0.0004
3880,1768155647,Mr. T-Shirt,1,0.0004
3881,2091286911,Mudness Offroad - 4x4 Truck Car Simulator,1,0.0004
3882,115698273,Mulaka,1,0.0004
3883,1869281587,Mummy Pinball,1,0.0004
3884,2048511735,Munchkin: Quacked Quest,1,0.0004
3885,1834840157,Murder House,1,0.0004
3886,1652829137,Mushroom Savior,1,0.0004
3887,1937457147,Mutant Year Zero: Road to Eden,1,0.0004
3888,1819478229,My Bakery Empire,1,0.0004
3889,2017928962,My Life: Pet Vet,1,0.0004
3890,1781008619,MY LITTLE PONY: A Maretime Bay Adventure,1,0.0004
3891,444406800,My Little Riding Champion,1,0.0004
3892,2078262992,My Time at Sandrock Online,1,0.0004
3893,1761109525,My Universe - School Teacher,1,0.0004
3894,1911275658,MyMaitê,1,0.0004
3895,1875292753,Mystery of the Opera: The Phantom's Secret,1,0.0004
3896,1653999253,MythForce,1,0.0004
3897,1825993656,MyWhoosh HD,1,0.0004
3898,2070906964,NAMCO MUSEUM® ARCHIVES Vol 1,1,0.0004
3899,878282273,NBA 2K17: The Prelude,1,0.0004
3900,919412218,Necromunda: Underhive Wars,1,0.0004
3901,1713716935,Neon Block Adventure,1,0.0004
3902,617479290,Neon Chrome,1,0.0004
3903,1976357350,Neon Junctions,1,0.0004
3904,1695928641,Neon Tail,1,0.0004
3905,1703518315,Neoverse,1,0.0004
3906,1755993580,Nerd Survivors,1,0.0004
3907,910593568,Never Alone (Kisima Ingitchuna),1,0.0004
3908,533519920,Nevermind,1,0.0004
3909,1910350587,New Star™ GP,1,0.0004
3910,1637601167,Nexoria: Dungeon Rogue Heroes,1,0.0004
3911,1619386237,Nick Jr. Party Adventure,1,0.0004
3912,1887596214,Nickelodeon All-Star Brawl,1,0.0004
3913,1649213028,Nigger Tycoon,1,0.0004
3914,1866853742,Night at the Gates of Hell,1,0.0004
3915,1900870116,Night Call,1,0.0004
3916,2000514300,Nightmare Reaper,1,0.0004
3917,1020187268,Nine Parchments,1,0.0004
3918,2043833523,Nippon Marathon,1,0.0004
3919,1732084298,No Puedes Escapar,1,0.0004
3920,1980658153,NO THING,1,0.0004
3921,1910835207,No Time to Relax,1,0.0004
3922,1993181112,Northgard,1,0.0004
3923,2030829630,Nova Lands,1,0.0004
3924,1915865634,Nowhere Prophet,1,0.0004
3925,1869491359,Null Drifter,1,0.0004
3926,2081999852,Observer: System Redux,1,0.0004
3927,2074956981,Oddworld: Soulstorm Enhanced Edition,1,0.0004
3928,1778851260,Oddworld: Stranger's Wrath HD,1,0.0004
3929,1129121809,OF: Dragon Rising,1,0.0004
3930,202265903,Oh...Sir! The Hollywood Roast,1,0.0004
3931,303740234,Oh...Sir! The Insult Simulator,1,0.0004
3932,1382263737,OlliOlli,1,0.0004
3933,469262489,OlliOlli2: XL Edition,1,0.0004
3934,1986709804,Omensight,1,0.0004
3935,2056649222,One Escape,1,0.0004
3936,1881526368,One Finger Death Punch 2,1,0.0004
3937,1707083836,One Military Camp,1,0.0004
3938,1756731867,One Step From Eden,1,0.0004
3939,1964152695,OneShot: World Machine Edition,1,0.0004
3940,1207405244,Onigiri,1,0.0004
3941,926156714,Onimusha: Warlords,1,0.0004
3942,1793239917,Ooblets,1,0.0004
3943,1785702340,Opaloid Kingdom,1,0.0004
3944,2129795093,Operation Wolf Returns: First Mission,1,0.0004
3945,1818497971,Operation: Polygon Storm,1,0.0004
3946,1915622580,Ord.,1,0.0004
3947,1794026365,Order of Battle: World War II,1,0.0004
3948,1904294237,Outcast - A New Beginning,1,0.0004
3949,817391198,Outcast - Second Contact,1,0.0004
3950,1842520099,Outlaw 8s,1,0.0004
3951,1960688392,Overboss,1,0.0004
3952,1958257709,Overpass 2,1,0.0004
3953,2002349228,OVERPASS™,1,0.0004
3954,1949523812,Override 2: Super Mech League,1,0.0004
3955,461678894,Owlboy,1,0.0004
3956,2013199752,PAC-MAN Mega Tunnel Battle: Chomp Champs,1,0.0004
3957,1906677498,PAC-MAN MUSEUM+,1,0.0004
3958,2095680211,Pacific Wings (Xbox-Edition),1,0.0004
3959,2059236272,Paint by Numbers - Dinosaurs +,1,0.0004
3960,1678601004,Paint Path,1,0.0004
3961,348018268,Pang Adventures,1,0.0004
3962,1619894747,Panzer Paladin,1,0.0004
3963,2037036894,Paradox Error,1,0.0004
3964,2109352452,Park Town: Match 3 Game with a story,1,0.0004
3965,1836785866,ParkourLand Elite: Playground,1,0.0004
3966,2000145726,Party Arcade,1,0.0004
3967,1798400755,Pathologic 2,1,0.0004
3968,1981398452,Peaky Blinders: Mastermind,1,0.0004
3969,1949535961,Peepaw's Farm,1,0.0004
3970,1760424877,Penguin Dash!,1,0.0004
3971,1990620316,Persona 4 Revival,1,0.0004
3972,1867683926,Persona 5 Tactica,1,0.0004
3973,1924033897,Pets Hidden In The Office,1,0.0004
3974,2083704738,Phantom Abyss,1,0.0004
3975,1836794259,Phantom Breaker: Battle Grounds Ultimate,1,0.0004
3976,1032585022,Phantom Doctrine,1,0.0004
3977,1706040396,Phantom Fury,1,0.0004
3978,2114369983,Pickleball Smash,1,0.0004
3979,1914519751,Pillars of Eternity: Hero Edition,1,0.0004
3980,1738748704,Pipe Dream Xbox Edition,1,0.0004
3981,1809846199,Pirate Bloopers,1,0.0004
3982,2082686109,Pirate Days,1,0.0004
3983,1663428955,Pirates Outlaws,1,0.0004
3984,1911968632,PJ Masks Power Heroes: Mighty Alliance,1,0.0004
3985,2024485825,PJ Masks: Heroes of the Night,1,0.0004
3986,340271216,Planet Alpha,1,0.0004
3987,1859436735,"Please, Don't Touch Anything",1,0.0004
3988,1708004953,Pocket League Story,1,0.0004
3989,1689470922,Pocket Stables,1,0.0004
3990,1690574302,POKE-GEOMETRY,1,0.0004
3991,1972300274,Police Stories,1,0.0004
3992,2043431174,Pong by Yesser Studios,1,0.0004
3993,1990193950,Poop Match 3,1,0.0004
3994,2007252653,Poppy Kart,1,0.0004
3995,2071988780,Port Royale 4,1,0.0004
3996,1923260943,Power of Ten,1,0.0004
3997,1919133963,Praetorians - HD Remaster,1,0.0004
3998,34123030,Premium Pool Arena,1,0.0004
3999,1738616875,Primal Survivors,1,0.0004
4000,1882609569,Prison Simulator,1,0.0004
4001,2131056255,Prizma Puzzle Prime,1,0.0004
4002,1988040864,Prizma Puzzle Prime (Windows),1,0.0004
4003,1755544820,Pro Gymnast Simulator,1,0.0004
4004,2116922454,Prodeus,1,0.0004
4005,2141271000,Project Nightmares Case 36: Henrietta Kedward,1,0.0004
4006,1624350228,Project Spark,1,0.0004
4007,1740970769,Project Starship X,1,0.0004
4008,1897198063,Promise Mascot Agency,1,0.0004
4009,1676570198,Protodroid DeLTA,1,0.0004
4010,1727742185,Psychroma,1,0.0004
4011,1973717551,Puff Up,1,0.0004
4012,670498748,Pumped BMX +,1,0.0004
4013,606673599,Pumped BMX Pro,1,0.0004
4014,1962369921,Pumpkin Jack,1,0.0004
4015,1684904215,Purrfect Rescue,1,0.0004
4016,1744408621,Puzzle by Nikoli W Slitherlink,1,0.0004
4017,1480657046,Puzzle Quest,1,0.0004
4018,2049279350,Puzzle Quest: Immortal Edition,1,0.0004
4019,1712756366,PuzzlePet - Feed Your Cat,1,0.0004
4020,753341513,Q*bert REBOOTED: The XBOX One @!#?@! Edition,1,0.0004
4021,1480657096,Quake Arena Arcade,1,0.0004
4022,1697847173,Quake III Arena,1,0.0004
4023,1797390641,Quartz Caverns,1,0.0004
4024,592738720,Quatros Origins,1,0.0004
4025,1801662160,Queen's Quest 2: Stories of Forgotten Past (Xbox One Version),1,0.0004
4026,1992803024,Queen's Quest 3: The End of Dawn (Xbox One Version),1,0.0004
4027,2044347829,Quilts and Cats of Calico,1,0.0004
4028,1902394396,Quriocity,1,0.0004
4029,811152542,R.B.I. Baseball 17,1,0.0004
4030,1998043773,R.B.I. Baseball 19,1,0.0004
4031,319577309,RAD,1,0.0004
4032,1837564150,Ragdoll Fighter,1,0.0004
4033,1841771506,Raging Bytes,1,0.0004
4034,909166762,RAID: World War II,1,0.0004
4035,1297024977,Raiden IV,1,0.0004
4036,1912444422,RAIDOU Remastered: The Mystery of the Soulless Army,1,0.0004
4037,2115822601,Railbreak,1,0.0004
4038,1843263319,Railway Islands - Puzzle,1,0.0004
4039,1939174273,Railway Islands 2,1,0.0004
4040,1480659438,RAW,1,0.0004
4041,2020485838,RC Rush,1,0.0004
4042,1679987069,Real Heroes: Firefighter HD,1,0.0004
4043,1982760735,Rebel Cops,1,0.0004
4044,126264108,Rebel Galaxy,1,0.0004
4045,1639119449,Record of Lodoss War-Deedlit in Wonder Labyrinth-,1,0.0004
4046,2133414343,Recycling Center Simulator,1,0.0004
4047,1874599886,Red Cape Knight,1,0.0004
4048,1837273328,REDEX - Console Edition,1,0.0004
4049,2011859970,Redout 2,1,0.0004
4050,2140165399,Regions of Ruin,1,0.0004
4051,2091620971,Remains,1,0.0004
4052,1927790109,Rememoried,1,0.0004
4053,1883914934,RENNSPORT,1,0.0004
4054,655708836,Rento Fortune,1,0.0004
4055,1823990844,Rescue HQ - The Tycoon,1,0.0004
4056,1942787707,Resetail,1,0.0004
4057,1697218984,Retro Highway,1,0.0004
4058,1775421758,Return to Castle Wolfenstein,1,0.0004
4059,738113083,Reus,1,0.0004
4060,1720079154,Riders Republic - Trial Week,1,0.0004
4061,1930767830,RiffTrax: The Game,1,0.0004
4062,1414596725,Rio,1,0.0004
4063,695693557,Riptide GP: Renegade,1,0.0004
4064,1263339480,Risen,1,0.0004
4065,2091291974,River City Girls Zero,1,0.0004
4066,2135898119,River City Ransom,1,0.0004
4067,1837362362,Road Kings,1,0.0004
4068,1940745705,Road Maintenance Simulator,1,0.0004
4069,1875887673,ROAD TO EXOTICS,1,0.0004
4070,1787135558,Roarr! Jurassic Edition,1,0.0004
4071,1791949165,Robin Hood - Sherwood Builders,1,0.0004
4072,1715096411,RoboDunk,1,0.0004
4073,1480657562,Rock of Ages,1,0.0004
4074,2142930915,Rocket Arena,1,0.0004
4075,1832424764,Rocket Rats Xbox One,1,0.0004
4076,1935776307,Roger That: Merge Adventure Games!,1,0.0004
4077,1803575237,Rogue Loops,1,0.0004
4078,1888207061,Rogue Lords,1,0.0004
4079,189853082,Rogue Trooper Redux,1,0.0004
4080,239937556,ROMANCE OF THE THREE KINGDOMS XIII,1,0.0004
4081,1611214808,Romancing SaGa 3,1,0.0004
4082,1698735528,Roofcats Band - Suika Style,1,0.0004
4083,1799690846,Rookie Boxing,1,0.0004
4084,1826577300,Roundout by POWGI,1,0.0004
4085,1702363847,Rover Mechanic Simulator,1,0.0004
4086,1755556645,RPG Time: The Legend of Wright,1,0.0004
4087,2057579327,Rugby League Legends '23,1,0.0004
4088,1977071411,Rummy 500!,1,0.0004
4089,1690094100,Run Sausage Run!,1,0.0004
4090,2100473998,"Run, Elric! (Windows)",1,0.0004
4091,1891981031,Runasaurus Rex: Origins,1,0.0004
4092,1764533708,Russian Subway Dogs,1,0.0004
4093,520010865,RWBY: Grimm Eclipse,1,0.0004
4094,1480659510,Sacred Citadel,1,0.0004
4095,2076315601,Safari Cannon,1,0.0004
4096,1263339513,Saints Row IV,1,0.0004
4097,1743311963,Sam & Max Save the World,1,0.0004
4098,1969793666,Sam & Max: Beyond Time and Space,1,0.0004
4099,2106675045,Samurai Jack: Battle Through Time,1,0.0004
4100,1480657104,Samurai Shodown II,1,0.0004
4101,1657557697,SAMURAI WARRIORS 5 Trial version,1,0.0004
4102,1936146608,Scorn,1,0.0004
4103,1480656916,Scramble,1,0.0004
4104,1981563041,Screw Master Windows,1,0.0004
4105,2139098715,Section 13,1,0.0004
4106,1814784440,SENSHI SOKOBAN QUEST,1,0.0004
4107,1977411043,Sentry Paragon,1,0.0004
4108,1641777228,Serious Sam 4,1,0.0004
4109,2120089695,Severed Steel,1,0.0004
4110,1945317756,Shadow Labyrinth,1,0.0004
4111,1896773226,Shadowgate (remake),1,0.0004
4112,1953391836,Shadowrun Returns,1,0.0004
4113,1935829261,Shadowrun: Hong Kong - Extended Edition,1,0.0004
4114,1619485722,Shadows of Doubt,1,0.0004
4115,1908885199,Shadows of the Damned: Hella Remastered,1,0.0004
4116,1658192345,Shaman's Mask of the Rune Magic,1,0.0004
4117,1480659468,Shank™2,1,0.0004
4118,2093075517,Shantae and the Seven Sirens,1,0.0004
4119,1774500212,Shantae: Risky's Revenge - Director's Cut,1,0.0004
4120,2135756462,ShapeNeon Chaos,1,0.0004
4121,1698082433,SHARK! SHARK!,1,0.0004
4122,1805286140,Sheep Run,1,0.0004
4123,21560138,Sheltered,1,0.0004
4124,1022228933,Shenmue II,1,0.0004
4125,2145390992,Sherlock Holmes: Crimes and Punishments Redux,1,0.0004
4126,2123021352,Sherlock Holmes: The Devil's Daughter Redux,1,0.0004
4127,1744177032,Sherlock: Detective Hidden Object & Match 3 Game,1,0.0004
4128,2106821597,Shogun Showdown,1,0.0004
4129,629977034,Shoppe Keep,1,0.0004
4130,2144724056,Short Track Showdown,1,0.0004
4131,1740491486,Shovel Knight Dig,1,0.0004
4132,1811056861,Shred! 2 - ft Sam Pilgrim,1,0.0004
4133,1722225478,Siegecraft Commander,1,0.0004
4134,2123337926,Simple Mahjong,1,0.0004
4135,1880975663,Simple Solitaire,1,0.0004
4136,1673805558,SIMULACRA,1,0.0004
4137,528264958,Sine Mora EX,1,0.0004
4138,1480659508,SINE MORA™,1,0.0004
4139,2120931003,Sins of a Solar Empire: Rebellion,1,0.0004
4140,2100742349,Sir Whoopass: Immortal Death,1,0.0004
4141,1699661138,SKELER BOY - Prologue,1,0.0004
4142,1702620268,SkiFree,1,0.0004
4143,972210258,Sky Force Anniversary,1,0.0004
4144,1816848556,Sky of Destruction,1,0.0004
4145,1619226313,Sky Rogue,1,0.0004
4146,2063272043,Sky Roll!,1,0.0004
4147,1626739731,Sky Survivors,1,0.0004
4148,687576060,Skylanders SuperChargers Portal Owner's Pack,1,0.0004
4149,2008860920,Skyline Bowling,1,0.0004
4150,708889423,Slain: Back from Hell,1,0.0004
4151,2056811528,Slime Heroes,1,0.0004
4152,2029524233,Slitterhead,1,0.0004
4153,1770238303,Smart Moves 2,1,0.0004
4154,1648364111,Snack and Quack,1,0.0004
4155,1866835346,Snoopy & The Great Mystery Club,1,0.0004
4156,2023716362,SNWBRD: Freestyle Snowboarding,1,0.0004
4157,16468936,So Many Me,1,0.0004
4158,1612892329,Sokocrab,1,0.0004
4159,1914712372,SokoFrog,1,0.0004
4160,1977811296,Sokomage,1,0.0004
4161,1992608598,Solar Ash,1,0.0004
4162,1652188636,Solitaire !,1,0.0004
4163,1618794811,Solitaire 3D,1,0.0004
4164,1957628887,Solitaire Collection Free,1,0.0004
4165,1975379368,Solitaire Tour: Classic Tripeaks Card Games,1,0.0004
4166,1837367469,SolSeraph,1,0.0004
4167,1624587951,Sorry We're Closed,1,0.0004
4168,1984977630,Souldiers,1,0.0004
4169,1627345546,Space Adventure Cobra - The Awakening,1,0.0004
4170,1718103769,Space Gladiators,1,0.0004
4171,1653039783,Space Invader 7 Trial,1,0.0004
4172,2031217305,Space Moth Lunar Edition,1,0.0004
4173,2019598589,Space War: Infinity,1,0.0004
4174,1867036629,Space Warlord Organ Trading Simulator,1,0.0004
4175,2081715802,Spartan Firefight,1,0.0004
4176,2110528847,Spartan Runner,1,0.0004
4177,1624072675,Speed 3 - Grand Prix,1,0.0004
4178,1794398757,Spell Disk,1,0.0004
4179,1943663664,SpellForce III Reforced,1,0.0004
4180,1630371775,SpellForce: Conquest of Eo,1,0.0004
4181,817914702,Spellspire,1,0.0004
4182,1813536506,Sphere Game V2,1,0.0004
4183,1851544061,Spider - Solitaire Collection,1,0.0004
4184,196851457,Spike Volleyball,1,0.0004
4185,1712871656,Spirit Hunters: Infinite Horde,1,0.0004
4186,1734092917,Spirit of the North: Enhanced Edition,1,0.0004
4187,1824506323,Spirit Swap: Lofi Beats to Match-3 To,1,0.0004
4188,1962192040,SpongeBob: Krusty Cook-Off,1,0.0004
4189,2045695664,SpongeBob: Krusty Cook-Off Extra Krusty Edition,1,0.0004
4190,1676037121,Spooky's Jump Scare Mansion: HD Renovation,1,0.0004
4191,1746694892,Sports Renovations,1,0.0004
4192,1645584645,Spot Challenge Vol. 4,1,0.0004
4193,1910694934,SpotCat vs The Cheddar Mafia In The Americas,1,0.0004
4194,2063855906,STAR OCEAN THE DIVINE FORCE,1,0.0004
4195,2088823549,Star Trek: Legends,1,0.0004
4196,1112934457,STAR WARS Jedi Starfighter,1,0.0004
4197,1992651140,STAR WARS™: Dark Forces Remaster,1,0.0004
4198,145718352,Stardust Galaxy Warriors: Stellar Climax,1,0.0004
4199,1961172653,Starfield Digital Artbook & Original Soundtrack,1,0.0004
4200,1860810612,Starlight Legacy,1,0.0004
4201,1015961921,Starpoint Gemini Warlords,1,0.0004
4202,1938588110,STARSEEKER: Astroneer Expeditions (Game Preview),1,0.0004
4203,1922470106,Stasis,1,0.0004
4204,1745610503,Steampunch,1,0.0004
4205,1328778537,SteamWorld Dig,1,0.0004
4206,1833403666,SteamWorld Dig 2,1,0.0004
4207,1732155244,SteamWorld Heist II,1,0.0004
4208,325295891,Steredenn: Binary Stars,1,0.0004
4209,1794079264,Sticky Twig DASH!,1,0.0004
4210,2039717133,Stock Cars Unleashed 2023,1,0.0004
4211,1752123697,Stock Racing,1,0.0004
4212,2104502032,Stories Untold,1,0.0004
4213,2027854331,STORY OF SEASONS: A Wonderful Life,1,0.0004
4214,1876484566,STORY OF SEASONS: Friends of Mineral Town,1,0.0004
4215,1891739088,Stranded Penguin,1,0.0004
4216,1880766379,Stranded Sails - Explorers of the Cursed Islands,1,0.0004
4217,1847259893,Strawberry Vinegar,1,0.0004
4218,1681653389,Stray Gods: The Roleplaying Musical,1,0.0004
4219,1690627127,Strayed Lights,1,0.0004
4220,1945712967,Streets of Rogue,1,0.0004
4221,2029929513,Strider,1,0.0004
4222,1623319437,Strike Suit Zero: Director's Cut,1,0.0004
4223,1644555235,STRIKERS 1945,1,0.0004
4224,1795934800,STRIKERS 1945 II,1,0.0004
4225,1859111730,Struggling,1,0.0004
4226,1414596596,Stuntman: Ignition,1,0.0004
4227,1646079824,Submarine Survivor,1,0.0004
4228,1951040150,Submerged,1,0.0004
4229,1925739927,SubwaySim 2,1,0.0004
4230,1627862029,Sudocats,1,0.0004
4231,1700001713,Sudoku Free,1,0.0004
4232,1706272993,Suika Game With Friends,1,0.0004
4233,1806898372,Summum Aeterna,1,0.0004
4234,2036909780,Sunless Sea: Zubmariner Edition,1,0.0004
4235,2026916583,Sunset Bike Racing - Motocross,1,0.0004
4236,1864794134,Sunshine Island Adventure Farm,1,0.0004
4237,1633973784,Super Cyborg,1,0.0004
4238,1958529503,Super Dark Deception,1,0.0004
4239,2084457373,Super Double Dragon,1,0.0004
4240,1375034638,Super Dungeon Bros,1,0.0004
4241,2099919133,Super Mining Mechs,1,0.0004
4242,900300132,Super Night Riders,1,0.0004
4243,1245536437,Super Party Sports: Football,1,0.0004
4244,1635135792,Super Pixel Kid Adventure,1,0.0004
4245,323257300,Super Street: The Game,1,0.0004
4246,255219908,Super Time Force,1,0.0004
4247,2118341436,Super Toy Cars Offroad,1,0.0004
4248,1777228920,Super Woden GP II,1,0.0004
4249,2128008108,Super XYX,1,0.0004
4250,1853003832,SuperHero.io,1,0.0004
4251,979032440,Supermarket Shriek,1,0.0004
4252,1766074168,Supermarket Simulator - Price Panic ( XBOX & PC ),1,0.0004
4253,2020906073,Supermarket Simulator New York City,1,0.0004
4254,1639445346,Survivalcraft 2,1,0.0004
4255,1982740887,Surviving Mars: Relaunched,1,0.0004
4256,1480659532,SVC: ToeJam & Earl,1,0.0004
4257,1814129384,Swapshot,1,0.0004
4258,1931854950,Sword and Fairy: Together Forever,1,0.0004
4259,1908989621,SWORD ART ONLINE Last Recollection,1,0.0004
4260,1480657001,SWOS,1,0.0004
4261,1681761783,Syberia - Remastered,1,0.0004
4262,950753176,Syberia 3,1,0.0004
4263,1815398395,Syrup and the Ultimate Sweet,1,0.0004
4264,1981157496,System Shock,1,0.0004
4265,462214672,Table Top Racing: World Tour,1,0.0004
4266,1940337295,Taiko no Tatsujin: Rhythm Festival,1,0.0004
4267,1627444318,Tails Noir,1,0.0004
4268,2132478540,Tails of Iron 2: Whiskers of Winter,1,0.0004
4269,2017010053,Taimumari: Complete Edition,1,0.0004
4270,1969180565,Tales of Graces f Remastered,1,0.0004
4271,1992611893,Tamarak Trail,1,0.0004
4272,1431504853,TC's GRAW,1,0.0004
4273,1992874745,TCG Card Market Simulator,1,0.0004
4274,1689317374,TCG Card Shop Simulator,1,0.0004
4275,1612438163,Techno Banter,1,0.0004
4276,1480657504,Tecmo Bowl Throwback®,1,0.0004
4277,1657405527,Teenage Mutant Ninja Turtles: Tactical Takedown,1,0.0004
4278,29770197,Teenage Mutant Ninja Turtles™: Mutants in Manhattan,1,0.0004
4279,30042606,Tempest 4000,1,0.0004
4280,1964033151,Ten Dates,1,0.0004
4281,2101116288,Tennis Elbow 4,1,0.0004
4282,1037418183,Tennis World Tour,1,0.0004
4283,2141244267,TERA,1,0.0004
4284,1984687290,Terra Invicta,1,0.0004
4285,1851032928,Terraformers,1,0.0004
4286,2047813877,Tetraminos - Xbox Series X|S,1,0.0004
4287,278122515,The Adventure Pals,1,0.0004
4288,1841233360,The Alto Collection,1,0.0004
4289,706437546,The Awesome Adventures of Captain Spirit,1,0.0004
4290,1774362586,The Backrooms 1998,1,0.0004
4291,1854327039,The Banner Saga,1,0.0004
4292,1949662682,The Beast Inside (Console Version),1,0.0004
4293,1923294740,The Big Con,1,0.0004
4294,1982295121,The Blood of Dawnwalker,1,0.0004
4295,1749629863,The Case of the Golden Idol,1,0.0004
4296,399633967,The Coma: Recut,1,0.0004
4297,1833761430,The Cursed Hotel,1,0.0004
4298,2034732816,The Dark Book: Hack n Slash,1,0.0004
4299,1927891347,The Darkside Detective,1,0.0004
4300,2062398513,The Dungeon Of Naheulbeuk: The Amulet Of Chaos - Chicken Edition,1,0.0004
4301,1735767920,The Elder Scrolls II: Daggerfall,1,0.0004
4302,2092675376,The Elder Scrolls III: Morrowind Game of the Year Edition (PC),1,0.0004
4303,1623138447,The Elder Scrolls: Arena,1,0.0004
4304,1675325285,The End Of The Age,1,0.0004
4305,1649386760,The Entropy Centre,1,0.0004
4306,1821165740,The Eternal Cylinder,1,0.0004
4307,1685158190,The Expanse: A Telltale Series,1,0.0004
4308,2084032984,The Explorer Of Night,1,0.0004
4309,1635182063,The Fall of Porcupine: Last Days of Summer,1,0.0004
4310,875174887,The Final Station,1,0.0004
4311,300732950,The Food Run,1,0.0004
4312,1996972255,The Gap,1,0.0004
4313,1966508044,The Golf Club,1,0.0004
4314,575803834,The Golf Club 2™,1,0.0004
4315,255325426,The Grand Tour Game,1,0.0004
4316,2095260903,The House of Da Vinci 2,1,0.0004
4317,1769840508,The House of Da Vinci 3,1,0.0004
4318,1787429721,The House with no Door,1,0.0004
4319,740275617,The Inner World - The Last Wind Monk,1,0.0004
4320,2073554022,The Jackbox Party Starter,1,0.0004
4321,1795080541,The Knight Witch,1,0.0004
4322,1892179113,The Last Faith,1,0.0004
4323,1772965835,The Last Stand: Aftermath,1,0.0004
4324,702883504,The Long Reach,1,0.0004
4325,1962688125,The Messenger,1,0.0004
4326,1617237231,The Mystery of Eldham,1,0.0004
4327,1927439419,The Myth Seekers 2: The Sunken City,1,0.0004
4328,1866860268,The Ouroboros King,1,0.0004
4329,1414596562,The Outfit,1,0.0004
4330,1778046048,The Pirate: Plague of the Dead,1,0.0004
4331,1909279725,The Procession to Calvary,1,0.0004
4332,1931055008,The Race Factory,1,0.0004
4333,1729341102,The Riftbreaker: Prologue Xbox,1,0.0004
4334,2080785146,The Rise of the Golden Idol,1,0.0004
4335,2147017544,The Rumble Fish +,1,0.0004
4336,1666554238,The Samurai Quest,1,0.0004
4337,1894317724,The Serpent Rogue,1,0.0004
4338,1875984690,The Sisters - Party of the Year,1,0.0004
4339,2010719250,The Smurfs - Mission Vileaf,1,0.0004
4340,464969042,The Solus Project,1,0.0004
4341,1480659425,The Splatters™,1,0.0004
4342,1710509324,The Spy Who Shot Me,1,0.0004
4343,1641481652,The Stone of Madness,1,0.0004
4344,1693397790,The StoryTale,1,0.0004
4345,1991427510,The Suicide of Rachel Foster,1,0.0004
4346,2022239352,The Super Penguboy,1,0.0004
4347,1888654213,The Sushi Spinnery,1,0.0004
4348,702634063,The Swapper,1,0.0004
4349,1375399089,The Swindle,1,0.0004
4350,1675444836,The Talos Principle 2,1,0.0004
4351,1857523735,The Talos Principle: Reawakened,1,0.0004
4352,1833300128,The Traveler's Path,1,0.0004
4353,1946097722,The Tribez,1,0.0004
4354,1935873929,The Unknown City (Horror Begins Now.......Episode 1),1,0.0004
4355,1933187511,The Vale: Shadow of the Crown,1,0.0004
4356,946930585,The Walking Dead Collection - The Telltale Series,1,0.0004
4357,1480660146,The Walking Dead: Michonne - Episode 1,1,0.0004
4358,831464817,The Walking Dead: Season 1,1,0.0004
4359,2128187549,The Walking Zombie 2,1,0.0004
4360,1986869957,Them's Fightin' Herds,1,0.0004
4361,1849530125,Theme Park Jam,1,0.0004
4362,1827925554,Therapist Simulator,1,0.0004
4363,2016470925,This Bed We Made,1,0.0004
4364,424855892,This Is the Police,1,0.0004
4365,1885474441,Those Who Remain,1,0.0004
4366,600509688,Thumper,1,0.0004
4367,2129728381,Tile Jong,1,0.0004
4368,1822253433,Tinkertown,1,0.0004
4369,1313086299,Tiny Troopers,1,0.0004
4370,1313086300,Tiny Troopers 2: Special Ops,1,0.0004
4371,1727379133,Tinykin,1,0.0004
4372,1646531438,To the Moon,1,0.0004
4373,1906715057,To The Sky,1,0.0004
4374,2108730441,Toaplan Arcade Collection Vol. 2,1,0.0004
4375,1691955008,TOKI Juju Densetsu,1,0.0004
4376,1396901866,Tomb Raider: Anniv.,1,0.0004
4377,2106346082,Top Gun Air Combat,1,0.0004
4378,1480657534,Torchlight,1,0.0004
4379,519443170,Torment: Tides of Numenera,1,0.0004
4380,1960960830,Tortuga - A Pirate's Tale,1,0.0004
4381,1723626363,Tour de France 2022 Xbox One,1,0.0004
4382,1691312526,Tour de France 2023,1,0.0004
4383,2011483854,Tower Stack Plus,1,0.0004
4384,1686179203,Township,1,0.0004
4385,1889723336,Townsmen - A Kingdom Rebuilt,1,0.0004
4386,1804852983,Train Station Renovation,1,0.0004
4387,1610624065,Train Station Simulator,1,0.0004
4388,1849823755,Train Traffic Manager,1,0.0004
4389,2075433959,Training Shooter FPS,1,0.0004
4390,1726945595,TRANSFORMERS: Galactic Trials,1,0.0004
4391,1627905727,Trash is Fun,1,0.0004
4392,1917641293,Treasure Hunter Simulator,1,0.0004
4393,1927036825,Treetop Trials,1,0.0004
4394,2147214039,TRIANGLE STRATEGY,1,0.0004
4395,1620022518,Tricky Doors,1,0.0004
4396,1264125916,Tropico 4,1,0.0004
4397,2142053337,Trüberbrook,1,0.0004
4398,1771327779,Truck Driver - Gold Edition,1,0.0004
4399,1878739850,Truck Simulator Cargo Driver 2025 - USA,1,0.0004
4400,1887919587,True Fear: Forsaken Souls Part 1,1,0.0004
4401,1879353165,TT Isle of Man Ride on the Edge 2,1,0.0004
4402,1987230441,Turmoil,1,0.0004
4403,1887745855,Twilight Land: Hidden Object & Match 3 Game,1,0.0004
4404,1728510344,Twin Breaker: A Sacred Symbols Adventure,1,0.0004
4405,1654177207,Twins of the Sun,1,0.0004
4406,1692546142,Two Point Hospital™,1,0.0004
4407,2089989279,UFO ROBOT GRENDIZER – The Feast of the Wolves,1,0.0004
4408,823524527,UglyDolls: An Imperfect Adventure,1,0.0004
4409,1940948486,Ultimate Trivia,1,0.0004
4410,1617989368,Ultimate Zombie Defense,1,0.0004
4411,2010231457,Ultra Foodmess,1,0.0004
4412,321779813,Ultratron,1,0.0004
4413,1721756099,Ultros,1,0.0004
4414,1751303516,UNDER DEFEAT,1,0.0004
4415,327410600,UnExplored - Unlocked Edition,1,0.0004
4416,2102312061,Unrailed!,1,0.0004
4417,1943095999,Unsolved: Hidden Mystery Games,1,0.0004
4418,131540426,Valentino Rossi The Game,1,0.0004
4419,80525889,Valley,1,0.0004
4420,1906609238,VASARA Collection,1,0.0004
4421,1875963469,Venus: Improbable Dream,1,0.0004
4422,61090031,Victor Vran,1,0.0004
4423,2015464647,VirtuaVerse,1,0.0004
4424,2006741467,VISCO Collection,1,0.0004
4425,1778298055,Void Bastards,1,0.0004
4426,1630163029,Volgarr the Viking II,1,0.0004
4427,2062577971,"Walden, a game",1,0.0004
4428,2022059922,Walk Around And Do Nothing,1,0.0004
4429,1996349957,Wanderstop,1,0.0004
4430,1852023164,War Mongrels,1,0.0004
4431,1787599440,"Warhammer 40,000: Freeblade",1,0.0004
4432,1854170779,"Warhammer 40,000: Space Wolf",1,0.0004
4433,1627622889,Warhammer Quest 2: The End Times,1,0.0004
4434,648298719,Warhammer: Chaosbane Xbox One,1,0.0004
4435,1884265285,Warparty,1,0.0004
4436,1741378157,WarStory,1,0.0004
4437,1794639484,WARTILE,1,0.0004
4438,1869095486,Washing Dishes for the People We Love,1,0.0004
4439,2065674058,Wavetale,1,0.0004
4440,1880521273,Webgeon Speedrun Edition,1,0.0004
4441,1876224290,Welcome to Hanwell,1,0.0004
4442,1798375126,Welcome to ParadiZe,1,0.0004
4443,2046117680,Wer weiß denn sowas? - Das Spiel,1,0.0004
4444,2059119705,Wheelox,1,0.0004
4445,76630436,Wheels of Aurelia,1,0.0004
4446,1776968022,Whisper Trip,1,0.0004
4447,1663897592,White Day: A Labyrinth Named School,1,0.0004
4448,1991197447,Wild Animal Jigsaw Puzzles - Classic Animal Puzzles,1,0.0004
4449,1765418731,WildCross: Dirt Domination,1,0.0004
4450,1850965631,Wildermyth: Console Edition,1,0.0004
4451,1644270339,Windstorm: Start of a Great Friendship - Remastered,1,0.0004
4452,1960551342,Wings of War: Modern aircraft,1,0.0004
4453,1731009545,Witch's Pranks: Frog's Fortune - Collectors Edition,1,0.0004
4454,2023196561,Witch It,1,0.0004
4455,1738666347,Wizardry: Proving Grounds of the Mad Overlord,1,0.0004
4456,1941570025,Wolcen: Lords of Mayhem,1,0.0004
4457,237580797,Wonder Boy: The Dragon's Trap,1,0.0004
4458,852417661,Woodle Tree Adventures,1,0.0004
4459,1649877246,Woot Woot Game,1,0.0004
4460,322886724,Worbital,1,0.0004
4461,1981961526,Word Quest: Medival,1,0.0004
4462,1782510996,Word Search Flow,1,0.0004
4463,1740791682,Word Stacker - Word Game 2019,1,0.0004
4464,1964417553,Word Sudoku by POWGI,1,0.0004
4465,547690837,World of Van Helsing: Deathtrap,1,0.0004
4466,1683514281,World of Warships,1,0.0004
4467,775457902,WRC 5 FIA World Rally Championship,1,0.0004
4468,1696945475,WrestleQuest,1,0.0004
4469,1783911946,Wrestling Trivia,1,0.0004
4470,2116610948,WW2: Bunker Simulator,1,0.0004
4471,858615632,Xbox Fitness,1,0.0004
4472,2026530169,XEL,1,0.0004
4473,1755180052,Yakuza 3 Remastered,1,0.0004
4474,1926334123,Yakuza Kiwami 3 & Dark Ties,1,0.0004
4475,1871819472,Yonder: The Cloud Catcher Chronicles,1,0.0004
4476,1990116831,Yooka-Laylee and the Impossible Lair,1,0.0004
4477,1905856995,You Suck at Parking® Complete Edition,1,0.0004
4478,2022203558,Yuppie Psycho,1,0.0004
4479,1856839804,Z-Warp,1,0.0004
4480,1997965582,Zero Escape: The Nonary Games,1,0.0004
4481,624134529,Zombie Party,1,0.0004
4482,125638886,Zombie Pinball,1,0.0004
4483,1881124350,Zoo Life: Animal Park Game,1,0.0004
4484,1891811268,Zumba - Marble Zombie Invasion,1,0.0004
4485,1791245577,ㅤㅤㅤㅤ,1,0.0004
4486,1972922974,春待ちトロイダル 体験版,1,0.0004
