rank,title_id,title,players,percentage
1,2001700854,Call of Duty®,34094,17.5297
2,342226876,Roblox - Xbox,33978,17.47
3,267695549,Fortnite,33803,17.3801
4,972249091,Grand Theft Auto V,20164,10.3675
5,1828326430,Minecraft,19757,10.1582
6,926771636,Tom Clancy's Rainbow Six Siege,17057,8.77
7,558797228,Rocket League®,11074,5.6938
8,1657391528,NBA 2K25,11028,5.6701
9,1794906646,Marvel Rivals,10884,5.5961
10,1653663875,EA SPORTS FC™ 25,10493,5.3951
11,1877908426,Tony Hawk's™ Pro Skater™ 3 + 4,9155,4.7071
12,175227487,Apex Legends™,7962,4.0937
13,1634930870,REMATCH,7668,3.9426
14,2030093255,Forza Horizon 5,7070,3.6351
15,2118102995,EA SPORTS™ College Football 26,6988,3.5929
16,102425831,Dead by Daylight,5828,2.9965
17,1794566092,Minecraft Launcher,5761,2.9621
18,94618376,Overwatch®,4885,2.5117
19,144389848,Destiny 2,4881,2.5096
20,591405932,Red Dead Redemption 2,4167,2.1425
21,140280380,Call of Duty®: WWII,4048,2.0813
22,2073302268,Ready or Not,3888,1.999
23,833960563,STAR WARS™ Battlefront™ II,3801,1.9543
24,1876694512,Madden NFL 25,3755,1.9307
25,2043073184,Halo Infinite,3531,1.8155
26,1759802069,EA SPORTS™ College Football 25,3520,1.8098
27,896928775,Minecraft for Windows,3500,1.7996
28,1993685552,UFC® 5,3354,1.7245
29,950328474,PUBG: BATTLEGROUNDS,2981,1.5327
30,1669427955,ELDEN RING NIGHTREIGN,2912,1.4972
31,1766989558,MLB® The Show™ 25,2894,1.488
32,812065290,Halo: The Master Chief Collection,2809,1.4443
33,893395429,Rust Console Edition X|S,2575,1.324
34,1911508378,RoboCop: Rogue City,2507,1.289
35,629270283,Gang Beasts,2488,1.2792
36,453395486,Ultimate Chicken Horse,2372,1.2196
37,1874191487,High On Life,2360,1.2134
38,1161890022,Skate 3,2344,1.2052
39,374923716,Gears 5,2264,1.1641
40,1812294496,Mecha BREAK,2257,1.1605
41,1198088771,FOR HONOR,2254,1.1589
42,1953759531,Phasmophobia (Game Preview),2241,1.1522
43,777107394,DayZ,2226,1.1445
44,1096157379,COD: Black Ops II,2195,1.1286
45,1717113201,Sea of Thieves: 2026 Edition,2155,1.108
46,80579825,Call of Duty: Black Ops III,2126,1.0931
47,2105342780,Grounded,2125,1.0926
48,352040487,Tom Clancy’s The Division 2,2065,1.0617
49,2139646219,VALORANT,2014,1.0355
50,1797327516,Palworld,1977,1.0165
51,1482870140,Warframe,1971,1.0134
52,1928988061,ARK: Survival Ascended,1963,1.0093
53,687339341,Brawlhalla,1939,0.997
54,1852502655,EA SPORTS FC™ 24,1928,0.9913
55,1892245301,ELDEN RING,1865,0.9589
56,222473492,Cyberpunk 2077,1862,0.9574
57,2013614379,Fall Guys,1843,0.9476
58,1696147865,Zenless Zone Zero,1688,0.8679
59,1992453063,Among Us,1591,0.818
60,1769971395,Clair Obscur: Expedition 33,1567,0.8057
61,285358298,Mortal Kombat 11,1522,0.7825
62,171869406,War Thunder,1497,0.7697
63,1973901376,Diablo® IV,1491,0.7666
64,1952300170,Battlefield™ 2042,1417,0.7286
65,332913499,Fallout 76,1416,0.728
66,1842668909,Forza Motorsport,1385,0.7121
67,1855024215,"Warhammer 40,000: Space Marine 2",1323,0.6802
68,1646963350,NHL® 25 Xbox Series X|S,1297,0.6669
69,2099828114,THE FINALS,1246,0.6406
70,1902585111,DOOM: The Dark Ages,1226,0.6304
71,1655054632,My Friendly Neighborhood,1216,0.6252
72,1256782258,Fallout 4,1201,0.6175
73,1965191913,F1® 24,1196,0.6149
74,1019460860,DRAGON BALL XENOVERSE 2,1086,0.5584
75,1843596190,SPLITGATE: Arena Reloaded,1085,0.5579
76,2143033449,Monster Hunter Wilds,1078,0.5543
77,60633334,7 Days to Die,1075,0.5527
78,983730484,ARK: Survival Evolved,1058,0.544
79,1646978734,Police Simulator: Patrol Officers,1055,0.5424
80,2111829961,Hell Let Loose,1037,0.5332
81,756981192,Borderlands 3,1029,0.5291
82,1792830437,Balatro,1028,0.5286
83,1947812162,WWE 2K25,1024,0.5265
84,627891457,Little Nightmares II Enhanced Edition,1013,0.5208
85,1699459210,DRAGON BALL Sparking! ZERO,1012,0.5203
86,1695979902,The Elder Scrolls IV: Oblivion Remastered,987,0.5075
87,1975246356,Baldur's Gate 3,986,0.507
88,252034287,The Elder Scrolls V: Skyrim Special Edition,964,0.4956
89,2103516179,The Outlast Trials,960,0.4936
90,1720309872,Arma Reforger,948,0.4874
91,207015551,theHunter: Call of the Wild™,916,0.471
92,552499398,Gears of War 4,894,0.4597
93,465979625,UFC® 4,885,0.455
94,1096157269,Call of Duty®: Black Ops,879,0.4519
95,321656011,The Sims™ 4,871,0.4478
96,1730755212,Mortal Kombat™ 1,869,0.4468
97,1938834516,State of Decay 2: Juggernaut Edition,849,0.4365
98,491582364,Need for Speed™ Heat,842,0.4329
99,346683864,Tom Clancy's Ghost Recon Wildlands,835,0.4293
100,638965135,Descenders,828,0.4257
101,1855217179,Golf With Your Friends,806,0.4144
102,2135594829,Jurassic World Evolution 2,801,0.4118
103,2069980568,The First Descendant,794,0.4082
104,1161890069,FIGHT NIGHT CHAMPION,793,0.4077
105,1790482525,Call of Duty®: Black Ops Cold War,787,0.4046
106,1843269941,Chivalry 2,785,0.4036
107,1479758055,Batman™: Arkham Knight,783,0.4026
108,306230746,Stardew Valley,779,0.4005
109,2053080068,Genshin Impact,775,0.3985
110,623325843,Cuphead,773,0.3974
111,2021110805,Roblox - Not Supported,770,0.3959
112,1386529057,Battlefield™ 1,744,0.3825
113,45083076,Injustice™ 2,744,0.3825
114,256364670,Battlefield™ V,741,0.381
115,964706972,No Man's Sky,740,0.3805
116,1880744816,Farming Simulator 22,736,0.3784
117,783973363,Dead Island 2,726,0.3733
118,728655825,Plants vs. Zombies™ Garden Warfare 2,721,0.3707
119,1684508835,"Warhammer 40,000: Darktide",718,0.3692
120,1297287339,Gears of War 3,714,0.3671
121,609700427,Call of Duty®: Modern Warfare®,711,0.3656
122,2054716369,It Takes Two,703,0.3615
123,961090289,Tom Clancy's Ghost Recon Breakpoint,698,0.3589
124,85494077,Microsoft Solitaire Collection,695,0.3573
125,1285166951,The Elder Scrolls Online,695,0.3573
126,1825113946,PowerWash Simulator,687,0.3532
127,836165876,The Ascent,687,0.3532
128,1738914043,Assassin's Creed Shadows,671,0.345
129,389597738,Terraria,657,0.3378
130,2067705319,NBA 2K24,652,0.3352
131,2138304024,Rec Room,644,0.3311
132,1848421257,eFootball™,641,0.3296
133,1938832846,STAR WARS Jedi: Survivor™,636,0.327
134,2079828144,Holdfast: Nations At War,635,0.3265
135,312881568,Human Fall Flat,635,0.3265
136,2068980019,CarX Drift Racing Online,634,0.326
137,1993741445,SMITE 2 (Game Preview),630,0.3239
138,1857595573,The Crew Motorfest,630,0.3239
139,1894513996,CarX Street,627,0.3224
140,830649354,Dying Light,624,0.3208
141,308654313,Overcooked! 2,622,0.3198
142,1774692913,Goat Simulator 3,621,0.3193
143,339148107,Insurgency: Sandstorm (Windows),620,0.3188
144,1616563209,FragPunk,605,0.3111
145,1693340366,Hogwarts Legacy,598,0.3075
146,219630713,Halo 5: Guardians,596,0.3064
147,1841062643,Hunt: Showdown 1896,588,0.3023
148,1728105232,Assassin's Creed Valhalla,580,0.2982
149,2053555152,Yu-Gi-Oh! Master Duel,580,0.2982
150,1484511986,Battlefield 4,579,0.2977
151,840116976,World of Tanks Modern Armor,576,0.2962
152,792158305,Call of Duty®: Black Ops 4,574,0.2951
153,1667928394,Halo Wars 2,574,0.2951
154,1985019983,Crash Bandicoot™ 4: It’s About Time,573,0.2946
155,964818375,Assassin's Creed Odyssey,568,0.292
156,1145574011,Titanfall® 2,555,0.2854
157,642156375,Crash™ Team Racing Nitro-Fueled,548,0.2818
158,1720633196,Minecraft Dungeons,548,0.2818
159,374621264,RESIDENT EVIL 2,548,0.2818
160,1671990131,MY HERO ULTRA RUMBLE,545,0.2802
161,2079794073,Starfield,536,0.2756
162,1830948067,EA SPORTS™ PGA TOUR™,533,0.274
163,1679027058,Stumble Guys,528,0.2715
164,447911394,Far Cry® 5,526,0.2704
165,1928512137,FBC: Firebreak,525,0.2699
166,1878915001,SnowRunner,517,0.2658
167,283303390,Wreckfest,514,0.2643
168,2008767227,Brotato,512,0.2632
169,1985701699,Forza Horizon 4,510,0.2622
170,1008687929,Mortal Kombat X,510,0.2622
171,940594756,World War Z,508,0.2612
172,1779135141,Riders Republic™,506,0.2602
173,1475571605,Gears of War: Ultimate Edition,504,0.2591
174,1615644955,Microsoft Flight Simulator 2024,479,0.2463
175,478449077,World of Warships: Legends,474,0.2437
176,1961305648,Totally Accurate Battle Simulator,466,0.2396
177,308190374,LEGO® Star Wars™: The Skywalker Saga,464,0.2386
178,1805568255,Trailmakers,464,0.2386
179,2005028938,S.T.A.L.K.E.R. 2: Heart of Chornobyl - Windows Edition,462,0.2375
180,1925947069,FARCRY 6,460,0.2365
181,1671080157,Minecraft Preview,459,0.236
182,1414793202,GTA IV,458,0.2355
183,1852916479,Resident Evil 4,448,0.2303
184,2106583887,TEKKEN 8,448,0.2303
185,1749127985,Madden NFL 24,446,0.2293
186,1766088016,Farming Simulator 25,444,0.2283
187,834001943,Dying Light 2: Stay Human - Reloaded Edition,440,0.2262
188,244552082,Left 4 Dead 2,440,0.2262
189,415619002,Watch Dogs®2,440,0.2262
190,837917131,Deep Rock Galactic,439,0.2257
191,2014590773,Car Mechanic Simulator 2021,438,0.2252
192,1832051520,Crime Scene Cleaner,435,0.2237
193,1611895213,Disney Dreamlight Valley,425,0.2185
194,1096157207,Modern Warfare® 2,424,0.218
195,2059211995,Hollow Knight: Voidheart Edition,421,0.2165
196,1726497855,PGA TOUR 2K25,421,0.2165
197,434412541,Rise of the Tomb Raider,415,0.2134
198,2128602192,Bluey: The Videogame,414,0.2129
199,678953862,Borderlands 2,413,0.2123
200,1715349030,Asphalt Legends,407,0.2093
201,869175187,A Way Out,403,0.2072
202,1715865995,Back to the Dawn,403,0.2072
203,2013541297,"Warhammer 40,000: Space Marine - Master Crafted Edition",402,0.2067
204,1731202267,Need for Speed™ Unbound,394,0.2026
205,1367952835,Far Cry® 4,392,0.2015
206,1675504069,Mafia: Definitive Edition,392,0.2015
207,72159092,Crash Bandicoot™ N. Sane Trilogy,391,0.201
208,1096157387,Modern Warfare® 3,390,0.2005
209,15959542,DRAGON BALL FIGHTERZ,389,0.2
210,1970218801,Dead by Daylight Windows,387,0.199
211,1134837784,SMITE,386,0.1985
212,1112737760,Fallout: New Vegas,385,0.198
213,1976117247,Path of Titans (Game Preview),377,0.1938
214,1889714780,Lords of the Fallen,374,0.1923
215,1041486048,DARK SOULS™ III,371,0.1908
216,1850827024,F1® 25,364,0.1872
217,1028735742,NARUTO SHIPPUDEN™: Ultimate Ninja® STORM 4,356,0.183
218,754791096,Call of Duty®: Infinite Warfare,349,0.1794
219,320504455,Middle-earth™: Shadow of War™,349,0.1794
220,1912862912,Sniper Elite: Resistance,345,0.1774
221,1701108859,HITMAN 3,344,0.1769
222,2132429347,Risk of Rain 2,344,0.1769
223,490838306,Fishing Planet,341,0.1753
224,1719923985,Undisputed,341,0.1753
225,1479895282,PAYDAY 2: CRIMEWAVE EDITION,337,0.1733
226,1703229686,Split Fiction,336,0.1728
227,1480660055,MONOPOLY PLUS,333,0.1712
228,1972063516,Sifu,328,0.1686
229,1793309125,WWE 2K24,328,0.1686
230,1297287213,Gears of War 2,327,0.1681
231,1994003829,EA SPORTS™ FIFA 23 Standard Edition,326,0.1676
232,1714434521,Firefighting Simulator - The Squad,325,0.1671
233,345903534,Minecraft: Xbox One Edition,323,0.1661
234,680942588,STAR WARS Jedi: Fallen Order™,316,0.1625
235,1744726864,Enlisted,315,0.162
236,504085184,The Crew® 2,315,0.162
237,502034863,Assassin's Creed Origins,309,0.1589
238,2064168993,Age of Empires II: Definitive Edition,308,0.1584
239,568182861,ASTRONEER,307,0.1578
240,1792227428,Indiana Jones and the Great Circle,303,0.1558
241,165599118,Prominence Poker,303,0.1558
242,1687588412,Street Fighter™ 6,303,0.1558
243,1620704918,Minami Lane,301,0.1548
244,880031210,NBA LIVE 19,301,0.1548
245,183968596,UNO™,298,0.1532
246,1777860928,Microsoft Flight Simulator (2020),297,0.1527
247,770775860,RESIDENT EVIL 3 for Windows,297,0.1527
248,2043906033,MX vs ATV Legends,296,0.1522
249,749311689,Plants vs. Zombies: Battle for Neighborville™,296,0.1522
250,1837410971,NARAKA: BLADEPOINT,295,0.1517
251,872826607,Vigor,293,0.1506
252,790047319,Sekiro™: Shadows Die Twice - GOTY Edition,292,0.1501
253,331135949,DOOM Eternal (BATTLEMODE),291,0.1496
254,1753744295,"Little Kitty, Big City",290,0.1491
255,1623704813,DEATH STRANDING DIRECTOR'S CUT,288,0.1481
256,2083870981,Who's Your Daddy?!,286,0.147
257,422207632,Castle Crashers Remastered,285,0.1465
258,1480657407,Plants vs. Zombies,285,0.1465
259,2098787950,Age of Empires IV: Anniversary Edition,282,0.145
260,1096157212,Call of Duty®: WaW,282,0.145
261,1922695178,PlateUp!,279,0.1434
262,1706610063,The Alters,277,0.1424
263,2046562785,Avowed,276,0.1419
264,2106683993,skate.™ (Game Preview),275,0.1414
265,1065708874,Skull and Bones,275,0.1414
266,568218779,Resident Evil 5,274,0.1409
267,1874517142,Retro Classics,273,0.1404
268,945909358,Subnautica,272,0.1399
269,1695638358,Vampire Survivors,271,0.1393
270,1633340711,Spray Paint Simulator,268,0.1378
271,2067022016,Call of the Wild: The Angler™,267,0.1373
272,1846145161,Metaphor: ReFantazio,263,0.1352
273,794552001,The Binding of Isaac: Rebirth,263,0.1352
274,1971845611,Mount & Blade II: Bannerlord,260,0.1337
275,84790147,Watch Dogs®: Legion,260,0.1337
276,247546985,Destiny,252,0.1296
277,988203152,Stellaris,245,0.126
278,2077953041,Clone Drone in the Danger Zone,243,0.1249
279,1984680366,Medieval Dynasty,242,0.1244
280,1693391830,SpongeBob SquarePants™: The Patrick Star Game,241,0.1239
281,125226722,DARK SOULS™: REMASTERED,240,0.1234
282,2108722049,Resident Evil Village,239,0.1229
283,921016611,Crossout,238,0.1224
284,1863849961,Palia,238,0.1224
285,860666361,Plants vs. Zombies Garden Warfare,231,0.1188
286,1145753246,Red Dead Redemption,229,0.1177
287,556718860,Assassin's Creed IV Black Flag,228,0.1172
288,1030018025,Halo Wars: Definitive Edition (PC),228,0.1172
289,401515813,Enter The Gungeon,227,0.1167
290,572802557,Call of Duty®: Ghosts,226,0.1162
291,1924639289,HELLDIVERS™ 2,223,0.1147
292,1670311038,Persona 3 Reload,223,0.1147
293,2113731956,Disney Speedstorm,221,0.1136
294,913783821,Shadow of the Tomb Raider,221,0.1136
295,1745661457,Valheim,220,0.1131
296,1907796436,DREDGE,216,0.1111
297,1631329360,Pixel Strike 3D,216,0.1111
298,1822591938,Revenge of the Savage Planet,216,0.1111
299,341687485,3on3 FreeStyle,215,0.1105
300,810101074,Dead Cells,215,0.1105
301,655591242,Far Cry® New Dawn,215,0.1105
302,2008403666,Dead Space,214,0.11
303,1997252569,Need for Speed™ Hot Pursuit Remastered,214,0.11
304,826545257,Tomb Raider: Definitive Edition,214,0.11
305,402049843,Black Desert,213,0.1095
306,1700051314,Deceit 2,210,0.108
307,1799461557,NBA 2K23,210,0.108
308,828985924,Resident Evil 6,210,0.108
309,2117764661,Diablo III: Reaper of Souls – Ultimate Evil Edition,208,0.1069
310,2053707080,NINJA GAIDEN 2 Black,208,0.1069
311,739464821,South Park™: The Fractured but Whole™,206,0.1059
312,1711563707,House Flipper,205,0.1054
313,1619985048,Deadside,204,0.1049
314,791545701,Goat Simulator,203,0.1044
315,1649660694,The Texas Chain Saw Massacre,201,0.1033
316,1740172423,Totally Reliable Delivery Service,201,0.1033
317,1652862446,Super Mega Baseball™ 4,200,0.1028
318,1808064759,FIFA 22,199,0.1023
319,1013969466,NARUTO TO BORUTO: SHINOBI STRIKER,198,0.1018
320,831224608,Need for Speed™ Payback,198,0.1018
321,625948041,Slime Rancher,198,0.1018
322,1880835530,Atomfall,196,0.1008
323,1768081511,Crusader Kings III,196,0.1008
324,1936845110,Cities: Skylines - Remastered,195,0.1003
325,1663711933,FINAL FANTASY XVI,195,0.1003
326,2065981028,Rooftops & Alleys: The Parkour Game,195,0.1003
327,1873615541,Pool Blitz,194,0.0997
328,56347639,Spyro™ Reignited Trilogy,194,0.0997
329,1879115757,Trackmania®,193,0.0992
330,2035456122,Grand Theft Auto VI,191,0.0982
331,1998461943,Assassin's Creed Unity,190,0.0977
332,1414793208,MCLA: Complete,190,0.0977
333,980944365,Need for Speed™,190,0.0977
334,2083429980,Nickelodeon All-Star Brawl 2,189,0.0972
335,1988609509,PGA TOUR 2K23,188,0.0967
336,2071061510,Lies of P,187,0.0961
337,875417719,Call of Duty®: Advanced Warfare,185,0.0951
338,148020354,METAL GEAR SOLID V: THE PHANTOM PAIN,185,0.0951
339,1953745880,Roboquest,185,0.0951
340,2051503466,The Callisto Protocol,185,0.0951
341,1465674891,Assetto Corsa,184,0.0946
342,514006173,Batman: Return to Arkham - Arkham City,184,0.0946
343,830718665,DRAGON BALL Z: KAKAROT,184,0.0946
344,1865076226,MLB® The Show™ 24 Xbox One,184,0.0946
345,1809107273,NHL® 24,184,0.0946
346,1814675537,Grand Theft Auto: San Andreas – The Definitive Edition,183,0.0941
347,1994868821,Predecessor,183,0.0941
348,1676173709,Wizard101,181,0.0931
349,1852580050,Barbie Project Friendship™,180,0.0925
350,1733257076,Teardown,179,0.092
351,2054685746,Mass Effect™ Legendary Edition,178,0.0915
352,1756421327,Teenage Mutant Ninja Turtles: Shredder's Revenge,178,0.0915
353,1770590742,Football Manager 2024 Console,176,0.0905
354,1933718863,SUPERHOT: MIND CONTROL DELETE,176,0.0905
355,1112737749,Fallout 3,175,0.09
356,366337421,Borderlands: Game of the Year Edition,174,0.0895
357,470244957,LEGO Marvel Super Heroes,171,0.0879
358,2081039845,Lost in Random: The Eternal Die,171,0.0879
359,1669281297,War Robots: Frontiers,171,0.0879
360,1684896411,Off The Grid (Game Preview),170,0.0874
361,226054795,MONSTER HUNTER: WORLD™,169,0.0869
362,1682363458,Avatar: Frontiers of Pandora,168,0.0864
363,1972007641,Kingdom Come: Deliverance II,168,0.0864
364,2141212892,33 Immortals,166,0.0854
365,2097945335,F1® 23,166,0.0854
366,801251286,Stick Fight: The Game,166,0.0854
367,618537566,The Outer Worlds,165,0.0848
368,651668093,RESIDENT EVIL 7 biohazard,164,0.0843
369,1289871275,Forza Horizon 3,162,0.0833
370,956568979,Need for Speed Rivals,162,0.0833
371,530462567,The Witcher 3: Wild Hunt – Complete Edition,162,0.0833
372,1877522801,Age of Mythology: Retold,160,0.0823
373,2038330799,Aimlabs,159,0.0818
374,20391045,Batman: Return to Arkham - Arkham Asylum,159,0.0818
375,1795379754,The Walking Dead: The Complete First Season,159,0.0818
376,1327376519,DOOM,158,0.0812
377,58472989,Killer Instinct,158,0.0812
378,1192666733,Mafia III,158,0.0812
379,2154930,Call of Duty®: Modern Warfare® Remastered,157,0.0807
380,1540549950,DARK SOULS™ II: Scholar of the First Sin,155,0.0797
381,2083780130,Against the Storm,153,0.0787
382,850118036,Generation Zero®,153,0.0787
383,2093000869,Slay The Spire,153,0.0787
384,74304278,Tom Clancy’s The Division,153,0.0787
385,1999574456,Forza Motorsport 7,151,0.0776
386,1758796660,Wobbly Life,151,0.0776
387,210179407,Back 4 Blood,150,0.0771
388,2089461712,Expeditions: A MudRunner Game,149,0.0766
389,1818602982,RoadCraft,149,0.0766
390,1653442250,ROUNDS,149,0.0766
391,1682965706,Another Crab's Treasure,147,0.0756
392,2093153073,Party Animals,147,0.0756
393,945976112,Rush: A DisneyPixar Adventure,147,0.0756
394,1989106096,Sid Meier’s Civilization® VI (Windows PC),147,0.0756
395,821136798,DC Universe Online,145,0.0746
396,1941663847,Starship Troopers: Extermination,143,0.0735
397,1771989345,Lightyear Frontier (Game Preview),141,0.0725
398,1297287125,Gears of War,140,0.072
399,2119739112,Monster Train 2,140,0.072
400,1414793242,Bully Scholarship Ed.,139,0.0715
401,1766089184,GoldenEye 007,139,0.0715
402,724369121,Saints Row,139,0.0715
403,1793764669,Zombie Army 4: Dead War,139,0.0715
404,1681220621,STAR WARS™ Battlefront™,138,0.071
405,384396065,Unravel Two,138,0.071
406,1007715169,Warhammer: Vermintide 2,138,0.071
407,2142076307,Anno 1800™,137,0.0704
408,2021412862,Raft,137,0.0704
409,49709880,Anthem™,136,0.0699
410,1029888556,LEGO® Jurassic World™,136,0.0699
411,1750701033,Tiny Tina's Wonderlands for Xbox Series X|S,136,0.0699
412,868192693,Gotham Knights,135,0.0694
413,217258585,Killing Floor 2,135,0.0694
414,1846016063,"Warhammer 40,000: Rogue Trader",135,0.0694
415,608369389,FAR CRY PRIMAL,134,0.0689
416,1678459920,Towerborne,134,0.0689
417,1251455286,Metro 2033 Redux,133,0.0684
418,1704490079,South of Midnight,133,0.0684
419,1037514907,Burnout™ Paradise Remastered,131,0.0674
420,1805770178,PAW Patrol Mighty Pups Save Adventure Bay,131,0.0674
421,2041142160,Maximum Football,130,0.0668
422,415563833,DiRT Rally 2.0,129,0.0663
423,2085228810,EA SPORTS™ WRC,129,0.0663
424,1297287718,Gears of War: Judgment,129,0.0663
425,2097321401,Blue Prince,128,0.0658
426,2041941014,Diablo® II: Resurrected™,128,0.0658
427,767263759,Rock Band 4,128,0.0658
428,2058683262,Teenage Mutant Ninja Turtles: Mutants Unleashed,127,0.0653
429,572268056,Little Nightmares,126,0.0648
430,951560105,Control,125,0.0643
431,531437752,Rogue Company,125,0.0643
432,144439061,The Evil Within,125,0.0643
433,1880727250,Unpacking,125,0.0643
434,93105265,Friday the 13th: The Game,124,0.0638
435,1931936981,Goat Simulator: Remastered (Windows Edition),124,0.0638
436,2029805012,MultiVersus,124,0.0638
437,1767703473,Tony Hawk's™ Pro Skater™ 1 + 2,124,0.0638
438,196423588,Outlast,123,0.0632
439,682404126,Paladins,123,0.0632
440,1246613109,Borderlands: The Pre-Sequel,122,0.0627
441,1000604311,Resident Evil Revelations 2 (Episode One),122,0.0627
442,199746733,Conan Exiles,121,0.0622
443,1903313113,Orcs Must Die! Deathtrap,120,0.0617
444,712238930,Saints Row 2,120,0.0617
445,1694250070,Super Animal Royale,120,0.0617
446,1714795112,DOOM + DOOM II,119,0.0612
447,2142027917,Fallout Shelter,119,0.0612
448,1611051325,Grand Theft Auto: Vice City – The Definitive Edition,119,0.0612
449,42235288,Neverwinter,118,0.0607
450,1660320477,Undertale,118,0.0607
451,300763685,ACE COMBAT™ 7: SKIES UNKNOWN,117,0.0602
452,2128546794,NARUTO X BORUTO Ultimate Ninja STORM CONNECTIONS,117,0.0602
453,939455454,resident evil 4 (2005),117,0.0602
454,1801842805,Throne and Liberty,117,0.0602
455,1560034050,Assassin's Creed Syndicate,116,0.0596
456,813411968,LEGO® Marvel Super Heroes 2,116,0.0596
457,2029730324,Mad Max,116,0.0596
458,2008811924,Wolfenstein II: The New Colossus,116,0.0596
459,2024220276,Phantasy Star Online 2 New Genesis,115,0.0591
460,1984504844,Bleach: Brave Souls Anime Game,114,0.0586
461,5433956,Dead Island Definitive Edition,114,0.0586
462,927474846,Firewatch,114,0.0586
463,1651188120,Path of Exile 2 (Game Preview),114,0.0586
464,585771792,WATCH_DOGS™,114,0.0586
465,1764318423,Call of Duty®: Vanguard,113,0.0581
466,2047911802,For The King II,112,0.0576
467,1674901200,Inscryption,112,0.0576
468,245236582,Celeste,110,0.0566
469,1708767297,Ryse: Son of Rome,110,0.0566
470,367254866,Sleeping Dogs™ Definitive Edition,110,0.0566
471,1949704395,Green Hell,108,0.0555
472,1814244511,Nine Sols,108,0.0555
473,1813085990,Road 96,108,0.0555
474,290870045,SpeedRunners,108,0.0555
475,1677025209,Wolfenstein: The New Order,108,0.0555
476,2081484036,Superliminal,107,0.055
477,1414793189,Civilization Revolution,106,0.0545
478,1963141187,Crypt Custodian,106,0.0545
479,975846135,LEGO® DC Super-Villains,106,0.0545
480,2125557798,Still Wakes the Deep,106,0.0545
481,2041731932,Cult of the Lamb,105,0.054
482,1855426799,FINAL FANTASY XIV Online,104,0.0535
483,514291876,Assassin's Creed® The Ezio Collection,103,0.053
484,1480657103,Metal Slug 3,103,0.053
485,1946484624,Session: Skate Sim,103,0.053
486,2019012309,Star Wars Outlaws,103,0.053
487,1707142453,WWE 2K23,103,0.053
488,1976275779,ARMORED CORE™ VI FIRES OF RUBICON™,102,0.0524
489,859011533,Assassin's Creed® III Remastered,102,0.0524
490,1754564226,Atlas Fallen: Reign of Sand (Windows),102,0.0524
491,1799887933,The Witcher 3: Wild Hunt,102,0.0524
492,442175237,Peggle,101,0.0519
493,256913032,TEKKEN 7,101,0.0519
494,1687388278,KINGDOM HEARTS - HD 1.5+2.5 ReMIX -,100,0.0514
495,1414793323,Max Payne 3,100,0.0514
496,1696456823,NBA 2K22,100,0.0514
497,1175562227,Just Cause 3,99,0.0509
498,1754663581,MULLET MADJACK,99,0.0509
499,1715766926,New World: Aeternum,99,0.0509
500,645502086,The Four Kings Casino and Slots,99,0.0509
501,2140283055,Baldur's Gate and Baldur's Gate II: Enhanced Editions,98,0.0504
502,1480657456,BattleBlock Theater,98,0.0504
503,895890707,ULTIMATE MARVEL VS. CAPCOM 3,98,0.0504
504,1687693597,Assetto Corsa Competizione,97,0.0499
505,748474487,Cities: Skylines - Windows 10 Edition,97,0.0499
506,1033937373,Don't Starve Together: Console Edition,97,0.0499
507,819720203,JUMP FORCE,97,0.0499
508,1045960524,Metro Exodus,97,0.0499
509,1161890128,Battlefield 3™,96,0.0494
510,301917535,Battlefield™ Hardline,96,0.0494
511,1843804163,Cooking Simulator,96,0.0494
512,883004381,skate. (2007),96,0.0494
513,1935604508,Train Sim World® 5: Free Starter Pack,96,0.0494
514,924775200,Devil May Cry 5,95,0.0488
515,1691448998,Farm Together 2,95,0.0488
516,164371165,LEGO Star Wars: TCS,95,0.0488
517,1916758859,Donut County,94,0.0483
518,25952469,Kingdom Two Crowns,94,0.0483
519,101393300,LEGO® Batman™ 3: Beyond Gotham,94,0.0483
520,108727346,Suicide Squad: Kill the Justice League,94,0.0483
521,1161889999,Dante's Inferno™,92,0.0473
522,1854680102,Delta Force,92,0.0473
523,1696697876,NBA 2K26,91,0.0468
524,2046531735,Predator: Hunting Grounds,91,0.0468
525,666757656,Rayman Legends,91,0.0468
526,34441781,Saints Row The Third Remastered,91,0.0468
527,591371027,Trove,91,0.0468
528,1161889784,Army of Two™,90,0.0463
529,1890581353,Blasphemous,90,0.0463
530,1822990481,BLEACH Rebirth of Souls,90,0.0463
531,848717329,Peggle 2,90,0.0463
532,1161890070,Alice: Madness Returns,89,0.0458
533,59903186,Call of Duty®: Modern Warfare® 2 Campaign Remastered,89,0.0458
534,1885511808,Date Everything!,88,0.0452
535,1882357148,Lonely Mountains: Snow Riders,88,0.0452
536,903593533,Path of Exile,88,0.0452
537,1096157158,Modern Warfare®,87,0.0447
538,1848367053,Star Trucker,87,0.0447
539,218079485,Injustice: Gods Among Us,86,0.0442
540,1973635123,Mad Streets,86,0.0442
541,1931947471,Persona 5 Royal,86,0.0442
542,1961670808,UFL,86,0.0442
543,1880089265,Guilty Gear -Strive-,85,0.0437
544,640703885,LEGO® Marvel's Avengers,85,0.0437
545,583749034,SOULCALIBUR VI,85,0.0437
546,1761289795,FIFA 21,84,0.0432
547,1777477395,MLB® The Show™ 21 Xbox Series X | S,84,0.0432
548,1908796053,NASCAR Heat 5,84,0.0432
549,1621683201,Dragon's Dogma 2,83,0.0427
550,1694054782,Forza Motorsport 6,83,0.0427
551,1667881927,Redfall,83,0.0427
552,862712929,Star Trek Online,83,0.0427
553,759485819,The Escapists 2,83,0.0427
554,2093066399,Carrion,82,0.0422
555,5117102,HITMAN™ 2,82,0.0422
556,821886458,LEGO® Batman™ 2,82,0.0422
557,265691378,STEEP,82,0.0422
558,1985144601,Stranded Deep,82,0.0422
559,231674300,The Walking Dead: Season Two,82,0.0422
560,1744345373,WWE 2K22,82,0.0422
561,33936946,Zoo Tycoon: Ultimate Animal Collection,82,0.0422
562,367004125,BioShock Remastered,81,0.0416
563,446059611,Forza Horizon 2,81,0.0416
564,1777668222,GRID Legends,81,0.0416
565,1964043658,Mafia II: Definitive Edition,81,0.0416
566,1639060910,Minecraft Legends - Windows,81,0.0416
567,2119541613,Paint the Town Red,81,0.0416
568,1112934455,Star Wars Battlefront II,81,0.0416
569,1774685333,Volcano Princess,81,0.0416
570,1790537707,Core Keeper,80,0.0411
571,705006443,Jurassic World Evolution,80,0.0411
572,2051131113,TopSpin 2K25,80,0.0411
573,2042287543,Aliens: Dark Descent,79,0.0406
574,1940322572,Five Nights at Freddy's,79,0.0406
575,398011207,LIMBO,79,0.0406
576,429066719,Saints Row IV: Re-Elected,79,0.0406
577,1480657521,Doritos Crash Course,77,0.0396
578,1715352825,Five Nights at Freddy's 2,77,0.0396
579,1616307670,PAYDAY 3,77,0.0396
580,2128853757,Cricket 24,75,0.0386
581,433376346,FIFA 18,75,0.0386
582,1613480279,NBA 2K20,75,0.0386
583,1682965190,Stray,75,0.0386
584,1161890157,SSX,74,0.038
585,2104181770,The First Berserker: Khazan,74,0.038
586,196631666,EA SPORTS™ FIFA 20,73,0.0375
587,1297287382,Fable III,73,0.0375
588,1616046491,Gears Tactics - Base Game,73,0.0375
589,346797032,MX vs ATV All Out,73,0.0375
590,1785898011,Sid Meier’s Civilization® VII,73,0.0375
591,69094388,EA SPORTS™ FIFA 17,72,0.037
592,2019267377,Madden NFL 23,72,0.037
593,1777116945,Moving Out 2,72,0.037
594,1625569842,Choo-Choo Charles,71,0.0365
595,1414793400,Grand Theft Auto: San Andreas,71,0.0365
596,423941531,LEGO® Harry Potter™ Collection,71,0.0365
597,1995576035,Remnant II® - Standard Edition,71,0.0365
598,1938336894,Sledders,71,0.0365
599,1712074146,WUCHANG: Fallen Feathers,71,0.0365
600,2010328709,Assassin's Creed® Mirage,70,0.036
601,1736384528,Ben 10: Power Trip,70,0.036
602,1790217657,Five Nights at Freddy's 4,70,0.036
603,885488152,INSIDE,70,0.036
604,1874376911,Splitgate,70,0.036
605,31939361,The Walking Dead: The Final Season,70,0.036
606,1668430766,Cities: Skylines II,69,0.0355
607,1590411380,Mass Effect™: Andromeda,69,0.0355
608,1793267614,Techtonica (Game Preview),69,0.0355
609,528369592,Devil May Cry HD Collection,68,0.035
610,1911932812,DIRT 5,68,0.035
611,143716413,Dragon Age™: The Veilguard,68,0.035
612,1835926818,Hellblade II: Senua's Saga,68,0.035
613,68553410,Kingdom Come: Deliverance,68,0.035
614,2006666244,NBA 2K21,68,0.035
615,1161890066,Portal 2,68,0.035
616,1278031123,Resident Evil,68,0.035
617,1579532320,Sunset Overdrive,68,0.035
618,690285705,The Long Dark,68,0.035
619,244291844,Far Cry 3 Classic Edition,67,0.0344
620,1693050229,Madden NFL 22,67,0.0344
621,1848088335,Subnautica: Below Zero,67,0.0344
622,1012216522,Just Cause 4,66,0.0339
623,1882004205,Neon Abyss,66,0.0339
624,1997201494,Aliens: Fireteam Elite,65,0.0334
625,1297287815,Fable Anniversary,65,0.0334
626,1297287259,Halo: Reach,65,0.0334
627,1480659550,Joy Ride Turbo,65,0.0334
628,1705990324,Space Engineers,65,0.0334
629,170773198,The Evil Within® 2,65,0.0334
630,1112934373,Toy Story 3,65,0.0334
631,482947130,Clicker Heroes,64,0.0329
632,1100121502,Dishonored® Definitive Edition,64,0.0329
633,1297287142,Halo 3,64,0.0329
634,2123297300,JoJo's Bizarre Adventure: All-Star Battle R,64,0.0329
635,8769689,Ancestors: The Humankind Odyssey,63,0.0324
636,527255540,Dishonored 2,63,0.0324
637,791051466,Disneyland Adventures,63,0.0324
638,1297287153,Fable II,63,0.0324
639,2113515818,MLB® The Show™ 23 Xbox Series X|S,63,0.0324
640,1861545287,Tainted Grail: The Fall of Avalon,63,0.0324
641,2030752353,The Binding of Isaac: Repentance,63,0.0324
642,995095203,Warface: Clutch,63,0.0324
643,2089483628,A Plague Tale: Requiem,62,0.0319
644,2030524086,As Dusk Falls,62,0.0319
645,840545531,Dead Space™ 3,62,0.0319
646,1996335028,He is Coming (Game Preview),62,0.0319
647,1993022209,Hi-Fi RUSH,62,0.0319
648,13980132,Left 4 Dead,62,0.0319
649,491595024,LEGO Batman,62,0.0319
650,1263405066,METAL GEAR RISING: REVENGEANCE,62,0.0319
651,856376259,NBA 2K19,62,0.0319
652,1713510228,RIDE 5,62,0.0319
653,1645572933,Starlit Kart Racing,62,0.0319
654,1693830737,Alan Wake 2,61,0.0314
655,976905576,Dragon Age™: Inquisition,61,0.0314
656,722006140,EA SPORTS™ UFC® 3,61,0.0314
657,1297287254,Fuzion Frenzy®,61,0.0314
658,597771444,Gems of War,61,0.0314
659,2103789015,Monster Hunter Rise,61,0.0314
660,804980065,Sea of Thieves Insider,61,0.0314
661,993798593,SUPER STREETFIGHTER IV ARCADE EDITION,61,0.0314
662,1680544459,Dying Light: The Beast,60,0.0308
663,1860089403,Ghostwire: Tokyo,60,0.0308
664,909409687,Star Wars: The Force Unleashed,60,0.0308
665,935319545,FIFA 19,59,0.0303
666,1803141715,Football Manager 2024,59,0.0303
667,504827243,Life Is Strange,59,0.0303
668,119262432,The Jackbox Party Pack 3,59,0.0303
669,2004428777,WILD HEARTS™ Standard Edition,59,0.0303
670,409741425,Worms W.M.D,59,0.0303
671,1297287625,Forza Horizon,58,0.0298
672,859843286,Hellblade: Senua's Sacrifice,58,0.0298
673,1022544763,HITMAN™,58,0.0298
674,1824138520,Mirror's Edge™ Catalyst,58,0.0298
675,1659804324,Ori and the Will of the Wisps,58,0.0298
676,1745852530,RollerCoaster Tycoon 3 Complete Edition,58,0.0298
677,847310458,South Park™: The Stick of Truth ™,58,0.0298
678,1618827907,Starbound,58,0.0298
679,1990404109,Breakout Beyond,57,0.0293
680,1884682689,Five Nights at Freddy's: Security Breach,57,0.0293
681,1678225803,Idle Wizard,57,0.0293
682,1480659458,Sonic Adventure™ 2 ,57,0.0293
683,909545209,Ashen,56,0.0288
684,504518218,L.A. Noire,56,0.0288
685,1884079219,Slime Rancher 2,56,0.0288
686,1735182051,SONIC X SHADOW GENERATIONS,56,0.0288
687,1997535850,SpiderHeck,56,0.0288
688,2090474684,Poppy Playtime: Chapter 1,55,0.0283
689,1414596717,Saints Row®: The Third™ ,55,0.0283
690,1613348546,Sea of Stars: Sunset Edition,55,0.0283
691,548623535,SpongeBob SquarePants: Battle for Bikini Bottom - Rehydrated,55,0.0283
692,1936930219,Tell Me Why,55,0.0283
693,2028925271,Trepang2,55,0.0283
694,2030027058,Wartales,55,0.0283
695,1790216132,Hades,54,0.0278
696,87350449,NieR:Automata™ BECOME AS GODS Edition,54,0.0278
697,2109806164,World of Outlaws: Dirt Racing 24,54,0.0278
698,1886388305,Kunitsu-Gami: Path of the Goddess,53,0.0273
699,2039473401,NINJA GAIDEN Σ,53,0.0273
700,1263405125,Silent Hill:  HD Collection,53,0.0273
701,1903138273,Sonic Frontiers,53,0.0273
702,2040766801,Test Drive Unlimited Solar Crown,53,0.0273
703,212680242,DEAD OR ALIVE 6: Core Fighters,52,0.0267
704,1777438490,Devil May Cry 5 Special Edition,52,0.0267
705,439107693,Dungeon Defenders II,52,0.0267
706,1904044383,Minecraft Preview for Windows,52,0.0267
707,1676550189,MY HERO ONE'S JUSTICE 2,52,0.0267
708,515050978,Rare Replay,52,0.0267
709,2067126551,Forza Motorsport 5,51,0.0262
710,1955542194,Grand Theft Auto III – The Definitive Edition,51,0.0262
711,1725517447,House Flipper 2,51,0.0262
712,333628240,Quantum Break,51,0.0262
713,871098991,STAR WARS™: Squadrons,51,0.0262
714,1762703770,The Lord of the Rings: Return to Moria™,51,0.0262
715,282062756,The Walking Dead: A New Frontier - Episode 1,51,0.0262
716,2006710939,Skater XL,50,0.0257
717,1397033053,Sonic & All-Stars Racing Transformed,50,0.0257
718,1431504903,TC's RainbowSix Vegas2,50,0.0257
719,1479999542,Unravel,50,0.0257
720,2037558339,My Friend Peppa Pig,49,0.0252
721,1768536074,Symphonia 𝄞,49,0.0252
722,1793645165,THE KING OF FIGHTERS XV Standard Edition,49,0.0252
723,1480659422,The Walking Dead,49,0.0252
724,1161889782, Medal of Honor Airborne,48,0.0247
725,2110974782,MARVEL vs. CAPCOM Fighting Collection: Arcade Classics,48,0.0247
726,1728797774,ONE PIECE: PIRATE WARRIORS 4,48,0.0247
727,2145202828,Tricking 0,48,0.0247
728,551688870,XCOM® 2,48,0.0247
729,1997651308,All You Need is Help,47,0.0242
730,1480659414,Bejeweled 3,47,0.0242
731,1161889896,BLACK™,47,0.0242
732,1161889989,Brütal Legend,47,0.0242
733,793598300,CODE VEIN,47,0.0242
734,1923160643,Dead Rising 3,47,0.0242
735,490701180,Devil May Cry 4 Special Edition,47,0.0242
736,369157937,MARVEL VS. CAPCOM: INFINITE,47,0.0242
737,1128466461,Resident Evil Operation Raccoon City,47,0.0242
738,974586226,We Happy Few,47,0.0242
739,1115757811,Alien: Isolation,46,0.0237
740,964785867,Dead Space™ 2,46,0.0237
741,1279330291,LEGO Star Wars III ,46,0.0237
742,105831487,NARUTO SHIPPUDEN™: Ultimate Ninja® STORM 3 Full Burst,46,0.0237
743,1159891781,Wolfenstein: The Old Blood,46,0.0237
744,2024046503,60 Seconds! Reatomized,45,0.0231
745,1812873797,Blades of Fire,45,0.0231
746,1161889984,Dragon Age: Origins,45,0.0231
747,1984491277,Grim Idle,45,0.0231
748,1719118099,Manor Lords (Game Preview),45,0.0231
749,102287491,Marvel's Avengers Definitive Edition,45,0.0231
750,1653696130,Microsoft Mahjong,45,0.0231
751,1397032978,SONIC UNLEASHED,45,0.0231
752,1185249228,Trials Fusion,45,0.0231
753,1634720918,Ultimate Custom Night,45,0.0231
754,593828894,Absolver,44,0.0226
755,824378203,Crackdown 3: Campaign,44,0.0226
756,605932637,Hello Neighbor,44,0.0226
757,2081060870,Maneater,44,0.0226
758,1803631176,MechWarrior 5: Mercenaries,44,0.0226
759,1700516900,NINJA GAIDEN 3: Razor's Edge,44,0.0226
760,1718697574,OCTOPATH TRAVELER,44,0.0226
761,2011093308,Pacify,44,0.0226
762,1698508835,PGA TOUR 2K25 First Look,44,0.0226
763,2098044337,Poppy Playtime: Chapter 4,44,0.0226
764,884612576,Sonic Mania,44,0.0226
765,2017944493,Super Mega Baseball 3,44,0.0226
766,1313671257,TEKKEN TAG TOURNAMENT 2,44,0.0226
767,1812456871,Battletoads,43,0.0221
768,1777786002,Commandos: Origins,43,0.0221
769,907587004,Dead Island: Riptide Definitive Edition,43,0.0221
770,1799540443,Dungeons & Dragons Neverwinter Nights 2: Enhanced Edition,43,0.0221
771,2052426459,EA SPORTS™ FIFA 16,43,0.0221
772,1709856057,RoboCop: Rogue City - Unfinished Business,43,0.0221
773,100764563,Sniper Elite 4,43,0.0221
774,1827287476,World of Outlaws: Dirt Racing,43,0.0221
775,1983212679,Bloons TD 6,42,0.0216
776,1682154324,DPS Idle,42,0.0216
777,1984358909,Expansion for Explorers Pack 1,42,0.0216
778,2082961842,Jujutsu Kaisen Cursed Clash,42,0.0216
779,1716785936,Jusant,42,0.0216
780,511110146,Metro: Last Light Redux,42,0.0216
781,1891931390,MXGP 2021 - The Official Motocross Videogame,42,0.0216
782,971220532,NBA 2K Playgrounds 2,42,0.0216
783,717702870,OUTRIDERS,42,0.0216
784,1874881573,Tales of Kenzera™: ZAU,42,0.0216
785,1688839217,The Elder Scrolls V: Skyrim Special Edition (PC),42,0.0216
786,996030243,BioShock 2 Remastered,41,0.0211
787,2068802336,Drift Legends 2,41,0.0211
788,552778408,EA SPORTS™ UFC® 2,41,0.0211
789,964019698,Immortals Fenyx Rising™,41,0.0211
790,440611906,LEGO Pirates of the Caribbean: The Video Game,41,0.0211
791,1431505028,Rayman® Origins,41,0.0211
792,1819798709,Tetris® Effect: Connected,41,0.0211
793,278981929,[PROTOTYPE®],40,0.0206
794,760882151,CRSED: F.O.A.D.,40,0.0206
795,2136041956,DOOM 64,40,0.0206
796,1817185896,Easy Red 2,40,0.0206
797,427070178,FINAL FANTASY X/X-2 HD Remaster,40,0.0206
798,1654542558,Hotline Miami,40,0.0206
799,1906370210,Minecraft: Java Edition,40,0.0206
800,1464993789,Mortal Kombat,40,0.0206
801,907086072,Prey,40,0.0206
802,472512000,Resident Evil Revelations,40,0.0206
803,2042908226,Rugby League 26,40,0.0206
804,1726756158,Spiritfarer®: Farewell Edition,40,0.0206
805,852732437,State of Decay: Year-One,40,0.0206
806,1649441503,The Game of Life 2,40,0.0206
807,1678543324,Aragami 2,39,0.0201
808,1161889879,Dead Space,39,0.0201
809,136002788,Farming Simulator 19,39,0.0201
810,1712655251,Garten of Banban 1,39,0.0201
811,867642949,LEGO® Worlds,39,0.0201
812,1009393042,Middle-earth™: Shadow of Mordor™ - Game of the Year Edition,39,0.0201
813,810085329,Mirror's Edge™,39,0.0201
814,374430704,NBA 2K17,39,0.0201
815,1628869222,Soulstone Survivors,39,0.0201
816,954605110,Assassin’s Creed® Rogue Remastered,38,0.0195
817,1957968654,Destroy All Humans! - Clone Carnage,38,0.0195
818,1900564739,New Super Lucky's Tale,38,0.0195
819,559544937,Ori and the Blind Forest: Definitive Edition,38,0.0195
820,2037306921,Poppy Playtime: Chapter 3,38,0.0195
821,1935747145,Prototype®2,38,0.0195
822,155936527,Street Fighter 30th Anniversary Collection,38,0.0195
823,1957310205,Streets of Rage 4,38,0.0195
824,1480657498,Super Meat Boy,38,0.0195
825,1848191014,TUNIC,38,0.0195
826,1480657236,Banjo-Kazooie,37,0.019
827,1161890190,Crysis® 3,37,0.019
828,2096821037,DOOM 3,37,0.019
829,564131151,Kerbal Space Program Enhanced Edition,37,0.019
830,1970109802,Madden NFL 21,37,0.019
831,1688832803,Monster Energy Supercross - The Official Videogame 6,37,0.019
832,285742376,NBA 2K16,37,0.019
833,914276891,RAGE 2,37,0.019
834,2052095073,Ravenswatch,37,0.019
835,869628338,Attack on Titan 2,36,0.0185
836,1313671226,Dark Souls™,36,0.0185
837,2036125374,Neon White,36,0.0185
838,217831213,RISK,36,0.0185
839,1955054478,Smalland: Survive the Wilds,36,0.0185
840,1065100845,Star Wars: The Force Unleashed II,36,0.0185
841,1853160773,STAR WARS™: Battlefront Classic Collection,36,0.0185
842,1431505078,Tom Clancy’s Splinter Cell® Blacklist™,36,0.0185
843,1945435013,TRIVIAL PURSUIT Live! 2,36,0.0185
844,1616326452,Arcadegeddon,35,0.018
845,699731308,BioShock Infinite: The Complete Edition,35,0.018
846,2077764934,Crysis Remastered,35,0.018
847,1690468494,DEATHLOOP,35,0.018
848,1662474270,Eternal Strands,35,0.018
849,1628280816,Faaast Penguin,35,0.018
850,2109344129,FINAL FANTASY XV WINDOWS EDITION,35,0.018
851,273290529,Idle Champions of the Forgotten Realms,35,0.018
852,40509624,KINGDOM HEARTS Ⅲ,35,0.018
853,1864882669,Persona 4 Golden,35,0.018
854,1768466312,Poppy Playtime: Chapter 2,35,0.018
855,1112934375,Split/Second,35,0.018
856,1731121397,The Quarry,35,0.018
857,2089424131,This War of Mine: Final Cut,35,0.018
858,659391373,WWE 2K16,35,0.018
859,1480656879,Zuma,35,0.018
860,1397033002,Aliens vs Predator,34,0.0175
861,1761060600,Happy Wars,34,0.0175
862,148078765,Madden NFL 20,34,0.0175
863,1397033032,Sonic Generations,34,0.0175
864,240091546,SUPERHOT,34,0.0175
865,1755825192,The LEGO Movie Videogame,34,0.0175
866,386788672,Cars 3: Driven to Win,33,0.017
867,1871238901,Crime Boss: Rockay City,33,0.017
868,2103079736,Hamster Playground,33,0.017
869,1480657258,Hydro Thunder,33,0.017
870,2003863742,Microsoft Jigsaw,33,0.017
871,1414596731,MX vs. ATV Alive,33,0.017
872,340920273,Overcooked,33,0.017
873,1785174857,Spelunky 2,33,0.017
874,1798733099,Teenage Mutant Ninja Turtles: Splintered Fate,33,0.017
875,1161889807,The Orange Box,33,0.017
876,1288959033,Viva Piñata,33,0.017
877,1811697311,World War Z,33,0.017
878,2040239934,XDefiant,33,0.017
879,1431505070,Assassin's Creed® III ,32,0.0165
880,1096157436,Call of Duty®: Ghosts,32,0.0165
881,1297287356,Crackdown 2,32,0.0165
882,575414105,Life is Strange 2 - Episode 1,32,0.0165
883,1703086168,Microsoft Sudoku,32,0.0165
884,192928167,Rocksmith 2014,32,0.0165
885,1649097896,SnowRunner - Windows,32,0.0165
886,271965907,Wasteland 3,32,0.0165
887,1995157831,Wildfrost,32,0.0165
888,1777027693,Adv File Explorer (FullTrust),31,0.0159
889,337857707,Bendy and the Ink Machine,31,0.0159
890,1898092029,Inops,31,0.0159
891,587488276,Outlast 2,31,0.0159
892,1542414577,Plague Inc: Evolved,31,0.0159
893,1868826586,RimWorld Console Edition,31,0.0159
894,1847402697,ScreamRide,31,0.0159
895,1931911684,Shredders,31,0.0159
896,1112934452,STAR WARS KOTOR,31,0.0159
897,1792749432,Alan Wake Remastered,30,0.0154
898,274976276,ARCADE GAME SERIES: PAC-MAN,30,0.0154
899,1267471686,DEAD OR ALIVE 5 Last Round: Core Fighters,30,0.0154
900,1689264723,FIFA 15,30,0.0154
901,530599647,Homefront®: The Revolution,30,0.0154
902,1774172067,HOT WHEELS UNLEASHED™ 2 - Turbocharged,30,0.0154
903,1911404173,Immortals of Aveum™,30,0.0154
904,2105228747,Killer Klowns From Outer Space: The Game,30,0.0154
905,668438210,LEGO® CITY Undercover,30,0.0154
906,693381002,LEGO® The Incredibles,30,0.0154
907,2014650813,Minecraft: Story Mode - Episode 1: The Order of the Stone,30,0.0154
908,1919875042,MLB® The Show™ 22 Xbox Series X | S,30,0.0154
909,2086200115,OCTOPATH TRAVELER II,30,0.0154
910,2030792699,PGA TOUR 2K21,30,0.0154
911,1431504907,SplinterCellConviction,30,0.0154
912,2047601430,Truck and Logistics Simulator,30,0.0154
913,496534680,Wolfenstein: Youngblood,30,0.0154
914,1431504852,Assassin's Creed,29,0.0149
915,2042945112,Atomicrops,29,0.0149
916,1297287149,Banjo Kazooie: N n B,29,0.0149
917,1414793191,Borderlands,29,0.0149
918,1723836102,Cookie Clicker,29,0.0149
919,2028637067,Drug Dealer Simulator,29,0.0149
920,2109350810,Dungeons Of Hinterberg,29,0.0149
921,607966981,FINAL FANTASY VII,29,0.0149
922,1279330271,LEGO Indiana Jones,29,0.0149
923,1957255658,MORDHAU,29,0.0149
924,469309830,NARUTO™: Ultimate Ninja® STORM,29,0.0149
925,200732952,Project CARS 2,29,0.0149
926,1469186547,Resident Evil 0,29,0.0149
927,1983809908,The Precinct,29,0.0149
928,1480657079,Castle Crashers,28,0.0144
929,1880193218,Century: Age of Ashes,28,0.0144
930,2017702583,Dauntless,28,0.0144
931,1954227024,DRAGON BALL: THE BREAKERS,28,0.0144
932,1146095621,Earth Defense Force 2025,28,0.0144
933,1804401706,F1® 22 Xbox Series X|S,28,0.0144
934,1653679338,Flintlock: The Siege of Dawn,28,0.0144
935,2063170939,Frostpunk: Console Edition,28,0.0144
936,2047199918,Isonzo (Windows),28,0.0144
937,2094642688,Just Shapes & Beats,28,0.0144
938,42119495,Killer Instinct Classic,28,0.0144
939,1923279922,Marvel's Guardians of the Galaxy,28,0.0144
940,2036178233,Monster Energy Supercross 25 - The Official Video Game,28,0.0144
941,2092112354,Monster Jam™ Showdown,28,0.0144
942,1112737745,Oblivion,28,0.0144
943,2029650168,Overthrown,28,0.0144
944,1893542225,PIPE by BMX Streets,28,0.0144
945,487177805,Prison Architect: Xbox One Edition,28,0.0144
946,2056655762,Remnant: From the Ashes,28,0.0144
947,2068415611,Rust Console Edition - Public Test Branch,28,0.0144
948,2032369368,Scott Pilgrim vs. The World™: The Game – Complete Edition,28,0.0144
949,1866950192,Shady Part of Me,28,0.0144
950,1615232474,The Walking Dead: The Telltale Definitive Series,28,0.0144
951,1965711939,Capcom Fighting Collection 2,27,0.0139
952,1112934398,Cars 2: The Video Game,27,0.0139
953,1297287132,Crackdown,27,0.0139
954,849613404,Dragon's Dogma: Dark Arisen,27,0.0139
955,185283316,MX vs ATV Reflex,27,0.0139
956,1987587652,Overcooked! All You Can Eat,27,0.0139
957,1843641391,Quake,27,0.0139
958,1947725080,Skul: The Hero Slayer,27,0.0139
959,1864659895,Sniper Ghost Warrior Contracts 2,27,0.0139
960,1112934459,Star Wars Republic Commando,27,0.0139
961,2000011414,Starlit Adventures,27,0.0139
962,912691842,Sudden Strike 4 - European Battlefields Edition,27,0.0139
963,2098462228,The Jackbox Party Pack 7,27,0.0139
964,19060482,Trials® Rising,27,0.0139
965,1866559372,Turnip Boy Robs a Bank,27,0.0139
966,309834943,Wheel Of Fortune®,27,0.0139
967,1307429766,Worms Battlegrounds,27,0.0139
968,2035296401,Capcom Arcade 2nd Stadium,26,0.0134
969,2079414802,CATAN® - Console Edition,26,0.0134
970,1297287892,Conker: Live and Reloaded,26,0.0134
971,1270951403,Dead Rising 4,26,0.0134
972,1952256197,F1 2020,26,0.0134
973,1613695074,Five Nights at Freddy's 3,26,0.0134
974,1692871917,Frozen Free Fall: Snowball Fight,26,0.0134
975,1802207786,HOT WHEELS UNLEASHED™ - Windows Edition,26,0.0134
976,2043794712,Kingdoms and Castles,26,0.0134
977,1891684356,Lost in Random™,26,0.0134
978,1091024470,Magic Duels,26,0.0134
979,1997603662,Minion Masters,26,0.0134
980,1726129713,Planet Coaster: Console Edition,26,0.0134
981,2147115693,Project Wingman,26,0.0134
982,275132544,SEGA® Genesis Classics™,26,0.0134
983,2031266067,Sker Ritual,26,0.0134
984,1771004118,Sniper Elite 5,26,0.0134
985,449394673,Vampyr,26,0.0134
986,2021058326,Way of the Hunter,26,0.0134
987,23570566,Batman - The Telltale Series - Episode 1: Realm of Shadows,25,0.0129
988,1096157137,Call of Duty® 2,25,0.0129
989,1747946954,Construction Simulator,25,0.0129
990,1161890059,Dragon Age™ 2,25,0.0129
991,1941057630,Empire of the Ants,25,0.0129
992,2090925193,Metal Slug Tactics,25,0.0129
993,521893123,ONE PIECE World Seeker,25,0.0129
994,1747676401,Planet Coaster 2,25,0.0129
995,1696173302,RIDE 4,25,0.0129
996,1313671164,TEKKEN 6,25,0.0129
997,1047413393,TERA,25,0.0129
998,1629004246,We Love Katamari REROLL+ Royal Reverie,25,0.0129
999,1920996408,Age of Wonders 4,24,0.0123
1000,1025057816,Battle Ages,24,0.0123
1001,972461615,Battle Islands,24,0.0123
1002,1161889798,Burnout Paradise,24,0.0123
1003,1096157153,Call of Duty® 3,24,0.0123
1004,2113258996,Core Keeper,24,0.0123
1005,1739392581,Dungeons of Sundaria,24,0.0123
1006,1673998520,F1® Manager 2024,24,0.0123
1007,1480657036,Feeding Frenzy 2,24,0.0123
1008,488156801,GreedFall,24,0.0123
1009,1970836204,Hotline Miami 2: Wrong Number,24,0.0123
1010,1917135799,HYPERCHARGE Unboxed,24,0.0123
1011,1867295360,Monster Sanctuary,24,0.0123
1012,1909911128,NASCAR Heat 4,24,0.0123
1013,1480659436,NBA JAM: On Fire Edition,24,0.0123
1014,2128854962,One Lonely Outpost,24,0.0123
1015,162448742,Outer Wilds,24,0.0123
1016,1302301894,Powerstar Golf,24,0.0123
1017,1657564986,Ratshaker,24,0.0123
1018,1889456287,Roller Champions™,24,0.0123
1019,978050046,ShellShock Live,24,0.0123
1020,1740860919,Sniper Ghost Warrior Contracts,24,0.0123
1021,2051631747,Spectre Divide,24,0.0123
1022,1128640842,The Escapists,24,0.0123
1023,580901123,Tropico 6,24,0.0123
1024,1850945804,Age of Empires III: Definitive Edition,23,0.0118
1025,1480657237,Banjo-Tooie,23,0.0118
1026,1464993832,Batman: Arkham Origins,23,0.0118
1027,856892583,Darksiders II Deathinitive Edition,23,0.0118
1028,406842057,Dead Rising,23,0.0118
1029,1851718938,FANTASY LIFE i: The Girl Who Steals Time,23,0.0118
1030,1696603875,Gas Station Simulator,23,0.0118
1031,1705150859,Greedland,23,0.0118
1032,1873893114,Just Die Already,23,0.0118
1033,506903100,Madden NFL 18,23,0.0118
1034,1112737785,Morrowind,23,0.0118
1035,893913058,MX Unleashed,23,0.0118
1036,1873450782,MXGP 2020 - The Official Motocross Videogame,23,0.0118
1037,485601591,NARUTO SHIPPUDEN™: Ultimate Ninja® STORM 2,23,0.0118
1038,1615991113,New MONOPOLY®,23,0.0118
1039,1169551644,Saints Row: Gat out of Hell,23,0.0118
1040,1112934454,Star Wars Battlefront,23,0.0118
1041,1040009086,Super Lucky's Tale,23,0.0118
1042,62572131,The Wolf Among Us,23,0.0118
1043,2070685355,to a T,23,0.0118
1044,1760893557,Warlander,23,0.0118
1045,1148805248,Yu-Gi-Oh! Legacy of the Duelist,23,0.0118
1046,1431505090,Assassin’s Creed® IV,22,0.0113
1047,1841011808,Blizzard® Arcade Collection,22,0.0113
1048,1865197952,Boomerang Fu,22,0.0113
1049,1480656967,Castlevania: SOTN,22,0.0113
1050,1794039305,Coral Island,22,0.0113
1051,1161890152,Crysis,22,0.0113
1052,1728448413,DmC Devil May Cry: Definitive Edition,22,0.0113
1053,1659464109,Elite Dangerous Core,22,0.0113
1054,1885859783,FATAL FURY: City of the Wolves,22,0.0113
1055,416597888,Hungry Shark® World,22,0.0113
1056,1926489287,Marvel's Midnight Suns,22,0.0113
1057,1480656948,Pinball FX,22,0.0113
1058,1606375163,Pinball FX3,22,0.0113
1059,1871994086,Planet Zoo: Console Edition,22,0.0113
1060,474501413,RIDE 3,22,0.0113
1061,1928322650,Snooker Blitz,22,0.0113
1062,129325438,SONIC FORCES,22,0.0113
1063,1941370105,Supermarket Owner Simulator: Business,22,0.0113
1064,365797379,Supreme Commander 2,22,0.0113
1065,2013672301,The Gunk,22,0.0113
1066,635298240,"The Walking Dead: Michonne - Ep. 1, In Too Deep",22,0.0113
1067,2116409537,Yu-Gi-Oh! Legacy of the Duelist : Link Evolution,22,0.0113
1068,1480659433,Zuma's Revenge!,22,0.0113
1069,1128466455,ASURA'S WRATH,21,0.0108
1070,2070921614,Bayonetta,21,0.0108
1071,293785190,Bloons TD 5,21,0.0108
1072,1617823540,Bomb Rush Cyberfunk,21,0.0108
1073,84648031,Bulletstorm: Full Clip Edition,21,0.0108
1074,2123216194,Crysis 2 Remastered,21,0.0108
1075,320506923,Dead Rising 2,21,0.0108
1076,1876744786,Killing Floor 3,21,0.0108
1077,1128466413,LOST PLANET 2,21,0.0108
1078,1781365913,Monster Train,21,0.0108
1079,1702524932,Power Rangers: Battle for the Grid,21,0.0108
1080,1414596688,SpongeBob: Truth-Sq.,21,0.0108
1081,1112934458,STAR WARS KOTOR II,21,0.0108
1082,1633458467,SteamWorld Build,21,0.0108
1083,1748769487,The Jackbox Party Pack 6,21,0.0108
1084,422246343,Tom Clancy’s Rainbow Six® Extraction,21,0.0108
1085,1910952414,TRIALS of MANA,21,0.0108
1086,1658477123,Unturned,21,0.0108
1087,71300661,ACA NEOGEO THE KING OF FIGHTERS 2002,20,0.0103
1088,433738637,Adventure Time: Pirates of the Enchiridion,20,0.0103
1089,588577476,ARCADE GAME SERIES: GALAGA,20,0.0103
1090,1431504955,Assassin's Creed II,20,0.0103
1091,1955966351,Black Myth: Wukong,20,0.0103
1092,1161889756,Burnout Revenge,20,0.0103
1093,1867148258,eFootball PES 2021 SEASON UPDATE,20,0.0103
1094,1947900602,Like a Dragon: Infinite Wealth,20,0.0103
1095,1955779192,MechWarrior 5: Clans,20,0.0103
1096,1656145947,Moonlighter,20,0.0103
1097,1679589975,Mortal Shell: Enhanced Edition,20,0.0103
1098,1820656575,NHL® 23,20,0.0103
1099,1776537169,NINJA GAIDEN Σ2,20,0.0103
1100,1743049130,Quake II,20,0.0103
1101,449890085,The Jackbox Party Pack 4,20,0.0103
1102,1480657242,Trials HD,20,0.0103
1103,1278892798,TRIVIAL PURSUIT LIVE!,20,0.0103
1104,531971604,WWE 2K19,20,0.0103
1105,1917938753,Yakuza 0,20,0.0103
1106,1755599316,Age of Empires Definitive Edition,19,0.0098
1107,1628688048,Atomic Heart,19,0.0098
1108,1663573292,Bendy and the Dark Revival,19,0.0098
1109,230716687,Biomutant,19,0.0098
1110,1914086330,Broforce,19,0.0098
1111,1161889888,C&C Red Alert 3,19,0.0098
1112,1802600743,Capcom Arcade Stadium,19,0.0098
1113,1096157460,COD: Advanced Warfare,19,0.0098
1114,1729654407,Company of Heroes 3,19,0.0098
1115,1822577333,Dead Rising Deluxe Remaster,19,0.0098
1116,1824003155,Family Feud®,19,0.0098
1117,1814325409,Fantasy Dash,19,0.0098
1118,1431505036,Far Cry 3,19,0.0098
1119,1431504912,Far Cry® 2,19,0.0098
1120,1678270415,Farm Together,19,0.0098
1121,1646082476,Galacticare,19,0.0098
1122,1297287449,Halo 4,19,0.0098
1123,1480656868,Hardwood Spades,19,0.0098
1124,2071372034,Lawn Mowing Simulator,19,0.0098
1125,1005561191,LEGO® Indiana Jones™ 2,19,0.0098
1126,2119300209,Life is Strange: Double Exposure,19,0.0098
1127,1414793190,Mafia II,19,0.0098
1128,333701857,Mega Man X Legacy Collection,19,0.0098
1129,2045704503,Metaball,19,0.0098
1130,650249872,Metal Gear Solid V: Ground Zeroes,19,0.0098
1131,1480657266,Metal Slug XX,19,0.0098
1132,534004979,Microsoft Ultimate Word Games,19,0.0098
1133,1885214293,Moo & Move: Extra Grazing Grounds,19,0.0098
1134,1966816764,My Friend Pedro,19,0.0098
1135,1480657248,Portal: Still Alive,19,0.0098
1136,818066257,Rugby League Live 4,19,0.0098
1137,1734582052,S.T.A.L.K.E.R.: Shadow of Chornobyl - Enhanced Edition,19,0.0098
1138,1691013379,Secret Neighbor,19,0.0098
1139,90400189,SUPER BOMBERMAN R,19,0.0098
1140,886895461,The Jackbox Party Pack 5,19,0.0098
1141,716478832,TT Isle of Man,19,0.0098
1142,1651691355,Wanted: Dead,19,0.0098
1143,1849227144,WWE 2K20,19,0.0098
1144,1751360232,AAA Dynamic Scenes,18,0.0093
1145,2004939306,Crysis 3 Remastered,18,0.0093
1146,217802058,Darkest Dungeon®,18,0.0093
1147,725442241,Darksiders Warmastered Edition,18,0.0093
1148,686783342,Divinity: Original Sin 2 - Definitive Edition,18,0.0093
1149,1797553917,DYNASTY WARRIORS: ORIGINS,18,0.0093
1150,1874135365,EDENS ZERO,18,0.0093
1151,1464993747,F.E.A.R. 2,18,0.0093
1152,1801537563,F1® 2021,18,0.0093
1153,1480656881,Feeding Frenzy,18,0.0093
1154,1397819364,FINAL FANTASY XIII,18,0.0093
1155,1702196563,Frostpunk 2,18,0.0093
1156,1828807544,Harry Potter: Quidditch Champions,18,0.0093
1157,1480656849,Hexic HD,18,0.0093
1158,2093028006,Hole io,18,0.0093
1159,1044501532,Jeopardy!,18,0.0093
1160,1679509385,Kill It With Fire,18,0.0093
1161,1900811986,Kingdoms of Amalur: Re-Reckoning,18,0.0093
1162,1161890141,Mass Effect™ 3,18,0.0093
1163,1010226785,One Piece: Burning Blood,18,0.0093
1164,1112934456,Star Wars Jedi Knight: Jedi Academy,18,0.0093
1165,1883232264,STAR WARS™ Episode I Racer,18,0.0093
1166,1128466401,STREET FIGHTER IV,18,0.0093
1167,1933264626,Survivalist: Invisible Strain,18,0.0093
1168,597690024,SWORD ART ONLINE: FATAL BULLET,18,0.0093
1169,2142487375,Teenage Mutant Ninja Turtles: The Cowabunga Collection,18,0.0093
1170,1397622748,THE KING OF FIGHTERS XIII,18,0.0093
1171,1879711255,The Outer Worlds 2,18,0.0093
1172,680908276,Viva Piñata: TIP,18,0.0093
1173,2075589952,"Warhammer 40,000: Boltgun - Windows",18,0.0093
1174,2016203684,Alaskan Road Truckers: Highway Edition,17,0.0087
1175,1940736818,Darkest Dungeon II,17,0.0087
1176,1736409202,DEEEER Simulator: Your Average Everyday Deer Game,17,0.0087
1177,1751733247,Doki Doki Literature Club Plus!,17,0.0087
1178,374274123,EA SPORTS™ NHL® 19,17,0.0087
1179,12206284,eFootball PES 2020,17,0.0087
1180,1736752782,Expansion for Explorers,17,0.0087
1181,1997023214,FINAL FANTASY IX,17,0.0087
1182,1623391709,Flock,17,0.0087
1183,159583079,Gear.Club Unlimited 2 - Ultimate Edition,17,0.0087
1184,766737132,Halo 5: Forge,17,0.0087
1185,1397819396,Hitman: Absolution,17,0.0087
1186,850034103,Killer Instinct 2 Classic,17,0.0087
1187,565406974,LEGO® STAR WARS™: The Force Awakens,17,0.0087
1188,1973367334,MindsEye,17,0.0087
1189,1742982949,MotoGP™24,17,0.0087
1190,650779126,NBA 2K18,17,0.0087
1191,1059087507,Octodad: Dadliest Catch,17,0.0087
1192,1161889919,Skate 2,17,0.0087
1193,1480657342,Spelunky,17,0.0087
1194,2002882362,Squirrel with a Gun,17,0.0087
1195,2141647881,Tales from the Borderlands - Episode 1: Zer0 Sum,17,0.0087
1196,1788169756,Taxi Life: A City Driving Simulator,17,0.0087
1197,1749629863,The Case of the Golden Idol,17,0.0087
1198,1181281124,Thief,17,0.0087
1199,940586683,Wizard of Legend,17,0.0087
1200,981110874,WWE 2K18,17,0.0087
1201,1480656966,Alien Hominid HD,16,0.0082
1202,77840650,Among the Sleep - Enhanced Edition,16,0.0082
1203,1431505017,Assassin's Creed Revelations,16,0.0082
1204,1662853043,Blasphemous 2,16,0.0082
1205,1480659632,Call of Juarez® Gunslinger,16,0.0082
1206,1297287249,Crimson Skies®: High Road to Revenge™,16,0.0082
1207,1618801140,CRISIS CORE –FINAL FANTASY VII– REUNION,16,0.0082
1208,696196977,DRAGON BALL XENOVERSE,16,0.0082
1209,1989956835,Evolve,16,0.0082
1210,1663990634,GigaBash,16,0.0082
1211,1955982965,Gunfire Reborn,16,0.0082
1212,682562723,Halo: Spartan Assault,16,0.0082
1213,2020032940,HAWKED,16,0.0082
1214,1396901863,Just Cause 2,16,0.0082
1215,70112963,Knight Squad,16,0.0082
1216,311896559,Mount & Blade: Warband,16,0.0082
1217,385764340,MX vs. ATV Supercross Encore,16,0.0082
1218,1414596574,MX vs. ATV: Untamed,16,0.0082
1219,778400368,NBA 2K14,16,0.0082
1220,1757462338,Ni no Kuni Wrath of the White Witch™ Remastered,16,0.0082
1221,1789091683,Rain World,16,0.0082
1222,852431422,ReCore,16,0.0082
1223,1947938436,Shotgun Farmers,16,0.0082
1224,1907729638,Solasta: Crown of the Magister,16,0.0082
1225,1431504854,TC's RainbowSix Vegas,16,0.0082
1226,2124647331,Tchia,16,0.0082
1227,2036345770,The Dark Pictures Anthology House of Ashes,16,0.0082
1228,610345881,The Jackbox Party Pack,16,0.0082
1229,2101138430,The Matrix Awakens: An Unreal Engine 5 Experience,16,0.0082
1230,1860058296,TT Isle Of Man: Ride on the Edge 3,16,0.0082
1231,1741728886,Arcade Paradise,15,0.0077
1232,1431505102,Assassin's Creed® Rogue,15,0.0077
1233,364804937,BATTLESHIP®,15,0.0077
1234,232457702,Broken Age,15,0.0077
1235,572417720,Emily Wants To Play,15,0.0077
1236,363774594,Farming Simulator 17,15,0.0077
1237,1683674669,Ghostbusters: Spirits Unleashed Ecto Edition,15,0.0077
1238,2037481046,Inertial Drift,15,0.0077
1239,1640763780,KIBORG,15,0.0077
1240,1668424649,Kulebra and the Souls of Limbo: Closure Edition,15,0.0077
1241,1279330257,LEGO Star Wars II,15,0.0077
1242,2049727100,METAL GEAR SOLID - Master Collection Version,15,0.0077
1243,1889321756,Microsoft Minesweeper,15,0.0077
1244,2118184557,Monster Jam Steel Titans 2,15,0.0077
1245,2040686890,My Time at Sandrock,15,0.0077
1246,2076732337,Necromunda: Hired Gun (Windows),15,0.0077
1247,961593710,NHL® 20,15,0.0077
1248,676432066,PAC-MAN™ CHAMPIONSHIP EDITION 2,15,0.0077
1249,2117095676,Planet of Lana,15,0.0077
1250,1745314691,Psychonauts 2,15,0.0077
1251,583196255,RAGE,15,0.0077
1252,1431505091,Rayman® Legends,15,0.0077
1253,1263339510,Saints Row IV,15,0.0077
1254,2100312943,SCARLET NEXUS,15,0.0077
1255,1906073826,Skullgirls 2nd Encore,15,0.0077
1256,1480657445,Sonic Adventure,15,0.0077
1257,1648684496,Sonic Origins,15,0.0077
1258,1663285336,STAR WARS™: Bounty Hunter™,15,0.0077
1259,19615130,Super Mega Baseball: Extra Innings,15,0.0077
1260,1719207328,TERMINATOR: RESISTANCE - COMPLETE EDITION,15,0.0077
1261,213257000,TerraTech,15,0.0077
1262,654883159,The LEGO® NINJAGO® Movie Video Game,15,0.0077
1263,689916261,"Warhammer 40,000: Inquisitor - Martyr Ultimate Edition",15,0.0077
1264,1679168855,A Quiet Place: The Road Ahead,14,0.0072
1265,1742707305,Ambulance Life: A Paramedic Simulator,14,0.0072
1266,338995079,Batman: The Enemy Within - Episode 1,14,0.0072
1267,233177124,Battle Islands: Commanders,14,0.0072
1268,1928228122,Borderlands®4,14,0.0072
1269,2026693193,Bus Simulator 21 Next Stop,14,0.0072
1270,2003473581,Citizen Sleeper,14,0.0072
1271,1693676973,Clue,14,0.0072
1272,1480657460,Crazy Taxi,14,0.0072
1273,1161890019,Crysis 2,14,0.0072
1274,1748951836,Disco Elysium - The Final Cut,14,0.0072
1275,1112934422,Disney Epic Mickey 2: The Power of Two,14,0.0072
1276,886999858,Duke Nukem 3D: 20th Anniversary World Tour,14,0.0072
1277,1906937527,Far Cry 3 Blood Dragon Classic Edition,14,0.0072
1278,1661863954,FATE: Reawakened,14,0.0072
1279,2109927239,Five Nights at Freddy's: Sister Location,14,0.0072
1280,1669831089,Gold Mining Simulator,14,0.0072
1281,476517807,Gravel,14,0.0072
1282,1297287287,Halo 3: ODST Campaign Edition,14,0.0072
1283,1833447683,Legacy of Kain™ Soul Reaver 1&2 Remastered,14,0.0072
1284,2017169801,LOLLIPOP CHAINSAW RePOP,14,0.0072
1285,717669198,Madden NFL 19,14,0.0072
1286,1687910025,Mahjong by Microsoft,14,0.0072
1287,293003647,Microsoft Wordament,14,0.0072
1288,731662901,Monster Energy Supercross - The Official Videogame,14,0.0072
1289,664898642,NASCAR Heat 3,14,0.0072
1290,992005658,Ninja Gaiden Black,14,0.0072
1291,1752331738,One Leaves,14,0.0072
1292,1480657346,Perfect Dark,14,0.0072
1293,1698989872,PICO PARK 2,14,0.0072
1294,1999452651,Polterguys: Possession Party,14,0.0072
1295,838726055,PRO EVOLUTION SOCCER 2018,14,0.0072
1296,1715636420,Pummel Party,14,0.0072
1297,1005790042,Resident Evil 7 Teaser: Beginning Hour,14,0.0072
1298,802418004,RESIDENT EVIL RESISTANCE,14,0.0072
1299,2073736638,Scrabble,14,0.0072
1300,1624769204,Talisman: Digital Edition,14,0.0072
1301,20605635,The Surge,14,0.0072
1302,1292135256,Titanfall,14,0.0072
1303,327364101,Trackmania® Turbo,14,0.0072
1304,1781945767,Wizard of Legend 2,14,0.0072
1305,1835497756,Agents of Mayhem,13,0.0067
1306,1396901865,Battlestations Pacific,13,0.0067
1307,2099876954,Big Rumble Boxing: Creed Champions,13,0.0067
1308,231858691,Bomber Crew,13,0.0067
1309,1633674805,Butterfly,13,0.0067
1310,1676653592,Citizen Sleeper 2: Starward Vector,13,0.0067
1311,2102421406,Day of the Tentacle Remastered,13,0.0067
1312,1678781072,DayZ - Experimental,13,0.0067
1313,125143641,Deadlight: Director's Cut,13,0.0067
1314,1628098590,Destroy All Humans! 2 - Reprobed,13,0.0067
1315,1692950358,Exoprimal,13,0.0067
1316,2021453818,FINAL FANTASY VIII Remastered,13,0.0067
1317,152270586,FINAL FANTASY XII THE ZODIAC AGE,13,0.0067
1318,1804966091,Forager,13,0.0067
1319,1296697298,Full Game - Psychonauts,13,0.0067
1320,1840565677,Island Saver,13,0.0067
1321,1645652626,Kena: Bridge of Spirits,13,0.0067
1322,1764536463,LEGO® The Hobbit™,13,0.0067
1323,28152906,Lovers in a Dangerous Spacetime,13,0.0067
1324,1963895710,Magical Delicacy,13,0.0067
1325,1480657433,Might & Magic Clash of Heroes™,13,0.0067
1326,1869122946,MONOPOLY DEAL,13,0.0067
1327,308514854,Outward,13,0.0067
1328,1641334275,Phantom Breaker: Omnia,13,0.0067
1329,1431504886,R.U.S.E.,13,0.0067
1330,1823082250,Sally Face,13,0.0067
1331,1060097466,Serious Sam Collection,13,0.0067
1332,2079765251,Streets of Rogue,13,0.0067
1333,1704201327,System Shock 2: 25th Anniversary Remaster,13,0.0067
1334,225007476,Team Sonic Racing™,13,0.0067
1335,1979014977,The Crew,13,0.0067
1336,1731548634,The Dark Pictures Anthology: Little Hope,13,0.0067
1337,890454034,The Dark Pictures Anthology: Man Of Medan,13,0.0067
1338,1005415207,The Golf Club 2019 featuring PGA TOUR,13,0.0067
1339,1701212022,The Jackbox Party Pack 8,13,0.0067
1340,901516198,The Surge 2,13,0.0067
1341,792914248,Tricky Towers,13,0.0067
1342,1022548859,Truck Driver,13,0.0067
1343,995443207,Verdun,13,0.0067
1344,1861467226,"Warhammer 40,000: Battlesector",13,0.0067
1345,1690524168,Wo Long: Fallen Dynasty,13,0.0067
1346,1791400679,Yakuza: Like a Dragon,13,0.0067
1347,759471095,ARCADE GAME SERIES: Ms. PAC-MAN,12,0.0062
1348,1480656850,Bejeweled 2,12,0.0062
1349,1639963506,BlackJack 21 Pro!,12,0.0062
1350,1969372075,BlazBlue: Cross Tag Battle Special Edition,12,0.0062
1351,1431504874,Brothers in Arms: HH,12,0.0062
1352,1610974574,Cocoon,12,0.0062
1353,1859542622,Contra Anniversary Collection,12,0.0062
1354,524859112,Darksiders III,12,0.0062
1355,1619542068,Dawn of Man,12,0.0062
1356,852849518,Digimon Survive,12,0.0062
1357,1129121853,DiRT 3,12,0.0062
1358,137510457,Dishonored®: Death of the Outsider™,12,0.0062
1359,1951675244,DJMAX RESPECT V,12,0.0062
1360,2078793582,DYSMANTLE,12,0.0062
1361,1727396789,FINAL FANTASY,12,0.0062
1362,344311848,For The King,12,0.0062
1363,1877135456,Freddy Fazbear's Pizzeria Simulator,12,0.0062
1364,1719232621,Hello Guest: Hello Neighbor 2 pre-alpha,12,0.0062
1365,1480657557,Iron Brigade,12,0.0062
1366,1775780452,Just Dance Free Experience,12,0.0062
1367,1297287122,Kameo,12,0.0062
1368,2016417527,Life is Strange Remastered,12,0.0062
1369,1249526091,Madden NFL 16,12,0.0062
1370,1070680307,MudRunner,12,0.0062
1371,1708079118,NASCAR 21: Ignition,12,0.0062
1372,1343920370,NBA 2K15,12,0.0062
1373,1685135803,NHL® 22,12,0.0062
1374,1624572870,Ni no Kuni™ II: Revenant Kingdom - The Prince's Edition,12,0.0062
1375,303799945,Nickelodeon Kart Racers,12,0.0062
1376,1778851260,Oddworld: Stranger's Wrath HD,12,0.0062
1377,1785122378,Omega Strikers,12,0.0062
1378,1902591469,Outward: Definitive Edition,12,0.0062
1379,484684099,PAC-MAN 256,12,0.0062
1380,2035760753,PAW Patrol World,12,0.0062
1381,1894365262,PAW Patrol: Grand Prix,12,0.0062
1382,1297287123,Perfect Dark Zero,12,0.0062
1383,1432033734,Pinball Arcade,12,0.0062
1384,1375792807,Pool Nation FX,12,0.0062
1385,2065674944,Resident Evil Re:Verse,12,0.0062
1386,1979417101,SD GUNDAM BATTLE ALLIANCE,12,0.0062
1387,1781047490,Shin Megami Tensei V: Vengeance,12,0.0062
1388,1957476784,Sniper Elite V2 Remastered,12,0.0062
1389,1836687833,Sonic Colors: Ultimate,12,0.0062
1390,1633152429,SONIC SUPERSTARS,12,0.0062
1391,1161890298,SSX 3,12,0.0062
1392,1649102497,SWORD ART ONLINE Fractured Daydream,12,0.0062
1393,2002977221,Tails of Iron,12,0.0062
1394,1772965835,The Last Stand: Aftermath,12,0.0062
1395,605741753,The LEGO Movie 2 Videogame,12,0.0062
1396,1967005422,The Wandering Village,12,0.0062
1397,1464993828,The Witcher 2: Assassins of Kings,12,0.0062
1398,1628698678,Thief Simulator,12,0.0062
1399,1946103240,Tomb Raider I-III Remastered Starring Lara Croft,12,0.0062
1400,1905434171,TRAIL OUT,12,0.0062
1401,1769772134,Wargroove 2,12,0.0062
1402,1926895632,We Were Here,12,0.0062
1403,1807181865,Wizard with a Gun,12,0.0062
1404,1520322998,Zombie Army Trilogy,12,0.0062
1405,1975041917,Amnesia: The Bunker,11,0.0057
1406,670545608,Armored Warfare,11,0.0057
1407,100154526,Baja: Edge of Control HD,11,0.0057
1408,1823385601,Bassmaster® Fishing,11,0.0057
1409,810050544,Beach Buggy Racing,11,0.0057
1410,1297287893,Blinx: The Time Sweeper,11,0.0057
1411,370169912,Contrast,11,0.0057
1412,1480657529,Costume Quest ,11,0.0057
1413,1983248568,Eiyuden Chronicle: Hundred Heroes,11,0.0057
1414,2015929879,Evil Dead: The Game,11,0.0057
1415,1989971377,Exit the Gungeon,11,0.0057
1416,172017893,F1® 2019,11,0.0057
1417,1727852104,FINAL FANTASY VI,11,0.0057
1418,1519874468,Forza Horizon 2 Presents Fast & Furious,11,0.0057
1419,1935789173,Gigantic: Rampage Edition,11,0.0057
1420,2020925056,Grim Dawn: Definitive Edition,11,0.0057
1421,1755179727,Grim Fandango Remastered,11,0.0057
1422,1480657520,Harms Way,11,0.0057
1423,387693234,Hawken,11,0.0057
1424,90991576,How To Survive 2,11,0.0057
1425,1898106366,Little Ralph - Trial,11,0.0057
1426,1941838752,MELTY BLOOD: TYPE LUMINA,11,0.0057
1427,2017826215,METAL GEAR SOLID 2: Sons of Liberty - Master Collection Version,11,0.0057
1428,2025840804,METAL GEAR SOLID 3: Snake Eater - Master Collection Version,11,0.0057
1429,2022357971,Monster Energy Supercross - The Official Videogame 4,11,0.0057
1430,1931921361,Monster Energy Supercross - The Official Videogame 5,11,0.0057
1431,505222320,Monster Jam Steel Titans,11,0.0057
1432,304932652,NHL® 21,11,0.0057
1433,2105140633,NieR Replicant ver.1.22474487139...,11,0.0057
1434,272855377,NINJA GAIDEN II,11,0.0057
1435,806794764,Override: Mech City Brawl,11,0.0057
1436,1624743884,Persona 3 Portable,11,0.0057
1437,1702914632,Poker Club,11,0.0057
1438,2002584553,Puzzle Quest 3,11,0.0057
1439,967641964,Realm Royale Reforged,11,0.0057
1440,1128466466,RESIDENT EVIL CODE: Veronica X,11,0.0057
1441,1914565485,Risk of Rain,11,0.0057
1442,1889657958,S.T.A.L.K.E.R.: Call of Prypiat - Enhanced Edition,11,0.0057
1443,288915516,Skyforge,11,0.0057
1444,1692656490,SNIPER Ghost Warrior 3,11,0.0057
1445,1813223937,SongPop Party,11,0.0057
1446,1898652037,SOUTH PARK: SNOW DAY!,11,0.0057
1447,1646985614,Space Jam: A New Legacy - The Game,11,0.0057
1448,1675190546,Stunt Paradise,11,0.0057
1449,1431504864,TC's EndWar,11,0.0057
1450,1873939850,Teenage Mutant Ninja Turtles Arcade: Wrath of the Mutants,11,0.0057
1451,39069682,The Jackbox Party Pack 2,11,0.0057
1452,1633778685,The Stanley Parable: Ultra Deluxe,11,0.0057
1453,328245964,WARRIORS OROCHI 3 Ultimate,11,0.0057
1454,1892485156,We Were Here Expeditions: The FriendShip,11,0.0057
1455,861949148,What Remains of Edith Finch,11,0.0057
1456,1880818134,AFL 26,10,0.0051
1457,1950164627,Antstream Arcade - Annual,10,0.0051
1458,1414793309,BioShock Infinite,10,0.0051
1459,1906603484,Bravery and Greed,10,0.0051
1460,2098202394,Candy Crush Saga,10,0.0051
1461,2008066354,Car Mechanic Simulator,10,0.0051
1462,1793054097,Carrion,10,0.0051
1463,2144913935,Castlevania Anniversary Collection,10,0.0051
1464,1263405065,Castlevania LoS,10,0.0051
1465,400142602,Costume Quest 2,10,0.0051
1466,885797626,Fishing Sim World®: Pro Tour,10,0.0051
1467,1966202553,Fishing: North Atlantic Enhanced Edition,10,0.0051
1468,1864215620,Five Nights at Freddy's: Help Wanted,10,0.0051
1469,1975562587,Forgive Me Father,10,0.0051
1470,1431504947,Ghost Recon: Future Soldier™,10,0.0051
1471,1764179402,Ghoulie's Garden,10,0.0051
1472,1129121860,GRID 2,10,0.0051
1473,1829337400,Have a Nice Death,10,0.0051
1474,1964820394,Hotline Miami Collection,10,0.0051
1475,522988823,LA Cops,10,0.0051
1476,1843760263,LEGO® 2K Drive for Xbox Series X|S,10,0.0051
1477,2020925735,Make Way,10,0.0051
1478,1297287144,Mass Effect,10,0.0051
1479,1414793292,Max Payne,10,0.0051
1480,1414793291,Max Payne® 2: The Fall of Max Payne,10,0.0051
1481,1998994208,Monster Energy Supercross - The Official Videogame 3,10,0.0051
1482,1297549289,Mortal Kombat vs. DCU,10,0.0051
1483,1948147176,Moving Out,10,0.0051
1484,2132252311,Olympic Games Tokyo 2020 – The Official Video Game™,10,0.0051
1485,1977174786,ONE PIECE ODYSSEY,10,0.0051
1486,1632843296,Pillars of Eternity II: Deadfire - Ultimate Edition,10,0.0051
1487,1848728299,Pinball FX Midnight,10,0.0051
1488,116849471,Pro Evolution Soccer 2017,10,0.0051
1489,2048545274,Rubber Bandits,10,0.0051
1490,93901068,Ruiner,10,0.0051
1491,2054178211,SAMURAI SHODOWN (Standard Ver.),10,0.0051
1492,844274714,Skylanders Imaginators,10,0.0051
1493,2128705961,Solitaire HD,10,0.0051
1494,585971749,Super Mega Baseball 2,10,0.0051
1495,990373231,Tales of Arise,10,0.0051
1496,1431504855,TC's SC Double Agent,10,0.0051
1497,1890789689,The Casting of Frank Stone™,10,0.0051
1498,1619933938,The Survivalists,10,0.0051
1499,1889167057,The Walking Dead: Destinies,10,0.0051
1500,1763653276,Transport Fever 2: Console Edition,10,0.0051
1501,1851490214,Tribes of Midgard,10,0.0051
1502,1926154049,Wasteland Remastered,10,0.0051
1503,1672129931,Across the Obelisk,9,0.0046
1504,1719440805,Alone in the Dark,9,0.0046
1505,244952910,Aragami: Shadow Edition,9,0.0046
1506,1161889960,Battlefield Bad Company 2,9,0.0046
1507,2038940671,Bridge Race,9,0.0046
1508,1161889806,C&C3,9,0.0046
1509,2012135933,Castlevania Dominus Collection,9,0.0046
1510,768615691,Chess Ultra,9,0.0046
1511,1703939860,Clash: Artifacts of Chaos,9,0.0046
1512,206503430,Clustertruck,9,0.0046
1513,1842022716,Colt Canyon,9,0.0046
1514,1480659546,Counter-Strike: GO,9,0.0046
1515,1397819386,DEUS EX: HUMAN REVOLUTION,9,0.0046
1516,1650442817,Deus Ex: Mankind Divided™,9,0.0046
1517,1129121861,DiRT Showdown,9,0.0046
1518,1621285366,DOOM (1993),9,0.0046
1519,1480657334,DOOM II (Classic),9,0.0046
1520,1712105499,DRIFTCE,9,0.0046
1521,1480659903,Far Cry® 3 Blood Dragon,9,0.0046
1522,1926605815,Funko Fusion,9,0.0046
1523,1730221723,Ghostrunner 2,9,0.0046
1524,1844195280,Go Mecha Ball,9,0.0046
1525,1784112295,Godfall,9,0.0046
1526,1131124715,"Guns, Gore and Cannoli",9,0.0046
1527,1297287601,Halo: Combat Evolved Anniversary,9,0.0046
1528,642353763,Injustice™ 2 - Standard Edition,9,0.0046
1529,150646593,Kane & Lynch 2,9,0.0046
1530,1480657325,KOF2002UM,9,0.0046
1531,1935490407,Little Nightmares Enhanced Edition,9,0.0046
1532,2014880780,Madden NFL 17,9,0.0046
1533,196597117,Mega Man X Legacy Collection 2,9,0.0046
1534,1535750831,Mega Man® Legacy Collection,9,0.0046
1535,1632270119,Megaton Rainfall,9,0.0046
1536,380023945,Monster Energy Supercross - The Official Videogame 2,9,0.0046
1537,576433659,Moto Racer 4,9,0.0046
1538,1693003201,MotoGP™25 - Xbox One,9,0.0046
1539,83029588,NBA LIVE 18: The One Edition,9,0.0046
1540,1634565765,NHL® 94 REWIND,9,0.0046
1541,1846760960,Nickelodeon Kart Racers 3: Slime Speedway,9,0.0046
1542,1831668171,Opus Castle,9,0.0046
1543,2048381683,PAC-MAN WORLD Re-PAC,9,0.0046
1544,1802714933,Pathfinder: Wrath of the Righteous,9,0.0046
1545,275673036,Pillars of Eternity: Complete Edition,9,0.0046
1546,1907381044,Project Cars,9,0.0046
1547,1480659519,Rayman 3 HD,9,0.0046
1548,1738390204,Rivals of Aether,9,0.0046
1549,1480659985,SOULCALIBUR II HD,9,0.0046
1550,778803087,Spacelords,9,0.0046
1551,1917594775,Stampede: Racing Royale (Game Preview),9,0.0046
1552,1974921711,STAR WARS™: Episode I: Jedi Power Battles™,9,0.0046
1553,1835454890,Stay Out of the House,9,0.0046
1554,405775731,Surviving Mars,9,0.0046
1555,2070375454,SYNDUALITY Echo of Ada,9,0.0046
1556,1915523932,Tempopo,9,0.0046
1557,1987184613,The Jackbox Party Pack 9,9,0.0046
1558,1721383054,The Outer Worlds: Spacer's Choice Edition,9,0.0046
1559,1431504921,Tom Clancy's Splinter Cell® Chaos Theory™,9,0.0046
1560,1673810447,Tony Stewart's All-American Racing,9,0.0046
1561,1297287134,Too Human,9,0.0046
1562,1737329553,Total War: Warhammer III (Old Version),9,0.0046
1563,2102312061,Unrailed!,9,0.0046
1564,1840411466,Untitled Goose Game,9,0.0046
1565,1696868991,WRC Generations - The FIA WRC Official Game,9,0.0046
1566,1717071867,ZOMBI,9,0.0046
1567,537908737,Absolute Drift: Zen Edition,8,0.0041
1568,1783702427,AEW: Fight Forever,8,0.0041
1569,1664723386,Afterimage,8,0.0041
1570,1630807758,Age of Water,8,0.0041
1571,416307002,ARCADE GAME SERIES: DIG DUG,8,0.0041
1572,2076917277,Army of Ruin,8,0.0041
1573,1431504989,Assassin's Creed Brotherhood,8,0.0041
1574,1771834186,ATLAS (Game Preview),8,0.0041
1575,1946485937,Besiege Console,8,0.0041
1576,1024154899,Boggle,8,0.0041
1577,1972740153,Bright Memory: Infinite Platinum Edition,8,0.0041
1578,2136950563,Bugsnax,8,0.0041
1579,189838548,Bus Simulator,8,0.0041
1580,1762067709,Butterfly 2,8,0.0041
1581,1161889850,C&C3: Kane's Wrath,8,0.0041
1582,171879377,Call of Cthulhu,8,0.0041
1583,1960391873,Call of Duty®: Black Ops III (Windows),8,0.0041
1584,2117573270,Cats with Guns,8,0.0041
1585,1755920678,Creatures of Ava,8,0.0041
1586,1414596582,Darksiders,8,0.0041
1587,1634898195,Darkwood,8,0.0041
1588,1867293778,Darwin Project,8,0.0041
1589,1669682262,Defense Grid 2,8,0.0041
1590,106901580,Destroy All Humans!,8,0.0041
1591,2096544989,Divine Knockout (DKO),8,0.0041
1592,2125974437,Door Kickers: Action Squad,8,0.0041
1593,1721217822,Drake Hollow,8,0.0041
1594,2131572088,Evil West,8,0.0041
1595,1655237678,Fallout: New Vegas Ultimate Edition,8,0.0041
1596,1850924057,Fishing: North Atlantic,8,0.0041
1597,2027986430,Fury Unleashed,8,0.0041
1598,1618662965,Garfield Kart Furious Racing,8,0.0041
1599,1702713376,Genesis Noir,8,0.0041
1600,2126757651,Ghostrunner,8,0.0041
1601,341719186,"Guns, Gore and Cannoli 2",8,0.0041
1602,1480657722,I Am Alive™,8,0.0041
1603,1823446322,John Wick Hex,8,0.0041
1604,1906459372,Judgment,8,0.0041
1605,1855729960,Just Dance® 2021,8,0.0041
1606,901962824,KartRider: Drift,8,0.0041
1607,2002613703,Lethal League Blaze,8,0.0041
1608,542819315,Life is Strange: Before the Storm Episode 1,8,0.0041
1609,1694487955,Life is Strange: True Colors,8,0.0041
1610,1792638437,Lost Records: Bloom & Rage,8,0.0041
1611,908941238,Mark of the Ninja: Remastered,8,0.0041
1612,1649675719,Max: The Curse of Brotherhood,8,0.0041
1613,1766280986,METAL SLUG ATTACK RELOADED,8,0.0041
1614,1263405116,MGS PW HD,8,0.0041
1615,1906672574,Middle-earth™: Shadow of Mordor™,8,0.0041
1616,1480657679,Motocross Madness,8,0.0041
1617,1944950992,MotoGP™22 - Windows Edition,8,0.0041
1618,803175056,MXGP PRO,8,0.0041
1619,1696832928,NHRA Championship Drag Racing: Speed For All,8,0.0041
1620,594585699,Nidhogg 2,8,0.0041
1621,1129121801,Overlord II,8,0.0041
1622,1480657548,PAC-MAN CE DX+,8,0.0041
1623,2100880776,Pentiment,8,0.0041
1624,269677862,PING REDUX,8,0.0041
1625,757817533,PRO EVOLUTION SOCCER 2019,8,0.0041
1626,2011990367,Project Winter,8,0.0041
1627,1743961068,Race The Sun,8,0.0041
1628,1641566497,Railroads Online,8,0.0041
1629,1704562600,Rugby 25,8,0.0041
1630,2138535394,Rugby League Live 3,8,0.0041
1631,1693521674,Rumbleverse,8,0.0041
1632,269700535,Sniper Elite 3,8,0.0041
1633,1179584488,Sniper Elite V2,8,0.0041
1634,1480657485,Space Invaders: IG,8,0.0041
1635,2073359006,Spirittea,8,0.0041
1636,1636452571,SRX: The Game,8,0.0041
1637,412423425,SWORD ART ONLINE Alicization Lycoris,8,0.0041
1638,1940337295,Taiko no Tatsujin: Rhythm Festival,8,0.0041
1639,1431504880,TC's GRAW2,8,0.0041
1640,1651647141,The Boat Grandma,8,0.0041
1641,2048481228,The Last Camp,8,0.0041
1642,996619018,The Sinking City,8,0.0041
1643,1674783293,Thunder Ray,8,0.0041
1644,2108611710,TIEBREAK – GRAND SLAM EDITION,8,0.0041
1645,239008106,Tropico 5 - Penultimate Edition,8,0.0041
1646,1754770560,Unicorn Overlord,8,0.0041
1647,1777656573,Vanquish,8,0.0041
1648,566278,WWE 2K17,8,0.0041
1649,1019936697,#IDARB,7,0.0036
1650,1722019576,9th Dawn Remake,7,0.0036
1651,983914761,ACA NEOGEO METAL SLUG 3,7,0.0036
1652,731026222,ACA NEOGEO METAL SLUG X,7,0.0036
1653,552749870,ACA NEOGEO THE KING OF FIGHTERS '98,7,0.0036
1654,579423182,Agony,7,0.0036
1655,615247627,Alan Wake,7,0.0036
1656,880413309,Amnesia: Collection,7,0.0036
1657,1798477678,AO Tennis 2,7,0.0036
1658,652901378,APB Reloaded,7,0.0036
1659,487844727,Assault Android Cactus,7,0.0036
1660,1614240330,Baldur's Gate: Dark Alliance,7,0.0036
1661,2120976389,Banishers: Ghosts of New Eden,7,0.0036
1662,1902480256,BATTLETECH,7,0.0036
1663,1397032979,BAYONETTA,7,0.0036
1664,1414793313,BioShock 2,7,0.0036
1665,1082339580,BLAZBLUE CHRONOPHANTASMA EXTEND,7,0.0036
1666,2028748673,Bleak Faith,7,0.0036
1667,1736678881,Bleeding Edge,7,0.0036
1668,1297287135,Blue Dragon,7,0.0036
1669,1480657330,Bomberman Battlefest,7,0.0036
1670,311085527,Brawlout,7,0.0036
1671,1810243569,Brothers: A Tale of Two Sons Remake,7,0.0036
1672,2032548938,Cassette Beasts,7,0.0036
1673,1889886349,Chess Royal,7,0.0036
1674,35820305,Crackdown 3: Wrecking Zone,7,0.0036
1675,1642353875,Craftopia (Game Preview),7,0.0036
1676,429288038,Crypt of the NecroDancer,7,0.0036
1677,1414596758,Darksiders II,7,0.0036
1678,1805903409,Daymare: 1998,7,0.0036
1679,274219762,Dead Rising 2 Off the Record,7,0.0036
1680,629798227,Deadpool,7,0.0036
1681,376779456,Death Road to Canada,7,0.0036
1682,577546632,Destroy All Humans! (2005),7,0.0036
1683,1480657049,Domino Master,7,0.0036
1684,1629928134,DRAGON QUEST III HD-2D Remake,7,0.0036
1685,1234432164,EA SPORTS™ Rory McIlroy PGA TOUR®,7,0.0036
1686,1997600803,Epic Landscapes Jigsaw for PC & XBOX,7,0.0036
1687,1880860626,Escape Academy,7,0.0036
1688,1958827848,Eternal Card Game,7,0.0036
1689,481925121,F1® 2018,7,0.0036
1690,1480659518,Far Cry Classic,7,0.0036
1691,1813362885,FIFA 14,7,0.0036
1692,2093936173,Fossilfuel 2,7,0.0036
1693,1899291024,Fran Bow,7,0.0036
1694,1694490701,FuzzBall,7,0.0036
1695,620831719,GROW UP,7,0.0036
1696,1297287176,Halo Wars,7,0.0036
1697,1704654963,Happy's Humble Burger Farm,7,0.0036
1698,758563081,Horizon Chase Turbo,7,0.0036
1699,447331588,I Am Bread,7,0.0036
1700,1960955312,I Am Fish,7,0.0036
1701,1480656891,Jetpac Refuelled,7,0.0036
1702,2004666712,Journey To The Savage Planet: Employee Of The Month,7,0.0036
1703,333457553,Just Dance® 2020,7,0.0036
1704,1777243206,Lost Judgment,7,0.0036
1705,1297287162,Lost Odyssey,7,0.0036
1706,322384131,Marvel: Ultimate Alliance,7,0.0036
1707,433988710,MASSIVE CHALICE,7,0.0036
1708,956590734,Mega Man Legacy Collection 2,7,0.0036
1709,1263405120,METAL GEAR SOLID HD: 2 & 3,7,0.0036
1710,1651248133,Metal: Hellsinger,7,0.0036
1711,2142315481,Mighty Morphin Power Rangers: Rita's Rewind,7,0.0036
1712,14233261,Minecraft: Story Mode - Season Two - Episode 1,7,0.0036
1713,1833175061,MXGP 2019 - The Official Motocross Videogame,7,0.0036
1714,225943380,NEOGEO BATTLE COLISEUM,7,0.0036
1715,1802006334,Neon Abyss,7,0.0036
1716,1737346272,Neverwinter Nights: Enhanced Edition,7,0.0036
1717,1819944286,Nun Massacre,7,0.0036
1718,301029247,Oddworld: New 'n' Tasty,7,0.0036
1719,2074956981,Oddworld: Soulstorm Enhanced Edition,7,0.0036
1720,1941002186,ON THE ROAD - The Truck Simulator,7,0.0036
1721,2025399821,ONE PUNCH MAN: A HERO NOBODY KNOWS,7,0.0036
1722,1893912101,Party Panic,7,0.0036
1723,2090177606,PERISH,7,0.0036
1724,838746653,Phoenix Wright: Ace Attorney Trilogy,7,0.0036
1725,1932565641,Pikuniku,7,0.0036
1726,671807457,Portal Knights,7,0.0036
1727,2028530104,Prince of Persia The Lost Crown,7,0.0036
1728,827416995,Pure Pool,7,0.0036
1729,753024882,Red Faction Guerrilla Re-Mars-tered,7,0.0036
1730,1414596703,Red Faction: Armageddon,7,0.0036
1731,950358266,Ride 2,7,0.0036
1732,764522213,Runbow,7,0.0036
1733,2045526445,S.T.A.L.K.E.R.: Clear Sky - Enhanced Edition,7,0.0036
1734,1726081569,Seal: WHAT the FUN,7,0.0036
1735,1263405029,Silent Hill Homecoming,7,0.0036
1736,1811169840,Slay The Spire,7,0.0036
1737,1480660016,Slender: The Arrival,7,0.0036
1738,1166935255,Slender: The Arrival (2015),7,0.0036
1739,1480656996,Sonic The Hedgehog,7,0.0036
1740,1967529255,SpongeBob SquarePants: The Cosmic Shake,7,0.0036
1741,2120109308,STUFFED,7,0.0036
1742,300578609,Styx: Shards of Darkness,7,0.0036
1743,1949756621,Surgeon Simulator 2,7,0.0036
1744,1624264477,Taiko no Tatsujin: The Drum Master!,7,0.0036
1745,1997447389,The Dark Pictures Anthology: The Devil in Me,7,0.0036
1746,1668285033,The Exit 8,7,0.0036
1747,1811248495,The Jackbox Party Pack 10,7,0.0036
1748,1648318214,The Lord of the Rings: Gollum™,7,0.0036
1749,1748167956,The Riftbreaker,7,0.0036
1750,1396901868,Tomb Raider Underworld,7,0.0036
1751,1630747846,Tour de France 2025,7,0.0036
1752,1620954305,Vagante,7,0.0036
1753,1679106504,WARRIORS: Abyss,7,0.0036
1754,922226657,Wasteland 2: Director's Cut,7,0.0036
1755,2026783353,Wayfinder,7,0.0036
1756,1788936172,We Were Here Too,7,0.0036
1757,1807860559,Werewolf: The Apocalypse - Earthblood,7,0.0036
1758,2069636428,WINGSPAN,7,0.0036
1759,2073237270,60 Parsecs!,6,0.0031
1760,1828682259,9th Dawn III,6,0.0031
1761,1480657115,A Kingdom for Keflings,6,0.0031
1762,1313671121,ACE COMBAT 6,6,0.0031
1763,1790739309,Ad Infinitum,6,0.0031
1764,1480656956,Aegis Wing,6,0.0031
1765,1958267791,AK-xolotl: Together,6,0.0031
1766,1725954584,Alpacapaca Dash,6,0.0031
1767,1042452848,Aven Colony,6,0.0031
1768,1136549309,Battlefield 4™ Community Test Environment,6,0.0031
1769,1414793176,BioShock,6,0.0031
1770,883799031,Bless Unleashed,6,0.0031
1771,1661717515,Blood Bowl 3,6,0.0031
1772,1896582181,Bramble: The Mountain King,6,0.0031
1773,1431504924,Call of Juarez: Bound in Blood,6,0.0031
1774,1872936107,Cobra Kai: The Karate Kid Saga Continues,6,0.0031
1775,1617210035,DARKGEMS,6,0.0031
1776,402672897,Death Squared,6,0.0031
1777,1641402901,Double Dragon Gaiden: Rise of the Dragons,6,0.0031
1778,1953182469,DRAGON QUEST® XI S: Echoes of an Elusive Age™ - Definitive Edition,6,0.0031
1779,1146095571,EDF 2017,6,0.0031
1780,2086101209,ELDERBORN,6,0.0031
1781,1706704659,Eldest Souls,6,0.0031
1782,651709478,Emily Wants to Play Too,6,0.0031
1783,1760050791,Fae Farm,6,0.0031
1784,1799236568,FINAL FANTASY V,6,0.0031
1785,2089457960,Fishing: Barents Sea,6,0.0031
1786,1616852724,Full Throttle Remastered,6,0.0031
1787,1711556027,Garten of Banban 2,6,0.0031
1788,984363462,Graveyard Keeper,6,0.0031
1789,1480656912,Heavy Weapon,6,0.0031
1790,1026512979,How to Survive: Storm Warning Edition,6,0.0031
1791,390164739,Hunting Simulator,6,0.0031
1792,1715426744,Hyper Panda,6,0.0031
1793,1997835037,I Am Your Beast,6,0.0031
1794,1859409710,INDIKA,6,0.0031
1795,1982219874,Insects: An Xbox One X Enhanced Experience,6,0.0031
1796,2144211794,Iron Harvest Complete Edition,6,0.0031
1797,1966310183,Just Dance® 2022,6,0.0031
1798,1857859131,Lara Croft and the Temple of Osiris,6,0.0031
1799,2028645063,Legend of Mana,6,0.0031
1800,149149959,Lies Of Astaroth,6,0.0031
1801,1962388658,Like a Dragon: Pirate Yakuza in Hawaii,6,0.0031
1802,2036022873,Little Misfortune,6,0.0031
1803,1987951399,Lonely Mountains: Downhill,6,0.0031
1804,1853524575,Mafia: The Old Country,6,0.0031
1805,2021132620,Mandragora: Whispers of the Witch Tree,6,0.0031
1806,1161889998,Mass Effect 2,6,0.0031
1807,523468027,Mega Man 11,6,0.0031
1808,1844460632,Metro Exodus Enhanced Edition,6,0.0031
1809,94171386,MXGP3,6,0.0031
1810,593565047,MY HERO ONE’S JUSTICE,6,0.0031
1811,1991467401,My Little Universe,6,0.0031
1812,878282273,NBA 2K17: The Prelude,6,0.0031
1813,1146095594,Onechanbara,6,0.0031
1814,1480656913,PAC-MAN,6,0.0031
1815,1297287193,Party Animals,6,0.0031
1816,1712366974,PC Building Simulator,6,0.0031
1817,1697635406,Post Trauma,6,0.0031
1818,848477962,Pure Chess,6,0.0031
1819,1712756366,PuzzlePet - Feed Your Cat,6,0.0031
1820,605857900,Quiplash,6,0.0031
1821,1853277604,RetroRealms Arcade,6,0.0031
1822,1814618059,Return to Monkey Island,6,0.0031
1823,326835485,Rise of Nations: Extended Edition,6,0.0031
1824,1850415990,"Rolling Hills: Make Sushi, Make Friends",6,0.0031
1825,2124983718,SAND LAND,6,0.0031
1826,303584158,Sea of Solitude,6,0.0031
1827,2120089695,Severed Steel,6,0.0031
1828,1852363353,Shadow Gambit: The Cursed Crew,6,0.0031
1829,60656359,SOMA,6,0.0031
1830,2111887267,Sonic Racing: CrossWorlds,6,0.0031
1831,1480656995,Sonic The Hedgehog 2,6,0.0031
1832,1859601917,Spellbreak,6,0.0031
1833,1940217918,SquadBlast (Game Preview),6,0.0031
1834,1611656661,Starbound,6,0.0031
1835,1015961921,Starpoint Gemini Warlords,6,0.0031
1836,2039224282,Super Monkey Ball Banana Mania,6,0.0031
1837,1733855657,Tech Glitch,6,0.0031
1838,1825800558,Temtem,6,0.0031
1839,619718041,The Cave,6,0.0031
1840,1637035694,The Chant,6,0.0031
1841,1761411767,THE HOUSE OF THE DEAD: Remake,6,0.0031
1842,247774493,The Incredible Adventures of Van Helsing,6,0.0031
1843,2073554022,The Jackbox Party Starter,6,0.0031
1844,2079588618,The Last Campfire,6,0.0031
1845,1842335063,The Mortuary Assistant,6,0.0031
1846,1785417254,The Oregon Trail,6,0.0031
1847,1858859325,The Thing: Remastered,6,0.0031
1848,2127247278,Thief Simulator 2,6,0.0031
1849,1841510170,Tony Stewart's Sprint Car Racing,6,0.0031
1850,1480657534,Torchlight,6,0.0031
1851,547734537,Truck Racing Championship,6,0.0031
1852,1937610303,Two Point Museum,6,0.0031
1853,1871105054,TY the Tasmanian Tiger HD,6,0.0031
1854,1211542442,Valiant Hearts: The Great War,6,0.0031
1855,1884076770,Visage,6,0.0031
1856,2078235268,"Warhammer 40,000: Shootas, Blood & Teef",6,0.0031
1857,405657081,Warhammer: End Times - Vermintide,6,0.0031
1858,1955199870,We Were Here Together,6,0.0031
1859,147618136,White Noise 2,6,0.0031
1860,2125765747,Windbound,6,0.0031
1861,1894333860,WRC 8 FIA World Rally Championship Xbox One,6,0.0031
1862,181948997,WWE 2K15,6,0.0031
1863,2094867598,XIII,6,0.0031
1864,1845646569,Yakuza Kiwami 2,6,0.0031
1865,391356720,Yooka-Laylee,6,0.0031
1866,2007033271,80's OVERDRIVE,5,0.0026
1867,544527071,911 Operator,5,0.0026
1868,969381141,A Plague Tale: Innocence,5,0.0026
1869,419725624,ACA NEOGEO THE KING OF FIGHTERS '97,5,0.0026
1870,701037441,Age of Wonders: Planetfall,5,0.0026
1871,946215144,AirMech® Arena,5,0.0026
1872,2072863941,Animal Shelter Simulator,5,0.0026
1873,1808134657,ANNO : Mutationem,5,0.0026
1874,1743279702,Arma Reforger - Experimental,5,0.0026
1875,524641908,Assassin's Creed® Chronicles: China,5,0.0026
1876,1861014614,Autonauts,5,0.0026
1877,1720903665,Autopsy Simulator,5,0.0026
1878,975485641,Back to the Future: The Game - 30th Anniversary Edition,5,0.0026
1879,1833100190,Baldur's Gate: Dark Alliance II,5,0.0026
1880,1618019161,Ballotron Coolbox,5,0.0026
1881,1664978629,Bang-On Balls: Chronicles,5,0.0026
1882,2006171548,Battle Brothers,5,0.0026
1883,1480657658,Beyond Good & Evil HD,5,0.0026
1884,1618388364,Beyond Hanwell,5,0.0026
1885,2111261259,Biped,5,0.0026
1886,1952427486,Bloodstained: Ritual of the Night,5,0.0026
1887,1698796012,Bloons TD 6,5,0.0026
1888,1112934423,Brave: The Video Game,5,0.0026
1889,2077036451,Cake Bash,5,0.0026
1890,1944957710,Call of Duty®: Modern Warfare® 2 (2009),5,0.0026
1891,1936376749,Capcom Fighting Collection,5,0.0026
1892,1480659655,Castle of Illusion,5,0.0026
1893,1501266033,CastleStorm - Definitive Edition,5,0.0026
1894,1739606934,Castlevania Advance Collection,5,0.0026
1895,1480657530,Castlevania HD,5,0.0026
1896,1480659976,Castlevania: LoS - Mirror of Fate HD,5,0.0026
1897,1263405133,Castlevania: LoS 2,5,0.0026
1898,1872307318,Chef Life: A Restaurant Simulator,5,0.0026
1899,1705139809,CrushBorgs,5,0.0026
1900,1128466400,Dark Void,5,0.0026
1901,1734943461,Daymare: 1994 Sandcastle,5,0.0026
1902,502883447,Dead Island Retro Revenge,5,0.0026
1903,338090394,Dirt Rally,5,0.0026
1904,1974043980,Disney Classic Games: Aladdin and The Lion King,5,0.0026
1905,1980683662,DISORDER for Xbox,5,0.0026
1906,2100206304,DOOM: The Dark Ages Digital Artbook and Soundtrack,5,0.0026
1907,1909957148,Dragon City,5,0.0026
1908,1757950833,DreamWorks All-Star Kart Racing,5,0.0026
1909,1847263549,Dungeon Defenders: Awakened,5,0.0026
1910,147604411,Dungeons 3,5,0.0026
1911,531404425,DYNASTY WARRIORS 9,5,0.0026
1912,1146095609,Earth Defense Force: IA,5,0.0026
1913,1748036661,Electrician Simulator,5,0.0026
1914,1263339518,Escape Dead Island,5,0.0026
1915,1464993792,F.E.A.R. 3,5,0.0026
1916,184042097,Fe,5,0.0026
1917,2062455421,Fernbus Simulator,5,0.0026
1918,1835944487,Five Nights at Freddy's Into the Pit,5,0.0026
1919,2075703134,Frostpunk,5,0.0026
1920,1480656877,Geometry Wars Evolved,5,0.0026
1921,1785738076,Grandia HD Collection,5,0.0026
1922,1769592885,GUNDAM EVOLUTION,5,0.0026
1923,1928193169,Heavenly Bodies,5,0.0026
1924,1704351342,Hello Neighbor 2,5,0.0026
1925,1822597971,Hidden Cats in London,5,0.0026
1926,1698046377,Highway Police Simulator,5,0.0026
1927,1396901851,Hitman: Blood Money,5,0.0026
1928,1945528318,Idle Devils,5,0.0026
1929,1759196295,ISLANDERS: New Shores,5,0.0026
1930,1749806231,Keep Talking and Nobody Explodes,5,0.0026
1931,1865989097,KINGDOM HEARTS HD 2.8 Final Chapter Prologue,5,0.0026
1932,240478325,Layers of Fear (2016),5,0.0026
1933,1660823717,LEGO® Brawls,5,0.0026
1934,1655517847,Like a Dragon Gaiden: The Man Who Erased His Name,5,0.0026
1935,1929376326,Lil Gator Game,5,0.0026
1936,1128466398,LOST PLANET COLONIES,5,0.0026
1937,2147358433,Madden NFL 15,5,0.0026
1938,1480659653,Magic 2014 — Duels of the Planeswalkers,5,0.0026
1939,1886514325,Marble It Up! Ultra,5,0.0026
1940,350075261,Marvel Heroes Omega,5,0.0026
1941,23963413,Mega Man Zero/ZX Legacy Collection,5,0.0026
1942,888477147,METAL GEAR SURVIVE,5,0.0026
1943,1464993839,Midway Arcade Origins,5,0.0026
1944,1958464992,Mob Control,5,0.0026
1945,1834840157,Murder House,5,0.0026
1946,905842411,Mutant Football League,5,0.0026
1947,607267025,N++ (NPLUSPLUS),5,0.0026
1948,1706007518,Nexomon: Extinction,5,0.0026
1949,1263929316,NINJA GAIDEN 3: RE,5,0.0026
1950,1732084298,No Puedes Escapar,5,0.0026
1951,1868841248,Nobody Saves the World,5,0.0026
1952,933693396,ŌKAMI HD,5,0.0026
1953,1847106181,Oppidum,5,0.0026
1954,1661545526,Orcs Must Die! 3,5,0.0026
1955,2089042924,Paleo Pines,5,0.0026
1956,1827996338,PBA Pro Bowling 2023,5,0.0026
1957,1960926264,Phoenix Point,5,0.0026
1958,912254227,Pit People,5,0.0026
1959,993540759,Pure Hold'em™,5,0.0026
1960,1694200362,Rabio,5,0.0026
1961,1912444422,RAIDOU Remastered: The Mystery of the Soulless Army,5,0.0026
1962,1901782415,Railway Empire 2 (Win),5,0.0026
1963,1431504883,Rayman Raving Rabbids,5,0.0026
1964,1769121996,River City Girls 2,5,0.0026
1965,1785385145,Rock of Ages 3: Make & Break,5,0.0026
1966,1685686710,Rogue Legacy 2,5,0.0026
1967,282721798,Screencheat,5,0.0026
1968,365310947,Scribblenauts Mega Pack,5,0.0026
1969,1480657777,Sega Vintage Collection: Streets of Rage,5,0.0026
1970,1882598345,Shadow Warrior,5,0.0026
1971,544561028,Shadow Warrior 2,5,0.0026
1972,1297287126,Shadowrun,5,0.0026
1973,1774500212,Shantae: Risky's Revenge - Director's Cut,5,0.0026
1974,2100742349,Sir Whoopass: Immortal Death,5,0.0026
1975,1480659419,Skullgirls,5,0.0026
1976,1645030778,Smart Moves,5,0.0026
1977,1480659614,Sonic the Fighters,5,0.0026
1978,1414793283,Spec Ops: The Line,5,0.0026
1979,605317845,Stern Pinball Arcade,5,0.0026
1980,2119021593,Subnautica 2 (Game Preview),5,0.0026
1981,1770175521,Surviving the Aftermath,5,0.0026
1982,1981157496,System Shock,5,0.0026
1983,1977179260,TES IV: Oblivion Remastered - Digital Artbook & Original Soundtrack,5,0.0026
1984,972022825,Tetris® Ultimate,5,0.0026
1985,1999803984,The Amazing Spider-Man 2™,5,0.0026
1986,1733173772,The Bard's Tale Trilogy,5,0.0026
1987,1916261316,The Crackpet Show: Happy Tree Friends Edition,5,0.0026
1988,1414793198,The Darkness,5,0.0026
1989,1892179113,The Last Faith,5,0.0026
1990,1962688125,The Messenger,5,0.0026
1991,1431505093,The Stick of Truth™,5,0.0026
1992,1161955801,The Technomancer,5,0.0026
1993,2086031333,The Thaumaturge,5,0.0026
1994,2128187549,The Walking Zombie 2,5,0.0026
1995,2031756340,They Are Billions,5,0.0026
1996,1279330262,Thrillville: OTR,5,0.0026
1997,1963849763,Thymesia,5,0.0026
1998,1807962365,Tiny Tina's Assault on Dragon Keep: A Wonderlands One-shot Adventure,5,0.0026
1999,937464404,Trials Evolution,5,0.0026
2000,1112934381,Tron: Evolution,5,0.0026
2001,1661098733,Turbo Golf Racing,5,0.0026
2002,495493033,Turok,5,0.0026
2003,1882728475,TY the Tasmanian Tiger™ 2: Bush Rescue™ HD,5,0.0026
2004,103629720,V-Rally 4,5,0.0026
2005,2039837995,We Were Here Forever,5,0.0026
2006,2016076229,Weird West: Definitive Edition,5,0.0026
2007,1851310927,Who Wants to Be a Millionaire?,5,0.0026
2008,1636871347,Yakuza Kiwami,5,0.0026
2009,912199926,Yet Another Zombie Defense HD,5,0.0026
2010,1668379163,2 Synchro Hedhehogs,4,0.0021
2011,1682735559,9 Monkeys of Shaolin,4,0.0021
2012,1038499153,A Hat in Time,4,0.0021
2013,949699803,ABZU,4,0.0021
2014,1480660006,AirMech Arena,4,0.0021
2015,616610555,Alan Wake's American Nightmare,4,0.0021
2016,2021205208,Ancestors Legacy,4,0.0021
2017,2118292977,ARC Raiders,4,0.0021
2018,2099466588,Archvale,4,0.0021
2019,1708780346,Are You Smarter Than A 5th Grader?,4,0.0021
2020,55549300,Axiom Verge,4,0.0021
2021,1480657278,Battlefield 1943™,4,0.0021
2022,443831560,Battlestar Galactica Deadlock™,4,0.0021
2023,1955832684,Beyond Good & Evil 20th Anniversary Edition,4,0.0021
2024,531923308,Bike Mayhem 2,4,0.0021
2025,1810704602,Bish Bash Bots,4,0.0021
2026,366165352,Blacksad - Under the Skin,4,0.0021
2027,1744072621,Bratz™: Flaunt your fashion,4,0.0021
2028,1179846636,Breakdown,4,0.0021
2029,720192428,Bud Spencer & Terence Hill - Slaps And Beans,4,0.0021
2030,1950881463,Bum Simulator,4,0.0021
2031,1916243879,Camping Simulator: The Squad,4,0.0021
2032,2018993706,Candy Crush Soda Saga,4,0.0021
2033,435779585,Capcom Beat 'Em Up Bundle,4,0.0021
2034,1855158493,Cartel Tycoon,4,0.0021
2035,1897474813,Castle Walker,4,0.0021
2036,1858000832,Caterpillar,4,0.0021
2037,728813194,Citadel: Forged with Fire,4,0.0021
2038,694139546,Crawl,4,0.0021
2039,1771581366,Croc Legend of the Gobbos,4,0.0021
2040,1846285148,CrossfireX,4,0.0021
2041,1946372542,Cubic Odyssey,4,0.0021
2042,1798666879,Dark Deception: Monsters & Mortals,4,0.0021
2043,1480657693,DAYTONA USA,4,0.0021
2044,1003504679,Dead Age,4,0.0021
2045,1798643426,Dead Age II,4,0.0021
2046,1413679057,DEAD OR ALIVE 4,4,0.0021
2047,1959842755,Death's Door,4,0.0021
2048,419349778,Defiance 2050,4,0.0021
2049,153292310,Disney Infinity 3.0,4,0.0021
2050,2061746629,Don't Starve: Giant Edition,4,0.0021
2051,1743457512,DRAGON QUEST BUILDERS 2,4,0.0021
2052,1894948980,Dreamcore,4,0.0021
2053,1431505022,Driver San Francisco,4,0.0021
2054,1480659910,DuckTales: Remastered,4,0.0021
2055,1414793294,Duke Nukem Forever,4,0.0021
2056,1558010571,DYNASTY WARRIORS 8 Empires,4,0.0021
2057,2143134995,"El Paso, Elsewhere",4,0.0021
2058,2071782725,FINAL FANTASY III,4,0.0021
2059,1691849278,FINAL FANTASY IV,4,0.0021
2060,1397819398,FINAL FANTASY XIII-2,4,0.0021
2061,1685119785,Fit And Fry: Organized Chef,4,0.0021
2062,1612963482,Fly Punch Boom!,4,0.0021
2063,893913057,Full Spectrum Warrior,4,0.0021
2064,1674087678,Gangs of Sherwood,4,0.0021
2065,1480657265,GAROU MOW,4,0.0021
2066,2022597828,Garten of Banban 0,4,0.0021
2067,1480657151,Geometry Wars Evolved²,4,0.0021
2068,945174237,Geometry Wars™ 3: Dimensions Evolved,4,0.0021
2069,2054890337,Get To Work,4,0.0021
2070,1700344676,Ghostbusters: The Video Game Remastered,4,0.0021
2071,529515303,Gone Home,4,0.0021
2072,671675837,GRIP,4,0.0021
2073,2018425452,Guacamelee! 2,4,0.0021
2074,1657474153,Hades' Star: DARK NEBULA,4,0.0021
2075,1668145960,Happi Basudei,4,0.0021
2076,1880214966,Hello Neighbor: Hide and Seek,4,0.0021
2077,1796297550,Hidden Cats in New York,4,0.0021
2078,1397819420,Hitman HD Pack,4,0.0021
2079,1666334166,HoneyLand,4,0.0021
2080,722916288,Hue,4,0.0021
2081,1297287250,Jade Empire™,4,0.0021
2082,1832432939,Johnny Trigger,4,0.0021
2083,944228222,Journey to the Savage Planet,4,0.0021
2084,1206122062,Just Dance 2016,4,0.0021
2085,1003093254,Just Dance 2017®,4,0.0021
2086,1841198850,Keeper's Toll,4,0.0021
2087,2004313785,KILL KNIGHT,4,0.0021
2088,1431504851,King Kong,4,0.0021
2089,1711332838,KINGDOM HEARTS Melody of Memory,4,0.0021
2090,1641318352,Kinki Spiritual Affairs Bureau,4,0.0021
2091,1892832276,Kitaria Fables,4,0.0021
2092,1973808452,Last Oasis (Game Preview),4,0.0021
2093,1925242158,Library Of Ruina,4,0.0021
2094,1397819419,LIGHTNING RETURNS FFXIII,4,0.0021
2095,1764400723,Like a Dragon: Ishin!,4,0.0021
2096,779348826,Livelock,4,0.0021
2097,1886840872,Loop Hero,4,0.0021
2098,1693943612,Lost Snowmen,4,0.0021
2099,1677252767,Love is all around,4,0.0021
2100,1480659475,Magic 2013,4,0.0021
2101,1977505997,Maid of Sker,4,0.0021
2102,1636466973,Maniac,4,0.0021
2103,798834281,Manual Samuel Last Tuesday Edition,4,0.0021
2104,2028075036,Mayhem Brawler,4,0.0021
2105,2057143104,MetroLand,4,0.0021
2106,1960491525,Morbid: The Lords of Ire,4,0.0021
2107,634240708,MotoGP™19,4,0.0021
2108,1698746853,MotoGP™23,4,0.0021
2109,1638883999,Mr.Slime in Dungeon,4,0.0021
2110,1548866781,MXGP2,4,0.0021
2111,1787805157,Mystic Pathways: Crystal Quest,4,0.0021
2112,1884949649,Mythwrecked: Ambrosia Island,4,0.0021
2113,37469967,NBA Playgrounds,4,0.0021
2114,2085418848,Nexomon,4,0.0021
2115,2104142109,Night Slashers: Remake,4,0.0021
2116,54254179,Oceanhorn - Monster of Uncharted Seas,4,0.0021
2117,1964152695,OneShot: World Machine Edition,4,0.0021
2118,2034484895,Out of Space: Couch Edition,4,0.0021
2119,1480657015,Pac-Man C.E.,4,0.0021
2120,2137110442,Path of Titans - Insider,4,0.0021
2121,1691501118,Peglin,4,0.0021
2122,267248679,Phantom Dust,4,0.0021
2123,2046628793,PixARK,4,0.0021
2124,1894255361,Placid Plastic Duck Simulator,4,0.0021
2125,172342998,PLAYERUNKNOWN’S BATTLEGROUNDS – Public Test Server,4,0.0021
2126,1414793184,Prey,4,0.0021
2127,104182544,Pro Evolution Soccer 2016,4,0.0021
2128,1789157539,Puyo Puyo™ Tetris® 2,4,0.0021
2129,1784625849,Queen's Quest 5: Symphony of Death,4,0.0021
2130,1957137539,Rabbids®: Party of Legends,4,0.0021
2131,1480657184,Raskulls,4,0.0021
2132,893913055,Red Faction II,4,0.0021
2133,1190858142,Redout: Lightspeed Edition,4,0.0021
2134,676489959,Remothered: Tormented Fathers,4,0.0021
2135,522156478,Riddled Corpses EX,4,0.0021
2136,1313671123,Ridge Racer 6,4,0.0021
2137,816351210,Risk: Urban Assault,4,0.0021
2138,322450727,Rogue Legacy,4,0.0021
2139,35048352,ROMANCE OF THE THREE KINGDOMS XIII: Fame and Strategy Expansion Pack Bundle,4,0.0021
2140,2025898879,Rugby 22 Xbox Series X|S,4,0.0021
2141,293466353,Saban’s Mighty Morphin Power Rangers: Mega Battle,4,0.0021
2142,1708768275,Saints Row Boss Factory,4,0.0021
2143,1779343248,Sclash,4,0.0021
2144,1652981346,ScourgeBringer,4,0.0021
2145,1641777228,Serious Sam 4,4,0.0021
2146,1945317756,Shadow Labyrinth,4,0.0021
2147,1953391836,Shadowrun Returns,4,0.0021
2148,1939956128,Shadowrun: Dragonfall - Director's Cut PC,4,0.0021
2149,1654809752,Shotgun King: The Final Checkmate,4,0.0021
2150,1916393313,SIGNALIS,4,0.0021
2151,1657758963,Slay the Princess - The Pristine Cut,4,0.0021
2152,1838648944,Slipstream,4,0.0021
2153,1671676860,Snakeybus,4,0.0021
2154,1977811296,Sokomage,4,0.0021
2155,1718103769,Space Gladiators,4,0.0021
2156,1676037121,Spooky's Jump Scare Mansion: HD Renovation,4,0.0021
2157,2009073182,Steelrising - Standard Edition,4,0.0021
2158,2039717133,Stock Cars Unleashed 2023,4,0.0021
2159,1880166267,Sudoku Classic X,4,0.0021
2160,1841866029,Super Bomberman R Online,4,0.0021
2161,1375034638,Super Dungeon Bros,4,0.0021
2162,2003002635,Survival: Foutain of Youth - Captain's Edition,4,0.0021
2163,1704200304,Sword of the Necromancer: Resurrection,4,0.0021
2164,1718047845,Tannenberg,4,0.0021
2165,57328250,The Blackout Club,4,0.0021
2166,2016552136,The Catch: Carp & Coarse Fishing,4,0.0021
2167,977514341,The Culling,4,0.0021
2168,1685158190,The Expanse: A Telltale Series,4,0.0021
2169,2047811112,The Last Hero of Nostalgaia,4,0.0021
2170,1781023780,The Medium,4,0.0021
2171,1776537730,The Sinking City Remastered,4,0.0021
2172,2010719250,The Smurfs - Mission Vileaf,4,0.0021
2173,193310209,The Witness,4,0.0021
2174,1480657132,Ticket to Ride,4,0.0021
2175,467118163,Titan Quest,4,0.0021
2176,1683840789,Tomb Raider IV-VI Remastered,4,0.0021
2177,1961294826,Top Racer Collection,4,0.0021
2178,1721366178,Toy Soldiers HD,4,0.0021
2179,2125289543,TRANSFORMERS™: Devastation,4,0.0021
2180,644829211,Turok 2: Seeds of Evil,4,0.0021
2181,2050010864,Two Point Hospital™,4,0.0021
2182,2074316990,Ultimate General: Gettysburg,4,0.0021
2183,1683451145,Ultra Foodmess Deluxe,4,0.0021
2184,1297549275,Unreal Tournament III,4,0.0021
2185,2060146885,Unspottable,4,0.0021
2186,1654418819,Vampire Hunters,4,0.0021
2187,1072703684,Virtua Fighter 5 Final Showdown,4,0.0021
2188,2113105582,Warhammer Age of Sigmar: Realms of Ruin,4,0.0021
2189,1740517029,West of Dead,4,0.0021
2190,1765567475,Ziggy,4,0.0021
2191,1841078711,Zombie Derby 2,4,0.0021
2192,2044141925,Zombie Survivors,4,0.0021
2193,1611397130,20XX,3,0.0015
2194,1480656961,3D Ultra™ Minigolf,3,0.0015
2195,88086791,A KING'S TALE: FINAL FANTASY XV,3,0.0015
2196,2002870555,A Little to the Left,3,0.0015
2197,2122751230,A Short Hike,3,0.0015
2198,1480657371,A World of Keflings,3,0.0015
2199,1528308274,Aaero,3,0.0015
2200,390641336,ACA NEOGEO METAL SLUG,3,0.0015
2201,678033734,ACA NEOGEO THE KING OF FIGHTERS 2003,3,0.0015
2202,2023402980,Achilles: Legends Untold,3,0.0015
2203,2118440035,All The Words She Wrote,3,0.0015
2204,189808036,American Fugitive,3,0.0015
2205,2041767726,Angry Birds 2,3,0.0015
2206,1799950478,Aniimo,3,0.0015
2207,188051424,Anodyne,3,0.0015
2208,1630751753,Aquarium Land,3,0.0015
2209,2083321391,Arachnophobic Kyle,3,0.0015
2210,682100179,Armello,3,0.0015
2211,1161889868,Army of Two™ (EU),3,0.0015
2212,1877455960,art of rally,3,0.0015
2213,2029448252,ASMR Slicing,3,0.0015
2214,1846786072,Asphalt 8: Airborne,3,0.0015
2215,1445607414,Assassin's Creed® Chronicles: Russia,3,0.0015
2216,1744435907,Atelier Yumia: The Alchemist of Memories & the Envisioned Land,3,0.0015
2217,1643697302,Ballotron Oceans,3,0.0015
2218,1161889785,Battlefield: Bad Company,3,0.0015
2219,1844143156,Beach Buggy Racing 2: Island Adventure,3,0.0015
2220,965872275,Ben 10,3,0.0015
2221,1650506141,Beyond Doors,3,0.0015
2222,1021034070,Big Buck Hunter Arcade,3,0.0015
2223,621760503,Big Crown: Showdown,3,0.0015
2224,1475467792,BLADESTORM: Nightmare,3,0.0015
2225,1801017437,Blightbound,3,0.0015
2226,1892026097,Bloodwash,3,0.0015
2227,1178929117,Bound by Flame,3,0.0015
2228,1857914892,Boyfriend Dungeon,3,0.0015
2229,1726388890,Busway Islands - Puzzle,3,0.0015
2230,1664492743,Call of Duty®: Black Ops II,3,0.0015
2231,1431505012,Call of Juarez Cartel,3,0.0015
2232,2052867986,Cards We're Dealt,3,0.0015
2233,908734579,Carmageddon: Max Damage,3,0.0015
2234,870299798,Carnival Games®,3,0.0015
2235,1696049385,Carnivores: Dinosaur Hunt,3,0.0015
2236,287508507,Casey Powell Lacrosse 18,3,0.0015
2237,1640965998,Cat in Rain,3,0.0015
2238,1646378646,Cat Quest III,3,0.0015
2239,2113702526,Caterpillar (Windows 10),3,0.0015
2240,1096026071,Catherine,3,0.0015
2241,1881867920,Choice of Life: Wild Islands,3,0.0015
2242,1717280173,CHRONO CROSS: THE RADICAL DREAMERS EDITION,3,0.0015
2243,1944985876,Cinders,3,0.0015
2244,1480656871,Cloning Clyde,3,0.0015
2245,2102465429,Coffee Talk,3,0.0015
2246,1709128124,Collie Call: Farm of Tomorrow,3,0.0015
2247,1480657343,Commander's Challenge,3,0.0015
2248,1954997644,Construction Simulator 3 - Console Edition,3,0.0015
2249,1480656920,Contra,3,0.0015
2250,2011564314,Contra: Operation Galuga,3,0.0015
2251,1687740829,Croc's World 3,3,0.0015
2252,1721970293,Crow Country,3,0.0015
2253,1719811824,CyberCorp,3,0.0015
2254,1991801140,Dark Light,3,0.0015
2255,1480657531,Dead Space™ Ignition,3,0.0015
2256,1838535275,Death Come True,3,0.0015
2257,1966406017,Deceive Inc.,3,0.0015
2258,1779096288,Deliver At All Costs,3,0.0015
2259,2116371080,Dicey Dungeons,3,0.0015
2260,1743219650,Disney Epic Mickey: Rebrushed,3,0.0015
2261,1112934403,Disney Universe,3,0.0015
2262,1062046240,Divinity: Original Sin - Enhanced Edition,3,0.0015
2263,1112737777,DOOM 3 BFG Edition,3,0.0015
2264,2084687312,Dragon's Lair Trilogy,3,0.0015
2265,2104125318,DreamWorks Trolls Remix Rescue,3,0.0015
2266,1995684972,Dune: Spice Wars,3,0.0015
2267,1771234675,Dungeons 4,3,0.0015
2268,1640323097,DYNASTY WARRIORS 9 Empires,3,0.0015
2269,134413498,EA SPORTS™ NHL® 18,3,0.0015
2270,548464799,EA SPORTS™ UFC®,3,0.0015
2271,809464104,Elex,3,0.0015
2272,2046176982,Empire of Sin,3,0.0015
2273,1773142063,ENDER LILIES: Quietus of the Knights,3,0.0015
2274,2049241881,Entropy Survivors,3,0.0015
2275,2134693780,EVERSPACE™ 2,3,0.0015
2276,1448413145,F.E.A.R.,3,0.0015
2277,1480657527,Faery: Legends of Avalon,3,0.0015
2278,1649971201,Fallout,3,0.0015
2279,1895194085,Fallout 2,3,0.0015
2280,2018435270,Fantasy Tower Defense,3,0.0015
2281,332903703,Fibbage: The Hilarious Bluffing Party Game,3,0.0015
2282,1920237746,FINAL FANTASY II,3,0.0015
2283,136671143,FINAL FANTASY XV MULTIPLAYER: COMRADES,3,0.0015
2284,1733492292,Finding Frankie,3,0.0015
2285,2082350956,Fishing Sim World: Bass Pro Shops Edition,3,0.0015
2286,1791966220,Flaskoman,3,0.0015
2287,1890880304,Fobia - St. Dinfna Hotel,3,0.0015
2288,338690930,Forgotton Anne,3,0.0015
2289,212246852,Furi,3,0.0015
2290,1690204019,Garten of Banban 3,3,0.0015
2291,1705113845,Garten of Banban 6,3,0.0015
2292,21230315,Genesis Alpha One,3,0.0015
2293,1925360122,Gex Trilogy,3,0.0015
2294,1641056892,Gloomhaven,3,0.0015
2295,1770092694,Going Under,3,0.0015
2296,2058395991,Golf Guys,3,0.0015
2297,2043449905,Gori: Cuddly Carnage,3,0.0015
2298,943719970,GRID,3,0.0015
2299,1821397642,GRIS,3,0.0015
2300,2028516160,Hardspace: Shipbreaker - Windows,3,0.0015
2301,1480656866,Hardwood Backgammon,3,0.0015
2302,1669177732,Harold Halibut,3,0.0015
2303,1695499346,Headbangers: Rhythm Royale,3,0.0015
2304,1654652604,Heavy Cargo - The Truck Simulator,3,0.0015
2305,1670362756,Heliborne,3,0.0015
2306,1821898678,Hexa Road,3,0.0015
2307,1967527679,Hidden Cat Outlaws,3,0.0015
2308,2000004108,Hidden Cats in Berlin,3,0.0015
2309,1702609951,Hidden Cats in Paris,3,0.0015
2310,1789922063,Hidden Cats in Rome,3,0.0015
2311,1839911748,Hidden Cats in Santa's Realm,3,0.0015
2312,2113165348,Hoa,3,0.0015
2313,1880956881,Hot Wheels Monster Trucks: Stunt Mayhem™,3,0.0015
2314,1829828400,HUMANKIND™,3,0.0015
2315,1702750733,Huntdown,3,0.0015
2316,1480657391,Hydrophobia,3,0.0015
2317,2129720796,"I Have No Mouth, and I Must Scream",3,0.0015
2318,1922993793,Jalopy,3,0.0015
2319,1480659527,Jet Set Radio,3,0.0015
2320,1925586579,Jump King,3,0.0015
2321,1144391632,Jurassic Park: The Game,3,0.0015
2322,1396901845,Just Cause,3,0.0015
2323,1117499725,JUST DANCE® 2015,3,0.0015
2324,1721223782,Katamari Damacy REROLL,3,0.0015
2325,1840996916,Kinect Sports Rivals,3,0.0015
2326,2072806887,King Arthur: Knight's Tale,3,0.0015
2327,1672473394,King K Roller,3,0.0015
2328,1970962100,King of Seas,3,0.0015
2329,1055556936,Kingdom New Lands,3,0.0015
2330,1161890110,Kingdoms of Amalur: Reckoning,3,0.0015
2331,1745241155,Kitten Island,3,0.0015
2332,1480657105,KOF98UM,3,0.0015
2333,1039363526,Kona,3,0.0015
2334,389571069,LEGO® Dimensions™,3,0.0015
2335,1464993821,LEGO® Lord of the Rings™,3,0.0015
2336,1651525052,Life is Strange: Before the Storm Remastered,3,0.0015
2337,1741206400,Little Nightmares III,3,0.0015
2338,1795081986,Luck be a Landlord,3,0.0015
2339,142841733,Madden NFL 25,3,0.0015
2340,1480657727,Magic 2012,3,0.0015
2341,1537894068,Magic 2015,3,0.0015
2342,2106143929,Marfusha,3,0.0015
2343,2117648871,Martha Is Dead,3,0.0015
2344,1014379144,Marvel: Ultimate Alliance 2,3,0.0015
2345,1760739818,Mato Anomalies,3,0.0015
2346,1112934453,Mercenaries,3,0.0015
2347,1751185882,METAL GEAR SOLID Δ: SNAKE EATER,3,0.0015
2348,1747564672,Microsoft Treasure Hunt,3,0.0015
2349,2053936784,Mimi the Cat: Mimi's Scratcher,3,0.0015
2350,1677981874,Minos Dungeon,3,0.0015
2351,189896967,Monaco: What's Yours is Mine,3,0.0015
2352,1480657301,Monkey Island: SE,3,0.0015
2353,186591858,Monstrum,3,0.0015
2354,1150103050,Mordheim: City of the Damned,3,0.0015
2355,1957331976,Mr.Slime in ,3,0.0015
2356,1480656951,MS.PAC-MAN,3,0.0015
2357,1866194138,Murder Miners,3,0.0015
2358,1652829137,Mushroom Savior,3,0.0015
2359,1696839999,MXGP 24: The Official Game,3,0.0015
2360,446256697,My Time At Portia,3,0.0015
2361,1653999253,MythForce,3,0.0015
2362,1950723029,NAIAD,3,0.0015
2363,113198981,NBA 2K18: The Prelude,3,0.0015
2364,2086432768,Neva,3,0.0015
2365,910593568,Never Alone (Kisima Ingitchuna),3,0.0015
2366,1690896049,New Tales from the Borderlands,3,0.0015
2367,1907337607,NHL® 15 Full Game,3,0.0015
2368,1863625465,Nuclear Throne,3,0.0015
2369,1129121809,OF: Dragon Rising,3,0.0015
2370,1756731867,One Step From Eden,3,0.0015
2371,1207405244,Onigiri,3,0.0015
2372,1161365458,P4A,3,0.0015
2373,1906677498,PAC-MAN MUSEUM+,3,0.0015
2374,348018268,Pang Adventures,3,0.0015
2375,1926352092,PBA Pro Bowling,3,0.0015
2376,1297290209,Pinball FX2,3,0.0015
2377,884526952,Planetbase,3,0.0015
2378,1859436735,"Please, Don't Touch Anything",3,0.0015
2379,1794659226,PowerSlave Exhumed,3,0.0015
2380,1431504958,Prince of Persia The Forgotten Sands™,3,0.0015
2381,965890138,Project Highrise: Architect's Edition,3,0.0015
2382,248901393,Punch Club,3,0.0015
2383,1112934361,Pure,3,0.0015
2384,1684904215,Purrfect Rescue,3,0.0015
2385,2099711760,R.B.I. Baseball 20,3,0.0015
2386,1480657492,Radiant Silvergun,3,0.0015
2387,24524637,Railway Empire,3,0.0015
2388,957250252,Rapala Fishing: Pro Series,3,0.0015
2389,1637512046,Red Solstice 2: Survivors Ultimate Edition,3,0.0015
2390,1996943027,Revhead,3,0.0015
2391,806435492,Road Redemption,3,0.0015
2392,1791949165,Robin Hood - Sherwood Builders,3,0.0015
2393,1414793183,Rockstar Table Tennis,3,0.0015
2394,1820242486,Roguebook Xbox Series X|S,3,0.0015
2395,1804278141,Rugby 22 Xbox One,3,0.0015
2396,1759610497,Rush Rally Origins,3,0.0015
2397,1753316980,Sanicball Xbox version,3,0.0015
2398,2010400708,Sausage Wars,3,0.0015
2399,1990492211,Sea Salt,3,0.0015
2400,1532956420,Sébastien Loeb Rally EVO,3,0.0015
2401,1908885199,Shadows of the Damned: Hella Remastered,3,0.0015
2402,161766595,Shantae and the Pirate's Curse,3,0.0015
2403,1901019717,Shaolin vs Wutang,3,0.0015
2404,2129620077,Sherlock Holmes The Awakened,3,0.0015
2405,2145390992,Sherlock Holmes: Crimes and Punishments Redux,3,0.0015
2406,1654530968,Shieldwall,3,0.0015
2407,1710148072,Ship Graveyard Simulator,3,0.0015
2408,1709151881,Ship Graveyard Simulator 2,3,0.0015
2409,2018103228,Ship of Fools,3,0.0015
2410,247124088,Shovel Knight: Treasure Trove,3,0.0015
2411,1898291368,Shy Cats Hidden Tracks - Vol. 1,3,0.0015
2412,1967979978,Shy Cats Hidden Tracks - Vol. 2,3,0.0015
2413,1414793256,Sid Meier's Pirates!,3,0.0015
2414,2060306864,SkateBIRD,3,0.0015
2415,1480656853,Small Arms,3,0.0015
2416,1770238303,Smart Moves 2,3,0.0015
2417,1480659442,SONIC 4 Episode II,3,0.0015
2418,1613171538,Spacelines from the Far Out,3,0.0015
2419,2017067425,Spot Challenge Vol. 1,3,0.0015
2420,2063855906,STAR OCEAN THE DIVINE FORCE,3,0.0015
2421,2088823549,Star Trek: Legends,3,0.0015
2422,1833403666,SteamWorld Dig 2,3,0.0015
2423,2002404032,Stranded: Alien Dawn,3,0.0015
2424,2050520287,STRANGER OF PARADISE FINAL FANTASY ORIGIN,3,0.0015
2425,1934391570,Street Power Soccer,3,0.0015
2426,2023806716,Styx: Master of Shadows,3,0.0015
2427,1746879934,Submerged: Hidden Depths,3,0.0015
2428,1806898372,Summum Aeterna,3,0.0015
2429,1995931888,Sunderfolk,3,0.0015
2430,1958529503,Super Dark Deception,3,0.0015
2431,2136865616,Sword of the Necromancer,3,0.0015
2432,1937629264,Tainted Grail: Conquest,3,0.0015
2433,1037418183,Tennis World Tour,3,0.0015
2434,706437546,The Awesome Adventures of Captain Spirit,3,0.0015
2435,1774362586,The Backrooms 1998,3,0.0015
2436,1891258006,The Bard's Tale ARPG : Remastered and Resnarkled,3,0.0015
2437,157772240,The Bard's Tale IV: Director's Cut,3,0.0015
2438,939155231,The Council - Episode 1: The Mad Ones,3,0.0015
2439,1414793357,The Darkness II,3,0.0015
2440,1821165740,The Eternal Cylinder,3,0.0015
2441,337067464,The Fisherman - Fishing Planet,3,0.0015
2442,29720212,The Flame in the Flood,3,0.0015
2443,2007018418,The Hong Kong Massacre,3,0.0015
2444,2052100489,The Invincible,3,0.0015
2445,1816960683,The Nightmares At The Krusty Krab,3,0.0015
2446,2029175168,The Plucky Squire,3,0.0015
2447,1921488037,The Settlers®: New Allies,3,0.0015
2448,1675444836,The Talos Principle 2,3,0.0015
2449,333693662,The Walking Dead: A New Frontier,3,0.0015
2450,2016470925,This Bed We Made,3,0.0015
2451,424855892,This Is the Police,3,0.0015
2452,1826137247,Tiny Little Farm,3,0.0015
2453,2116487770,TOEM,3,0.0015
2454,1691955008,TOKI Juju Densetsu,3,0.0015
2455,1396901844,Tomb Raider:Legend,3,0.0015
2456,32122245,Tony Hawk's® Pro Skater™ 5,3,0.0015
2457,21471625,Torchlight II,3,0.0015
2458,1760551143,Touhou Luna Nights,3,0.0015
2459,1691312526,Tour de France 2023,3,0.0015
2460,1702020699,Tourist Bus Simulator,3,0.0015
2461,1832512217,Townscaper,3,0.0015
2462,1480657310,Toy Soldiers,3,0.0015
2463,1480657580,Toy Soldiers: Cold War,3,0.0015
2464,1480660067,Toybox Turbos,3,0.0015
2465,1669996905,Train Sim World® 3,3,0.0015
2466,286890904,TRANSFORMERS: Fall of Cybertron,3,0.0015
2467,52523189,Trials of the Blood Dragon,3,0.0015
2468,1264125916,Tropico 4,3,0.0015
2469,911120656,Tumblestone,3,0.0015
2470,1987230441,Turmoil,3,0.0015
2471,944836149,Valkyria Chronicles 4,3,0.0015
2472,1397033025,VANQUISH,3,0.0015
2473,1731762544,Virtual Villagers Origins 2,3,0.0015
2474,2022059922,Walk Around And Do Nothing,3,0.0015
2475,1975267359,"Warhammer 40,000: Mechanicus",3,0.0015
2476,648298719,Warhammer: Chaosbane Xbox One,3,0.0015
2477,474535578,WARRIORS OROCHI 4,3,0.0015
2478,1798375126,Welcome to ParadiZe,3,0.0015
2479,1941570025,Wolcen: Lords of Mayhem,3,0.0015
2480,521446567,WORLD OF FINAL FANTASY MAXIMA,3,0.0015
2481,206756614,World of Warships: Legends (Supertest),3,0.0015
2482,1900124001,WRC 10 FIA World Rally Championship Xbox One,3,0.0015
2483,775457902,WRC 5 FIA World Rally Championship,3,0.0015
2484,1048549433,WRC 6 FIA World Rally Championship,3,0.0015
2485,2142309066,WWE 2K Battlegrounds,3,0.0015
2486,1049055654,XCOM®: Enemy Within,3,0.0015
2487,1764107912,Yakuza 4 Remastered,3,0.0015
2488,1777058720,Yakuza 5 Remastered,3,0.0015
2489,1263405122,ZOE HD ,3,0.0015
2490,1752291141,Zombie Derby,3,0.0015
2491,1695141626,Zombies Ate My Neighbors and Ghoul Patrol,3,0.0015
2492,711381438,Zoo Tycoon,3,0.0015
2493,2140131389,[REDACTED],2,0.001
2494,1855137956,2URVIVE,2,0.001
2495,1736391553,30 Sport Games in 1,2,0.001
2496,1714878640,60 Seconds!,2,0.001
2497,767105780,8 To Glory - The Official Game of the PBR,2,0.001
2498,2015055552,911: Prey,2,0.001
2499,524849647,99Vidas,2,0.001
2500,1806866056,A Building Full of Cats,2,0.001
2501,1937335069,A Gummy's Life,2,0.001
2502,398132983,ACA NEOGEO METAL SLUG 2,2,0.001
2503,304633817,ACA NEOGEO METAL SLUG 4,2,0.001
2504,895307472,ACA NEOGEO PUZZLE BOBBLE,2,0.001
2505,426534329,ACA NEOGEO THE KING OF FIGHTERS '96,2,0.001
2506,442527816,ACA NEOGEO THE KING OF FIGHTERS 2001,2,0.001
2507,2132000502,ACL Pro Cornhole,2,0.001
2508,926156758,Adventure Time: Secret (2014),2,0.001
2509,1784931030,Aerial_Knight's Never Yield,2,0.001
2510,1956029545,Aeterna Noctis,2,0.001
2511,263635664,AeternoBlade,2,0.001
2512,1915969143,AFL 23,2,0.001
2513,2076405066,Agarta,2,0.001
2514,1635676165,Agatha Christie - Hercule Poirot: The First Cases,2,0.001
2515,1480657136,Age of Booty,2,0.001
2516,1992121948,Airline Manager,2,0.001
2517,1859288114,AirportSim,2,0.001
2518,1846694005,Akuto: Showdown,2,0.001
2519,1910091538,Alfred Hitchcock - Vertigo,2,0.001
2520,2000460393,Alien Hominid Invasion,2,0.001
2521,2093965833,Angry Birds Friends,2,0.001
2522,884197146,Anima: Gate of Memories,2,0.001
2523,1863916271,Anime Girls Jigsaw Puzzles - The Waifu Experience,2,0.001
2524,2066750369,APG: A Plane Game,2,0.001
2525,1744307136,Aquarist,2,0.001
2526,2087906718,Aquarun,2,0.001
2527,1611092700,Ara History Untold: Anniversary Edition,2,0.001
2528,2081200138,Arcade Classics Anniversary Collection,2,0.001
2529,2837772,Arcade Islands: Volume One,2,0.001
2530,1663331063,Arena Renovation,2,0.001
2531,490460723,Arise: A Simple Story,2,0.001
2532,132590840,Assassin's Creed® Chronicles: India,2,0.001
2533,2116401396,Astrea: Six-Sided Oracles,2,0.001
2534,1631238072,Astro Miner,2,0.001
2535,433520651,Attack on Titan,2,0.001
2536,634298669,Bad North: Jotunn Edition,2,0.001
2537,1922639286,Bag Hero,2,0.001
2538,1653039105,Ballotron,2,0.001
2539,1780001013,Ballotron Galaxy,2,0.001
2540,1843898695,Bangers Unlimited,2,0.001
2541,1939312830,Barista Simulator,2,0.001
2542,122277778,Bastion,2,0.001
2543,2009443764,BBQ Simulator: The Squad,2,0.001
2544,1313671132,Beautiful Katamari,2,0.001
2545,1623175865,Bee Flowers: Save the Garden,2,0.001
2546,1480659459,Bellator: MMA Onslaught,2,0.001
2547,2037703927,Beyond Blue,2,0.001
2548,1787759076,Blade of Darkness,2,0.001
2549,2080382748,Blade Runner Enhanced Edition,2,0.001
2550,1635661974,Bladed Fury,2,0.001
2551,1714151217,Blair Witch,2,0.001
2552,2037855727,Block Puzzle Jewels Classic,2,0.001
2553,2066959475,Block Tower TD,2,0.001
2554,869267607,Bloody Zombies,2,0.001
2555,1875067511,Blossom Tales II: The Minotaur Prince,2,0.001
2556,1112934366,Bolt,2,0.001
2557,1480657002,Boom Boom Rocket,2,0.001
2558,1844418156,Botany Manor,2,0.001
2559,2021444410,BPM: Bullets Per Minute,2,0.001
2560,178624005,Breach & Clear: Deadline,2,0.001
2561,465277350,Bridge Constructor,2,0.001
2562,1632339731,BRUTAL RAGE,2,0.001
2563,1899809649,Bubble Shooter Viking Pop!,2,0.001
2564,1618115231,Bullet Beat,2,0.001
2565,1897248641,Bullets and Brains,2,0.001
2566,2113057830,Candivity,2,0.001
2567,1807592900,Car Mechanic Simulator Classic,2,0.001
2568,1480656960,Carcassonne,2,0.001
2569,1615345863,Carmen Sandiego,2,0.001
2570,1869939070,Carrier Deck,2,0.001
2571,1480659610,CastleStorm,2,0.001
2572,1802087394,Cats With Guns,2,0.001
2573,1962218680,Cel Damage HD,2,0.001
2574,1512517621,Child of Light,2,0.001
2575,1967883584,Chorus,2,0.001
2576,1717544750,Christmas Coloring Book for Kids,2,0.001
2577,1775964743,Click the cookie!,2,0.001
2578,1641287197,Collie Call,2,0.001
2579,1414596570,Conan,2,0.001
2580,1397032914,Condemned,2,0.001
2581,1841498671,CONSCRIPT,2,0.001
2582,1872937240,Copycat,2,0.001
2583,2079295420,Crash Team Rumble™,2,0.001
2584,1620274602,Cricket 19,2,0.001
2585,1766171641,Croc's World,2,0.001
2586,2041763016,CrossCode,2,0.001
2587,989689010,Crypt of the Serpent King,2,0.001
2588,1480657289,CRYSTAL DEFENDERS,2,0.001
2589,1959321814,CUBERS: ARENA,2,0.001
2590,1914646696,Curse of the Dead Gods,2,0.001
2591,1716226310,Cyber Tank,2,0.001
2592,942640100,DAKAR 18,2,0.001
2593,1730984142,Danganronpa 2: Goodbye Despair Anniversary Edition,2,0.001
2594,1762192861,DC's Justice League: Cosmic Chaos,2,0.001
2595,1414596709,de Blob 2 (2014),2,0.001
2596,1951298086,Dead End Job,2,0.001
2597,1480657664,DEAD RISING 2: CASE WEST,2,0.001
2598,1480657513,Deadliest Warrior,2,0.001
2599,1684075016,Deadlink,2,0.001
2600,903716936,Dear Esther: Landmark Edition,2,0.001
2601,1847180415,Death and Taxes,2,0.001
2602,1744604493,Debtor: Enhanced Edition,2,0.001
2603,1480657099,Defense Grid,2,0.001
2604,382896606,Desperados III,2,0.001
2605,1901219549,Diablo® IV - Server Slam,2,0.001
2606,1848024903,Dig Deep,2,0.001
2607,1981785404,Disney Illusion Island Starring Mickey and Friends,2,0.001
2608,448826978,Dogos,2,0.001
2609,1755206522,Don't Be Afraid,2,0.001
2610,1480656932,DOOM,2,0.001
2611,1841794712,Dordogne,2,0.001
2612,1626267222,Double Dragon 4,2,0.001
2613,1480659538,Double Dragon Neon,2,0.001
2614,1646140981,Double Kick Heroes,2,0.001
2615,534038970,Dovetail Games Euro Fishing,2,0.001
2616,1480657549,DR2: CASE ZERO,2,0.001
2617,2044234749,Dragon's Dogma 2 Character Creator & Storage,2,0.001
2618,215313834,Draw a Stickman: EPIC,2,0.001
2619,1776664428,Dreamland Solitaire: Dragon's Fury,2,0.001
2620,1669152064,Dreamscaper,2,0.001
2621,141638183,DreamWorks Dragons Dawn of New Riders,2,0.001
2622,1036815571,Drift Zone,2,0.001
2623,776943591,DUCATI - 90th Anniversary,2,0.001
2624,2067761315,EA SPORTS™ NBA LIVE 16,2,0.001
2625,1704101432,Empyreal,2,0.001
2626,1706225842,ENDLESS Dungeon™,2,0.001
2627,1930656280,Enotria: The Last Song,2,0.001
2628,180750187,F1™ 2017,2,0.001
2629,2058013886,Fantasy Blacksmith,2,0.001
2630,1861337590,Farmer's Life,2,0.001
2631,1640889440,Farmer Survivors,2,0.001
2632,1629487179,FATAL FRAME: Maiden of Black Water,2,0.001
2633,1709057471,FATAL FRAME: Mask of the Lunar Eclipse,2,0.001
2634,1431504860,FC Instincts Predator,2,0.001
2635,1079518187,FINAL FANTASY TYPE-0 HD,2,0.001
2636,1653694302,FINAL FANTASY VIII Remastered WINDOWS EDITION,2,0.001
2637,1890818188,Find Love Or Die Trying,2,0.001
2638,1918596466,Fit and Fry,2,0.001
2639,1691539579,Flappy Fly,2,0.001
2640,774459605,Flashback,2,0.001
2641,1782426167,Flat Heroes,2,0.001
2642,67961945,FlatOut 4 : Total Insanity,2,0.001
2643,1711202314,Flying Fish,2,0.001
2644,226561674,Fortified,2,0.001
2645,1480657553,From Dust™,2,0.001
2646,2054354492,Fruit Ninja Kinect 2,2,0.001
2647,2010372255,Ftooz Unleashed,2,0.001
2648,1643768709,Gabriels Worlds The Adventure,2,0.001
2649,1887193859,Gal Guardians: Servants of the Dark,2,0.001
2650,1480656914,GALAGA,2,0.001
2651,1856172970,Game of Thrones - Episode 1: Iron from Ice,2,0.001
2652,2005313515,Garten of Banban 7,2,0.001
2653,2134096675,Gatewalkers,2,0.001
2654,1734964144,Ghosts 'n Goblins Resurrection,2,0.001
2655,1798390769,Ghoulboy,2,0.001
2656,2094693316,Golfing in Aether,2,0.001
2657,1992263470,Gothic 1 Remake,2,0.001
2658,1973021624,Greyhill Incident,2,0.001
2659,1712385617,Greyhill Incident - Abducted Edition,2,0.001
2660,1737319607,Griffin,2,0.001
2661,1958071699,Guacamelee! Super Turbo Championship Edition,2,0.001
2662,453673951,Guitar Hero Live,2,0.001
2663,1928525856,Halo: MCC Insider,2,0.001
2664,1297292157,Halo: Spartan Assault,2,0.001
2665,1822336858,Hand of Fate,2,0.001
2666,1480656851,Hardwood Hearts,2,0.001
2667,1780268897,Harvest Moon: Light of Hope SE Complete,2,0.001
2668,1880774720,Heroes of Hammerwatch - Ultimate Edition,2,0.001
2669,1700125109,Hidden Through Time,2,0.001
2670,1968550256,Hobo: Tough Life,2,0.001
2671,1829965405,Home Safety Hotline,2,0.001
2672,1069384604,Home Sweet Home,2,0.001
2673,2032696661,Hotel: A Resort Simulator,2,0.001
2674,1660075534,Hunting Simulator 2,2,0.001
2675,1793634692,I'm on Observation Duty 6,2,0.001
2676,1622108683,I Am Your President,2,0.001
2677,1480657016,Ikaruga,2,0.001
2678,720995386,Immortal Redneck,2,0.001
2679,909182696,Infinite Minigolf,2,0.001
2680,1480657692,Insanely Twisted Shadow Planet,2,0.001
2681,1750788653,Jagged Alliance 3,2,0.001
2682,1776716222,Jewel Fever 3,2,0.001
2683,251796387,Just Dance 2018®,2,0.001
2684,611794133,Just Dance 2019®,2,0.001
2685,1869923276,Katana ZERO,2,0.001
2686,1751090642,Kaze and the Wild Masks,2,0.001
2687,649279273,King's Quest™,2,0.001
2688,1957464297,King K Roller 2,2,0.001
2689,2090287182,KLONOA Phantasy Reverie Series,2,0.001
2690,2008175655,Knights of Pen and Paper +1 Deluxier Edition,2,0.001
2691,1003487612,Korgan,2,0.001
2692,2002405450,Kung Fu Fighting,2,0.001
2693,1900505119,Kung Fu Panda Showdown of Legendary Legends,2,0.001
2694,1632716739,Kvark,2,0.001
2695,1885571558,Lab Crisis,2,0.001
2696,2107556397,Layers of Fear 2,2,0.001
2697,1848238632,Leisure Suit Larry - Wet Dreams Don't Dry,2,0.001
2698,1759373796,Leisure Suit Larry - Wet Dreams Dry Twice,2,0.001
2699,1615197965,Let's Build a Zoo,2,0.001
2700,1780556395,LISA: The Painful - Definitive Edition,2,0.001
2701,2056027793,Little Strays,2,0.001
2702,1900726271,Lord of the Click 4,2,0.001
2703,1631490723,Lost Islands,2,0.001
2704,1128466480,Lost Planet 3,2,0.001
2705,2125308381,Lumberjack's Dynasty,2,0.001
2706,217450018,LUMINES REMASTERED,2,0.001
2707,2120073413,M26 Madden Test Realm,2,0.001
2708,1851150269,Magic of Runes: Hidden Object Games,2,0.001
2709,1060304103,Marooners,2,0.001
2710,1654028464,Mars Survivor,2,0.001
2711,1913012021,Marshmallow Marvin,2,0.001
2712,2016530186,Marsupilami: Hoobadventure,2,0.001
2713,1029188769,Marvel’s Guardians of the Galaxy: The Telltale Series - Episode 1,2,0.001
2714,1635154692,Maximum Football 2019,2,0.001
2715,1911247850,Meet Your Maker,2,0.001
2716,1999249377,MegaJogos,2,0.001
2717,2039573071,Merge & Blade,2,0.001
2718,1979916310,METAL GEAR & METAL GEAR 2: Solid Snake,2,0.001
2719,1983992803,Miasma Chronicles,2,0.001
2720,2099446354,Midnight Fight Express,2,0.001
2721,1808667646,Mighty No. 9,2,0.001
2722,1396901860,MINI NINJAS™,2,0.001
2723,458470194,Monster Boy and the Cursed Kingdom,2,0.001
2724,1685995944,Monster Legends,2,0.001
2725,2070782109,Monster Prom: XXL,2,0.001
2726,2128710093,Monster Sanctuary (Windows Version),2,0.001
2727,284212046,MotoGP™18,2,0.001
2728,1699788094,MotoGP™20,2,0.001
2729,1674141109,Moves,2,0.001
2730,1885048343,Mr. Bomber,2,0.001
2731,1839786246,Murdered: Soul Suspect,2,0.001
2732,1663499633,Mushroom Quest,2,0.001
2733,2070906964,NAMCO MUSEUM® ARCHIVES Vol 1,2,0.001
2734,693693640,NASCAR Heat Evolution,2,0.001
2735,1616270757,NBA LIVE 14,2,0.001
2736,1755993580,Nerd Survivors,2,0.001
2737,2000514300,Nightmare Reaper,2,0.001
2738,1746727265,Ninja Wars,2,0.001
2739,1991040607,No Place Like Home,2,0.001
2740,1957424962,No Straight Roads,2,0.001
2741,1725452465,No Sun To Worship,2,0.001
2742,156829627,No Time To Explain,2,0.001
2743,1844719399,Nobody Wants to Die,2,0.001
2744,2081999852,Observer: System Redux,2,0.001
2745,1750039382,Oceanhorn 2 - Knights of the Lost Realm,2,0.001
2746,303740234,Oh...Sir! The Insult Simulator,2,0.001
2747,1764133092,OlliOlli World,2,0.001
2748,469262489,OlliOlli2: XL Edition,2,0.001
2749,1693098311,One Step After Fall,2,0.001
2750,2081394706,Onimusha 2: Samurai's Destiny,2,0.001
2751,118591686,ONRUSH™,2,0.001
2752,2074508136,Open Country,2,0.001
2753,2128728875,Operation: Tango,2,0.001
2754,264259050,Ori and the Blind Forest,2,0.001
2755,1693393910,Othercide,2,0.001
2756,1129121749,Overlord,2,0.001
2757,1941542362,Oxide Room 104,2,0.001
2758,2013199752,PAC-MAN Mega Tunnel Battle: Chomp Champs,2,0.001
2759,2115269293,Panzer Dragoon: Remake,2,0.001
2760,1616365132,Papa's Quiz,2,0.001
2761,1815686049,Paper io 2,2,0.001
2762,1836785866,ParkourLand Elite: Playground,2,0.001
2763,1011775053,Party Golf,2,0.001
2764,1952969635,Party Hard 2,2,0.001
2765,1798400755,Pathologic 2,2,0.001
2766,1912801032,PAW Patrol The Movie: Adventure City Calls,2,0.001
2767,939615894,Paw Patrol: On a Roll,2,0.001
2768,1775966138,PBA Pro Bowling 2021,2,0.001
2769,1877956827,Peppa Pig: World Adventures,2,0.001
2770,1032585022,Phantom Doctrine,2,0.001
2771,577843491,Phar Lap - Horse Racing Challenge,2,0.001
2772,1991248961,PHOGS!,2,0.001
2773,1663428955,Pirates Outlaws,2,0.001
2774,1972300274,Police Stories,2,0.001
2775,1990193950,Poop Match 3,2,0.001
2776,1919133963,Praetorians - HD Remaster,2,0.001
2777,1431504908,Prince of Persia,2,0.001
2778,1882609569,Prison Simulator,2,0.001
2779,153810321,Pro Evolution Soccer 2015,2,0.001
2780,1755544820,Pro Gymnast Simulator,2,0.001
2781,670498748,Pumped BMX +,2,0.001
2782,1655939920,Puyo Puyo Champions,2,0.001
2783,1480657006,Puzzle Fighter HD,2,0.001
2784,1480657096,Quake Arena Arcade,2,0.001
2785,1802682965,Quake Champions,2,0.001
2786,1480659455,Quantum Conundrum,2,0.001
2787,2117633627,Quiplash 2 InterLASHional: The Say Anything Party Game!,2,0.001
2788,1998043773,R.B.I. Baseball 19,2,0.001
2789,1733215481,Race with Ryan,2,0.001
2790,319577309,RAD,2,0.001
2791,523071548,Rad Rodgers,2,0.001
2792,2058870984,Radioactive Dwarfs: Evil From the Sewers,2,0.001
2793,1738916410,Railbound,2,0.001
2794,1843263319,Railway Islands - Puzzle,2,0.001
2795,1623187954,Rally Arcade Classics,2,0.001
2796,1966810654,Ramp Bike Racing,2,0.001
2797,1761751232,ReactorX 2,2,0.001
2798,1927701400,ReactorX 3,2,0.001
2799,1926182660,Redeemer - Enhanced Edition,2,0.001
2800,2011859970,Redout 2,2,0.001
2801,2091620971,Remains,2,0.001
2802,1927790109,Rememoried,2,0.001
2803,1658810016,Resident Evil Requiem,2,0.001
2804,1758367827,REVEIL,2,0.001
2805,1223839444,RIDE,2,0.001
2806,695693557,Riptide GP: Renegade,2,0.001
2807,227770627,Riverbond,2,0.001
2808,1783825549,Road 96: Mile 0,2,0.001
2809,1888207061,Rogue Lords,2,0.001
2810,2140018399,RollerCoaster Tycoon Adventures Deluxe,2,0.001
2811,1644975436,Rollerdrome,2,0.001
2812,1867563048,Rollerdrome (2022),2,0.001
2813,1263405009,Rumble Roses XX,2,0.001
2814,1690094100,Run Sausage Run!,2,0.001
2815,1727550181,Rustler,2,0.001
2816,520010865,RWBY: Grimm Eclipse,2,0.001
2817,1263339473,Sacred 2 Fallen Angel,2,0.001
2818,2104908468,SAMURAI WARRIORS 5,2,0.001
2819,1966276493,Satisfactory,2,0.001
2820,2010124610,Save Your Nuts,2,0.001
2821,1944780994,Scars Above,2,0.001
2822,2044653846,ScubaBoys,2,0.001
2823,2139098715,Section 13,2,0.001
2824,1480657539,SEGA Bass Fishing,2,0.001
2825,180637000,SEUM: Speedrunners from Hell,2,0.001
2826,2077320849,Shadow Man Remastered,2,0.001
2827,2093075517,Shantae and the Seven Sirens,2,0.001
2828,865750499,Shantae: Half-Genie Hero,2,0.001
2829,1933595910,Shaolin vs Wutang 2,2,0.001
2830,2125030606,She Sees Red Interactive Movie,2,0.001
2831,21560138,Sheltered,2,0.001
2832,1963476984,Sherlock Holmes Chapter One,2,0.001
2833,36217198,Sherlock Holmes: Crimes and Punishments,2,0.001
2834,722694197,Sherlock Holmes: The Devil's Daughter,2,0.001
2835,1689409064,Shield King,2,0.001
2836,643894778,Shiness: The Lightning Kingdom,2,0.001
2837,903306295,Shining Resonance Refrain,2,0.001
2838,1811056861,Shred! 2 - ft Sam Pilgrim,2,0.001
2839,1830917724,Skelethrone: The Chronicles of Ericona,2,0.001
2840,1720807506,Skibidi Sandbox,2,0.001
2841,2063272043,Sky Roll!,2,0.001
2842,1805105433,Skycadia,2,0.001
2843,687576060,Skylanders SuperChargers Portal Owner's Pack,2,0.001
2844,1147123126,Skylanders Trap Team,2,0.001
2845,1794725870,Smurfs Kart,2,0.001
2846,1002731481,Snooker Nation Championship,2,0.001
2847,1716567990,Sokmeal Time,2,0.001
2848,1690743773,Sokolab,2,0.001
2849,1992608598,Solar Ash,2,0.001
2850,1865488656,Somber Echoes,2,0.001
2851,1480657415,SONIC THE HEDGEHOG™ 4 Episode I,2,0.001
2852,1624587951,Sorry We're Closed,2,0.001
2853,2098784475,Soulstice,2,0.001
2854,1849010458,Soviet Project,2,0.001
2855,2109986102,Space Crew: Legendary Edition,2,0.001
2856,2139029288,Space Station Sprint,2,0.001
2857,1867036629,Space Warlord Organ Trading Simulator,2,0.001
2858,1943663664,SpellForce III Reforced,2,0.001
2859,1712871656,Spirit Hunters: Infinite Horde,2,0.001
2860,1684697801,Spirit Valor,2,0.001
2861,380703582,Splosion Man,2,0.001
2862,2032251921,Spot Challenge Vol. 2,2,0.001
2863,1693360685,Spot Challenge Vol. 3,2,0.001
2864,1645584645,Spot Challenge Vol. 4,2,0.001
2865,1480657523,Stacking,2,0.001
2866,2071323777,Star Trek: Resurgence,2,0.001
2867,687953907,STARWHAL,2,0.001
2868,1328778537,SteamWorld Dig,2,0.001
2869,2104502032,Stories Untold,2,0.001
2870,1876484566,STORY OF SEASONS: Friends of Mineral Town,2,0.001
2871,903098188,Strange Brigade,2,0.001
2872,1896598798,Street Outlaws 2: Winner Takes All,2,0.001
2873,1646935799,Strike Mission XS,2,0.001
2874,1644555235,STRIKERS 1945,2,0.001
2875,1895471502,Stubbs the Zombie in Rebel Without a Pulse,2,0.001
2876,1718545023,Sunset Overdrive,2,0.001
2877,2053113562,SUPER CRAZY RHYTHM CASTLE,2,0.001
2878,1866825187,Super Monkey Ball: Banana Blitz HD,2,0.001
2879,1635135792,Super Pixel Kid Adventure,2,0.001
2880,1654363896,Super Woden GP,2,0.001
2881,253235216,Surf World Series,2,0.001
2882,1722901011,Sweet Survivors,2,0.001
2883,1480657001,SWOS,2,0.001
2884,2132478540,Tails of Iron 2: Whiskers of Winter,2,0.001
2885,1879459921,Takotan,2,0.001
2886,308135722,Tales of Vesperia™: Definitive Edition,2,0.001
2887,1978334388,Tank Mechanic Simulator,2,0.001
2888,1431504853,TC's GRAW,2,0.001
2889,2124220599,Techwars Global Conflict,2,0.001
2890,1480657504,Tecmo Bowl Throwback®,2,0.001
2891,1090851408,TEMBO THE BADASS ELEPHANT,2,0.001
2892,1761788696,Tennis World Tour 2,2,0.001
2893,1906078054,TERMINATOR: RESISTANCE,2,0.001
2894,2065439517,That Time I Got Reincarnated as a Slime ISEKAI Chronicles,2,0.001
2895,1949662682,The Beast Inside (Console Version),2,0.001
2896,1414793181,The Bureau,2,0.001
2897,2134619510,The Colonists,2,0.001
2898,2115998347,The Drone Racing League Simulator,2,0.001
2899,1058433943,The Incredible Adventures of Van Helsing III,2,0.001
2900,1930789000,The Last Oricru - Final Cut,2,0.001
2901,702883504,The Long Reach,2,0.001
2902,1865341179,The MUSYNX,2,0.001
2903,1414596562,The Outfit,2,0.001
2904,1986869957,Them's Fightin' Herds,2,0.001
2905,1703402830,Tilesweeper,2,0.001
2906,2002692571,Timberman VS,2,0.001
2907,1448413146,TimeShift,2,0.001
2908,1984458321,ToeJam and Earl: Back in the Groove!,2,0.001
2909,1887639245,Tracks - The Train Set Game,2,0.001
2910,1917641293,Treasure Hunter Simulator,2,0.001
2911,1735843094,Trover Saves the Universe,2,0.001
2912,2142053337,Trüberbrook,2,0.001
2913,1771327779,Truck Driver - Gold Edition,2,0.001
2914,2078968222,Truck Driver: The American Dream,2,0.001
2915,1879353165,TT Isle of Man Ride on the Edge 2,2,0.001
2916,1799638183,Turbo Overkill,2,0.001
2917,1944807356,Twelve Minutes,2,0.001
2918,1762420024,Twitch Marble,2,0.001
2919,2059671191,Ultimate Racing 2D,2,0.001
2920,1625709491,Undead Horde 2: Necropolis,2,0.001
2921,1828894151,Valiant Hearts: Coming Home,2,0.001
2922,80525889,Valley,2,0.001
2923,1964791683,Vampire's Fall: Origins,2,0.001
2924,1066906675,Vikings - Wolves of Midgard,2,0.001
2925,1777774126,Visions of Mana,2,0.001
2926,1778298055,Void Bastards,2,0.001
2927,563485628,War Planet Online: Global Conquest,2,0.001
2928,1682770291,"Warhammer 40,000: Chaos Gate - Daemonhunters",2,0.001
2929,1933726959,Warhammer Age of Sigmar: Storm Ground,2,0.001
2930,1704142080,Warhammer: Chaosbane Slayer Edition Xbox Series X|S,2,0.001
2931,1830033435,Warm Snow,2,0.001
2932,2093853666,Warp Drive,2,0.001
2933,2065674058,Wavetale,2,0.001
2934,2026516560,Webbed,2,0.001
2935,1662257169,What The Dub?!,2,0.001
2936,1837745362,When the Past was Around,2,0.001
2937,2046252470,While We Wait Here,2,0.001
2938,1663897592,White Day: A Labyrinth Named School,2,0.001
2939,1763125243,Wild Card Football,2,0.001
2940,1834893426,Wildgate Summer Preview,2,0.001
2941,1480657355,Wolfenstein 3D,2,0.001
2942,912832008,WRC 7 FIA World Rally Championship,2,0.001
2943,1067887228,Xenon Valkyrie+,2,0.001
2944,1773431897,Yakuza 6: The Song of Life,2,0.001
2945,1905856995,You Suck at Parking® Complete Edition,2,0.001
2946,1002820120,Youtubers Life - OMG Edition,2,0.001
2947,1786776587,Yum Yum Cookstar,2,0.001
2948,2081112709,Zaccaria Pinball,2,0.001
2949,1971898235,Ziggurat,2,0.001
2950,820078969,Zombie Driver Ultimate Edition,2,0.001
2951,923363413,'n Verlore Verstand,1,0.0005
2952,1892576814,#Blud,1,0.0005
2953,1938780553,#SinucaAttack,1,0.0005
2954,1870088706,112 Operator,1,0.0005
2955,1907798532,15in1 Solitaire,1,0.0005
2956,2087236440,1971 Project Helios,1,0.0005
2957,1970931118,3 Player Battle,1,0.0005
2958,1612838382,39 Days to Mars,1,0.0005
2959,1765279855,3D Billiards - Pool & Snooker - Remastered,1,0.0005
2960,2146388451,3XTINCTION,1,0.0005
2961,1297290233,4 Elements II Special Edition,1,0.0005
2962,1980412525,50 Years,1,0.0005
2963,323834939,88 Heroes,1,0.0005
2964,1837458997,911: Cannibal,1,0.0005
2965,1791707434,A Castle Full of Cats,1,0.0005
2966,2125397835,"A Painter's Tale: Curon, 1950",1,0.0005
2967,1824287216,Aaero2,1,0.0005
2968,1052909776,ACA NEOGEO ART OF FIGHTING 3,1,0.0005
2969,955101050,ACA NEOGEO BASEBALL STARS 2,1,0.0005
2970,732054872,ACA NEOGEO BIG TOURNAMENT GOLF,1,0.0005
2971,213848957,ACA NEOGEO KIZUNA ENCOUNTER,1,0.0005
2972,414115213,ACA NEOGEO REAL BOUT FATAL FURY 2,1,0.0005
2973,428977306,ACA NEOGEO SAMURAI SHODOWN V SPECIAL,1,0.0005
2974,53958575,ACA NEOGEO SHOCK TROOPERS 2nd Squad,1,0.0005
2975,537999743,ACA NEOGEO STREET HOOP,1,0.0005
2976,300527443,ACA NEOGEO THE KING OF FIGHTERS '94,1,0.0005
2977,983906598,ACA NEOGEO THE KING OF FIGHTERS '99,1,0.0005
2978,420401391,ACA NEOGEO THE KING OF FIGHTERS 2000,1,0.0005
2979,1939634325,Action Arcade Wrestling,1,0.0005
2980,592146950,Adventure Pop,1,0.0005
2981,1801290087,Adventures of Bertram Fiddle: Episode 2: A Bleaker Predicklement,1,0.0005
2982,646333897,AereA,1,0.0005
2983,411985913,AFL Evolution,1,0.0005
2984,1763236945,AFL Evolution 2,1,0.0005
2985,2084991404,Afterglitch,1,0.0005
2986,1908981078,Afterlove EP,1,0.0005
2987,1629096088,Agatha Christie - Murder on the Orient Express,1,0.0005
2988,36718263,Agatha Knife,1,0.0005
2989,897067440,Age of Empires: Definitive Edition,1,0.0005
2990,1818962020,Agent Intercept,1,0.0005
2991,1838321370,Ages of Mages: the last keeper,1,0.0005
2992,2080141972,Aground,1,0.0005
2993,1922741539,AI: THE SOMNIUM FILES,1,0.0005
2994,2099005661,AI: THE SOMNIUM FILES Nirvana Initiative,1,0.0005
2995,1796559648,Aircraft Carrier Survival,1,0.0005
2996,1871013542,Airplane Chefs - Cooking Game,1,0.0005
2997,2036577806,Akane,1,0.0005
2998,1616416590,Akinakes,1,0.0005
2999,1694926512,Akinofa,1,0.0005
3000,2031115652,Alchemist Adventure,1,0.0005
3001,1614822065,Alchemist: The Potion Monger,1,0.0005
3002,1974484353,Alchemy Garden,1,0.0005
3003,1729495211,Alder's Blood: Definitive Edition,1,0.0005
3004,350859148,Alekhine's Gun,1,0.0005
3005,1847254069,Alex Kidd in Miracle World DX,1,0.0005
3006,1758633519,Alien Hominid HD,1,0.0005
3007,1649996690,Alone in the Dark Prologue,1,0.0005
3008,1777869653,Alpacapaca Dash 2,1,0.0005
3009,1712068512,Amanda the Adventurer,1,0.0005
3010,1628251712,Amazing Maze,1,0.0005
3011,1780044941,American Arcadia,1,0.0005
3012,1728656016,Amnesia: Collection,1,0.0005
3013,1630490243,Ampersat,1,0.0005
3014,1648049613,An Evil Existence,1,0.0005
3015,438766205,Anarcute,1,0.0005
3016,1671043316,Ancient Ants Adventure,1,0.0005
3017,1757356654,Andro Dunos 2,1,0.0005
3018,2082514516,Angry Birds Star Wars,1,0.0005
3019,1828567307,Angry Video Game Nerd I & II Deluxe,1,0.0005
3020,46350781,Animal Super Squad,1,0.0005
3021,2032975288,ANIMAL WELL,1,0.0005
3022,1941033112,Anno 117: Pax Romana,1,0.0005
3023,1818579429,Anomaly Agent,1,0.0005
3024,2096242259,ANVIL : Vault Breaker (Game Preview),1,0.0005
3025,880418401,AO International Tennis,1,0.0005
3026,2072805138,APICO,1,0.0005
3027,1908300140,ARC Raiders - Server Slam,1,0.0005
3028,1708196061,Arcade Archives 2 AIR COMBAT 22,1,0.0005
3029,1836455102,Arcade Hysteria,1,0.0005
3030,2123334640,Arcadian Atlas,1,0.0005
3031,1714994601,Architect Life: A House Design Simulator,1,0.0005
3032,1963187474,ArcRunner,1,0.0005
3033,1756488270,Arkanoid Eternal Battle,1,0.0005
3034,1643426019,Arrowstorm Ascendant,1,0.0005
3035,1891225930,Ash of Gods Redemption,1,0.0005
3036,2125220778,Ashina: The Red Witch,1,0.0005
3037,1762779465,Asterigos: Curse of the Stars,1,0.0005
3038,1749623628,Asterix & Obelix XXL: Romastered,1,0.0005
3039,1480656974,Asteroids & Deluxe,1,0.0005
3040,1946604107,Asteroids: Recharged,1,0.0005
3041,1865619206,Astro Flame Starfighter,1,0.0005
3042,1701791294,Atm Money Delivery,1,0.0005
3043,2051565788,Atomicrops,1,0.0005
3044,2034601407,Atrio: The Dark Wild,1,0.0005
3045,267850304,ATV Drift & Tricks Definitive Edition,1,0.0005
3046,1694852268,Avatar The Last Airbender: Quest for Balance,1,0.0005
3047,1414596577,Avatar: TLA: TBE,1,0.0005
3048,1949426934,AVICII Invector,1,0.0005
3049,21478082,Away: Journey to the Unexpected,1,0.0005
3050,1989717874,Axis Football 2024,1,0.0005
3051,1748175744,Azure Striker GUNVOLT 3,1,0.0005
3052,1958897628,Backrooms: Partygoers,1,0.0005
3053,1730080779,Bakery Simulator,1,0.0005
3054,2133506510,Ball laB II,1,0.0005
3055,1480656876,Bankshot Billiards 2,1,0.0005
3056,1995697239,Banner of the Maid,1,0.0005
3057,1854415183,Barn Finders,1,0.0005
3058,1737338210,Barton Lynch Pro Surfing,1,0.0005
3059,2085907029,Baseball League,1,0.0005
3060,2053101497,Bat Boy,1,0.0005
3061,366603565,BATTLE GAREGGA Rev.2016,1,0.0005
3062,1727081550,Battle Kid: Fortress of Peril,1,0.0005
3063,1937867850,Battleship Tactica: Sea Wars 3D,1,0.0005
3064,2035405673,Beach Buggy Racing,1,0.0005
3065,2073050659,Beacon Pines,1,0.0005
3066,1901796364,Beam Stunt Racing,1,0.0005
3067,1785218274,BEAR ESCAPE MISSION,1,0.0005
3068,1628735149,Bear Knight Honey Quest,1,0.0005
3069,1050692306,Beast Quest,1,0.0005
3070,1768116334,Beat 'Em Up Collection (QUByte Classics),1,0.0005
3071,1624781891,Beat of Montezuma,1,0.0005
3072,1613592776,Beat Souls,1,0.0005
3073,2074299699,Beautiful Sakura: Fitness Club,1,0.0005
3074,1863389993,Bee Flowers,1,0.0005
3075,1657573799,Bee Flowers,1,0.0005
3076,1748114593,Before I Forget,1,0.0005
3077,1809976918,Bermuda Adventures: Farm Games,1,0.0005
3078,1913455981,Beyond a Steel Sky,1,0.0005
3079,1626084065,Beyond Border,1,0.0005
3080,2146803891,Beyond Eyes,1,0.0005
3081,1657892923,Big Buck Hunter: Ultimate Trophy,1,0.0005
3082,2040960903,BigChick,1,0.0005
3083,1397033052,BINARY DOMAIN,1,0.0005
3084,420309331,BIOHAZARD RE:3 Z Version for Windows,1,0.0005
3085,1827284830,Birth,1,0.0005
3086,1689997111,Blackjack Solitaire,1,0.0005
3087,1947615757,Blacksmith of the Sand Kingdom,1,0.0005
3088,2061970650,BLACKTAIL,1,0.0005
3089,1942559937,Blackwind,1,0.0005
3090,94678632,Blast Brawl 2,1,0.0005
3091,2041877435,Blaster Master Zero,1,0.0005
3092,1972410679,Blaze and the Monster Machines: Axle City Racers,1,0.0005
3093,1850970705,Blazing Chrome,1,0.0005
3094,941698858,Bleed 2,1,0.0005
3095,1749109669,Blind Postman,1,0.0005
3096,1913121670,BlockBuster Puzzle,1,0.0005
3097,173291706,Blood Bowl 2,1,0.0005
3098,1480659651,Blood Knights,1,0.0005
3099,1864246714,Blood Waves,1,0.0005
3100,1480657786,Bloodforge,1,0.0005
3101,1723799507,BloodRayne 2: ReVamped,1,0.0005
3102,1802136145,BloodRayne Betrayal: Fresh Bites,1,0.0005
3103,1862346957,BloodRayne: ReVamped,1,0.0005
3104,1853695140,Bloodshore,1,0.0005
3105,591630310,Bloodstained: Curse of the Moon,1,0.0005
3106,1654822154,Bloomtown: A Different Story,1,0.0005
3107,1854025914,Bloons TD Battles,1,0.0005
3108,1752514912,Bloxorz - Block And Hole,1,0.0005
3109,2038811741,Blue Estate,1,0.0005
3110,1664817482,Blue Fire,1,0.0005
3111,1745314944,Bō: Path of the Teal Lotus,1,0.0005
3112,1671298933,Bool Capture,1,0.0005
3113,480844745,Boom Ball for Kinect,1,0.0005
3114,1984334078,Boom Robots,1,0.0005
3115,1914610578,BORIS THE ROCKET,1,0.0005
3116,1691874317,Boss Rush: Mythology,1,0.0005
3117,1770279838,BOUNCY BREAD,1,0.0005
3118,1621106631,Boundland,1,0.0005
3119,1838564294,Boxing Gym Story,1,0.0005
3120,2008100335,Brain simulator,1,0.0005
3121,1668214490,BREAKING BRICKS,1,0.0005
3122,1857840975,Breakout: Recharged,1,0.0005
3123,1946144195,Breathedge,1,0.0005
3124,854374790,Brick Breaker,1,0.0005
3125,58039508,Bridge Constructor Portal,1,0.0005
3126,918727784,Bridge Constructor Stunts,1,0.0005
3127,2067110068,Bright Memory,1,0.0005
3128,1890575892,BROKEN MIND,1,0.0005
3129,1895935708,Broken Roads,1,0.0005
3130,364252200,Broken Sword 5 - the Serpent’s Curse,1,0.0005
3131,73782745,Brothers: a Tale of Two Sons,1,0.0005
3132,1789207567,Bubble Witch 3 Saga,1,0.0005
3133,1730283762,Bud Spencer & Terence Hill - Slaps and Beans 2,1,0.0005
3134,1629702349,Buddy Garden,1,0.0005
3135,2134561218,Buddy Simulator 1984,1,0.0005
3136,1180043254,Bullet Soul -Infinite Burst-,1,0.0005
3137,1414793266,Bully,1,0.0005
3138,1648491052,Bulwark Evolution: Falconeer Chronicles,1,0.0005
3139,1801586594,Bumblebee - Search for Happiness,1,0.0005
3140,1908871844,Bunny Parking,1,0.0005
3141,1866204162,Burnhouse Lane,1,0.0005
3142,1932669016,Burst Hero,1,0.0005
3143,1734099181,Caesars Slots,1,0.0005
3144,2083615890,Cafe Owner Simulator,1,0.0005
3145,1650593751,Calico,1,0.0005
3146,1772239384,Caligo,1,0.0005
3147,2077565292,Call of Duty®: Advanced Warfare (Windows),1,0.0005
3148,1724764656,Call of Duty®: Ghosts (Windows),1,0.0005
3149,145221391,Call of Duty®: World at War,1,0.0005
3150,2035169483,Call of Sentinels,1,0.0005
3151,943602230,Canadian Football 2017,1,0.0005
3152,1773632861,Canine,1,0.0005
3153,2133956464,Cannibal Abduction,1,0.0005
3154,1729947285,Capybara Goes to Space,1,0.0005
3155,1936285316,Card-en-Ciel,1,0.0005
3156,2116095486,Care Bears: To The Rescue,1,0.0005
3157,1414596609,Cars MN,1,0.0005
3158,293403523,Cartoon Network: Battle Crashers,1,0.0005
3159,2140021544,CASE: Animatronics,1,0.0005
3160,1973612237,Castle of no Escape 2,1,0.0005
3161,1725514902,Castle Renovator,1,0.0005
3162,1986422374,Casual Sport Series: Tennis,1,0.0005
3163,2111860697,Cat Pipes,1,0.0005
3164,1850745968,Cat Pipes (Windows),1,0.0005
3165,1987803377,Cat Quest II,1,0.0005
3166,1714744209,Catacomb Master,1,0.0005
3167,1692828729,Cats and Seek : Osaka,1,0.0005
3168,2071309475,Cattle Country,1,0.0005
3169,1480656972,Centipede & Millipede,1,0.0005
3170,1715577372,Chained Echoes,1,0.0005
3171,1631654404,Chants of Sennaar (Windows),1,0.0005
3172,1285127818,Chariot,1,0.0005
3173,1976364432,Chasm: The Rift,1,0.0005
3174,1644979601,Chernobylite Complete Edition,1,0.0005
3175,1944645448,Chess Battle,1,0.0005
3176,1630714833,Chess Brain: Dark Troops,1,0.0005
3177,1751868147,Chessarama,1,0.0005
3178,1697386135,Chicken Police - Paint it RED!,1,0.0005
3179,1810648866,Chickens Madness,1,0.0005
3180,1666847431,Chippy's Stash,1,0.0005
3181,310307954,Chivalry: Medieval Warfare,1,0.0005
3182,1881833773,Choice of Life: Middle Ages,1,0.0005
3183,1958191831,Choice of Life: Middle Ages 2,1,0.0005
3184,2144360818,Chornobyl Liquidators,1,0.0005
3185,357771563,ChromaGun,1,0.0005
3186,2122125189,Chronicles of the Wolf,1,0.0005
3187,1738598619,Cinderella Story for Kids,1,0.0005
3188,1777046800,Cipher Monk,1,0.0005
3189,1627160129,Circuit Superstars,1,0.0005
3190,2134358678,Circus of TimTim,1,0.0005
3191,1736174077,City Transport Simulator: Tram,1,0.0005
3192,1618799257,CityDriver,1,0.0005
3193,1756546018,Classic Pixel Marioboy Adventures,1,0.0005
3194,1816963357,Classic Snake Adventures (Cross-Buy),1,0.0005
3195,2057723777,Classified: France '44,1,0.0005
3196,300490305,Claybook,1,0.0005
3197,1983886679,Clea,1,0.0005
3198,1780184182,Clea 2,1,0.0005
3199,1970795213,CLeM,1,0.0005
3200,2046892842,Clock Tower: Rewind,1,0.0005
3201,2106826312,Close to the Sun,1,0.0005
3202,1839636294,Cloudpunk,1,0.0005
3203,348040448,Clouds & Sheep 2,1,0.0005
3204,2035194488,Clunky Hero,1,0.0005
3205,188783392,Cobalt,1,0.0005
3206,1732400170,Cobra Kai 2: Dojos Rising,1,0.0005
3207,2019436031,Coffee Plis XS Edition,1,0.0005
3208,1941723837,Coffee Talk Episode 2: Hibiscus and Butterfly,1,0.0005
3209,1922833847,Color Pals,1,0.0005
3210,1950416460,Colorful Boi,1,0.0005
3211,2107467778,Colorful Colore (for Windows 10),1,0.0005
3212,1713543499,Colossus Down,1,0.0005
3213,1480657440,Comic Jumper,1,0.0005
3214,1480657313,Comix Zone,1,0.0005
3215,1685466605,Commander ’85,1,0.0005
3216,1615170842,Common'hood,1,0.0005
3217,2021959782,Conan Chop Chop,1,0.0005
3218,1923495076,Concept Destruction,1,0.0005
3219,1692234207,ConnecTank,1,0.0005
3220,2114482717,Conquistadorio,1,0.0005
3221,54541475,Construction Simulator 2 US - Console Edition,1,0.0005
3222,1629794135,Constructor Plus,1,0.0005
3223,1903918497,"Cook, Serve, Delicious! 3?!",1,0.0005
3224,2118279493,Cookie Cutter,1,0.0005
3225,1790053994,Cooking Fever,1,0.0005
3226,1809115559,Corpse Party,1,0.0005
3227,1878227371,Cotton 100%,1,0.0005
3228,1781425798,Cozy Designer,1,0.0005
3229,1767974553,Cozy Grove,1,0.0005
3230,1753200143,Crack The Egg!,1,0.0005
3231,1699928394,Crate Fang,1,0.0005
3232,2121565894,Crawlers And Brawlers,1,0.0005
3233,963702216,Crayola Scoot,1,0.0005
3234,581869850,Crazy Strike Bowling EX,1,0.0005
3235,1631412500,Crazy Trucks,1,0.0005
3236,1869086987,Creatura,1,0.0005
3237,1931878195,Cricket 24: The Official Game Of The Ashes,1,0.0005
3238,1874117127,Criminal Case,1,0.0005
3239,1921002833,Crossy Road Castle,1,0.0005
3240,1812286558,Crown Trick,1,0.0005
3241,2087531472,Cry Babies Magic Tears: The Big Game,1,0.0005
3242,1689376479,Crypt of the Serpent King Remastered 4K Edition,1,0.0005
3243,1844923262,Cube Farmer,1,0.0005
3244,123880378,Cubot - The Complexity of Simplicity,1,0.0005
3245,1684821663,Cuisineer,1,0.0005
3246,1788111391,Cultist Simulator: Initiate Edition,1,0.0005
3247,2014565837,Curse of the Sea Rats,1,0.0005
3248,1819129417,Cursed Feed,1,0.0005
3249,2143418799,Cursed to Golf,1,0.0005
3250,1620273661,Cute Puppy Academy,1,0.0005
3251,2021467978,Cyanide & Happiness - Freakpocalypse (Episode 1),1,0.0005
3252,1888959270,Cyber Citizen Shockman,1,0.0005
3253,2123573168,Cyber Citizen Shockman 2: A New Menace,1,0.0005
3254,1739485516,Cyber Tank 2,1,0.0005
3255,1705627827,CYGNI: All Guns Blazing,1,0.0005
3256,1967247017,Cynthia: Hidden in the Moonshadow,1,0.0005
3257,1033012343,D4: Dark Dreams Don't Die,1,0.0005
3258,1939160486,Dakar Desert Rally,1,0.0005
3259,694107204,Dance Central Spotlight,1,0.0005
3260,2026477830,Dandy Ace,1,0.0005
3261,2065869943,Danganronpa V3: Killing Harmony Anniversary Edition,1,0.0005
3262,2055582442,Danganronpa: Trigger Happy Havoc Anniversary Edition,1,0.0005
3263,1664736696,Daniel in Danger,1,0.0005
3264,1643246182,Dark Burial: Enhanced Edition,1,0.0005
3265,1698720748,Dark Elven Legacy,1,0.0005
3266,1919541930,Dark Grim Mariupolis,1,0.0005
3267,1985624416,Dark Nights with Poe and Munro,1,0.0005
3268,1665011646,Dark Pieces: Horror Jigsaw - PC & XBOX,1,0.0005
3269,2091768100,Dark Ping Pong 3D,1,0.0005
3270,1691547506,Darkness and Flame 4: Enemy in Reflection,1,0.0005
3271,367230746,Darksiders Genesis,1,0.0005
3272,1734029002,DARQ Complete Edition,1,0.0005
3273,1661865075,Dawn of the Monsters,1,0.0005
3274,327419539,de Blob,1,0.0005
3275,514032111,Dead Alliance™: Multiplayer Edition,1,0.0005
3276,1880055889,DEADCRAFT,1,0.0005
3277,893913045,Deadfall Adventures,1,0.0005
3278,1480657756,Deadliest Warrior: Legends,1,0.0005
3279,1825135275,Deadly Days,1,0.0005
3280,1297483729,Deadly Premonition,1,0.0005
3281,1229916116,DEADLY PREMONITION,1,0.0005
3282,1626593473,Death Goat,1,0.0005
3283,1949177747,Death Park,1,0.0005
3284,1642907564,DEATH STRANDING,1,0.0005
3285,1708301909,Deathchron,1,0.0005
3286,1928643561,Deathsmiles I・II,1,0.0005
3287,1990927330,Debris Infinity,1,0.0005
3288,1625540177,Deep Immersion,1,0.0005
3289,1746442190,Defend the Rook,1,0.0005
3290,3469638,Degrees of Separation,1,0.0005
3291,1679835971,Deliver Us The Moon,1,0.0005
3292,279141868,Demetrios - The BIG Cynical Adventure,1,0.0005
3293,2121940253,despelote,1,0.0005
3294,2014312535,Despot's Game,1,0.0005
3295,858411141,Die for Valhalla!,1,0.0005
3296,1624344529,Diesel Legacy: The Brazen Age,1,0.0005
3297,1941545430,Dinosaur Fossil Hunter - Paleontology Simulator,1,0.0005
3298,1995864592,DINOSAURS: Mission Dino Camp,1,0.0005
3299,355178688,DiRT 4,1,0.0005
3300,1799432498,Disc Room,1,0.0005
3301,1821472434,Disciples: Liberation,1,0.0005
3302,252379691,Disintegration,1,0.0005
3303,1697327394,Disjunction,1,0.0005
3304,714214153,Disney Fantasia: Music Evolved,1,0.0005
3305,268236555,Disney Infinity [2.0],1,0.0005
3306,1678484846,DISORDER: Save Your Family,1,0.0005
3307,1096026072,Divinity II - DKS,1,0.0005
3308,1178929110,Divinity II - DKS,1,0.0005
3309,1764157412,Doctor Cat,1,0.0005
3310,1823452826,Dodgeball Academia,1,0.0005
3311,1764101235,Dodgeball Championship League,1,0.0005
3312,2047867006,Dofamine,1,0.0005
3313,1889137420,Doggy Up!,1,0.0005
3314,1860933161,Don't Touch this Button!,1,0.0005
3315,1877331117,Doodle God: Evolution,1,0.0005
3316,1855599450,Doors: Paradox,1,0.0005
3317,2082494703,DOUBLE DRAGON Ⅱ: The Revenge,1,0.0005
3318,1968767199,Dragon's Blade II FX,1,0.0005
3319,1973436083,Dragon Blaze,1,0.0005
3320,2014953501,Dragon Bobby,1,0.0005
3321,1858681275,Dragon Mania Legends,1,0.0005
3322,532569395,Drawful 2,1,0.0005
3323,2079836196,DreadHaunt,1,0.0005
3324,168101896,Dreamfall Chapters,1,0.0005
3325,2078878096,Dreamland Solitaire: Dark Prophecy,1,0.0005
3326,1781025496,Dreamless,1,0.0005
3327,1907892230,Dreamwalker: Never Fall Asleep (Xbox One Version),1,0.0005
3328,2027359366,DreamWorks Spirit Lucky's Big Adventure,1,0.0005
3329,2026145066,Drink 'Em,1,0.0005
3330,1983354229,Drunken Fist 2: Zombie Hangover,1,0.0005
3331,1811960656,Duck Detective: The Ghost of Glamping,1,0.0005
3332,1580234537,Duck Dynasty,1,0.0005
3333,1771426972,Duck Run,1,0.0005
3334,1861826241,Duck Simulator 2,1,0.0005
3335,2106108993,Duck Souls+,1,0.0005
3336,1710086859,Ducky Dash,1,0.0005
3337,1844836316,Dune: Imperium,1,0.0005
3338,1970862756,Dungeon and Gravestone,1,0.0005
3339,429018095,Dungeon of the Endless,1,0.0005
3340,1911906130,Dungeon Village 2,1,0.0005
3341,1480659907,Dungeons & Dragons: Chronicles of Mystara,1,0.0005
3342,1962853207,Dungeons of Paint,1,0.0005
3343,2095638156,Duthie Hill Sim,1,0.0005
3344,117434960,Dynamite Fishing - World Games,1,0.0005
3345,1941812534,Dyson Sphere Program (Game Preview),1,0.0005
3346,1480657010,E4,1,0.0005
3347,419391420,EA SPORTS™ NBA LIVE 15,1,0.0005
3348,242301355,EA SPORTS™ NHL® 16,1,0.0005
3349,492699383,EA SPORTS™ NHL® 17,1,0.0005
3350,571156610,Earthfall,1,0.0005
3351,1260456400,Earthlock: Festival of Magic,1,0.0005
3352,1973165271,Eastshade,1,0.0005
3353,1785747220,Ebenezer and The Invisible World,1,0.0005
3354,1741237286,EDENGATE: The Edge of Life,1,0.0005
3355,1963912042,Eiyuden Chronicle: Rising,1,0.0005
3356,1733034941,Electronics Puzzle Lab,1,0.0005
3357,1725427493,Elon and the Divine Proof,1,0.0005
3358,1944979900,EMPTY SHELL,1,0.0005
3359,1431504870,Enchanted Arms,1,0.0005
3360,1985585702,Endzone - A World Apart: Survivor Edition,1,0.0005
3361,2090245519,Eriksholm: The Stolen Dream,1,0.0005
3362,1700180810,Escape First,1,0.0005
3363,1997758007,Escape First 2,1,0.0005
3364,2102487155,Escape Game Fort Boyard,1,0.0005
3365,1972593972,Escape Sequence (Xbox One),1,0.0005
3366,2130707522,Everafter Falls,1,0.0005
3367,1648906760,Everdream Valley,1,0.0005
3368,1835039546,Everhood: Eternity Edition,1,0.0005
3369,968775939,EVERSPACE™,1,0.0005
3370,2012825026,Eville,1,0.0005
3371,1998107412,ExitMan Deluxe,1,0.0005
3372,1639220334,Exo One,1,0.0005
3373,1614221632,ExoCross,1,0.0005
3374,1832912519,Exodus: Creepy Time,1,0.0005
3375,524284397,Extinction,1,0.0005
3376,1448413160,F.E.A.R. Files,1,0.0005
3377,2011233781,F1® 2019 PC,1,0.0005
3378,1887182103,F1® Manager 2022,1,0.0005
3379,1129121874,F1™ 2014,1,0.0005
3380,1198695408,F1™ 2015,1,0.0005
3381,942676443,F1™ 2016,1,0.0005
3382,1480657181,Fable® II Pub Games,1,0.0005
3383,1631666106,Faces of Illusion: The Twin Phantoms,1,0.0005
3384,974041664,Fade to Silence,1,0.0005
3385,1836570582,Faeria,1,0.0005
3386,1726560541,Fall Asleep,1,0.0005
3387,1866455351,Fallout 3: Game of the Year Edition,1,0.0005
3388,1651975869,FANTASIAN Neo Dimension,1,0.0005
3389,1814653009,FAR: Changing Tides,1,0.0005
3390,2036551350,FAR: Lone Sails,1,0.0005
3391,2045720355,Farlands Journey,1,0.0005
3392,1641412068,Farm Dream: Village Harvest,1,0.0005
3393,1751266892,Farm Frenzy: Refreshed,1,0.0005
3394,918516972,Farming Simulator 15,1,0.0005
3395,1873302366,FarmKnight Adventures,1,0.0005
3396,1828557775,FarmVille 2: Country Escape,1,0.0005
3397,1912037728,Fashion Police Squad,1,0.0005
3398,2104363067,Fatum Betula,1,0.0005
3399,2041914388,Fight'N Rage,1,0.0005
3400,1886228033,Fight the Horror,1,0.0005
3401,1480659613,Fighting Vipers,1,0.0005
3402,1894147058,Figment 2: Creed Valley,1,0.0005
3403,719720294,Figment: Journey Into the Mind,1,0.0005
3404,1984155294,Filthy Animals | Heist Simulator,1,0.0005
3405,1677004965,FINAL FANTASY VII WINDOWS EDITION,1,0.0005
3406,2127834966,FINAL FANTASY XIII-2,1,0.0005
3407,2092610424,Final Shot,1,0.0005
3408,1752960308,Fishdom,1,0.0005
3409,2068562449,Fishing Sim World®: Pro Tour,1,0.0005
3410,1805284872,Five Nights at Freddy's: Help Wanted 2,1,0.0005
3411,2094243825,Flaws in the People We Love,1,0.0005
3412,2109036777,Floor Kids,1,0.0005
3413,2098505152,Floppy Knights,1,0.0005
3414,2084886611,Flowers - Color by Numbers,1,0.0005
3415,1839143466,Fluffy Milo,1,0.0005
3416,1796337570,Fly Corp,1,0.0005
3417,386153688,FLYING TIGERS: SHADOWS OVER CHINA,1,0.0005
3418,1631937859,Food Boy,1,0.0005
3419,1634118154,Football Manager 2021 Xbox Edition,1,0.0005
3420,1636389490,Football Mini Stars,1,0.0005
3421,2054071455,For The Warp,1,0.0005
3422,1698823019,Force of Warships: Naval Battles,1,0.0005
3423,1855976859,Forest Camp Story,1,0.0005
3424,1716454905,Forge of Empires,1,0.0005
3425,1830452855,Forklift Simulator,1,0.0005
3426,1980291965,FPV Simulator,1,0.0005
3427,1765633807,Free the Animation,1,0.0005
3428,2087926896,Freedom Finger,1,0.0005
3429,2019110997,Freedom Planet 2,1,0.0005
3430,1480656915,Frogger,1,0.0005
3431,1965346667,FROGUN,1,0.0005
3432,1414596568,Frontlines:Fuel of War,1,0.0005
3433,1878229730,Frostpunk 2,1,0.0005
3434,2010773599,Frozen Axe,1,0.0005
3435,1670249614,Fruit Adventure Returns,1,0.0005
3436,2090461480,Fuga: Melodies of Steel,1,0.0005
3437,1978204673,Full Metal Furies,1,0.0005
3438,1686694199,Full Metal Sergeant,1,0.0005
3439,1627281209,FUSER™,1,0.0005
3440,1880707155,G.I. Joe: Operation Blackout,1,0.0005
3441,1753306510,Galactica,1,0.0005
3442,1480657657,Galaga Legions DX,1,0.0005
3443,1717888621,Galaxy Control: Arena,1,0.0005
3444,2068949722,Garbage Pail Kids: Mad Mike and the Quest for Stale Gum,1,0.0005
3445,2070041345,Garden City,1,0.0005
3446,1992947450,Garden Story,1,0.0005
3447,2077809328,Garten of Banban 4,1,0.0005
3448,798673829,Gas Guzzlers Extreme,1,0.0005
3449,2078785172,Genesis Noir: Windows Edition,1,0.0005
3450,756192965,Get Even,1,0.0005
3451,1229391860,Ghostbusters,1,0.0005
3452,1480657545,Ghostbusters: Sanctum of Slime,1,0.0005
3453,2045688705,Giana Sisters: Twisted Dreams - Director's Cut,1,0.0005
3454,1788200257,GIGA WRECKER ALT.,1,0.0005
3455,1868247544,Gigantosaurus The Game,1,0.0005
3456,1845982020,Gigapocalypse,1,0.0005
3457,1480657167,Gin Rummy,1,0.0005
3458,2115165093,Giraffe and Annika（ジラフとアンニカ）,1,0.0005
3459,1668868554,Glam's Incredible Run: Escape from Dukha,1,0.0005
3460,5446773,Glass Masquerade,1,0.0005
3461,1672998639,Glover (QUByte Classics),1,0.0005
3462,873668700,Gnomes Garden,1,0.0005
3463,951744180,Gnomes Garden 2,1,0.0005
3464,1703059239,God of Weapons,1,0.0005
3465,1786184594,God Wars,1,0.0005
3466,1788626737,Golazo!,1,0.0005
3467,1649219414,Golazo! 2,1,0.0005
3468,1763005721,Golden Tee Arcade Classics,1,0.0005
3469,886842480,Goosebumps: The Game,1,0.0005
3470,1297287358,Grabbed by the Ghoulies™,1,0.0005
3471,1696466008,GRAVEN,1,0.0005
3472,2083459521,Greak: Memories of Azur,1,0.0005
3473,1670699153,Greed 2: Forbidden Experiments,1,0.0005
3474,1953035485,Green Soldiers Heroes,1,0.0005
3475,1981717681,Grey Skies: A War of the Worlds Story,1,0.0005
3476,1129121873,GRID Autosport,1,0.0005
3477,1754509768,Griftlands,1,0.0005
3478,1863069160,Grindstone,1,0.0005
3479,1744600653,Grow: Song of the Evertree,1,0.0005
3480,382500216,Growtopia,1,0.0005
3481,1996881299,Grumpy Cars,1,0.0005
3482,1845419881,Guazu: The Rescue,1,0.0005
3483,1680625806,GUNBIRD,1,0.0005
3484,1936375380,Gungrave G.O.R.E,1,0.0005
3485,2003107771,Gunma's Ambition -You and me are Gunma- Reiwa 2nd national census edition,1,0.0005
3486,1480657318,Gunstar Heroes,1,0.0005
3487,2028000233,Guts 'n Grunts,1,0.0005
3488,121960285,Guts & Glory,1,0.0005
3489,606152324,GWENT: The Witcher Card Game,1,0.0005
3490,1639551294,GYLT,1,0.0005
3491,1631946139,Gym Manager,1,0.0005
3492,375727819,Haimrik,1,0.0005
3493,1685452800,Hairdresser Simulator,1,0.0005
3494,2096818168,Halo Infinite - Insider,1,0.0005
3495,1297292194,Halo: Spartan Strike,1,0.0005
3496,1818252125,HammerHelm,1,0.0005
3497,2012036466,Hammerwatch II,1,0.0005
3498,1779148468,Hand in Hand,1,0.0005
3499,882567557,Hand of the Gods,1,0.0005
3500,1811099398,Hangman - Word Guesser,1,0.0005
3501,928096970,Happy Dungeons,1,0.0005
3502,1480657432,Hard Corps: Uprising,1,0.0005
3503,1731861322,Harmony's Odyssey,1,0.0005
3504,1667008262,Harvest Moon: One World,1,0.0005
3505,1683854838,Harvest Moon: The Winds of Anthos,1,0.0005
3506,2095782095,Haunted House,1,0.0005
3507,1924130173,Haven,1,0.0005
3508,2125426064,Heavy Metal Machines,1,0.0005
3509,2068868707,Hell Warders,1,0.0005
3510,1760815176,Hero's Hour,1,0.0005
3511,1686494491,Hero Survival,1,0.0005
3512,1766113023,Heroine Anthem Zero 2 : Scalescars Oath,1,0.0005
3513,1862661775,HEROish,1,0.0005
3514,2003316298,Hexa River,1,0.0005
3515,1669048701,Hidden Cats in Spooky Town,1,0.0005
3516,2143521417,Hidden Shapes: Animals + Lovely Cats,1,0.0005
3517,1750865272,Hidden Shapes: Black Skull + Old West,1,0.0005
3518,1973493787,Hidden Through Time 2: Discovery,1,0.0005
3519,2129389078,High Sea Saga DX,1,0.0005
3520,1938815623,Hitchhiker - A Mystery Game,1,0.0005
3521,446981050,Hitman: Absolution HD,1,0.0005
3522,331529974,Hitman: Blood Money HD,1,0.0005
3523,529253991,Hollow,1,0.0005
3524,498017453,HoPiKo,1,0.0005
3525,1775797026,Horizon Chase 2,1,0.0005
3526,1865476865,Horse Club Adventures,1,0.0005
3527,1665613490,Horse Club Adventures 2: Hazelwood Stories,1,0.0005
3528,2058317945,Hotel Renovator,1,0.0005
3529,346098390,Hotel Transylvania 3: Monsters Overboard,1,0.0005
3530,939695563,Hotshot Racing,1,0.0005
3531,1646312420,House Builder,1,0.0005
3532,2097175965,How 2 Escape,1,0.0005
3533,2067804489,How 2 Escape: Lost Submarine,1,0.0005
3534,1827075606,Human Zoo Tycoon,1,0.0005
3535,1638973441,Human: Fall Flat Legacy,1,0.0005
3536,1972151748,Humanity,1,0.0005
3537,2017392648,Humans Gone,1,0.0005
3538,1693450318,Hunt: Showdown,1,0.0005
3539,147852436,Hunter's Legacy,1,0.0005
3540,1498810322,Hunter: The Reckoning,1,0.0005
3541,1297290211,Hydro Thunder Hurricane,1,0.0005
3542,846450581,Hyper Universe,1,0.0005
3543,1784847115,Hypnospace Outlaw,1,0.0005
3544,236834307,"I, Zombie",1,0.0005
3545,2129836595,IIN,1,0.0005
3546,1919821567,Ikonei Island: An Earthlock Adventure,1,0.0005
3547,1480657435,ilomilo ,1,0.0005
3548,2020488877,Imagine Earth,1,0.0005
3549,1717134406,Immortal Realms: Vampire Wars,1,0.0005
3550,1864507489,ImmortalLegacy:TheJadeCipherConsoleEdition,1,0.0005
3551,2144105476,IMPOSSIBLE DASHING,1,0.0005
3552,1866860885,Imposter Sort Puzzle,1,0.0005
3553,1639666819,INAZUMA ELEVEN: Victory Road,1,0.0005
3554,2129874876,Indivisible,1,0.0005
3555,1679388877,Infernitos: Fiery Dishes,1,0.0005
3556,1758510297,Infinity Strash: DRAGON QUEST The Adventure of Dai,1,0.0005
3557,2006015347,International Checkers - Draughts For PC & XBOX,1,0.0005
3558,2062191225,Iron Meat,1,0.0005
3559,1703750979,Island Trouble,1,0.0005
3560,1684439879,Islets,1,0.0005
3561,21051553,It's Quiz Time,1,0.0005
3562,1878933278,Jack 'n' Hat,1,0.0005
3563,1965100318,Jeopardy! PlayShow,1,0.0005
3564,1913672112,Jewel Match Atlantis Solitaire Collector's Edition,1,0.0005
3565,2059455934,Jewels of Rome: Match-3 and City Building Game!,1,0.0005
3566,1633770627,Jigsaw Woof for PC & Xbox,1,0.0005
3567,1853152783,Jitsu Squad,1,0.0005
3568,1480659446,Joe Danger 2: The Movie,1,0.0005
3569,2127254728,Jonah Lomu Rugby Challenge 4,1,0.0005
3570,786868977,Jotun: Valhalla Edition,1,0.0005
3571,1691551544,Jujutsu Kaisen Cursed Clash - Jujusta 2024,1,0.0005
3572,1982477375,Jumanji: Wild Adventures,1,0.0005
3573,1752507315,Jurassic Park: Survival,1,0.0005
3574,1006362568,Just Dance 2014,1,0.0005
3575,1674561712,KALIMBA,1,0.0005
3576,1871788890,Kao the Kangaroo,1,0.0005
3577,646403599,Kholat,1,0.0005
3578,2003514545,KickBeat Special Edition,1,0.0005
3579,1629278465,Kid Tripp,1,0.0005
3580,2120517852,Killing Time: Resurrected,1,0.0005
3581,1874892322,Kinda Heroes RPG: Rescue the Princess!,1,0.0005
3582,330034505,Kinect Sports Rivals Hub,1,0.0005
3583,2124401256,King's Bounty II,1,0.0005
3584,690974671,King's Heir: Rise to the Throne (Xbox One Version),1,0.0005
3585,2060680883,King Arthur: Legion IX,1,0.0005
3586,1815601187,Kingdom Eighties,1,0.0005
3587,1871178585,Kingdom Rush,1,0.0005
3588,1992283783,Kingdom Rush Origins,1,0.0005
3589,973293235,Kitty Powers' Matchmaker,1,0.0005
3590,1980119086,Klondike Adventures,1,0.0005
3591,1989445813,Knight Squad 2,1,0.0005
3592,2025132558,Knights of Braveland,1,0.0005
3593,1674517129,Knights of Pen & Paper 2 Deluxiest Edition,1,0.0005
3594,1718892809,Knockout City™,1,0.0005
3595,1619851133,Kraken Odyssey,1,0.0005
3596,1625296037,Krut: The Mythic Wings,1,0.0005
3597,1615382054,L.O.L. Surprise! B.B.s BORN TO TRAVEL™,1,0.0005
3598,2108304147,Ladders by POWGI,1,0.0005
3599,930893366,Late Shift,1,0.0005
3600,1743756133,LAVA JUMP 2D,1,0.0005
3601,1920167136,Layers of Fear (2023),1,0.0005
3602,58027060,Legendary Eleven,1,0.0005
3603,2005013689,LEGO® Bricktales,1,0.0005
3604,2121317693,LEGO® Builder's Journey,1,0.0005
3605,831141864,Leo's Fortune,1,0.0005
3606,1992528067,Let's Cook Together,1,0.0005
3607,1615612677,Let's Cook Together 2,1,0.0005
3608,2010017776,Let's Sing 2020,1,0.0005
3609,257790124,Lethal League,1,0.0005
3610,813601799,Letter Quest: Grimm's Journey Remastered,1,0.0005
3611,1716669263,Levelhead,1,0.0005
3612,1761905942,Lifeless Planet: Premier Edition,1,0.0005
3613,1712757078,Light Fairytale Episode 1,1,0.0005
3614,1782717140,Light Fairytale Episode 2,1,0.0005
3615,2097293502,Lil' Guardsman,1,0.0005
3616,1945438157,Lily in Puzzle World (Xbox),1,0.0005
3617,2049994218,LISA: The Joyful - Definitive Edition,1,0.0005
3618,1685569245,Listeria Wars,1,0.0005
3619,1689936313,Little Big Workshop,1,0.0005
3620,1747517565,Little Goody Two Shoes,1,0.0005
3621,2095219699,Little League World Series Baseball 2022,1,0.0005
3622,1945490956,Little Mouse's Encyclopedia,1,0.0005
3623,1480656987,Lode Runner™,1,0.0005
3624,1815123311,Loop8: Summer of Gods,1,0.0005
3625,1813695902,Lord of the Click 5,1,0.0005
3626,2066718815,Lords of Exile,1,0.0005
3627,1271641024,Lords of the Fallen (2014),1,0.0005
3628,1927206867,Lornsword Winter Chronicle,1,0.0005
3629,1798206513,Lost Eidolons,1,0.0005
3630,1941485304,Lost Lands 1: Dark Overlord,1,0.0005
3631,1940777796,Lost Lands 3: The Golden Curse,1,0.0005
3632,735446928,LOST ORBIT: Terminal Velocity,1,0.0005
3633,1128466387,LOST PLANET,1,0.0005
3634,1746921766,LSI Baseball Win 756,1,0.0005
3635,2133754272,Lumberjack Simulator,1,0.0005
3636,1843517603,Lushfoil Photography Sim,1,0.0005
3637,2051707990,Lynked: Banner of the Spark,1,0.0005
3638,1632667399,Machinarium,1,0.0005
3639,1700020315,MADiSON,1,0.0005
3640,1414793341,Mafia II,1,0.0005
3641,1797206542,Magic Jigsaw Puzzles – Puzzle game HD,1,0.0005
3642,1480656992,Magic: The Gathering,1,0.0005
3643,2037391049,Magical Girls vs Cat Aliens,1,0.0005
3644,1678552815,Mahjong Adventure DX,1,0.0005
3645,32489944,Maize,1,0.0005
3646,1004777721,Marble Void,1,0.0005
3647,1918742857,Mars Horizon,1,0.0005
3648,1480659904,Mars: War Logs,1,0.0005
3649,1717132136,Mary's Mahjong: Renovate the town and Match tiles,1,0.0005
3650,2105129470,Master Maker 3D Ultimate,1,0.0005
3651,1955271286,Master of BOOM,1,0.0005
3652,2067424673,MasterChef: Learn to Cook!,1,0.0005
3653,1634530395,MathLand,1,0.0005
3654,1861781965,Mech Armada,1,0.0005
3655,1668018135,Medieval Tower Defense,1,0.0005
3656,1480657390,MEGA MAN 10,1,0.0005
3657,1480657194,MEGA MAN 9,1,0.0005
3658,1625774388,Meow Moments: Celebrating Renewal & Romance,1,0.0005
3659,1832278342,Merchant of the Skies,1,0.0005
3660,1724248771,METAGAL,1,0.0005
3661,1953976878,Metal Black™ S-Tribute,1,0.0005
3662,639411963,Metropolis: Lux Obscura,1,0.0005
3663,1755111561,Miles & Kilo,1,0.0005
3664,1962940345,Millionaire Trivia,1,0.0005
3665,1708501931,Mimi the Cat: New Friends,1,0.0005
3666,1685398815,Minoria,1,0.0005
3667,1790559387,Miraculous: Rise of the Sphinx,1,0.0005
3668,1804464387,Missile Command: Recharged,1,0.0005
3669,1753107898,Missing Banban,1,0.0005
3670,1680671926,Monaco 2,1,0.0005
3671,1480657469,Monday Night Combat,1,0.0005
3672,1480657491,Monkey Island 2: SE,1,0.0005
3673,2136035101,Monopoly Madness,1,0.0005
3674,2078832385,Monster Energy Supercross 4 - Xbox Series X|S,1,0.0005
3675,1807714585,Monster Truck Championship,1,0.0005
3676,1932591611,Monsters Killers,1,0.0005
3677,1806886066,Monument Valley,1,0.0005
3678,199170438,MOTHERGUNSHIP,1,0.0005
3679,1423533994,MotoGP™15,1,0.0005
3680,1685476854,Motorcycle Mechanic Simulator 2021,1,0.0005
3681,2059695506,Moving Houses,1,0.0005
3682,1908222793,Mr Trials,1,0.0005
3683,1856726040,Mr. Massagy: Mayo Edition,1,0.0005
3684,1768155647,Mr. T-Shirt,1,0.0005
3685,2091286911,Mudness Offroad - 4x4 Truck Car Simulator,1,0.0005
3686,1681715185,Music Racer: Ultimate,1,0.0005
3687,1937457147,Mutant Year Zero: Road to Eden,1,0.0005
3688,1819478229,My Bakery Empire,1,0.0005
3689,1698914731,My Big Sister,1,0.0005
3690,1747605739,My Child Lebensborn Remastered,1,0.0005
3691,1995701809,My Cozy Room,1,0.0005
3692,1804357116,My Fantastic Ranch: Unicorn & Dragons,1,0.0005
3693,1781008619,MY LITTLE PONY: A Maretime Bay Adventure,1,0.0005
3694,1817032347,My Little Pony: A Zephyr Heights Mystery,1,0.0005
3695,2045736222,My Recycling Center,1,0.0005
3696,1894122921,My Singing Monsters Playground,1,0.0005
3697,2078262992,My Time at Sandrock Online,1,0.0005
3698,1911275658,MyMaitê,1,0.0005
3699,1731520158,Myst,1,0.0005
3700,1676327454,Mystery Hotel: Hidden Objects,1,0.0005
3701,1653598311,Mystic Pathways,1,0.0005
3702,1722589574,Mystic Thief - Elemental Conquest,1,0.0005
3703,1825993656,MyWhoosh HD,1,0.0005
3704,1480656988,N+,1,0.0005
3705,1629697304,NanoApostle,1,0.0005
3706,1693654641,Narcissus,1,0.0005
3707,498956148,NASCAR Heat 2,1,0.0005
3708,1985582126,National Saloons,1,0.0005
3709,2016822482,Neckbreak,1,0.0005
3710,919412218,Necromunda: Underhive Wars,1,0.0005
3711,631368453,Necropolis,1,0.0005
3712,2003762766,Neon City Riders,1,0.0005
3713,1910679107,Neon Noodles,1,0.0005
3714,1813201689,Neptunia: Sisters VS Sisters,1,0.0005
3715,157973080,NeuroVoider,1,0.0005
3716,1671144891,New Joe & Mac - Caveman Ninja,1,0.0005
3717,1816592098,Niche - a genetics survival game,1,0.0005
3718,2021405472,Nickelodeon Kart Racers 2: Grand Prix,1,0.0005
3719,1651367915,Nico Saves The State,1,0.0005
3720,1397819368,NIER,1,0.0005
3721,2070801878,NieR:Automata BECOME AS GODS Edition,1,0.0005
3722,125341318,Night in the Woods,1,0.0005
3723,1020187268,Nine Parchments,1,0.0005
3724,1644314486,Ninja Master Toru,1,0.0005
3725,1733283310,Ninja Warrior Epic Quest,1,0.0005
3726,2043833523,Nippon Marathon,1,0.0005
3727,1980658153,NO THING,1,0.0005
3728,1993181112,Northgard,1,0.0005
3729,1727273780,Observation,1,0.0005
3730,2024512616,Obsurity,1,0.0005
3731,1894864113,Octo Killer,1,0.0005
3732,2034276683,Oddsparks: An Automation Adventure,1,0.0005
3733,1849931750,Offroad Mechanic Simulator,1,0.0005
3734,1820510942,Oh Balls Merge,1,0.0005
3735,352829845,OK K.O.! Let's Play Heroes,1,0.0005
3736,1681858755,OMORI,1,0.0005
3737,1808857974,On A Roll 3D,1,0.0005
3738,1881526368,One Finger Death Punch 2,1,0.0005
3739,1981817951,One Night Stand: Console Edition,1,0.0005
3740,1774669257,Oneiros,1,0.0005
3741,926156714,Onimusha: Warlords,1,0.0005
3742,1129121848,Operation Flashpoint: Red River,1,0.0005
3743,2057527949,Operencia: The Stolen Sun,1,0.0005
3744,1480659435,Orcs Must Die!,1,0.0005
3745,1821856796,Out of Moves,1,0.0005
3746,1772875348,Outbreak: The Nightmare Chronicles Definitive Edition,1,0.0005
3747,1904294237,Outcast - A New Beginning,1,0.0005
3748,1842520099,Outlaw 8s,1,0.0005
3749,1707434871,Overdrive Blaster,1,0.0005
3750,1958257709,Overpass 2,1,0.0005
3751,2002349228,OVERPASS™,1,0.0005
3752,1480659984,PAC-MAN MUSEUM,1,0.0005
3753,1828865417,PAC-PAC,1,0.0005
3754,893913059,Panzer Elite Action,1,0.0005
3755,2035666683,Paper Bad,1,0.0005
3756,1825388207,Paper Dash - Las Vegas,1,0.0005
3757,1936337161,Paper Plane Arena - The Haunted House,1,0.0005
3758,2030700835,Paper Trail,1,0.0005
3759,202238107,Paranautical Activity,1,0.0005
3760,1654902688,Parkitect: Deluxe Edition,1,0.0005
3761,843014522,Pathfinder: Kingmaker - Definitive Edition,1,0.0005
3762,1981398452,Peaky Blinders: Mastermind,1,0.0005
3763,1876811450,Penarium,1,0.0005
3764,1654659551,Penguin Flight,1,0.0005
3765,1895282289,Penguin Flight: Beyond The Clouds,1,0.0005
3766,2116319841,Penny's Big Breakaway,1,0.0005
3767,1990620316,Persona 4 Revival,1,0.0005
3768,1867683926,Persona 5 Tactica,1,0.0005
3769,2110355451,Pet Rescue Saga,1,0.0005
3770,1480657317,Phantasy Star II,1,0.0005
3771,1836794259,Phantom Breaker: Battle Grounds Ultimate,1,0.0005
3772,1706040396,Phantom Fury,1,0.0005
3773,1828315114,Physics Sandbox X,1,0.0005
3774,2080732462,Pickle-Pocalypse,1,0.0005
3775,2114369983,Pickleball Smash,1,0.0005
3776,1731213835,Pickup Driving - Free,1,0.0005
3777,2005343544,Pinball Deluxe Reloaded 3D,1,0.0005
3778,1911968632,PJ Masks Power Heroes: Mighty Alliance,1,0.0005
3779,2024485825,PJ Masks: Heroes of the Night,1,0.0005
3780,340271216,Planet Alpha,1,0.0005
3781,926240545,Planet of the Apes: Last Frontier,1,0.0005
3782,650235919,Planet of the Eyes,1,0.0005
3783,2043277826,Pocket Bravery,1,0.0005
3784,566946038,Poi: Windows 10 Edition,1,0.0005
3785,1627618281,POKE-PAINT,1,0.0005
3786,1722814012,Poker Blackjack Slots machine - Casino Experience,1,0.0005
3787,2113655508,Police Simulator - Gun Shooting Games,1,0.0005
3788,2007252653,Poppy Kart,1,0.0005
3789,1790425501,PopSlinger,1,0.0005
3790,2071988780,Port Royale 4,1,0.0005
3791,539671361,Prey: Typhon Hunter,1,0.0005
3792,1738616875,Primal Survivors,1,0.0005
3793,1731606141,Prison of Illusion,1,0.0005
3794,2131056255,Prizma Puzzle Prime,1,0.0005
3795,307808103,Pro Fishing Simulator,1,0.0005
3796,572054432,Project CARS 3,1,0.0005
3797,1624350228,Project Spark,1,0.0005
3798,1857354336,Project Starship,1,0.0005
3799,1897198063,Promise Mascot Agency,1,0.0005
3800,1917064734,"Pukan, Bye-Bye!",1,0.0005
3801,2101274114,Pure Mini Golf,1,0.0005
3802,2028187854,PUSS!,1,0.0005
3803,2143360506,Puzzle Bobble™2X/BUST-A-MOVE™2 Arcade Edition & Puzzle Bobble™3/BUST-A-MOVE™3 S-Tribute,1,0.0005
3804,1679725857,PuzzleCar,1,0.0005
3805,1629584005,Pyramid Platformer - The Gem Heist,1,0.0005
3806,753341513,Q*bert REBOOTED: The XBOX One @!#?@! Edition,1,0.0005
3807,1697847173,Quake III Arena,1,0.0005
3808,1480657069,R-Type Dimensions™,1,0.0005
3809,1664110632,R-Type® Final 2,1,0.0005
3810,1984205216,R.B.I. Baseball 21,1,0.0005
3811,1816017776,Raccoon is Hungry,1,0.0005
3812,822866352,Raging Justice,1,0.0005
3813,2119938423,Raid: Shadow Legends,1,0.0005
3814,2115822601,Railbreak,1,0.0005
3815,1673787135,Rain on Your Parade,1,0.0005
3816,2051640476,Raji: An Ancient Epiс,1,0.0005
3817,2006984089,Ralph The Buddy 3,1,0.0005
3818,1800747068,Ravenous Devils,1,0.0005
3819,1616835035,Rayland 2,1,0.0005
3820,1897447749,ReactorX,1,0.0005
3821,1660728,Reagan Gorbachev,1,0.0005
3822,1679987069,Real Heroes: Firefighter HD,1,0.0005
3823,2132278444,Realpolitiks New Power,1,0.0005
3824,126264108,Rebel Galaxy,1,0.0005
3825,1850415513,Rebel Galaxy Outlaw,1,0.0005
3826,1639119449,Record of Lodoss War-Deedlit in Wonder Labyrinth-,1,0.0005
3827,1920203007,Redout: Space Assault,1,0.0005
3828,1618309410,Relicta,1,0.0005
3829,2045008370,Remothered: Broken Porcelain,1,0.0005
3830,1883914934,RENNSPORT,1,0.0005
3831,1935966231,Restaurant Tycoon: My Cooking Empire,1,0.0005
3832,1697218984,Retro Highway,1,0.0005
3833,1649519172,Retro Tank Arcade,1,0.0005
3834,1748326860,RetroMania Wrestling,1,0.0005
3835,738113083,Reus,1,0.0005
3836,1989019995,Revenant Dogma,1,0.0005
3837,1930767830,RiffTrax: The Game,1,0.0005
3838,1623503769,RiMS Racing,1,0.0005
3839,1619865604,Ring of Pain,1,0.0005
3840,2003553101,Rise Eterna War,1,0.0005
3841,1740555255,Rise of the Third Power,1,0.0005
3842,2099119493,Rise of the Triad: Ludicrous Edition,1,0.0005
3843,1859130505,Risen,1,0.0005
3844,1263339480,Risen,1,0.0005
3845,1672051495,Rising Hell,1,0.0005
3846,826442297,Road Rage,1,0.0005
3847,1787135558,Roarr! Jurassic Edition,1,0.0005
3848,1715096411,RoboDunk,1,0.0005
3849,669503806,Rock of Ages 2: Bigger & Boulder™,1,0.0005
3850,1480657410,Rocket Knight®,1,0.0005
3851,1723464141,Rogue Flight,1,0.0005
3852,873887021,Rogue Stormers,1,0.0005
3853,2131113207,Röki,1,0.0005
3854,1874274409,Roman Tycoon,1,0.0005
3855,2130598979,Room of Depression,1,0.0005
3856,2001626208,Roots of Pacha,1,0.0005
3857,1780050552,RUFFY AND THE RIVERSIDE,1,0.0005
3858,920951865,Rugby 18,1,0.0005
3859,2028931904,Rugby 20,1,0.0005
3860,1861374778,Rugby Challenge 3,1,0.0005
3861,1719461807,Rugrats: Adventures in Gameland,1,0.0005
3862,1887216960,Ruku's Heart Balloon,1,0.0005
3863,2134890759,Rummi,1,0.0005
3864,1480659510,Sacred Citadel,1,0.0005
3865,1900639066,Sail Forth,1,0.0005
3866,1627178609,Sainthood - The Game,1,0.0005
3867,378040902,Salt and Sanctuary,1,0.0005
3868,1743311963,Sam & Max Save the World,1,0.0005
3869,2106675045,Samurai Jack: Battle Through Time,1,0.0005
3870,1480657104,Samurai Shodown II,1,0.0005
3871,2037480200,Sand Legends,1,0.0005
3872,1936146608,Scorn,1,0.0005
3873,52620879,Scribblenauts Showdown,1,0.0005
3874,1839592310,Seekers Notes: Hidden Objects,1,0.0005
3875,1480657778,Sega Vintage Collection: Monster World,1,0.0005
3876,1689725766,Serious Sam: Siberian Mayhem,1,0.0005
3877,285659276,Shadow Complex Remastered,1,0.0005
3878,584036319,Shadow Tactics: Blades of the Shogun,1,0.0005
3879,2000442171,Shadow Warrior 3: Definitive Edition,1,0.0005
3880,1685514435,Shalnor Legends: Sacred Lands,1,0.0005
3881,1480659468,Shank™2,1,0.0005
3882,1715496714,Shark Adventure,1,0.0005
3883,1713136402,She Wants Me Dead,1,0.0005
3884,114172147,Shenmue,1,0.0005
3885,1022228933,Shenmue II,1,0.0005
3886,1679830701,Shing!,1,0.0005
3887,1480657316,Shinobi,1,0.0005
3888,1763456265,Ship Fight,1,0.0005
3889,1635033134,Shoulders of Giants: Ultimate,1,0.0005
3890,1834153031,Shy Cats Hidden Orchestra,1,0.0005
3891,2044118581,Shy Dogs Hidden Orchestra,1,0.0005
3892,1263405091,Silent Hill:  Downpour,1,0.0005
3893,1880975663,Simple Solitaire,1,0.0005
3894,1480659508,SINE MORA™,1,0.0005
3895,1967793188,Sir Lovelot,1,0.0005
3896,2066580949,Sissa's Path,1,0.0005
3897,1870475503,Skinny and Franko: Fists of Violence,1,0.0005
3898,2073240970,Skull Island: Rise of Kong,1,0.0005
3899,972210258,Sky Force Anniversary,1,0.0005
3900,902608,Sky Force Reloaded,1,0.0005
3901,112459691,Skydrift Infinity,1,0.0005
3902,1613869684,Skylanders SWAP Force,1,0.0005
3903,842462247,Slayaway Camp: Butcher's Cut,1,0.0005
3904,2016262671,Slayers X: Terminal Aftermath: Vengance of the Slayer,1,0.0005
3905,1933049453,Sleeping Beauty: Hidden Objects,1,0.0005
3906,1836669355,Slime Ranger,1,0.0005
3907,1761117688,Slitcher.io - Wormate Snake,1,0.0005
3908,595091631,Snake Pass,1,0.0005
3909,1886433006,Snake vs Snake,1,0.0005
3910,1712249062,Snake: The Game,1,0.0005
3911,1750518194,Soccer Golf,1,0.0005
3912,2044941056,Sokobalien (Windows),1,0.0005
3913,1612892329,Sokocrab,1,0.0005
3914,1914712372,SokoFrog,1,0.0005
3915,1647430186,Sokomonster,1,0.0005
3916,2074273970,Sokorobot,1,0.0005
3917,1798927805,SokoWinter,1,0.0005
3918,1618794811,Solitaire 3D,1,0.0005
3919,1965996577,Solitaire 40 cards,1,0.0005
3920,1699452285,Solitaire Classic Seaside TriPeaks Card Game,1,0.0005
3921,1897725373,Song of Horror,1,0.0005
3922,2112770120,Songs of Conquest,1,0.0005
3923,1480657348,Sonic & Knuckles,1,0.0005
3924,1480659441,Sonic CD,1,0.0005
3925,2116209805,Soul Hackers 2,1,0.0005
3926,1951068366,Soulstice: Artbook and Soundtrack,1,0.0005
3927,2140840644,Soundfall,1,0.0005
3928,1697835764,SOVIET TIDE ARISING !,1,0.0005
3929,827319667,Space Hulk: Tactics,1,0.0005
3930,1653039783,Space Invader 7 Trial,1,0.0005
3931,1930212330,Space Moves,1,0.0005
3932,1751048823,Spaceman Defender,1,0.0005
3933,1656294382,Spacepunk Survival,1,0.0005
3934,2081715802,Spartan Firefight,1,0.0005
3935,2110528847,Spartan Runner,1,0.0005
3936,1643624971,Spellagis,1,0.0005
3937,2120222634,Spirit of the North 2,1,0.0005
3938,1734092917,Spirit of the North: Enhanced Edition,1,0.0005
3939,1991757213,Spirit Roots,1,0.0005
3940,1719161140,Spiritfall,1,0.0005
3941,1906961742,Splitgate 2 - Alpha,1,0.0005
3942,2045695664,SpongeBob: Krusty Cook-Off Extra Krusty Edition,1,0.0005
3943,2028704735,Squad Killer,1,0.0005
3944,1950382635,Srv Survey,1,0.0005
3945,1397819357,Star Ocean: The Last Hope,1,0.0005
3946,1112934457,STAR WARS Jedi Starfighter,1,0.0005
3947,1860810612,Starlight Legacy,1,0.0005
3948,82653045,Starlink: Battle for Atlas,1,0.0005
3949,1434175066,Starpoint Gemini 2,1,0.0005
3950,1922470106,Stasis,1,0.0005
3951,688529719,STAY,1,0.0005
3952,2078811113,Steel Seed,1,0.0005
3953,441478569,STEINS;GATE 0,1,0.0005
3954,1180043240,Steins;Gate FD,1,0.0005
3955,1180043224,STEINS;GATE(オリジナル版),1,0.0005
3956,1786086826,Stellar Docks: Deep Space,1,0.0005
3957,1016114215,Steven Universe: Save the Light,1,0.0005
3958,2040979596,Steven Universe: Unleash the Light,1,0.0005
3959,1048629103,Stikbold! A Dodgeball Adventure,1,0.0005
3960,2019891659,Story of a Gladiator,1,0.0005
3961,2027854331,STORY OF SEASONS: A Wonderful Life,1,0.0005
3962,1672889972,Storyblocks: The King,1,0.0005
3963,1763122581,Stranger Things 3: The Game,1,0.0005
3964,1874994133,Stray Blade,1,0.0005
3965,2029929513,Strider,1,0.0005
3966,1839147962,Strike Team Gladius,1,0.0005
3967,1795934800,STRIKERS 1945 II,1,0.0005
3968,1835041076,STRIKERS 1945 III,1,0.0005
3969,1859111730,Struggling,1,0.0005
3970,1951040150,Submerged,1,0.0005
3971,1915331087,Submersed 2,1,0.0005
3972,1783498244,Sudoku,1,0.0005
3973,1670355730,Sudoku Classic!,1,0.0005
3974,2099479433,Sugarbound,1,0.0005
3975,2057573435,Suikoden I&II HD Remaster Gate Rune and Dunan Unification Wars,1,0.0005
3976,1679953167,Sunbeam Feast,1,0.0005
3977,1892393976,Sundered®: Eldritch Edition,1,0.0005
3978,1633973784,Super Cyborg,1,0.0005
3979,2084457373,Super Double Dragon,1,0.0005
3980,2020086658,Super Engine GT Turbo SPEC,1,0.0005
3981,1684612075,Super Forklift 3000,1,0.0005
3982,405971334,Super Hydorah,1,0.0005
3983,2143345099,Super Impossible Road,1,0.0005
3984,1897083570,Super Mariot Jumpman Adventures,1,0.0005
3985,900300132,Super Night Riders,1,0.0005
3986,1900125201,Super Ninja Miner (Windows Edition),1,0.0005
3987,1849290790,Super Scooter,1,0.0005
3988,1963013137,Super Snake Block DX,1,0.0005
3989,1907108430,Super Space Club,1,0.0005
3990,1628468632,Super Tennis Blast,1,0.0005
3991,2142819136,Super US Football,1,0.0005
3992,1777228920,Super Woden GP II,1,0.0005
3993,1766074168,Supermarket Simulator - Price Panic ( XBOX & PC ),1,0.0005
3994,1689702773,Survive on Raft,1,0.0005
3995,1814129384,Swapshot,1,0.0005
3996,1656836695,Sweet Bakery Tycoon,1,0.0005
3997,1931854950,Sword and Fairy: Together Forever,1,0.0005
3998,1908989621,SWORD ART ONLINE Last Recollection,1,0.0005
3999,1918884435,Sword of the Vagrant,1,0.0005
4000,950753176,Syberia 3,1,0.0005
4001,1921935939,Synchro Hedgehogs,1,0.0005
4002,1773956150,Synchro Hedgehogs (for Windows 10),1,0.0005
4003,1954148004,SYNESTHESIA,1,0.0005
4004,1955122958,Taboo Trial,1,0.0005
4005,1969180565,Tales of Graces f Remastered,1,0.0005
4006,1619109702,Tales of Symphonia Remastered,1,0.0005
4007,680174875,Tango Fiesta,1,0.0005
4008,1949676989,Tanknarok,1,0.0005
4009,1969293314,Task Force Kampas,1,0.0005
4010,1975996205,Taxi Chaos,1,0.0005
4011,1981399438,Tenebris Pictura,1,0.0005
4012,1771626735,Terminal 81,1,0.0005
4013,1984687290,Terra Invicta,1,0.0005
4014,1621365103,Terror of Hemasaurus,1,0.0005
4015,1881824137,Tetris® Forever,1,0.0005
4016,1480656886,Texas Hold'em,1,0.0005
4017,2068379623,That s a thing,1,0.0005
4018,1696465874,The Adventures of Ally The Alligator,1,0.0005
4019,1863725667,The Backrooms Midnight Shift,1,0.0005
4020,1893365953,The Backrooms: HIDE & SEEK,1,0.0005
4021,1854327039,The Banner Saga,1,0.0005
4022,1878828344,The Bible Trivia Challenge,1,0.0005
4023,1651981610,The Bluecoats: North & South,1,0.0005
4024,1596231580,The Book of Unwritten Tales 2,1,0.0005
4025,1937488056,The Church in the Darkness,1,0.0005
4026,1843180778,The Coma 2: Vicious Sisters,1,0.0005
4027,1665594904,The Cursed Frog,1,0.0005
4028,1833761430,The Cursed Hotel,1,0.0005
4029,1654357885,The DioField Chronicle,1,0.0005
4030,2042995696,The Fairy's Secret,1,0.0005
4031,875174887,The Final Station,1,0.0005
4032,1264125912,The First Templar,1,0.0005
4033,1996972255,The Gap,1,0.0005
4034,575803834,The Golf Club 2™,1,0.0005
4035,483182712,The Incredible Adventures of Van Helsing II,1,0.0005
4036,518483923,The Infectious Madness of Doctor Dekker,1,0.0005
4037,740275617,The Inner World - The Last Wind Monk,1,0.0005
4038,1696036019,The Innsmouth Case,1,0.0005
4039,1668095237,The Jackbox Naughty Pack,1,0.0005
4040,1637976314,The Jackbox Survey Scramble,1,0.0005
4041,1988354836,The Karate Kid: Street Rumble,1,0.0005
4042,1754337118,The King's Bird,1,0.0005
4043,1908824731,The Lamplighters League,1,0.0005
4044,1948960688,The Legend of Bum-bo,1,0.0005
4045,1705741501,The Letter: A Horror Visual Novel,1,0.0005
4046,494738437,The Maw,1,0.0005
4047,266212283,The Mean Greens - Plastic Warfare,1,0.0005
4048,2117248384,The Mildew Children,1,0.0005
4049,2116788151,The Mound: Omen of Cthulhu,1,0.0005
4050,1927439419,The Myth Seekers 2: The Sunken City,1,0.0005
4051,1866860268,The Ouroboros King,1,0.0005
4052,698904373,The Park,1,0.0005
4053,1947609579,The Pedestrian,1,0.0005
4054,2054602409,The Persistence,1,0.0005
4055,1935780051,The Persistence Enhanced,1,0.0005
4056,1972399135,The Pillar: Puzzle Escape,1,0.0005
4057,1909279725,The Procession to Calvary,1,0.0005
4058,1729900071,The Rabbit Crazy Adventure,1,0.0005
4059,1069677406,The Raven Remastered,1,0.0005
4060,1703407158,The Red Exile - Survival Horror,1,0.0005
4061,2147017544,The Rumble Fish +,1,0.0005
4062,1675731009,The Spuddy System,1,0.0005
4063,2022239352,The Super Penguboy,1,0.0005
4064,1857523735,The Talos Principle: Reawakened,1,0.0005
4065,2105623196,The Tenants,1,0.0005
4066,307442698,The Turing Test,1,0.0005
4067,2119405603,The Tyrannical Toilet and The Battle of the Beans,1,0.0005
4068,1781089938,The VideoKid,1,0.0005
4069,946930585,The Walking Dead Collection - The Telltale Series,1,0.0005
4070,572033429,The Walking Dead: Michonne,1,0.0005
4071,1782146850,The Wild Eight,1,0.0005
4072,1313671253,The Witcher 2,1,0.0005
4073,1683044366,Thea 2: The Shattering,1,0.0005
4074,217265459,Thea: The Awakening,1,0.0005
4075,1015340672,Thimbleweed Park,1,0.0005
4076,470808875,This is the Police 2,1,0.0005
4077,2006790324,This Means Warp,1,0.0005
4078,874691210,This War of Mine: The Little Ones,1,0.0005
4079,1607468796,Thomas Was Alone,1,0.0005
4080,1700624625,Three Minutes To Eight,1,0.0005
4081,544772182,Thronebreaker: The Witcher Tales,1,0.0005
4082,2129809110,Through the Darkest of Times,1,0.0005
4083,600509688,Thumper,1,0.0005
4084,1941546606,Tides of Annihilation,1,0.0005
4085,1822253433,Tinkertown,1,0.0005
4086,650880404,Titanfall ®2 Open Multiplayer Tech Test,1,0.0005
4087,1646531438,To the Moon,1,0.0005
4088,2068094397,To the Moon and Beyond,1,0.0005
4089,164348348,Tokyo 42,1,0.0005
4090,1764831145,Tokyo Warfare Turbo,1,0.0005
4091,1396901866,Tomb Raider: Anniv.,1,0.0005
4092,2106346082,Top Gun Air Combat,1,0.0005
4093,1610985256,Torchlight III,1,0.0005
4094,1951465965,Torment: Tides of Numenera,1,0.0005
4095,519443170,Torment: Tides of Numenera,1,0.0005
4096,1695392136,Tormented Souls,1,0.0005
4097,1805965389,Torn Away,1,0.0005
4098,2043177849,Total Arcade Racing,1,0.0005
4099,223188831,Tour de France 2019,1,0.0005
4100,2024662880,Tour de France 2020,1,0.0005
4101,1723626363,Tour de France 2022 Xbox One,1,0.0005
4102,1651850203,Tour de France 2024,1,0.0005
4103,1761882488,Towaga: Among Shadows,1,0.0005
4104,1480657238,Tower Bloxx Deluxe,1,0.0005
4105,1686179203,Township,1,0.0005
4106,1889723336,Townsmen - A Kingdom Rebuilt,1,0.0005
4107,2088019910,Train Life: A Railway Simulator,1,0.0005
4108,974917521,Train Sim World® 2020,1,0.0005
4109,2021123644,Tram Simulator Urban Transit,1,0.0005
4110,1642785895,TRANSFORMERS: EARTHSPARK - Expedition,1,0.0005
4111,1726945595,TRANSFORMERS: Galactic Trials,1,0.0005
4112,1529724759,Transformers: The Dark Spark,1,0.0005
4113,1627905727,Trash is Fun,1,0.0005
4114,2061866976,Trek to Yomi,1,0.0005
4115,1620022518,Tricky Doors,1,0.0005
4116,1749194329,Tricky Thief,1,0.0005
4117,1977889788,Trigger Witch,1,0.0005
4118,1635020727,Trine 3: The Artifacts of Power,1,0.0005
4119,1913216462,Trine Enchanted Edition,1,0.0005
4120,1938279207,Troublemaker: Raise Your Gang,1,0.0005
4121,1878739850,Truck Simulator Cargo Driver 2025 - USA,1,0.0005
4122,1959159088,Tunguska: The Visitation - Complete Edition,1,0.0005
4123,2035251227,Turnip Boy Commits Tax Evasion,1,0.0005
4124,846759462,Twin Mirror,1,0.0005
4125,823524527,UglyDolls: An Imperfect Adventure,1,0.0005
4126,2037675910,Ultimate Ski Jumping 2020,1,0.0005
4127,2065525433,Ultimate Solitaire Collection,1,0.0005
4128,1629100331,Ultra Foodmess 2,1,0.0005
4129,1611809839,Undead Horde,1,0.0005
4130,1618087966,Under the Jolly Roger,1,0.0005
4131,2034901256,Unholy,1,0.0005
4132,1726842035,Unichrome: A 1-bit Unicorn Adventure,1,0.0005
4133,1935081325,United Assault - Battle of the Bulge,1,0.0005
4134,1890458248,UnMetal,1,0.0005
4135,1805288709,Uragun,1,0.0005
4136,496060715,Use Your Words,1,0.0005
4137,1640379056,Vagrus - The Riven Realms,1,0.0005
4138,131540426,Valentino Rossi The Game,1,0.0005
4139,1622859130,Valfaris,1,0.0005
4140,2024636675,Vampire: The Masquerade - Coteries of New York,1,0.0005
4141,1989137413,Vampire: The Masquerade - Reckoning of New York,1,0.0005
4142,1915757611,Vampire: The Masquerade - Shadows of New York,1,0.0005
4143,1480657268,Vandal Hearts: FoJ,1,0.0005
4144,1906609238,VASARA Collection,1,0.0005
4145,61090031,Victor Vran,1,0.0005
4146,1480659612,Virtua Fighter 2,1,0.0005
4147,1480657285,Virtual-On OT,1,0.0005
4148,2146464993,Virtual Families 3: Our Country Home,1,0.0005
4149,1664766972,Void Gore,1,0.0005
4150,133113455,Voodoo Vince: Remastered,1,0.0005
4151,1951858060,Vosaria: Lair of the Forgotten,1,0.0005
4152,1898630086,Wall World,1,0.0005
4153,1871561416,War Hospital,1,0.0005
4154,1732740414,Wargroove,1,0.0005
4155,1985498806,Wave Break,1,0.0005
4156,845430701,We Are The Dwarves,1,0.0005
4157,1880521273,Webgeon Speedrun Edition,1,0.0005
4158,1666548378,Weedcraft Inc,1,0.0005
4159,1915660039,Westild's Law,1,0.0005
4160,947593055,What the Box?,1,0.0005
4161,603518600,Where Are My Friends?,1,0.0005
4162,1865192054,White Day 2: The Flower That Tells Lies - Complete Edition,1,0.0005
4163,1810239509,Who Pressed Mute on Uncle Marcus?,1,0.0005
4164,2060575182,Whose Voice,1,0.0005
4165,831730259,Wick,1,0.0005
4166,1780460930,Wild Bastards,1,0.0005
4167,2043692415,Wild West,1,0.0005
4168,1817204190,Will Die Alone,1,0.0005
4169,1906596190,Willy J Peso Presents: Save The Trees,1,0.0005
4170,1644613252,Winkeltje: The Little Shop,1,0.0005
4171,1645479343,Wizard of Legend,1,0.0005
4172,1738666347,Wizardry: Proving Grounds of the Mad Overlord,1,0.0005
4173,852417661,Woodle Tree Adventures,1,0.0005
4174,322886724,Worbital,1,0.0005
4175,2043844326,Word Web by POWGI,1,0.0005
4176,2032572519,Wordsweeper by POWGI,1,0.0005
4177,1711900823,World Championship Boxing Manager™ 2,1,0.0005
4178,1985239734,World of Tanks Blitz (legacy),1,0.0005
4179,1834145283,World of Tennis: Roaring ’20s,1,0.0005
4180,547690837,World of Van Helsing: Deathtrap,1,0.0005
4181,2141363036,Worldless,1,0.0005
4182,1480657067,WOTB: Commando 3,1,0.0005
4183,1817743267,WRATH: Aeon of Ruin,1,0.0005
4184,1922758426,WRC 9 FIA World Rally Championship,1,0.0005
4185,1663377800,WSOP,1,0.0005
4186,1834362316,WW2 Rebuilder,1,0.0005
4187,333251915,X-Morph: Defense,1,0.0005
4188,1953673867,XBET_Test_Product_4,1,0.0005
4189,1849794999,Xuan Yuan Sword 7,1,0.0005
4190,1952008648,Yaga,1,0.0005
4191,1755180052,Yakuza 3 Remastered,1,0.0005
4192,1990116831,Yooka-Laylee and the Impossible Lair,1,0.0005
4193,1708373881,Your Computer Might Be At Risk,1,0.0005
4194,984203469,Ys Origin,1,0.0005
4195,2022203558,Yuppie Psycho,1,0.0005
4196,1848677374,ZDQ Island Engagement,1,0.0005
4197,1924883586,ZombCube,1,0.0005
4198,1907198556,Zombie Derby: Pixel Survival,1,0.0005
4199,1720731458,Zombie Hill Racing,1,0.0005
4200,1621365013,Zombie Watch,1,0.0005
4201,1718981556,ドラゴンクエストXI 過ぎ去りし時を求めて S,1,0.0005
4202,1770698973,数独(sudoku),1,0.0005
