rank,title_id,title,players,percentage
1,267695549,Fortnite,67351,21.9024
2,342226876,Roblox - Xbox,56320,18.3151
3,1828326430,Minecraft,36919,12.006
4,2001700854,Call of Duty®,32468,10.5585
5,972249091,Grand Theft Auto V,31067,10.1029
6,558797228,Rocket League®,31021,10.088
7,926771636,Tom Clancy's Rainbow Six Siege,20616,6.7043
8,1696697876,NBA 2K26,17632,5.7339
9,2118292977,ARC Raiders,13524,4.398
10,1852068331,EA SPORTS FC™ 26,13097,4.2591
11,94618376,Overwatch®,12729,4.1394
12,1840884885,Battlefield™,12607,4.0998
13,1631143456,EA SPORTS™ Madden NFL 26,11924,3.8777
14,2030093255,Forza Horizon 5,10944,3.559
15,1794906646,Marvel Rivals,10876,3.5369
16,175227487,Apex Legends™,9692,3.1518
17,1821999049,High On Life 2,8507,2.7665
18,1924639289,HELLDIVERS™ 2,7829,2.546
19,591405932,Red Dead Redemption 2,7173,2.3326
20,1653663875,EA SPORTS FC™ 25,6276,2.0409
21,2118102995,EA SPORTS™ College Football 26,5901,1.919
22,1682363458,Avatar: Frontiers of Pandora,5493,1.7863
23,1813567768,Roadside Research (Game Preview),5434,1.7671
24,102425831,Dead by Daylight,5139,1.6712
25,2106683993,skate.™ (Game Preview),4817,1.5665
26,1993685552,UFC® 5,4552,1.4803
27,629270283,Gang Beasts,4285,1.3935
28,1256782258,Fallout 4,3914,1.2728
29,1992453063,Among Us,3180,1.0341
30,1794566092,Minecraft Launcher,3093,1.0058
31,332913499,Fallout 76,3017,0.9811
32,1855024215,"Warhammer 40,000: Space Marine 2",2968,0.9652
33,812065290,Halo: The Master Chief Collection,2610,0.8488
34,1766088016,Farming Simulator 25,2598,0.8449
35,171869406,War Thunder,2588,0.8416
36,80579825,Call of Duty: Black Ops III,2554,0.8306
37,777107394,DayZ,2459,0.7997
38,68553410,Kingdom Come: Deliverance,2427,0.7893
39,2013614379,Fall Guys,2406,0.7824
40,2043073184,Halo Infinite,2391,0.7775
41,2119939858,NHL® 26 Xbox Series X|S,2389,0.7769
42,1096157379,COD: Black Ops II,2381,0.7743
43,2003727579,Call of Duty®: Modern Warfare® III,2380,0.774
44,687339341,Brawlhalla,2373,0.7717
45,1766989558,MLB® The Show™ 25,2356,0.7662
46,530462567,The Witcher 3: Wild Hunt – Complete Edition,2331,0.758
47,2139646219,VALORANT,2286,0.7434
48,207015551,theHunter: Call of the Wild™,2282,0.7421
49,144389848,Destiny 2,2243,0.7294
50,950328474,PUBG: BATTLEGROUNDS,2231,0.7255
51,1876694512,Madden NFL 25,2221,0.7223
52,1198088771,FOR HONOR,2182,0.7096
53,252034287,The Elder Scrolls V: Skyrim Special Edition,2096,0.6816
54,1717113201,Sea of Thieves: 2026 Edition,2058,0.6693
55,1759802069,EA SPORTS™ College Football 25,2041,0.6637
56,1482870140,Warframe,2039,0.6631
57,1730755212,Mortal Kombat™ 1,1959,0.6371
58,1657391528,NBA 2K25,1956,0.6361
59,1892245301,ELDEN RING,1950,0.6341
60,1947812162,WWE 2K25,1949,0.6338
61,1693340366,Hogwarts Legacy,1940,0.6309
62,222473492,Cyberpunk 2077,1931,0.628
63,389597738,Terraria,1918,0.6237
64,833960563,STAR WARS™ Battlefront™ II,1895,0.6163
65,2108722049,Resident Evil Village,1795,0.5837
66,1857595573,The Crew Motorfest,1762,0.573
67,321656011,The Sims™ 4,1754,0.5704
68,1959007243,Call of Duty®: Modern Warfare® II,1747,0.5681
69,1852502655,EA SPORTS FC™ 24,1736,0.5645
70,2073302268,Ready or Not,1731,0.5629
71,1928988061,ARK: Survival Ascended,1723,0.5603
72,638965135,Descenders,1707,0.5551
73,896928775,Minecraft for Windows,1706,0.5548
74,1953759531,Phasmophobia (Game Preview),1699,0.5525
75,1848421257,eFootball™,1653,0.5376
76,2041941014,Diablo® II: Resurrected™,1640,0.5333
77,140280380,Call of Duty®: WWII,1632,0.5307
78,1973901376,Diablo® IV,1605,0.5219
79,1975246356,Baldur's Gate 3,1550,0.5041
80,1797327516,Palworld,1539,0.5005
81,893395429,Rust Console Edition X|S,1500,0.4878
82,2099828114,THE FINALS,1493,0.4855
83,1732013402,Grounded 2 (Game Preview),1486,0.4832
84,1746894998,Roblox - Windows,1456,0.4735
85,1112737760,Fallout: New Vegas,1419,0.4615
86,1842668909,Forza Motorsport,1355,0.4406
87,374923716,Gears 5,1350,0.439
88,352040487,Tom Clancy’s The Division 2,1338,0.4351
89,1696147865,Zenless Zone Zero,1325,0.4309
90,964706972,No Man's Sky,1312,0.4267
91,2143033449,Monster Hunter Wilds,1310,0.426
92,1874191487,High On Life,1302,0.4234
93,306230746,Stardew Valley,1296,0.4215
94,1758796660,Wobbly Life,1274,0.4143
95,1634930870,REMATCH,1262,0.4104
96,2053080068,Genshin Impact,1254,0.4078
97,1161890022,Skate 3,1243,0.4042
98,2069980568,The First Descendant,1231,0.4003
99,1878915001,SnowRunner,1213,0.3945
100,1852916479,Resident Evil 4,1204,0.3915
101,2054716369,It Takes Two,1183,0.3847
102,374621264,RESIDENT EVIL 2,1179,0.3834
103,1646963350,NHL® 25 Xbox Series X|S,1176,0.3824
104,491582364,Need for Speed™ Heat,1173,0.3815
105,1096157269,Call of Duty®: Black Ops,1150,0.374
106,1774692913,Goat Simulator 3,1124,0.3655
107,285358298,Mortal Kombat 11,1106,0.3597
108,1679027058,Stumble Guys,1095,0.3561
109,1790482525,Call of Duty®: Black Ops Cold War,1065,0.3463
110,1699459210,DRAGON BALL Sparking! ZERO,1060,0.3447
111,623325843,Cuphead,1050,0.3415
112,2019012309,Star Wars Outlaws,1042,0.3389
113,346683864,Tom Clancy's Ghost Recon Wildlands,1032,0.3356
114,1985701699,Forza Horizon 4,1019,0.3314
115,983730484,ARK: Survival Evolved,1016,0.3304
116,1669427955,ELDEN RING NIGHTREIGN,1015,0.3301
117,1671990131,MY HERO ULTRA RUMBLE,1013,0.3294
118,964818375,Assassin's Creed Odyssey,1010,0.3284
119,961090289,Tom Clancy's Ghost Recon Breakpoint,1008,0.3278
120,1479758055,Batman™: Arkham Knight,1005,0.3268
121,465979625,UFC® 4,998,0.3245
122,1161890069,FIGHT NIGHT CHAMPION,996,0.3239
123,2059211995,Hollow Knight: Voidheart Edition,983,0.3197
124,1728105232,Assassin's Creed Valhalla,963,0.3132
125,1715349030,Asphalt Legends,949,0.3086
126,283303390,Wreckfest,947,0.308
127,2138304024,Rec Room,945,0.3073
128,609700427,Call of Duty®: Modern Warfare®,940,0.3057
129,1843269941,Chivalry 2,936,0.3044
130,1763444345,Aerial_Knight's DropShot,931,0.3028
131,1702731390,Supermarket Simulator,924,0.3005
132,1623704813,DEATH STRANDING DIRECTOR'S CUT,918,0.2985
133,1855217179,Golf With Your Friends,918,0.2985
134,1019460860,DRAGON BALL XENOVERSE 2,917,0.2982
135,1414793202,GTA IV,911,0.2963
136,1726497855,PGA TOUR 2K25,911,0.2963
137,1611895213,Disney Dreamlight Valley,906,0.2946
138,728655825,Plants vs. Zombies™ Garden Warfare 2,906,0.2946
139,1928228122,Borderlands®4,887,0.2885
140,2103516179,The Outlast Trials,868,0.2823
141,2043906033,MX vs ATV Legends,860,0.2797
142,940594756,World War Z,847,0.2754
143,2105342780,Grounded,846,0.2751
144,1615644955,Microsoft Flight Simulator 2024,846,0.2751
145,1938834516,State of Decay 2: Juggernaut Edition,834,0.2712
146,447911394,Far Cry® 5,833,0.2709
147,1961305648,Totally Accurate Battle Simulator,812,0.2641
148,840116976,World of Tanks Modern Armor,806,0.2621
149,1946353878,Highguard,805,0.2618
150,1738914043,Assassin's Creed Shadows,803,0.2611
151,1965191913,F1® 24,785,0.2553
152,1668241504,Hollow Knight: Silksong,785,0.2553
153,2068980019,CarX Drift Racing Online,782,0.2543
154,45083076,Injustice™ 2,770,0.2504
155,1285166951,The Elder Scrolls Online,769,0.2501
156,1779135141,Riders Republic™,755,0.2455
157,1720309872,Arma Reforger,752,0.2445
158,1720633196,Minecraft Dungeons,749,0.2436
159,2053555152,Yu-Gi-Oh! Master Duel,736,0.2393
160,1854680102,Delta Force,730,0.2374
161,2008767227,Brotato,728,0.2367
162,1792306481,Starsand Island,715,0.2325
163,1925947069,FARCRY 6,711,0.2312
164,1617248429,REANIMAL,711,0.2312
165,1008687929,Mortal Kombat X,709,0.2306
166,783973363,Dead Island 2,698,0.227
167,1769971395,Clair Obscur: Expedition 33,692,0.225
168,85494077,Microsoft Solitaire Collection,688,0.2237
169,2056583125,BlazBlue Entropy Effect X,684,0.2224
170,478449077,World of Warships: Legends,670,0.2179
171,2063087945,PowerWash Simulator 2,666,0.2166
172,1825113946,PowerWash Simulator,664,0.2159
173,1701108859,HITMAN 3,661,0.215
174,312881568,Human Fall Flat,657,0.2137
175,1145753246,Red Dead Redemption,656,0.2133
176,1850827024,F1® 25,653,0.2124
177,1792830437,Balatro,652,0.212
178,2128602192,Bluey: The Videogame,651,0.2117
179,1830948067,EA SPORTS™ PGA TOUR™,651,0.2117
180,1891953464,CloverPit,646,0.2101
181,60633334,7 Days to Die,640,0.2081
182,837917131,Deep Rock Galactic,630,0.2049
183,1671080157,Minecraft Preview,628,0.2042
184,1993741445,SMITE 2 (Game Preview),628,0.2042
185,1112737749,Fallout 3,622,0.2023
186,183968596,UNO™,622,0.2023
187,308654313,Overcooked! 2,614,0.1997
188,308190374,LEGO® Star Wars™: The Skywalker Saga,609,0.198
189,2079794073,Starfield,604,0.1964
190,415619002,Watch Dogs®2,592,0.1925
191,504085184,The Crew® 2,590,0.1919
192,1145574011,Titanfall® 2,590,0.1919
193,792158305,Call of Duty®: Black Ops 4,589,0.1915
194,642156375,Crash™ Team Racing Nitro-Fueled,587,0.1909
195,2014590773,Car Mechanic Simulator 2021,586,0.1906
196,1972007641,Kingdom Come: Deliverance II,585,0.1902
197,1744726864,Enlisted,578,0.188
198,2046562785,Avowed,569,0.185
199,1646978734,Police Simulator: Patrol Officers,567,0.1844
200,1615991113,New MONOPOLY®,566,0.1841
201,828985924,Resident Evil 6,562,0.1828
202,2111829961,Hell Let Loose,560,0.1821
203,1297287339,Gears of War 3,559,0.1818
204,2031971566,A Game About Digging A Hole™,558,0.1815
205,320504455,Middle-earth™: Shadow of War™,548,0.1782
206,1931679945,2XKO,546,0.1776
207,770775860,RESIDENT EVIL 3 for Windows,543,0.1766
208,1962388658,Like a Dragon: Pirate Yakuza in Hawaii,539,0.1753
209,556718860,Assassin's Creed IV Black Flag,538,0.175
210,1938832846,STAR WARS Jedi: Survivor™,538,0.175
211,1805568255,Trailmakers,537,0.1746
212,345903534,Minecraft: Xbox One Edition,535,0.174
213,72159092,Crash Bandicoot™ N. Sane Trilogy,534,0.1737
214,1994003829,EA SPORTS™ FIFA 23 Standard Edition,534,0.1737
215,2106583887,TEKKEN 8,529,0.172
216,1096157207,Modern Warfare® 2,525,0.1707
217,1386529057,Battlefield™ 1,522,0.1698
218,869175187,A Way Out,521,0.1694
219,1695979902,The Elder Scrolls IV: Oblivion Remastered,521,0.1694
220,1749127985,Madden NFL 24,519,0.1688
221,453395486,Ultimate Chicken Horse,516,0.1678
222,1880744816,Farming Simulator 22,512,0.1665
223,1971845611,Mount & Blade II: Bannerlord,512,0.1665
224,1096157387,Modern Warfare® 3,507,0.1649
225,945909358,Subnautica,505,0.1642
226,830649354,Dying Light,503,0.1636
227,552499398,Gears of War 4,501,0.1629
228,219630713,Halo 5: Guardians,493,0.1603
229,1976117247,Path of Titans (Game Preview),490,0.1593
230,1753744295,"Little Kitty, Big City",489,0.159
231,1894513996,CarX Street,484,0.1574
232,1984680366,Medieval Dynasty,484,0.1574
233,651668093,RESIDENT EVIL 7 biohazard,479,0.1558
234,1857530883,NASCAR 25,472,0.1535
235,2132429347,Risk of Rain 2,472,0.1535
236,568218779,Resident Evil 5,466,0.1515
237,1719923985,Undisputed,464,0.1509
238,1952300170,Battlefield™ 2042,461,0.1499
239,1998461943,Assassin's Creed Unity,457,0.1486
240,1912862912,Sniper Elite: Resistance,457,0.1486
241,1667928394,Halo Wars 2,453,0.1473
242,339148107,Insurgency: Sandstorm (Windows),452,0.147
243,1703229686,Split Fiction,452,0.147
244,502034863,Assassin's Creed Origins,448,0.1457
245,256364670,Battlefield™ V,445,0.1447
246,1028735742,NARUTO SHIPPUDEN™: Ultimate Ninja® STORM 4,437,0.1421
247,794552001,The Binding of Isaac: Rebirth,434,0.1411
248,1479895282,PAYDAY 2: CRIMEWAVE EDITION,426,0.1385
249,791545701,Goat Simulator,425,0.1382
250,1809107273,NHL® 24,425,0.1382
251,1936845110,Cities: Skylines - Remastered,422,0.1372
252,608369389,FAR CRY PRIMAL,420,0.1366
253,1935490407,Little Nightmares Enhanced Edition,420,0.1366
254,2135594829,Jurassic World Evolution 2,417,0.1356
255,470244957,LEGO Marvel Super Heroes,406,0.132
256,754791096,Call of Duty®: Infinite Warfare,404,0.1314
257,15959542,DRAGON BALL FIGHTERZ,403,0.1311
258,1986472488,PAW Patrol™ Rescue Wheels™: Championship,403,0.1311
259,1731202267,Need for Speed™ Unbound,400,0.1301
260,2083870981,Who's Your Daddy?!,398,0.1294
261,1096157212,Call of Duty®: WaW,397,0.1291
262,2064168993,Age of Empires II: Definitive Edition,396,0.1288
263,1041486048,DARK SOULS™ III,395,0.1285
264,1841062643,Hunt: Showdown 1896,394,0.1281
265,1631329360,Pixel Strike 3D,394,0.1281
266,1745661457,Valheim (Game Preview),394,0.1281
267,1684508835,"Warhammer 40,000: Darktide",392,0.1275
268,1793309125,WWE 2K24,389,0.1265
269,1680544459,Dying Light: The Beast,387,0.1259
270,1367952835,Far Cry® 4,387,0.1259
271,490838306,Fishing Planet,386,0.1255
272,265691378,STEEP,379,0.1233
273,2098787950,Age of Empires IV: Anniversary Edition,378,0.1229
274,1777860928,Microsoft Flight Simulator (2020),378,0.1229
275,1818602982,RoadCraft,376,0.1223
276,1829869520,Gears of War: Reloaded,372,0.121
277,1873615541,Pool Blitz,371,0.1206
278,2010328709,Assassin's Creed® Mirage,365,0.1187
279,1484511986,Battlefield 4,362,0.1177
280,1832051520,Crime Scene Cleaner,362,0.1177
281,244552082,Left 4 Dead 2,358,0.1164
282,2067705319,NBA 2K24,357,0.1161
283,165599118,Prominence Poker,357,0.1161
284,2077953041,Clone Drone in the Danger Zone,353,0.1148
285,678953862,Borderlands 2,351,0.1141
286,1289871275,Forza Horizon 3,351,0.1141
287,1733257076,Teardown,351,0.1141
288,1879711255,The Outer Worlds 2,350,0.1138
289,1675325475,Drop Duchy - Complete Edition,349,0.1135
290,2090474684,Poppy Playtime: Chapter 1,349,0.1135
291,1833503116,MARVEL Cosmic Invasion,348,0.1132
292,2113731956,Disney Speedstorm,347,0.1128
293,834001943,Dying Light 2: Stay Human - Reloaded Edition,346,0.1125
294,666757656,Rayman Legends,342,0.1112
295,756981192,Borderlands 3,341,0.1109
296,514291876,Assassin's Creed® The Ezio Collection,338,0.1099
297,568182861,ASTRONEER,337,0.1096
298,1808064759,FIFA 22,333,0.1083
299,830718665,DRAGON BALL Z: KAKAROT,332,0.108
300,872826607,Vigor,331,0.1076
301,1465674891,Assetto Corsa,330,0.1073
302,1902585111,DOOM: The Dark Ages,327,0.1063
303,749311689,Plants vs. Zombies: Battle for Neighborville™,326,0.106
304,125226722,DARK SOULS™: REMASTERED,325,0.1057
305,1988609509,PGA TOUR 2K23,325,0.1057
306,1972063516,Sifu,325,0.1057
307,739464821,South Park™: The Fractured but Whole™,324,0.1054
308,1938336894,Sledders,315,0.1024
309,1814675537,Grand Theft Auto: San Andreas – The Definitive Edition,313,0.1018
310,1790216132,Hades,313,0.1018
311,1985019983,Crash Bandicoot™ 4: It’s About Time,312,0.1015
312,572802557,Call of Duty®: Ghosts,311,0.1011
313,939455454,resident evil 4 (2005),311,0.1011
314,1707431222,Jurassic World Evolution 3,309,0.1005
315,2093153073,Party Animals,309,0.1005
316,56347639,Spyro™ Reignited Trilogy,309,0.1005
317,422207632,Castle Crashers Remastered,305,0.0992
318,1911989187,Football Manager 26 Console,303,0.0985
319,1695638358,Vampire Survivors,303,0.0985
320,1616563209,FragPunk,302,0.0982
321,831224608,Need for Speed™ Payback,302,0.0982
322,2068332202,Abiotic Factor,301,0.0979
323,2117764661,Diablo III: Reaper of Souls – Ultimate Evil Edition,301,0.0979
324,244291844,Far Cry 3 Classic Edition,299,0.0972
325,1480657407,Plants vs. Zombies,299,0.0972
326,1955966351,Black Myth: Wukong,293,0.0953
327,1768256893,FINAL FANTASY VII REMAKE INTERGRADE,293,0.0953
328,980944365,Need for Speed™,293,0.0953
329,1134837784,SMITE,290,0.0943
330,2093000869,Slay The Spire,287,0.0933
331,1693391830,SpongeBob SquarePants™: The Patrick Star Game,287,0.0933
332,790047319,Sekiro™: Shadows Die Twice - GOTY Edition,286,0.093
333,1879115757,Trackmania®,285,0.0927
334,331135949,DOOM Eternal (BATTLEMODE),283,0.092
335,1711563707,House Flipper,281,0.0914
336,1768081511,Crusader Kings III,280,0.0911
337,625948041,Slime Rancher,279,0.0907
338,680942588,STAR WARS Jedi: Fallen Order™,279,0.0907
339,1740172423,Totally Reliable Delivery Service,279,0.0907
340,1877908426,Tony Hawk's™ Pro Skater™ 3 + 4,277,0.0901
341,810101074,Dead Cells,273,0.0888
342,1756421327,Teenage Mutant Ninja Turtles: Shredder's Revenge,273,0.0888
343,1848927238,BALL x PIT,272,0.0885
344,1792227428,Indiana Jones and the Great Circle,272,0.0885
345,1414793208,MCLA: Complete,272,0.0885
346,859011533,Assassin's Creed® III Remastered,271,0.0881
347,1922695178,PlateUp!,271,0.0881
348,913783821,Shadow of the Tomb Raider,271,0.0881
349,1687588412,Street Fighter™ 6,271,0.0881
350,1560034050,Assassin's Creed Syndicate,270,0.0878
351,2041731932,Cult of the Lamb,269,0.0875
352,2037306921,Poppy Playtime: Chapter 3,267,0.0868
353,988203152,Stellaris,267,0.0868
354,1768466312,Poppy Playtime: Chapter 2,261,0.0849
355,1687693597,Assetto Corsa Competizione,260,0.0846
356,945976112,Rush: A DisneyPixar Adventure,259,0.0842
357,1874517142,Retro Classics,257,0.0836
358,1799461557,NBA 2K23,256,0.0833
359,2054685746,Mass Effect™ Legendary Edition,252,0.0819
360,1989106096,Sid Meier’s Civilization® VI (Windows PC),252,0.0819
361,2083429980,Nickelodeon All-Star Brawl 2,250,0.0813
362,514006173,Batman: Return to Arkham - Arkham City,249,0.081
363,415563833,DiRT Rally 2.0,249,0.081
364,1966276493,Satisfactory,242,0.0787
365,1799887933,The Witcher 3: Wild Hunt,242,0.0787
366,384396065,Unravel Two,242,0.0787
367,434412541,Rise of the Tomb Raider,241,0.0784
368,801251286,Stick Fight: The Game,241,0.0784
369,2067022016,Call of the Wild: The Angler™,239,0.0777
370,1931936981,Goat Simulator: Remastered (Windows Edition),238,0.0774
371,226054795,MONSTER HUNTER: WORLD™,238,0.0774
372,2120287235,Truck World: Australia - First Haul,237,0.0771
373,1297287213,Gears of War 2,236,0.0767
374,74304278,Tom Clancy’s The Division,236,0.0767
375,1997252569,Need for Speed™ Hot Pursuit Remastered,235,0.0764
376,627891457,Little Nightmares II Enhanced Edition,232,0.0754
377,1065708874,Skull and Bones,232,0.0754
378,2085228810,EA SPORTS™ WRC,230,0.0748
379,1192666733,Mafia III,230,0.0748
380,2021412862,Raft,230,0.0748
381,2041142160,Maximum Football,229,0.0745
382,1480660055,MONOPOLY PLUS,229,0.0745
383,1880727250,Unpacking,228,0.0741
384,655591242,Far Cry® New Dawn,227,0.0738
385,1949242128,SILENT HILL 2,226,0.0735
386,1999574456,Forza Motorsport 7,225,0.0732
387,813411968,LEGO® Marvel Super Heroes 2,225,0.0732
388,1837410971,NARAKA: BLADEPOINT,223,0.0725
389,1863849961,Palia,223,0.0725
390,2110891029,KILL IT WITH FIRE! 2,221,0.0719
391,847310458,South Park™: The Stick of Truth ™,221,0.0719
392,247546985,Destiny,220,0.0715
393,826545257,Tomb Raider: Definitive Edition,219,0.0712
394,860666361,Plants vs. Zombies Garden Warfare,218,0.0709
395,1676173709,Wizard101,216,0.0702
396,1933718863,SUPERHOT: MIND CONTROL DELETE,214,0.0696
397,1877956827,Peppa Pig: World Adventures,212,0.0689
398,1653442250,ROUNDS,211,0.0686
399,84790147,Watch Dogs®: Legion,211,0.0686
400,1297287382,Fable III,210,0.0683
401,1859409710,INDIKA,209,0.068
402,309834943,Wheel Of Fortune®,209,0.068
403,921016611,Crossout,208,0.0676
404,1865076226,MLB® The Show™ 24 Xbox One,208,0.0676
405,585771792,WATCH_DOGS™,208,0.0676
406,1675504069,Mafia: Definitive Edition,205,0.0667
407,1681220621,STAR WARS™ Battlefront™,204,0.0663
408,1030018025,Halo Wars: Definitive Edition (PC),203,0.066
409,1000604311,Resident Evil Revelations 2 (Episode One),203,0.066
410,2154930,Call of Duty®: Modern Warfare® Remastered,202,0.0657
411,2111887267,Sonic Racing: CrossWorlds,201,0.0654
412,1843596190,SPLITGATE: Arena Reloaded,201,0.0654
413,1992367075,Death Howl,200,0.065
414,2082961842,Jujutsu Kaisen Cursed Clash,200,0.065
415,1741206400,Little Nightmares III,199,0.0647
416,1651188120,Path of Exile 2 (Game Preview),197,0.0641
417,2008623143,NINJA GAIDEN 4,196,0.0637
418,1766089184,GoldenEye 007,195,0.0634
419,1877522801,Age of Mythology: Retold,194,0.0631
420,1037514907,Burnout™ Paradise Remastered,193,0.0628
421,20391045,Batman: Return to Arkham - Arkham Asylum,191,0.0621
422,875417719,Call of Duty®: Advanced Warfare,190,0.0618
423,1297287153,Fable II,190,0.0618
424,1727396789,FINAL FANTASY,190,0.0618
425,300763685,ACE COMBAT™ 7: SKIES UNKNOWN,189,0.0615
426,2098044337,Poppy Playtime: Chapter 4,189,0.0615
427,2008403666,Dead Space,188,0.0611
428,1013969466,NARUTO TO BORUTO: SHINOBI STRIKER,187,0.0608
429,1997201494,Aliens: Fireteam Elite,186,0.0605
430,341687485,3on3 FreeStyle,184,0.0598
431,143716413,Dragon Age™: The Veilguard,184,0.0598
432,1795379754,The Walking Dead: The Complete First Season,184,0.0598
433,1840066568,Pigeon Simulator,182,0.0592
434,1708767297,Ryse: Son of Rome,182,0.0592
435,748474487,Cities: Skylines - Windows 10 Edition,181,0.0589
436,1297287815,Fable Anniversary,180,0.0585
437,1029888556,LEGO® Jurassic World™,180,0.0585
438,640703885,LEGO® Marvel's Avengers,180,0.0585
439,367254866,Sleeping Dogs™ Definitive Edition,179,0.0582
440,2032762484,Descenders Next (Game Preview),178,0.0579
441,58472989,Killer Instinct,177,0.0576
442,401515813,Enter The Gungeon,176,0.0572
443,416597888,Hungry Shark® World,175,0.0569
444,2019267377,Madden NFL 23,174,0.0566
445,1931911684,Shredders,174,0.0566
446,1540549950,DARK SOULS™ II: Scholar of the First Sin,173,0.0563
447,1652862446,Super Mega Baseball™ 4,173,0.0563
448,1920237746,FINAL FANTASY II,172,0.0559
449,951560105,Control,171,0.0556
450,1175562227,Just Cause 3,171,0.0556
451,2038330799,Aimlabs,170,0.0553
452,1327376519,DOOM,170,0.0553
453,423941531,LEGO® Harry Potter™ Collection,170,0.0553
454,210179407,Back 4 Blood,168,0.0546
455,148020354,METAL GEAR SOLID V: THE PHANTOM PAIN,168,0.0546
456,1414793242,Bully Scholarship Ed.,165,0.0537
457,2076120890,Deep Rock Galactic: Survivor,165,0.0537
458,2089461712,Expeditions: A MudRunner Game,163,0.053
459,1675444836,The Talos Principle 2,163,0.053
460,2097945335,F1® 23,162,0.0527
461,1812294496,Mecha BREAK,162,0.0527
462,2120976389,Banishers: Ghosts of New Eden,160,0.052
463,1621683201,Dragon's Dogma 2,160,0.052
464,1907796436,DREDGE,160,0.052
465,1670026911,BMX Streets,159,0.0517
466,1843804163,Cooking Simulator,159,0.0517
467,821136798,DC Universe Online,159,0.0517
468,2142027917,Fallout Shelter,159,0.0517
469,1953745880,Roboquest,159,0.0517
470,2081484036,Superliminal,159,0.0517
471,1817032347,My Little Pony: A Zephyr Heights Mystery,158,0.0514
472,346797032,MX vs ATV All Out,156,0.0507
473,2046531735,Predator: Hunting Grounds,153,0.0498
474,975846135,LEGO® DC Super-Villains,152,0.0494
475,531437752,Rogue Company,152,0.0494
476,1414793189,Civilization Revolution,151,0.0491
477,1611051325,Grand Theft Auto: Vice City – The Definitive Edition,151,0.0491
478,1278031123,Resident Evil,150,0.0488
479,1848088335,Subnautica: Below Zero,150,0.0488
480,1880835530,Atomfall,149,0.0485
481,956568979,Need for Speed Rivals,148,0.0481
482,256913032,TEKKEN 7,148,0.0481
483,1714434521,Firefighting Simulator - The Squad,147,0.0478
484,1961670808,UFL,146,0.0475
485,1855426799,FINAL FANTASY XIV Online,145,0.0472
486,1696456823,NBA 2K22,145,0.0472
487,42235288,Neverwinter,145,0.0472
488,1785898011,Sid Meier’s Civilization® VII,145,0.0472
489,1764318423,Call of Duty®: Vanguard,144,0.0468
490,1649660694,The Texas Chain Saw Massacre,144,0.0468
491,868192693,Gotham Knights,143,0.0465
492,1949704395,Green Hell,142,0.0462
493,1793764669,Zombie Army 4: Dead War,142,0.0462
494,1714795112,DOOM + DOOM II,141,0.0459
495,1884682689,Five Nights at Freddy's: Security Breach,141,0.0459
496,724369121,Saints Row,141,0.0459
497,862712929,Star Trek Online,141,0.0459
498,402049843,Black Desert,140,0.0455
499,927474846,Firewatch,140,0.0455
500,1687388278,KINGDOM HEARTS - HD 1.5+2.5 ReMIX -,140,0.0455
501,1761289795,FIFA 21,139,0.0452
502,1725517447,House Flipper 2,139,0.0452
503,2013083896,NINJA GAIDEN: Ragebound,139,0.0452
504,712238930,Saints Row 2,139,0.0452
505,1112934455,Star Wars Battlefront II,139,0.0452
506,19060482,Trials® Rising,139,0.0452
507,1940322572,Five Nights at Freddy's,138,0.0449
508,2029805012,MultiVersus,138,0.0449
509,2008811924,Wolfenstein II: The New Colossus,138,0.0449
510,2029730324,Mad Max,137,0.0446
511,1911508378,RoboCop: Rogue City,137,0.0446
512,2079828144,Holdfast: Nations At War,136,0.0442
513,144439061,The Evil Within,136,0.0442
514,645502086,The Four Kings Casino and Slots,135,0.0439
515,850118036,Generation Zero®,134,0.0436
516,1889714780,Lords of the Fallen,134,0.0436
517,245236582,Celeste,133,0.0433
518,1715352825,Five Nights at Freddy's 2,133,0.0433
519,446059611,Forza Horizon 2,133,0.0433
520,1994868821,Predecessor,133,0.0433
521,1997535850,SpiderHeck,133,0.0433
522,1677025209,Wolfenstein: The New Order,133,0.0433
523,954605110,Assassin’s Creed® Rogue Remastered,132,0.0429
524,196631666,EA SPORTS™ FIFA 20,132,0.0429
525,682404126,Paladins,132,0.0429
526,995095203,Warface: Clutch,132,0.0429
527,433376346,FIFA 18,131,0.0426
528,1751185882,METAL GEAR SOLID Δ: SNAKE EATER,131,0.0426
529,605932637,Hello Neighbor,130,0.0423
530,1712074146,WUCHANG: Fallen Feathers,130,0.0423
531,199746733,Conan Exiles,129,0.042
532,1694054782,Forza Motorsport 6,129,0.042
533,1645572933,Starlit Kart Racing,129,0.042
534,1912255927,Ultimate Sheep Raccoon,129,0.042
535,1682965706,Another Crab's Treasure,128,0.0416
536,1947019474,ScootX,128,0.0416
537,1673618851,Egging On,127,0.0413
538,1985144601,Stranded Deep,127,0.0413
539,5433956,Dead Island Definitive Edition,126,0.041
540,1033937373,Don't Starve Together: Console Edition,126,0.041
541,1185249228,Trials Fusion,126,0.041
542,1660320477,Undertale,126,0.041
543,2128853757,Cricket 24,125,0.0406
544,442175237,Peggle,125,0.0406
545,767263759,Rock Band 4,125,0.0406
546,482947130,Clicker Heroes,124,0.0403
547,1480659550,Joy Ride Turbo,124,0.0403
548,33936946,Zoo Tycoon: Ultimate Animal Collection,124,0.0403
549,2115352193,Pacific Drive,123,0.04
550,366337421,Borderlands: Game of the Year Edition,122,0.0397
551,2128546794,NARUTO X BORUTO Ultimate Ninja STORM CONNECTIONS,122,0.0397
552,1621567212,ROUTINE,122,0.0397
553,367004125,BioShock Remastered,121,0.0393
554,1693050229,Madden NFL 22,121,0.0393
555,119262432,The Jackbox Party Pack 3,121,0.0393
556,885488152,INSIDE,120,0.039
557,1045960524,Metro Exodus,119,0.0387
558,1707142453,WWE 2K23,119,0.0387
559,1700051314,Deceit 2,118,0.0384
560,1964043658,Mafia II: Definitive Edition,118,0.0384
561,1908796053,NASCAR Heat 5,118,0.0384
562,1475571605,Gears of War: Ultimate Edition,117,0.038
563,1639060910,Minecraft Legends - Windows,117,0.038
564,2005028938,S.T.A.L.K.E.R. 2: Heart of Chornobyl - Windows Edition,117,0.038
565,59903186,Call of Duty®: Modern Warfare® 2 Campaign Remastered,116,0.0377
566,2097321401,Blue Prince,115,0.0374
567,821886458,LEGO® Batman™ 2,115,0.0374
568,1096157158,Modern Warfare®,115,0.0374
569,2013541297,"Warhammer 40,000: Space Marine - Master Crafted Edition",115,0.0374
570,1693830737,Alan Wake 2,114,0.0371
571,935319545,FIFA 19,114,0.0371
572,2051131113,TopSpin 2K25,114,0.0371
573,2131572088,Evil West,113,0.0367
574,1935604508,Train Sim World® 5: Free Starter Pack,113,0.0367
575,1669281297,War Robots: Frontiers,113,0.0367
576,1480657521,Doritos Crash Course,112,0.0364
577,2103789015,Monster Hunter Rise,112,0.0364
578,2040766801,Test Drive Unlimited Solar Crown,112,0.0364
579,2030752353,The Binding of Isaac: Repentance,112,0.0364
580,1984504844,Bleach: Brave Souls Anime Game,111,0.0361
581,1297287125,Gears of War,111,0.0361
582,1009393042,Middle-earth™: Shadow of Mordor™ - Game of the Year Edition,111,0.0361
583,722006140,EA SPORTS™ UFC® 3,110,0.0358
584,1674901200,Inscryption,110,0.0358
585,504827243,Life Is Strange,110,0.0358
586,1858883035,CODE VEIN II,109,0.0354
587,924775200,Devil May Cry 5,109,0.0354
588,2028249570,MIO: Memories in Orbit,109,0.0354
589,1864882669,Persona 4 Golden,109,0.0354
590,1969906662,MY HERO ACADEMIA: All’s Justice,108,0.0351
591,1744345373,WWE 2K22,108,0.0351
592,101393300,LEGO® Batman™ 3: Beyond Gotham,107,0.0348
593,1655054632,My Friendly Neighborhood,107,0.0348
594,196423588,Outlast,107,0.0348
595,1931947471,Persona 5 Royal,107,0.0348
596,231674300,The Walking Dead: Season Two,107,0.0348
597,1663711933,FINAL FANTASY XVI,106,0.0345
598,884612576,Sonic Mania,106,0.0345
599,2142076307,Anno 1800™,105,0.0341
600,491595024,LEGO Batman,105,0.0341
601,1713510228,RIDE 5,105,0.0341
602,759485819,The Escapists 2,105,0.0341
603,1830825388,SILENT HILL f,104,0.0338
604,895890707,ULTIMATE MARVEL VS. CAPCOM 3,104,0.0338
605,1808134657,ANNO : Mutationem,103,0.0335
606,69094388,EA SPORTS™ FIFA 17,103,0.0335
607,164371165,LEGO Star Wars: TCS,103,0.0335
608,1771989345,Lightyear Frontier (Game Preview),103,0.0335
609,1957137539,Rabbids®: Party of Legends,103,0.0335
610,1903138273,Sonic Frontiers,103,0.0335
611,583749034,SOULCALIBUR VI,103,0.0335
612,1161890070,Alice: Madness Returns,102,0.0332
613,2123297300,JoJo's Bizarre Adventure: All-Star Battle R,102,0.0332
614,1414793323,Max Payne 3,102,0.0332
615,429066719,Saints Row IV: Re-Elected,102,0.0332
616,1684061010,SWORN,102,0.0332
617,668438210,LEGO® CITY Undercover,101,0.0328
618,2006666244,NBA 2K21,101,0.0328
619,527255540,Dishonored 2,100,0.0325
620,2103079736,Hamster Playground,100,0.0325
621,856376259,NBA 2K19,100,0.0325
622,2063484815,Train Sim World® 6: Free Starter Pack,100,0.0325
623,2122418461,Bratz® Rhythm & Style,99,0.0322
624,1911932812,DIRT 5,99,0.0322
625,597771444,Gems of War,99,0.0322
626,2035456122,Grand Theft Auto VI,99,0.0322
627,819720203,JUMP FORCE,99,0.0322
628,1790217657,Five Nights at Freddy's 4,98,0.0319
629,1297287625,Forza Horizon,98,0.0319
630,1480657456,BattleBlock Theater,97,0.0315
631,337857707,Bendy and the Ink Machine,96,0.0312
632,1943631392,Digimon Story Time Stranger,96,0.0312
633,976905576,Dragon Age™: Inquisition,96,0.0312
634,504518218,L.A. Noire,96,0.0312
635,1970109802,Madden NFL 21,96,0.0312
636,1853524575,Mafia: The Old Country,96,0.0312
637,1946484624,Session: Skate Sim,96,0.0312
638,1884079219,Slime Rancher 2,96,0.0312
639,290870045,SpeedRunners,96,0.0312
640,2032937393,Cup Heroes,95,0.0309
641,2045404355,Dome Keeper,95,0.0309
642,1659804324,Ori and the Will of the Wisps,95,0.0309
643,1469186547,Resident Evil 0,95,0.0309
644,34441781,Saints Row The Third Remastered,95,0.0309
645,1619985048,Deadside,94,0.0306
646,1910114469,Deadzone: Rogue,94,0.0306
647,1955542194,Grand Theft Auto III – The Definitive Edition,94,0.0306
648,217258585,Killing Floor 2,94,0.0306
649,1728797774,ONE PIECE: PIRATE WARRIORS 4,94,0.0306
650,1797047526,Voidtrain,94,0.0306
651,1246613109,Borderlands: The Pre-Sequel,93,0.0302
652,2047911802,For The King II,93,0.0302
653,1012216522,Just Cause 4,93,0.0302
654,1947752727,Monster Hunter Stories 3: Twisted Reflection Trial Version,93,0.0302
655,1684896411,Off The Grid (Game Preview),93,0.0302
656,1891931390,MXGP 2021 - The Official Motocross Videogame,92,0.0299
657,1633340711,Spray Paint Simulator,92,0.0299
658,1754564226,Atlas Fallen: Reign of Sand (Windows),91,0.0296
659,791051466,Disneyland Adventures,91,0.0296
660,136002788,Farming Simulator 19,91,0.0296
661,1777477395,MLB® The Show™ 21 Xbox Series X | S,91,0.0296
662,2119739112,Monster Train 2,91,0.0296
663,903593533,Path of Exile,91,0.0296
664,1801842805,Throne and Liberty,91,0.0296
665,386788672,Cars 3: Driven to Win,90,0.0293
666,1613480279,NBA 2K20,90,0.0293
667,1694250070,Super Animal Royale,90,0.0293
668,1762703770,The Lord of the Rings: Return to Moria™,90,0.0293
669,212680242,DEAD OR ALIVE 6: Core Fighters,89,0.0289
670,1846145161,Metaphor: ReFantazio,89,0.0289
671,1820656575,NHL® 23,89,0.0289
672,2122057393,Relooted,89,0.0289
673,690285705,The Long Dark,89,0.0289
674,1777668222,GRID Legends,88,0.0286
675,1777116945,Moving Out 2,88,0.0286
676,848717329,Peggle 2,88,0.0286
677,1397032978,SONIC UNLEASHED,88,0.0286
678,867642949,LEGO® Worlds,87,0.0283
679,1480659422,The Walking Dead,87,0.0283
680,1112934373,Toy Story 3,87,0.0283
681,1976275779,ARMORED CORE™ VI FIRES OF RUBICON™,86,0.028
682,1973635123,Mad Streets,86,0.028
683,2119541613,Paint the Town Red,86,0.028
684,1846016063,"Warhammer 40,000: Rogue Trader",86,0.028
685,93105265,Friday the 13th: The Game,85,0.0276
686,1814244511,Nine Sols,85,0.0276
687,2024220276,Phantasy Star Online 2 New Genesis,85,0.0276
688,1161889999,Dante's Inferno™,84,0.0273
689,2068802336,Drift Legends 2,84,0.0273
690,398011207,LIMBO,84,0.0273
691,422246343,Tom Clancy’s Rainbow Six® Extraction,84,0.0273
692,2021058326,Way of the Hunter,84,0.0273
693,301917535,Battlefield™ Hardline,83,0.027
694,1802647542,DRAGON QUEST VII Reimagined,83,0.027
695,1691448998,Farm Together 2,83,0.027
696,1712655251,Garten of Banban 1,83,0.027
697,5117102,HITMAN™ 2,83,0.027
698,25952469,Kingdom Two Crowns,83,0.027
699,1251455286,Metro 2033 Redux,83,0.027
700,2035760753,PAW Patrol World,83,0.027
701,108727346,Suicide Squad: Kill the Justice League,83,0.027
702,1100121502,Dishonored® Definitive Edition,82,0.0267
703,148078765,Madden NFL 20,82,0.0267
704,1590411380,Mass Effect™: Andromeda,82,0.0267
705,1688832803,Monster Energy Supercross - The Official Videogame 6,82,0.0267
706,472512000,Resident Evil Revelations,82,0.0267
707,1735182051,SONIC X SHADOW GENERATIONS,82,0.0267
708,2141212892,33 Immortals,81,0.0263
709,1986852796,Brews & Bastards,81,0.0263
710,1263405066,METAL GEAR RISING: REVENGEANCE,81,0.0263
711,1920996408,Age of Wonders 4,79,0.0257
712,1970218801,Dead by Daylight Windows,79,0.0257
713,1923160643,Dead Rising 3,79,0.0257
714,528369592,Devil May Cry HD Collection,79,0.0257
715,1297287718,Gears of War: Judgment,79,0.0257
716,1747676401,Planet Coaster 2,79,0.0257
717,2042908226,Rugby League 26,79,0.0257
718,1682965190,Stray,79,0.0257
719,1634720918,Ultimate Custom Night,79,0.0257
720,1022544763,HITMAN™,78,0.0254
721,218079485,Injustice: Gods Among Us,78,0.0254
722,2071061510,Lies of P,78,0.0254
723,1658810016,Resident Evil Requiem,78,0.0254
724,2010543124,Star Trek: Voyager - Across the Unknown,78,0.0254
725,618537566,The Outer Worlds,78,0.0254
726,1761802913,Total Chaos,78,0.0254
727,1479999542,Unravel,78,0.0254
728,1926334123,Yakuza Kiwami 3 & Dark Ties,78,0.0254
729,1997835037,I Am Your Beast,77,0.025
730,1670311038,Persona 3 Reload,77,0.025
731,1871994086,Planet Zoo: Console Edition,77,0.025
732,2089483628,A Plague Tale: Requiem,76,0.0247
733,693381002,LEGO® The Incredibles,76,0.0247
734,1792749432,Alan Wake Remastered,75,0.0244
735,859843286,Hellblade: Senua's Sacrifice,75,0.0244
736,1822591938,Revenge of the Savage Planet,75,0.0244
737,1861545287,Tainted Grail: The Fall of Avalon,75,0.0244
738,1579532320,Sunset Overdrive,74,0.0241
739,1480657236,Banjo-Kazooie,73,0.0237
740,1267471686,DEAD OR ALIVE 5 Last Round: Core Fighters,73,0.0237
741,1792638437,Lost Records: Bloom & Rage,73,0.0237
742,1803631176,MechWarrior 5: Mercenaries,73,0.0237
743,2113515818,MLB® The Show™ 23 Xbox Series X|S,73,0.0237
744,2053707080,NINJA GAIDEN 2 Black,73,0.0237
745,1128466466,RESIDENT EVIL CODE: Veronica X,73,0.0237
746,548623535,SpongeBob SquarePants: Battle for Bikini Bottom - Rehydrated,73,0.0237
747,2109806164,World of Outlaws: Dirt Racing 24,73,0.0237
748,1161889784,Army of Two™,72,0.0234
749,1747946954,Construction Simulator,72,0.0234
750,686783342,Divinity: Original Sin 2 - Definitive Edition,72,0.0234
751,1705097731,Halls of Torment,72,0.0234
752,1480659458,Sonic Adventure™ 2 ,72,0.0234
753,1767703473,Tony Hawk's™ Pro Skater™ 1 + 2,72,0.0234
754,1007715169,Warhammer: Vermintide 2,72,0.0234
755,1867148258,eFootball PES 2021 SEASON UPDATE,71,0.0231
756,1297287259,Halo: Reach,71,0.0231
757,1874376911,Splitgate,71,0.0231
758,170773198,The Evil Within® 2,71,0.0231
759,654883159,The LEGO® NINJAGO® Movie Video Game,71,0.0231
760,282062756,The Walking Dead: A New Frontier - Episode 1,71,0.0231
761,1750701033,Tiny Tina's Wonderlands for Xbox Series X|S,71,0.0231
762,12206284,eFootball PES 2020,70,0.0228
763,1414793400,Grand Theft Auto: San Andreas,70,0.0228
764,964019698,Immortals Fenyx Rising™,70,0.0228
765,1161890066,Portal 2,70,0.0228
766,2021825958,RIDE 6,70,0.0228
767,31939361,The Walking Dead: The Final Season,70,0.0228
768,327364101,Trackmania® Turbo,70,0.0228
769,1161890128,Battlefield 3™,69,0.0224
770,1822990481,BLEACH Rebirth of Souls,69,0.0224
771,1789091683,Rain World,69,0.0224
772,2052426459,EA SPORTS™ FIFA 16,68,0.0221
773,40509624,KINGDOM HEARTS Ⅲ,68,0.0221
774,2110974782,MARVEL vs. CAPCOM Fighting Collection: Arcade Classics,68,0.0221
775,515050978,Rare Replay,68,0.0221
776,1397033053,Sonic & All-Stars Racing Transformed,68,0.0221
777,1159891781,Wolfenstein: The Old Blood,68,0.0221
778,1984358909,Expansion for Explorers Pack 1,67,0.0218
779,13980132,Left 4 Dead,67,0.0218
780,1754663581,MULLET MADJACK,67,0.0218
781,1649441503,The Game of Life 2,67,0.0218
782,1941033112,Anno 117: Pax Romana,66,0.0215
783,1480659414,Bejeweled 3,66,0.0215
784,1841011808,Blizzard® Arcade Collection,66,0.0215
785,1161890157,SSX,66,0.0215
786,1731121397,The Quarry,66,0.0215
787,591371027,Trove,66,0.0215
788,1794039305,Coral Island,65,0.0211
789,575414105,Life is Strange 2 - Episode 1,65,0.0211
790,1685135803,NHL® 22,65,0.0211
791,1995576035,Remnant II® - Standard Edition,65,0.0211
792,2065981028,Rooftops & Alleys: The Parkour Game,65,0.0211
793,1928322650,Snooker Blitz,65,0.0211
794,1848367053,Star Trucker,65,0.0211
795,1827287476,World of Outlaws: Dirt Racing,65,0.0211
796,1900564739,New Super Lucky's Tale,64,0.0208
797,1921488037,The Settlers®: New Allies,64,0.0208
798,1480659632,Call of Juarez® Gunslinger,63,0.0205
799,1777438490,Devil May Cry 5 Special Edition,63,0.0205
800,2081060870,Maneater,63,0.0205
801,2136035101,Monopoly Madness,63,0.0205
802,1882004205,Neon Abyss,63,0.0205
803,2065674944,Resident Evil Re:Verse,63,0.0205
804,100764563,Sniper Elite 4,63,0.0205
805,1704490079,South of Midnight,63,0.0205
806,1678459920,Towerborne,63,0.0205
807,409741425,Worms W.M.D,63,0.0205
808,551688870,XCOM® 2,63,0.0205
809,274976276,ARCADE GAME SERIES: PAC-MAN,62,0.0202
810,699731308,BioShock Infinite: The Complete Edition,62,0.0202
811,1946419297,Jump Space (Game Preview),62,0.0202
812,2036178233,Monster Energy Supercross 25 - The Official Video Game,62,0.0202
813,1431504903,TC's RainbowSix Vegas2,62,0.0202
814,996030243,BioShock 2 Remastered,61,0.0198
815,2136041956,DOOM 64,61,0.0198
816,572268056,Little Nightmares,61,0.0198
817,105831487,NARUTO SHIPPUDEN™: Ultimate Ninja® STORM 3 Full Burst,61,0.0198
818,2030027058,Wartales,61,0.0198
819,964785867,Dead Space™ 2,60,0.0195
820,1797553917,DYNASTY WARRIORS: ORIGINS,60,0.0195
821,2109344129,FINAL FANTASY XV WINDOWS EDITION,60,0.0195
822,2067126551,Forza Motorsport 5,60,0.0195
823,1297287254,Fuzion Frenzy®,60,0.0195
824,705006443,Jurassic World Evolution,60,0.0195
825,564131151,Kerbal Space Program Enhanced Edition,60,0.0195
826,340920273,Overcooked,60,0.0195
827,1648684496,Sonic Origins,60,0.0195
828,2122392131,Winter Burrow,60,0.0195
829,1860089403,Ghostwire: Tokyo,59,0.0192
830,1302301894,Powerstar Golf,59,0.0192
831,1431505028,Rayman® Origins,59,0.0192
832,1771004118,Sniper Elite 5,59,0.0192
833,1890789689,The Casting of Frank Stone™,59,0.0192
834,1480656879,Zuma,59,0.0192
835,1865197952,Boomerang Fu,58,0.0189
836,1702196563,Frostpunk 2,58,0.0189
837,1880089265,Guilty Gear -Strive-,58,0.0189
838,559544937,Ori and the Blind Forest: Definitive Edition,58,0.0189
839,1705990324,Space Engineers,58,0.0189
840,2030524086,As Dusk Falls,57,0.0185
841,1431504852,Assassin's Creed,57,0.0185
842,102287491,Marvel's Avengers Definitive Edition,57,0.0185
843,1987587652,Overcooked! All You Can Eat,57,0.0185
844,2032369368,Scott Pilgrim vs. The World™: The Game – Complete Edition,57,0.0185
845,1957968654,Destroy All Humans! - Clone Carnage,56,0.0182
846,490701180,Devil May Cry 4 Special Edition,56,0.0182
847,1464993789,Mortal Kombat,56,0.0182
848,485601591,NARUTO SHIPPUDEN™: Ultimate Ninja® STORM 2,56,0.0182
849,971220532,NBA 2K Playgrounds 2,56,0.0182
850,883004381,skate. (2007),56,0.0182
851,1785174857,Spelunky 2,56,0.0182
852,852732437,State of Decay: Year-One,56,0.0182
853,1096157436,Call of Duty®: Ghosts,55,0.0179
854,607966981,FINAL FANTASY VII,55,0.0179
855,1279330291,LEGO Star Wars III ,55,0.0179
856,1112737785,Morrowind,55,0.0179
857,1650588295,OddBallers™,55,0.0179
858,1728022534,Plants vs. Zombies™: Replanted,55,0.0179
859,2028975703,Superball,55,0.0179
860,1812456871,Battletoads,54,0.0176
861,1692871917,Frozen Free Fall: Snowball Fight,54,0.0176
862,1696603875,Gas Station Simulator,54,0.0176
863,2000897177,Mortal Kombat: Legacy Kollection,54,0.0176
864,1414596731,MX vs. ATV Alive,54,0.0176
865,1480656948,Pinball FX,54,0.0176
866,993798593,SUPER STREETFIGHTER IV ARCADE EDITION,54,0.0176
867,840545531,Dead Space™ 3,53,0.0172
868,1005790042,Resident Evil 7 Teaser: Beginning Hour,53,0.0172
869,1414596717,Saints Row®: The Third™ ,53,0.0172
870,871098991,STAR WARS™: Squadrons,53,0.0172
871,1128466401,STREET FIGHTER IV,53,0.0172
872,659391373,WWE 2K16,53,0.0172
873,1115757811,Alien: Isolation,52,0.0169
874,2079414802,CATAN® - Console Edition,52,0.0169
875,1880193218,Century: Age of Ashes,52,0.0169
876,1817185896,Easy Red 2,52,0.0169
877,1689264723,FIFA 15,52,0.0169
878,1664487314,Football Manager 26,52,0.0169
879,2094642688,Just Shapes & Beats,52,0.0169
880,1480657103,Metal Slug 3,52,0.0169
881,511110146,Metro: Last Light Redux,52,0.0169
882,200732952,Project CARS 2,52,0.0169
883,1983212679,Bloons TD 6,51,0.0166
884,2137663855,Chip ‘n Clawz vs. The Brainioids,51,0.0166
885,1863597561,Coloring Book,51,0.0166
886,1628280816,Faaast Penguin,51,0.0166
887,1297287142,Halo 3,51,0.0166
888,1639666819,INAZUMA ELEVEN: Victory Road,51,0.0166
889,2049727100,METAL GEAR SOLID - Master Collection Version,51,0.0166
890,1931921361,Monster Energy Supercross - The Official Videogame 5,51,0.0166
891,2092112354,Monster Jam™ Showdown,51,0.0166
892,1890581353,Blasphemous,50,0.0163
893,760882151,CRSED: F.O.A.D.,50,0.0163
894,427070178,FINAL FANTASY X/X-2 HD Remaster,50,0.0163
895,1616046491,Gears Tactics - Base Game,50,0.0163
896,1480657258,Hydro Thunder,50,0.0163
897,1926489287,Marvel's Midnight Suns,50,0.0163
898,185283316,MX vs ATV Reflex,50,0.0163
899,1128466461,Resident Evil Operation Raccoon City,50,0.0163
900,217831213,RISK,50,0.0163
901,2042287543,Aliens: Dark Descent,49,0.0159
902,1690468494,DEATHLOOP,49,0.0159
903,1867652631,Firefighting Simulator: Ignite,49,0.0159
904,1993022209,Hi-Fi RUSH,49,0.0159
905,1900811986,Kingdoms of Amalur: Re-Reckoning,49,0.0159
906,1998994208,Monster Energy Supercross - The Official Videogame 3,49,0.0159
907,469309830,NARUTO™: Ultimate Ninja® STORM,49,0.0159
908,1112737745,Oblivion,49,0.0159
909,521893123,ONE PIECE World Seeker,49,0.0159
910,1805770178,PAW Patrol Mighty Pups Save Adventure Bay,49,0.0159
911,1616307670,PAYDAY 3,49,0.0159
912,1667881927,Redfall,49,0.0159
913,1715865995,Back to the Dawn,48,0.0156
914,793598300,CODE VEIN,48,0.0156
915,1270951403,Dead Rising 4,48,0.0156
916,1161889984,Dragon Age: Origins,48,0.0156
917,374274123,EA SPORTS™ NHL® 19,48,0.0156
918,1044501532,Jeopardy!,48,0.0156
919,2143308729,Monster Hunter Stories,48,0.0156
920,374430704,NBA 2K17,48,0.0156
921,961593710,NHL® 20,48,0.0156
922,333628240,Quantum Break,48,0.0156
923,1397033032,Sonic Generations,48,0.0156
924,1431505078,Tom Clancy’s Splinter Cell® Blacklist™,48,0.0156
925,1480657242,Trials HD,48,0.0156
926,1777774126,Visions of Mana,48,0.0156
927,2004428777,WILD HEARTS™ Standard Edition,48,0.0156
928,2024046503,60 Seconds! Reatomized,47,0.0153
929,1963141187,Crypt Custodian,47,0.0153
930,717702870,OUTRIDERS,47,0.0153
931,907086072,Prey,47,0.0153
932,2028530104,Prince of Persia The Lost Crown,47,0.0153
933,1702869784,Project Motor Racing,47,0.0153
934,1263405125,Silent Hill:  HD Collection,47,0.0153
935,2006710939,Skater XL,47,0.0153
936,1726756158,Spiritfarer®: Farewell Edition,47,0.0153
937,2000011414,Starlit Adventures,47,0.0153
938,2047601430,Truck and Logistics Simulator,47,0.0153
939,1480657237,Banjo-Tooie,46,0.015
940,1663573292,Bendy and the Dark Revival,46,0.015
941,1161889896,BLACK™,46,0.015
942,1835926818,Hellblade II: Senua's Saga,46,0.015
943,1654542558,Hotline Miami,46,0.015
944,1935747145,Prototype®2,46,0.015
945,2114908664,Quarantine Zone: The Last Check,46,0.015
946,1646985614,Space Jam: A New Legacy - The Game,46,0.015
947,909409687,Star Wars: The Force Unleashed,46,0.015
948,2040514027,Terminull Brigade™,46,0.015
949,1819798709,Tetris® Effect: Connected,46,0.015
950,8769689,Ancestors: The Humankind Odyssey,45,0.0146
951,1668430766,Cities: Skylines II,45,0.0146
952,1297287356,Crackdown 2,45,0.0146
953,2014650813,Minecraft: Story Mode - Episode 1: The Order of the Stone,45,0.0146
954,1685499852,Monster Hunter Stories 2: Wings of Ruin,45,0.0146
955,285742376,NBA 2K16,45,0.0146
956,1941663847,Starship Troopers: Extermination,45,0.0146
957,1480657498,Super Meat Boy,45,0.0146
958,2104181770,The First Berserker: Khazan,45,0.0146
959,2028925271,Trepang2,45,0.0146
960,2022801826,WWE 2K26 Standard Edition,45,0.0146
961,230716687,Biomutant,44,0.0143
962,696196977,DRAGON BALL XENOVERSE,44,0.0143
963,1673998520,F1® Manager 2024,44,0.0143
964,1613695074,Five Nights at Freddy's 3,44,0.0143
965,1898092029,Inops,44,0.0143
966,1279330271,LEGO Indiana Jones,44,0.0143
967,893913058,MX Unleashed,44,0.0143
968,1909911128,NASCAR Heat 4,44,0.0143
969,1864659895,Sniper Ghost Warrior Contracts 2,44,0.0143
970,155936527,Street Fighter 30th Anniversary Collection,44,0.0143
971,1755825192,The LEGO Movie Videogame,44,0.0143
972,1288959033,Viva Piñata,44,0.0143
973,496534680,Wolfenstein: Youngblood,44,0.0143
974,1717071867,ZOMBI,44,0.0143
975,552778408,EA SPORTS™ UFC® 2,43,0.014
976,1828807544,Harry Potter: Quidditch Champions,43,0.014
977,1070680307,MudRunner,43,0.014
978,2052095073,Ravenswatch,43,0.014
979,1957310205,Streets of Rage 4,43,0.014
980,2098462228,The Jackbox Party Pack 7,43,0.014
981,1628688048,Atomic Heart,42,0.0137
982,2140283055,Baldur's Gate and Baldur's Gate II: Enhanced Editions,42,0.0137
983,1736409202,DEEEER Simulator: Your Average Everyday Deer Game,42,0.0137
984,1906937527,Far Cry 3 Blood Dragon Classic Edition,42,0.0137
985,440611906,LEGO Pirates of the Caribbean: The Video Game,42,0.0137
986,2028723617,LEGO® Party!,42,0.0137
987,1944276274,Little Rocket Lab,42,0.0137
988,1923279922,Marvel's Guardians of the Galaxy,42,0.0137
989,1999452651,Polterguys: Possession Party,42,0.0137
990,129325438,SONIC FORCES,42,0.0137
991,1633152429,SONIC SUPERSTARS,42,0.0137
992,1431505090,Assassin’s Creed® IV,41,0.0133
993,1885205020,Cash Cleaner Simulator,41,0.0133
994,1297287132,Crackdown,41,0.0133
995,2019604779,Cricket 26 - The Official Game of the Ashes,41,0.0133
996,856892583,Darksiders II Deathinitive Edition,41,0.0133
997,1161889879,Dead Space,41,0.0133
998,1824138520,Mirror's Edge™ Catalyst,41,0.0133
999,2118184557,Monster Jam Steel Titans 2,41,0.0133
1000,2030792699,PGA TOUR 2K21,41,0.0133
1001,1696173302,RIDE 4,41,0.0133
1002,1955054478,Smalland: Survive the Wilds,41,0.0133
1003,1480657445,Sonic Adventure,41,0.0133
1004,1774337609,Vampire: The Masquerade® - Bloodlines™ 2,41,0.0133
1005,1307429766,Worms Battlegrounds,41,0.0133
1006,531971604,WWE 2K19,41,0.0133
1007,1615431074,1000xRESIST,40,0.013
1008,1025057816,Battle Ages,40,0.013
1009,972461615,Battle Islands,40,0.013
1010,1161889756,Burnout Revenge,40,0.013
1011,849613404,Dragon's Dogma: Dark Arisen,40,0.013
1012,439107693,Dungeon Defenders II,40,0.013
1013,1814325409,Fantasy Dash,40,0.013
1014,1840565677,Island Saver,40,0.013
1015,1775780452,Just Dance Free Experience,40,0.013
1016,1876744786,Killing Floor 3,40,0.013
1017,1764536463,LEGO® The Hobbit™,40,0.013
1018,731662901,Monster Energy Supercross - The Official Videogame,40,0.013
1019,87350449,NieR:Automata™ BECOME AS GODS Edition,40,0.013
1020,1868826586,RimWorld Console Edition,40,0.013
1021,2048545274,Rubber Bandits,40,0.013
1022,1840411466,Untitled Goose Game,40,0.013
1023,449394673,Vampyr,40,0.013
1024,974586226,We Happy Few,40,0.013
1025,1161889782, Medal of Honor Airborne,39,0.0127
1026,588577476,ARCADE GAME SERIES: GALAGA,39,0.0127
1027,1480656967,Castlevania: SOTN,39,0.0127
1028,1625569842,Choo-Choo Charles,39,0.0127
1029,1871238901,Crime Boss: Rockay City,39,0.0127
1030,488156801,GreedFall,39,0.0127
1031,810085329,Mirror's Edge™,39,0.0127
1032,880031210,NBA LIVE 19,39,0.0127
1033,1606375163,Pinball FX3,39,0.0127
1034,1726129713,Planet Coaster: Console Edition,39,0.0127
1035,474501413,RIDE 3,39,0.0127
1036,1669831089,Gold Mining Simulator,38,0.0124
1037,506903100,Madden NFL 18,38,0.0124
1038,369157937,MARVEL VS. CAPCOM: INFINITE,38,0.0124
1039,587488276,Outlast 2,38,0.0124
1040,2021110805,Roblox - Not Supported,38,0.0124
1041,240091546,SUPERHOT,38,0.0124
1042,1886320845,DAVE THE DIVER,37,0.012
1043,1659464109,Elite Dangerous Core,37,0.012
1044,1761060600,Happy Wars,37,0.012
1045,1774172067,HOT WHEELS UNLEASHED™ 2 - Turbocharged,37,0.012
1046,2047199918,Isonzo (Windows),37,0.012
1047,1703270586,Kingdom Come: Deliverance,37,0.012
1048,304932652,NHL® 21,37,0.012
1049,487177805,Prison Architect: Xbox One Edition,37,0.012
1050,914276891,RAGE 2,37,0.012
1051,1615232474,The Walking Dead: The Telltale Definitive Series,37,0.012
1052,1096157153,Call of Duty® 3,36,0.0117
1053,1682154324,DPS Idle,36,0.0117
1054,1952256197,F1 2020,36,0.0117
1055,1928512137,FBC: Firebreak,36,0.0117
1056,1683674669,Ghostbusters: Spirits Unleashed Ecto Edition,36,0.0117
1057,1802207786,HOT WHEELS UNLEASHED™ - Windows Edition,36,0.0117
1058,1414596574,MX vs. ATV: Untamed,36,0.0117
1059,1739902381,PBA Pro Bowling 2026,36,0.0117
1060,1480657248,Portal: Still Alive,36,0.0117
1061,838726055,PRO EVOLUTION SOCCER 2018,36,0.0117
1062,1112934375,Split/Second,36,0.0117
1063,1788169756,Taxi Life: A City Driving Simulator,36,0.0117
1064,1397033002,Aliens vs Predator,35,0.0114
1065,869628338,Attack on Titan 2,35,0.0114
1066,1161889989,Brütal Legend,35,0.0114
1067,1624755708,Contraband Police,35,0.0114
1068,1864660438,Dead Static Drive,35,0.0114
1069,1751733247,Doki Doki Literature Club Plus!,35,0.0114
1070,2096821037,DOOM 3,35,0.0114
1071,1249526091,Madden NFL 16,35,0.0114
1072,1919875042,MLB® The Show™ 22 Xbox Series X | S,35,0.0114
1073,505222320,Monster Jam Steel Titans,35,0.0114
1074,1833175061,MXGP 2019 - The Official Motocross Videogame,35,0.0114
1075,1833883015,Rust Console Edition X|S - Public Test Branch,35,0.0114
1076,1112934452,STAR WARS KOTOR,35,0.0114
1077,1313671164,TEKKEN 6,35,0.0114
1078,1313671257,TEKKEN TAG TOURNAMENT 2,35,0.0114
1079,1748769487,The Jackbox Party Pack 6,35,0.0114
1080,1278892798,TRIVIAL PURSUIT LIVE!,35,0.0114
1081,1848191014,TUNIC,35,0.0114
1082,530599647,Homefront®: The Revolution,34,0.0111
1083,1947900602,Like a Dragon: Infinite Wealth,34,0.0111
1084,1620704918,Minami Lane,34,0.0111
1085,1676550189,MY HERO ONE'S JUSTICE 2,34,0.0111
1086,1843641391,Quake,34,0.0111
1087,1691013379,Secret Neighbor,34,0.0111
1088,275132544,SEGA® Genesis Classics™,34,0.0111
1089,978050046,ShellShock Live,34,0.0111
1090,1297287149,Banjo Kazooie: N n B,33,0.0107
1091,1823385601,Bassmaster® Fishing,33,0.0107
1092,23570566,Batman - The Telltale Series - Episode 1: Realm of Shadows,33,0.0107
1093,1431504874,Brothers in Arms: HH,33,0.0107
1094,907587004,Dead Island: Riptide Definitive Edition,33,0.0107
1095,1745314691,Psychonauts 2,33,0.0107
1096,852431422,ReCore,33,0.0107
1097,1480657485,Space Invaders: IG,33,0.0107
1098,1431504907,SplinterCellConviction,33,0.0107
1099,1793645165,THE KING OF FIGHTERS XV Standard Edition,33,0.0107
1100,1161889807,The Orange Box,33,0.0107
1101,759471095,ARCADE GAME SERIES: Ms. PAC-MAN,32,0.0104
1102,1802600743,Capcom Arcade Stadium,32,0.0104
1103,1662474270,Eternal Strands,32,0.0104
1104,387693234,Hawken,32,0.0104
1105,2071372034,Lawn Mowing Simulator,32,0.0104
1106,2014880780,Madden NFL 17,32,0.0104
1107,717669198,Madden NFL 19,32,0.0104
1108,1703086168,Microsoft Sudoku,32,0.0104
1109,650779126,NBA 2K18,32,0.0104
1110,1698508835,PGA TOUR 2K25 First Look,32,0.0104
1111,2147115693,Project Wingman,32,0.0104
1112,1704562600,Rugby 25,32,0.0104
1113,2017944493,Super Mega Baseball 3,32,0.0104
1114,1706610063,The Alters,32,0.0104
1115,271965907,Wasteland 3,32,0.0104
1116,1636871347,Yakuza Kiwami,32,0.0104
1117,909545209,Ashen,31,0.0101
1118,1431504924,Call of Juarez: Bound in Blood,31,0.0101
1119,2021453818,FINAL FANTASY VIII Remastered,31,0.0101
1120,1984491277,Grim Idle,31,0.0101
1121,273290529,Idle Champions of the Forgotten Realms,31,0.0101
1122,1611225628,JDM: Japanese Drift Master,31,0.0101
1123,2122788273,Keeper,31,0.0101
1124,1728837206,KLETKA,31,0.0101
1125,1843760263,LEGO® 2K Drive for Xbox Series X|S,31,0.0101
1126,1005561191,LEGO® Indiana Jones™ 2,31,0.0101
1127,1791650399,MLB® The Show™ 26,31,0.0101
1128,1893542225,PIPE by BMX Streets,31,0.0101
1129,1995931888,Sunderfolk,31,0.0101
1130,1945435013,TRIVIAL PURSUIT Live! 2,31,0.0101
1131,1849227144,WWE 2K20,31,0.0101
1132,1480659433,Zuma's Revenge!,31,0.0101
1133,278981929,[PROTOTYPE®],30,0.0098
1134,2083780130,Against the Storm,30,0.0098
1135,2026693193,Bus Simulator 21 Next Stop,30,0.0098
1136,1723836102,Cookie Clicker,30,0.0098
1137,1858458524,Crisol: Theater of Idols,30,0.0098
1138,1650442817,Deus Ex: Mankind Divided™,30,0.0098
1139,1824003155,Family Feud®,30,0.0098
1140,1719232621,Hello Guest: Hello Neighbor 2 pre-alpha,30,0.0098
1141,2119300209,Life is Strange: Double Exposure,30,0.0098
1142,1480659436,NBA JAM: On Fire Edition,30,0.0098
1143,816351210,Risk: Urban Assault,30,0.0098
1144,1978396801,Styx: Blades of Greed,30,0.0098
1145,1793267614,Techtonica (Game Preview),30,0.0098
1146,1798733099,Teenage Mutant Ninja Turtles: Splintered Fate,30,0.0098
1147,1688839217,The Elder Scrolls V: Skyrim Special Edition (PC),30,0.0098
1148,1946103240,Tomb Raider I-III Remastered Starring Lara Croft,30,0.0098
1149,580901123,Tropico 6,30,0.0098
1150,1783702427,AEW: Fight Forever,29,0.0094
1151,1128466455,ASURA'S WRATH,29,0.0094
1152,1724411039,Card Storm Idle,29,0.0094
1153,1631581287,Cronos: The New Dawn,29,0.0094
1154,1313671226,Dark Souls™,29,0.0094
1155,320506923,Dead Rising 2,29,0.0094
1156,1431504912,Far Cry® 2,29,0.0094
1157,2105228747,Killer Klowns From Outer Space: The Game,29,0.0094
1158,1867295360,Monster Sanctuary,29,0.0094
1159,385764340,MX vs. ATV Supercross Encore,29,0.0094
1160,1692656490,SNIPER Ghost Warrior 3,29,0.0094
1161,1112934454,Star Wars Battlefront,29,0.0094
1162,39069682,The Jackbox Party Pack 2,29,0.0094
1163,1431505070,Assassin's Creed® III ,28,0.0091
1164,293785190,Bloons TD 5,28,0.0091
1165,2028637067,Drug Dealer Simulator,28,0.0091
1166,1801537563,F1® 2021,28,0.0091
1167,1480656881,Feeding Frenzy,28,0.0091
1168,650249872,Metal Gear Solid V: Ground Zeroes,28,0.0091
1169,1742982949,MotoGP™24,28,0.0091
1170,1693003201,MotoGP™25 - Xbox One,28,0.0091
1171,1941002186,ON THE ROAD - The Truck Simulator,28,0.0091
1172,1010226785,One Piece: Burning Blood,28,0.0091
1173,2029650168,Overthrown,28,0.0091
1174,1649102497,SWORD ART ONLINE Fractured Daydream,28,0.0091
1175,886895461,The Jackbox Party Pack 5,28,0.0091
1176,1431504955,Assassin's Creed II,27,0.0088
1177,524641908,Assassin's Creed® Chronicles: China,27,0.0088
1178,1662853043,Blasphemous 2,27,0.0088
1179,1414793191,Borderlands,27,0.0088
1180,2136950563,Bugsnax,27,0.0088
1181,2035296401,Capcom Arcade 2nd Stadium,27,0.0088
1182,1112934398,Cars 2: The Video Game,27,0.0088
1183,206503430,Clustertruck,27,0.0088
1184,1729654407,Company of Heroes 3,27,0.0088
1185,406842057,Dead Rising,27,0.0088
1186,1431505036,Far Cry 3,27,0.0088
1187,1480657036,Feeding Frenzy 2,27,0.0088
1188,1397819396,Hitman: Absolution,27,0.0088
1189,2038093666,MAVRIX by Matt Jones,27,0.0088
1190,1889321756,Microsoft Minesweeper,27,0.0088
1191,1743049130,Quake II,27,0.0088
1192,967641964,Realm Royale Reforged,27,0.0088
1193,192928167,Rocksmith 2014,27,0.0088
1194,804980065,Sea of Thieves Insider,27,0.0088
1195,1040009086,Super Lucky's Tale,27,0.0088
1196,1128640842,The Escapists,27,0.0088
1197,1211542442,Valiant Hearts: The Great War,27,0.0088
1198,2116409537,Yu-Gi-Oh! Legacy of the Duelist : Link Evolution,27,0.0088
1199,49709880,Anthem™,26,0.0085
1200,416307002,ARCADE GAME SERIES: DIG DUG,26,0.0085
1201,189838548,Bus Simulator,26,0.0085
1202,1965711939,Capcom Fighting Collection 2,26,0.0085
1203,1777786002,Commandos: Origins,26,0.0085
1204,824378203,Crackdown 3: Campaign,26,0.0085
1205,1757807931,FINAL FANTASY TACTICS - The Ivalice Chronicles,26,0.0085
1206,1678225803,Idle Wizard,26,0.0085
1207,2016417527,Life is Strange Remastered,26,0.0085
1208,28152906,Lovers in a Dangerous Spacetime,26,0.0085
1209,1414793190,Mafia II,26,0.0085
1210,1781365913,Monster Train,26,0.0085
1211,311896559,Mount & Blade: Warband,26,0.0085
1212,1715636420,Pummel Party,26,0.0085
1213,950358266,Ride 2,26,0.0085
1214,1065100845,Star Wars: The Force Unleashed II,26,0.0085
1215,1936930219,Tell Me Why,26,0.0085
1216,449890085,The Jackbox Party Pack 4,26,0.0085
1217,981110874,WWE 2K18,26,0.0085
1218,1148805248,Yu-Gi-Oh! Legacy of the Duelist,26,0.0085
1219,433738637,Adventure Time: Pirates of the Enchiridion,25,0.0081
1220,2014729842,Car For Sale Simulator 2023,25,0.0081
1221,2008066354,Car Mechanic Simulator,25,0.0081
1222,1693676973,Clue,25,0.0081
1223,137510457,Dishonored®: Death of the Outsider™,25,0.0081
1224,363774594,Farming Simulator 17,25,0.0081
1225,2109927239,Five Nights at Freddy's: Sister Location,25,0.0081
1226,1955982965,Gunfire Reborn,25,0.0081
1227,1970836204,Hotline Miami 2: Wrong Number,25,0.0081
1228,2003863742,Microsoft Jigsaw,25,0.0081
1229,1873450782,MXGP 2020 - The Official Motocross Videogame,25,0.0081
1230,2128854962,One Lonely Outpost,25,0.0081
1231,1702524932,Power Rangers: Battle for the Grid,25,0.0081
1232,583196255,RAGE,25,0.0081
1233,1431505091,Rayman® Legends,25,0.0081
1234,2056655762,Remnant: From the Ashes,25,0.0081
1235,1414596688,SpongeBob: Truth-Sq.,25,0.0081
1236,2002882362,Squirrel with a Gun,25,0.0081
1237,635298240,"The Walking Dead: Michonne - Ep. 1, In Too Deep",25,0.0081
1238,995443207,Verdun,25,0.0081
1239,2075589952,"Warhammer 40,000: Boltgun - Windows",25,0.0081
1240,1679168855,A Quiet Place: The Road Ahead,24,0.0078
1241,100154526,Baja: Edge of Control HD,24,0.0078
1242,1480656850,Bejeweled 2,24,0.0078
1243,1096157137,Call of Duty® 2,24,0.0078
1244,1480657079,Castle Crashers,24,0.0078
1245,1263405065,Castlevania LoS,24,0.0078
1246,1790537707,Core Keeper,24,0.0078
1247,1678781072,DayZ - Experimental,24,0.0078
1248,1804401706,F1® 22 Xbox Series X|S,24,0.0078
1249,682562723,Halo: Spartan Assault,24,0.0078
1250,1704351342,Hello Neighbor 2,24,0.0078
1251,2081039845,Lost in Random: The Eternal Die,24,0.0078
1252,1715766926,New World: Aeternum,24,0.0078
1253,1740860919,Sniper Ghost Warrior Contracts,24,0.0078
1254,1112934459,Star Wars Republic Commando,24,0.0078
1255,1047413393,TERA,24,0.0078
1256,2116740682,The Grinch: Christmas Adventures - Merry & Mischievous Edition,24,0.0078
1257,610345881,The Jackbox Party Pack,24,0.0078
1258,1181281124,Thief,24,0.0078
1259,2145202828,Tricking 0,24,0.0078
1260,1774685333,Volcano Princess,24,0.0078
1261,566278,WWE 2K17,24,0.0078
1262,2069910424,Yakuza 0 Director's Cut,24,0.0078
1263,71300661,ACA NEOGEO THE KING OF FIGHTERS 2002,23,0.0075
1264,364804937,BATTLESHIP®,23,0.0075
1265,1161889850,C&C3: Kane's Wrath,23,0.0075
1266,1161890059,Dragon Age™ 2,23,0.0075
1267,1954227024,DRAGON BALL: THE BREAKERS,23,0.0075
1268,1864215620,Five Nights at Freddy's: Help Wanted,23,0.0075
1269,1877135456,Freddy Fazbear's Pizzeria Simulator,23,0.0075
1270,1663990634,GigaBash,23,0.0075
1271,1755179727,Grim Fandango Remastered,23,0.0075
1272,2102232082,Heretic + Hexen,23,0.0075
1273,2043794712,Kingdoms and Castles,23,0.0075
1274,1857859131,Lara Croft and the Temple of Osiris,23,0.0075
1275,1757462338,Ni no Kuni Wrath of the White Witch™ Remastered,23,0.0075
1276,1902591469,Outward: Definitive Edition,23,0.0075
1277,2011093308,Pacify,23,0.0075
1278,1960926264,Phoenix Point,23,0.0075
1279,757817533,PRO EVOLUTION SOCCER 2019,23,0.0075
1280,1847402697,ScreamRide,23,0.0075
1281,2112462799,Sengoku Dynasty,23,0.0075
1282,1947938436,Shotgun Farmers,23,0.0075
1283,1112934458,STAR WARS KOTOR II,23,0.0075
1284,1933264626,Survivalist: Invisible Strain,23,0.0075
1285,225007476,Team Sonic Racing™,23,0.0075
1286,1737329553,Total War: Warhammer III (Old Version),23,0.0075
1287,1851490214,Tribes of Midgard,23,0.0075
1288,1860058296,TT Isle Of Man: Ride on the Edge 3,23,0.0075
1289,2050010864,Two Point Hospital™,23,0.0075
1290,1801055182,Bounty Star,22,0.0072
1291,2004944930,Crime Simulator,22,0.0072
1292,725442241,Darksiders Warmastered Edition,22,0.0072
1293,1885511808,Date Everything!,22,0.0072
1294,2017702583,Dauntless,22,0.0072
1295,1885859783,FATAL FURY: City of the Wolves,22,0.0072
1296,1480656849,Hexic HD,22,0.0072
1297,1279330257,LEGO Star Wars II,22,0.0072
1298,1091024470,Magic Duels,22,0.0072
1299,1653696130,Microsoft Mahjong,22,0.0072
1300,1997603662,Minion Masters,22,0.0072
1301,1656145947,Moonlighter,22,0.0072
1302,664898642,NASCAR Heat 3,22,0.0072
1303,1696832928,NHRA Championship Drag Racing: Speed For All,22,0.0072
1304,1889456287,Roller Champions™,22,0.0072
1305,1169551644,Saints Row: Gat out of Hell,22,0.0072
1306,2073736638,Scrabble,22,0.0072
1307,1947725080,Skul: The Hero Slayer,22,0.0072
1308,1885214706,Snooker 19,22,0.0072
1309,1898652037,SOUTH PARK: SNOW DAY!,22,0.0072
1310,1853160773,STAR WARS™: Battlefront Classic Collection,22,0.0072
1311,2144204141,Achilles: Survivor,21,0.0068
1312,1431505017,Assassin's Creed Revelations,21,0.0068
1313,2070921614,Bayonetta,21,0.0068
1314,1161890190,Crysis® 3,21,0.0068
1315,217802058,Darkest Dungeon®,21,0.0068
1316,1628098590,Destroy All Humans! 2 - Reprobed,21,0.0068
1317,1062046240,Divinity: Original Sin - Enhanced Edition,21,0.0068
1318,2109350810,Dungeons Of Hinterberg,21,0.0068
1319,1711556027,Garten of Banban 2,21,0.0068
1320,2020032940,HAWKED,21,0.0068
1321,565406974,LEGO® STAR WARS™: The Force Awakens,21,0.0068
1322,1882357148,Lonely Mountains: Snow Riders,21,0.0068
1323,534004979,Microsoft Ultimate Word Games,21,0.0068
1324,2022357971,Monster Energy Supercross - The Official Videogame 4,21,0.0068
1325,1957255658,MORDHAU,21,0.0068
1326,803175056,MXGP PRO,21,0.0068
1327,162448742,Outer Wilds,21,0.0068
1328,1480657346,Perfect Dark,21,0.0068
1329,1263339510,Saints Row IV,21,0.0068
1330,1161890298,SSX 3,21,0.0068
1331,1883232264,STAR WARS™ Episode I Racer,21,0.0068
1332,82653045,Starlink: Battle for Atlas,21,0.0068
1333,1746975118,The Jackbox Party Pack 11,21,0.0068
1334,605741753,The LEGO Movie 2 Videogame,21,0.0068
1335,2110168941,The Rogue Prince of Persia™,21,0.0068
1336,1755599316,Age of Empires Definitive Edition,20,0.0065
1337,1464993832,Batman: Arkham Origins,20,0.0065
1338,233177124,Battle Islands: Commanders,20,0.0065
1339,1953182469,DRAGON QUEST® XI S: Echoes of an Elusive Age™ - Definitive Edition,20,0.0065
1340,1397819364,FINAL FANTASY XIII,20,0.0065
1341,1297287449,Halo 4,20,0.0065
1342,1396901863,Just Cause 2,20,0.0065
1343,42119495,Killer Instinct Classic,20,0.0065
1344,2017169801,LOLLIPOP CHAINSAW RePOP,20,0.0065
1345,2147358433,Madden NFL 15,20,0.0065
1346,1649675719,Max: The Curse of Brotherhood,20,0.0065
1347,1906672574,Middle-earth™: Shadow of Mordor™,20,0.0065
1348,778400368,NBA 2K14,20,0.0065
1349,2132252311,Olympic Games Tokyo 2020 – The Official Video Game™,20,0.0065
1350,1698989872,PICO PARK 2,20,0.0065
1351,1432033734,Pinball Arcade,20,0.0065
1352,1542414577,Plague Inc: Evolved,20,0.0065
1353,671807457,Portal Knights,20,0.0065
1354,2019100575,Puzzle Galaxy Xbox Edition,20,0.0065
1355,2002584553,Puzzle Quest 3,20,0.0065
1356,605857900,Quiplash,20,0.0065
1357,90400189,SUPER BOMBERMAN R,20,0.0065
1358,1431504854,TC's RainbowSix Vegas,20,0.0065
1359,2051503466,The Callisto Protocol,20,0.0065
1360,1785417254,The Oregon Trail,20,0.0065
1361,62572131,The Wolf Among Us,20,0.0065
1362,792914248,Tricky Towers,20,0.0065
1363,716478832,TT Isle of Man,20,0.0065
1364,1861467226,"Warhammer 40,000: Battlesector",20,0.0065
1365,1690524168,Wo Long: Fallen Dynasty,20,0.0065
1366,1917938753,Yakuza 0,20,0.0065
1367,1791400679,Yakuza: Like a Dragon,20,0.0065
1368,1850945804,Age of Empires III: Definitive Edition,19,0.0062
1369,1946485937,Besiege Console,19,0.0062
1370,1161889806,C&C3,19,0.0062
1371,2093066399,Carrion,19,0.0062
1372,886999858,Duke Nukem 3D: 20th Anniversary World Tour,19,0.0062
1373,134413498,EA SPORTS™ NHL® 18,19,0.0062
1374,2046176982,Empire of Sin,19,0.0062
1375,1678270415,Farm Together,19,0.0062
1376,1635275279,ICARUS: Console Edition,19,0.0062
1377,1891684356,Lost in Random™,19,0.0062
1378,1297287144,Mass Effect,19,0.0062
1379,2045704503,Metaball,19,0.0062
1380,94171386,MXGP3,19,0.0062
1381,1903313113,Orcs Must Die! Deathtrap,19,0.0062
1382,1932565641,Pikuniku,19,0.0062
1383,2028872815,ROMEO IS A DEAD MAN,19,0.0062
1384,269700535,Sniper Elite 3,19,0.0062
1385,2023806716,Styx: Master of Shadows,19,0.0062
1386,1968679051,The Cabin Factory,19,0.0062
1387,1816197116,Wheel World,19,0.0062
1388,1431505102,Assassin's Creed® Rogue,18,0.0059
1389,338995079,Batman: The Enemy Within - Episode 1,18,0.0059
1390,810050544,Beach Buggy Racing,18,0.0059
1391,231858691,Bomber Crew,18,0.0059
1392,84648031,Bulletstorm: Full Clip Edition,18,0.0059
1393,1754076455,Crimson Desert,18,0.0059
1394,524859112,Darksiders III,18,0.0059
1395,1916758859,Donut County,18,0.0059
1396,1712105499,DRIFTCE,18,0.0059
1397,885797626,Fishing Sim World®: Pro Tour,18,0.0059
1398,984363462,Graveyard Keeper,18,0.0059
1399,1799885509,Labyrinthine - Console Edition,18,0.0059
1400,1898106366,Little Ralph - Trial,18,0.0059
1401,1297287162,Lost Odyssey,18,0.0059
1402,1719118099,Manor Lords (Game Preview),18,0.0059
1403,333701857,Mega Man X Legacy Collection,18,0.0059
1404,2017826215,METAL GEAR SOLID 2: Sons of Liberty - Master Collection Version,18,0.0059
1405,380023945,Monster Energy Supercross - The Official Videogame 2,18,0.0059
1406,1679589975,Mortal Shell: Enhanced Edition,18,0.0059
1407,1343920370,NBA 2K15,18,0.0059
1408,1692022171,OCTOPATH TRAVELER 0,18,0.0059
1409,1848728299,Pinball FX Midnight,18,0.0059
1410,1914565485,Risk of Rain,18,0.0059
1411,1161889919,Skate 2,18,0.0059
1412,2031266067,Sker Ritual,18,0.0059
1413,2051631747,Spectre Divide,18,0.0059
1414,912691842,Sudden Strike 4 - European Battlefields Edition,18,0.0059
1415,19615130,Super Mega Baseball: Extra Innings,18,0.0059
1416,365797379,Supreme Commander 2,18,0.0059
1417,1397622748,THE KING OF FIGHTERS XIII,18,0.0059
1418,20605635,The Surge,18,0.0059
1419,2108611710,TIEBREAK – GRAND SLAM EDITION,18,0.0059
1420,1763653276,Transport Fever 2: Console Edition,18,0.0059
1421,495493033,Turok,18,0.0059
1422,2002870555,A Little to the Left,17,0.0055
1423,1723509320,Amazing Frog? (Game Preview),17,0.0055
1424,1445607414,Assassin's Creed® Chronicles: Russia,17,0.0055
1425,1024154899,Boggle,17,0.0055
1426,1914086330,Broforce,17,0.0055
1427,2122614052,Carmageddon: Rogue Shift,17,0.0055
1428,1096157460,COD: Advanced Warfare,17,0.0055
1429,1297287892,Conker: Live and Reloaded,17,0.0055
1430,1480657460,Crazy Taxi,17,0.0055
1431,1618801140,CRISIS CORE –FINAL FANTASY VII– REUNION,17,0.0055
1432,2055582442,Danganronpa: Trigger Happy Havoc Anniversary Edition,17,0.0055
1433,1480657664,DEAD RISING 2: CASE WEST,17,0.0055
1434,106901580,Destroy All Humans!,17,0.0055
1435,1397819386,DEUS EX: HUMAN REVOLUTION,17,0.0055
1436,1748951836,Disco Elysium - The Final Cut,17,0.0055
1437,1112934422,Disney Epic Mickey 2: The Power of Two,17,0.0055
1438,1728448413,DmC Devil May Cry: Definitive Edition,17,0.0055
1439,344311848,For The King,17,0.0055
1440,2063170939,Frostpunk: Console Edition,17,0.0055
1441,1926605815,Funko Fusion,17,0.0055
1442,1700344676,Ghostbusters: The Video Game Remastered,17,0.0055
1443,1480656868,Hardwood Spades,17,0.0055
1444,2093028006,Hole io,17,0.0055
1445,90991576,How To Survive 2,17,0.0055
1446,1960955312,I Am Fish,17,0.0055
1447,1873893114,Just Die Already,17,0.0055
1448,1161890141,Mass Effect™ 3,17,0.0055
1449,1414793291,Max Payne® 2: The Fall of Max Payne,17,0.0055
1450,1955779192,MechWarrior 5: Clans,17,0.0055
1451,2037558339,My Friend Peppa Pig,17,0.0055
1452,1634565765,NHL® 94 REWIND,17,0.0055
1453,992005658,Ninja Gaiden Black,17,0.0055
1454,939615894,Paw Patrol: On a Roll,17,0.0055
1455,1629830364,Rayman: 30th Anniversary Edition,17,0.0055
1456,1827805096,Relic Hunters Legend,17,0.0055
1457,2025898879,Rugby 22 Xbox Series X|S,17,0.0055
1458,1649097896,SnowRunner - Windows,17,0.0055
1459,1907729638,Solasta: Crown of the Magister,17,0.0055
1460,2009073182,Steelrising - Standard Edition,17,0.0055
1461,1628698678,Thief Simulator,17,0.0055
1462,1292135256,Titanfall,17,0.0055
1463,383880849,Transference™,17,0.0055
1464,680908276,Viva Piñata: TIP,17,0.0055
1465,1900124001,WRC 10 FIA World Rally Championship Xbox One,17,0.0055
1466,965872275,Ben 10,16,0.0052
1467,1736384528,Ben 10: Power Trip,16,0.0052
1468,1161889888,C&C Red Alert 3,16,0.0052
1469,2077036451,Cake Bash,16,0.0052
1470,2144913935,Castlevania Anniversary Collection,16,0.0052
1471,1755920678,Creatures of Ava,16,0.0052
1472,1297287249,Crimson Skies®: High Road to Revenge™,16,0.0052
1473,2102421406,Day of the Tentacle Remastered,16,0.0052
1474,1813362885,FIFA 14,16,0.0052
1475,1727852104,FINAL FANTASY VI,16,0.0052
1476,1646082476,Galacticare,16,0.0052
1477,1927102516,Herdling,16,0.0052
1478,1911404173,Immortals of Aveum™,16,0.0052
1479,1906459372,Judgment,16,0.0052
1480,1480657497,Lara Croft: GoL,16,0.0052
1481,1819998160,LEGO® Voyagers,16,0.0052
1482,1615223185,Liquor Store Simulator,16,0.0052
1483,2020925735,Make Way,16,0.0052
1484,2040686890,My Time at Sandrock,16,0.0052
1485,1894365262,PAW Patrol: Grand Prix,16,0.0052
1486,269677862,PING REDUX,16,0.0052
1487,2117095676,Planet of Lana,16,0.0052
1488,116849471,Pro Evolution Soccer 2017,16,0.0052
1489,827416995,Pure Pool,16,0.0052
1490,1813085990,Road 96,16,0.0052
1491,1734582052,S.T.A.L.K.E.R.: Shadow of Chornobyl - Enhanced Edition,16,0.0052
1492,2100312943,SCARLET NEXUS,16,0.0052
1493,2037196689,SpongeBob SquarePants: Titans of the Tide,16,0.0052
1494,300578609,Styx: Shards of Darkness,16,0.0052
1495,2036345770,The Dark Pictures Anthology House of Ashes,16,0.0052
1496,1997447389,The Dark Pictures Anthology: The Devil in Me,16,0.0052
1497,1414793357,The Darkness II,16,0.0052
1498,1668285033,The Exit 8,16,0.0052
1499,2101138430,The Matrix Awakens: An Unreal Engine 5 Experience,16,0.0052
1500,1842335063,The Mortuary Assistant,16,0.0052
1501,1464993828,The Witcher 2: Assassins of Kings,16,0.0052
1502,1910952414,TRIALS of MANA,16,0.0052
1503,1658477123,Unturned,16,0.0052
1504,2012594000,US Conflict — Tank Battles,16,0.0052
1505,1926895632,We Were Here,16,0.0052
1506,1845646569,Yakuza Kiwami 2,16,0.0052
1507,969381141,A Plague Tale: Innocence,15,0.0049
1508,1950164627,Antstream Arcade - Annual,15,0.0049
1509,1780001013,Ballotron Galaxy,15,0.0049
1510,1297287893,Blinx: The Time Sweeper,15,0.0049
1511,232457702,Broken Age,15,0.0049
1512,1161890152,Crysis,15,0.0049
1513,1940736818,Darkest Dungeon II,15,0.0049
1514,1619542068,Dawn of Man,15,0.0049
1515,274219762,Dead Rising 2 Off the Record,15,0.0049
1516,1770625509,Disciples: Domination,15,0.0049
1517,2125974437,Door Kickers: Action Squad,15,0.0049
1518,1414793294,Duke Nukem Forever,15,0.0049
1519,1558010571,DYNASTY WARRIORS 8 Empires,15,0.0049
1520,1997023214,FINAL FANTASY IX,15,0.0049
1521,136671143,FINAL FANTASY XV MULTIPLAYER: COMRADES,15,0.0049
1522,1743565876,Five Nights at Freddy's: Secret of the Mimic,15,0.0049
1523,1694490701,FuzzBall,15,0.0049
1524,2020925056,Grim Dawn: Definitive Edition,15,0.0049
1525,1917135799,HYPERCHARGE Unboxed,15,0.0049
1526,1480657557,Iron Brigade,15,0.0049
1527,1645652626,Kena: Bridge of Spirits,15,0.0049
1528,1651525052,Life is Strange: Before the Storm Remastered,15,0.0049
1529,1414793292,Max Payne,15,0.0049
1530,1535750831,Mega Man® Legacy Collection,15,0.0049
1531,1687585446,MENACE (Game Preview),15,0.0049
1532,1263405116,MGS PW HD,15,0.0049
1533,1480657433,Might & Magic Clash of Heroes™,15,0.0049
1534,1297549289,Mortal Kombat vs. DCU,15,0.0049
1535,1948147176,Moving Out,15,0.0049
1536,2031634495,Mutant Football League 2,15,0.0049
1537,1548866781,MXGP2,15,0.0049
1538,1752331738,One Leaves,15,0.0049
1539,2048381683,PAC-MAN WORLD Re-PAC,15,0.0049
1540,2008358711,Painkiller,15,0.0049
1541,2100880776,Pentiment,15,0.0049
1542,1624743884,Persona 3 Portable,15,0.0049
1543,838746653,Phoenix Wright: Ace Attorney Trilogy,15,0.0049
1544,275673036,Pillars of Eternity: Complete Edition,15,0.0049
1545,1907381044,Project Cars,15,0.0049
1546,802418004,RESIDENT EVIL RESISTANCE,15,0.0049
1547,2050520287,STRANGER OF PARADISE FINAL FANTASY ORIGIN,15,0.0049
1548,990373231,Tales of Arise,15,0.0049
1549,2142487375,Teenage Mutant Ninja Turtles: The Cowabunga Collection,15,0.0049
1550,1719207328,TERMINATOR: RESISTANCE - COMPLETE EDITION,15,0.0049
1551,1701212022,The Jackbox Party Pack 8,15,0.0049
1552,1983809908,The Precinct,15,0.0049
1553,901516198,The Surge 2,15,0.0049
1554,1683840789,Tomb Raider IV-VI Remastered,15,0.0049
1555,1679106504,WARRIORS: Abyss,15,0.0049
1556,1886146911,Yet Another Zombie Survivors,15,0.0049
1557,1480657371,A World of Keflings,14,0.0046
1558,1664723386,Afterimage,14,0.0046
1559,1975041917,Amnesia: The Bunker,14,0.0046
1560,1397032979,BAYONETTA,14,0.0046
1561,1297287135,Blue Dragon,14,0.0046
1562,1263405133,Castlevania: LoS 2,14,0.0046
1563,1414596758,Darksiders II,14,0.0046
1564,1822577333,Dead Rising Deluxe Remaster,14,0.0046
1565,1669682262,Defense Grid 2,14,0.0046
1566,1129121853,DiRT 3,14,0.0046
1567,2050929089,DUCKSIDE (Game Preview),14,0.0046
1568,1640323097,DYNASTY WARRIORS 9 Empires,14,0.0046
1569,492699383,EA SPORTS™ NHL® 17,14,0.0046
1570,1234432164,EA SPORTS™ Rory McIlroy PGA TOUR®,14,0.0046
1571,1519874468,Forza Horizon 2 Presents Fast & Furious,14,0.0046
1572,2043510457,Friends vs Friends,14,0.0046
1573,1694487955,Life is Strange: True Colors,14,0.0046
1574,2025840804,METAL GEAR SOLID 3: Snake Eater - Master Collection Version,14,0.0046
1575,1973367334,MindsEye,14,0.0046
1576,1759144821,PAC-MAN WORLD 2 Re-PAC,14,0.0046
1577,1802714933,Pathfinder: Wrath of the Righteous,14,0.0046
1578,1743961068,Race The Sun,14,0.0046
1579,1781047490,Shin Megami Tensei V: Vengeance,14,0.0046
1580,1480657342,Spelunky,14,0.0046
1581,1005415207,The Golf Club 2019 featuring PGA TOUR,14,0.0046
1582,1633778685,The Stanley Parable: Ultra Deluxe,14,0.0046
1583,1731762544,Virtual Villagers Origins 2,14,0.0046
1584,1922758426,WRC 9 FIA World Rally Championship,14,0.0046
1585,2142309066,WWE 2K Battlegrounds,14,0.0046
1586,2040239934,XDefiant,14,0.0046
1587,1680433621,Young Suns,14,0.0046
1588,1038499153,A Hat in Time,13,0.0042
1589,1751360232,AAA Dynamic Scenes,13,0.0042
1590,1777027693,Adv File Explorer (FullTrust),13,0.0042
1591,1958267791,AK-xolotl: Together,13,0.0042
1592,2016203684,Alaskan Road Truckers: Highway Edition,13,0.0042
1593,1742707305,Ambulance Life: A Paramedic Simulator,13,0.0042
1594,1708780346,Are You Smarter Than A 5th Grader?,13,0.0042
1595,433520651,Attack on Titan,13,0.0042
1596,1844143156,Beach Buggy Racing 2: Island Adventure,13,0.0042
1597,1969372075,BlazBlue: Cross Tag Battle Special Edition,13,0.0042
1598,768615691,Chess Ultra,13,0.0042
1599,1480659546,Counter-Strike: GO,13,0.0042
1600,1730984142,Danganronpa 2: Goodbye Despair Anniversary Edition,13,0.0042
1601,1146095621,Earth Defense Force 2025,13,0.0042
1602,1983248568,Eiyuden Chronicle: Hundred Heroes,13,0.0042
1603,1958827848,Eternal Card Game,13,0.0042
1604,1756983532,Evil Genius 2: World Domination,13,0.0042
1605,172017893,F1® 2019,13,0.0042
1606,152270586,FINAL FANTASY XII THE ZODIAC AGE,13,0.0042
1607,1835944487,Five Nights at Freddy's Into the Pit,13,0.0042
1608,1702713376,Genesis Noir,13,0.0042
1609,945174237,Geometry Wars™ 3: Dimensions Evolved,13,0.0042
1610,1928193169,Heavenly Bodies,13,0.0042
1611,1618000323,Hidden Cats in Christmas,13,0.0042
1612,1964820394,Hotline Miami Collection,13,0.0042
1613,1660075534,Hunting Simulator 2,13,0.0042
1614,1974645006,Killer Frequency,13,0.0042
1615,1777243206,Lost Judgment,13,0.0042
1616,1921177861,Marathon,13,0.0042
1617,1869122946,MONOPOLY DEAL,13,0.0042
1618,2021405472,Nickelodeon Kart Racers 2: Grand Prix,13,0.0042
1619,2105140633,NieR Replicant ver.1.22474487139...,13,0.0042
1620,806794764,Override: Mech City Brawl,13,0.0042
1621,676432066,PAC-MAN™ CHAMPIONSHIP EDITION 2,13,0.0042
1622,1702914632,Poker Club,13,0.0042
1623,1731967517,Prison Escape Simulator,13,0.0042
1624,572054432,Project CARS 3,13,0.0042
1625,1804278141,Rugby 22 Xbox One,13,0.0042
1626,1263405009,Rumble Roses XX,13,0.0042
1627,365310947,Scribblenauts Mega Pack,13,0.0042
1628,2018103228,Ship of Fools,13,0.0042
1629,1813223937,SongPop Party,13,0.0042
1630,2079765251,Streets of Rogue,13,0.0042
1631,1874881573,Tales of Kenzera™: ZAU,13,0.0042
1632,1915523932,Tempopo,13,0.0042
1633,2070685355,to a T,13,0.0042
1634,1297287134,Too Human,13,0.0042
1635,52523189,Trials of the Blood Dragon,13,0.0042
1636,1022548859,Truck Driver,13,0.0042
1637,1611397404,UBOAT,13,0.0042
1638,1754770560,Unicorn Overlord,13,0.0042
1639,2119315223,Void Crew,13,0.0042
1640,2009853302,Void of Crosshair,13,0.0042
1641,1811697311,World War Z,13,0.0042
1642,1835497756,Agents of Mayhem,12,0.0039
1643,615247627,Alan Wake,12,0.0039
1644,1414793309,BioShock Infinite,12,0.0039
1645,1178929117,Bound by Flame,12,0.0039
1646,1161889798,Burnout Paradise,12,0.0039
1647,1480657529,Costume Quest ,12,0.0039
1648,1634898195,Darkwood,12,0.0039
1649,1867293778,Darwin Project,12,0.0039
1650,1480657049,Domino Master,12,0.0039
1651,1641402901,Double Dragon Gaiden: Rise of the Dragons,12,0.0039
1652,2071918696,DRAGON QUEST I & II HD-2D Remake,12,0.0039
1653,1431505022,Driver San Francisco,12,0.0039
1654,1464993792,F.E.A.R. 3,12,0.0039
1655,1851718938,FANTASY LIFE i: The Girl Who Steals Time,12,0.0039
1656,1691849278,FINAL FANTASY IV,12,0.0039
1657,1296697298,Full Game - Psychonauts,12,0.0039
1658,1480656877,Geometry Wars Evolved,12,0.0039
1659,1431504947,Ghost Recon: Future Soldier™,12,0.0039
1660,2126757651,Ghostrunner,12,0.0039
1661,1844195280,Go Mecha Ball,12,0.0039
1662,476517807,Gravel,12,0.0039
1663,1297287287,Halo 3: ODST Campaign Edition,12,0.0039
1664,1902411725,Hell is Us,12,0.0039
1665,1679509385,Kill It With Fire,12,0.0039
1666,850034103,Killer Instinct 2 Classic,12,0.0039
1667,1668424649,Kulebra and the Souls of Limbo: Closure Edition,12,0.0039
1668,142841733,Madden NFL 25,12,0.0039
1669,2021132620,Mandragora: Whispers of the Witch Tree,12,0.0039
1670,322384131,Marvel: Ultimate Alliance,12,0.0039
1671,293003647,Microsoft Wordament,12,0.0039
1672,1480657679,Motocross Madness,12,0.0039
1673,1698746853,MotoGP™23,12,0.0039
1674,83029588,NBA LIVE 18: The One Edition,12,0.0039
1675,1632843296,Pillars of Eternity II: Deadfire - Ultimate Edition,12,0.0039
1676,1738390204,Rivals of Aether,12,0.0039
1677,1957476784,Sniper Elite V2 Remastered,12,0.0039
1678,2125557798,Still Wakes the Deep,12,0.0039
1679,585971749,Super Mega Baseball 2,12,0.0039
1680,213257000,TerraTech,12,0.0039
1681,706437546,The Awesome Adventures of Captain Spirit,12,0.0039
1682,1731548634,The Dark Pictures Anthology: Little Hope,12,0.0039
1683,129773809,The Disney Afternoon Collection,12,0.0039
1684,1811248495,The Jackbox Party Pack 10,12,0.0039
1685,2127247278,Thief Simulator 2,12,0.0039
1686,937464404,Trials Evolution,12,0.0039
1687,644829211,Turok 2: Seeds of Evil,12,0.0039
1688,689916261,"Warhammer 40,000: Inquisitor - Martyr Ultimate Edition",12,0.0039
1689,2069636428,WINGSPAN,12,0.0039
1690,2129059621,Wobbledogs Console Edition,12,0.0039
1691,1528308274,Aaero,11,0.0036
1692,1880818134,AFL 26,11,0.0036
1693,701037441,Age of Wonders: Planetfall,11,0.0036
1694,616610555,Alan Wake's American Nightmare,11,0.0036
1695,1480656966,Alien Hominid HD,11,0.0036
1696,1678543324,Aragami 2,11,0.0036
1697,1616326452,Arcadegeddon,11,0.0036
1698,1396901865,Battlestations Pacific,11,0.0036
1699,2024847837,Bee Simulator,11,0.0036
1700,1736678881,Bleeding Edge,11,0.0036
1701,1952427486,Bloodstained: Ritual of the Night,11,0.0036
1702,1512517621,Child of Light,11,0.0036
1703,2003473581,Citizen Sleeper,11,0.0036
1704,1161890019,Crysis 2,11,0.0036
1705,2123216194,Crysis 2 Remastered,11,0.0036
1706,1935688591,Daemon X Machina: Titanic Scion,11,0.0036
1707,2108921213,Deadlock Reign,11,0.0036
1708,1480657334,DOOM II (Classic),11,0.0036
1709,1894948980,Dreamcore,11,0.0036
1710,1480659910,DuckTales: Remastered,11,0.0036
1711,1480659518,Far Cry Classic,11,0.0036
1712,2062455421,Fernbus Simulator,11,0.0036
1713,1297287176,Halo Wars,11,0.0036
1714,1480656912,Heavy Weapon,11,0.0036
1715,447331588,I Am Bread,11,0.0036
1716,2037481046,Inertial Drift,11,0.0036
1717,70112963,Knight Squad,11,0.0036
1718,240478325,Layers of Fear (2016),11,0.0036
1719,1833447683,Legacy of Kain™ Soul Reaver 1&2 Remastered,11,0.0036
1720,523468027,Mega Man 11,11,0.0036
1721,1112934453,Mercenaries,11,0.0036
1722,1846760960,Nickelodeon Kart Racers 3: Slime Speedway,11,0.0036
1723,1831668171,Opus Castle,11,0.0036
1724,2034484895,Out of Space: Couch Edition,11,0.0036
1725,484684099,PAC-MAN 256,11,0.0036
1726,1641334275,Phantom Breaker: Omnia,11,0.0036
1727,1375792807,Pool Nation FX,11,0.0036
1728,1480659519,Rayman 3 HD,11,0.0036
1729,753024882,Red Faction Guerrilla Re-Mars-tered,11,0.0036
1730,1883914934,RENNSPORT,11,0.0036
1731,818066257,Rugby League Live 4,11,0.0036
1732,303584158,Sea of Solitude,11,0.0036
1733,1726081569,Seal: WHAT the FUN,11,0.0036
1734,544561028,Shadow Warrior 2,11,0.0036
1735,1263405029,Silent Hill Homecoming,11,0.0036
1736,902608,Sky Force Reloaded,11,0.0036
1737,1147123126,Skylanders Trap Team,11,0.0036
1738,1166935255,Slender: The Arrival (2015),11,0.0036
1739,1836687833,Sonic Colors: Ultimate,11,0.0036
1740,1112934456,Star Wars Jedi Knight: Jedi Academy,11,0.0036
1741,1941370105,Supermarket Owner Simulator: Business,11,0.0036
1742,1982740887,Surviving Mars: Relaunched,11,0.0036
1743,890454034,The Dark Pictures Anthology: Man Of Medan,11,0.0036
1744,1414793198,The Darkness,11,0.0036
1745,1619933938,The Survivalists,11,0.0036
1746,1396901844,Tomb Raider:Legend,11,0.0036
1747,1112934381,Tron: Evolution,11,0.0036
1748,239008106,Tropico 5 - Penultimate Edition,11,0.0036
1749,103629720,V-Rally 4,11,0.0036
1750,1959830280,Virtua Fighter 5 R.E.V.O. World Stage,11,0.0036
1751,922226657,Wasteland 2: Director's Cut,11,0.0036
1752,1798375126,Welcome to ParadiZe,11,0.0036
1753,1851310927,Who Wants to Be a Millionaire?,11,0.0036
1754,1048549433,WRC 6 FIA World Rally Championship,11,0.0036
1755,181948997,WWE 2K15,11,0.0036
1756,2094867598,XIII,11,0.0036
1757,1798477678,AO Tennis 2,10,0.0033
1758,2076917277,Army of Ruin,10,0.0033
1759,634298669,Bad North: Jotunn Edition,10,0.0033
1760,1852580050,Barbie Project Friendship™,10,0.0033
1761,1661717515,Blood Bowl 3,10,0.0033
1762,1480657786,Bloodforge,10,0.0033
1763,1859542622,Contra Anniversary Collection,10,0.0033
1764,370169912,Contrast,10,0.0033
1765,400142602,Costume Quest 2,10,0.0033
1766,629798227,Deadpool,10,0.0033
1767,577546632,Destroy All Humans! (2005),10,0.0033
1768,1743457512,DRAGON QUEST BUILDERS 2,10,0.0033
1769,184042097,Fe,10,0.0033
1770,1799236568,FINAL FANTASY V,10,0.0033
1771,1733492292,Finding Frankie,10,0.0033
1772,1770590742,Football Manager 2024 Console,10,0.0033
1773,1804966091,Forager,10,0.0033
1774,2077809328,Garten of Banban 4,10,0.0033
1775,1480657151,Geometry Wars Evolved²,10,0.0033
1776,1784112295,Godfall,10,0.0033
1777,1297287250,Jade Empire™,10,0.0033
1778,1003093254,Just Dance 2017®,10,0.0033
1779,251796387,Just Dance 2018®,10,0.0033
1780,1966310183,Just Dance® 2022,10,0.0033
1781,1480657325,KOF2002UM,10,0.0033
1782,1722781084,LEGO® Batman™: Legacy of the Dark Knight,10,0.0033
1783,1464993821,LEGO® Lord of the Rings™,10,0.0033
1784,1161889998,Mass Effect 2,10,0.0033
1785,1263405120,METAL GEAR SOLID HD: 2 & 3,10,0.0033
1786,1906370210,Minecraft: Java Edition,10,0.0033
1787,498956148,NASCAR Heat 2,10,0.0033
1788,225943380,NEOGEO BATTLE COLISEUM,10,0.0033
1789,1887596214,Nickelodeon All-Star Brawl,10,0.0033
1790,303799945,Nickelodeon Kart Racers,10,0.0033
1791,272855377,NINJA GAIDEN II,10,0.0033
1792,2025399821,ONE PUNCH MAN: A HERO NOBODY KNOWS,10,0.0033
1793,1734289672,"ONYX-PRO, Inside the Game: Grounded 2 Artbook and Soundtrack",10,0.0033
1794,1815686049,Paper io 2,10,0.0033
1795,1991248961,PHOGS!,10,0.0033
1796,884526952,Planetbase,10,0.0033
1797,1431504958,Prince of Persia The Forgotten Sands™,10,0.0033
1798,1709856057,RoboCop: Rogue City - Unfinished Business,10,0.0033
1799,1770389828,Rune Factory: Guardians of Azuma,10,0.0033
1800,1480657777,Sega Vintage Collection: Streets of Rage,10,0.0033
1801,844274714,Skylanders Imaginators,10,0.0033
1802,2016279503,SOPA - Tale of the Stolen Potato,10,0.0033
1803,1628869222,Soulstone Survivors,10,0.0033
1804,1414793283,Spec Ops: The Line,10,0.0033
1805,597690024,SWORD ART ONLINE: FATAL BULLET,10,0.0033
1806,1984077720,Tales of the Shire: A The Lord of The Rings™ Game,10,0.0033
1807,1779181957,Tavern Manager Simulator,10,0.0033
1808,1431504855,TC's SC Double Agent,10,0.0033
1809,1689317374,TCG Card Shop Simulator (Game Preview),10,0.0033
1810,1414793181,The Bureau,10,0.0033
1811,2016552136,The Catch: Carp & Coarse Fishing,10,0.0033
1812,619718041,The Cave,10,0.0033
1813,2013672301,The Gunk,10,0.0033
1814,1748167956,The Riftbreaker,10,0.0033
1815,1313671253,The Witcher 2,10,0.0033
1816,1431504921,Tom Clancy's Splinter Cell® Chaos Theory™,10,0.0033
1817,1749676903,Two Point Campus,10,0.0033
1818,1926154049,Wasteland Remastered,10,0.0033
1819,940586683,Wizard of Legend,10,0.0033
1820,1894333860,WRC 8 FIA World Rally Championship Xbox One,10,0.0033
1821,1696868991,WRC Generations - The FIA WRC Official Game,10,0.0033
1822,391356720,Yooka-Laylee,10,0.0033
1823,1480657115,A Kingdom for Keflings,9,0.0029
1824,593828894,Absolver,9,0.0029
1825,1790332447,Alien: Rogue Incursion Evolved Edition,9,0.0029
1826,1719440805,Alone in the Dark,9,0.0029
1827,1712068512,Amanda the Adventurer,9,0.0029
1828,244952910,Aragami: Shadow Edition,9,0.0029
1829,975485641,Back to the Future: The Game - 30th Anniversary Edition,9,0.0029
1830,1414793176,BioShock,9,0.0029
1831,1414793313,BioShock 2,9,0.0029
1832,1639963506,BlackJack 21 Pro!,9,0.0029
1833,1082339580,BLAZBLUE CHRONOPHANTASMA EXTEND,9,0.0029
1834,1480659651,Blood Knights,9,0.0029
1835,1950881463,Bum Simulator,9,0.0029
1836,171879377,Call of Cthulhu,9,0.0029
1837,435779585,Capcom Beat 'Em Up Bundle,9,0.0029
1838,287508507,Casey Powell Lacrosse 18,9,0.0029
1839,1739606934,Castlevania Advance Collection,9,0.0029
1840,1480659976,Castlevania: LoS - Mirror of Fate HD,9,0.0029
1841,1480656871,Cloning Clyde,9,0.0029
1842,1954997644,Construction Simulator 3 - Console Edition,9,0.0029
1843,1846285148,CrossfireX,9,0.0029
1844,376779456,Death Road to Canada,9,0.0029
1845,355178688,DiRT 4,9,0.0029
1846,1974043980,Disney Classic Games: Aladdin and The Lion King,9,0.0029
1847,1743219650,Disney Epic Mickey: Rebrushed,9,0.0029
1848,572417720,Emily Wants To Play,9,0.0029
1849,2015929879,Evil Dead: The Game,9,0.0029
1850,1736752782,Expansion for Explorers,9,0.0029
1851,2071782725,FINAL FANTASY III,9,0.0029
1852,2022597828,Garten of Banban 0,9,0.0029
1853,1690204019,Garten of Banban 3,9,0.0029
1854,21230315,Genesis Alpha One,9,0.0029
1855,2054890337,Get To Work,9,0.0029
1856,620831719,GROW UP,9,0.0029
1857,1480657520,Harms Way,9,0.0029
1858,1396901851,Hitman: Blood Money,9,0.0029
1859,1829828400,HUMANKIND™,9,0.0029
1860,1982219874,Insects: An Xbox One X Enhanced Experience,9,0.0029
1861,2144211794,Iron Harvest Complete Edition,9,0.0029
1862,333457553,Just Dance® 2020,9,0.0029
1863,150646593,Kane & Lynch 2,9,0.0029
1864,1841198850,Keeper's Toll,9,0.0029
1865,1640763780,KIBORG,9,0.0029
1866,1718892809,Knockout City™,9,0.0029
1867,1925242158,Library Of Ruina,9,0.0029
1868,1979916310,METAL GEAR & METAL GEAR 2: Solid Snake,9,0.0029
1869,1904044383,Minecraft Preview for Windows,9,0.0029
1870,1966816764,My Friend Pedro,9,0.0029
1871,446256697,My Time At Portia,9,0.0029
1872,1884949649,Mythwrecked: Ambrosia Island,9,0.0029
1873,113198981,NBA 2K18: The Prelude,9,0.0029
1874,1907337607,NHL® 15 Full Game,9,0.0029
1875,1863625465,Nuclear Throne,9,0.0029
1876,2086200115,OCTOPATH TRAVELER II,9,0.0029
1877,301029247,Oddworld: New 'n' Tasty,9,0.0029
1878,843014522,Pathfinder: Kingmaker - Definitive Edition,9,0.0029
1879,1926352092,PBA Pro Bowling,9,0.0029
1880,1628806449,Potion Craft: Alchemist Simulator,9,0.0029
1881,2049279350,Puzzle Quest: Immortal Edition,9,0.0029
1882,1641566497,Railroads Online,9,0.0029
1883,1657564986,Ratshaker,9,0.0029
1884,1853277604,RetroRealms Arcade,9,0.0029
1885,1745852530,RollerCoaster Tycoon 3 Complete Edition,9,0.0029
1886,2028931904,Rugby 20,9,0.0029
1887,1693521674,Rumbleverse,9,0.0029
1888,1889657958,S.T.A.L.K.E.R.: Call of Prypiat - Enhanced Edition,9,0.0029
1889,1823082250,Sally Face,9,0.0029
1890,1979417101,SD GUNDAM BATTLE ALLIANCE,9,0.0029
1891,1963476984,Sherlock Holmes Chapter One,9,0.0029
1892,2040578587,SHINOBI: Art of Vengeance,9,0.0029
1893,1414793256,Sid Meier's Pirates!,9,0.0029
1894,687576060,Skylanders SuperChargers Portal Owner's Pack,9,0.0029
1895,1480659614,Sonic the Fighters,9,0.0029
1896,2098784475,Soulstice,9,0.0029
1897,1907482514,Speed dates - Winter edition,9,0.0029
1898,1967529255,SpongeBob SquarePants: The Cosmic Shake,9,0.0029
1899,2002404032,Stranded: Alien Dawn,9,0.0029
1900,2039224282,Super Monkey Ball Banana Mania,9,0.0029
1901,2141647881,Tales from the Borderlands - Episode 1: Zer0 Sum,9,0.0029
1902,836165876,The Ascent,9,0.0029
1903,1651647141,The Boat Grandma,9,0.0029
1904,1979014977,The Crew,9,0.0029
1905,1776537730,The Sinking City Remastered,9,0.0029
1906,1673810447,Tony Stewart's All-American Racing,9,0.0029
1907,1841510170,Tony Stewart's Sprint Car Racing,9,0.0029
1908,1905434171,TRAIL OUT,9,0.0029
1909,2060146885,Unspottable,9,0.0029
1910,1654418819,Vampire Hunters,9,0.0029
1911,1072703684,Virtua Fighter 5 Final Showdown,9,0.0029
1912,328245964,WARRIORS OROCHI 3 Ultimate,9,0.0029
1913,1995157831,Wildfrost,9,0.0029
1914,2081112709,Zaccaria Pinball,9,0.0029
1915,1695141626,Zombies Ate My Neighbors and Ghoul Patrol,9,0.0029
1916,1937335069,A Gummy's Life,8,0.0026
1917,949699803,ABZU,8,0.0026
1918,419725624,ACA NEOGEO THE KING OF FIGHTERS '97,8,0.0026
1919,983906598,ACA NEOGEO THE KING OF FIGHTERS '99,8,0.0026
1920,1749623628,Asterix & Obelix XXL: Romastered,8,0.0026
1921,1841822482,Asterix & Obelix XXL3: The Crystal Menhir,8,0.0026
1922,1617823540,Bomb Rush Cyberfunk,8,0.0026
1923,1810243569,Brothers: A Tale of Two Sons Remake,8,0.0026
1924,1431505012,Call of Juarez Cartel,8,0.0026
1925,1936376749,Capcom Fighting Collection,8,0.0026
1926,1480659655,Castle of Illusion,8,0.0026
1927,2012135933,Castlevania Dominus Collection,8,0.0026
1928,1914646696,Curse of the Dead Gods,8,0.0026
1929,1413679057,DEAD OR ALIVE 4,8,0.0026
1930,1480657549,DR2: CASE ZERO,8,0.0026
1931,1739392581,Dungeons of Sundaria,8,0.0026
1932,2078793582,DYSMANTLE,8,0.0026
1933,548464799,EA SPORTS™ UFC®,8,0.0026
1934,481925121,F1® 2018,8,0.0026
1935,1480659903,Far Cry® 3 Blood Dragon,8,0.0026
1936,1850924057,Fishing: North Atlantic,8,0.0026
1937,1966202553,Fishing: North Atlantic Enhanced Edition,8,0.0026
1938,1616852724,Full Throttle Remastered,8,0.0026
1939,1730221723,Ghostrunner 2,8,0.0026
1940,2143007580,Great God Grove,8,0.0026
1941,1131124715,"Guns, Gore and Cannoli",8,0.0026
1942,341719186,"Guns, Gore and Cannoli 2",8,0.0026
1943,2022315423,Gunsmith Simulator,8,0.0026
1944,1654652604,Heavy Cargo - The Truck Simulator,8,0.0026
1945,1880956881,Hot Wheels Monster Trucks: Stunt Mayhem™,8,0.0026
1946,2004313785,KILL KNIGHT,8,0.0026
1947,542819315,Life is Strange: Before the Storm Episode 1,8,0.0026
1948,2096549844,Liftoff: Drone Racing,8,0.0026
1949,1271641024,Lords of the Fallen (2014),8,0.0026
1950,2051707990,Lynked: Banner of the Spark,8,0.0026
1951,1636466973,Maniac,8,0.0026
1952,1464993839,Midway Arcade Origins,8,0.0026
1953,634240708,MotoGP™19,8,0.0026
1954,1699788094,MotoGP™20,8,0.0026
1955,1944950992,MotoGP™22 - Windows Edition,8,0.0026
1956,1885048343,Mr. Bomber,8,0.0026
1957,607267025,N++ (NPLUSPLUS),8,0.0026
1958,1708079118,NASCAR 21: Ignition,8,0.0026
1959,2023214653,Night Swarm,8,0.0026
1960,1844719399,Nobody Wants to Die,8,0.0026
1961,1718697574,OCTOPATH TRAVELER,8,0.0026
1962,1977174786,ONE PIECE ODYSSEY,8,0.0026
1963,264259050,Ori and the Blind Forest,8,0.0026
1964,1480656913,PAC-MAN,8,0.0026
1965,1912801032,PAW Patrol The Movie: Adventure City Calls,8,0.0026
1966,912254227,Pit People,8,0.0026
1967,1112934361,Pure,8,0.0026
1968,1789157539,Puyo Puyo™ Tetris® 2,8,0.0026
1969,806435492,Road Redemption,8,0.0026
1970,1820242486,Roguebook Xbox Series X|S,8,0.0026
1971,1690094100,Run Sausage Run!,8,0.0026
1972,2068415611,Rust Console Edition - Public Test Branch,8,0.0026
1973,2045526445,S.T.A.L.K.E.R.: Clear Sky - Enhanced Edition,8,0.0026
1974,778803087,Spacelords,8,0.0026
1975,1663285336,STAR WARS™: Bounty Hunter™,8,0.0026
1976,1986802694,Suikaiju,8,0.0026
1977,1431504880,TC's GRAW2,8,0.0026
1978,1977179260,TES IV: Oblivion Remastered - Digital Artbook & Original Soundtrack,8,0.0026
1979,1774362586,The Backrooms 1998,8,0.0026
1980,1733173772,The Bard's Tale Trilogy,8,0.0026
1981,1668095237,The Jackbox Naughty Pack,8,0.0026
1982,1987184613,The Jackbox Party Pack 9,8,0.0026
1983,2128187549,The Walking Zombie 2,8,0.0026
1984,1396901866,Tomb Raider: Anniv.,8,0.0026
1985,1686524250,Train Sim World® 4,8,0.0026
1986,2125289543,TRANSFORMERS™: Devastation,8,0.0026
1987,1794639484,WARTILE,8,0.0026
1988,1807860559,Werewolf: The Apocalypse - Earthblood,8,0.0026
1989,2008301104,Wildgate,8,0.0026
1990,1781945767,Wizard of Legend 2,8,0.0026
1991,1807181865,Wizard with a Gun,8,0.0026
1992,1414793346,XCOM®: Enemy Unknown,8,0.0026
1993,1049055654,XCOM®: Enemy Within,8,0.0026
1994,731026222,ACA NEOGEO METAL SLUG X,7,0.0023
1995,579423182,Agony,7,0.0023
1996,652901378,APB Reloaded,7,0.0023
1997,132590840,Assassin's Creed® Chronicles: India,7,0.0023
1998,1771834186,ATLAS (Game Preview),7,0.0023
1999,2042945112,Atomicrops,7,0.0023
2000,1480656960,Carcassonne,7,0.0023
2001,1480657530,Castlevania HD,7,0.0023
2002,1872307318,Chef Life: A Restaurant Simulator,7,0.0023
2003,1717280173,CHRONO CROSS: THE RADICAL DREAMERS EDITION,7,0.0023
2004,1842022716,Colt Canyon,7,0.0023
2005,2011564314,Contra: Operation Galuga,7,0.0023
2006,1921002833,Crossy Road Castle,7,0.0023
2007,2077764934,Crysis Remastered,7,0.0023
2008,1129121861,DiRT Showdown,7,0.0023
2009,1821472434,Disciples: Liberation,7,0.0023
2010,268236555,Disney Infinity [2.0],7,0.0023
2011,2061746629,Don't Starve: Giant Edition,7,0.0023
2012,1757950833,DreamWorks All-Star Kart Racing,7,0.0023
2013,1146095609,Earth Defense Force: IA,7,0.0023
2014,1852617445,ELEX II,7,0.0023
2015,1832912519,Exodus: Creepy Time,7,0.0023
2016,942676443,F1™ 2016,7,0.0023
2017,180750187,F1™ 2017,7,0.0023
2018,918516972,Farming Simulator 15,7,0.0023
2019,67961945,FlatOut 4 : Total Insanity,7,0.0023
2020,2027986430,Fury Unleashed,7,0.0023
2021,2005313515,Garten of Banban 7,7,0.0023
2022,2036291363,Garten of Banban 8: Anti Devil,7,0.0023
2023,1930132661,Jotunnslayer: Hordes of Hel,7,0.0023
2024,2004666712,Journey To The Savage Planet: Employee Of The Month,7,0.0023
2025,1865989097,KINGDOM HEARTS HD 2.8 Final Chapter Prologue,7,0.0023
2026,1920167136,Layers of Fear (2023),7,0.0023
2027,149149959,Lies Of Astaroth,7,0.0023
2028,779348826,Livelock,7,0.0023
2029,1128466413,LOST PLANET 2,7,0.0023
2030,1128466398,LOST PLANET COLONIES,7,0.0023
2031,433988710,MASSIVE CHALICE,7,0.0023
2032,956590734,Mega Man Legacy Collection 2,7,0.0023
2033,14233261,Minecraft: Story Mode - Season Two - Episode 1,7,0.0023
2034,1699829016,Monster Hunter Stories 3: Twisted Reflection,7,0.0023
2035,905842411,Mutant Football League,7,0.0023
2036,593565047,MY HERO ONE’S JUSTICE,7,0.0023
2037,2086432768,Neva,7,0.0023
2038,1263929316,NINJA GAIDEN 3: RE,7,0.0023
2039,1868841248,Nobody Saves the World,7,0.0023
2040,1993181112,Northgard,7,0.0023
2041,1059087507,Octodad: Dadliest Catch,7,0.0023
2042,1480657548,PAC-MAN CE DX+,7,0.0023
2043,2089042924,Paleo Pines,7,0.0023
2044,1297287123,Perfect Dark Zero,7,0.0023
2045,340271216,Planet Alpha,7,0.0023
2046,1731606141,Prison of Illusion,7,0.0023
2047,153810321,Pro Evolution Soccer 2015,7,0.0023
2048,481098309,Pure Farming 2018,7,0.0023
2049,1431504886,R.U.S.E.,7,0.0023
2050,24524637,Railway Empire,7,0.0023
2051,522156478,Riddled Corpses EX,7,0.0023
2052,227770627,Riverbond,7,0.0023
2053,1532956420,Sébastien Loeb Rally EVO,7,0.0023
2054,1916393313,SIGNALIS,7,0.0023
2055,1480657415,SONIC THE HEDGEHOG™ 4 Episode I,7,0.0023
2056,1896019236,Soulslinger: Envoy of Death,7,0.0023
2057,1636452571,SRX: The Game,7,0.0023
2058,1618827907,Starbound,7,0.0023
2059,1895471502,Stubbs the Zombie in Rebel Without a Pulse,7,0.0023
2060,1414596596,Stuntman: Ignition,7,0.0023
2061,2119021593,Subnautica 2 (Game Preview),7,0.0023
2062,1841866029,Super Bomberman R Online,7,0.0023
2063,412423425,SWORD ART ONLINE Alicization Lycoris,7,0.0023
2064,1768536074,Symphonia 𝄞,7,0.0023
2065,1940337295,Taiko no Tatsujin: Rhythm Festival,7,0.0023
2066,1718047845,Tannenberg,7,0.0023
2067,1825800558,Temtem,7,0.0023
2068,1691117579,Terminator 2D: NO FATE,7,0.0023
2069,972022825,Tetris® Ultimate,7,0.0023
2070,1999803984,The Amazing Spider-Man 2™,7,0.0023
2071,1889167057,The Walking Dead: Destinies,7,0.0023
2072,193310209,The Witness,7,0.0023
2073,1279330262,Thrillville: OTR,7,0.0023
2074,1480657132,Ticket to Ride,7,0.0023
2075,1480657534,Torchlight,7,0.0023
2076,1480657580,Toy Soldiers: Cold War,7,0.0023
2077,1480660067,Toybox Turbos,7,0.0023
2078,1721756099,Ultros,7,0.0023
2079,474535578,WARRIORS OROCHI 4,7,0.0023
2080,2072863941,Animal Shelter Simulator,6,0.002
2081,2130794071,Apollo Justice: Ace Attorney Trilogy,6,0.002
2082,1741728886,Arcade Paradise,6,0.002
2083,1963187474,ArcRunner,6,0.002
2084,682100179,Armello,6,0.002
2085,670545608,Armored Warfare,6,0.002
2086,1431504989,Assassin's Creed Brotherhood,6,0.002
2087,1664245882,Atari 50: The Anniversary Celebration,6,0.002
2088,1042452848,Aven Colony,6,0.002
2089,1680129182,Backrooms Level X,6,0.002
2090,2006171548,Battle Brothers,6,0.002
2091,1161889960,Battlefield Bad Company 2,6,0.002
2092,1021034070,Big Buck Hunter Arcade,6,0.002
2093,366165352,Blacksad - Under the Skin,6,0.002
2094,2061970650,BLACKTAIL,6,0.002
2095,1862346957,BloodRayne: ReVamped,6,0.002
2096,1698796012,Bloons TD 6,6,0.002
2097,1664817482,Blue Fire,6,0.002
2098,1112934366,Bolt,6,0.002
2099,1906603484,Bravery and Greed,6,0.002
2100,1650593751,Calico,6,0.002
2101,2098202394,Candy Crush Saga,6,0.002
2102,908734579,Carmageddon: Max Damage,6,0.002
2103,1414596609,Cars MN,6,0.002
2104,1944645448,Chess Battle,6,0.002
2105,1618799257,CityDriver,6,0.002
2106,1642353875,Craftopia,6,0.002
2107,694139546,Crawl,6,0.002
2108,2004939306,Crysis 3 Remastered,6,0.002
2109,1939160486,Dakar Desert Rally,6,0.002
2110,1414596582,Darksiders,6,0.002
2111,402672897,Death Squared,6,0.002
2112,1480657099,Defense Grid,6,0.002
2113,153292310,Disney Infinity 3.0,6,0.002
2114,1951675244,DJMAX RESPECT V,6,0.002
2115,1836115301,Docked,6,0.002
2116,1621285366,DOOM (1993),6,0.002
2117,2146119244,Double Dragon Revive,6,0.002
2118,1629928134,DRAGON QUEST III HD-2D Remake,6,0.002
2119,1721217822,Drake Hollow,6,0.002
2120,531404425,DYNASTY WARRIORS 9,6,0.002
2121,242301355,EA SPORTS™ NHL® 16,6,0.002
2122,1648619937,Edge of Eternity,6,0.002
2123,1706704659,Eldest Souls,6,0.002
2124,809464104,Elex,6,0.002
2125,1464993747,F.E.A.R. 2,6,0.002
2126,1661863954,FATE: Reawakened,6,0.002
2127,1397819398,FINAL FANTASY XIII-2,6,0.002
2128,2089457960,Fishing: Barents Sea,6,0.002
2129,2125839408,Formula Legends,6,0.002
2130,1618662965,Garfield Kart Furious Racing,6,0.002
2131,1480657265,GAROU MOW,6,0.002
2132,2094693316,Golfing in Aether,6,0.002
2133,943719970,GRID,6,0.002
2134,671675837,GRIP,6,0.002
2135,453673951,Guitar Hero Live,6,0.002
2136,1297287601,Halo: Combat Evolved Anniversary,6,0.002
2137,1704654963,Happy's Humble Burger Farm,6,0.002
2138,1480656866,Hardwood Backgammon,6,0.002
2139,2117139021,Hidden Cats in Istanbul,6,0.002
2140,1968550256,Hobo: Tough Life,6,0.002
2141,1842354344,Hot Wheels Let's Race™: Ultimate Speed,6,0.002
2142,2058317945,Hotel Renovator,6,0.002
2143,390164739,Hunting Simulator,6,0.002
2144,1480657435,ilomilo ,6,0.002
2145,1855729960,Just Dance® 2021,6,0.002
2146,1297287122,Kameo,6,0.002
2147,901962824,KartRider: Drift,6,0.002
2148,1749806231,Keep Talking and Nobody Explodes,6,0.002
2149,1840996916,Kinect Sports Rivals,6,0.002
2150,2145258670,Kiosk,6,0.002
2151,1674517129,Knights of Pen & Paper 2 Deluxiest Edition,6,0.002
2152,389571069,LEGO® Dimensions™,6,0.002
2153,1957230512,Let's Sing 2026,6,0.002
2154,1764400723,Like a Dragon: Ishin!,6,0.002
2155,2111359330,Loan Shark,6,0.002
2156,1687910025,Mahjong by Microsoft,6,0.002
2157,1886514325,Marble It Up! Ultra,6,0.002
2158,350075261,Marvel Heroes Omega,6,0.002
2159,196597117,Mega Man X Legacy Collection 2,6,0.002
2160,1772597205,METAL GEAR SOLID: MASTER COLLECTION Vol.1 BONUS CONTENT,6,0.002
2161,888477147,METAL GEAR SURVIVE,6,0.002
2162,1480657266,Metal Slug XX,6,0.002
2163,1651248133,Metal: Hellsinger,6,0.002
2164,1790559387,Miraculous: Rise of the Sphinx,6,0.002
2165,189896967,Monaco: What's Yours is Mine,6,0.002
2166,1806088999,Monsters are Coming!,6,0.002
2167,1882866745,NBA BOUNCE,6,0.002
2168,37469967,NBA Playgrounds,6,0.002
2169,2076732337,Necromunda: Hired Gun (Windows),6,0.002
2170,1764133092,OlliOlli World,6,0.002
2171,1794026365,Order of Battle: World War II,6,0.002
2172,2037218487,Outpath,6,0.002
2173,308514854,Outward,6,0.002
2174,1906677498,PAC-MAN MUSEUM+,6,0.002
2175,1297287193,Party Animals,6,0.002
2176,1712366974,PC Building Simulator,6,0.002
2177,1894255361,Placid Plastic Duck Simulator,6,0.002
2178,957250252,Rapala Fishing: Pro Series,6,0.002
2179,1313671123,Ridge Racer 6,6,0.002
2180,1652661000,Rugby Challenge 4,6,0.002
2181,1759610497,Rush Rally Origins,6,0.002
2182,2020514432,SBK™22,6,0.002
2183,282721798,Screencheat,6,0.002
2184,1613348546,Sea of Stars: Sunset Edition,6,0.002
2185,1297287126,Shadowrun,6,0.002
2186,161766595,Shantae and the Pirate's Curse,6,0.002
2187,1709151881,Ship Graveyard Simulator 2,6,0.002
2188,1654809752,Shotgun King: The Final Checkmate,6,0.002
2189,1480660016,Slender: The Arrival,6,0.002
2190,1179584488,Sniper Elite V2,6,0.002
2191,1813197692,SOS OPS!,6,0.002
2192,1480659985,SOULCALIBUR II HD,6,0.002
2193,2109986102,Space Crew: Legendary Edition,6,0.002
2194,1992651140,STAR WARS™: Dark Forces Remaster,6,0.002
2195,1876484566,STORY OF SEASONS: Friends of Mineral Town,6,0.002
2196,1770175521,Surviving the Aftermath,6,0.002
2197,1906078054,TERMINATOR: RESISTANCE,6,0.002
2198,1480656886,Texas Hold'em,6,0.002
2199,939155231,The Council - Episode 1: The Mad Ones,6,0.002
2200,2079588618,The Last Campfire,6,0.002
2201,2047811112,The Last Hero of Nostalgaia,6,0.002
2202,544772182,Thronebreaker: The Witcher Tales,6,0.002
2203,467118163,Titan Quest,6,0.002
2204,1396901868,Tomb Raider Underworld,6,0.002
2205,1721366178,Toy Soldiers HD,6,0.002
2206,1729848569,Trainz Simulator: World Tour,6,0.002
2207,2147214039,TRIANGLE STRATEGY,6,0.002
2208,75584766,Trine 4: The Nightmare Prince,6,0.002
2209,1758041918,UNBEATABLE,6,0.002
2210,2102312061,Unrailed!,6,0.002
2211,1777656573,Vanquish,6,0.002
2212,1066906675,Vikings - Wolves of Midgard,6,0.002
2213,1892485156,We Were Here Expeditions: The FriendShip,6,0.002
2214,1770084088,Wreckfest 2,6,0.002
2215,2056599614,Wreckreation,6,0.002
2216,1755180052,Yakuza 3 Remastered,6,0.002
2217,1764107912,Yakuza 4 Remastered,6,0.002
2218,1520322998,Zombie Army Trilogy,6,0.002
2219,1019936697,#IDARB,5,0.0016
2220,1948986948,007 First Light,5,0.0016
2221,2073237270,60 Parsecs!,5,0.0016
2222,1779788068,9 Kings (Game Preview),5,0.0016
2223,1791707434,A Castle Full of Cats,5,0.0016
2224,390641336,ACA NEOGEO METAL SLUG,5,0.0016
2225,398132983,ACA NEOGEO METAL SLUG 2,5,0.0016
2226,983914761,ACA NEOGEO METAL SLUG 3,5,0.0016
2227,552749870,ACA NEOGEO THE KING OF FIGHTERS '98,5,0.0016
2228,1915969143,AFL 23,5,0.0016
2229,1641858093,Albion Online,5,0.0016
2230,880413309,Amnesia: Collection,5,0.0016
2231,490460723,Arise: A Simple Story,5,0.0016
2232,1743279702,Arma Reforger - Experimental,5,0.0016
2233,1161889868,Army of Two™ (EU),5,0.0016
2234,1861014614,Autonauts,5,0.0016
2235,1614240330,Baldur's Gate: Dark Alliance,5,0.0016
2236,1833100190,Baldur's Gate: Dark Alliance II,5,0.0016
2237,1854415183,Barn Finders,5,0.0016
2238,1480657278,Battlefield 1943™,5,0.0016
2239,443831560,Battlestar Galactica Deadlock™,5,0.0016
2240,2059212977,Beast of Reincarnation,5,0.0016
2241,2008389504,Big Helmet Heroes,5,0.0016
2242,1812873797,Blades of Fire,5,0.0016
2243,1739622609,Blood West,5,0.0016
2244,1480657330,Bomberman Battlefest,5,0.0016
2245,1896582181,Bramble: The Mountain King,5,0.0016
2246,1899809649,Bubble Shooter Viking Pop!,5,0.0016
2247,1646378646,Cat Quest III,5,0.0016
2248,1285127818,Chariot,5,0.0016
2249,1967883584,Chorus,5,0.0016
2250,2042930008,CODE VEIN II - Digital Mini Artbook & Soundtrack,5,0.0016
2251,2102465429,Coffee Talk,5,0.0016
2252,1480657343,Commander's Challenge,5,0.0016
2253,54541475,Construction Simulator 2 US - Console Edition,5,0.0016
2254,2079295420,Crash Team Rumble™,5,0.0016
2255,694107204,Dance Central Spotlight,5,0.0016
2256,367230746,Darksiders Genesis,5,0.0016
2257,1762192861,DC's Justice League: Cosmic Chaos,5,0.0016
2258,1480656950,DIG DUG,5,0.0016
2259,852849518,Digimon Survive,5,0.0016
2260,338090394,Dirt Rally,5,0.0016
2261,534038970,Dovetail Games Euro Fishing,5,0.0016
2262,2044234749,Dragon's Dogma 2 Character Creator & Storage,5,0.0016
2263,1947615527,Drova - Forsaken Kin,5,0.0016
2264,2096319922,Embr,5,0.0016
2265,1941057630,Empire of the Ants,5,0.0016
2266,2049241881,Entropy Survivors,5,0.0016
2267,1989956835,Evolve,5,0.0016
2268,1692950358,Exoprimal,5,0.0016
2269,1480657527,Faery: Legends of Avalon,5,0.0016
2270,1079518187,FINAL FANTASY TYPE-0 HD,5,0.0016
2271,1480656915,Frogger,5,0.0016
2272,1414596568,Frontlines:Fuel of War,5,0.0016
2273,1856172970,Game of Thrones - Episode 1: Iron from Ice,5,0.0016
2274,1674087678,Gangs of Sherwood,5,0.0016
2275,1734964144,Ghosts 'n Goblins Resurrection,5,0.0016
2276,2045688705,Giana Sisters: Twisted Dreams - Director's Cut,5,0.0016
2277,1641056892,Gloomhaven,5,0.0016
2278,1658533947,Guess the Flag! - World Flags Quiz,5,0.0016
2279,606152324,GWENT: The Witcher Card Game,5,0.0016
2280,1829337400,Have a Nice Death,5,0.0016
2281,1825883295,Hidden Cats in Rio de Janeiro,5,0.0016
2282,1698046377,Highway Police Simulator,5,0.0016
2283,1397819420,Hitman HD Pack,5,0.0016
2284,1480657722,I Am Alive™,5,0.0016
2285,1672730245,In Sound Mind,5,0.0016
2286,65384566,Jumanji: The Video Game,5,0.0016
2287,2028720746,Junkyard Simulator,5,0.0016
2288,1396901845,Just Cause,5,0.0016
2289,1003487612,Korgan,5,0.0016
2290,1900505119,Kung Fu Panda Showdown of Legendary Legends,5,0.0016
2291,1912466607,Laundry Store Simulator,5,0.0016
2292,2028645063,Legend of Mana,5,0.0016
2293,1660823717,LEGO® Brawls,5,0.0016
2294,1929376326,Lil Gator Game,5,0.0016
2295,1987951399,Lonely Mountains: Downhill,5,0.0016
2296,1886840872,Loop Hero,5,0.0016
2297,1537894068,Magic 2015,5,0.0016
2298,1480656990,Marathon: Durandal,5,0.0016
2299,1747564672,Microsoft Treasure Hunt,5,0.0016
2300,2142315481,Mighty Morphin Power Rangers: Rita's Rewind,5,0.0016
2301,1480657301,Monkey Island: SE,5,0.0016
2302,1792557898,Moonlighter 2: The Endless Vault (Game Preview),5,0.0016
2303,1150103050,Mordheim: City of the Damned,5,0.0016
2304,1423533994,MotoGP™15,5,0.0016
2305,1480657689,Ms. Splosion Man™,5,0.0016
2306,2091286911,Mudness Offroad - 4x4 Truck Car Simulator,5,0.0016
2307,1696839999,MXGP 24: The Official Game,5,0.0016
2308,1894122921,My Singing Monsters Playground,5,0.0016
2309,1480656988,N+,5,0.0016
2310,693693640,NASCAR Heat Evolution,5,0.0016
2311,2085418848,Nexomon,5,0.0016
2312,2095724117,Nice Day for Fishing,5,0.0016
2313,1814825729,No More Heroes 3,5,0.0016
2314,933693396,ŌKAMI HD,5,0.0016
2315,2081394706,Onimusha 2: Samurai's Destiny,5,0.0016
2316,926156714,Onimusha: Warlords,5,0.0016
2317,1661545526,Orcs Must Die! 3,5,0.0016
2318,1480657413,Outland,5,0.0016
2319,1480657015,Pac-Man C.E.,5,0.0016
2320,348018268,Pang Adventures,5,0.0016
2321,1893912101,Party Panic,5,0.0016
2322,2090177606,PERISH,5,0.0016
2323,2046628793,PixARK,5,0.0016
2324,1972300274,Police Stories,5,0.0016
2325,2071988780,Port Royale 4,5,0.0016
2326,104182544,Pro Evolution Soccer 2016,5,0.0016
2327,965890138,Project Highrise: Architect's Edition,5,0.0016
2328,1901782415,Railway Empire 2 (Win),5,0.0016
2329,1480659438,RAW,5,0.0016
2330,1865128155,Real Boxing 2: Remastered,5,0.0016
2331,893913055,Red Faction II,5,0.0016
2332,1996943027,Revhead,5,0.0016
2333,1685686710,Rogue Legacy 2,5,0.0016
2334,873887021,Rogue Stormers,5,0.0016
2335,293466353,Saban’s Mighty Morphin Power Rangers: Mega Battle,5,0.0016
2336,2104908468,SAMURAI WARRIORS 5,5,0.0016
2337,1753316980,Sanicball Xbox version,5,0.0016
2338,1480657539,SEGA Bass Fishing,5,0.0016
2339,1882598345,Shadow Warrior,5,0.0016
2340,1866950192,Shady Part of Me,5,0.0016
2341,1022228933,Shenmue II,5,0.0016
2342,2100742349,Sir Whoopass: Immortal Death,5,0.0016
2343,288915516,Skyforge,5,0.0016
2344,1657758963,Slay the Princess - The Pristine Cut,5,0.0016
2345,1785888386,Snake.io,5,0.0016
2346,1671676860,Snakeybus,5,0.0016
2347,1480659442,SONIC 4 Episode II,5,0.0016
2348,380703582,Splosion Man,5,0.0016
2349,1480657523,Stacking,5,0.0016
2350,605317845,Stern Pinball Arcade,5,0.0016
2351,2027854331,STORY OF SEASONS: A Wonderful Life,5,0.0016
2352,2003002635,Survival: Foutain of Youth - Captain's Edition,5,0.0016
2353,1624769204,Talisman: Digital Edition,5,0.0016
2354,1873939850,Teenage Mutant Ninja Turtles Arcade: Wrath of the Mutants,5,0.0016
2355,2058683262,Teenage Mutant Ninja Turtles: Mutants Unleashed,5,0.0016
2356,1821165740,The Eternal Cylinder,5,0.0016
2357,2011673728,THE HOUSE OF THE DEAD 2: Remake,5,0.0016
2358,1648318214,The Lord of the Rings: Gollum™,5,0.0016
2359,1865341179,The MUSYNX,5,0.0016
2360,996619018,The Sinking City,5,0.0016
2361,1963849763,Thymesia,5,0.0016
2362,2002692571,Timberman VS,5,0.0016
2363,1863466810,Tormented Souls 2,5,0.0016
2364,1480657310,Toy Soldiers,5,0.0016
2365,1887639245,Tracks - The Train Set Game,5,0.0016
2366,1264125916,Tropico 4,5,0.0016
2367,1937610303,Two Point Museum,5,0.0016
2368,2074316990,Ultimate General: Gettysburg,5,0.0016
2369,2117776820,UnderMine,5,0.0016
2370,2118758715,Unknown 9: Awakening,5,0.0016
2371,1397033025,VANQUISH,5,0.0016
2372,1951151775,Vicious Attack Llama Apocalypse,5,0.0016
2373,1651691355,Wanted: Dead,5,0.0016
2374,1682770291,"Warhammer 40,000: Chaos Gate - Daemonhunters",5,0.0016
2375,2026783353,Wayfinder,5,0.0016
2376,1629004246,We Love Katamari REROLL+ Royal Reverie,5,0.0016
2377,861949148,What Remains of Edith Finch,5,0.0016
2378,2023196561,Witch It,5,0.0016
2379,521446567,WORLD OF FINAL FANTASY MAXIMA,5,0.0016
2380,1834145283,World of Tennis: Roaring ’20s,5,0.0016
2381,1888936506,Worms Armageddon: Anniversary Edition,5,0.0016
2382,775457902,WRC 5 FIA World Rally Championship,5,0.0016
2383,1841078711,Zombie Derby 2,5,0.0016
2384,711381438,Zoo Tycoon,5,0.0016
2385,2007033271,80's OVERDRIVE,4,0.0013
2386,1682735559,9 Monkeys of Shaolin,4,0.0013
2387,88086791,A KING'S TALE: FINAL FANTASY XV,4,0.0013
2388,1824287216,Aaero2,4,0.0013
2389,1313671121,ACE COMBAT 6,4,0.0013
2390,2023402980,Achilles: Legends Untold,4,0.0013
2391,1790739309,Ad Infinitum,4,0.0013
2392,219620906,ADIOS Amigos,4,0.0013
2393,1480657136,Age of Booty,4,0.0013
2394,2080141972,Aground,4,0.0013
2395,2036577806,Akane,4,0.0013
2396,350859148,Alekhine's Gun,4,0.0013
2397,1871850764,Amanda the Adventurer 2,4,0.0013
2398,1780044941,American Arcadia,4,0.0013
2399,189808036,American Fugitive,4,0.0013
2400,1905197072,American Theft 80s,4,0.0013
2401,77840650,Among the Sleep - Enhanced Edition,4,0.0013
2402,1480657297,ARKANOID Live!,4,0.0013
2403,686748290,Atari Flashback Classics Vol. 1,4,0.0013
2404,1744435907,Atelier Yumia: The Alchemist of Memories & the Envisioned Land,4,0.0013
2405,267850304,ATV Drift & Tricks Definitive Edition,4,0.0013
2406,2078107330,Bad Cheese,4,0.0013
2407,1887376501,Bartender Hustle,4,0.0013
2408,1161889755,Battlefield 2: MC,4,0.0013
2409,1313671132,Beautiful Katamari,4,0.0013
2410,1864828194,Bendy: Lone Wolf,4,0.0013
2411,2099876954,Big Rumble Boxing: Creed Champions,4,0.0013
2412,2111261259,Biped,4,0.0013
2413,1972410679,Blaze and the Monster Machines: Axle City Racers,4,0.0013
2414,1988745404,Blazing Beaks,4,0.0013
2415,1850970705,Blazing Chrome,4,0.0013
2416,1480657002,Boom Boom Rocket,4,0.0013
2417,311085527,Brawlout,4,0.0013
2418,2018993706,Candy Crush Soda Saga,4,0.0013
2419,1480659545,CAPCOM ARCADE CABINET,4,0.0013
2420,1931470162,Car Driving School Simulator,4,0.0013
2421,1855158493,Cartel Tycoon,4,0.0013
2422,1889886349,Chess Royal,4,0.0013
2423,728813194,Citadel: Forged with Fire,4,0.0013
2424,2057723777,Classified: France '44,4,0.0013
2425,1732400170,Cobra Kai 2: Dojos Rising,4,0.0013
2426,1480657440,Comic Jumper,4,0.0013
2427,1414596570,Conan,4,0.0013
2428,1841498671,CONSCRIPT,4,0.0013
2429,1872937240,Copycat,4,0.0013
2430,2113258996,Core Keeper,4,0.0013
2431,1696763703,Crown Wars: The Black Prince,4,0.0013
2432,942640100,DAKAR 18,4,0.0013
2433,2065869943,Danganronpa V3: Killing Harmony Anniversary Edition,4,0.0013
2434,1480657756,Deadliest Warrior: Legends,4,0.0013
2435,382896606,Desperados III,4,0.0013
2436,1848024903,Dig Deep,4,0.0013
2437,2096544989,Divine Knockout (DKO),4,0.0013
2438,1480656932,DOOM,4,0.0013
2439,2100206304,DOOM: The Dark Ages Digital Artbook and Soundtrack,4,0.0013
2440,1793469167,Dorfromantik,4,0.0013
2441,1480657802,Dragon's Lair,4,0.0013
2442,776943591,DUCATI - 90th Anniversary,4,0.0013
2443,1480659907,Dungeons & Dragons: Chronicles of Mystara,4,0.0013
2444,147604411,Dungeons 3,4,0.0013
2445,1771234675,Dungeons 4,4,0.0013
2446,1977810583,DUSK,4,0.0013
2447,571156610,Earthfall,4,0.0013
2448,1977284905,Eastward,4,0.0013
2449,1817638967,Echoes of the End: Enhanced Edition,4,0.0013
2450,1874135365,EDENS ZERO,4,0.0013
2451,1805594701,Ember Knights : Heroes of the Nexus Edition,4,0.0013
2452,1880860626,Escape Academy,4,0.0013
2453,968775939,EVERSPACE™,4,0.0013
2454,1129121874,F1™ 2014,4,0.0013
2455,1198695408,F1™ 2015,4,0.0013
2456,974041664,Fade to Silence,4,0.0013
2457,1655237678,Fallout: New Vegas Ultimate Edition,4,0.0013
2458,1890880304,Fobia - St. Dinfna Hotel,4,0.0013
2459,1899291024,Fran Bow,4,0.0013
2460,893913057,Full Spectrum Warrior,4,0.0013
2461,1705113845,Garten of Banban 6,4,0.0013
2462,1925360122,Gex Trilogy,4,0.0013
2463,317243501,God's Trigger,4,0.0013
2464,2079183119,Gord,4,0.0013
2465,1705150859,Greedland,4,0.0013
2466,1129121860,GRID 2,4,0.0013
2467,1769592885,GUNDAM EVOLUTION,4,0.0013
2468,2038958977,Hand of Fate 2,4,0.0013
2469,2028516160,Hardspace: Shipbreaker - Windows,4,0.0013
2470,1924130173,Haven,4,0.0013
2471,2125426064,Heavy Metal Machines,4,0.0013
2472,1880214966,Hello Neighbor: Hide and Seek,4,0.0013
2473,1760815176,Hero's Hour,4,0.0013
2474,758563081,Horizon Chase Turbo,4,0.0013
2475,1715426744,Hyper Panda,4,0.0013
2476,2121552083,I'm in Love With Your Dead Grandmother,4,0.0013
2477,2129720796,"I Have No Mouth, and I Must Scream",4,0.0013
2478,1933871594,Icy Gifts 2,4,0.0013
2479,2129874876,Indivisible,4,0.0013
2480,909182696,Infinite Minigolf,4,0.0013
2481,1759196295,ISLANDERS: New Shores,4,0.0013
2482,21051553,It's Quiz Time,4,0.0013
2483,1922993793,Jalopy,4,0.0013
2484,1480656891,Jetpac Refuelled,4,0.0013
2485,1832432939,Johnny Trigger,4,0.0013
2486,944228222,Journey to the Savage Planet,4,0.0013
2487,611794133,Just Dance 2019®,4,0.0013
2488,1869923276,Katana ZERO,4,0.0013
2489,1774165009,King of Meat,4,0.0013
2490,1815601187,Kingdom Eighties,4,0.0013
2491,1161890110,Kingdoms of Amalur: Reckoning,4,0.0013
2492,2008175655,Knights of Pen and Paper +1 Deluxier Edition,4,0.0013
2493,1480657105,KOF98UM,4,0.0013
2494,1615382054,L.O.L. Surprise! B.B.s BORN TO TRAVEL™,4,0.0013
2495,2035287816,Let Them Come: Onslaught,4,0.0013
2496,1886359133,Looney Tunes: Wacky World of Sports,4,0.0013
2497,1953382311,Metro Redux,4,0.0013
2498,1983992803,Miasma Chronicles,4,0.0013
2499,1480657491,Monkey Island 2: SE,4,0.0013
2500,703886774,Monster Jam: Crush It!,4,0.0013
2501,2070782109,Monster Prom: XXL,4,0.0013
2502,1807714585,Monster Truck Championship,4,0.0013
2503,576433659,Moto Racer 4,4,0.0013
2504,1679173794,MotoGP™21,4,0.0013
2505,1685476854,Motorcycle Mechanic Simulator 2021,4,0.0013
2506,1480656951,MS.PAC-MAN,4,0.0013
2507,1839786246,Murdered: Soul Suspect,4,0.0013
2508,1781008619,MY LITTLE PONY: A Maretime Bay Adventure,4,0.0013
2509,1991467401,My Little Universe,4,0.0013
2510,1624572870,Ni no Kuni™ II: Revenant Kingdom - The Prince's Edition,4,0.0013
2511,125341318,Night in the Woods,4,0.0013
2512,1700516900,NINJA GAIDEN 3: Razor's Edge,4,0.0013
2513,2039473401,NINJA GAIDEN Σ,4,0.0013
2514,1129121809,OF: Dragon Rising,4,0.0013
2515,2121532136,Once Upon A KATAMARI,4,0.0013
2516,1964152695,OneShot: World Machine Edition,4,0.0013
2517,1847106181,Oppidum,4,0.0013
2518,1949523812,Override 2: Super Mech League,4,0.0013
2519,2013199752,PAC-MAN Mega Tunnel Battle: Chomp Champs,4,0.0013
2520,2000145726,Party Arcade,4,0.0013
2521,2074120545,Pax Dei,4,0.0013
2522,267248679,Phantom Dust,4,0.0013
2523,2024485825,PJ Masks: Heroes of the Night,4,0.0013
2524,1919133963,Praetorians - HD Remaster,4,0.0013
2525,1882609569,Prison Simulator,4,0.0013
2526,848477962,Pure Chess,4,0.0013
2527,1480657006,Puzzle Fighter HD,4,0.0013
2528,453783733,Q.U.B.E. 2,4,0.0013
2529,1784625849,Queen's Quest 5: Symphony of Death,4,0.0013
2530,2117633627,Quiplash 2 InterLASHional: The Say Anything Party Game!,4,0.0013
2531,99185600,R.B.I. Baseball 18,4,0.0013
2532,1912444422,RAIDOU Remastered: The Mystery of the Soulless Army,4,0.0013
2533,1414596703,Red Faction: Armageddon,4,0.0013
2534,1926182660,Redeemer - Enhanced Edition,4,0.0013
2535,1190858142,Redout: Lightspeed Edition,4,0.0013
2536,1623503769,RiMS Racing,4,0.0013
2537,1769121996,River City Girls 2,4,0.0013
2538,669503806,Rock of Ages 2: Bigger & Boulder™,4,0.0013
2539,1785385145,Rock of Ages 3: Make & Break,4,0.0013
2540,764522213,Runbow,4,0.0013
2541,2054178211,SAMURAI SHODOWN (Standard Ver.),4,0.0013
2542,1779343248,Sclash,4,0.0013
2543,1652981346,ScourgeBringer,4,0.0013
2544,2054684848,Second Extinction™ (Game Preview),4,0.0013
2545,1060097466,Serious Sam Collection,4,0.0013
2546,1852363353,Shadow Gambit: The Cursed Crew,4,0.0013
2547,2077320849,Shadow Man Remastered,4,0.0013
2548,1619485722,Shadows of Doubt,4,0.0013
2549,865750499,Shantae: Half-Genie Hero,4,0.0013
2550,21560138,Sheltered,4,0.0013
2551,2073240970,Skull Island: Rise of Kong,4,0.0013
2552,1906073826,Skullgirls 2nd Encore,4,0.0013
2553,1764429873,Sleeping Beauty: Hidden Object Game,4,0.0013
2554,1480656957,Soltrio Solitaire,4,0.0013
2555,60656359,SOMA,4,0.0013
2556,1480659441,Sonic CD,4,0.0013
2557,1718103769,Space Gladiators,4,0.0013
2558,1859601917,Spellbreak,4,0.0013
2559,1943663664,SpellForce III Reforced,4,0.0013
2560,1719161140,Spiritfall,4,0.0013
2561,1676037121,Spooky's Jump Scare Mansion: HD Renovation,4,0.0013
2562,2040979596,Steven Universe: Unleash the Light,4,0.0013
2563,1925739927,SubwaySim 2,4,0.0013
2564,1980176822,Suikaiju (Windows),4,0.0013
2565,1617919722,SUPER BOMBERMAN COLLECTION,4,0.0013
2566,1849290790,Super Scooter,4,0.0013
2567,1537932598,Super Toy Cars,4,0.0013
2568,1949756621,Surgeon Simulator 2,4,0.0013
2569,1981157496,System Shock,4,0.0013
2570,1619109702,Tales of Symphonia Remastered,4,0.0013
2571,1733855657,Tech Glitch,4,0.0013
2572,29770197,Teenage Mutant Ninja Turtles™: Mutants in Manhattan,4,0.0013
2573,1761788696,Tennis World Tour 2,4,0.0013
2574,2065439517,That Time I Got Reincarnated as a Slime ISEKAI Chronicles,4,0.0013
2575,1891258006,The Bard's Tale ARPG : Remastered and Resnarkled,4,0.0013
2576,1264125912,The First Templar,4,0.0013
2577,2073554022,The Jackbox Party Starter,4,0.0013
2578,1637976314,The Jackbox Survey Scramble,4,0.0013
2579,1892179113,The Last Faith,4,0.0013
2580,1858859325,The Thing: Remastered,4,0.0013
2581,946930585,The Walking Dead Collection - The Telltale Series,4,0.0013
2582,1967005422,The Wandering Village,4,0.0013
2583,2031756340,They Are Billions,4,0.0013
2584,2068094397,To the Moon and Beyond,4,0.0013
2585,21471625,Torchlight II,4,0.0013
2586,1695392136,Tormented Souls,4,0.0013
2587,1630747846,Tour de France 2025,4,0.0013
2588,1529724759,Transformers: The Dark Spark,4,0.0013
2589,1661098733,Turbo Golf Racing,4,0.0013
2590,2093112005,Turok 3: Shadow of Oblivion Remastered,4,0.0013
2591,1882728475,TY the Tasmanian Tiger™ 2: Bush Rescue™ HD,4,0.0013
2592,1683451145,Ultra Foodmess Deluxe,4,0.0013
2593,1620954305,Vagante,4,0.0013
2594,1884076770,Visage,4,0.0013
2595,1933726959,Warhammer Age of Sigmar: Storm Ground,4,0.0013
2596,648298719,Warhammer: Chaosbane Xbox One,4,0.0013
2597,405657081,Warhammer: End Times - Vermintide,4,0.0013
2598,2039837995,We Were Here Forever,4,0.0013
2599,1788936172,We Were Here Too,4,0.0013
2600,1666548378,Weedcraft Inc,4,0.0013
2601,1780460930,Wild Bastards,4,0.0013
2602,1480657355,Wolfenstein 3D,4,0.0013
2603,547690837,World of Van Helsing: Deathtrap,4,0.0013
2604,1858270096,Wylde Flowers,4,0.0013
2605,912199926,Yet Another Zombie Defense HD,4,0.0013
2606,1752291141,Zombie Derby,4,0.0013
2607,1715509340,Zoo Clues,4,0.0013
2608,188225844,11-11 Memories Retold,3,0.001
2609,1611397130,20XX,3,0.001
2610,1722019576,9th Dawn Remake,3,0.001
2611,537908737,Absolute Drift: Zen Edition,3,0.001
2612,304633817,ACA NEOGEO METAL SLUG 4,3,0.001
2613,1480656956,Aegis Wing,3,0.001
2614,1784931030,Aerial_Knight's Never Yield,3,0.001
2615,1847254069,Alex Kidd in Miracle World DX,3,0.001
2616,1997651308,All You Need is Help,3,0.001
2617,1649996690,Alone in the Dark Prologue,3,0.001
2618,1777869653,Alpacapaca Dash 2,3,0.001
2619,2041767726,Angry Birds 2,3,0.001
2620,1799950478,Aniimo,3,0.001
2621,1756488270,Arkanoid Eternal Battle,3,0.001
2622,1877455960,art of rally,3,0.001
2623,1891225930,Ash of Gods Redemption,3,0.001
2624,487844727,Assault Android Cactus,3,0.001
2625,1910615612,Asterix & Obelix Slap Them All!,3,0.001
2626,1946604107,Asteroids: Recharged,3,0.001
2627,2111109773,ATOLL : The Game,3,0.001
2628,1694852268,Avatar The Last Airbender: Quest for Balance,3,0.001
2629,1823463899,Bad Cat,3,0.001
2630,1670910658,Baking Time,3,0.001
2631,1664978629,Bang-On Balls: Chronicles,3,0.001
2632,1863651407,Battleborn,3,0.001
2633,1136549309,Battlefield 4™ Community Test Environment,3,0.001
2634,1480657374,BC - Rearmed 2,3,0.001
2635,1480659459,Bellator: MMA Onslaught,3,0.001
2636,1657892923,Big Buck Hunter: Ultimate Trophy,3,0.001
2637,621760503,Big Crown: Showdown,3,0.001
2638,1397033052,BINARY DOMAIN,3,0.001
2639,1475467792,BLADESTORM: Nightmare,3,0.001
2640,1714151217,Blair Witch,3,0.001
2641,883799031,Bless Unleashed,3,0.001
2642,2109985750,Blood: Refreshed Supply,3,0.001
2643,1800572506,Bloodshed,3,0.001
2644,1744072621,Bratz™: Flaunt your fashion,3,0.001
2645,1879813340,Breathedge,3,0.001
2646,2038940671,Bridge Race,3,0.001
2647,1648491052,Bulwark Evolution: Falconeer Chronicles,3,0.001
2648,82519866,Bush Hockey League,3,0.001
2649,1633674805,Butterfly,3,0.001
2650,1955794744,CARD SHOP GAME STORE SIMULATOR,3,0.001
2651,870299798,Carnival Games®,3,0.001
2652,2006671670,Carnival Survivors The Parade,3,0.001
2653,293403523,Cartoon Network: Battle Crashers,3,0.001
2654,1480659610,CastleStorm,3,0.001
2655,1987803377,Cat Quest II,3,0.001
2656,1692828729,Cats and Seek : Osaka,3,0.001
2657,1962218680,Cel Damage HD,3,0.001
2658,1715577372,Chained Echoes,3,0.001
2659,1644979601,Chernobylite Complete Edition,3,0.001
2660,1827739583,Chess Infinity,3,0.001
2661,1864051732,Chronicles of Albian 3: The Vanishing Village Collector's Edition,3,0.001
2662,1932915714,Cinemoji Collection,3,0.001
2663,1676653592,Citizen Sleeper 2: Starward Vector,3,0.001
2664,1783440636,City Bus Manager,3,0.001
2665,1880988322,Classic Pool,3,0.001
2666,300490305,Claybook,3,0.001
2667,1941723837,Coffee Talk Episode 2: Hibiscus and Butterfly,3,0.001
2668,1811348687,Commandos 2 - HD Remaster,3,0.001
2669,1397032914,Condemned,3,0.001
2670,1903918497,"Cook, Serve, Delicious! 3?!",3,0.001
2671,1766171641,Croc's World,3,0.001
2672,1763402795,Croc's World 2,3,0.001
2673,1687740829,Croc's World 3,3,0.001
2674,1771581366,Croc Legend of the Gobbos,3,0.001
2675,1128466400,Dark Void,3,0.001
2676,1661865075,Dawn of the Monsters,3,0.001
2677,1805903409,Daymare: 1998,3,0.001
2678,1611718894,DC League of Super-Pets: The Adventures of Krypto and Ace,3,0.001
2679,502883447,Dead Island Retro Revenge,3,0.001
2680,1480657531,Dead Space™ Ignition,3,0.001
2681,125143641,Deadlight: Director's Cut,3,0.001
2682,1966406017,Deceive Inc.,3,0.001
2683,1679835971,Deliver Us The Moon,3,0.001
2684,2116371080,Dicey Dungeons,3,0.001
2685,1743819957,Disco Simulator,3,0.001
2686,1112934403,Disney Universe,3,0.001
2687,1751561017,Dollmare,3,0.001
2688,1112737777,DOOM 3 BFG Edition,3,0.001
2689,141638183,DreamWorks Dragons Dawn of New Riders,3,0.001
2690,1855780914,DreamWorks Gabby’s Dollhouse: Ready to Party,3,0.001
2691,2026145066,Drink 'Em,3,0.001
2692,945282628,Drunk-Fu: Wasted Masters,3,0.001
2693,1847263549,Dungeon Defenders: Awakened,3,0.001
2694,1397819381,Dungeon Siege III,3,0.001
2695,1480657010,E4,3,0.001
2696,1480657378,Earthworm Jim HD,3,0.001
2697,1973165271,Eastshade,3,0.001
2698,1146095571,EDF 2017,3,0.001
2699,2129002058,ENDER MAGNOLIA: Bloom in the Mist,3,0.001
2700,1706225842,ENDLESS Dungeon™,3,0.001
2701,1313671153,Enslaved,3,0.001
2702,1263339518,Escape Dead Island,3,0.001
2703,1648906760,Everdream Valley,3,0.001
2704,2134693780,EVERSPACE™ 2,3,0.001
2705,1639220334,Exo One,3,0.001
2706,1448413145,F.E.A.R.,3,0.001
2707,1887182103,F1® Manager 2022,3,0.001
2708,1928112883,Fabledom,3,0.001
2709,1642003684,Fantasy Aquarium,3,0.001
2710,1814653009,FAR: Changing Tides,3,0.001
2711,82367207,Farmer's Dynasty,3,0.001
2712,1709057471,FATAL FRAME: Mask of the Lunar Eclipse,3,0.001
2713,1431504860,FC Instincts Predator,3,0.001
2714,1672045983,Feather,3,0.001
2715,1805284872,Five Nights at Freddy's: Help Wanted 2,3,0.001
2716,1691539579,Flappy Fly,3,0.001
2717,1782426167,Flat Heroes,3,0.001
2718,1612963482,Fly Punch Boom!,3,0.001
2719,1803141715,Football Manager 2024,3,0.001
2720,1975562587,Forgive Me Father,3,0.001
2721,1480657553,From Dust™,3,0.001
2722,2043607614,Frontier Pilot Simulator,3,0.001
2723,1627281209,FUSER™,3,0.001
2724,1480656914,GALAGA,3,0.001
2725,1783054290,Garfield Lasagna Party,3,0.001
2726,159583079,Gear.Club Unlimited 2 - Ultimate Edition,3,0.001
2727,1229391860,Ghostbusters,3,0.001
2728,732939800,Ghostbusters™,3,0.001
2729,1995619397,God of Rock,3,0.001
2730,1770092694,Going Under,3,0.001
2731,2058395991,Golf Guys,3,0.001
2732,529515303,Gone Home,3,0.001
2733,1696466008,GRAVEN,3,0.001
2734,1953035485,Green Soldiers Heroes,3,0.001
2735,1129121873,GRID Autosport,3,0.001
2736,928096970,Happy Dungeons,3,0.001
2737,1480657432,Hard Corps: Uprising,3,0.001
2738,1695499346,Headbangers: Rhythm Royale,3,0.001
2739,1993844394,Heart of the Forest,3,0.001
2740,1766317194,Helix Jump,3,0.001
2741,2032696661,Hotel: A Resort Simulator,3,0.001
2742,939695563,Hotshot Racing,3,0.001
2743,1827075606,Human Zoo Tycoon,3,0.001
2744,1702750733,Huntdown,3,0.001
2745,720702755,Hyper Light Drifter,3,0.001
2746,299988825,Ice Age Scrat's Nutty Adventure,3,0.001
2747,1717134406,Immortal Realms: Vampire Wars,3,0.001
2748,1686154202,Indoor Kickball,3,0.001
2749,1629080596,JellyCar Worlds,3,0.001
2750,1480659445,Joe Danger Special Edition,3,0.001
2751,1480656856,Joust,3,0.001
2752,1691551544,Jujutsu Kaisen Cursed Clash - Jujusta 2024,3,0.001
2753,1773156258,Jurassic Park Classic Games Collection,3,0.001
2754,1006362568,Just Dance 2014,3,0.001
2755,1206122062,Just Dance 2016,3,0.001
2756,1117499725,JUST DANCE® 2015,3,0.001
2757,1721223782,Katamari Damacy REROLL,3,0.001
2758,1751090642,Kaze and the Wild Masks,3,0.001
2759,649279273,King's Quest™,3,0.001
2760,1672473394,King K Roller,3,0.001
2761,522988823,LA Cops,3,0.001
2762,2041063925,Lake,3,0.001
2763,2055909129,Legacy of Kain: Defiance Remastered,3,0.001
2764,58027060,Legendary Eleven,3,0.001
2765,1848425529,Let's Sing 2025,3,0.001
2766,2002613703,Lethal League Blaze,3,0.001
2767,1655517847,Like a Dragon Gaiden: The Man Who Erased His Name,3,0.001
2768,1795081986,Luck be a Landlord,3,0.001
2769,2125308381,Lumberjack's Dynasty,3,0.001
2770,1480656888,LUMINES LIVE!,3,0.001
2771,1480657727,Magic 2012,3,0.001
2772,1480659475,Magic 2013,3,0.001
2773,1977505997,Maid of Sker,3,0.001
2774,908941238,Mark of the Ninja: Remastered,3,0.001
2775,1060304103,Marooners,3,0.001
2776,1480659904,Mars: War Logs,3,0.001
2777,1913012021,Marshmallow Marvin,3,0.001
2778,1014379144,Marvel: Ultimate Alliance 2,3,0.001
2779,2061946653,Math & Match,3,0.001
2780,1911247850,Meet Your Maker,3,0.001
2781,23963413,Mega Man Zero/ZX Legacy Collection,3,0.001
2782,1941838752,MELTY BLOOD: TYPE LUMINA,3,0.001
2783,1766280986,METAL SLUG ATTACK RELOADED,3,0.001
2784,2099446354,Midnight Fight Express,3,0.001
2785,2004795446,Miraculous - Paris Under Siege,3,0.001
2786,2050785251,Monster Prom 2: Monster Camp XXL,3,0.001
2787,1866194138,Murder Miners,3,0.001
2788,1652829137,Mushroom Savior,3,0.001
2789,1756205157,MySims™,3,0.001
2790,1685327515,NASCAR Arcade Rush,3,0.001
2791,1616270757,NBA LIVE 14,3,0.001
2792,919412218,Necromunda: Underhive Wars,3,0.001
2793,1740300956,Neighbours back From Hell,3,0.001
2794,2036125374,Neon White,3,0.001
2795,1706007518,Nexomon: Extinction,3,0.001
2796,1480659560,NiGHTS into dreams...,3,0.001
2797,1776537169,NINJA GAIDEN Σ2,3,0.001
2798,1732084298,No Puedes Escapar,3,0.001
2799,1725452465,No Sun To Worship,3,0.001
2800,1819944286,Nun Massacre,3,0.001
2801,54254179,Oceanhorn - Monster of Uncharted Seas,3,0.001
2802,1750039382,Oceanhorn 2 - Knights of the Lost Realm,3,0.001
2803,1785122378,Omega Strikers,3,0.001
2804,1146095594,Onechanbara,3,0.001
2805,1793239917,Ooblets,3,0.001
2806,2074508136,Open Country,3,0.001
2807,1480659435,Orcs Must Die!,3,0.001
2808,1129121801,Overlord II,3,0.001
2809,1827996338,PBA Pro Bowling 2023,3,0.001
2810,1731213835,Pickup Driving - Free,3,0.001
2811,1297290209,Pinball FX2,3,0.001
2812,172342998,PLAYERUNKNOWN’S BATTLEGROUNDS – Public Test Server,3,0.001
2813,2007252653,Poppy Kart,3,0.001
2814,1264125919,Port Royale 3,3,0.001
2815,307808103,Pro Fishing Simulator,3,0.001
2816,670498748,Pumped BMX +,3,0.001
2817,1998043773,R.B.I. Baseball 19,3,0.001
2818,1970954956,Rabbids Invasion : The Interactive TV Show,3,0.001
2819,1694200362,Rabio,3,0.001
2820,1480657184,Raskulls,3,0.001
2821,1431504883,Rayman Raving Rabbids,3,0.001
2822,2133414343,Recycling Center Simulator,3,0.001
2823,1637512046,Red Solstice 2: Survivors Ultimate Edition,3,0.001
2824,1930767830,RiffTrax: The Game,3,0.001
2825,1783825549,Road 96: Mile 0,3,0.001
2826,1867496283,Road Maintenance Simulator 2 + Winter Services,3,0.001
2827,826442297,Road Rage,3,0.001
2828,1414793183,Rockstar Table Tennis,3,0.001
2829,1888207061,Rogue Lords,3,0.001
2830,12734978,Roman Rumble in Las Vegum - Asterix & Obelix XXL 2,3,0.001
2831,2138535394,Rugby League Live 3,3,0.001
2832,1263339473,Sacred 2 Fallen Angel,3,0.001
2833,1480659510,Sacred Citadel,3,0.001
2834,1708768275,Saints Row Boss Factory,3,0.001
2835,1944780994,Scars Above,3,0.001
2836,1936146608,Scorn,3,0.001
2837,52620879,Scribblenauts Showdown,3,0.001
2838,1729553161,Sektori,3,0.001
2839,1689725766,Serious Sam: Siberian Mayhem,3,0.001
2840,2000442171,Shadow Warrior 3: Definitive Edition,3,0.001
2841,1901019717,Shaolin vs Wutang,3,0.001
2842,2129620077,Sherlock Holmes The Awakened,3,0.001
2843,2145390992,Sherlock Holmes: Crimes and Punishments Redux,3,0.001
2844,722694197,Sherlock Holmes: The Devil's Daughter,3,0.001
2845,1654530968,Shieldwall,3,0.001
2846,247124088,Shovel Knight: Treasure Trove,3,0.001
2847,1811056861,Shred! 2 - ft Sam Pilgrim,3,0.001
2848,1880975663,Simple Solitaire,3,0.001
2849,1626739731,Sky Survivors,3,0.001
2850,1613869684,Skylanders SWAP Force,3,0.001
2851,1811169840,Slay The Spire,3,0.001
2852,842462247,Slayaway Camp: Butcher's Cut,3,0.001
2853,2128705961,Solitaire HD,3,0.001
2854,2112770120,Songs of Conquest,3,0.001
2855,1480657348,Sonic & Knuckles,3,0.001
2856,1763680989,Space Science Investigations,3,0.001
2857,2120222634,Spirit of the North 2,3,0.001
2858,2037835570,Square Enix Digital Content Viewer,3,0.001
2859,1112934457,STAR WARS Jedi Starfighter,3,0.001
2860,1974921711,STAR WARS™: Episode I: Jedi Power Battles™,3,0.001
2861,687953907,STARWHAL,3,0.001
2862,1835454890,Stay Out of the House,3,0.001
2863,1048629103,Stikbold! A Dodgeball Adventure,3,0.001
2864,1692236270,Stolen Realm,3,0.001
2865,2120109308,STUFFED,3,0.001
2866,2059797788,Super Meat Boy Forever,3,0.001
2867,1963013137,Super Snake Block DX,3,0.001
2868,1914281401,Super Volley Blast,3,0.001
2869,405775731,Surviving Mars,3,0.001
2870,1480659532,SVC: ToeJam & Earl,3,0.001
2871,1704201327,System Shock 2: 25th Anniversary Remaster,3,0.001
2872,2002977221,Tails of Iron,3,0.001
2873,2132478540,Tails of Iron 2: Whiskers of Winter,3,0.001
2874,308135722,Tales of Vesperia™: Definitive Edition,3,0.001
2875,1671975688,Tales of Xillia Remastered,3,0.001
2876,1978334388,Tank Mechanic Simulator,3,0.001
2877,1431504864,TC's EndWar,3,0.001
2878,1480657504,Tecmo Bowl Throwback®,3,0.001
2879,1090851408,TEMBO THE BADASS ELEPHANT,3,0.001
2880,1037418183,Tennis World Tour,3,0.001
2881,1792745094,Terrifier: The ARTcade Game,3,0.001
2882,1881824137,Tetris® Forever,3,0.001
2883,2094819475,Thank Goodness You're Here!,3,0.001
2884,278122515,The Adventure Pals,3,0.001
2885,1685158190,The Expanse: A Telltale Series,3,0.001
2886,1761411767,THE HOUSE OF THE DEAD: Remake,3,0.001
2887,1988354836,The Karate Kid: Street Rumble,3,0.001
2888,1832298111,THE LAST TRAIN: Baquedano,3,0.001
2889,1854696468,The Lord of the Rings: Adventure Card Game - Definitive Edition,3,0.001
2890,494738437,The Maw,3,0.001
2891,1781023780,The Medium,3,0.001
2892,1962688125,The Messenger,3,0.001
2893,1816960683,The Nightmares At The Krusty Krab,3,0.001
2894,1161955801,The Technomancer,3,0.001
2895,2089424131,This War of Mine: Final Cut,3,0.001
2896,519443170,Torment: Tides of Numenera,3,0.001
2897,1702020699,Tourist Bus Simulator,3,0.001
2898,703997631,TowerFall Ascension,3,0.001
2899,1832512217,Townscaper,3,0.001
2900,1752070610,Toy Soldiers: War Chest,3,0.001
2901,1763742865,Train Sim World® 2,3,0.001
2902,2021123644,Tram Simulator Urban Transit,3,0.001
2903,1646334101,TramSim: Console Edition,3,0.001
2904,1913216462,Trine Enchanted Edition,3,0.001
2905,547734537,Truck Racing Championship,3,0.001
2906,1878739850,Truck Simulator Cargo Driver 2025 - USA,3,0.001
2907,1987230441,Turmoil,3,0.001
2908,131540426,Valentino Rossi The Game,3,0.001
2909,1828894151,Valiant Hearts: Coming Home,3,0.001
2910,944836149,Valkyria Chronicles 4,3,0.001
2911,133113455,Voodoo Vince: Remastered,3,0.001
2912,1759773134,Walking Simulator,3,0.001
2913,2026516560,Webbed,3,0.001
2914,2060575182,Whose Voice,3,0.001
2915,2125765747,Windbound,3,0.001
2916,1960103311,Windjammers 2,3,0.001
2917,1631055981,Worms Rumble,3,0.001
2918,1649362500,Xmas Survivors,3,0.001
2919,1777058720,Yakuza 5 Remastered,3,0.001
2920,1990116831,Yooka-Laylee and the Impossible Lair,3,0.001
2921,1848677374,ZDQ Island Engagement,3,0.001
2922,1989279553,Zoochosis,3,0.001
2923,1714878640,60 Seconds!,2,0.0007
2924,570085654,8-Bit RTS Series,2,0.0007
2925,767105780,8 To Glory - The Official Game of the PBR,2,0.0007
2926,544527071,911 Operator,2,0.0007
2927,2122751230,A Short Hike,2,0.0007
2928,1692343738,A.I.L.A,2,0.0007
2929,57524562,ACA NEOGEO FATAL FURY 3,2,0.0007
2930,254946653,ACA NEOGEO FATAL FURY SPECIAL,2,0.0007
2931,426534329,ACA NEOGEO THE KING OF FIGHTERS '96,2,0.0007
2932,420401391,ACA NEOGEO THE KING OF FIGHTERS 2000,2,0.0007
2933,2094098726,Ace Attorney Investigations Collection,2,0.0007
2934,1860967704,ACE COMBAT 8: WINGS OF THEVE,2,0.0007
2935,585188640,Aces of the Luftwaffe - Squadron,2,0.0007
2936,1672129931,Across the Obelisk,2,0.0007
2937,1849400719,Adios,2,0.0007
2938,344925310,Adventure Time: Finn and Jake Investigations,2,0.0007
2939,1956029545,Aeterna Noctis,2,0.0007
2940,1763236945,AFL Evolution 2,2,0.0007
2941,1629096088,Agatha Christie - Murder on the Orient Express,2,0.0007
2942,897067440,Age of Empires: Definitive Edition,2,0.0007
2943,1818962020,Agent Intercept,2,0.0007
2944,1838321370,Ages of Mages: the last keeper,2,0.0007
2945,1796559648,Aircraft Carrier Survival,2,0.0007
2946,1480660006,AirMech Arena,2,0.0007
2947,946215144,AirMech® Arena,2,0.0007
2948,1846694005,Akuto: Showdown,2,0.0007
2949,1910091538,Alfred Hitchcock - Vertigo,2,0.0007
2950,2000460393,Alien Hominid Invasion,2,0.0007
2951,545851415,All-Star Fruit Racing,2,0.0007
2952,588779462,American Ninja Warrior: Challenge,2,0.0007
2953,1711302343,Amerzone - The Explorer's Legacy,2,0.0007
2954,1728656016,Amnesia: Collection,2,0.0007
2955,2021205208,Ancestors Legacy,2,0.0007
2956,1757356654,Andro Dunos 2,2,0.0007
2957,1611092700,Ara History Untold: Anniversary Edition,2,0.0007
2958,2083321391,Arachnophobic Kyle,2,0.0007
2959,2099466588,Archvale,2,0.0007
2960,1833008309,Arsene Lupin - Once A Thief,2,0.0007
2961,423441812,Ashes Cricket,2,0.0007
2962,1631238072,Astro Miner,2,0.0007
2963,1835249581,ATOM RPG: Post-apocalyptic indie game,2,0.0007
2964,1720903665,Autopsy Simulator,2,0.0007
2965,1414596577,Avatar: TLA: TBE,2,0.0007
2966,1889059808,Backpack Hero,2,0.0007
2967,1152151422,BADLAND: Game of the Year,2,0.0007
2968,1619305462,Baki Hanma: Blood Arena,2,0.0007
2969,1618019161,Ballotron Coolbox,2,0.0007
2970,1939312830,Barista Simulator,2,0.0007
2971,465259992,Battle Chasers: Nightwar,2,0.0007
2972,1161889785,Battlefield: Bad Company,2,0.0007
2973,1737916926,Bay Breaker,2,0.0007
2974,1628735149,Bear Knight Honey Quest,2,0.0007
2975,2138218417,Becastled,2,0.0007
2976,529578794,Ben-Hur,2,0.0007
2977,2106780142,Beneath,2,0.0007
2978,2059259389,Beyond Galaxyland,2,0.0007
2979,1480657658,Beyond Good & Evil HD,2,0.0007
2980,1618388364,Beyond Hanwell,2,0.0007
2981,1854828947,BIOHAZARD VILLAGE Z Version,2,0.0007
2982,1730600743,Black Widow: Recharged,2,0.0007
2983,1431504859,Blazing Angels,2,0.0007
2984,2037855727,Block Puzzle Jewels Classic,2,0.0007
2985,2066959475,Block Tower TD,2,0.0007
2986,173291706,Blood Bowl 2,2,0.0007
2987,1296697338,BloodRayne 2,2,0.0007
2988,1723799507,BloodRayne 2: ReVamped,2,0.0007
2989,591630310,Bloodstained: Curse of the Moon,2,0.0007
2990,1633682783,BODYCAM 2026,2,0.0007
2991,1844418156,Botany Manor,2,0.0007
2992,1935728690,Boxes: Lost Fragments,2,0.0007
2993,1634698334,Boxing.free,2,0.0007
2994,1480657102,Braid,2,0.0007
2995,1754913361,Brewmaster: Beer Brewing Simulator,2,0.0007
2996,58039508,Bridge Constructor Portal,2,0.0007
2997,1972740153,Bright Memory: Infinite Platinum Edition,2,0.0007
2998,2133362762,Broken Sword - Shadow of the Templars: Reforged,2,0.0007
2999,364252200,Broken Sword 5 - the Serpent’s Curse,2,0.0007
3000,73782745,Brothers: a Tale of Two Sons,2,0.0007
3001,1923745417,Bug Fables: The Everlasting Sapling,2,0.0007
3002,1969868409,Bunhouse,2,0.0007
3003,1827508365,Burger Bistro Story,2,0.0007
3004,1987342378,Buried Alive: Breathless Rescue,2,0.0007
3005,2029431164,Bus Bound,2,0.0007
3006,1762067709,Butterfly 2,2,0.0007
3007,1960391873,Call of Duty®: Black Ops III (Windows),2,0.0007
3008,2113057830,Candivity,2,0.0007
3009,52417526,Candleman,2,0.0007
3010,1794618801,Car Mechanic Shop Simulator,2,0.0007
3011,2016139001,Card Collector Trading Shop,2,0.0007
3012,2052867986,Cards We're Dealt,2,0.0007
3013,1696049385,Carnivores: Dinosaur Hunt,2,0.0007
3014,2032548938,Cassette Beasts,2,0.0007
3015,2123178110,Castle of Heart: Retold,2,0.0007
3016,1897474813,Castle Walker,2,0.0007
3017,1501266033,CastleStorm - Definitive Edition,2,0.0007
3018,1754604823,Cats and Seek : Dino Park,2,0.0007
3019,1611852776,Cave Digger 2,2,0.0007
3020,1906559752,Centipede Gun,2,0.0007
3021,1431504972,Child of Eden,2,0.0007
3022,310307954,Chivalry: Medieval Warfare,2,0.0007
3023,1841886812,Christmas Massacre,2,0.0007
3024,1627160129,Circuit Superstars,2,0.0007
3025,1736174077,City Transport Simulator: Tram,2,0.0007
3026,1703939860,Clash: Artifacts of Chaos,2,0.0007
3027,2106826312,Close to the Sun,2,0.0007
3028,1774676042,Color Water Sort,2,0.0007
3029,1767974553,Cozy Grove,2,0.0007
3030,35820305,Crackdown 3: Wrecking Zone,2,0.0007
3031,1620274602,Cricket 19,2,0.0007
3032,461173340,Crimson Dragon,2,0.0007
3033,1991682337,Croc's World Construction Kit 2,2,0.0007
3034,1480657289,CRYSTAL DEFENDERS,2,0.0007
3035,1946372542,Cubic Odyssey,2,0.0007
3036,1824007949,Curious Cases,2,0.0007
3037,1838054999,Cute Astro,2,0.0007
3038,1991801140,Dark Light,2,0.0007
3039,1976796591,Dark Quest: Remastered,2,0.0007
3040,1734943461,Daymare: 1994 Sandcastle,2,0.0007
3041,327419539,de Blob,2,0.0007
3042,1414596709,de Blob 2 (2014),2,0.0007
3043,1951298086,Dead End Job,2,0.0007
3044,1922125818,Dead Reset,2,0.0007
3045,1313671278,Dead to Rights,2,0.0007
3046,1880055889,DEADCRAFT,2,0.0007
3047,1229916116,DEADLY PREMONITION,2,0.0007
3048,1959842755,Death's Door,2,0.0007
3049,2125095805,Death Match Love Comedy!,2,0.0007
3050,1667166711,Deathless. The Hero Quest,2,0.0007
3051,1744604493,Debtor: Enhanced Edition,2,0.0007
3052,1620621787,Deep Diving Adventures,2,0.0007
3053,419349778,Defiance 2050,2,0.0007
3054,2014312535,Despot's Game,2,0.0007
3055,1711880023,Dino Escape,2,0.0007
3056,1927023604,Discovery Tour: Viking Age,2,0.0007
3057,1764157412,Doctor Cat,2,0.0007
3058,1823452826,Dodgeball Academia,2,0.0007
3059,1755206522,Don't Be Afraid,2,0.0007
3060,1087781956,Don Bradman Cricket,2,0.0007
3061,1877331117,Doodle God: Evolution,2,0.0007
3062,2010409612,DOUBLE DRAGON,2,0.0007
3063,215313834,Draw a Stickman: EPIC,2,0.0007
3064,532569395,Drawful 2,2,0.0007
3065,2078878096,Dreamland Solitaire: Dark Prophecy,2,0.0007
3066,1750324834,Driving Essentials,2,0.0007
3067,1811960656,Duck Detective: The Ghost of Glamping,2,0.0007
3068,1480657463,Duke Nukem - Manhattan,2,0.0007
3069,1995684972,Dune: Spice Wars,2,0.0007
3070,429018095,Dungeon of the Endless,2,0.0007
3071,1911906130,Dungeon Village 2,2,0.0007
3072,1799540443,Dungeons & Dragons Neverwinter Nights 2: Enhanced Edition,2,0.0007
3073,1666801480,Dunk Lords,2,0.0007
3074,117434960,Dynamite Fishing - World Games,2,0.0007
3075,2067761315,EA SPORTS™ NBA LIVE 16,2,0.0007
3076,1748036661,Electrician Simulator,2,0.0007
3077,1733034941,Electronics Puzzle Lab,2,0.0007
3078,1647455747,Ellphaser,2,0.0007
3079,1725427493,Elon and the Divine Proof,2,0.0007
3080,651709478,Emily Wants to Play Too,2,0.0007
3081,1773142063,ENDER LILIES: Quietus of the Knights,2,0.0007
3082,1644006979,ENDLESS Legend™ 2 (Game Preview),2,0.0007
3083,168505788,Enigmatis 2: The Mists of Ravenwood,2,0.0007
3084,1930656280,Enotria: The Last Song,2,0.0007
3085,1700180810,Escape First,2,0.0007
3086,911650903,Evoland Legendary Edition,2,0.0007
3087,1983090774,Extreme Bowling Challenge,2,0.0007
3088,1949165391,Eyes: The Horror Game,2,0.0007
3089,1448413160,F.E.A.R. Files,2,0.0007
3090,2034535389,F1® Manager 2023,2,0.0007
3091,1760050791,Fae Farm,2,0.0007
3092,1726007892,Fantasy General II: Invasion,2,0.0007
3093,1861337590,Farmer's Life,2,0.0007
3094,495246139,FAST & FURIOUS CROSSROADS,2,0.0007
3095,1680223788,FATAL FRAME II: Crimson Butterfly REMAKE,2,0.0007
3096,332903703,Fibbage: The Hilarious Bluffing Party Game,2,0.0007
3097,2104575927,Fights in Tight Spaces,2,0.0007
3098,1962339231,Firegirl: Hack 'n Splash Rescue DX,2,0.0007
3099,1792158880,Flappy Frog,2,0.0007
3100,1805134071,FlipCat,2,0.0007
3101,1623391709,Flock,2,0.0007
3102,1796337570,Fly Corp,2,0.0007
3103,1707037087,Fox Legend,2,0.0007
3104,1980291965,FPV Simulator,2,0.0007
3105,1637733007,FRONT MISSION 3: Remake,2,0.0007
3106,2054354492,Fruit Ninja Kinect 2,2,0.0007
3107,1978204673,Full Metal Furies,2,0.0007
3108,1880707155,G.I. Joe: Operation Blackout,2,0.0007
3109,1898042382,Gargoyles Remastered,2,0.0007
3110,1480657545,Ghostbusters: Sanctum of Slime,2,0.0007
3111,5446773,Glass Masquerade,2,0.0007
3112,1941242183,Glass Masquerade 2,2,0.0007
3113,2043449905,Gori: Cuddly Carnage,2,0.0007
3114,1785738076,Grandia HD Collection,2,0.0007
3115,2080856071,Green Soldiers Heroes: Extreme Bikers,2,0.0007
3116,1821397642,GRIS,2,0.0007
3117,1744600653,Grow: Song of the Evertree,2,0.0007
3118,1936375380,Gungrave G.O.R.E,2,0.0007
3119,1698736128,Guts 'N Goals,2,0.0007
3120,121960285,Guts & Glory,2,0.0007
3121,1631946139,Gym Manager,2,0.0007
3122,1480656919,Gyruss,2,0.0007
3123,2096818168,Halo Infinite - Insider,2,0.0007
3124,1919864396,Handball 21,2,0.0007
3125,1780268897,Harvest Moon: Light of Hope SE Complete,2,0.0007
3126,1683854838,Harvest Moon: The Winds of Anthos,2,0.0007
3127,2023604348,Hatsune Miku Logic Paint S+,2,0.0007
3128,1638356846,Haunted House Renovator,2,0.0007
3129,1996335028,He is Coming (Game Preview),2,0.0007
3130,1670362756,Heliborne,2,0.0007
3131,1844884280,HELLCARD,2,0.0007
3132,1702609951,Hidden Cats in Paris,2,0.0007
3133,1789922063,Hidden Cats in Rome,2,0.0007
3134,446981050,Hitman: Absolution HD,2,0.0007
3135,331529974,Hitman: Blood Money HD,2,0.0007
3136,2071065614,Hoomanz!,2,0.0007
3137,1775797026,Horizon Chase 2,2,0.0007
3138,1787271899,House,2,0.0007
3139,1646312420,House Builder,2,0.0007
3140,1026512979,How to Survive: Storm Warning Edition,2,0.0007
3141,722916288,Hue,2,0.0007
3142,1693450318,Hunt: Showdown,2,0.0007
3143,1480657391,Hydrophobia,2,0.0007
3144,1793634692,I'm on Observation Duty 6,2,0.0007
3145,1843279556,I'm on Observation Duty 7,2,0.0007
3146,1945528318,Idle Devils,2,0.0007
3147,1480657016,Ikaruga,2,0.0007
3148,720995386,Immortal Redneck,2,0.0007
3149,1779354193,Infernax,2,0.0007
3150,2128134067,INVECTOR: RHYTHM GALAXY,2,0.0007
3151,2120617189,Invincible VS,2,0.0007
3152,2054032545,Iris Fall,2,0.0007
3153,1757844217,Islanders,2,0.0007
3154,1789470804,IXION,2,0.0007
3155,1480659418,Jeremy McGrath's Offroad,2,0.0007
3156,1480656874,Jewel Quest,2,0.0007
3157,1480659446,Joe Danger 2: The Movie,2,0.0007
3158,2127254728,Jonah Lomu Rugby Challenge 4,2,0.0007
3159,1480660105,JUJU,2,0.0007
3160,1982477375,Jumanji: Wild Adventures,2,0.0007
3161,1789366577,Junkyard Builder,2,0.0007
3162,2039051531,Kentum,2,0.0007
3163,2124401256,King's Bounty II,2,0.0007
3164,2072806887,King Arthur: Knight's Tale,2,0.0007
3165,1711332838,KINGDOM HEARTS Melody of Memory,2,0.0007
3166,2090287182,KLONOA Phantasy Reverie Series,2,0.0007
3167,1989445813,Knight Squad 2,2,0.0007
3168,1759041558,Knightoban,2,0.0007
3169,1973808452,Last Oasis (Game Preview),2,0.0007
3170,1909593680,Legends BMX,2,0.0007
3171,2005013689,LEGO® Bricktales,2,0.0007
3172,1615197965,Let's Build a Zoo,2,0.0007
3173,2146442135,Let's Sing 2021,2,0.0007
3174,1397819419,LIGHTNING RETURNS FFXIII,2,0.0007
3175,1625997162,Liminal Department,2,0.0007
3176,1689936313,Little Big Workshop,2,0.0007
3177,1747517565,Little Goody Two Shoes,2,0.0007
3178,2036022873,Little Misfortune,2,0.0007
3179,2051631353,Little Strays 2,2,0.0007
3180,1900726271,Lord of the Click 4,2,0.0007
3181,1716239307,Lords of the Fallen II,2,0.0007
3182,1648660389,Lost Eidolons: Veil of the Witch,2,0.0007
3183,1128466480,Lost Planet 3,2,0.0007
3184,1634336729,LUNAR Remastered Collection,2,0.0007
3185,1480656909,Luxor 2,2,0.0007
3186,1763558052,Mad Games Tycoon,2,0.0007
3187,1700020315,MADiSON,2,0.0007
3188,1625265143,MageQuit,2,0.0007
3189,1480659653,Magic 2014 — Duels of the Planeswalkers,2,0.0007
3190,1480656992,Magic: The Gathering,2,0.0007
3191,798834281,Manual Samuel Last Tuesday Edition,2,0.0007
3192,1712252493,March of Empires,2,0.0007
3193,2130574527,Matchpoint - Tennis Championships,2,0.0007
3194,2028075036,Mayhem Brawler,2,0.0007
3195,1480657390,MEGA MAN 10,2,0.0007
3196,1632270119,Megaton Rainfall,2,0.0007
3197,2090925193,Metal Slug Tactics,2,0.0007
3198,1808667646,Mighty No. 9,2,0.0007
3199,1918854602,Mini Golf Quest,2,0.0007
3200,1954760880,Minigolf Adventure,2,0.0007
3201,1958464992,Mob Control,2,0.0007
3202,2025687845,Monster Prom 3: Monster Roadtrip XXL,2,0.0007
3203,2139970300,Moonglow Bay,2,0.0007
3204,1979213200,Moons of Madness,2,0.0007
3205,1847551904,Morbid: The Seven Acolytes,2,0.0007
3206,1697419723,Mostroscopy,2,0.0007
3207,819262220,MotoGP™17,2,0.0007
3208,284212046,MotoGP™18,2,0.0007
3209,1766907656,MotoGP™21 - Xbox Series X|S,2,0.0007
3210,1834840157,Murder House,2,0.0007
3211,2094614940,Murderous Muses,2,0.0007
3212,2147143339,Music Racer,2,0.0007
3213,2045736222,My Recycling Center,2,0.0007
3214,1870551425,My Universe - My Baby,2,0.0007
3215,2070906964,NAMCO MUSEUM® ARCHIVES Vol 1,2,0.0007
3216,1862035245,NAMCO MUSEUM® ARCHIVES Vol 2,2,0.0007
3217,878282273,NBA 2K17: The Prelude,2,0.0007
3218,2016822482,Neckbreak,2,0.0007
3219,631368453,Necropolis,2,0.0007
3220,1802006334,Neon Abyss,2,0.0007
3221,1713716935,Neon Block Adventure,2,0.0007
3222,1777345011,Neon Inferno,2,0.0007
3223,157973080,NeuroVoider,2,0.0007
3224,1737346272,Neverwinter Nights: Enhanced Edition,2,0.0007
3225,1690896049,New Tales from the Borderlands,2,0.0007
3226,594585699,Nidhogg 2,2,0.0007
3227,1940517812,Night Book,2,0.0007
3228,1020187268,Nine Parchments,2,0.0007
3229,156829627,No Time To Explain,2,0.0007
3230,2081999852,Observer: System Redux,2,0.0007
3231,2034276683,Oddsparks: An Automation Adventure,2,0.0007
3232,1849931750,Offroad Mechanic Simulator,2,0.0007
3233,1820510942,Oh Balls Merge,2,0.0007
3234,1681858755,OMORI,2,0.0007
3235,1989157631,Once Human,2,0.0007
3236,1756731867,One Step From Eden,2,0.0007
3237,2128728875,Operation: Tango,2,0.0007
3238,1870108065,Outbreak: Epidemic,2,0.0007
3239,1904294237,Outcast - A New Beginning,2,0.0007
3240,1707434871,Overdrive Blaster,2,0.0007
3241,1129121749,Overlord,2,0.0007
3242,1958257709,Overpass 2,2,0.0007
3243,2002349228,OVERPASS™,2,0.0007
3244,35717019,Oxenfree,2,0.0007
3245,1161365458,P4A,2,0.0007
3246,2115269293,Panzer Dragoon: Remake,2,0.0007
3247,1616365132,Papa's Quiz,2,0.0007
3248,2041098926,Paper Glider,2,0.0007
3249,1627505072,Party Arcade Enhanced Edition,2,0.0007
3250,1979806051,Pathologic 3,2,0.0007
3251,1775966138,PBA Pro Bowling 2021,2,0.0007
3252,1914519751,Pillars of Eternity: Hero Edition,2,0.0007
3253,1663428955,Pirates Outlaws,2,0.0007
3254,1888324616,Please Be Happy,2,0.0007
3255,2138276496,Pneuma: Breath of Life,2,0.0007
3256,1646214170,Poppers,2,0.0007
3257,1697635406,Post Trauma,2,0.0007
3258,1414793184,Prey,2,0.0007
3259,1431504908,Prince of Persia,2,0.0007
3260,1908159885,Princess Farmer,2,0.0007
3261,2116922454,Prodeus,2,0.0007
3262,1642329913,Professor Rubik's Brain Fitness,2,0.0007
3263,1624350228,Project Spark,2,0.0007
3264,2025569450,Puzzle Book,2,0.0007
3265,2063534995,Pyramids and Aliens: Escape Room,2,0.0007
3266,1480657096,Quake Arena Arcade,2,0.0007
3267,1801662160,Queen's Quest 2: Stories of Forgotten Past (Xbox One Version),2,0.0007
3268,2099711760,R.B.I. Baseball 20,2,0.0007
3269,1733215481,Race with Ryan,2,0.0007
3270,1480657492,Radiant Silvergun,2,0.0007
3271,1902587499,Rage Swarm,2,0.0007
3272,1623187954,Rally Arcade Classics,2,0.0007
3273,1800747068,Ravenous Devils,2,0.0007
3274,1982760735,Rebel Cops,2,0.0007
3275,1618309410,Relicta,2,0.0007
3276,1814618059,Return to Monkey Island,2,0.0007
3277,2099119493,Rise of the Triad: Ludicrous Edition,2,0.0007
3278,1836689421,Rising Lords,2,0.0007
3279,1629043783,River City Girls,2,0.0007
3280,1940745705,Road Maintenance Simulator,2,0.0007
3281,1791949165,Robin Hood - Sherwood Builders,2,0.0007
3282,322450727,Rogue Legacy,2,0.0007
3283,2140018399,RollerCoaster Tycoon Adventures Deluxe,2,0.0007
3284,1644975436,Rollerdrome,2,0.0007
3285,1850415990,"Rolling Hills: Make Sushi, Make Friends",2,0.0007
3286,1704946873,Romancing SaGa 2: Revenge of the Seven,2,0.0007
3287,2001626208,Roots of Pacha,2,0.0007
3288,1861374778,Rugby Challenge 3,2,0.0007
3289,1654990488,Rune Factory 4 Special,2,0.0007
3290,1808022278,Sacred 2 Remaster,2,0.0007
3291,1263339495,Sacred 3,2,0.0007
3292,378040902,Salt and Sanctuary,2,0.0007
3293,1743311963,Sam & Max Save the World,2,0.0007
3294,2132272417,Sea Fishing Simulator,2,0.0007
3295,809710057,Serial Cleaner,2,0.0007
3296,1641777228,Serious Sam 4,2,0.0007
3297,2120089695,Severed Steel,2,0.0007
3298,1953391836,Shadowrun Returns,2,0.0007
3299,1939956128,Shadowrun: Dragonfall - Director's Cut PC,2,0.0007
3300,1935829261,Shadowrun: Hong Kong - Extended Edition,2,0.0007
3301,1908885199,Shadows of the Damned: Hella Remastered,2,0.0007
3302,1480659468,Shank™2,2,0.0007
3303,1933595910,Shaolin vs Wutang 2,2,0.0007
3304,2125030606,She Sees Red Interactive Movie,2,0.0007
3305,114172147,Shenmue,2,0.0007
3306,36217198,Sherlock Holmes: Crimes and Punishments,2,0.0007
3307,643894778,Shiness: The Lightning Kingdom,2,0.0007
3308,1480657316,Shinobi,2,0.0007
3309,1710148072,Ship Graveyard Simulator,2,0.0007
3310,1646983647,Shop Simulator: Supermarket,2,0.0007
3311,1635033134,Shoulders of Giants: Ultimate,2,0.0007
3312,2015678791,SILENT HILL 2 Bonus Content (Digital Artbook and Soundtrack）,2,0.0007
3313,1876367056,Simon the Sorcerer Origins,2,0.0007
3314,1720807506,Skibidi Sandbox,2,0.0007
3315,2008860920,Skyline Bowling,2,0.0007
3316,708889423,Slain: Back from Hell,2,0.0007
3317,1480656853,Small Arms,2,0.0007
3318,1002731481,Snooker Nation Championship,2,0.0007
3319,16468936,So Many Me,2,0.0007
3320,2126502173,Songs of Silence,2,0.0007
3321,1480656996,Sonic The Hedgehog,2,0.0007
3322,1480656995,Sonic The Hedgehog 2,2,0.0007
3323,1480657315,Sonic The Hedgehog 3,2,0.0007
3324,1817634846,Soulbind: Tales Of The Underworld,2,0.0007
3325,1480657156,SOULCALIBUR,2,0.0007
3326,1744487921,Spacebase Startopia,2,0.0007
3327,1507365602,Sparkle Unleashed,2,0.0007
3328,1733255949,Speedball,2,0.0007
3329,2015317909,Speedway Racing,2,0.0007
3330,196851457,Spike Volleyball,2,0.0007
3331,2045695664,SpongeBob: Krusty Cook-Off Extra Krusty Edition,2,0.0007
3332,1693360685,Spot Challenge Vol. 3,2,0.0007
3333,1896376911,Spot The Differences! Party,2,0.0007
3334,1940217918,SquadBlast (Game Preview),2,0.0007
3335,1912029217,STAB STAB STAB!,2,0.0007
3336,1917594775,Stampede: Racing Royale (Game Preview),2,0.0007
3337,2088823549,Star Trek: Legends,2,0.0007
3338,1968761430,Steampunk Tower 2,2,0.0007
3339,1633458467,SteamWorld Build,2,0.0007
3340,1752484614,Stillborn Slayer,2,0.0007
3341,1622218170,Street Outlaws: The List,2,0.0007
3342,1934391570,Street Power Soccer,2,0.0007
3343,1770044397,Stylist Girl,2,0.0007
3344,1880166267,Sudoku Classic X,2,0.0007
3345,2037941256,SUPER BOMBERMAN R 2,2,0.0007
3346,2099919133,Super Mining Mechs,2,0.0007
3347,1866825187,Super Monkey Ball: Banana Blitz HD,2,0.0007
3348,2034281213,Super Pixel Kid,2,0.0007
3349,1689702773,Survive on Raft,2,0.0007
3350,1827356638,Survivor - Castaway Island,2,0.0007
3351,1722901011,Sweet Survivors,2,0.0007
3352,1804098370,Swimsanity!,2,0.0007
3353,1908989621,SWORD ART ONLINE Last Recollection,2,0.0007
3354,1480657001,SWOS,2,0.0007
3355,1681761783,Syberia - Remastered,2,0.0007
3356,1161890083,Syndicate,2,0.0007
3357,1624264477,Taiko no Tatsujin: The Drum Master!,2,0.0007
3358,1699999089,Talisman: Digital 5th Edition,2,0.0007
3359,2076626607,Tank Mechanic Simulator - Reinforced,2,0.0007
3360,2124220599,Techwars Global Conflict,2,0.0007
3361,2095791088,Tennis Story,2,0.0007
3362,1984687290,Terra Invicta,2,0.0007
3363,1994584285,The Backrooms CodeRed,2,0.0007
3364,1949662682,The Beast Inside (Console Version),2,0.0007
3365,1637035694,The Chant,2,0.0007
3366,2115998347,The Drone Racing League Simulator,2,0.0007
3367,875174887,The Final Station,2,0.0007
3368,1969470092,The Fine Art of Murder,2,0.0007
3369,1771770355,The Forgotten City,2,0.0007
3370,2007018418,The Hong Kong Massacre,2,0.0007
3371,1058433943,The Incredible Adventures of Van Helsing III,2,0.0007
3372,2055782857,The Last Kids on Earth and the Staff of Doom,2,0.0007
3373,1721383054,The Outer Worlds: Spacer's Choice Edition,2,0.0007
3374,1414596562,The Outfit,2,0.0007
3375,698904373,The Park,2,0.0007
3376,313503666,The Peanuts® Movie: Snoopy's Grand Adventure,2,0.0007
3377,2010719250,The Smurfs - Mission Vileaf,2,0.0007
3378,2120497068,The Smurfs - Village Party,2,0.0007
3379,1702440591,The Stairwell,2,0.0007
3380,1431505093,The Stick of Truth™,2,0.0007
3381,1375399089,The Swindle,2,0.0007
3382,491421892,The Talos Principle,2,0.0007
3383,1015340672,Thimbleweed Park,2,0.0007
3384,424855892,This Is the Police,2,0.0007
3385,1999603806,Tic Tac Toe,2,0.0007
3386,1807962365,Tiny Tina's Assault on Dragon Keep: A Wonderlands One-shot Adventure,2,0.0007
3387,1657526037,Tomb Raider: Legacy of Atlantis,2,0.0007
3388,1610985256,Torchlight III,2,0.0007
3389,1889723336,Townsmen - A Kingdom Rebuilt,2,0.0007
3390,974917521,Train Sim World® 2020,2,0.0007
3391,286890904,TRANSFORMERS: Fall of Cybertron,2,0.0007
3392,1701821008,Trivia: Knowledge Trainer - the Quiz Game,2,0.0007
3393,1735843094,Trover Saves the Universe,2,0.0007
3394,1998195902,Truck Driver: The Dutch Connection,2,0.0007
3395,1799638183,Turbo Overkill,2,0.0007
3396,1871105054,TY the Tasmanian Tiger HD,2,0.0007
3397,2089989279,UFO ROBOT GRENDIZER – The Feast of the Wolves,2,0.0007
3398,1940948486,Ultimate Trivia,2,0.0007
3399,2010231457,Ultra Foodmess,2,0.0007
3400,1629100331,Ultra Foodmess 2,2,0.0007
3401,1896690467,Uncle Chop's Rocket Shop,2,0.0007
3402,1815810056,Under The Waves,2,0.0007
3403,1297549275,Unreal Tournament III,2,0.0007
3404,496060715,Use Your Words,2,0.0007
3405,2085652095,VOID/BREAKER (Game Preview),2,0.0007
3406,563485628,War Planet Online: Global Conquest,2,0.0007
3407,2113105582,Warhammer Age of Sigmar: Realms of Ruin,2,0.0007
3408,1704142080,Warhammer: Chaosbane Slayer Edition Xbox Series X|S,2,0.0007
3409,1760893557,Warlander,2,0.0007
3410,2061738046,Warpips,2,0.0007
3411,2016076229,Weird West: Definitive Edition,2,0.0007
3412,1893886966,West Escape,2,0.0007
3413,2059119705,Wheelox,2,0.0007
3414,1837745362,When the Past was Around,2,0.0007
3415,2102173616,Whiskerwood (Game Preview),2,0.0007
3416,2005327229,Winter Games 2023,2,0.0007
3417,197099439,Winx Club: Alfea Butterflix Adventures,2,0.0007
3418,2137985485,WONDER BOY ASHA in Monster World,2,0.0007
3419,1801459191,Woodturning 3D,2,0.0007
3420,2060086474,World Geography Trivia Quiz,2,0.0007
3421,912832008,WRC 7 FIA World Rally Championship,2,0.0007
3422,555542903,Yoku's Island Express,2,0.0007
3423,1871819472,Yonder: The Cloud Catcher Chronicles,2,0.0007
3424,1903621817,Yooka-Replaylee,2,0.0007
3425,2007070358,Young Souls,2,0.0007
3426,1002820120,Youtubers Life - OMG Edition,2,0.0007
3427,984203469,Ys Origin,2,0.0007
3428,1859395867,Z0mb1es! Remastered,2,0.0007
3429,1263405122,ZOE HD ,2,0.0007
3430,1892576814,#Blud,1,0.0003
3431,498206038,#KILLALLZOMBIES,1,0.0003
3432,1938780553,#SinucaAttack,1,0.0003
3433,2140131389,[REDACTED],1,0.0003
3434,1779012104,10 Second Escape,1,0.0003
3435,28833378,10 Second Ninja X,1,0.0003
3436,1870088706,112 Operator,1,0.0003
3437,1907798532,15in1 Solitaire,1,0.0003
3438,1799304628,2 Player Head Soccer,1,0.0003
3439,1668379163,2 Synchro Hedhehogs,1,0.0003
3440,1797756676,2D Car Parking Master,1,0.0003
3441,1970931118,3 Player Battle,1,0.0003
3442,1736391553,30 Sport Games in 1,1,0.0003
3443,1953690296,35MM,1,0.0003
3444,1793613801,3D Marble Tracks,1,0.0003
3445,1480656961,3D Ultra™ Minigolf,1,0.0003
3446,1980412525,50 Years,1,0.0003
3447,2012705074,7th Domain: Tree of Chaos,1,0.0003
3448,1983088228,9 Lives To Defend,1,0.0003
3449,1837458997,911: Cannibal,1,0.0003
3450,2015055552,911: Prey,1,0.0003
3451,1828682259,9th Dawn III,1,0.0003
3452,758556857,A Knight's Quest,1,0.0003
3453,1697676059,A Space for the Unbound,1,0.0003
3454,1747821529,Aabs Animals,1,0.0003
3455,2013346567,ABC Kids - Tracing and Phonics,1,0.0003
3456,1671101962,Abomi Nation,1,0.0003
3457,361795699,Abyss: The Wraiths of Eden,1,0.0003
3458,159107312,ACA NEOGEO AERO FIGHTERS 3,1,0.0003
3459,256509266,ACA NEOGEO ART OF FIGHTING,1,0.0003
3460,161766155,ACA NEOGEO ART OF FIGHTING 2,1,0.0003
3461,732054872,ACA NEOGEO BIG TOURNAMENT GOLF,1,0.0003
3462,70786264,ACA NEOGEO METAL SLUG 5,1,0.0003
3463,417991280,ACA NEOGEO NINJA MASTER'S,1,0.0003
3464,895307472,ACA NEOGEO PUZZLE BOBBLE,1,0.0003
3465,234402163,ACA NEOGEO RAGNAGARD,1,0.0003
3466,834096794,ACA NEOGEO SAMURAI SHODOWN IV,1,0.0003
3467,537999743,ACA NEOGEO STREET HOOP,1,0.0003
3468,483389840,ACA NEOGEO STRIKERS 1945 PLUS,1,0.0003
3469,499338555,ACA NEOGEO SUPER SIDEKICKS 2,1,0.0003
3470,662536568,ACA NEOGEO WORLD HEROES,1,0.0003
3471,121979203,Achtung! Cthulhu Tactics,1,0.0003
3472,1949370509,Acre Crisis,1,0.0003
3473,691691903,Adam's Venture: Origins,1,0.0003
3474,592146950,Adventure Pop,1,0.0003
3475,1974177380,Adventures of Bertram Fiddle: Episode 1: A Dreadly Business,1,0.0003
3476,2095341139,Agatha Christie - Hercule Poirot: The London Case,1,0.0003
3477,711714069,Agatha Christie - The ABC Murders,1,0.0003
3478,2097077939,Agent Walker: Secret Journey (Xbox Version),1,0.0003
3479,1804816803,Air Hockey 3D,1,0.0003
3480,1859288114,AirportSim,1,0.0003
3481,1973954835,Akai Katana Shin,1,0.0003
3482,1758633519,Alien Hominid HD,1,0.0003
3483,2077540326,Alina of the Arena,1,0.0003
3484,1725954584,Alpacapaca Dash,1,0.0003
3485,1480657314,Altered Beast,1,0.0003
3486,1746545638,Alterity Experience,1,0.0003
3487,173777692,Alto's Adventure,1,0.0003
3488,1629109409,ALUMNI - Escape Room Adventure,1,0.0003
3489,1645646111,Alvastia Chronicles,1,0.0003
3490,273138451,Amazing Princess Sarah,1,0.0003
3491,2075295469,Amber Alert Director's cut,1,0.0003
3492,1694657478,Amnesia: Rebirth,1,0.0003
3493,1688666438,Among Ashes,1,0.0003
3494,1828567307,Angry Video Game Nerd I & II Deluxe,1,0.0003
3495,46350781,Animal Super Squad,1,0.0003
3496,2032975288,ANIMAL WELL,1,0.0003
3497,406340419,Anna´s Quest,1,0.0003
3498,1818579429,Anomaly Agent,1,0.0003
3499,1717172856,Another Sight,1,0.0003
3500,1895080876,Antarctica 88: 4k Remaster,1,0.0003
3501,1785266369,AntVentor,1,0.0003
3502,2066750369,APG: A Plane Game,1,0.0003
3503,1681140332,Aphelion,1,0.0003
3504,2072805138,APICO,1,0.0003
3505,1480657349,Aqua,1,0.0003
3506,1878021400,Aquapark io,1,0.0003
3507,1630751753,Aquarium Land,1,0.0003
3508,1908300140,ARC Raiders - Server Slam,1,0.0003
3509,2003805007,Arcade Archives 2 AQUA JET,1,0.0003
3510,1861701062,Arcade Archives 2 RIDGE RACER,1,0.0003
3511,2105832026,Arcade Archives 2 SPACE INVADERS PART II,1,0.0003
3512,2089046456,Arcade Archives 2 TOP SPEED,1,0.0003
3513,1750461533,Arcade Game Zone,1,0.0003
3514,1714994601,Architect Life: A House Design Simulator,1,0.0003
3515,1929297581,Armature Invasion,1,0.0003
3516,2095899465,Artifact Seekers,1,0.0003
3517,1648951692,Ary and the Secret of Seasons,1,0.0003
3518,1719470969,Asdivine Kamura,1,0.0003
3519,1742283736,Asdivine Menace,1,0.0003
3520,2029448252,ASMR Slicing,1,0.0003
3521,1846786072,Asphalt 8: Airborne,1,0.0003
3522,1968312081,Asterix & Obelix - Mission Babylon,1,0.0003
3523,1982368175,Asterix & Obelix XXXL – The Ram From Hibernia,1,0.0003
3524,1696544530,Asteroids Origin and Geometry Warp Trial,1,0.0003
3525,2015715009,Astor: Blade of the Monolith,1,0.0003
3526,1970081113,Astro Adventure: Core Hunt,1,0.0003
3527,1865619206,Astro Flame Starfighter,1,0.0003
3528,1959477359,Astronite,1,0.0003
3529,1480656882,Astropop,1,0.0003
3530,2123511473,Asylum - Buckshot Roulette Final Bet,1,0.0003
3531,2034601407,Atrio: The Dark Wild,1,0.0003
3532,1949426934,AVICII Invector,1,0.0003
3533,1484426675,Awesomenauts Assemble!,1,0.0003
3534,1052246602,Awkward,1,0.0003
3535,55549300,Axiom Verge,1,0.0003
3536,1989717874,Axis Football 2024,1,0.0003
3537,1901495013,Ayo the Clown,1,0.0003
3538,1756886005,Ayre and the Crystal Comet,1,0.0003
3539,1643697302,Ballotron Oceans,1,0.0003
3540,1843898695,Bangers Unlimited,1,0.0003
3541,1480656876,Bankshot Billiards 2,1,0.0003
3542,1795554480,Barbie™ Horse Trails,1,0.0003
3543,1692686740,Baseball.free,1,0.0003
3544,2079749631,Basketball.next,1,0.0003
3545,122277778,Bastion,1,0.0003
3546,1030370884,Battle Of The Bulge,1,0.0003
3547,350348742,Battle Worlds: Kronos,1,0.0003
3548,426562967,BATTLEFIELD™ 1 INCURSIONS,1,0.0003
3549,1396901849,Battlestations: Midway,1,0.0003
3550,2009443764,BBQ Simulator: The Squad,1,0.0003
3551,2073050659,Beacon Pines,1,0.0003
3552,1955716969,Beaming Road Driver,1,0.0003
3553,1810982377,Beasts of Maravilla Island,1,0.0003
3554,1768116334,Beat 'Em Up Collection (QUByte Classics),1,0.0003
3555,1624781891,Beat of Montezuma,1,0.0003
3556,33016317,Beatsplosion for Kinect,1,0.0003
3557,2074299699,Beautiful Sakura: Fitness Club,1,0.0003
3558,1817173057,Beautiful Sakura: Surfing Club 2,1,0.0003
3559,1674161494,Beautiful Sakura: Volleyball Club,1,0.0003
3560,1056122017,Bedlam - The Game By Christopher Brookmyre,1,0.0003
3561,1711597179,Bee Flowers: Royal Garden,1,0.0003
3562,1623175865,Bee Flowers: Save the Garden,1,0.0003
3563,1698840007,Beholder 2,1,0.0003
3564,2033777215,Bennys Backrooms (Game Preview),1,0.0003
3565,1765304865,Berzerk: Recharged,1,0.0003
3566,1658762775,Best Month Ever!,1,0.0003
3567,1913455981,Beyond a Steel Sky,1,0.0003
3568,2037703927,Beyond Blue,1,0.0003
3569,1792711150,BH Trials,1,0.0003
3570,2040960903,BigChick,1,0.0003
3571,552332062,Black Mirror,1,0.0003
3572,730766332,Blackguards 2,1,0.0003
3573,1689997111,Blackjack Solitaire,1,0.0003
3574,1787759076,Blade of Darkness,1,0.0003
3575,2080382748,Blade Runner Enhanced Edition,1,0.0003
3576,2041877435,Blaster Master Zero,1,0.0003
3577,2028748673,Bleak Faith,1,0.0003
3578,1675226093,Blindfire,1,0.0003
3579,1839773225,Block Puzzle Classic 2,1,0.0003
3580,2020362302,BlockJump,1,0.0003
3581,1747714306,Blocky Farm,1,0.0003
3582,2134519157,Blood of Mehran,1,0.0003
3583,1717828260,Bloodstained: Curse of the Moon 2,1,0.0003
3584,1892026097,Bloodwash,1,0.0003
3585,1888216403,Bloons Monkey City,1,0.0003
3586,1854025914,Bloons TD Battles,1,0.0003
3587,1766891424,Blow & Fly,1,0.0003
3588,598864782,Blue Angels Aerobatic Flight Simulator,1,0.0003
3589,2038811741,Blue Estate,1,0.0003
3590,1945566164,Boat Grandma,1,0.0003
3591,2130281995,Bob the Elementalist,1,0.0003
3592,480844745,Boom Ball for Kinect,1,0.0003
3593,1914610578,BORIS THE ROCKET,1,0.0003
3594,593651872,Bounce Rescue!,1,0.0003
3595,1770279838,BOUNCY BREAD,1,0.0003
3596,1792292144,Boxtack UP,1,0.0003
3597,1857914892,Boyfriend Dungeon,1,0.0003
3598,1480657070,Brain Challenge™,1,0.0003
3599,2008100335,Brain simulator,1,0.0003
3600,1884066687,Brain Storm: Tower Bombarde,1,0.0003
3601,1112934423,Brave: The Video Game,1,0.0003
3602,178624005,Breach & Clear: Deadline,1,0.0003
3603,1179846636,Breakdown,1,0.0003
3604,465277350,Bridge Constructor,1,0.0003
3605,2067110068,Bright Memory,1,0.0003
3606,2079844264,Bright Side: Quiz,1,0.0003
3607,1907372052,BROK the InvestiGator,1,0.0003
3608,2080258224,Broken Lines,1,0.0003
3609,1856583352,BrokenLore: UNFOLLOW,1,0.0003
3610,2116661902,Bubble Shooter FX,1,0.0003
3611,1891744318,Buckshot Roulette – Russian Roulette Simulator,1,0.0003
3612,720192428,Bud Spencer & Terence Hill - Slaps And Beans,1,0.0003
3613,1629702349,Buddy Garden,1,0.0003
3614,2114128708,Bunny Park,1,0.0003
3615,2022947683,BVOVB - Bruising Vengeance of the Vintage Boxer,1,0.0003
3616,79582604,Cabela’s® African Adventures,1,0.0003
3617,1813758775,Cabernet,1,0.0003
3618,2083615890,Cafe Owner Simulator,1,0.0003
3619,1767069216,Call of Duty® 2,1,0.0003
3620,1664492743,Call of Duty®: Black Ops II,1,0.0003
3621,145221391,Call of Duty®: World at War,1,0.0003
3622,2035169483,Call of Sentinels,1,0.0003
3623,1673223107,Call of the Sea,1,0.0003
3624,1948697209,Can't wait to die,1,0.0003
3625,1922079345,Canasta Palace,1,0.0003
3626,2133956464,Cannibal Abduction,1,0.0003
3627,1777741495,CAPTURED,1,0.0003
3628,1972377758,Car Cops,1,0.0003
3629,1861822793,Car Detailing Simulator,1,0.0003
3630,1807592900,Car Mechanic Simulator Classic,1,0.0003
3631,2116095486,Care Bears: To The Rescue,1,0.0003
3632,1986181722,Caretaker Game,1,0.0003
3633,1869939070,Carrier Deck,1,0.0003
3634,1793054097,Carrion,1,0.0003
3635,1653043226,Carrot Smash,1,0.0003
3636,521255269,Casey Powell Lacrosse 16,1,0.0003
3637,1911922592,Castle Clash: World Ruler,1,0.0003
3638,1998437509,Casual Sport Series: Hockey,1,0.0003
3639,1760562614,Cat President: A More Purrfect Union,1,0.0003
3640,858859839,Catastronauts,1,0.0003
3641,1096026071,Catherine,1,0.0003
3642,1744298534,Catlateral Damage: Remeowstered,1,0.0003
3643,1975108272,Cats Around Us: Giant Cat,1,0.0003
3644,2117573270,Cats with Guns,1,0.0003
3645,2071309475,Cattle Country,1,0.0003
3646,1631654404,Chants of Sennaar (Windows),1,0.0003
3647,1995880869,Charon's Staircase,1,0.0003
3648,497019090,Chasm,1,0.0003
3649,1976364432,Chasm: The Rift,1,0.0003
3650,2005154977,Children of Morta,1,0.0003
3651,1942590848,Chip and Charge,1,0.0003
3652,2144360818,Chornobyl Liquidators,1,0.0003
3653,1963865580,Claim the Forest,1,0.0003
3654,1901134200,Classic Chess 3D,1,0.0003
3655,1816963357,Classic Snake Adventures (Cross-Buy),1,0.0003
3656,1821645186,Classic Sudoku PRO - PC & XBOX,1,0.0003
3657,1946645064,Cleopatra Fortune™ S-Tribute,1,0.0003
3658,761852503,Clockwork Tales: Of Glass and Ink,1,0.0003
3659,1676838190,Clue: Murder By Death,1,0.0003
3660,188783392,Cobalt,1,0.0003
3661,1872936107,Cobra Kai: The Karate Kid Saga Continues,1,0.0003
3662,1640341352,College Bowl,1,0.0003
3663,2040404955,Colorful Colore,1,0.0003
3664,1615170842,Common'hood,1,0.0003
3665,1653613745,ComputerHead: Leapbound,1,0.0003
3666,343766256,Conarium,1,0.0003
3667,1480656920,Contra,1,0.0003
3668,1642942095,CONTRA: ROGUE CORPS,1,0.0003
3669,2041760605,"Cook, Serve, Delicious!",1,0.0003
3670,2097032200,"Cook, Serve, Delicious! 2!!",1,0.0003
3671,1757977212,Cookie’s Trails,1,0.0003
3672,1809115559,Corpse Party,1,0.0003
3673,891310449,Cosmo Run,1,0.0003
3674,1666952994,CounterAttack: Uprising,1,0.0003
3675,1888889490,Countless Army,1,0.0003
3676,1692643519,Cowboys,1,0.0003
3677,1781425798,Cozy Designer,1,0.0003
3678,1753200143,Crack The Egg!,1,0.0003
3679,1763638559,Crash Drive 3,1,0.0003
3680,1808911215,Crashlands,1,0.0003
3681,963702216,Crayola Scoot,1,0.0003
3682,581869850,Crazy Strike Bowling EX,1,0.0003
3683,2026017924,Creaks,1,0.0003
3684,1854385564,Creature in the Well,1,0.0003
3685,2117248557,Croc's Dynamite Blast,1,0.0003
3686,1928991032,Crossovers by POWGI,1,0.0003
3687,1705962055,Crowd City,1,0.0003
3688,1705139809,CrushBorgs,1,0.0003
3689,429288038,Crypt of the NecroDancer,1,0.0003
3690,1689376479,Crypt of the Serpent King Remastered 4K Edition,1,0.0003
3691,1816542854,Crystal Veins,1,0.0003
3692,2064682155,Cshu,1,0.0003
3693,1887097145,CSHueSX,1,0.0003
3694,1684821663,Cuisineer,1,0.0003
3695,1819129417,Cursed Feed,1,0.0003
3696,1950579327,Cute Bonfire,1,0.0003
3697,1670072012,Cyber Clutch: Hot Import Nights,1,0.0003
3698,1719811824,CyberCorp,1,0.0003
3699,1033012343,D4: Dark Dreams Don't Die,1,0.0003
3700,2102763349,Dad's Monster House,1,0.0003
3701,2100870006,Dadish 3,1,0.0003
3702,215134312,Dandara: Trials of Fear Edition,1,0.0003
3703,2026477830,Dandy Ace,1,0.0003
3704,822567888,Danger Zone,1,0.0003
3705,178127013,Danger Zone 2,1,0.0003
3706,1705868586,Dangerous Driving,1,0.0003
3707,1841290462,Dark Alliance,1,0.0003
3708,1643246182,Dark Burial: Enhanced Edition,1,0.0003
3709,1798666879,Dark Deception: Monsters & Mortals,1,0.0003
3710,1644135254,Dark Wukong Lagends,1,0.0003
3711,1617210035,DARKGEMS,1,0.0003
3712,2095595921,Darkness and Flame 3: The Dark Side,1,0.0003
3713,1734029002,DARQ Complete Edition,1,0.0003
3714,1786510755,DARQ Ultimate Edition,1,0.0003
3715,1480657693,DAYTONA USA,1,0.0003
3716,1842049989,DCL-The Game,1,0.0003
3717,1798643426,Dead Age II,1,0.0003
3718,435507461,Dead Effect 2,1,0.0003
3719,1480657709,DEAD RISING 2: CASE WEST,1,0.0003
3720,893913045,Deadfall Adventures,1,0.0003
3721,2075268737,Deadliest Catch: The Game,1,0.0003
3722,1480657513,Deadliest Warrior,1,0.0003
3723,1684075016,Deadlink,1,0.0003
3724,1847180415,Death and Taxes,1,0.0003
3725,1629199569,Death in the Water,1,0.0003
3726,1949177747,Death Park,1,0.0003
3727,1708831715,Death Park 2: 4k Remaster,1,0.0003
3728,1909022139,Death Park: 4k Remaster,1,0.0003
3729,539284782,Decay - The Mare,1,0.0003
3730,1697112419,Deliver Us Mars,1,0.0003
3731,904189395,Deployment,1,0.0003
3732,1657529579,DESOLATIUM,1,0.0003
3733,1723600568,DETECTIVE - The Motel,1,0.0003
3734,1760093250,DETECTIVE - The Test,1,0.0003
3735,1725567866,Devious Dungeon 2,1,0.0003
3736,1901219549,Diablo® IV - Server Slam,1,0.0003
3737,2131786732,Directive 8020,1,0.0003
3738,1737926681,Discounty,1,0.0003
3739,252379691,Disintegration,1,0.0003
3740,1678484846,DISORDER: Save Your Family,1,0.0003
3741,146765133,Distrust,1,0.0003
3742,2034093267,Doctor Who: The Edge of Reality,1,0.0003
3743,2047867006,Dofamine,1,0.0003
3744,1640354133,Doodle God: Ultimate Edition,1,0.0003
3745,1841794712,Dordogne,1,0.0003
3746,2082494703,DOUBLE DRAGON Ⅱ: The Revenge,1,0.0003
3747,1480659538,Double Dragon Neon,1,0.0003
3748,178797566,Doughlings: Arcade,1,0.0003
3749,2084687312,Dragon's Lair Trilogy,1,0.0003
3750,1701653588,Dragon Age™: The Veilguard Character Creator,1,0.0003
3751,1909957148,Dragon City,1,0.0003
3752,1858681275,Dragon Mania Legends,1,0.0003
3753,2013142116,Dragon Sinker: Descendants of Legend,1,0.0003
3754,1926960164,DreadOut 2,1,0.0003
3755,1921123976,Dream Park Story,1,0.0003
3756,1669152064,Dreamscaper,1,0.0003
3757,2104125318,DreamWorks Trolls Remix Rescue,1,0.0003
3758,1733464471,Drop Four Connect,1,0.0003
3759,1741249990,Drop The Number™ : Merge Game,1,0.0003
3760,1698843377,DUAL PATHS,1,0.0003
3761,1766769256,Duck Detective: The Secret Salami,1,0.0003
3762,1891372981,Duck Simulator Lite,1,0.0003
3763,1844836316,Dune: Imperium,1,0.0003
3764,1833286656,Dustland Delivery,1,0.0003
3765,109913787,EARTHLOCK,1,0.0003
3766,1260456400,Earthlock: Festival of Magic,1,0.0003
3767,1621792721,EBOLA VILLAGE,1,0.0003
3768,1730596263,Echo Generation: Midnight Edition,1,0.0003
3769,1996027459,Educational Games for Kids (Cross-Buy),1,0.0003
3770,1851467390,Egg Game 2,1,0.0003
3771,1931279822,Eight Dragons,1,0.0003
3772,2143134995,"El Paso, Elsewhere",1,0.0003
3773,1643439240,Elasto Mania Remastered,1,0.0003
3774,2096194619,Electronics Puzzle Lab 2,1,0.0003
3775,1431504870,Enchanted Arms,1,0.0003
3776,1945318676,Enchanted Portals,1,0.0003
3777,1739313000,Enclave HD,1,0.0003
3778,1777299042,Endless Fables: Shadow Within,1,0.0003
3779,1997527592,Endling - Extinction is Forever,1,0.0003
3780,1690575171,Endoparasitic,1,0.0003
3781,1985585702,Endzone - A World Apart: Survivor Edition,1,0.0003
3782,1713279767,Energy Cycle Edge,1,0.0003
3783,1978642159,Energy Lab,1,0.0003
3784,438873974,Enigmatis: The Ghosts of Maple Creek,1,0.0003
3785,1744669474,Epic Empire,1,0.0003
3786,1997600803,Epic Landscapes Jigsaw for PC & XBOX,1,0.0003
3787,1880401885,Erweiterte Feuerwerkssimulator,1,0.0003
3788,1997758007,Escape First 2,1,0.0003
3789,2036619771,Escape First 3 Multiplayer,1,0.0003
3790,1917441524,Escape from Ever After,1,0.0003
3791,1802598063,Escape from Ever After: Onboarding,1,0.0003
3792,2102487155,Escape Game Fort Boyard,1,0.0003
3793,1972593972,Escape Sequence (Xbox One),1,0.0003
3794,1845944662,Escape the Abyss,1,0.0003
3795,1867425405,Evil Inside,1,0.0003
3796,364498468,Exception,1,0.0003
3797,1973801477,Exhausted Man,1,0.0003
3798,1989971377,Exit the Gungeon,1,0.0003
3799,524284397,Extinction,1,0.0003
3800,1480657181,Fable® II Pub Games,1,0.0003
3801,1796401317,Factory Escape,1,0.0003
3802,2012695026,Faircroft's Antiques: The Mountaneer's Legacy Collector's Edition,1,0.0003
3803,1761848641,FAITH: The Unholy Trinity,1,0.0003
3804,1866455351,Fallout 3: Game of the Year Edition,1,0.0003
3805,1622504987,Family Mysteries 2: Echoes of Tomorrow,1,0.0003
3806,1687542728,Family Mysteries: Poisonous Promises,1,0.0003
3807,1651975869,FANTASIAN Neo Dimension,1,0.0003
3808,1751266892,Farm Frenzy: Refreshed,1,0.0003
3809,1775112361,Farm Tycoon,1,0.0003
3810,2063398545,Farworld Pioneers,1,0.0003
3811,1666273703,Fast & Furious: Spy Racers Rise of SH1FT3R,1,0.0003
3812,1629487179,FATAL FRAME: Maiden of Black Water,1,0.0003
3813,1775857297,FatalZone,1,0.0003
3814,2104363067,Fatum Betula,1,0.0003
3815,175755835,Felix The Reaper,1,0.0003
3816,2041914388,Fight'N Rage,1,0.0003
3817,1792854484,Fight For America,1,0.0003
3818,1948266948,Figure Fight,1,0.0003
3819,1677004965,FINAL FANTASY VII WINDOWS EDITION,1,0.0003
3820,982272847,FINAL FANTASY XV POCKET EDITION HD,1,0.0003
3821,1890818188,Find Love Or Die Trying,1,0.0003
3822,1918931441,Fishing Adventure,1,0.0003
3823,2082350956,Fishing Sim World: Bass Pro Shops Edition,1,0.0003
3824,1931098335,Five Dates,1,0.0003
3825,1811171522,FIVE NIGHTS WITH CREG,1,0.0003
3826,1862180867,Flappy Chicken Adventure,1,0.0003
3827,774459605,Flashback,1,0.0003
3828,1480659966,Flashback,1,0.0003
3829,1965288144,FLASHOUT 3,1,0.0003
3830,2018987965,FlatWarriors,1,0.0003
3831,1653679338,Flintlock: The Siege of Dawn,1,0.0003
3832,1737993867,Flip the Gun!,1,0.0003
3833,1847763173,Flying Soldiers,1,0.0003
3834,386153688,FLYING TIGERS: SHADOWS OVER CHINA,1,0.0003
3835,1757667844,Food Truck Simulator,1,0.0003
3836,1711665703,Foot Clinic,1,0.0003
3837,1634118154,Football Manager 2021 Xbox Edition,1,0.0003
3838,1712769195,Football Manager 2022 Xbox Edition,1,0.0003
3839,2099258504,Football Manager 2023 Console,1,0.0003
3840,1944745268,"Football, Tactics & Glory",1,0.0003
3841,2054071455,For The Warp,1,0.0003
3842,1882538785,Forgive Me Father 2,1,0.0003
3843,1830452855,Forklift Simulator,1,0.0003
3844,1968157546,Fort Boyard,1,0.0003
3845,2093936173,Fossilfuel 2,1,0.0003
3846,1655767197,Frame Cat,1,0.0003
3847,1629099580,Fred & Jeff: The Atomic Sulfate,1,0.0003
3848,2019110997,Freedom Planet 2,1,0.0003
3849,1945489665,Frog Detective: The Entire Mystery,1,0.0003
3850,2052101935,Frog Spit Duels,1,0.0003
3851,2104417187,From Shadows Redux,1,0.0003
3852,1701705707,From Space,1,0.0003
3853,2055192299,FRONT MISSION 2: Remake,1,0.0003
3854,1670249614,Fruit Adventure Returns,1,0.0003
3855,1776085745,Fruitbus,1,0.0003
3856,1857915695,Fuga: Melodies of Steel 3,1,0.0003
3857,1686694199,Full Metal Sergeant,1,0.0003
3858,2116769488,Funny Animal Cafe,1,0.0003
3859,1480657202,FunTown Mahjong,1,0.0003
3860,212246852,Furi,1,0.0003
3861,1965064938,Fury of Dracula: Digital Edition,1,0.0003
3862,1870314278,G.I. JOE: WRATH OF COBRA,1,0.0003
3863,1670160457,Gaijin Charenji 1 : Kiss or Kill,1,0.0003
3864,1866090039,Galactic Cat: Racing Fever,1,0.0003
3865,1810736784,Galactic Loader,1,0.0003
3866,1717888621,Galaxy Control: Arena,1,0.0003
3867,2130932422,Gang Wars - Cards and Bullets,1,0.0003
3868,1731716256,Gardenscapes,1,0.0003
3869,1832832859,Get-A-Grip Chip and the Body Bugs,1,0.0003
3870,2060421795,Ghost Hunter Simulator,1,0.0003
3871,2004896584,Ghost Trick: Phantom Detective,1,0.0003
3872,1296697304,GHP2,1,0.0003
3873,1976250970,Giant Machines 2017,1,0.0003
3874,1818898453,Giant Rush,1,0.0003
3875,1935789173,Gigantic: Rampage Edition,1,0.0003
3876,1614017709,Gigantosaurus: Dino Kart,1,0.0003
3877,1989416528,Gimmick! 2,1,0.0003
3878,1631500637,Gimmick! Special Edition,1,0.0003
3879,1862382947,Gleaner Heights,1,0.0003
3880,1876649087,Gnome Rampage - The Killer Gnome FPS,1,0.0003
3881,873668700,Gnomes Garden,1,0.0003
3882,951744180,Gnomes Garden 2,1,0.0003
3883,388095533,Gnomes Garden 3: The thief of castles,1,0.0003
3884,1824794947,GNOSIA,1,0.0003
3885,1902420355,"God bless, or Goddess",1,0.0003
3886,1792644331,Godlike Burger,1,0.0003
3887,1657835461,Gods Will Fall,1,0.0003
3888,1788626737,Golazo!,1,0.0003
3889,1649219414,Golazo! 2,1,0.0003
3890,2115263340,Goodnight Universe,1,0.0003
3891,886842480,Goosebumps: The Game,1,0.0003
3892,1992263470,Gothic 1 Remake,1,0.0003
3893,1977804752,Gothic Classic,1,0.0003
3894,1881829884,Grace of Letoile,1,0.0003
3895,1629480703,GRADIUS ORIGINS,1,0.0003
3896,1657121950,GrassGames Hearts,1,0.0003
3897,1767971525,Graveyard Girls,1,0.0003
3898,1747348995,Gravitar: Recharged,1,0.0003
3899,1823111797,GreedFall: The Dying World,1,0.0003
3900,2102843921,Green Giant Back Miami,1,0.0003
3901,1973021624,Greyhill Incident,1,0.0003
3902,1712385617,Greyhill Incident - Abducted Edition,1,0.0003
3903,275687140,Grim Legends: The Forsaken Bride,1,0.0003
3904,1737875841,GRIME,1,0.0003
3905,1480657054,GripShift,1,0.0003
3906,1668009445,Grow in the Hole,1,0.0003
3907,1996881299,Grumpy Cars,1,0.0003
3908,1958071699,Guacamelee! Super Turbo Championship Edition,1,0.0003
3909,1480657707,GUARDIAN HEROES (TM),1,0.0003
3910,1736241026,GunSpinning VR,1,0.0003
3911,1942534686,Habroxia 2,1,0.0003
3912,1657474153,Hades' Star: DARK NEBULA,1,0.0003
3913,1480657725,HALF-MINUTE HERO -Super Mega Neo Climax-,1,0.0003
3914,1935241171,Half an Hour5.1,1,0.0003
3915,1480659986,Halo: Spartan Assault,1,0.0003
3916,1818252125,HammerHelm,1,0.0003
3917,1640358223,Hammerwatch Anniversary Edition,1,0.0003
3918,1822336858,Hand of Fate,1,0.0003
3919,811328231,Handball 17,1,0.0003
3920,1668145960,Happi Basudei,1,0.0003
3921,1844595807,Hard Racing - Car Driving Game,1,0.0003
3922,1871556035,Hard West Ultimate Edition,1,0.0003
3923,1731861322,Harmony's Odyssey,1,0.0003
3924,1890858421,Harvest Cafe,1,0.0003
3925,1667008262,Harvest Moon: One World,1,0.0003
3926,1811744962,Hatsune Miku - The Planet Of Wonder And Fragments Of Wishes,1,0.0003
3927,1627601214,Heading Out,1,0.0003
3928,1790154846,Heart Box,1,0.0003
3929,1742067174,Hell is Us - Art Pack,1,0.0003
3930,2062957237,Hell Let Loose: Vietnam,1,0.0003
3931,1928781153,Hellboy Web of Wyrd,1,0.0003
3932,1950272122,Hellpoint,1,0.0003
3933,1687835525,Helping Santa,1,0.0003
3934,1992858848,Heretic's Fork,1,0.0003
3935,1880774720,Heroes of Hammerwatch - Ultimate Edition,1,0.0003
3936,1924006800,Hex Park,1,0.0003
3937,1480656934,Hexic 2,1,0.0003
3938,1736645141,Hextreme Void,1,0.0003
3939,1967527679,Hidden Cat Outlaws,1,0.0003
3940,2000004108,Hidden Cats in Berlin,1,0.0003
3941,1839911748,Hidden Cats in Santa's Realm,1,0.0003
3942,1890778408,Hidden Cats in Tokyo,1,0.0003
3943,2114661204,Hidden in Plain Sight,1,0.0003
3944,1762620596,Hidden Shapes: Cat Realm + Trick or Cats,1,0.0003
3945,1700125109,Hidden Through Time,1,0.0003
3946,1851035635,Hidden Through Time 2,1,0.0003
3947,1740086827,Hide 'N Seek!,1,0.0003
3948,1886377826,Highway Roads Racer,1,0.0003
3949,1958413760,Hill Climb Racing,1,0.0003
3950,2113165348,Hoa,1,0.0003
3951,1657530068,Homescapes,1,0.0003
3952,1029573529,Horse Racing 2016,1,0.0003
3953,1863103292,House of Golf 2,1,0.0003
3954,2097175965,How 2 Escape,1,0.0003
3955,1972151748,Humanity,1,0.0003
3956,2017392648,Humans Gone,1,0.0003
3957,1498810322,Hunter: The Reckoning,1,0.0003
3958,1889913930,Hyper-5,1,0.0003
3959,1038862451,HYPER SCAPE,1,0.0003
3960,846450581,Hyper Universe,1,0.0003
3961,583691146,Hyperdrive Massacre,1,0.0003
3962,577753036,HyperParasite,1,0.0003
3963,1753433222,Hyposphere 2 Free,1,0.0003
3964,1785313161,I'm on Observation Duty 8,1,0.0003
3965,1762910874,I AM THE HERO,1,0.0003
3966,2113836989,I Saw Black Clouds,1,0.0003
3967,985455039,"I, Hope",1,0.0003
3968,236834307,"I, Zombie",1,0.0003
3969,1885512677,Ice Cream Surfer,1,0.0003
3970,2082203967,INAYAH - Life after Gods,1,0.0003
3971,1773043121,inbento,1,0.0003
3972,1654140051,Indiana Jones and the Great Circle™: Digital Artbook,1,0.0003
3973,364529562,Infinite Air with Mark McMorris,1,0.0003
3974,1397819355,Infinite Undiscovery,1,0.0003
3975,2032388189,Infinite war,1,0.0003
3976,1758510297,Infinity Strash: DRAGON QUEST The Adventure of Dai,1,0.0003
3977,642353763,Injustice™ 2 - Standard Edition,1,0.0003
3978,1958367936,Ink & Paper: DoodleCut,1,0.0003
3979,1712511027,Inkulinati,1,0.0003
3980,718096579,Insane Robots,1,0.0003
3981,1480657692,Insanely Twisted Shadow Planet,1,0.0003
3982,1805474854,Instruments of Destruction,1,0.0003
3983,1796519224,Intruders: Hide and Seek,1,0.0003
3984,650896382,iO,1,0.0003
3985,1644577583,Ion Fury,1,0.0003
3986,1824926910,Iron Snout,1,0.0003
3987,1871370612,Jackpot Party,1,0.0003
3988,718727066,Jagged Alliance: Rage!,1,0.0003
3989,1755042146,Jelly & Toast,1,0.0003
3990,1616302814,Jerry's Adventure,1,0.0003
3991,961294040,Jet Car Stunts,1,0.0003
3992,1761650717,Jewel Fever,1,0.0003
3993,1776716222,Jewel Fever 3,1,0.0003
3994,1738386235,Jigsaw Puzzles Deluxe,1,0.0003
3995,1853152783,Jitsu Squad,1,0.0003
3996,1752507315,Jurassic Park: Survival,1,0.0003
3997,1144391632,Jurassic Park: The Game,1,0.0003
3998,1716785936,Jusant,1,0.0003
3999,259480539,JUST DANCE® 2015,1,0.0003
4000,1873447830,KAKU - Ancient Seal,1,0.0003
4001,1674561712,KALIMBA,1,0.0003
4002,1819728245,Kalinur,1,0.0003
4003,1833296585,Kanjozoku Game - レーサーCar Racing & Highway Driving Simulator Games,1,0.0003
4004,2142970441,Karate Survivor (Creators Edition),1,0.0003
4005,1928772654,Kart Tour Racing Game,1,0.0003
4006,2099826853,Kattish,1,0.0003
4007,1856275868,KEJORA,1,0.0003
4008,1870230779,Keylocker,1,0.0003
4009,1763288985,Keypybara,1,0.0003
4010,1816678719,KeyWe,1,0.0003
4011,1662732136,Kid Ball Adventure,1,0.0003
4012,2022445525,Kids Preschool Learning Games,1,0.0003
4013,1837821315,Kids Toddler & Preschool Games,1,0.0003
4014,1448544214,KILLER IS DEAD,1,0.0003
4015,1668528786,Kinduo 2 - Frostbite,1,0.0003
4016,2060680883,King Arthur: Legion IX,1,0.0003
4017,1957464297,King K Roller 2,1,0.0003
4018,1431504851,King Kong,1,0.0003
4019,1970962100,King of Seas,1,0.0003
4020,1055556936,Kingdom New Lands,1,0.0003
4021,1871178585,Kingdom Rush,1,0.0003
4022,1674297685,Kingdom Rush Frontiers,1,0.0003
4023,1892832276,Kitaria Fables,1,0.0003
4024,1848104117,Kiting Cat,1,0.0003
4025,1745241155,Kitten Island,1,0.0003
4026,1716222897,Kitty's Adventure for XBox One,1,0.0003
4027,1646833187,Knight's Quest,1,0.0003
4028,1954010860,Knock on the Coffin Lid,1,0.0003
4029,2147212200,"Knowledge, or know Lady",1,0.0003
4030,1480657326,KOF SKY STAGE,1,0.0003
4031,1619851133,Kraken Odyssey,1,0.0003
4032,1674140576,Krampus Kills,1,0.0003
4033,128932130,Kung-Fu for Kinect,1,0.0003
4034,1923450235,Kung Fu Duel,1,0.0003
4035,1632716739,Kvark,1,0.0003
4036,1642866832,Landflix Odyssey,1,0.0003
4037,930893366,Late Shift,1,0.0003
4038,2114717078,Laundry Simulator,1,0.0003
4039,1758819356,LEAP,1,0.0003
4040,1647023800,Legend Bowl,1,0.0003
4041,2118709517,Legend of Keepers: Career of a Dungeon Manager,1,0.0003
4042,1841391186,Legendary Tales 3: Stories,1,0.0003
4043,2121317693,LEGO® Builder's Journey,1,0.0003
4044,1760260002,Leila,1,0.0003
4045,1848238632,Leisure Suit Larry - Wet Dreams Don't Dry,1,0.0003
4046,1759373796,Leisure Suit Larry - Wet Dreams Dry Twice,1,0.0003
4047,1724587895,Lemon Cake,1,0.0003
4048,1992528067,Let's Cook Together,1,0.0003
4049,1615612677,Let's Cook Together 2,1,0.0003
4050,2010017776,Let's Sing 2020,1,0.0003
4051,2046118756,Let's Sing 2022,1,0.0003
4052,1775456726,Let's Sing 2023,1,0.0003
4053,2020192287,Let's Sing 2024,1,0.0003
4054,813601799,Letter Quest: Grimm's Journey Remastered,1,0.0003
4055,443209874,Lichdom: Battlemage,1,0.0003
4056,2078445954,Liege Dragon,1,0.0003
4057,1635140535,LIGHTNING RETURNS: FINAL FANTASY XIII,1,0.0003
4058,896111876,Lily's Epic Quest for Lost Gems,1,0.0003
4059,1685569245,Listeria Wars,1,0.0003
4060,1875733322,Little Cat The Lost Key,1,0.0003
4061,1992777385,Little Legs,1,0.0003
4062,2038341591,Little Noah: Scion of Paradise,1,0.0003
4063,2004232535,Little Ralph,1,0.0003
4064,2056027793,Little Strays,1,0.0003
4065,1708765298,Local Multiplayer Squares,1,0.0003
4066,1661176840,Long Ago: A Puzzle Tale,1,0.0003
4067,1942274706,Loot Stack - Relics Hunter,1,0.0003
4068,1865146781,Lorn's Lure,1,0.0003
4069,1725147420,Lost Ember,1,0.0003
4070,1128466387,LOST PLANET,1,0.0003
4071,1693943612,Lost Snowmen,1,0.0003
4072,1944692600,LOVE ETERNAL,1,0.0003
4073,1677252767,Love is all around,1,0.0003
4074,1915632823,Love is all around 2,1,0.0003
4075,2145307644,Ludo: Cosmic Chase,1,0.0003
4076,2133754272,Lumberjack Simulator,1,0.0003
4077,217450018,LUMINES REMASTERED,1,0.0003
4078,2000128121,Lunch A Palooza,1,0.0003
4079,1692202568,Madness Beverage,1,0.0003
4080,1846300936,Magical Backpack,1,0.0003
4081,1963895710,Magical Delicacy,1,0.0003
4082,63111872,Mahjong,1,0.0003
4083,2121167694,Majotori,1,0.0003
4084,1635974926,Malachite: Temple of the Sun,1,0.0003
4085,2106143929,Marfusha,1,0.0003
4086,1480659971,Marlow Briggs,1,0.0003
4087,1641505677,Marshmallow Marvin: Templestone,1,0.0003
4088,2016530186,Marsupilami: Hoobadventure,1,0.0003
4089,2117648871,Martha Is Dead,1,0.0003
4090,1029188769,Marvel’s Guardians of the Galaxy: The Telltale Series - Episode 1,1,0.0003
4091,2101763619,Master Brick Breaker XBox,1,0.0003
4092,1935548464,Master Detective Archives: RAIN CODE Plus,1,0.0003
4093,2105129470,Master Maker 3D Ultimate,1,0.0003
4094,2067424673,MasterChef: Learn to Cook!,1,0.0003
4095,1670837468,Masters Carom Billiards,1,0.0003
4096,1753704779,Masters Pool HD,1,0.0003
4097,2128750028,Math Games: Math for Kids,1,0.0003
4098,1635154692,Maximum Football 2019,1,0.0003
4099,2005529169,Mayhem Heroes,1,0.0003
4100,1684797055,McPixel 3,1,0.0003
4101,1918737361,Mech Mechanic Simulator,1,0.0003
4102,2100895881,Mechstermination Force,1,0.0003
4103,1480657194,MEGA MAN 9,1,0.0003
4104,2099448535,Mega Man Star Force Legacy Collection,1,0.0003
4105,1684926097,Megaquarium,1,0.0003
4106,1615237016,Mel The Space Cat,1,0.0003
4107,2114703539,Memories of Mars,1,0.0003
4108,1752294184,Memory Battle (Complete Edition),1,0.0003
4109,2039573071,Merge & Blade,1,0.0003
4110,1889275388,Metal Eden,1,0.0003
4111,2098975173,Metal Wolf Chaos XD,1,0.0003
4112,1844460632,Metro Exodus Enhanced Edition,1,0.0003
4113,1904531043,MiceGard,1,0.0003
4114,2016849530,Midtown City,1,0.0003
4115,1848425097,Mighty Goose,1,0.0003
4116,2136356568,Mighty Switch Force! Collection,1,0.0003
4117,1718878320,Military Logistics Simulator,1,0.0003
4118,2053936784,Mimi the Cat: Mimi's Scratcher,1,0.0003
4119,1708501931,Mimi the Cat: New Friends,1,0.0003
4120,1735692647,Minefield Extreme,1,0.0003
4121,1396901860,MINI NINJAS™,1,0.0003
4122,1709625152,MiniGolf Tour,1,0.0003
4123,1971494270,Mining Mechs,1,0.0003
4124,1480656973,Missile Command,1,0.0003
4125,1804464387,Missile Command: Recharged,1,0.0003
4126,1749778024,MMA Fighting and UFC Champions Simulator,1,0.0003
4127,284143677,Momodora: Reverie Under the Moonlight,1,0.0003
4128,1480657469,Monday Night Combat,1,0.0003
4129,1684222572,Mongo Madness,1,0.0003
4130,2009391240,MONOPOLY Poker,1,0.0003
4131,2078832385,Monster Energy Supercross 4 - Xbox Series X|S,1,0.0003
4132,1682174654,Monster Harvest,1,0.0003
4133,2038013659,Monster High™‎ Skulltimate Secrets™,1,0.0003
4134,1899878313,Monster Panic,1,0.0003
4135,2131173467,Monster Survivors,1,0.0003
4136,186591858,Monstrum,1,0.0003
4137,1664740974,Monterey Jack,1,0.0003
4138,1480657453,MOON DIVER,1,0.0003
4139,1939351470,Moonshine Inc.,1,0.0003
4140,1960491525,Morbid: The Lords of Ire,1,0.0003
4141,1754089080,Mortanis Prisoners,1,0.0003
4142,1711524853,Motorbike Racing,1,0.0003
4143,1871702552,Mount & Blade: Warband PC,1,0.0003
4144,1643468266,Mountain Legends 2,1,0.0003
4145,1937850928,MouseBot: Escape from CatLab,1,0.0003
4146,1908222793,Mr Trials,1,0.0003
4147,1856726040,Mr. Massagy: Mayo Edition,1,0.0003
4148,1657204030,Mr. Pumpkin 2: Kowloon walled city,1,0.0003
4149,678843074,Mr. Pumpkin Adventure,1,0.0003
4150,448463130,Mugsters,1,0.0003
4151,1894745655,Murder Mystery Machine,1,0.0003
4152,1681715185,Music Racer: Ultimate,1,0.0003
4153,1656798442,Musical Vibes RX,1,0.0003
4154,2137426654,My Child Lebensborn,1,0.0003
4155,1974773416,My Horse Stories,1,0.0003
4156,1773001173,My Horse: Bonded Spirits,1,0.0003
4157,2078262992,My Time at Sandrock Online,1,0.0003
4158,1911275658,MyMaitê,1,0.0003
4159,2130751187,Mystery Detective Adventure,1,0.0003
4160,2125268591,Mystic Academy: Escape Room,1,0.0003
4161,2092209274,Mystical Mixing,1,0.0003
4162,1651407582,Naheulbeuk's Dungeon Master,1,0.0003
4163,1629697304,NanoApostle,1,0.0003
4164,1759805434,Narita Boy,1,0.0003
4165,1985582126,National Saloons,1,0.0003
4166,656986554,NBA 2K19: The Prelude,1,0.0003
4167,166822093,Nefarious,1,0.0003
4168,1652975016,Neon Blood,1,0.0003
4169,2072588896,NeonPowerUp!,1,0.0003
4170,2091874206,Neptunia Game Maker R:Evolution,1,0.0003
4171,1635653833,NeuroBloxs,1,0.0003
4172,910593568,Never Alone (Kisima Ingitchuna),1,0.0003
4173,1714794422,New Football Game Online Performance Test,1,0.0003
4174,1671144891,New Joe & Mac - Caveman Ninja,1,0.0003
4175,1480656949,NEW RALLY-X,1,0.0003
4176,1910350587,New Star™ GP,1,0.0003
4177,1816592098,Niche - a genetics survival game,1,0.0003
4178,1397819368,NIER,1,0.0003
4179,1866853742,Night at the Gates of Hell,1,0.0003
4180,2000514300,Nightmare Reaper,1,0.0003
4181,1040056842,Nightmares from the Deep 2: The Siren's Call,1,0.0003
4182,175365432,Nightmares from the Deep 3: Davy Jones,1,0.0003
4183,1647467336,Nikoderiko: The Magical World - Director's Cut,1,0.0003
4184,1746727265,Ninja Wars,1,0.0003
4185,1957424962,No Straight Roads,1,0.0003
4186,1941459227,Not Not - A Brain Buster,1,0.0003
4187,2030829630,Nova Lands,1,0.0003
4188,730409919,Now That's What I Call Sing 2,1,0.0003
4189,1975639769,Oaken,1,0.0003
4190,2079187403,Obduction,1,0.0003
4191,1727273780,Observation,1,0.0003
4192,1843080071,Ocean Keeper,1,0.0003
4193,2074956981,Oddworld: Soulstorm Enhanced Edition,1,0.0003
4194,1778851260,Oddworld: Stranger's Wrath HD,1,0.0003
4195,352829845,OK K.O.! Let's Play Heroes,1,0.0003
4196,2050373461,Omen of Sorrow,1,0.0003
4197,1729593698,Omno,1,0.0003
4198,1638190340,One Button Games 5-in-1 vol. 2,1,0.0003
4199,1881526368,One Finger Death Punch 2,1,0.0003
4200,1129121848,Operation Flashpoint: Red River,1,0.0003
4201,1995657870,Orange Season,1,0.0003
4202,1693393910,Othercide,1,0.0003
4203,1709997248,Our Adventurer Guild,1,0.0003
4204,2016428656,Out of Words,1,0.0003
4205,817391198,Outcast - Second Contact,1,0.0003
4206,1842520099,Outlaw 8s,1,0.0003
4207,2088993727,Outlaws + Handful of Missions: Remaster,1,0.0003
4208,24798620,Overload,1,0.0003
4209,1941542362,Oxide Room 104,1,0.0003
4210,1480659984,PAC-MAN MUSEUM,1,0.0003
4211,1828865417,PAC-PAC,1,0.0003
4212,2006937710,PACER,1,0.0003
4213,1935073056,Paint by Numbers - Dinosaurs,1,0.0003
4214,2044736974,Pandemic: The Board Game,1,0.0003
4215,1397033068,Panzer Dragoon Orta,1,0.0003
4216,1704985822,Paper Flight - Speed Rush,1,0.0003
4217,2030700835,Paper Trail,1,0.0003
4218,2073287258,Paratopic,1,0.0003
4219,1666984047,Parcel Corps,1,0.0003
4220,1713821027,Park Beyond,1,0.0003
4221,916339986,Party Hard,1,0.0003
4222,1760424877,Penguin Dash!,1,0.0003
4223,1654659551,Penguin Flight,1,0.0003
4224,2116319841,Penny's Big Breakaway,1,0.0003
4225,302632690,Perception,1,0.0003
4226,2041907684,Perfect Ninja Painter,1,0.0003
4227,2076010707,Perfect Ninja Painter 2,1,0.0003
4228,1617653473,Perfect Ninja Painter 3,1,0.0003
4229,1751313192,Persian Nights 2: The Moonlight Veil (Xbox Version),1,0.0003
4230,1867683926,Persona 5 Tactica,1,0.0003
4231,2083704738,Phantom Abyss,1,0.0003
4232,1706040396,Phantom Fury,1,0.0003
4233,577843491,Phar Lap - Horse Racing Challenge,1,0.0003
4234,2114369983,Pickleball Smash,1,0.0003
4235,1747192800,Pinball Jam,1,0.0003
4236,1674984318,Pipistrello and the Cursed Yoyo,1,0.0003
4237,1751873004,Pixapple Adventure,1,0.0003
4238,1890622702,Pixel Gladiator,1,0.0003
4239,1776549840,Pizza Possum,1,0.0003
4240,2109658878,Pizza Tycoon,1,0.0003
4241,650235919,Planet of the Eyes,1,0.0003
4242,1686731853,Please Fix The Road,1,0.0003
4243,2043431174,Pong by Yesser Studios,1,0.0003
4244,1750323746,Porkshire Hero,1,0.0003
4245,2015483372,Portal of Evil: Stolen Runes,1,0.0003
4246,2106226816,Potion Permit,1,0.0003
4247,2011061477,PRAGMATA,1,0.0003
4248,34123030,Premium Pool Arena,1,0.0003
4249,1701369421,Preserve,1,0.0003
4250,1431505112,Prince of Persia The Sands of Time,1,0.0003
4251,2017211163,Prison Tycoon: Under New Management,1,0.0003
4252,1959660605,Pro Flight Simulator Deluxe,1,0.0003
4253,1755544820,Pro Gymnast Simulator,1,0.0003
4254,2093251542,Project 13: Taxidermy,1,0.0003
4255,2141271000,Project Nightmares Case 36: Henrietta Kedward,1,0.0003
4256,1841294814,Project Warlock,1,0.0003
4257,2011990367,Project Winter,1,0.0003
4258,248901393,Punch Club,1,0.0003
4259,993540759,Pure Hold'em™,1,0.0003
4260,2101274114,Pure Mini Golf,1,0.0003
4261,2028187854,PUSS!,1,0.0003
4262,1655939920,Puyo Puyo Champions,1,0.0003
4263,1679725857,PuzzleCar,1,0.0003
4264,1798310078,Q-YO Blaster,1,0.0003
4265,1480657380,QIX++,1,0.0003
4266,2108413062,Quake 4,1,0.0003
4267,1480659455,Quantum Conundrum,1,0.0003
4268,1922347891,Queen’s Garden: French Splendor,1,0.0003
4269,2044347829,Quilts and Cats of Calico,1,0.0003
4270,1664110632,R-Type® Final 2,1,0.0003
4271,137470980,R.B.I. Baseball 14,1,0.0003
4272,1412270296,R.B.I. Baseball 15,1,0.0003
4273,562694050,R.B.I. Baseball 16,1,0.0003
4274,811152542,R.B.I. Baseball 17,1,0.0003
4275,1984205216,R.B.I. Baseball 21,1,0.0003
4276,319577309,RAD,1,0.0003
4277,523071548,Rad Rodgers,1,0.0003
4278,1902689640,Ragdoll Cart Rider,1,0.0003
4279,822866352,Raging Justice,1,0.0003
4280,2119938423,Raid: Shadow Legends,1,0.0003
4281,1738916410,Railbound,1,0.0003
4282,1673787135,Rain on Your Parade,1,0.0003
4283,1855912718,RainCity,1,0.0003
4284,1682314411,Raptor Evolution,1,0.0003
4285,2071320447,Ravenlok,1,0.0003
4286,1616835035,Rayland 2,1,0.0003
4287,1897447749,ReactorX,1,0.0003
4288,1927701400,ReactorX 3,1,0.0003
4289,1987026938,Real Cake Maker,1,0.0003
4290,2132278444,Realpolitiks New Power,1,0.0003
4291,126264108,Rebel Galaxy,1,0.0003
4292,1874599886,Red Cape Knight,1,0.0003
4293,2011859970,Redout 2,1,0.0003
4294,2134899668,Remorse: The List,1,0.0003
4295,2045008370,Remothered: Broken Porcelain,1,0.0003
4296,676489959,Remothered: Tormented Fathers,1,0.0003
4297,1942787707,Resetail,1,0.0003
4298,1640182214,Resurrection of Soul Drain,1,0.0003
4299,1767764646,Retreat To Enen,1,0.0003
4300,1867277744,Retro Invaders,1,0.0003
4301,1649519172,Retro Tank Arcade,1,0.0003
4302,1748326860,RetroMania Wrestling,1,0.0003
4303,1854284145,Reus 2,1,0.0003
4304,1758367827,REVEIL,1,0.0003
4305,1628140410,Rewind or Die,1,0.0003
4306,1920135375,Rhythm Doctor,1,0.0003
4307,2122723938,Rhythm Sprout,1,0.0003
4308,773588741,RICO,1,0.0003
4309,2071602286,RICO London,1,0.0003
4310,1223839444,RIDE,1,0.0003
4311,2112125425,Riptide GP2,1,0.0003
4312,1859130505,Risen,1,0.0003
4313,1672051495,Rising Hell,1,0.0003
4314,2135898119,River City Ransom,1,0.0003
4315,1763166362,Road Defense: Outsiders,1,0.0003
4316,1787135558,Roarr! Jurassic Edition,1,0.0003
4317,1715096411,RoboDunk,1,0.0003
4318,1658467979,RoboHero,1,0.0003
4319,1776370994,Robotry!,1,0.0003
4320,1884301005,Rock N' Cash Vegas Slot Casino,1,0.0003
4321,1480657562,Rock of Ages,1,0.0003
4322,1803575237,Rogue Loops,1,0.0003
4323,189853082,Rogue Trooper Redux,1,0.0003
4324,2136108787,Rogue Waters,1,0.0003
4325,1644175486,Roll The Cat,1,0.0003
4326,239937556,ROMANCE OF THE THREE KINGDOMS XIII,1,0.0003
4327,35048352,ROMANCE OF THE THREE KINGDOMS XIII: Fame and Strategy Expansion Pack Bundle,1,0.0003
4328,1690610806,Romancing SaGa 2,1,0.0003
4329,1711534896,Roundguard,1,0.0003
4330,2025885075,Rudolph The Red Nosed Reindeer,1,0.0003
4331,920951865,Rugby 18,1,0.0003
4332,1496021838,Rugby World Cup 2015,1,0.0003
4333,1719461807,Rugrats: Adventures in Gameland,1,0.0003
4334,1891981031,Runasaurus Rex: Origins,1,0.0003
4335,1867736829,Rune Factory: Guardians of Azuma Digital Art Book and Soundtrack,1,0.0003
4336,1953030770,RUST DREAD REVENGE,1,0.0003
4337,520010865,RWBY: Grimm Eclipse,1,0.0003
4338,2085974219,Sable,1,0.0003
4339,1480657277,Sam&Max Save the World,1,0.0003
4340,1923734860,Samurai Aces,1,0.0003
4341,2106675045,Samurai Jack: Battle Through Time,1,0.0003
4342,1480657104,Samurai Shodown II,1,0.0003
4343,1657557697,SAMURAI WARRIORS 5 Trial version,1,0.0003
4344,1716897739,Sanctum Push,1,0.0003
4345,2039022488,Sanicball xbox\windows free version,1,0.0003
4346,1904355931,Sayonara Wild Hearts,1,0.0003
4347,1720462396,Scarlett Mysteries: Cursed Child,1,0.0003
4348,1480656916,Scramble,1,0.0003
4349,1480657287,Scrap Metal,1,0.0003
4350,2055678343,Screamer,1,0.0003
4351,1297287846,ScreamRide,1,0.0003
4352,2067811291,Scurge: Hive,1,0.0003
4353,1828185725,Sea Fantasy,1,0.0003
4354,816667289,Seasons after Fall,1,0.0003
4355,1772648111,Secret Night Maze World,1,0.0003
4356,1690734775,Secrets of Blackrock Manor - Escape Room,1,0.0003
4357,2139098715,Section 13,1,0.0003
4358,1799773408,Security Booth: Director's Cut,1,0.0003
4359,180637000,SEUM: Speedrunners from Hell,1,0.0003
4360,1657708224,Seven Doors,1,0.0003
4361,1945317756,Shadow Labyrinth,1,0.0003
4362,2054053535,Shalnor Legends 2: Trials of Thunder,1,0.0003
4363,1685514435,Shalnor Legends: Sacred Lands,1,0.0003
4364,871256460,Shantae: Half-Genie Hero Ultimate Edition,1,0.0003
4365,1774500212,Shantae: Risky's Revenge - Director's Cut,1,0.0003
4366,817971709,Shaq Fu: A Legend Reborn,1,0.0003
4367,1791838609,Shatter Remastered Deluxe,1,0.0003
4368,2123021352,Sherlock Holmes: The Devil's Daughter Redux,1,0.0003
4369,903306295,Shining Resonance Refrain,1,0.0003
4370,2040120446,Ships Simulator,1,0.0003
4371,1632941844,SHMUP Mania,1,0.0003
4372,2106821597,Shogun Showdown,1,0.0003
4373,2041331081,Shopping Mall Girl,1,0.0003
4374,2144724056,Short Track Showdown,1,0.0003
4375,1645103109,Shred! Remastered,1,0.0003
4376,1636215411,Shroomageddon,1,0.0003
4377,1297287746,Shuffle Party,1,0.0003
4378,1898291368,Shy Cats Hidden Tracks - Vol. 1,1,0.0003
4379,1783788045,SILENT HILL f - Bonus Content,1,0.0003
4380,1793492538,SimAirport,1,0.0003
4381,1480659508,SINE MORA™,1,0.0003
4382,1967793188,Sir Lovelot,1,0.0003
4383,1830917724,Skelethrone: The Chronicles of Ericona,1,0.0003
4384,1619226313,Sky Rogue,1,0.0003
4385,2063272043,Sky Roll!,1,0.0003
4386,112459691,Skydrift Infinity,1,0.0003
4387,104681353,SKYHILL,1,0.0003
4388,719334110,Slice Zombies for Kinect,1,0.0003
4389,1705787144,Slime 3K: Rise Against Despot,1,0.0003
4390,1836669355,Slime Ranger,1,0.0003
4391,1875149549,Smoots Summer Games,1,0.0003
4392,595091631,Snake Pass,1,0.0003
4393,1740664406,Sneaky Rat,1,0.0003
4394,2034370789,Snezhinka,1,0.0003
4395,1675040608,Sniper Fury - Elite Gun Shooter,1,0.0003
4396,1992471200,SNK 40th Anniversary Collection,1,0.0003
4397,1866835346,Snoopy & The Great Mystery Club,1,0.0003
4398,2023716362,SNWBRD: Freestyle Snowboarding,1,0.0003
4399,1716567990,Sokmeal Time,1,0.0003
4400,1973251556,Sokocat: Dungeon - Remastered,1,0.0003
4401,1812529924,Sokocat: Islands - Remastered,1,0.0003
4402,1690743773,Sokolab,1,0.0003
4403,1798927805,SokoWinter,1,0.0003
4404,738783242,Solar Shifter EX,1,0.0003
4405,138528408,Solitaire,1,0.0003
4406,1965996577,Solitaire 40 cards,1,0.0003
4407,2083306012,Solitaire Palace,1,0.0003
4408,1732062836,Solo Leveling: ARISE OVERDRIVE,1,0.0003
4409,1897725373,Song of Horror,1,0.0003
4410,1624587951,Sorry We're Closed,1,0.0003
4411,2116209805,Soul Hackers 2,1,0.0003
4412,1895730203,Soul Stalker,1,0.0003
4413,1984977630,Souldiers,1,0.0003
4414,2123190381,Soundtrack and The Art of Cronos: The New Dawn,1,0.0003
4415,2090068277,Space Alien Invader,1,0.0003
4416,1636517602,Space Filler,1,0.0003
4417,1850692621,Space Filler (Xbox One),1,0.0003
4418,1924348629,Space Invader 7,1,0.0003
4419,1653039783,Space Invader 7 Trial,1,0.0003
4420,1886641819,Space Mercenary Defense Force,1,0.0003
4421,1802294767,Space Smash,1,0.0003
4422,2014121029,Sparkle 2 EVO,1,0.0003
4423,2081715802,Spartan Firefight,1,0.0003
4424,1803410566,SpeedRunners 2: King of Speed,1,0.0003
4425,1688571860,Spells & Secrets,1,0.0003
4426,2102940295,Sphere game colours,1,0.0003
4427,1951151137,Spider Solitaire Collection Free,1,0.0003
4428,2073359006,Spirittea,1,0.0003
4429,678502136,Splasher,1,0.0003
4430,2017067425,Spot Challenge Vol. 1,1,0.0003
4431,2032251921,Spot Challenge Vol. 2,1,0.0003
4432,1645584645,Spot Challenge Vol. 4,1,0.0003
4433,1641212101,Sprawl,1,0.0003
4434,1844122482,Spy Chameleon,1,0.0003
4435,1804399586,Square Brothers,1,0.0003
4436,1698017195,Square Smash,1,0.0003
4437,86184092,Squid Hero for Kinect,1,0.0003
4438,1933662607,Stack Tower͏,1,0.0003
4439,2039372769,Star Chef™ : Cooking Game,1,0.0003
4440,278827885,Star Hammer: The Vanguard Prophecy,1,0.0003
4441,2063855906,STAR OCEAN THE DIVINE FORCE,1,0.0003
4442,1635978548,Star Ores Inc.,1,0.0003
4443,2071323777,Star Trek: Resurgence,1,0.0003
4444,1946314519,Starfall Defenders,1,0.0003
4445,1961172653,Starfield Digital Artbook & Original Soundtrack,1,0.0003
4446,1434175066,Starpoint Gemini 2,1,0.0003
4447,1015961921,Starpoint Gemini Warlords,1,0.0003
4448,1928236996,Starsand,1,0.0003
4449,436767821,State of Mind,1,0.0003
4450,1833403666,SteamWorld Dig 2,1,0.0003
4451,1016114215,Steven Universe: Save the Light,1,0.0003
4452,1674315166,Sticky Business,1,0.0003
4453,2104502032,Stories Untold,1,0.0003
4454,1672889972,Storyblocks: The King,1,0.0003
4455,1891739088,Stranded Penguin,1,0.0003
4456,903098188,Strange Brigade,1,0.0003
4457,1754799250,Strategic Mind: Fight for Dominance,1,0.0003
4458,1874994133,Stray Blade,1,0.0003
4459,1896598798,Street Outlaws 2: Winner Takes All,1,0.0003
4460,2029929513,Strider,1,0.0003
4461,1794869036,Strike Force Heroes,1,0.0003
4462,1646935799,Strike Mission XS,1,0.0003
4463,1623319437,Strike Suit Zero: Director's Cut,1,0.0003
4464,1859111730,Struggling,1,0.0003
4465,1675190546,Stunt Paradise,1,0.0003
4466,208741763,SUBJECT 13,1,0.0003
4467,1678941366,Submarine Patrol 3D,1,0.0003
4468,1646079824,Submarine Survivor,1,0.0003
4469,1951040150,Submerged,1,0.0003
4470,1632226634,SUDOKU CHAMPIONS,1,0.0003
4471,2084359065,Sudoku Earth,1,0.0003
4472,1650134876,Suika Wan!,1,0.0003
4473,2057573435,Suikoden I&II HD Remaster Gate Rune and Dunan Unification Wars,1,0.0003
4474,2093604199,Summer in Mara,1,0.0003
4475,2060365088,Sumorbit,1,0.0003
4476,1679953167,Sunbeam Feast,1,0.0003
4477,1708520282,Sunny Café,1,0.0003
4478,1821207324,SunnySide,1,0.0003
4479,1718545023,Sunset Overdrive,1,0.0003
4480,1864794134,Sunshine Island Adventure Farm,1,0.0003
4481,1873219774,Super Arcade Boy in Defender of Planet Earth,1,0.0003
4482,1634482046,Super Arcade Soccer 2021,1,0.0003
4483,1957649282,Super Astro Cat,1,0.0003
4484,66854905,Super Blackjack Battle II Turbo Edition,1,0.0003
4485,1646558960,Super Blood Hockey,1,0.0003
4486,2053113562,SUPER CRAZY RHYTHM CASTLE,1,0.0003
4487,1958529503,Super Dark Deception,1,0.0003
4488,2084457373,Super Double Dragon,1,0.0003
4489,2072727106,Super Duck,1,0.0003
4490,1375034638,Super Dungeon Bros,1,0.0003
4491,1899691698,Super Fantasy Kingdom (Game Preview),1,0.0003
4492,1713337572,Super Kids Racing : Mini Edition,1,0.0003
4493,2058904438,Super Ninja Miner,1,0.0003
4494,2062477337,Super Rio Land World Plateformer,1,0.0003
4495,1880907442,Super Soccer Blast,1,0.0003
4496,1708138487,Super Toy Cars 2,1,0.0003
4497,1647297175,Super Waifu Ball,1,0.0003
4498,1777228920,Super Woden GP II,1,0.0003
4499,1655214141,Super World Run - Adventure Game,1,0.0003
4500,93258382,SUPERBEAT: XONiC,1,0.0003
4501,1839740207,Supraland,1,0.0003
4502,1656836695,Sweet Bakery Tycoon,1,0.0003
4503,1480656944,Switchball,1,0.0003
4504,779561878,Sword Coast Legends™,1,0.0003
4505,1918884435,Sword of the Vagrant,1,0.0003
4506,2015998604,Syberia - The World Before,1,0.0003
4507,950753176,Syberia 3,1,0.0003
4508,1773956150,Synchro Hedgehogs (for Windows 10),1,0.0003
4509,2070375454,SYNDUALITY Echo of Ada,1,0.0003
4510,1803025384,SYNTHETIK: Ultimate,1,0.0003
4511,462214672,Table Top Racing: World Tour,1,0.0003
4512,1785661379,TactiCats,1,0.0003
4513,1979669220,Tad the Lost Explorer,1,0.0003
4514,1937629264,Tainted Grail: Conquest,1,0.0003
4515,1688544029,Tales of Berseria Remastered,1,0.0003
4516,1969180565,Tales of Graces f Remastered,1,0.0003
4517,1984981223,Tank.Wars,1,0.0003
4518,1788803547,Tankoom ORION,1,0.0003
4519,1677071449,TankX,1,0.0003
4520,1431504918,TC’s H.A.W.X,1,0.0003
4521,1612438163,Techno Banter,1,0.0003
4522,2101116288,Tennis Elbow 4,1,0.0003
4523,1713029347,Tennis World Tour 2 - Complete Edition Xbox Series X|S,1,0.0003
4524,2131736990,TENSEI,1,0.0003
4525,2141244267,TERA,1,0.0003
4526,1771626735,Terminal 81,1,0.0003
4527,851304780,Tetraminos,1,0.0003
4528,1841233360,The Alto Collection,1,0.0003
4529,2012802669,The Backrooms : The Last Sleep,1,0.0003
4530,1870136049,The Backrooms: Christmas Edition,1,0.0003
4531,720980405,The Banner Saga 2,1,0.0003
4532,157772240,The Bard's Tale IV: Director's Cut,1,0.0003
4533,2116455702,The Bonfire: Forsaken Lands,1,0.0003
4534,2000790611,"THE CARD Perfect Collection Plus: Texas Hold 'em, Solitaire and others",1,0.0003
4535,2076835000,"THE CASINO COLLECTION: Ruleta, Vídeo Póker, Tragaperras, Craps, Baccarat, Five-Card Draw Poker, Texas hold 'em, Blackjack and Page One",1,0.0003
4536,2040556094,The Chess+ : PC & XBOX,1,0.0003
4537,1969027482,The Complex,1,0.0003
4538,977514341,The Culling,1,0.0003
4539,1766787305,The Cute Whale,1,0.0003
4540,2089995861,The Devil Lands (Game Preview),1,0.0003
4541,1692314393,The Echo,1,0.0003
4542,2012734912,The Enigma Machine,1,0.0003
4543,125965001,The Escapists: The Walking Dead,1,0.0003
4544,2084032984,The Explorer Of Night,1,0.0003
4545,2020422759,The Falconeer,1,0.0003
4546,337067464,The Fisherman - Fishing Planet,1,0.0003
4547,29720212,The Flame in the Flood,1,0.0003
4548,575803834,The Golf Club 2™,1,0.0003
4549,2067501401,The Good Life,1,0.0003
4550,255325426,The Grand Tour Game,1,0.0003
4551,1791030843,The Heroic Knight,1,0.0003
4552,1983245965,The House of Da Vinci,1,0.0003
4553,247774493,The Incredible Adventures of Van Helsing,1,0.0003
4554,740275617,The Inner World - The Last Wind Monk,1,0.0003
4555,2052100489,The Invincible,1,0.0003
4556,1795080541,The Knight Witch,1,0.0003
4557,1642253259,The Language Of Love,1,0.0003
4558,1860938757,The Last Case of John Morley,1,0.0003
4559,1930789000,The Last Oricru - Final Cut,1,0.0003
4560,1772965835,The Last Stand: Aftermath,1,0.0003
4561,1948960688,The Legend of Bum-bo,1,0.0003
4562,1640731289,The Legend of Cyber Cowboy,1,0.0003
4563,1705741501,The Letter: A Horror Visual Novel,1,0.0003
4564,1620010014,The Lonesome Guild,1,0.0003
4565,482654991,The Mummy Demastered,1,0.0003
4566,1909971931,The Nom,1,0.0003
4567,1741878550,The Pathless,1,0.0003
4568,1947609579,The Pedestrian,1,0.0003
4569,1729341102,The Riftbreaker: Prologue Xbox,1,0.0003
4570,2147017544,The Rumble Fish +,1,0.0003
4571,1894317724,The Serpent Rogue,1,0.0003
4572,1685731966,The Smurfs – Dreams,1,0.0003
4573,1669482828,The Smurfs 2 : The Prisoner of the Green Stone,1,0.0003
4574,1652470061,"THE Table Game Deluxe Pack -Mahjong, Go, Shogi, Tsume Shogi, Othello, Card, Hanafuda, Shisen Mahjong Solitaire, Chess, Backgammon-",1,0.0003
4575,2105623196,The Tenants,1,0.0003
4576,2086031333,The Thaumaturge,1,0.0003
4577,2119405603,The Tyrannical Toilet and The Battle of the Beans,1,0.0003
4578,1965003400,The Unicorn Princess,1,0.0003
4579,2075337806,The Valiant,1,0.0003
4580,54480103,The Vanishing of Ethan Carter,1,0.0003
4581,1781089938,The VideoKid,1,0.0003
4582,1480660146,The Walking Dead: Michonne - Episode 1,1,0.0003
4583,1683044366,Thea 2: The Shattering,1,0.0003
4584,1986869957,Them's Fightin' Herds,1,0.0003
4585,1849530125,Theme Park Jam,1,0.0003
4586,2006512061,There's a Gun in the Office,1,0.0003
4587,2016470925,This Bed We Made,1,0.0003
4588,2006790324,This Means Warp,1,0.0003
4589,600509688,Thumper,1,0.0003
4590,2026559161,Tic Tac Toe - Classics,1,0.0003
4591,1921002071,Ticket to Ride: Classic Edition,1,0.0003
4592,1802771942,Time Trap: Hidden Objects Remastered,1,0.0003
4593,2063021282,Tin Can,1,0.0003
4594,2121432568,Tiny Hands Adventure,1,0.0003
4595,483862571,Tiny Troopers Joint Ops,1,0.0003
4596,2046395333,Titan Chaser,1,0.0003
4597,1951375424,Together We Live,1,0.0003
4598,1691955008,TOKI Juju Densetsu,1,0.0003
4599,1645311014,Tony and Clyde,1,0.0003
4600,2025852578,Tools Up!,1,0.0003
4601,1961294826,Top Racer Collection,1,0.0003
4602,1819080209,Torii Guardian (Xbox One),1,0.0003
4603,1743835404,Total War: Warhammer II,1,0.0003
4604,1982751724,Totally Spies! - Cyber Mission,1,0.0003
4605,1760551143,Touhou Luna Nights,1,0.0003
4606,1024441064,Tour de France 2017,1,0.0003
4607,2024662880,Tour de France 2020,1,0.0003
4608,1723626363,Tour de France 2022 Xbox One,1,0.0003
4609,1647338299,Tower of time,1,0.0003
4610,1112934425,Toy Story Mania!,1,0.0003
4611,1958265642,TP Bullet,1,0.0003
4612,1669996905,Train Sim World® 3,1,0.0003
4613,2075433959,Training Shooter FPS,1,0.0003
4614,1726945595,TRANSFORMERS: Galactic Trials,1,0.0003
4615,2061866976,Trek to Yomi,1,0.0003
4616,1706700044,Trident's Tale,1,0.0003
4617,1817067023,Trine 5: A Clockwork Conspiracy,1,0.0003
4618,1676268108,Trollhunters: Defenders of Arcadia,1,0.0003
4619,89165390,TRON RUN/r,1,0.0003
4620,2078968222,Truck Driver: The American Dream,1,0.0003
4621,2143164145,Truck Simulator Cargo Driver 2025 - EURO,1,0.0003
4622,1797134693,TRUDOGRAD,1,0.0003
4623,1879353165,TT Isle of Man Ride on the Edge 2,1,0.0003
4624,911120656,Tumblestone,1,0.0003
4625,1959159088,Tunguska: The Visitation - Complete Edition,1,0.0003
4626,1944807356,Twelve Minutes,1,0.0003
4627,1762420024,Twitch Marble,1,0.0003
4628,1952170881,Two Strikes,1,0.0003
4629,87240795,Tyler: Model 005,1,0.0003
4630,2008180842,Ultimate General: Civil War,1,0.0003
4631,1659161283,Ultimate Massage,1,0.0003
4632,1480657425,Unbound Saga,1,0.0003
4633,1728636785,UNDYING,1,0.0003
4634,1935081325,United Assault - Battle of the Bulge,1,0.0003
4635,1952793430,Unsolved Case: Above the Law CE Xbox,1,0.0003
4636,1943095999,Unsolved: Hidden Mystery Games,1,0.0003
4637,1622119739,Urban Flow,1,0.0003
4638,1640379056,Vagrus - The Riven Realms,1,0.0003
4639,1622859130,Valfaris,1,0.0003
4640,706892097,Valkyria Revolution,1,0.0003
4641,1729875209,Valthirian Arc: Hero School Story 2,1,0.0003
4642,1980974265,Vambrace: Cold Soul,1,0.0003
4643,1894384067,Vambrace: Dungeon Monarch,1,0.0003
4644,1728296368,Vampire Crawlers: The Turbo Wildcard from Vampire Survivors,1,0.0003
4645,2024636675,Vampire: The Masquerade - Coteries of New York,1,0.0003
4646,1957172115,Vampire: The Masquerade - Swansong Xbox One,1,0.0003
4647,2051107794,VENARI - Escape Room Adventure,1,0.0003
4648,1875963469,Venus: Improbable Dream,1,0.0003
4649,61090031,Victor Vran,1,0.0003
4650,1623987807,Viewfinder,1,0.0003
4651,1480659612,Virtua Fighter 2,1,0.0003
4652,2006741467,VISCO Collection,1,0.0003
4653,1898630086,Wall World,1,0.0003
4654,1713876987,Wandersong,1,0.0003
4655,1852023164,War Mongrels,1,0.0003
4656,1672389327,Warcraft® II: Remastered,1,0.0003
4657,2034956980,Warface: Breakout,1,0.0003
4658,1732740414,Wargroove,1,0.0003
4659,2078235268,"Warhammer 40,000: Shootas, Blood & Teef",1,0.0003
4660,1830033435,Warm Snow,1,0.0003
4661,1705922691,Warstone TD Gold Edition,1,0.0003
4662,1821598835,Warstride Challenges,1,0.0003
4663,1869095486,Washing Dishes for the People We Love,1,0.0003
4664,1622962909,Wavecade,1,0.0003
4665,1955199870,We Were Here Together,1,0.0003
4666,1719232620,WeakWood Throne,1,0.0003
4667,1880521273,Webgeon Speedrun Edition,1,0.0003
4668,1693635546,Weeping Willow,1,0.0003
4669,1915660039,Westild's Law,1,0.0003
4670,1805720206,Whacking Hell!,1,0.0003
4671,1739513454,What's Different?,1,0.0003
4672,2015730451,Whispike Survivors,1,0.0003
4673,1810239509,Who Pressed Mute on Uncle Marcus?,1,0.0003
4674,831730259,Wick,1,0.0003
4675,2000887001,Wild American Hunt,1,0.0003
4676,1850965631,Wildermyth: Console Edition,1,0.0003
4677,2044343586,WildTrax Racing,1,0.0003
4678,1906596190,Willy J Peso Presents: Save The Trees,1,0.0003
4679,1829572716,Win Vegas,1,0.0003
4680,1817881785,Windborn - Echoes of the Night,1,0.0003
4681,1644613252,Winkeltje: The Little Shop,1,0.0003
4682,1948184622,Winter Ember,1,0.0003
4683,1627291739,Wizmans World Re:Try,1,0.0003
4684,1941570025,Wolcen: Lords of Mayhem,1,0.0003
4685,1707905497,Wolfenstein 3D,1,0.0003
4686,1649877246,Woot Woot Game,1,0.0003
4687,1981961526,Word Quest: Medival,1,0.0003
4688,1740791682,Word Stacker - Word Game 2019,1,0.0003
4689,1985239734,World of Tanks Blitz,1,0.0003
4690,1683514281,World of Warships,1,0.0003
4691,2141363036,Worldless,1,0.0003
4692,928587124,Worlds of Magic: Planar Conquest,1,0.0003
4693,1696945475,WrestleQuest,1,0.0003
4694,1783911946,Wrestling Trivia,1,0.0003
4695,38626827,Wuppo,1,0.0003
4696,1834362316,WW2 Rebuilder,1,0.0003
4697,333251915,X-Morph: Defense,1,0.0003
4698,1953673867,XBET_Test_Product_4,1,0.0003
4699,1773431897,Yakuza 6: The Song of Life,1,0.0003
4700,2035057372,"Yes, Your Grace",1,0.0003
4701,1753658946,Yooperlite,1,0.0003
4702,1905856995,You Suck at Parking® Complete Edition,1,0.0003
4703,575845525,Your Toy,1,0.0003
4704,1639870043,Youtubers Life 2,1,0.0003
4705,1969193836,Zamboni Challenge,1,0.0003
4706,1997965582,Zero Escape: The Nonary Games,1,0.0003
4707,1753265343,Zero Escape: Zero Time Dilemma,1,0.0003
4708,1745986876,Zombie Cure Lab,1,0.0003
4709,1907198556,Zombie Derby: Pixel Survival,1,0.0003
4710,820078969,Zombie Driver Ultimate Edition,1,0.0003
4711,1630662193,Zombieland: Double Tap- Road Trip,1,0.0003
4712,2129667127,Zombo Buster Advance,1,0.0003
4713,1703114306,Zumania,1,0.0003
4714,1891811268,Zumba - Marble Zombie Invasion,1,0.0003
4715,2050940965,ZUMBA - Soccer Marble League,1,0.0003
4716,1838606356,Zumba Marble Blast,1,0.0003
4717,1942899504,Zumba Royal: Marble Shooter Mania,1,0.0003
4718,2117754035,Zumba World - The Lost Marble Island,1,0.0003
4719,1879974140,あざみ1986,1,0.0003
4720,513359237,舞力全开2017,1,0.0003
