rank,title_id,title,players,percentage
1,267695549,Fortnite,56177,22.3734
2,342226876,Roblox - Xbox,47630,18.9694
3,1828326430,Minecraft,26425,10.5242
4,2001700854,Call of Duty®,21150,8.4233
5,558797228,Rocket League®,18653,7.4289
6,972249091,Grand Theft Auto V,17063,6.7956
7,926771636,Tom Clancy's Rainbow Six Siege,15381,6.1257
8,1852068331,EA SPORTS FC™ 26,12913,5.1428
9,1731722945,NBA 2K27,10022,3.9914
10,2079757188,Forza Horizon 6,9629,3.8349
11,1794906646,Marvel Rivals,8277,3.2965
12,1675858627,EA SPORTS FC™ 27,8176,3.2562
13,175227487,Apex Legends™,7324,2.9169
14,94618376,Overwatch®,7200,2.8675
15,1840884885,Battlefield™,6062,2.4143
16,2116052231,RuneScape: Dragonwilds,5291,2.1072
17,591405932,Red Dead Redemption 2,4894,1.9491
18,1799950478,Aniimo,4730,1.8838
19,1780788060,Dune: Awakening,4670,1.8599
20,1962870476,EA SPORTS™ Madden NFL 27,4643,1.8492
21,1924639289,HELLDIVERS™ 2,4576,1.8225
22,1674575880,EA SPORTS™ College Football 27,4448,1.7715
23,1631143456,EA SPORTS™ Madden NFL 26,3926,1.5636
24,1696697876,NBA 2K26,3865,1.5393
25,102425831,Dead by Daylight,3623,1.4429
26,2106683993,skate.™ (Game Preview),3177,1.2653
27,2030093255,Forza Horizon 5,2756,1.0976
28,2118102995,EA SPORTS™ College Football 26,2701,1.0757
29,629270283,Gang Beasts,2688,1.0705
30,80579825,Call of Duty: Black Ops III,2452,0.9766
31,2139646219,VALORANT,2411,0.9602
32,144389848,Destiny 2,2384,0.9495
33,1989157631,Once Human,2378,0.9471
34,171869406,War Thunder,2360,0.9399
35,1797327516,Palworld,2355,0.9379
36,2118292977,ARC Raiders,2289,0.9116
37,1096157379,COD: Black Ops II,2280,0.908
38,1692943563,Halloween: The Game,2249,0.8957
39,1822992790,Call of Duty®: Black Ops 6 - Launcher,2224,0.8857
40,1993685552,UFC® 5,2161,0.8607
41,2003727579,Call of Duty®: Modern Warfare® III,2152,0.8571
42,1790482525,Call of Duty®: Black Ops Cold War,2151,0.8567
43,1791650399,MLB® The Show™ 26,2149,0.8559
44,1794566092,Minecraft Launcher,2076,0.8268
45,1848421257,eFootball™,2024,0.8061
46,1973901376,Diablo® IV,1993,0.7937
47,1653663875,EA SPORTS FC™ 25,1953,0.7778
48,1766088016,Farming Simulator 25,1940,0.7726
49,2062957237,Hell Let Loose: Vietnam,1928,0.7679
50,1198088771,FOR HONOR,1887,0.7515
51,252034287,The Elder Scrolls V: Skyrim Special Edition,1860,0.7408
52,222473492,Cyberpunk 2077,1847,0.7356
53,950328474,PUBG: BATTLEGROUNDS,1847,0.7356
54,812065290,Halo: The Master Chief Collection,1825,0.7268
55,1992453063,Among Us,1734,0.6906
56,2082978535,Halo: Campaign Evolved,1669,0.6647
57,777107394,DayZ,1637,0.652
58,207015551,theHunter: Call of the Wild™,1635,0.6512
59,687339341,Brawlhalla,1624,0.6468
60,2043073184,Halo Infinite,1624,0.6468
61,2073302268,Ready or Not,1606,0.6396
62,1892245301,ELDEN RING,1597,0.636
63,1482870140,Warframe,1594,0.6348
64,332913499,Fallout 76,1592,0.634
65,2013614379,Fall Guys,1591,0.6336
66,964706972,No Man's Sky,1484,0.591
67,1256782258,Fallout 4,1395,0.5556
68,1959007243,Call of Duty®: Modern Warfare® II,1358,0.5408
69,374923716,Gears 5,1356,0.54
70,1855024215,"Warhammer 40,000: Space Marine 2",1334,0.5313
71,1717113201,Sea of Thieves: 2026 Edition,1317,0.5245
72,1732013402,Grounded 2 (Game Preview),1311,0.5221
73,1746894998,Roblox - Windows,1265,0.5038
74,1795790912,Escape the Backrooms,1260,0.5018
75,1928228122,Borderlands®4,1251,0.4982
76,346683864,Tom Clancy's Ghost Recon Wildlands,1251,0.4982
77,1730755212,Mortal Kombat™ 1,1244,0.4954
78,638965135,Descenders,1238,0.4931
79,1634930870,REMATCH,1238,0.4931
80,1862431175,UFC® 6,1208,0.4811
81,833960563,STAR WARS™ Battlefront™ II,1177,0.4688
82,1677483390,Shape of Dreams,1170,0.466
83,896928775,Minecraft for Windows,1147,0.4568
84,893395429,Rust Console Edition X|S,1132,0.4508
85,1693340366,Hogwarts Legacy,1117,0.4449
86,1928988061,ARK: Survival Ascended,1075,0.4281
87,609700427,Call of Duty®: Modern Warfare®,1075,0.4281
88,1745661457,Valheim,1071,0.4265
89,1758796660,Wobbly Life,1066,0.4246
90,1696147865,Zenless Zone Zero,1049,0.4178
91,352040487,Tom Clancy’s The Division 2,1033,0.4114
92,2053080068,Genshin Impact,1030,0.4102
93,140280380,Call of Duty®: WWII,1017,0.405
94,1700133950,NHL® 27 XBOX Series X|S,1010,0.4022
95,1876694512,Madden NFL 25,1004,0.3999
96,1161890022,Skate 3,990,0.3943
97,321656011,The Sims™ 4,990,0.3943
98,1479758055,Batman™: Arkham Knight,953,0.3795
99,1759802069,EA SPORTS™ College Football 25,947,0.3772
100,2099828114,THE FINALS,939,0.374
101,1096157269,Call of Duty®: Black Ops,937,0.3732
102,2022801826,WWE 2K26 Standard Edition,935,0.3724
103,1850827024,F1® 25,932,0.3712
104,1414793202,GTA IV,924,0.368
105,1719923985,Undisputed,901,0.3588
106,2119939858,NHL® 26 Xbox Series X|S,894,0.3561
107,1720633196,Minecraft Dungeons,871,0.3469
108,1774692913,Goat Simulator 3,868,0.3457
109,1852502655,EA SPORTS FC™ 24,866,0.3449
110,285358298,Mortal Kombat 11,863,0.3437
111,1960998926,Buckshot Roulette,838,0.3337
112,1953759531,Phasmophobia (Game Preview),838,0.3337
113,306230746,Stardew Valley,834,0.3322
114,1975246356,Baldur's Gate 3,828,0.3298
115,964818375,Assassin's Creed Odyssey,824,0.3282
116,2143033449,Monster Hunter Wilds,821,0.327
117,1845885580,RV There Yet?,821,0.327
118,1878915001,SnowRunner,812,0.3234
119,961090289,Tom Clancy's Ghost Recon Breakpoint,801,0.319
120,1857595573,The Crew Motorfest,793,0.3158
121,491582364,Need for Speed™ Heat,776,0.3091
122,389597738,Terraria,774,0.3083
123,1715349030,Asphalt Legends,757,0.3015
124,374621264,RESIDENT EVIL 2,748,0.2979
125,1689317374,TCG Card Shop Simulator,741,0.2951
126,1699459210,DRAGON BALL Sparking! ZERO,740,0.2947
127,1611895213,Disney Dreamlight Valley,728,0.2899
128,623325843,Cuphead,719,0.2864
129,1615644955,Microsoft Flight Simulator 2024,713,0.284
130,2050201640,Shift At Midnight,709,0.2824
131,1852916479,Resident Evil 4,700,0.2788
132,1982295121,The Blood of Dawnwalker,693,0.276
133,1728105232,Assassin's Creed Valhalla,687,0.2736
134,1682153445,Well Dweller,687,0.2736
135,1720309872,Arma Reforger,676,0.2692
136,1661962317,Assassin's Creed Black Flag Resynced,666,0.2652
137,283303390,Wreckfest,665,0.2648
138,1726497855,PGA TOUR 2K25,664,0.2644
139,1754076455,Crimson Desert,650,0.2589
140,1790707834,Resonance: A Plague Tale Legacy,647,0.2577
141,1842668909,Forza Motorsport,646,0.2573
142,1733257076,Teardown,641,0.2553
143,2054716369,It Takes Two,638,0.2541
144,1679027058,Stumble Guys,635,0.2529
145,1843269941,Chivalry 2,634,0.2525
146,1671990131,MY HERO ULTRA RUMBLE,634,0.2525
147,1993741445,SMITE 2 (Game Preview),630,0.2509
148,1161890069,FIGHT NIGHT CHAMPION,626,0.2493
149,1913537621,Mad King Redemption,623,0.2481
150,840116976,World of Tanks Modern Armor,618,0.2461
151,983730484,ARK: Survival Evolved,617,0.2457
152,1019460860,DRAGON BALL XENOVERSE 2,607,0.2417
153,2008767227,Brotato,604,0.2406
154,1779135141,Riders Republic™,600,0.239
155,478449077,World of Warships: Legends,596,0.2374
156,728655825,Plants vs. Zombies™ Garden Warfare 2,592,0.2358
157,2069980568,The First Descendant,585,0.233
158,447911394,Far Cry® 5,581,0.2314
159,830649354,Dying Light,580,0.231
160,1805568255,Trailmakers,579,0.2306
161,312881568,Human Fall Flat,577,0.2298
162,2079794073,Starfield,569,0.2266
163,1961305648,Totally Accurate Battle Simulator,568,0.2262
164,1938834516,State of Decay 2: Juggernaut Edition,567,0.2258
165,465979625,UFC® 4,567,0.2258
166,2105342780,Grounded,562,0.2238
167,1386529057,Battlefield™ 1,559,0.2226
168,2063087945,PowerWash Simulator 2,554,0.2206
169,2043906033,MX vs ATV Legends,553,0.2202
170,85494077,Microsoft Solitaire Collection,551,0.2194
171,783973363,Dead Island 2,548,0.2183
172,1701108859,HITMAN 3,540,0.2151
173,1297287339,Gears of War 3,529,0.2107
174,552499398,Gears of War 4,522,0.2079
175,1285166951,The Elder Scrolls Online,513,0.2043
176,2119021593,Subnautica 2 (Game Preview),512,0.2039
177,1985701699,Forza Horizon 4,509,0.2027
178,1925947069,FARCRY 6,508,0.2023
179,2059211995,Hollow Knight: Voidheart Edition,505,0.2011
180,1984127659,The Planet Crafter,500,0.1991
181,1008687929,Mortal Kombat X,499,0.1987
182,1764318423,Call of Duty®: Vanguard,493,0.1963
183,1145574011,Titanfall® 2,491,0.1955
184,1668241504,Hollow Knight: Silksong,488,0.1944
185,1669427955,ELDEN RING NIGHTREIGN,486,0.1936
186,1634088961,No More Room in Hell 2,486,0.1936
187,1658810016,Resident Evil Requiem,483,0.1924
188,1657391528,NBA 2K25,480,0.1912
189,490838306,Fishing Planet,479,0.1908
190,1722781084,LEGO® Batman™: Legacy of the Dark Knight,479,0.1908
191,2128602192,Bluey: The Videogame,476,0.1896
192,792158305,Call of Duty®: Black Ops 4,471,0.1876
193,72159092,Crash Bandicoot™ N. Sane Trilogy,471,0.1876
194,1682363458,Avatar: Frontiers of Pandora,469,0.1868
195,1959830280,Virtua Fighter 5 R.E.V.O. World Stage,469,0.1868
196,1877397841,Kernel Hearts,468,0.1864
197,940594756,World War Z,468,0.1864
198,2068980019,CarX Drift Racing Online,467,0.186
199,651668093,RESIDENT EVIL 7 biohazard,463,0.1844
200,1733929983,STAR WARS Zero Company™,461,0.1836
201,415619002,Watch Dogs®2,459,0.1828
202,1830948067,EA SPORTS™ PGA TOUR™,456,0.1816
203,1707431222,Jurassic World Evolution 3,450,0.1792
204,2108722049,Resident Evil Village,450,0.1792
205,1112737760,Fallout: New Vegas,449,0.1788
206,642156375,Crash™ Team Racing Nitro-Fueled,448,0.1784
207,1976117247,Path of Titans (Game Preview),445,0.1772
208,1671080157,Minecraft Preview,435,0.1732
209,1792830437,Balatro,433,0.1724
210,308654313,Overcooked! 2,431,0.1717
211,2103516179,The Outlast Trials,431,0.1717
212,60633334,7 Days to Die,430,0.1713
213,45083076,Injustice™ 2,427,0.1701
214,1744726864,Enlisted,426,0.1697
215,1972007641,Kingdom Come: Deliverance II,424,0.1689
216,339148107,Insurgency: Sandstorm (Windows),423,0.1685
217,2053555152,Yu-Gi-Oh! Master Duel,421,0.1677
218,219630713,Halo 5: Guardians,415,0.1653
219,256364670,Battlefield™ V,409,0.1629
220,1766989558,MLB® The Show™ 25,401,0.1597
221,1854680102,Delta Force,393,0.1565
222,1145753246,Red Dead Redemption,392,0.1561
223,1952300170,Battlefield™ 2042,390,0.1553
224,1096157387,Modern Warfare® 3,381,0.1517
225,2131196662,Onimusha: Way of the Sword,380,0.1513
226,678953862,Borderlands 2,376,0.1497
227,1947812162,WWE 2K25,374,0.149
228,308190374,LEGO® Star Wars™: The Skywalker Saga,373,0.1486
229,754791096,Call of Duty®: Infinite Warfare,371,0.1478
230,1769729445,Dice A Million,370,0.1474
231,1684508835,"Warhammer 40,000: Darktide",369,0.147
232,2106583887,TEKKEN 8,368,0.1466
233,1994003829,EA SPORTS™ FIFA 23 Standard Edition,367,0.1462
234,1096157207,Modern Warfare® 2,366,0.1458
235,1680544459,Dying Light: The Beast,364,0.145
236,1667928394,Halo Wars 2,361,0.1438
237,2025121273,Wuthering Waves,359,0.143
238,530462567,The Witcher 3: Wild Hunt — Remastered,358,0.1426
239,2059212977,Beast of Reincarnation,356,0.1418
240,1658822323,Where Winds Meet,356,0.1418
241,345903534,Minecraft: Xbox One Edition,355,0.1414
242,794552001,The Binding of Isaac: Rebirth,355,0.1414
243,1738914043,Assassin's Creed Shadows,354,0.141
244,1646978734,Police Simulator: Patrol Officers,351,0.1398
245,1702731390,Supermarket Simulator,350,0.1394
246,1803410566,SpeedRunners 2: King of Speed,349,0.139
247,1096157212,Call of Duty®: WaW,348,0.1386
248,1028735742,NARUTO SHIPPUDEN™: Ultimate Ninja® STORM 4,343,0.1366
249,1938832846,STAR WARS Jedi: Survivor™,339,0.135
250,756981192,Borderlands 3,337,0.1342
251,1936845110,Cities: Skylines - Remastered,337,0.1342
252,556718860,Assassin's Creed IV Black Flag,335,0.1334
253,183968596,UNO™,329,0.131
254,1880744816,Farming Simulator 22,321,0.1278
255,470244957,LEGO Marvel Super Heroes,316,0.1259
256,1753744295,"Little Kitty, Big City",316,0.1259
257,1695979902,The Elder Scrolls IV: Oblivion Remastered,314,0.1251
258,502034863,Assassin's Creed Origins,312,0.1243
259,1891953464,CloverPit,311,0.1239
260,1769971395,Clair Obscur: Expedition 33,310,0.1235
261,504085184,The Crew® 2,310,0.1235
262,1931947471,Persona 5 Royal,301,0.1199
263,2014590773,Car Mechanic Simulator 2021,298,0.1187
264,869175187,A Way Out,294,0.1171
265,1484511986,Battlefield 4,293,0.1167
266,1814675537,Grand Theft Auto: San Andreas – The Definitive Edition,293,0.1167
267,1841062643,Hunt: Showdown 1896,293,0.1167
268,1829869520,Gears of War: Reloaded,291,0.1159
269,2111829961,Hell Let Loose,287,0.1143
270,834001943,Dying Light 2: Stay Human - Reloaded Edition,286,0.1139
271,56347639,Spyro™ Reignited Trilogy,284,0.1131
272,15959542,DRAGON BALL FIGHTERZ,282,0.1123
273,244552082,Left 4 Dead 2,277,0.1103
274,1615991113,New MONOPOLY®,277,0.1103
275,165599118,Prominence Poker,276,0.1099
276,1297287213,Gears of War 2,274,0.1091
277,1998461943,Assassin's Creed Unity,273,0.1087
278,1623704813,DEATH STRANDING DIRECTOR'S CUT,273,0.1087
279,1902585111,DOOM: The Dark Ages,273,0.1087
280,1890942970,NASCAR 26,273,0.1087
281,1985019983,Crash Bandicoot™ 4: It’s About Time,272,0.1083
282,1890326099,Mistfall Hunter,272,0.1083
283,608369389,FAR CRY PRIMAL,270,0.1075
284,1855217179,Golf With Your Friends,270,0.1075
285,770775860,RESIDENT EVIL 3 for Windows,270,0.1075
286,2132429347,Risk of Rain 2,270,0.1075
287,1984680366,Medieval Dynasty,269,0.1071
288,1631329360,Pixel Strike 3D,269,0.1071
289,2031971566,A Game About Digging A Hole™,268,0.1067
290,739464821,South Park™: The Fractured but Whole™,267,0.1063
291,1480657407,Plants vs. Zombies,265,0.1055
292,226054795,MONSTER HUNTER: WORLD™,263,0.1047
293,568218779,Resident Evil 5,261,0.1039
294,1695638358,Vampire Survivors,259,0.1032
295,514006173,Batman: Return to Arkham - Arkham City,257,0.1024
296,1749127985,Madden NFL 24,257,0.1024
297,1768256893,FINAL FANTASY VII REMAKE INTERGRADE,256,0.102
298,1792557898,Moonlighter 2: The Endless Vault,254,0.1012
299,2114908664,Quarantine Zone: The Last Check,254,0.1012
300,828985924,Resident Evil 6,254,0.1012
301,367254866,Sleeping Dogs™ Definitive Edition,254,0.1012
302,1367952835,Far Cry® 4,253,0.1008
303,1777860928,Microsoft Flight Simulator (2020),253,0.1008
304,422207632,Castle Crashers Remastered,251,0.1
305,1619206606,Active Matter,250,0.0996
306,2098787950,Age of Empires IV: Anniversary Edition,250,0.0996
307,2077953041,Clone Drone in the Danger Zone,250,0.0996
308,1808064759,FIFA 22,248,0.0988
309,1833503116,MARVEL Cosmic Invasion,247,0.0984
310,1041486048,DARK SOULS™ III,246,0.098
311,125226722,DARK SOULS™: REMASTERED,246,0.098
312,666757656,Rayman Legends,244,0.0972
313,2093153073,Party Animals,242,0.0964
314,1731202267,Need for Speed™ Unbound,241,0.096
315,951560105,Control,236,0.094
316,2113731956,Disney Speedstorm,235,0.0936
317,1687388278,KINGDOM HEARTS - HD 1.5+2.5 ReMIX -,235,0.0936
318,1972063516,Sifu,235,0.0936
319,1192666733,Mafia III,234,0.0932
320,1877908426,Tony Hawk's™ Pro Skater™ 3 + 4,234,0.0932
321,2064168993,Age of Empires II: Definitive Edition,233,0.0928
322,2041941014,Diablo® II: Resurrected™,233,0.0928
323,1747946954,Construction Simulator,232,0.0924
324,341687485,3on3 FreeStyle,231,0.092
325,20391045,Batman: Return to Arkham - Arkham Asylum,231,0.092
326,1873615541,Pool Blitz,231,0.092
327,1739902381,PBA Pro Bowling 2026,225,0.0896
328,872826607,Vigor,223,0.0888
329,790047319,Sekiro™: Shadows Die Twice - GOTY Edition,220,0.0876
330,320504455,Middle-earth™: Shadow of War™,218,0.0868
331,572802557,Call of Duty®: Ghosts,216,0.086
332,1693391830,SpongeBob SquarePants™: The Patrick Star Game,216,0.086
333,837917131,Deep Rock Galactic,215,0.0856
334,1965191913,F1® 24,215,0.0856
335,1821999049,High On Life 2,215,0.0856
336,1948986948,007 First Light,214,0.0852
337,2117764661,Diablo III: Reaper of Souls – Ultimate Evil Edition,214,0.0852
338,1687588412,Street Fighter™ 6,214,0.0852
339,585771792,WATCH_DOGS™,213,0.0848
340,749311689,Plants vs. Zombies: Battle for Neighborville™,211,0.084
341,2005028938,S.T.A.L.K.E.R. 2: Heart of Chornobyl - Windows Edition,210,0.0836
342,1892502964,Hades II,209,0.0832
343,1832051520,Crime Scene Cleaner,207,0.0824
344,1885511808,Date Everything!,207,0.0824
345,1879115757,Trackmania®,206,0.082
346,1894513996,CarX Street,205,0.0816
347,1813567768,Roadside Research (Game Preview),205,0.0816
348,1740172423,Totally Reliable Delivery Service,204,0.0812
349,300763685,ACE COMBAT™ 7: SKIES UNKNOWN,202,0.0804
350,1112737749,Fallout 3,202,0.0804
351,1703229686,Split Fiction,202,0.0804
352,2019012309,Star Wars Outlaws,201,0.0801
353,831224608,Need for Speed™ Payback,200,0.0797
354,847310458,South Park™: The Stick of Truth ™,200,0.0797
355,1289871275,Forza Horizon 3,199,0.0793
356,1690524168,Wo Long: Fallen Dynasty,199,0.0793
357,1651188120,Path of Exile 2 (Game Preview),198,0.0789
358,1645215415,Mortal Shell II,197,0.0785
359,1479895282,PAYDAY 2: CRIMEWAVE EDITION,197,0.0785
360,1687693597,Assetto Corsa Competizione,196,0.0781
361,2008403666,Dead Space,196,0.0781
362,2078275456,Content Warning,195,0.0777
363,514291876,Assassin's Creed® The Ezio Collection,193,0.0769
364,1902411725,Hell is Us,193,0.0769
365,680942588,STAR WARS Jedi: Fallen Order™,193,0.0769
366,331135949,DOOM Eternal (BATTLEMODE),192,0.0765
367,2008623143,NINJA GAIDEN 4,192,0.0765
368,1465674891,Assetto Corsa,191,0.0761
369,1631010499,GOALS,191,0.0761
370,2083870981,Who's Your Daddy?!,191,0.0761
371,2054685746,Mass Effect™ Legendary Edition,190,0.0757
372,2010328709,Assassin's Creed® Mirage,189,0.0753
373,247546985,Destiny,189,0.0753
374,244291844,Far Cry 3 Classic Edition,187,0.0745
375,830718665,DRAGON BALL Z: KAKAROT,184,0.0733
376,1971845611,Mount & Blade II: Bannerlord,184,0.0733
377,2038093666,MAVRIX by Matt Jones,183,0.0729
378,1414793208,MCLA: Complete,182,0.0725
379,1747676401,Planet Coaster 2,182,0.0725
380,1874191487,High On Life,181,0.0721
381,2083429980,Nickelodeon All-Star Brawl 2,181,0.0721
382,2067022016,Call of the Wild: The Angler™,180,0.0717
383,759485819,The Escapists 2,180,0.0717
384,1921177861,Marathon,179,0.0713
385,2129637901,Shelldiver,178,0.0709
386,1997252569,Need for Speed™ Hot Pursuit Remastered,177,0.0705
387,1818602982,RoadCraft,177,0.0705
388,1175562227,Just Cause 3,176,0.0701
389,980944365,Need for Speed™,176,0.0701
390,1611051325,Grand Theft Auto: Vice City – The Definitive Edition,175,0.0697
391,625948041,Slime Rancher,175,0.0697
392,895890707,ULTIMATE MARVEL VS. CAPCOM 3,175,0.0697
393,2138304024,Rec Room,174,0.0693
394,1901146690,Abyssus,172,0.0685
395,148020354,METAL GEAR SOLID V: THE PHANTOM PAIN,172,0.0685
396,84790147,Watch Dogs®: Legion,172,0.0685
397,1955966351,Black Myth: Wukong,170,0.0677
398,945976112,Rush: A DisneyPixar Adventure,170,0.0677
399,1649660694,The Texas Chain Saw Massacre,170,0.0677
400,1946103811,Aliens: Fireteam Elite 2,169,0.0673
401,875417719,Call of Duty®: Advanced Warfare,169,0.0673
402,1790216132,Hades,169,0.0673
403,68553410,Kingdom Come: Deliverance,169,0.0673
404,1792227428,Indiana Jones and the Great Circle,168,0.0669
405,1643147108,Blood Dungeon,167,0.0665
406,2133578420,FINAL FANTASY VII REBIRTH,167,0.0665
407,1857530883,NASCAR 25,167,0.0665
408,1922695178,PlateUp!,167,0.0665
409,860666361,Plants vs. Zombies Garden Warfare,166,0.0661
410,1621683201,Dragon's Dogma 2,165,0.0657
411,2056732620,Escape Simulator,165,0.0657
412,2068332202,Abiotic Factor,164,0.0653
413,1676173709,Wizard101,164,0.0653
414,1911989187,Football Manager 26 Console,163,0.0649
415,1013969466,NARUTO TO BORUTO: SHINOBI STRIKER,163,0.0649
416,1711563707,House Flipper,162,0.0645
417,1652862446,Super Mega Baseball™ 4,162,0.0645
418,813411968,LEGO® Marvel Super Heroes 2,160,0.0637
419,1030018025,Halo Wars: Definitive Edition (PC),159,0.0633
420,1675504069,Mafia: Definitive Edition,159,0.0633
421,2037558339,My Friend Peppa Pig,158,0.0629
422,939455454,resident evil 4 (2005),158,0.0629
423,1678781072,DayZ - Experimental,157,0.0625
424,1989106096,Sid Meier’s Civilization® VI (Windows PC),157,0.0625
425,1134837784,SMITE,157,0.0625
426,1560034050,Assassin's Creed Syndicate,155,0.0617
427,415563833,DiRT Rally 2.0,154,0.0613
428,801251286,Stick Fight: The Game,154,0.0613
429,1961670808,UFL,154,0.0613
430,1799887933,The Witcher 3: Wild Hunt,153,0.0609
431,1660320477,Undertale,153,0.0609
432,2019604779,Cricket 26 - The Official Game of the Ashes,152,0.0605
433,1855426799,FINAL FANTASY XIV Online,152,0.0605
434,265691378,STEEP,152,0.0605
435,2154930,Call of Duty®: Modern Warfare® Remastered,150,0.0597
436,1616563209,FragPunk,150,0.0597
437,74304278,Tom Clancy’s The Division,149,0.0593
438,568182861,ASTRONEER,148,0.0589
439,1855780914,DreamWorks Gabby’s Dollhouse: Ready to Party,148,0.0589
440,1646963350,NHL® 25 Xbox Series X|S,148,0.0589
441,1933718863,SUPERHOT: MIND CONTROL DELETE,147,0.0585
442,1045960524,Metro Exodus,146,0.0581
443,1995576035,Remnant II® - Standard Edition,144,0.0574
444,1830806796,METAL GEAR SOLID - Master Collection Vol. 2,143,0.057
445,1994868821,Predecessor,143,0.057
446,655591242,Far Cry® New Dawn,142,0.0566
447,2041142160,Maximum Football,141,0.0562
448,712238930,Saints Row 2,141,0.0562
449,2111887267,Sonic Racing: CrossWorlds,141,0.0562
450,1037514907,Burnout™ Paradise Remastered,140,0.0558
451,1999574456,Forza Motorsport 7,140,0.0558
452,640703885,LEGO® Marvel's Avengers,140,0.0558
453,1641858093,Albion Online,139,0.0554
454,859011533,Assassin's Creed® III Remastered,139,0.0554
455,1988609509,PGA TOUR 2K23,139,0.0554
456,384396065,Unravel Two,138,0.055
457,1793309125,WWE 2K24,137,0.0546
458,2092327513,Gladio Mori,136,0.0542
459,921016611,Crossout,135,0.0538
460,2085228810,EA SPORTS™ WRC,135,0.0538
461,416597888,Hungry Shark® World,135,0.0538
462,1000604311,Resident Evil Revelations 2 (Episode One),135,0.0538
463,690285705,The Long Dark,135,0.0538
464,1297287892,Conker: Live and Reloaded,134,0.0534
465,1766089184,GoldenEye 007,134,0.0534
466,2028925271,Trepang2,134,0.0534
467,1414793189,Civilization Revolution,132,0.0526
468,1712139951,The Royal Writ,132,0.0526
469,1414793242,Bully Scholarship Ed.,131,0.0522
470,2130778777,Train Sim World® 7: Free Starter Edition,131,0.0522
471,724369121,Saints Row,130,0.0518
472,2089483628,A Plague Tale: Requiem,129,0.0514
473,1949242128,SILENT HILL 2,129,0.0514
474,1327376519,DOOM,128,0.051
475,1907796436,DREDGE,128,0.051
476,1653442250,ROUNDS,128,0.051
477,1865076226,MLB® The Show™ 24 Xbox One,127,0.0506
478,945909358,Subnautica,127,0.0506
479,1935490407,Little Nightmares Enhanced Edition,126,0.0502
480,627891457,Little Nightmares II Enhanced Edition,126,0.0502
481,1795379754,The Walking Dead: The Complete First Season,126,0.0502
482,1297287125,Gears of War,125,0.0498
483,1806088999,Monsters are Coming!,125,0.0498
484,2128546794,NARUTO X BORUTO Ultimate Ninja STORM CONNECTIONS,125,0.0498
485,1540549950,DARK SOULS™ II: Scholar of the First Sin,124,0.0494
486,58472989,Killer Instinct,124,0.0494
487,1863849961,Palia,124,0.0494
488,1966276493,Satisfactory,124,0.0494
489,1653280174,CONTROL Resonant,123,0.049
490,1681220621,STAR WARS™ Battlefront™,123,0.049
491,1984504844,Bleach: Brave Souls Anime Game,122,0.0486
492,366337421,Borderlands: Game of the Year Edition,122,0.0486
493,69094388,EA SPORTS™ FIFA 17,122,0.0486
494,40509624,KINGDOM HEARTS Ⅲ,122,0.0486
495,1840066568,Pigeon Simulator,122,0.0486
496,2067705319,NBA 2K24,121,0.0482
497,1616307670,PAYDAY 3,121,0.0482
498,1708767297,Ryse: Son of Rome,121,0.0482
499,144439061,The Evil Within,121,0.0482
500,2038330799,Aimlabs,119,0.0474
501,988203152,Stellaris,119,0.0474
502,1848927238,BALL x PIT,117,0.0466
503,1677025209,Wolfenstein: The New Order,117,0.0466
504,1809107273,NHL® 24,116,0.0462
505,1278031123,Resident Evil,116,0.0462
506,1877522801,Age of Mythology: Retold,115,0.0458
507,1953745880,Roboquest,115,0.0458
508,935319545,FIFA 19,114,0.0454
509,1792405589,Sledding Game,114,0.0454
510,2075317023,Absolum,113,0.045
511,821136798,DC Universe Online,113,0.045
512,1475571605,Gears of War: Ultimate Edition,113,0.045
513,1480660055,MONOPOLY PLUS,113,0.045
514,42235288,Neverwinter,113,0.045
515,453395486,Ultimate Chicken Horse,113,0.045
516,954605110,Assassin’s Creed® Rogue Remastered,112,0.0446
517,1938336894,Sledders,112,0.0446
518,2030752353,The Binding of Isaac: Repentance,112,0.0446
519,748474487,Cities: Skylines - Windows 10 Edition,111,0.0442
520,433376346,FIFA 18,111,0.0442
521,1679564487,Outbound,111,0.0442
522,2142027917,Fallout Shelter,110,0.0438
523,956568979,Need for Speed Rivals,110,0.0438
524,1785898011,Sid Meier’s Civilization® VII,110,0.0438
525,1879711255,The Outer Worlds 2,109,0.0434
526,2120287235,Truck World: Australia - First Haul,109,0.0434
527,2110784425,Frog Sqwad,108,0.043
528,1964043658,Mafia II: Definitive Edition,108,0.043
529,862712929,Star Trek Online,108,0.043
530,1065708874,Skull and Bones,107,0.0426
531,309834943,Wheel Of Fortune®,107,0.0426
532,1649064189,World of Tanks: HEAT,107,0.0426
533,210179407,Back 4 Blood,106,0.0422
534,810101074,Dead Cells,106,0.0422
535,1947019474,ScootX,106,0.0422
536,1297287815,Fable Anniversary,105,0.0418
537,1714434521,Firefighting Simulator - The Squad,105,0.0418
538,1297287718,Gears of War: Judgment,105,0.0418
539,531437752,Rogue Company,105,0.0418
540,597771444,Gems of War,104,0.0414
541,791545701,Goat Simulator,104,0.0414
542,2019267377,Madden NFL 23,104,0.0414
543,1874517142,Retro Classics,104,0.0414
544,868192693,Gotham Knights,103,0.041
545,2123297300,JoJo's Bizarre Adventure: All-Star Battle R,103,0.041
546,442175237,Peggle,103,0.041
547,1768081511,Crusader Kings III,101,0.0402
548,2045404355,Dome Keeper,101,0.0402
549,434412541,Rise of the Tomb Raider,101,0.0402
550,1112934455,Star Wars Battlefront II,101,0.0402
551,1185249228,Trials Fusion,101,0.0402
552,2032762484,Descenders Next (Game Preview),100,0.0398
553,1714795112,DOOM + DOOM II,100,0.0398
554,1887897476,Waterpark Simulator,100,0.0398
555,1793764669,Zombie Army 4: Dead War,100,0.0398
556,924775200,Devil May Cry 5,99,0.0394
557,2131572088,Evil West,99,0.0394
558,2079193177,The Lord of the Rings: War in the North™ - Legacy Edition,99,0.0394
559,1161889999,Dante's Inferno™,98,0.039
560,1480657521,Doritos Crash Course,98,0.039
561,143716413,Dragon Age™: The Veilguard,98,0.039
562,196631666,EA SPORTS™ FIFA 20,98,0.039
563,164371165,LEGO Star Wars: TCS,98,0.039
564,1621567212,ROUTINE,98,0.039
565,1012216522,Just Cause 4,97,0.0386
566,975846135,LEGO® DC Super-Villains,97,0.0386
567,256913032,TEKKEN 7,97,0.0386
568,1736384528,Ben 10: Power Trip,96,0.0382
569,1480659550,Joy Ride Turbo,96,0.0382
570,1029888556,LEGO® Jurassic World™,96,0.0382
571,2029730324,Mad Max,96,0.0382
572,1799461557,NBA 2K23,96,0.0382
573,1825113946,PowerWash Simulator,96,0.0382
574,491595024,LEGO Batman,95,0.0378
575,1645572933,Starlit Kart Racing,95,0.0378
576,2041731932,Cult of the Lamb,94,0.0374
577,528369592,Devil May Cry HD Collection,94,0.0374
578,1916758859,Donut County,94,0.0374
579,423941531,LEGO® Harry Potter™ Collection,94,0.0374
580,1795554480,Barbie™ Horse Trails,93,0.037
581,402049843,Black Desert,93,0.037
582,1297287153,Fable II,93,0.037
583,682404126,Paladins,93,0.037
584,913783821,Shadow of the Tomb Raider,93,0.037
585,1161890070,Alice: Madness Returns,92,0.0366
586,2046562785,Avowed,92,0.0366
587,1670026911,BMX Streets,92,0.0366
588,1843804163,Cooking Simulator,92,0.0366
589,1792306481,Starsand Island,92,0.0366
590,2008811924,Wolfenstein II: The New Colossus,92,0.0366
591,1880835530,Atomfall,91,0.0362
592,1805657529,Dumb Ways to Build,91,0.0362
593,1673618851,Egging On,91,0.0362
594,2103789015,Monster Hunter Rise,90,0.0358
595,1903138273,Sonic Frontiers,90,0.0358
596,1911743947,wormer,90,0.0358
597,527255540,Dishonored 2,89,0.0354
598,1297287382,Fable III,89,0.0354
599,583749034,SOULCALIBUR VI,89,0.0354
600,19060482,Trials® Rising,89,0.0354
601,1912255927,Ultimate Sheep Raccoon,89,0.0354
602,1246613109,Borderlands: The Pre-Sequel,88,0.035
603,409741425,Worms W.M.D,88,0.035
604,605932637,Hello Neighbor,87,0.0346
605,1837410971,NARAKA: BLADEPOINT,87,0.0346
606,1674901200,Inscryption,86,0.0343
607,1712074146,WUCHANG: Fallen Feathers,86,0.0343
608,1663711933,FINAL FANTASY XVI,85,0.0339
609,2042908226,Rugby League 26,85,0.0339
610,1884079219,Slime Rancher 2,85,0.0339
611,367004125,BioShock Remastered,84,0.0335
612,5433956,Dead Island Definitive Edition,84,0.0335
613,346797032,MX vs ATV All Out,84,0.0335
614,196423588,Outlast,84,0.0335
615,1161890066,Portal 2,84,0.0335
616,1923160643,Dead Rising 3,83,0.0331
617,1414793400,Grand Theft Auto: San Andreas,83,0.0331
618,1725517447,House Flipper 2,83,0.0331
619,1700051314,Deceit 2,82,0.0327
620,1761289795,FIFA 21,82,0.0327
621,1694054782,Forza Motorsport 6,82,0.0327
622,1955542194,Grand Theft Auto III – The Definitive Edition,82,0.0327
623,850118036,Generation Zero®,81,0.0323
624,148078765,Madden NFL 20,81,0.0323
625,1414793323,Max Payne 3,81,0.0323
626,1251455286,Metro 2033 Redux,81,0.0323
627,2146443604,Samson - A Tyndalston Story,81,0.0323
628,59903186,Call of Duty®: Modern Warfare® 2 Campaign Remastered,80,0.0319
629,102287491,Marvel's Avengers Definitive Edition,80,0.0319
630,1814244511,Nine Sols,80,0.0319
631,1659804324,Ori and the Will of the Wisps,80,0.0319
632,767263759,Rock Band 4,80,0.0319
633,1684896411,Off The Grid (Game Preview),79,0.0315
634,1817185896,Easy Red 2,78,0.0311
635,1949704395,Green Hell,78,0.0311
636,819720203,JUMP FORCE,78,0.0311
637,2110891029,KILL IT WITH FIRE! 2,78,0.0311
638,1693050229,Madden NFL 22,78,0.0311
639,1590411380,Mass Effect™: Andromeda,78,0.0311
640,1803631176,MechWarrior 5: Mercenaries,78,0.0311
641,2069221794,Solarpunk,78,0.0311
642,645502086,The Four Kings Casino and Slots,78,0.0311
643,2109806164,World of Outlaws: Dirt Racing 24,78,0.0311
644,2142076307,Anno 1800™,77,0.0307
645,1884682689,Five Nights at Freddy's: Security Breach,77,0.0307
646,2021412862,Raft,77,0.0307
647,1911508378,RoboCop: Rogue City,77,0.0307
648,551688870,XCOM® 2,77,0.0307
649,1100121502,Dishonored® Definitive Edition,76,0.0303
650,1813184195,Easy Delivery Co.,76,0.0303
651,821886458,LEGO® Batman™ 2,76,0.0303
652,1263405066,METAL GEAR RISING: REVENGEANCE,76,0.0303
653,2090474684,Poppy Playtime: Chapter 1,76,0.0303
654,1480657456,BattleBlock Theater,75,0.0299
655,2029805012,MultiVersus,75,0.0299
656,231674300,The Walking Dead: Season Two,75,0.0299
657,976905576,Dragon Age™: Inquisition,74,0.0295
658,1940322572,Five Nights at Freddy's,74,0.0295
659,93105265,Friday the 13th: The Game,74,0.0295
660,25952469,Kingdom Two Crowns,74,0.0295
661,1670311038,Persona 3 Reload,74,0.0295
662,1731121397,The Quarry,74,0.0295
663,2051131113,TopSpin 2K25,74,0.0295
664,1112934373,Toy Story 3,74,0.0295
665,1947900602,Like a Dragon: Infinite Wealth,73,0.0291
666,1096157158,Modern Warfare®,73,0.0291
667,429066719,Saints Row IV: Re-Elected,73,0.0291
668,119262432,The Jackbox Party Pack 3,73,0.0291
669,33936946,Zoo Tycoon: Ultimate Animal Collection,73,0.0291
670,386788672,Cars 3: Driven to Win,72,0.0287
671,1707142453,WWE 2K23,72,0.0287
672,1689241275,Black Jacket,71,0.0283
673,2097321401,Blue Prince,71,0.0283
674,482947130,Clicker Heroes,71,0.0283
675,2145964960,Dispatch,71,0.0283
676,101393300,LEGO® Batman™ 3: Beyond Gotham,71,0.0283
677,848717329,Peggle 2,71,0.0283
678,1931679945,2XKO,70,0.0279
679,884612576,Sonic Mania,70,0.0279
680,2040766801,Test Drive Unlimited Solar Crown,70,0.0279
681,1721383054,The Outer Worlds: Spacer's Choice Edition,70,0.0279
682,1767703473,Tony Hawk's™ Pro Skater™ 1 + 2,70,0.0279
683,1822990481,BLEACH Rebirth of Souls,69,0.0275
684,1911932812,DIRT 5,69,0.0275
685,885488152,INSIDE,69,0.0275
686,1853524575,Mafia: The Old Country,69,0.0275
687,1480656948,Pinball FX,69,0.0275
688,1744345373,WWE 2K22,69,0.0275
689,1976275779,ARMORED CORE™ VI FIRES OF RUBICON™,68,0.0271
690,1480657236,Banjo-Kazooie,68,0.0271
691,1751185882,METAL GEAR SOLID Δ: SNAKE EATER,68,0.0271
692,1639060910,Minecraft Legends - Windows,68,0.0271
693,2024220276,Phantasy Star Online 2 New Genesis,68,0.0271
694,1007715169,Warhammer: Vermintide 2,68,0.0271
695,1616046491,Gears Tactics - Base Game,67,0.0267
696,2035456122,Grand Theft Auto VI,67,0.0267
697,2123584275,Graveyard Keeper 2,67,0.0267
698,1777116945,Moving Out 2,67,0.0267
699,1161889784,Army of Two,66,0.0263
700,2056583125,BlazBlue Entropy Effect X,66,0.0263
701,2068802336,Drift Legends 2,66,0.0263
702,2081060870,Maneater,66,0.0263
703,1735182051,SONIC X SHADOW GENERATIONS,66,0.0263
704,290870045,SpeedRunners,66,0.0263
705,826545257,Tomb Raider: Definitive Edition,66,0.0263
706,401515813,Enter The Gungeon,65,0.0259
707,446059611,Forza Horizon 2,65,0.0259
708,867642949,LEGO® Worlds,65,0.0259
709,2011061477,PRAGMATA,65,0.0259
710,1912862912,Sniper Elite: Resistance,65,0.0259
711,1480659458,Sonic Adventure™ 2 ,65,0.0259
712,170773198,The Evil Within® 2,65,0.0259
713,1669281297,War Robots: Frontiers,65,0.0259
714,1675325475,Drop Duchy - Complete Edition,64,0.0255
715,2047911802,For The King II,64,0.0255
716,1957137539,Rabbids®: Party of Legends,64,0.0255
717,34441781,Saints Row The Third Remastered,64,0.0255
718,1734440333,Avatar Legends: The Fighting Game,63,0.0251
719,1480659414,Bejeweled 3,63,0.0251
720,1880089265,Guilty Gear -Strive-,63,0.0251
721,530599647,Homefront®: The Revolution,63,0.0251
722,504518218,L.A. Noire,63,0.0251
723,1970109802,Madden NFL 21,63,0.0251
724,511110146,Metro: Last Light Redux,63,0.0251
725,2083118773,REPLACED,63,0.0251
726,883004381,skate. (2007),63,0.0251
727,1397033053,Sonic & All-Stars Racing Transformed,63,0.0251
728,1693830737,Alan Wake 2,62,0.0247
729,199746733,Conan Exiles,62,0.0247
730,1297287625,Forza Horizon,62,0.0247
731,2110974782,MARVEL vs. CAPCOM Fighting Collection: Arcade Classics,62,0.0247
732,1397032978,SONIC UNLEASHED,62,0.0247
733,1161890128,Battlefield 3™,61,0.0243
734,2079828144,Holdfast: Nations At War,61,0.0243
735,1777477395,MLB® The Show™ 21 Xbox Series X | S,61,0.0243
736,1696456823,NBA 2K22,61,0.0243
737,964019698,Immortals Fenyx Rising™,60,0.0239
738,218079485,Injustice: Gods Among Us,60,0.0239
739,1741206400,Little Nightmares III,60,0.0239
740,1889714780,Lords of the Fallen,60,0.0239
741,2115352193,Pacific Drive,60,0.0239
742,1617248429,REANIMAL,60,0.0239
743,1946484624,Session: Skate Sim,60,0.0239
744,1694250070,Super Animal Royale,60,0.0239
745,1801842805,Throne and Liberty,60,0.0239
746,2145202828,Tricking 0,60,0.0239
747,217258585,Killing Floor 2,59,0.0235
748,1713510228,RIDE 5,59,0.0235
749,1771004118,Sniper Elite 5,59,0.0235
750,1997535850,SpiderHeck,59,0.0235
751,591371027,Trove,59,0.0235
752,1715352825,Five Nights at Freddy's 2,58,0.0231
753,398011207,LIMBO,58,0.0231
754,1728797774,ONE PIECE: PIRATE WARRIORS 4,58,0.0231
755,1743309413,Super Meat Boy 3D,58,0.0231
756,1756421327,Teenage Mutant Ninja Turtles: Shredder's Revenge,58,0.0231
757,2021058326,Way of the Hunter,58,0.0231
758,2135464087,Bellwright,57,0.0227
759,964785867,Dead Space™ 2,57,0.0227
760,1867148258,eFootball PES 2021 SEASON UPDATE,57,0.0227
761,5117102,HITMAN™ 2,57,0.0227
762,105831487,NARUTO SHIPPUDEN™: Ultimate Ninja® STORM 3 Full Burst,57,0.0227
763,1830825388,SILENT HILL f,57,0.0227
764,422246343,Tom Clancy’s Rainbow Six® Extraction,57,0.0227
765,1033937373,Don't Starve Together: Console Edition,56,0.0223
766,722006140,EA SPORTS™ UFC® 3,56,0.0223
767,136002788,Farming Simulator 19,56,0.0223
768,1297287254,Fuzion Frenzy®,56,0.0223
769,1777668222,GRID Legends,56,0.0223
770,1748418988,Mewgenics,56,0.0223
771,2119541613,Paint the Town Red,56,0.0223
772,1843641391,Quake,56,0.0223
773,333628240,Quantum Break,56,0.0223
774,282062756,The Walking Dead: A New Frontier - Episode 1,56,0.0223
775,1161889782, Medal of Honor Airborne,55,0.0219
776,791051466,Disneyland Adventures,55,0.0219
777,12206284,eFootball PES 2020,55,0.0219
778,2109344129,FINAL FANTASY XV WINDOWS EDITION,55,0.0219
779,1297287259,Halo: Reach,55,0.0219
780,2120617189,Invincible VS,55,0.0219
781,1824138520,Mirror's Edge™ Catalyst,55,0.0219
782,2053707080,NINJA GAIDEN 2 Black,55,0.0219
783,1985144601,Stranded Deep,55,0.0219
784,2141212892,33 Immortals,54,0.0215
785,2052426459,EA SPORTS™ FIFA 16,54,0.0215
786,1867652631,Firefighting Simulator: Ignite,54,0.0215
787,1022544763,HITMAN™,54,0.0215
788,504827243,Life Is Strange,54,0.0215
789,1891931390,MXGP 2021 - The Official Motocross Videogame,54,0.0215
790,903593533,Path of Exile,54,0.0215
791,1302301894,Powerstar Golf,54,0.0215
792,2030027058,Wartales,54,0.0215
793,2042287543,Aliens: Dark Descent,53,0.0211
794,301917535,Battlefield™ Hardline,53,0.0211
795,1943631392,Digimon Story Time Stranger,53,0.0211
796,2056728314,inKONBINI: One Store. Many Stories,53,0.0211
797,1112737745,Oblivion,53,0.0211
798,1812294496,Mecha BREAK,52,0.0207
799,1648684496,Sonic Origins,52,0.0207
800,548623535,SpongeBob SquarePants: Battle for Bikini Bottom - Rehydrated,52,0.0207
801,1848367053,Star Trucker,52,0.0207
802,1480659422,The Walking Dead,52,0.0207
803,1886320845,DAVE THE DIVER,51,0.0203
804,1691448998,Farm Together 2,51,0.0203
805,859843286,Hellblade: Senua's Sacrifice,51,0.0203
806,564131151,Kerbal Space Program Enhanced Edition,51,0.0203
807,1009393042,Middle-earth™: Shadow of Mordor™ - Game of the Year Edition,51,0.0203
808,907086072,Prey,51,0.0203
809,515050978,Rare Replay,51,0.0203
810,2093000869,Slay The Spire,51,0.0203
811,1827287476,World of Outlaws: Dirt Racing,51,0.0203
812,274976276,ARCADE GAME SERIES: PAC-MAN,50,0.0199
813,996030243,BioShock 2 Remastered,50,0.0199
814,760882151,CRSED: F.O.A.D.,50,0.0199
815,1619985048,Deadside,50,0.0199
816,1687712929,Echoes of Aincrad,50,0.0199
817,668438210,LEGO® CITY Undercover,50,0.0199
818,2113515818,MLB® The Show™ 23 Xbox Series X|S,50,0.0199
819,87350449,NieR:Automata™ BECOME AS GODS Edition,50,0.0199
820,559544937,Ori and the Blind Forest: Definitive Edition,50,0.0199
821,2037306921,Poppy Playtime: Chapter 3,50,0.0199
822,1128466461,Resident Evil Operation Raccoon City,50,0.0199
823,1750701033,Tiny Tina's Wonderlands for Xbox Series X|S,50,0.0199
824,1096157436,Call of Duty®: Ghosts,49,0.0195
825,1748951836,Disco Elysium - The Final Cut,49,0.0195
826,2103079736,Hamster Playground,49,0.0195
827,13980132,Left 4 Dead,49,0.0195
828,2071061510,Lies of P,49,0.0195
829,2006666244,NBA 2K21,49,0.0195
830,2114772019,Poppy Playtime: Chapter 5,49,0.0195
831,2065981028,Rooftops & Alleys: The Parkour Game,49,0.0195
832,1397033032,Sonic Generations,49,0.0195
833,108727346,Suicide Squad: Kill the Justice League,49,0.0195
834,1761802913,Total Chaos,49,0.0195
835,1728296368,Vampire Crawlers: The Turbo Wildcard from Vampire Survivors,49,0.0195
836,1797047526,Voidtrain,49,0.0195
837,995095203,Warface: Clutch,49,0.0195
838,1812456871,Battletoads,48,0.0191
839,2079414802,CATAN® - Console Edition,48,0.0191
840,840545531,Dead Space™ 3,48,0.0191
841,1713885313,DPS IDLE 2,48,0.0191
842,1790217657,Five Nights at Freddy's 4,48,0.0191
843,1619790969,Minishoot' Adventures,48,0.0191
844,1464993789,Mortal Kombat,48,0.0191
845,2136186351,MOTORSLICE,48,0.0191
846,1785174857,Spelunky 2,48,0.0191
847,1890789689,The Casting of Frank Stone™,48,0.0191
848,1480657355,Wolfenstein 3D,48,0.0191
849,278981929,[PROTOTYPE®],47,0.0187
850,699731308,BioShock Infinite: The Complete Edition,47,0.0187
851,1161889896,BLACK™,47,0.0187
852,1983212679,Bloons TD 6,47,0.0187
853,490701180,Devil May Cry 4 Special Edition,47,0.0187
854,1984358909,Expansion for Explorers Pack 1,47,0.0187
855,2111369051,Fortress Merge,47,0.0187
856,2067126551,Forza Motorsport 5,47,0.0187
857,2135594829,Jurassic World Evolution 2,47,0.0187
858,1951198596,NBA THE RUN,47,0.0187
859,1705990324,Space Engineers,47,0.0187
860,2094668331,Tamashika,47,0.0187
861,31939361,The Walking Dead: The Final Season,47,0.0187
862,1846016063,"Warhammer 40,000: Rogue Trader",47,0.0187
863,1159891781,Wolfenstein: The Old Blood,47,0.0187
864,1941033112,Anno 117: Pax Romana,46,0.0183
865,1777438490,Devil May Cry 5 Special Edition,46,0.0183
866,1659464109,Elite Dangerous Core,46,0.0183
867,1727396789,FINAL FANTASY,46,0.0183
868,1712655251,Garten of Banban 1,46,0.0183
869,2054602571,Luna Abyss,46,0.0183
870,1923279922,Marvel's Guardians of the Galaxy,46,0.0183
871,1926489287,Marvel's Midnight Suns,46,0.0183
872,1805509784,Minecraft Dungeons II,46,0.0183
873,1112737785,Morrowind,46,0.0183
874,1908796053,NASCAR Heat 5,46,0.0183
875,1768466312,Poppy Playtime: Chapter 2,46,0.0183
876,2104181770,The First Berserker: Khazan,46,0.0183
877,1777567504,Backrooms: Escape Together,45,0.0179
878,506903100,Madden NFL 18,45,0.0179
879,1613480279,NBA 2K20,45,0.0179
880,1900564739,New Super Lucky's Tale,45,0.0179
881,852732437,State of Decay: Year-One,45,0.0179
882,155936527,Street Fighter 30th Anniversary Collection,45,0.0179
883,1579532320,Sunset Overdrive,45,0.0179
884,2116788151,The Mound: Omen of Cthulhu,45,0.0179
885,1886146911,Yet Another Zombie Survivors,45,0.0179
886,1664487314,Football Manager 26,44,0.0175
887,1950263247,Mixtape,44,0.0175
888,1864882669,Persona 4 Golden,44,0.0175
889,100764563,Sniper Elite 4,44,0.0175
890,1957310205,Streets of Rage 4,44,0.0175
891,974586226,We Happy Few,44,0.0175
892,2120976389,Banishers: Ghosts of New Eden,43,0.0171
893,1794989506,Crashout Crew,43,0.0171
894,2076120890,Deep Rock Galactic: Survivor,43,0.0171
895,1957968654,Destroy All Humans! - Clone Carnage,43,0.0171
896,2092402415,Gallipoli,43,0.0171
897,1128466466,RESIDENT EVIL CODE: Veronica X,43,0.0171
898,1931911684,Shredders,43,0.0171
899,1263405125,Silent Hill:  HD Collection,43,0.0171
900,1843596190,SPLITGATE: Arena Reloaded,43,0.0171
901,993798593,SUPER STREETFIGHTER IV ARCADE EDITION,43,0.0171
902,1861545287,Tainted Grail: The Fall of Avalon,43,0.0171
903,1431504903,TC's RainbowSix Vegas2,43,0.0171
904,1480656879,Zuma,43,0.0171
905,1783517095,Beatdown City Survivors,42,0.0167
906,2032937393,Cup Heroes,42,0.0167
907,1860089403,Ghostwire: Tokyo,42,0.0167
908,369157937,MARVEL VS. CAPCOM: INFINITE,42,0.0167
909,2049727100,METAL GEAR SOLID - Master Collection Version,42,0.0167
910,374430704,NBA 2K17,42,0.0167
911,1871994086,Planet Zoo: Console Edition,42,0.0167
912,1935747145,Prototype®2,42,0.0167
913,1682965190,Stray,42,0.0167
914,1684061010,SWORN,42,0.0167
915,1668285033,The Exit 8,42,0.0167
916,1967707787,War Robots,42,0.0167
917,1690468494,DEATHLOOP,41,0.0163
918,1835926818,Hellblade II: Senua's Saga,41,0.0163
919,1679434571,John Carpenter's Toxic Commando,41,0.0163
920,2082961842,Jujutsu Kaisen Cursed Clash,41,0.0163
921,693381002,LEGO® The Incredibles,41,0.0163
922,575414105,Life is Strange 2 - Episode 1,41,0.0163
923,1480657445,Sonic Adventure,41,0.0163
924,449394673,Vampyr,41,0.0163
925,1880818134,AFL 26,40,0.0159
926,1681140332,Aphelion,40,0.0159
927,1025057816,Battle Ages,40,0.0159
928,1161889989,Brütal Legend,40,0.0159
929,1751733247,Doki Doki Literature Club Plus!,40,0.0159
930,427070178,FINAL FANTASY X/X-2 HD Remaster,40,0.0159
931,1635275279,ICARUS: Console Edition,40,0.0159
932,650249872,Metal Gear Solid V: Ground Zeroes,40,0.0159
933,2000897177,Mortal Kombat: Legacy Kollection,40,0.0159
934,717702870,OUTRIDERS,40,0.0159
935,2030524086,As Dusk Falls,39,0.0155
936,1480657258,Hydro Thunder,39,0.0155
937,1898092029,Inops,39,0.0155
938,185283316,MX vs ATV Reflex,39,0.0155
939,1650588295,OddBallers™,39,0.0155
940,1469186547,Resident Evil 0,39,0.0155
941,1819798709,Tetris® Effect: Connected,39,0.0155
942,2080479328,The Legend of Fireball,39,0.0155
943,2116409537,Yu-Gi-Oh! Legacy of the Duelist : Link Evolution,39,0.0155
944,1480657237,Banjo-Tooie,38,0.0151
945,2055582442,Danganronpa: Trigger Happy Havoc Anniversary Edition,38,0.0151
946,1161889984,Dragon Age: Origins,38,0.0151
947,1885859783,FATAL FURY: City of the Wolves,38,0.0151
948,1928512137,FBC: Firebreak,38,0.0151
949,1668037164,FixForce,38,0.0151
950,440611906,LEGO Pirates of the Caribbean: The Video Game,38,0.0151
951,1279330291,LEGO Star Wars III ,38,0.0151
952,1480657103,Metal Slug 3,38,0.0151
953,485601591,NARUTO SHIPPUDEN™: Ultimate Ninja® STORM 2,38,0.0151
954,472512000,Resident Evil Revelations,38,0.0151
955,2021825958,RIDE 6,38,0.0151
956,1313671257,TEKKEN TAG TOURNAMENT 2,38,0.0151
957,1431505078,Tom Clancy’s Splinter Cell® Blacklist™,38,0.0151
958,1890581353,Blasphemous,37,0.0147
959,1794039305,Coral Island,37,0.0147
960,1727852104,FINAL FANTASY VI,37,0.0147
961,1297287142,Halo 3,37,0.0147
962,1654542558,Hotline Miami,37,0.0147
963,1414596731,MX vs. ATV Alive,37,0.0147
964,1987587652,Overcooked! All You Can Eat,37,0.0147
965,2028530104,Prince of Persia The Lost Crown,37,0.0147
966,327364101,Trackmania® Turbo,37,0.0147
967,1679168855,A Quiet Place: The Road Ahead,36,0.0143
968,8769689,Ancestors: The Humankind Odyssey,36,0.0143
969,1802600743,Capcom Arcade Stadium,36,0.0143
970,245236582,Celeste,36,0.0143
971,1161889879,Dead Space,36,0.0143
972,1705097731,Halls of Torment,36,0.0143
973,909409687,Star Wars: The Force Unleashed,36,0.0143
974,1949641254,TerraTech Legion,36,0.0143
975,1921488037,The Settlers®: New Allies,36,0.0143
976,2024046503,60 Seconds! Reatomized,35,0.0139
977,969381141,A Plague Tale: Innocence,35,0.0139
978,1115757811,Alien: Isolation,35,0.0139
979,1628688048,Atomic Heart,35,0.0139
980,1112934398,Cars 2: The Video Game,35,0.0139
981,1970218801,Dead by Daylight Windows,35,0.0139
982,1270951403,Dead Rising 4,35,0.0139
983,1855894998,Denshattack!,35,0.0139
984,2092112354,Monster Jam™ Showdown,35,0.0139
985,1690934635,Planet of Lana II,35,0.0139
986,1874376911,Splitgate,35,0.0139
987,1649441503,The Game of Life 2,35,0.0139
988,1848191014,TUNIC,35,0.0139
989,1634720918,Ultimate Custom Night,35,0.0139
990,1096157137,Call of Duty® 2,34,0.0135
991,1768031432,Car Dealer Simulator,34,0.0135
992,2083389920,Crimson Moon,34,0.0135
993,552778408,EA SPORTS™ UFC® 2,34,0.0135
994,1689264723,FIFA 15,34,0.0135
995,1993022209,Hi-Fi RUSH,34,0.0135
996,1946419297,Jump Space (Game Preview),34,0.0135
997,856376259,NBA 2K19,34,0.0135
998,1820656575,NHL® 23,34,0.0135
999,1431505028,Rayman® Origins,34,0.0135
1000,1974027100,Splash of Color,34,0.0135
1001,871098991,STAR WARS™: Squadrons,34,0.0135
1002,1040009086,Super Lucky's Tale,34,0.0135
1003,495493033,Turok,34,0.0135
1004,1479999542,Unravel,34,0.0135
1005,1997201494,Aliens: Fireteam Elite,33,0.0131
1006,1431504852,Assassin's Creed,33,0.0131
1007,2140283055,Baldur's Gate and Baldur's Gate II: Enhanced Editions,33,0.0131
1008,1464993832,Batman: Arkham Origins,33,0.0131
1009,1414793191,Borderlands,33,0.0131
1010,1858883035,CODE VEIN II,33,0.0131
1011,1736409202,DEEEER Simulator: Your Average Everyday Deer Game,33,0.0131
1012,1673998520,F1® Manager 2024,33,0.0131
1013,1700344676,Ghostbusters: The Video Game Remastered,33,0.0131
1014,1764536463,LEGO® The Hobbit™,33,0.0131
1015,333701857,Mega Man X Legacy Collection,33,0.0131
1016,1919875042,MLB® The Show™ 22 Xbox Series X | S,33,0.0131
1017,2136035101,Monopoly Madness,33,0.0131
1018,1656145947,Moonlighter,33,0.0131
1019,1868826586,RimWorld Console Edition,33,0.0131
1020,2081484036,Superliminal,33,0.0131
1021,2040514027,Terminull Brigade™,33,0.0131
1022,2063484815,Train Sim World® 6: Free Starter Pack,33,0.0131
1023,1480657242,Trials HD,33,0.0131
1024,1297287149,Banjo Kazooie: N n B,32,0.0127
1025,337857707,Bendy and the Ink Machine,32,0.0127
1026,1910114469,Deadzone: Rogue,32,0.0127
1027,849613404,Dragon's Dogma: Dark Arisen,32,0.0127
1028,1774172067,HOT WHEELS UNLEASHED™ 2 - Turbocharged,32,0.0127
1029,273290529,Idle Champions of the Forgotten Realms,32,0.0127
1030,1962388658,Like a Dragon: Pirate Yakuza in Hawaii,32,0.0127
1031,572268056,Little Nightmares,32,0.0127
1032,1987153350,Meccha Paint (Free),32,0.0127
1033,2119739112,Monster Train 2,32,0.0127
1034,1873450782,MXGP 2020 - The Official Motocross Videogame,32,0.0127
1035,469309830,NARUTO™: Ultimate Ninja® STORM,32,0.0127
1036,1702869784,Project Motor Racing,32,0.0127
1037,1667881927,Redfall,32,0.0127
1038,1704490079,South of Midnight,32,0.0127
1039,1161890157,SSX,32,0.0127
1040,2000011414,Starlit Adventures,32,0.0127
1041,2017944493,Super Mega Baseball 3,32,0.0127
1042,1755825192,The LEGO Movie Videogame,32,0.0127
1043,1128466455,ASURA'S WRATH,31,0.0123
1044,1741940049,Bag Fight,31,0.0123
1045,824378203,Crackdown 3: Campaign,31,0.0123
1046,439107693,Dungeon Defenders II,31,0.0123
1047,607966981,FINAL FANTASY VII,31,0.0123
1048,2115682077,HOT WHEELS™ Infinite Rush,31,0.0123
1049,2014650813,Minecraft: Story Mode - Episode 1: The Order of the Stone,31,0.0123
1050,2028249570,MIO: Memories in Orbit,31,0.0123
1051,2036178233,Monster Energy Supercross 25 - The Official Video Game,31,0.0123
1052,2098462228,The Jackbox Party Pack 7,31,0.0123
1053,1793645165,THE KING OF FIGHTERS XV Standard Edition,31,0.0123
1054,654883159,The LEGO® NINJAGO® Movie Video Game,31,0.0123
1055,1762703770,The Lord of the Rings: Return to Moria™,31,0.0123
1056,1161889807,The Orange Box,31,0.0123
1057,1880727250,Unpacking,31,0.0123
1058,1161889756,Burnout Revenge,30,0.0119
1059,1723836102,Cookie Clicker,30,0.0119
1060,1480656881,Feeding Frenzy,30,0.0119
1061,717669198,Madden NFL 19,30,0.0119
1062,2118184557,Monster Jam Steel Titans 2,30,0.0119
1063,1867295360,Monster Sanctuary,30,0.0119
1064,1070680307,MudRunner,30,0.0119
1065,1010226785,One Piece: Burning Blood,30,0.0119
1066,1728022534,Plants vs. Zombies™: Replanted,30,0.0119
1067,2147115693,Project Wingman,30,0.0119
1068,1696173302,RIDE 4,30,0.0119
1069,1414596688,SpongeBob: Truth-Sq.,30,0.0119
1070,1788169756,Taxi Life: A City Driving Simulator,30,0.0119
1071,1798733099,Teenage Mutant Ninja Turtles: Splintered Fate,30,0.0119
1072,1615232474,The Walking Dead: The Telltale Definitive Series,30,0.0119
1073,1480659433,Zuma's Revenge!,30,0.0119
1074,1790537707,Core Keeper,29,0.0115
1075,1313671226,Dark Souls™,29,0.0115
1076,2097945335,F1® 23,29,0.0115
1077,1906937527,Far Cry 3 Blood Dragon Classic Edition,29,0.0115
1078,1692871917,Frozen Free Fall: Snowball Fight,29,0.0115
1079,984363462,Graveyard Keeper,29,0.0115
1080,1876744786,Killing Floor 3,29,0.0115
1081,340920273,Overcooked,29,0.0115
1082,2098044337,Poppy Playtime: Chapter 4,29,0.0115
1083,217831213,RISK,29,0.0115
1084,1414596717,Saints Row®: The Third™ ,29,0.0115
1085,978050046,ShellShock Live,29,0.0115
1086,1928322650,Snooker Blitz,29,0.0115
1087,1480657485,Space Invaders: IG,29,0.0115
1088,1431504907,SplinterCellConviction,29,0.0115
1089,1480657498,Super Meat Boy,29,0.0115
1090,618537566,The Outer Worlds,29,0.0115
1091,1935095398,星之翼(Starward),29,0.0115
1092,1920996408,Age of Wonders 4,28,0.0112
1093,1397033002,Aliens vs Predator,28,0.0112
1094,869628338,Attack on Titan 2,28,0.0112
1095,1480659632,Call of Juarez® Gunslinger,28,0.0112
1096,1668430766,Cities: Skylines II,28,0.0112
1097,1297287132,Crackdown,28,0.0112
1098,907587004,Dead Island: Riptide Definitive Edition,28,0.0112
1099,1728448413,DmC Devil May Cry: Definitive Edition,28,0.0112
1100,2136041956,DOOM 64,28,0.0112
1101,1655760290,FEROCIOUS,28,0.0112
1102,1984491277,Grim Idle,28,0.0112
1103,1761060600,Happy Wars,28,0.0112
1104,2026288209,Kabuto Park,28,0.0112
1105,1931921361,Monster Energy Supercross - The Official Videogame 5,28,0.0112
1106,1693003201,MotoGP™25 - Xbox One,28,0.0112
1107,1685135803,NHL® 22,28,0.0112
1108,1128466401,STREET FIGHTER IV,28,0.0112
1109,1678459920,Towerborne,28,0.0112
1110,1763444345,Aerial_Knight's DropShot,27,0.0108
1111,1675226093,Blindfire,27,0.0108
1112,1096157153,Call of Duty® 3,27,0.0108
1113,1880193218,Century: Age of Ashes,27,0.0108
1114,1859409710,INDIKA,27,0.0108
1115,1792638437,Lost Records: Bloom & Rage,27,0.0108
1116,1414793190,Mafia II,27,0.0108
1117,810085329,Mirror's Edge™,27,0.0108
1118,1414596574,MX vs. ATV: Untamed,27,0.0108
1119,2035760753,PAW Patrol World,27,0.0108
1120,1698508835,PGA TOUR 2K25 First Look,27,0.0108
1121,2046531735,Predator: Hunting Grounds,27,0.0108
1122,605857900,Quiplash,27,0.0108
1123,1848088335,Subnautica: Below Zero,27,0.0108
1124,1313671164,TEKKEN 6,27,0.0108
1125,1763653276,Transport Fever 2: Console Edition,27,0.0108
1126,1288959033,Viva Piñata,27,0.0108
1127,1662853043,Blasphemous 2,26,0.0104
1128,2096821037,DOOM 3,26,0.0104
1129,1682154324,DPS Idle,26,0.0104
1130,1146095621,Earth Defense Force 2025,26,0.0104
1131,1688832803,Monster Energy Supercross - The Official Videogame 6,26,0.0104
1132,1676550189,MY HERO ONE'S JUSTICE 2,26,0.0104
1133,1745314691,Psychonauts 2,26,0.0104
1134,474501413,RIDE 3,26,0.0104
1135,129325438,SONIC FORCES,26,0.0104
1136,1112934452,STAR WARS KOTOR,26,0.0104
1137,1941663847,Starship Troopers: Extermination,26,0.0104
1138,580901123,Tropico 6,26,0.0104
1139,1307429766,Worms Battlegrounds,26,0.0104
1140,1865197952,Boomerang Fu,25,0.01
1141,217802058,Darkest Dungeon®,25,0.01
1142,212680242,DEAD OR ALIVE 6: Core Fighters,25,0.01
1143,1822577333,Dead Rising Deluxe Remaster,25,0.01
1144,1864660438,Dead Static Drive,25,0.01
1145,629798227,Deadpool,25,0.01
1146,1996309372,Deconstruction Simulator,25,0.01
1147,686783342,Divinity: Original Sin 2 - Definitive Edition,25,0.01
1148,1161890059,Dragon Age™ 2,25,0.01
1149,1814325409,Fantasy Dash,25,0.01
1150,1702196563,Frostpunk 2,25,0.01
1151,1970836204,Hotline Miami 2: Wrong Number,25,0.01
1152,1678225803,Idle Wizard,25,0.01
1153,1641465936,Kiln,25,0.01
1154,1279330257,LEGO Star Wars II,25,0.01
1155,1944276274,Little Rocket Lab,25,0.01
1156,893913058,MX Unleashed,25,0.01
1157,1969906662,MY HERO ACADEMIA: All’s Justice,25,0.01
1158,1480657346,Perfect Dark,25,0.01
1159,1848728299,Pinball FX Midnight,25,0.01
1160,1606375163,Pinball FX3,25,0.01
1161,1480657248,Portal: Still Alive,25,0.01
1162,1743049130,Quake II,25,0.01
1163,1833883015,Rust Console Edition X|S - Public Test Branch,25,0.01
1164,1646985614,Space Jam: A New Legacy - The Game,25,0.01
1165,1112934454,Star Wars Battlefront,25,0.01
1166,1706610063,The Alters,25,0.01
1167,1464993828,The Witcher 2: Assassins of Kings,25,0.01
1168,1792749432,Alan Wake Remastered,24,0.0096
1169,23570566,Batman - The Telltale Series - Episode 1: Realm of Shadows,24,0.0096
1170,1480657079,Castle Crashers,24,0.0096
1171,1297287356,Crackdown 2,24,0.0096
1172,1940736818,Darkest Dungeon II,24,0.0096
1173,856892583,Darksiders II Deathinitive Edition,24,0.0096
1174,1997023214,FINAL FANTASY IX,24,0.0096
1175,1663990634,GigaBash,24,0.0096
1176,1955982965,Gunfire Reborn,24,0.0096
1177,1480656849,Hexic HD,24,0.0096
1178,1846145161,Metaphor: ReFantazio,24,0.0096
1179,1464993839,Midway Arcade Origins,24,0.0096
1180,285742376,NBA 2K16,24,0.0096
1181,275132544,SEGA® Genesis Classics™,24,0.0096
1182,1668054382,Tiny Bookshop,24,0.0096
1183,1680433621,Young Suns,24,0.0096
1184,1808134657,ANNO : Mutationem,23,0.0092
1185,1682965706,Another Crab's Treasure,23,0.0092
1186,588577476,ARCADE GAME SERIES: GALAGA,23,0.0092
1187,1267471686,DEAD OR ALIVE 5 Last Round: Core Fighters,23,0.0092
1188,1642635984,DEAD OR ALIVE 6 Last Round Core Fighters,23,0.0092
1189,320506923,Dead Rising 2,23,0.0092
1190,1797553917,DYNASTY WARRIORS: ORIGINS,23,0.0092
1191,1431504912,Far Cry® 2,23,0.0092
1192,1480657036,Feeding Frenzy 2,23,0.0092
1193,1810111157,Gears of War: E-Day,23,0.0092
1194,1397819396,Hitman: Absolution,23,0.0092
1195,1777243206,Lost Judgment,23,0.0092
1196,1997603662,Minion Masters,23,0.0092
1197,731662901,Monster Energy Supercross - The Official Videogame,23,0.0092
1198,587488276,Outlast 2,23,0.0092
1199,2030792699,PGA TOUR 2K21,23,0.0092
1200,914276891,RAGE 2,23,0.0092
1201,1789091683,Rain World,23,0.0092
1202,2048545274,Rubber Bandits,23,0.0092
1203,1112934459,Star Wars Republic Commando,23,0.0092
1204,39069682,The Jackbox Party Pack 2,23,0.0092
1205,2047601430,Truck and Logistics Simulator,23,0.0092
1206,1840411466,Untitled Goose Game,23,0.0092
1207,271965907,Wasteland 3,23,0.0092
1208,2004428777,WILD HEARTS™ Standard Edition,23,0.0092
1209,1431504955,Assassin's Creed II,22,0.0088
1210,1431505090,Assassin’s Creed® IV,22,0.0088
1211,1823385601,Bassmaster® Fishing,22,0.0088
1212,972461615,Battle Islands,22,0.0088
1213,1841011808,Blizzard® Arcade Collection,22,0.0088
1214,1801055182,Bounty Star,22,0.0088
1215,1431504874,Brothers in Arms: HH,22,0.0088
1216,1297287249,Crimson Skies®: High Road to Revenge™,22,0.0088
1217,1801537563,F1® 2021,22,0.0088
1218,1628280816,Faaast Penguin,22,0.0088
1219,885797626,Fishing Sim World®: Pro Tour,22,0.0088
1220,1802207786,HOT WHEELS UNLEASHED™ - Windows Edition,22,0.0088
1221,1480657497,Lara Croft: GoL,22,0.0088
1222,2028723617,LEGO® Party!,22,0.0088
1223,2017826215,METAL GEAR SOLID 2: Sons of Liberty - Master Collection Version,22,0.0088
1224,1653696130,Microsoft Mahjong,22,0.0088
1225,521893123,ONE PIECE World Seeker,22,0.0088
1226,1864659895,Sniper Ghost Warrior Contracts 2,22,0.0088
1227,1853160773,STAR WARS™: Battlefront Classic Collection,22,0.0088
1228,1688839217,The Elder Scrolls V: Skyrim Special Edition (PC),22,0.0088
1229,1128640842,The Escapists,22,0.0088
1230,496534680,Wolfenstein: Youngblood,22,0.0088
1231,659391373,WWE 2K16,22,0.0088
1232,1717071867,ZOMBI,22,0.0088
1233,1915969143,AFL 23,21,0.0084
1234,2027362653,Ascend to ZERO,21,0.0084
1235,2070921614,Bayonetta,21,0.0084
1236,1633682783,BODYCAM 2026,21,0.0084
1237,1914086330,Broforce,21,0.0084
1238,1792094560,Bus Simulator 27,21,0.0084
1239,1480656967,Castlevania: SOTN,21,0.0084
1240,1625569842,Choo-Choo Charles,21,0.0084
1241,406842057,Dead Rising,21,0.0084
1242,1431505036,Far Cry 3,21,0.0084
1243,1813362885,FIFA 14,21,0.0084
1244,2021453818,FINAL FANTASY VIII Remastered,21,0.0084
1245,387693234,Hawken,21,0.0084
1246,1719232621,Hello Guest: Hello Neighbor 2 pre-alpha,21,0.0084
1247,2094642688,Just Shapes & Beats,21,0.0084
1248,42119495,Killer Instinct Classic,21,0.0084
1249,1279330271,LEGO Indiana Jones,21,0.0084
1250,1998994208,Monster Energy Supercross - The Official Videogame 3,21,0.0084
1251,803175056,MXGP PRO,21,0.0084
1252,1882004205,Neon Abyss,21,0.0084
1253,961593710,NHL® 20,21,0.0084
1254,2065674944,Resident Evil Re:Verse,21,0.0084
1255,1740314317,ScooterFlow,21,0.0084
1256,2006710939,Skater XL,21,0.0084
1257,1633152429,SONIC SUPERSTARS,21,0.0084
1258,1938588110,STARSEEKER: Astroneer Expeditions (Game Preview),21,0.0084
1259,90400189,SUPER BOMBERMAN R,21,0.0084
1260,19615130,Super Mega Baseball: Extra Innings,21,0.0084
1261,1628698678,Thief Simulator,21,0.0084
1262,1737329553,Total War: Warhammer III (Old Version),21,0.0084
1263,1945435013,TRIVIAL PURSUIT Live! 2,21,0.0084
1264,1211542442,Valiant Hearts: The Great War,21,0.0084
1265,531971604,WWE 2K19,21,0.0084
1266,1850945804,Age of Empires III: Definitive Edition,20,0.008
1267,810050544,Beach Buggy Racing,20,0.008
1268,1805523441,Call of the Elder Gods,20,0.008
1269,137510457,Dishonored®: Death of the Outsider™,20,0.008
1270,696196977,DRAGON BALL XENOVERSE,20,0.008
1271,363774594,Farming Simulator 17,20,0.008
1272,1696603875,Gas Station Simulator,20,0.008
1273,705006443,Jurassic World Evolution,20,0.008
1274,1249526091,Madden NFL 16,20,0.008
1275,1703086168,Microsoft Sudoku,20,0.008
1276,2087575977,MOUSE: P.I. For Hire,20,0.008
1277,162448742,Outer Wilds,20,0.008
1278,1823082250,Sally Face,20,0.008
1279,269700535,Sniper Elite 3,20,0.008
1280,1112934375,Split/Second,20,0.008
1281,1112934458,STAR WARS KOTOR II,20,0.008
1282,240091546,SUPERHOT,20,0.008
1283,1675444836,The Talos Principle 2,20,0.008
1284,1431504921,Tom Clancy's Splinter Cell® Chaos Theory™,20,0.008
1285,1935604508,Train Sim World® 5: Free Starter Pack,20,0.008
1286,1278892798,TRIVIAL PURSUIT LIVE!,20,0.008
1287,1148805248,Yu-Gi-Oh! Legacy of the Duelist,20,0.008
1288,71300661,ACA NEOGEO THE KING OF FIGHTERS 2002,19,0.0076
1289,2026693193,Bus Simulator 21 Next Stop,19,0.0076
1290,2035296401,Capcom Arcade 2nd Stadium,19,0.0076
1291,524859112,Darksiders III,19,0.0076
1292,374274123,EA SPORTS™ NHL® 19,19,0.0076
1293,1989956835,Evolve,19,0.0076
1294,1952256197,F1 2020,19,0.0076
1295,1757807931,FINAL FANTASY TACTICS - The Ivalice Chronicles,19,0.0076
1296,1992263470,Gothic 1 Remake,19,0.0076
1297,2071372034,Lawn Mowing Simulator,19,0.0076
1298,1857799122,Lawn Mowing Simulator 2,19,0.0076
1299,565406974,LEGO® STAR WARS™: The Force Awakens,19,0.0076
1300,2016417527,Life is Strange Remastered,19,0.0076
1301,1955779192,MechWarrior 5: Clans,19,0.0076
1302,1714660110,Microsoft Bubble,19,0.0076
1303,1343920370,NBA 2K15,19,0.0076
1304,2105140633,NieR Replicant ver.1.22474487139...,19,0.0076
1305,2013083896,NINJA GAIDEN: Ragebound,19,0.0076
1306,676432066,PAC-MAN™ CHAMPIONSHIP EDITION 2,19,0.0076
1307,1432033734,Pinball Arcade,19,0.0076
1308,1726129713,Planet Coaster: Console Edition,19,0.0076
1309,838726055,PRO EVOLUTION SOCCER 2018,19,0.0076
1310,1704562600,Rugby 25,19,0.0076
1311,1169551644,Saints Row: Gat out of Hell,19,0.0076
1312,1947938436,Shotgun Farmers,19,0.0076
1313,2009073182,Steelrising - Standard Edition,19,0.0076
1314,2086031333,The Thaumaturge,19,0.0076
1315,792914248,Tricky Towers,19,0.0076
1316,433738637,Adventure Time: Pirates of the Enchiridion,18,0.0072
1317,524641908,Assassin's Creed® Chronicles: China,18,0.0072
1318,2052376111,Beastro,18,0.0072
1319,2029431164,Bus Bound,18,0.0072
1320,1863597561,Coloring Book,18,0.0072
1321,725442241,Darksiders Warmastered Edition,18,0.0072
1322,1920237746,FINAL FANTASY II,18,0.0072
1323,927474846,Firewatch,18,0.0072
1324,1480656868,Hardwood Spades,18,0.0072
1325,1928193169,Heavenly Bodies,18,0.0072
1326,1639666819,INAZUMA ELEVEN: Victory Road,18,0.0072
1327,1611225628,JDM: Japanese Drift Master,18,0.0072
1328,1396901863,Just Cause 2,18,0.0072
1329,1900811986,Kingdoms of Amalur: Re-Reckoning,18,0.0072
1330,1843760263,LEGO® 2K Drive for Xbox Series X|S,18,0.0072
1331,2017169801,LOLLIPOP CHAINSAW RePOP,18,0.0072
1332,2014880780,Madden NFL 17,18,0.0072
1333,2015790908,Microsoft Jewel,18,0.0072
1334,2021005220,MotoGP™26,18,0.0072
1335,1909911128,NASCAR Heat 4,18,0.0072
1336,1941002186,ON THE ROAD - The Truck Simulator,18,0.0072
1337,1805770178,PAW Patrol Mighty Pups Save Adventure Bay,18,0.0072
1338,757817533,PRO EVOLUTION SOCCER 2019,18,0.0072
1339,2052095073,Ravenswatch,18,0.0072
1340,2021110805,Roblox - Not Supported,18,0.0072
1341,1781047490,Shin Megami Tensei V: Vengeance,18,0.0072
1342,1726756158,Spiritfarer®: Farewell Edition,18,0.0072
1343,1883232264,STAR WARS™ Episode I Racer,18,0.0072
1344,2002404032,Stranded: Alien Dawn,18,0.0072
1345,1936930219,Tell Me Why,18,0.0072
1346,1983809908,The Precinct,18,0.0072
1347,635298240,"The Walking Dead: Michonne - Ep. 1, In Too Deep",18,0.0072
1348,1754770560,Unicorn Overlord,18,0.0072
1349,1615431074,1000xRESIST,17,0.0068
1350,1161889806,C&C3,17,0.0068
1351,1967861303,Demeo x Dungeons & Dragons: Battlemarked,17,0.0068
1352,1804401706,F1® 22 Xbox Series X|S,17,0.0068
1353,1613695074,Five Nights at Freddy's 3,17,0.0068
1354,1669831089,Gold Mining Simulator,17,0.0068
1355,1911404173,Immortals of Aveum™,17,0.0068
1356,1091024470,Magic Duels,17,0.0068
1357,1742982949,MotoGP™24,17,0.0068
1358,1757462338,Ni no Kuni Wrath of the White Witch™ Remastered,17,0.0068
1359,1632843296,Pillars of Eternity II: Deadfire - Ultimate Edition,17,0.0068
1360,200732952,Project CARS 2,17,0.0068
1361,2019100575,Puzzle Galaxy Xbox Edition,17,0.0068
1362,816351210,Risk: Urban Assault,17,0.0068
1363,1947725080,Skul: The Hero Slayer,17,0.0068
1364,1065100845,Star Wars: The Force Unleashed II,17,0.0068
1365,2142487375,Teenage Mutant Ninja Turtles: The Cowabunga Collection,17,0.0068
1366,1397622748,THE KING OF FIGHTERS XIII,17,0.0068
1367,1297287134,Too Human,17,0.0068
1368,1777774126,Visions of Mana,17,0.0068
1369,2075589952,"Warhammer 40,000: Boltgun - Windows",17,0.0068
1370,981110874,WWE 2K18,17,0.0068
1371,1723425473,Arkheron Insider,16,0.0064
1372,1512517621,Child of Light,16,0.0064
1373,1693676973,Clue,16,0.0064
1374,206503430,Clustertruck,16,0.0064
1375,1650442817,Deus Ex: Mankind Divided™,16,0.0064
1376,1799236568,FINAL FANTASY V,16,0.0064
1377,1931936981,Goat Simulator: Remastered (Windows Edition),16,0.0064
1378,488156801,GreedFall,16,0.0064
1379,2093028006,Hole io,16,0.0064
1380,1843104013,Infection Free Zone,16,0.0064
1381,1840565677,Island Saver,16,0.0064
1382,1775780452,Just Dance Free Experience,16,0.0064
1383,2003863742,Microsoft Jigsaw,16,0.0064
1384,2143308729,Monster Hunter Stories,16,0.0064
1385,1699829016,Monster Hunter Stories 3: Twisted Reflection,16,0.0064
1386,1679589975,Mortal Shell: Enhanced Edition,16,0.0064
1387,1480659436,NBA JAM: On Fire Edition,16,0.0064
1388,1752331738,One Leaves,16,0.0064
1389,275673036,Pillars of Eternity: Complete Edition,16,0.0064
1390,1702524932,Power Rangers: Battle for the Grid,16,0.0064
1391,852431422,ReCore,16,0.0064
1392,2056655762,Remnant: From the Ashes,16,0.0064
1393,1740860919,Sniper Ghost Warrior Contracts,16,0.0064
1394,610345881,The Jackbox Party Pack,16,0.0064
1395,901516198,The Surge 2,16,0.0064
1396,1791400679,Yakuza: Like a Dragon,16,0.0064
1397,1313671121,ACE COMBAT 6,15,0.006
1398,759471095,ARCADE GAME SERIES: Ms. PAC-MAN,15,0.006
1399,1414793309,BioShock Infinite,15,0.006
1400,1952427486,Bloodstained: Ritual of the Night,15,0.006
1401,293785190,Bloons TD 5,15,0.006
1402,1178929117,Bound by Flame,15,0.006
1403,84648031,Bulletstorm: Full Clip Edition,15,0.006
1404,1161889798,Burnout Paradise,15,0.006
1405,2144913935,Castlevania Anniversary Collection,15,0.006
1406,1624755708,Contraband Police,15,0.006
1407,1480657529,Costume Quest ,15,0.006
1408,1161890019,Crysis 2,15,0.006
1409,1161890190,Crysis® 3,15,0.006
1410,1730984142,Danganronpa 2: Goodbye Despair Anniversary Edition,15,0.006
1411,2102421406,Day of the Tentacle Remastered,15,0.006
1412,274219762,Dead Rising 2 Off the Record,15,0.006
1413,1953182469,DRAGON QUEST® XI S: Echoes of an Elusive Age™ - Definitive Edition,15,0.006
1414,1662474270,Eternal Strands,15,0.006
1415,2015929879,Evil Dead: The Game,15,0.006
1416,1691849278,FINAL FANTASY IV,15,0.006
1417,159583079,Gear.Club Unlimited 2 - Ultimate Edition,15,0.006
1418,21230315,Genesis Alpha One,15,0.006
1419,682562723,Halo: Spartan Assault,15,0.006
1420,522988823,LA Cops,15,0.006
1421,1819998160,LEGO® Voyagers,15,0.006
1422,2025840804,METAL GEAR SOLID 3: Snake Eater - Master Collection Version,15,0.006
1423,385764340,MX vs. ATV Supercross Encore,15,0.006
1424,971220532,NBA 2K Playgrounds 2,15,0.006
1425,1715766926,New World: Aeternum,15,0.006
1426,1146095594,Onechanbara,15,0.006
1427,484684099,PAC-MAN 256,15,0.006
1428,2048381683,PAC-MAN WORLD Re-PAC,15,0.006
1429,1990620316,Persona 4 Revival,15,0.006
1430,1960926264,Phoenix Point,15,0.006
1431,487177805,Prison Architect: Xbox One Edition,15,0.006
1432,583196255,RAGE,15,0.006
1433,950358266,Ride 2,15,0.006
1434,1720808392,Seafarer: The Ship Sim,15,0.006
1435,1691013379,Secret Neighbor,15,0.006
1436,1692656490,SNIPER Ghost Warrior 3,15,0.006
1437,1480657342,Spelunky,15,0.006
1438,365797379,Supreme Commander 2,15,0.006
1439,2051503466,The Callisto Protocol,15,0.006
1440,1774337609,Vampire: The Masquerade® - Bloodlines™ 2,15,0.006
1441,2122392131,Winter Burrow,15,0.006
1442,2069910424,Yakuza 0 Director's Cut,15,0.006
1443,1783702427,AEW: Fight Forever,14,0.0056
1444,2136950563,Bugsnax,14,0.0056
1445,2004415551,CAPTAIN TSUBASA 2: WORLD FIGHTERS,14,0.0056
1446,2008066354,Car Mechanic Simulator,14,0.0056
1447,370169912,Contrast,14,0.0056
1448,400142602,Costume Quest 2,14,0.0056
1449,1631581287,Cronos: The New Dawn,14,0.0056
1450,2131786732,Directive 8020,14,0.0056
1451,1954227024,DRAGON BALL: THE BREAKERS,14,0.0056
1452,1894948980,Dreamcore,14,0.0056
1453,886999858,Duke Nukem 3D: 20th Anniversary World Tour,14,0.0056
1454,2062455421,Fernbus Simulator,14,0.0056
1455,1743565876,Five Nights at Freddy's: Secret of the Mimic,14,0.0056
1456,1431504947,Ghost Recon: Future Soldier™,14,0.0056
1457,1683674669,Ghostbusters: Spirits Unleashed Ecto Edition,14,0.0056
1458,1297287449,Halo 4,14,0.0056
1459,2102232082,Heretic + Hexen,14,0.0056
1460,1297287122,Kameo,14,0.0056
1461,2122788273,Keeper,14,0.0056
1462,1679509385,Kill It With Fire,14,0.0056
1463,1857859131,Lara Croft and the Temple of Osiris,14,0.0056
1464,1535750831,Mega Man® Legacy Collection,14,0.0056
1465,534004979,Microsoft Ultimate Word Games,14,0.0056
1466,1480657433,Might & Magic Clash of Heroes™,14,0.0056
1467,311896559,Mount & Blade: Warband,14,0.0056
1468,1833175061,MXGP 2019 - The Official Motocross Videogame,14,0.0056
1469,1966816764,My Friend Pedro,14,0.0056
1470,1831668171,Opus Castle,14,0.0056
1471,1893542225,PIPE by BMX Streets,14,0.0056
1472,1431505091,Rayman® Legends,14,0.0056
1473,1813085990,Road 96,14,0.0056
1474,1263339510,Saints Row IV,14,0.0056
1475,2032369368,Scott Pilgrim vs. The World™: The Game – Complete Edition,14,0.0056
1476,1955054478,Smalland: Survive the Wilds,14,0.0056
1477,1112934456,Star Wars Jedi Knight: Jedi Academy,14,0.0056
1478,82653045,Starlink: Battle for Atlas,14,0.0056
1479,597690024,SWORD ART ONLINE: FATAL BULLET,14,0.0056
1480,1047413393,TERA,14,0.0056
1481,890454034,The Dark Pictures Anthology: Man Of Medan,14,0.0056
1482,1748769487,The Jackbox Party Pack 6,14,0.0056
1483,20605635,The Surge,14,0.0056
1484,2058227981,Thomas & Friends™: Wonders of Sodor,14,0.0056
1485,383880849,Transference™,14,0.0056
1486,680908276,Viva Piñata: TIP,14,0.0056
1487,1723509320,Amazing Frog? (Game Preview),13,0.0052
1488,1431505070,Assassin's Creed® III ,13,0.0052
1489,267850304,ATV Drift & Tricks Definitive Edition,13,0.0052
1490,230716687,Biomutant,13,0.0052
1491,1161889888,C&C Red Alert 3,13,0.0052
1492,1885205020,Cash Cleaner Simulator,13,0.0052
1493,1729654407,Company of Heroes 3,13,0.0052
1494,1480657460,Crazy Taxi,13,0.0052
1495,2065869943,Danganronpa V3: Killing Harmony Anniversary Edition,13,0.0052
1496,1864028566,Dark Hours,13,0.0052
1497,1628098590,Destroy All Humans! 2 - Reprobed,13,0.0052
1498,1397819386,DEUS EX: HUMAN REVOLUTION,13,0.0052
1499,1112934422,Disney Epic Mickey 2: The Power of Two,13,0.0052
1500,751766205,EA Play Hub,13,0.0052
1501,1673398628,Echo Generation 2,13,0.0052
1502,1824003155,Family Feud®,13,0.0052
1503,1804966091,Forager,13,0.0052
1504,1877135456,Freddy Fazbear's Pizzeria Simulator,13,0.0052
1505,1755179727,Grim Fandango Remastered,13,0.0052
1506,1927102516,Herdling,13,0.0052
1507,1760815176,Hero's Hour,13,0.0052
1508,1044501532,Jeopardy!,13,0.0052
1509,150646593,Kane & Lynch 2,13,0.0052
1510,1974645006,Killer Frequency,13,0.0052
1511,1865989097,KINGDOM HEARTS HD 2.8 Final Chapter Prologue,13,0.0052
1512,1891684356,Lost in Random™,13,0.0052
1513,28152906,Lovers in a Dangerous Spacetime,13,0.0052
1514,1979916310,METAL GEAR & METAL GEAR 2: Solid Snake,13,0.0052
1515,1263405120,METAL GEAR SOLID HD: 2 & 3,13,0.0052
1516,1839786246,Murdered: Soul Suspect,13,0.0052
1517,664898642,NASCAR Heat 3,13,0.0052
1518,2008358711,Painkiller,13,0.0052
1519,1986472488,PAW Patrol™ Rescue Wheels™: Championship,13,0.0052
1520,1698989872,PICO PARK 2,13,0.0052
1521,671807457,Portal Knights,13,0.0052
1522,1005790042,Resident Evil 7 Teaser: Beginning Hour,13,0.0052
1523,192928167,Rocksmith 2014,13,0.0052
1524,1898652037,SOUTH PARK: SNOW DAY!,13,0.0052
1525,1005415207,The Golf Club 2019 featuring PGA TOUR,13,0.0052
1526,62572131,The Wolf Among Us,13,0.0052
1527,2108611710,TIEBREAK – GRAND SLAM EDITION,13,0.0052
1528,1860058296,TT Isle Of Man: Ride on the Edge 3,13,0.0052
1529,2008301104,Wildgate,13,0.0052
1530,1900124001,WRC 10 FIA World Rally Championship Xbox One,13,0.0052
1531,433520651,Attack on Titan,12,0.0048
1532,1807479023,Backyard Baseball,12,0.0048
1533,1480656850,Bejeweled 2,12,0.0048
1534,1663573292,Bendy and the Dark Revival,12,0.0048
1535,1297287893,Blinx: The Time Sweeper,12,0.0048
1536,1161889850,C&C3: Kane's Wrath,12,0.0048
1537,1096157460,COD: Advanced Warfare,12,0.0048
1538,2128853757,Cricket 24,12,0.0048
1539,1618801140,CRISIS CORE –FINAL FANTASY VII– REUNION,12,0.0048
1540,106901580,Destroy All Humans!,12,0.0048
1541,1712105499,DRIFTCE,12,0.0048
1542,2028637067,Drug Dealer Simulator,12,0.0048
1543,548464799,EA SPORTS™ UFC®,12,0.0048
1544,2020925056,Grim Dawn: Definitive Edition,12,0.0048
1545,1654652604,Heavy Cargo - The Truck Simulator,12,0.0048
1546,1480656891,Jetpac Refuelled,12,0.0048
1547,2043794712,Kingdoms and Castles,12,0.0048
1548,1005561191,LEGO® Indiana Jones™ 2,12,0.0048
1549,523468027,Mega Man 11,12,0.0048
1550,196597117,Mega Man X Legacy Collection 2,12,0.0048
1551,880031210,NBA LIVE 19,12,0.0048
1552,303799945,Nickelodeon Kart Racers,12,0.0048
1553,992005658,Ninja Gaiden Black,12,0.0048
1554,2029650168,Overthrown,12,0.0048
1555,1815686049,Paper io 2,12,0.0048
1556,116849471,Pro Evolution Soccer 2017,12,0.0048
1557,2045526445,S.T.A.L.K.E.R.: Clear Sky - Enhanced Edition,12,0.0048
1558,1734582052,S.T.A.L.K.E.R.: Shadow of Chornobyl - Enhanced Edition,12,0.0048
1559,1847402697,ScreamRide,12,0.0048
1560,2018103228,Ship of Fools,12,0.0048
1561,1161889919,Skate 2,12,0.0048
1562,2016279503,SOPA - Tale of the Stolen Potato,12,0.0048
1563,1414793283,Spec Ops: The Line,12,0.0048
1564,990373231,Tales of Arise,12,0.0048
1565,1431504880,TC's GRAW2,12,0.0048
1566,1431504854,TC's RainbowSix Vegas,12,0.0048
1567,2119970550,The Bus,12,0.0048
1568,2036345770,The Dark Pictures Anthology House of Ashes,12,0.0048
1569,2013672301,The Gunk,12,0.0048
1570,449890085,The Jackbox Party Pack 4,12,0.0048
1571,2110168941,The Rogue Prince of Persia™,12,0.0048
1572,1181281124,Thief,12,0.0048
1573,2050010864,Two Point Hospital™,12,0.0048
1574,1611397404,UBOAT,12,0.0048
1575,2048748295,Wo Long 2: Wings of Ember,12,0.0048
1576,1849227144,WWE 2K20,12,0.0048
1577,2094867598,XIII,12,0.0048
1578,1712068512,Amanda the Adventurer,11,0.0044
1579,1950164627,Antstream Arcade - Annual,11,0.0044
1580,1678543324,Aragami 2,11,0.0044
1581,2042945112,Atomicrops,11,0.0044
1582,1396901865,Battlestations Pacific,11,0.0044
1583,1844143156,Beach Buggy Racing 2: Island Adventure,11,0.0044
1584,1414793176,BioShock,11,0.0044
1585,1720764822,Brainrot Kart,11,0.0044
1586,189838548,Bus Simulator,11,0.0044
1587,171879377,Call of Cthulhu,11,0.0044
1588,1965711939,Capcom Fighting Collection 2,11,0.0044
1589,1871238901,Crime Boss: Rockay City,11,0.0044
1590,1619542068,Dawn of Man,11,0.0044
1591,1802647542,DRAGON QUEST VII Reimagined,11,0.0044
1592,1680223788,FATAL FRAME II: Crimson Butterfly REMAKE,11,0.0044
1593,2071782725,FINAL FANTASY III,11,0.0044
1594,1480656877,Geometry Wars Evolved,11,0.0044
1595,1828807544,Harry Potter: Quidditch Champions,11,0.0044
1596,2139519684,Hydroneer,11,0.0044
1597,2105228747,Killer Klowns From Outer Space: The Game,11,0.0044
1598,2119300209,Life is Strange: Double Exposure,11,0.0044
1599,1753941224,Life is Strange: Reunion,11,0.0044
1600,1719118099,Manor Lords (Game Preview),11,0.0044
1601,1414793292,Max Payne,11,0.0044
1602,1414793291,Max Payne® 2: The Fall of Max Payne,11,0.0044
1603,1649675719,Max: The Curse of Brotherhood,11,0.0044
1604,1889321756,Microsoft Minesweeper,11,0.0044
1605,650779126,NBA 2K18,11,0.0044
1606,1718697574,OCTOPATH TRAVELER,11,0.0044
1607,1902591469,Outward: Definitive Edition,11,0.0044
1608,2011093308,Pacify,11,0.0044
1609,939615894,Paw Patrol: On a Roll,11,0.0044
1610,1297287123,Perfect Dark Zero,11,0.0044
1611,838746653,Phoenix Wright: Ace Attorney Trilogy,11,0.0044
1612,1932565641,Pikuniku,11,0.0044
1613,1907381044,Project Cars,11,0.0044
1614,967641964,Realm Royale Reforged,11,0.0044
1615,303584158,Sea of Solitude,11,0.0044
1616,804980065,Sea of Thieves Insider,11,0.0044
1617,2112462799,Sengoku Dynasty,11,0.0044
1618,1885214706,Snooker 19,11,0.0044
1619,1813223937,SongPop Party,11,0.0044
1620,1480659614,Sonic the Fighters,11,0.0044
1621,1967529255,SpongeBob SquarePants: The Cosmic Shake,11,0.0044
1622,2050520287,STRANGER OF PARADISE FINAL FANTASY ORIGIN,11,0.0044
1623,1940560837,Sudden Strike 5,11,0.0044
1624,2058683262,Teenage Mutant Ninja Turtles: Mutants Unleashed,11,0.0044
1625,1997447389,The Dark Pictures Anthology: The Devil in Me,11,0.0044
1626,605741753,The LEGO Movie 2 Videogame,11,0.0044
1627,1292135256,Titanfall,11,0.0044
1628,1946103240,Tomb Raider I-III Remastered Starring Lara Croft,11,0.0044
1629,644829211,Turok 2: Seeds of Evil,11,0.0044
1630,1937610303,Two Point Museum,11,0.0044
1631,1658477123,Unturned,11,0.0044
1632,2012594000,US Conflict — Tank Battles,11,0.0044
1633,995443207,Verdun,11,0.0044
1634,1816197116,Wheel World,11,0.0044
1635,2142309066,WWE 2K Battlegrounds,11,0.0044
1636,1049055654,XCOM®: Enemy Within,11,0.0044
1637,1897918694,Airport Baggage Sim,10,0.004
1638,1042452848,Aven Colony,10,0.004
1639,1297287135,Blue Dragon,10,0.004
1640,1986852796,Brews & Bastards,10,0.004
1641,2077036451,Cake Bash,10,0.004
1642,1480656960,Carcassonne,10,0.004
1643,1935260193,Corsair Cove,10,0.004
1644,1992367075,Death Howl,10,0.004
1645,577546632,Destroy All Humans! (2005),10,0.004
1646,1431505022,Driver San Francisco,10,0.004
1647,531404425,DYNASTY WARRIORS 9,10,0.004
1648,2078793582,DYSMANTLE,10,0.004
1649,481925121,F1® 2018,10,0.004
1650,172017893,F1® 2019,10,0.004
1651,1966202553,Fishing: North Atlantic Enhanced Edition,10,0.004
1652,2109927239,Five Nights at Freddy's: Sister Location,10,0.004
1653,1616852724,Full Throttle Remastered,10,0.004
1654,1730221723,Ghostrunner 2,10,0.004
1655,1704351342,Hello Neighbor 2,10,0.004
1656,90991576,How To Survive 2,10,0.004
1657,1660075534,Hunting Simulator 2,10,0.004
1658,1748165994,iRacing Arcade,10,0.004
1659,1702245509,Junkster,10,0.004
1660,1750584112,Lacrosse 26,10,0.004
1661,2028645063,Legend of Mana,10,0.004
1662,2147358433,Madden NFL 15,10,0.004
1663,1161890141,Mass Effect™ 3,10,0.004
1664,1941838752,MELTY BLOOD: TYPE LUMINA,10,0.004
1665,1112934453,Mercenaries,10,0.004
1666,576433659,Moto Racer 4,10,0.004
1667,1948147176,Moving Out,10,0.004
1668,1983023791,Moving Simulator,10,0.004
1669,778400368,NBA 2K14,10,0.004
1670,304932652,NHL® 21,10,0.004
1671,2095724117,Nice Day for Fishing,10,0.004
1672,1894365262,PAW Patrol: Grand Prix,10,0.004
1673,1877956827,Peppa Pig: World Adventures,10,0.004
1674,1702914632,Poker Club,10,0.004
1675,827416995,Pure Pool,10,0.004
1676,2002584553,Puzzle Quest 3,10,0.004
1677,1743961068,Race The Sun,10,0.004
1678,1853277604,RetroRealms Arcade,10,0.004
1679,1889456287,Roller Champions™,10,0.004
1680,818066257,Rugby League Live 4,10,0.004
1681,2100312943,SCARLET NEXUS,10,0.004
1682,2073736638,Scrabble,10,0.004
1683,365310947,Scribblenauts Mega Pack,10,0.004
1684,1480657777,Sega Vintage Collection: Streets of Rage,10,0.004
1685,1916393313,SIGNALIS,10,0.004
1686,2031266067,Sker Ritual,10,0.004
1687,1957476784,Sniper Elite V2 Remastered,10,0.004
1688,1836687833,Sonic Colors: Ultimate,10,0.004
1689,1480656995,Sonic The Hedgehog 2,10,0.004
1690,1661063529,The Adventures of Elliot: The Millennium Tales,10,0.004
1691,1999803984,The Amazing Spider-Man 2™,10,0.004
1692,706437546,The Awesome Adventures of Captain Spirit,10,0.004
1693,1651647141,The Boat Grandma,10,0.004
1694,886895461,The Jackbox Party Pack 5,10,0.004
1695,1753283788,The Sinking City 2,10,0.004
1696,1161955801,The Technomancer,10,0.004
1697,2031756340,They Are Billions,10,0.004
1698,1805514538,Together: Moon Escape,10,0.004
1699,716478832,TT Isle of Man,10,0.004
1700,1731762544,Virtual Villagers Origins 2,10,0.004
1701,1721482157,WARDOGS,10,0.004
1702,1917938753,Yakuza 0,10,0.004
1703,1636871347,Yakuza Kiwami,10,0.004
1704,1845646569,Yakuza Kiwami 2,10,0.004
1705,1978872277,2D How to Fish,9,0.0036
1706,2144204141,Achilles: Survivor,9,0.0036
1707,1431505017,Assassin's Creed Revelations,9,0.0036
1708,233177124,Battle Islands: Commanders,9,0.0036
1709,1397032979,BAYONETTA,9,0.0036
1710,1639963506,BlackJack 21 Pro!,9,0.0036
1711,1431504924,Call of Juarez: Bound in Blood,9,0.0036
1712,1414596609,Cars MN,9,0.0036
1713,1263405065,Castlevania LoS,9,0.0036
1714,2057723777,Classified: France '44,9,0.0036
1715,793598300,CODE VEIN,9,0.0036
1716,1161890152,Crysis,9,0.0036
1717,2004939306,Crysis 3 Remastered,9,0.0036
1718,1634898195,Darkwood,9,0.0036
1719,1669682262,Defense Grid 2,9,0.0036
1720,1893812325,Digital Story & Art Collection - Halo: Campaign Evolved,9,0.0036
1721,1480657049,Domino Master,9,0.0036
1722,2044234749,Dragon's Dogma 2 Character Creator & Storage,9,0.0036
1723,1921196301,Drug Dealer Simulator 2,9,0.0036
1724,1558010571,DYNASTY WARRIORS 8 Empires,9,0.0036
1725,1234432164,EA SPORTS™ Rory McIlroy PGA TOUR®,9,0.0036
1726,1817638967,Echoes of the End: Enhanced Edition,9,0.0036
1727,2089461712,Expeditions: A MudRunner Game,9,0.0036
1728,1464993792,F.E.A.R. 3,9,0.0036
1729,152270586,FINAL FANTASY XII THE ZODIAC AGE,9,0.0036
1730,1296697298,Full Game - Psychonauts,9,0.0036
1731,1618662965,Garfield Kart Furious Racing,9,0.0036
1732,2126757651,Ghostrunner,9,0.0036
1733,476517807,Gravel,9,0.0036
1734,1297287287,Halo 3: ODST Campaign Edition,9,0.0036
1735,1480656912,Heavy Weapon,9,0.0036
1736,1682140320,House Flipper Remastered Collection,9,0.0036
1737,1960955312,I Am Fish,9,0.0036
1738,1728837206,KLETKA,9,0.0036
1739,1480657325,KOF2002UM,9,0.0036
1740,1898106366,Little Ralph - Trial,9,0.0036
1741,1687910025,Mahjong by Microsoft,9,0.0036
1742,322384131,Marvel: Ultimate Alliance,9,0.0036
1743,1906672574,Middle-earth™: Shadow of Mordor™,9,0.0036
1744,1904044383,Minecraft Preview for Windows,9,0.0036
1745,1906370210,Minecraft: Java Edition,9,0.0036
1746,94171386,MXGP3,9,0.0036
1747,1696832928,NHRA Championship Drag Racing: Speed For All,9,0.0036
1748,1977174786,ONE PIECE ODYSSEY,9,0.0036
1749,2025399821,ONE PUNCH MAN: A HERO NOBODY KNOWS,9,0.0036
1750,1802714933,Pathfinder: Wrath of the Righteous,9,0.0036
1751,2100880776,Pentiment,9,0.0036
1752,1894255361,Placid Plastic Duck Simulator,9,0.0036
1753,1375792807,Pool Nation FX,9,0.0036
1754,1480659519,Rayman 3 HD,9,0.0036
1755,1806655067,RollerCoaster Tycoon Classic,9,0.0036
1756,1889657958,S.T.A.L.K.E.R.: Call of Prypiat - Enhanced Edition,9,0.0036
1757,1727426017,Sandustry (Game Preview),9,0.0036
1758,1833325369,Sniper Dan,9,0.0036
1759,60656359,SOMA,9,0.0036
1760,1480657415,SONIC THE HEDGEHOG™ 4 Episode I,9,0.0036
1761,2002882362,Squirrel with a Gun,9,0.0036
1762,1161890298,SSX 3,9,0.0036
1763,1933264626,Survivalist: Invisible Strain,9,0.0036
1764,1624769204,Talisman: Digital Edition,9,0.0036
1765,1431504855,TC's SC Double Agent,9,0.0036
1766,1873939850,Teenage Mutant Ninja Turtles Arcade: Wrath of the Mutants,9,0.0036
1767,1719207328,TERMINATOR: RESISTANCE - COMPLETE EDITION,9,0.0036
1768,619718041,The Cave,9,0.0036
1769,1731548634,The Dark Pictures Anthology: Little Hope,9,0.0036
1770,1746975118,The Jackbox Party Pack 11,9,0.0036
1771,2070685355,to a T,9,0.0036
1772,937464404,Trials Evolution,9,0.0036
1773,1861467226,"Warhammer 40,000: Battlesector",9,0.0036
1774,940586683,Wizard of Legend,9,0.0036
1775,1888936506,Worms Armageddon: Anniversary Edition,9,0.0036
1776,566278,WWE 2K17,9,0.0036
1777,1779788068,9 Kings (Game Preview),8,0.0032
1778,1751360232,AAA Dynamic Scenes,8,0.0032
1779,615247627,Alan Wake,8,0.0032
1780,2130794071,Apollo Justice: Ace Attorney Trilogy,8,0.0032
1781,1616326452,Arcadegeddon,8,0.0032
1782,1865619206,Astro Flame Starfighter,8,0.0032
1783,338995079,Batman: The Enemy Within - Episode 1,8,0.0032
1784,1736678881,Bleeding Edge,8,0.0032
1785,1661717515,Blood Bowl 3,8,0.0032
1786,231858691,Bomber Crew,8,0.0032
1787,1724411039,Card Storm Idle,8,0.0032
1788,870299798,Carnival Games®,8,0.0032
1789,2093066399,Carrion,8,0.0032
1790,1480659655,Castle of Illusion,8,0.0032
1791,768615691,Chess Ultra,8,0.0032
1792,2079449748,Clive Barker's Hellraiser: Revival,8,0.0032
1793,1480656871,Cloning Clyde,8,0.0032
1794,694139546,Crawl,8,0.0032
1795,1939160486,Dakar Desert Rally,8,0.0032
1796,1414596582,Darksiders,8,0.0032
1797,1951675244,DJMAX RESPECT V,8,0.0032
1798,2061746629,Don't Starve: Giant Edition,8,0.0032
1799,1644006979,ENDLESS Legend™ 2,8,0.0032
1800,1480659518,Far Cry Classic,8,0.0032
1801,184042097,Fe,8,0.0032
1802,1397819364,FINAL FANTASY XIII,8,0.0032
1803,1864215620,Five Nights at Freddy's: Help Wanted,8,0.0032
1804,344311848,For The King,8,0.0032
1805,1519874468,Forza Horizon 2 Presents Fast & Furious,8,0.0032
1806,2063170939,Frostpunk: Console Edition,8,0.0032
1807,1480657265,GAROU MOW,8,0.0032
1808,1131124715,"Guns, Gore and Cannoli",8,0.0032
1809,1480657520,Harms Way,8,0.0032
1810,1812810851,Haste,8,0.0032
1811,1916046476,Incremental Epic Hero 2,8,0.0032
1812,901962824,KartRider: Drift,8,0.0032
1813,850034103,Killer Instinct 2 Classic,8,0.0032
1814,1799885509,Labyrinthine - Console Edition,8,0.0032
1815,1128466413,LOST PLANET 2,8,0.0032
1816,1297287144,Mass Effect,8,0.0032
1817,956590734,Mega Man Legacy Collection 2,8,0.0032
1818,1743064739,METAL GEAR SOLID: MASTER COLLECTION Vol.2 BONUS CONTENT,8,0.0032
1819,1263405116,MGS PW HD,8,0.0032
1820,293003647,Microsoft Wordament,8,0.0032
1821,1973367334,MindsEye,8,0.0032
1822,1685499852,Monster Hunter Stories 2: Wings of Ruin,8,0.0032
1823,1297549289,Mortal Kombat vs. DCU,8,0.0032
1824,1480657679,Motocross Madness,8,0.0032
1825,2031634495,Mutant Football League 2,8,0.0032
1826,1548866781,MXGP2,8,0.0032
1827,2040686890,My Time at Sandrock,8,0.0032
1828,607267025,N++ (NPLUSPLUS),8,0.0032
1829,1844719399,Nobody Wants to Die,8,0.0032
1830,1059087507,Octodad: Dadliest Catch,8,0.0032
1831,2132252311,Olympic Games Tokyo 2020 – The Official Video Game™,8,0.0032
1832,269677862,PING REDUX,8,0.0032
1833,2046628793,PixARK,8,0.0032
1834,1542414577,Plague Inc: Evolved,8,0.0032
1835,1641566497,Railroads Online,8,0.0032
1836,1901782415,Railway Empire 2 (Win),8,0.0032
1837,2051631747,Spectre Divide,8,0.0032
1838,2037196689,SpongeBob SquarePants: Titans of the Tide,8,0.0032
1839,2037835570,Square Enix Digital Content Viewer,8,0.0032
1840,1636452571,SRX: The Game,8,0.0032
1841,2083038530,STRANGER THAN HEAVEN,8,0.0032
1842,1617919722,SUPER BOMBERMAN COLLECTION,8,0.0032
1843,585971749,Super Mega Baseball 2,8,0.0032
1844,2039224282,Super Monkey Ball Banana Mania,8,0.0032
1845,405775731,Surviving Mars,8,0.0032
1846,1619109702,Tales of Symphonia Remastered,8,0.0032
1847,1915523932,Tempopo,8,0.0032
1848,1701212022,The Jackbox Party Pack 8,8,0.0032
1849,1633778685,The Stanley Parable: Ultra Deluxe,8,0.0032
1850,1313671253,The Witcher 2,8,0.0032
1851,467118163,Titan Quest,8,0.0032
1852,2125289543,TRANSFORMERS™: Devastation,8,0.0032
1853,1910952414,TRIALS of MANA,8,0.0032
1854,1807860559,Werewolf: The Apocalypse - Earthblood,8,0.0032
1855,181948997,WWE 2K15,8,0.0032
1856,1019936697,#IDARB,7,0.0028
1857,593828894,Absolver,7,0.0028
1858,731026222,ACA NEOGEO METAL SLUG X,7,0.0028
1859,419725624,ACA NEOGEO THE KING OF FIGHTERS '97,7,0.0028
1860,552749870,ACA NEOGEO THE KING OF FIGHTERS '98,7,0.0028
1861,1664723386,Afterimage,7,0.0028
1862,1755599316,Age of Empires Definitive Edition,7,0.0028
1863,2016203684,Alaskan Road Truckers: Highway Edition,7,0.0028
1864,1480656966,Alien Hominid HD,7,0.0028
1865,1742707305,Ambulance Life: A Paramedic Simulator,7,0.0028
1866,1975041917,Amnesia: The Bunker,7,0.0028
1867,49709880,Anthem™,7,0.0028
1868,1708780346,Are You Smarter Than A 5th Grader?,7,0.0028
1869,1754564226,Atlas Fallen: Reign of Sand (Windows),7,0.0028
1870,634298669,Bad North: Jotunn Edition,7,0.0028
1871,100154526,Baja: Edge of Control HD,7,0.0028
1872,1161889960,Battlefield Bad Company 2,7,0.0028
1873,364804937,BATTLESHIP®,7,0.0028
1874,1946485937,Besiege Console,7,0.0028
1875,1950881463,Bum Simulator,7,0.0028
1876,2010415651,Cats Around Us: Black Cat,7,0.0028
1877,1777786002,Commandos: Origins,7,0.0028
1878,2123216194,Crysis 2 Remastered,7,0.0028
1879,1702263299,CULTIC,7,0.0028
1880,1414596758,Darksiders II,7,0.0028
1881,1129121853,DiRT 3,7,0.0028
1882,1743219650,Disney Epic Mickey: Rebrushed,7,0.0028
1883,153292310,Disney Infinity 3.0,7,0.0028
1884,2050929089,DUCKSIDE (Game Preview),7,0.0028
1885,1480657527,Faery: Legends of Avalon,7,0.0028
1886,1835944487,Five Nights at Freddy's Into the Pit,7,0.0028
1887,67961945,FlatOut 4 : Total Insanity,7,0.0028
1888,1770590742,Football Manager 2024 Console,7,0.0028
1889,1645941300,Footoys League World Soccer,7,0.0028
1890,1926605815,Funko Fusion,7,0.0028
1891,1694490701,FuzzBall,7,0.0028
1892,945174237,Geometry Wars™ 3: Dimensions Evolved,7,0.0028
1893,1129121860,GRID 2,7,0.0028
1894,2028516160,Hardspace: Shipbreaker - Windows,7,0.0028
1895,2026289722,Heroes of Might and Magic: Olden Era (Game Preview),7,0.0028
1896,1968550256,Hobo: Tough Life,7,0.0028
1897,2058317945,Hotel Renovator,7,0.0028
1898,1297287250,Jade Empire™,7,0.0028
1899,333457553,Just Dance® 2020,7,0.0028
1900,1925242158,Library Of Ruina,7,0.0028
1901,1778148060,Little Witch in the Woods,7,0.0028
1902,2020925735,Make Way,7,0.0028
1903,1884916396,MARVEL MaXimum Collection,7,0.0028
1904,1014379144,Marvel: Ultimate Alliance 2,7,0.0028
1905,888477147,METAL GEAR SURVIVE,7,0.0028
1906,505222320,Monster Jam Steel Titans,7,0.0028
1907,1423533994,MotoGP™15,7,0.0028
1908,1698746853,MotoGP™23,7,0.0028
1909,1754663581,MULLET MADJACK,7,0.0028
1910,1696839999,MXGP 24: The Official Game,7,0.0028
1911,1634565765,NHL® 94 REWIND,7,0.0028
1912,1624572870,Ni no Kuni™ II: Revenant Kingdom - The Prince's Edition,7,0.0028
1913,1263929316,NINJA GAIDEN 3: RE,7,0.0028
1914,272855377,NINJA GAIDEN II,7,0.0028
1915,1759144821,PAC-MAN WORLD 2 Re-PAC,7,0.0028
1916,1971028549,PAW Patrol™: Dino World,7,0.0028
1917,993540759,Pure Hold'em™,7,0.0028
1918,802418004,RESIDENT EVIL RESISTANCE,7,0.0028
1919,1804278141,Rugby 22 Xbox One,7,0.0028
1920,1652661000,Rugby Challenge 4,7,0.0028
1921,1613348546,Sea of Stars: Sunset Edition,7,0.0028
1922,1060097466,Serious Sam Collection,7,0.0028
1923,2123131012,Serious Sam: Shatterverse,7,0.0028
1924,1613869684,Skylanders SWAP Force,7,0.0028
1925,1657758963,Slay the Princess - The Pristine Cut,7,0.0028
1926,1179584488,Sniper Elite V2,7,0.0028
1927,778803087,Spacelords,7,0.0028
1928,1859601917,Spellbreak,7,0.0028
1929,1896598798,Street Outlaws 2: Winner Takes All,7,0.0028
1930,1982740887,Surviving Mars: Relaunched,7,0.0028
1931,225007476,Team Sonic Racing™,7,0.0028
1932,1761411767,THE HOUSE OF THE DEAD: Remake,7,0.0028
1933,1785417254,The Oregon Trail,7,0.0028
1934,1900056095,The Walking Dead: Streets of Survival,7,0.0028
1935,1963849763,Thymesia,7,0.0028
1936,1480657580,Toy Soldiers: Cold War,7,0.0028
1937,2008180842,Ultimate General: Civil War,7,0.0028
1938,689916261,"Warhammer 40,000: Inquisitor - Martyr Ultimate Edition",7,0.0028
1939,1414793346,XCOM®: Enemy Unknown,7,0.0028
1940,1926334123,Yakuza Kiwami 3 & Dark Ties,7,0.0028
1941,1520322998,Zombie Army Trilogy,7,0.0028
1942,1038499153,A Hat in Time,6,0.0024
1943,1480657371,A World of Keflings,6,0.0024
1944,983914761,ACA NEOGEO METAL SLUG 3,6,0.0024
1945,1839073348,Ancient Farm,6,0.0024
1946,652901378,APB Reloaded,6,0.0024
1947,244952910,Aragami: Shadow Edition,6,0.0024
1948,416307002,ARCADE GAME SERIES: DIG DUG,6,0.0024
1949,682100179,Armello,6,0.0024
1950,1445607414,Assassin's Creed® Chronicles: Russia,6,0.0024
1951,1744435907,Atelier Yumia: The Alchemist of Memories & the Envisioned Land,6,0.0024
1952,2006171548,Battle Brothers,6,0.0024
1953,965872275,Ben 10,6,0.0024
1954,1969372075,BlazBlue: Cross Tag Battle Special Edition,6,0.0024
1955,1617823540,Bomb Rush Cyberfunk,6,0.0024
1956,1112934423,Brave: The Video Game,6,0.0024
1957,232457702,Broken Age,6,0.0024
1958,1431505012,Call of Juarez Cartel,6,0.0024
1959,435779585,Capcom Beat 'Em Up Bundle,6,0.0024
1960,2032548938,Cassette Beasts,6,0.0024
1961,1480659546,Counter-Strike: GO,6,0.0024
1962,2004944930,Crime Simulator,6,0.0024
1963,1858458524,Crisol: Theater of Idols,6,0.0024
1964,1766171641,Croc's World,6,0.0024
1965,2077764934,Crysis Remastered,6,0.0024
1966,1935688591,Daemon X Machina: Titanic Scion,6,0.0024
1967,1062046240,Divinity: Original Sin - Enhanced Edition,6,0.0024
1968,1414793294,Duke Nukem Forever,6,0.0024
1969,1640323097,DYNASTY WARRIORS 9 Empires,6,0.0024
1970,2046176982,Empire of Sin,6,0.0024
1971,1930656280,Enotria: The Last Song,6,0.0024
1972,1736752782,Expansion for Explorers,6,0.0024
1973,1629487179,FATAL FRAME: Maiden of Black Water,6,0.0024
1974,1711556027,Garten of Banban 2,6,0.0024
1975,341719186,"Guns, Gore and Cannoli 2",6,0.0024
1976,1880214966,Hello Neighbor: Hide and Seek,6,0.0024
1977,1877051178,Hidden Cats in Barcelona,6,0.0024
1978,1666334166,HoneyLand,6,0.0024
1979,1997835037,I Am Your Beast,6,0.0024
1980,1480657557,Iron Brigade,6,0.0024
1981,2144211794,Iron Harvest Complete Edition,6,0.0024
1982,2047199918,Isonzo (Windows),6,0.0024
1983,70112963,Knight Squad,6,0.0024
1984,1480657105,KOF98UM,6,0.0024
1985,1912466607,Laundry Store Simulator,6,0.0024
1986,1464993821,LEGO® Lord of the Rings™,6,0.0024
1987,1651525052,Life is Strange: Before the Storm Remastered,6,0.0024
1988,1694487955,Life is Strange: True Colors,6,0.0024
1989,1882357148,Lonely Mountains: Snow Riders,6,0.0024
1990,1297287162,Lost Odyssey,6,0.0024
1991,1480659475,Magic 2013,6,0.0024
1992,1480659904,Mars: War Logs,6,0.0024
1993,2016530186,Marsupilami: Hoobadventure,6,0.0024
1994,350075261,Marvel Heroes Omega,6,0.0024
1995,14233261,Minecraft: Story Mode - Season Two - Episode 1,6,0.0024
1996,634240708,MotoGP™19,6,0.0024
1997,1885048343,Mr. Bomber,6,0.0024
1998,1866194138,Murder Miners,6,0.0024
1999,1674229576,MXGP 26 - The Official Game,6,0.0024
2000,1480656988,N+,6,0.0024
2001,37469967,NBA Playgrounds,6,0.0024
2002,1706007518,Nexomon: Extinction,6,0.0024
2003,1819944286,Nun Massacre,6,0.0024
2004,1661545526,Orcs Must Die! 3,6,0.0024
2005,1712366974,PC Building Simulator,6,0.0024
2006,1731213835,Pickup Driving - Free,6,0.0024
2007,1628806449,Potion Craft: Alchemist Simulator,6,0.0024
2008,965890138,Project Highrise: Architect's Edition,6,0.0024
2009,1789157539,Puyo Puyo™ Tetris® 2,6,0.0024
2010,753024882,Red Faction Guerrilla Re-Mars-tered,6,0.0024
2011,1827805096,Relic Hunters Legend,6,0.0024
2012,1883914934,RENNSPORT,6,0.0024
2013,1914565485,Risk of Rain,6,0.0024
2014,1738390204,Rivals of Aether,6,0.0024
2015,806435492,Road Redemption,6,0.0024
2016,1414793183,Rockstar Table Tennis,6,0.0024
2017,1704946873,Romancing SaGa 2: Revenge of the Seven,6,0.0024
2018,2028931904,Rugby 20,6,0.0024
2019,1861374778,Rugby Challenge 3,6,0.0024
2020,1779343248,Sclash,6,0.0024
2021,1628932021,Scott Pilgrim EX,6,0.0024
2022,1953391836,Shadowrun Returns,6,0.0024
2023,1619485722,Shadows of Doubt,6,0.0024
2024,1414793256,Sid Meier's Pirates!,6,0.0024
2025,1166935255,Slender: The Arrival (2015),6,0.0024
2026,2128705961,Solitaire HD,6,0.0024
2027,1480656996,Sonic The Hedgehog,6,0.0024
2028,2098784475,Soulstice,6,0.0024
2029,1671640490,SPRAWL zero,6,0.0024
2030,1663285336,STAR WARS™: Bounty Hunter™,6,0.0024
2031,2125557798,Still Wakes the Deep,6,0.0024
2032,1876484566,STORY OF SEASONS: Friends of Mineral Town,6,0.0024
2033,2079765251,Streets of Rogue,6,0.0024
2034,2028975703,Superball,6,0.0024
2035,308135722,Tales of Vesperia™: Definitive Edition,6,0.0024
2036,1480657504,Tecmo Bowl Throwback®,6,0.0024
2037,2101116288,Tennis Elbow 4,6,0.0024
2038,1691117579,Terminator 2D: NO FATE,6,0.0024
2039,1480656886,Texas Hold'em,6,0.0024
2040,157772240,The Bard's Tale IV: Director's Cut,6,0.0024
2041,1733173772,The Bard's Tale Trilogy,6,0.0024
2042,2016552136,The Catch: Carp & Coarse Fishing,6,0.0024
2043,1979014977,The Crew,6,0.0024
2044,2116740682,The Grinch: Christmas Adventures - Merry & Mischievous Edition,6,0.0024
2045,1648318214,The Lord of the Rings: Gollum™,6,0.0024
2046,2101138430,The Matrix Awakens: An Unreal Engine 5 Experience,6,0.0024
2047,1865341179,The MUSYNX,6,0.0024
2048,1748167956,The Riftbreaker,6,0.0024
2049,1776537730,The Sinking City Remastered,6,0.0024
2050,2010719250,The Smurfs - Mission Vileaf,6,0.0024
2051,1619933938,The Survivalists,6,0.0024
2052,1673810447,Tony Stewart's All-American Racing,6,0.0024
2053,1891146321,Tower Dominion,6,0.0024
2054,1022548859,Truck Driver,6,0.0024
2055,547734537,Truck Racing Championship,6,0.0024
2056,1987230441,Turmoil,6,0.0024
2057,1749676903,Two Point Campus,6,0.0024
2058,1765034784,Two Point Hospital: Full Health Collection,6,0.0024
2059,1777656573,Vanquish,6,0.0024
2060,1072703684,Virtua Fighter 5 Final Showdown,6,0.0024
2061,474535578,WARRIORS OROCHI 4,6,0.0024
2062,922226657,Wasteland 2: Director's Cut,6,0.0024
2063,1926895632,We Were Here,6,0.0024
2064,1892485156,We Were Here Expeditions: The FriendShip,6,0.0024
2065,1851310927,Who Wants to Be a Millionaire?,6,0.0024
2066,391356720,Yooka-Laylee,6,0.0024
2067,1528308274,Aaero,5,0.002
2068,1660341261,ACA2NEOGEO THE KING OF FIGHTERS '98,5,0.002
2069,1480656956,Aegis Wing,5,0.002
2070,1763236945,AFL Evolution 2,5,0.002
2071,1835497756,Agents of Mayhem,5,0.002
2072,2099005661,AI: THE SOMNIUM FILES Nirvana Initiative,5,0.002
2073,616610555,Alan Wake's American Nightmare,5,0.002
2074,1743279702,Arma Reforger - Experimental,5,0.002
2075,1877455960,art of rally,5,0.002
2076,132590840,Assassin's Creed® Chronicles: India,5,0.002
2077,1841822482,Asterix & Obelix XXL3: The Crystal Menhir,5,0.002
2078,1664245882,Atari 50: The Anniversary Celebration,5,0.002
2079,975485641,Back to the Future: The Game - 30th Anniversary Edition,5,0.002
2080,1833100190,Baldur's Gate: Dark Alliance II,5,0.002
2081,1714151217,Blair Witch,5,0.002
2082,1112934366,Bolt,5,0.002
2083,1480657330,Bomberman Battlefest,5,0.002
2084,1179846636,Breakdown,5,0.002
2085,2014729842,Car For Sale Simulator 2023,5,0.002
2086,2012135933,Castlevania Dominus Collection,5,0.002
2087,1480657530,Castlevania HD,5,0.002
2088,1263405133,Castlevania: LoS 2,5,0.002
2089,1889886349,Chess Royal,5,0.002
2090,1783440636,City Bus Manager,5,0.002
2091,1842022716,Colt Canyon,5,0.002
2092,54541475,Construction Simulator 2 US - Console Edition,5,0.002
2093,1859542622,Contra Anniversary Collection,5,0.002
2094,35820305,Crackdown 3: Wrecking Zone,5,0.002
2095,2079295420,Crash Team Rumble™,5,0.002
2096,1914646696,Curse of the Dead Gods,5,0.002
2097,367230746,Darksiders Genesis,5,0.002
2098,1480657693,DAYTONA USA,5,0.002
2099,1480657756,Deadliest Warrior: Legends,5,0.002
2100,376779456,Death Road to Canada,5,0.002
2101,2125974437,Door Kickers: Action Squad,5,0.002
2102,1641402901,Double Dragon Gaiden: Rise of the Dragons,5,0.002
2103,1480657549,DR2: CASE ZERO,5,0.002
2104,1743457512,DRAGON QUEST BUILDERS 2,5,0.002
2105,2071918696,DRAGON QUEST I & II HD-2D Remake,5,0.002
2106,1629928134,DRAGON QUEST III HD-2D Remake,5,0.002
2107,1480659910,DuckTales: Remastered,5,0.002
2108,134413498,EA SPORTS™ NHL® 18,5,0.002
2109,1146095609,Earth Defense Force: IA,5,0.002
2110,1852617445,ELEX II,5,0.002
2111,1263339518,Escape Dead Island,5,0.002
2112,1464993747,F.E.A.R. 2,5,0.002
2113,1198695408,F1™ 2015,5,0.002
2114,942676443,F1™ 2016,5,0.002
2115,180750187,F1™ 2017,5,0.002
2116,1678270415,Farm Together,5,0.002
2117,136671143,FINAL FANTASY XV MULTIPLAYER: COMRADES,5,0.002
2118,1850924057,Fishing: North Atlantic,5,0.002
2119,1890880304,Fobia - St. Dinfna Hotel,5,0.002
2120,1702713376,Genesis Noir,5,0.002
2121,1480657151,Geometry Wars Evolved²,5,0.002
2122,2054890337,Get To Work,5,0.002
2123,1229391860,Ghostbusters,5,0.002
2124,1784112295,Godfall,5,0.002
2125,1836942975,Grind Survivors,5,0.002
2126,1297287176,Halo Wars,5,0.002
2127,1297287601,Halo: Combat Evolved Anniversary,5,0.002
2128,1829337400,Have a Nice Death,5,0.002
2129,1946353878,Highguard,5,0.002
2130,1396901851,Hitman: Blood Money,5,0.002
2131,1735401164,Honeycomb: The World Beyond,5,0.002
2132,447331588,I Am Bread,5,0.002
2133,909182696,Infinite Minigolf,5,0.002
2134,1982219874,Insects: An Xbox One X Enhanced Experience,5,0.002
2135,1906459372,Judgment,5,0.002
2136,1873893114,Just Die Already,5,0.002
2137,1055556936,Kingdom New Lands,5,0.002
2138,2145258670,Kiosk,5,0.002
2139,1764400723,Like a Dragon: Ishin!,5,0.002
2140,1128466480,Lost Planet 3,5,0.002
2141,142841733,Madden NFL 25,5,0.002
2142,1537894068,Magic 2015,5,0.002
2143,2021132620,Mandragora: Whispers of the Witch Tree,5,0.002
2144,1161889998,Mass Effect 2,5,0.002
2145,2045704503,Metaball,5,0.002
2146,1772597205,METAL GEAR SOLID: MASTER COLLECTION Vol.1 BONUS CONTENT,5,0.002
2147,1480657266,Metal Slug XX,5,0.002
2148,2142315481,Mighty Morphin Power Rangers: Rita's Rewind,5,0.002
2149,2022357971,Monster Energy Supercross - The Official Videogame 4,5,0.002
2150,1807714585,Monster Truck Championship,5,0.002
2151,1957255658,MORDHAU,5,0.002
2152,1944950992,MotoGP™22 - Windows Edition,5,0.002
2153,593565047,MY HERO ONE’S JUSTICE,5,0.002
2154,1817032347,My Little Pony: A Zephyr Heights Mystery,5,0.002
2155,693693640,NASCAR Heat Evolution,5,0.002
2156,113198981,NBA 2K18: The Prelude,5,0.002
2157,1690896049,New Tales from the Borderlands,5,0.002
2158,1887596214,Nickelodeon All-Star Brawl,5,0.002
2159,1846760960,Nickelodeon Kart Racers 3: Slime Speedway,5,0.002
2160,1814825729,No More Heroes 3,5,0.002
2161,1692022171,OCTOPATH TRAVELER 0,5,0.002
2162,933693396,ŌKAMI HD,5,0.002
2163,1764133092,OlliOlli World,5,0.002
2164,2121532136,Once Upon A KATAMARI,5,0.002
2165,1903313113,Orcs Must Die! Deathtrap,5,0.002
2166,308514854,Outward,5,0.002
2167,1480657548,PAC-MAN CE DX+,5,0.002
2168,2089042924,Paleo Pines,5,0.002
2169,348018268,Pang Adventures,5,0.002
2170,843014522,Pathfinder: Kingmaker - Definitive Edition,5,0.002
2171,1624743884,Persona 3 Portable,5,0.002
2172,912254227,Pit People,5,0.002
2173,884526952,Planetbase,5,0.002
2174,172342998,PLAYERUNKNOWN’S BATTLEGROUNDS – Public Test Server,5,0.002
2175,1112934361,Pure,5,0.002
2176,1480657006,Puzzle Fighter HD,5,0.002
2177,2117633627,Quiplash 2 InterLASHional: The Say Anything Party Game!,5,0.002
2178,1431504886,R.U.S.E.,5,0.002
2179,24524637,Railway Empire,5,0.002
2180,1822591938,Revenge of the Savage Planet,5,0.002
2181,1930767830,RiffTrax: The Game,5,0.002
2182,1685686710,Rogue Legacy 2,5,0.002
2183,2025898879,Rugby 22 Xbox Series X|S,5,0.002
2184,2138535394,Rugby League Live 3,5,0.002
2185,1263405009,Rumble Roses XX,5,0.002
2186,1723211080,Rune Dice,5,0.002
2187,1263339473,Sacred 2 Fallen Angel,5,0.002
2188,2054178211,SAMURAI SHODOWN (Standard Ver.),5,0.002
2189,1944780994,Scars Above,5,0.002
2190,282721798,Screencheat,5,0.002
2191,1979417101,SD GUNDAM BATTLE ALLIANCE,5,0.002
2192,1726081569,Seal: WHAT the FUN,5,0.002
2193,1532956420,Sébastien Loeb Rally EVO,5,0.002
2194,2000442171,Shadow Warrior 3: Definitive Edition,5,0.002
2195,865750499,Shantae: Half-Genie Hero,5,0.002
2196,2040578587,SHINOBI: Art of Vengeance,5,0.002
2197,2100742349,Sir Whoopass,5,0.002
2198,687576060,Skylanders SuperChargers Portal Owner's Pack,5,0.002
2199,1147123126,Skylanders Trap Team,5,0.002
2200,1785888386,Snake.io,5,0.002
2201,1649097896,SnowRunner - Windows,5,0.002
2202,1628869222,Soulstone Survivors,5,0.002
2203,1719161140,Spiritfall,5,0.002
2204,1917594775,Stampede: Racing Royale (Game Preview),5,0.002
2205,912691842,Sudden Strike 4 - European Battlefields Edition,5,0.002
2206,1995931888,Sunderfolk,5,0.002
2207,1866825187,Super Monkey Ball: Banana Blitz HD,5,0.002
2208,1770175521,Surviving the Aftermath,5,0.002
2209,1649102497,SWORD ART ONLINE Fractured Daydream,5,0.002
2210,1908989621,SWORD ART ONLINE Last Recollection,5,0.002
2211,1624264477,Taiko no Tatsujin: The Drum Master!,5,0.002
2212,1874881573,Tales of Kenzera™: ZAU,5,0.002
2213,1984077720,Tales of the Shire: A The Lord of The Rings™ Game,5,0.002
2214,1431504853,TC's GRAW,5,0.002
2215,1733855657,Tech Glitch,5,0.002
2216,29770197,Teenage Mutant Ninja Turtles™: Mutants in Manhattan,5,0.002
2217,972022825,Tetris® Ultimate,5,0.002
2218,836165876,The Ascent,5,0.002
2219,1968679051,The Cabin Factory,5,0.002
2220,129773809,The Disney Afternoon Collection,5,0.002
2221,1772965835,The Last Stand: Aftermath,5,0.002
2222,1781023780,The Medium,5,0.002
2223,1842335063,The Mortuary Assistant,5,0.002
2224,1431505093,The Stick of Truth™,5,0.002
2225,946930585,The Walking Dead Collection - The Telltale Series,5,0.002
2226,193310209,The Witness,5,0.002
2227,874691210,This War of Mine: The Little Ones,5,0.002
2228,1396901868,Tomb Raider Underworld,5,0.002
2229,1480660067,Toybox Turbos,5,0.002
2230,1763742865,Train Sim World® 2,5,0.002
2231,1669996905,Train Sim World® 3,5,0.002
2232,1686524250,Train Sim World® 4,5,0.002
2233,52523189,Trials of the Blood Dragon,5,0.002
2234,1851490214,Tribes of Midgard,5,0.002
2235,1815810056,Under The Waves,5,0.002
2236,1620095408,Until Then,5,0.002
2237,103629720,V-Rally 4,5,0.002
2238,1654418819,Vampire Hunters,5,0.002
2239,1884076770,Visage,5,0.002
2240,2013541297,"Warhammer 40,000: Space Marine - Master Crafted Edition",5,0.002
2241,328245964,WARRIORS OROCHI 3 Ultimate,5,0.002
2242,1918361672,Werewolf Pinball,5,0.002
2243,2069636428,WINGSPAN,5,0.002
2244,1894333860,WRC 8 FIA World Rally Championship Xbox One,5,0.002
2245,1922758426,WRC 9 FIA World Rally Championship,5,0.002
2246,1696868991,WRC Generations - The FIA WRC Official Game,5,0.002
2247,1970931118,3 Player Battle,4,0.0016
2248,767105780,8 To Glory - The Official Game of the PBR,4,0.0016
2249,88086791,A KING'S TALE: FINAL FANTASY XV,4,0.0016
2250,1480657115,A Kingdom for Keflings,4,0.0016
2251,2002870555,A Little to the Left,4,0.0016
2252,1643586123,A Tower Full of Cats,4,0.0016
2253,2038033103,ACE COMBAT ZERO: THE BELKAN WAR (Xbox Series X|S Version),4,0.0016
2254,946215144,AirMech® Arena,4,0.0016
2255,880413309,Amnesia: Collection,4,0.0016
2256,77840650,Among the Sleep - Enhanced Edition,4,0.0016
2257,670545608,Armored Warfare,4,0.0016
2258,2076917277,Army of Ruin,4,0.0016
2259,1861014614,Autonauts,4,0.0016
2260,1664978629,Bang-On Balls: Chronicles,4,0.0016
2261,1480656876,Bankshot Billiards 2,4,0.0016
2262,1480657278,Battlefield 1943™,4,0.0016
2263,2074299699,Beautiful Sakura: Fitness Club,4,0.0016
2264,1671961498,Beautiful Sakura: Football Club,4,0.0016
2265,1611175987,Beautiful Sakura: Racing Club,4,0.0016
2266,1812873797,Blades of Fire,4,0.0016
2267,1082339580,BLAZBLUE CHRONOPHANTASMA EXTEND,4,0.0016
2268,1943249498,Bluey's Happy Snaps,4,0.0016
2269,1024154899,Boggle,4,0.0016
2270,1650593751,Calico,4,0.0016
2271,1636606847,Call of Duty®: Modern Warfare® - Digital Standard Edition (Windows),4,0.0016
2272,2116095486,Care Bears: To The Rescue,4,0.0016
2273,1480659610,CastleStorm,4,0.0016
2274,1652994741,Centipede: Recharged,4,0.0016
2275,1715577372,Chained Echoes,4,0.0016
2276,1717280173,CHRONO CROSS: THE RADICAL DREAMERS EDITION,4,0.0016
2277,1655404846,City Transport Simulator 2026,4,0.0016
2278,2102465429,Coffee Talk,4,0.0016
2279,1841498671,CONSCRIPT,4,0.0016
2280,1921002833,Crossy Road Castle,4,0.0016
2281,1798666879,Dark Deception: Monsters & Mortals,4,0.0016
2282,1867293778,Darwin Project,4,0.0016
2283,2017702583,Dauntless,4,0.0016
2284,1480657664,DEAD RISING 2: CASE WEST,4,0.0016
2285,1959842755,Death's Door,4,0.0016
2286,1966406017,Deceive Inc.,4,0.0016
2287,419349778,Defiance 2050,4,0.0016
2288,852849518,Digimon Survive,4,0.0016
2289,1711880023,Dino Escape,4,0.0016
2290,355178688,DiRT 4,4,0.0016
2291,338090394,Dirt Rally,4,0.0016
2292,1129121861,DiRT Showdown,4,0.0016
2293,1974043980,Disney Classic Games: Aladdin and The Lion King,4,0.0016
2294,2096544989,Divine Knockout (DKO),4,0.0016
2295,1480657334,DOOM II (Classic),4,0.0016
2296,532569395,Drawful 2,4,0.0016
2297,2026145066,Drink 'Em,4,0.0016
2298,429018095,Dungeon of the Endless,4,0.0016
2299,147604411,Dungeons 3,4,0.0016
2300,1692013692,Duskfade,4,0.0016
2301,492699383,EA SPORTS™ NHL® 17,4,0.0016
2302,1146095571,EDF 2017,4,0.0016
2303,809464104,Elex,4,0.0016
2304,572417720,Emily Wants To Play,4,0.0016
2305,2134693780,EVERSPACE™ 2,4,0.0016
2306,1639220334,Exo One,4,0.0016
2307,1692950358,Exoprimal,4,0.0016
2308,1480659903,Far Cry® 3 Blood Dragon,4,0.0016
2309,1752031475,Flamecraft,4,0.0016
2310,2125839408,Formula Legends,4,0.0016
2311,2043510457,Friends vs Friends,4,0.0016
2312,1807778636,Garfield - Escape From Monday,4,0.0016
2313,1690204019,Garten of Banban 3,4,0.0016
2314,1703059239,God of Weapons,4,0.0016
2315,620831719,GROW UP,4,0.0016
2316,1890778408,Hidden Cats in Tokyo,4,0.0016
2317,2021447825,Hole Digging Master,4,0.0016
2318,1964820394,Hotline Miami Collection,4,0.0016
2319,1038862451,HYPER SCAPE,4,0.0016
2320,299988825,Ice Age Scrat's Nutty Adventure,4,0.0016
2321,2037481046,Inertial Drift,4,0.0016
2322,1684439879,Islets,4,0.0016
2323,1930132661,Jotunnslayer: Hordes of Hel,4,0.0016
2324,944228222,Journey to the Savage Planet,4,0.0016
2325,1480660105,JUJU,4,0.0016
2326,1749806231,Keep Talking and Nobody Explodes,4,0.0016
2327,1840996916,Kinect Sports Rivals,4,0.0016
2328,1815601187,Kingdom Eighties,4,0.0016
2329,1711332838,KINGDOM HEARTS Melody of Memory,4,0.0016
2330,1989445813,Knight Squad 2,4,0.0016
2331,1956902009,Kynseed,4,0.0016
2332,1920167136,Layers of Fear (2023),4,0.0016
2333,2005013689,LEGO® Bricktales,4,0.0016
2334,2002613703,Lethal League Blaze,4,0.0016
2335,542819315,Life is Strange: Before the Storm Episode 1,4,0.0016
2336,1761905942,Lifeless Planet: Premier Edition,4,0.0016
2337,2096549844,Liftoff: Drone Racing,4,0.0016
2338,1397819419,LIGHTNING RETURNS FFXIII,4,0.0016
2339,1987951399,Lonely Mountains: Downhill,4,0.0016
2340,1271641024,Lords of the Fallen (2014),4,0.0016
2341,1128466398,LOST PLANET COLONIES,4,0.0016
2342,1973635123,Mad Streets,4,0.0016
2343,1700020315,MADiSON,4,0.0016
2344,1480659653,Magic 2014 — Duels of the Planeswalkers,4,0.0016
2345,1935548464,Master Detective Archives: RAIN CODE Plus,4,0.0016
2346,1632270119,Megaton Rainfall,4,0.0016
2347,1790559387,Miraculous: Rise of the Sphinx,4,0.0016
2348,284143677,Momodora: Reverie Under the Moonlight,4,0.0016
2349,1869122946,MONOPOLY DEAL,4,0.0016
2350,1864843444,Monopoly: Star Wars™ Heroes vs. Villains,4,0.0016
2351,380023945,Monster Energy Supercross - The Official Videogame 2,4,0.0016
2352,1699788094,MotoGP™20,4,0.0016
2353,1708079118,NASCAR 21: Ignition,4,0.0016
2354,83029588,NBA LIVE 18: The One Edition,4,0.0016
2355,2021405472,Nickelodeon Kart Racers 2: Grand Prix,4,0.0016
2356,1980658153,NO THING,4,0.0016
2357,1863625465,Nuclear Throne,4,0.0016
2358,2086200115,OCTOPATH TRAVELER II,4,0.0016
2359,1785122378,Omega Strikers,4,0.0016
2360,1638190340,One Button Games 5-in-1 vol. 2,4,0.0016
2361,1964152695,OneShot: World Machine Edition,4,0.0016
2362,1794026365,Order of Battle: World War II,4,0.0016
2363,2034484895,Out of Space: Couch Edition,4,0.0016
2364,806794764,Override: Mech City Brawl,4,0.0016
2365,1480656913,PAC-MAN,4,0.0016
2366,1912801032,PAW Patrol The Movie: Adventure City Calls,4,0.0016
2367,1926352092,PBA Pro Bowling,4,0.0016
2368,1867683926,Persona 5 Tactica,4,0.0016
2369,267248679,Phantom Dust,4,0.0016
2370,2024485825,PJ Masks: Heroes of the Night,4,0.0016
2371,1784999896,Planet Zoo 2,4,0.0016
2372,1731967517,Prison Escape Simulator,4,0.0016
2373,104182544,Pro Evolution Soccer 2016,4,0.0016
2374,1715636420,Pummel Party,4,0.0016
2375,2132278444,Realpolitiks New Power,4,0.0016
2376,1414596703,Red Faction: Armageddon,4,0.0016
2377,1926182660,Redeemer - Enhanced Edition,4,0.0016
2378,1910888016,Rival Stars Horse Racing,4,0.0016
2379,826442297,Road Rage,4,0.0016
2380,1709856057,RoboCop: Rogue City - Unfinished Business,4,0.0016
2381,1820242486,Roguebook Xbox Series X|S,4,0.0016
2382,2001626208,Roots of Pacha,4,0.0016
2383,1693521674,Rumbleverse,4,0.0016
2384,764522213,Runbow,4,0.0016
2385,1654990488,Rune Factory 4 Special,4,0.0016
2386,1297287126,Shadowrun,4,0.0016
2387,1866950192,Shady Part of Me,4,0.0016
2388,1654530968,Shieldwall,4,0.0016
2389,1709151881,Ship Graveyard Simulator 2,4,0.0016
2390,2106821597,Shogun Showdown,4,0.0016
2391,1480659419,Skullgirls,4,0.0016
2392,902608,Sky Force Reloaded,4,0.0016
2393,844274714,Skylanders Imaginators,4,0.0016
2394,1480657348,Sonic & Knuckles,4,0.0016
2395,1480659985,SOULCALIBUR II HD,4,0.0016
2396,1940217918,SquadBlast (Game Preview),4,0.0016
2397,1912029217,STAB STAB STAB!,4,0.0016
2398,1480657523,Stacking,4,0.0016
2399,2010543124,Star Trek: Voyager - Across the Unknown,4,0.0016
2400,1618827907,Starbound,4,0.0016
2401,1928799402,StarCraft® Remastered,4,0.0016
2402,1414596596,Stuntman: Ignition,4,0.0016
2403,300578609,Styx: Shards of Darkness,4,0.0016
2404,1780525037,Sunset Motel,4,0.0016
2405,2059797788,Super Meat Boy Forever,4,0.0016
2406,1768536074,Symphonia 𝄞,4,0.0016
2407,2141647881,Tales from the Borderlands - Episode 1: Zer0 Sum,4,0.0016
2408,1431504864,TC's EndWar,4,0.0016
2409,213257000,TerraTech,4,0.0016
2410,1774362586,The Backrooms 1998,4,0.0016
2411,939155231,The Council - Episode 1: The Mad Ones,4,0.0016
2412,2115998347,The Drone Racing League Simulator,4,0.0016
2413,1668095237,The Jackbox Naughty Pack,4,0.0016
2414,2128187549,The Walking Zombie 2,4,0.0016
2415,1967005422,The Wandering Village,4,0.0016
2416,2089424131,This War of Mine: Final Cut,4,0.0016
2417,1396901866,Tomb Raider: Anniv.,4,0.0016
2418,1841510170,Tony Stewart's Sprint Car Racing,4,0.0016
2419,1630747846,Tour de France 2025,4,0.0016
2420,1832512217,Townscaper,4,0.0016
2421,1905434171,TRAIL OUT,4,0.0016
2422,1642785895,TRANSFORMERS: EARTHSPARK - Expedition,4,0.0016
2423,286890904,TRANSFORMERS: Fall of Cybertron,4,0.0016
2424,1529724759,Transformers: The Dark Spark,4,0.0016
2425,239008106,Tropico 5 - Penultimate Edition,4,0.0016
2426,1879353165,TT Isle of Man Ride on the Edge 2,4,0.0016
2427,1970219979,Used Cars Simulator,4,0.0016
2428,1778298055,Void Bastards,4,0.0016
2429,133113455,Voodoo Vince: Remastered,4,0.0016
2430,1682770291,"Warhammer 40,000: Chaos Gate - Daemonhunters",4,0.0016
2431,1926154049,Wasteland Remastered,4,0.0016
2432,1739513454,What's Different?,4,0.0016
2433,861949148,What Remains of Edith Finch,4,0.0016
2434,1998334767,Wild Blue Skies,4,0.0016
2435,1781945767,Wizard of Legend 2,4,0.0016
2436,1738666347,Wizardry: Proving Grounds of the Mad Overlord,4,0.0016
2437,237580797,Wonder Boy: The Dragon's Trap,4,0.0016
2438,1752292722,World Enduro Rally,4,0.0016
2439,1048549433,WRC 6 FIA World Rally Championship,4,0.0016
2440,2040239934,XDefiant,4,0.0016
2441,1773431897,Yakuza 6: The Song of Life,4,0.0016
2442,1263405122,ZOE HD ,4,0.0016
2443,1907798532,15in1 Solitaire,3,0.0012
2444,1480656961,3D Ultra™ Minigolf,3,0.0012
2445,1682735559,9 Monkeys of Shaolin,3,0.0012
2446,1722019576,9th Dawn Remake,3,0.0012
2447,390641336,ACA NEOGEO METAL SLUG,3,0.0012
2448,398132983,ACA NEOGEO METAL SLUG 2,3,0.0012
2449,70786264,ACA NEOGEO METAL SLUG 5,3,0.0012
2450,983906598,ACA NEOGEO THE KING OF FIGHTERS '99,3,0.0012
2451,1860967704,ACE COMBAT 8: WINGS OF THEVE,3,0.0012
2452,592146950,Adventure Pop,3,0.0012
2453,1629096088,Agatha Christie - Murder on the Orient Express,3,0.0012
2454,701037441,Age of Wonders: Planetfall,3,0.0012
2455,579423182,Agony,3,0.0012
2456,1847254069,Alex Kidd in Miracle World DX,3,0.0012
2457,1910091538,Alfred Hitchcock - Vertigo,3,0.0012
2458,2000460393,Alien Hominid Invasion,3,0.0012
2459,1871850764,Amanda the Adventurer 2,3,0.0012
2460,1757356654,Andro Dunos 2,3,0.0012
2461,2072863941,Animal Shelter Simulator,3,0.0012
2462,1798477678,AO Tennis 2,3,0.0012
2463,2083321391,Arachnophobic Kyle,3,0.0012
2464,1741728886,Arcade Paradise,3,0.0012
2465,1714994601,Architect Life: A House Design Simulator,3,0.0012
2466,490460723,Arise: A Simple Story,3,0.0012
2467,909545209,Ashen,3,0.0012
2468,1431504989,Assassin's Creed Brotherhood,3,0.0012
2469,1431505102,Assassin's Creed® Rogue,3,0.0012
2470,2116401396,Astrea: Six-Sided Oracles,3,0.0012
2471,1805978609,Baby Shark™: Sing & Swim Party,3,0.0012
2472,1614240330,Baldur's Gate: Dark Alliance,3,0.0012
2473,1852580050,Barbie Project Friendship™,3,0.0012
2474,1161889785,Battlefield: Bad Company,3,0.0012
2475,1396901849,Battlestations: Midway,3,0.0012
2476,1313671132,Beautiful Katamari,3,0.0012
2477,1834315926,Beautiful Sakura: Fashion Club,3,0.0012
2478,2005330027,Beautiful Sakura: Fighting Club,3,0.0012
2479,1773544303,Beautiful Sakura: Running Club,3,0.0012
2480,2138218417,Becastled,3,0.0012
2481,1723972808,Berry Bury Berry,3,0.0012
2482,1021034070,Big Buck Hunter Arcade,3,0.0012
2483,1414793313,BioShock 2,3,0.0012
2484,2111261259,Biped,3,0.0012
2485,1475467792,BLADESTORM: Nightmare,3,0.0012
2486,1850970705,Blazing Chrome,3,0.0012
2487,883799031,Bless Unleashed,3,0.0012
2488,2037855727,Block Puzzle Jewels Classic,3,0.0012
2489,173291706,Blood Bowl 2,3,0.0012
2490,2109985750,Blood: Refreshed Supply,3,0.0012
2491,1698796012,Bloons TD 6,3,0.0012
2492,1935728690,Boxes: Lost Fragments,3,0.0012
2493,2122418461,Bratz® Rhythm & Style,3,0.0012
2494,1906603484,Bravery and Greed,3,0.0012
2495,2038940671,Bridge Race,3,0.0012
2496,1972740153,Bright Memory: Infinite Platinum Edition,3,0.0012
2497,720192428,Bud Spencer & Terence Hill - Slaps And Beans,3,0.0012
2498,1730283762,Bud Spencer & Terence Hill - Slaps and Beans 2,3,0.0012
2499,1733243424,Bus Driving Simulator : EVO,3,0.0012
2500,1960391873,Call of Duty®: Black Ops III (Windows),3,0.0012
2501,1673223107,Call of the Sea,3,0.0012
2502,2098202394,Candy Crush Saga,3,0.0012
2503,1936376749,Capcom Fighting Collection,3,0.0012
2504,293403523,Cartoon Network: Battle Crashers,3,0.0012
2505,1480659976,Castlevania: LoS - Mirror of Fate HD,3,0.0012
2506,1648747431,Chained Together,3,0.0012
2507,1688996321,Chameleon Dummy Hunt,3,0.0012
2508,1850252450,Chef's Journey: Cooking Adventures,3,0.0012
2509,2005154977,Children of Morta,3,0.0012
2510,2015839152,Citadelum,3,0.0012
2511,1480657343,Commander's Challenge,3,0.0012
2512,1397032914,Condemned,3,0.0012
2513,1763638559,Crash Drive 3,3,0.0012
2514,1859298823,Creepy Shift: Roadside Diner,3,0.0012
2515,1620274602,Cricket 19,3,0.0012
2516,2041763016,CrossCode,3,0.0012
2517,1963141187,Crypt Custodian,3,0.0012
2518,942640100,DAKAR 18,3,0.0012
2519,2094503132,Darwin's Paradox!,3,0.0012
2520,502883447,Dead Island Retro Revenge,3,0.0012
2521,1413679057,DEAD OR ALIVE 4,3,0.0012
2522,402672897,Death Squared,3,0.0012
2523,1928643561,Deathsmiles I・II,3,0.0012
2524,1480657099,Defense Grid,3,0.0012
2525,382896606,Desperados III,3,0.0012
2526,2116371080,Dicey Dungeons,3,0.0012
2527,1683435765,Dino Odyssey,3,0.0012
2528,1112934403,Disney Universe,3,0.0012
2529,2146119244,Double Dragon Revive,3,0.0012
2530,1767994732,Dragonkin: The Banished,3,0.0012
2531,1757950833,DreamWorks All-Star Kart Racing,3,0.0012
2532,1847263549,Dungeon Defenders: Awakened,3,0.0012
2533,1397819381,Dungeon Siege III,3,0.0012
2534,1977810583,DUSK,3,0.0012
2535,117434960,Dynamite Fishing - World Games,3,0.0012
2536,1805594701,Ember Knights : Heroes of the Nexus Edition,3,0.0012
2537,1941057630,Empire of the Ants,3,0.0012
2538,1770110484,EMPULSE (Game Preview),3,0.0012
2539,1739030286,End of Abyss,3,0.0012
2540,2049241881,Entropy Survivors,3,0.0012
2541,1880860626,Escape Academy,3,0.0012
2542,1958827848,Eternal Card Game,3,0.0012
2543,968775939,EVERSPACE™,3,0.0012
2544,1448413145,F.E.A.R.,3,0.0012
2545,918516972,Farming Simulator 15,3,0.0012
2546,1775857297,FatalZone,3,0.0012
2547,1397819398,FINAL FANTASY XIII-2,3,0.0012
2548,1782426167,Flat Heroes,3,0.0012
2549,1795518228,Forever Skies,3,0.0012
2550,1480656915,Frogger,3,0.0012
2551,1480657553,From Dust™,3,0.0012
2552,1414596568,Frontlines:Fuel of War,3,0.0012
2553,893913057,Full Spectrum Warrior,3,0.0012
2554,2027986430,Fury Unleashed,3,0.0012
2555,1643768709,Gabriels Worlds The Adventure,3,0.0012
2556,2061301296,Gaelic Football Laochra,3,0.0012
2557,1480656914,GALAGA,3,0.0012
2558,2036291363,Garten of Banban 8: Anti Devil,3,0.0012
2559,2006900752,Grand Vegas Casino,3,0.0012
2560,1785738076,Grandia HD Collection,3,0.0012
2561,2143007580,Great God Grove,3,0.0012
2562,1823111797,GreedFall: The Dying World,3,0.0012
2563,1958071699,Guacamelee! Super Turbo Championship Edition,3,0.0012
2564,453673951,Guitar Hero Live,3,0.0012
2565,121960285,Guts & Glory,3,0.0012
2566,1802675093,Halloween Pinball,3,0.0012
2567,2038958977,Hand of Fate 2,3,0.0012
2568,1704654963,Happy's Humble Burger Farm,3,0.0012
2569,1480656866,Hardwood Backgammon,3,0.0012
2570,2020032940,HAWKED,3,0.0012
2571,1782845794,Hearts of Iron IV,3,0.0012
2572,1742067174,Hell is Us - Art Pack,3,0.0012
2573,1618000323,Hidden Cats in Christmas,3,0.0012
2574,1789922063,Hidden Cats in Rome,3,0.0012
2575,1839911748,Hidden Cats in Santa's Realm,3,0.0012
2576,1698597039,Hokko Life,3,0.0012
2577,758563081,Horizon Chase Turbo,3,0.0012
2578,1787271899,House,3,0.0012
2579,1829828400,HUMANKIND™,3,0.0012
2580,1702750733,Huntdown,3,0.0012
2581,1917135799,HYPERCHARGE Unboxed,3,0.0012
2582,1843279556,I'm on Observation Duty 7,3,0.0012
2583,1480657722,I Am Alive™,3,0.0012
2584,1622108683,I Am Your President,3,0.0012
2585,1945528318,Idle Devils,3,0.0012
2586,2028720746,Junkyard Simulator,3,0.0012
2587,1966310183,Just Dance® 2022,3,0.0012
2588,1869923276,Katana ZERO,3,0.0012
2589,1751090642,Kaze and the Wild Masks,3,0.0012
2590,2000254635,King's Blade,3,0.0012
2591,649279273,King's Quest™,3,0.0012
2592,1970962100,King of Seas,3,0.0012
2593,1161890110,Kingdoms of Amalur: Reckoning,3,0.0012
2594,1718892809,Knockout City™,3,0.0012
2595,1003487612,Korgan,3,0.0012
2596,1632716739,Kvark,3,0.0012
2597,1833447683,Legacy of Kain™ Soul Reaver 1&2 Remastered,3,0.0012
2598,389571069,LEGO® Dimensions™,3,0.0012
2599,149149959,Lies Of Astaroth,3,0.0012
2600,1771989345,Lightyear Frontier (Game Preview),3,0.0012
2601,1655517847,Like a Dragon Gaiden: The Man Who Erased His Name,3,0.0012
2602,2051631353,Little Strays 2,3,0.0012
2603,217450018,LUMINES REMASTERED,3,0.0012
2604,1480657727,Magic 2012,3,0.0012
2605,1886514325,Marble It Up! Ultra,3,0.0012
2606,2106143929,Marfusha,3,0.0012
2607,1635154692,Maximum Football 2019,3,0.0012
2608,1684797055,McPixel 3,3,0.0012
2609,1839762073,Meccha Paint,3,0.0012
2610,1480657194,MEGA MAN 9,3,0.0012
2611,23963413,Mega Man Zero/ZX Legacy Collection,3,0.0012
2612,1983992803,Miasma Chronicles,3,0.0012
2613,1396901860,MINI NINJAS™,3,0.0012
2614,189896967,Monaco: What's Yours is Mine,3,0.0012
2615,1480657301,Monkey Island: SE,3,0.0012
2616,1150103050,Mordheim: City of the Damned,3,0.0012
2617,1685476854,Motorcycle Mechanic Simulator 2021,3,0.0012
2618,1480657689,Ms. Splosion Man™,3,0.0012
2619,1655054632,My Friendly Neighborhood,3,0.0012
2620,446256697,My Time At Portia,3,0.0012
2621,1870551425,My Universe - My Baby,3,0.0012
2622,498956148,NASCAR Heat 2,3,0.0012
2623,878282273,NBA 2K17: The Prelude,3,0.0012
2624,919412218,Necromunda: Underhive Wars,3,0.0012
2625,1740300956,Neighbours back From Hell,3,0.0012
2626,225943380,NEOGEO BATTLE COLISEUM,3,0.0012
2627,2036125374,Neon White,3,0.0012
2628,1907337607,NHL® 15 Full Game,3,0.0012
2629,1776537169,NINJA GAIDEN Σ2,3,0.0012
2630,301029247,Oddworld: New 'n' Tasty,3,0.0012
2631,1129121809,OF: Dragon Rising,3,0.0012
2632,1881526368,One Finger Death Punch 2,3,0.0012
2633,1734289672,"ONYX-PRO, Inside the Game: Grounded 2 Artbook and Soundtrack",3,0.0012
2634,264259050,Ori and the Blind Forest,3,0.0012
2635,1129121801,Overlord II,3,0.0012
2636,1616365132,Papa's Quiz,3,0.0012
2637,1836785866,ParkourLand Elite: Playground,3,0.0012
2638,1297287193,Party Animals,3,0.0012
2639,1893912101,Party Panic,3,0.0012
2640,2074120545,Pax Dei,3,0.0012
2641,1661809575,PC Building Simulator 2,3,0.0012
2642,1691501118,Peglin,3,0.0012
2643,2090177606,PERISH,3,0.0012
2644,1991248961,PHOGS!,3,0.0012
2645,2117095676,Planet of Lana,3,0.0012
2646,1906114996,Pool Cleaning Simulator,3,0.0012
2647,1919133963,Praetorians - HD Remaster,3,0.0012
2648,1414793184,Prey,3,0.0012
2649,1431504958,Prince of Persia The Forgotten Sands™,3,0.0012
2650,1844264596,Project Songbird,3,0.0012
2651,481098309,Pure Farming 2018,3,0.0012
2652,1770386582,Pure Pool Pro,3,0.0012
2653,2028187854,PUSS!,3,0.0012
2654,1784625849,Queen's Quest 5: Symphony of Death,3,0.0012
2655,1480659438,RAW,3,0.0012
2656,1677630070,Rayman Legends Retold,3,0.0012
2657,1431504883,Rayman Raving Rabbids,3,0.0012
2658,893913055,Red Faction II,3,0.0012
2659,2122057393,Relooted,3,0.0012
2660,1996943027,Revhead,3,0.0012
2661,773588741,RICO,3,0.0012
2662,1313671123,Ridge Racer 6,3,0.0012
2663,1619865604,Ring of Pain,3,0.0012
2664,695693557,Riptide GP: Renegade,3,0.0012
2665,1686655508,Rivage,3,0.0012
2666,669503806,Rock of Ages 2: Bigger & Boulder™,3,0.0012
2667,1785385145,Rock of Ages 3: Make & Break,3,0.0012
2668,93901068,Ruiner,3,0.0012
2669,1770389828,Rune Factory: Guardians of Azuma,3,0.0012
2670,1788292351,RUSHING BEAT X: Return Of Brawl Brothers,3,0.0012
2671,1263339495,Sacred 3,3,0.0012
2672,816667289,Seasons after Fall,3,0.0012
2673,1480657775,Sega Vintage Collection: Golden Axe,3,0.0012
2674,1882598345,Shadow Warrior,3,0.0012
2675,21560138,Sheltered,3,0.0012
2676,114172147,Shenmue,3,0.0012
2677,1963476984,Sherlock Holmes Chapter One,3,0.0012
2678,2145390992,Sherlock Holmes: Crimes and Punishments Redux,3,0.0012
2679,247124088,Shovel Knight: Treasure Trove,3,0.0012
2680,1263405029,Silent Hill Homecoming,3,0.0012
2681,972210258,Sky Force Anniversary,3,0.0012
2682,1911536653,Slots & Daggers,3,0.0012
2683,1758230818,Soccer Power Hero,3,0.0012
2684,1480656957,Soltrio Solitaire,3,0.0012
2685,2116209805,Soul Hackers 2,3,0.0012
2686,1718103769,Space Gladiators,3,0.0012
2687,827319667,Space Hulk: Tactics,3,0.0012
2688,1930212330,Space Moves,3,0.0012
2689,196851457,Spike Volleyball,3,0.0012
2690,2073359006,Spirittea,3,0.0012
2691,2063855906,STAR OCEAN THE DIVINE FORCE,3,0.0012
2692,1992651140,STAR WARS™: Dark Forces Remaster,3,0.0012
2693,1949684868,Streetdog BMX,3,0.0012
2694,1675190546,Stunt Paradise,3,0.0012
2695,2057573435,Suikoden I&II HD Remaster Gate Rune and Dunan Unification Wars,3,0.0012
2696,1718545023,Sunset Overdrive,3,0.0012
2697,1914281401,Super Volley Blast,3,0.0012
2698,1941370105,Supermarket Owner Simulator: Business,3,0.0012
2699,1949756621,Surgeon Simulator 2,3,0.0012
2700,1827356638,Survivor - Castaway Island,3,0.0012
2701,1804098370,Swimsanity!,3,0.0012
2702,412423425,SWORD ART ONLINE Alicization Lycoris,3,0.0012
2703,779561878,Sword Coast Legends™,3,0.0012
2704,2070375454,SYNDUALITY Echo of Ada,3,0.0012
2705,1937629264,Tainted Grail: Conquest,3,0.0012
2706,1688544029,Tales of Berseria Remastered,3,0.0012
2707,1978334388,Tank Mechanic Simulator,3,0.0012
2708,1954522566,Tears of Metal,3,0.0012
2709,2124220599,Techwars Global Conflict,3,0.0012
2710,1906078054,TERMINATOR: RESISTANCE,3,0.0012
2711,1977179260,TES IV: Oblivion Remastered - Digital Artbook & Original Soundtrack,3,0.0012
2712,2065439517,That Time I Got Reincarnated as a Slime ISEKAI Chronicles,3,0.0012
2713,1866686081,The 7th Guest Remake,3,0.0012
2714,1891258006,The Bard's Tale ARPG : Remastered and Resnarkled,3,0.0012
2715,1414793181,The Bureau,3,0.0012
2716,1414793357,The Darkness II,3,0.0012
2717,2089995861,The Devil Lands (Game Preview),3,0.0012
2718,875174887,The Final Station,3,0.0012
2719,2007018418,The Hong Kong Massacre,3,0.0012
2720,2052100489,The Invincible,3,0.0012
2721,2073554022,The Jackbox Party Starter,3,0.0012
2722,1988354836,The Karate Kid: Street Rumble,3,0.0012
2723,1852093214,The King is Watching,3,0.0012
2724,996619018,The Sinking City,3,0.0012
2725,1858859325,The Thing: Remastered,3,0.0012
2726,1889167057,The Walking Dead: Destinies,3,0.0012
2727,2068094397,To the Moon and Beyond,3,0.0012
2728,1691955008,TOKI Juju Densetsu,3,0.0012
2729,1683840789,Tomb Raider IV-VI Remastered,3,0.0012
2730,1610985256,Torchlight III,3,0.0012
2731,1695392136,Tormented Souls,3,0.0012
2732,1863466810,Tormented Souls 2,3,0.0012
2733,223188831,Tour de France 2019,3,0.0012
2734,1480657310,Toy Soldiers,3,0.0012
2735,1646334101,TramSim: Console Edition,3,0.0012
2736,1661098733,Turbo Golf Racing,3,0.0012
2737,1944807356,Twelve Minutes,3,0.0012
2738,1871105054,TY the Tasmanian Tiger HD,3,0.0012
2739,1683451145,Ultra Foodmess Deluxe,3,0.0012
2740,2062523547,Unbox the Room,3,0.0012
2741,1297549275,Unreal Tournament III,3,0.0012
2742,1620954305,Vagante,3,0.0012
2743,1397033025,VANQUISH,3,0.0012
2744,1921180490,VORON: Raven's Story,3,0.0012
2745,1651691355,Wanted: Dead,3,0.0012
2746,1672389327,Warcraft® II: Remastered,3,0.0012
2747,1975267359,"Warhammer 40,000: Mechanicus",3,0.0012
2748,405657081,Warhammer: End Times - Vermintide,3,0.0012
2749,1798375126,Welcome to ParadiZe,3,0.0012
2750,1740517029,West of Dead,3,0.0012
2751,2060575182,Whose Voice,3,0.0012
2752,1960103311,Windjammers 2,3,0.0012
2753,1812653624,Winds of Arcana: Ruination,3,0.0012
2754,555542903,Yoku's Island Express,3,0.0012
2755,984203469,Ys Origin,3,0.0012
2756,1625916886,*NEW* SCUFFED EPIC BHOP SIMULATOR 2023 (POG CHAMP),2,0.0008
2757,1626046949,1-Bit Dungeon,2,0.0008
2758,1611397130,20XX,2,0.0008
2759,2126315332,3°C: Sand Puzzle,2,0.0008
2760,1651249469,5 in 1 Arcade Vault,2,0.0008
2761,570085654,8-Bit RTS Series,2,0.0008
2762,1845248290,A Juggler's Tale,2,0.0008
2763,2122751230,A Short Hike,2,0.0008
2764,949699803,ABZU,2,0.0008
2765,161766155,ACA NEOGEO ART OF FIGHTING 2,2,0.0008
2766,732054872,ACA NEOGEO BIG TOURNAMENT GOLF,2,0.0008
2767,254946653,ACA NEOGEO FATAL FURY SPECIAL,2,0.0008
2768,304633817,ACA NEOGEO METAL SLUG 4,2,0.0008
2769,2094098726,Ace Attorney Investigations Collection,2,0.0008
2770,121979203,Achtung! Cthulhu Tactics,2,0.0008
2771,1777027693,Adv File Explorer (FullTrust),2,0.0008
2772,411985913,AFL Evolution,2,0.0008
2773,2120715413,After Us,2,0.0008
2774,2083780130,Against the Storm,2,0.0008
2775,1635676165,Agatha Christie - Hercule Poirot: The First Cases,2,0.0008
2776,711714069,Agatha Christie - The ABC Murders,2,0.0008
2777,2080141972,Aground,2,0.0008
2778,1064538690,Air Missions: HIND,2,0.0008
2779,1796559648,Aircraft Carrier Survival,2,0.0008
2780,2023667384,Airport City,2,0.0008
2781,1958267791,AK-xolotl: Together,2,0.0008
2782,2057042819,Akimbot,2,0.0008
2783,350859148,Alekhine's Gun,2,0.0008
2784,1938903999,Alien Breed 35th Anniversary,2,0.0008
2785,1480657314,Altered Beast,2,0.0008
2786,1728054958,Amanda the Adventurer 3,2,0.0008
2787,2075295469,Amber Alert Director's cut,2,0.0008
2788,1905197072,American Theft 80s,2,0.0008
2789,1694657478,Amnesia: Rebirth,2,0.0008
2790,1717172856,Another Sight,2,0.0008
2791,1701001802,Anvil Saga,2,0.0008
2792,880418401,AO International Tennis,2,0.0008
2793,2066750369,APG: A Plane Game,2,0.0008
2794,2072805138,APICO,2,0.0008
2795,1480657349,Aqua,2,0.0008
2796,1762082517,Arcade Archives 2 KARNOV,2,0.0008
2797,1836455102,Arcade Hysteria,2,0.0008
2798,1756488270,Arkanoid Eternal Battle,2,0.0008
2799,2029448252,ASMR Slicing,2,0.0008
2800,1762779465,Asterigos: Curse of the Stars,2,0.0008
2801,1910615612,Asterix & Obelix Slap Them All!,2,0.0008
2802,1749623628,Asterix & Obelix XXL: Romastered,2,0.0008
2803,1946604107,Asteroids: Recharged,2,0.0008
2804,1480656882,Astropop,2,0.0008
2805,686748290,Atari Flashback Classics Vol. 1,2,0.0008
2806,547436161,Atari Flashback Classics Vol. 2,2,0.0008
2807,1771834186,ATLAS (Game Preview),2,0.0008
2808,1976727993,Au Revoir,2,0.0008
2809,1949426934,AVICII Invector,2,0.0008
2810,1656426851,Axis Football 2026,2,0.0008
2811,1699886412,Axis Football 2027,2,0.0008
2812,1859435059,BAD END THEATER,2,0.0008
2813,1619305462,Baki Hanma: Blood Arena,2,0.0008
2814,1780001013,Ballotron Galaxy,2,0.0008
2815,465259992,Battle Chasers: Nightwar,2,0.0008
2816,1136549309,Battlefield 4™ Community Test Environment,2,0.0008
2817,443831560,Battlestar Galactica Deadlock™,2,0.0008
2818,1901796364,Beam Stunt Racing,2,0.0008
2819,2024847837,Bee Simulator,2,0.0008
2820,2028367316,Beer Manufacture Simulator,2,0.0008
2821,1864828194,Bendy: Lone Wolf,2,0.0008
2822,1854871799,Beneath Oresa,2,0.0008
2823,1914859283,Best Served Cold,2,0.0008
2824,1645452783,Betomis (Xbox),2,0.0008
2825,1626084065,Beyond Border,2,0.0008
2826,1397033052,BINARY DOMAIN,2,0.0008
2827,338768437,Black The Fall,2,0.0008
2828,366165352,Blacksad - Under the Skin,2,0.0008
2829,2041877435,Blaster Master Zero,2,0.0008
2830,1827427361,Blockman 1988,2,0.0008
2831,1747714306,Blocky Farm,2,0.0008
2832,1480659651,Blood Knights,2,0.0008
2833,1739622609,Blood West,2,0.0008
2834,1480657786,Bloodforge,2,0.0008
2835,1862346957,BloodRayne: ReVamped,2,0.0008
2836,1933262495,Bluey's Quest for the Gold Pen,2,0.0008
2837,1480657102,Braid,2,0.0008
2838,1480657070,Brain Challenge™,2,0.0008
2839,2008100335,Brain simulator,2,0.0008
2840,1744072621,Bratz™: Flaunt your fashion,2,0.0008
2841,1710121709,Brave Escape,2,0.0008
2842,178624005,Breach & Clear: Deadline,2,0.0008
2843,1857840975,Breakout: Recharged,2,0.0008
2844,364252200,Broken Sword 5 - the Serpent’s Curse,2,0.0008
2845,1810243569,Brothers: A Tale of Two Sons Remake,2,0.0008
2846,1923745417,Bug Fables: The Everlasting Sapling,2,0.0008
2847,1648491052,Bulwark: Falconeer Chronicles,2,0.0008
2848,1633674805,Butterfly,2,0.0008
2849,1724764656,Call of Duty®: Ghosts (Windows),2,0.0008
2850,1480659545,CAPCOM ARCADE CABINET,2,0.0008
2851,1931470162,Car Driving School Simulator,2,0.0008
2852,1955794744,CARD SHOP GAME STORE SIMULATOR,2,0.0008
2853,2122614052,Carmageddon: Rogue Shift,2,0.0008
2854,1615345863,Carmen Sandiego,2,0.0008
2855,1855158493,Cartel Tycoon,2,0.0008
2856,1897474813,Castle Walker,2,0.0008
2857,1501266033,CastleStorm - Definitive Edition,2,0.0008
2858,1739606934,Castlevania Advance Collection,2,0.0008
2859,1733505304,Castlevania: Belmont's Curse,2,0.0008
2860,2070449681,Casual Sport Series: Boxing,2,0.0008
2861,1998437509,Casual Sport Series: Hockey,2,0.0008
2862,1801180387,Cat From Hell,2,0.0008
2863,1714744209,Catacomb Master,2,0.0008
2864,1744298534,Catlateral Damage: Remeowstered,2,0.0008
2865,2055495747,Cats and Seek : Tokyo,2,0.0008
2866,1808224088,Cave Bad,2,0.0008
2867,1872307318,Chef Life: A Restaurant Simulator,2,0.0008
2868,1644979601,Chernobylite Complete Edition,2,0.0008
2869,728813194,Citadel: Forged with Fire,2,0.0008
2870,1703939860,Clash: Artifacts of Chaos,2,0.0008
2871,1414596570,Conan,2,0.0008
2872,1906275446,Connect In A Row Puzzle Solver,2,0.0008
2873,1731932733,Constance,2,0.0008
2874,1480656920,Contra,2,0.0008
2875,2011564314,Contra: Operation Galuga,2,0.0008
2876,2113258996,Core Keeper,2,0.0008
2877,1642353875,Craftopia (Game Preview),2,0.0008
2878,963702216,Crayola Scoot,2,0.0008
2879,2101159611,Crazy Taxi: World Tour,2,0.0008
2880,1687740829,Croc's World 3,2,0.0008
2881,1816542854,Crystal Veins,2,0.0008
2882,2093569775,Culdcept The First Saturn Tribute,2,0.0008
2883,1878422436,Cut Fruit With A Samurai Sword,2,0.0008
2884,1705627827,CYGNI: All Guns Blazing,2,0.0008
2885,1033012343,D4: Dark Dreams Don't Die,2,0.0008
2886,1643246182,Dark Burial: Enhanced Edition,2,0.0008
2887,1991801140,Dark Light,2,0.0008
2888,1480656930,Darwinia+,2,0.0008
2889,1762192861,DC's Justice League: Cosmic Chaos,2,0.0008
2890,1842049989,DCL-The Game,2,0.0008
2891,1869817076,Dead Dungeon,2,0.0008
2892,1480657531,Dead Space™ Ignition,2,0.0008
2893,1313671278,Dead to Rights,2,0.0008
2894,2075268737,Deadliest Catch: The Game,2,0.0008
2895,1229916116,DEADLY PREMONITION,2,0.0008
2896,1480656950,DIG DUG,2,0.0008
2897,1836115301,Docked,2,0.0008
2898,1723380574,Dominus Mahjong Arcana,2,0.0008
2899,1688269618,"Don't Die, Minerva! (Game Preview)",2,0.0008
2900,1480656932,DOOM,2,0.0008
2901,1621285366,DOOM (1993),2,0.0008
2902,2010409612,DOUBLE DRAGON,2,0.0008
2903,2082494703,DOUBLE DRAGON Ⅱ: The Revenge,2,0.0008
2904,534038970,Dovetail Games Euro Fishing,2,0.0008
2905,2084687312,Dragon's Lair Trilogy,2,0.0008
2906,1648958347,Dragon Quest Heroes: Torneko‘s Mystery Dungeon -Classic HD-,2,0.0008
2907,1721217822,Drake Hollow,2,0.0008
2908,2104125318,DreamWorks Trolls Remix Rescue,2,0.0008
2909,776943591,DUCATI - 90th Anniversary,2,0.0008
2910,1861826241,Duck Simulator 2,2,0.0008
2911,1891372981,Duck Simulator Lite,2,0.0008
2912,1995684972,Dune: Spice Wars,2,0.0008
2913,1799540443,Dungeons & Dragons Neverwinter Nights 2: Enhanced Edition,2,0.0008
2914,1480659907,Dungeons & Dragons: Chronicles of Mystara,2,0.0008
2915,1771234675,Dungeons 4,2,0.0008
2916,2109350810,Dungeons Of Hinterberg,2,0.0008
2917,1891307332,Dustborn,2,0.0008
2918,1833286656,Dustland Delivery,2,0.0008
2919,419391420,EA SPORTS™ NBA LIVE 15,2,0.0008
2920,1741300205,Earthion,2,0.0008
2921,1874135365,EDENS ZERO,2,0.0008
2922,1996027459,Educational Games for Kids (Cross-Buy),2,0.0008
2923,1983248568,Eiyuden Chronicle: Hundred Heroes,2,0.0008
2924,2143134995,"El Paso, Elsewhere",2,0.0008
2925,1880538296,ElecHead,2,0.0008
2926,1748036661,Electrician Simulator,2,0.0008
2927,2123616524,Emergency Room Simulator,2,0.0008
2928,651709478,Emily Wants to Play Too,2,0.0008
2929,1704101432,Empyreal,2,0.0008
2930,1917441524,Escape from Ever After,2,0.0008
2931,1787141551,Escape Sequence,2,0.0008
2932,1756983532,Evil Genius 2: World Domination,2,0.0008
2933,1989971377,Exit the Gungeon,2,0.0008
2934,1887182103,F1® Manager 2022,2,0.0008
2935,1129121874,F1™ 2014,2,0.0008
2936,1851718938,FANTASY LIFE i: The Girl Who Steals Time,2,0.0008
2937,1814653009,FAR: Changing Tides,2,0.0008
2938,1775112361,Farm Tycoon,2,0.0008
2939,1640889440,Farmer Survivors,2,0.0008
2940,1079518187,FINAL FANTASY TYPE-0 HD,2,0.0008
2941,585022010,FINAL FANTASY TYPE-0™ HD,2,0.0008
2942,1956402951,Final Vendetta,2,0.0008
2943,1733492292,Finding Frankie,2,0.0008
2944,2089457960,Fishing: Barents Sea,2,0.0008
2945,1792158880,Flappy Frog,2,0.0008
2946,1805134071,FlipCat,2,0.0008
2947,386153688,FLYING TIGERS: SHADOWS OVER CHINA,2,0.0008
2948,1878177674,Fogpiercer,2,0.0008
2949,1703928788,Fool's Pub,2,0.0008
2950,2112426479,Forensics: Crime Scene Detective,2,0.0008
2951,1975562587,Forgive Me Father,2,0.0008
2952,1882538785,Forgive Me Father 2,2,0.0008
2953,1926405394,Friday the 13th: Killer Puzzle,2,0.0008
2954,1858731712,Froggy Hates Snow,2,0.0008
2955,2090461480,Fuga: Melodies of Steel,2,0.0008
2956,1627281209,FUSER™,2,0.0008
2957,1677736955,Galactic Vault,2,0.0008
2958,1480657083,Galaga Legions,2,0.0008
2959,2077809328,Garten of Banban 4,2,0.0008
2960,2005313515,Garten of Banban 7,2,0.0008
2961,1807197846,Gearshifters,2,0.0008
2962,1935789173,Gigantic: Rampage Edition,2,0.0008
2963,1641056892,Gloomhaven,2,0.0008
2964,1770092694,Going Under,2,0.0008
2965,2094693316,Golfing in Aether,2,0.0008
2966,529515303,Gone Home,2,0.0008
2967,2079183119,Gord,2,0.0008
2968,1977804752,Gothic Classic,2,0.0008
2969,1629480703,GRADIUS ORIGINS,2,0.0008
2970,1765168642,Grand Poker Casino,2,0.0008
2971,1737875841,GRIME,2,0.0008
2972,671675837,GRIP,2,0.0008
2973,1821397642,GRIS,2,0.0008
2974,2086871459,Ground Zero,2,0.0008
2975,1480657707,GUARDIAN HEROES (TM),2,0.0008
2976,1973819083,Guards,2,0.0008
2977,1936375380,Gungrave G.O.R.E,2,0.0008
2978,606152324,GWENT: The Witcher Card Game,2,0.0008
2979,1631946139,Gym Manager,2,0.0008
2980,1685452800,Hairdresser Simulator,2,0.0008
2981,1822336858,Hand of Fate,2,0.0008
2982,1480657432,Hard Corps: Uprising,2,0.0008
2983,446096627,Hard Reset Redux,2,0.0008
2984,1683854838,Harvest Moon: The Winds of Anthos,2,0.0008
2985,1924130173,Haven,2,0.0008
2986,1695499346,Headbangers: Rhythm Royale,2,0.0008
2987,1928781153,Hellboy Web of Wyrd,2,0.0008
2988,1880774720,Heroes of Hammerwatch - Ultimate Edition,2,0.0008
2989,2000004108,Hidden Cats in Berlin,2,0.0008
2990,1796297550,Hidden Cats in New York,2,0.0008
2991,1825883295,Hidden Cats in Rio de Janeiro,2,0.0008
2992,1667810067,Hidden Kittens: Kingdom of Cats,2,0.0008
2993,1698046377,Highway Police Simulator,2,0.0008
2994,1397819420,Hitman HD Pack,2,0.0008
2995,331529974,Hitman: Blood Money HD,2,0.0008
2996,1638732917,HOP'N'HOARD,2,0.0008
2997,1965970678,Horripilant,2,0.0008
2998,939695563,Hotshot Racing,2,0.0008
2999,1646312420,House Builder,2,0.0008
3000,1822775483,How To Catch Fish,2,0.0008
3001,1026512979,How to Survive: Storm Warning Edition,2,0.0008
3002,1827075606,Human Zoo Tycoon,2,0.0008
3003,1693450318,Hunt: Showdown,2,0.0008
3004,1825844502,HYAKKI YAKO Survivors,2,0.0008
3005,2121552083,I'm in Love With Your Dead Grandmother,2,0.0008
3006,1768174957,I Hear Them,2,0.0008
3007,1986217968,"I, AI",2,0.0008
3008,236834307,"I, Zombie",2,0.0008
3009,1480657435,ilomilo ,2,0.0008
3010,1779354193,Infernax,2,0.0008
3011,1644577583,Ion Fury,2,0.0008
3012,1750788653,Jagged Alliance 3,2,0.0008
3013,1922993793,Jalopy,2,0.0008
3014,1925571425,Jay and Silent Bob: Chronic Blunt Punch,2,0.0008
3015,1480659445,Joe Danger Special Edition,2,0.0008
3016,668950127,Joe Dever’s Lone Wolf Console Edition,2,0.0008
3017,1480656856,Joust,2,0.0008
3018,65384566,Jumanji: The Video Game,2,0.0008
3019,1773156258,Jurassic Park Classic Games Collection,2,0.0008
3020,1206122062,Just Dance 2016,2,0.0008
3021,1003093254,Just Dance 2017®,2,0.0008
3022,1855729960,Just Dance® 2021,2,0.0008
3023,1871788890,Kao the Kangaroo,2,0.0008
3024,1721223782,Katamari Damacy REROLL,2,0.0008
3025,1640763780,KIBORG,2,0.0008
3026,1703270586,Kingdom Come: Deliverance,2,0.0008
3027,1645882991,Kitten Island 2,2,0.0008
3028,1886388305,Kunitsu-Gami: Path of the Goddess,2,0.0008
3029,1794920029,Laika: Aged Through Blood,2,0.0008
3030,2041063925,Lake,2,0.0008
3031,1642491282,Lamentum,2,0.0008
3032,815134214,Lara Croft and the Guardian of Light,2,0.0008
3033,1973808452,Last Oasis (Game Preview),2,0.0008
3034,240478325,Layers of Fear (2016),2,0.0008
3035,1622751657,Leafy Corner,2,0.0008
3036,2055909129,Legacy of Kain: Defiance Remastered,2,0.0008
3037,443209874,Lichdom: Battlemage,2,0.0008
3038,1615223185,Liquor Store Simulator,2,0.0008
3039,1900298867,Little Bear,2,0.0008
3040,2036022873,Little Misfortune,2,0.0008
3041,2056027793,Little Strays,2,0.0008
3042,2095305487,Lootbound,2,0.0008
3043,1631490723,Lost Islands,2,0.0008
3044,1795081986,Luck be a Landlord,2,0.0008
3045,1480656909,Luxor 2,2,0.0008
3046,1480659971,Marlow Briggs,2,0.0008
3047,1060304103,Marooners,2,0.0008
3048,1994706436,Marsupilami 2 – Salsa Palombia,2,0.0008
3049,433988710,MASSIVE CHALICE,2,0.0008
3050,2130574527,Matchpoint - Tennis Championships,2,0.0008
3051,2122561474,Mate'Morphosis,2,0.0008
3052,1953382311,Metro Redux,2,0.0008
3053,2099446354,Midnight Fight Express,2,0.0008
3054,1871640896,MILKY WAY TD SURVIVORS AUTOBATTLER,2,0.0008
3055,1620704918,Minami Lane,2,0.0008
3056,1480656973,Missile Command,2,0.0008
3057,1958464992,Mob Control,2,0.0008
3058,1991869272,Monochrome Order,2,0.0008
3059,2078832385,Monster Energy Supercross 4 - Xbox Series X|S,2,0.0008
3060,1947752727,Monster Hunter Stories 3: Twisted Reflection Trial Version,2,0.0008
3061,2070782109,Monster Prom: XXL,2,0.0008
3062,2128710093,Monster Sanctuary (Windows Version),2,0.0008
3063,186591858,Monstrum,2,0.0008
3064,1885214293,Moo & Move: Extra Grazing Grounds,2,0.0008
3065,1884090207,Moonscars,2,0.0008
3066,819262220,MotoGP™17,2,0.0008
3067,1638883999,Mr.Slime in Dungeon,2,0.0008
3068,1869281587,Mummy Pinball,2,0.0008
3069,1796379923,Murder on the Disorient Express,2,0.0008
3070,1652829137,Mushroom Savior,2,0.0008
3071,905842411,Mutant Football League,2,0.0008
3072,1937457147,Mutant Year Zero: Road to Eden,2,0.0008
3073,1991467401,My Little Universe,2,0.0008
3074,2045736222,My Recycling Center,2,0.0008
3075,2078262992,My Time at Sandrock Online,2,0.0008
3076,1756205157,MySims™,2,0.0008
3077,1653999253,MythForce,2,0.0008
3078,2070906964,NAMCO MUSEUM® ARCHIVES Vol 1,2,0.0008
3079,2086432768,Neva,2,0.0008
3080,910593568,Never Alone (Kisima Ingitchuna),2,0.0008
3081,1737346272,Neverwinter Nights: Enhanced Edition,2,0.0008
3082,1637601167,Nexoria: Dungeon Rogue Heroes,2,0.0008
3083,594585699,Nidhogg 2,2,0.0008
3084,2104142109,Night Slashers: Remake,2,0.0008
3085,2023214653,Night Swarm,2,0.0008
3086,1647467336,Nikoderiko: The Magical World - Director's Cut,2,0.0008
3087,1700516900,NINJA GAIDEN 3: Razor's Edge,2,0.0008
3088,2039473401,NINJA GAIDEN Σ,2,0.0008
3089,1732084298,No Puedes Escapar,2,0.0008
3090,1993181112,Northgard,2,0.0008
3091,1736276958,O.W.L Projekt,2,0.0008
3092,2074956981,Oddworld: Soulstorm Enhanced Edition,2,0.0008
3093,1829560264,One Button Games 5-in-1 vol. 4,2,0.0008
3094,1761865495,One Button Games 5-in-1 vol. 7,2,0.0008
3095,1680665389,One Button Games 5-in-1 vol. 9,2,0.0008
3096,2081394706,Onimusha 2: Samurai's Destiny,2,0.0008
3097,926156714,Onimusha: Warlords,2,0.0008
3098,1620604447,Only Up Rush,2,0.0008
3099,1793239917,Ooblets,2,0.0008
3100,1129121848,Operation Flashpoint: Red River,2,0.0008
3101,1480659435,Orcs Must Die!,2,0.0008
3102,1904294237,Outcast - A New Beginning,2,0.0008
3103,1707434871,Overdrive Blaster,2,0.0008
3104,2002349228,OVERPASS™,2,0.0008
3105,1949523812,Override 2: Super Mech League,2,0.0008
3106,1694775049,Owlbound Tomes,2,0.0008
3107,1480659984,PAC-MAN MUSEUM,2,0.0008
3108,1828865417,PAC-PAC,2,0.0008
3109,2000145726,Party Arcade,2,0.0008
3110,1775966138,PBA Pro Bowling 2021,2,0.0008
3111,1760424877,Penguin Dash!,2,0.0008
3112,1032585022,Phantom Doctrine,2,0.0008
3113,1751873004,Pixapple Adventure,2,0.0008
3114,2071988780,Port Royale 4,2,0.0008
3115,2011990367,Project Winter,2,0.0008
3116,1962369921,Pumpkin Jack,2,0.0008
3117,2049279350,Puzzle Quest: Immortal Edition,2,0.0008
3118,562694050,R.B.I. Baseball 16,2,0.0008
3119,2099711760,R.B.I. Baseball 20,2,0.0008
3120,2119938423,Raid: Shadow Legends,2,0.0008
3121,1623187954,Rally Arcade Classics,2,0.0008
3122,1897447749,ReactorX,2,0.0008
3123,2133414343,Recycling Center Simulator,2,0.0008
3124,1637512046,Red Solstice 2: Survivors Ultimate Edition,2,0.0008
3125,1748326860,RetroMania Wrestling,2,0.0008
3126,1884102336,Return of the Obra Dinn,2,0.0008
3127,1920135375,Rhythm Doctor,2,0.0008
3128,1681031956,Rise Eterna 2,2,0.0008
3129,1263339480,Risen,2,0.0008
3130,1629043783,River City Girls,2,0.0008
3131,1769121996,River City Girls 2,2,0.0008
3132,227770627,Riverbond,2,0.0008
3133,1480657410,Rocket Knight®,2,0.0008
3134,189853082,Rogue Trooper Redux,2,0.0008
3135,1745852530,RollerCoaster Tycoon 3 Complete Edition,2,0.0008
3136,2140018399,RollerCoaster Tycoon Adventures Deluxe,2,0.0008
3137,1850415990,"Rolling Hills: Make Sushi, Make Friends",2,0.0008
3138,2028872815,ROMEO IS A DEAD MAN,2,0.0008
3139,1759610497,Rush Rally Origins,2,0.0008
3140,2068415611,Rust Console Edition - Public Test Branch,2,0.0008
3141,1708768275,Saints Row Boss Factory,2,0.0008
3142,1480657104,Samurai Shodown II,2,0.0008
3143,2104908468,SAMURAI WARRIORS 5,2,0.0008
3144,2124983718,SAND LAND,2,0.0008
3145,1615299687,Santa's Winter Wonders,2,0.0008
3146,1652981346,ScourgeBringer,2,0.0008
3147,2055678343,Screamer,2,0.0008
3148,52620879,Scribblenauts Showdown,2,0.0008
3149,1689725766,Serious Sam: Siberian Mayhem,2,0.0008
3150,2077320849,Shadow Man Remastered,2,0.0008
3151,1939956128,Shadowrun: Dragonfall - Director's Cut PC,2,0.0008
3152,944809057,Shadows: Awakening,2,0.0008
3153,1480659468,Shank™2,2,0.0008
3154,871256460,Shantae: Half-Genie Hero Ultimate Edition,2,0.0008
3155,1933595910,Shaolin vs Wutang 2,2,0.0008
3156,722694197,Sherlock Holmes: The Devil's Daughter,2,0.0008
3157,643894778,Shiness: The Lightning Kingdom,2,0.0008
3158,1811056861,Shred! 2 - ft Sam Pilgrim,2,0.0008
3159,1783788045,SILENT HILL f - Bonus Content,2,0.0008
3160,1480659508,SINE MORA™,2,0.0008
3161,1906073826,Skullgirls 2nd Encore,2,0.0008
3162,1626739731,Sky Survivors,2,0.0008
3163,1480660016,Slender: The Arrival,2,0.0008
3164,1642104324,SlimeFlip,2,0.0008
3165,1480656853,Small Arms,2,0.0008
3166,1645030778,Smart Moves,2,0.0008
3167,1002731481,Snooker Nation Championship,2,0.0008
3168,16468936,So Many Me,2,0.0008
3169,1947447256,Sodaman,2,0.0008
3170,1907729638,Solasta: Crown of the Magister,2,0.0008
3171,1618794811,Solitaire 3D,2,0.0008
3172,543798221,Song of the Deep,2,0.0008
3173,1480659442,SONIC 4 Episode II,2,0.0008
3174,1480659441,Sonic CD,2,0.0008
3175,1480657315,Sonic The Hedgehog 3,2,0.0008
3176,1984977630,Souldiers,2,0.0008
3177,1763680989,Space Science Investigations,2,0.0008
3178,1744487921,Spacebase Startopia,2,0.0008
3179,1507365602,Sparkle Unleashed,2,0.0008
3180,1733255949,Speedball,2,0.0008
3181,1712871656,Spirit Hunters: Infinite Horde,2,0.0008
3182,1734092917,Spirit of the North: Enhanced Edition,2,0.0008
3183,380703582,Splosion Man,2,0.0008
3184,2032251921,Spot Challenge Vol. 2,2,0.0008
3185,1633340711,Spray Paint Simulator,2,0.0008
3186,1804399586,Square Brothers,2,0.0008
3187,1112934457,STAR WARS Jedi Starfighter,2,0.0008
3188,1835454890,Stay Out of the House,2,0.0008
3189,1633458467,SteamWorld Build,2,0.0008
3190,605317845,Stern Pinball Arcade,2,0.0008
3191,1692236270,Stolen Realm,2,0.0008
3192,2027854331,STORY OF SEASONS: A Wonderful Life,2,0.0008
3193,903098188,Strange Brigade,2,0.0008
3194,2051735912,Strategic Mind: The Pacific,2,0.0008
3195,1622218170,Street Outlaws: The List,2,0.0008
3196,2029929513,Strider,2,0.0008
3197,1895471502,Stubbs the Zombie in Rebel Without a Pulse,2,0.0008
3198,1978396801,Styx: Blades of Greed,2,0.0008
3199,2023806716,Styx: Master of Shadows,2,0.0008
3200,1627862029,Sudocats,2,0.0008
3201,1880166267,Sudoku Classic X,2,0.0008
3202,1836526419,Sugar Box,2,0.0008
3203,1882015385,Sugarbound 2,2,0.0008
3204,1798675306,Super Box Delivery: Beyond the Horizon,2,0.0008
3205,1633973784,Super Cyborg,2,0.0008
3206,1628468632,Super Tennis Blast,2,0.0008
3207,1648312485,Super Woden Rally Edge,2,0.0008
3208,1733990238,Supraland: Six Inches Under,2,0.0008
3209,253235216,Surf World Series,2,0.0008
3210,1689702773,Survive on Raft,2,0.0008
3211,1480659532,SVC: ToeJam & Earl,2,0.0008
3212,1918884435,Sword of the Vagrant,2,0.0008
3213,1981157496,System Shock,2,0.0008
3214,1940337295,Taiko no Tatsujin: Rhythm Festival,2,0.0008
3215,2002977221,Tails of Iron,2,0.0008
3216,1879459921,Takotan,2,0.0008
3217,1671975688,Tales of Xillia Remastered,2,0.0008
3218,2076626607,Tank Mechanic Simulator - Reinforced,2,0.0008
3219,1718047845,Tannenberg,2,0.0008
3220,1431504918,TC’s H.A.W.X,2,0.0008
3221,1793267614,Techtonica (Game Preview),2,0.0008
3222,1090851408,TEMBO THE BADASS ELEPHANT,2,0.0008
3223,1037418183,Tennis World Tour,2,0.0008
3224,1881824137,Tetris® Forever,2,0.0008
3225,1837466690,THE BATHROOMS,2,0.0008
3226,1637035694,The Chant,2,0.0008
3227,1414793198,The Darkness,2,0.0008
3228,125965001,The Escapists: The Walking Dead,2,0.0008
3229,1821165740,The Eternal Cylinder,2,0.0008
3230,1966508044,The Golf Club,2,0.0008
3231,1771716407,The Grinch 2: Saving Christmas,2,0.0008
3232,2011673728,THE HOUSE OF THE DEAD 2: Remake,2,0.0008
3233,1918006946,The Inheritance of Crimson Manor,2,0.0008
3234,1811248495,The Jackbox Party Pack 10,2,0.0008
3235,1987184613,The Jackbox Party Pack 9,2,0.0008
3236,1637976314,The Jackbox Survey Scramble,2,0.0008
3237,1860938757,The Last Case of John Morley,2,0.0008
3238,266212283,The Mean Greens - Plastic Warfare,2,0.0008
3239,1414596562,The Outfit,2,0.0008
3240,1647730203,The Relic: First Guardian,2,0.0008
3241,2120497068,The Smurfs - Village Party,2,0.0008
3242,1702440591,The Stairwell,2,0.0008
3243,1652470061,"THE Table Game Deluxe Pack -Mahjong, Go, Shogi, Tsume Shogi, Othello, Card, Hanafuda, Shisen Mahjong Solitaire, Chess, Backgammon-",2,0.0008
3244,307442698,The Turing Test,2,0.0008
3245,2127247278,Thief Simulator 2,2,0.0008
3246,1893820784,Threes!,2,0.0008
3247,1279330262,Thrillville: OTR,2,0.0008
3248,544772182,Thronebreaker: The Witcher Tales,2,0.0008
3249,600509688,Thumper,2,0.0008
3250,1674783293,Thunder Ray,2,0.0008
3251,1480657132,Ticket to Ride,2,0.0008
3252,2002692571,Timberman VS,2,0.0008
3253,1807962365,Tiny Tina's Assault on Dragon Keep: A Wonderlands One-shot Adventure,2,0.0008
3254,2103668444,Tiny Troopers: Global Ops,2,0.0008
3255,1984458321,ToeJam and Earl: Back in the Groove!,2,0.0008
3256,1657526037,Tomb Raider: Legacy of Atlantis,2,0.0008
3257,1961294826,Top Racer Collection,2,0.0008
3258,1480657534,Torchlight,2,0.0008
3259,21471625,Torchlight II,2,0.0008
3260,1842878873,Tour de France 2026,2,0.0008
3261,1702020699,Tourist Bus Simulator,2,0.0008
3262,1112934425,Toy Story Mania!,2,0.0008
3263,1887639245,Tracks - The Train Set Game,2,0.0008
3264,974917521,Train Sim World® 2020,2,0.0008
3265,1729848569,Trainz Simulator: World Tour,2,0.0008
3266,2061866976,Trek to Yomi,2,0.0008
3267,1632272109,Tribe: Primitive Builder,2,0.0008
3268,1845231868,Trine 2: Complete Story,2,0.0008
3269,1112934381,Tron: Evolution,2,0.0008
3270,1894778410,Tropical Jurassic Discovery,2,0.0008
3271,1735843094,Trover Saves the Universe,2,0.0008
3272,911120656,Tumblestone,2,0.0008
3273,2093112005,Turok 3: Shadow of Oblivion Remastered,2,0.0008
3274,1758041918,UNBEATABLE,2,0.0008
3275,2060146885,Unspottable,2,0.0008
3276,1951151775,Vicious Attack Llama Apocalypse,2,0.0008
3277,61090031,Victor Vran,2,0.0008
3278,369299403,Volgarr the Viking,2,0.0008
3279,2022059922,Walk Around And Do Nothing,2,0.0008
3280,2126029714,Wall World 2,2,0.0008
3281,1732740414,Wargroove,2,0.0008
3282,2078235268,"Warhammer 40,000: Shootas, Blood & Teef",2,0.0008
3283,2113105582,Warhammer Age of Sigmar: Realms of Ruin,2,0.0008
3284,1933726959,Warhammer Age of Sigmar: Storm Ground,2,0.0008
3285,1704142080,Warhammer: Chaosbane Slayer Edition Xbox Series X|S,2,0.0008
3286,2145627498,Warshift 2: Machines of Madness,2,0.0008
3287,2110764382,Way of the Hunter 2,2,0.0008
3288,2026783353,Wayfinder,2,0.0008
3289,1629004246,We Love Katamari REROLL+ Royal Reverie,2,0.0008
3290,2039837995,We Were Here Forever,2,0.0008
3291,1788936172,We Were Here Too,2,0.0008
3292,1666548378,Weedcraft Inc,2,0.0008
3293,1995157831,Wildfrost,2,0.0008
3294,1889539152,Wildshade: Unicorn Champions,2,0.0008
3295,2125765747,Windbound,2,0.0008
3296,1807181865,Wizard with a Gun,2,0.0008
3297,1743460039,Wizordum,2,0.0008
3298,2129059621,Wobbledogs Console Edition,2,0.0008
3299,1480657012,Word Puzzle,2,0.0008
3300,1811697311,World War Z,2,0.0008
3301,1751765267,Wrap House Simulator,2,0.0008
3302,1858270096,Wylde Flowers,2,0.0008
3303,2141778943,Xeno Crisis,2,0.0008
3304,1755180052,Yakuza 3 Remastered,2,0.0008
3305,1777058720,Yakuza 5 Remastered,2,0.0008
3306,1002820120,Youtubers Life - OMG Edition,2,0.0008
3307,2081112709,Zaccaria Pinball,2,0.0008
3308,1997965582,Zero Escape: The Nonary Games,2,0.0008
3309,1924883586,ZombCube,2,0.0008
3310,1907198556,Zombie Derby: Pixel Survival,2,0.0008
3311,820078969,Zombie Driver Ultimate Edition,2,0.0008
3312,2044141925,Zombie Survivors,2,0.0008
3313,1695141626,Zombies Ate My Neighbors and Ghoul Patrol,2,0.0008
3314,711381438,Zoo Tycoon,2,0.0008
3315,1835777563,"""Buy The Game, I Have a Gun"" -Sheesh-Man",1,0.0004
3316,1892576814,#Blud,1,0.0004
3317,1657880578,#WarGames,1,0.0004
3318,253370787,>observer_,1,0.0004
3319,28833378,10 Second Ninja X,1,0.0004
3320,191750219,101 Ways To Die,1,0.0004
3321,188225844,11-11 Memories Retold,1,0.0004
3322,1869731177,16-Bit Soccer,1,0.0004
3323,1653986363,1f y0u're a gh0st ca11 me here!,1,0.0004
3324,2041634175,2048 Maniac,1,0.0004
3325,1671592821,2D Bike Racing,1,0.0004
3326,1855137956,2URVIVE,1,0.0004
3327,2094746370,34 Sports Games - World Edition,1,0.0004
3328,1765279855,3D Billiards - Pool & Snooker - Remastered,1,0.0004
3329,2146388451,3XTINCTION,1,0.0004
3330,1414596667,50 Cent: BotS,1,0.0004
3331,1980412525,50 Years,1,0.0004
3332,1714878640,60 Seconds!,1,0.0004
3333,2012705074,7th Domain: Tree of Chaos,1,0.0004
3334,2007033271,80's OVERDRIVE,1,0.0004
3335,323834939,88 Heroes,1,0.0004
3336,1983088228,9 Lives To Defend,1,0.0004
3337,1918072947,A Maze Against Time,1,0.0004
3338,369070271,A Pixel Story,1,0.0004
3339,1629925858,A Winter's Daydream,1,0.0004
3340,1692343738,A.I.L.A,1,0.0004
3341,1824287216,Aaero2,1,0.0004
3342,1060271764,ACA NEOGEO AERO FIGHTERS 2,1,0.0004
3343,955101050,ACA NEOGEO BASEBALL STARS 2,1,0.0004
3344,934133999,ACA NEOGEO GAROU: MARK OF THE WOLVES,1,0.0004
3345,1070225934,ACA NEOGEO KING OF THE MONSTERS,1,0.0004
3346,511809777,ACA NEOGEO NAM-1975,1,0.0004
3347,398726065,ACA NEOGEO NINJA COMBAT,1,0.0004
3348,483384785,ACA NEOGEO PUZZLE BOBBLE 2,1,0.0004
3349,418426882,ACA NEOGEO REAL BOUT FATAL FURY SPECIAL,1,0.0004
3350,922642042,ACA NEOGEO SAMURAI SHODOWN II,1,0.0004
3351,834096794,ACA NEOGEO SAMURAI SHODOWN IV,1,0.0004
3352,716586524,ACA NEOGEO SAVAGE REIGN,1,0.0004
3353,625867999,ACA NEOGEO SHOCK TROOPERS,1,0.0004
3354,53958575,ACA NEOGEO SHOCK TROOPERS 2nd Squad,1,0.0004
3355,537999743,ACA NEOGEO STREET HOOP,1,0.0004
3356,300527443,ACA NEOGEO THE KING OF FIGHTERS '94,1,0.0004
3357,420401391,ACA NEOGEO THE KING OF FIGHTERS 2000,1,0.0004
3358,442527816,ACA NEOGEO THE KING OF FIGHTERS 2001,1,0.0004
3359,678033734,ACA NEOGEO THE KING OF FIGHTERS 2003,1,0.0004
3360,15605529,ACA NEOGEO WORLD HEROES 2 JET,1,0.0004
3361,1072246689,ACA NEOGEO WORLD HEROES PERFECT,1,0.0004
3362,1835165280,Access Denied: Escape,1,0.0004
3363,2023402980,Achilles: Legends Untold,1,0.0004
3364,2132000502,ACL Pro Cornhole,1,0.0004
3365,1672129931,Across the Obelisk,1,0.0004
3366,1776750293,Active Soccer 2019,1,0.0004
3367,1790739309,Ad Infinitum,1,0.0004
3368,1849400719,Adios,1,0.0004
3369,219620906,ADIOS Amigos,1,0.0004
3370,1923017469,Adrian's Tale,1,0.0004
3371,344925310,Adventure Time: Finn and Jake Investigations,1,0.0004
3372,926156758,Adventure Time: Secret (2014),1,0.0004
3373,1640203944,AER - Memories of Old,1,0.0004
3374,1791497779,Agatha Christie - Death on the Nile,1,0.0004
3375,2084317224,Age of Empires Mobile: PC Edition,1,0.0004
3376,1630807758,Age of Water,1,0.0004
3377,1843393925,Agefield High: Rock the School,1,0.0004
3378,1838321370,Ages of Mages: the last keeper,1,0.0004
3379,1651580938,Aggelos,1,0.0004
3380,1858896649,"Ah, Love!",1,0.0004
3381,1922741539,AI: THE SOMNIUM FILES,1,0.0004
3382,1998975942,Air Race Assault,1,0.0004
3383,1480660006,AirMech Arena,1,0.0004
3384,2116588551,Airoheart,1,0.0004
3385,90880037,Airport Simulator 2019,1,0.0004
3386,1973954835,Akai Katana Shin,1,0.0004
3387,2036577806,Akane,1,0.0004
3388,1616416590,Akinakes,1,0.0004
3389,1643964549,Alchemist: Journey of The Soul,1,0.0004
3390,1897859596,Alice Sisters,1,0.0004
3391,1758633519,Alien Hominid HD,1,0.0004
3392,2114588816,Alien Invaders Campaign: Our Last Days,1,0.0004
3393,1790332447,Alien: Rogue Incursion Evolved Edition,1,0.0004
3394,2077540326,Alina of the Arena,1,0.0004
3395,1791296322,All of Us Are Dead...,1,0.0004
3396,2118440035,All The Words She Wrote,1,0.0004
3397,1997651308,All You Need is Help,1,0.0004
3398,1719440805,Alone in the Dark,1,0.0004
3399,1725954584,Alpacapaca Dash,1,0.0004
3400,173777692,Alto's Adventure,1,0.0004
3401,1922218042,Amazing Weekend Search and Relax Collector's Edition,1,0.0004
3402,1741135504,American Mafia,1,0.0004
3403,1671043316,Ancient Ants Adventure,1,0.0004
3404,1655595028,Andromeda Survivors,1,0.0004
3405,2013124674,Angle Of Attack,1,0.0004
3406,2082514516,Angry Birds Star Wars,1,0.0004
3407,1828567307,Angry Video Game Nerd I & II Deluxe,1,0.0004
3408,811324103,Anima: Gate of Memories - The Nameless Chronicles,1,0.0004
3409,1480659481,Anomaly Warzone Earth,1,0.0004
3410,2068205998,Apex Heroines,1,0.0004
3411,1878021400,Aquapark io,1,0.0004
3412,2011902288,Aquarium Designer,1,0.0004
3413,1611092700,Ara History Untold: Anniversary Edition,1,0.0004
3414,1825903159,Arashi Gaiden,1,0.0004
3415,1708196061,Arcade Archives 2 AIR COMBAT 22,1,0.0004
3416,1708043314,Arcade Archives 2 Rave Racer,1,0.0004
3417,1896704456,Arcade Archives 2 TEKKEN,1,0.0004
3418,2081200138,Arcade Classics Anniversary Collection,1,0.0004
3419,2099466588,Archvale,1,0.0004
3420,2095899465,Artifact Seekers,1,0.0004
3421,1818664728,Asdivine Cross,1,0.0004
3422,1897858878,Asdivine Hearts,1,0.0004
3423,423441812,Ashes Cricket,1,0.0004
3424,1480659964,Assassin's Creed III: Liberation HD,1,0.0004
3425,487844727,Assault Android Cactus,1,0.0004
3426,1784987658,Assault Suit Leynos 2 Saturn Tribute,1,0.0004
3427,1914158471,Asterix & Obelix Slap Them All! 2,1,0.0004
3428,1982368175,Asterix & Obelix XXXL – The Ram From Hibernia,1,0.0004
3429,1631238072,Astro Miner,1,0.0004
3430,1835249581,ATOM RPG: Post-apocalyptic indie game,1,0.0004
3431,1902834375,Autobahn Police Simulator 3,1,0.0004
3432,1720903665,Autopsy Simulator,1,0.0004
3433,1702244274,Autumn's Journey,1,0.0004
3434,1694852268,Avatar The Last Airbender: Quest for Balance,1,0.0004
3435,1889966255,Avatar World Simulation Life,1,0.0004
3436,1414596577,Avatar: TLA: TBE,1,0.0004
3437,2101231180,Away : The Survival Series,1,0.0004
3438,1484426675,Awesomenauts Assemble!,1,0.0004
3439,55549300,Axiom Verge,1,0.0004
3440,1989717874,Axis Football 2024,1,0.0004
3441,1823463899,Bad Cat,1,0.0004
3442,2078107330,Bad Cheese,1,0.0004
3443,2022506951,Bakery Shop Simulator - Cake Bakery Simulator,1,0.0004
3444,1730080779,Bakery Simulator,1,0.0004
3445,1638157396,Balloball - Ribbit & Rescue,1,0.0004
3446,1689314666,Balloon Rescue,1,0.0004
3447,1618019161,Ballotron Coolbox,1,0.0004
3448,1643697302,Ballotron Oceans,1,0.0004
3449,1843898695,Bangers Unlimited,1,0.0004
3450,1899605529,Barbarous: Survivor's Quest,1,0.0004
3451,892299738,Bard's Gold,1,0.0004
3452,1939312830,Barista Simulator,1,0.0004
3453,1854415183,Barn Finders,1,0.0004
3454,1691092579,Baron: Fur Is Gonna Fly,1,0.0004
3455,2085907029,Baseball League,1,0.0004
3456,1852136408,Basketball Pinball,1,0.0004
3457,1679847034,Batbarian: Testament of the Primordials,1,0.0004
3458,1737614331,BATSUGUN Saturn Tribute Boosted,1,0.0004
3459,350348742,Battle Worlds: Kronos,1,0.0004
3460,1161889755,Battlefield 2: MC,1,0.0004
3461,1902480256,BATTLETECH,1,0.0004
3462,2073930154,Bava Lall,1,0.0004
3463,2009443764,BBQ Simulator: The Squad,1,0.0004
3464,1480657374,BC - Rearmed 2,1,0.0004
3465,1096353751,BCFx,1,0.0004
3466,1785218274,BEAR ESCAPE MISSION,1,0.0004
3467,1768116334,Beat 'Em Up Collection (QUByte Classics),1,0.0004
3468,1755232205,Beat Cop,1,0.0004
3469,1674161494,Beautiful Sakura: Volleyball Club,1,0.0004
3470,1863389993,Bee Flowers,1,0.0004
3471,2140460499,Before We Leave,1,0.0004
3472,1977288437,Behold Battle,1,0.0004
3473,1480659459,Bellator: MMA Onslaught,1,0.0004
3474,1658762775,Best Month Ever!,1,0.0004
3475,1913455981,Beyond a Steel Sky,1,0.0004
3476,2037703927,Beyond Blue,1,0.0004
3477,1955832684,Beyond Good & Evil 20th Anniversary Edition,1,0.0004
3478,1831245668,Beyond the Ice Palace 2,1,0.0004
3479,1671588981,Bible Trivia­,1,0.0004
3480,621760503,Big Crown: Showdown,1,0.0004
3481,2008389504,Big Helmet Heroes,1,0.0004
3482,2099876954,Big Rumble Boxing: Creed Champions,1,0.0004
3483,1686912808,Bigfoot Hunting,1,0.0004
3484,531923308,Bike Mayhem 2,1,0.0004
3485,1964310416,Bio Inc. Redemption,1,0.0004
3486,1854828947,BIOHAZARD VILLAGE Z Version,1,0.0004
3487,2015751229,Bioweaver,1,0.0004
3488,1791245117,Birds Watching,1,0.0004
3489,1772714405,Black Skylands,1,0.0004
3490,1873040721,Black Spades,1,0.0004
3491,730766332,Blackguards 2,1,0.0004
3492,2061970650,BLACKTAIL,1,0.0004
3493,2080382748,Blade Runner Enhanced Edition,1,0.0004
3494,1431504859,Blazing Angels,1,0.0004
3495,2028748673,Bleak Faith,1,0.0004
3496,941698858,Bleed 2,1,0.0004
3497,2134519157,Blood of Mehran,1,0.0004
3498,1682481186,Bloodhound,1,0.0004
3499,1723799507,BloodRayne 2: ReVamped,1,0.0004
3500,869267607,Bloody Zombies,1,0.0004
3501,1648681486,Bloomwalker,1,0.0004
3502,1975889493,Blue Dasher,1,0.0004
3503,1722069710,Bobobby 3D: Stranded Rush,1,0.0004
3504,2013388174,Bones of Halloween,1,0.0004
3505,1480657002,Boom Boom Rocket,1,0.0004
3506,1984334078,Boom Robots,1,0.0004
3507,2041657073,Border Police: Contraband Simulator 2026,1,0.0004
3508,1942358188,Born Of Bread,1,0.0004
3509,2133147977,Botty Bird,1,0.0004
3510,1770279838,BOUNCY BREAD,1,0.0004
3511,1936300879,BQM - BlockQuest Maker,1,0.0004
3512,607618494,"Braid, Anniversary Edition",1,0.0004
3513,311085527,Brawlout,1,0.0004
3514,2091426729,Bread & Fred,1,0.0004
3515,1668214490,BREAKING BRICKS,1,0.0004
3516,1879813340,Breathedge,1,0.0004
3517,1754913361,Brewmaster: Beer Brewing Simulator,1,0.0004
3518,854374790,Brick Breaker,1,0.0004
3519,1771762853,BricksPlus,1,0.0004
3520,58039508,Bridge Constructor Portal,1,0.0004
3521,995337746,Brief Battles,1,0.0004
3522,2067110068,Bright Memory,1,0.0004
3523,2114927250,Brunswick Pro Billiards,1,0.0004
3524,1899809649,Bubble Shooter Viking Pop!,1,0.0004
3525,1777837363,Bucket Truck Construction Simulator,1,0.0004
3526,1180043254,Bullet Soul -Infinite Burst-,1,0.0004
3527,2114128708,Bunny Park,1,0.0004
3528,1908871844,Bunny Parking,1,0.0004
3529,1675322677,Burn in Health,1,0.0004
3530,723100070,BUTCHER,1,0.0004
3531,1762067709,Butterfly 2,1,0.0004
3532,2022947683,BVOVB - Bruising Vengeance of the Vintage Boxer,1,0.0004
3533,1096157374,Cabela's Survival: SoK,1,0.0004
3534,1813758775,Cabernet,1,0.0004
3535,2097501391,Cakey's Twisted Bakery,1,0.0004
3536,1948697209,Can't wait to die,1,0.0004
3537,943602230,Canadian Football 2017,1,0.0004
3538,2113057830,Candivity,1,0.0004
3539,1037026807,Candle Man,1,0.0004
3540,2018993706,Candy Crush Soda Saga,1,0.0004
3541,1843053682,Captain Blood,1,0.0004
3542,1898911506,Car Clean Day,1,0.0004
3543,1913824849,Car Service Simulator,1,0.0004
3544,2016139001,Card Collector Trading Shop,1,0.0004
3545,1986181722,Caretaker Game,1,0.0004
3546,1696049385,Carnivores: Dinosaur Hunt,1,0.0004
3547,1653043226,Carrot Smash,1,0.0004
3548,287508507,Casey Powell Lacrosse 18,1,0.0004
3549,1921702474,Cat Girl Survivor,1,0.0004
3550,1640965998,Cat in Rain,1,0.0004
3551,1987803377,Cat Quest II,1,0.0004
3552,1646378646,Cat Quest III,1,0.0004
3553,1858000832,Caterpillar,1,0.0004
3554,1686916889,Cats and Seek : Kyoto,1,0.0004
3555,2117573270,Cats with Guns,1,0.0004
3556,1654717113,Caverns of Mars: Recharged,1,0.0004
3557,1962218680,Cel Damage HD,1,0.0004
3558,1631654404,Chants of Sennaar (Windows),1,0.0004
3559,497019090,Chasm,1,0.0004
3560,1944645448,Chess Battle,1,0.0004
3561,1827739583,Chess Infinity,1,0.0004
3562,1697386135,Chicken Police - Paint it RED!,1,0.0004
3563,2137663855,Chip ‘n Clawz vs. The Brainioids,1,0.0004
3564,310307954,Chivalry: Medieval Warfare,1,0.0004
3565,1967883584,Chorus,1,0.0004
3566,880657099,Chronos: Before the Ashes,1,0.0004
3567,1627160129,Circuit Superstars,1,0.0004
3568,2003473581,Citizen Sleeper,1,0.0004
3569,1676653592,Citizen Sleeper 2: Starward Vector,1,0.0004
3570,1618799257,CityDriver,1,0.0004
3571,1974519115,Clash Force,1,0.0004
3572,1756546018,Classic Pixel Marioboy Adventures,1,0.0004
3573,1880988322,Classic Pool,1,0.0004
3574,2053080893,Clicker Bugs Attack,1,0.0004
3575,2124727327,Clockwork Aquario,1,0.0004
3576,1622578827,Clockwork Blackout,1,0.0004
3577,1731093976,Clothing Supermarket Store Simulator,1,0.0004
3578,1732400170,Cobra Kai 2: Dojos Rising,1,0.0004
3579,1872936107,Cobra Kai: The Karate Kid Saga Continues,1,0.0004
3580,1610974574,Cocoon,1,0.0004
3581,2087025872,CODE VEIN Trial Edition,1,0.0004
3582,1941723837,Coffee Talk Episode 2: Hibiscus and Butterfly,1,0.0004
3583,2145430901,Coffee Talk Tokyo,1,0.0004
3584,1829995771,Collie Call: The Future is Calling,1,0.0004
3585,2040404955,Colorful Colore,1,0.0004
3586,1480657313,Comix Zone,1,0.0004
3587,1480656929,Commanders: Attack,1,0.0004
3588,1923495076,Concept Destruction,1,0.0004
3589,1755515004,Concordia: Digital Edition - GOTY,1,0.0004
3590,1867541216,Connect 4 - Classics,1,0.0004
3591,1954997644,Construction Simulator 3 - Console Edition,1,0.0004
3592,2041760605,"Cook, Serve, Delicious!",1,0.0004
3593,2097032200,"Cook, Serve, Delicious! 2!!",1,0.0004
3594,1903918497,"Cook, Serve, Delicious! 3?!",1,0.0004
3595,1872937240,Copycat,1,0.0004
3596,1988991827,Corner Kitchen Fast Food Simulator,1,0.0004
3597,1809115559,Corpse Party,1,0.0004
3598,1895803095,Cozy Fireplace,1,0.0004
3599,1753200143,Crack The Egg!,1,0.0004
3600,1729386185,Crash The Fox Bandi,1,0.0004
3601,1684304507,Crazy Cats vs. Crazy Cyborgs,1,0.0004
3602,2026017924,Creaks,1,0.0004
3603,1789418618,Creepy Shift: House For Sale,1,0.0004
3604,1985791411,Cricket 22,1,0.0004
3605,461173340,Crimson Dragon,1,0.0004
3606,2020595605,Critter Dash,1,0.0004
3607,1763402795,Croc's World 2,1,0.0004
3608,1692395829,Croc's World 4,1,0.0004
3609,1771581366,Croc Legend of the Gobbos,1,0.0004
3610,1956748538,Cross the Moon,1,0.0004
3611,1846285148,CrossfireX,1,0.0004
3612,1696763703,Crown Wars: The Black Prince,1,0.0004
3613,1705139809,CrushBorgs,1,0.0004
3614,2087531472,Cry Babies Magic Tears: The Big Game,1,0.0004
3615,1689376479,Crypt of the Serpent King Remastered 4K Edition,1,0.0004
3616,1808506079,Cryptic Realm,1,0.0004
3617,2003918395,Cubic 2 3 4 Player Games,1,0.0004
3618,1946372542,Cubic Odyssey,1,0.0004
3619,1730512265,Curious Expedition 2,1,0.0004
3620,2021467978,Cyanide & Happiness - Freakpocalypse (Episode 1),1,0.0004
3621,1719811824,CyberCorp,1,0.0004
3622,694107204,Dance Central Spotlight,1,0.0004
3623,2026477830,Dandy Ace,1,0.0004
3624,2098109201,Danger Close,1,0.0004
3625,822567888,Danger Zone,1,0.0004
3626,1705868586,Dangerous Driving,1,0.0004
3627,125598351,Dangerous Golf,1,0.0004
3628,1841290462,Dark Alliance,1,0.0004
3629,1679089415,Dark Dungeon Mind Mess,1,0.0004
3630,2056835760,Dark Farts: Parody Smell Edition,1,0.0004
3631,1866432997,Dark Reflection,1,0.0004
3632,1128466400,Dark Void,1,0.0004
3633,1691547506,Darkness and Flame 4: Enemy in Reflection,1,0.0004
3634,1661865075,Dawn of the Monsters,1,0.0004
3635,1800883303,Dazzle Dash,1,0.0004
3636,327419539,de Blob,1,0.0004
3637,1414596709,de Blob 2 (2014),1,0.0004
3638,435507461,Dead Effect 2,1,0.0004
3639,1880055889,DEADCRAFT,1,0.0004
3640,1480657513,Deadliest Warrior,1,0.0004
3641,125143641,Deadlight: Director's Cut,1,0.0004
3642,1684075016,Deadlink,1,0.0004
3643,2108921213,Deadlock Reign,1,0.0004
3644,1837096770,Death's Gambit: Afterlife,1,0.0004
3645,2029303740,Death Elevator,1,0.0004
3646,1909022139,Death Park: 4k Remaster,1,0.0004
3647,1667166711,Deathless. The Hero Quest,1,0.0004
3648,1480657547,DeathSpank: T.O.V.,1,0.0004
3649,1643012526,Decollate Decoration,1,0.0004
3650,2042245331,Deep Beyond,1,0.0004
3651,1620621787,Deep Diving Adventures,1,0.0004
3652,1971145739,Deepest Trench,1,0.0004
3653,1814299019,Defense Zone 3 Ultra HD,1,0.0004
3654,923296121,Defunct,1,0.0004
3655,3469638,Degrees of Separation,1,0.0004
3656,1779096288,Deliver At All Costs,1,0.0004
3657,1906653442,Detective Inspector: Mysterious Clues,1,0.0004
3658,1017462859,Dex,1,0.0004
3659,1901219549,Diablo® IV - Server Slam,1,0.0004
3660,1754131742,Diamond Painting ASMR,1,0.0004
3661,1862471195,Dimensional Animals,1,0.0004
3662,1941545430,Dinosaur Fossil Hunter - Paleontology Simulator,1,0.0004
3663,1697516444,Dinosaur RPG - Dino Survival Simulator Survivor,1,0.0004
3664,1770625509,Disciples: Domination,1,0.0004
3665,3462787,Disco Dodgeball - REMIX,1,0.0004
3666,1737926681,Discounty,1,0.0004
3667,714214153,Disney Fantasia: Music Evolved,1,0.0004
3668,1096026072,Divinity II - DKS,1,0.0004
3669,1915281423,DIY Fashion Star,1,0.0004
3670,1823452826,Dodgeball Academia,1,0.0004
3671,1727787735,Dog’s Donuts,1,0.0004
3672,1889137420,Doggy Up!,1,0.0004
3673,448826978,Dogos,1,0.0004
3674,1751561017,Dollmare,1,0.0004
3675,249733426,Don't Knock Twice,1,0.0004
3676,1860933161,Don't Touch this Button!,1,0.0004
3677,607497985,Don Bradman Cricket 17,1,0.0004
3678,1640354133,Doodle God: Ultimate Edition,1,0.0004
3679,1628599213,Doodle Mafia: Crime City,1,0.0004
3680,1112737777,DOOM 3 BFG Edition,1,0.0004
3681,2100206304,DOOM: The Dark Ages Digital Artbook and Soundtrack,1,0.0004
3682,1793469167,Dorfromantik,1,0.0004
3683,120934966,DragoDino,1,0.0004
3684,1701653588,Dragon Age™: The Veilguard Character Creator,1,0.0004
3685,2103350728,Dragon Is Dead,1,0.0004
3686,1858681275,Dragon Mania Legends,1,0.0004
3687,2113273842,Dragon Ruins II,1,0.0004
3688,2013142116,Dragon Sinker: Descendants of Legend,1,0.0004
3689,1626229535,Dragon Snack,1,0.0004
3690,1853020483,Draw a Stickman: EPIC 2,1,0.0004
3691,2131696465,Drawngeon: Dungeons of Ink and Paper,1,0.0004
3692,1785269648,Dream Doctor,1,0.0004
3693,1734872189,Dream Town Island,1,0.0004
3694,168101896,Dreamfall Chapters,1,0.0004
3695,2078878096,Dreamland Solitaire: Dark Prophecy,1,0.0004
3696,1781025496,Dreamless,1,0.0004
3697,1669152064,Dreamscaper,1,0.0004
3698,141638183,DreamWorks Dragons Dawn of New Riders,1,0.0004
3699,1622387282,DreamWorks Dragons: Legends of The Nine Realms,1,0.0004
3700,1036815571,Drift Zone,1,0.0004
3701,1947615527,Drova - Forsaken Kin,1,0.0004
3702,945282628,Drunk-Fu: Wasted Masters,1,0.0004
3703,1705419305,Dual Bunnies,1,0.0004
3704,2100806769,Duck Life Adventure,1,0.0004
3705,1844836316,Dune: Imperium,1,0.0004
3706,1891276362,Dungeon Clawler,1,0.0004
3707,1868102294,Dungeon Drafters,1,0.0004
3708,1911906130,Dungeon Village 2,1,0.0004
3709,1929330307,Dungeonoid 2 Awakening,1,0.0004
3710,1695734611,Dust & Neon,1,0.0004
3711,2067761315,EA SPORTS™ NBA LIVE 16,1,0.0004
3712,242301355,EA SPORTS™ NHL® 16,1,0.0004
3713,571156610,Earthfall,1,0.0004
3714,109913787,EARTHLOCK,1,0.0004
3715,1480657378,Earthworm Jim HD,1,0.0004
3716,2076671886,Easter Bunny EggVenture (Xbox One),1,0.0004
3717,1977284905,Eastward,1,0.0004
3718,1621792721,EBOLA VILLAGE,1,0.0004
3719,2035278481,Ed-0: Zombie Uprising,1,0.0004
3720,1754599828,Edward (The Game) Sh... Don't tell nobody.,1,0.0004
3721,1851467390,Egg Game 2,1,0.0004
3722,1963912042,Eiyuden Chronicle: Rising,1,0.0004
3723,2086101209,ELDERBORN,1,0.0004
3724,1706704659,Eldest Souls,1,0.0004
3725,1833460510,Elevator Action™ -Returns- S-Tribute,1,0.0004
3726,2096319922,Embr,1,0.0004
3727,1431504870,Enchanted Arms,1,0.0004
3728,2129002058,ENDER MAGNOLIA: Bloom in the Mist,1,0.0004
3729,1997527592,Endling - Extinction is Forever,1,0.0004
3730,1690575171,Endoparasitic,1,0.0004
3731,1835142714,Escape First Alchemist,1,0.0004
3732,1937905739,Espresso Tycoon,1,0.0004
3733,2130707522,Everafter Falls,1,0.0004
3734,1867425405,Evil Inside,1,0.0004
3735,911650903,Evoland Legendary Edition,1,0.0004
3736,1832912519,Exodus: Creepy Time,1,0.0004
3737,524284397,Extinction,1,0.0004
3738,2020213967,ExZeus: The Complete Collection,1,0.0004
3739,1448413160,F.E.A.R. Files,1,0.0004
3740,2034535389,F1® Manager 2023,1,0.0004
3741,750338097,Fable Fortune,1,0.0004
3742,1480657798,Fable Heroes,1,0.0004
3743,1928112883,Fabledom,1,0.0004
3744,1760050791,Fae Farm,1,0.0004
3745,2033129745,Fallen Knight,1,0.0004
3746,1866455351,Fallout 3: Game of the Year Edition,1,0.0004
3747,1655237678,Fallout: New Vegas Ultimate Edition,1,0.0004
3748,1651975869,FANTASIAN Neo Dimension,1,0.0004
3749,1726007892,Fantasy General II: Invasion,1,0.0004
3750,2036551350,FAR: Lone Sails,1,0.0004
3751,1911829644,Farewell North,1,0.0004
3752,1769629692,Farm Builder,1,0.0004
3753,1645447317,Farm Manager 2022,1,0.0004
3754,1731736563,Farm Manager World,1,0.0004
3755,82367207,Farmer's Dynasty,1,0.0004
3756,1620530433,Farming Simulator 18,1,0.0004
3757,1828557775,FarmVille 2: Country Escape,1,0.0004
3758,1709057471,FATAL FRAME: Mask of the Lunar Eclipse,1,0.0004
3759,1661863954,FATE: Reawakened,1,0.0004
3760,2104363067,Fatum Betula,1,0.0004
3761,1431504860,FC Instincts Predator,1,0.0004
3762,1893842455,Fear The Timeloop,1,0.0004
3763,144125902,Fearful Symmetry & the Cursed Prince,1,0.0004
3764,1672045983,Feather,1,0.0004
3765,1976977433,Fell Seal: Arbiter's Mark,1,0.0004
3766,332903703,Fibbage: The Hilarious Bluffing Party Game,1,0.0004
3767,1942567098,Fight Time,1,0.0004
3768,719720294,Figment: Journey Into the Mind,1,0.0004
3769,1614339529,FINAL FANTASY X/X-2 HD Remaster,1,0.0004
3770,1480657373,Final Fight: DblImpact,1,0.0004
3771,1826390129,Find The Cats,1,0.0004
3772,1664216127,Find The Cats 2,1,0.0004
3773,1833491079,Fireball 2,1,0.0004
3774,2137993682,Firefighting Rescue Simulator,1,0.0004
3775,2082350956,Fishing Sim World: Bass Pro Shops Edition,1,0.0004
3776,1811171522,FIVE NIGHTS WITH CREG,1,0.0004
3777,1691539579,Flappy Fly,1,0.0004
3778,774459605,Flashback,1,0.0004
3779,1791966220,Flaskoman,1,0.0004
3780,2093758729,Fling to the Finish,1,0.0004
3781,1653679338,Flintlock: The Siege of Dawn,1,0.0004
3782,1480657209,FLOCK!,1,0.0004
3783,2026236016,Floor 9,1,0.0004
3784,1796337570,Fly Corp,1,0.0004
3785,1847763173,Flying Soldiers,1,0.0004
3786,1711665703,Foot Clinic,1,0.0004
3787,1893921184,Football Guy,1,0.0004
3788,1891391982,Football Manager 2021,1,0.0004
3789,1634118154,Football Manager 2021 Xbox Edition,1,0.0004
3790,2120627175,Football Manager 2023,1,0.0004
3791,2099258504,Football Manager 2023 Console,1,0.0004
3792,1803141715,Football Manager 2024,1,0.0004
3793,1636389490,Football Mini Stars,1,0.0004
3794,1716454905,Forge of Empires,1,0.0004
3795,1720533230,Forza Street,1,0.0004
3796,1980291965,FPV Simulator,1,0.0004
3797,1689950312,Freediving Hunter: Spearfishing the World,1,0.0004
3798,1946693572,Freestyle Football 2 - Prime OBT,1,0.0004
3799,1677365393,Fresh Start,1,0.0004
3800,2052101935,Frog Spit Duels,1,0.0004
3801,2055192299,FRONT MISSION 2: Remake,1,0.0004
3802,1892848210,Frontline 1942: World War 2 Online Shooter,1,0.0004
3803,1129121805,FUEL™,1,0.0004
3804,1857915695,Fuga: Melodies of Steel 3,1,0.0004
3805,1686694199,Full Metal Sergeant,1,0.0004
3806,107791275,FullBlast,1,0.0004
3807,2052173475,Funguys Swarm,1,0.0004
3808,1480657202,FunTown Mahjong,1,0.0004
3809,1717888621,Galaxy Control: Arena,1,0.0004
3810,1629020242,Game Builder Tycoon,1,0.0004
3811,1856172970,Game of Thrones - Episode 1: Iron from Ice,1,0.0004
3812,2007728129,Gangsta Paradise,1,0.0004
3813,2068949722,Garbage Pail Kids: Mad Mike and the Quest for Stale Gum,1,0.0004
3814,2070041345,Garden City,1,0.0004
3815,1750796861,Garden Simulator,1,0.0004
3816,2022597828,Garten of Banban 0,1,0.0004
3817,1644860924,Gato Roboto,1,0.0004
3818,975783814,Gekido Kintaro's Revenge,1,0.0004
3819,711335666,Gene Rain Wind Tower,1,0.0004
3820,1855775027,Genigods : NEZHA,1,0.0004
3821,1915576533,Geometric Sniper,1,0.0004
3822,1711848972,Geometric Sniper Z,1,0.0004
3823,1925360122,Gex Trilogy,1,0.0004
3824,1901501792,GHOST at DAWN,1,0.0004
3825,518374761,Ghost of a Tale,1,0.0004
3826,2004896584,Ghost Trick: Phantom Detective,1,0.0004
3827,1480657545,Ghostbusters: Sanctum of Slime,1,0.0004
3828,1734964144,Ghosts 'n Goblins Resurrection,1,0.0004
3829,1480657167,Gin Rummy,1,0.0004
3830,1768725797,Girls of the Tower,1,0.0004
3831,1933095188,GladMort,1,0.0004
3832,5446773,Glass Masquerade,1,0.0004
3833,1672998639,Glover (QUByte Classics),1,0.0004
3834,1824794947,GNOSIA,1,0.0004
3835,2044959390,GO Fish Classic Cards Play,1,0.0004
3836,1844195280,Go Mecha Ball,1,0.0004
3837,1480657080,Go! Go! Break Steady,1,0.0004
3838,886146124,Goat Simulator: Mmore Goatz Edition,1,0.0004
3839,1657835461,Gods Will Fall,1,0.0004
3840,1952262999,Gods With Guns,1,0.0004
3841,1788626737,Golazo!,1,0.0004
3842,1480657057,Golf: Tee It Up!,1,0.0004
3843,1832133926,Goosebumps: Terror in Little Creek,1,0.0004
3844,2043449905,Gori: Cuddly Carnage,1,0.0004
3845,1297287358,Grabbed by the Ghoulies™,1,0.0004
3846,639447070,Grand Prix Rock 'N Racing,1,0.0004
3847,1657121950,GrassGames Hearts,1,0.0004
3848,1696466008,GRAVEN,1,0.0004
3849,1747348995,Gravitar: Recharged,1,0.0004
3850,2127482510,Graze Counter GM,1,0.0004
3851,2083459521,Greak: Memories of Azur,1,0.0004
3852,1705150859,Greedland,1,0.0004
3853,2080856071,Green Soldiers Heroes: Extreme Bikers,1,0.0004
3854,1981717681,Grey Skies: A War of the Worlds Story,1,0.0004
3855,1973021624,Greyhill Incident,1,0.0004
3856,943719970,GRID,1,0.0004
3857,1129121873,GRID Autosport,1,0.0004
3858,1957032705,Grim Trials,1,0.0004
3859,1923234340,GRIME II,1,0.0004
3860,2039794466,Ground Zero Hero,1,0.0004
3861,1668009445,Grow in the Hole,1,0.0004
3862,2018425452,Guacamelee! 2,1,0.0004
3863,1936785232,Guilt Battle Arena,1,0.0004
3864,1769592885,GUNDAM EVOLUTION,1,0.0004
3865,27466162,Gunscape,1,0.0004
3866,2022315423,Gunsmith Simulator,1,0.0004
3867,1480657318,Gunstar Heroes,1,0.0004
3868,1700604072,Gunstoppable,1,0.0004
3869,1698736128,Guts 'N Goals,1,0.0004
3870,1639551294,GYLT,1,0.0004
3871,2014654365,Halloween - Color by Numbers,1,0.0004
3872,1672000867,Halloween Jumper,1,0.0004
3873,1928525856,Halo: MCC Insider,1,0.0004
3874,1818252125,HammerHelm,1,0.0004
3875,882567557,Hand of the Gods,1,0.0004
3876,928096970,Happy Dungeons,1,0.0004
3877,1480656851,Hardwood Hearts,1,0.0004
3878,1669177732,Harold Halibut,1,0.0004
3879,2078759375,Harvest Days,1,0.0004
3880,2023604348,Hatsune Miku Logic Paint S+,1,0.0004
3881,1638356846,Haunted House Renovator,1,0.0004
3882,1627601214,Heading Out,1,0.0004
3883,1940198155,Headliner: NoviNews,1,0.0004
3884,2125426064,Heavy Metal Machines,1,0.0004
3885,1670362756,Heliborne,1,0.0004
3886,1950272122,Hellpoint,1,0.0004
3887,2041012214,Hero of Fate,1,0.0004
3888,1617375650,Hero Seekers,1,0.0004
3889,1822597971,Hidden Cats in London,1,0.0004
3890,1702609951,Hidden Cats in Paris,1,0.0004
3891,1669048701,Hidden Cats in Spooky Town,1,0.0004
3892,1997691917,Hidden Paws,1,0.0004
3893,2069376846,Hidden Paws Mystery,1,0.0004
3894,1700125109,Hidden Through Time,1,0.0004
3895,1916835570,Hockey Beasts,1,0.0004
3896,1714684733,Hole in Many,1,0.0004
3897,1069384604,Home Sweet Home,1,0.0004
3898,1657530068,Homescapes,1,0.0004
3899,1029573529,Horse Racing 2016,1,0.0004
3900,1880956881,Hot Wheels Monster Trucks: Stunt Mayhem™,1,0.0004
3901,1713780480,HOTEL BARCELONA,1,0.0004
3902,1938281910,Hotel Transylvania: Scary-Tale Adventures,1,0.0004
3903,1691373298,House Fighters: Total Mess,1,0.0004
3904,722916288,Hue,1,0.0004
3905,2017392648,Humans Gone,1,0.0004
3906,2119249637,Hunt Ducks 4,1,0.0004
3907,1498810322,Hunter: The Reckoning,1,0.0004
3908,390164739,Hunting Simulator,1,0.0004
3909,1616900566,Hyper Jam,1,0.0004
3910,846450581,Hyper Universe,1,0.0004
3911,1935779345,HyperDot,1,0.0004
3912,577753036,HyperParasite,1,0.0004
3913,1784847115,Hypnospace Outlaw,1,0.0004
3914,1793634692,I'm on Observation Duty 6,1,0.0004
3915,1785313161,I'm on Observation Duty 8,1,0.0004
3916,2129720796,"I Have No Mouth, and I Must Scream",1,0.0004
3917,1744552935,iDigging,1,0.0004
3918,1480657016,Ikaruga,1,0.0004
3919,1297290212,ilomilo plus,1,0.0004
3920,1882715306,Immersed,1,0.0004
3921,506926504,Impact Winter,1,0.0004
3922,1672730245,In Sound Mind,1,0.0004
3923,2073364771,In The Abyss,1,0.0004
3924,2129874876,Indivisible,1,0.0004
3925,2136871363,Indoor Baseball,1,0.0004
3926,1686154202,Indoor Kickball,1,0.0004
3927,1397819355,Infinite Undiscovery,1,0.0004
3928,2032388189,Infinite war,1,0.0004
3929,642353763,Injustice™ 2 - Standard Edition,1,0.0004
3930,1712511027,Inkulinati,1,0.0004
3931,1734151260,Inspector Gadget - MAD Time Party,1,0.0004
3932,1990306738,Instant Sports Plus,1,0.0004
3933,1805474854,Instruments of Destruction,1,0.0004
3934,1742985601,Into the Restless Ruins,1,0.0004
3935,2037878259,Island Farmer,1,0.0004
3936,1757844217,Islanders,1,0.0004
3937,1759196295,ISLANDERS: New Shores,1,0.0004
3938,606230808,Jack N' Jill DX,1,0.0004
3939,2143076844,Jay and Silent Bob - Mall Brawl,1,0.0004
3940,1629080596,JellyCar Worlds,1,0.0004
3941,1480659418,Jeremy McGrath's Offroad,1,0.0004
3942,1480659527,Jet Set Radio,1,0.0004
3943,1681999465,Jewel Fever 2,1,0.0004
3944,1980398174,Jewel Match Solitaire X,1,0.0004
3945,1480656874,Jewel Quest,1,0.0004
3946,1805677746,Jigsaw Wild: Animal Edition,1,0.0004
3947,1480659446,Joe Danger 2: The Movie,1,0.0004
3948,1832432939,Johnny Trigger,1,0.0004
3949,1815280218,Jonah Lomu Rugby Challenge 4 Remastered,1,0.0004
3950,1869834098,Journey of Johann: Grasslands,1,0.0004
3951,1925586579,Jump King,1,0.0004
3952,1799202116,Jumper Maria,1,0.0004
3953,1775420643,Jurassic Differences,1,0.0004
3954,1144391632,Jurassic Park: The Game,1,0.0004
3955,1716785936,Jusant,1,0.0004
3956,1006362568,Just Dance 2014,1,0.0004
3957,611794133,Just Dance 2019®,1,0.0004
3958,1117499725,JUST DANCE® 2015,1,0.0004
3959,2119531371,K-pop Idol Stories: Road to Debut,1,0.0004
3960,1873447830,KAKU - Ancient Seal,1,0.0004
3961,1674561712,KALIMBA,1,0.0004
3962,2099826853,Kattish,1,0.0004
3963,1799169782,Kawaii Girls Panic,1,0.0004
3964,1975182918,Ken's Pub Quiz,1,0.0004
3965,203593443,Ken Follett's The Pillars of the Earth,1,0.0004
3966,2039051531,Kentum,1,0.0004
3967,632819091,Kerbal Space Program,1,0.0004
3968,1647262896,Kevin,1,0.0004
3969,646403599,Kholat,1,0.0004
3970,1694347727,Kiddy Memory,1,0.0004
3971,2004313785,KILL KNIGHT,1,0.0004
3972,1817077599,Kill The Brickman,1,0.0004
3973,2120517852,Killing Time: Resurrected,1,0.0004
3974,2124401256,King's Bounty II,1,0.0004
3975,1922451592,King's Guard TD,1,0.0004
3976,2060680883,King Arthur: Legion IX,1,0.0004
3977,1672473394,King K Roller,1,0.0004
3978,1957464297,King K Roller 2,1,0.0004
3979,2047676968,King of Tokyo,1,0.0004
3980,1674297685,Kingdom Rush Frontiers,1,0.0004
3981,1700273919,KinnikuNeko: SUPER MUSCLE CAT,1,0.0004
3982,1892832276,Kitaria Fables,1,0.0004
3983,1848104117,Kiting Cat,1,0.0004
3984,2137716551,Klaus Lee - Thunderballs,1,0.0004
3985,1636503815,Klondike Solitaire PLUS,1,0.0004
3986,2090287182,KLONOA Phantasy Reverie Series,1,0.0004
3987,1967544348,Knightica,1,0.0004
3988,2008175655,Knights of Pen and Paper +1 Deluxier Edition,1,0.0004
3989,1954010860,Knock on the Coffin Lid,1,0.0004
3990,2099514704,Koa and the Five Pirates of Mara,1,0.0004
3991,1619851133,Kraken Odyssey,1,0.0004
3992,1615382054,L.O.L. Surprise! B.B.s BORN TO TRAVEL™,1,0.0004
3993,1715299624,LA-MULANA,1,0.0004
3994,930893366,Late Shift,1,0.0004
3995,1750950186,Laundering Simulator,1,0.0004
3996,1872323363,Legal Dungeon,1,0.0004
3997,2105432358,Legends Aligned ,1,0.0004
3998,1712931552,Legends of Heropolis DX,1,0.0004
3999,1660823717,LEGO® Brawls,1,0.0004
4000,1848238632,Leisure Suit Larry - Wet Dreams Don't Dry,1,0.0004
4001,831141864,Leo's Fortune,1,0.0004
4002,1954000337,Leo: The Firefighter Cat,1,0.0004
4003,1992528067,Let's Cook Together,1,0.0004
4004,1848425529,Let's Sing 2025,1,0.0004
4005,1957230512,Let's Sing 2026,1,0.0004
4006,1881618378,Let's Sing ABBA,1,0.0004
4007,2035287816,Let Them Come: Onslaught,1,0.0004
4008,257790124,Lethal League,1,0.0004
4009,813601799,Letter Quest: Grimm's Journey Remastered,1,0.0004
4010,2082943224,Lichtspeer: Double Speer Edition,1,0.0004
4011,1809493458,Lifeless Moon,1,0.0004
4012,1715583830,Light-It Up,1,0.0004
4013,1929376326,Lil Gator Game,1,0.0004
4014,1808985417,Lil Gator Game: Gator of the Year Edition,1,0.0004
4015,1625997162,Liminal Department,1,0.0004
4016,1621586947,Liquid Cats,1,0.0004
4017,2049994218,LISA: The Joyful - Definitive Edition,1,0.0004
4018,1780556395,LISA: The Painful - Definitive Edition,1,0.0004
4019,1728746832,Little Ant Adventure,1,0.0004
4020,1875733322,Little Cat The Lost Key,1,0.0004
4021,779348826,Livelock,1,0.0004
4022,2111359330,Loan Shark,1,0.0004
4023,1480656987,Lode Runner™,1,0.0004
4024,1655848869,Loop Dash,1,0.0004
4025,1886840872,Loop Hero,1,0.0004
4026,1815123311,Loop8: Summer of Gods,1,0.0004
4027,1900726271,Lord of the Click 4,1,0.0004
4028,1798206513,Lost Eidolons,1,0.0004
4029,1128466387,LOST PLANET,1,0.0004
4030,2061418277,Lost Ruins,1,0.0004
4031,1715085609,LoveChoice,1,0.0004
4032,2104061721,Lovecraft's Untold Stories,1,0.0004
4033,2125308381,Lumberjack's Dynasty,1,0.0004
4034,1480656888,LUMINES LIVE!,1,0.0004
4035,1634336729,LUNAR Remastered Collection,1,0.0004
4036,1843517603,Lushfoil Photography Sim,1,0.0004
4037,2095111834,Luto,1,0.0004
4038,1632667399,Machinarium,1,0.0004
4039,1907322955,Mahjongus: Mystery of Fortescue,1,0.0004
4040,1977505997,Maid of Sker,1,0.0004
4041,1693628077,MALL: Tidy UP,1,0.0004
4042,1636466973,Maniac,1,0.0004
4043,798834281,Manual Samuel Last Tuesday Edition,1,0.0004
4044,1925076302,Marathon Server Slam,1,0.0004
4045,908941238,Mark of the Ninja: Remastered,1,0.0004
4046,1918742857,Mars Horizon,1,0.0004
4047,1654028464,Mars Survivor,1,0.0004
4048,1913012021,Marshmallow Marvin,1,0.0004
4049,1641505677,Marshmallow Marvin: Templestone,1,0.0004
4050,1635327057,Marshmallow Marvin: Timberfall,1,0.0004
4051,2101763619,Master Brick Breaker XBox,1,0.0004
4052,1634530395,MathLand,1,0.0004
4053,629912263,Mayan Death Robots: Arena,1,0.0004
4054,2028075036,Mayhem Brawler,1,0.0004
4055,1748081906,Maze: Path of Light,1,0.0004
4056,1989357098,Mazes: Maze Games,1,0.0004
4057,1678654139,Mediterranea Inferno,1,0.0004
4058,1112934356,Meet the Robinsons,1,0.0004
4059,1911247850,Meet Your Maker,1,0.0004
4060,1877544393,Mel The Pyramid Cat,1,0.0004
4061,1615237016,Mel The Space Cat,1,0.0004
4062,2114703539,Memories of Mars,1,0.0004
4063,2071877964,Menace from the Deep: Complete Edition,1,0.0004
4064,1897863055,Meow Moments: Celebrating Geeks & Athletes,1,0.0004
4065,2098595996,Meow Moments: Celebrating Myth & Machine,1,0.0004
4066,1625774388,Meow Moments: Celebrating Renewal & Romance,1,0.0004
4067,1715389090,Meow: Sudoku Cat,1,0.0004
4068,1953976878,Metal Black™ S-Tribute,1,0.0004
4069,1889275388,Metal Eden,1,0.0004
4070,1766280986,METAL SLUG ATTACK RELOADED,1,0.0004
4071,2090925193,Metal Slug Tactics,1,0.0004
4072,1785629179,METAL SLUG ULTIMATE COLLECTION,1,0.0004
4073,1914475682,METAL SUITS: Counter-attack,1,0.0004
4074,2098975173,Metal Wolf Chaos XD,1,0.0004
4075,1651248133,Metal: Hellsinger,1,0.0004
4076,1866333429,METRO 2039,1,0.0004
4077,1712988828,Metro Simulator 2,1,0.0004
4078,1939654144,Mia and the Dragon Princess,1,0.0004
4079,1904531043,MiceGard,1,0.0004
4080,1788751821,Micro Overdrive: Home Tour,1,0.0004
4081,1747564672,Microsoft Treasure Hunt,1,0.0004
4082,2023608003,Midway Supermarket Simulator: Grocery Store Tycoon,1,0.0004
4083,1848425097,Mighty Goose,1,0.0004
4084,1808667646,Mighty No. 9,1,0.0004
4085,2136356568,Mighty Switch Force! Collection,1,0.0004
4086,2039666903,Mika and The Witch's Mountain,1,0.0004
4087,1480657048,Military Madness,1,0.0004
4088,2082615752,Milky Way Prince - The Vampire Star,1,0.0004
4089,2053936784,Mimi the Cat: Mimi's Scratcher,1,0.0004
4090,2109269529,Mina The Hollower,1,0.0004
4091,1954760880,Minigolf Adventure,1,0.0004
4092,1709625152,MiniGolf Tour,1,0.0004
4093,2137239411,Minute of Islands,1,0.0004
4094,2004795446,Miraculous - Paris Under Siege,1,0.0004
4095,1753107898,Missing Banban,1,0.0004
4096,1751444938,Modern War Partner: Agent on Call,1,0.0004
4097,1649640931,Modularis,1,0.0004
4098,1636564978,Momento,1,0.0004
4099,1480657491,Monkey Island 2: SE,1,0.0004
4100,2037531309,Monster Crown,1,0.0004
4101,1899878313,Monster Panic,1,0.0004
4102,2050785251,Monster Prom 2: Monster Camp XXL,1,0.0004
4103,1963210540,Monster Rush Survivors,1,0.0004
4104,2131173467,Monster Survivors,1,0.0004
4105,1781365913,Monster Train,1,0.0004
4106,1983120305,Moon Mystery,1,0.0004
4107,1874811177,Moon Runner: XBOX Edition,1,0.0004
4108,2136659595,Moonbringer,1,0.0004
4109,1719308136,Moonlight Chess,1,0.0004
4110,2046411883,Moss: The Forgotten Relic,1,0.0004
4111,199170438,MOTHERGUNSHIP,1,0.0004
4112,1679505567,Moto Rush GT,1,0.0004
4113,284212046,MotoGP™18,1,0.0004
4114,1679173794,MotoGP™21,1,0.0004
4115,1766907656,MotoGP™21 - Xbox Series X|S,1,0.0004
4116,1652060390,Mouse Dreams,1,0.0004
4117,1937850928,MouseBot: Escape from CatLab,1,0.0004
4118,1908222793,Mr Trials,1,0.0004
4119,1480657084,Mr. DRILLER Online,1,0.0004
4120,1480656951,MS.PAC-MAN,1,0.0004
4121,1640711877,MUDANG: Two Hearts,1,0.0004
4122,448463130,Mugsters,1,0.0004
4123,1894745655,Murder Mystery Machine,1,0.0004
4124,2126139968,Murky Divers,1,0.0004
4125,1681715185,Music Racer: Ultimate,1,0.0004
4126,1995701809,My Cozy Room,1,0.0004
4127,1773001173,My Horse: Bonded Spirits,1,0.0004
4128,2014511480,My Life: Farm Vet,1,0.0004
4129,1781008619,MY LITTLE PONY: A Maretime Bay Adventure,1,0.0004
4130,1774925138,My Little Pony: Magic Princess,1,0.0004
4131,1761109525,My Universe - School Teacher,1,0.0004
4132,2130751187,Mystery Detective Adventure,1,0.0004
4133,1762183733,Mystery Detective Adventure 2,1,0.0004
4134,2084735474,Nachtmahr,1,0.0004
4135,1759805434,Narita Boy,1,0.0004
4136,1985582126,National Saloons,1,0.0004
4137,1629612918,Natural Instincts,1,0.0004
4138,2076732337,Necromunda: Hired Gun (Windows),1,0.0004
4139,631368453,Necropolis,1,0.0004
4140,617479290,Neon Chrome,1,0.0004
4141,1703518315,Neoverse,1,0.0004
4142,1813201689,Neptunia: Sisters VS Sisters,1,0.0004
4143,1905883470,NERF Legends,1,0.0004
4144,157973080,NeuroVoider,1,0.0004
4145,1910350587,New Star™ GP,1,0.0004
4146,2085418848,Nexomon,1,0.0004
4147,1816592098,Niche - a genetics survival game,1,0.0004
4148,2112950649,Nicktoons & The Dice of Destiny,1,0.0004
4149,1866853742,Night at the Gates of Hell,1,0.0004
4150,1940517812,Night Book,1,0.0004
4151,125341318,Night in the Woods,1,0.0004
4152,1480659560,NiGHTS into dreams...,1,0.0004
4153,1020187268,Nine Parchments,1,0.0004
4154,1661259138,NINJA KIDZ: TIME MASTERS,1,0.0004
4155,1779001328,Ninja Nightfall,1,0.0004
4156,1768552103,Ninja Village,1,0.0004
4157,2043833523,Nippon Marathon,1,0.0004
4158,1648813544,No One Lives Under the Lighthouse,1,0.0004
4159,1868841248,Nobody Saves the World,1,0.0004
4160,113676173,NOT A HERO: SUPER SNAZZY EDITION,1,0.0004
4161,1791015991,Nuclear Blaze,1,0.0004
4162,1060326183,Obliteracers,1,0.0004
4163,1727273780,Observation,1,0.0004
4164,500760956,OCCULTIC;NINE,1,0.0004
4165,1650638194,Ocean Oddities,1,0.0004
4166,54254179,Oceanhorn - Monster of Uncharted Seas,1,0.0004
4167,2034276683,Oddsparks: An Automation Adventure,1,0.0004
4168,1778851260,Oddworld: Stranger's Wrath HD,1,0.0004
4169,2035271018,Offroad Masters: Motocross Races,1,0.0004
4170,1820510942,Oh Balls Merge,1,0.0004
4171,1819981071,Old Market Simulator,1,0.0004
4172,1986709804,Omensight,1,0.0004
4173,1979323707,One Button Games 5-in-1,1,0.0004
4174,1629371144,One Button Games 5-in-1 vol. 3,1,0.0004
4175,1802464934,One Button Games 5-in-1 vol. 5,1,0.0004
4176,1640986104,One Button Games 5-in-1 vol. 8,1,0.0004
4177,2128854962,One Lonely Outpost,1,0.0004
4178,118591686,ONRUSH™,1,0.0004
4179,2128728875,Operation: Tango,1,0.0004
4180,1847106181,Oppidum,1,0.0004
4181,1925002026,Order Automatica,1,0.0004
4182,2027066829,Ori and the Blind Forest: Definitive Edition - Nintendo Switch,1,0.0004
4183,1709997248,Our Adventurer Guild,1,0.0004
4184,1930773857,OurSweeper,1,0.0004
4185,85448872,Overlord: Fellowship of Evil,1,0.0004
4186,1958257709,Overpass 2,1,0.0004
4187,2128015370,Owlen and the Starbound Mountain,1,0.0004
4188,1480657015,Pac-Man C.E.,1,0.0004
4189,1906677498,PAC-MAN MUSEUM+,1,0.0004
4190,1618544117,Panda: Shards of Aurora,1,0.0004
4191,2073287258,Paratopic,1,0.0004
4192,2017428565,ParkingJam,1,0.0004
4193,1952969635,Party Hard 2,1,0.0004
4194,1664180760,Passage 4 free Live,1,0.0004
4195,1798400755,Pathologic 2,1,0.0004
4196,1690880486,Pathos,1,0.0004
4197,1901009298,Pawbay,1,0.0004
4198,1876811450,Penarium,1,0.0004
4199,2076010707,Perfect Ninja Painter 2,1,0.0004
4200,1836794259,Phantom Breaker: Battle Grounds Ultimate,1,0.0004
4201,1641334275,Phantom Breaker: Omnia,1,0.0004
4202,577843491,Phar Lap - Horse Racing Challenge,1,0.0004
4203,2080732462,Pickle-Pocalypse,1,0.0004
4204,1760385479,Pile Up! Box by Box,1,0.0004
4205,2115779658,Pinball BigSplash,1,0.0004
4206,1297290209,Pinball FX2,1,0.0004
4207,1809846199,Pirate Bloopers,1,0.0004
4208,1663428955,Pirates Outlaws,1,0.0004
4209,1652494707,Pit Panic,1,0.0004
4210,1890622702,Pixel Gladiator,1,0.0004
4211,1909659328,Pizza Force,1,0.0004
4212,1911968632,PJ Masks Power Heroes: Mighty Alliance,1,0.0004
4213,340271216,Planet Alpha,1,0.0004
4214,1662154584,Platypus Reclayed,1,0.0004
4215,2050176579,Plumbers Don't Wear Ties: Definitive Edition,1,0.0004
4216,1632074385,Plunder Panic,1,0.0004
4217,2043277826,Pocket Bravery,1,0.0004
4218,1847868611,Poetic Trio,1,0.0004
4219,1627618281,POKE-PAINT,1,0.0004
4220,1999452651,Polterguys: Possession Party,1,0.0004
4221,2043431174,Pong by Yesser Studios,1,0.0004
4222,1639635315,Pool Blitz 8 Ball and Snooker Pool,1,0.0004
4223,1665781593,Pool Slide Story,1,0.0004
4224,1264125919,Port Royale 3,1,0.0004
4225,1794659226,PowerSlave Exhumed,1,0.0004
4226,1738616875,Primal Survivors,1,0.0004
4227,1431504908,Prince of Persia,1,0.0004
4228,1480656997,Prince of Persia,1,0.0004
4229,1731606141,Prison of Illusion,1,0.0004
4230,1882609569,Prison Simulator,1,0.0004
4231,2017211163,Prison Tycoon: Under New Management,1,0.0004
4232,2131056255,Prizma Puzzle Prime,1,0.0004
4233,307808103,Pro Fishing Simulator,1,0.0004
4234,2042442887,Pro Flight Simulator,1,0.0004
4235,1690692770,Pro Jank Footy,1,0.0004
4236,1642088148,PROJECT 13,1,0.0004
4237,572054432,Project CARS 3,1,0.0004
4238,1624350228,Project Spark,1,0.0004
4239,1857354336,Project Starship,1,0.0004
4240,1676570198,Protodroid DeLTA,1,0.0004
4241,1720890126,Psalm 5:9-13,1,0.0004
4242,670498748,Pumped BMX +,1,0.0004
4243,2133619629,Punch Club 2: Fast Forward,1,0.0004
4244,1635087490,Puppergeist,1,0.0004
4245,1655939920,Puyo Puyo Champions,1,0.0004
4246,2143360506,Puzzle Bobble™2X/BUST-A-MOVE™2 Arcade Edition & Puzzle Bobble™3/BUST-A-MOVE™3 S-Tribute,1,0.0004
4247,2060419361,Puzzle by Nikoli W Shikaku,1,0.0004
4248,1712756366,PuzzlePet - Feed Your Cat,1,0.0004
4249,1797474847,PuzzMiX,1,0.0004
4250,1798310078,Q-YO Blaster,1,0.0004
4251,753341513,Q*bert REBOOTED: The XBOX One @!#?@! Edition,1,0.0004
4252,1890189073,Q.U.B.E. 10th Anniversary,1,0.0004
4253,1480657096,Quake Arena Arcade,1,0.0004
4254,1697847173,Quake III Arena,1,0.0004
4255,1480659455,Quantum Conundrum,1,0.0004
4256,1992803024,Queen's Quest 3: The End of Dawn (Xbox One Version),1,0.0004
4257,1916618155,Quest Hunter,1,0.0004
4258,1940556661,Quiz Time,1,0.0004
4259,1480657069,R-Type Dimensions™,1,0.0004
4260,1664110632,R-Type® Final 2,1,0.0004
4261,1998043773,R.B.I. Baseball 19,1,0.0004
4262,1970954956,Rabbids Invasion : The Interactive TV Show,1,0.0004
4263,1733215481,Race with Ryan,1,0.0004
4264,319577309,RAD,1,0.0004
4265,1480657492,Radiant Silvergun,1,0.0004
4266,2058870984,Radioactive Dwarfs: Evil From the Sewers,1,0.0004
4267,1902689640,Ragdoll Cart Rider,1,0.0004
4268,1837564150,Ragdoll Fighter,1,0.0004
4269,1644961199,Rage Of The Dragons NEO,1,0.0004
4270,1902587499,Rage Swarm,1,0.0004
4271,1841771506,Raging Bytes,1,0.0004
4272,822866352,Raging Justice,1,0.0004
4273,1833216095,Raiden III x MIKADO MANIAX,1,0.0004
4274,1785274424,Raiden IV x MIKADO remix,1,0.0004
4275,1843263319,Railway Islands - Puzzle,1,0.0004
4276,1939174273,Railway Islands 2,1,0.0004
4277,1859852248,Ram Simulator,1,0.0004
4278,957250252,Rapala Fishing: Pro Series,1,0.0004
4279,1480657184,Raskulls,1,0.0004
4280,1700983074,Rayman Origins: Enhanced Edition,1,0.0004
4281,1987026938,Real Cake Maker,1,0.0004
4282,300650813,Real Farm,1,0.0004
4283,1679987069,Real Heroes: Firefighter HD,1,0.0004
4284,1891198889,Realpolitiks II,1,0.0004
4285,1982760735,Rebel Cops,1,0.0004
4286,126264108,Rebel Galaxy,1,0.0004
4287,1850415513,Rebel Galaxy Outlaw,1,0.0004
4288,1828801405,Red Siren: Space Defense,1,0.0004
4289,676489959,Remothered: Tormented Fathers,1,0.0004
4290,1869863863,REPLICA（レプリカ）,1,0.0004
4291,1775673786,Republic of Pirates,1,0.0004
4292,1775353777,RESEARCH and DESTROY,1,0.0004
4293,1714928281,Resident Evil Veronica,1,0.0004
4294,1935966231,Restaurant Tycoon: My Cooking Empire,1,0.0004
4295,1814618059,Return to Monkey Island,1,0.0004
4296,1854284145,Reus 2,1,0.0004
4297,2050544295,Reversi Ultra+ for PC & XBOX,1,0.0004
4298,1941236671,Revita,1,0.0004
4299,1684526166,Revival: Recolonization,1,0.0004
4300,522156478,Riddled Corpses EX,1,0.0004
4301,1223839444,RIDE,1,0.0004
4302,1720079154,Riders Republic - Trial Week,1,0.0004
4303,761259973,RiME,1,0.0004
4304,1623503769,RiMS Racing,1,0.0004
4305,2099119493,Rise of the Triad: Ludicrous Edition,1,0.0004
4306,2135898119,River City Ransom,1,0.0004
4307,1837362362,Road Kings,1,0.0004
4308,1480657562,Rock of Ages,1,0.0004
4309,1723464141,Rogue Flight,1,0.0004
4310,1888207061,Rogue Lords,1,0.0004
4311,873887021,Rogue Stormers,1,0.0004
4312,2136108787,Rogue Waters,1,0.0004
4313,2131113207,Röki,1,0.0004
4314,1644975436,Rollerdrome,1,0.0004
4315,35048352,ROMANCE OF THE THREE KINGDOMS XIII: Fame and Strategy Expansion Pack Bundle,1,0.0004
4316,1690610806,Romancing SaGa 2,1,0.0004
4317,1674115906,Roots,1,0.0004
4318,2025885075,Rudolph The Red Nosed Reindeer,1,0.0004
4319,2057579327,Rugby League Legends '23,1,0.0004
4320,1719461807,Rugrats: Adventures in Gameland,1,0.0004
4321,1891981031,Runasaurus Rex: Origins,1,0.0004
4322,1680268059,Rune Axe,1,0.0004
4323,1869996068,Runes Quest,1,0.0004
4324,520010865,RWBY: Grimm Eclipse,1,0.0004
4325,2130893948,Ryan's Rescue Squad,1,0.0004
4326,293466353,Saban’s Mighty Morphin Power Rangers: Mega Battle,1,0.0004
4327,1945270822,Saga of the Moon Priestess,1,0.0004
4328,1667098395,Sailing the Winds,1,0.0004
4329,378040902,Salt and Sanctuary,1,0.0004
4330,1480657305,Sam&Max Beyond Time...,1,0.0004
4331,2106675045,Samurai Jack: Battle Through Time,1,0.0004
4332,1706741477,Save Room,1,0.0004
4333,2010124610,Save Your Nuts,1,0.0004
4334,1922162357,Scholar Adventure: Mystery of Silence,1,0.0004
4335,2110448342,Schoolboy Escape - Xbox Edition,1,0.0004
4336,2044653846,ScubaBoys,1,0.0004
4337,1990492211,Sea Salt,1,0.0004
4338,2054684848,Second Extinction™ (Game Preview),1,0.0004
4339,1480657776,Sega Vintage Collection: Alex Kidd & Co.,1,0.0004
4340,1480657778,Sega Vintage Collection: Monster World,1,0.0004
4341,1729553161,Sektori,1,0.0004
4342,1814784440,SENSHI SOKOBAN QUEST,1,0.0004
4343,1641777228,Serious Sam 4,1,0.0004
4344,1727514428,Seven Days Until Morning,1,0.0004
4345,1657708224,Seven Doors,1,0.0004
4346,1480657142,Shadow Complex,1,0.0004
4347,285659276,Shadow Complex Remastered,1,0.0004
4348,2040520199,Shadow Samurai Revenge,1,0.0004
4349,584036319,Shadow Tactics: Blades of the Shogun,1,0.0004
4350,544561028,Shadow Warrior 2,1,0.0004
4351,1935829261,Shadowrun: Hong Kong - Extended Edition,1,0.0004
4352,1161890090,Shadows of the Damned,1,0.0004
4353,2062444881,Shakes on a Plane,1,0.0004
4354,161766595,Shantae and the Pirate's Curse,1,0.0004
4355,1774500212,Shantae: Risky's Revenge - Director's Cut,1,0.0004
4356,1901019717,Shaolin vs Wutang,1,0.0004
4357,1649165999,ShapeHero Factory,1,0.0004
4358,2034056236,Shard Squad,1,0.0004
4359,1713136402,She Wants Me Dead,1,0.0004
4360,1849665143,Sheepo,1,0.0004
4361,2129620077,Sherlock Holmes The Awakened,1,0.0004
4362,36217198,Sherlock Holmes: Crimes and Punishments,1,0.0004
4363,2123021352,Sherlock Holmes: The Devil's Daughter Redux,1,0.0004
4364,1753769822,SHIP SIMULATOR OCEAN FISHING,1,0.0004
4365,2030110989,Shoe it All!,1,0.0004
4366,1894632879,Shoot 1UP DX,1,0.0004
4367,1678445062,Shop & Spot Avenue,1,0.0004
4368,1654809752,Shotgun King: The Final Checkmate,1,0.0004
4369,1635033134,Shoulders of Giants: Ultimate,1,0.0004
4370,1480657017,Shred Nebula,1,0.0004
4371,1263405091,Silent Hill:  Downpour,1,0.0004
4372,1944507069,SimRail - The Railway Simulator,1,0.0004
4373,1920296991,SiN Reloaded,1,0.0004
4374,1645103025,Sin Slayers: Reign of The 8th,1,0.0004
4375,528264958,Sine Mora EX,1,0.0004
4376,2066580949,Sissa's Path,1,0.0004
4377,1926756376,Sizeable,1,0.0004
4378,2021629395,Skautfold: Shrouded in Sanity,1,0.0004
4379,1826666564,Skautfold: Usurper,1,0.0004
4380,1643530242,SKIBIDI BACKROOMS,1,0.0004
4381,2073240970,Skull Island: Rise of Kong,1,0.0004
4382,2109783092,Sky Ball Rolling 3D,1,0.0004
4383,2063272043,Sky Roll!,1,0.0004
4384,112459691,Skydrift Infinity,1,0.0004
4385,288915516,Skyforge,1,0.0004
4386,104681353,SKYHILL,1,0.0004
4387,2095143790,Slasher: Origins,1,0.0004
4388,842462247,Slayaway Camp: Butcher's Cut,1,0.0004
4389,1620391316,Sleepin' Guy Deluxe Edition,1,0.0004
4390,1915054567,Smile For Me,1,0.0004
4391,1079996858,SMITE Public Test Server,1,0.0004
4392,1671676860,Snakeybus,1,0.0004
4393,2100981618,Snaky Snakes,1,0.0004
4394,1698515377,Sniper - Elite Shooter Squad,1,0.0004
4395,1992471200,SNK 40th Anniversary Collection,1,0.0004
4396,1866835346,Snoopy & The Great Mystery Club,1,0.0004
4397,1615555170,Soccer Arena Differences,1,0.0004
4398,1875557727,Sociable Soccer 25,1,0.0004
4399,1368358394,Soda Drinker Pro,1,0.0004
4400,1677669721,Sokobear Spring,1,0.0004
4401,1612526927,Sokobear Winter,1,0.0004
4402,1661096222,SokoNature,1,0.0004
4403,2004155521,SOL DIVIDE -SWORD OF DARKNESS-,1,0.0004
4404,1732062836,Solo Leveling: ARISE OVERDRIVE,1,0.0004
4405,1897725373,Song of Horror,1,0.0004
4406,2112770120,Songs of Conquest,1,0.0004
4407,1813197692,SOS OPS!,1,0.0004
4408,1480657156,SOULCALIBUR,1,0.0004
4409,1896019236,Soulslinger: Envoy of Death,1,0.0004
4410,2123190381,Soundtrack and The Art of Cronos: The New Dawn,1,0.0004
4411,1699406552,Space Accident,1,0.0004
4412,2057206252,Space Adventure : Mercury,1,0.0004
4413,2109986102,Space Crew: Legendary Edition,1,0.0004
4414,1613162036,Space Drone,1,0.0004
4415,1732740329,Space Elite Force 2 in 1,1,0.0004
4416,1980365963,Space Jigsaw Explorer for PC & XBOX,1,0.0004
4417,2019274179,Space Tail: Definitive Edition,1,0.0004
4418,1945826524,Space Warlord Baby Trading Simulator,1,0.0004
4419,1688571860,Spells & Secrets,1,0.0004
4420,2120222634,Spirit of the North 2,1,0.0004
4421,1480657055,SpongeBob SquarePants Underpants Slam!,1,0.0004
4422,2017067425,Spot Challenge Vol. 1,1,0.0004
4423,1693360685,Spot Challenge Vol. 3,1,0.0004
4424,1645584645,Spot Challenge Vol. 4,1,0.0004
4425,1737462111,Spot The Pup,1,0.0004
4426,1397819357,Star Ocean: The Last Hope,1,0.0004
4427,1974921711,STAR WARS™: Episode I: Jedi Power Battles™,1,0.0004
4428,2124275151,Starbound ClawShell Service,1,0.0004
4429,1015961921,Starpoint Gemini Warlords,1,0.0004
4430,687953907,STARWHAL,1,0.0004
4431,1968761430,Steampunk Tower 2,1,0.0004
4432,1328778537,SteamWorld Dig,1,0.0004
4433,1732155244,SteamWorld Heist II,1,0.0004
4434,746088012,Steel Rain X,1,0.0004
4435,2078811113,Steel Seed,1,0.0004
4436,1812322838,Stellar Strider,1,0.0004
4437,2135799767,STELLATUM,1,0.0004
4438,325295891,Steredenn: Binary Stars,1,0.0004
4439,1016114215,Steven Universe: Save the Light,1,0.0004
4440,504562343,Stick it To The Man,1,0.0004
4441,1674315166,Sticky Business,1,0.0004
4442,1794079264,Sticky Twig DASH!,1,0.0004
4443,1915029753,Stock Cars Reimagined,1,0.0004
4444,1752123697,Stock Racing,1,0.0004
4445,2104502032,Stories Untold,1,0.0004
4446,1753146034,STORY OF SEASONS: Grand Bazaar,1,0.0004
4447,1934391570,Street Power Soccer,1,0.0004
4448,1794869036,Strike Force Heroes,1,0.0004
4449,1644555235,STRIKERS 1945,1,0.0004
4450,1795934800,STRIKERS 1945 II,1,0.0004
4451,2120109308,STUFFED,1,0.0004
4452,1746879934,Submerged: Hidden Depths,1,0.0004
4453,754617166,Subterrain,1,0.0004
4454,1957649282,Super Astro Cat,1,0.0004
4455,1841866029,Super Bomberman R Online,1,0.0004
4456,2084457373,Super Double Dragon,1,0.0004
4457,1375034638,Super Dungeon Bros,1,0.0004
4458,1684612075,Super Forklift 3000,1,0.0004
4459,900300132,Super Night Riders,1,0.0004
4460,1245536437,Super Party Sports: Football,1,0.0004
4461,1998863142,Super Pixel Kid 2,1,0.0004
4462,1849290790,Super Scooter,1,0.0004
4463,1537932598,Super Toy Cars,1,0.0004
4464,1708138487,Super Toy Cars 2,1,0.0004
4465,1667615573,Super Weekend Mode,1,0.0004
4466,1654363896,Super Woden GP,1,0.0004
4467,1655214141,Super World Run - Adventure Game,1,0.0004
4468,1839740207,Supraland,1,0.0004
4469,2003002635,Survival: Foutain of Youth - Captain's Edition,1,0.0004
4470,2106445152,Sushi Duel,1,0.0004
4471,1845322433,Suzerain,1,0.0004
4472,1696439887,Swamp TD 2,1,0.0004
4473,1722901011,Sweet Survivors,1,0.0004
4474,1480657001,SWOS,1,0.0004
4475,1681761783,Syberia - Remastered,1,0.0004
4476,2015998604,Syberia - The World Before,1,0.0004
4477,1764032278,Synergia - NextGen Edition,1,0.0004
4478,1932850884,Table Tennis Pro,1,0.0004
4479,1979669220,Tad the Lost Explorer,1,0.0004
4480,1629734223,Tale of Dark Lands,1,0.0004
4481,1999257052,Tales of the Neon Sea,1,0.0004
4482,1699999089,Talisman: Digital 5th Edition,1,0.0004
4483,1979761321,Talking Tom Candy Run,1,0.0004
4484,1780641172,TCG Emporium Card Shop Simulator,1,0.0004
4485,2110974536,Tell Me Your Story,1,0.0004
4486,1825800558,Temtem,1,0.0004
4487,2095791088,Tennis Story,1,0.0004
4488,1713029347,Tennis World Tour 2 - Complete Edition Xbox Series X|S,1,0.0004
4489,1785956954,Teodoro,1,0.0004
4490,1771626735,Terminal 81,1,0.0004
4491,2019592943,Tesla Force,1,0.0004
4492,851304780,Tetraminos,1,0.0004
4493,278122515,The Adventure Pals,1,0.0004
4494,1854327039,The Banner Saga,1,0.0004
4495,720980405,The Banner Saga 2,1,0.0004
4496,57328250,The Blackout Club,1,0.0004
4497,2076835000,"THE CASINO COLLECTION: Ruleta, Vídeo Póker, Tragaperras, Craps, Baccarat, Five-Card Draw Poker, Texas hold 'em, Blackjack and Page One",1,0.0004
4498,2040556094,The Chess+ : PC & XBOX,1,0.0004
4499,1749701057,The Christmas Game,1,0.0004
4500,1969027482,The Complex,1,0.0004
4501,1916261316,The Crackpet Show: Happy Tree Friends Edition,1,0.0004
4502,231381248,The Deer God,1,0.0004
4503,1874894155,The Dragoness: Command of the Flame,1,0.0004
4504,2092675376,The Elder Scrolls III: Morrowind Game of the Year Edition (PC),1,0.0004
4505,2055759763,The Elf on the Shelf®: Christmas Heroes,1,0.0004
4506,1782608966,The Excrawlers,1,0.0004
4507,1685158190,The Expanse: A Telltale Series,1,0.0004
4508,2020422759,The Falconeer,1,0.0004
4509,1969470092,The Fine Art of Murder,1,0.0004
4510,29720212,The Flame in the Flood,1,0.0004
4511,1771770355,The Forgotten City,1,0.0004
4512,1805011202,The Immortal John Triptych,1,0.0004
4513,247774493,The Incredible Adventures of Van Helsing,1,0.0004
4514,1058433943,The Incredible Adventures of Van Helsing III,1,0.0004
4515,1696036019,The Innsmouth Case,1,0.0004
4516,1754337118,The King's Bird,1,0.0004
4517,1795080541,The Knight Witch,1,0.0004
4518,2115010340,The Knightling,1,0.0004
4519,1642253259,The Language Of Love,1,0.0004
4520,2055782857,The Last Kids on Earth and the Staff of Doom,1,0.0004
4521,1930789000,The Last Oricru - Final Cut,1,0.0004
4522,1832298111,THE LAST TRAIN: Baquedano,1,0.0004
4523,1948960688,The Legend of Bum-bo,1,0.0004
4524,1962688125,The Messenger,1,0.0004
4525,2112388320,The Mobius Machine,1,0.0004
4526,1816960683,The Nightmares At The Krusty Krab,1,0.0004
4527,2029175168,The Plucky Squire,1,0.0004
4528,1069677406,The Raven Remastered,1,0.0004
4529,2080785146,The Rise of the Golden Idol,1,0.0004
4530,1969770002,The Sealed Ampoule,1,0.0004
4531,1811878866,The Sleepy Cat Knight,1,0.0004
4532,1693397790,The StoryTale,1,0.0004
4533,1691924451,The Strange Story Of Brian Fisher: Chapter 2,1,0.0004
4534,1946097722,The Tribez,1,0.0004
4535,1965003400,The Unicorn Princess,1,0.0004
4536,1933187511,The Vale: Shadow of the Crown,1,0.0004
4537,1480660146,The Walking Dead: Michonne - Episode 1,1,0.0004
4538,2095070932,the World According to Girl,1,0.0004
4539,1683044366,Thea 2: The Shattering,1,0.0004
4540,1921896806,Them Bombs,1,0.0004
4541,1923406183,There Are No Ghosts at the Grand,1,0.0004
4542,1015340672,Thimbleweed Park,1,0.0004
4543,2016470925,This Bed We Made,1,0.0004
4544,424855892,This Is the Police,1,0.0004
4545,1941546606,Tides of Annihilation,1,0.0004
4546,1902996251,Tides of Tomorrow,1,0.0004
4547,1703402830,Tilesweeper,1,0.0004
4548,1448413146,TimeShift,1,0.0004
4549,2063021282,Tin Can,1,0.0004
4550,1933265108,Tintle's Great Colorful Adventure,1,0.0004
4551,1630771206,Tiny Mage in Puzzle Land,1,0.0004
4552,1701495257,Tiny Tanks Showdown,1,0.0004
4553,1727379133,Tinykin,1,0.0004
4554,2046395333,Titan Chaser,1,0.0004
4555,1810583397,To Farm Lands,1,0.0004
4556,1646531438,To the Moon,1,0.0004
4557,1906715057,To The Sky,1,0.0004
4558,1396901844,Tomb Raider:Legend,1,0.0004
4559,1645311014,Tony and Clyde,1,0.0004
4560,32122245,Tony Hawk's® Pro Skater™ 5,1,0.0004
4561,1804899462,Tools Up - Ultimate Edition,1,0.0004
4562,2025852578,Tools Up!,1,0.0004
4563,2119382094,Total War: Warhammer III,1,0.0004
4564,1760551143,Touhou Luna Nights,1,0.0004
4565,1024441064,Tour de France 2017,1,0.0004
4566,1651850203,Tour de France 2024,1,0.0004
4567,1761882488,Towaga: Among Shadows,1,0.0004
4568,1480657238,Tower Bloxx Deluxe,1,0.0004
4569,703997631,TowerFall Ascension,1,0.0004
4570,1686179203,Township,1,0.0004
4571,1721366178,Toy Soldiers HD,1,0.0004
4572,1977352090,Toy Town Mayhem,1,0.0004
4573,1804852983,Train Station Renovation,1,0.0004
4574,1849823755,Train Traffic Manager,1,0.0004
4575,2075433959,Training Shooter FPS,1,0.0004
4576,1726945595,TRANSFORMERS: Galactic Trials,1,0.0004
4577,1646787217,Treachery in Beatdown City: Ultra Remix,1,0.0004
4578,2147214039,TRIANGLE STRATEGY,1,0.0004
4579,1620022518,Tricky Doors,1,0.0004
4580,75584766,Trine 4: The Nightmare Prince,1,0.0004
4581,1817067023,Trine 5: A Clockwork Conspiracy,1,0.0004
4582,1701821008,Trivia: Knowledge Trainer - the Quiz Game,1,0.0004
4583,1676268108,Trollhunters: Defenders of Arcadia,1,0.0004
4584,89165390,TRON RUN/r,1,0.0004
4585,1760149971,Troopers,1,0.0004
4586,1984314388,Trophy,1,0.0004
4587,1264125916,Tropico 4,1,0.0004
4588,1901813773,Truck-kun is Supporting Me from Another World?!,1,0.0004
4589,2078968222,Truck Driver: The American Dream,1,0.0004
4590,2143164145,Truck Simulator Cargo Driver 2025 - EURO,1,0.0004
4591,1878739850,Truck Simulator Cargo Driver 2025 - USA,1,0.0004
4592,1929543936,Truxton Extreme,1,0.0004
4593,1959159088,Tunguska: The Visitation - Complete Edition,1,0.0004
4594,1799638183,Turbo Overkill,1,0.0004
4595,1804922747,Tux and Fanny,1,0.0004
4596,846759462,Twin Mirror,1,0.0004
4597,1762420024,Twitch Marble,1,0.0004
4598,1952170881,Two Strikes,1,0.0004
4599,1297292136,TY the Tasmanian Tiger™,1,0.0004
4600,87240795,Tyler: Model 005,1,0.0004
4601,1639077434,UFOPHILIA,1,0.0004
4602,1480657763,Ugly Americans: Apocalypsegeddon,1,0.0004
4603,823524527,UglyDolls: An Imperfect Adventure,1,0.0004
4604,1964788774,Ultimate Fishing Simulator,1,0.0004
4605,2074316990,Ultimate General: Gettysburg,1,0.0004
4606,2059671191,Ultimate Racing 2D,1,0.0004
4607,1617989368,Ultimate Zombie Defense,1,0.0004
4608,1629100331,Ultra Foodmess 2,1,0.0004
4609,1611809839,Undead Horde,1,0.0004
4610,2061154621,Under Par Golf Architect,1,0.0004
4611,2117776820,UnderMine,1,0.0004
4612,1942584887,Undivine,1,0.0004
4613,1726842035,Unichrome: A 1-bit Unicorn Adventure,1,0.0004
4614,1932128929,Universal Flight Simulator Extended,1,0.0004
4615,2118758715,Unknown 9: Awakening,1,0.0004
4616,2078938412,Unmourned,1,0.0004
4617,2102312061,Unrailed!,1,0.0004
4618,1622119739,Urban Flow,1,0.0004
4619,2046150115,Use Your Words 2,1,0.0004
4620,1700372911,uVolley,1,0.0004
4621,131540426,Valentino Rossi The Game,1,0.0004
4622,2079180287,Vanity Fair: The Pursuit,1,0.0004
4623,2026071792,Verdict Guilty,1,0.0004
4624,1623987807,Viewfinder,1,0.0004
4625,1066906675,Vikings - Wolves of Midgard,1,0.0004
4626,1636755446,Village of the Curse,1,0.0004
4627,1480659612,Virtua Fighter 2,1,0.0004
4628,1666550470,Volleyball Tournament in Paradise,1,0.0004
4629,812664807,Vostok Inc.,1,0.0004
4630,1704529510,Vzerthos: The Heir of Thunder,1,0.0004
4631,1759773134,Walking Simulator,1,0.0004
4632,1668558799,Wander Stars,1,0.0004
4633,1852023164,War Mongrels,1,0.0004
4634,1697395364,War of Pirate Ships,1,0.0004
4635,2144534939,"War Tanks: Online Tank Warfare Game, Tanks Simulator",1,0.0004
4636,2051276947,War Tech Fighters,1,0.0004
4637,1769772134,Wargroove 2,1,0.0004
4638,1979514848,"Warhammer 40,000: Mechanicus II",1,0.0004
4639,648298719,Warhammer: Chaosbane Xbox One,1,0.0004
4640,1760893557,Warlander,1,0.0004
4641,1698802403,Warp Bot,1,0.0004
4642,1619935626,WarpDrive,1,0.0004
4643,1717020143,Warplanes: WW2 Dogfight,1,0.0004
4644,1679106504,WARRIORS: Abyss,1,0.0004
4645,1794639484,WARTILE,1,0.0004
4646,2065674058,Wavetale,1,0.0004
4647,2114003529,Wax Heads,1,0.0004
4648,930102652,We Sing Pop,1,0.0004
4649,1955199870,We Were Here Together,1,0.0004
4650,2026516560,Webbed,1,0.0004
4651,2072708503,WEED DRUG EMPIRE - SCHEDULE,1,0.0004
4652,2016076229,Weird West: Definitive Edition,1,0.0004
4653,1805720206,Whacking Hell!,1,0.0004
4654,2032711737,What comes after,1,0.0004
4655,2059119705,Wheelox,1,0.0004
4656,1837745362,When the Past was Around,1,0.0004
4657,1810239509,Who Pressed Mute on Uncle Marcus?,1,0.0004
4658,1780460930,Wild Bastards,1,0.0004
4659,1850965631,Wildermyth: Console Edition,1,0.0004
4660,2015433008,WILL: Follow The Light,1,0.0004
4661,2023196561,Witch It,1,0.0004
4662,1996371924,WitchSpring R,1,0.0004
4663,1829649419,Withering Rooms,1,0.0004
4664,1941570025,Wolcen: Lords of Mayhem,1,0.0004
4665,1707905497,Wolfenstein 3D,1,0.0004
4666,1707398569,WolfFang SkullFang Saturn Tribute Boosted,1,0.0004
4667,852417661,Woodle Tree Adventures,1,0.0004
4668,1786507059,Woodo,1,0.0004
4669,1649877246,Woot Woot Game,1,0.0004
4670,322886724,Worbital,1,0.0004
4671,1709000658,Word Quest: Cyberpunk,1,0.0004
4672,1919399595,WORD SEARCH BY JGABRIB,1,0.0004
4673,1834161889,Word Search INFINITE+ : PC & XBOX,1,0.0004
4674,1740791682,Word Stacker - Word Game 2019,1,0.0004
4675,1964417553,Word Sudoku by POWGI,1,0.0004
4676,1709241720,Wordplay: Exercise your brain,1,0.0004
4677,1711900823,World Championship Boxing Manager™ 2,1,0.0004
4678,2060086474,World Geography Trivia Quiz,1,0.0004
4679,521446567,WORLD OF FINAL FANTASY MAXIMA,1,0.0004
4680,1985239734,World of Tanks Blitz (legacy),1,0.0004
4681,1834145283,World of Tennis: Roaring ’20s,1,0.0004
4682,206756614,World of Warships: Legends (Supertest),1,0.0004
4683,1631055981,Worms Rumble,1,0.0004
4684,1480657067,WOTB: Commando 3,1,0.0004
4685,1772830356,Wrack: Reclamation,1,0.0004
4686,775457902,WRC 5 FIA World Rally Championship,1,0.0004
4687,912832008,WRC 7 FIA World Rally Championship,1,0.0004
4688,1645505906,Wreck Runners,1,0.0004
4689,2056599614,Wreckreation,1,0.0004
4690,1663377800,WSOP,1,0.0004
4691,1687514084,WW2 Flight Simulator,1,0.0004
4692,2116610948,WW2: Bunker Simulator,1,0.0004
4693,858615632,Xbox Fitness,1,0.0004
4694,1649362500,Xmas Survivors,1,0.0004
4695,1943121689,Y. Village - The Visitors,1,0.0004
4696,1764107912,Yakuza 4 Remastered,1,0.0004
4697,2132101695,Yars: Recharged,1,0.0004
4698,2035057372,"Yes, Your Grace",1,0.0004
4699,1871819472,Yonder: The Cloud Catcher Chronicles,1,0.0004
4700,1990116831,Yooka-Laylee and the Impossible Lair,1,0.0004
4701,1753658946,Yooperlite,1,0.0004
4702,1905856995,You Suck at Parking® Complete Edition,1,0.0004
4703,2007070358,Young Souls,1,0.0004
4704,1859395867,Z0mb1es! Remastered,1,0.0004
4705,1848677374,ZDQ Island Engagement,1,0.0004
4706,1622515242,ZenTile Mahjong for PC & XBOX,1,0.0004
4707,1753265343,Zero Escape: Zero Time Dilemma,1,0.0004
4708,2064779218,ZERO GUNNER 2-,1,0.0004
4709,916812232,ZHEROS,1,0.0004
4710,1765567475,Ziggy,1,0.0004
4711,1752291141,Zombie Derby,1,0.0004
4712,1841078711,Zombie Derby 2,1,0.0004
4713,1781910183,Zombie Graveyard Simulator,1,0.0004
4714,2129667127,Zombo Buster Advance,1,0.0004
4715,1887036168,Zombuffoonery,1,0.0004
4716,1715509340,Zoo Clues,1,0.0004
4717,1989279553,Zoochosis,1,0.0004
4718,1703114306,Zumania,1,0.0004
4719,1300239418,决战喵星,1,0.0004
4720,1146095613,地球防衛軍４,1,0.0004
4721,2006789741,黄泉ヲ裂ク華,1,0.0004
