rank,title_id,title,players,percentage
1,267695549,Fortnite,56808,20.7079
2,342226876,Roblox - Xbox,47835,17.437
3,1828326430,Minecraft,28338,10.3299
4,2001700854,Call of Duty®,25264,9.2093
5,558797228,Rocket League®,22471,8.1912
6,972249091,Grand Theft Auto V,21523,7.8457
7,2119021593,Subnautica 2 (Game Preview),18566,6.7678
8,1696697876,NBA 2K26,18248,6.6518
9,926771636,Tom Clancy's Rainbow Six Siege,16299,5.9414
10,1852068331,EA SPORTS FC™ 26,12633,4.605
11,2030093255,Forza Horizon 5,12008,4.3772
12,175227487,Apex Legends™,10560,3.8494
13,1840884885,Battlefield™,9394,3.4243
14,1794906646,Marvel Rivals,9286,3.385
15,2079757188,Forza Horizon 6,8345,3.042
16,94618376,Overwatch®,8298,3.0248
17,1631143456,EA SPORTS™ Madden NFL 26,6565,2.3931
18,2118292977,ARC Raiders,5872,2.1405
19,1653663875,EA SPORTS FC™ 25,5514,2.01
20,591405932,Red Dead Redemption 2,5290,1.9283
21,1791650399,MLB® The Show™ 26,4953,1.8055
22,2118102995,EA SPORTS™ College Football 26,4531,1.6517
23,102425831,Dead by Daylight,4265,1.5547
24,1993685552,UFC® 5,4162,1.5172
25,833960563,STAR WARS™ Battlefront™ II,3976,1.4493
26,1924639289,HELLDIVERS™ 2,3854,1.4049
27,1679564487,Outbound,3771,1.3746
28,629270283,Gang Beasts,3703,1.3498
29,1730755212,Mortal Kombat™ 1,3435,1.2521
30,2106683993,skate.™ (Game Preview),3419,1.2463
31,1973901376,Diablo® IV,3337,1.2164
32,222473492,Cyberpunk 2077,3116,1.1359
33,1794566092,Minecraft Launcher,2994,1.0914
34,2119939858,NHL® 26 Xbox Series X|S,2968,1.0819
35,812065290,Halo: The Master Chief Collection,2829,1.0312
36,80579825,Call of Duty: Black Ops III,2715,0.9897
37,1096157379,COD: Black Ops II,2558,0.9325
38,171869406,War Thunder,2475,0.9022
39,1766088016,Farming Simulator 25,2438,0.8887
40,777107394,DayZ,2415,0.8803
41,1992453063,Among Us,2410,0.8785
42,1953759531,Phasmophobia (Game Preview),2397,0.8738
43,687339341,Brawlhalla,2388,0.8705
44,2043073184,Halo Infinite,2374,0.8654
45,2139646219,VALORANT,2338,0.8523
46,1754076455,Crimson Desert,2281,0.8315
47,2003727579,Call of Duty®: Modern Warfare® III,2248,0.8195
48,1689241275,Black Jacket,2140,0.7801
49,2073302268,Ready or Not,2134,0.7779
50,2013614379,Fall Guys,2122,0.7735
51,950328474,PUBG: BATTLEGROUNDS,2025,0.7382
52,609700427,Call of Duty®: Modern Warfare®,2016,0.7349
53,1892245301,ELDEN RING,1997,0.728
54,1717113201,Sea of Thieves: 2026 Edition,1889,0.6886
55,1482870140,Warframe,1844,0.6722
56,1198088771,FOR HONOR,1832,0.6678
57,285358298,Mortal Kombat 11,1803,0.6572
58,1848421257,eFootball™,1789,0.6521
59,252034287,The Elder Scrolls V: Skyrim Special Edition,1712,0.6241
60,144389848,Destiny 2,1708,0.6226
61,1857595573,The Crew Motorfest,1696,0.6182
62,1256782258,Fallout 4,1658,0.6044
63,1928988061,ARK: Survival Ascended,1619,0.5902
64,1950263247,Mixtape,1602,0.584
65,1959007243,Call of Duty®: Modern Warfare® II,1600,0.5832
66,332913499,Fallout 76,1594,0.5811
67,1842668909,Forza Motorsport,1582,0.5767
68,207015551,theHunter: Call of the Wild™,1557,0.5676
69,1852502655,EA SPORTS FC™ 24,1543,0.5625
70,893395429,Rust Console Edition X|S,1526,0.5563
71,638965135,Descenders,1523,0.5552
72,896928775,Minecraft for Windows,1494,0.5446
73,1693340366,Hogwarts Legacy,1479,0.5391
74,1746894998,Roblox - Windows,1479,0.5391
75,140280380,Call of Duty®: WWII,1444,0.5264
76,1855024215,"Warhammer 40,000: Space Marine 2",1380,0.503
77,352040487,Tom Clancy’s The Division 2,1357,0.4947
78,321656011,The Sims™ 4,1350,0.4921
79,374923716,Gears 5,1329,0.4845
80,1892502964,Hades II,1320,0.4812
81,2099828114,THE FINALS,1314,0.479
82,1658810016,Resident Evil Requiem,1310,0.4775
83,945909358,Subnautica,1307,0.4764
84,1766989558,MLB® The Show™ 25,1292,0.471
85,1096157269,Call of Duty®: Black Ops,1263,0.4604
86,1850827024,F1® 25,1240,0.452
87,2022801826,WWE 2K26 Standard Edition,1214,0.4425
88,491582364,Need for Speed™ Heat,1211,0.4414
89,1985701699,Forza Horizon 4,1192,0.4345
90,1634930870,REMATCH,1176,0.4287
91,1732013402,Grounded 2 (Game Preview),1158,0.4221
92,2079794073,Starfield,1146,0.4177
93,1797327516,Palworld,1127,0.4108
94,1715349030,Asphalt Legends,1111,0.405
95,1696147865,Zenless Zone Zero,1110,0.4046
96,1008687929,Mortal Kombat X,1103,0.4021
97,1975246356,Baldur's Gate 3,1101,0.4013
98,1774692913,Goat Simulator 3,1090,0.3973
99,1161890022,Skate 3,1088,0.3966
100,1758796660,Wobbly Life,1075,0.3919
101,1657391528,NBA 2K25,1074,0.3915
102,306230746,Stardew Valley,1064,0.3879
103,1659464109,Elite Dangerous Core,1061,0.3868
104,1479758055,Batman™: Arkham Knight,1046,0.3813
105,1876694512,Madden NFL 25,1026,0.374
106,1615644955,Microsoft Flight Simulator 2024,1024,0.3733
107,623325843,Cuphead,1016,0.3704
108,1161890069,FIGHT NIGHT CHAMPION,1011,0.3685
109,1726497855,PGA TOUR 2K25,1009,0.3678
110,1878915001,SnowRunner,1007,0.3671
111,964706972,No Man's Sky,1002,0.3653
112,1019460860,DRAGON BALL XENOVERSE 2,986,0.3594
113,1938832846,STAR WARS Jedi: Survivor™,982,0.358
114,556718860,Assassin's Creed IV Black Flag,970,0.3536
115,1790482525,Call of Duty®: Black Ops Cold War,968,0.3529
116,983730484,ARK: Survival Evolved,965,0.3518
117,478449077,World of Warships: Legends,961,0.3503
118,2053080068,Genshin Impact,960,0.3499
119,1792405589,Sledding Game,936,0.3412
120,1759802069,EA SPORTS™ College Football 25,934,0.3405
121,964818375,Assassin's Creed Odyssey,931,0.3394
122,1414793202,GTA IV,929,0.3386
123,1386529057,Battlefield™ 1,924,0.3368
124,346683864,Tom Clancy's Ghost Recon Wildlands,920,0.3354
125,1728105232,Assassin's Creed Valhalla,896,0.3266
126,1671990131,MY HERO ULTRA RUMBLE,890,0.3244
127,961090289,Tom Clancy's Ghost Recon Breakpoint,888,0.3237
128,2054716369,It Takes Two,886,0.323
129,1855217179,Golf With Your Friends,875,0.319
130,1830948067,EA SPORTS™ PGA TOUR™,860,0.3135
131,728655825,Plants vs. Zombies™ Garden Warfare 2,853,0.3109
132,1779135141,Riders Republic™,850,0.3098
133,1679027058,Stumble Guys,848,0.3091
134,1682363458,Avatar: Frontiers of Pandora,842,0.3069
135,2105342780,Grounded,835,0.3044
136,1938834516,State of Decay 2: Juggernaut Edition,835,0.3044
137,1699459210,DRAGON BALL Sparking! ZERO,832,0.3033
138,283303390,Wreckfest,830,0.3026
139,2028925271,Trepang2,826,0.3011
140,1669427955,ELDEN RING NIGHTREIGN,815,0.2971
141,2068980019,CarX Drift Racing Online,812,0.296
142,1720309872,Arma Reforger,807,0.2942
143,308190374,LEGO® Star Wars™: The Skywalker Saga,805,0.2934
144,2043906033,MX vs ATV Legends,792,0.2887
145,1285166951,The Elder Scrolls Online,791,0.2883
146,465979625,UFC® 4,791,0.2883
147,2078275456,Content Warning,790,0.288
148,783973363,Dead Island 2,789,0.2876
149,1961305648,Totally Accurate Battle Simulator,786,0.2865
150,1843269941,Chivalry 2,777,0.2832
151,1825113946,PowerWash Simulator,777,0.2832
152,2008767227,Brotato,771,0.281
153,1972007641,Kingdom Come: Deliverance II,761,0.2774
154,1720633196,Minecraft Dungeons,761,0.2774
155,2136186351,MOTORSLICE,761,0.2774
156,389597738,Terraria,757,0.2759
157,447911394,Far Cry® 5,756,0.2756
158,651668093,RESIDENT EVIL 7 biohazard,745,0.2716
159,840116976,World of Tanks Modern Armor,728,0.2654
160,1611895213,Disney Dreamlight Valley,727,0.265
161,374621264,RESIDENT EVIL 2,711,0.2592
162,1947812162,WWE 2K25,710,0.2588
163,1689317374,TCG Card Shop Simulator (Game Preview),698,0.2544
164,1641858093,Albion Online,694,0.253
165,1925947069,FARCRY 6,687,0.2504
166,1928228122,Borderlands®4,685,0.2497
167,1852916479,Resident Evil 4,681,0.2482
168,1805568255,Trailmakers,679,0.2475
169,2063087945,PowerWash Simulator 2,673,0.2453
170,2108722049,Resident Evil Village,673,0.2453
171,1145574011,Titanfall® 2,667,0.2431
172,312881568,Human Fall Flat,663,0.2417
173,2138304024,Rec Room,655,0.2388
174,2103516179,The Outlast Trials,650,0.2369
175,256364670,Battlefield™ V,648,0.2362
176,2111829961,Hell Let Loose,638,0.2326
177,1671080157,Minecraft Preview,620,0.226
178,680942588,STAR WARS Jedi: Fallen Order™,620,0.226
179,1668241504,Hollow Knight: Silksong,618,0.2253
180,2059211995,Hollow Knight: Voidheart Edition,612,0.2231
181,1769971395,Clair Obscur: Expedition 33,611,0.2227
182,792158305,Call of Duty®: Black Ops 4,607,0.2213
183,1702731390,Supermarket Simulator,604,0.2202
184,85494077,Microsoft Solitaire Collection,601,0.2191
185,1998461943,Assassin's Creed Unity,598,0.218
186,1701108859,HITMAN 3,597,0.2176
187,1792830437,Balatro,589,0.2147
188,15959542,DRAGON BALL FIGHTERZ,582,0.2122
189,1733257076,Teardown,580,0.2114
190,2128602192,Bluey: The Videogame,579,0.2111
191,415619002,Watch Dogs®2,578,0.2107
192,504085184,The Crew® 2,577,0.2103
193,1805523441,Call of the Elder Gods,576,0.21
194,1738914043,Assassin's Creed Shadows,560,0.2041
195,1297287339,Gears of War 3,557,0.203
196,308654313,Overcooked! 2,557,0.203
197,1993741445,SMITE 2 (Game Preview),555,0.2023
198,940594756,World War Z,552,0.2012
199,2069980568,The First Descendant,549,0.2001
200,1484511986,Battlefield 4,548,0.1998
201,2120617189,Invincible VS,547,0.1994
202,1728296368,Vampire Crawlers: The Turbo Wildcard from Vampire Survivors,542,0.1976
203,552499398,Gears of War 4,541,0.1972
204,1902585111,DOOM: The Dark Ages,540,0.1968
205,1096157387,Modern Warfare® 3,534,0.1947
206,2019012309,Star Wars Outlaws,534,0.1947
207,1891953464,CloverPit,533,0.1943
208,642156375,Crash™ Team Racing Nitro-Fueled,533,0.1943
209,2008301104,Wildgate,533,0.1943
210,1744726864,Enlisted,532,0.1939
211,1921177861,Marathon,529,0.1928
212,1112737760,Fallout: New Vegas,528,0.1925
213,45083076,Injustice™ 2,527,0.1921
214,1976117247,Path of Titans (Game Preview),527,0.1921
215,219630713,Halo 5: Guardians,519,0.1892
216,1611225628,JDM: Japanese Drift Master,518,0.1888
217,530462567,The Witcher 3: Wild Hunt – Complete Edition,517,0.1885
218,1952300170,Battlefield™ 2042,516,0.1881
219,2014590773,Car Mechanic Simulator 2021,514,0.1874
220,490838306,Fishing Planet,514,0.1874
221,1747946954,Construction Simulator,509,0.1855
222,1894513996,CarX Street,508,0.1852
223,1821999049,High On Life 2,507,0.1848
224,502034863,Assassin's Creed Origins,506,0.1844
225,183968596,UNO™,501,0.1826
226,1994003829,EA SPORTS™ FIFA 23 Standard Edition,494,0.1801
227,1695979902,The Elder Scrolls IV: Oblivion Remastered,489,0.1783
228,1912862912,Sniper Elite: Resistance,488,0.1779
229,247546985,Destiny,487,0.1775
230,1813567768,Roadside Research (Game Preview),487,0.1775
231,60633334,7 Days to Die,483,0.1761
232,1949641254,TerraTech Legion,483,0.1761
233,345903534,Minecraft: Xbox One Edition,481,0.1753
234,2031971566,A Game About Digging A Hole™,479,0.1746
235,1753744295,"Little Kitty, Big City",479,0.1746
236,2143033449,Monster Hunter Wilds,475,0.1731
237,72159092,Crash Bandicoot™ N. Sane Trilogy,470,0.1713
238,2053555152,Yu-Gi-Oh! Master Duel,467,0.1702
239,1936845110,Cities: Skylines - Remastered,463,0.1688
240,1096157207,Modern Warfare® 2,459,0.1673
241,1854680102,Delta Force,457,0.1666
242,869175187,A Way Out,450,0.164
243,1145753246,Red Dead Redemption,445,0.1622
244,339148107,Insurgency: Sandstorm (Windows),441,0.1608
245,1667928394,Halo Wars 2,440,0.1604
246,1747676401,Planet Coaster 2,440,0.1604
247,453395486,Ultimate Chicken Horse,440,0.1604
248,1736384528,Ben 10: Power Trip,438,0.1597
249,1289871275,Forza Horizon 3,437,0.1593
250,1731202267,Need for Speed™ Unbound,436,0.1589
251,1971845611,Mount & Blade II: Bannerlord,429,0.1564
252,1646978734,Police Simulator: Patrol Officers,428,0.156
253,1615991113,New MONOPOLY®,422,0.1538
254,514291876,Assassin's Creed® The Ezio Collection,421,0.1535
255,1681140332,Aphelion,413,0.1505
256,1096157212,Call of Duty®: WaW,410,0.1495
257,1880744816,Farming Simulator 22,410,0.1495
258,244552082,Left 4 Dead 2,410,0.1495
259,2106583887,TEKKEN 8,404,0.1473
260,2011061477,PRAGMATA,396,0.1444
261,754791096,Call of Duty®: Infinite Warfare,395,0.144
262,830649354,Dying Light,393,0.1433
263,608369389,FAR CRY PRIMAL,393,0.1433
264,1646963350,NHL® 25 Xbox Series X|S,390,0.1422
265,1479895282,PAYDAY 2: CRIMEWAVE EDITION,389,0.1418
266,1028735742,NARUTO SHIPPUDEN™: Ultimate Ninja® STORM 4,388,0.1414
267,1832051520,Crime Scene Cleaner,383,0.1396
268,2132429347,Risk of Rain 2,377,0.1374
269,528369592,Devil May Cry HD Collection,376,0.1371
270,2056728314,inKONBINI: One Store. Many Stories,376,0.1371
271,1777860928,Microsoft Flight Simulator (2020),372,0.1356
272,1857530883,NASCAR 25,372,0.1356
273,859011533,Assassin's Creed® III Remastered,370,0.1349
274,837917131,Deep Rock Galactic,368,0.1341
275,1790216132,Hades,368,0.1341
276,1743309413,Super Meat Boy 3D,368,0.1341
277,1719923985,Undisputed,364,0.1327
278,2068332202,Abiotic Factor,363,0.1323
279,2083118773,REPLACED,358,0.1305
280,1684508835,"Warhammer 40,000: Darktide",357,0.1301
281,1808064759,FIFA 22,356,0.1298
282,2098787950,Age of Empires IV: Anniversary Edition,355,0.1294
283,1480657407,Plants vs. Zombies,354,0.129
284,422207632,Castle Crashers Remastered,352,0.1283
285,2010328709,Assassin's Creed® Mirage,348,0.1269
286,1984680366,Medieval Dynasty,348,0.1269
287,794552001,The Binding of Isaac: Rebirth,344,0.1254
288,678953862,Borderlands 2,343,0.125
289,1911989187,Football Manager 26 Console,341,0.1243
290,568182861,ASTRONEER,340,0.1239
291,341687485,3on3 FreeStyle,339,0.1236
292,1680544459,Dying Light: The Beast,336,0.1225
293,831224608,Need for Speed™ Payback,336,0.1225
294,2075317023,Absolum,335,0.1221
295,749311689,Plants vs. Zombies: Battle for Neighborville™,335,0.1221
296,2135594829,Jurassic World Evolution 2,334,0.1218
297,666757656,Rayman Legends,327,0.1192
298,690285705,The Long Dark,327,0.1192
299,1814675537,Grand Theft Auto: San Andreas – The Definitive Edition,326,0.1188
300,924775200,Devil May Cry 5,325,0.1185
301,1703229686,Split Fiction,324,0.1181
302,2067022016,Call of the Wild: The Angler™,323,0.1177
303,1652862446,Super Mega Baseball™ 4,323,0.1177
304,1631329360,Pixel Strike 3D,322,0.1174
305,2087575977,MOUSE: P.I. For Hire,321,0.117
306,770775860,RESIDENT EVIL 3 for Windows,321,0.117
307,1367952835,Far Cry® 4,320,0.1166
308,1829869520,Gears of War: Reloaded,319,0.1163
309,470244957,LEGO Marvel Super Heroes,319,0.1163
310,2077953041,Clone Drone in the Danger Zone,317,0.1156
311,1045960524,Metro Exodus,316,0.1152
312,980944365,Need for Speed™,314,0.1145
313,1985019983,Crash Bandicoot™ 4: It’s About Time,313,0.1141
314,1041486048,DARK SOULS™ III,313,0.1141
315,2083870981,Who's Your Daddy?!,312,0.1137
316,1863849961,Palia,311,0.1134
317,1465674891,Assetto Corsa,310,0.113
318,1848088335,Subnautica: Below Zero,309,0.1126
319,568218779,Resident Evil 5,303,0.1105
320,1623704813,DEATH STRANDING DIRECTOR'S CUT,302,0.1101
321,564131151,Kerbal Space Program Enhanced Edition,302,0.1101
322,2041941014,Diablo® II: Resurrected™,298,0.1086
323,1768081511,Crusader Kings III,297,0.1083
324,756981192,Borderlands 3,295,0.1075
325,125226722,DARK SOULS™: REMASTERED,295,0.1075
326,331135949,DOOM Eternal (BATTLEMODE),292,0.1064
327,68553410,Kingdom Come: Deliverance,292,0.1064
328,1965191913,F1® 24,290,0.1057
329,872826607,Vigor,288,0.105
330,1873615541,Pool Blitz,287,0.1046
331,828985924,Resident Evil 6,286,0.1043
332,2064168993,Age of Empires II: Definitive Edition,285,0.1039
333,790047319,Sekiro™: Shadows Die Twice - GOTY Edition,285,0.1039
334,244291844,Far Cry 3 Classic Edition,284,0.1035
335,1879115757,Trackmania®,282,0.1028
336,1681220621,STAR WARS™ Battlefront™,280,0.1021
337,1687693597,Assetto Corsa Competizione,276,0.1006
338,2093000869,Slay The Spire,276,0.1006
339,1792227428,Indiana Jones and the Great Circle,275,0.1002
340,1414793208,MCLA: Complete,275,0.1002
341,165599118,Prominence Poker,275,0.1002
342,320504455,Middle-earth™: Shadow of War™,274,0.0999
343,1695638358,Vampire Survivors,274,0.0999
344,1740172423,Totally Reliable Delivery Service,268,0.0977
345,2113731956,Disney Speedstorm,266,0.097
346,2054685746,Mass Effect™ Legendary Edition,266,0.097
347,1972063516,Sifu,266,0.097
348,1693391830,SpongeBob SquarePants™: The Patrick Star Game,265,0.0966
349,1687588412,Street Fighter™ 6,265,0.0966
350,1711563707,House Flipper,264,0.0962
351,1809107273,NHL® 24,264,0.0962
352,954605110,Assassin’s Creed® Rogue Remastered,262,0.0955
353,1877908426,Tony Hawk's™ Pro Skater™ 3 + 4,261,0.0951
354,810101074,Dead Cells,258,0.094
355,2117764661,Diablo III: Reaper of Souls – Ultimate Evil Edition,258,0.094
356,1297287213,Gears of War 2,258,0.094
357,1745661457,Valheim (Game Preview),256,0.0933
358,1997252569,Need for Speed™ Hot Pursuit Remastered,252,0.0919
359,801251286,Stick Fight: The Game,252,0.0919
360,1855780914,DreamWorks Gabby’s Dollhouse: Ready to Party,251,0.0915
361,1065708874,Skull and Bones,251,0.0915
362,56347639,Spyro™ Reignited Trilogy,251,0.0915
363,1560034050,Assassin's Creed Syndicate,249,0.0908
364,415563833,DiRT Rally 2.0,249,0.0908
365,1999574456,Forza Motorsport 7,248,0.0904
366,1833503116,MARVEL Cosmic Invasion,248,0.0904
367,625948041,Slime Rancher,248,0.0904
368,860666361,Plants vs. Zombies Garden Warfare,246,0.0897
369,834001943,Dying Light 2: Stay Human - Reloaded Edition,245,0.0893
370,2085228810,EA SPORTS™ WRC,245,0.0893
371,1818602982,RoadCraft,245,0.0893
372,226054795,MONSTER HUNTER: WORLD™,243,0.0886
373,1030018025,Halo Wars: Definitive Edition (PC),242,0.0882
374,1874191487,High On Life,241,0.0879
375,1865076226,MLB® The Show™ 24 Xbox One,241,0.0879
376,1988609509,PGA TOUR 2K23,241,0.0879
377,2032762484,Descenders Next (Game Preview),240,0.0875
378,2035456122,Grand Theft Auto VI,239,0.0871
379,2067705319,NBA 2K24,239,0.0871
380,988203152,Stellaris,239,0.0871
381,1641465936,Kiln,238,0.0868
382,1997201494,Aliens: Fireteam Elite,234,0.0853
383,1922695178,PlateUp!,234,0.0853
384,1619985048,Deadside,232,0.0846
385,434412541,Rise of the Tomb Raider,232,0.0846
386,1756421327,Teenage Mutant Ninja Turtles: Shredder's Revenge,232,0.0846
387,1112737749,Fallout 3,231,0.0842
388,1616563209,FragPunk,231,0.0842
389,1841062643,Hunt: Showdown 1896,231,0.0842
390,791545701,Goat Simulator,230,0.0838
391,2083429980,Nickelodeon All-Star Brawl 2,229,0.0835
392,945976112,Rush: A DisneyPixar Adventure,228,0.0831
393,585771792,WATCH_DOGS™,228,0.0831
394,1848927238,BALL x PIT,227,0.0827
395,2008403666,Dead Space,227,0.0827
396,1749127985,Madden NFL 24,227,0.0827
397,913783821,Shadow of the Tomb Raider,227,0.0827
398,514006173,Batman: Return to Arkham - Arkham City,225,0.082
399,1935490407,Little Nightmares Enhanced Edition,222,0.0809
400,2090474684,Poppy Playtime: Chapter 1,220,0.0802
401,1134837784,SMITE,216,0.0787
402,1933718863,SUPERHOT: MIND CONTROL DELETE,216,0.0787
403,199746733,Conan Exiles,213,0.0776
404,1947900602,Like a Dragon: Infinite Wealth,212,0.0773
405,572802557,Call of Duty®: Ghosts,210,0.0766
406,1989106096,Sid Meier’s Civilization® VI (Windows PC),210,0.0766
407,2131786732,Directive 8020,209,0.0762
408,1793309125,WWE 2K24,205,0.0747
409,1251455286,Metro 2033 Redux,204,0.0744
410,1880727250,Unpacking,204,0.0744
411,1707431222,Jurassic World Evolution 3,203,0.074
412,2093153073,Party Animals,203,0.074
413,384396065,Unravel Two,203,0.074
414,1712074146,WUCHANG: Fallen Feathers,203,0.074
415,1879711255,The Outer Worlds 2,202,0.0736
416,830718665,DRAGON BALL Z: KAKAROT,201,0.0733
417,74304278,Tom Clancy’s The Division,201,0.0733
418,1823385601,Bassmaster® Fishing,199,0.0725
419,1907796436,DREDGE,199,0.0725
420,1037514907,Burnout™ Paradise Remastered,198,0.0722
421,446059611,Forza Horizon 2,197,0.0718
422,300763685,ACE COMBAT™ 7: SKIES UNKNOWN,196,0.0714
423,655591242,Far Cry® New Dawn,196,0.0714
424,1192666733,Mafia III,193,0.0704
425,301917535,Battlefield™ Hardline,192,0.07
426,1966276493,Satisfactory,192,0.07
427,939455454,resident evil 4 (2005),191,0.0696
428,1843804163,Cooking Simulator,189,0.0689
429,265691378,STEEP,189,0.0689
430,1813184195,Easy Delivery Co.,188,0.0685
431,1653442250,ROUNDS,188,0.0685
432,1938336894,Sledders,188,0.0685
433,2154930,Call of Duty®: Modern Warfare® Remastered,187,0.0682
434,1480660055,MONOPOLY PLUS,186,0.0678
435,84790147,Watch Dogs®: Legion,186,0.0678
436,927474846,Firewatch,183,0.0667
437,847310458,South Park™: The Stick of Truth ™,183,0.0667
438,921016611,Crossout,182,0.0663
439,1777438490,Devil May Cry 5 Special Edition,182,0.0663
440,627891457,Little Nightmares II Enhanced Edition,182,0.0663
441,367254866,Sleeping Dogs™ Definitive Edition,182,0.0663
442,2045404355,Dome Keeper,180,0.0656
443,1766089184,GoldenEye 007,180,0.0656
444,956568979,Need for Speed Rivals,180,0.0656
445,1651188120,Path of Exile 2 (Game Preview),180,0.0656
446,826545257,Tomb Raider: Definitive Edition,180,0.0656
447,712238930,Saints Row 2,179,0.0652
448,58472989,Killer Instinct,176,0.0642
449,875417719,Call of Duty®: Advanced Warfare,175,0.0638
450,748474487,Cities: Skylines - Windows 10 Edition,175,0.0638
451,1986472488,PAW Patrol™ Rescue Wheels™: Championship,175,0.0638
452,1931679945,2XKO,174,0.0634
453,164371165,LEGO Star Wars: TCS,174,0.0634
454,1635275279,ICARUS: Console Edition,173,0.0631
455,2110891029,KILL IT WITH FIRE! 2,173,0.0631
456,19060482,Trials® Rising,173,0.0631
457,813411968,LEGO® Marvel Super Heroes 2,172,0.0627
458,1799461557,NBA 2K23,172,0.0627
459,2041142160,Maximum Football,171,0.0623
460,1911508378,RoboCop: Rogue City,171,0.0623
461,1768256893,FINAL FANTASY VII REMAKE INTERGRADE,170,0.062
462,1668054382,Tiny Bookshop,170,0.062
463,1877522801,Age of Mythology: Retold,169,0.0616
464,1414793242,Bully Scholarship Ed.,169,0.0616
465,1855426799,FINAL FANTASY XIV Online,169,0.0616
466,739464821,South Park™: The Fractured but Whole™,169,0.0616
467,1000604311,Resident Evil Revelations 2 (Episode One),168,0.0612
468,416597888,Hungry Shark® World,167,0.0609
469,2111887267,Sonic Racing: CrossWorlds,166,0.0605
470,2021412862,Raft,165,0.0601
471,1297287125,Gears of War,164,0.0598
472,1840066568,Pigeon Simulator,164,0.0598
473,1837410971,NARAKA: BLADEPOINT,163,0.0594
474,196631666,EA SPORTS™ FIFA 20,162,0.0591
475,2081484036,Superliminal,162,0.0591
476,1955966351,Black Myth: Wukong,161,0.0587
477,1675504069,Mafia: Definitive Edition,161,0.0587
478,1961670808,UFL,161,0.0587
479,605932637,Hello Neighbor,159,0.058
480,1540549950,DARK SOULS™ II: Scholar of the First Sin,158,0.0576
481,20391045,Batman: Return to Arkham - Arkham Asylum,157,0.0572
482,143716413,Dragon Age™: The Veilguard,157,0.0572
483,433376346,FIFA 18,156,0.0569
484,1777477395,MLB® The Show™ 21 Xbox Series X | S,155,0.0565
485,2008623143,NINJA GAIDEN 4,155,0.0565
486,309834943,Wheel Of Fortune®,155,0.0565
487,1793764669,Zombie Army 4: Dead War,155,0.0565
488,1414793189,Civilization Revolution,154,0.0561
489,1327376519,DOOM,154,0.0561
490,2040766801,Test Drive Unlimited Solar Crown,154,0.0561
491,951560105,Control,153,0.0558
492,640703885,LEGO® Marvel's Avengers,153,0.0558
493,1112934455,Star Wars Battlefront II,153,0.0558
494,1795379754,The Walking Dead: The Complete First Season,153,0.0558
495,2046562785,Avowed,151,0.055
496,210179407,Back 4 Blood,151,0.055
497,490701180,Devil May Cry 4 Special Edition,151,0.055
498,1175562227,Just Cause 3,150,0.0547
499,1953745880,Roboquest,150,0.0547
500,2120287235,Truck World: Australia - First Haul,149,0.0543
501,2079828144,Holdfast: Nations At War,148,0.0539
502,1676173709,Wizard101,148,0.0539
503,1013969466,NARUTO TO BORUTO: SHINOBI STRIKER,147,0.0536
504,245236582,Celeste,146,0.0532
505,1714795112,DOOM + DOOM II,146,0.0532
506,2123297300,JoJo's Bizarre Adventure: All-Star Battle R,145,0.0529
507,1185249228,Trials Fusion,145,0.0529
508,1297287625,Forza Horizon,144,0.0525
509,1649660694,The Texas Chain Saw Massacre,143,0.0521
510,2076120890,Deep Rock Galactic: Survivor,142,0.0518
511,2038330799,Aimlabs,141,0.0514
512,2098044337,Poppy Playtime: Chapter 4,141,0.0514
513,868192693,Gotham Knights,140,0.051
514,346797032,MX vs ATV All Out,140,0.051
515,1874517142,Retro Classics,140,0.051
516,1812294496,Mecha BREAK,139,0.0507
517,2037306921,Poppy Playtime: Chapter 3,139,0.0507
518,1994868821,Predecessor,139,0.0507
519,1682965706,Another Crab's Treasure,138,0.0503
520,1916758859,Donut County,138,0.0503
521,1480657521,Doritos Crash Course,138,0.0503
522,1799236568,FINAL FANTASY V,137,0.0499
523,1611051325,Grand Theft Auto: Vice City – The Definitive Edition,136,0.0496
524,975846135,LEGO® DC Super-Villains,136,0.0496
525,531437752,Rogue Company,136,0.0496
526,2005028938,S.T.A.L.K.E.R. 2: Heart of Chornobyl - Windows Edition,135,0.0492
527,645502086,The Four Kings Casino and Slots,135,0.0492
528,1764318423,Call of Duty®: Vanguard,134,0.0488
529,1694054782,Forza Motorsport 6,134,0.0488
530,850118036,Generation Zero®,134,0.0488
531,1889714780,Lords of the Fallen,134,0.0488
532,724369121,Saints Row,134,0.0488
533,1677025209,Wolfenstein: The New Order,134,0.0488
534,491595024,LEGO Batman,133,0.0485
535,821886458,LEGO® Batman™ 2,133,0.0485
536,511110146,Metro: Last Light Redux,133,0.0485
537,1795554480,Barbie™ Horse Trails,131,0.0478
538,367004125,BioShock Remastered,131,0.0478
539,2041731932,Cult of the Lamb,131,0.0478
540,1748951836,Disco Elysium - The Final Cut,131,0.0478
541,2139519684,Hydroneer,131,0.0478
542,1633340711,Spray Paint Simulator,131,0.0478
543,1884079219,Slime Rancher 2,130,0.0474
544,1679434571,John Carpenter's Toxic Commando,129,0.047
545,2029730324,Mad Max,129,0.047
546,2046531735,Predator: Hunting Grounds,129,0.047
547,1645572933,Starlit Kart Racing,129,0.047
548,1670026911,BMX Streets,128,0.0467
549,1714434521,Firefighting Simulator - The Squad,128,0.0467
550,1029888556,LEGO® Jurassic World™,128,0.0467
551,290870045,SpeedRunners,128,0.0467
552,1882004205,Neon Abyss,127,0.0463
553,909409687,Star Wars: The Force Unleashed,127,0.0463
554,935319545,FIFA 19,126,0.0459
555,1949704395,Green Hell,126,0.0459
556,1687388278,KINGDOM HEARTS - HD 1.5+2.5 ReMIX -,126,0.0459
557,101393300,LEGO® Batman™ 3: Beyond Gotham,126,0.0459
558,1708767297,Ryse: Son of Rome,126,0.0459
559,1725517447,House Flipper 2,125,0.0456
560,2128546794,NARUTO X BORUTO Ultimate Ninja STORM CONNECTIONS,125,0.0456
561,1792306481,Starsand Island,124,0.0452
562,1675226093,Blindfire,123,0.0448
563,482947130,Clicker Heroes,123,0.0448
564,821136798,DC Universe Online,123,0.0448
565,1673618851,Egging On,123,0.0448
566,1480659550,Joy Ride Turbo,123,0.0448
567,1617248429,REANIMAL,123,0.0448
568,1475571605,Gears of War: Ultimate Edition,122,0.0445
569,1848367053,Star Trucker,122,0.0445
570,2029805012,MultiVersus,121,0.0441
571,69094388,EA SPORTS™ FIFA 17,120,0.0437
572,1880835530,Atomfall,119,0.0434
573,2142027917,Fallout Shelter,119,0.0434
574,42235288,Neverwinter,119,0.0434
575,196423588,Outlast,119,0.0434
576,2030752353,The Binding of Isaac: Repentance,119,0.0434
577,1799887933,The Witcher 3: Wild Hunt,119,0.0434
578,59903186,Call of Duty®: Modern Warfare® 2 Campaign Remastered,118,0.043
579,256913032,TEKKEN 7,118,0.043
580,2008811924,Wolfenstein II: The New Colossus,118,0.043
581,2142076307,Anno 1800™,117,0.0426
582,2086031333,The Thaumaturge,117,0.0426
583,1768466312,Poppy Playtime: Chapter 2,116,0.0423
584,1843596190,SPLITGATE: Arena Reloaded,115,0.0419
585,2047911802,For The King II,114,0.0416
586,1096157158,Modern Warfare®,114,0.0416
587,398011207,LIMBO,113,0.0412
588,767263759,Rock Band 4,113,0.0412
589,1947019474,ScootX,113,0.0412
590,402049843,Black Desert,112,0.0408
591,1669281297,War Robots: Frontiers,112,0.0408
592,895890707,ULTIMATE MARVEL VS. CAPCOM 3,111,0.0405
593,442175237,Peggle,110,0.0401
594,1694250070,Super Animal Royale,110,0.0401
595,1007715169,Warhammer: Vermintide 2,110,0.0401
596,976905576,Dragon Age™: Inquisition,109,0.0397
597,1297287815,Fable Anniversary,109,0.0397
598,1727396789,FINAL FANTASY,109,0.0397
599,885488152,INSIDE,109,0.0397
600,1957137539,Rabbids®: Party of Legends,109,0.0397
601,871098991,STAR WARS™: Squadrons,109,0.0397
602,33936946,Zoo Tycoon: Ultimate Animal Collection,109,0.0397
603,1761289795,FIFA 21,108,0.0394
604,1935604508,Train Sim World® 5: Free Starter Pack,108,0.0394
605,2097321401,Blue Prince,107,0.039
606,1700051314,Deceit 2,107,0.039
607,1655054632,My Friendly Neighborhood,107,0.039
608,5433956,Dead Island Definitive Edition,106,0.0386
609,1911932812,DIRT 5,106,0.0386
610,2131572088,Evil West,106,0.0386
611,1297287153,Fable II,106,0.0386
612,148020354,METAL GEAR SOLID V: THE PHANTOM PAIN,106,0.0386
613,1639060910,Minecraft Legends - Windows,106,0.0386
614,995095203,Warface: Clutch,106,0.0386
615,1161890070,Alice: Madness Returns,105,0.0383
616,2113515818,MLB® The Show™ 23 Xbox Series X|S,105,0.0383
617,1161889999,Dante's Inferno™,104,0.0379
618,1955542194,Grand Theft Auto III – The Definitive Edition,104,0.0379
619,1964043658,Mafia II: Definitive Edition,104,0.0379
620,759485819,The Escapists 2,104,0.0379
621,682404126,Paladins,103,0.0375
622,2051131113,TopSpin 2K25,103,0.0375
623,2068802336,Drift Legends 2,102,0.0372
624,1297287718,Gears of War: Judgment,102,0.0372
625,1884682689,Five Nights at Freddy's: Security Breach,101,0.0368
626,1674901200,Inscryption,101,0.0368
627,1962388658,Like a Dragon: Pirate Yakuza in Hawaii,101,0.0368
628,1713510228,RIDE 5,101,0.0368
629,34441781,Saints Row The Third Remastered,101,0.0368
630,1660320477,Undertale,101,0.0368
631,2115352193,Pacific Drive,100,0.0365
632,1935095398,星之翼(Starward),100,0.0365
633,136002788,Farming Simulator 19,99,0.0361
634,423941531,LEGO® Harry Potter™ Collection,98,0.0357
635,1696456823,NBA 2K22,98,0.0357
636,1997535850,SpiderHeck,98,0.0357
637,366337421,Borderlands: Game of the Year Edition,97,0.0354
638,1713885313,DPS IDLE 2,97,0.0354
639,1297287382,Fable III,97,0.0354
640,1814244511,Nine Sols,97,0.0354
641,1931947471,Persona 5 Royal,97,0.0354
642,108727346,Suicide Squad: Kill the Justice League,97,0.0354
643,119262432,The Jackbox Party Pack 3,97,0.0354
644,1744345373,WWE 2K22,97,0.0354
645,1715352825,Five Nights at Freddy's 2,96,0.035
646,1414793323,Max Payne 3,96,0.035
647,1803631176,MechWarrior 5: Mercenaries,96,0.035
648,429066719,Saints Row IV: Re-Elected,96,0.035
649,144439061,The Evil Within,96,0.035
650,583749034,SOULCALIBUR VI,95,0.0346
651,527255540,Dishonored 2,94,0.0343
652,2056583125,BlazBlue Entropy Effect X,93,0.0339
653,1033937373,Don't Starve Together: Console Edition,93,0.0339
654,504518218,L.A. Noire,93,0.0339
655,2117095676,Planet of Lana,93,0.0339
656,1949242128,SILENT HILL 2,93,0.0339
657,1707142453,WWE 2K23,93,0.0339
658,1684896411,Off The Grid (Game Preview),92,0.0335
659,848717329,Peggle 2,92,0.0335
660,1903138273,Sonic Frontiers,92,0.0335
661,1663711933,FINAL FANTASY XVI,91,0.0332
662,862712929,Star Trek Online,91,0.0332
663,1797047526,Voidtrain,91,0.0332
664,1693830737,Alan Wake 2,90,0.0328
665,1431504852,Assassin's Creed,90,0.0328
666,1812456871,Battletoads,90,0.0328
667,1741206400,Little Nightmares III,90,0.0328
668,1590411380,Mass Effect™: Andromeda,90,0.0328
669,1864882669,Persona 4 Golden,90,0.0328
670,1480657456,BattleBlock Theater,89,0.0324
671,2019267377,Madden NFL 23,89,0.0324
672,1891931390,MXGP 2021 - The Official Motocross Videogame,89,0.0324
673,1946484624,Session: Skate Sim,89,0.0324
674,1785898011,Sid Meier’s Civilization® VII,89,0.0324
675,1065100845,Star Wars: The Force Unleashed II,89,0.0324
676,597771444,Gems of War,88,0.0321
677,231674300,The Walking Dead: Season Two,88,0.0321
678,1675325475,Drop Duchy - Complete Edition,87,0.0317
679,1112934373,Toy Story 3,87,0.0317
680,1940322572,Five Nights at Freddy's,86,0.0313
681,1846145161,Metaphor: ReFantazio,86,0.0313
682,2120976389,Banishers: Ghosts of New Eden,85,0.031
683,2067126551,Forza Motorsport 5,85,0.031
684,1880089265,Guilty Gear -Strive-,85,0.031
685,1012216522,Just Cause 4,85,0.031
686,1777116945,Moving Out 2,85,0.031
687,1161890066,Portal 2,85,0.031
688,2128853757,Cricket 24,84,0.0306
689,2032937393,Cup Heroes,84,0.0306
690,1777668222,GRID Legends,84,0.0306
691,5117102,HITMAN™ 2,84,0.0306
692,2042908226,Rugby League 26,84,0.0306
693,1480659632,Call of Juarez® Gunslinger,83,0.0303
694,1100121502,Dishonored® Definitive Edition,83,0.0303
695,2052426459,EA SPORTS™ FIFA 16,83,0.0303
696,1414793400,Grand Theft Auto: San Andreas,83,0.0303
697,884612576,Sonic Mania,83,0.0303
698,1684061010,SWORN,83,0.0303
699,1279330291,LEGO Star Wars III ,82,0.0299
700,1801842805,Throne and Liberty,82,0.0299
701,1691849278,FINAL FANTASY IV,81,0.0295
702,964019698,Immortals Fenyx Rising™,81,0.0295
703,1767703473,Tony Hawk's™ Pro Skater™ 1 + 2,81,0.0295
704,1912255927,Ultimate Sheep Raccoon,81,0.0295
705,1480657236,Banjo-Kazooie,80,0.0292
706,2136041956,DOOM 64,80,0.0292
707,2081060870,Maneater,80,0.0292
708,1112934452,STAR WARS KOTOR,80,0.0292
709,401515813,Enter The Gungeon,79,0.0288
710,1464993789,Mortal Kombat,79,0.0288
711,1754564226,Atlas Fallen: Reign of Sand (Windows),78,0.0284
712,1984504844,Bleach: Brave Souls Anime Game,78,0.0284
713,1009393042,Middle-earth™: Shadow of Mordor™ - Game of the Year Edition,78,0.0284
714,1919875042,MLB® The Show™ 22 Xbox Series X | S,78,0.0284
715,2006666244,NBA 2K21,78,0.0284
716,13980132,Left 4 Dead,77,0.0281
717,668438210,LEGO® CITY Undercover,77,0.0281
718,903593533,Path of Exile,77,0.0281
719,1397032978,SONIC UNLEASHED,77,0.0281
720,1704490079,South of Midnight,77,0.0281
721,1985144601,Stranded Deep,77,0.0281
722,1480659422,The Walking Dead,77,0.0281
723,722006140,EA SPORTS™ UFC® 3,76,0.0277
724,1931936981,Goat Simulator: Remastered (Windows Edition),76,0.0277
725,31939361,The Walking Dead: The Final Season,76,0.0277
726,1161890128,Battlefield 3™,75,0.0273
727,1668430766,Cities: Skylines II,75,0.0273
728,1722781084,LEGO® Batman™: Legacy of the Dark Knight,75,0.0273
729,1908796053,NASCAR Heat 5,75,0.0273
730,852732437,State of Decay: Year-One,75,0.0273
731,1822990481,BLEACH Rebirth of Souls,74,0.027
732,1616307670,PAYDAY 3,74,0.027
733,2103079736,Hamster Playground,73,0.0266
734,2024220276,Phantasy Star Online 2 New Genesis,73,0.0266
735,1735182051,SONIC X SHADOW GENERATIONS,73,0.0266
736,2021058326,Way of the Hunter,73,0.0266
737,2109806164,World of Outlaws: Dirt Racing 24,73,0.0266
738,386788672,Cars 3: Driven to Win,72,0.0262
739,760882151,CRSED: F.O.A.D.,72,0.0262
740,819720203,JUMP FORCE,72,0.0262
741,2119541613,Paint the Town Red,72,0.0262
742,1621567212,ROUTINE,72,0.0262
743,1480659458,Sonic Adventure™ 2 ,72,0.0262
744,618537566,The Outer Worlds,72,0.0262
745,1479999542,Unravel,72,0.0262
746,1161889782, Medal of Honor Airborne,71,0.0259
747,1970218801,Dead by Daylight Windows,71,0.0259
748,1654542558,Hotline Miami,71,0.0259
749,1728797774,ONE PIECE: PIRATE WARRIORS 4,71,0.0259
750,1659804324,Ori and the Will of the Wisps,71,0.0259
751,791051466,Disneyland Adventures,70,0.0255
752,1297287254,Fuzion Frenzy®,70,0.0255
753,218079485,Injustice: Gods Among Us,70,0.0255
754,1970109802,Madden NFL 21,70,0.0255
755,1613480279,NBA 2K20,70,0.0255
756,1995576035,Remnant II® - Standard Edition,70,0.0255
757,993798593,SUPER STREETFIGHTER IV ARCADE EDITION,70,0.0255
758,1790217657,Five Nights at Freddy's 4,69,0.0252
759,859843286,Hellblade: Senua's Sacrifice,69,0.0252
760,25952469,Kingdom Two Crowns,69,0.0252
761,1853524575,Mafia: The Old Country,69,0.0252
762,856376259,NBA 2K19,69,0.0252
763,1820656575,NHL® 23,69,0.0252
764,2029650168,Overthrown,69,0.0252
765,1278031123,Resident Evil,69,0.0252
766,212680242,DEAD OR ALIVE 6: Core Fighters,68,0.0248
767,1297287259,Halo: Reach,68,0.0248
768,1480657103,Metal Slug 3,68,0.0248
769,2000897177,Mortal Kombat: Legacy Kollection,68,0.0248
770,2053707080,NINJA GAIDEN 2 Black,68,0.0248
771,1579532320,Sunset Overdrive,68,0.0248
772,1246613109,Borderlands: The Pre-Sequel,67,0.0244
773,1664487314,Football Manager 26,67,0.0244
774,1690934635,Planet of Lana II,67,0.0244
775,1267471686,DEAD OR ALIVE 5 Last Round: Core Fighters,66,0.0241
776,1867148258,eFootball PES 2021 SEASON UPDATE,66,0.0241
777,1867652631,Firefighting Simulator: Ignite,66,0.0241
778,1297287142,Halo 3,66,0.0241
779,1997835037,I Am Your Beast,66,0.0241
780,2071061510,Lies of P,66,0.0241
781,1693050229,Madden NFL 22,66,0.0241
782,1705990324,Space Engineers,66,0.0241
783,1846016063,"Warhammer 40,000: Rogue Trader",66,0.0241
784,551688870,XCOM® 2,66,0.0241
785,1941033112,Anno 117: Pax Romana,65,0.0237
786,1750584112,Lacrosse 26,65,0.0237
787,1670311038,Persona 3 Reload,65,0.0237
788,333628240,Quantum Break,65,0.0237
789,2063484815,Train Sim World® 6: Free Starter Pack,65,0.0237
790,2089483628,A Plague Tale: Requiem,64,0.0233
791,12206284,eFootball PES 2020,64,0.0233
792,1928512137,FBC: Firebreak,64,0.0233
793,867642949,LEGO® Worlds,64,0.0233
794,2136035101,Monopoly Madness,64,0.0233
795,2103789015,Monster Hunter Rise,64,0.0233
796,1698508835,PGA TOUR 2K25 First Look,64,0.0233
797,1931911684,Shredders,64,0.0233
798,2040514027,Terminull Brigade™,64,0.0233
799,1431505078,Tom Clancy’s Splinter Cell® Blacklist™,64,0.0233
800,1910114469,Deadzone: Rogue,63,0.023
801,1984358909,Expansion for Explorers Pack 1,63,0.023
802,1263405066,METAL GEAR RISING: REVENGEANCE,63,0.023
803,1754663581,MULLET MADJACK,63,0.023
804,1987587652,Overcooked! All You Can Eat,63,0.023
805,1397033032,Sonic Generations,63,0.023
806,1798733099,Teenage Mutant Ninja Turtles: Splintered Fate,63,0.023
807,170773198,The Evil Within® 2,63,0.023
808,422246343,Tom Clancy’s Rainbow Six® Extraction,63,0.023
809,327364101,Trackmania® Turbo,63,0.023
810,1841011808,Blizzard® Arcade Collection,62,0.0226
811,2097945335,F1® 23,62,0.0226
812,984363462,Graveyard Keeper,62,0.0226
813,1480657258,Hydro Thunder,62,0.0226
814,217258585,Killing Floor 2,62,0.0226
815,1678459920,Towerborne,62,0.0226
816,409741425,Worms W.M.D,62,0.0226
817,2141212892,33 Immortals,61,0.0222
818,2030524086,As Dusk Falls,61,0.0222
819,552778408,EA SPORTS™ UFC® 2,61,0.0222
820,1835926818,Hellblade II: Senua's Saga,61,0.0222
821,1022544763,HITMAN™,61,0.0222
822,2082961842,Jujutsu Kaisen Cursed Clash,61,0.0222
823,40509624,KINGDOM HEARTS Ⅲ,61,0.0222
824,1112737745,Oblivion,61,0.0222
825,2017944493,Super Mega Baseball 3,61,0.0222
826,1921488037,The Settlers®: New Allies,61,0.0222
827,1827287476,World of Outlaws: Dirt Racing,61,0.0222
828,699731308,BioShock Infinite: The Complete Edition,60,0.0219
829,1621683201,Dragon's Dogma 2,60,0.0219
830,1817185896,Easy Red 2,60,0.0219
831,1860089403,Ghostwire: Tokyo,60,0.0219
832,504827243,Life Is Strange,60,0.0219
833,1619790969,Minishoot' Adventures,60,0.0219
834,1789091683,Rain World,60,0.0219
835,1397033053,Sonic & All-Stars Racing Transformed,60,0.0219
836,1431504903,TC's RainbowSix Vegas2,60,0.0219
837,591371027,Trove,60,0.0219
838,974586226,We Happy Few,60,0.0219
839,2042287543,Aliens: Dark Descent,59,0.0215
840,1890581353,Blasphemous,59,0.0215
841,964785867,Dead Space™ 2,59,0.0215
842,1957968654,Destroy All Humans! - Clone Carnage,59,0.0215
843,1688832803,Monster Energy Supercross - The Official Videogame 6,59,0.0215
844,2065981028,Rooftops & Alleys: The Parkour Game,59,0.0215
845,282062756,The Walking Dead: A New Frontier - Episode 1,59,0.0215
846,1159891781,Wolfenstein: The Old Blood,59,0.0215
847,996030243,BioShock 2 Remastered,58,0.0211
848,1161889896,BLACK™,58,0.0211
849,1943631392,Digimon Story Time Stranger,58,0.0211
850,93105265,Friday the 13th: The Game,58,0.0211
851,1900564739,New Super Lucky's Tale,58,0.0211
852,1302301894,Powerstar Golf,58,0.0211
853,1682965190,Stray,58,0.0211
854,1480657498,Super Meat Boy,58,0.0211
855,1750701033,Tiny Tina's Wonderlands for Xbox Series X|S,58,0.0211
856,1761802913,Total Chaos,58,0.0211
857,2024046503,60 Seconds! Reatomized,57,0.0208
858,1763444345,Aerial_Knight's DropShot,57,0.0208
859,1976275779,ARMORED CORE™ VI FIRES OF RUBICON™,57,0.0208
860,1161889784,Army of Two™,57,0.0208
861,1161889879,Dead Space,57,0.0208
862,2062957237,Hell Let Loose: Vietnam,57,0.0208
863,1853160773,STAR WARS™: Battlefront Classic Collection,57,0.0208
864,2013541297,"Warhammer 40,000: Space Marine - Master Crafted Edition",57,0.0208
865,1923160643,Dead Rising 3,56,0.0204
866,1703086168,Microsoft Sudoku,56,0.0204
867,1699829016,Monster Hunter Stories 3: Twisted Reflection,56,0.0204
868,515050978,Rare Replay,56,0.0204
869,883004381,skate. (2007),56,0.0204
870,1928322650,Snooker Blitz,56,0.0204
871,1112934458,STAR WARS KOTOR II,56,0.0204
872,1431505090,Assassin’s Creed® IV,55,0.02
873,337857707,Bendy and the Ink Machine,55,0.02
874,2109344129,FINAL FANTASY XV WINDOWS EDITION,55,0.02
875,530599647,Homefront®: The Revolution,55,0.02
876,1751185882,METAL GEAR SOLID Δ: SNAKE EATER,55,0.02
877,2036178233,Monster Energy Supercross 25 - The Official Video Game,55,0.02
878,1890789689,The Casting of Frank Stone™,55,0.02
879,869628338,Attack on Titan 2,54,0.0197
880,1983212679,Bloons TD 6,54,0.0197
881,693381002,LEGO® The Incredibles,54,0.0197
882,148078765,Madden NFL 20,54,0.0197
883,102287491,Marvel's Avengers Definitive Edition,54,0.0197
884,1649675719,Max: The Curse of Brotherhood,54,0.0197
885,87350449,NieR:Automata™ BECOME AS GODS Edition,54,0.0197
886,340920273,Overcooked,54,0.0197
887,1480656948,Pinball FX,54,0.0197
888,100764563,Sniper Elite 4,54,0.0197
889,1788169756,Taxi Life: A City Driving Simulator,54,0.0197
890,1096157436,Call of Duty®: Ghosts,53,0.0193
891,1161889984,Dragon Age: Origins,53,0.0193
892,1824138520,Mirror's Edge™ Catalyst,53,0.0193
893,1969906662,MY HERO ACADEMIA: All’s Justice,53,0.0193
894,2004428777,WILD HEARTS™ Standard Edition,53,0.0193
895,1690468494,DEATHLOOP,52,0.019
896,1993022209,Hi-Fi RUSH,52,0.019
897,440611906,LEGO Pirates of the Caribbean: The Video Game,52,0.019
898,907086072,Prey,52,0.019
899,155936527,Street Fighter 30th Anniversary Collection,52,0.019
900,1861545287,Tainted Grail: The Fall of Avalon,52,0.019
901,1480659414,Bejeweled 3,51,0.0186
902,2079414802,CATAN® - Console Edition,51,0.0186
903,686783342,Divinity: Original Sin 2 - Definitive Edition,51,0.0186
904,1728448413,DmC Devil May Cry: Definitive Edition,51,0.0186
905,1691448998,Farm Together 2,51,0.0186
906,1859409710,INDIKA,51,0.0186
907,2092112354,Monster Jam™ Showdown,51,0.0186
908,1833883015,Rust Console Edition X|S - Public Test Branch,51,0.0186
909,1830825388,SILENT HILL f,51,0.0186
910,1771004118,Sniper Elite 5,51,0.0186
911,1740860919,Sniper Ghost Warrior Contracts,51,0.0186
912,1874376911,Splitgate,51,0.0186
913,548623535,SpongeBob SquarePants: Battle for Bikini Bottom - Rehydrated,51,0.0186
914,1755825192,The LEGO Movie Videogame,51,0.0186
915,2122392131,Winter Burrow,51,0.0186
916,2029431164,Bus Bound,50,0.0182
917,1297287132,Crackdown,50,0.0182
918,840545531,Dead Space™ 3,50,0.0182
919,374274123,EA SPORTS™ NHL® 19,50,0.0182
920,1814325409,Fantasy Dash,50,0.0182
921,1689264723,FIFA 15,50,0.0182
922,1431505028,Rayman® Origins,50,0.0182
923,1667881927,Redfall,50,0.0182
924,129325438,SONIC FORCES,50,0.0182
925,1648684496,Sonic Origins,50,0.0182
926,1297287893,Blinx: The Time Sweeper,49,0.0179
927,824378203,Crackdown 3: Campaign,49,0.0179
928,1712655251,Garten of Banban 1,49,0.0179
929,1774172067,HOT WHEELS UNLEASHED™ 2 - Turbocharged,49,0.0179
930,1606375163,Pinball FX3,49,0.0179
931,2021825958,RIDE 6,49,0.0179
932,1161890157,SSX,49,0.0179
933,1649441503,The Game of Life 2,49,0.0179
934,1480656879,Zuma,49,0.0179
935,278981929,[PROTOTYPE®],48,0.0175
936,1615431074,1000xRESIST,48,0.0175
937,8769689,Ancestors: The Humankind Odyssey,48,0.0175
938,230716687,Biomutant,48,0.0175
939,1161889989,Brütal Legend,48,0.0175
940,696196977,DRAGON BALL XENOVERSE,48,0.0175
941,1871994086,Planet Zoo: Console Edition,48,0.0175
942,1728022534,Plants vs. Zombies™: Replanted,48,0.0175
943,2032369368,Scott Pilgrim vs. The World™: The Game – Complete Edition,48,0.0175
944,1957310205,Streets of Rage 4,48,0.0175
945,2070921614,Bayonetta,47,0.0171
946,1128466401,STREET FIGHTER IV,47,0.0171
947,1115757811,Alien: Isolation,46,0.0168
948,1715865995,Back to the Dawn,46,0.0168
949,907587004,Dead Island: Riptide Definitive Edition,46,0.0168
950,1898092029,Inops,46,0.0168
951,1279330271,LEGO Indiana Jones,46,0.0168
952,2014650813,Minecraft: Story Mode - Episode 1: The Order of the Stone,46,0.0168
953,1112737785,Morrowind,46,0.0168
954,105831487,NARUTO SHIPPUDEN™: Ultimate Ninja® STORM 3 Full Burst,46,0.0168
955,374430704,NBA 2K17,46,0.0168
956,2028530104,Prince of Persia The Lost Crown,46,0.0168
957,1414596717,Saints Row®: The Third™ ,46,0.0168
958,1706610063,The Alters,46,0.0168
959,1945435013,TRIVIAL PURSUIT Live! 2,46,0.0168
960,1848191014,TUNIC,46,0.0168
961,1634720918,Ultimate Custom Night,46,0.0168
962,2140283055,Baldur's Gate and Baldur's Gate II: Enhanced Editions,45,0.0164
963,1096157137,Call of Duty® 2,45,0.0164
964,793598300,CODE VEIN,45,0.0164
965,1794039305,Coral Island,45,0.0164
966,1902411725,Hell is Us,45,0.0164
967,1792638437,Lost Records: Bloom & Rage,45,0.0164
968,1650588295,OddBallers™,45,0.0164
969,1785174857,Spelunky 2,45,0.0164
970,1480657242,Trials HD,45,0.0164
971,1808134657,ANNO : Mutationem,44,0.016
972,1705097731,Halls of Torment,44,0.016
973,1761060600,Happy Wars,44,0.016
974,575414105,Life is Strange 2 - Episode 1,44,0.016
975,1944276274,Little Rocket Lab,44,0.016
976,2013083896,NINJA GAIDEN: Ragebound,44,0.016
977,2035760753,PAW Patrol World,44,0.016
978,472512000,Resident Evil Revelations,44,0.016
979,1726756158,Spiritfarer®: Farewell Edition,44,0.016
980,1431504907,SplinterCellConviction,44,0.016
981,1793267614,Techtonica (Game Preview),44,0.016
982,1480657237,Banjo-Tooie,43,0.0157
983,1906937527,Far Cry 3 Blood Dragon Classic Edition,43,0.0157
984,1840411466,Untitled Goose Game,43,0.0157
985,1161889756,Burnout Revenge,42,0.0153
986,1767994732,Dragonkin: The Banished,42,0.0153
987,1702196563,Frostpunk 2,42,0.0153
988,971220532,NBA 2K Playgrounds 2,42,0.0153
989,1685135803,NHL® 22,42,0.0153
990,559544937,Ori and the Blind Forest: Definitive Edition,42,0.0153
991,275132544,SEGA® Genesis Classics™,42,0.0153
992,1263405125,Silent Hill:  HD Collection,42,0.0153
993,2000011414,Starlit Adventures,42,0.0153
994,1731121397,The Quarry,42,0.0153
995,1717071867,ZOMBI,42,0.0153
996,1792749432,Alan Wake Remastered,41,0.0149
997,1963141187,Crypt Custodian,41,0.0149
998,1920237746,FINAL FANTASY II,41,0.0149
999,705006443,Jurassic World Evolution,41,0.0149
1000,572268056,Little Nightmares,41,0.0149
1001,2118184557,Monster Jam Steel Titans 2,41,0.0149
1002,1935747145,Prototype®2,41,0.0149
1003,274976276,ARCADE GAME SERIES: PAC-MAN,40,0.0146
1004,1865197952,Boomerang Fu,40,0.0146
1005,1682154324,DPS Idle,40,0.0146
1006,2094642688,Just Shapes & Beats,40,0.0146
1007,2028975703,Superball,40,0.0146
1008,2030027058,Wartales,40,0.0146
1009,1680433621,Young Suns,40,0.0146
1010,1802600743,Capcom Arcade Stadium,39,0.0142
1011,1880193218,Century: Age of Ashes,39,0.0142
1012,1777786002,Commandos: Origins,39,0.0142
1013,320506923,Dead Rising 2,39,0.0142
1014,427070178,FINAL FANTASY X/X-2 HD Remaster,39,0.0142
1015,1946419297,Jump Space (Game Preview),39,0.0142
1016,2028723617,LEGO® Party!,39,0.0142
1017,731662901,Monster Energy Supercross - The Official Videogame,39,0.0142
1018,521893123,ONE PIECE World Seeker,39,0.0142
1019,587488276,Outlast 2,39,0.0142
1020,1646985614,Space Jam: A New Legacy - The Game,39,0.0142
1021,654883159,The LEGO® NINJAGO® Movie Video Game,39,0.0142
1022,1860058296,TT Isle Of Man: Ride on the Edge 3,39,0.0142
1023,1288959033,Viva Piñata,39,0.0142
1024,972461615,Battle Islands,38,0.0139
1025,2096821037,DOOM 3,38,0.0139
1026,369157937,MARVEL VS. CAPCOM: INFINITE,38,0.0139
1027,1998994208,Monster Energy Supercross - The Official Videogame 3,38,0.0139
1028,1414596574,MX vs. ATV: Untamed,38,0.0139
1029,803175056,MXGP PRO,38,0.0139
1030,717702870,OUTRIDERS,38,0.0139
1031,1696173302,RIDE 4,38,0.0139
1032,2104181770,The First Berserker: Khazan,38,0.0139
1033,1762703770,The Lord of the Rings: Return to Moria™,38,0.0139
1034,2116409537,Yu-Gi-Oh! Legacy of the Duelist : Link Evolution,38,0.0139
1035,1920996408,Age of Wonders 4,37,0.0135
1036,1661962317,Assassin's Creed Black Flag Resynced,37,0.0135
1037,1662853043,Blasphemous 2,37,0.0135
1038,1692871917,Frozen Free Fall: Snowball Fight,37,0.0135
1039,1802207786,HOT WHEELS UNLEASHED™ - Windows Edition,37,0.0135
1040,1840565677,Island Saver,37,0.0135
1041,1900811986,Kingdoms of Amalur: Re-Reckoning,37,0.0135
1042,2020925735,Make Way,37,0.0135
1043,2110974782,MARVEL vs. CAPCOM Fighting Collection: Arcade Classics,37,0.0135
1044,1653696130,Microsoft Mahjong,37,0.0135
1045,2028249570,MIO: Memories in Orbit,37,0.0135
1046,893913058,MX Unleashed,37,0.0135
1047,1480657248,Portal: Still Alive,37,0.0135
1048,474501413,RIDE 3,37,0.0135
1049,2021110805,Roblox - Not Supported,37,0.0135
1050,1112934459,Star Wars Republic Commando,37,0.0135
1051,1941663847,Starship Troopers: Extermination,37,0.0135
1052,1313671257,TEKKEN TAG TOURNAMENT 2,37,0.0135
1053,1211542442,Valiant Hearts: The Great War,37,0.0135
1054,1768031432,Car Dealer Simulator,36,0.0131
1055,849613404,Dragon's Dogma: Dark Arisen,36,0.0131
1056,1628280816,Faaast Penguin,36,0.0131
1057,1397819396,Hitman: Absolution,36,0.0131
1058,2047199918,Isonzo (Windows),36,0.0131
1059,2119739112,Monster Train 2,36,0.0131
1060,485601591,NARUTO SHIPPUDEN™: Ultimate Ninja® STORM 2,36,0.0131
1061,304932652,NHL® 21,36,0.0131
1062,162448742,Outer Wilds,36,0.0131
1063,1819798709,Tetris® Effect: Connected,36,0.0131
1064,2098462228,The Jackbox Party Pack 7,36,0.0131
1065,1807860559,Werewolf: The Apocalypse - Earthblood,36,0.0131
1066,1096157153,Call of Duty® 3,35,0.0128
1067,1724411039,Card Storm Idle,35,0.0128
1068,1313671226,Dark Souls™,35,0.0128
1069,1736409202,DEEEER Simulator: Your Average Everyday Deer Game,35,0.0128
1070,2071782725,FINAL FANTASY III,35,0.0128
1071,42119495,Killer Instinct Classic,35,0.0128
1072,1876744786,Killing Floor 3,35,0.0128
1073,2071372034,Lawn Mowing Simulator,35,0.0128
1074,810085329,Mirror's Edge™,35,0.0128
1075,1542414577,Plague Inc: Evolved,35,0.0128
1076,852431422,ReCore,35,0.0128
1077,1112934454,Star Wars Battlefront,35,0.0128
1078,1793645165,THE KING OF FIGHTERS XV Standard Edition,35,0.0128
1079,1431504955,Assassin's Creed II,34,0.0124
1080,23570566,Batman - The Telltale Series - Episode 1: Realm of Shadows,34,0.0124
1081,1025057816,Battle Ages,34,0.0124
1082,1723836102,Cookie Clicker,34,0.0124
1083,1297287122,Kameo,34,0.0124
1084,1926489287,Marvel's Midnight Suns,34,0.0124
1085,1867295360,Monster Sanctuary,34,0.0124
1086,1693003201,MotoGP™25 - Xbox One,34,0.0124
1087,469309830,NARUTO™: Ultimate Ninja® STORM,34,0.0124
1088,285742376,NBA 2K16,34,0.0124
1089,2030792699,PGA TOUR 2K21,34,0.0124
1090,1868826586,RimWorld Console Edition,34,0.0124
1091,1936930219,Tell Me Why,34,0.0124
1092,1397033002,Aliens vs Predator,33,0.012
1093,1112934398,Cars 2: The Video Game,33,0.012
1094,1863597561,Coloring Book,33,0.012
1095,1673998520,F1® Manager 2024,33,0.012
1096,1616046491,Gears Tactics - Base Game,33,0.012
1097,1984491277,Grim Idle,33,0.012
1098,2026289722,Heroes of Might and Magic: Olden Era (Game Preview),33,0.012
1099,1923279922,Marvel's Guardians of the Galaxy,33,0.012
1100,978050046,ShellShock Live,33,0.012
1101,1864659895,Sniper Ghost Warrior Contracts 2,33,0.012
1102,1615232474,The Walking Dead: The Telltale Definitive Series,33,0.012
1103,1946103240,Tomb Raider I-III Remastered Starring Lara Croft,33,0.012
1104,1816197116,Wheel World,33,0.012
1105,1297287149,Banjo Kazooie: N n B,32,0.0117
1106,1297287356,Crackdown 2,32,0.0117
1107,1885859783,FATAL FURY: City of the Wolves,32,0.0117
1108,565406974,LEGO® STAR WARS™: The Force Awakens,32,0.0117
1109,1764536463,LEGO® The Hobbit™,32,0.0117
1110,1679589975,Mortal Shell: Enhanced Edition,32,0.0117
1111,1414596731,MX vs. ATV Alive,32,0.0117
1112,1297287123,Perfect Dark Zero,32,0.0117
1113,1740314317,ScooterFlow,32,0.0117
1114,2112462799,Sengoku Dynasty,32,0.0117
1115,1040009086,Super Lucky's Tale,32,0.0117
1116,597690024,SWORD ART ONLINE: FATAL BULLET,32,0.0117
1117,580901123,Tropico 6,32,0.0117
1118,1861467226,"Warhammer 40,000: Battlesector",32,0.0117
1119,1307429766,Worms Battlegrounds,32,0.0117
1120,659391373,WWE 2K16,32,0.0117
1121,531971604,WWE 2K19,32,0.0117
1122,1880818134,AFL 26,31,0.0113
1123,273290529,Idle Champions of the Forgotten Realms,31,0.0113
1124,506903100,Madden NFL 18,31,0.0113
1125,2003863742,Microsoft Jigsaw,31,0.0113
1126,1931921361,Monster Energy Supercross - The Official Videogame 5,31,0.0113
1127,914276891,RAGE 2,31,0.0113
1128,1128466466,RESIDENT EVIL CODE: Veronica X,31,0.0113
1129,1691013379,Secret Neighbor,31,0.0113
1130,1480657485,Space Invaders: IG,31,0.0113
1131,1663285336,STAR WARS™: Bounty Hunter™,31,0.0113
1132,1313671164,TEKKEN 6,31,0.0113
1133,2047601430,Truck and Logistics Simulator,31,0.0113
1134,588577476,ARCADE GAME SERIES: GALAGA,30,0.0109
1135,1464993832,Batman: Arkham Origins,30,0.0109
1136,1833447683,Legacy of Kain™ Soul Reaver 1&2 Remastered,30,0.0109
1137,1997603662,Minion Masters,30,0.0109
1138,1676550189,MY HERO ONE'S JUSTICE 2,30,0.0109
1139,1480659436,NBA JAM: On Fire Edition,30,0.0109
1140,880031210,NBA LIVE 19,30,0.0109
1141,1702869784,Project Motor Racing,30,0.0109
1142,1112934456,Star Wars Jedi Knight: Jedi Academy,30,0.0109
1143,1883232264,STAR WARS™ Episode I Racer,30,0.0109
1144,90400189,SUPER BOMBERMAN R,30,0.0109
1145,240091546,SUPERHOT,30,0.0109
1146,496534680,Wolfenstein: Youngblood,30,0.0109
1147,1128466455,ASURA'S WRATH,29,0.0106
1148,1801055182,Bounty Star,29,0.0106
1149,1480657079,Castle Crashers,29,0.0106
1150,1693676973,Clue,29,0.0106
1151,1751733247,Doki Doki Literature Club Plus!,29,0.0106
1152,682562723,Halo: Spartan Assault,29,0.0106
1153,1719232621,Hello Guest: Hello Neighbor 2 pre-alpha,29,0.0106
1154,1911404173,Immortals of Aveum™,29,0.0106
1155,505222320,Monster Jam Steel Titans,29,0.0106
1156,185283316,MX vs ATV Reflex,29,0.0106
1157,1873450782,MXGP 2020 - The Official Motocross Videogame,29,0.0106
1158,1909911128,NASCAR Heat 4,29,0.0106
1159,961593710,NHL® 20,29,0.0106
1160,1480657346,Perfect Dark,29,0.0106
1161,1893542225,PIPE by BMX Streets,29,0.0106
1162,1128466461,Resident Evil Operation Raccoon City,29,0.0106
1163,217831213,RISK,29,0.0106
1164,2048545274,Rubber Bandits,29,0.0106
1165,1480657445,Sonic Adventure,29,0.0106
1166,886895461,The Jackbox Party Pack 5,29,0.0106
1167,1148805248,Yu-Gi-Oh! Legacy of the Duelist,29,0.0106
1168,1480659433,Zuma's Revenge!,29,0.0106
1169,524641908,Assassin's Creed® Chronicles: China,28,0.0102
1170,1628688048,Atomic Heart,28,0.0102
1171,1986852796,Brews & Bastards,28,0.0102
1172,1161889798,Burnout Paradise,28,0.0102
1173,2035296401,Capcom Arcade 2nd Stadium,28,0.0102
1174,1858883035,CODE VEIN II,28,0.0102
1175,1871238901,Crime Boss: Rockay City,28,0.0102
1176,1631581287,Cronos: The New Dawn,28,0.0102
1177,725442241,Darksiders Warmastered Edition,28,0.0102
1178,1628098590,Destroy All Humans! 2 - Reprobed,28,0.0102
1179,363774594,Farming Simulator 17,28,0.0102
1180,1297287449,Halo 4,28,0.0102
1181,1660075534,Hunting Simulator 2,28,0.0102
1182,1010226785,One Piece: Burning Blood,28,0.0102
1183,1902591469,Outward: Definitive Edition,28,0.0102
1184,1698989872,PICO PARK 2,28,0.0102
1185,838726055,PRO EVOLUTION SOCCER 2018,28,0.0102
1186,1745314691,Psychonauts 2,28,0.0102
1187,1520322998,Zombie Army Trilogy,28,0.0102
1188,1297287892,Conker: Live and Reloaded,27,0.0098
1189,856892583,Darksiders II Deathinitive Edition,27,0.0098
1190,1952256197,F1 2020,27,0.0098
1191,1431505036,Far Cry 3,27,0.0098
1192,1431504912,Far Cry® 2,27,0.0098
1193,1480656881,Feeding Frenzy,27,0.0098
1194,1696603875,Gas Station Simulator,27,0.0098
1195,1714660110,Microsoft Bubble,27,0.0098
1196,1752331738,One Leaves,27,0.0098
1197,1726129713,Planet Coaster: Console Edition,27,0.0098
1198,2052095073,Ravenswatch,27,0.0098
1199,1112934375,Split/Second,27,0.0098
1200,1933264626,Survivalist: Invisible Strain,27,0.0098
1201,271965907,Wasteland 3,27,0.0098
1202,1791400679,Yakuza: Like a Dragon,27,0.0098
1203,1431505070,Assassin's Creed® III ,26,0.0095
1204,206503430,Clustertruck,26,0.0095
1205,1864028566,Dark Hours,26,0.0095
1206,217802058,Darkest Dungeon®,26,0.0095
1207,1864660438,Dead Static Drive,26,0.0095
1208,134413498,EA SPORTS™ NHL® 18,26,0.0095
1209,1464993747,F.E.A.R. 2,26,0.0095
1210,1656145947,Moonlighter,26,0.0095
1211,1805770178,PAW Patrol Mighty Pups Save Adventure Bay,26,0.0095
1212,757817533,PRO EVOLUTION SOCCER 2019,26,0.0095
1213,2147115693,Project Wingman,26,0.0095
1214,1843641391,Quake,26,0.0095
1215,1005790042,Resident Evil 7 Teaser: Beginning Hour,26,0.0095
1216,2006710939,Skater XL,26,0.0095
1217,269700535,Sniper Elite 3,26,0.0095
1218,19615130,Super Mega Baseball: Extra Innings,26,0.0095
1219,1292135256,Titanfall,26,0.0095
1220,1911743947,wormer,26,0.0095
1221,1965711939,Capcom Fighting Collection 2,25,0.0091
1222,1161890152,Crysis,25,0.0091
1223,1270951403,Dead Rising 4,25,0.0091
1224,1894948980,Dreamcore,25,0.0091
1225,1797553917,DYNASTY WARRIORS: ORIGINS,25,0.0091
1226,1843760263,LEGO® 2K Drive for Xbox Series X|S,25,0.0091
1227,1719118099,Manor Lords (Game Preview),25,0.0091
1228,94171386,MXGP3,25,0.0091
1229,650779126,NBA 2K18,25,0.0091
1230,1739902381,PBA Pro Bowling 2026,25,0.0091
1231,200732952,Project CARS 2,25,0.0091
1232,2019100575,Puzzle Galaxy Xbox Edition,25,0.0091
1233,583196255,RAGE,25,0.0091
1234,1431505091,Rayman® Legends,25,0.0091
1235,1947725080,Skul: The Hero Slayer,25,0.0091
1236,1047413393,TERA,25,0.0091
1237,1983809908,The Precinct,25,0.0091
1238,1675444836,The Talos Principle 2,25,0.0091
1239,1774337609,Vampire: The Masquerade® - Bloodlines™ 2,25,0.0091
1240,1777774126,Visions of Mana,25,0.0091
1241,1849227144,WWE 2K20,25,0.0091
1242,71300661,ACA NEOGEO THE KING OF FIGHTERS 2002,24,0.0087
1243,759471095,ARCADE GAME SERIES: Ms. PAC-MAN,24,0.0087
1244,1414793191,Borderlands,24,0.0087
1245,1914086330,Broforce,24,0.0087
1246,1096157460,COD: Advanced Warfare,24,0.0087
1247,2004944930,Crime Simulator,24,0.0087
1248,439107693,Dungeon Defenders II,24,0.0087
1249,1662474270,Eternal Strands,24,0.0087
1250,1480657036,Feeding Frenzy 2,24,0.0087
1251,607966981,FINAL FANTASY VII,24,0.0087
1252,1397819364,FINAL FANTASY XIII,24,0.0087
1253,1480656849,Hexic HD,24,0.0087
1254,1960955312,I Am Fish,24,0.0087
1255,1279330257,LEGO Star Wars II,24,0.0087
1256,717669198,Madden NFL 19,24,0.0087
1257,2021005220,MotoGP™26,24,0.0087
1258,385764340,MX vs. ATV Supercross Encore,24,0.0087
1259,1432033734,Pinball Arcade,24,0.0087
1260,1743049130,Quake II,24,0.0087
1261,1709856057,RoboCop: Rogue City - Unfinished Business,24,0.0087
1262,1633152429,SONIC SUPERSTARS,24,0.0087
1263,1414596688,SpongeBob: Truth-Sq.,24,0.0087
1264,449890085,The Jackbox Party Pack 4,24,0.0087
1265,2083780130,Against the Storm,23,0.0084
1266,1678543324,Aragami 2,23,0.0084
1267,2136950563,Bugsnax,23,0.0084
1268,1625569842,Choo-Choo Charles,23,0.0084
1269,1729654407,Company of Heroes 3,23,0.0084
1270,1624755708,Contraband Police,23,0.0084
1271,1790537707,Core Keeper,23,0.0084
1272,406842057,Dead Rising,23,0.0084
1273,1161890059,Dragon Age™ 2,23,0.0084
1274,1661863954,FATE: Reawakened,23,0.0084
1275,1997023214,FINAL FANTASY IX,23,0.0084
1276,2109927239,Five Nights at Freddy's: Sister Location,23,0.0084
1277,1836942975,Grind Survivors,23,0.0084
1278,387693234,Hawken,23,0.0084
1279,1639666819,INAZUMA ELEVEN: Victory Road,23,0.0084
1280,1161890141,Mass Effect™ 3,23,0.0084
1281,1877956827,Peppa Pig: World Adventures,23,0.0084
1282,1848728299,Pinball FX Midnight,23,0.0084
1283,605857900,Quiplash,23,0.0084
1284,816351210,Risk: Urban Assault,23,0.0084
1285,1397622748,THE KING OF FIGHTERS XIII,23,0.0084
1286,810050544,Beach Buggy Racing,22,0.008
1287,1663573292,Bendy and the Dark Revival,22,0.008
1288,189838548,Bus Simulator,22,0.008
1289,1480656967,Castlevania: SOTN,22,0.008
1290,2019604779,Cricket 26 - The Official Game of the Ashes,22,0.008
1291,1886320845,DAVE THE DIVER,22,0.008
1292,886999858,Duke Nukem 3D: 20th Anniversary World Tour,22,0.008
1293,1813362885,FIFA 14,22,0.008
1294,1613695074,Five Nights at Freddy's 3,22,0.008
1295,1694490701,FuzzBall,22,0.008
1296,1044501532,Jeopardy!,22,0.008
1297,1753941224,Life is Strange: Reunion,22,0.008
1298,293003647,Microsoft Wordament,22,0.008
1299,1742982949,MotoGP™24,22,0.008
1300,1831668171,Opus Castle,22,0.008
1301,1469186547,Resident Evil 0,22,0.008
1302,1734582052,S.T.A.L.K.E.R.: Shadow of Chornobyl - Enhanced Edition,22,0.008
1303,1263339510,Saints Row IV,22,0.008
1304,1628698678,Thief Simulator,22,0.008
1305,2145202828,Tricking 0,22,0.008
1306,293785190,Bloons TD 5,21,0.0077
1307,2008066354,Car Mechanic Simulator,21,0.0077
1308,2109350810,Dungeons Of Hinterberg,21,0.0077
1309,1801537563,F1® 2021,21,0.0077
1310,1519874468,Forza Horizon 2 Presents Fast & Furious,21,0.0077
1311,850034103,Killer Instinct 2 Classic,21,0.0077
1312,2105228747,Killer Klowns From Outer Space: The Game,21,0.0077
1313,2043794712,Kingdoms and Castles,21,0.0077
1314,1091024470,Magic Duels,21,0.0077
1315,1955779192,MechWarrior 5: Clans,21,0.0077
1316,1620704918,Minami Lane,21,0.0077
1317,1297549289,Mortal Kombat vs. DCU,21,0.0077
1318,1948147176,Moving Out,21,0.0077
1319,1833175061,MXGP 2019 - The Official Motocross Videogame,21,0.0077
1320,1806655067,RollerCoaster Tycoon Classic,21,0.0077
1321,1169551644,Saints Row: Gat out of Hell,21,0.0077
1322,2100312943,SCARLET NEXUS,21,0.0077
1323,2073736638,Scrabble,21,0.0077
1324,1947938436,Shotgun Farmers,21,0.0077
1325,912691842,Sudden Strike 4 - European Battlefields Edition,21,0.0077
1326,585971749,Super Mega Baseball 2,21,0.0077
1327,2051503466,The Callisto Protocol,21,0.0077
1328,1731548634,The Dark Pictures Anthology: Little Hope,21,0.0077
1329,383880849,Transference™,21,0.0077
1330,1937610303,Two Point Museum,21,0.0077
1331,449394673,Vampyr,21,0.0077
1332,680908276,Viva Piñata: TIP,21,0.0077
1333,100154526,Baja: Edge of Control HD,20,0.0073
1334,1480657529,Costume Quest ,20,0.0073
1335,1161890190,Crysis® 3,20,0.0073
1336,2017702583,Dauntless,20,0.0073
1337,852849518,Digimon Survive,20,0.0073
1338,137510457,Dishonored®: Death of the Outsider™,20,0.0073
1339,1234432164,EA SPORTS™ Rory McIlroy PGA TOUR®,20,0.0073
1340,1970836204,Hotline Miami 2: Wrong Number,20,0.0073
1341,1678225803,Idle Wizard,20,0.0073
1342,1668424649,Kulebra and the Souls of Limbo: Closure Edition,20,0.0073
1343,1799885509,Labyrinthine - Console Edition,20,0.0073
1344,1857859131,Lara Croft and the Temple of Osiris,20,0.0073
1345,1414793190,Mafia II,20,0.0073
1346,1464993839,Midway Arcade Origins,20,0.0073
1347,804980065,Sea of Thieves Insider,20,0.0073
1348,1480657342,Spelunky,20,0.0073
1349,1940560837,Sudden Strike 5,20,0.0073
1350,2119970550,The Bus,20,0.0073
1351,1668285033,The Exit 8,20,0.0073
1352,1746975118,The Jackbox Party Pack 11,20,0.0073
1353,1748769487,The Jackbox Party Pack 6,20,0.0073
1354,1161889807,The Orange Box,20,0.0073
1355,861949148,What Remains of Edith Finch,20,0.0073
1356,2002870555,A Little to the Left,19,0.0069
1357,1619542068,Dawn of Man,19,0.0069
1358,2062455421,Fernbus Simulator,19,0.0069
1359,1757807931,FINAL FANTASY TACTICS - The Ivalice Chronicles,19,0.0069
1360,1755179727,Grim Fandango Remastered,19,0.0069
1361,1828807544,Harry Potter: Quidditch Champions,19,0.0069
1362,1704351342,Hello Neighbor 2,19,0.0069
1363,1480657557,Iron Brigade,19,0.0069
1364,1396901863,Just Cause 2,19,0.0069
1365,1005561191,LEGO® Indiana Jones™ 2,19,0.0069
1366,1249526091,Madden NFL 16,19,0.0069
1367,1960926264,Phoenix Point,19,0.0069
1368,2065674944,Resident Evil Re:Verse,19,0.0069
1369,950358266,Ride 2,19,0.0069
1370,192928167,Rocksmith 2014,19,0.0069
1371,2098784475,Soulstice,19,0.0069
1372,365797379,Supreme Commander 2,19,0.0069
1373,1431504854,TC's RainbowSix Vegas,19,0.0069
1374,2142487375,Teenage Mutant Ninja Turtles: The Cowabunga Collection,19,0.0069
1375,1688839217,The Elder Scrolls V: Skyrim Special Edition (PC),19,0.0069
1376,2013672301,The Gunk,19,0.0069
1377,39069682,The Jackbox Party Pack 2,19,0.0069
1378,605741753,The LEGO Movie 2 Videogame,19,0.0069
1379,1611397404,UBOAT,19,0.0069
1380,1019936697,#IDARB,18,0.0066
1381,433738637,Adventure Time: Pirates of the Enchiridion,18,0.0066
1382,1136549309,Battlefield 4™ Community Test Environment,18,0.0066
1383,1431504874,Brothers in Arms: HH,18,0.0066
1384,1636606847,Call of Duty®: Modern Warfare® - Digital Standard Edition (Windows),18,0.0066
1385,1859542622,Contra Anniversary Collection,18,0.0066
1386,1736752782,Expansion for Explorers,18,0.0066
1387,152270586,FINAL FANTASY XII THE ZODIAC AGE,18,0.0066
1388,1743565876,Five Nights at Freddy's: Secret of the Mimic,18,0.0066
1389,1703928788,Fool's Pub,18,0.0066
1390,1431504947,Ghost Recon: Future Soldier™,18,0.0066
1391,1669831089,Gold Mining Simulator,18,0.0066
1392,1297287601,Halo: Combat Evolved Anniversary,18,0.0066
1393,2102232082,Heretic + Hexen,18,0.0066
1394,1775780452,Just Dance Free Experience,18,0.0066
1395,1679509385,Kill It With Fire,18,0.0066
1396,1480657497,Lara Croft: GoL,18,0.0066
1397,1891684356,Lost in Random™,18,0.0066
1398,1548866781,MXGP2,18,0.0066
1399,2132252311,Olympic Games Tokyo 2020 – The Official Video Game™,18,0.0066
1400,2011093308,Pacify,18,0.0066
1401,1802714933,Pathfinder: Wrath of the Righteous,18,0.0066
1402,1932565641,Pikuniku,18,0.0066
1403,2036345770,The Dark Pictures Anthology House of Ashes,18,0.0066
1404,1763653276,Transport Fever 2: Console Edition,18,0.0066
1405,1431504989,Assassin's Creed Brotherhood,17,0.0062
1406,1431505017,Assassin's Creed Revelations,17,0.0062
1407,1431505102,Assassin's Creed® Rogue,17,0.0062
1408,233177124,Battle Islands: Commanders,17,0.0062
1409,84648031,Bulletstorm: Full Clip Edition,17,0.0062
1410,2026693193,Bus Simulator 21 Next Stop,17,0.0062
1411,1161889850,C&C3: Kane's Wrath,17,0.0062
1412,1480659546,Counter-Strike: GO,17,0.0062
1413,2061746629,Don't Starve: Giant Edition,17,0.0062
1414,1464993792,F.E.A.R. 3,17,0.0062
1415,1804401706,F1® 22 Xbox Series X|S,17,0.0062
1416,1683674669,Ghostbusters: Spirits Unleashed Ecto Edition,17,0.0062
1417,1663990634,GigaBash,17,0.0062
1418,1906459372,Judgment,17,0.0062
1419,1728837206,KLETKA,17,0.0062
1420,1898106366,Little Ralph - Trial,17,0.0062
1421,333701857,Mega Man X Legacy Collection,17,0.0062
1422,1070680307,MudRunner,17,0.0062
1423,2037558339,My Friend Peppa Pig,17,0.0062
1424,593565047,MY HERO ONE’S JUSTICE,17,0.0062
1425,1822591938,Revenge of the Savage Planet,17,0.0062
1426,1889456287,Roller Champions™,17,0.0062
1427,1704562600,Rugby 25,17,0.0062
1428,818066257,Rugby League Live 4,17,0.0062
1429,1779343248,Sclash,17,0.0062
1430,1649102497,SWORD ART ONLINE Fractured Daydream,17,0.0062
1431,225007476,Team Sonic Racing™,17,0.0062
1432,2058227981,Thomas & Friends™: Wonders of Sodor,17,0.0062
1433,1431504921,Tom Clancy's Splinter Cell® Chaos Theory™,17,0.0062
1434,1737329553,Total War: Warhammer III (Old Version),17,0.0062
1435,1754770560,Unicorn Overlord,17,0.0062
1436,2040239934,XDefiant,17,0.0062
1437,338995079,Batman: The Enemy Within - Episode 1,16,0.0058
1438,1480656850,Bejeweled 2,16,0.0058
1439,1161889888,C&C Red Alert 3,16,0.0058
1440,1297287249,Crimson Skies®: High Road to Revenge™,16,0.0058
1441,1634898195,Darkwood,16,0.0058
1442,1650442817,Deus Ex: Mankind Divided™,16,0.0058
1443,1112934422,Disney Epic Mickey 2: The Power of Two,16,0.0058
1444,1844195280,Go Mecha Ball,16,0.0058
1445,1927102516,Herdling,16,0.0058
1446,2093028006,Hole io,16,0.0058
1447,150646593,Kane & Lynch 2,16,0.0058
1448,1771989345,Lightyear Frontier (Game Preview),16,0.0058
1449,2017169801,LOLLIPOP CHAINSAW RePOP,16,0.0058
1450,1128466413,LOST PLANET 2,16,0.0058
1451,433988710,MASSIVE CHALICE,16,0.0058
1452,1112934453,Mercenaries,16,0.0058
1453,1817032347,My Little Pony: A Zephyr Heights Mystery,16,0.0058
1454,778400368,NBA 2K14,16,0.0058
1455,1757462338,Ni no Kuni Wrath of the White Witch™ Remastered,16,0.0058
1456,487177805,Prison Architect: Xbox One Edition,16,0.0058
1457,2031266067,Sker Ritual,16,0.0058
1458,1161890298,SSX 3,16,0.0058
1459,82653045,Starlink: Battle for Atlas,16,0.0058
1460,890454034,The Dark Pictures Anthology: Man Of Medan,16,0.0058
1461,1701212022,The Jackbox Party Pack 8,16,0.0058
1462,1785417254,The Oregon Trail,16,0.0058
1463,2070685355,to a T,16,0.0058
1464,1658477123,Unturned,16,0.0058
1465,995443207,Verdun,16,0.0058
1466,1742707305,Ambulance Life: A Paramedic Simulator,15,0.0055
1467,1708780346,Are You Smarter Than A 5th Grader?,15,0.0055
1468,1445607414,Assassin's Creed® Chronicles: Russia,15,0.0055
1469,1885205020,Cash Cleaner Simulator,15,0.0055
1470,1263405065,Castlevania LoS,15,0.0055
1471,1885511808,Date Everything!,15,0.0055
1472,2102421406,Day of the Tentacle Remastered,15,0.0055
1473,274219762,Dead Rising 2 Off the Record,15,0.0055
1474,1769729445,Dice A Million,15,0.0055
1475,355178688,DiRT 4,15,0.0055
1476,1062046240,Divinity: Original Sin - Enhanced Edition,15,0.0055
1477,2050929089,DUCKSIDE (Game Preview),15,0.0055
1478,172017893,F1® 2019,15,0.0055
1479,1864215620,Five Nights at Freddy's: Help Wanted,15,0.0055
1480,1616852724,Full Throttle Remastered,15,0.0055
1481,1646082476,Galacticare,15,0.0055
1482,476517807,Gravel,15,0.0055
1483,1480656868,Hardwood Spades,15,0.0055
1484,1812810851,Haste,15,0.0055
1485,2122788273,Keeper,15,0.0055
1486,2014880780,Madden NFL 17,15,0.0055
1487,1687910025,Mahjong by Microsoft,15,0.0055
1488,1297287144,Mass Effect,15,0.0055
1489,2045704503,Metaball,15,0.0055
1490,1973367334,MindsEye,15,0.0055
1491,2022357971,Monster Energy Supercross - The Official Videogame 4,15,0.0055
1492,1480657679,Motocross Madness,15,0.0055
1493,311896559,Mount & Blade: Warband,15,0.0055
1494,2031634495,Mutant Football League 2,15,0.0055
1495,1343920370,NBA 2K15,15,0.0055
1496,2128854962,One Lonely Outpost,15,0.0055
1497,2034484895,Out of Space: Couch Edition,15,0.0055
1498,1815686049,Paper io 2,15,0.0055
1499,116849471,Pro Evolution Soccer 2017,15,0.0055
1500,2114908664,Quarantine Zone: The Last Check,15,0.0055
1501,2122057393,Relooted,15,0.0055
1502,1847402697,ScreamRide,15,0.0055
1503,2018103228,Ship of Fools,15,0.0055
1504,1898652037,SOUTH PARK: SNOW DAY!,15,0.0055
1505,2010543124,Star Trek: Voyager - Across the Unknown,15,0.0055
1506,2125557798,Still Wakes the Deep,15,0.0055
1507,1768536074,Symphonia 𝄞,15,0.0055
1508,213257000,TerraTech,15,0.0055
1509,610345881,The Jackbox Party Pack,15,0.0055
1510,1278892798,TRIVIAL PURSUIT LIVE!,15,0.0055
1511,716478832,TT Isle of Man,15,0.0055
1512,2075589952,"Warhammer 40,000: Boltgun - Windows",15,0.0055
1513,981110874,WWE 2K18,15,0.0055
1514,1917938753,Yakuza 0,15,0.0055
1515,1313671121,ACE COMBAT 6,14,0.0051
1516,579423182,Agony,14,0.0051
1517,1161889960,Battlefield Bad Company 2,14,0.0051
1518,1297287135,Blue Dragon,14,0.0051
1519,232457702,Broken Age,14,0.0051
1520,2093066399,Carrion,14,0.0051
1521,400142602,Costume Quest 2,14,0.0051
1522,1730984142,Danganronpa 2: Goodbye Despair Anniversary Edition,14,0.0051
1523,524859112,Darksiders III,14,0.0051
1524,1992367075,Death Howl,14,0.0051
1525,1669682262,Defense Grid 2,14,0.0051
1526,1129121853,DiRT 3,14,0.0051
1527,1954227024,DRAGON BALL: THE BREAKERS,14,0.0051
1528,2078793582,DYSMANTLE,14,0.0051
1529,2089461712,Expeditions: A MudRunner Game,14,0.0051
1530,1711556027,Garten of Banban 2,14,0.0051
1531,1955982965,Gunfire Reborn,14,0.0051
1532,1297287176,Halo Wars,14,0.0051
1533,1946353878,Highguard,14,0.0051
1534,2038093666,MAVRIX by Matt Jones,14,0.0051
1535,2049727100,METAL GEAR SOLID - Master Collection Version,14,0.0051
1536,2017826215,METAL GEAR SOLID 2: Sons of Liberty - Master Collection Version,14,0.0051
1537,534004979,Microsoft Ultimate Word Games,14,0.0051
1538,1906370210,Minecraft: Java Edition,14,0.0051
1539,1957255658,MORDHAU,14,0.0051
1540,1941002186,ON THE ROAD - The Truck Simulator,14,0.0051
1541,2100880776,Pentiment,14,0.0051
1542,838746653,Phoenix Wright: Ace Attorney Trilogy,14,0.0051
1543,1715636420,Pummel Party,14,0.0051
1544,827416995,Pure Pool,14,0.0051
1545,2025898879,Rugby 22 Xbox Series X|S,14,0.0051
1546,1726081569,Seal: WHAT the FUN,14,0.0051
1547,1161889919,Skate 2,14,0.0051
1548,1955054478,Smalland: Survive the Wilds,14,0.0051
1549,1957476784,Sniper Elite V2 Remastered,14,0.0051
1550,1836687833,Sonic Colors: Ultimate,14,0.0051
1551,380703582,Splosion Man,14,0.0051
1552,1967529255,SpongeBob SquarePants: The Cosmic Shake,14,0.0051
1553,1480656886,Texas Hold'em,14,0.0051
1554,1651647141,The Boat Grandma,14,0.0051
1555,1128640842,The Escapists,14,0.0051
1556,2110168941,The Rogue Prince of Persia™,14,0.0051
1557,635298240,"The Walking Dead: Michonne - Ep. 1, In Too Deep",14,0.0051
1558,62572131,The Wolf Among Us,14,0.0051
1559,1480657132,Ticket to Ride,14,0.0051
1560,1673810447,Tony Stewart's All-American Racing,14,0.0051
1561,937464404,Trials Evolution,14,0.0051
1562,1910952414,TRIALS of MANA,14,0.0051
1563,2012594000,US Conflict — Tank Battles,14,0.0051
1564,1690524168,Wo Long: Fallen Dynasty,14,0.0051
1565,1915969143,AFL 23,13,0.0047
1566,1723509320,Amazing Frog? (Game Preview),13,0.0047
1567,1396901865,Battlestations Pacific,13,0.0047
1568,1844143156,Beach Buggy Racing 2: Island Adventure,13,0.0047
1569,2077036451,Cake Bash,13,0.0047
1570,1512517621,Child of Light,13,0.0047
1571,1480657460,Crazy Taxi,13,0.0047
1572,1678781072,DayZ - Experimental,13,0.0047
1573,1836115301,Docked,13,0.0047
1574,1621285366,DOOM (1993),13,0.0047
1575,1953182469,DRAGON QUEST® XI S: Echoes of an Elusive Age™ - Definitive Edition,13,0.0047
1576,1431505022,Driver San Francisco,13,0.0047
1577,2028637067,Drug Dealer Simulator,13,0.0047
1578,1824003155,Family Feud®,13,0.0047
1579,1680223788,FATAL FRAME II: Crimson Butterfly REMAKE,13,0.0047
1580,1804966091,Forager,13,0.0047
1581,1877135456,Freddy Fazbear's Pizzeria Simulator,13,0.0047
1582,1480656891,Jetpac Refuelled,13,0.0047
1583,1764400723,Like a Dragon: Ishin!,13,0.0047
1584,2081039845,Lost in Random: The Eternal Die,13,0.0047
1585,1297287162,Lost Odyssey,13,0.0047
1586,1884916396,MARVEL MaXimum Collection,13,0.0047
1587,956590734,Mega Man Legacy Collection 2,13,0.0047
1588,1904044383,Minecraft Preview for Windows,13,0.0047
1589,1685499852,Monster Hunter Stories 2: Wings of Ruin,13,0.0047
1590,664898642,NASCAR Heat 3,13,0.0047
1591,1624572870,Ni no Kuni™ II: Revenant Kingdom - The Prince's Edition,13,0.0047
1592,1844719399,Nobody Wants to Die,13,0.0047
1593,104182544,Pro Evolution Soccer 2016,13,0.0047
1594,2002584553,Puzzle Quest 3,13,0.0047
1595,1827805096,Relic Hunters Legend,13,0.0047
1596,1910888016,Rival Stars Horse Racing,13,0.0047
1597,1845885580,RV There Yet?,13,0.0047
1598,1979417101,SD GUNDAM BATTLE ALLIANCE,13,0.0047
1599,1781047490,Shin Megami Tensei V: Vengeance,13,0.0047
1600,1147123126,Skylanders Trap Team,13,0.0047
1601,1166935255,Slender: The Arrival (2015),13,0.0047
1602,1813223937,SongPop Party,13,0.0047
1603,2002882362,Squirrel with a Gun,13,0.0047
1604,1719207328,TERMINATOR: RESISTANCE - COMPLETE EDITION,13,0.0047
1605,1414793198,The Darkness,13,0.0047
1606,1005415207,The Golf Club 2019 featuring PGA TOUR,13,0.0047
1607,1842335063,The Mortuary Assistant,13,0.0047
1608,1832512217,Townscaper,13,0.0047
1609,1851490214,Tribes of Midgard,13,0.0047
1610,1957172115,Vampire: The Masquerade - Swansong Xbox One,13,0.0047
1611,566278,WWE 2K17,13,0.0047
1612,1636871347,Yakuza Kiwami,13,0.0047
1613,1845646569,Yakuza Kiwami 2,13,0.0047
1614,593828894,Absolver,12,0.0044
1615,2023402980,Achilles: Legends Untold,12,0.0044
1616,2144204141,Achilles: Survivor,12,0.0044
1617,1783702427,AEW: Fight Forever,12,0.0044
1618,1850945804,Age of Empires III: Definitive Edition,12,0.0044
1619,2116588551,Airoheart,12,0.0044
1620,1480656966,Alien Hominid HD,12,0.0044
1621,416307002,ARCADE GAME SERIES: DIG DUG,12,0.0044
1622,1414793176,BioShock,12,0.0044
1623,1414793309,BioShock Infinite,12,0.0044
1624,1161889806,C&C3,12,0.0044
1625,1431504924,Call of Juarez: Bound in Blood,12,0.0044
1626,370169912,Contrast,12,0.0044
1627,1858458524,Crisol: Theater of Idols,12,0.0044
1628,1161890019,Crysis 2,12,0.0044
1629,1940736818,Darkest Dungeon II,12,0.0044
1630,1822577333,Dead Rising Deluxe Remaster,12,0.0044
1631,125143641,Deadlight: Director's Cut,12,0.0044
1632,1712105499,DRIFTCE,12,0.0044
1633,1480659910,DuckTales: Remastered,12,0.0044
1634,1891276362,Dungeon Clawler,12,0.0044
1635,492699383,EA SPORTS™ NHL® 17,12,0.0044
1636,2015929879,Evil Dead: The Game,12,0.0044
1637,1678270415,Farm Together,12,0.0044
1638,159583079,Gear.Club Unlimited 2 - Ultimate Edition,12,0.0044
1639,1297287287,Halo 3: ODST Campaign Edition,12,0.0044
1640,1917135799,HYPERCHARGE Unboxed,12,0.0044
1641,1873893114,Just Die Already,12,0.0044
1642,70112963,Knight Squad,12,0.0044
1643,2016417527,Life is Strange Remastered,12,0.0044
1644,1777243206,Lost Judgment,12,0.0044
1645,28152906,Lovers in a Dangerous Spacetime,12,0.0044
1646,23963413,Mega Man Zero/ZX Legacy Collection,12,0.0044
1647,1535750831,Mega Man® Legacy Collection,12,0.0044
1648,303799945,Nickelodeon Kart Racers,12,0.0044
1649,1903313113,Orcs Must Die! Deathtrap,12,0.0044
1650,308514854,Outward,12,0.0044
1651,1759144821,PAC-MAN WORLD 2 Re-PAC,12,0.0044
1652,1632843296,Pillars of Eternity II: Deadfire - Ultimate Edition,12,0.0044
1653,269677862,PING REDUX,12,0.0044
1654,1375792807,Pool Nation FX,12,0.0044
1655,1702524932,Power Rangers: Battle for the Grid,12,0.0044
1656,1907381044,Project Cars,12,0.0044
1657,1743961068,Race The Sun,12,0.0044
1658,967641964,Realm Royale Reforged,12,0.0044
1659,1813085990,Road 96,12,0.0044
1660,2045526445,S.T.A.L.K.E.R.: Clear Sky - Enhanced Edition,12,0.0044
1661,365310947,Scribblenauts Mega Pack,12,0.0044
1662,844274714,Skylanders Imaginators,12,0.0044
1663,1692656490,SNIPER Ghost Warrior 3,12,0.0044
1664,2079765251,Streets of Rogue,12,0.0044
1665,1431504855,TC's SC Double Agent,12,0.0044
1666,2101138430,The Matrix Awakens: An Unreal Engine 5 Experience,12,0.0044
1667,1181281124,Thief,12,0.0044
1668,1297287134,Too Human,12,0.0044
1669,239008106,Tropico 5 - Penultimate Edition,12,0.0044
1670,1774685333,Volcano Princess,12,0.0044
1671,1926154049,Wasteland Remastered,12,0.0044
1672,1616326452,Arcadegeddon,11,0.004
1673,634298669,Bad North: Jotunn Edition,11,0.004
1674,1946485937,Besiege Console,11,0.004
1675,1714151217,Blair Witch,11,0.004
1676,1673223107,Call of the Sea,11,0.004
1677,1263405133,Castlevania: LoS 2,11,0.004
1678,1655404846,City Transport Simulator 2026,11,0.004
1679,1703939860,Clash: Artifacts of Chaos,11,0.004
1680,1413679057,DEAD OR ALIVE 4,11,0.004
1681,1480657049,Domino Master,11,0.004
1682,1727852104,FINAL FANTASY VI,11,0.004
1683,885797626,Fishing Sim World®: Pro Tour,11,0.004
1684,1835944487,Five Nights at Freddy's Into the Pit,11,0.004
1685,2063170939,Frostpunk: Console Edition,11,0.004
1686,21230315,Genesis Alpha One,11,0.004
1687,1977804752,Gothic Classic,11,0.004
1688,488156801,GreedFall,11,0.004
1689,1129121860,GRID 2,11,0.004
1690,1480657520,Harms Way,11,0.004
1691,1480656912,Heavy Weapon,11,0.004
1692,1297287250,Jade Empire™,11,0.004
1693,1480657325,KOF2002UM,11,0.004
1694,2119300209,Life is Strange: Double Exposure,11,0.004
1695,1882357148,Lonely Mountains: Snow Riders,11,0.004
1696,2025840804,METAL GEAR SOLID 3: Snake Eater - Master Collection Version,11,0.004
1697,1480657266,Metal Slug XX,11,0.004
1698,1263405116,MGS PW HD,11,0.004
1699,1889321756,Microsoft Minesweeper,11,0.004
1700,1480657433,Might & Magic Clash of Heroes™,11,0.004
1701,380023945,Monster Energy Supercross - The Official Videogame 2,11,0.004
1702,1699788094,MotoGP™20,11,0.004
1703,1966816764,My Friend Pedro,11,0.004
1704,1887596214,Nickelodeon All-Star Brawl,11,0.004
1705,2105140633,NieR Replicant ver.1.22474487139...,11,0.004
1706,1977174786,ONE PIECE ODYSSEY,11,0.004
1707,2025399821,ONE PUNCH MAN: A HERO NOBODY KNOWS,11,0.004
1708,2089042924,Paleo Pines,11,0.004
1709,275673036,Pillars of Eternity: Complete Edition,11,0.004
1710,1431504886,R.U.S.E.,11,0.004
1711,1641566497,Railroads Online,11,0.004
1712,2056655762,Remnant: From the Ashes,11,0.004
1713,806435492,Road Redemption,11,0.004
1714,1654530968,Shieldwall,11,0.004
1715,1263405029,Silent Hill Homecoming,11,0.004
1716,1179584488,Sniper Elite V2,11,0.004
1717,1885214706,Snooker 19,11,0.004
1718,1649097896,SnowRunner - Windows,11,0.004
1719,605317845,Stern Pinball Arcade,11,0.004
1720,990373231,Tales of Arise,11,0.004
1721,1873939850,Teenage Mutant Ninja Turtles Arcade: Wrath of the Mutants,11,0.004
1722,1997447389,The Dark Pictures Anthology: The Devil in Me,11,0.004
1723,1811248495,The Jackbox Party Pack 10,11,0.004
1724,1633778685,The Stanley Parable: Ultra Deluxe,11,0.004
1725,2108611710,TIEBREAK – GRAND SLAM EDITION,11,0.004
1726,1112934381,Tron: Evolution,11,0.004
1727,689916261,"Warhammer 40,000: Inquisitor - Martyr Ultimate Edition",11,0.004
1728,328245964,WARRIORS OROCHI 3 Ultimate,11,0.004
1729,1894333860,WRC 8 FIA World Rally Championship Xbox One,11,0.004
1730,2142309066,WWE 2K Battlegrounds,11,0.004
1731,2069910424,Yakuza 0 Director's Cut,11,0.004
1732,1779788068,9 Kings (Game Preview),10,0.0036
1733,969381141,A Plague Tale: Innocence,10,0.0036
1734,1480657371,A World of Keflings,10,0.0036
1735,983914761,ACA NEOGEO METAL SLUG 3,10,0.0036
1736,1719440805,Alone in the Dark,10,0.0036
1737,132590840,Assassin's Creed® Chronicles: India,10,0.0036
1738,1852580050,Barbie Project Friendship™,10,0.0036
1739,364804937,BATTLESHIP®,10,0.0036
1740,1650593751,Calico,10,0.0036
1741,2077764934,Crysis Remastered,10,0.0036
1742,2055582442,Danganronpa: Trigger Happy Havoc Anniversary Edition,10,0.0036
1743,1414596582,Darksiders,10,0.0036
1744,1480657334,DOOM II (Classic),10,0.0036
1745,2125974437,Door Kickers: Action Squad,10,0.0036
1746,1414793294,Duke Nukem Forever,10,0.0036
1747,1558010571,DYNASTY WARRIORS 8 Empires,10,0.0036
1748,1704101432,Empyreal,10,0.0036
1749,2134693780,EVERSPACE™ 2,10,0.0036
1750,481925121,F1® 2018,10,0.0036
1751,2021453818,FINAL FANTASY VIII Remastered,10,0.0036
1752,1397819398,FINAL FANTASY XIII-2,10,0.0036
1753,1770590742,Football Manager 2024 Console,10,0.0036
1754,1414596568,Frontlines:Fuel of War,10,0.0036
1755,1296697298,Full Game - Psychonauts,10,0.0036
1756,1926605815,Funko Fusion,10,0.0036
1757,1702713376,Genesis Noir,10,0.0036
1758,1928193169,Heavenly Bodies,10,0.0036
1759,1964820394,Hotline Miami Collection,10,0.0036
1760,2129720796,"I Have No Mouth, and I Must Scream",10,0.0036
1761,333457553,Just Dance® 2020,10,0.0036
1762,1855729960,Just Dance® 2021,10,0.0036
1763,1640763780,KIBORG,10,0.0036
1764,389571069,LEGO® Dimensions™,10,0.0036
1765,1694487955,Life is Strange: True Colors,10,0.0036
1766,1655517847,Like a Dragon Gaiden: The Man Who Erased His Name,10,0.0036
1767,196597117,Mega Man X Legacy Collection 2,10,0.0036
1768,650249872,Metal Gear Solid V: Ground Zeroes,10,0.0036
1769,2015790908,Microsoft Jewel,10,0.0036
1770,1696839999,MXGP 24: The Official Game,10,0.0036
1771,1882866745,NBA BOUNCE,10,0.0036
1772,1696832928,NHRA Championship Drag Racing: Speed For All,10,0.0036
1773,992005658,Ninja Gaiden Black,10,0.0036
1774,1744612607,Nova Roma (Game Preview),10,0.0036
1775,1692022171,OCTOPATH TRAVELER 0,10,0.0036
1776,484684099,PAC-MAN 256,10,0.0036
1777,676432066,PAC-MAN™ CHAMPIONSHIP EDITION 2,10,0.0036
1778,939615894,Paw Patrol: On a Roll,10,0.0036
1779,1823082250,Sally Face,10,0.0036
1780,1944780994,Scars Above,10,0.0036
1781,2055678343,Screamer,10,0.0036
1782,114172147,Shenmue,10,0.0036
1783,2040578587,SHINOBI: Art of Vengeance,10,0.0036
1784,1480660016,Slender: The Arrival,10,0.0036
1785,1480659614,Sonic the Fighters,10,0.0036
1786,1480656995,Sonic The Hedgehog 2,10,0.0036
1787,2037196689,SpongeBob SquarePants: Titans of the Tide,10,0.0036
1788,1974921711,STAR WARS™: Episode I: Jedi Power Battles™,10,0.0036
1789,1618827907,Starbound,10,0.0036
1790,1978396801,Styx: Blades of Greed,10,0.0036
1791,1979014977,The Crew,10,0.0036
1792,1748167956,The Riftbreaker,10,0.0036
1793,1630747846,Tour de France 2025,10,0.0036
1794,2050010864,Two Point Hospital™,10,0.0036
1795,1654418819,Vampire Hunters,10,0.0036
1796,1777656573,Vanquish,10,0.0036
1797,1922758426,WRC 9 FIA World Rally Championship,10,0.0036
1798,1038499153,A Hat in Time,9,0.0033
1799,1679168855,A Quiet Place: The Road Ahead,9,0.0033
1800,1751360232,AAA Dynamic Scenes,9,0.0033
1801,398132983,ACA NEOGEO METAL SLUG 2,9,0.0033
1802,1755599316,Age of Empires Definitive Edition,9,0.0033
1803,1835497756,Agents of Mayhem,9,0.0033
1804,1790332447,Alien: Rogue Incursion Evolved Edition,9,0.0033
1805,880413309,Amnesia: Collection,9,0.0033
1806,1975041917,Amnesia: The Bunker,9,0.0033
1807,77840650,Among the Sleep - Enhanced Edition,9,0.0033
1808,1950164627,Antstream Arcade - Annual,9,0.0033
1809,1741728886,Arcade Paradise,9,0.0033
1810,1161889868,Army of Two™ (EU),9,0.0033
1811,1480657278,Battlefield 1943™,9,0.0033
1812,1397032979,BAYONETTA,9,0.0033
1813,965872275,Ben 10,9,0.0033
1814,1414793313,BioShock 2,9,0.0033
1815,1639963506,BlackJack 21 Pro!,9,0.0033
1816,1969372075,BlazBlue: Cross Tag Battle Special Edition,9,0.0033
1817,1736678881,Bleeding Edge,9,0.0033
1818,1950881463,Bum Simulator,9,0.0033
1819,768615691,Chess Ultra,9,0.0033
1820,1888416582,Countryside Farm Clues,9,0.0033
1821,502883447,Dead Island Retro Revenge,9,0.0033
1822,106901580,Destroy All Humans!,9,0.0033
1823,1397819386,DEUS EX: HUMAN REVOLUTION,9,0.0033
1824,1743219650,Disney Epic Mickey: Rebrushed,9,0.0033
1825,153292310,Disney Infinity 3.0,9,0.0033
1826,1743457512,DRAGON QUEST BUILDERS 2,9,0.0033
1827,1756983532,Evil Genius 2: World Domination,9,0.0033
1828,918516972,Farming Simulator 15,9,0.0033
1829,344311848,For The King,9,0.0033
1830,1480656877,Geometry Wars Evolved,9,0.0033
1831,1396901851,Hitman: Blood Money,9,0.0033
1832,2145258670,Kiosk,9,0.0033
1833,2055909129,Legacy of Kain: Defiance Remastered,9,0.0033
1834,1848238632,Leisure Suit Larry - Wet Dreams Don't Dry,9,0.0033
1835,542819315,Life is Strange: Before the Storm Episode 1,9,0.0033
1836,2147358433,Madden NFL 15,9,0.0033
1837,1414793292,Max Payne,9,0.0033
1838,1906672574,Middle-earth™: Shadow of Mordor™,9,0.0033
1839,1944950992,MotoGP™22 - Windows Edition,9,0.0033
1840,2040686890,My Time at Sandrock,9,0.0033
1841,1634565765,NHL® 94 REWIND,9,0.0033
1842,2021405472,Nickelodeon Kart Racers 2: Grand Prix,9,0.0033
1843,1863625465,Nuclear Throne,9,0.0033
1844,1059087507,Octodad: Dadliest Catch,9,0.0033
1845,1297287193,Party Animals,9,0.0033
1846,1893912101,Party Panic,9,0.0033
1847,1894365262,PAW Patrol: Grand Prix,9,0.0033
1848,1624743884,Persona 3 Portable,9,0.0033
1849,1702914632,Poker Club,9,0.0033
1850,671807457,Portal Knights,9,0.0033
1851,1853277604,RetroRealms Arcade,9,0.0033
1852,303584158,Sea of Solitude,9,0.0033
1853,2016279503,SOPA - Tale of the Stolen Potato,9,0.0033
1854,1414596596,Stuntman: Ignition,9,0.0033
1855,1841866029,Super Bomberman R Online,9,0.0033
1856,405775731,Surviving Mars,9,0.0033
1857,1999803984,The Amazing Spider-Man 2™,9,0.0033
1858,996619018,The Sinking City,9,0.0033
1859,1776537730,The Sinking City Remastered,9,0.0033
1860,1396901868,Tomb Raider Underworld,9,0.0033
1861,1022548859,Truck Driver,9,0.0033
1862,547734537,Truck Racing Championship,9,0.0033
1863,644829211,Turok 2: Seeds of Evil,9,0.0033
1864,944836149,Valkyria Chronicles 4,9,0.0033
1865,922226657,Wasteland 2: Director's Cut,9,0.0033
1866,181948997,WWE 2K15,9,0.0033
1867,1926334123,Yakuza Kiwami 3 & Dark Ties,9,0.0033
1868,1886146911,Yet Another Zombie Survivors,9,0.0033
1869,1989279553,Zoochosis,9,0.0033
1870,1682735559,9 Monkeys of Shaolin,8,0.0029
1871,1480657115,A Kingdom for Keflings,8,0.0029
1872,390641336,ACA NEOGEO METAL SLUG,8,0.0029
1873,1790739309,Ad Infinitum,8,0.0029
1874,2016203684,Alaskan Road Truckers: Highway Edition,8,0.0029
1875,2021205208,Ancestors Legacy,8,0.0029
1876,1798477678,AO Tennis 2,8,0.0029
1877,2024847837,Bee Simulator,8,0.0029
1878,1661717515,Blood Bowl 3,8,0.0029
1879,1480657330,Bomberman Battlefest,8,0.0029
1880,1431505012,Call of Juarez Cartel,8,0.0029
1881,435779585,Capcom Beat 'Em Up Bundle,8,0.0029
1882,1850252450,Chef's Journey: Cooking Adventures,8,0.0029
1883,1833081413,Cozy Valley Life,8,0.0029
1884,1618801140,CRISIS CORE –FINAL FANTASY VII– REUNION,8,0.0029
1885,942640100,DAKAR 18,8,0.0029
1886,1414596758,Darksiders II,8,0.0029
1887,1744516403,Dolmen,8,0.0029
1888,1802647542,DRAGON QUEST VII Reimagined,8,0.0029
1889,242301355,EA SPORTS™ NHL® 16,8,0.0029
1890,548464799,EA SPORTS™ UFC®,8,0.0029
1891,1989956835,Evolve,8,0.0029
1892,180750187,F1™ 2017,8,0.0029
1893,1858731712,Froggy Hates Snow,8,0.0029
1894,1618662965,Garfield Kart Furious Racing,8,0.0029
1895,1480657151,Geometry Wars Evolved²,8,0.0029
1896,945174237,Geometry Wars™ 3: Dimensions Evolved,8,0.0029
1897,1700344676,Ghostbusters: The Video Game Remastered,8,0.0029
1898,1665690860,Goblin Gold Hunt,8,0.0029
1899,1784112295,Godfall,8,0.0029
1900,1788626737,Golazo!,8,0.0029
1901,1785738076,Grandia HD Collection,8,0.0029
1902,1823111797,GreedFall: The Dying World,8,0.0029
1903,2028516160,Hardspace: Shipbreaker - Windows,8,0.0029
1904,939695563,Hotshot Racing,8,0.0029
1905,90991576,How To Survive 2,8,0.0029
1906,2037481046,Inertial Drift,8,0.0029
1907,1982219874,Insects: An Xbox One X Enhanced Experience,8,0.0029
1908,1750788653,Jagged Alliance 3,8,0.0029
1909,1840996916,Kinect Sports Rivals,8,0.0029
1910,1920167136,Layers of Fear (2023),8,0.0029
1911,1615223185,Liquor Store Simulator,8,0.0029
1912,217450018,LUMINES REMASTERED,8,0.0029
1913,1973635123,Mad Streets,8,0.0029
1914,1414793291,Max Payne® 2: The Fall of Max Payne,8,0.0029
1915,1869122946,MONOPOLY DEAL,8,0.0029
1916,1698746853,MotoGP™23,8,0.0029
1917,1708079118,NASCAR 21: Ignition,8,0.0029
1918,1715766926,New World: Aeternum,8,0.0029
1919,2095724117,Nice Day for Fishing,8,0.0029
1920,1846760960,Nickelodeon Kart Racers 3: Slime Speedway,8,0.0029
1921,1263929316,NINJA GAIDEN 3: RE,8,0.0029
1922,272855377,NINJA GAIDEN II,8,0.0029
1923,2048381683,PAC-MAN WORLD Re-PAC,8,0.0029
1924,1297290209,Pinball FX2,8,0.0029
1925,172342998,PLAYERUNKNOWN’S BATTLEGROUNDS – Public Test Server,8,0.0029
1926,1789157539,Puyo Puyo™ Tetris® 2,8,0.0029
1927,1901782415,Railway Empire 2 (Win),8,0.0029
1928,1914565485,Risk of Rain,8,0.0029
1929,1785385145,Rock of Ages 3: Make & Break,8,0.0029
1930,1889657958,S.T.A.L.K.E.R.: Call of Prypiat - Enhanced Edition,8,0.0029
1931,1916393313,SIGNALIS,8,0.0029
1932,1785888386,Snake.io,8,0.0029
1933,1907729638,Solasta: Crown of the Magister,8,0.0029
1934,2051631747,Spectre Divide,8,0.0029
1935,1636452571,SRX: The Game,8,0.0029
1936,412423425,SWORD ART ONLINE Alicization Lycoris,8,0.0029
1937,2141647881,Tales from the Borderlands - Episode 1: Zer0 Sum,8,0.0029
1938,308135722,Tales of Vesperia™: Definitive Edition,8,0.0029
1939,1431504880,TC's GRAW2,8,0.0029
1940,2116740682,The Grinch: Christmas Adventures - Merry & Mischievous Edition,8,0.0029
1941,1668095237,The Jackbox Naughty Pack,8,0.0029
1942,1648318214,The Lord of the Rings: Gollum™,8,0.0029
1943,1619933938,The Survivalists,8,0.0029
1944,1683840789,Tomb Raider IV-VI Remastered,8,0.0029
1945,792914248,Tricky Towers,8,0.0029
1946,495493033,Turok,8,0.0029
1947,2008180842,Ultimate General: Civil War,8,0.0029
1948,1926895632,We Were Here,8,0.0029
1949,1781945767,Wizard of Legend 2,8,0.0029
1950,1900124001,WRC 10 FIA World Rally Championship Xbox One,8,0.0029
1951,1696868991,WRC Generations - The FIA WRC Official Game,8,0.0029
1952,1049055654,XCOM®: Enemy Within,8,0.0029
1953,2073237270,60 Parsecs!,7,0.0026
1954,731026222,ACA NEOGEO METAL SLUG X,7,0.0026
1955,419725624,ACA NEOGEO THE KING OF FIGHTERS '97,7,0.0026
1956,2105457739,Adorable Adventures,7,0.0026
1957,1958267791,AK-xolotl: Together,7,0.0026
1958,1712068512,Amanda the Adventurer,7,0.0026
1959,1743279702,Arma Reforger - Experimental,7,0.0026
1960,682100179,Armello,7,0.0026
1961,2076917277,Army of Ruin,7,0.0026
1962,909545209,Ashen,7,0.0026
1963,433520651,Attack on Titan,7,0.0026
1964,1042452848,Aven Colony,7,0.0026
1965,1825231591,Backrooms,7,0.0026
1966,2109985750,Blood: Refreshed Supply,7,0.0026
1967,231858691,Bomber Crew,7,0.0026
1968,311085527,Brawlout,7,0.0026
1969,1936376749,Capcom Fighting Collection,7,0.0026
1970,1480656960,Carcassonne,7,0.0026
1971,1739606934,Castlevania Advance Collection,7,0.0026
1972,1480657530,Castlevania HD,7,0.0026
1973,1480659976,Castlevania: LoS - Mirror of Fate HD,7,0.0026
1974,1962218680,Cel Damage HD,7,0.0026
1975,1842022716,Colt Canyon,7,0.0026
1976,35820305,Crackdown 3: Wrecking Zone,7,0.0026
1977,2004939306,Crysis 3 Remastered,7,0.0026
1978,629798227,Deadpool,7,0.0026
1979,376779456,Death Road to Canada,7,0.0026
1980,1679835971,Deliver Us The Moon,7,0.0026
1981,534038970,Dovetail Games Euro Fishing,7,0.0026
1982,1146095571,EDF 2017,7,0.0026
1983,2046176982,Empire of Sin,7,0.0026
1984,1880860626,Escape Academy,7,0.0026
1985,968775939,EVERSPACE™,7,0.0026
1986,136671143,FINAL FANTASY XV MULTIPLAYER: COMRADES,7,0.0026
1987,1733492292,Finding Frankie,7,0.0026
1988,1674087678,Gangs of Sherwood,7,0.0026
1989,2143007580,Great God Grove,7,0.0026
1990,341719186,"Guns, Gore and Cannoli 2",7,0.0026
1991,446981050,Hitman: Absolution HD,7,0.0026
1992,447331588,I Am Bread,7,0.0026
1993,1480657435,ilomilo ,7,0.0026
1994,1925571425,Jay and Silent Bob: Chronic Blunt Punch,7,0.0026
1995,1703270586,Kingdom Come: Deliverance,7,0.0026
1996,2028645063,Legend of Mana,7,0.0026
1997,1464993821,LEGO® Lord of the Rings™,7,0.0026
1998,1819998160,LEGO® Voyagers,7,0.0026
1999,1271641024,Lords of the Fallen (2014),7,0.0026
2000,2021132620,Mandragora: Whispers of the Witch Tree,7,0.0026
2001,1161889998,Mass Effect 2,7,0.0026
2002,523468027,Mega Man 11,7,0.0026
2003,2099448535,Mega Man Star Force Legacy Collection,7,0.0026
2004,1941838752,MELTY BLOOD: TYPE LUMINA,7,0.0026
2005,1953382311,Metro Redux,7,0.0026
2006,2143308729,Monster Hunter Stories,7,0.0026
2007,634240708,MotoGP™19,7,0.0026
2008,113198981,NBA 2K18: The Prelude,7,0.0026
2009,37469967,NBA Playgrounds,7,0.0026
2010,1785122378,Omega Strikers,7,0.0026
2011,1712366974,PC Building Simulator,7,0.0026
2012,1628806449,Potion Craft: Alchemist Simulator,7,0.0026
2013,572054432,Project CARS 3,7,0.0026
2014,2011990367,Project Winter,7,0.0026
2015,1784625849,Queen's Quest 5: Symphony of Death,7,0.0026
2016,2117633627,Quiplash 2 InterLASHional: The Say Anything Party Game!,7,0.0026
2017,1414596703,Red Faction: Armageddon,7,0.0026
2018,802418004,RESIDENT EVIL RESISTANCE,7,0.0026
2019,1685686710,Rogue Legacy 2,7,0.0026
2020,1693521674,Rumbleverse,7,0.0026
2021,2054178211,SAMURAI SHODOWN (Standard Ver.),7,0.0026
2022,1060097466,Serious Sam Collection,7,0.0026
2023,544561028,Shadow Warrior 2,7,0.0026
2024,1911536653,Slots & Daggers,7,0.0026
2025,2128705961,Solitaire HD,7,0.0026
2026,1480657415,SONIC THE HEDGEHOG™ 4 Episode I,7,0.0026
2027,778803087,Spacelords,7,0.0026
2028,2037835570,Square Enix Digital Content Viewer,7,0.0026
2029,1480657523,Stacking,7,0.0026
2030,1112934457,STAR WARS Jedi Starfighter,7,0.0026
2031,2002404032,Stranded: Alien Dawn,7,0.0026
2032,2057573435,Suikoden I&II HD Remaster Gate Rune and Dunan Unification Wars,7,0.0026
2033,2002977221,Tails of Iron,7,0.0026
2034,1624769204,Talisman: Digital Edition,7,0.0026
2035,2124220599,Techwars Global Conflict,7,0.0026
2036,2058683262,Teenage Mutant Ninja Turtles: Mutants Unleashed,7,0.0026
2037,1691117579,Terminator 2D: NO FATE,7,0.0026
2038,972022825,Tetris® Ultimate,7,0.0026
2039,1968679051,The Cabin Factory,7,0.0026
2040,1414793357,The Darkness II,7,0.0026
2041,1821165740,The Eternal Cylinder,7,0.0026
2042,1987184613,The Jackbox Party Pack 9,7,0.0026
2043,1832298111,THE LAST TRAIN: Baquedano,7,0.0026
2044,1464993828,The Witcher 2: Assassins of Kings,7,0.0026
2045,2031756340,They Are Billions,7,0.0026
2046,1841510170,Tony Stewart's Sprint Car Racing,7,0.0026
2047,1480657534,Torchlight,7,0.0026
2048,103629720,V-Rally 4,7,0.0026
2049,131540426,Valentino Rossi The Game,7,0.0026
2050,1731762544,Virtual Villagers Origins 2,7,0.0026
2051,1682770291,"Warhammer 40,000: Chaos Gate - Daemonhunters",7,0.0026
2052,2026783353,Wayfinder,7,0.0026
2053,2069636428,WINGSPAN,7,0.0026
2054,2094867598,XIII,7,0.0026
2055,2081112709,Zaccaria Pinball,7,0.0026
2056,711381438,Zoo Tycoon,7,0.0026
2057,1480656961,3D Ultra™ Minigolf,6,0.0022
2058,767105780,8 To Glory - The Official Game of the PBR,6,0.0022
2059,88086791,A KING'S TALE: FINAL FANTASY XV,6,0.0022
2060,70786264,ACA NEOGEO METAL SLUG 5,6,0.0022
2061,552749870,ACA NEOGEO THE KING OF FIGHTERS '98,6,0.0022
2062,1480660006,AirMech Arena,6,0.0022
2063,615247627,Alan Wake,6,0.0022
2064,652901378,APB Reloaded,6,0.0022
2065,244952910,Aragami: Shadow Edition,6,0.0022
2066,2042945112,Atomicrops,6,0.0022
2067,1614240330,Baldur's Gate: Dark Alliance,6,0.0022
2068,1664978629,Bang-On Balls: Chronicles,6,0.0022
2069,2006171548,Battle Brothers,6,0.0022
2070,1024154899,Boggle,6,0.0022
2071,1617823540,Bomb Rush Cyberfunk,6,0.0022
2072,1965847665,BRAVELY DEFAULT FLYING FAIRY HD Remaster,6,0.0022
2073,1810243569,Brothers: A Tale of Two Sons Remake,6,0.0022
2074,2098202394,Candy Crush Saga,6,0.0022
2075,2014729842,Car For Sale Simulator 2023,6,0.0022
2076,1696049385,Carnivores: Dinosaur Hunt,6,0.0022
2077,293403523,Cartoon Network: Battle Crashers,6,0.0022
2078,1480659655,Castle of Illusion,6,0.0022
2079,2111860697,Cat Pipes,6,0.0022
2080,1096026071,Catherine,6,0.0022
2081,1872307318,Chef Life: A Restaurant Simulator,6,0.0022
2082,1827739583,Chess Infinity,6,0.0022
2083,1954997644,Construction Simulator 3 - Console Edition,6,0.0022
2084,1696763703,Crown Wars: The Black Prince,6,0.0022
2085,1946372542,Cubic Odyssey,6,0.0022
2086,1914646696,Curse of the Dead Gods,6,0.0022
2087,1705868586,Dangerous Driving,6,0.0022
2088,1867293778,Darwin Project,6,0.0022
2089,1480657664,DEAD RISING 2: CASE WEST,6,0.0022
2090,402672897,Death Squared,6,0.0022
2091,1966406017,Deceive Inc.,6,0.0022
2092,577546632,Destroy All Humans! (2005),6,0.0022
2093,338090394,Dirt Rally,6,0.0022
2094,1129121861,DiRT Showdown,6,0.0022
2095,1757950833,DreamWorks All-Star Kart Racing,6,0.0022
2096,1146095621,Earth Defense Force 2025,6,0.0022
2097,1817638967,Echoes of the End: Enhanced Edition,6,0.0022
2098,572417720,Emily Wants To Play,6,0.0022
2099,1958827848,Eternal Card Game,6,0.0022
2100,1850924057,Fishing: North Atlantic,6,0.0022
2101,2125839408,Formula Legends,6,0.0022
2102,1980291965,FPV Simulator,6,0.0022
2103,1705113845,Garten of Banban 6,6,0.0022
2104,1770092694,Going Under,6,0.0022
2105,2094693316,Golfing in Aether,6,0.0022
2106,2020925056,Grim Dawn: Definitive Edition,6,0.0022
2107,2020032940,HAWKED,6,0.0022
2108,1797639733,Hidden Cats in Spooky Village,6,0.0022
2109,1397819420,Hitman HD Pack,6,0.0022
2110,758563081,Horizon Chase Turbo,6,0.0022
2111,722916288,Hue,6,0.0022
2112,1829828400,HUMANKIND™,6,0.0022
2113,1930132661,Jotunnslayer: Hordes of Hel,6,0.0022
2114,611794133,Just Dance 2019®,6,0.0022
2115,1966310183,Just Dance® 2022,6,0.0022
2116,1865989097,KINGDOM HEARTS HD 2.8 Final Chapter Prologue,6,0.0022
2117,1480657105,KOF98UM,6,0.0022
2118,240478325,Layers of Fear (2016),6,0.0022
2119,1724587895,Lemon Cake,6,0.0022
2120,149149959,Lies Of Astaroth,6,0.0022
2121,1900298867,Little Bear,6,0.0022
2122,1128466398,LOST PLANET COLONIES,6,0.0022
2123,142841733,Madden NFL 25,6,0.0022
2124,1480659475,Magic 2013,6,0.0022
2125,1480659653,Magic 2014 — Duels of the Planeswalkers,6,0.0022
2126,322384131,Marvel: Ultimate Alliance,6,0.0022
2127,1014379144,Marvel: Ultimate Alliance 2,6,0.0022
2128,1632270119,Megaton Rainfall,6,0.0022
2129,2071877964,Menace from the Deep: Complete Edition,6,0.0022
2130,1885048343,Mr. Bomber,6,0.0022
2131,1991467401,My Little Universe,6,0.0022
2132,878282273,NBA 2K17: The Prelude,6,0.0022
2133,83029588,NBA LIVE 18: The One Edition,6,0.0022
2134,1718697574,OCTOPATH TRAVELER,6,0.0022
2135,2086200115,OCTOPATH TRAVELER II,6,0.0022
2136,1819981071,Old Market Simulator,6,0.0022
2137,264259050,Ori and the Blind Forest,6,0.0022
2138,1480657548,PAC-MAN CE DX+,6,0.0022
2139,1906677498,PAC-MAN MUSEUM+,6,0.0022
2140,1661809575,PC Building Simulator 2,6,0.0022
2141,1894255361,Placid Plastic Duck Simulator,6,0.0022
2142,884526952,Planetbase,6,0.0022
2143,1731967517,Prison Escape Simulator,6,0.0022
2144,153810321,Pro Evolution Soccer 2015,6,0.0022
2145,753024882,Red Faction Guerrilla Re-Mars-tered,6,0.0022
2146,1883914934,RENNSPORT,6,0.0022
2147,1996943027,Revhead,6,0.0022
2148,326835485,Rise of Nations: Extended Edition,6,0.0022
2149,669503806,Rock of Ages 2: Bigger & Boulder™,6,0.0022
2150,1804278141,Rugby 22 Xbox One,6,0.0022
2151,1861374778,Rugby Challenge 3,6,0.0022
2152,1808022278,Sacred 2 Remaster,6,0.0022
2153,1613348546,Sea of Stars: Sunset Edition,6,0.0022
2154,1480657777,Sega Vintage Collection: Streets of Rage,6,0.0022
2155,1729553161,Sektori,6,0.0022
2156,1906073826,Skullgirls 2nd Encore,6,0.0022
2157,1613869684,Skylanders SWAP Force,6,0.0022
2158,1671676860,Snakeybus,6,0.0022
2159,1480659442,SONIC 4 Episode II,6,0.0022
2160,1951068366,Soulstice: Artbook and Soundtrack,6,0.0022
2161,1876484566,STORY OF SEASONS: Friends of Mineral Town,6,0.0022
2162,300578609,Styx: Shards of Darkness,6,0.0022
2163,2037941256,SUPER BOMBERMAN R 2,6,0.0022
2164,2059797788,Super Meat Boy Forever,6,0.0022
2165,1866825187,Super Monkey Ball: Banana Blitz HD,6,0.0022
2166,1982740887,Surviving Mars: Relaunched,6,0.0022
2167,1984077720,Tales of the Shire: A The Lord of The Rings™ Game,6,0.0022
2168,1718047845,Tannenberg,6,0.0022
2169,1431504853,TC's GRAW,6,0.0022
2170,1915523932,Tempopo,6,0.0022
2171,836165876,The Ascent,6,0.0022
2172,1930789000,The Last Oricru - Final Cut,6,0.0022
2173,1431505093,The Stick of Truth™,6,0.0022
2174,901516198,The Surge 2,6,0.0022
2175,1161955801,The Technomancer,6,0.0022
2176,1858859325,The Thing: Remastered,6,0.0022
2177,467118163,Titan Quest,6,0.0022
2178,1480657310,Toy Soldiers,6,0.0022
2179,1905434171,TRAIL OUT,6,0.0022
2180,1763742865,Train Sim World® 2,6,0.0022
2181,1686524250,Train Sim World® 4,6,0.0022
2182,2125289543,TRANSFORMERS™: Devastation,6,0.0022
2183,52523189,Trials of the Blood Dragon,6,0.0022
2184,1749676903,Two Point Campus,6,0.0022
2185,2074316990,Ultimate General: Gettysburg,6,0.0022
2186,2102312061,Unrailed!,6,0.0022
2187,2084680545,Vapor World: Over The Mind,6,0.0022
2188,2039837995,We Were Here Forever,6,0.0022
2189,1740517029,West of Dead,6,0.0022
2190,1739513454,What's Different?,6,0.0022
2191,1851310927,Who Wants to Be a Millionaire?,6,0.0022
2192,1995157831,Wildfrost,6,0.0022
2193,2015433008,WILL: Follow The Light,6,0.0022
2194,1811697311,World War Z,6,0.0022
2195,1414793346,XCOM®: Enemy Unknown,6,0.0022
2196,391356720,Yooka-Laylee,6,0.0022
2197,1626046949,1-Bit Dungeon,5,0.0018
2198,2007033271,80's OVERDRIVE,5,0.0018
2199,537908737,Absolute Drift: Zen Edition,5,0.0018
2200,701037441,Age of Wonders: Planetfall,5,0.0018
2201,49709880,Anthem™,5,0.0018
2202,1756488270,Arkanoid Eternal Battle,5,0.0018
2203,670545608,Armored Warfare,5,0.0018
2204,1807153345,Azure Striker GUNVOLT,5,0.0018
2205,1833100190,Baldur's Gate: Dark Alliance II,5,0.0018
2206,1864828194,Bendy: Lone Wolf,5,0.0018
2207,1475467792,BLADESTORM: Nightmare,5,0.0018
2208,173291706,Blood Bowl 2,5,0.0018
2209,58039508,Bridge Constructor Portal,5,0.0018
2210,2038940671,Bridge Race,5,0.0018
2211,1762067709,Butterfly 2,5,0.0018
2212,171879377,Call of Cthulhu,5,0.0018
2213,870299798,Carnival Games®,5,0.0018
2214,1414596609,Cars MN,5,0.0018
2215,1855158493,Cartel Tycoon,5,0.0018
2216,287508507,Casey Powell Lacrosse 18,5,0.0018
2217,2012135933,Castlevania Dominus Collection,5,0.0018
2218,1801180387,Cat From Hell,5,0.0018
2219,1644979601,Chernobylite Complete Edition,5,0.0018
2220,1717280173,CHRONO CROSS: THE RADICAL DREAMERS EDITION,5,0.0018
2221,1627160129,Circuit Superstars,5,0.0018
2222,2003473581,Citizen Sleeper,5,0.0018
2223,1480656871,Cloning Clyde,5,0.0018
2224,1397032914,Condemned,5,0.0018
2225,1687740829,Croc's World 3,5,0.0018
2226,2041763016,CrossCode,5,0.0018
2227,1939160486,Dakar Desert Rally,5,0.0018
2228,2065869943,Danganronpa V3: Killing Harmony Anniversary Edition,5,0.0018
2229,1128466400,Dark Void,5,0.0018
2230,893913045,Deadfall Adventures,5,0.0018
2231,1480657756,Deadliest Warrior: Legends,5,0.0018
2232,1951675244,DJMAX RESPECT V,5,0.0018
2233,2044234749,Dragon's Dogma 2 Character Creator & Storage,5,0.0018
2234,1629928134,DRAGON QUEST III HD-2D Remake,5,0.0018
2235,776943591,DUCATI - 90th Anniversary,5,0.0018
2236,1710086859,Ducky Dash,5,0.0018
2237,531404425,DYNASTY WARRIORS 9,5,0.0018
2238,1941057630,Empire of the Ants,5,0.0018
2239,1997527592,Endling - Extinction is Forever,5,0.0018
2240,1692950358,Exoprimal,5,0.0018
2241,1949165391,Eyes: The Horror Game,5,0.0018
2242,942676443,F1™ 2016,5,0.0018
2243,1851718938,FANTASY LIFE i: The Girl Who Steals Time,5,0.0018
2244,1480659903,Far Cry® 3 Blood Dragon,5,0.0018
2245,2089457960,Fishing: Barents Sea,5,0.0018
2246,2043510457,Friends vs Friends,5,0.0018
2247,1480657265,GAROU MOW,5,0.0018
2248,1690204019,Garten of Banban 3,5,0.0018
2249,2036291363,Garten of Banban 8: Anti Devil,5,0.0018
2250,2126757651,Ghostrunner,5,0.0018
2251,1734964144,Ghosts 'n Goblins Resurrection,5,0.0018
2252,1641056892,Gloomhaven,5,0.0018
2253,943719970,GRID,5,0.0018
2254,2086871459,Ground Zero,5,0.0018
2255,121960285,Guts & Glory,5,0.0018
2256,2023604348,Hatsune Miku Logic Paint S+,5,0.0018
2257,1829337400,Have a Nice Death,5,0.0018
2258,1695499346,Headbangers: Rhythm Royale,5,0.0018
2259,1880214966,Hello Neighbor: Hide and Seek,5,0.0018
2260,1760815176,Hero's Hour,5,0.0018
2261,1796297550,Hidden Cats in New York,5,0.0018
2262,1702750733,Huntdown,5,0.0018
2263,1945528318,Idle Devils,5,0.0018
2264,2136871363,Indoor Baseball,5,0.0018
2265,909182696,Infinite Minigolf,5,0.0018
2266,2144211794,Iron Harvest Complete Edition,5,0.0018
2267,1922993793,Jalopy,5,0.0018
2268,1833296585,Kanjozoku Game - レーサーCar Racing & Highway Driving Simulator Games,5,0.0018
2269,901962824,KartRider: Drift,5,0.0018
2270,1989445813,Knight Squad 2,5,0.0018
2271,1615197965,Let's Build a Zoo,5,0.0018
2272,2002613703,Lethal League Blaze,5,0.0018
2273,1925242158,Library Of Ruina,5,0.0018
2274,1651525052,Life is Strange: Before the Storm Remastered,5,0.0018
2275,1700020315,MADiSON,5,0.0018
2276,350075261,Marvel Heroes Omega,5,0.0018
2277,1651248133,Metal: Hellsinger,5,0.0018
2278,693693640,NASCAR Heat Evolution,5,0.0018
2279,1706007518,Nexomon: Extinction,5,0.0018
2280,1907337607,NHL® 15 Full Game,5,0.0018
2281,594585699,Nidhogg 2,5,0.0018
2282,125341318,Night in the Woods,5,0.0018
2283,1981338612,NITRO GEN OMEGA,5,0.0018
2284,1819944286,Nun Massacre,5,0.0018
2285,1129121809,OF: Dragon Rising,5,0.0018
2286,933693396,ŌKAMI HD,5,0.0018
2287,2121532136,Once Upon A KATAMARI,5,0.0018
2288,1620604447,Only Up Rush,5,0.0018
2289,806794764,Override: Mech City Brawl,5,0.0018
2290,1480656913,PAC-MAN,5,0.0018
2291,1901009298,Pawbay,5,0.0018
2292,1731213835,Pickup Driving - Free,5,0.0018
2293,1914519751,Pillars of Eternity: Hero Edition,5,0.0018
2294,848477962,Pure Chess,5,0.0018
2295,481098309,Pure Farming 2018,5,0.0018
2296,993540759,Pure Hold'em™,5,0.0018
2297,1480657006,Puzzle Fighter HD,5,0.0018
2298,24524637,Railway Empire,5,0.0018
2299,1673787135,Rain on Your Parade,5,0.0018
2300,957250252,Rapala Fishing: Pro Series,5,0.0018
2301,1263339480,Risen,5,0.0018
2302,1738390204,Rivals of Aether,5,0.0018
2303,2028931904,Rugby 20,5,0.0018
2304,764522213,Runbow,5,0.0018
2305,1654990488,Rune Factory 4 Special,5,0.0018
2306,1628932021,Scott Pilgrim EX,5,0.0018
2307,282721798,Screencheat,5,0.0018
2308,1532956420,Sébastien Loeb Rally EVO,5,0.0018
2309,2000442171,Shadow Warrior 3: Definitive Edition,5,0.0018
2310,1963476984,Sherlock Holmes Chapter One,5,0.0018
2311,1709151881,Ship Graveyard Simulator 2,5,0.0018
2312,687576060,Skylanders SuperChargers Portal Owner's Pack,5,0.0018
2313,1657758963,Slay the Princess - The Pristine Cut,5,0.0018
2314,842462247,Slayaway Camp: Butcher's Cut,5,0.0018
2315,1633036635,Snack and Quack: Duckling Steps,5,0.0018
2316,2120222634,Spirit of the North 2,5,0.0018
2317,2063855906,STAR OCEAN THE DIVINE FORCE,5,0.0018
2318,1813336489,Starship Troopers: Ultimate Bug War!,5,0.0018
2319,2009073182,Steelrising - Standard Edition,5,0.0018
2320,903098188,Strange Brigade,5,0.0018
2321,1896598798,Street Outlaws 2: Winner Takes All,5,0.0018
2322,1644555235,STRIKERS 1945,5,0.0018
2323,1995931888,Sunderfolk,5,0.0018
2324,1617919722,SUPER BOMBERMAN COLLECTION,5,0.0018
2325,2039224282,Super Monkey Ball Banana Mania,5,0.0018
2326,1949756621,Surgeon Simulator 2,5,0.0018
2327,1770175521,Surviving the Aftermath,5,0.0018
2328,1762659260,Survivor Mercs,5,0.0018
2329,2070375454,SYNDUALITY Echo of Ada,5,0.0018
2330,1688544029,Tales of Berseria Remastered,5,0.0018
2331,1733855657,Tech Glitch,5,0.0018
2332,1906078054,TERMINATOR: RESISTANCE,5,0.0018
2333,1881824137,Tetris® Forever,5,0.0018
2334,2094819475,Thank Goodness You're Here!,5,0.0018
2335,619718041,The Cave,5,0.0018
2336,2115998347,The Drone Racing League Simulator,5,0.0018
2337,2007018418,The Hong Kong Massacre,5,0.0018
2338,1637976314,The Jackbox Survey Scramble,5,0.0018
2339,1988354836,The Karate Kid: Street Rumble,5,0.0018
2340,20605635,The Surge,5,0.0018
2341,1967005422,The Wandering Village,5,0.0018
2342,874691210,This War of Mine: The Little Ones,5,0.0018
2343,1396901866,Tomb Raider: Anniv.,5,0.0018
2344,1396901844,Tomb Raider:Legend,5,0.0018
2345,703997631,TowerFall Ascension,5,0.0018
2346,1480660067,Toybox Turbos,5,0.0018
2347,1529724759,Transformers: The Dark Spark,5,0.0018
2348,1264125916,Tropico 4,5,0.0018
2349,1879353165,TT Isle of Man Ride on the Edge 2,5,0.0018
2350,1987230441,Turmoil,5,0.0018
2351,2093112005,Turok 3: Shadow of Oblivion Remastered,5,0.0018
2352,1683451145,Ultra Foodmess Deluxe,5,0.0018
2353,2060146885,Unspottable,5,0.0018
2354,1884076770,Visage,5,0.0018
2355,133113455,Voodoo Vince: Remastered,5,0.0018
2356,1629004246,We Love Katamari REROLL+ Royal Reverie,5,0.0018
2357,2072708503,WEED DRUG EMPIRE - SCHEDULE,5,0.0018
2358,1798375126,Welcome to ParadiZe,5,0.0018
2359,940586683,Wizard of Legend,5,0.0018
2360,1981961526,Word Quest: Medival,5,0.0018
2361,1631055981,Worms Rumble,5,0.0018
2362,1048549433,WRC 6 FIA World Rally Championship,5,0.0018
2363,1948986948,007 First Light,4,0.0015
2364,304633817,ACA NEOGEO METAL SLUG 4,4,0.0015
2365,1777027693,Adv File Explorer (FullTrust),4,0.0015
2366,1480656956,Aegis Wing,4,0.0015
2367,1664723386,Afterimage,4,0.0015
2368,1064538690,Air Missions: HIND,4,0.0015
2369,1859288114,AirportSim,4,0.0015
2370,616610555,Alan Wake's American Nightmare,4,0.0015
2371,1699651320,Alex the Rabbit,4,0.0015
2372,1780044941,American Arcadia,4,0.0015
2373,2072863941,Animal Shelter Simulator,4,0.0015
2374,490460723,Arise: A Simple Story,4,0.0015
2375,1664245882,Atari 50: The Anniversary Celebration,4,0.0015
2376,1771834186,ATLAS (Game Preview),4,0.0015
2377,1654112265,Bandits On West,4,0.0015
2378,1161889785,Battlefield: Bad Company,4,0.0015
2379,1396901849,Battlestations: Midway,4,0.0015
2380,1955832684,Beyond Good & Evil 20th Anniversary Edition,4,0.0015
2381,2028748673,Bleak Faith,4,0.0015
2382,1739622609,Blood West,4,0.0015
2383,1862346957,BloodRayne: ReVamped,4,0.0015
2384,1952427486,Bloodstained: Ritual of the Night,4,0.0015
2385,1698796012,Bloons TD 6,4,0.0015
2386,1633682783,BODYCAM 2026,4,0.0015
2387,1112934366,Bolt,4,0.0015
2388,1480657002,Boom Boom Rocket,4,0.0015
2389,1906603484,Bravery and Greed,4,0.0015
2390,465277350,Bridge Constructor,4,0.0015
2391,2114128708,Bunny Park,4,0.0015
2392,2032548938,Cassette Beasts,4,0.0015
2393,1501266033,CastleStorm - Definitive Edition,4,0.0015
2394,2144913935,Castlevania Anniversary Collection,4,0.0015
2395,2137663855,Chip ‘n Clawz vs. The Brainioids,4,0.0015
2396,1967883584,Chorus,4,0.0015
2397,2035194488,Clunky Hero,4,0.0015
2398,1941723837,Coffee Talk Episode 2: Hibiscus and Butterfly,4,0.0015
2399,1414596570,Conan,4,0.0015
2400,54541475,Construction Simulator 2 US - Console Edition,4,0.0015
2401,2011564314,Contra: Operation Galuga,4,0.0015
2402,1872937240,Copycat,4,0.0015
2403,2113258996,Core Keeper,4,0.0015
2404,1642353875,Craftopia,4,0.0015
2405,1808911215,Crashlands,4,0.0015
2406,2123216194,Crysis 2 Remastered,4,0.0015
2407,1767097660,Cthulhu: The Cosmic Abyss,4,0.0015
2408,1680691785,Curious Copy Cats,4,0.0015
2409,1617210035,DARKGEMS,4,0.0015
2410,367230746,Darksiders Genesis,4,0.0015
2411,2094503132,Darwin's Paradox!,4,0.0015
2412,1805903409,Daymare: 1998,4,0.0015
2413,327419539,de Blob,4,0.0015
2414,1480657099,Defense Grid,4,0.0015
2415,419349778,Defiance 2050,4,0.0015
2416,1646780412,Dentist Bling,4,0.0015
2417,1821472434,Disciples: Liberation,4,0.0015
2418,1112934403,Disney Universe,4,0.0015
2419,2099244998,Drill Core,4,0.0015
2420,1799540443,Dungeons & Dragons Neverwinter Nights 2: Enhanced Edition,4,0.0015
2421,1739392581,Dungeons of Sundaria,4,0.0015
2422,1640323097,DYNASTY WARRIORS 9 Empires,4,0.0015
2423,571156610,Earthfall,4,0.0015
2424,809464104,Elex,4,0.0015
2425,1852617445,ELEX II,4,0.0015
2426,1706225842,ENDLESS Dungeon™,4,0.0015
2427,2049241881,Entropy Survivors,4,0.0015
2428,1448413145,F.E.A.R.,4,0.0015
2429,1198695408,F1™ 2015,4,0.0015
2430,1480657527,Faery: Legends of Avalon,4,0.0015
2431,82367207,Farmer's Dynasty,4,0.0015
2432,495246139,FAST & FURIOUS CROSSROADS,4,0.0015
2433,1629487179,FATAL FRAME: Maiden of Black Water,4,0.0015
2434,1805284872,Five Nights at Freddy's: Help Wanted 2,4,0.0015
2435,1691539579,Flappy Fly,4,0.0015
2436,67961945,FlatOut 4 : Total Insanity,4,0.0015
2437,1684931682,Flint: Treasure of Oblivion,4,0.0015
2438,1712769195,Football Manager 2022 Xbox Edition,4,0.0015
2439,1899291024,Fran Bow,4,0.0015
2440,1480656915,Frogger,4,0.0015
2441,893913057,Full Spectrum Warrior,4,0.0015
2442,2077809328,Garten of Banban 4,4,0.0015
2443,2054890337,Get To Work,4,0.0015
2444,1730221723,Ghostrunner 2,4,0.0015
2445,317243501,God's Trigger,4,0.0015
2446,529515303,Gone Home,4,0.0015
2447,1705150859,Greedland,4,0.0015
2448,1973021624,Greyhill Incident,4,0.0015
2449,620831719,GROW UP,4,0.0015
2450,1131124715,"Guns, Gore and Cannoli",4,0.0015
2451,1698046377,Highway Police Simulator,4,0.0015
2452,331529974,Hitman: Blood Money HD,4,0.0015
2453,1968550256,Hobo: Tough Life,4,0.0015
2454,1880956881,Hot Wheels Monster Trucks: Stunt Mayhem™,4,0.0015
2455,1691551544,Jujutsu Kaisen Cursed Clash - Jujusta 2024,4,0.0015
2456,251796387,Just Dance 2018®,4,0.0015
2457,1721223782,Katamari Damacy REROLL,4,0.0015
2458,1749806231,Keep Talking and Nobody Explodes,4,0.0015
2459,1645652626,Kena: Bridge of Spirits,4,0.0015
2460,1974645006,Killer Frequency,4,0.0015
2461,1970962100,King of Seas,4,0.0015
2462,1161890110,Kingdoms of Amalur: Reckoning,4,0.0015
2463,1660823717,LEGO® Brawls,4,0.0015
2464,1759373796,Leisure Suit Larry - Wet Dreams Dry Twice,4,0.0015
2465,831141864,Leo's Fortune,4,0.0015
2466,1625997162,Liminal Department,4,0.0015
2467,1128466480,Lost Planet 3,4,0.0015
2468,1480657727,Magic 2012,4,0.0015
2469,1977505997,Maid of Sker,4,0.0015
2470,1734719986,Mainframent,4,0.0015
2471,1886514325,Marble It Up! Ultra,4,0.0015
2472,1060304103,Marooners,4,0.0015
2473,2016530186,Marsupilami: Hoobadventure,4,0.0015
2474,1687585446,MENACE (Game Preview),4,0.0015
2475,1889275388,Metal Eden,4,0.0015
2476,1263405120,METAL GEAR SOLID HD: 2 & 3,4,0.0015
2477,1983992803,Miasma Chronicles,4,0.0015
2478,2142315481,Mighty Morphin Power Rangers: Rita's Rewind,4,0.0015
2479,1871640896,MILKY WAY TD SURVIVORS AUTOBATTLER,4,0.0015
2480,14233261,Minecraft: Story Mode - Season Two - Episode 1,4,0.0015
2481,1947752727,Monster Hunter Stories 3: Twisted Reflection Trial Version,4,0.0015
2482,1679173794,MotoGP™21,4,0.0015
2483,1839786246,Murdered: Soul Suspect,4,0.0015
2484,446256697,My Time At Portia,4,0.0015
2485,2078262992,My Time at Sandrock Online,4,0.0015
2486,1731520158,Myst,4,0.0015
2487,1759805434,Narita Boy,4,0.0015
2488,498956148,NASCAR Heat 2,4,0.0015
2489,225943380,NEOGEO BATTLE COLISEUM,4,0.0015
2490,2039473401,NINJA GAIDEN Σ,4,0.0015
2491,1814825729,No More Heroes 3,4,0.0015
2492,1868841248,Nobody Saves the World,4,0.0015
2493,301029247,Oddworld: New 'n' Tasty,4,0.0015
2494,926156714,Onimusha: Warlords,4,0.0015
2495,2074508136,Open Country,4,0.0015
2496,1707434871,Overdrive Blaster,4,0.0015
2497,1129121801,Overlord II,4,0.0015
2498,1828865417,PAC-PAC,4,0.0015
2499,2074120545,Pax Dei,4,0.0015
2500,1926352092,PBA Pro Bowling,4,0.0015
2501,1827996338,PBA Pro Bowling 2023,4,0.0015
2502,1641334275,Phantom Breaker: Omnia,4,0.0015
2503,912254227,Pit People,4,0.0015
2504,2046628793,PixARK,4,0.0015
2505,2071988780,Port Royale 4,4,0.0015
2506,1431504958,Prince of Persia The Forgotten Sands™,4,0.0015
2507,1112934361,Pure,4,0.0015
2508,2099711760,R.B.I. Baseball 20,4,0.0015
2509,1657564986,Ratshaker,4,0.0015
2510,1480659519,Rayman 3 HD,4,0.0015
2511,1767764646,Retreat To Enen,4,0.0015
2512,1313671123,Ridge Racer 6,4,0.0015
2513,1414793183,Rockstar Table Tennis,4,0.0015
2514,1723464141,Rogue Flight,4,0.0015
2515,1820242486,Roguebook Xbox Series X|S,4,0.0015
2516,2138535394,Rugby League Live 3,4,0.0015
2517,1690094100,Run Sausage Run!,4,0.0015
2518,1759610497,Rush Rally Origins,4,0.0015
2519,2085974219,Sable,4,0.0015
2520,1263339473,Sacred 2 Fallen Angel,4,0.0015
2521,2020514432,SBK™22,4,0.0015
2522,1480657539,SEGA Bass Fishing,4,0.0015
2523,1297287126,Shadowrun,4,0.0015
2524,21560138,Sheltered,4,0.0015
2525,903306295,Shining Resonance Refrain,4,0.0015
2526,1632941844,SHMUP Mania,4,0.0015
2527,247124088,Shovel Knight: Treasure Trove,4,0.0015
2528,902608,Sky Force Reloaded,4,0.0015
2529,60656359,SOMA,4,0.0015
2530,2112770120,Songs of Conquest,4,0.0015
2531,1480657315,Sonic The Hedgehog 3,4,0.0015
2532,1813197692,SOS OPS!,4,0.0015
2533,1480659985,SOULCALIBUR II HD,4,0.0015
2534,1718103769,Space Gladiators,4,0.0015
2535,1414793283,Spec Ops: The Line,4,0.0015
2536,1859601917,Spellbreak,4,0.0015
2537,1943663664,SpellForce III Reforced,4,0.0015
2538,2073359006,Spirittea,4,0.0015
2539,1676037121,Spooky's Jump Scare Mansion: HD Renovation,4,0.0015
2540,1912029217,STAB STAB STAB!,4,0.0015
2541,1917594775,Stampede: Racing Royale (Game Preview),4,0.0015
2542,1992651140,STAR WARS™: Dark Forces Remaster,4,0.0015
2543,1835454890,Stay Out of the House,4,0.0015
2544,2027854331,STORY OF SEASONS: A Wonderful Life,4,0.0015
2545,2120109308,STUFFED,4,0.0015
2546,1675190546,Stunt Paradise,4,0.0015
2547,2023806716,Styx: Master of Shadows,4,0.0015
2548,1765342554,SUMMERHOUSE,4,0.0015
2549,1849290790,Super Scooter,4,0.0015
2550,1941370105,Supermarket Owner Simulator: Business,4,0.0015
2551,2003002635,Survival: Foutain of Youth - Captain's Edition,4,0.0015
2552,1480659532,SVC: ToeJam & Earl,4,0.0015
2553,1908989621,SWORD ART ONLINE Last Recollection,4,0.0015
2554,462214672,Table Top Racing: World Tour,4,0.0015
2555,1940337295,Taiko no Tatsujin: Rhythm Festival,4,0.0015
2556,1937629264,Tainted Grail: Conquest,4,0.0015
2557,1874881573,Tales of Kenzera™: ZAU,4,0.0015
2558,1480657504,Tecmo Bowl Throwback®,4,0.0015
2559,1825800558,Temtem,4,0.0015
2560,1977179260,TES IV: Oblivion Remastered - Digital Artbook & Original Soundtrack,4,0.0015
2561,1774362586,The Backrooms 1998,4,0.0015
2562,157772240,The Bard's Tale IV: Director's Cut,4,0.0015
2563,1733173772,The Bard's Tale Trilogy,4,0.0015
2564,2016552136,The Catch: Carp & Coarse Fishing,4,0.0015
2565,1733938741,The Coin Game,4,0.0015
2566,1685158190,The Expanse: A Telltale Series,4,0.0015
2567,875174887,The Final Station,4,0.0015
2568,1761411767,THE HOUSE OF THE DEAD: Remake,4,0.0015
2569,2073554022,The Jackbox Party Starter,4,0.0015
2570,1772965835,The Last Stand: Aftermath,4,0.0015
2571,1414596562,The Outfit,4,0.0015
2572,1279330262,Thrillville: OTR,4,0.0015
2573,1902996251,Tides of Tomorrow,4,0.0015
2574,2068094397,To the Moon and Beyond,4,0.0015
2575,1721366178,Toy Soldiers HD,4,0.0015
2576,1887639245,Tracks - The Train Set Game,4,0.0015
2577,1669996905,Train Sim World® 3,4,0.0015
2578,2147214039,TRIANGLE STRATEGY,4,0.0015
2579,2078968222,Truck Driver: The American Dream,4,0.0015
2580,2117776820,UnderMine,4,0.0015
2581,1297549275,Unreal Tournament III,4,0.0015
2582,1397033025,VANQUISH,4,0.0015
2583,1959830280,Virtua Fighter 5 R.E.V.O. World Stage,4,0.0015
2584,2119315223,Void Crew,4,0.0015
2585,648298719,Warhammer: Chaosbane Xbox One,4,0.0015
2586,1662257169,What The Dub?!,4,0.0015
2587,2102173616,Whiskerwood (Game Preview),4,0.0015
2588,2125765747,Windbound,4,0.0015
2589,1480657355,Wolfenstein 3D,4,0.0015
2590,1670435927,Word Quest Pirates,4,0.0015
2591,1709000658,Word Quest: Cyberpunk,4,0.0015
2592,1834145283,World of Tennis: Roaring ’20s,4,0.0015
2593,555542903,Yoku's Island Express,4,0.0015
2594,1752291141,Zombie Derby,4,0.0015
2595,1695141626,Zombies Ate My Neighbors and Ghoul Patrol,4,0.0015
2596,1970931118,3 Player Battle,3,0.0011
2597,570085654,8-Bit RTS Series,3,0.0011
2598,544527071,911 Operator,3,0.0011
2599,1528308274,Aaero,3,0.0011
2600,949699803,ABZU,3,0.0011
2601,161766155,ACA NEOGEO ART OF FIGHTING 2,3,0.0011
2602,605012161,ACA NEOGEO THE KING OF FIGHTERS '95,3,0.0011
2603,442527816,ACA NEOGEO THE KING OF FIGHTERS 2001,3,0.0011
2604,678033734,ACA NEOGEO THE KING OF FIGHTERS 2003,3,0.0011
2605,1838321370,Ages of Mages: the last keeper,3,0.0011
2606,1718032869,Airborne Kingdom,3,0.0011
2607,946215144,AirMech® Arena,3,0.0011
2608,1847254069,Alex Kidd in Miracle World DX,3,0.0011
2609,1626416341,Alisa Developer's Cut,3,0.0011
2610,173777692,Alto's Adventure,3,0.0011
2611,1871850764,Amanda the Adventurer 2,3,0.0011
2612,1828567307,Angry Video Game Nerd I & II Deluxe,3,0.0011
2613,2032975288,ANIMAL WELL,3,0.0011
2614,880418401,AO International Tennis,3,0.0011
2615,2130794071,Apollo Justice: Ace Attorney Trilogy,3,0.0011
2616,1714994601,Architect Life: A House Design Simulator,3,0.0011
2617,1877455960,art of rally,3,0.0011
2618,2029448252,ASMR Slicing,3,0.0011
2619,487844727,Assault Android Cactus,3,0.0011
2620,1762779465,Asterigos: Curse of the Stars,3,0.0011
2621,1841822482,Asterix & Obelix XXL3: The Crystal Menhir,3,0.0011
2622,1744435907,Atelier Yumia: The Alchemist of Memories & the Envisioned Land,3,0.0011
2623,1861014614,Autonauts,3,0.0011
2624,1720903665,Autopsy Simulator,3,0.0011
2625,1949426934,AVICII Invector,3,0.0011
2626,975485641,Back to the Future: The Game - 30th Anniversary Edition,3,0.0011
2627,1619305462,Baki Hanma: Blood Arena,3,0.0011
2628,1780001013,Ballotron Galaxy,3,0.0011
2629,1480656876,Bankshot Billiards 2,3,0.0011
2630,1899605529,Barbarous: Survivor's Quest,3,0.0011
2631,2009443764,BBQ Simulator: The Squad,3,0.0011
2632,1480657658,Beyond Good & Evil HD,3,0.0011
2633,1021034070,Big Buck Hunter Arcade,3,0.0011
2634,2099876954,Big Rumble Boxing: Creed Champions,3,0.0011
2635,531923308,Bike Mayhem 2,3,0.0011
2636,1854828947,BIOHAZARD VILLAGE Z Version,3,0.0011
2637,1769201615,Bioprototype,3,0.0011
2638,2111261259,Biped,3,0.0011
2639,1631604623,Biped 2,3,0.0011
2640,1431504859,Blazing Angels,3,0.0011
2641,1988745404,Blazing Beaks,3,0.0011
2642,941698858,Bleed 2,3,0.0011
2643,2037855727,Block Puzzle Jewels Classic,3,0.0011
2644,1723799507,BloodRayne 2: ReVamped,3,0.0011
2645,591630310,Bloodstained: Curse of the Moon,3,0.0011
2646,2021444410,BPM: Bullets Per Minute,3,0.0011
2647,1896582181,Bramble: The Mountain King,3,0.0011
2648,2122418461,Bratz® Rhythm & Style,3,0.0011
2649,1112934423,Brave: The Video Game,3,0.0011
2650,2091426729,Bread & Fred,3,0.0011
2651,1972740153,Bright Memory: Infinite Platinum Edition,3,0.0011
2652,2092197904,Bubsy in: The Purrfect Collection,3,0.0011
2653,1733243424,Bus Driving Simulator : EVO,3,0.0011
2654,1633674805,Butterfly,3,0.0011
2655,1960391873,Call of Duty®: Black Ops III (Windows),3,0.0011
2656,908734579,Carmageddon: Max Damage,3,0.0011
2657,2122614052,Carmageddon: Rogue Shift,3,0.0011
2658,1744298534,Catlateral Damage: Remeowstered,3,0.0011
2659,1995880869,Charon's Staircase,3,0.0011
2660,880657099,Chronos: Before the Ashes,3,0.0011
2661,1872936107,Cobra Kai: The Karate Kid Saga Continues,3,0.0011
2662,2102465429,Coffee Talk,3,0.0011
2663,1480657440,Comic Jumper,3,0.0011
2664,1841498671,CONSCRIPT,3,0.0011
2665,2097032200,"Cook, Serve, Delicious! 2!!",3,0.0011
2666,2079295420,Crash Team Rumble™,3,0.0011
2667,694139546,Crawl,3,0.0011
2668,1985791411,Cricket 22,3,0.0011
2669,1846285148,CrossfireX,3,0.0011
2670,1991637540,Crossroads Inn,3,0.0011
2671,429288038,Crypt of the NecroDancer,3,0.0011
2672,989689010,Crypt of the Serpent King,3,0.0011
2673,1935688591,Daemon X Machina: Titanic Scion,3,0.0011
2674,822567888,Danger Zone,3,0.0011
2675,1841290462,Dark Alliance,3,0.0011
2676,923296121,Defunct,3,0.0011
2677,1657529579,DESOLATIUM,3,0.0011
2678,2014312535,Despot's Game,3,0.0011
2679,2116371080,Dicey Dungeons,3,0.0011
2680,1848024903,Dig Deep,3,0.0011
2681,1770625509,Disciples: Domination,3,0.0011
2682,1974043980,Disney Classic Games: Aladdin and The Lion King,3,0.0011
2683,1112737777,DOOM 3 BFG Edition,3,0.0011
2684,1641402901,Double Dragon Gaiden: Rise of the Dragons,3,0.0011
2685,1480657549,DR2: CASE ZERO,3,0.0011
2686,2084687312,Dragon's Lair Trilogy,3,0.0011
2687,1909957148,Dragon City,3,0.0011
2688,532569395,Drawful 2,3,0.0011
2689,2026145066,Drink 'Em,3,0.0011
2690,1993091289,Drug Dealer Empire,3,0.0011
2691,1844836316,Dune: Imperium,3,0.0011
2692,1397819381,Dungeon Siege III,3,0.0011
2693,1977810583,DUSK,3,0.0011
2694,1962870476,EA SPORTS™ Madden NFL 27,3,0.0011
2695,1977284905,Eastward,3,0.0011
2696,1648619937,Edge of Eternity,3,0.0011
2697,1983248568,Eiyuden Chronicle: Hundred Heroes,3,0.0011
2698,1706704659,Eldest Souls,3,0.0011
2699,1805594701,Ember Knights : Heroes of the Nexus Edition,3,0.0011
2700,1917441524,Escape from Ever After,3,0.0011
2701,1998107412,ExitMan Deluxe,3,0.0011
2702,1639220334,Exo One,3,0.0011
2703,1832912519,Exodus: Creepy Time,3,0.0011
2704,1129121874,F1™ 2014,3,0.0011
2705,1760050791,Fae Farm,3,0.0011
2706,1655237678,Fallout: New Vegas Ultimate Edition,3,0.0011
2707,1480659518,Far Cry Classic,3,0.0011
2708,1731736563,Farm Manager World,3,0.0011
2709,1431504860,FC Instincts Predator,3,0.0011
2710,184042097,Fe,3,0.0011
2711,2104575927,Fights in Tight Spaces,3,0.0011
2712,1832263068,Fire & Water,3,0.0011
2713,1966202553,Fishing: North Atlantic Enhanced Edition,3,0.0011
2714,1782426167,Flat Heroes,3,0.0011
2715,2026236016,Floor 9,3,0.0011
2716,1890880304,Fobia - St. Dinfna Hotel,3,0.0011
2717,1882538785,Forgive Me Father 2,3,0.0011
2718,1945489665,Frog Detective: The Entire Mystery,3,0.0011
2719,2054354492,Fruit Ninja Kinect 2,3,0.0011
2720,1643768709,Gabriels Worlds The Adventure,3,0.0011
2721,1810736784,Galactic Loader,3,0.0011
2722,1480656914,GALAGA,3,0.0011
2723,2005313515,Garten of Banban 7,3,0.0011
2724,1925360122,Gex Trilogy,3,0.0011
2725,2045688705,Giana Sisters: Twisted Dreams - Director's Cut,3,0.0011
2726,2058395991,Golf Guys,3,0.0011
2727,2139052007,Golf With Your Friends 2,3,0.0011
2728,2048825105,Goosebumps Dead of Night,3,0.0011
2729,2079183119,Gord,3,0.0011
2730,2043449905,Gori: Cuddly Carnage,3,0.0011
2731,1936375380,Gungrave G.O.R.E,3,0.0011
2732,2022315423,Gunsmith Simulator,3,0.0011
2733,1772335526,Habitat Shapes: The Tropical Journey,3,0.0011
2734,1928525856,Halo: MCC Insider,3,0.0011
2735,1480657432,Hard Corps: Uprising,3,0.0011
2736,1683854838,Harvest Moon: The Winds of Anthos,3,0.0011
2737,1654652604,Heavy Cargo - The Truck Simulator,3,0.0011
2738,2117139021,Hidden Cats in Istanbul,3,0.0011
2739,1825883295,Hidden Cats in Rio de Janeiro,3,0.0011
2740,1669048701,Hidden Cats in Spooky Town,3,0.0011
2741,1890778408,Hidden Cats in Tokyo,3,0.0011
2742,1700125109,Hidden Through Time,3,0.0011
2743,2021447825,Hole Digging Master,3,0.0011
2744,1708171739,Holy Roller,3,0.0011
2745,2058317945,Hotel Renovator,3,0.0011
2746,948876029,Hover,3,0.0011
2747,1026512979,How to Survive: Storm Warning Edition,3,0.0011
2748,1827075606,Human Zoo Tycoon,3,0.0011
2749,1038862451,HYPER SCAPE,3,0.0011
2750,1480657722,I Am Alive™,3,0.0011
2751,1744552935,iDigging,3,0.0011
2752,1480657016,Ikaruga,3,0.0011
2753,2129874876,Indivisible,3,0.0011
2754,1779354193,Infernax,3,0.0011
2755,1480657692,Insanely Twisted Shadow Planet,3,0.0011
2756,1480656874,Jewel Quest,3,0.0011
2757,1825821885,Jewel Rotation (XBox-Edition),3,0.0011
2758,1832432939,Johnny Trigger,3,0.0011
2759,1480660105,JUJU,3,0.0011
2760,65384566,Jumanji: The Video Game,3,0.0011
2761,2028720746,Junkyard Simulator,3,0.0011
2762,1396901845,Just Cause,3,0.0011
2763,1873447830,KAKU - Ancient Seal,3,0.0011
2764,1751090642,Kaze and the Wild Masks,3,0.0011
2765,1815601187,Kingdom Eighties,3,0.0011
2766,1641318352,Kinki Spiritual Affairs Bureau,3,0.0011
2767,1967544348,Knightica,3,0.0011
2768,1672818847,Legacy of Kain: Ascendance,3,0.0011
2769,1689936313,Little Big Workshop,3,0.0011
2770,1886840872,Loop Hero,3,0.0011
2771,1746921766,LSI Baseball Win 756,3,0.0011
2772,1781027452,Luppy,3,0.0011
2773,1537894068,Magic 2015,3,0.0011
2774,2130574527,Matchpoint - Tennis Championships,3,0.0011
2775,1772597205,METAL GEAR SOLID: MASTER COLLECTION Vol.1 BONUS CONTENT,3,0.0011
2776,888477147,METAL GEAR SURVIVE,3,0.0011
2777,1766280986,METAL SLUG ATTACK RELOADED,3,0.0011
2778,2090925193,Metal Slug Tactics,3,0.0011
2779,1866333429,METRO 2039,3,0.0011
2780,2099446354,Midnight Fight Express,3,0.0011
2781,2053936784,Mimi the Cat: Mimi's Scratcher,3,0.0011
2782,1396901860,MINI NINJAS™,3,0.0011
2783,1890326099,Mistfall Hunter,3,0.0011
2784,1806088999,Monsters are Coming!,3,0.0011
2785,819262220,MotoGP™17,3,0.0011
2786,1749577828,Mr. DRILLER DrillLand,3,0.0011
2787,1768155647,Mr. T-Shirt,3,0.0011
2788,1480657689,Ms. Splosion Man™,3,0.0011
2789,1480656951,MS.PAC-MAN,3,0.0011
2790,1866194138,Murder Miners,3,0.0011
2791,2045736222,My Recycling Center,3,0.0011
2792,1893545198,MySims™ Kingdom,3,0.0011
2793,607267025,N++ (NPLUSPLUS),3,0.0011
2794,2076732337,Necromunda: Hired Gun (Windows),3,0.0011
2795,1740300956,Neighbours back From Hell,3,0.0011
2796,2036125374,Neon White,3,0.0011
2797,910593568,Never Alone (Kisima Ingitchuna),3,0.0011
2798,2112950649,Nicktoons & The Dice of Destiny,3,0.0011
2799,2023214653,Night Swarm,3,0.0011
2800,1700516900,NINJA GAIDEN 3: Razor's Edge,3,0.0011
2801,1776537169,NINJA GAIDEN Σ2,3,0.0011
2802,2081999852,Observer: System Redux,3,0.0011
2803,1964152695,OneShot: World Machine Edition,3,0.0011
2804,1734289672,"ONYX-PRO, Inside the Game: Grounded 2 Artbook and Soundtrack",3,0.0011
2805,1995657870,Orange Season,3,0.0011
2806,1709997248,Our Adventurer Guild,3,0.0011
2807,35717019,Oxenfree,3,0.0011
2808,1480657015,Pac-Man C.E.,3,0.0011
2809,1616365132,Papa's Quiz,3,0.0011
2810,1775966138,PBA Pro Bowling 2021,3,0.0011
2811,267248679,Phantom Dust,3,0.0011
2812,1991248961,PHOGS!,3,0.0011
2813,1800431998,Pipes Master,3,0.0011
2814,1776549840,Pizza Possum,3,0.0011
2815,340271216,Planet Alpha,3,0.0011
2816,34123030,Premium Pool Arena,3,0.0011
2817,1431504908,Prince of Persia,3,0.0011
2818,307808103,Pro Fishing Simulator,3,0.0011
2819,1655939920,Puyo Puyo Champions,3,0.0011
2820,1966810654,Ramp Bike Racing,3,0.0011
2821,1480657184,Raskulls,3,0.0011
2822,1629830364,Rayman: 30th Anniversary Edition,3,0.0011
2823,1874599886,Red Cape Knight,3,0.0011
2824,893913055,Red Faction II,3,0.0011
2825,1926182660,Redeemer - Enhanced Edition,3,0.0011
2826,1748326860,RetroMania Wrestling,3,0.0011
2827,1628140410,Rewind or Die,3,0.0011
2828,1223839444,RIDE,3,0.0011
2829,1619865604,Ring of Pain,3,0.0011
2830,695693557,Riptide GP: Renegade,3,0.0011
2831,2099119493,Rise of the Triad: Ludicrous Edition,3,0.0011
2832,1935887689,Riven,3,0.0011
2833,227770627,Riverbond,3,0.0011
2834,189853082,Rogue Trooper Redux,3,0.0011
2835,12734978,Roman Rumble in Las Vegum - Asterix & Obelix XXL 2,3,0.0011
2836,1704946873,Romancing SaGa 2: Revenge of the Seven,3,0.0011
2837,1652661000,Rugby Challenge 4,3,0.0011
2838,1263405009,Rumble Roses XX,3,0.0011
2839,1770389828,Rune Factory: Guardians of Azuma,3,0.0011
2840,2068415611,Rust Console Edition - Public Test Branch,3,0.0011
2841,293466353,Saban’s Mighty Morphin Power Rangers: Mega Battle,3,0.0011
2842,1263339495,Sacred 3,3,0.0011
2843,1480659510,Sacred Citadel,3,0.0011
2844,1708768275,Saints Row Boss Factory,3,0.0011
2845,378040902,Salt and Sanctuary,3,0.0011
2846,2104908468,SAMURAI WARRIORS 5,3,0.0011
2847,52620879,Scribblenauts Showdown,3,0.0011
2848,1657708224,Seven Doors,3,0.0011
2849,1882598345,Shadow Warrior,3,0.0011
2850,1619485722,Shadows of Doubt,3,0.0011
2851,944809057,Shadows: Awakening,3,0.0011
2852,865750499,Shantae: Half-Genie Hero,3,0.0011
2853,1901019717,Shaolin vs Wutang,3,0.0011
2854,2135756462,ShapeNeon Chaos,3,0.0011
2855,1022228933,Shenmue II,3,0.0011
2856,1414793256,Sid Meier's Pirates!,3,0.0011
2857,2060306864,SkateBIRD,3,0.0011
2858,1645030778,Smart Moves,3,0.0011
2859,1480656996,Sonic The Hedgehog,3,0.0011
2860,2116209805,Soul Hackers 2,3,0.0011
2861,1628869222,Soulstone Survivors,3,0.0011
2862,1930212330,Space Moves,3,0.0011
2863,1763680989,Space Science Investigations,3,0.0011
2864,450682088,Sparkle 2,3,0.0011
2865,2003460558,Speed Truck Racing,3,0.0011
2866,196851457,Spike Volleyball,3,0.0011
2867,2045695664,SpongeBob: Krusty Cook-Off Extra Krusty Edition,3,0.0011
2868,1397819357,Star Ocean: The Last Hope,3,0.0011
2869,2039717133,Stock Cars Unleashed 2023,3,0.0011
2870,2050520287,STRANGER OF PARADISE FINAL FANTASY ORIGIN,3,0.0011
2871,2083038530,STRANGER THAN HEAVEN,3,0.0011
2872,1951040150,Submerged,3,0.0011
2873,1925739927,SubwaySim 2,3,0.0011
2874,1718545023,Sunset Overdrive,3,0.0011
2875,1958529503,Super Dark Deception,3,0.0011
2876,1899691698,Super Fantasy Kingdom (Game Preview),3,0.0011
2877,1537932598,Super Toy Cars,3,0.0011
2878,1777228920,Super Woden GP II,3,0.0011
2879,253235216,Surf World Series,3,0.0011
2880,1773338848,Survivor Legion,3,0.0011
2881,1804098370,Swimsanity!,3,0.0011
2882,1480657001,SWOS,3,0.0011
2883,1981157496,System Shock,3,0.0011
2884,1619109702,Tales of Symphonia Remastered,3,0.0011
2885,2076626607,Tank Mechanic Simulator - Reinforced,3,0.0011
2886,29770197,Teenage Mutant Ninja Turtles™: Mutants in Manhattan,3,0.0011
2887,1090851408,TEMBO THE BADASS ELEPHANT,3,0.0011
2888,1851032928,Terraformers,3,0.0011
2889,1621365103,Terror of Hemasaurus,3,0.0011
2890,706437546,The Awesome Adventures of Captain Spirit,3,0.0011
2891,1891258006,The Bard's Tale ARPG : Remastered and Resnarkled,3,0.0011
2892,1637035694,The Chant,3,0.0011
2893,977514341,The Culling,3,0.0011
2894,129773809,The Disney Afternoon Collection,3,0.0011
2895,337067464,The Fisherman - Fishing Planet,3,0.0011
2896,2079588618,The Last Campfire,3,0.0011
2897,1854696468,The Lord of the Rings: Adventure Card Game - Definitive Edition,3,0.0011
2898,1962688125,The Messenger,3,0.0011
2899,1865341179,The MUSYNX,3,0.0011
2900,1721383054,The Outer Worlds: Spacer's Choice Edition,3,0.0011
2901,946930585,The Walking Dead Collection - The Telltale Series,3,0.0011
2902,1889167057,The Walking Dead: Destinies,3,0.0011
2903,2128187549,The Walking Zombie 2,3,0.0011
2904,1313671253,The Witcher 2,3,0.0011
2905,193310209,The Witness,3,0.0011
2906,1674783293,Thunder Ray,3,0.0011
2907,1963849763,Thymesia,3,0.0011
2908,2025852578,Tools Up!,3,0.0011
2909,1695392136,Tormented Souls,3,0.0011
2910,1480657580,Toy Soldiers: Cold War,3,0.0011
2911,974917521,Train Sim World® 2020,3,0.0011
2912,1917641293,Treasure Hunter Simulator,3,0.0011
2913,1817067023,Trine 5: A Clockwork Conspiracy,3,0.0011
2914,1735843094,Trover Saves the Universe,3,0.0011
2915,911120656,Tumblestone,3,0.0011
2916,1952170881,Two Strikes,3,0.0011
2917,2061154621,Under Par Golf Architect,3,0.0011
2918,2046150115,Use Your Words 2,3,0.0011
2919,1951151775,Vicious Attack Llama Apocalypse,3,0.0011
2920,1072703684,Virtua Fighter 5 Final Showdown,3,0.0011
2921,1759773134,Walking Simulator,3,0.0011
2922,1975267359,"Warhammer 40,000: Mechanicus",3,0.0011
2923,1760893557,Warlander,3,0.0011
2924,474535578,WARRIORS OROCHI 4,3,0.0011
2925,1788936172,We Were Here Too,3,0.0011
2926,1746223055,Wild West Legacy,3,0.0011
2927,2023196561,Witch It,3,0.0011
2928,2129059621,Wobbledogs Console Edition,3,0.0011
2929,1723064655,Word Quest Space,3,0.0011
2930,1683514281,World of Warships,3,0.0011
2931,1888936506,Worms Armageddon: Anniversary Edition,3,0.0011
2932,2025121273,Wuthering Waves,3,0.0011
2933,1903621817,Yooka-Replaylee,3,0.0011
2934,1786776587,Yum Yum Cookstar,3,0.0011
2935,1859395867,Z0mb1es! Remastered,3,0.0011
2936,1848677374,ZDQ Island Engagement,3,0.0011
2937,2105437858,Ziggurat 2,3,0.0011
2938,1841078711,Zombie Derby 2,3,0.0011
2939,1907198556,Zombie Derby: Pixel Survival,3,0.0011
2940,1855137956,2URVIVE,2,0.0007
2941,323834939,88 Heroes,2,0.0007
2942,524849647,99Vidas,2,0.0007
2943,1937335069,A Gummy's Life,2,0.0007
2944,2084418502,A Nice Drive,2,0.0007
2945,1692343738,A.I.L.A,2,0.0007
2946,1747821529,Aabs Animals,2,0.0007
2947,1824287216,Aaero2,2,0.0007
2948,955101050,ACA NEOGEO BASEBALL STARS 2,2,0.0007
2949,118523577,ACA NEOGEO PREHISTORIC ISLE 2,2,0.0007
2950,300527443,ACA NEOGEO THE KING OF FIGHTERS '94,2,0.0007
2951,426534329,ACA NEOGEO THE KING OF FIGHTERS '96,2,0.0007
2952,2094098726,Ace Attorney Investigations Collection,2,0.0007
2953,517595685,Action Henk,2,0.0007
2954,1849400719,Adios,2,0.0007
2955,219620906,ADIOS Amigos,2,0.0007
2956,926156758,Adventure Time: Secret (2014),2,0.0007
2957,1956029545,Aeterna Noctis,2,0.0007
2958,1763236945,AFL Evolution 2,2,0.0007
2959,1635676165,Agatha Christie - Hercule Poirot: The First Cases,2,0.0007
2960,1629096088,Agatha Christie - Murder on the Orient Express,2,0.0007
2961,2080141972,Aground,2,0.0007
2962,2057042819,Akimbot,2,0.0007
2963,1678323639,Akuma Rise,2,0.0007
2964,2000460393,Alien Hominid Invasion,2,0.0007
2965,2077540326,Alina of the Arena,2,0.0007
2966,1997651308,All You Need is Help,2,0.0007
2967,1649996690,Alone in the Dark Prologue,2,0.0007
2968,2115597926,Amazing Breaker,2,0.0007
2969,588779462,American Ninja Warrior: Challenge,2,0.0007
2970,1694657478,Amnesia: Rebirth,2,0.0007
2971,1757356654,Andro Dunos 2,2,0.0007
2972,395362154,Aqua Moto Racing Utopia,2,0.0007
2973,2083321391,Arachnophobic Kyle,2,0.0007
2974,1861701062,Arcade Archives 2 RIDGE RACER,2,0.0007
2975,2099466588,Archvale,2,0.0007
2976,1963187474,ArcRunner,2,0.0007
2977,1480659964,Assassin's Creed III: Liberation HD,2,0.0007
2978,1749623628,Asterix & Obelix XXL: Romastered,2,0.0007
2979,1480656974,Asteroids & Deluxe,2,0.0007
2980,1815740310,Asteroids Origin,2,0.0007
2981,1927771309,Astro Duel 2,2,0.0007
2982,686748290,Atari Flashback Classics Vol. 1,2,0.0007
2983,267850304,ATV Drift & Tricks Definitive Edition,2,0.0007
2984,1902834375,Autobahn Police Simulator 3,2,0.0007
2985,1694852268,Avatar The Last Airbender: Quest for Balance,2,0.0007
2986,1414596577,Avatar: TLA: TBE,2,0.0007
2987,1989717874,Axis Football 2024,2,0.0007
2988,1833187714,Ball Blast,2,0.0007
2989,1618019161,Ballotron Coolbox,2,0.0007
2990,1843898695,Bangers Unlimited,2,0.0007
2991,1737338210,Barton Lynch Pro Surfing,2,0.0007
2992,1852136408,Basketball Pinball,2,0.0007
2993,122277778,Bastion,2,0.0007
2994,465259992,Battle Chasers: Nightwar,2,0.0007
2995,443831560,Battlestar Galactica Deadlock™,2,0.0007
2996,2073050659,Beacon Pines,2,0.0007
2997,1050692306,Beast Quest,2,0.0007
2998,1313671132,Beautiful Katamari,2,0.0007
2999,2138218417,Becastled,2,0.0007
3000,2140460499,Before We Leave,2,0.0007
3001,1480659459,Bellator: MMA Onslaught,2,0.0007
3002,2106780142,Beneath,2,0.0007
3003,1658762775,Best Month Ever!,2,0.0007
3004,1776284292,Beyond Words,2,0.0007
3005,2008389504,Big Helmet Heroes,2,0.0007
3006,1397033052,BINARY DOMAIN,2,0.0007
3007,2015751229,Bioweaver,2,0.0007
3008,1730600743,Black Widow: Recharged,2,0.0007
3009,1689997111,Blackjack Solitaire,2,0.0007
3010,366165352,Blacksad - Under the Skin,2,0.0007
3011,1812873797,Blades of Fire,2,0.0007
3012,1082339580,BLAZBLUE CHRONOPHANTASMA EXTEND,2,0.0007
3013,883799031,Bless Unleashed,2,0.0007
3014,1480657786,Bloodforge,2,0.0007
3015,1664817482,Blue Fire,2,0.0007
3016,1933262495,Bluey's Quest for the Gold Pen,2,0.0007
3017,1844418156,Botany Manor,2,0.0007
3018,1723357806,Boxes Wizard,2,0.0007
3019,1480657070,Brain Challenge™,2,0.0007
3020,1879813340,Breathedge,2,0.0007
3021,1929724767,Broken Pieces,2,0.0007
3022,73782745,Brothers: a Tale of Two Sons,2,0.0007
3023,1899809649,Bubble Shooter Viking Pop!,2,0.0007
3024,1675322677,Burn in Health,2,0.0007
3025,2022947683,BVOVB - Bruising Vengeance of the Vintage Boxer,2,0.0007
3026,1863638905,Calyssa,2,0.0007
3027,1916243879,Camping Simulator: The Squad,2,0.0007
3028,2113057830,Candivity,2,0.0007
3029,101219204,Cannon Brawl,2,0.0007
3030,1480659545,CAPCOM ARCADE CABINET,2,0.0007
3031,1777741495,CAPTURED,2,0.0007
3032,2116095486,Care Bears: To The Rescue,2,0.0007
3033,1939421912,Carpathian Night Starring Bela Lugosi,2,0.0007
3034,2104571236,CASE 2: Animatronics Survival,2,0.0007
3035,2140021544,CASE: Animatronics,2,0.0007
3036,2070449681,Casual Sport Series: Boxing,2,0.0007
3037,1998437509,Casual Sport Series: Hockey,2,0.0007
3038,1660920487,Cat From Hell 2,2,0.0007
3039,1640965998,Cat in Rain,2,0.0007
3040,1714744209,Catacomb Master,2,0.0007
3041,1858000832,Caterpillar,2,0.0007
3042,497019090,Chasm,2,0.0007
3043,1889886349,Chess Royal,2,0.0007
3044,1697386135,Chicken Police - Paint it RED!,2,0.0007
3045,2005154977,Children of Morta,2,0.0007
3046,2122125189,Chronicles of the Wolf,2,0.0007
3047,100768843,City of Brass,2,0.0007
3048,1736174077,City Transport Simulator: Tram,2,0.0007
3049,2129250549,Clean Up Earth,2,0.0007
3050,1610974574,Cocoon,2,0.0007
3051,2087025872,CODE VEIN Trial Edition,2,0.0007
3052,1480657343,Commander's Challenge,2,0.0007
3053,1923495076,Concept Destruction,2,0.0007
3054,1731932733,Constance,2,0.0007
3055,2041760605,"Cook, Serve, Delicious!",2,0.0007
3056,1903918497,"Cook, Serve, Delicious! 3?!",2,0.0007
3057,1809115559,Corpse Party,2,0.0007
3058,581869850,Crazy Strike Bowling EX,2,0.0007
3059,1755920678,Creatures of Ava,2,0.0007
3060,1620274602,Cricket 19,2,0.0007
3061,1766171641,Croc's World,2,0.0007
3062,1763402795,Croc's World 2,2,0.0007
3063,1771581366,Croc Legend of the Gobbos,2,0.0007
3064,1705139809,CrushBorgs,2,0.0007
3065,1689376479,Crypt of the Serpent King Remastered 4K Edition,2,0.0007
3066,1684821663,Cuisineer,2,0.0007
3067,1670072012,Cyber Clutch: Hot Import Nights,2,0.0007
3068,178127013,Danger Zone 2,2,0.0007
3069,1972031627,Dark Deity 2,2,0.0007
3070,1661865075,Dawn of the Monsters,2,0.0007
3071,1414596709,de Blob 2 (2014),2,0.0007
3072,1684075016,Deadlink,2,0.0007
3073,2108921213,Deadlock Reign,2,0.0007
3074,1959842755,Death's Door,2,0.0007
3075,1744604493,Debtor: Enhanced Edition,2,0.0007
3076,798989874,Decay of Logos,2,0.0007
3077,1651856348,Deep Combat,2,0.0007
3078,1779096288,Deliver At All Costs,2,0.0007
3079,1929887286,Detail Detective,2,0.0007
3080,1888408660,Devil Jam,2,0.0007
3081,1754131742,Diamond Painting ASMR,2,0.0007
3082,1864875251,Disney Magic Kingdoms,2,0.0007
3083,2096544989,Divine Knockout (DKO),2,0.0007
3084,1096026072,Divinity II - DKS,2,0.0007
3085,1751561017,Dollmare,2,0.0007
3086,1640354133,Doodle God: Ultimate Edition,2,0.0007
3087,1793469167,Dorfromantik,2,0.0007
3088,2010409612,DOUBLE DRAGON,2,0.0007
3089,1701653588,Dragon Age™: The Veilguard Character Creator,2,0.0007
3090,1651415071,DRAGON BALL XENOVERSE 3,2,0.0007
3091,2071918696,DRAGON QUEST I & II HD-2D Remake,2,0.0007
3092,1733486308,Dread Delusion,2,0.0007
3093,168101896,Dreamfall Chapters,2,0.0007
3094,141638183,DreamWorks Dragons Dawn of New Riders,2,0.0007
3095,1622387282,DreamWorks Dragons: Legends of The Nine Realms,2,0.0007
3096,2027359366,DreamWorks Spirit Lucky's Big Adventure,2,0.0007
3097,2104125318,DreamWorks Trolls Remix Rescue,2,0.0007
3098,1771426972,Duck Run,2,0.0007
3099,1847263549,Dungeon Defenders: Awakened,2,0.0007
3100,429018095,Dungeon of the Endless,2,0.0007
3101,147604411,Dungeons 3,2,0.0007
3102,751766205,EA Play Hub,2,0.0007
3103,2067761315,EA SPORTS™ NBA LIVE 16,2,0.0007
3104,1146095609,Earth Defense Force: IA,2,0.0007
3105,1480657378,Earthworm Jim HD,2,0.0007
3106,1874135365,EDENS ZERO,2,0.0007
3107,1851467390,Egg Game 2,2,0.0007
3108,2086101209,ELDERBORN,2,0.0007
3109,651709478,Emily Wants to Play Too,2,0.0007
3110,1985585702,Endzone - A World Apart: Survivor Edition,2,0.0007
3111,1887182103,F1® Manager 2022,2,0.0007
3112,1672045983,Feather,2,0.0007
3113,1677004965,FINAL FANTASY VII WINDOWS EDITION,2,0.0007
3114,1861635890,Find My Frogs,2,0.0007
3115,1653679338,Flintlock: The Siege of Dawn,2,0.0007
3116,1676125605,Flying Candy,2,0.0007
3117,1757667844,Food Truck Simulator,2,0.0007
3118,1975562587,Forgive Me Father,2,0.0007
3119,79963387,Forsaken Remastered,2,0.0007
3120,1480657553,From Dust™,2,0.0007
3121,1776085745,Fruitbus,2,0.0007
3122,2010372255,Ftooz Unleashed,2,0.0007
3123,1129121805,FUEL™,2,0.0007
3124,2027986430,Fury Unleashed,2,0.0007
3125,1856172970,Game of Thrones - Episode 1: Iron from Ice,2,0.0007
3126,1629973687,Garden Life: A Cozy Simulator,2,0.0007
3127,1783054290,Garfield Lasagna Party,2,0.0007
3128,1806388236,Geometry Survivor,2,0.0007
3129,1881258316,Ghost Song,2,0.0007
3130,1229391860,Ghostbusters,2,0.0007
3131,1296697304,GHP2,2,0.0007
3132,1935789173,Gigantic: Rampage Edition,2,0.0007
3133,1868247544,Gigantosaurus The Game,2,0.0007
3134,1845982020,Gigapocalypse,2,0.0007
3135,1989416528,Gimmick! 2,2,0.0007
3136,1902420355,"God bless, or Goddess",2,0.0007
3137,1657835461,Gods Will Fall,2,0.0007
3138,1480656994,Golden Axe,2,0.0007
3139,1763980451,Golfing Over It with Alva Majo,2,0.0007
3140,1629480703,GRADIUS ORIGINS,2,0.0007
3141,1953035485,Green Soldiers Heroes,2,0.0007
3142,2080856071,Green Soldiers Heroes: Extreme Bikers,2,0.0007
3143,671675837,GRIP,2,0.0007
3144,1979565072,Grit and Valor - 1949,2,0.0007
3145,1744600653,Grow: Song of the Evertree,2,0.0007
3146,453673951,Guitar Hero Live,2,0.0007
3147,1657474153,Hades' Star: DARK NEBULA,2,0.0007
3148,1685452800,Hairdresser Simulator,2,0.0007
3149,1297292194,Halo: Spartan Strike,2,0.0007
3150,2012036466,Hammerwatch II,2,0.0007
3151,1480656866,Hardwood Backgammon,2,0.0007
3152,1879237097,Harvest Moon: Home Sweet Home Special Edition,2,0.0007
3153,1924130173,Haven,2,0.0007
3154,1927182905,Hello Engineer,2,0.0007
3155,1950272122,Hellpoint,2,0.0007
3156,1821898678,Hexa Road,2,0.0007
3157,2000004108,Hidden Cats in Berlin,2,0.0007
3158,1839911748,Hidden Cats in Santa's Realm,2,0.0007
3159,1698597039,Hokko Life,2,0.0007
3160,1829965405,Home Safety Hotline,2,0.0007
3161,2056748167,Home Sheep Home: Farmageddon Party Edition,2,0.0007
3162,1775797026,Horizon Chase 2,2,0.0007
3163,2032696661,Hotel: A Resort Simulator,2,0.0007
3164,1691373298,House Fighters: Total Mess,2,0.0007
3165,1498810322,Hunter: The Reckoning,2,0.0007
3166,390164739,Hunting Simulator,2,0.0007
3167,1762910874,I AM THE HERO,2,0.0007
3168,720995386,Immortal Redneck,2,0.0007
3169,1686154202,Indoor Kickball,2,0.0007
3170,1758510297,Infinity Strash: DRAGON QUEST The Adventure of Dai,2,0.0007
3171,2054032545,Iris Fall,2,0.0007
3172,1480659418,Jeremy McGrath's Offroad,2,0.0007
3173,961294040,Jet Car Stunts,2,0.0007
3174,1681999465,Jewel Fever 2,2,0.0007
3175,1480659446,Joe Danger 2: The Movie,2,0.0007
3176,1480659445,Joe Danger Special Edition,2,0.0007
3177,1823446322,John Wick Hex,2,0.0007
3178,1816119728,Just Crow Things,2,0.0007
3179,1006362568,Just Dance 2014,2,0.0007
3180,1206122062,Just Dance 2016,2,0.0007
3181,1003093254,Just Dance 2017®,2,0.0007
3182,1674561712,KALIMBA,2,0.0007
3183,1869923276,Katana ZERO,2,0.0007
3184,2004313785,KILL KNIGHT,2,0.0007
3185,649279273,King's Quest™,2,0.0007
3186,2072806887,King Arthur: Knight's Tale,2,0.0007
3187,1431504851,King Kong,2,0.0007
3188,1055556936,Kingdom New Lands,2,0.0007
3189,1871178585,Kingdom Rush,2,0.0007
3190,1900505119,Kung Fu Panda Showdown of Legendary Legends,2,0.0007
3191,522988823,LA Cops,2,0.0007
3192,1642491282,Lamentum,2,0.0007
3193,1703351539,Legends Aligned: Land of Order,2,0.0007
3194,1859481116,Let Me Sleep,2,0.0007
3195,2035287816,Let Them Come: Onslaught,2,0.0007
3196,443209874,Lichdom: Battlemage,2,0.0007
3197,2082943224,Lichtspeer: Double Speer Edition,2,0.0007
3198,1397819419,LIGHTNING RETURNS FFXIII,2,0.0007
3199,1929376326,Lil Gator Game,2,0.0007
3200,1728746832,Little Ant Adventure,2,0.0007
3201,1648532653,Little Droid,2,0.0007
3202,2095219699,Little League World Series Baseball 2022,2,0.0007
3203,1992777385,Little Legs,2,0.0007
3204,2038341591,Little Noah: Scion of Paradise,2,0.0007
3205,2004232535,Little Ralph,2,0.0007
3206,2111359330,Loan Shark,2,0.0007
3207,1987951399,Lonely Mountains: Downhill,2,0.0007
3208,1798206513,Lost Eidolons,2,0.0007
3209,2125308381,Lumberjack's Dynasty,2,0.0007
3210,1480656888,LUMINES LIVE!,2,0.0007
3211,1480656909,Luxor 2,2,0.0007
3212,1846300936,Magical Backpack,2,0.0007
3213,1726562887,Mamorukun ReCurse!,2,0.0007
3214,1636466973,Maniac,2,0.0007
3215,1480656990,Marathon: Durandal,2,0.0007
3216,1712252493,March of Empires,2,0.0007
3217,2106143929,Marfusha,2,0.0007
3218,1480659904,Mars: War Logs,2,0.0007
3219,1698192470,Matchbox™ Driving Adventures,2,0.0007
3220,1911247850,Meet Your Maker,2,0.0007
3221,1480657390,MEGA MAN 10,2,0.0007
3222,2039573071,Merge & Blade,2,0.0007
3223,1747564672,Microsoft Treasure Hunt,2,0.0007
3224,1808667646,Mighty No. 9,2,0.0007
3225,1480656973,Missile Command,2,0.0007
3226,1480657469,Monday Night Combat,2,0.0007
3227,1480657491,Monkey Island 2: SE,2,0.0007
3228,1480657301,Monkey Island: SE,2,0.0007
3229,458470194,Monster Boy and the Cursed Kingdom,2,0.0007
3230,2078832385,Monster Energy Supercross 4 - Xbox Series X|S,2,0.0007
3231,703886774,Monster Jam: Crush It!,2,0.0007
3232,2128710093,Monster Sanctuary (Windows Version),2,0.0007
3233,186591858,Monstrum,2,0.0007
3234,1792557898,Moonlighter 2: The Endless Vault (Game Preview),2,0.0007
3235,1150103050,Mordheim: City of the Damned,2,0.0007
3236,576433659,Moto Racer 4,2,0.0007
3237,284212046,MotoGP™18,2,0.0007
3238,1766907656,MotoGP™21 - Xbox Series X|S,2,0.0007
3239,2048511735,Munchkin: Quacked Quest,2,0.0007
3240,905842411,Mutant Football League,2,0.0007
3241,1937457147,Mutant Year Zero: Road to Eden,2,0.0007
3242,1870551425,My Universe - My Baby,2,0.0007
3243,1756205157,MySims™,2,0.0007
3244,1480656988,N+,2,0.0007
3245,2070906964,NAMCO MUSEUM® ARCHIVES Vol 1,2,0.0007
3246,1985582126,National Saloons,2,0.0007
3247,1905883470,NERF Legends,2,0.0007
3248,2013119572,Never Grave: The Witch and The Curse,2,0.0007
3249,1737346272,Neverwinter Nights: Enhanced Edition,2,0.0007
3250,1671144891,New Joe & Mac - Caveman Ninja,2,0.0007
3251,1690896049,New Tales from the Borderlands,2,0.0007
3252,2085418848,Nexomon,2,0.0007
3253,1619386237,Nick Jr. Party Adventure,2,0.0007
3254,1866853742,Night at the Gates of Hell,2,0.0007
3255,1480659560,NiGHTS into dreams...,2,0.0007
3256,1808784297,Ninja 1987,2,0.0007
3257,25830915,Ninjin: Clash of Carrots,2,0.0007
3258,1732084298,No Puedes Escapar,2,0.0007
3259,156829627,No Time To Explain,2,0.0007
3260,2030829630,Nova Lands,2,0.0007
3261,54254179,Oceanhorn - Monster of Uncharted Seas,2,0.0007
3262,1778851260,Oddworld: Stranger's Wrath HD,2,0.0007
3263,1849931750,Offroad Mechanic Simulator,2,0.0007
3264,1868901412,Offroad Racing - Buggy X ATV X Moto,2,0.0007
3265,303740234,Oh...Sir! The Insult Simulator,2,0.0007
3266,1681858755,OMORI,2,0.0007
3267,1989157631,Once Human,2,0.0007
3268,1756731867,One Step From Eden,2,0.0007
3269,1847106181,Oppidum,2,0.0007
3270,1661545526,Orcs Must Die! 3,2,0.0007
3271,2006910211,Orion Haste,2,0.0007
3272,1904294237,Outcast - A New Beginning,2,0.0007
3273,817391198,Outcast - Second Contact,2,0.0007
3274,1129121749,Overlord,2,0.0007
3275,1958257709,Overpass 2,2,0.0007
3276,1949523812,Override 2: Super Mech League,2,0.0007
3277,461678894,Owlboy,2,0.0007
3278,2008358711,Painkiller,2,0.0007
3279,2041098926,Paper Glider,2,0.0007
3280,1709540890,Parking Masters,2,0.0007
3281,1654902688,Parkitect: Deluxe Edition,2,0.0007
3282,1836785866,ParkourLand Elite: Playground,2,0.0007
3283,916339986,Party Hard,2,0.0007
3284,1798400755,Pathologic 2,2,0.0007
3285,1912801032,PAW Patrol The Movie: Adventure City Calls,2,0.0007
3286,1715204609,People of Note,2,0.0007
3287,1680068944,Perfect Klondike Solitaire,2,0.0007
3288,1867683926,Persona 5 Tactica,2,0.0007
3289,577843491,Phar Lap - Horse Racing Challenge,2,0.0007
3290,2080732462,Pickle-Pocalypse,2,0.0007
3291,1804015757,Pocket Minigolf,2,0.0007
3292,1999452651,Polterguys: Possession Party,2,0.0007
3293,1646214170,Poppers,2,0.0007
3294,2106226816,Potion Permit,2,0.0007
3295,1794659226,PowerSlave Exhumed,2,0.0007
3296,1414793184,Prey,2,0.0007
3297,1738616875,Primal Survivors,2,0.0007
3298,1624350228,Project Spark,2,0.0007
3299,606673599,Pumped BMX Pro,2,0.0007
3300,1763923263,Punch Monk,2,0.0007
3301,2049279350,Puzzle Quest: Immortal Edition,2,0.0007
3302,1998043773,R.B.I. Baseball 19,2,0.0007
3303,1984205216,R.B.I. Baseball 21,2,0.0007
3304,1970954956,Rabbids Invasion : The Interactive TV Show,2,0.0007
3305,1694200362,Rabio,2,0.0007
3306,1997561674,Raccoon Saloon,2,0.0007
3307,1912444422,RAIDOU Remastered: The Mystery of the Soulless Army,2,0.0007
3308,1431504883,Rayman Raving Rabbids,2,0.0007
3309,2132278444,Realpolitiks New Power,2,0.0007
3310,126264108,Rebel Galaxy,2,0.0007
3311,315620102,Refunct,2,0.0007
3312,1790707834,Resonance: A Plague Tale Legacy,2,0.0007
3313,1884102336,Return of the Obra Dinn,2,0.0007
3314,1936598008,Richman 11,2,0.0007
3315,773588741,RICO,2,0.0007
3316,1930767830,RiffTrax: The Game,2,0.0007
3317,566120507,RIOT: Civil Unrest,2,0.0007
3318,2112125425,Riptide GP2,2,0.0007
3319,1740555255,Rise of the Third Power,2,0.0007
3320,1263339494,Risen 2™: Dark Waters ,2,0.0007
3321,1783825549,Road 96: Mile 0,2,0.0007
3322,1867496283,Road Maintenance Simulator 2 + Winter Services,2,0.0007
3323,826442297,Road Rage,2,0.0007
3324,1787135558,Roarr! Jurassic Edition,2,0.0007
3325,1480657562,Rock of Ages,2,0.0007
3326,2131113207,Röki,2,0.0007
3327,2028872815,ROMEO IS A DEAD MAN,2,0.0007
3328,2001626208,Roots of Pacha,2,0.0007
3329,1788292351,RUSHING BEAT X: Return Of Brawl Brothers,2,0.0007
3330,2130200425,RWBY: Arrowfell,2,0.0007
3331,2060057414,Saccharine Echo,2,0.0007
3332,1879154882,Saint Kotar,2,0.0007
3333,1932118899,Saint Slayer: Spear of Sacrilege,2,0.0007
3334,1480657277,Sam&Max Save the World,2,0.0007
3335,1923734860,Samurai Aces,2,0.0007
3336,1480657104,Samurai Shodown II,2,0.0007
3337,1945460495,SAMURAI SHODOWN NEOGEO COLLECTION,2,0.0007
3338,2124983718,SAND LAND,2,0.0007
3339,1753316980,Sanicball Xbox version,2,0.0007
3340,1936146608,Scorn,2,0.0007
3341,1799773408,Security Booth: Director's Cut,2,0.0007
3342,1641777228,Serious Sam 4,2,0.0007
3343,1480657142,Shadow Complex,2,0.0007
3344,2077320849,Shadow Man Remastered,2,0.0007
3345,1953391836,Shadowrun Returns,2,0.0007
3346,1939956128,Shadowrun: Dragonfall - Director's Cut PC,2,0.0007
3347,1935829261,Shadowrun: Hong Kong - Extended Edition,2,0.0007
3348,1866950192,Shady Part of Me,2,0.0007
3349,1480659468,Shank™2,2,0.0007
3350,2104483569,Shark Pinball,2,0.0007
3351,2129620077,Sherlock Holmes The Awakened,2,0.0007
3352,2123021352,Sherlock Holmes: The Devil's Daughter Redux,2,0.0007
3353,1818062089,Sherlock Purr 2,2,0.0007
3354,787753849,Shift Happens,2,0.0007
3355,1710148072,Ship Graveyard Simulator,2,0.0007
3356,2015678791,SILENT HILL 2 Bonus Content (Digital Artbook and Soundtrack）,2,0.0007
3357,1263405091,Silent Hill:  Downpour,2,0.0007
3358,1880975663,Simple Solitaire,2,0.0007
3359,1944507069,SimRail - The Railway Simulator,2,0.0007
3360,1720807506,Skibidi Sandbox,2,0.0007
3361,1942055330,Skinwalker 3D,2,0.0007
3362,1480659419,Skullgirls,2,0.0007
3363,2063272043,Sky Roll!,2,0.0007
3364,112459691,Skydrift Infinity,2,0.0007
3365,288915516,Skyforge,2,0.0007
3366,708889423,Slain: Back from Hell,2,0.0007
3367,1811169840,Slay The Spire,2,0.0007
3368,1480656853,Small Arms,2,0.0007
3369,595091631,Snake Pass,2,0.0007
3370,1708383800,So Much Stuff Collector's Edition,2,0.0007
3371,1480656957,Soltrio Solitaire,2,0.0007
3372,1865488656,Somber Echoes,2,0.0007
3373,1480659441,Sonic CD,2,0.0007
3374,1932630100,Soul Searching,2,0.0007
3375,2109986102,Space Crew: Legendary Edition,2,0.0007
3376,1653039783,Space Invader 7 Trial,2,0.0007
3377,1613171538,Spacelines from the Far Out,2,0.0007
3378,1819413982,Splozzy Toss,2,0.0007
3379,2017067425,Spot Challenge Vol. 1,2,0.0007
3380,2032251921,Spot Challenge Vol. 2,2,0.0007
3381,1940217918,SquadBlast (Game Preview),2,0.0007
3382,1690076332,Star Fire: Eternal Cycle,2,0.0007
3383,1628331422,Star Station Frontier,2,0.0007
3384,2071323777,Star Trek: Resurgence,2,0.0007
3385,1961172653,Starfield Digital Artbook & Original Soundtrack,2,0.0007
3386,1633458467,SteamWorld Build,2,0.0007
3387,1328778537,SteamWorld Dig,2,0.0007
3388,1934391570,Street Power Soccer,2,0.0007
3389,2029929513,Strider,2,0.0007
3390,1794869036,Strike Force Heroes,2,0.0007
3391,1795934800,STRIKERS 1945 II,2,0.0007
3392,1895471502,Stubbs the Zombie in Rebel Without a Pulse,2,0.0007
3393,1721928743,Submarine Attack 3D,2,0.0007
3394,1646079824,Submarine Survivor,2,0.0007
3395,1804560104,Sudoku Relax,2,0.0007
3396,1375034638,Super Dungeon Bros,2,0.0007
3397,900300132,Super Night Riders,2,0.0007
3398,1635135792,Super Pixel Kid Adventure,2,0.0007
3399,1839740207,Supraland,2,0.0007
3400,1733990238,Supraland: Six Inches Under,2,0.0007
3401,1845322433,Suzerain,2,0.0007
3402,1656836695,Sweet Bakery Tycoon,2,0.0007
3403,779561878,Sword Coast Legends™,2,0.0007
3404,1918884435,Sword of the Vagrant,2,0.0007
3405,1681761783,Syberia - Remastered,2,0.0007
3406,1704201327,System Shock 2: 25th Anniversary Remaster,2,0.0007
3407,1969180565,Tales of Graces f Remastered,2,0.0007
3408,1979761321,Talking Tom Candy Run,2,0.0007
3409,1978334388,Tank Mechanic Simulator,2,0.0007
3410,2124647331,Tchia,2,0.0007
3411,1875777312,TENGAI,2,0.0007
3412,1761788696,Tennis World Tour 2,2,0.0007
3413,1696465874,The Adventures of Ally The Alligator,2,0.0007
3414,1864318356,The Adventures of Elena Temple: Definitive Edition,2,0.0007
3415,1982295121,The Blood of Dawnwalker,2,0.0007
3416,1414793181,The Bureau,2,0.0007
3417,939155231,The Council - Episode 1: The Mad Ones,2,0.0007
3418,231381248,The Deer God,2,0.0007
3419,2089995861,The Devil Lands (Game Preview),2,0.0007
3420,1654357885,The DioField Chronicle,2,0.0007
3421,2062398513,The Dungeon Of Naheulbeuk: The Amulet Of Chaos - Chicken Edition,2,0.0007
3422,2133505848,The Emoji Game,2,0.0007
3423,125965001,The Escapists: The Walking Dead,2,0.0007
3424,575803834,The Golf Club 2™,2,0.0007
3425,2011673728,THE HOUSE OF THE DEAD 2: Remake,2,0.0007
3426,247774493,The Incredible Adventures of Van Helsing,2,0.0007
3427,1058433943,The Incredible Adventures of Van Helsing III,2,0.0007
3428,538832146,The Inner World,2,0.0007
3429,2047811112,The Last Hero of Nostalgaia,2,0.0007
3430,2059763744,The Legend of Tianding,2,0.0007
3431,1781023780,The Medium,2,0.0007
3432,1816960683,The Nightmares At The Krusty Krab,2,0.0007
3433,698904373,The Park,2,0.0007
3434,1729341102,The Riftbreaker: Prologue Xbox,2,0.0007
3435,2010719250,The Smurfs - Mission Vileaf,2,0.0007
3436,2120497068,The Smurfs - Village Party,2,0.0007
3437,1702440591,The Stairwell,2,0.0007
3438,491421892,The Talos Principle,2,0.0007
3439,1933187511,The Vale: Shadow of the Crown,2,0.0007
3440,2075337806,The Valiant,2,0.0007
3441,2127247278,Thief Simulator 2,2,0.0007
3442,2016470925,This Bed We Made,2,0.0007
3443,2012817755,This is Fine: Maximum Cope,2,0.0007
3444,544772182,Thronebreaker: The Witcher Tales,2,0.0007
3445,2002692571,Timberman VS,2,0.0007
3446,2046395333,Titan Chaser,2,0.0007
3447,164348348,Tokyo 42,2,0.0007
3448,1804899462,Tools Up - Ultimate Edition,2,0.0007
3449,21471625,Torchlight II,2,0.0007
3450,1610985256,Torchlight III,2,0.0007
3451,519443170,Torment: Tides of Numenera,2,0.0007
3452,1024441064,Tour de France 2017,2,0.0007
3453,1691312526,Tour de France 2023,2,0.0007
3454,1651850203,Tour de France 2024,2,0.0007
3455,1646334101,TramSim: Console Edition,2,0.0007
3456,1642785895,TRANSFORMERS: EARTHSPARK - Expedition,2,0.0007
3457,1726945595,TRANSFORMERS: Galactic Trials,2,0.0007
3458,2026777175,Tribal Pass,2,0.0007
3459,75584766,Trine 4: The Nightmare Prince,2,0.0007
3460,1913216462,Trine Enchanted Edition,2,0.0007
3461,1701821008,Trivia: Knowledge Trainer - the Quiz Game,2,0.0007
3462,1847513516,True Fear: Forsaken Souls Part 3,2,0.0007
3463,1661098733,Turbo Golf Racing,2,0.0007
3464,1871105054,TY the Tasmanian Tiger HD,2,0.0007
3465,2010231457,Ultra Foodmess,2,0.0007
3466,1629100331,Ultra Foodmess 2,2,0.0007
3467,2118758715,Unknown 9: Awakening,2,0.0007
3468,2017089818,Unsolved Case: Killer Popularity CE Xbox,2,0.0007
3469,1992263643,Urbek City Builder,2,0.0007
3470,1828894151,Valiant Hearts: Coming Home,2,0.0007
3471,706892097,Valkyria Revolution,2,0.0007
3472,1623987807,Viewfinder,2,0.0007
3473,1066906675,Vikings - Wolves of Midgard,2,0.0007
3474,1480659612,Virtua Fighter 2,2,0.0007
3475,1778298055,Void Bastards,2,0.0007
3476,2085652095,VOID/BREAKER (Game Preview),2,0.0007
3477,369299403,Volgarr the Viking,2,0.0007
3478,1651691355,Wanted: Dead,2,0.0007
3479,563485628,War Planet Online: Global Conquest,2,0.0007
3480,1732740414,Wargroove,2,0.0007
3481,1769772134,Wargroove 2,2,0.0007
3482,2113105582,Warhammer Age of Sigmar: Realms of Ruin,2,0.0007
3483,1679106504,WARRIORS: Abyss,2,0.0007
3484,2114003529,Wax Heads,2,0.0007
3485,1892485156,We Were Here Expeditions: The FriendShip,2,0.0007
3486,1955199870,We Were Here Together,2,0.0007
3487,2026516560,Webbed,2,0.0007
3488,1880521273,Webgeon Speedrun Edition,2,0.0007
3489,1763125243,Wild Card Football,2,0.0007
3490,1850965631,Wildermyth: Console Edition,2,0.0007
3491,1960103311,Windjammers 2,2,0.0007
3492,1941570025,Wolcen: Lords of Mayhem,2,0.0007
3493,1649877246,Woot Woot Game,2,0.0007
3494,2060086474,World Geography Trivia Quiz,2,0.0007
3495,2106982681,World Of Solitaire,2,0.0007
3496,206756614,World of Warships: Legends (Supertest),2,0.0007
3497,1943343947,WorldNeverland - Elnea Kingdom,2,0.0007
3498,1696945475,WrestleQuest,2,0.0007
3499,1755180052,Yakuza 3 Remastered,2,0.0007
3500,1777058720,Yakuza 5 Remastered,2,0.0007
3501,2123565504,Yatzy Multi-Game Edition,2,0.0007
3502,912199926,Yet Another Zombie Defense HD,2,0.0007
3503,1905856995,You Suck at Parking® Complete Edition,2,0.0007
3504,1835777563,"""Buy The Game, I Have a Gun"" -Sheesh-Man",1,0.0004
3505,2140131389,[REDACTED],1,0.0004
3506,1977624399,10 Seconds to Win!,1,0.0004
3507,1907798532,15in1 Solitaire,1,0.0004
3508,1799304628,2 Player Head Soccer,1,0.0004
3509,1668379163,2 Synchro Hedhehogs,1,0.0004
3510,2041634175,2048 Maniac,1,0.0004
3511,150940660,2Dark,1,0.0004
3512,2146525836,3-in-1 Sports Arena,1,0.0004
3513,2146388451,3XTINCTION,1,0.0004
3514,1414596667,50 Cent: BotS,1,0.0004
3515,1714878640,60 Seconds!,1,0.0004
3516,432277292,6180 the moon,1,0.0004
3517,2099527901,63 Days,1,0.0004
3518,1678450450,7 Days of Rose,1,0.0004
3519,2126592570,8-Ball Pocket,1,0.0004
3520,1983088228,9 Lives To Defend,1,0.0004
3521,1706843765,9 Years of Shadows,1,0.0004
3522,1837458997,911: Cannibal,1,0.0004
3523,2015055552,911: Prey,1,0.0004
3524,795498692,A Boy and His Blob,1,0.0004
3525,1806866056,A Building Full of Cats,1,0.0004
3526,1791707434,A Castle Full of Cats,1,0.0004
3527,2005478922,A Frog's Job,1,0.0004
3528,1728966870,A Summer with the Shiba Inu,1,0.0004
3529,2013346567,ABC Kids - Tracing and Phonics,1,0.0004
3530,780447366,ACA NEOGEO 2020 SUPER BASEBALL,1,0.0004
3531,243517096,ACA NEOGEO ALPHA MISSION II,1,0.0004
3532,256509266,ACA NEOGEO ART OF FIGHTING,1,0.0004
3533,641616197,ACA NEOGEO GHOST PILOTS,1,0.0004
3534,442683589,ACA NEOGEO LAST RESORT,1,0.0004
3535,511809777,ACA NEOGEO NAM-1975,1,0.0004
3536,895307472,ACA NEOGEO PUZZLE BOBBLE,1,0.0004
3537,356219446,ACA NEOGEO REAL BOUT FATAL FURY,1,0.0004
3538,414115213,ACA NEOGEO REAL BOUT FATAL FURY 2,1,0.0004
3539,922642042,ACA NEOGEO SAMURAI SHODOWN II,1,0.0004
3540,834096794,ACA NEOGEO SAMURAI SHODOWN IV,1,0.0004
3541,103559008,ACA NEOGEO SENGOKU 3,1,0.0004
3542,209206780,ACA NEOGEO SPIN MASTER,1,0.0004
3543,537999743,ACA NEOGEO STREET HOOP,1,0.0004
3544,483389840,ACA NEOGEO STRIKERS 1945 PLUS,1,0.0004
3545,983906598,ACA NEOGEO THE KING OF FIGHTERS '99,1,0.0004
3546,420401391,ACA NEOGEO THE KING OF FIGHTERS 2000,1,0.0004
3547,650424753,ACA NEOGEO THE LAST BLADE 2,1,0.0004
3548,959969019,ACA NEOGEO THE SUPER SPY,1,0.0004
3549,15605529,ACA NEOGEO WORLD HEROES 2 JET,1,0.0004
3550,117254224,ACA NEOGEO ZED BLADE,1,0.0004
3551,309144982,ACA NEOGEO ZUPAPA!,1,0.0004
3552,1660341261,ACA2NEOGEO THE KING OF FIGHTERS '98,1,0.0004
3553,585188640,Aces of the Luftwaffe - Squadron,1,0.0004
3554,121979203,Achtung! Cthulhu Tactics,1,0.0004
3555,2132000502,ACL Pro Cornhole,1,0.0004
3556,1949370509,Acre Crisis,1,0.0004
3557,1725931198,Adventure Escape Mysteries,1,0.0004
3558,592146950,Adventure Pop,1,0.0004
3559,344925310,Adventure Time: Finn and Jake Investigations,1,0.0004
3560,1640203944,AER - Memories of Old,1,0.0004
3561,1690283335,Aery - Calm Horizon,1,0.0004
3562,2120715413,After Us,1,0.0004
3563,1843310813,Afterparty,1,0.0004
3564,711714069,Agatha Christie - The ABC Murders,1,0.0004
3565,36718263,Agatha Knife,1,0.0004
3566,1710195375,Age of Solitaire : Build Civilization,1,0.0004
3567,1630807758,Age of Water,1,0.0004
3568,1818962020,Agent Intercept,1,0.0004
3569,1802195765,"Ah, Love! Season 3",1,0.0004
3570,1922741539,AI: THE SOMNIUM FILES,1,0.0004
3571,1838616414,Airplane Flight Simulator : EVO,1,0.0004
3572,2036577806,Akane,1,0.0004
3573,1717554981,Aladdin: Hidden Objects,1,0.0004
3574,1817202060,Alba: A Wildlife Adventure,1,0.0004
3575,2031115652,Alchemist Adventure,1,0.0004
3576,1974484353,Alchemy Garden,1,0.0004
3577,1729495211,Alder's Blood: Definitive Edition,1,0.0004
3578,1758633519,Alien Hominid HD,1,0.0004
3579,545851415,All-Star Fruit Racing,1,0.0004
3580,1878633773,Alphadia Neo,1,0.0004
3581,1972898737,AMAZE!,1,0.0004
3582,1628251712,Amazing Maze,1,0.0004
3583,273138451,Amazing Princess Sarah,1,0.0004
3584,2075295469,Amber Alert Director's cut,1,0.0004
3585,189808036,American Fugitive,1,0.0004
3586,1711302343,Amerzone - The Explorer's Legacy,1,0.0004
3587,1728656016,Amnesia: Collection,1,0.0004
3588,1688666438,Among Ashes,1,0.0004
3589,1671043316,Ancient Ants Adventure,1,0.0004
3590,1997227262,Ancient Phantasma,1,0.0004
3591,1655595028,Andromeda Survivors,1,0.0004
3592,2041767726,Angry Birds 2,1,0.0004
3593,2093965833,Angry Birds Friends,1,0.0004
3594,2082514516,Angry Birds Star Wars,1,0.0004
3595,2089856457,Angry Video Game Nerd 8-bit,1,0.0004
3596,1799950478,Aniimo,1,0.0004
3597,1974477711,Animal Kingdom 3,1,0.0004
3598,1700846766,Animal Lover,1,0.0004
3599,188051424,Anodyne,1,0.0004
3600,1818579429,Anomaly Agent,1,0.0004
3601,1480659481,Anomaly Warzone Earth,1,0.0004
3602,2115534787,Another World - 20th Anniversary Edition,1,0.0004
3603,2135232781,Apartment No 129,1,0.0004
3604,2068205998,Apex Heroines,1,0.0004
3605,2066750369,APG: A Plane Game,1,0.0004
3606,1843828354,Apsulov: End of Gods,1,0.0004
3607,1744307136,Aquarist,1,0.0004
3608,2011902288,Aquarium Designer,1,0.0004
3609,1630751753,Aquarium Land,1,0.0004
3610,2087906718,Aquarun,1,0.0004
3611,1611092700,Ara History Untold: Anniversary Edition,1,0.0004
3612,1933007158,Arcade Archives 2 ARKANOID,1,0.0004
3613,1693474019,Arcade Archives 2 Mr.Do!,1,0.0004
3614,1975212690,Arcade Archives 2 ROC'N ROPE,1,0.0004
3615,2105832026,Arcade Archives 2 SPACE INVADERS PART II,1,0.0004
3616,2081200138,Arcade Classics Anniversary Collection,1,0.0004
3617,1759731943,Arcadia: Find The Differences 3D,1,0.0004
3618,1663331063,Arena Renovation,1,0.0004
3619,1846788797,ARIDA: Backland's Awakening,1,0.0004
3620,1870601915,Arietta of Spirits,1,0.0004
3621,1480657297,ARKANOID Live!,1,0.0004
3622,1642659407,Around The World in 80 Days: Hidden Objects,1,0.0004
3623,119215728,ARSLAN: THE WARRIORS OF LEGEND,1,0.0004
3624,1882672514,Asdivine Saga,1,0.0004
3625,1891225930,Ash of Gods Redemption,1,0.0004
3626,423441812,Ashes Cricket,1,0.0004
3627,1883102498,Assassin's Creed,1,0.0004
3628,1910615612,Asterix & Obelix Slap Them All!,1,0.0004
3629,1916260772,Asteroids Origin and Geometry Warp,1,0.0004
3630,1946604107,Asteroids: Recharged,1,0.0004
3631,2015715009,Astor: Blade of the Monolith,1,0.0004
3632,2116401396,Astrea: Six-Sided Oracles,1,0.0004
3633,1926653926,Astria Ascending,1,0.0004
3634,1970081113,Astro Adventure: Core Hunt,1,0.0004
3635,1865619206,Astro Flame Starfighter,1,0.0004
3636,968268482,Atari Flashback Classics Vol. 3,1,0.0004
3637,1835249581,ATOM RPG: Post-apocalyptic indie game,1,0.0004
3638,2034601407,Atrio: The Dark Wild,1,0.0004
3639,401543003,ATV Renegades,1,0.0004
3640,2013905593,Axe Cop,1,0.0004
3641,1946628726,Axeman Action,1,0.0004
3642,1656426851,Axis Football 2026,1,0.0004
3643,1748175744,Azure Striker GUNVOLT 3,1,0.0004
3644,2110628034,Backgammon - Board Game,1,0.0004
3645,1657630751,Backgammon: Board Game,1,0.0004
3646,2078107330,Bad Cheese,1,0.0004
3647,1152151422,BADLAND: Game of the Year,1,0.0004
3648,1730080779,Bakery Simulator,1,0.0004
3649,1670910658,Baking Time,1,0.0004
3650,2016835619,Baldo the guardian owls,1,0.0004
3651,2133506510,Ball laB II,1,0.0004
3652,1653039105,Ballotron,1,0.0004
3653,1480656943,Band of Bugs,1,0.0004
3654,1995697239,Banner of the Maid,1,0.0004
3655,1691092579,Baron: Fur Is Gonna Fly,1,0.0004
3656,1983486793,Basketball Free Throw Xbox,1,0.0004
3657,832828665,Batman: The Telltale Series,1,0.0004
3658,1737614331,BATSUGUN Saturn Tribute Boosted,1,0.0004
3659,1030370884,Battle Of The Bulge,1,0.0004
3660,1735266252,Battle Princess Madelyn,1,0.0004
3661,1161889755,Battlefield 2: MC,1,0.0004
3662,2050837511,Battleminer Giants,1,0.0004
3663,652523540,Battlezone Gold Edition,1,0.0004
3664,1737916926,Bay Breaker,1,0.0004
3665,1480657374,BC - Rearmed 2,1,0.0004
3666,1901796364,Beam Stunt Racing,1,0.0004
3667,1836594113,Bear With Me: The Lost Robots,1,0.0004
3668,1831573616,Beastie Bay DX,1,0.0004
3669,1755232205,Beat Cop,1,0.0004
3670,2005330027,Beautiful Sakura: Fighting Club,1,0.0004
3671,1701591001,Beautiful Sakura: Surfing Club,1,0.0004
3672,1739810420,Beautiful Sakura: Volleyball Club 2,1,0.0004
3673,1748114593,Before I Forget,1,0.0004
3674,1698840007,Beholder 2,1,0.0004
3675,1821050014,Beholder 3,1,0.0004
3676,1854871799,Beneath Oresa,1,0.0004
3677,1969753434,Bestial Reception (Windows),1,0.0004
3678,2037703927,Beyond Blue,1,0.0004
3679,2146803891,Beyond Eyes,1,0.0004
3680,1671588981,Bible Trivia­,1,0.0004
3681,1657892923,Big Buck Hunter: Ultimate Trophy,1,0.0004
3682,621760503,Big Crown: Showdown,1,0.0004
3683,2091181450,Big Farm: Mobile Harvest,1,0.0004
3684,2087679407,Big Pharma,1,0.0004
3685,1964310416,Bio Inc. Redemption,1,0.0004
3686,2059168494,BIOMORPH,1,0.0004
3687,1886435586,Bird Game +,1,0.0004
3688,508714659,Birdcakes,1,0.0004
3689,1772714405,Black Skylands,1,0.0004
3690,1842440782,Blackjack Master 3,1,0.0004
3691,2061970650,BLACKTAIL,1,0.0004
3692,2018229477,Blast Brigade vs. the Evil Legion of Dr. Cread,1,0.0004
3693,2041877435,Blaster Master Zero,1,0.0004
3694,1972410679,Blaze and the Monster Machines: Axle City Racers,1,0.0004
3695,1749109669,Blind Postman,1,0.0004
3696,2105122816,Block Burst 3D : Colored Block Puzzle,1,0.0004
3697,1827427361,Blockman 1988,1,0.0004
3698,2106525034,Blockman 1989,1,0.0004
3699,1853124234,Blockon,1,0.0004
3700,1885810464,Blood Sport,1,0.0004
3701,1864246714,Blood Waves,1,0.0004
3702,1682481186,Bloodhound,1,0.0004
3703,869267607,Bloody Zombies,1,0.0004
3704,598864782,Blue Angels Aerobatic Flight Simulator,1,0.0004
3705,2038811741,Blue Estate,1,0.0004
3706,1745314944,Bō: Path of the Teal Lotus,1,0.0004
3707,1945566164,Boat Grandma,1,0.0004
3708,1694557830,Bonds of the Skies,1,0.0004
3709,2133732940,Boned Again: Survivors,1,0.0004
3710,2041657073,Border Police: Contraband Simulator 2026,1,0.0004
3711,2086335869,Boti: Byteland Overclocked,1,0.0004
3712,2086079052,Bouncezone,1,0.0004
3713,1178929117,Bound by Flame,1,0.0004
3714,1634698334,Boxing.free,1,0.0004
3715,1480657102,Braid,1,0.0004
3716,2008100335,Brain simulator,1,0.0004
3717,1744072621,Bratz™: Flaunt your fashion,1,0.0004
3718,1179846636,Breakdown,1,0.0004
3719,1754913361,Brewmaster: Beer Brewing Simulator,1,0.0004
3720,2119626913,Bridges & Docks,1,0.0004
3721,1612357248,Bright Lights of Svetlov,1,0.0004
3722,1890575892,BROKEN MIND,1,0.0004
3723,2133362762,Broken Sword - Shadow of the Templars: Reforged,1,0.0004
3724,364252200,Broken Sword 5 - the Serpent’s Curse,1,0.0004
3725,1013425501,Brunswick® Pro Bowling,1,0.0004
3726,1697279233,Bubsy 4D,1,0.0004
3727,1801600178,BucketCrusher,1,0.0004
3728,720192428,Bud Spencer & Terence Hill - Slaps And Beans,1,0.0004
3729,1730283762,Bud Spencer & Terence Hill - Slaps and Beans 2,1,0.0004
3730,1923745417,Bug Fables: The Everlasting Sapling,1,0.0004
3731,2043895065,Builder Simulator,1,0.0004
3732,1827508365,Burger Bistro Story,1,0.0004
3733,1804943457,Burglin' Gnomes,1,0.0004
3734,1611785126,Bus Stop Shuffle,1,0.0004
3735,82519866,Bush Hockey League,1,0.0004
3736,1679962490,Bye Sweet Carole,1,0.0004
3737,2054486682,C14 Dating,1,0.0004
3738,2083615890,Cafe Owner Simulator,1,0.0004
3739,1852075771,Cake Invaders,1,0.0004
3740,2097501391,Cakey's Twisted Bakery,1,0.0004
3741,1829266835,Call of Duty®: Black Ops (2010),1,0.0004
3742,1664492743,Call of Duty®: Black Ops II,1,0.0004
3743,1944957710,Call of Duty®: Modern Warfare® 2 (2009),1,0.0004
3744,1724599242,Call of Duty®: Modern Warfare® 3 (2011),1,0.0004
3745,2125808616,Call of Heroes: Tower Defense,1,0.0004
3746,1857703882,Call of Toys: Tower Defense!,1,0.0004
3747,1683453689,Call of War,1,0.0004
3748,943602230,Canadian Football 2017,1,0.0004
3749,1994699092,Candle Knight,1,0.0004
3750,52417526,Candleman,1,0.0004
3751,2109756119,Candy Crush Friends Saga,1,0.0004
3752,2018993706,Candy Crush Soda Saga,1,0.0004
3753,1684099332,Candy Trail,1,0.0004
3754,2093835198,Capes,1,0.0004
3755,1843053682,Captain Blood,1,0.0004
3756,2007776940,Captain Nemo - Seek and Find Games,1,0.0004
3757,1758661630,Captain Puff MacFly,1,0.0004
3758,1861822793,Car Detailing Simulator,1,0.0004
3759,1917611214,Car Game in the forest 2,1,0.0004
3760,1794618801,Car Mechanic Shop Simulator,1,0.0004
3761,1807592900,Car Mechanic Simulator Classic,1,0.0004
3762,1615345863,Carmen Sandiego,1,0.0004
3763,1869939070,Carrier Deck,1,0.0004
3764,1653043226,Carrot Smash,1,0.0004
3765,521255269,Casey Powell Lacrosse 16,1,0.0004
3766,2096887122,Castle on the Coast,1,0.0004
3767,1897474813,Castle Walker,1,0.0004
3768,1480659610,CastleStorm,1,0.0004
3769,1915043869,CastleStorm II,1,0.0004
3770,1688620632,Casual Sport Series: Badminton,1,0.0004
3771,1760562614,Cat President: A More Purrfect Union,1,0.0004
3772,1987803377,Cat Quest II,1,0.0004
3773,1918846023,Cat Rescue Story,1,0.0004
3774,1962619691,Cataclismo,1,0.0004
3775,1263339498,Catherine,1,0.0004
3776,1754604823,Cats and Seek : Dino Park,1,0.0004
3777,1692828729,Cats and Seek : Osaka,1,0.0004
3778,2071309475,Cattle Country,1,0.0004
3779,1611852776,Cave Digger 2,1,0.0004
3780,1480656972,Centipede & Millipede,1,0.0004
3781,1715577372,Chained Echoes,1,0.0004
3782,2122185005,Chains of Freedom,1,0.0004
3783,1631654404,Chants of Sennaar (Windows),1,0.0004
3784,1976364432,Chasm: The Rift,1,0.0004
3785,1944645448,Chess Battle,1,0.0004
3786,1960503334,Chess Prince,1,0.0004
3787,1672675093,Chicken Rescue,1,0.0004
3788,1810648866,Chickens Madness,1,0.0004
3789,310307954,Chivalry: Medieval Warfare,1,0.0004
3790,1789455212,Christmas Coloring Book for Kids +,1,0.0004
3791,1841886812,Christmas Massacre,1,0.0004
3792,2042584762,ChromaGun 2: Dye Hard,1,0.0004
3793,2050290550,Cilla,1,0.0004
3794,1932915714,Cinemoji Collection,1,0.0004
3795,1777046800,Cipher Monk,1,0.0004
3796,1676653592,Citizen Sleeper 2: Starward Vector,1,0.0004
3797,1783440636,City Bus Manager,1,0.0004
3798,1618799257,CityDriver,1,0.0004
3799,1648806031,Claim the Forest: Shape of Wolves,1,0.0004
3800,1168490333,Claire: Extended Cut,1,0.0004
3801,1756546018,Classic Pixel Marioboy Adventures,1,0.0004
3802,2057723777,Classified: France '44,1,0.0004
3803,2053080893,Clicker Bugs Attack,1,0.0004
3804,2046892842,Clock Tower: Rewind,1,0.0004
3805,1675162155,Cloud to Gold,1,0.0004
3806,1963790042,Club Vegas Slots - Casino Games,1,0.0004
3807,1845224726,Codename: Black Crow,1,0.0004
3808,2019436031,Coffee Plis XS Edition,1,0.0004
3809,1640341352,College Bowl,1,0.0004
3810,1965560352,Color Alchemy,1,0.0004
3811,1774676042,Color Water Sort,1,0.0004
3812,2107467778,Colorful Colore (for Windows 10),1,0.0004
3813,1615170842,Common'hood,1,0.0004
3814,1653613745,ComputerHead: Leapbound,1,0.0004
3815,1619365016,ComputerHead: Recoil,1,0.0004
3816,1738930252,ComputerHead: Springloaded,1,0.0004
3817,1663080705,Concept Coaster Craft 2,1,0.0004
3818,1480656920,Contra,1,0.0004
3819,1642942095,CONTRA: ROGUE CORPS,1,0.0004
3820,2093781880,Cookie Clicker,1,0.0004
3821,1954250236,Cooking Companions,1,0.0004
3822,1790053994,Cooking Fever,1,0.0004
3823,1768545258,Cooking Time - Restaurant Game,1,0.0004
3824,1625662894,Cosmic Mirage,1,0.0004
3825,1666952994,CounterAttack: Uprising,1,0.0004
3826,1692643519,Cowboys,1,0.0004
3827,1781425798,Cozy Designer,1,0.0004
3828,1767974553,Cozy Grove,1,0.0004
3829,1837608718,Crabwave,1,0.0004
3830,1753200143,Crack The Egg!,1,0.0004
3831,1699928394,Crate Fang,1,0.0004
3832,1869086987,Creatura,1,0.0004
3833,1859298823,Creepy Shift: Roadside Diner,1,0.0004
3834,2061979446,Creepy Tale,1,0.0004
3835,1931878195,Cricket 24: The Official Game Of The Ashes,1,0.0004
3836,461173340,Crimson Dragon,1,0.0004
3837,706918470,Crimsonland,1,0.0004
3838,2020595605,Critter Dash,1,0.0004
3839,2063550048,CritterGarden,1,0.0004
3840,1692395829,Croc's World 4,1,0.0004
3841,1897666111,Cross Tails,1,0.0004
3842,1921002833,Crossy Road Castle,1,0.0004
3843,1721970293,Crow Country,1,0.0004
3844,1705962055,Crowd City,1,0.0004
3845,2087531472,Cry Babies Magic Tears: The Big Game,1,0.0004
3846,1707233763,Cryptmaster,1,0.0004
3847,1480657289,CRYSTAL DEFENDERS,1,0.0004
3848,1765548923,Crystal Ortha,1,0.0004
3849,2077386463,Cthulhu: The Cosmic Abyss - Arkham Horror TTRPG Scenario,1,0.0004
3850,1810600739,Cthulhu: The Cosmic Abyss - Art Pack,1,0.0004
3851,1941196551,Cube Airport,1,0.0004
3852,1759662919,Cubey: Blockbyte,1,0.0004
3853,1865695529,Cubey: Hexfall,1,0.0004
3854,2038147675,Cubic Figures,1,0.0004
3855,1824007949,Curious Cases,1,0.0004
3856,1878422436,Cut Fruit With A Samurai Sword,1,0.0004
3857,2015385284,Cyber Love Story,1,0.0004
3858,1716226310,Cyber Tank,1,0.0004
3859,1719811824,CyberCorp,1,0.0004
3860,1705627827,CYGNI: All Guns Blazing,1,0.0004
3861,1033012343,D4: Dark Dreams Don't Die,1,0.0004
3862,694107204,Dance Central Spotlight,1,0.0004
3863,1643246182,Dark Burial: Enhanced Edition,1,0.0004
3864,1698720748,Dark Elven Legacy,1,0.0004
3865,1991801140,Dark Light,1,0.0004
3866,669895014,DARK SOULS™: REMASTERED NETWORK TEST VER.,1,0.0004
3867,1618795137,Darker Skies,1,0.0004
3868,2107082519,DARKLAND Ⅱ,1,0.0004
3869,1968164879,Darkness and Flame 1: Born of Fire,1,0.0004
3870,1808640240,Darkness and Flame 2: Missing Memories,1,0.0004
3871,2029863585,Date with Devils,1,0.0004
3872,1734943461,Daymare: 1994 Sandcastle,1,0.0004
3873,1480657693,DAYTONA USA,1,0.0004
3874,1611718894,DC League of Super-Pets: The Adventures of Krypto and Ace,1,0.0004
3875,1842049989,DCL-The Game,1,0.0004
3876,1003504679,Dead Age,1,0.0004
3877,1798643426,Dead Age II,1,0.0004
3878,480553167,Dead Ahead: Zombie Warfare,1,0.0004
3879,1951298086,Dead End Job,1,0.0004
3880,2055117989,Dead of Darkness,1,0.0004
3881,1480657531,Dead Space™ Ignition,1,0.0004
3882,1313671278,Dead to Rights,1,0.0004
3883,1880055889,DEADCRAFT,1,0.0004
3884,2075268737,Deadliest Catch: The Game,1,0.0004
3885,1229916116,DEADLY PREMONITION,1,0.0004
3886,1837096770,Death's Gambit: Afterlife,1,0.0004
3887,1838535275,Death Come True,1,0.0004
3888,1821660358,Death or Treat,1,0.0004
3889,1667166711,Deathless. The Hero Quest,1,0.0004
3890,1990927330,Debris Infinity,1,0.0004
3891,279141868,Demetrios - The BIG Cynical Adventure,1,0.0004
3892,1951916716,Deponia,1,0.0004
3893,1892426142,Deponia Doomsday,1,0.0004
3894,2095254091,Depth of Extinction,1,0.0004
3895,2121940253,despelote,1,0.0004
3896,1826248460,DETECTIVE - Rainy Night,1,0.0004
3897,1742426856,Detective Holmes: Hidden Object Games With a Storyline,1,0.0004
3898,1704224301,Devious Dungeon,1,0.0004
3899,2048553413,Differences: Find & Spot them,1,0.0004
3900,1480656950,DIG DUG,1,0.0004
3901,1941545430,Dinosaur Fossil Hunter - Paleontology Simulator,1,0.0004
3902,1759839965,Dinosaurs Bodycam,1,0.0004
3903,1995864592,DINOSAURS: Mission Dino Camp,1,0.0004
3904,1799432498,Disc Room,1,0.0004
3905,2132420948,Disgaea 4 Complete+,1,0.0004
3906,1981785404,Disney Illusion Island Starring Mickey and Friends,1,0.0004
3907,268236555,Disney Infinity [2.0],1,0.0004
3908,2061719276,Disney Villains Cursed Café,1,0.0004
3909,2145964960,Dispatch,1,0.0004
3910,1178929110,Divinity II - DKS,1,0.0004
3911,1729965680,Do Not Feed the Monkeys,1,0.0004
3912,1680444953,Dodge These Balls,1,0.0004
3913,1764101235,Dodgeball Championship League,1,0.0004
3914,1935690934,Dog Man: Mission Impawsible,1,0.0004
3915,1889137420,Doggy Up!,1,0.0004
3916,1755206522,Don't Be Afraid,1,0.0004
3917,249733426,Don't Knock Twice,1,0.0004
3918,1819731227,Don't Mess With Bober,1,0.0004
3919,1087781956,Don Bradman Cricket,1,0.0004
3920,1897815712,Doodle Harmony,1,0.0004
3921,1480656932,DOOM,1,0.0004
3922,2100206304,DOOM: The Dark Ages Digital Artbook and Soundtrack,1,0.0004
3923,1855599450,Doors: Paradox,1,0.0004
3924,1825944429,Dora™: Rainforest Rescue,1,0.0004
3925,1626267222,Double Dragon 4,1,0.0004
3926,1884638750,DOUBLE DRAGON Ⅲ: The Sacred Stones,1,0.0004
3927,2146119244,Double Dragon Revive,1,0.0004
3928,1892192256,Dracamar,1,0.0004
3929,1480657802,Dragon's Lair,1,0.0004
3930,1973436083,Dragon Blaze,1,0.0004
3931,2014953501,Dragon Bobby,1,0.0004
3932,2103350728,Dragon Is Dead,1,0.0004
3933,1897378754,Dragon Pinball,1,0.0004
3934,1626229535,Dragon Snack,1,0.0004
3935,1649708833,Dragon Snack: From Ice to Ember,1,0.0004
3936,215313834,Draw a Stickman: EPIC,1,0.0004
3937,1853020483,Draw a Stickman: EPIC 2,1,0.0004
3938,2131696465,Drawngeon: Dungeons of Ink and Paper,1,0.0004
3939,2079836196,DreadHaunt,1,0.0004
3940,2110822095,Dream House Days DX,1,0.0004
3941,1734872189,Dream Town Island,1,0.0004
3942,1669152064,Dreamscaper,1,0.0004
3943,1624769686,Dreamscapes - The Sandman,1,0.0004
3944,1915868991,Drift Legends,1,0.0004
3945,1947615527,Drova - Forsaken Kin,1,0.0004
3946,1873652790,Drunken Fist,1,0.0004
3947,1861826241,Duck Simulator 2,1,0.0004
3948,1891372981,Duck Simulator Lite,1,0.0004
3949,1995684972,Dune: Spice Wars,1,0.0004
3950,2133243699,Dungeon Scoundrel: Solitaire,1,0.0004
3951,1911906130,Dungeon Village 2,1,0.0004
3952,1953716215,Dungeonloop,1,0.0004
3953,1480659907,Dungeons & Dragons: Chronicles of Mystara,1,0.0004
3954,1771234675,Dungeons 4,1,0.0004
3955,117434960,Dynamite Fishing - World Games,1,0.0004
3956,1480657010,E4,1,0.0004
3957,1741300205,Earthion,1,0.0004
3958,109913787,EARTHLOCK,1,0.0004
3959,1260456400,Earthlock: Festival of Magic,1,0.0004
3960,1947658323,Easter Bunny EggVenture,1,0.0004
3961,2076671886,Easter Bunny EggVenture (Xbox One),1,0.0004
3962,1973165271,Eastshade,1,0.0004
3963,1146095595,Eat Lead,1,0.0004
3964,1621792721,EBOLA VILLAGE,1,0.0004
3965,1730596263,Echo Generation: Midnight Edition,1,0.0004
3966,1913788849,Echoes of Aincrad Unanswered//butterfly Bonus Contents App,1,0.0004
3967,2035278481,Ed-0: Zombie Uprising,1,0.0004
3968,1741237286,EDENGATE: The Edge of Life,1,0.0004
3969,1996027459,Educational Games for Kids (Cross-Buy),1,0.0004
3970,1668213515,Egg Game,1,0.0004
3971,2000111963,Egg Game 3,1,0.0004
3972,1852593656,Egg Head,1,0.0004
3973,1750555114,El Hijo - A Wild West Tale,1,0.0004
3974,1748036661,Electrician Simulator,1,0.0004
3975,2103553614,Elemental War TD,1,0.0004
3976,1833460510,Elevator Action™ -Returns- S-Tribute,1,0.0004
3977,1823224664,Elo 1100 Chess,1,0.0004
3978,1725427493,Elon and the Divine Proof,1,0.0004
3979,2017109543,Ememoji!,1,0.0004
3980,1615466439,Emerald Huntress,1,0.0004
3981,1928222638,Enchantment 2 Sun’s Tear,1,0.0004
3982,1739313000,Enclave HD,1,0.0004
3983,1773142063,ENDER LILIES: Quietus of the Knights,1,0.0004
3984,2129002058,ENDER MAGNOLIA: Bloom in the Mist,1,0.0004
3985,168505788,Enigmatis 2: The Mists of Ravenwood,1,0.0004
3986,1930656280,Enotria: The Last Song,1,0.0004
3987,1889120887,Envasion,1,0.0004
3988,1909883599,Epic Chef,1,0.0004
3989,1263339518,Escape Dead Island,1,0.0004
3990,2102487155,Escape Game Fort Boyard,1,0.0004
3991,1972593972,Escape Sequence (Xbox One),1,0.0004
3992,1937905739,Espresso Tycoon,1,0.0004
3993,1753276383,Eternal Evil,1,0.0004
3994,919003597,Ethan: Meteor Hunter,1,0.0004
3995,2125864061,Europa Universalis IV - Microsoft Store Edition,1,0.0004
3996,2023785453,Evan's Remains,1,0.0004
3997,2130707522,Everafter Falls,1,0.0004
3998,1867425405,Evil Inside,1,0.0004
3999,911650903,Evoland Legendary Edition,1,0.0004
4000,1989971377,Exit the Gungeon,1,0.0004
4001,1614221632,ExoCross,1,0.0004
4002,1983090774,Extreme Bowling Challenge,1,0.0004
4003,380586753,Extreme Exorcism,1,0.0004
4004,1448413160,F.E.A.R. Files,1,0.0004
4005,2025181179,F.I.S.T.: Forged In Shadow Torch,1,0.0004
4006,2034535389,F1® Manager 2023,1,0.0004
4007,750338097,Fable Fortune,1,0.0004
4008,1631666106,Faces of Illusion: The Twin Phantoms,1,0.0004
4009,1796401317,Factory Escape,1,0.0004
4010,974041664,Fade to Silence,1,0.0004
4011,1836570582,Faeria,1,0.0004
4012,1866455351,Fallout 3: Game of the Year Edition,1,0.0004
4013,1651975869,FANTASIAN Neo Dimension,1,0.0004
4014,1814653009,FAR: Changing Tides,1,0.0004
4015,1911829644,Farewell North,1,0.0004
4016,2045720355,Farlands Journey,1,0.0004
4017,1645447317,Farm Manager 2022,1,0.0004
4018,1911770674,Fast & Furious: Arcade Edition,1,0.0004
4019,1709057471,FATAL FRAME: Mask of the Lunar Eclipse,1,0.0004
4020,1775857297,FatalZone,1,0.0004
4021,144125902,Fearful Symmetry & the Cursed Prince,1,0.0004
4022,1976977433,Fell Seal: Arbiter's Mark,1,0.0004
4023,332903703,Fibbage: The Hilarious Bluffing Party Game,1,0.0004
4024,1792854484,Fight For America,1,0.0004
4025,1894147058,Figment 2: Creed Valley,1,0.0004
4026,1984155294,Filthy Animals | Heist Simulator,1,0.0004
4027,585022010,FINAL FANTASY TYPE-0™ HD,1,0.0004
4028,1614339529,FINAL FANTASY X/X-2 HD Remaster,1,0.0004
4029,1956402951,Final Vendetta,1,0.0004
4030,2048478667,Firefighters - Airport Heroes,1,0.0004
4031,2082350956,Fishing Sim World: Bass Pro Shops Edition,1,0.0004
4032,1931098335,Five Dates,1,0.0004
4033,1792158880,Flappy Frog,1,0.0004
4034,1727965330,Flappy Plane,1,0.0004
4035,2018987965,FlatWarriors,1,0.0004
4036,1623391709,Flock,1,0.0004
4037,1342586931,Flockers,1,0.0004
4038,1796337570,Fly Corp,1,0.0004
4039,1711202314,Flying Fish,1,0.0004
4040,386153688,FLYING TIGERS: SHADOWS OVER CHINA,1,0.0004
4041,1649733312,Food Truck Tycoon,1,0.0004
4042,1893921184,Football Guy,1,0.0004
4043,2120627175,Football Manager 2023,1,0.0004
4044,1803141715,Football Manager 2024,1,0.0004
4045,1830452855,Forklift Simulator,1,0.0004
4046,2105300198,Formula Retro Racing,1,0.0004
4047,1997091659,Forspoken,1,0.0004
4048,1968157546,Fort Boyard,1,0.0004
4049,1708831389,Fortnife,1,0.0004
4050,981972052,Forza Motorsport 6: Apex,1,0.0004
4051,1720533230,Forza Street,1,0.0004
4052,1707037087,Fox Legend,1,0.0004
4053,2019110997,Freedom Planet 2,1,0.0004
4054,2033987728,FreeStyle Football 2,1,0.0004
4055,67031535,FreezeME,1,0.0004
4056,1677365393,Fresh Start,1,0.0004
4057,2021908555,Freshly Frosted,1,0.0004
4058,1926405394,Friday the 13th: Killer Puzzle,1,0.0004
4059,1887659092,Froggo's Quest,1,0.0004
4060,2055192299,FRONT MISSION 2: Remake,1,0.0004
4061,1856401271,Frozen Gauntlet,1,0.0004
4062,1690172627,Frozen Rune,1,0.0004
4063,2067683732,FS Sandbox,1,0.0004
4064,1738342037,Funny Circus HD,1,0.0004
4065,212246852,Furi,1,0.0004
4066,1965064938,Fury of Dracula: Digital Edition,1,0.0004
4067,1870314278,G.I. JOE: WRATH OF COBRA,1,0.0004
4068,1887193859,Gal Guardians: Servants of the Dark,1,0.0004
4069,1480657657,Galaga Legions DX,1,0.0004
4070,1961460766,Galaxy Kingdoms,1,0.0004
4071,1776831831,Game Dev Story,1,0.0004
4072,1750796861,Garden Simulator,1,0.0004
4073,1627060313,Garfield Kart 2 - All You Can Drift,1,0.0004
4074,1898042382,Gargoyles Remastered,1,0.0004
4075,2022597828,Garten of Banban 0,1,0.0004
4076,1651300736,Gas Ratio,1,0.0004
4077,1794847260,Gefragt Gejagt - Das Spiel,1,0.0004
4078,868315097,Gem Smashers,1,0.0004
4079,1656463781,Genetic Disaster,1,0.0004
4080,1915576533,Geometric Sniper,1,0.0004
4081,1834162170,Geometry Dash Finally,1,0.0004
4082,2110898857,Ghost Master: Resurrection,1,0.0004
4083,518374761,Ghost of a Tale,1,0.0004
4084,1480657545,Ghostbusters: Sanctum of Slime,1,0.0004
4085,732939800,Ghostbusters™,1,0.0004
4086,1818898453,Giant Rush,1,0.0004
4087,1788200257,GIGA WRECKER ALT.,1,0.0004
4088,1614017709,Gigantosaurus: Dino Kart,1,0.0004
4089,1841005271,Gloomy Eyes,1,0.0004
4090,1672998639,Glover (QUByte Classics),1,0.0004
4091,1901326326,Goat Out Of Hell,1,0.0004
4092,1995619397,God of Rock,1,0.0004
4093,1772606443,Godsvivors,1,0.0004
4094,1764365251,Golf Up,1,0.0004
4095,1480657057,Golf: Tee It Up!,1,0.0004
4096,1927438326,Goodwill Scrolls,1,0.0004
4097,1832133926,Goosebumps: Terror in Little Creek,1,0.0004
4098,1778191394,Grab 50 Coins,1,0.0004
4099,1620899310,Gravebound Dash,1,0.0004
4100,1696466008,GRAVEN,1,0.0004
4101,1634652601,Gray Dawn,1,0.0004
4102,2083459521,Greak: Memories of Azur,1,0.0004
4103,1712385617,Greyhill Incident - Abducted Edition,1,0.0004
4104,275687140,Grim Legends: The Forsaken Bride,1,0.0004
4105,1737875841,GRIME,1,0.0004
4106,1923234340,GRIME II,1,0.0004
4107,1863069160,Grindstone,1,0.0004
4108,1821397642,GRIS,1,0.0004
4109,1480657707,GUARDIAN HEROES (TM),1,0.0004
4110,1845419881,Guazu: The Rescue,1,0.0004
4111,1658533947,Guess the Flag! - World Flags Quiz,1,0.0004
4112,1680625806,GUNBIRD,1,0.0004
4113,1974461978,GUNBIRD 2,1,0.0004
4114,1900687827,Gunfire Reborn Survivors Wave,1,0.0004
4115,1979922445,Guntastic,1,0.0004
4116,1825036772,Gunvolt Chronicles: Luminous Avenger iX,1,0.0004
4117,1698736128,Guts 'N Goals,1,0.0004
4118,2071004934,Guts 'n Grunts Jr.,1,0.0004
4119,1763286098,Habitat Shapes,1,0.0004
4120,1480657725,HALF-MINUTE HERO -Super Mega Neo Climax-,1,0.0004
4121,1957960009,HALF DEAD,1,0.0004
4122,1831385363,Halloween - Color by Numbers +,1,0.0004
4123,766737132,Halo 5: Forge,1,0.0004
4124,2096818168,Halo Infinite - Insider,1,0.0004
4125,1297292157,Halo: Spartan Assault,1,0.0004
4126,1818252125,HammerHelm,1,0.0004
4127,1822336858,Hand of Fate,1,0.0004
4128,2038958977,Hand of Fate 2,1,0.0004
4129,1919864396,Handball 21,1,0.0004
4130,1862585520,Hangman - Hang 'Em High,1,0.0004
4131,1668145960,Happi Basudei,1,0.0004
4132,1704654963,Happy's Humble Burger Farm,1,0.0004
4133,928096970,Happy Dungeons,1,0.0004
4134,1844595807,Hard Racing - Car Driving Game,1,0.0004
4135,446096627,Hard Reset Redux,1,0.0004
4136,1890858421,Harvest Cafe,1,0.0004
4137,1667008262,Harvest Moon: One World,1,0.0004
4138,1811744962,Hatsune Miku - The Planet Of Wonder And Fragments Of Wishes,1,0.0004
4139,1849538715,Hatsune Miku Jigsaw Puzzle,1,0.0004
4140,1744137265,Hatsune Miku Logic Paint S,1,0.0004
4141,1810774943,Hatup,1,0.0004
4142,2035511094,Heavy Duty,1,0.0004
4143,2125426064,Heavy Metal Machines,1,0.0004
4144,1670362756,Heliborne,1,0.0004
4145,1928781153,Hellboy Web of Wyrd,1,0.0004
4146,1844884280,HELLCARD,1,0.0004
4147,1880774720,Heroes of Hammerwatch - Ultimate Edition,1,0.0004
4148,1993427193,Hexagroove: Tactical DJ,1,0.0004
4149,1480656934,Hexic 2,1,0.0004
4150,1618000323,Hidden Cats in Christmas,1,0.0004
4151,2114661204,Hidden in Plain Sight,1,0.0004
4152,1678726548,Hidden Legends,1,0.0004
4153,1877533314,Hidden Memory - Neko's Life,1,0.0004
4154,1851035635,Hidden Through Time 2,1,0.0004
4155,1953052430,Hidden Words Puzzles : PC & XBOX,1,0.0004
4156,1727719097,Hole Theory,1,0.0004
4157,1776679706,Hole Theory Series X|S,1,0.0004
4158,1962604038,HOLYHUNT,1,0.0004
4159,1069384604,Home Sweet Home,1,0.0004
4160,1657530068,Homescapes,1,0.0004
4161,1966804514,Homestead Arcana,1,0.0004
4162,1700671760,Hoof and Seek,1,0.0004
4163,1665613490,Horse Club Adventures 2: Hazelwood Stories,1,0.0004
4164,1029573529,Horse Racing 2016,1,0.0004
4165,2021059088,Hot Rod Mayhem,1,0.0004
4166,1842354344,Hot Wheels Let's Race™: Ultimate Speed,1,0.0004
4167,1646312420,House Builder,1,0.0004
4168,2017392648,Humans Gone,1,0.0004
4169,1693450318,Hunt: Showdown,1,0.0004
4170,1480657391,Hydrophobia,1,0.0004
4171,720702755,Hyper Light Drifter,1,0.0004
4172,1715426744,Hyper Panda,1,0.0004
4173,1793634692,I'm on Observation Duty 6,1,0.0004
4174,1843279556,I'm on Observation Duty 7,1,0.0004
4175,1785313161,I'm on Observation Duty 8,1,0.0004
4176,1667320484,I Hate This Place,1,0.0004
4177,299988825,Ice Age Scrat's Nutty Adventure,1,0.0004
4178,684411144,Immortal: Unchained,1,0.0004
4179,2144105476,IMPOSSIBLE DASHING,1,0.0004
4180,1672730245,In Sound Mind,1,0.0004
4181,2082203967,INAYAH - Life after Gods,1,0.0004
4182,1988654358,Incantation,1,0.0004
4183,1654140051,Indiana Jones and the Great Circle™: Digital Artbook,1,0.0004
4184,2038628847,"Inescapable: No Rules, No Rescue",1,0.0004
4185,1992463205,Infernitos,1,0.0004
4186,364529562,Infinite Air with Mark McMorris,1,0.0004
4187,1397819355,Infinite Undiscovery,1,0.0004
4188,1762402005,"Injection π23 'No Name, No Number'",1,0.0004
4189,1661144775,Injection π23 'Tabula Rasa',1,0.0004
4190,1734151260,Inspector Gadget - MAD Time Party,1,0.0004
4191,1990306738,Instant Sports Plus,1,0.0004
4192,1805474854,Instruments of Destruction,1,0.0004
4193,2128134067,INVECTOR: RHYTHM GALAXY,1,0.0004
4194,1644577583,Ion Fury,1,0.0004
4195,2062191225,Iron Meat,1,0.0004
4196,537132957,Iron Wings,1,0.0004
4197,1988903595,Is this Game Trying to Kill Me? (Xbox Series X|S),1,0.0004
4198,2106995952,Island Cities - Jigsaw Puzzle,1,0.0004
4199,1757844217,Islanders,1,0.0004
4200,21051553,It's Quiz Time,1,0.0004
4201,1789470804,IXION,1,0.0004
4202,606230808,Jack N' Jill DX,1,0.0004
4203,2049300347,JDM Racing: drift cars driving,1,0.0004
4204,1629080596,JellyCar Worlds,1,0.0004
4205,1480659527,Jet Set Radio,1,0.0004
4206,1761650717,Jewel Fever,1,0.0004
4207,1776716222,Jewel Fever 3,1,0.0004
4208,1940209442,Jewel Match Solitaire L'Amour,1,0.0004
4209,2027111980,Jigsaw Saga for PC & XBOX,1,0.0004
4210,1805677746,Jigsaw Wild: Animal Edition,1,0.0004
4211,1881986875,Jisei: The First Case HD,1,0.0004
4212,1853152783,Jitsu Squad,1,0.0004
4213,1691514153,JoJo Siwa: Worldwide Party,1,0.0004
4214,786868977,Jotun: Valhalla Edition,1,0.0004
4215,1636159338,Journey of the Broken Circle,1,0.0004
4216,944228222,Journey to the Savage Planet,1,0.0004
4217,2004666712,Journey To The Savage Planet: Employee Of The Month,1,0.0004
4218,1480656856,Joust,1,0.0004
4219,2069059741,Jubilee,1,0.0004
4220,1802732353,Jumbo Airport Story,1,0.0004
4221,1925586579,Jump King,1,0.0004
4222,1799202116,Jumper Maria,1,0.0004
4223,1789366577,Junkyard Builder,1,0.0004
4224,1775420643,Jurassic Differences,1,0.0004
4225,1773156258,Jurassic Park Classic Games Collection,1,0.0004
4226,1117499725,JUST DANCE® 2015,1,0.0004
4227,1805643411,Justice Chronicles,1,0.0004
4228,1849548443,Kamikaze Lassplanes,1,0.0004
4229,1871788890,Kao the Kangaroo,1,0.0004
4230,2099826853,Kattish,1,0.0004
4231,2039051531,Kentum,1,0.0004
4232,1816678719,KeyWe,1,0.0004
4233,1663335034,"Kick it, Bunny!",1,0.0004
4234,2022445525,Kids Preschool Learning Games,1,0.0004
4235,1837821315,Kids Toddler & Preschool Games,1,0.0004
4236,1817077599,Kill The Brickman,1,0.0004
4237,1448544214,KILLER IS DEAD,1,0.0004
4238,2124401256,King's Bounty II,1,0.0004
4239,2060680883,King Arthur: Legion IX,1,0.0004
4240,1957464297,King K Roller 2,1,0.0004
4241,1774165009,King of Meat,1,0.0004
4242,1711332838,KINGDOM HEARTS Melody of Memory,1,0.0004
4243,1674297685,Kingdom Rush Frontiers,1,0.0004
4244,1992283783,Kingdom Rush Origins,1,0.0004
4245,1892832276,Kitaria Fables,1,0.0004
4246,1745241155,Kitten Island,1,0.0004
4247,1645882991,Kitten Island 2,1,0.0004
4248,1802712007,Kittens and Yarn,1,0.0004
4249,1716222897,Kitty's Adventure for XBox One,1,0.0004
4250,1636503815,Klondike Solitaire PLUS,1,0.0004
4251,2090287182,KLONOA Phantasy Reverie Series,1,0.0004
4252,1746328056,Knight's Night!,1,0.0004
4253,1646833187,Knight's Quest,1,0.0004
4254,1734351849,Knight Quest: Goblins Raid,1,0.0004
4255,1732788961,Knights & Guns,1,0.0004
4256,2025132558,Knights of Braveland,1,0.0004
4257,1674517129,Knights of Pen & Paper 2 Deluxiest Edition,1,0.0004
4258,2008175655,Knights of Pen and Paper +1 Deluxier Edition,1,0.0004
4259,1718892809,Knockout City™,1,0.0004
4260,2057332272,Kombinera,1,0.0004
4261,1039363526,Kona,1,0.0004
4262,2092303758,Kona II: Brume,1,0.0004
4263,1003487612,Korgan,1,0.0004
4264,1703986144,Kristala,1,0.0004
4265,1632716739,Kvark,1,0.0004
4266,1615382054,L.O.L. Surprise! B.B.s BORN TO TRAVEL™,1,0.0004
4267,1654316252,Lakeview Cabin Collection,1,0.0004
4268,1673402682,Lara Returns to the castle,1,0.0004
4269,1973808452,Last Oasis (Game Preview),1,0.0004
4270,930893366,Late Shift,1,0.0004
4271,2114717078,Laundry Simulator,1,0.0004
4272,1912466607,Laundry Store Simulator,1,0.0004
4273,1823001166,Layer Section™ & Galactic Attack™ S-Tribute,1,0.0004
4274,2107556397,Layers of Fear 2,1,0.0004
4275,58027060,Legendary Eleven,1,0.0004
4276,2059925025,Legendary Heroes,1,0.0004
4277,1959526427,Legendary Tales 1: Stolen Life,1,0.0004
4278,1841391186,Legendary Tales 3: Stories,1,0.0004
4279,1785591469,Legendary Tales 4: Map of Hope,1,0.0004
4280,2121317693,LEGO® Builder's Journey,1,0.0004
4281,1848425529,Let's Sing 2025,1,0.0004
4282,1957230512,Let's Sing 2026,1,0.0004
4283,257790124,Lethal League,1,0.0004
4284,813601799,Letter Quest: Grimm's Journey Remastered,1,0.0004
4285,1716669263,Levelhead,1,0.0004
4286,1938294390,Lia: Hacking Destiny,1,0.0004
4287,1947427605,Life is a Lie,1,0.0004
4288,1809493458,Lifeless Moon,1,0.0004
4289,2096549844,Liftoff: Drone Racing,1,0.0004
4290,1780556395,LISA: The Painful - Definitive Edition,1,0.0004
4291,1689956904,Little Helper Cafe,1,0.0004
4292,1920884746,Little Helper Cafe: Sugar Cubes,1,0.0004
4293,2036022873,Little Misfortune,1,0.0004
4294,1945490956,Little Mouse's Encyclopedia,1,0.0004
4295,2056027793,Little Strays,1,0.0004
4296,2051631353,Little Strays 2,1,0.0004
4297,1661934379,Little Things,1,0.0004
4298,779348826,Livelock,1,0.0004
4299,1907201549,Lonely Guardian,1,0.0004
4300,1763868009,Long Gone Days,1,0.0004
4301,1886359133,Looney Tunes: Wacky World of Sports,1,0.0004
4302,1865146781,Lorn's Lure,1,0.0004
4303,1648660389,Lost Eidolons: Veil of the Witch,1,0.0004
4304,1725147420,Lost Ember,1,0.0004
4305,1911623449,Lost Lands 11: Stories,1,0.0004
4306,1940777796,Lost Lands 3: The Golden Curse,1,0.0004
4307,1830770780,Lost Lands 4: The Wanderer,1,0.0004
4308,2091004051,Lost Lands 5: Ice Spell,1,0.0004
4309,2038072759,Lost Lands 6: Mistakes of the Past,1,0.0004
4310,1655048033,Lost Lands 9: First Brotherhood,1,0.0004
4311,2061418277,Lost Ruins,1,0.0004
4312,1677252767,Love is all around,1,0.0004
4313,1795081986,Luck be a Landlord,1,0.0004
4314,1634336729,LUNAR Remastered Collection,1,0.0004
4315,1843517603,Lushfoil Photography Sim,1,0.0004
4316,2095111834,Luto,1,0.0004
4317,2051707990,Lynked: Banner of the Spark,1,0.0004
4318,1632667399,Machinarium,1,0.0004
4319,2012446698,Machine Gun Fury,1,0.0004
4320,1480656887,Mad Tracks,1,0.0004
4321,1625265143,MageQuit,1,0.0004
4322,2132482279,Magic Cube Puzzle 3D,1,0.0004
4323,1737947185,Magic Sheep,1,0.0004
4324,1480656992,Magic: The Gathering,1,0.0004
4325,1978173427,Magical Drop VI,1,0.0004
4326,1950004384,Magin: The Rat Project Stories,1,0.0004
4327,1678552815,Mahjong Adventure DX,1,0.0004
4328,1994740378,MahJongg4Fun,1,0.0004
4329,172988940,Maldita Castilla EX - Cursed Castile,1,0.0004
4330,2072178531,Manifold Garden,1,0.0004
4331,1887884529,Mansion Tale,1,0.0004
4332,2100873169,Many Faces: Console Edition,1,0.0004
4333,2008498255,Maquette,1,0.0004
4334,1925076302,Marathon Server Slam,1,0.0004
4335,908941238,Mark of the Ninja: Remastered,1,0.0004
4336,1918742857,Mars Horizon,1,0.0004
4337,1654028464,Mars Survivor,1,0.0004
4338,1660014451,Marshmallow Marvin: Greenwood,1,0.0004
4339,2117648871,Martha Is Dead,1,0.0004
4340,1029188769,Marvel’s Guardians of the Galaxy: The Telltale Series - Episode 1,1,0.0004
4341,2128750028,Math Games: Math for Kids,1,0.0004
4342,1635154692,Maximum Football 2019,1,0.0004
4343,1996003013,Mechs V Kaijus,1,0.0004
4344,2100895881,Mechstermination Force,1,0.0004
4345,1112934356,Meet the Robinsons,1,0.0004
4346,1999249377,MegaJogos,1,0.0004
4347,1749440700,Mekorama,1,0.0004
4348,2098595996,Meow Moments: Celebrating Myth & Machine,1,0.0004
4349,1968122005,Meow Motors,1,0.0004
4350,1832278342,Merchant of the Skies,1,0.0004
4351,1979916310,METAL GEAR & METAL GEAR 2: Solid Snake,1,0.0004
4352,1743064739,METAL GEAR SOLID: MASTER COLLECTION Vol.2 BONUS CONTENT,1,0.0004
4353,1844460632,Metro Exodus Enhanced Edition,1,0.0004
4354,639411963,Metropolis: Lux Obscura,1,0.0004
4355,1047964830,Microsoft Bingo,1,0.0004
4356,1665852018,Middle Evil: The Priest,1,0.0004
4357,2023608003,Midway Supermarket Simulator: Grocery Store Tycoon,1,0.0004
4358,1791290525,Mini Madness,1,0.0004
4359,494547531,Mining Rail,1,0.0004
4360,1681932611,Minos Trials,1,0.0004
4361,2004795446,Miraculous - Paris Under Siege,1,0.0004
4362,1790559387,Miraculous: Rise of the Sphinx,1,0.0004
4363,1753107898,Missing Banban,1,0.0004
4364,2005154607,Mister Monser's Shooter,1,0.0004
4365,2131317832,Mists of Noyah,1,0.0004
4366,1958464992,Mob Control,1,0.0004
4367,2066653010,Momodora: Moonlit Farewell,1,0.0004
4368,284143677,Momodora: Reverie Under the Moonlight,1,0.0004
4369,1680671926,Monaco 2,1,0.0004
4370,189896967,Monaco: What's Yours is Mine,1,0.0004
4371,2009391240,MONOPOLY Poker,1,0.0004
4372,1864843444,Monopoly: Star Wars™ Heroes vs. Villains,1,0.0004
4373,2037531309,Monster Crown,1,0.0004
4374,1961480206,Monster Crown: Sin Eater,1,0.0004
4375,2038013659,Monster High™‎ Skulltimate Secrets™,1,0.0004
4376,1685995944,Monster Legends,1,0.0004
4377,1899878313,Monster Panic,1,0.0004
4378,1781365913,Monster Train,1,0.0004
4379,1807714585,Monster Truck Championship,1,0.0004
4380,1729169085,MonsterCrafter,1,0.0004
4381,1983120305,Moon Mystery,1,0.0004
4382,1979213200,Moons of Madness,1,0.0004
4383,1960491525,Morbid: The Lords of Ire,1,0.0004
4384,1847551904,Morbid: The Seven Acolytes,1,0.0004
4385,1923105414,Morsels,1,0.0004
4386,1754089080,Mortanis Prisoners,1,0.0004
4387,1015377306,MOTHERGUNSHIP Gun Crafting Range,1,0.0004
4388,1679505567,Moto Rush GT,1,0.0004
4389,1726606591,Moto Rush Reborn,1,0.0004
4390,1423533994,MotoGP™15,1,0.0004
4391,1685476854,Motorcycle Mechanic Simulator 2021,1,0.0004
4392,2146469541,MotoTrials,1,0.0004
4393,1871702552,Mount & Blade: Warband PC,1,0.0004
4394,1780964792,Mountain Legends Lite,1,0.0004
4395,1937850928,MouseBot: Escape from CatLab,1,0.0004
4396,1763809257,MOUTHOLE,1,0.0004
4397,1908222793,Mr Trials,1,0.0004
4398,1957331976,Mr.Slime in,1,0.0004
4399,1638883999,Mr.Slime in Dungeon,1,0.0004
4400,1869281587,Mummy Pinball,1,0.0004
4401,1834840157,Murder House,1,0.0004
4402,1681715185,Music Racer: Ultimate,1,0.0004
4403,1656798442,Musical Vibes RX,1,0.0004
4404,157756945,MX Nitro,1,0.0004
4405,1819478229,My Bakery Empire,1,0.0004
4406,1747605739,My Child Lebensborn Remastered,1,0.0004
4407,1773001173,My Horse: Bonded Spirits,1,0.0004
4408,2014511480,My Life: Farm Vet,1,0.0004
4409,1774925138,My Little Pony: Magic Princess,1,0.0004
4410,1911275658,MyMaitê,1,0.0004
4411,1635419515,Mystery Hotel: Hidden Object Puzzle Adventure Game,1,0.0004
4412,2092209274,Mystical Mixing,1,0.0004
4413,1950723029,NAIAD,1,0.0004
4414,1629697304,NanoApostle,1,0.0004
4415,1693654641,Narcissus,1,0.0004
4416,1685327515,NASCAR Arcade Rush,1,0.0004
4417,1629612918,Natural Instincts,1,0.0004
4418,656986554,NBA 2K19: The Prelude,1,0.0004
4419,1616270757,NBA LIVE 14,1,0.0004
4420,1611490956,Nekomimi Days ~365 Days with You~,1,0.0004
4421,1777345011,Neon Inferno,1,0.0004
4422,1879257561,Neopets - Mega Mini Games Collection - The Neopian Arcade Odyssey,1,0.0004
4423,1813201689,Neptunia: Sisters VS Sisters,1,0.0004
4424,157973080,NeuroVoider,1,0.0004
4425,2086432768,Neva,1,0.0004
4426,1772953684,Night Ranger,1,0.0004
4427,1647467336,Nikoderiko: The Magical World - Director's Cut,1,0.0004
4428,1661259138,NINJA KIDZ: TIME MASTERS,1,0.0004
4429,1614603315,NO LAW,1,0.0004
4430,1991040607,No Place Like Home,1,0.0004
4431,1848846352,No Rest for the Wicked (2024),1,0.0004
4432,1910835207,No Time to Relax,1,0.0004
4433,1705964057,Nongunz: Doppelganger Edition,1,0.0004
4434,1651316148,Noodlebound,1,0.0004
4435,2049381647,NORCO,1,0.0004
4436,1993181112,Northgard,1,0.0004
4437,1711091007,Nox Dash,1,0.0004
4438,1869491359,Null Drifter,1,0.0004
4439,1693043906,Oakbound Quest,1,0.0004
4440,2109567965,OBLITACRATER,1,0.0004
4441,1750039382,Oceanhorn 2 - Knights of the Lost Realm,1,0.0004
4442,2034276683,Oddsparks: An Automation Adventure,1,0.0004
4443,2074956981,Oddworld: Soulstorm Enhanced Edition,1,0.0004
4444,202265903,Oh...Sir! The Hollywood Roast,1,0.0004
4445,2050430397,Okinawa Rush,1,0.0004
4446,1764133092,OlliOlli World,1,0.0004
4447,1629371144,One Button Games 5-in-1 vol. 3,1,0.0004
4448,1874621034,One Card One Shot - Mafia,1,0.0004
4449,1881526368,One Finger Death Punch 2,1,0.0004
4450,1693098311,One Step After Fall,1,0.0004
4451,1146095594,Onechanbara,1,0.0004
4452,1207405244,Onigiri,1,0.0004
4453,2081394706,Onimusha 2: Samurai's Destiny,1,0.0004
4454,118591686,ONRUSH™,1,0.0004
4455,1793239917,Ooblets,1,0.0004
4456,1129121848,Operation Flashpoint: Red River,1,0.0004
4457,2128728875,Operation: Tango,1,0.0004
4458,1811781468,Opposwitch,1,0.0004
4459,1480659435,Orcs Must Die!,1,0.0004
4460,2113498820,Order 13,1,0.0004
4461,1794026365,Order of Battle: World War II,1,0.0004
4462,1693393910,Othercide,1,0.0004
4463,1759814886,Outbreak: Shades of Horror Chromatic Split,1,0.0004
4464,1480657413,Outland,1,0.0004
4465,2088993727,Outlaws + Handful of Missions: Remaster,1,0.0004
4466,1480656859,Outpost Kaloki X,1,0.0004
4467,1695412814,over the hill,1,0.0004
4468,1161365458,P4A,1,0.0004
4469,2013199752,PAC-MAN Mega Tunnel Battle: Chomp Champs,1,0.0004
4470,1864409407,Pad Quad,1,0.0004
4471,1935073056,Paint by Numbers - Dinosaurs,1,0.0004
4472,2129339538,Panzer Corps 2,1,0.0004
4473,1397033068,Panzer Dragoon Orta,1,0.0004
4474,2035666683,Paper Bad,1,0.0004
4475,1704985822,Paper Flight - Speed Rush,1,0.0004
4476,1985304384,Paper Pixel,1,0.0004
4477,1949492588,Paradise Lost,1,0.0004
4478,1912878617,ParkourLand Elite 3,1,0.0004
4479,2000145726,Party Arcade,1,0.0004
4480,843014522,Pathfinder: Kingmaker - Definitive Edition,1,0.0004
4481,1981398452,Peaky Blinders: Mastermind,1,0.0004
4482,2106575517,Pecaminosa - A Deadly Hand,1,0.0004
4483,1691501118,Peglin,1,0.0004
4484,1760424877,Penguin Dash!,1,0.0004
4485,2116319841,Penny's Big Breakaway,1,0.0004
4486,2056610317,Pepper Grinder,1,0.0004
4487,2090177606,PERISH,1,0.0004
4488,1032585022,Phantom Doctrine,1,0.0004
4489,1706040396,Phantom Fury,1,0.0004
4490,1760385479,Pile Up! Box by Box,1,0.0004
4491,2011573374,Pinkman+,1,0.0004
4492,1809846199,Pirate Bloopers,1,0.0004
4493,1663428955,Pirates Outlaws,1,0.0004
4494,1788227153,Pity Pit,1,0.0004
4495,2101334292,Pixel Cafe,1,0.0004
4496,1890622702,Pixel Gladiator,1,0.0004
4497,292729000,Pixel Heroes: Byte & Magic,1,0.0004
4498,1804884924,Pixel into the Galaxy (Xbox Series X|S),1,0.0004
4499,819060983,Pixel Piracy,1,0.0004
4500,1911968632,PJ Masks Power Heroes: Mighty Alliance,1,0.0004
4501,2024485825,PJ Masks: Heroes of the Night,1,0.0004
4502,2027549336,Planet Cube: Edge,1,0.0004
4503,1830055233,Pode,1,0.0004
4504,1829045979,Poker Game - Texas Holdem Poker,1,0.0004
4505,2094046002,Poker Texas Holdem and Slot Machine Simulator,1,0.0004
4506,2130774858,Police Shootout,1,0.0004
4507,1972300274,Police Stories,1,0.0004
4508,1856919997,Poly Party - Full Game,1,0.0004
4509,2043431174,Pong by Yesser Studios,1,0.0004
4510,2007252653,Poppy Kart,1,0.0004
4511,1750323746,Porkshire Hero,1,0.0004
4512,1697635406,Post Trauma,1,0.0004
4513,1919133963,Praetorians - HD Remaster,1,0.0004
4514,1431505112,Prince of Persia The Sands of Time,1,0.0004
4515,1731606141,Prison of Illusion,1,0.0004
4516,1882609569,Prison Simulator,1,0.0004
4517,1988040864,Prizma Puzzle Prime (Windows),1,0.0004
4518,1614582583,Pro Wrestler Story,1,0.0004
4519,2116922454,Prodeus,1,0.0004
4520,1788451652,Project 13: Nightwatch,1,0.0004
4521,2093251542,Project 13: Taxidermy,1,0.0004
4522,965890138,Project Highrise: Architect's Edition,1,0.0004
4523,2141271000,Project Nightmares Case 36: Henrietta Kedward,1,0.0004
4524,1844264596,Project Songbird,1,0.0004
4525,1897198063,Promise Mascot Agency,1,0.0004
4526,1820097728,PULMO (Xbox Series X|S),1,0.0004
4527,670498748,Pumped BMX +,1,0.0004
4528,248901393,Punch Club,1,0.0004
4529,2133619629,Punch Club 2: Fast Forward,1,0.0004
4530,1846662502,Puppet House,1,0.0004
4531,2143360506,Puzzle Bobble™2X/BUST-A-MOVE™2 Arcade Edition & Puzzle Bobble™3/BUST-A-MOVE™3 S-Tribute,1,0.0004
4532,1629584005,Pyramid Platformer - The Gem Heist,1,0.0004
4533,2108413062,Quake 4,1,0.0004
4534,1480657096,Quake Arena Arcade,1,0.0004
4535,1630314235,QUByte Classics - The Immortal by PIKO,1,0.0004
4536,2044347829,Quilts and Cats of Calico,1,0.0004
4537,1480657069,R-Type Dimensions™,1,0.0004
4538,2024733377,R-Type Tactics I • II Cosmos,1,0.0004
4539,137470980,R.B.I. Baseball 14,1,0.0004
4540,562694050,R.B.I. Baseball 16,1,0.0004
4541,811152542,R.B.I. Baseball 17,1,0.0004
4542,99185600,R.B.I. Baseball 18,1,0.0004
4543,1733215481,Race with Ryan,1,0.0004
4544,523071548,Rad Rodgers,1,0.0004
4545,1747977606,Radio Free Europa,1,0.0004
4546,822866352,Raging Justice,1,0.0004
4547,2119938423,Raid: Shadow Legends,1,0.0004
4548,932899639,Raiden V,1,0.0004
4549,1843263319,Railway Islands - Puzzle,1,0.0004
4550,1939174273,Railway Islands 2,1,0.0004
4551,1682314411,Raptor Evolution,1,0.0004
4552,1800747068,Ravenous Devils,1,0.0004
4553,1993754093,Ravva and the Phantom Library,1,0.0004
4554,1480659438,RAW,1,0.0004
4555,1736783596,Re:Touring,1,0.0004
4556,1940062862,Re:Turn - One Way Trip,1,0.0004
4557,1891198889,Realpolitiks II,1,0.0004
4558,1982760735,Rebel Cops,1,0.0004
4559,1850415513,Rebel Galaxy Outlaw,1,0.0004
4560,1639119449,Record of Lodoss War-Deedlit in Wonder Labyrinth-,1,0.0004
4561,2133414343,Recycling Center Simulator,1,0.0004
4562,2014256843,Red Death,1,0.0004
4563,1802262547,Red Panda is Hungry,1,0.0004
4564,1618309410,Relicta,1,0.0004
4565,2091620971,Remains,1,0.0004
4566,676489959,Remothered: Tormented Fathers,1,0.0004
4567,1737671428,Reposition Defense,1,0.0004
4568,1935966231,Restaurant Tycoon: My Cooking Empire,1,0.0004
4569,1814618059,Return to Monkey Island,1,0.0004
4570,522156478,Riddled Corpses EX,1,0.0004
4571,1623503769,RiMS Racing,1,0.0004
4572,1414596725,Rio,1,0.0004
4573,1622731815,Rise Eterna,1,0.0004
4574,1681031956,Rise Eterna 2,1,0.0004
4575,1859130505,Risen,1,0.0004
4576,1629043783,River City Girls,1,0.0004
4577,1769121996,River City Girls 2,1,0.0004
4578,1837362362,Road Kings,1,0.0004
4579,1940745705,Road Maintenance Simulator,1,0.0004
4580,2054895680,RoadOut,1,0.0004
4581,1965047716,Rock 'N Racing Off Road,1,0.0004
4582,1480657410,Rocket Knight®,1,0.0004
4583,322450727,Rogue Legacy,1,0.0004
4584,1803575237,Rogue Loops,1,0.0004
4585,1888207061,Rogue Lords,1,0.0004
4586,2066816898,Rogue Star Rescue,1,0.0004
4587,1644175486,Roll The Cat,1,0.0004
4588,1745852530,RollerCoaster Tycoon 3 Complete Edition,1,0.0004
4589,2140018399,RollerCoaster Tycoon Adventures Deluxe,1,0.0004
4590,1644975436,Rollerdrome,1,0.0004
4591,1867563048,Rollerdrome (2022),1,0.0004
4592,1850415990,"Rolling Hills: Make Sushi, Make Friends",1,0.0004
4593,35048352,ROMANCE OF THE THREE KINGDOMS XIII: Fame and Strategy Expansion Pack Bundle,1,0.0004
4594,1744476511,Rome: The Mystery of the Chronovisor - Hidden Objects,1,0.0004
4595,1711534896,Roundguard,1,0.0004
4596,2087135005,Royal Revolt Survivors,1,0.0004
4597,1833079333,Rubiks Cube 3x3x3,1,0.0004
4598,2025885075,Rudolph The Red Nosed Reindeer,1,0.0004
4599,2084191664,Rue Valley,1,0.0004
4600,1742965176,Ruff Ghanor,1,0.0004
4601,1218938330,Rugby 15,1,0.0004
4602,2057579327,Rugby League Legends '23,1,0.0004
4603,1719461807,Rugrats: Adventures in Gameland,1,0.0004
4604,1691892209,Ruinarch,1,0.0004
4605,1913639555,Ruined King: A League of Legends Story™,1,0.0004
4606,1998378167,Ruinverse,1,0.0004
4607,1891981031,Runasaurus Rex: Origins,1,0.0004
4608,1723211080,Rune Dice,1,0.0004
4609,1727550181,Rustler,1,0.0004
4610,1790555170,Safari Pinball,1,0.0004
4611,1743311963,Sam & Max Save the World,1,0.0004
4612,2020046004,Samurai Aces III: Sengoku Cannon,1,0.0004
4613,2106675045,Samurai Jack: Battle Through Time,1,0.0004
4614,1196759899,Samurai vs Zombies Defense,1,0.0004
4615,1615299687,Santa's Winter Wonders,1,0.0004
4616,2010400708,Sausage Wars,1,0.0004
4617,1717278535,Save My Wife,1,0.0004
4618,1863619735,Scott Whiskers in: the Search for Mr. Fumbleclaw,1,0.0004
4619,1652981346,ScourgeBringer,1,0.0004
4620,1726263021,SCP CodeRed,1,0.0004
4621,1480657287,Scrap Metal,1,0.0004
4622,1297287846,ScreamRide,1,0.0004
4623,1990492211,Sea Salt,1,0.0004
4624,2054684848,Second Extinction™ (Game Preview),1,0.0004
4625,1480657775,Sega Vintage Collection: Golden Axe,1,0.0004
4626,1480657778,Sega Vintage Collection: Monster World,1,0.0004
4627,1814784440,SENSHI SOKOBAN QUEST,1,0.0004
4628,180637000,SEUM: Speedrunners from Hell,1,0.0004
4629,2120089695,Severed Steel,1,0.0004
4630,1865027135,SEWER QUEST,1,0.0004
4631,285659276,Shadow Complex Remastered,1,0.0004
4632,1161890090,Shadows of the Damned,1,0.0004
4633,1685514435,Shalnor Legends: Sacred Lands,1,0.0004
4634,161766595,Shantae and the Pirate's Curse,1,0.0004
4635,2093075517,Shantae and the Seven Sirens,1,0.0004
4636,871256460,Shantae: Half-Genie Hero Ultimate Edition,1,0.0004
4637,1933595910,Shaolin vs Wutang 2,1,0.0004
4638,1715496714,Shark Adventure,1,0.0004
4639,2125030606,She Sees Red Interactive Movie,1,0.0004
4640,36217198,Sherlock Holmes: Crimes and Punishments,1,0.0004
4641,2145390992,Sherlock Holmes: Crimes and Punishments Redux,1,0.0004
4642,722694197,Sherlock Holmes: The Devil's Daughter,1,0.0004
4643,1480657316,Shinobi,1,0.0004
4644,629977034,Shoppe Keep,1,0.0004
4645,1654809752,Shotgun King: The Final Checkmate,1,0.0004
4646,1944499569,Showgunners,1,0.0004
4647,1883977094,Sigi - A Fart for Melusina,1,0.0004
4648,124770239,Silence - The Whispered World 2,1,0.0004
4649,1783788045,SILENT HILL f - Bonus Content,1,0.0004
4650,1984686006,Silver Bullet,1,0.0004
4651,1793492538,SimAirport,1,0.0004
4652,1673805558,SIMULACRA,1,0.0004
4653,528264958,Sine Mora EX,1,0.0004
4654,1984747365,Sixty Words by POWGI,1,0.0004
4655,1161889967,Skate 2 (DE),1,0.0004
4656,1656193649,Skator Gator 3D,1,0.0004
4657,1826666564,Skautfold: Usurper,1,0.0004
4658,2117650793,Skelattack,1,0.0004
4659,1699661138,SKELER BOY - Prologue,1,0.0004
4660,2073240970,Skull Island: Rise of Kong,1,0.0004
4661,972210258,Sky Force Anniversary,1,0.0004
4662,1805105433,Skycadia,1,0.0004
4663,2008860920,Skyline Bowling,1,0.0004
4664,1173934144,SlashDash,1,0.0004
4665,1619682648,Slaycation Paradise,1,0.0004
4666,1781300625,SLEEP AWAKE,1,0.0004
4667,1999220991,Sleepin' Deeply,1,0.0004
4668,1620391316,Sleepin' Guy Deluxe Edition,1,0.0004
4669,1705787144,Slime 3K: Rise Against Despot,1,0.0004
4670,2056811528,Slime Heroes,1,0.0004
4671,1838648944,Slipstream,1,0.0004
4672,2029524233,Slitterhead,1,0.0004
4673,1770238303,Smart Moves 2,1,0.0004
4674,1753385796,Smells Like a Mushroom,1,0.0004
4675,2131152839,Smelter,1,0.0004
4676,1773577153,Smittys Patrol (Game Preview),1,0.0004
4677,543295553,Smoots World Cup Tennis,1,0.0004
4678,1794725870,Smurfs Kart,1,0.0004
4679,1648364111,Snack and Quack,1,0.0004
4680,1846638355,Snake.io - Slither Wormate,1,0.0004
4681,2034370789,Snezhinka,1,0.0004
4682,1812948712,Snood Original,1,0.0004
4683,1657010226,Snufkin: Melody of Moominvalley,1,0.0004
4684,16468936,So Many Me,1,0.0004
4685,1368358394,Soda Drinker Pro,1,0.0004
4686,1612892329,Sokocrab,1,0.0004
4687,2074273970,Sokorobot,1,0.0004
4688,1618794811,Solitaire 3D,1,0.0004
4689,1732062836,Solo Leveling: ARISE OVERDRIVE,1,0.0004
4690,1986590552,Solo: Islands of the Heart,1,0.0004
4691,1826759342,Solomon Snow: First Contact,1,0.0004
4692,1623767702,Solstice Chronicles: MIA,1,0.0004
4693,2119197579,Somerville,1,0.0004
4694,1480657348,Sonic & Knuckles,1,0.0004
4695,2139967680,Sonic Racing: CrossWorlds – Open Network Test,1,0.0004
4696,1624587951,Sorry We're Closed,1,0.0004
4697,1480657156,SOULCALIBUR,1,0.0004
4698,1896019236,Soulslinger: Envoy of Death,1,0.0004
4699,1669686444,Source of Madness,1,0.0004
4700,1839499082,South of Midnight - Digital Extras,1,0.0004
4701,1777656236,Space Accuracy,1,0.0004
4702,1627345546,Space Adventure Cobra - The Awakening,1,0.0004
4703,1636517602,Space Filler,1,0.0004
4704,1850692621,Space Filler (Xbox One),1,0.0004
4705,827319667,Space Hulk: Tactics,1,0.0004
4706,1690127621,Space Invaders 3DTV Trial,1,0.0004
4707,1764556918,Space Moves (Windows),1,0.0004
4708,1726274040,Space Robinson,1,0.0004
4709,1945826524,Space Warlord Baby Trading Simulator,1,0.0004
4710,1867036629,Space Warlord Organ Trading Simulator,1,0.0004
4711,1744487921,Spacebase Startopia,1,0.0004
4712,1738398285,Spades,1,0.0004
4713,1622466190,Sparklite,1,0.0004
4714,2081715802,Spartan Firefight,1,0.0004
4715,1803410566,SpeedRunners 2: King of Speed,1,0.0004
4716,2015317909,Speedway Racing,1,0.0004
4717,1794398757,Spell Disk,1,0.0004
4718,2042399211,Spellcaster University,1,0.0004
4719,1820258885,Sphere Game Extreme,1,0.0004
4720,1851544061,Spider - Solitaire Collection,1,0.0004
4721,1712871656,Spirit Hunters: Infinite Horde,1,0.0004
4722,1734092917,Spirit of the North: Enhanced Edition,1,0.0004
4723,1719161140,Spiritfall,1,0.0004
4724,1693360685,Spot Challenge Vol. 3,1,0.0004
4725,1737462111,Spot The Pup,1,0.0004
4726,1937973534,Spot The Pup (Xbox One),1,0.0004
4727,1726991346,Spy Drops,1,0.0004
4728,1698017195,Square Smash,1,0.0004
4729,1831134835,Stacky Dash,1,0.0004
4730,1646016212,Star Chef™ 2: Cooking Game,1,0.0004
4731,1635978548,Star Ores Inc.,1,0.0004
4732,2088823549,Star Trek: Legends,1,0.0004
4733,1928799402,StarCraft® Remastered,1,0.0004
4734,1015961921,Starpoint Gemini Warlords,1,0.0004
4735,1998711029,STARSEEKER: Astroneer Expeditions [Network Test],1,0.0004
4736,1610938878,Startup Company Console Edition,1,0.0004
4737,687953907,STARWHAL,1,0.0004
4738,1783528863,Stasis: Bone Totem,1,0.0004
4739,1163715031,Stealth Inc. 2: A Game of Clones,1,0.0004
4740,1611233848,Steel Assault,1,0.0004
4741,1613686239,Stellar Docks,1,0.0004
4742,325295891,Steredenn: Binary Stars,1,0.0004
4743,2040979596,Steven Universe: Unleash the Light,1,0.0004
4744,1794079264,Sticky Twig DASH!,1,0.0004
4745,1915029753,Stock Cars Reimagined,1,0.0004
4746,1752123697,Stock Racing,1,0.0004
4747,1692236270,Stolen Realm,1,0.0004
4748,2088425994,Storm Boy,1,0.0004
4749,1891739088,Stranded Penguin,1,0.0004
4750,2050564609,Strange Antiquities,1,0.0004
4751,1874994133,Stray Blade,1,0.0004
4752,1681653389,Stray Gods: The Roleplaying Musical,1,0.0004
4753,2108848036,Strike Force 3,1,0.0004
4754,1835041076,STRIKERS 1945 III,1,0.0004
4755,1859111730,Struggling,1,0.0004
4756,1926622444,Stunt Scooter Simulator,1,0.0004
4757,1880166267,Sudoku Classic X,1,0.0004
4758,1815065288,Sugardew Island,1,0.0004
4759,1650134876,Suika Wan!,1,0.0004
4760,1806898372,Summum Aeterna,1,0.0004
4761,1679953167,Sunbeam Feast,1,0.0004
4762,1830432553,Sunset Bike Racing Pro,1,0.0004
4763,1480656922,Super Contra,1,0.0004
4764,1903601100,Super Dodge Ball,1,0.0004
4765,2084457373,Super Double Dragon,1,0.0004
4766,1746686696,Super Juicy Stack,1,0.0004
4767,2099919133,Super Mining Mechs,1,0.0004
4768,1634762816,Super Perils of Baking,1,0.0004
4769,1963013137,Super Snake Block DX,1,0.0004
4770,1880907442,Super Soccer Blast,1,0.0004
4771,323257300,Super Street: The Game,1,0.0004
4772,1628468632,Super Tennis Blast,1,0.0004
4773,1879429925,Super World Run 2 - Adventure Game,1,0.0004
4774,2051252530,Sweet Witches,1,0.0004
4775,1713862219,Swim Out,1,0.0004
4776,1963691802,Switch!,1,0.0004
4777,2078558781,Swordship,1,0.0004
4778,950753176,Syberia 3,1,0.0004
4779,1998256023,Sydney Hunter And The Curse Of The Mayan,1,0.0004
4780,1921935939,Synchro Hedgehogs,1,0.0004
4781,1803025384,SYNTHETIK: Ultimate,1,0.0004
4782,1624264477,Taiko no Tatsujin: The Drum Master!,1,0.0004
4783,1671975688,Tales of Xillia Remastered,1,0.0004
4784,1699999089,Talisman: Digital 5th Edition,1,0.0004
4785,1824609776,Tamashii,1,0.0004
4786,2094668331,Tamashika,1,0.0004
4787,1949676989,Tanknarok,1,0.0004
4788,1769691534,Tardy,1,0.0004
4789,1893571510,Tattoo Tycoon,1,0.0004
4790,1431504864,TC's EndWar,1,0.0004
4791,1431504927,TC's RainbowSix Vegas2,1,0.0004
4792,1926815176,Teeny Tiny Trains,1,0.0004
4793,2101116288,Tennis Elbow 4,1,0.0004
4794,1037418183,Tennis World Tour,1,0.0004
4795,1713029347,Tennis World Tour 2 - Complete Edition Xbox Series X|S,1,0.0004
4796,2131736990,TENSEI,1,0.0004
4797,1771626735,Terminal 81,1,0.0004
4798,1815332041,Terminal Velocity™: Boosted Edition,1,0.0004
4799,1948376851,Tesla vs Lovecraft Game of the Year Edition,1,0.0004
4800,2065439517,That Time I Got Reincarnated as a Slime ISEKAI Chronicles,1,0.0004
4801,1841233360,The Alto Collection,1,0.0004
4802,1752550996,The Amazing American Circus,1,0.0004
4803,1721626097,The Answer Is 42,1,0.0004
4804,2024145056,The Artful Escape,1,0.0004
4805,1994584285,The Backrooms CodeRed,1,0.0004
4806,1854327039,The Banner Saga,1,0.0004
4807,1949662682,The Beast Inside (Console Version),1,0.0004
4808,57328250,The Blackout Club,1,0.0004
4809,2133854210,The Boba Teashop,1,0.0004
4810,1626525581,The Bridge Curse: Road to Salvation,1,0.0004
4811,2000790611,"THE CARD Perfect Collection Plus: Texas Hold 'em, Solitaire and others",1,0.0004
4812,1749629863,The Case of the Golden Idol,1,0.0004
4813,2076835000,"THE CASINO COLLECTION: Ruleta, Vídeo Póker, Tragaperras, Craps, Baccarat, Five-Card Draw Poker, Texas hold 'em, Blackjack and Page One",1,0.0004
4814,1862141076,The Coma 3: Bloodlines,1,0.0004
4815,1916261316,The Crackpet Show: Happy Tree Friends Edition,1,0.0004
4816,1744070944,The Crown of Wu,1,0.0004
4817,1649386760,The Entropy Centre,1,0.0004
4818,1771770355,The Forgotten City,1,0.0004
4819,1996972255,The Gap,1,0.0004
4820,1695078658,The Glass Staircase,1,0.0004
4821,1966508044,The Golf Club,1,0.0004
4822,1983245965,The House of Da Vinci,1,0.0004
4823,483182712,The Incredible Adventures of Van Helsing II,1,0.0004
4824,740275617,The Inner World - The Last Wind Monk,1,0.0004
4825,1813250517,The Inquisitor,1,0.0004
4826,2052100489,The Invincible,1,0.0004
4827,1795080541,The Knight Witch,1,0.0004
4828,1908824731,The Lamplighters League,1,0.0004
4829,1642253259,The Language Of Love,1,0.0004
4830,1892179113,The Last Faith,1,0.0004
4831,2055782857,The Last Kids on Earth and the Staff of Doom,1,0.0004
4832,1981460472,The Library of Babel,1,0.0004
4833,1985353963,The Lost And The Wicked,1,0.0004
4834,1978376107,The Occultist,1,0.0004
4835,1935780051,The Persistence Enhanced,1,0.0004
4836,1622257651,The Phantom,1,0.0004
4837,2008576749,The Rewinder,1,0.0004
4838,2080785146,The Rise of the Golden Idol,1,0.0004
4839,1969770002,The Sealed Ampoule,1,0.0004
4840,1009533054,The Sexy Brutale,1,0.0004
4841,1669687436,The Space Junk Runner,1,0.0004
4842,1652470061,"THE Table Game Deluxe Pack -Mahjong, Go, Shogi, Tsume Shogi, Othello, Card, Hanafuda, Shisen Mahjong Solitaire, Chess, Backgammon-",1,0.0004
4843,1729555880,The Tales of Bayun,1,0.0004
4844,1857523735,The Talos Principle: Reawakened,1,0.0004
4845,1946097722,The Tribez,1,0.0004
4846,1629120016,The Wardrobe: Even Better Edition,1,0.0004
4847,2095070932,the World According to Girl,1,0.0004
4848,1683044366,Thea 2: The Shattering,1,0.0004
4849,217265459,Thea: The Awakening,1,0.0004
4850,1986869957,Them's Fightin' Herds,1,0.0004
4851,2006512061,There's a Gun in the Office,1,0.0004
4852,1015340672,Thimbleweed Park,1,0.0004
4853,29206755,Think of the Children,1,0.0004
4854,424855892,This Is the Police,1,0.0004
4855,2006790324,This Means Warp,1,0.0004
4856,1893820784,Threes!,1,0.0004
4857,600509688,Thumper,1,0.0004
4858,1941546606,Tides of Annihilation,1,0.0004
4859,1651361422,Tidy Toys,1,0.0004
4860,1613100184,Timberman: The Big Adventure,1,0.0004
4861,2084879238,Time Loader,1,0.0004
4862,1822253433,Tinkertown,1,0.0004
4863,2039224994,Tiny Lands 2,1,0.0004
4864,1807962365,Tiny Tina's Assault on Dragon Keep: A Wonderlands One-shot Adventure,1,0.0004
4865,2133385474,TOHU,1,0.0004
4866,1691955008,TOKI Juju Densetsu,1,0.0004
4867,1645311014,Tony and Clyde,1,0.0004
4868,32122245,Tony Hawk's® Pro Skater™ 5,1,0.0004
4869,2106346082,Top Gun Air Combat,1,0.0004
4870,1961294826,Top Racer Collection,1,0.0004
4871,1863466810,Tormented Souls 2,1,0.0004
4872,1960960830,Tortuga - A Pirate's Tale,1,0.0004
4873,2119382094,Total War: Warhammer III,1,0.0004
4874,2027842646,Totally Normal Journey: The Interactive Musical,1,0.0004
4875,1768760597,Touchdown Pinball,1,0.0004
4876,1760551143,Touhou Luna Nights,1,0.0004
4877,1702020699,Tourist Bus Simulator,1,0.0004
4878,1480657238,Tower Bloxx Deluxe,1,0.0004
4879,1889723336,Townsmen - A Kingdom Rebuilt,1,0.0004
4880,1752070610,Toy Soldiers: War Chest,1,0.0004
4881,1613531726,Toybox Escape,1,0.0004
4882,2088019910,Train Life: A Railway Simulator,1,0.0004
4883,286890904,TRANSFORMERS: Fall of Cybertron,1,0.0004
4884,1719099042,Trash Goblin,1,0.0004
4885,2061866976,Trek to Yomi,1,0.0004
4886,1845231868,Trine 2: Complete Story,1,0.0004
4887,1635020727,Trine 3: The Artifacts of Power,1,0.0004
4888,2098755454,Tropical Resort Story,1,0.0004
4889,1771327779,Truck Driver Gold Edition,1,0.0004
4890,1878739850,Truck Simulator Cargo Driver 2025 - USA,1,0.0004
4891,1799638183,Turbo Overkill,1,0.0004
4892,1654177207,Twins of the Sun,1,0.0004
4893,1762420024,Twitch Marble,1,0.0004
4894,87240795,Tyler: Model 005,1,0.0004
4895,1821051545,Uboat Attack,1,0.0004
4896,1645798483,Ultimate Jigsaw Pro,1,0.0004
4897,1617989368,Ultimate Zombie Defense,1,0.0004
4898,1721756099,Ultros,1,0.0004
4899,1480657425,Unbound Saga,1,0.0004
4900,1618087966,Under the Jolly Roger,1,0.0004
4901,1815810056,Under The Waves,1,0.0004
4902,1728636785,UNDYING,1,0.0004
4903,1773120909,Unicorns - The Troll Adventure,1,0.0004
4904,1722341470,Universe Sandbox,1,0.0004
4905,1890458248,UnMetal,1,0.0004
4906,1655594569,Unsealed: The Mare,1,0.0004
4907,1750002115,Unsolved Case: Murderous Script CE Xbox,1,0.0004
4908,1620095408,Until Then,1,0.0004
4909,1846205124,UWP Snake,1,0.0004
4910,1947911457,VA-11 Hall-A: Cyberpunk Bartender Action,1,0.0004
4911,1620954305,Vagante,1,0.0004
4912,1640379056,Vagrus - The Riven Realms,1,0.0004
4913,80525889,Valley,1,0.0004
4914,1894384067,Vambrace: Dungeon Monarch,1,0.0004
4915,1964791683,Vampire's Fall: Origins,1,0.0004
4916,1956025200,Vengeance Hunters,1,0.0004
4917,61090031,Victor Vran,1,0.0004
4918,1480657285,Virtual-On OT,1,0.0004
4919,2009853302,Void of Crosshair,1,0.0004
4920,1630163029,Volgarr the Viking II,1,0.0004
4921,2022059922,Walk Around And Do Nothing,1,0.0004
4922,1898630086,Wall World,1,0.0004
4923,1996349957,Wanderstop,1,0.0004
4924,1871561416,War Hospital,1,0.0004
4925,2034956980,Warface: Breakout,1,0.0004
4926,2078235268,"Warhammer 40,000: Shootas, Blood & Teef",1,0.0004
4927,405657081,Warhammer: End Times - Vermintide,1,0.0004
4928,1830033435,Warm Snow,1,0.0004
4929,2061738046,Warpips,1,0.0004
4930,1794639484,WARTILE,1,0.0004
4931,1974022928,Water Delivery,1,0.0004
4932,1753346763,We. The Revolution,1,0.0004
4933,1719232620,WeakWood Throne,1,0.0004
4934,1666548378,Weedcraft Inc,1,0.0004
4935,1915660039,Westild's Law,1,0.0004
4936,1805720206,Whacking Hell!,1,0.0004
4937,1837745362,When the Past was Around,1,0.0004
4938,2046252470,While We Wait Here,1,0.0004
4939,1724902545,Whipseey and the Lost Atlas,1,0.0004
4940,147618136,White Noise 2,1,0.0004
4941,2060575182,Whose Voice,1,0.0004
4942,1966091620,Wife Quest,1,0.0004
4943,2000887001,Wild American Hunt,1,0.0004
4944,2141688284,Wildmender,1,0.0004
4945,1889539152,Wildshade: Unicorn Champions,1,0.0004
4946,1717873371,Wiz Quest: Crystal Power,1,0.0004
4947,1738666347,Wizardry: Proving Grounds of the Mad Overlord,1,0.0004
4948,1743460039,Wizordum,1,0.0004
4949,1707905497,Wolfenstein 3D,1,0.0004
4950,2137985485,WONDER BOY ASHA in Monster World,1,0.0004
4951,237580797,Wonder Boy: The Dragon's Trap,1,0.0004
4952,2089392357,Woodle Tree 2: Deluxe+,1,0.0004
4953,852417661,Woodle Tree Adventures,1,0.0004
4954,322886724,Worbital,1,0.0004
4955,1708238224,Word Quest Fantasy,1,0.0004
4956,2082469716,Word Quest: Horror,1,0.0004
4957,1740791682,Word Stacker - Word Game 2019,1,0.0004
4958,1964417553,Word Sudoku by POWGI,1,0.0004
4959,2043844326,Word Web by POWGI,1,0.0004
4960,2029326179,Word Wheel by POWGI,1,0.0004
4961,1711900823,World Championship Boxing Manager™ 2,1,0.0004
4962,521446567,WORLD OF FINAL FANTASY MAXIMA,1,0.0004
4963,547690837,World of Van Helsing: Deathtrap,1,0.0004
4964,1974939921,World Soccer Pinball,1,0.0004
4965,1817743267,WRATH: Aeon of Ruin,1,0.0004
4966,912832008,WRC 7 FIA World Rally Championship,1,0.0004
4967,1770084088,Wreckfest 2,1,0.0004
4968,2056599614,Wreckreation,1,0.0004
4969,333251915,X-Morph: Defense,1,0.0004
4970,247373574,Xenon Racer,1,0.0004
4971,696943051,Xenoraid,1,0.0004
4972,1985336813,XENOTILT: HOSTILE PINBALL ACTION,1,0.0004
4973,1672988244,Xray Customs,1,0.0004
4974,1849794999,Xuan Yuan Sword 7,1,0.0004
4975,1764107912,Yakuza 4 Remastered,1,0.0004
4976,1773431897,Yakuza 6: The Song of Life,1,0.0004
4977,1990116831,Yooka-Laylee and the Impossible Lair,1,0.0004
4978,575845525,Your Toy,1,0.0004
4979,1002820120,Youtubers Life - OMG Edition,1,0.0004
4980,2022203558,Yuppie Psycho,1,0.0004
4981,2074295437,Yurukill: The Calumniation Games,1,0.0004
4982,258602783,ZAMB! Redux,1,0.0004
4983,125035421,Zenith,1,0.0004
4984,1971898235,Ziggurat,1,0.0004
4985,1263405122,ZOE HD ,1,0.0004
4986,1776770595,Zombie Apocalypse Attack,1,0.0004
4987,1745986876,Zombie Cure Lab,1,0.0004
4988,1615074833,zombie Destruction the payback,1,0.0004
4989,820078969,Zombie Driver Ultimate Edition,1,0.0004
4990,125638886,Zombie Pinball,1,0.0004
4991,2044141925,Zombie Survivors,1,0.0004
4992,386160977,Zombie Vikings,1,0.0004
4993,1630662193,Zombieland: Double Tap- Road Trip,1,0.0004
4994,1715509340,Zoo Clues,1,0.0004
4995,2091238386,Zumba – The Dragon’s Marble Trial,1,0.0004
4996,1924808216,Zumba World - The Marble Monster Adventure,1,0.0004
4997,1785200333,МЕХИ. Земля - Войны роботов онлайн MMORPG,1,0.0004
4998,804482174,南瓜先生大冒险,1,0.0004
4999,821527019,死印,1,0.0004
