# 2026-08-30 22:08:10 ; Found 659044 viable session entries from 291304 unique users.
rank,title_id,title,players,percentage
1,228748,Fortnite,73075,25.0855
2,223118,Roblox,59327,20.366
3,201930,Grand Theft Auto V,37621,12.9147
4,10011898,EA SPORTS FC™ 26,35381,12.1457
5,10001130,Call of Duty®,31635,10.8598
6,203715,Rocket League®,29816,10.2354
7,212779,Minecraft,18911,6.4918
8,10014149,NBA 2K26,18788,6.4496
9,203897,Tom Clancy's Rainbow Six Siege,12481,4.2845
10,10010451,Marvel Rivals,9123,3.1318
11,232352,Apex Legends™,7936,2.7243
12,216627,Overwatch®,6220,2.1352
13,10012604,EA SPORTS™ Madden NFL 26,6020,2.0666
14,227319,Dead by Daylight,5592,1.9196
15,209441,Red Dead Redemption 2,5531,1.8987
16,10009568,Battlefield™ 6,5459,1.874
17,10002427,eFootball™,5328,1.829
18,10010048,VALORANT,4433,1.5218
19,10006353,skate.™,4150,1.4246
20,10002456,Marvel's Spider-Man 2,3962,1.3601
21,10011645,Call of Duty®: Modern Warfare® III,3747,1.2863
22,10002788,UFC® 5,3739,1.2835
23,10012463,EA SPORTS™ College Football 26,3678,1.2626
24,10009762,EA SPORTS FC™ 25,3617,1.2417
25,10003354,Fall Guys,3548,1.218
26,10015430,MLB® The Show™ 26,3535,1.2135
27,10002313,The Crew Motorfest,3494,1.1994
28,216932,Brawlhalla,3420,1.174
29,200763,Call of Duty®: Black Ops III,2876,0.9873
30,10011247,UFC® 6,2735,0.9389
31,10003610,ARC Raiders,2718,0.933
32,10008048,Grounded PS4® & PS5®,2690,0.9234
33,10010647,Forza Horizon 5,2663,0.9142
34,221852,Destiny 2,2588,0.8884
35,10016592,EA SPORTS™ College Football 27,2466,0.8465
36,10004911,Mortal Kombat 1,2465,0.8462
37,10000956,Gran Turismo® 7,2139,0.7343
38,234567,Cyberpunk 2077,2065,0.7089
39,10009612,Farming Simulator 25,1970,0.6763
40,10001850,God of War Ragnarök,1936,0.6646
41,10000657,HELLDIVERS™ 2,1921,0.6594
42,10000229,ASTRO's PLAYROOM,1863,0.6395
43,10010481,NBA 2K25,1561,0.5359
44,10010992,Escape the Backrooms,1541,0.529
45,205342,Warframe,1531,0.5256
46,10007176,EA SPORTS FC™ 24,1515,0.5201
47,233072,Rust Console Edition,1507,0.5173
48,10007588,Stumble Guys,1497,0.5139
49,216234,Gang Beasts,1466,0.5033
50,10009297,Undisputed,1413,0.4851
51,10008286,ARK: Survival Ascended,1412,0.4847
52,10000762,Marvel's Spider-Man,1406,0.4827
53,10000333,ELDEN RING,1375,0.472
54,10000896,Genshin Impact,1357,0.4658
55,10002363,Crimson Desert,1353,0.4645
56,10006560,007 First Light,1341,0.4603
57,10009213,Ready or Not,1300,0.4463
58,231761,Diablo® IV,1279,0.4391
59,231756,Mortal Kombat 11,1250,0.4291
60,230079,The Last of Us™ Part II,1201,0.4123
61,221694,For Honor,1166,0.4003
62,10007902,DRAGON BALL: Sparking! ZERO,1149,0.3944
63,10002811,Among Us,1145,0.3931
64,10015300,WWE 2K26,1127,0.3869
65,235227,Ghost of Tsushima,1126,0.3865
66,10012874,NTE: Neverness to Everness,1120,0.3845
67,10010263,"Warhammer 40,000: Darktide",1102,0.3783
68,205366,War Thunder,1093,0.3752
69,229182,Call of Duty®: Modern Warfare®,1069,0.367
70,10006270,TEKKEN 8,1033,0.3546
71,10012851,NHL® 26,1025,0.3519
72,221850,DayZ,1013,0.3477
73,10011830,F1® 25,1013,0.3477
74,10004473,Resident Evil 4,978,0.3357
75,10008740,Asphalt Legends,964,0.3309
76,10008091,Nickelodeon All-Star Brawl 2,958,0.3289
77,229438,STAR WARS™ Battlefront™ II,952,0.3268
78,233030,EA SPORTS™ UFC® 4,937,0.3217
79,10006873,THE FINALS,931,0.3196
80,10010971,Call of Duty®: Modern Warfare® II,920,0.3158
81,10000649,Marvel's Spider-Man: Miles Morales,916,0.3144
82,10002100,FINAL FANTASY XVI,902,0.3096
83,234659,Need for Speed™ Heat,891,0.3059
84,228857,The Sims™ 4,889,0.3052
85,10008972,PGA TOUR 2K25,886,0.3041
86,233407,Call of Duty®: Black Ops Cold War,874,0.3
87,232860,PUBG: BATTLEGROUNDS,860,0.2952
88,10003151,EA SPORTS™ College Football 25,852,0.2925
89,10003923,Ghost of Yōtei,849,0.2914
90,10010764,Wuthering Waves,846,0.2904
91,10003330,"Warhammer 40,000: Space Marine 2",840,0.2884
92,10009763,Zenless Zone Zero,833,0.286
93,202943,Mortal Kombat X,820,0.2815
94,227770,God of War,810,0.2781
95,217012,DRAGON BALL XENOVERSE 2,805,0.2763
96,10010877,ELDEN RING NIGHTREIGN,801,0.275
97,10011349,REMATCH,800,0.2746
98,10005673,Phasmophobia,781,0.2681
99,10015533,Resident Evil Requiem,756,0.2595
100,10014058,Delta Force,745,0.2557
101,232447,Hogwarts Legacy,745,0.2557
102,10000459,Riders Republic™,745,0.2557
103,232391,Tom Clancy's The Division® 2,745,0.2557
104,10008755,SONIC X SHADOW GENERATIONS,736,0.2527
105,234689,It Takes Two  PS4™ & PS5™,731,0.2509
106,10008537,LEGO® Batman™: Legacy of the Dark Knight,714,0.2451
107,230955,The Elder Scrolls V: Skyrim Special Edition,708,0.243
108,228720,Fishing Planet,706,0.2424
109,10012768,GOALS,705,0.242
110,10002357,MY HERO ULTRA RUMBLE,698,0.2396
111,227552,ザ クルー2,691,0.2372
112,10004336,EA SPORTS™ FIFA 23,678,0.2327
113,10011213,MLB® The Show™ 25,668,0.2293
114,10000171,Share Factory Studio,664,0.2279
115,10005176,Monster Hunter Wilds,653,0.2242
116,10014720,The Seven Deadly Sins: Origin,651,0.2235
117,200472,BATMAN™: ARKHAM KNIGHT,644,0.2211
118,228868,theHunter: Call of the Wild™,642,0.2204
119,10001369,Cuphead,641,0.22
120,221727,Horizon Zero Dawn™,631,0.2166
121,10007460,Baldur's Gate 3,624,0.2142
122,10000237,Assassin's Creed Valhalla,619,0.2125
123,10002694,The Last of Us™ Part I,604,0.2073
124,205354,UNCHARTED: Legacy of Thieves Collection,588,0.2019
125,10000248,HITMAN World of Assassination,583,0.2001
126,10002684,ASTRO BOT,580,0.1991
127,232300,Call of Duty®: Black Ops 4,576,0.1977
128,201511,Fallout 4,558,0.1916
129,10005323,Star Wars Outlaws,555,0.1905
130,10001988,The Outlast Trials,549,0.1885
131,231416,The Forest,538,0.1847
132,10009326,EA SPORTS™ Madden NFL 25,537,0.1843
133,229601,Assassin's Creed® Odyssey,535,0.1837
134,10001615,Street Fighter 6,535,0.1837
135,10010198,Arma Reforger,519,0.1782
136,227410,Kingdom Come: Deliverance,518,0.1778
137,10009909,Assassin’s Creed Shadows,511,0.1754
138,10005275,Honkai: Star Rail,509,0.1747
139,217611,3on3 Freestyle,506,0.1737
140,10001269,Need for Speed™ Unbound,497,0.1706
141,10008451,7 Days to Die - Console Edition,488,0.1675
142,233112,Tom Clancy’s Ghost Recon® Breakpoint,484,0.1661
143,228638,The Last of Us™ Remastered,481,0.1651
144,232248,Fallout 76,476,0.1634
145,10000177,Sackboy: A Big Adventure,472,0.162
146,10000161,CarX Drift Racing Online,470,0.1613
147,235235,Resident Evil Village,465,0.1596
148,216759,WATCH_DOGS® 2,465,0.1596
149,10007638,DRAGONBALL GEKISHIN SQUADRA,463,0.1589
150,200520,Bloodborne™,461,0.1583
151,201061,Dead Island 2,454,0.1559
152,10008651,MLB® The Show™ 24,454,0.1559
153,10000819,Borderlands 4,446,0.1531
154,227139,Human Fall Flat,441,0.1514
155,10003336,MBC Shahid,437,0.15
156,10005318,The First Descendant,436,0.1497
157,229018,DAYS GONE,432,0.1483
158,10008884,Sea of Thieves,432,0.1483
159,10000928,MX vs ATV Legends,430,0.1476
160,224802,ARK: Survival Evolved,429,0.1473
161,10003552,Grand Theft Auto: San Andreas – The Definitive Edition,420,0.1442
162,227115,Call of Duty®: WWII,411,0.1411
163,10007144,Black Myth: Wukong,404,0.1387
164,10010602,Path of Exile 2,403,0.1383
165,232043,Stick Fight: The Game,403,0.1383
166,10011010,For The King II,402,0.138
167,10011142,Where Winds Meet (F2P),395,0.1356
168,232796,World of Warships: Legends,395,0.1356
169,10002538,FIFA 22,393,0.1349
170,216600,No Man's Sky,392,0.1346
171,204794,ウィッチャー３　ワイルドハント,392,0.1346
172,10009245,SMITE 2,390,0.1339
173,10003123,Goat Simulator 3,389,0.1335
174,10010684,WWE 2K25,387,0.1329
175,10001481,Yu-Gi-Oh! MASTER DUEL,385,0.1322
176,229261,Rec Room,384,0.1318
177,228726,DRAGON BALL FighterZ,379,0.1301
178,10001996,Hell Let Loose,379,0.1301
179,10004865,Assassin's Creed® Mirage,378,0.1298
180,232654,Hollow Knight,373,0.128
181,10004289,UFL,372,0.1277
182,201697,Tom Clancy's Ghost Recon® Wildlands,370,0.127
183,212870,NARUTO SHIPPUDEN: Ultimate Ninja STORM 4,369,0.1267
184,229500,RESIDENT EVIL 2,368,0.1263
185,221692,Far Cry® 5,367,0.126
186,10001771,Farming Simulator 22,357,0.1226
187,227147,Insurgency: Sandstorm [PS4 & PS5],356,0.1222
188,234762,Chivalry 2,352,0.1208
189,10013165,Call of Duty®: Black Ops 6,348,0.1195
190,233961,FAR CRY®6,348,0.1195
191,10011027,Palworld,348,0.1195
192,221732,Injustice 2,342,0.1174
193,205353,Uncharted™: The Nathan Drake Collection,337,0.1157
194,10011746,NBA THE RUN,332,0.114
195,203902,Rayman Legends,332,0.114
196,10005841,2XKO,331,0.1136
197,204861,The Elder Scrolls Online,331,0.1136
198,10002651,Disney Speedstorm,327,0.1123
199,227447,NARUTO TO BORUTO: SHINOBI STRIKER,325,0.1116
200,10003763,Predecessor,323,0.1109
201,204541,Sky Go,322,0.1105
202,200089,Assassin's Creed® IV Black Flag,318,0.1092
203,10000899,Overcooked! All You Can Eat,314,0.1078
204,203427,Plants vs Zombies GW2,312,0.1071
205,10001917,CarX Street,311,0.1068
206,223086,Need for Speed™ Payback,309,0.1061
207,231096,Hello Neighbor,307,0.1054
208,227649,Crash Bandicoot N. Sane Trilogy,305,0.1047
209,203053,NOW,304,0.1044
210,233495,DELTARUNE,303,0.104
211,10013987,Assassin's Creed Black Flag Resynced,302,0.1037
212,10003999,FINAL FANTASY VII REBIRTH,295,0.1013
213,205080,Terraria – PlayStation®4 Edition,295,0.1013
214,10009984,DOOM: The Dark Ages,294,0.1009
215,10000663,POLICE SIMULATOR: PATROL OFFICERS,294,0.1009
216,10009028,Poppy Playtime: Chapter 1,294,0.1009
217,10011463,Microsoft Flight Simulator 2024,292,0.1002
218,10008585,NEW MONOPOLY®,291,0.0999
219,234902,Assetto Corsa Competizione,290,0.0996
220,227229,Stardew Valley,288,0.0989
221,10009205,Arknights: Endfield,287,0.0985
222,10000950,Path Of Titans,283,0.0971
223,10019459,The Legend Of Fireball,283,0.0971
224,10002848,Lords of the Fallen,282,0.0968
225,10005114,STAR WARS Jedi: Survivor™,282,0.0968
226,10015041,Backrooms: Escape Together,281,0.0965
227,10007904,Teardown,281,0.0965
228,200088,Assassin's Creed® Unity,277,0.0951
229,10010334,Balatro,276,0.0947
230,221824,Battlefield™ 1,274,0.0941
231,10003910,Test Drive Unlimited Solar Crown,274,0.0941
232,10017658,Call of Duty®: Black Ops II,273,0.0937
233,10002719,The Texas Chain Saw Massacre,272,0.0934
234,10010627,Squirrel with a Gun,271,0.093
235,10004708,TopSpin 2K25,271,0.093
236,10011854,Blades of Fire,270,0.0927
237,203383,Plex,270,0.0927
238,10003551,Grand Theft Auto: Vice City – The Definitive Edition,268,0.092
239,221941,Call of Duty®: Modern Warfare® Remastered,267,0.0917
240,228744,FINAL FANTASY VII REMAKE,266,0.0913
241,217373,UNO®,266,0.0913
242,228618,God of War® III Remastered,265,0.091
243,10005449,Split Fiction,265,0.091
244,212581,World of Tanks Modern Armor,264,0.0906
245,233235,DRAGON BALL Z: KAKAROT,263,0.0903
246,10014519,Football Manager 26 Console,259,0.0889
247,233032,Black Desert,258,0.0886
248,222727,Detroit: Become Human™,258,0.0886
249,10008864,Marathon,257,0.0882
250,10011588,My First Gran Turismo,257,0.0882
251,10001973,Sifu,257,0.0882
252,10003654,PowerWash Simulator,256,0.0879
253,10003464,Maximum Football,255,0.0875
254,234959,SnowRunner,255,0.0875
255,227326,Battlefield™ V,254,0.0872
256,10014968,Content Warning,254,0.0872
257,10002474,Enlisted,253,0.0869
258,10006164,Red Dead Redemption,253,0.0869
259,232898,Sekiro™: Shadows Die Twice,249,0.0855
260,10005529,SILENT HILL 2,249,0.0855
261,233619,CrossCode,247,0.0848
262,10000669,Ratchet & Clank: Rift Apart,246,0.0844
263,231228,Descenders,245,0.0841
264,201579,FINAL FANTASY XIV Online,245,0.0841
265,227061,A Way Out,242,0.0831
266,222066,Assassin's Creed® Origins,242,0.0831
267,10015370,Invincible VS,242,0.0831
268,204584,The Binding of Isaac: Rebirth,239,0.082
269,205174,Fandango at Home,235,0.0807
270,10008829,Gears of War: Reloaded,235,0.0807
271,10003641,Totally Accurate Battle Simulator,234,0.0803
272,10000886,Horizon Forbidden West,232,0.0796
273,10004744,NARUTO X BORUTO Ultimate Ninja STORM CONNECTIONS,231,0.0793
274,10008503,Clair Obscur: Expedition 33,230,0.079
275,10007978,WWE 2K24,228,0.0783
276,216064,Batman: Return to Arkham,227,0.0779
277,235179,Avatar: Frontiers of Pandora™,225,0.0772
278,10005570,Sonic Racing: CrossWorlds,222,0.0762
279,201129,Dying Light,221,0.0759
280,232847,LEGO® Star Wars™: The Skywalker Saga,221,0.0759
281,10017657,Call of Duty®: Black Ops,219,0.0752
282,10011468,Dying Light: The Beast,218,0.0748
283,234014,HUNT: SHOWDOWN 1896,217,0.0745
284,230658,World War Z: Aftermath,217,0.0745
285,227315,Devil May Cry 5 Series,216,0.0741
286,10005908,Hollow Knight: Silksong,216,0.0741
287,10001555,Persona 3 Reload,216,0.0741
288,233410,Crash™ Team Racing Nitro-Fueled,215,0.0738
289,10012067,Jurassic World Evolution 3,215,0.0738
290,10011934,Starfield,213,0.0731
291,221672,Call of Duty®: Infinite Warfare,212,0.0728
292,201190,DARK SOULS™ III,210,0.0721
293,200995,DC Universe Online,208,0.0714
294,232374,Dying Light 2,206,0.0707
295,220037,RESIDENT EVIL 7 biohazard,205,0.0704
296,234386,Risk of Rain 2,205,0.0704
297,232581,Watch Dogs: Legion,205,0.0704
298,235061,Golf With Your Friends,204,0.07
299,229066,Granblue Fantasy: Relink,204,0.07
300,10001758,Trackmania®,203,0.0697
301,228785,Monster Hunter: World,202,0.0693
302,10006452,Pool Blitz,202,0.0693
303,10005853,WUCHANG: Fallen Feathers,200,0.0687
304,234363,Sniper Elite 5,199,0.0683
305,10013935,OSN+,198,0.068
306,10007312,Deceit 2,197,0.0676
307,225697,KINGDOM HEARTS - HD 1.5+2.5 ReMIX -,197,0.0676
308,10002771,Persona 5 Royal,197,0.0676
309,10012871,FragPunk,196,0.0673
310,10006210,Kingdom Come: Deliverance II,196,0.0673
311,222022,TEKKEN™7,196,0.0673
312,10008183,Life is Strange: Double Exposure,194,0.0666
313,10002577,Jurassic World Evolution 2,190,0.0652
314,10008399,RaiPlay,189,0.0649
315,10006070,Bluey: The Videogame,188,0.0645
316,10004896,Wobbly Life,188,0.0645
317,221661,ACE COMBAT™ 7: SKIES UNKNOWN,187,0.0642
318,10000264,Crash Bandicoot™ 4: It’s About Time,187,0.0642
319,233621,Mount & Blade II: Bannerlord,187,0.0642
320,225519,Assassin's Creed The Ezio Collection,185,0.0635
321,10008649,Mafia: Trilogy,185,0.0635
322,10014332,NASCAR 25,185,0.0635
323,10001524,JOYN,184,0.0632
324,232120,Resident Evil Revelations 2,182,0.0625
325,227252,Wreckfest,182,0.0625
326,200449,Battlefield 4™,181,0.0621
327,10005844,Dragon's Dogma 2,181,0.0621
328,232883,Subnautica,179,0.0614
329,10007788,NBA 2K24,178,0.0611
330,232115,Resident Evil 5,177,0.0608
331,232345,STAR WARS Jedi: Fallen Order™,177,0.0608
332,10010956,Echoes of Aincrad,176,0.0604
333,221813,Titanfall™ 2,176,0.0604
334,10008540,Demon Slayer -Kimetsu no Yaiba- The Hinokami Chronicles 2,174,0.0597
335,10000378,Minecraft Dungeons,173,0.0594
336,231363,MOBILE SUIT GUNDAM BATTLE OPERATION 2,173,0.0594
337,10001723,Crave,172,0.059
338,10000453,Guilty Gear -Strive-,172,0.059
339,10002075,PRAGMATA,172,0.059
340,10008874,F1® 24,171,0.0587
341,216695,Middle-earth™: Shadow of War™,171,0.0587
342,10005069,SAROS,170,0.0584
343,10006008,F1® 23,169,0.058
344,227478,Borderlands 3,168,0.0577
345,229433,Call of Duty®: Modern Warfare® 2 Campaign Remastered,166,0.057
346,233202,Maneater,166,0.057
347,209904,Prominence Poker,166,0.057
348,202494,LEGO® MARVEL's Avengers,165,0.0566
349,200759,Call of Duty® Ghosts,163,0.056
350,10006052,Lies of P,163,0.056
351,10011105,The Exit 8,163,0.056
352,10000758,Battlefield™ 2042,162,0.0556
353,10002466,Disney Dreamlight Valley,162,0.0556
354,10001137,Five Nights at Freddy's: Security Breach,162,0.0556
355,10010023,Party Animals,162,0.0556
356,228887,Undertale,162,0.0556
357,10006891,Stellar Blade™,161,0.0553
358,205264,WATCH_DOGS™,161,0.0553
359,231486,Far Cry® 3 Classic Edition,159,0.0546
360,201624,Far Cry® 4,159,0.0546
361,10001521,Stan.,159,0.0546
362,231856,Assassin's Creed® III Remastered,158,0.0542
363,10017626,eBaseball™: PRO SPIRIT,157,0.0539
364,221800,ESPN,157,0.0539
365,202493,LEGO® Marvel™ Super Heroes,156,0.0536
366,10001114,Stray,155,0.0532
367,10006239,Madden NFL 24,152,0.0522
368,10000988,My Videos,152,0.0522
369,10004836,NBA 2K23,152,0.0522
370,204513,Surgeon Simulator,152,0.0522
371,232009,Devil May Cry HD Collection,151,0.0518
372,10004258,EA SPORTS™ WRC,149,0.0511
373,10007550,Mediaset Infinity,149,0.0511
374,227108,Crossout,148,0.0508
375,10007263,PAYDAY 3,148,0.0508
376,234658,Plants vs. Zombies: Battle for Neighborville™,148,0.0508
377,232116,Resident Evil 6,148,0.0508
378,205996,Channel 4,147,0.0505
379,10000368,Demon's Souls,146,0.0501
380,201634,Far Cry® Primal,146,0.0501
381,233069,RESIDENT EVIL 3,146,0.0501
382,10001603,Kayo Sports,144,0.0494
383,234568,FIFA 20,143,0.0491
384,10000438,Construction Simulator,141,0.0484
385,231844,Shadow of the Tomb Raider,141,0.0484
386,10001538,DEATH STRANDING 2: ON THE BEACH,140,0.0481
387,232624,DOOM Eternal,140,0.0481
388,231308,INAZUMA ELEVEN: Victory Road,140,0.0481
389,10010999,REANIMAL,140,0.0481
390,10019550,EMPULSE,139,0.0477
391,234585,DEATH STRANDING™,137,0.047
392,235302,Mafia: Definitive Edition,137,0.047
393,10002065,Alan Wake 2,136,0.0467
394,10017920,Gladio Mori,136,0.0467
395,10018882,Poppy Playtime: Chapter 5,136,0.0467
396,235234,Trailmakers,135,0.0463
397,232589,Vigor,135,0.0463
398,10004937,Disney•Pixar Toy Story 3,134,0.046
399,231944,LEGO® DC Super-Villains,134,0.046
400,235037,Rogue Company,134,0.046
401,10000781,Need for Speed™ Hot Pursuit Remastered,133,0.0457
402,10007919,Nine Sols,133,0.0457
403,202819,MLB,132,0.0453
404,10010001,Palia,132,0.0453
405,10007897,Until Dawn™,132,0.0453
406,10000349,eFootball PES 2021 SEASON UPDATE,127,0.0436
407,10000278,FIFA 21,127,0.0436
408,10007669,Gorilla Tag,127,0.0436
409,10009610,Planet Coaster 2,126,0.0433
410,10009602,Raft,125,0.0429
411,10002958,Dead Space,124,0.0426
412,10009803,Slime Rancher 2,124,0.0426
413,10001234,Call of Duty®: Vanguard,123,0.0422
414,10005250,Monster Hunter Rise,123,0.0422
415,10007264,Blasphemous 2,122,0.0419
416,233064,Back 4 Blood,121,0.0415
417,10008971,Off The Grid - Early Access,121,0.0415
418,221750,Rise of the Tomb Raider,121,0.0415
419,10003550,Grand Theft Auto III – The Definitive Edition,118,0.0405
420,234529,Persona 5 Royal,118,0.0405
421,10010248,The Elder Scrolls IV: Oblivion Remastered,118,0.0405
422,216855,AdVenture Capitalist,117,0.0402
423,233119,Castle Crashers Remastered,117,0.0402
424,10001710,BLEACH Rebirth of Souls,116,0.0398
425,231261,Conan Exiles,116,0.0398
426,10007134,Mafia: The Old Country,116,0.0398
427,10015126,Piece Out: Avatarland,116,0.0398
428,215282,Borderlands: The Handsome Collection,115,0.0395
429,233219,CAPTAIN TSUBASA: RISE OF NEW CHAMPIONS,114,0.0391
430,10018449,Hades II,114,0.0391
431,212864,Need for Speed™,114,0.0391
432,232114,resident evil 4 (2005),114,0.0391
433,235298,Subnautica: Below Zero,114,0.0391
434,10000176,Returnal,113,0.0388
435,10010475,RIDE 6,113,0.0388
436,232519,Stranded Deep,113,0.0388
437,10004355,bilibili,112,0.0384
438,201957,Grand Theft Auto: San Andreas,112,0.0384
439,10008300,Holdfast: Nations At War,112,0.0384
440,202496,LEGO® Batman™ 3: Beyond Gotham,112,0.0384
441,10013248,Onimusha: Way of the Sword,112,0.0384
442,231121,Overcooked 2,112,0.0384
443,10003285,PGA TOUR 2K23,112,0.0384
444,212152,Warface: Clutch,112,0.0384
445,10003284,Aimlabs,111,0.0381
446,10002097,Bleach: Brave Souls Anime Game,111,0.0381
447,10006500,NHL® 24,110,0.0378
448,216741,Pluto TV ,110,0.0378
449,217424,TROVE,110,0.0378
450,10018989,Avatar Legends: The Fighting Game,109,0.0374
451,10002038,Green Hell,109,0.0374
452,212740,Tomb Raider: Definitive Edition,109,0.0374
453,10001789,EA SPORTS™ PGA TOUR™,108,0.0371
454,204236,Street Fighter V,108,0.0371
455,233251,Bus Simulator 21 Next Stop,107,0.0367
456,10001858,Crusader Kings III,107,0.0367
457,10007961,High On Life,107,0.0367
458,10014010,Nioh 3,106,0.0364
459,231840,HITMAN™ 2,105,0.036
460,221765,STEEP,105,0.036
461,235168,Tony Hawk's™ Pro Skater™ 1 + 2,105,0.036
462,234277,Five Nights at Freddy's VR: Help Wanted,104,0.0357
463,221735,Molotov,104,0.0357
464,10010939,Wizard101,104,0.0357
465,10001302,JoJo's Bizarre Adventure: All-Star Battle R,103,0.0354
466,10007749,Who's Your Daddy?!,103,0.0354
467,10011450,World of Tanks: HEAT,103,0.0354
468,10005732,Cities: Skylines - Remastered,102,0.035
469,10008826,Enotria: The Last Song,102,0.035
470,202138,inFAMOUS™ Second Son,101,0.0347
471,225700,Skull and Bones™,101,0.0347
472,211297,SMITE,101,0.0347
473,202450,LEGO® Jurassic World™,100,0.0343
474,10004116,Wo Long: Fallen Dynasty,100,0.0343
475,212339,Assassin's Creed® Syndicate,99,0.034
476,10007935,The Adventures of Elliot: The Millennium Tales,99,0.034
477,10008568,Tomb Raider I-III Remastered Starring Lara Croft,99,0.034
478,224821,Cities: Skylines,98,0.0336
479,10008074,Disney Epic Mickey: Rebrushed,98,0.0336
480,10007722,LEGO® Horizon Adventures™,98,0.0336
481,234770,Mafia II: Definitive Edition,98,0.0336
482,10007282,Brotato PS4 & PS5,97,0.0333
483,10008248,Monster Jam™ Showdown,97,0.0333
484,10008034,Throne and Liberty,97,0.0333
485,10012483,Abiotic Factor,96,0.033
486,10005744,MLB® The Show™ 23,96,0.033
487,200756,Call of Duty®: Advanced Warfare,95,0.0326
488,10001967,Car Mechanic Simulator 2021,95,0.0326
489,10008698,Coral Island,95,0.0326
490,200959,Destiny,95,0.0326
491,223059,Little Nightmares,95,0.0326
492,216395,Sniper Elite 4,95,0.0326
493,231948,Fallout Shelter,94,0.0323
494,10008447,Satisfactory,94,0.0323
495,10000309,Diablo® II: Resurrected™,93,0.0319
496,10005976,Gothic 1 Remake,93,0.0319
497,203064,Need for Speed™ Rivals,93,0.0319
498,217712,Paladins,93,0.0319
499,10002042,Saints Row,93,0.0319
500,10000039,Untitled Goose Game,93,0.0319
501,234630,ASTRONEER,92,0.0316
502,202765,Mad Max,92,0.0316
503,232176,Spyro™ Reignited Trilogy,92,0.0316
504,10002630,The Binding of Isaac: Repentance,92,0.0316
505,231053,Dead Cells,91,0.0312
506,234665,Marvel's Guardians of the Galaxy,91,0.0312
507,234628,ONE PIECE: PIRATE WARRIORS 4,91,0.0312
508,10007566,PlateUp!,91,0.0312
509,229482,DARK SOULS™: REMASTERED,90,0.0309
510,10009413,DAVE THE DIVER,90,0.0309
511,10010722,Poppy Playtime: Chapter 3,90,0.0309
512,10011751,UNDEFEATED,90,0.0309
513,200477,Bully,89,0.0306
514,215358,Gran Turismo™SPORT,89,0.0306
515,10004842,Infinity Nikki,89,0.0306
516,10000393,Totally Reliable Delivery Service,89,0.0306
517,10010458,Vampire Survivors,89,0.0306
518,10004982,WRC Generations – The FIA WRC Official Game,89,0.0306
519,233594,Sid Meier's Civilization VI,88,0.0302
520,216489,South Park™: The Fractured But Whole™,88,0.0302
521,10004240,Session: Skate Sim,87,0.0299
522,231800,DEAD OR ALIVE 6,86,0.0295
523,10005321,Killing Floor 3,86,0.0295
524,204941,Tom Clancy's The Division™,86,0.0295
525,201723,Goat Simulator,85,0.0292
526,10002648,Hades,85,0.0292
527,231769,Metro Exodus,85,0.0292
528,10019659,Splash of Color,85,0.0292
529,10017349,Cup Heroes,84,0.0288
530,208810,KINGDOM HEARTS Ⅲ,84,0.0288
531,224832,EA SPORTS™ UFC® 3,83,0.0285
532,216187,Enter the Gungeon,83,0.0285
533,227121,Friday the 13th: The Game,83,0.0285
534,229788,L.A. Noire,83,0.0285
535,10002319,NOW,83,0.0285
536,10013838,Rugby League 26,83,0.0285
537,231650,Unravel TWO,83,0.0285
538,10000894,THE KING OF FIGHTERS XV,82,0.0281
539,232437,DiRT Rally 2.0,81,0.0278
540,233383,Gotham Knights,81,0.0278
541,234460,NBA 2K20,81,0.0278
542,10005670,PAW Patrol World,81,0.0278
543,10010437,Poppy Playtime: Chapter 2,81,0.0278
544,10010242,SILENT HILL f,81,0.0278
545,232717,JUMP FORCE,80,0.0275
546,10003247,RIDE 5,80,0.0275
547,231868,Slime Rancher,80,0.0275
548,228877,Ultimate Chicken Horse,80,0.0275
549,10009268,NHL® 25,79,0.0271
550,10008324,Rugby 25,79,0.0271
551,234481,Saints Row®: The Third™ Remastered,79,0.0271
552,10003164,SILENT HILL: The Short Message,79,0.0271
553,10008245,The Casting of Frank Stone™,79,0.0271
554,224875,LEGO® CITY UNDERCOVER,78,0.0268
555,233372,SpongeBob SquarePants: Battle For Bikini Bottom - Rehydrated,78,0.0268
556,10005862,Jujutsu Kaisen Cursed Clash,77,0.0264
557,10003932,PAW Patrol: Grand Prix,77,0.0264
558,10006288,Pacific Drive,76,0.0261
559,225857,SHADOW OF THE COLOSSUS™,76,0.0261
560,10009366,A Quiet Place: The Road Ahead,75,0.0257
561,10016582,Abyssus,75,0.0257
562,221667,Batman,75,0.0257
563,231776,FIFA 19,75,0.0257
564,202209,Just Cause 3,75,0.0257
565,10011314,PowerWash Simulator 2,75,0.0257
566,204162,South Park™: The Stick of Truth™,75,0.0257
567,10001609,Suicide Squad: Kill the Justice League,75,0.0257
568,221793,Tricky Towers,75,0.0257
569,233449,Deep Rock Galactic,74,0.0254
570,217642,Neverwinter,74,0.0254
571,10009025,Planet Zoo: Console Edition,74,0.0254
572,10000537,Sonic Colors: Ultimate,74,0.0254
573,10003797,Sonic Origins,74,0.0254
574,227750,Ultimate Marvel vs. Capcom 3,74,0.0254
575,10013259,Dispatch,73,0.0251
576,10008790,Expeditions: A MudRunner Game (PS4 & PS5),73,0.0251
577,232910,Far Cry® New Dawn,73,0.0251
578,10000606,Mass Effect™ Legendary Edition,73,0.0251
579,10004405,NARAKA: BLADEPOINT,73,0.0251
580,10013315,Rooftops & Alleys: The Parkour Game,73,0.0251
581,233476,Slay the Spire,73,0.0251
582,10001023,Tennis World Tour 2,73,0.0251
583,206887,Dreams™,72,0.0247
584,10005765,HOT WHEELS UNLEASHED™ 2 - Turbocharged,72,0.0247
585,227227,Sonic Mania,72,0.0247
586,10004933,Disney•Pixar Toy Story 2: Buzz Lightyear to the Rescue!,71,0.0244
587,228783,LEGO® MARVEL Super Heroes 2,71,0.0244
588,202416,Life Is Strange™,71,0.0244
589,10012945,MOUSE: P.I. For Hire,71,0.0244
590,10004206,Sky: Children of the Light,71,0.0244
591,234410,Streets of Rage 4,71,0.0244
592,10004544,Remnant II®,70,0.024
593,10003168,Sid Meier's Civilization® VII,70,0.024
594,234422,Blasphemous,69,0.0237
595,10008264,Cricket 24,69,0.0237
596,10008357,Directive 8020,69,0.0237
597,10000970,Media Player,69,0.0237
598,203196,Outlast,69,0.0237
599,204275,Sleeping Dogs,69,0.0237
600,10004123,The Quarry,69,0.0237
601,231819,Control,68,0.0233
602,228499,Dead Island - Definitive Edition,68,0.0233
603,10004701,Just Dance 2026 Edition,68,0.0233
604,232583,Little Nightmares II,67,0.023
605,234843,Marvel's Avengers,67,0.023
606,205920,Assetto Corsa,66,0.0227
607,232630,Life is Strange 2,66,0.0227
608,10004462,Like a Dragon: Infinite Wealth PS4 & PS5,66,0.0227
609,10003382,Persona 4 Golden,66,0.0227
610,10012036,Poppy Playtime: Chapter 4,66,0.0227
611,10004434,Starlit Kart Racing,66,0.0227
612,234566,The Walking Dead: The Telltale Definitive Series,66,0.0227
613,10018063,Avatar Island,65,0.0223
614,232492,Beat Saber,65,0.0223
615,10018858,Bellwright,65,0.0223
616,10004484,Cult of the Lamb,65,0.0223
617,229133,Just Cause 4,65,0.0223
618,10002860,NBA 2K22,65,0.0223
619,224919,Outlast 2,65,0.0223
620,214653,Ratchet & Clank™,65,0.0223
621,226237,DARK SOULS™ II: Scholar of the First Sin,64,0.022
622,10002581,My Friend Peppa Pig: Complete Edition,64,0.022
623,10014976,Plants vs. Zombies™: Replanted,64,0.022
624,10008379,BMX Streets,63,0.0216
625,204590,Four Kings Casino and Slots,63,0.0216
626,10006545,House Flipper 2,63,0.0216
627,202761,Middle-earth™: Shadow of Mordor™,63,0.0216
628,231035,PAYDAY 2: CRIMEWAVE EDITION,63,0.0216
629,10001738,Secret Neighbor,63,0.0216
630,10002956,Sonic Frontiers PS4 & PS5,63,0.0216
631,10001895,7plus,62,0.0213
632,228902,ADN,62,0.0213
633,233200,Car Mechanic Simulator,62,0.0213
634,10005693,DREDGE,62,0.0213
635,227137,FIFA 18,62,0.0213
636,10013075,Monster Hunter Stories 3: Twisted Reflection,62,0.0213
637,10014084,S.T.A.L.K.E.R. 2: Heart of Chornobyl,62,0.0213
638,10004658,Sonic Superstars,62,0.0213
639,10011861,Digimon Story Time Stranger,61,0.0209
640,201588,FINAL FANTASY X/X-2 HD Remaster,61,0.0209
641,202860,METAL GEAR SOLID V: THE PHANTOM PAIN,61,0.0209
642,10017775,SCHIZOPHRENIA,61,0.0209
643,233441,Team Sonic Racing,61,0.0209
644,10010798,World of Outlaws: Dirt Racing 24,61,0.0209
645,10008945,A Little to the Left,60,0.0206
646,221722,METAL GEAR SOLID V: THE DEFINITIVE EXPERIENCE,60,0.0206
647,10001029,Metaphor: ReFantazio,60,0.0206
648,10010012,SPLITGATE: Arena Reloaded,60,0.0206
649,10003713,Little Nightmares III,59,0.0203
650,10005308,Pinball FX,59,0.0203
651,10009101,War Robots: Frontiers,59,0.0203
652,235195,Five Nights at Freddy's 2,58,0.0199
653,10007911,Granblue Fantasy Versus: Rising,58,0.0199
654,10003900,Madden NFL 23 PS5™,58,0.0199
655,10007293,METAL GEAR SOLID Δ: SNAKE EATER,58,0.0199
656,211466,Viaplay,58,0.0199
657,10001852,WOW,58,0.0199
658,235238,Yakuza: Like A Dragon,58,0.0199
659,10009499,FATAL FURY: City of the Wolves,57,0.0196
660,10012545,MARVEL Cosmic Invasion,57,0.0196
661,227167,MX vs. ATV All Out,57,0.0196
662,232112,Resident Evil,57,0.0196
663,212195,U-NEXT／ユーネクスト,57,0.0196
664,10009261,Age of Empires II: Definitive Edition,56,0.0192
665,10011448,CODE VEIN II,56,0.0192
666,220997,DEAD OR ALIVE 5 Last Round,56,0.0192
667,10001874,HOT WHEELS UNLEASHED™,56,0.0192
668,10012110,NINJA GAIDEN 4,56,0.0192
669,10005150,Resident Evil 2,56,0.0192
670,232708,Tetris® Effect: Connected,56,0.0192
671,10011130,Train Sim World® 5,56,0.0192
672,232371,Zombie Army 4: Dead War,56,0.0192
673,216051,BioShock: The Collection,55,0.0189
674,10004805,Bramble: The Mountain King,55,0.0189
675,201597,FINAL FANTASY XV,55,0.0189
676,234740,Five Nights at Freddy's,55,0.0189
677,221740,Overcooked,55,0.0189
678,10014266,Starward,55,0.0189
679,10007412,Taxi Life: A City Driving Simulator,55,0.0189
680,10007965,V Rising,55,0.0189
681,230095,Assassin's Creed® Rogue Remastered,54,0.0185
682,222227,Clicker Heroes,54,0.0185
683,221915,Killing Floor 2,54,0.0185
684,202832,MONOPOLY PLUS,54,0.0185
685,217551,NieR:Automata,54,0.0185
686,10006025,RoadCraft,54,0.0185
687,205292,Wolfenstein®: The New Order,54,0.0185
688,10004424,Crime Boss: Rockay City,53,0.0182
689,10018901,Diamond Painting ASMR,53,0.0182
690,231872,Farming Simulator 19,53,0.0182
691,223683,LEGO®  Harry Potter™ Collection,53,0.0182
692,234389,Nioh 2,53,0.0182
693,10005151,Resident Evil 3 Nemesis,53,0.0182
694,228448,SONIC FORCES,53,0.0182
695,10000714,SUPER ANIMAL ROYALE,53,0.0182
696,203938,Trials Fusion™,53,0.0182
697,228677,Batman: The Enemy Within,52,0.0179
698,10004572,Hamster Playground,52,0.0179
699,10012995,High On Life 2,52,0.0179
700,10001815,ARMORED CORE™ VI FIRES OF RUBICON™,51,0.0175
701,200914,Diablo III: Eternal Collection,51,0.0175
702,231738,HAJWALA,51,0.0175
703,10009938,MARVEL vs. CAPCOM Fighting Collection: Arcade Classics,51,0.0175
704,230019,SOULCALIBUR™Ⅵ,51,0.0175
705,10005101,Tekken 6,51,0.0175
706,228782,The LEGO® NINJAGO® Movie Video Game,51,0.0175
707,10008445,The Lord of the Rings: Return to Moria™,51,0.0175
708,221219,Ultra Street Fighter IV,51,0.0175
709,10005267,WWE 2K23,51,0.0175
710,10009923,Another Crab’s Treasure,50,0.0172
711,10018445,Bag Fight,50,0.0172
712,200909,Devil May Cry 4 Special Edition,50,0.0172
713,201101,DOOM,50,0.0172
714,10004425,Flintlock: The Siege of Dawn,50,0.0172
715,10005940,Hotline Miami,50,0.0172
716,10003546,MLB® The Show™ 22,50,0.0172
717,10000470,NBA 2K21,50,0.0172
718,10018900,Real Cake Maker,50,0.0172
719,235338,Ride 4,50,0.0172
720,10003386,Rise of the Ronin™,50,0.0172
721,10009937,The First Berserker: Khazan,50,0.0172
722,233592,Tom Clancy’s Rainbow Six® Extraction,50,0.0172
723,10000991,Demon Slayer -Kimetsu no Yaiba- The Hinokami Chronicles,49,0.0168
724,222250,Don't Starve Together: Console Edition,49,0.0168
725,10002862,EARTH DEFENSE FORCE 6,49,0.0168
726,10017591,Gitaroo-Man,49,0.0168
727,10010642,Sledders,49,0.0168
728,229391,The Long Dark,49,0.0168
729,10000586,Dragon Age™: The Veilguard,48,0.0165
730,10009325,Five Nights at Freddy's: Help Wanted 2,48,0.0165
731,10002129,Marvel's Midnight Suns,48,0.0165
732,234489,Mortal Shell,48,0.0165
733,223570,NARUTO SHIPPUDEN: Ultimate Ninja STORM TRILOGY,48,0.0165
734,10000811,PAW PAtrol Mighty Pups Save Adventure Bay,48,0.0165
735,203420,Plants vs Zombies Garden Warfare,48,0.0165
736,10009990,ROUNDS,48,0.0165
737,10017123,ScootX,48,0.0165
738,10008554,STAR WARS™: Battlefront Classic Collection,48,0.0165
739,10011976,Teenage Mutant Ninja Turtles: Splintered Fate,48,0.0165
740,228861,The Evil Within® 2,48,0.0165
741,233374,eFootball PES 2020,47,0.0161
742,10005204,Medieval Dynasty,47,0.0161
743,10011593,Predator: Hunting Grounds,47,0.0161
744,10008716,Sniper Elite: Resistance,47,0.0161
745,222886,The Jackbox Party Pack 3,47,0.0161
746,10006098,Banishers: Ghosts of New Eden,46,0.0158
747,10003743,BINGE,46,0.0158
748,10012002,Blue Prince,46,0.0158
749,10000668,MLB® The Show 21™,46,0.0158
750,234276,MY HERO ONE'S JUSTICE 2,46,0.0158
751,231987,Path of Exile,46,0.0158
752,10003485,RoboCop: Rogue City,46,0.0158
753,222446,Star Trek Online,46,0.0158
754,204583,TVNZ+,46,0.0158
755,229533,Wolfenstein® II: The New Colossus™,46,0.0158
756,200213,Alien: Isolation™,45,0.0154
757,213119,STAR WARS™ Battlefront™,45,0.0154
758,10004969,The Jackbox Party Pack 9,45,0.0154
759,205132,Until Dawn™,45,0.0154
760,10002089,First Class Trouble,44,0.0151
761,232286,Hungry Shark® World,44,0.0151
762,10013904,Mortal Kombat: Legacy Kollection,44,0.0151
763,10012137,MotoGP™25,44,0.0151
764,227160,NBA App,44,0.0151
765,213861,Nioh,44,0.0151
766,10005985,Prince of Persia The Lost Crown,44,0.0151
767,221759,SpeedRunners,44,0.0151
768,10009018,Tony Hawk's™ Pro Skater™ 3 + 4,44,0.0151
769,228851,Trials Rising(TM),44,0.0151
770,228871,Tropico 6,44,0.0151
771,10012449,WARRIORS: Abyss,44,0.0151
772,10003945,Call of the Wild: The Angler™,43,0.0148
773,10009534,Core Keeper,43,0.0148
774,234401,DIRT 5,43,0.0148
775,10014022,Drug Dealer Simulator 2,43,0.0148
776,229077,H1Z1: Battle Royale,43,0.0148
777,10005051,Hell is Us,43,0.0148
778,230052,MudRunner,43,0.0148
779,233754,SHAREfactory™,43,0.0148
780,10003866,SpongeBob SquarePants: The Cosmic Shake,43,0.0148
781,10000975,THE PLAYROOM VR,43,0.0148
782,10001656,UEFA.tv,43,0.0148
783,10008760,Broken Sword - Shadow of the Templars: Reforged,42,0.0144
784,235193,Five Nights at Freddy's 4,42,0.0144
785,10003558,Hello Neighbor 2,42,0.0144
786,10007607,METAL GEAR SOLID: MASTER COLLECTION Vol. 1,42,0.0144
787,10001938,Paint the Town Red,42,0.0144
788,233468,Power Rangers - Battle for The Grid,42,0.0144
789,203701,Rock Band 4,42,0.0144
790,205023,Trackmania Turbo,42,0.0144
791,10003862,Way of the Hunter,42,0.0144
792,219617,Worms W.M.D,42,0.0144
793,201017,Dishonored 2,41,0.0141
794,10008869,Faaast Penguin,41,0.0141
795,10004029,Horizon Call of the Mountain™,41,0.0141
796,202542,LittleBigPlanet™3,41,0.0141
797,10002697,Mega Zombie,41,0.0141
798,10003079,MXGP 2021 - The Official Motocross Videogame,41,0.0141
799,10002576,Rabbids®: Party of Legends,41,0.0141
800,10015791,TEKKEN 3,41,0.0141
801,10007649,TIEBREAK: Official game of the ATP and WTA,41,0.0141
802,10005964,Vegas Infinite,41,0.0141
803,10016955,War Robots,41,0.0141
804,231873,60 Seconds! Reatomized,40,0.0137
805,228896,Attack on Titan 2,40,0.0137
806,10004956,John Carpenter's Toxic Commando,40,0.0137
807,202508,LEGO® Worlds,40,0.0137
808,10005466,Monster Energy Supercross - The Official Videogame 6 PS4 & PS5,40,0.0137
809,10013520,Stellaris: Console Edition PS5,40,0.0137
810,10001478,Alan Wake Remastered,39,0.0134
811,10000271,Century: Age of Ashes,39,0.0134
812,10009597,Darkest Dungeon II,39,0.0134
813,228538,Dishonored® Definitive Edition,39,0.0134
814,10008191,DYNASTY WARRIORS: ORIGINS,39,0.0134
815,202132,I am Bread,39,0.0134
816,203474,PSO2 NEW GENESIS,39,0.0134
817,10002426,Skul: The Hero Slayer,39,0.0134
818,10004518,SWORD ART ONLINE Fractured Daydream,39,0.0134
819,10015859,TEKKEN DARK RESURRECTION,39,0.0134
820,232764,Warhammer: Vermintide 2,39,0.0134
821,228418,Cars 3: Driven to Win,38,0.013
822,201336,EA SPORTS™ UFC® 2,38,0.013
823,10007583,Monster Hunter Stories 2: Wings of Ruin,38,0.013
824,221771,Persona 5,38,0.013
825,10003357,Teenage Mutant Ninja Turtles: The Cowabunga Collection,38,0.013
826,10017761,Tour de France 2026,38,0.013
827,234613,Ben 10: Power Trip!,37,0.0127
828,10005163,Still Wakes the Deep,37,0.0127
829,10004282,Super Mega Baseball™ 4,37,0.0127
830,10002652,The Callisto Protocol,37,0.0127
831,10015062,Train Sim World 6,37,0.0127
832,10015458,パワフルプロ野球2026-2027,37,0.0127
833,233448,CRSED,36,0.0124
834,218318,Hatsune Miku: Project DIVA Future Tone,36,0.0124
835,234423,IMMORTALS FENYX RISING,36,0.0124
836,202140,inFAMOUS™ First Light,36,0.0124
837,10000299,POKER CLUB,36,0.0124
838,222885,The Escapists 2,36,0.0124
839,10007126,The Thaumaturge,36,0.0124
840,229531,Wheel of Fortune®,36,0.0124
841,10002789,art of rally,35,0.012
842,212679,HITMAN™,35,0.012
843,10007589,LEGO Star Wars II: The Original Trilogy,35,0.012
844,202454,LEGO® The Hobbit™,35,0.012
845,224890,Marvel vs. Capcom: Infinite,35,0.012
846,233392,MOBILE SUIT GUNDAM EXTREME VS. MAXIBOOST ON,35,0.012
847,10012661,MY HERO ACADEMIA: All’s Justice,35,0.012
848,10010691,Sly 2: Band of Thieves™,35,0.012
849,204051,Super Meat Boy!,35,0.012
850,10004213,The Game of Life 2,35,0.012
851,205200,Vampyr,35,0.012
852,216773,XCOM 2,35,0.012
853,10005440,AEW: Fight Forever,34,0.0117
854,206125,ARCADE GAME SERIES: PAC-MAN,34,0.0117
855,201149,DMM.com,34,0.0117
856,233121,Epic Roller Coasters,34,0.0117
857,221537,FINAL FANTASY VII,34,0.0117
858,10008409,Firefighting Simulator: Ignite,34,0.0117
859,231717,Horizon Chase Turbo,34,0.0117
860,10012238,Indiana Jones and the Great Circle,34,0.0117
861,202807,Metro 2033 Redux,34,0.0117
862,10009931,Monster Energy Supercross 25 - The Official Video Game,34,0.0117
863,231696,NBA LIVE 19,34,0.0117
864,10003398,PAC-MAN WORLD Re-PAC,34,0.0117
865,10011012,Snooker Blitz,34,0.0117
866,10011227,Sword of the Sea,34,0.0117
867,10003986,Teenage Mutant Ninja Turtles: Shredder's Revenge,34,0.0117
868,10018596,thmanyah,34,0.0117
869,235106,Ultimate Custom Night,34,0.0117
870,10007859,Cat Quest III,33,0.0113
871,10012400,Contraband Police,33,0.0113
872,10012310,Echoes of the End: Enhanced Edition,33,0.0113
873,10010493,F1® Manager 2024,33,0.0113
874,202340,KNACK™,33,0.0113
875,10001829,Nickelodeon All-Star Brawl,33,0.0113
876,10012672,SEGA FOOTBALL CLUB CHAMPIONS,33,0.0113
877,204880,The LEGO® Movie - Videogame (GER),33,0.0113
878,10008902,The Precinct,33,0.0113
879,10002493,Vampire: The Masquerade - Bloodhunt,33,0.0113
880,10001814,WWE 2K22,33,0.0113
881,10014070,Absolum,32,0.011
882,200599,Beyond: Two Souls™,32,0.011
883,10000494,Biped,32,0.011
884,216078,Broforce,32,0.011
885,231473,Burnout Paradise Remastered,32,0.011
886,232977,Castlevania Requiem: Symphony Of The Night & Rondo Of Blood,32,0.011
887,10018845,Chess Mate,32,0.011
888,10008761,Cookie Clicker,32,0.011
889,232084,Divinity: Original Sin 2 - Definitive Edition,32,0.011
890,201960,Grand Theft Auto: Vice City,32,0.011
891,10013354,ICARUS: Console Edition,32,0.011
892,202136,Injustice: Gods Among Us Ultimate Edition,32,0.011
893,10003091,LEGO® 2K Drive,32,0.011
894,229406,Street Fighter 30th Anniversary Collection,32,0.011
895,10015436,Tanki Online,32,0.011
896,10008102,"Warhammer 40,000: Rogue Trader",32,0.011
897,10002926,BioShock Infinite: The Complete Edition,31,0.0106
898,234050,Clone Drone in the Danger Zone,31,0.0106
899,10013889,Cricket 26 - The Official Game of the Ashes,31,0.0106
900,10007632,Disney•Pixar Wall-E,31,0.0106
901,201407,FIFA 17,31,0.0106
902,10001894,Madden NFL 22 MVP Edition,31,0.0106
903,10010256,Monster Train,31,0.0106
904,10015762,Once Human,31,0.0106
905,10006027,Overpass 2,31,0.0106
906,232068,PRO EVOLUTION SOCCER 2019,31,0.0106
907,10002764,Spellfarers,31,0.0106
908,10013086,SpongeBob SquarePants: Titans of the Tide,31,0.0106
909,10015336,Tung Tung Tung Sahur Runner,31,0.0106
910,10000502,Bloons TD 6,30,0.0103
911,10009964,Deadside,30,0.0103
912,10002895,Doki Doki Literature Club Plus!,30,0.0103
913,201205,DRAGON BALL XENOVERSE,30,0.0103
914,10012344,Five Nights at Freddy's: Secret of the Mimic,30,0.0103
915,201576,Frozen Free Fall: Snowball Fight,30,0.0103
916,217244,Kerbal Space Program Enhanced Edition,30,0.0103
917,231481,Rakuten TV,30,0.0103
918,10017808,ScooterFlow,30,0.0103
919,10005364,Tower of Fantasy,30,0.0103
920,10002255,A Plague Tale: Requiem,29,0.01
921,10011009,Anno 117: Pax Romana,29,0.01
922,10008958,Capcom Fighting Collection 2,29,0.01
923,231477,Celeste,29,0.01
924,10002606,Company of Heroes 3,29,0.01
925,10004337,Gas Station Simulator,29,0.01
926,10003301,GigaBash,29,0.01
927,10003002,GRID Legends,29,0.01
928,10000044,House Flipper,29,0.01
929,10011881,I'm in Love With Your Dead Grandmother 3: Online Battle Royale,29,0.01
930,221911,Job Simulator,29,0.01
931,230379,Jurassic World Evolution,29,0.01
932,229812,LEGO® The Incredibles,29,0.01
933,202523,Let It Die,29,0.01
934,10011704,Like a Dragon: Pirate Yakuza in Hawaii,29,0.01
935,229999,Monster Energy Supercross - The Official Videogame,29,0.01
936,10007582,Monster Hunter Stories,29,0.01
937,10005322,Pavlov,29,0.01
938,203539,Pure Pool™,29,0.01
939,204433,Saints Row IV: Re-Elected,29,0.01
940,10013019,Solarpunk,29,0.01
941,205082,The Warriors,29,0.01
942,10015481,Vampire Crawlers: The Turbo Wildcard from Vampire Survivors,29,0.01
943,10008444,Alaskan Road Truckers: Highway Edition,28,0.0096
944,218738,ARCADE GAME SERIES: Ms. PAC-MAN,28,0.0096
945,231364,Borderlands®: Game of the Year Edition,28,0.0096
946,201787,Gems of War,28,0.0096
947,231068,Generation Zero,28,0.0096
948,201902,HEAVY RAIN™,28,0.0096
949,10016411,Hydroneer,28,0.0096
950,10008291,Metal Eden,28,0.0096
951,10002472,RMC Sport,28,0.0096
952,10016323,Tokyo Xtreme Racer,28,0.0096
953,10002780,Unicorn Overlord,28,0.0096
954,10005255,World of Outlaws: Dirt Racing,28,0.0096
955,203586,[PROTOTYPE®],27,0.0093
956,10003143,Anno 1800™ Console Edition,27,0.0093
957,10014585,Backyard Baseball '97,27,0.0093
958,229479,FINAL FANTASY IX,27,0.0093
959,10008527,FINAL FANTASY TACTICS - The Ivalice Chronicles,27,0.0093
960,10006547,Hotline Miami 2: Wrong Number,27,0.0093
961,10001866,PAW Patrol The Movie: Adventure City Calls,27,0.0093
962,235039,Planet Coaster: Console Edition,27,0.0093
963,10011465,Project Motor Racing,27,0.0093
964,232113,Resident Evil 0,27,0.0093
965,10007941,Shin Megami Tensei V: Vengeance,27,0.0093
966,234860,Sky Q,27,0.0093
967,10013616,Tomb Raider: Anniversary PS4 & PS5,27,0.0093
968,205457,Yle Areena,27,0.0093
969,203587,[PROTOTYPE®2],26,0.0089
970,10002150,Bassmaster® Fishing 2022 PS4™ and PS5™,26,0.0089
971,10010036,Crystal of Atlan,26,0.0089
972,10012700,Deadzone: Rogue,26,0.0089
973,209065,Everybody's Golf™,26,0.0089
974,223663,INSIDE,26,0.0089
975,10016581,MotoGP™26,26,0.0089
976,235065,Moving Out,26,0.0089
977,232321,NBA 2K19,26,0.0089
978,10001266,Spelunky 2,26,0.0089
979,10006160,Viewfinder,26,0.0089
980,235376,Yu-Gi-Oh! Legacy of the Duelist : Link Evolution,26,0.0089
981,10018284,67,25,0.0086
982,10009260,Age of Mythology: Retold,25,0.0086
983,10017727,Car Dealer Simulator,25,0.0086
984,229759,CODE VEIN,25,0.0086
985,10009719,Crossy Road Castle,25,0.0086
986,10002047,d anime store,25,0.0086
987,201274,DmC Devil May Cry: Definitive Edition,25,0.0086
988,201204,Dragon Age™: Inquisition,25,0.0086
989,10012744,God of War Sons of Sparta,25,0.0086
990,227423,MXGP3 - The Official Motocross Videogame,25,0.0086
991,229826,Outer Wilds,25,0.0086
992,203421,PlanetSide 2,25,0.0086
993,216605,Prison Architect: PlayStation®4 Edition,25,0.0086
994,10008577,S.T.A.L.K.E.R.: Shadow of Chornobyl,25,0.0086
995,234823,Tales of Arise,25,0.0086
996,10004192,The Dark Pictures Anthology: The Devil In Me,25,0.0086
997,10006870,Truck and Logistics Simulator,25,0.0086
998,10015219,Yakuza Kiwami 3 & Dark Ties PS4 & PS5,25,0.0086
999,10012160,Age of Empires IV: Anniversary Edition,24,0.0082
1000,10002527,Arcade Paradise,24,0.0082
1001,200098,Assassin's Creed® Freedom Cry,24,0.0082
1002,10012632,Avowed,24,0.0082
1003,229756,Ben 10,24,0.0082
1004,225783,Chess Ultra,24,0.0082
1005,10011556,Cronos: The New Dawn,24,0.0082
1006,218017,Dead Island: Riptide - Definitive Edition,24,0.0082
1007,10009279,DEATH NOTE Killer Within,24,0.0082
1008,234425,F1® 2020,24,0.0082
1009,218097,F1™ 2016,24,0.0082
1010,10000598,PHOGS!,24,0.0082
1011,221982,Rain World,24,0.0082
1012,10003812,Red Bull TV PS5,24,0.0082
1013,231404,Starlit Adventures,24,0.0082
1014,232935,The Dark Pictures Anthology: Man of Medan PS4 & PS5,24,0.0082
1015,204572,The Evil Within,24,0.0082
1016,10003841,The Stanley Parable: Ultra Deluxe,24,0.0082
1017,10016535,TIME CRISIS,24,0.0082
1018,217751,Yakuza Kiwami,24,0.0082
1019,10002591,Aliens: Fireteam Elite,23,0.0079
1020,234853,Bayonetta,23,0.0079
1021,216085,BLAZBLUE CENTRALFICTION,23,0.0079
1022,10015827,Crime Simulator,23,0.0079
1023,217223,KNACK™ 2,23,0.0079
1024,10000480,MELTY BLOOD: TYPE LUMINA,23,0.0079
1025,10015043,PBA Pro Bowling 2026,23,0.0079
1026,10002220,PJ Masks: Heroes of the Night,23,0.0079
1027,10011786,POOLS,23,0.0079
1028,234784,Rocksmith™+,23,0.0079
1029,10007988,Thank Goodness You're Here!,23,0.0079
1030,10005573,TT Isle Of Man: Ride on the Edge 3,23,0.0079
1031,10005120,UFC Fight Pass,23,0.0079
1032,10008922,As Dusk Falls,22,0.0076
1033,229001,DYNASTY WARRIORS 9,22,0.0076
1034,10001902,Evil West,22,0.0076
1035,235079,Fall Guys: Ultimate Knockout,22,0.0076
1036,10014030,"Hypermarket Simulator: Supermarket, reimagined.",22,0.0076
1037,202335,KILLZONE™ SHADOW FALL,22,0.0076
1038,235080,Madden NFL 21,22,0.0076
1039,10014002,MindsEye,22,0.0076
1040,231986,NBA 2K Playgrounds 2,22,0.0076
1041,10002488,Primal Carnage: Evolution,22,0.0076
1042,10005682,Ravenswatch,22,0.0076
1043,235059,Roller Champions™,22,0.0076
1044,10009530,Tainted Grail: Fall of Avalon,22,0.0076
1045,205050,torne®,22,0.0076
1046,227255,WIPEOUT™ OMEGA COLLECTION,22,0.0076
1047,10002812,WRC 10 FIA World Rally Championship,22,0.0076
1048,10000350,Crysis® Remastered,21,0.0072
1049,221077,DEAD OR ALIVE 5 Last Round,21,0.0072
1050,201112,Dead Rising 2,21,0.0072
1051,234692,Deliver Us The Moon,21,0.0072
1052,10014600,Duskfade,21,0.0072
1053,229480,FINAL FANTASY VIII Remastered,21,0.0072
1054,221698,GRAVITY RUSH™ 2,21,0.0072
1055,10004707,Inscryption,21,0.0072
1056,10010137,Jak and Daxter™: The Precursor Legacy,21,0.0072
1057,10001235,Kena: Bridge of Spirits,21,0.0072
1058,221709,KINGDOM HEARTS HD 2.8 FINAL CHAPTER PROLOGUE,21,0.0072
1059,10018003,MARVEL MaXimum Collection,21,0.0072
1060,226459,Metro: Last Light Redux,21,0.0072
1061,10014632,Monopoly: Star Wars™ Heroes vs. Villains,21,0.0072
1062,224852,Sky Sport Now,21,0.0072
1063,225780,TERA,21,0.0072
1064,225977,THE KING OF FIGHTERS 2002 UNLIMITED MATCH,21,0.0072
1065,10004605,The Legend of Dragoon,21,0.0072
1066,10019997,Tricky doors,21,0.0072
1067,10002475,TUNIC,21,0.0072
1068,234969,Two Point Hospital,21,0.0072
1069,10004833,"Warhammer 40,000: Boltgun (PS4 & PS5)",21,0.0072
1070,205293,Wolfenstein®: The Old Blood,21,0.0072
1071,233432,AO Tennis 2,20,0.0069
1072,233889,Bee Simulator,20,0.0069
1073,234471,Coffee Talk,20,0.0069
1074,10016956,Dark Hours,20,0.0069
1075,231670,Darksiders II Deathinitive Edition,20,0.0069
1076,228188,Darksiders Warmastered Edition,20,0.0069
1077,10003868,Destroy All Humans! 2 - Reprobed,20,0.0069
1078,10003206,DRAGON BALL: THE BREAKERS,20,0.0069
1079,10008842,DRAGON QUEST VII Reimagined,20,0.0069
1080,232512,For The King,20,0.0069
1081,233993,Frostpunk,20,0.0069
1082,10008296,INDIKA,20,0.0069
1083,233595,Just Shapes & Beats,20,0.0069
1084,10005847,Killer Frequency,20,0.0069
1085,234893,Kingdoms of Amalur: Re-Reckoning,20,0.0069
1086,10009063,Legacy of Kain™ Soul Reaver 1&2 Remastered,20,0.0069
1087,202533,LIMBO,20,0.0069
1088,10012778,Lost Soul Aside™,20,0.0069
1089,10004909,MADiSON,20,0.0069
1090,10006448,Metaball,20,0.0069
1091,10017212,Mistfall Hunter,20,0.0069
1092,235275,MLB® The Show™ 20,20,0.0069
1093,212785,NBA 2K16,20,0.0069
1094,235359,Olympic Games Tokyo 2020 – The Official Video Game™,20,0.0069
1095,10001193,ON THE ROAD - The Truck Simulator,20,0.0069
1096,224933,Portal Knights,20,0.0069
1097,10002418,Shredders,20,0.0069
1098,10010692,Sly 3: Honor Among Thieves™,20,0.0069
1099,10010296,Sly Cooper™ and the Thievius Raccoonus,20,0.0069
1100,10016210,SOULCALIBUR III,20,0.0069
1101,10002176,Splitgate,20,0.0069
1102,231552,Texas Poker,20,0.0069
1103,10011796,The Outer Worlds 2,20,0.0069
1104,10017532,The Spell Brigade,20,0.0069
1105,10000818,Tiny Tina's Wonderlands,20,0.0069
1106,10015404,CATCH ME IF YOU CAN,19,0.0065
1107,10005989,Creed: Rise to Glory - Championship Edition™,19,0.0065
1108,10010892,Date Everything!,19,0.0065
1109,229006,Don't Bite Me Bro!,19,0.0065
1110,223963,Dragon's Dogma: Dark Arisen,19,0.0065
1111,235335,DRAGON QUEST XI S ECHOES OF AN ELUSIVE AGE - DEFINITIVE EDITION,19,0.0065
1112,228209,FINAL FANTASY Ⅻ THE ZODIAC AGE,19,0.0065
1113,234641,Gold Mining Simulator,19,0.0065
1114,10012021,I Am Cat,19,0.0065
1115,231098,Ice Age Scrat's Nutty Adventure,19,0.0065
1116,202197,JoJo's Bizarre Adventure: Eyes of Heaven,19,0.0065
1117,10002616,Lost Judgment,19,0.0065
1118,10010918,Mina the Hollower,19,0.0065
1119,10004427,MORDHAU,19,0.0065
1120,202573,MUBI,19,0.0065
1121,10006032,Neon White,19,0.0065
1122,10014094,OCTOPATH TRAVELER 0 PS4 & PS5,19,0.0065
1123,10002378,Persona 4 Arena Ultimax,19,0.0065
1124,224929,Prey,19,0.0065
1125,10002535,Space Engineers,19,0.0065
1126,10001684,Sportsnet,19,0.0065
1127,228844,SUPERHOT,19,0.0065
1128,10001837,The Dark Pictures Anthology: House of Ashes,19,0.0065
1129,10007767,Vampire: The Masquerade® - Bloodlines™ 2,19,0.0065
1130,10010443,Amer Fighting,18,0.0062
1131,10005565,Among Us 3D: VR,18,0.0062
1132,200450,Battlefield™ Hardline,18,0.0062
1133,10000854,Bugsnax,18,0.0062
1134,234578,Cat Quest II,18,0.0062
1135,10004142,CRISIS CORE –FINAL FANTASY VII– REUNION　PS4 & PS5,18,0.0062
1136,222836,Darkest Dungeon,18,0.0062
1137,222248,Destroy All Humans!,18,0.0062
1138,10019616,Ecchi Crush,18,0.0062
1139,10004764,Elite Sports Gaming Football,18,0.0062
1140,10001655,ENDER LILIES: Quietus of the Knights,18,0.0062
1141,10002761,Evil Dead: The Game,18,0.0062
1142,10005594,Fernbus - Coachbus Simulator,18,0.0062
1143,10000301,Ghostwire: Tokyo,18,0.0062
1144,10003084,Hot Wheels® Rift Rally,18,0.0062
1145,10004309,HUMANKIND™,18,0.0062
1146,232859,Judgment,18,0.0062
1147,10013938,Life is Strange: Reunion,18,0.0062
1148,228772,"MEGOGO: TV, Movies, Sports",18,0.0062
1149,10000346,Monster Truck Championship,18,0.0062
1150,10001248,NINJA GAIDEN Master Collection,18,0.0062
1151,235242,ONE PIECE ODYSSEY PS4 & PS5,18,0.0062
1152,203284,ONE PIECE: PIRATE WARRIORS 3,18,0.0062
1153,234884,Pacify,18,0.0062
1154,231136,Paw Patrol: On a Roll!,18,0.0062
1155,10000355,Skater XL,18,0.0062
1156,233238,Sniper Ghost Warrior Contracts,18,0.0062
1157,10004816,SYNDUALITY Echo of Ada,18,0.0062
1158,10005100,TEKKEN2,18,0.0062
1159,10000707,Thief Simulator,18,0.0062
1160,10009064,Tomb Raider IV-VI Remastered,18,0.0062
1161,10007968,Trepang2,18,0.0062
1162,10015587,Trippy Trader :  Schedule & Sell,18,0.0062
1163,10015221,Virtua Fighter 5 R.E.V.O. World Stage,18,0.0062
1164,233979,WWE 2K20,18,0.0062
1165,235411,Yet Another Zombie Defense HD,18,0.0062
1166,10001817,You Suck at Parking®,18,0.0062
1167,205441,Yu-Gi-Oh! Legacy of the Duelist,18,0.0062
1168,228903,A Hat in Time,17,0.0058
1169,232664,Ancestors: The Humankind Odyssey,17,0.0058
1170,10006478,Bang-On Balls: Chronicles,17,0.0058
1171,10013181,Baptiste,17,0.0058
1172,222086,Battle Islands: Commanders,17,0.0058
1173,229899,Biomutant,17,0.0058
1174,10012236,Blindfire,17,0.0058
1175,10004602,Bomb Rush Cyberfunk,17,0.0058
1176,10014085,Cairn,17,0.0058
1177,10002190,Capcom Arcade Stadium,17,0.0058
1178,10013255,Car For Sale Simulator 2023,17,0.0058
1179,10016216,Coloring Book,17,0.0058
1180,10011381,Easy Red 2,17,0.0058
1181,10011284,ESCAPE - BACKROOMS HORROR,17,0.0058
1182,10006168,Jusant,17,0.0058
1183,10009210,Killer Klowns from Outer Space: The Game,17,0.0058
1184,10016383,Mega Man Star Force Legacy Collection,17,0.0058
1185,202806,Metro Redux,17,0.0058
1186,10005309,Moving Out 2,17,0.0058
1187,10004025,NHL® 23 PS5™,17,0.0058
1188,227401,OUTRIDERS,17,0.0058
1189,10005142,Resident Evil Director’s Cut,17,0.0058
1190,232118,Resident Evil Revelations,17,0.0058
1191,216394,Sniper Ghost Warrior 3,17,0.0058
1192,10000888,SNIPER GHOST WARRIOR CONTRACTS 2,17,0.0058
1193,10016957,The Bus,17,0.0058
1194,10001458,Two Point Campus,17,0.0058
1195,10004448,Wizard with a Gun,17,0.0058
1196,231468,Adventure Time: Pirates of the Enchiridion,16,0.0055
1197,10002689,Atlas Fallen: Reign Of Sand,16,0.0055
1198,10006316,Atomic Heart,16,0.0055
1199,10016190,BALL x PIT,16,0.0055
1200,222186,Battle Ages,16,0.0055
1201,221878,Brawlout,16,0.0055
1202,200943,Deus Ex: Mankind Divided™,16,0.0055
1203,10001767,eFootball PES 2021 LITE,16,0.0055
1204,10002174,F1® 2021,16,0.0055
1205,235143,Family Feud,16,0.0055
1206,10012795,Farm Together 2,16,0.0055
1207,10016680,FATAL FRAME II: Crimson Butterfly REMAKE,16,0.0055
1208,216211,Firewatch,16,0.0055
1209,10000428,Godfall,16,0.0055
1210,10008904,Hello Kitty Island Adventure,16,0.0055
1211,10017347,JDM: Japanese Drift Master,16,0.0055
1212,234290,Lonely Mountains: Downhill,16,0.0055
1213,231109,Mega Man X Legacy Collection,16,0.0055
1214,233216,MLB® The Show™ 19,16,0.0055
1215,10003080,Monster Energy Supercross - The Official Videogame 5 PS4 & PS5,16,0.0055
1216,202600,MXGP - The Official Motocross Videogame,16,0.0055
1217,10001129,MXGP 2020 - The Official Motocross Videogame,16,0.0055
1218,10005126,OCTOPATH TRAVELER II PS4＆PS5,16,0.0055
1219,231375,ONE PIECE WORLD SEEKER,16,0.0055
1220,10011533,Onimusha 2: Samurai's Destiny,16,0.0055
1221,231374,Outward Definitive Edition,16,0.0055
1222,223057,Rad TV,16,0.0055
1223,232592,Realm Royale Reforged,16,0.0055
1224,10008579,S.T.A.L.K.E.R.: Call of Prypiat,16,0.0055
1225,232189,SEGA Mega Drive Classics,16,0.0055
1226,10001020,Swordsman VR,16,0.0055
1227,204826,The Last Guardian™,16,0.0055
1228,10003778,Thymesia,16,0.0055
1229,232235,WWE 2K19,16,0.0055
1230,228780,Yakuza Kiwami 2,16,0.0055
1231,10007376,Cactus Cowboy - Plants At War,15,0.0051
1232,10011839,Chained Climb Together,15,0.0051
1233,10009136,Copycat,15,0.0051
1234,10014471,Crime Scene Cleaner,15,0.0051
1235,10003484,Eiyuden Chronicle: Hundred Heroes,15,0.0051
1236,221902,Elite Dangerous,15,0.0051
1237,10012303,FBC: Firebreak,15,0.0051
1238,220518,FIFA 15,15,0.0051
1239,10005977,Ghostrunner 2,15,0.0051
1240,231092,Graveyard Keeper,15,0.0051
1241,10005248,GUNDAM BREAKER 4,15,0.0051
1242,10002096,Heavenly Bodies,15,0.0051
1243,10001289,Island Saver by NatWest,15,0.0051
1244,10003149,Lake,15,0.0051
1245,10001186,Life is Strange Remastered,15,0.0051
1246,234427,MediEvil,15,0.0051
1247,215408,MONOPOLY FAMILY FUN PACK,15,0.0051
1248,231327,MXGP PRO,15,0.0051
1249,227172,NARUTO SHIPPUDEN: Ultimate Ninja STORM 3 Full Burst,15,0.0051
1250,202458,Neon TV,15,0.0051
1251,10003316,ODDBALLERS,15,0.0051
1252,10003238,Pathfinder: Wrath of the Righteous,15,0.0051
1253,217710,Plague Inc: Evolved,15,0.0051
1254,229851,RIDE 3,15,0.0051
1255,234417,ShellShock Live,15,0.0051
1256,10008251,SHINOBI: Art of Vengeance,15,0.0051
1257,10003848,SpiderHeck,15,0.0051
1258,204187,Stan,15,0.0051
1259,234657,STAR WARS™: Squadrons,15,0.0051
1260,10008959,Starship Troopers: Extermination,15,0.0051
1261,235232,The Dark Pictures Anthology: Little Hope,15,0.0051
1262,233747,The Fisherman - Fishing Planet,15,0.0051
1263,234411,The Settlers®: New Allies,15,0.0051
1264,204538,Thief,15,0.0051
1265,10009776,Tour de France 2024,15,0.0051
1266,228712,デジモンストーリー サイバースルゥース ハッカーズメモリー,15,0.0051
1267,10005351,Aliens: Dark Descent,14,0.0048
1268,10004394,Ape Escape,14,0.0048
1269,200461,Battle Islands,14,0.0048
1270,200355,Beach Buggy Racing,14,0.0048
1271,10007943,Castlevania Dominus Collection,14,0.0048
1272,232987,Catherine: Full Body,14,0.0048
1273,201172,DRIVECLUB™,14,0.0048
1274,233450,DYSMANTLE,14,0.0048
1275,10003393,F1® 22,14,0.0048
1276,233081,FIA European Truck Racing Championship,14,0.0048
1277,232285,Fishing Sim World,14,0.0048
1278,10017062,Grind Survivors,14,0.0048
1279,202006,Hotline Miami,14,0.0048
1280,10005317,Immortals of Aveum™,14,0.0048
1281,202185,Jak II™,14,0.0048
1282,10001727,Kinopoisk,14,0.0048
1283,10007112,"Little Kitty, Big City",14,0.0048
1284,227871,Mass Effect™: Andromeda,14,0.0048
1285,10000771,Minecraft Legends,14,0.0048
1286,209177,Mirror's Edge™ Catalyst,14,0.0048
1287,10014780,Mixtape,14,0.0048
1288,10002216,Monopoly Madness,14,0.0048
1289,203150,NARUTO: Ultimate Ninja STORM,14,0.0048
1290,233719,Overpass,14,0.0048
1291,10004221,Persona 3 Portable,14,0.0048
1292,10000672,Persona®5 Strikers,14,0.0048
1293,10013625,Piece Out,14,0.0048
1294,10008237,Pinball FX Midnight,14,0.0048
1295,227578,PRO EVOLUTION SOCCER 2018,14,0.0048
1296,10000367,Pummel Party,14,0.0048
1297,235137,RACING BROS,14,0.0048
1298,204338,Sniper Elite V2 Remastered,14,0.0048
1299,10014874,South of Midnight,14,0.0048
1300,10002666,The Invincible,14,0.0048
1301,10013708,Twisted Metal™ 4,14,0.0048
1302,10001581,Visage,14,0.0048
1303,10015829,Yakuza 0 Director's Cut,14,0.0048
1304,203727,龍が如く０　誓いの場所,14,0.0048
1305,10002040,Amazon Freevee,13,0.0045
1306,10008588,Baby Steps,13,0.0045
1307,231064,Bad North,13,0.0045
1308,10003891,Capcom Arcade 2nd Stadium,13,0.0045
1309,10004083,Capcom Fighting Collection,13,0.0045
1310,10008639,Choo-Choo Charles,13,0.0045
1311,207135,Danganronpa 1.2 RELOAD,13,0.0045
1312,212419,Dead Rising 2: Off The Record,13,0.0045
1313,10002292,Disco Elysium - The Final Cut,13,0.0045
1314,10010353,DOOM + DOOM II,13,0.0045
1315,234453,DOOM 3,13,0.0045
1316,216967,Duck Game,13,0.0045
1317,201148,Dungeon Defenders II,13,0.0045
1318,10007652,Empire of the Ants,13,0.0045
1319,10004920,Fate/Samurai Remnant,13,0.0045
1320,234278,Fury Unleashed,13,0.0045
1321,10014479,Ganbare Goemon Assemble!,13,0.0045
1322,10014870,Haste,13,0.0045
1323,201927,Hustle Kings™,13,0.0045
1324,10015901,JOYN. Österreichs SuperStreamer,13,0.0045
1325,202448,LEGO® STAR WARS™: The Force Awakens,13,0.0045
1326,10004736,Mandragora: Whispers of the Witch Tree,13,0.0045
1327,202875,METAL SLUG™ ANTHOLOGY,13,0.0045
1328,10006305,MotoGP™23 PS4 & PS5,13,0.0045
1329,235325,NHL® 21,13,0.0045
1330,10003263,Nickelodeon Kart Racers 3: Slime Speedway,13,0.0045
1331,10005896,Persona 5 Tactica,13,0.0045
1332,10002422,Psychonauts 2,13,0.0045
1333,229997,RAGE 2,13,0.0045
1334,10013999,RENNSPORT,13,0.0045
1335,233003,RESIDENT EVIL RESISTANCE,13,0.0045
1336,10010255,Roboquest,13,0.0045
1337,10002595,Rubber Bandits,13,0.0045
1338,221751,Rugby League Live 4,13,0.0045
1339,10002085,Rumbleverse,13,0.0045
1340,234606,Super Meat Boy Forever,13,0.0045
1341,10011190,Supermarket Owner Simulator: Business,13,0.0045
1342,216542,The Surge,13,0.0045
1343,227247,The Walking Dead: A New Frontier,13,0.0045
1344,10003699,This War of Mine: Final Cut,13,0.0045
1345,10011401,TimeSplitters,13,0.0045
1346,10012764,Tour de France 2025,13,0.0045
1347,10013078,Trails in the Sky 1st Chapter,13,0.0045
1348,10013910,Yango Play,13,0.0045
1349,231037,A Plague Tale: Innocence,12,0.0041
1350,222909,ABSOLVER,12,0.0041
1351,10005283,Alone in the Dark,12,0.0041
1352,10002495,Arcadegeddon,12,0.0041
1353,10002805,CARRION,12,0.0041
1354,222958,Cartoon Network: Battle Crashers,12,0.0041
1355,10004791,CATAN® - Console Edition,12,0.0041
1356,234421,Contra Anniversary Collection,12,0.0041
1357,10005251,Cuties Hacked: Oh no someone stole my photos!,12,0.0041
1358,222995,EARTH DEFENSE FORCE 5,12,0.0041
1359,10003269,Far Cry® 3 Blood Dragon Classic Edition,12,0.0041
1360,10013503,Hellblade: Senua’s Sacrifice,12,0.0041
1361,233011,HUMANITY,12,0.0041
1362,10016908,Murky Divers,12,0.0041
1363,227888,NBA 2K18,12,0.0041
1364,10008521,Neva,12,0.0041
1365,10012997,NINJA GAIDEN 2 Black,12,0.0041
1366,203288,ONE PIECE BURNING BLOOD,12,0.0041
1367,10002601,Orcs Must Die! 3,12,0.0041
1368,10016008,Outbound,12,0.0041
1369,234722,PGA TOUR 2K21,12,0.0041
1370,232759,PIPE,12,0.0041
1371,221742,Pro Evolution Soccer 2017,12,0.0041
1372,10005099,R4 RIDGE RACER TYPE 4®,12,0.0041
1373,10004133,RimWorld Console Edition,12,0.0041
1374,10003098,Rugby 22,12,0.0041
1375,10008578,S.T.A.L.K.E.R.: Clear Sky,12,0.0041
1376,10010183,Sengoku Dynasty,12,0.0041
1377,10014385,Skate Story,12,0.0041
1378,204293,Skullgirls 2nd Encore,12,0.0041
1379,232885,Sky,12,0.0041
1380,203977,Spelunky,12,0.0041
1381,10010584,STAR WARS The Clone Wars,12,0.0041
1382,232076,SUPER BOMBERMAN R,12,0.0041
1383,10002244,Tails of Iron,12,0.0041
1384,204611,The Jackbox Party Pack,12,0.0041
1385,10000457,The Jackbox Party Pack 7,12,0.0041
1386,10004971,The Jackbox Party Starter,12,0.0041
1387,231467,THE KING OF FIGHTERS '97 GLOBAL MATCH,12,0.0041
1388,10001568,THE PEDESTRIAN,12,0.0041
1389,10013971,The Rogue Prince of Persia™,12,0.0041
1390,232743,Unturned,12,0.0041
1391,234709,Werewolf: The Apocalypse - Earthblood,12,0.0041
1392,10001104,Who Wants to Be a Millionaire?,12,0.0041
1393,10000898,Worms Rumble,12,0.0041
1394,10000579,WRC 9 FIA World Rally Championship,12,0.0041
1395,201415,地球防衛軍４.１ THE SHADOW OF NEW DESPAIR,12,0.0041
1396,10010964,AAA Dynamic Scenes,11,0.0038
1397,10004957,Age of Wonders 4,11,0.0038
1398,232682,ASTRO BOT Rescue Mission,11,0.0038
1399,10013958,BlazBlue Entropy Effect X,11,0.0038
1400,10003367,Boomerang Fu,11,0.0038
1401,10010756,Bus Bound,11,0.0038
1402,10011929,Bus Driving Simulator : EVO,11,0.0038
1403,231919,Bus Simulator,11,0.0038
1404,10000938,Call of The Sea,11,0.0038
1405,10006464,Dark Deception,11,0.0038
1406,10014258,Darwin's Paradox!,11,0.0038
1407,10007257,discovery+ | Stream TV Shows,11,0.0038
1408,233884,DOOM (1993),11,0.0038
1409,201406,FIFA 16,11,0.0038
1410,10002344,FINAL FANTASY VI,11,0.0038
1411,10001291,Ghostrunner,11,0.0038
1412,10003965,Goat Simulator: Remastered,11,0.0038
1413,233031,GreedFall,11,0.0038
1414,10009582,Halloween Puzzle,11,0.0038
1415,10009634,Highway Drifter: Hajwala Simulator,11,0.0038
1416,233361,Hitman: Absolution HD,11,0.0038
1417,202363,Kung Fu Panda: Showdown of Legendary Legends,11,0.0038
1418,10014603,LEGO® Party!,11,0.0038
1419,232667,Madden NFL 20,11,0.0038
1420,10002991,MechWarrior 5: Mercenaries,11,0.0038
1421,202880,METAL SLUG 3,11,0.0038
1422,202865,Minecraft Story Mode,11,0.0038
1423,234651,Monster Energy Supercross - The Official Videogame 3,11,0.0038
1424,229817,Moonlighter,11,0.0038
1425,10009581,MotoGP™24,11,0.0038
1426,229659,MX vs. ATV Supercross Encore,11,0.0038
1427,10009066,OCTOPATH TRAVELER PS4＆PS5,11,0.0038
1428,10005398,Puzzle Quest 3: Match 3 RPG,11,0.0038
1429,10001263,SAMURAI WARRIORS 5,11,0.0038
1430,227988,Space Hulk: Deathwing,11,0.0038
1431,10014866,STARSEEKER: Astroneer Expeditions,11,0.0038
1432,227469,Stellaris: Console Edition,11,0.0038
1433,10006487,Story of Seasons : A Wonderful life,11,0.0038
1434,10002585,STRANGER OF PARADISE FINAL FANTASY ORIGIN PS4 & PS5,11,0.0038
1435,10016308,Subway Simulator 2025 - City Train,11,0.0038
1436,10012979,Sudden Strike 5,11,0.0038
1437,10007610,SUPER ROBOT WARS Y,11,0.0038
1438,10016368,Thomas & Friends™: Wonders of Sodor,11,0.0038
1439,10010747,Tomb Raider: Legend,11,0.0038
1440,10006507,Transport Fever 2: Console Edition,11,0.0038
1441,10000648,Tribes of Midgard,11,0.0038
1442,10005045,UNDER NIGHT IN-BIRTH II Sys:Celes,11,0.0038
1443,10005624,We Love Katamari REROLL+ Royal Reverie,11,0.0038
1444,232887,Wolfenstein: Youngblood,11,0.0038
1445,213379,Worms Battlegrounds,11,0.0038
1446,10012694,Airplane Flight Simulator : EVO,10,0.0034
1447,10007732,Ambulance Life: A Paramedic Simulator,10,0.0034
1448,229723,BLAZBLUE CROSS TAG BATTLE,10,0.0034
1449,227087,Bloons TD 5,10,0.0034
1450,10002857,Bunny Raiders,10,0.0034
1451,10017883,Carry The Glass,10,0.0034
1452,10016878,Cash Cleaner Simulator,10,0.0034
1453,10009174,Clue,10,0.0034
1454,10007630,Disney•Pixar Up,10,0.0034
1455,221868,Dragon Quest X Online,10,0.0034
1456,10005462,DRIFTCE,10,0.0034
1457,229931,Drunkn Bar Fight,10,0.0034
1458,221097,DYNASTY WARRIORS 8 Empires,10,0.0034
1459,10016736,EA SPORTS™ Madden NFL 27,10,0.0034
1460,201314,EA SPORTS™ UFC®,10,0.0034
1461,10018902,Ecchi Secrets,10,0.0034
1462,10001440,Endling - Extinction is Forever,10,0.0034
1463,234806,Erica,10,0.0034
1464,231485,F1® 2018,10,0.0034
1465,233110,F1® 2019,10,0.0034
1466,216213,Farming Simulator 17,10,0.0034
1467,235192,Five Nights at Freddy's 3,10,0.0034
1468,10008128,Football Manager 2024 Console,10,0.0034
1469,10012804,Formula Legends,10,0.0034
1470,10008442,Frostpunk 2,10,0.0034
1471,234646,Gigantosaurus The Game,10,0.0034
1472,10012536,Hellblade II: Senua’s Saga,10,0.0034
1473,202007,Hotline Miami 2: Wrong Number,10,0.0034
1474,10017580,House Flipper Remastered Collection,10,0.0034
1475,10000328,KINGDOM HEARTS Melody of Memory,10,0.0034
1476,225226,Knowledge is Power™,10,0.0034
1477,10014325,Labyrinthine - Console Edition,10,0.0034
1478,232460,Legendary Fishing,10,0.0034
1479,10012994,Midnight Murder Club,10,0.0034
1480,10004098,MotoGP™22,10,0.0034
1481,209608,Mount & Blade: Warband,10,0.0034
1482,224897,Move or Die,10,0.0034
1483,10012017,My Little Universe,10,0.0034
1484,10000853,Nobody Saves the World,10,0.0034
1485,10000832,ONEE CHANBARA ORIGIN,10,0.0034
1486,10004662,Opus Castle,10,0.0034
1487,203307,Peggle 2,10,0.0034
1488,231796,Phoenix Wright: Ace Attorney Trilogy,10,0.0034
1489,10003295,Postal: Brain Damaged,10,0.0034
1490,10017371,Puzzle Galaxy,10,0.0034
1491,10009131,Puzzle Journey,10,0.0034
1492,231129,Remnant: From the Ashes,10,0.0034
1493,10004653,Resistance: Retribution,10,0.0034
1494,10001073,RiMS Racing,10,0.0034
1495,10003140,Sally Face,10,0.0034
1496,10018078,Stick Infinite Kingdom,10,0.0034
1497,232168,The Jackbox Party Pack 5,10,0.0034
1498,234226,The Jackbox Party Pack 6,10,0.0034
1499,205041,The Order: 1886,10,0.0034
1500,10007284,The Walking Dead: Saints & Sinners,10,0.0034
1501,230059,Trine 4: The Nightmare Prince,10,0.0034
1502,232234,Truck Driver,10,0.0034
1503,10013707,Twisted Metal™ III,10,0.0034
1504,10003373,Ultros,10,0.0034
1505,10005244,Under The Waves,10,0.0034
1506,10004312,Venba,10,0.0034
1507,10004601,Videoland,10,0.0034
1508,10000743,Virtua Fighter 5 Ultimate Showdown,10,0.0034
1509,10008215,Visions of Mana,10,0.0034
1510,227580,WRC 7 FIA World Rally Championship,10,0.0034
1511,221659,ABZU,9,0.0031
1512,10005823,AFL 23,9,0.0031
1513,200510,Blacklight: Retribution,9,0.0031
1514,10002921,Chernobylite Complete Edition,9,0.0031
1515,10005446,COCOON,9,0.0031
1516,10000563,Curse of the Dead Gods,9,0.0031
1517,10003353,Dakar Desert Rally,9,0.0031
1518,225577,Dead Rising,9,0.0031
1519,10009074,Dead Rising Deluxe Remaster,9,0.0031
1520,10003808,Death's Door,9,0.0031
1521,225086,Death Squared,9,0.0031
1522,227129,DiRT 4,9,0.0031
1523,201156,Don't Starve: Console Edition,9,0.0031
1524,231073,DRAGON QUEST BUILDERS 2,9,0.0031
1525,10015142,Drunkn Bar Fight 2,9,0.0031
1526,10006217,Extreme Cycling,9,0.0031
1527,229801,Fist of the North Star: Lost Paradise,9,0.0031
1528,10017204,FLOCKOUT,9,0.0031
1529,10004021,FOAMSTARS,9,0.0031
1530,235198,Freddy Fazbear's Pizzeria Simulator,9,0.0031
1531,10009469,Funko Fusion,9,0.0031
1532,10014080,Gaelic Football Laochra,9,0.0031
1533,235154,GORN,9,0.0031
1534,10004151,Harry Potter: Quidditch Champions,9,0.0031
1535,10008685,Hi-Fi RUSH,9,0.0031
1536,10001919,Hotel Transylvania: Scary-Tale Adventures,9,0.0031
1537,10007325,HUNTER×HUNTER NEN×IMPACT,9,0.0031
1538,10009434,iQIYI,9,0.0031
1539,202276,Journey,9,0.0031
1540,10000882,LACROSSE 26,9,0.0031
1541,10003583,Lawn Mowing Simulator,9,0.0031
1542,202615,MAGICKA® 2,9,0.0031
1543,202697,Mega Man Legacy Collection,9,0.0031
1544,231531,Mega Man X Legacy Collection 2,9,0.0031
1545,10000838,Monster Energy Supercross - The Official Videogame 4,9,0.0031
1546,231815,MY HERO ONE’S JUSTICE,9,0.0031
1547,10007685,My Time at Sandrock,9,0.0031
1548,10004284,Nun Massacre,9,0.0031
1549,10009073,PAC-MAN WORLD 2 Re-PAC,9,0.0031
1550,216569,Pinball FX3,9,0.0031
1551,10006226,Professional Baseball Spirits 2024-2025,9,0.0031
1552,10000431,Puyo Puyo™ Tetris® 2,9,0.0031
1553,203706,RESOGUN™,9,0.0031
1554,10015861,RIDGE RACER,9,0.0031
1555,221784,Shadow Warrior 2,9,0.0031
1556,10010133,Shave & Stuff,9,0.0031
1557,10000341,Shin Megami Tensei III Nocturne HD Remaster,9,0.0031
1558,10000469,STAR WARS™ REPUBLIC COMMANDO™,9,0.0031
1559,228859,SWORD ART ONLINE: FATAL BULLET,9,0.0031
1560,10001404,Syberia - The World Before,9,0.0031
1561,10008356,Taiko no Tatsujin: Rhythm Festival,9,0.0031
1562,10001170,Temtem,9,0.0031
1563,10001332,Terminator: Resistance Enhanced,9,0.0031
1564,10003342,THE HOUSE OF THE DEAD: Remake,9,0.0031
1565,204613,The Jackbox Party Pack 2,9,0.0031
1566,228852,The Jackbox Party Pack 4,9,0.0031
1567,10003392,THE KING OF FIGHTERS '98 ULTIMATE MATCH FINAL EDITION,9,0.0031
1568,10005554,The Last Faith,9,0.0031
1569,10000974,THE PLAYROOM,9,0.0031
1570,10001340,The Sinking City Remastered,9,0.0031
1571,10004517,THEATRHYTHM FINAL BAR LINE,9,0.0031
1572,10011514,TRAIL OUT,9,0.0031
1573,10015887,TVer/民放公式テレビ配信サービス,9,0.0031
1574,205146,Unravel,9,0.0031
1575,10001701,"Warhammer 40,000: Battlesector",9,0.0031
1576,218800,WARRIORS OROCHI 4 Ultimate,9,0.0031
1577,205522,Zombie Army Trilogy,9,0.0031
1578,200163,A.O.T. Wings of Freedom,8,0.0027
1579,10007306,Aces of Thunder,8,0.0027
1580,10013233,Anger Foot,8,0.0027
1581,216879,Aragami,8,0.0027
1582,218739,ARCADE GAME SERIES: GALAGA,8,0.0027
1583,227097,Arizona Sunshine®,8,0.0027
1584,10012240,Atelier Yumia: The Alchemist of Memories & the Envisioned Land,8,0.0027
1585,10007896,Atomfall,8,0.0027
1586,228068,Bulletstorm: Full Clip Edition,8,0.0027
1587,231069,Children of Morta,8,0.0027
1588,224825,Clustertruck,8,0.0027
1589,233628,Concrete Genie,8,0.0027
1590,10009392,Crow Country,8,0.0027
1591,232551,Darksiders Genesis,8,0.0027
1592,227688,Darksiders III,8,0.0027
1593,10005947,Daxter,8,0.0027
1594,10002989,DEEEER Simulator: Your Average Everyday Deer Game,8,0.0027
1595,10010640,Docked,8,0.0027
1596,10010701,DRAGON QUEST I & II HD-2D Remake,8,0.0027
1597,10006907,Drums Rock,8,0.0027
1598,225095,Duke Nukem 3D: 20th Anniversary World Tour,8,0.0027
1599,10001019,EARTH DEFENSE FORCE: WORLD BROTHERS,8,0.0027
1600,217065,Emily Wants To Play,8,0.0027
1601,10012639,EVERYBODY'S GOLF HOT SHOTS,8,0.0027
1602,10001095,Exoprimal,8,0.0027
1603,10002934,FAR: Changing Tides,8,0.0027
1604,10011662,Fears to Fathom - Ironbark Lookout,8,0.0027
1605,10015084,Fire & Water,8,0.0027
1606,232939,Forager,8,0.0027
1607,10014031,GORN 2,8,0.0027
1608,201946,Grand Theft Auto 3,8,0.0027
1609,216263,Hawken,8,0.0027
1610,202013,HELLDIVERS™,8,0.0027
1611,202024,Homefront®: The Revolution,8,0.0027
1612,231863,Hotshot Racing,8,0.0027
1613,10003895,Hypercharge: Unboxed,8,0.0027
1614,232537,Idle Champions,8,0.0027
1615,10002709,Isonzo,8,0.0027
1616,233283,Jumanji: The Video Game,8,0.0027
1617,10003980,Kao the Kangaroo,8,0.0027
1618,10006484,Killzone: Liberation,8,0.0027
1619,10012698,Legacy of Kain: Defiance PS4 & PS5,8,0.0027
1620,229439,Life is Strange: Before the Storm,8,0.0027
1621,10008306,Like a Dragon Gaiden: The Man Who Erased His Name PS4 & PS5,8,0.0027
1622,10001408,Matchpoint - Tennis Championships,8,0.0027
1623,231110,Mega Man 11,8,0.0027
1624,202861,METAL GEAR SOLID V: GROUND ZEROES,8,0.0027
1625,217487,Monster Boy and the Cursed Kingdom,8,0.0027
1626,10012399,Monster Train 2,8,0.0027
1627,10001934,MotoGP™21,8,0.0027
1628,233530,MXGP 2019 - The Official Motocross Videogame,8,0.0027
1629,10000272,NieR Replicant ver.1.22474487139…,8,0.0027
1630,10008849,Nikoderiko: The Magical World - Director's Cut,8,0.0027
1631,10002589,Operation: Tango,8,0.0027
1632,233519,Party Panic,8,0.0027
1633,10005587,POSTAL 4: No Regerts,8,0.0027
1634,203654,Rabbids Invasion: The Interactive TV Show,8,0.0027
1635,230220,Rapala Fishing: Pro Series,8,0.0027
1636,203761,Rocksmith 2014,8,0.0027
1637,10003640,Röki,8,0.0027
1638,233755,Rugby 20,8,0.0027
1639,10003231,Salt and Sacrifice,8,0.0027
1640,204506,Serious Sam Collection,8,0.0027
1641,204305,Slender - The Arrival,8,0.0027
1642,10004688,Source of Madness,8,0.0027
1643,235122,STAR WARS™ Jedi Knight: Jedi Academy,8,0.0027
1644,10013169,Subside,8,0.0027
1645,234759,Super Mega Baseball 3,8,0.0027
1646,219797,Table Top Racing: World Tour,8,0.0027
1647,10001956,Tactics Ogre: Reborn,8,0.0027
1648,10004172,The Talos Principle 2,8,0.0027
1649,204873,The Walking Dead: Season 2,8,0.0027
1650,204807,The Wolf Among Us,8,0.0027
1651,10002062,Tormented Souls,8,0.0027
1652,10008366,Twisted Metal,8,0.0027
1653,10009660,Two Point Museum,8,0.0027
1654,10004486,Until Then,8,0.0027
1655,233226,Warhammer: Chaosbane,8,0.0027
1656,10001633,WE WERE HERE,8,0.0027
1657,10007597,We Were Here Expeditions: The FriendShip,8,0.0027
1658,10013208,Weed Lord Simulator,8,0.0027
1659,10011231,Wild Arms™ 4,8,0.0027
1660,10005161,WILD HEARTS™,8,0.0027
1661,234734,WWE 2K Battlegrounds,8,0.0027
1662,10003293,Zenith: The Last City,8,0.0027
1663,10003916,ACA NEOGEO THE KING OF FIGHTERS 2002,7,0.0024
1664,10013799,AFL 26,7,0.0024
1665,10000812,ALEX KIDD IN MIRACLE WORLD DX,7,0.0024
1666,206089,ALIENATION™,7,0.0024
1667,10009035,Alone in the Dark: The New Nightmare (2001),7,0.0024
1668,10001119,ANNO: Mutationem,7,0.0024
1669,10008622,Arizona Sunshine® VR 2,7,0.0024
1670,232792,Bendy and the Ink Machine,7,0.0024
1671,227092,BERSERK and the Band of the Hawk,7,0.0024
1672,229724,Black Clover: Quartet Knights,7,0.0024
1673,10014170,Bread & Fred,7,0.0024
1674,10007683,Brothers: A Tale of Two Sons Remake,7,0.0024
1675,10001709,Chef Life: A Restaurant Simulator,7,0.0024
1676,234544,CONTRA: ROGUE CORPS,7,0.0024
1677,10000351,Crysis 2 Remastered,7,0.0024
1678,10011097,Daemon X Machina: Titanic Scion,7,0.0024
1679,234788,Darwin Project,7,0.0024
1680,10011522,Dating Stories,7,0.0024
1681,225123,Death Road to Canada,7,0.0024
1682,10004750,Destroy All Humans! Clone Carnage,7,0.0024
1683,228711,DJMAX RESPECT,7,0.0024
1684,234454,DOOM 64,7,0.0024
1685,10013703,DUCKSIDE (Early Access),7,0.0024
1686,221177,DYNASTY WARRIORS 8: Xtreme Legends Complete Edition,7,0.0024
1687,10002570,Eldest Souls,7,0.0024
1688,10008320,Electrician Simulator,7,0.0024
1689,10001730,Embr,7,0.0024
1690,233566,Fantasy Strike,7,0.0024
1691,10002339,FINAL FANTASY,7,0.0024
1692,10004348,Firefighting Simulator - The Squad PS4™ & PS5™,7,0.0024
1693,10000846,Forspoken,7,0.0024
1694,10000318,FuzzBall,7,0.0024
1695,201815,Gauntlet™,7,0.0024
1696,10010578,Ghosthunter,7,0.0024
1697,234650,GRIS,7,0.0024
1698,201784,GUNS UP!™,7,0.0024
1699,232798,Harold Halibut,7,0.0024
1700,216278,Hatsune Miku: Project DIVA X,7,0.0024
1701,10009016,Heavy Cargo - The Truck Simulator,7,0.0024
1702,10003404,Hobo: Tough Life,7,0.0024
1703,10000348,Hunting Simulator 2,7,0.0024
1704,10007635,Indiana Jones and the Staff of Kings,7,0.0024
1705,202214,Jak and Daxter™: the Precursor Legacy,7,0.0024
1706,230156,Jeopardy!®,7,0.0024
1707,10008983,KIBORG,7,0.0024
1708,231088,Kingdom: New Lands,7,0.0024
1709,207894,Kitten Squad,7,0.0024
1710,10001187,Life is Strange Remastered Collection,7,0.0024
1711,10017404,Ligue 1+,7,0.0024
1712,10004480,Like a Dragon: Ishin! PS4 & PS5,7,0.0024
1713,10013643,Lokko,7,0.0024
1714,10019788,Lost Lands X,7,0.0024
1715,216719,Madden NFL 18,7,0.0024
1716,10014333,Maestro,7,0.0024
1717,227158,Marvel’s Guardians of the Galaxy: The Telltale Series,7,0.0024
1718,218857,NBA 2K17,7,0.0024
1719,10012016,NBA BOUNCE,7,0.0024
1720,10005857,New Star™ GP,7,0.0024
1721,228797,Ni no Kuni™ II: Revenant Kingdom,7,0.0024
1722,10004267,No More Heroes 3,7,0.0024
1723,227431,Oddworld: Soulstorm,7,0.0024
1724,228148,PaRappa The Rapper™ Remastered,7,0.0024
1725,10000334,PING REDUX,7,0.0024
1726,10005715,Quake II,7,0.0024
1727,232117,Resident Evil Code: Veronica X,7,0.0024
1728,10000404,Resident Evil Re:Verse,7,0.0024
1729,10001697,SEASON: A letter to the future,7,0.0024
1730,227190,Shadow Tactics,7,0.0024
1731,10002224,Shadow Warrior 3,7,0.0024
1732,10011189,Shieldwall,7,0.0024
1733,204339,Sniper Elite 3,7,0.0024
1734,204320,SOMA,7,0.0024
1735,10003187,Steelrising,7,0.0024
1736,10003849,Stranded: Alien Dawn,7,0.0024
1737,10004838,SUPER BOMBERMAN R 2,7,0.0024
1738,10015730,Super Meat Boy 3D,7,0.0024
1739,204042,Super Mega Baseball,7,0.0024
1740,10013318,SuperPower,7,0.0024
1741,233784,Surviving the Aftermath,7,0.0024
1742,228687,Tennis World Tour,7,0.0024
1743,204598,The Escapists,7,0.0024
1744,10003120,The Jackbox Party Pack 8,7,0.0024
1745,10002497,The Light in the Darkness,7,0.0024
1746,10004087,The Matrix Awakens: An Unreal Engine 5 Experience,7,0.0024
1747,10006285,The Mortuary Assistant,7,0.0024
1748,204868,The Walking Dead: Season 1,7,0.0024
1749,10008744,Tormented Souls 2,7,0.0024
1750,10002261,Trivial Pursuit Live! 2,7,0.0024
1751,10009733,Turbo Overkill,7,0.0024
1752,10008368,Twisted Metal 2,7,0.0024
1753,10003851,Walkabout Mini Golf,7,0.0024
1754,10007299,Waltz of the Wizard,7,0.0024
1755,231180,"Warhammer 40,000: Inquisitor - Martyr",7,0.0024
1756,10016640,"Warhammer 40,000: Speed Freeks",7,0.0024
1757,228890,We Happy Few,7,0.0024
1758,233520,Yakuza 5 Remastered,7,0.0024
1759,205514,ZOMBI,7,0.0024
1760,10009319,Ace Attorney Investigations Collection,6,0.0021
1761,10006488,AI LIMIT,6,0.0021
1762,206071,America's Army: Proving Grounds,6,0.0021
1763,221671,Amnesia Collection,6,0.0021
1764,10007451,Amnesia: The Bunker,6,0.0021
1765,10019115,Aooni,6,0.0021
1766,216042,ARCADE GAME SERIES: DIG DUG,6,0.0021
1767,228048,Baja: Edge of Control HD,6,0.0021
1768,224815,Battle Chasers: Nightwar,6,0.0021
1769,10002398,Beach Buggy Racing 2: Island Adventure,6,0.0021
1770,10013480,Bendy and the Dark Revival,6,0.0021
1771,10013479,Bendy and the Ink Machine,6,0.0021
1772,228679,Bloodstained: Ritual of the Night,6,0.0021
1773,231065,Bomber Crew,6,0.0021
1774,10016169,Carmageddon: Rogue Shift,6,0.0021
1775,10002499,Castlevania Advance Collection,6,0.0021
1776,10014202,Chained Up Together,6,0.0021
1777,10012908,Code Violet,6,0.0021
1778,10004780,Coffee Talk Episode 2: Hibiscus & Butterfly,6,0.0021
1779,10010232,CONSCRIPT,6,0.0021
1780,10007962,Contra: Operation Galuga,6,0.0021
1781,10000353,Crysis 3 Remastered,6,0.0021
1782,201189,Dark Cloud™,6,0.0021
1783,206958,Dark Cloud™ 2,6,0.0021
1784,10009838,Date Z,6,0.0021
1785,227309,Dead Rising 4: Frank's Big Package,6,0.0021
1786,207297,Digimon World: Next Order,6,0.0021
1787,10005160,Dino Crisis,6,0.0021
1788,10002854,DNF Duel,6,0.0021
1789,230137,Dragon's Crown Pro,6,0.0021
1790,10001407,DYNASTY WARRIORS 9 Empires,6,0.0021
1791,10005031,echoshift,6,0.0021
1792,10010653,ENDER MAGNOLIA: Bloom in the Mist,6,0.0021
1793,225118,Euro Fishing,6,0.0021
1794,207034,Everybody's Tennis™,6,0.0021
1795,10009226,Extreme Offroad Racing VR,6,0.0021
1796,201645,Farming Simulator 15,6,0.0021
1797,10011333,FATE: Reawakened,6,0.0021
1798,10002341,FINAL FANTASY III,6,0.0021
1799,10013893,Finding Frankie,6,0.0021
1800,217102,Furi,6,0.0021
1801,10011844,Ghosts of Tabor,6,0.0021
1802,201731,GOD EATER RESURRECTION,6,0.0021
1803,227122,Guilty Gear Xrd REV 2,6,0.0021
1804,201805,"Guns, Gore and Cannoli",6,0.0021
1805,216277,Hatsune Miku: VR Future Live,6,0.0021
1806,231712,HiQ Ace,6,0.0021
1807,10000276,Horror Adventure (PSVR2),6,0.0021
1808,227392,Hunting Simulator,6,0.0021
1809,10000308,Jump King,6,0.0021
1810,233987,Just Dance® 2020,6,0.0021
1811,233233,Just Die Already,6,0.0021
1812,232735,Kingdom: Two Crowns,6,0.0021
1813,10016782,Kiosk,6,0.0021
1814,10016155,Legacy of Kain: Defiance Remastered,6,0.0021
1815,10009386,LET IT DIE: INFERNO,6,0.0021
1816,10000306,Love Live! School Idol Festival ~after school ACTIVITY~ Wai-Wai!Home Meeting!!,6,0.0021
1817,218717,Mahjong,6,0.0021
1818,10000430,Monster Jam Steel Titans 2,6,0.0021
1819,232689,Monster Jam: Steel Titans,6,0.0021
1820,229162,Moss VR,6,0.0021
1821,233375,MotoGP™19,6,0.0021
1822,10000294,MotoGP™20,6,0.0021
1823,10018133,MOTORSLICE,6,0.0021
1824,10012923,My Name is Mayo: Remayo,6,0.0021
1825,224893,NBA LIVE 18,6,0.0021
1826,10000314,Neon Abyss,6,0.0021
1827,10003227,Nexomon,6,0.0021
1828,235421,Nickelodeon Kart Racers 2: Grand Prix,6,0.0021
1829,10005197,Oddworld: Abe's Oddysee (PS1 emulation),6,0.0021
1830,216640,ŌKAMI HD,6,0.0021
1831,10010552,ONCE UPON A KATAMARI,6,0.0021
1832,234384,ONE PUNCH MAN: A HERO NOBODY KNOWS,6,0.0021
1833,231377,Onimusha: Warlords,6,0.0021
1834,230008,ONRUSH™,6,0.0021
1835,10009532,Paper io 2,6,0.0021
1836,203372,Pathé Thuis,6,0.0021
1837,10005043,Pinball Heroes,6,0.0021
1838,10007967,Pizza Possum,6,0.0021
1839,220337,PlayStation®VR Demo Disc,6,0.0021
1840,10005918,Potion Craft: Alchemist Simulator,6,0.0021
1841,221998,Project CARS 2,6,0.0021
1842,222873,Ride 2,6,0.0021
1843,229278,RTVE,6,0.0021
1844,220657,Rugby League Live 3,6,0.0021
1845,10017762,Rune Dice,6,0.0021
1846,213748,Saints Row: Gat out of Hell,6,0.0021
1847,235097,SCARLET NEXUS,6,0.0021
1848,10000698,Scott Pilgrim vs. The World™: The Game – Complete Edition,6,0.0021
1849,233364,SD GUNDAM G 世代 火線縱橫,6,0.0021
1850,10004226,Sea of Stars: Sunset Edition,6,0.0021
1851,10007598,Secret Agent Clank,6,0.0021
1852,10005039,Ship of Fools,6,0.0021
1853,203974,Shovel Knight: Treasure Trove,6,0.0021
1854,232487,Slaps And Beans,6,0.0021
1855,233255,Snooker 19,6,0.0021
1856,10013240,Soulstone Survivors,6,0.0021
1857,233743,STAR OCEAN First Departure R,6,0.0021
1858,10014966,Star Trek™: Voyager® - Across the Unknown,6,0.0021
1859,10002872,Star+,6,0.0021
1860,10007986,Stay Out of the House,6,0.0021
1861,10003254,STORY OF SEASONS: Pioneers of Olive Town,6,0.0021
1862,10015390,SUPER BOMBERMAN COLLECTION,6,0.0021
1863,230315,SUPERHOT VR,6,0.0021
1864,10004721,SWORD ART ONLINE Last Recollection PS4 & PS5,6,0.0021
1865,10008573,Tales of Xillia Remastered,6,0.0021
1866,10009199,Teenage Mutant Ninja Turtles Arcade: Wrath of the Mutants,6,0.0021
1867,10011758,Tennis Elbow 4,6,0.0021
1868,10012469,Terminator 2D: NO FATE,6,0.0021
1869,213181,Tetris® Ultimate,6,0.0021
1870,10015316,The Caribou Trail,6,0.0021
1871,10008355,The Jackbox Party Pack 10,6,0.0021
1872,10014727,The Jackbox Party Pack 11,6,0.0021
1873,228639,The Last of Us™ Left Behind Remastered,6,0.0021
1874,10012789,The Legend of Heroes: Trails beyond the Horizon,6,0.0021
1875,232129,The Walking Dead: The Final Season,6,0.0021
1876,10010587,Thief Simulator 2,6,0.0021
1877,10007618,Thrillville,6,0.0021
1878,211798,Thumper,6,0.0021
1879,10002134,Trek to Yomi,6,0.0021
1880,234779,TT Isle of Man - Ride on the Edge 2,6,0.0021
1881,10012456,Two Strikes,6,0.0021
1882,10009766,UNBEATABLE,6,0.0021
1883,10004687,Unpacking,6,0.0021
1884,10002430,We Were Here Forever,6,0.0021
1885,10014965,WEED SHOP SIMULATOR,6,0.0021
1886,10004899,Worms Armageddon [PS1 Emulation],6,0.0021
1887,205372,WRC 5 FIA World Rally Championship,6,0.0021
1888,221809,Ys VIII: Lacrimosa of DANA,6,0.0021
1889,207051,ドラゴンクエストXI　過ぎ去りし時を求めて,6,0.0021
1890,10014949,20th Century Beauties,5,0.0017
1891,10005843,A Space for the Unbound,5,0.0017
1892,10004880,Achilles: Legends Untold,5,0.0017
1893,10008182,AK-xolotl,5,0.0017
1894,10011255,Alien Hominid HD,5,0.0017
1895,10015301,Alien: Rogue Incursion Evolved Edition,5,0.0017
1896,10004478,Alien: Rogue Incursion VR,5,0.0017
1897,10002794,Aliens: Fireteam Elite PS4 & PS5,5,0.0017
1898,10006390,Apollo Justice: Ace Attorney Trilogy,5,0.0017
1899,10001021,Aragami 2,5,0.0017
1900,10017965,Artifact Seekers,5,0.0017
1901,212280,Assassin’s Creed® Chronicles: Russia,5,0.0017
1902,10013501,Backrooms: Together Escape,5,0.0017
1903,10001906,Big Rumble Boxing: Creed Champions,5,0.0017
1904,10005336,Bratz™: Flaunt Your Fashion,5,0.0017
1905,229453,Cat Quest,5,0.0017
1906,200740,Child of Light,5,0.0017
1907,10016611,Clean Up Earth,5,0.0017
1908,10002901,Climate Station,5,0.0017
1909,10003516,Crash Team Rumble™,5,0.0017
1910,233436,Cricket 19,5,0.0017
1911,10003601,Cricket 22,5,0.0017
1912,10005891,Crossfire: Sierra Squad,5,0.0017
1913,10004926,Cursed to Golf,5,0.0017
1914,223088,Danganronpa V3: Killing Harmony,5,0.0017
1915,232700,Darkwood,5,0.0017
1916,10013737,Deer & Boy,5,0.0017
1917,230136,Defiance 2050,5,0.0017
1918,234764,Disney Classic Games: Aladdin and The Lion King,5,0.0017
1919,228706,DISSIDIA FINAL FANTASY NT,5,0.0017
1920,10010018,DRAGON QUEST III HD-2D Remake,5,0.0017
1921,10011875,Dreamcore,5,0.0017
1922,10002162,ENDLESS™ Dungeon - Definitive Edition,5,0.0017
1923,10004281,F1® Manager 2022,5,0.0017
1924,227751,F1™ 2017,5,0.0017
1925,10013482,FANTASY LIFE i: The Girl Who Steals Time,5,0.0017
1926,10008208,Feverdream: Rainbow Chaser,5,0.0017
1927,10002342,FINAL FANTASY IV,5,0.0017
1928,10002343,FINAL FANTASY V,5,0.0017
1929,235194,Five Nights at Freddy's: Sister Location,5,0.0017
1930,10008663,FOD,5,0.0017
1931,10008051,Friends vs Friends,5,0.0017
1932,216500,G-GENERATION GENESIS,5,0.0017
1933,218240,Game of Thrones,5,0.0017
1934,207361,Get Even,5,0.0017
1935,10014230,Gex Trilogy,5,0.0017
1936,213539,GOD EATER 2 RAGE BURST,5,0.0017
1937,226357,Gravity Rush™ Remastered,5,0.0017
1938,232889,Gun Club VR,5,0.0017
1939,10013883,Halls of Torment,5,0.0017
1940,10006999,Horizon Chase 2,5,0.0017
1941,10008038,I am an Air Traffic Controller AIRPORT HERO HANEDA,5,0.0017
1942,10011644,inKONBINI: One Store. Many Stories,5,0.0017
1943,202184,Jak 3™,5,0.0017
1944,10007600,Jak and Daxter: The Lost Frontier,5,0.0017
1945,10004438,Kayak VR: Mirage,5,0.0017
1946,10003085,KID A MNESIA EXHIBITION,5,0.0017
1947,10001230,Kill It With Fire,5,0.0017
1948,10005532,Kill It With Fire VR,5,0.0017
1949,10015504,KLETKA,5,0.0017
1950,10000646,Knockout City™,5,0.0017
1951,10016721,Kristala,5,0.0017
1952,235172,Life is Strange: True Colors,5,0.0017
1953,10000661,Little Big Workshop,5,0.0017
1954,227868,LocoRoco™ Remastered,5,0.0017
1955,10010519,LOLLIPOP CHAINSAW RePOP,5,0.0017
1956,202936,Marvel Ultimate Alliance,5,0.0017
1957,10017196,MAVRIX by Matt Jones,5,0.0017
1958,202613,Max Payne,5,0.0017
1959,202878,METAL SLUG XX,5,0.0017
1960,10009509,Metro Awakening,5,0.0017
1961,202751,MotoGP™14,5,0.0017
1962,202753,MotoGP™15,5,0.0017
1963,221929,MXGP2 - The Official Motocross Videogame,5,0.0017
1964,203143,NARUTO SHIPPUDEN: Ultimate Ninja STORM 2,5,0.0017
1965,209437,NBA LIVE 16,5,0.0017
1966,10000800,New Super Lucky's Tale,5,0.0017
1967,10002154,NFL PRO ERA II,5,0.0017
1968,227170,NHL™ 18,5,0.0017
1969,10003749,NHRA Championship Drag Racing: Speed For All,5,0.0017
1970,10003635,Nobody Wants to Die,5,0.0017
1971,10001133,NOBUNAGA'S AMBITION: Awakening,5,0.0017
1972,203202,Oddworld: New 'n' Tasty,5,0.0017
1973,10005856,Omega Strikers,5,0.0017
1974,10007599,Patapon 3,5,0.0017
1975,10012916,Pathé Home,5,0.0017
1976,231945,Persona 5: Dancing in Starlight,5,0.0017
1977,10001032,Phoenix Point,5,0.0017
1978,221798,PlayStation® VR WORLDS,5,0.0017
1979,210060,Primal Carnage: Extinction,5,0.0017
1980,10011110,Puzzle Drop Carnival,5,0.0017
1981,10001441,Quake,5,0.0017
1982,203621,Quiplash,5,0.0017
1983,203710,RaceTheSun,5,0.0017
1984,10007648,Rally Cross,5,0.0017
1985,10007644,Ratchet & Clank: Size Matters,5,0.0017
1986,10005097,Ridge Racer 2,5,0.0017
1987,210671,RISK URBAN ASSAULT,5,0.0017
1988,10014077,RoboCop: Rogue City - Unfinished Business,5,0.0017
1989,10007723,Rogue Legacy 2,5,0.0017
1990,10008428,Romancing SaGa 2: Revenge of the Seven - PS4&PS5,5,0.0017
1991,10016000,ROMEO IS A DEAD MAN,5,0.0017
1992,10010244,Rune Factory: Guardians of Azuma,5,0.0017
1993,204445,Saint Seiya: Soldiers' Soul,5,0.0017
1994,229579,SAMURAI WARRIORS 4 Empires,5,0.0017
1995,10007417,Sclash,5,0.0017
1996,10014026,Scott Pilgrim EX,5,0.0017
1997,10004759,Serious Sam: Siberian Mayhem,5,0.0017
1998,232366,Shenmue,5,0.0017
1999,10001405,Shotgun Farmers,5,0.0017
2000,10010950,Siren,5,0.0017
2001,10005307,Sker Ritual,5,0.0017
2002,10002079,Sky X,5,0.0017
2003,10003642,Skydance's BEHEMOTH,5,0.0017
2004,10008767,Smalland: Survive the Wilds,5,0.0017
2005,10008891,SNK VS. CAPCOM SVC CHAOS,5,0.0017
2006,10008055,SOUTH PARK: SNOW DAY!,5,0.0017
2007,231370,Spike Volleyball,5,0.0017
2008,10004195,Star Ocean The Divine Force,5,0.0017
2009,10004910,STAR WARS Episode I - The Phantom Menace,5,0.0017
2010,10004699,Star Wars: Tales from the Galaxy's Edge - Enhanced Edition,5,0.0017
2011,235341,STAR WARS™ Episode I Racer,5,0.0017
2012,204268,Star Wars™: Racer Revenge™,5,0.0017
2013,10004395,Syphon Filter (PS1),5,0.0017
2014,231984,Tales of Vesperia: Definitive Edition,5,0.0017
2015,10016328,Temtem: Swarm,5,0.0017
2016,10003938,TERAVIT,5,0.0017
2017,10014096,Terminull Brigade™,5,0.0017
2018,10008217,The Alters,5,0.0017
2019,10004463,THE KING OF FIGHTERS XIII GLOBAL MATCH,5,0.0017
2020,204682,The Mahjong (Simple Series G4U Vol. 1),5,0.0017
2021,232817,The Outer Worlds,5,0.0017
2022,232357,The Surge 2,5,0.0017
2023,10005089,The Walking Dead: Saints & Sinners - Chapter 2: Retribution,5,0.0017
2024,211871,The Witness,5,0.0017
2025,204740,This War of Mine: The Little Ones,5,0.0017
2026,10015068,Tides of Tomorrow,5,0.0017
2027,10004423,Tour de France 2022,5,0.0017
2028,10015452,Tralalero Tralala Jumper,5,0.0017
2029,234756,Trials of Mana,5,0.0017
2030,221794,TRON RUN/r,5,0.0017
2031,10016006,TRUCK SIMULATOR US DRIVER,5,0.0017
2032,10013144,UBOAT,5,0.0017
2033,10015636,Unmourned,5,0.0017
2034,232369,Vacation Simulator,5,0.0017
2035,205194,Valiant Hearts: The Great War,5,0.0017
2036,216757,Verdun,5,0.0017
2037,10016689,Weeb Store Simulator: Supermarket Together,5,0.0017
2038,10011868,Witch It,5,0.0017
2039,10011882,Wizard of Legend 2,5,0.0017
2040,229397,WWE 2K18,5,0.0017
2041,10002881,XPOSED Reloaded,5,0.0017
2042,10015554,Zero Caliber VR,5,0.0017
2043,217754,龍が如く６　命の詩。,5,0.0017
2044,230675,.hack//G.U. Last Recode,4,0.0014
2045,10017381,70s-style Robot Anime Geppy-X,4,0.0014
2046,10019715,AA Truck Simulator Euro Roads 2026,4,0.0014
2047,231724,AboKhashem,4,0.0014
2048,10015335,Achilles: Survivor,4,0.0014
2049,10004716,Ad Infinitum,4,0.0014
2050,10017971,Adorable Adventures,4,0.0014
2051,10007477,Afterimage,4,0.0014
2052,229728,Agony,4,0.0014
2053,10018604,Amanda the Adventurer 3,4,0.0014
2054,10004810,Ape Escape Academy,4,0.0014
2055,216026,Arcade Archives  BUBBLE BOBBLE,4,0.0014
2056,10002864,Are You Smarter Than A 5th Grader?,4,0.0014
2057,10010252,ARMORED CORE,4,0.0014
2058,205867,Assassin’s Creed® Chronicles: India,4,0.0014
2059,222943,Atari Flashback Classics vol.1,4,0.0014
2060,231039,ATV Drift & Tricks Definitive Edition,4,0.0014
2061,10003777,Autobahn Police Simulator 3,4,0.0014
2062,10013495,Baki Hanma: Blood Arena,4,0.0014
2063,232399,Baldur's Gate and Baldur's Gate II: Enhanced Editions,4,0.0014
2064,10002902,Baldur's Gate: Dark Alliance,4,0.0014
2065,10017432,Black Jacket,4,0.0014
2066,235083,Blair Witch,4,0.0014
2067,10015590,Bombardiro Crocodilo Simulator,4,0.0014
2068,10008882,Breachers,4,0.0014
2069,216117,Call of Cthulhu,4,0.0014
2070,232878,Carnival Games®,4,0.0014
2071,234293,Castlevania Anniversary Collection,4,0.0014
2072,10007543,Celebrities Hacked,4,0.0014
2073,10008121,Chess Royal,4,0.0014
2074,10000793,CHORUS,4,0.0014
2075,10009054,Christmas Massacre,4,0.0014
2076,10017579,City Transport Simulator 2026,4,0.0014
2077,216101,Claro Video,4,0.0014
2078,10007316,Classified: France '44,4,0.0014
2079,10003445,Cobra Kai 2: Dojos Rising,4,0.0014
2080,10014260,Crisol: Theater of Idols,4,0.0014
2081,233991,Croc's World 2,4,0.0014
2082,228691,CRYSTAR,4,0.0014
2083,232726,Dawn of Man,4,0.0014
2084,234818,Daymare 1998,4,0.0014
2085,10000185,DEATHLOOP,4,0.0014
2086,10009623,Discounty,4,0.0014
2087,10007631,Disney•Pixar Buzz Lightyear of Star Command,4,0.0014
2088,10010360,Dragonkin: The Banished,4,0.0014
2089,216171,Eagle Flight,4,0.0014
2090,10011030,Ember Knights: Heroes of the Nexus Edition,4,0.0014
2091,235085,Empire of Sin,4,0.0014
2092,10004502,Escape Academy,4,0.0014
2093,10003128,Evil Genius 2: World Domination,4,0.0014
2094,10019610,Extreme Cycling Championship,4,0.0014
2095,10008015,F1® Manager 2023,4,0.0014
2096,231804,Fade to Silence,4,0.0014
2097,10011532,FAIRY TAIL 2,4,0.0014
2098,10015736,Fighting Force Collection,4,0.0014
2099,10018229,Fill The Cup 3: Frost,4,0.0014
2100,227752,FIRE PRO WRESTLING WORLD,4,0.0014
2101,10013438,Five Hearts Under One Roof,4,0.0014
2102,10009158,Five Nights at Freddy's: Into the Pit,4,0.0014
2103,227117,FlatOut 4: Total Insanity,4,0.0014
2104,10018392,Flesh Made Fear,4,0.0014
2105,10004729,Football Manager 2023 Console,4,0.0014
2106,10014515,Forgive Me Father 2,4,0.0014
2107,201451,Foxtel Now,4,0.0014
2108,233875,Ghostbusters: The Video Game Remastered,4,0.0014
2109,232599,GOD EATER™ 3,4,0.0014
2110,234059,Granblue Fantasy: Versus,4,0.0014
2111,10004102,Green Hell VR,4,0.0014
2112,201876,Grim Fandango Remastered,4,0.0014
2113,201687,Guacamelee! Super Turbo Championship Edition,4,0.0014
2114,231915,Guts and Glory,4,0.0014
2115,10001523,Hardspace: Shipbreaker,4,0.0014
2116,230279,Harvest Moon: Light of Hope Special Edition,4,0.0014
2117,10005202,Harvest Moon: The Winds of Anthos,4,0.0014
2118,10002182,HAWKED,4,0.0014
2119,10002349,Heliborne,4,0.0014
2120,232953,Hello Neighbor: Hide And Seek,4,0.0014
2121,10004604,Hot Shots Golf 2,4,0.0014
2122,10011305,Into the Radius,4,0.0014
2123,10009729,Is It Wrong to Try to Pick Up Girls in a Dungeon?: Battle Chronicle,4,0.0014
2124,233445,ivi,4,0.0014
2125,229131,Jak™ X,4,0.0014
2126,10008415,Jet Moto,4,0.0014
2127,10009741,Johnny Trigger,4,0.0014
2128,10015542,Jotunnslayer: Hordes of Hel,4,0.0014
2129,10001045,Katamari Damacy REROLL,4,0.0014
2130,224859,Keep Talking and Nobody Explodes,4,0.0014
2131,10008416,Kingdoms and Castles,4,0.0014
2132,202556,Lara Croft and the Temple of Osiris,4,0.0014
2133,10005836,Library Of Ruina,4,0.0014
2134,216344,Lovers in a Dangerous Spacetime,4,0.0014
2135,10003237,Make Way,4,0.0014
2136,10009384,MediEvil II,4,0.0014
2137,10005032,MediEvil Resurrection™,4,0.0014
2138,233421,Mega Man Zero/ZX Legacy Collection,4,0.0014
2139,10004169,Megaman Battle Network Legacy Collection,4,0.0014
2140,10017306,Micro Race R,4,0.0014
2141,10009198,Mighty Morphin Power Rangers: Rita's Rewind,4,0.0014
2142,10019676,Military Merge,4,0.0014
2143,232641,Monster Energy Supercross - The Official Videogame 2,4,0.0014
2144,227399,MotoGP™17,4,0.0014
2145,10005104,Mr. Driller,4,0.0014
2146,235155,My Friend Pedro - Blood Bullets Bananas,4,0.0014
2147,224887,My Name is Mayo,4,0.0014
2148,10003771,My Singing Monsters Playground,4,0.0014
2149,225232,NBA Playgrounds,4,0.0014
2150,10004947,New World: Aeternum,4,0.0014
2151,234632,NHL™ 20,4,0.0014
2152,10001519,Observer: System Redux,4,0.0014
2153,203183,Octodad: Dadliest Catch,4,0.0014
2154,216730,PAC-MAN 256,4,0.0014
2155,222879,PAC-MAN™ CHAMPIONSHIP EDITION 2,4,0.0014
2156,10013491,Painkiller,4,0.0014
2157,203521,PaRappa the Rapper™ 2,4,0.0014
2158,227969,Patapon™ Remastered,4,0.0014
2159,10006011,Peppa Pig: World Adventures,4,0.0014
2160,231932,Persona 3: Dancing in Moonlight,4,0.0014
2161,203551,Persona 4: Dancing All Night,4,0.0014
2162,10000338,Phantom Breaker: Omnia,4,0.0014
2163,203447,Pinball Arcade,4,0.0014
2164,10001571,Pistol Whip,4,0.0014
2165,10017447,Poker Night at the Inventory,4,0.0014
2166,212881,Pro Evolution Soccer 2016,4,0.0014
2167,10016684,Rayman: 30th Anniversary Edition,4,0.0014
2168,234774,ReadySet Heroes,4,0.0014
2169,203814,Red Dead Revolver,4,0.0014
2170,10003503,Redbox,4,0.0014
2171,10006133,Return To Monkey Island,4,0.0014
2172,10009791,Revenge of the Savage Planet,4,0.0014
2173,10016344,Revenge On Gold Diggers,4,0.0014
2174,216619,Risk of Rain,4,0.0014
2175,234070,River City Girls,4,0.0014
2176,10003593,Road 96,4,0.0014
2177,232560,Road Redemption,4,0.0014
2178,216615,Rock of Ages 2,4,0.0014
2179,203705,Rogue Galaxy™,4,0.0014
2180,10017724,Royal Revolt Survivors,4,0.0014
2181,234364,Rugby Challenge 4,4,0.0014
2182,10006091,Run Sausage Run!,4,0.0014
2183,10015606,Sacred 2 Remaster,4,0.0014
2184,234055,SAMURAI SHODOWN,4,0.0014
2185,10004085,SBK™22,4,0.0014
2186,210699,Sébastien Loeb Rally EVO,4,0.0014
2187,204263,Shadow Warrior,4,0.0014
2188,10002084,Shadowrun Trilogy,4,0.0014
2189,235331,Sherlock Holmes: Crimes and Punishments,4,0.0014
2190,10005369,SIGNALIS,4,0.0014
2191,10003176,Smash Drums,4,0.0014
2192,10001070,Soul Hackers 2,4,0.0014
2193,225361,Spacelords,4,0.0014
2194,233211,Spider-Man: Far From Home VR,4,0.0014
2195,204010,Sportsfriends,4,0.0014
2196,10007136,Square Enix Digital Content Viewer,4,0.0014
2197,10002539,SRX: The Game,4,0.0014
2198,229332,STAR OCEAN™ - THE LAST HOPE -™ 4K & Full HD Remaster,4,0.0014
2199,204269,"STAR WARS: Bounty Hunter (Classic, 2002)",4,0.0014
2200,204190,STEINS;GATE 0,4,0.0014
2201,10015000,Storage Hunter Bid War Simulator,4,0.0014
2202,10010859,STORY OF SEASONS: Grand Bazaar,4,0.0014
2203,10001827,Street Outlaws 2: Winner Takes All,4,0.0014
2204,10010835,Street Race Kings,4,0.0014
2205,10001292,Stubbs the Zombie in Rebel Without a Pulse,4,0.0014
2206,10004292,Suikoden I&II HD Remaster Gate Rune and Dunan Unification Wars,4,0.0014
2207,10008376,Super Dark Deception,4,0.0014
2208,10000602,Superliminal,4,0.0014
2209,10014423,Supermarket CEO Simulator,4,0.0014
2210,217393,Switchblade,4,0.0014
2211,10002568,Tails Noir,4,0.0014
2212,10012498,TCG Card Market Simulator,4,0.0014
2213,215974,Tearaway™ Unfolded,4,0.0014
2214,10007670,That Time I Got Reincarnated as a Slime ISEKAI Chronicles,4,0.0014
2215,10002458,The Forgotten City,4,0.0014
2216,10011984,The Jumping Ice Cube - PS4 & PS5,4,0.0014
2217,211864,THE KING OF FIGHTERS XIV,4,0.0014
2218,10003338,The Last Stand: Aftermath,4,0.0014
2219,10001886,The Legend of Heroes: Trails through Daybreak,4,0.0014
2220,10009456,The Oregon Trail,4,0.0014
2221,10002245,The Riftbreaker,4,0.0014
2222,10008113,The Walking Dead: Destinies,4,0.0014
2223,232722,They Are Billions,4,0.0014
2224,10007620,Thrillville: Off the Rails,4,0.0014
2225,204976,Tiny Troopers Joint Ops,4,0.0014
2226,227245,Titan Quest,4,0.0014
2227,204996,TowerFall Ascension,4,0.0014
2228,233992,Townsmen - A Kingdom Rebuilt,4,0.0014
2229,10007398,TramSim: Console Edition,4,0.0014
2230,205065,TRANSFORMERS: Devastation,4,0.0014
2231,10016826,Trash Goblin,4,0.0014
2232,10016158,TUNG TUNG SAHUR EXTREME,4,0.0014
2233,10014767,UNDERWARD,4,0.0014
2234,10004428,VALKYRIE ELYSIUM,4,0.0014
2235,235236,Vanquish,4,0.0014
2236,10011396,War of the Monsters,4,0.0014
2237,205340,War of the Monsters™,4,0.0014
2238,226937,WARRIORS OROCHI 3 Ultimate,4,0.0014
2239,10016927,Word Quest Fantasy,4,0.0014
2240,205500,WORLD OF FINAL FANTASY,4,0.0014
2241,10004898,Worms [PS1 Emulation],4,0.0014
2242,221803,WRC 6 FIA World Rally Championship,4,0.0014
2243,205422,YAKUZA 4,4,0.0014
2244,10012610,Yooka-Replaylee,4,0.0014
2245,227251,Zero Escape: The Nonary Games,4,0.0014
2246,219818,テイルズ オブ ベルセリア,4,0.0014
2247,204990,トロピコ5,4,0.0014
2248,235035,妖怪ウォッチ4++,4,0.0014
2249,10015922,#DRIVE Rally,3,0.001
2250,227272,8-Bit Armies,3,0.001
2251,10008682,A Frog Game,3,0.001
2252,10015382,A Game About Digging A Hole™,3,0.001
2253,232894,A Gummy's Life,3,0.001
2254,10011603,Abathor,3,0.001
2255,200008,ABC iview,3,0.001
2256,227078,ACA NEOGEO STREET HOOP,3,0.001
2257,10010214,Across the Obelisk,3,0.001
2258,227289,Air Force Special Ops: Nightfall,3,0.001
2259,10010408,Akimbot,3,0.001
2260,206063,AmongtheSleep,3,0.001
2261,233418,Ancestors Legacy,3,0.001
2262,232557,Anthem™,3,0.001
2263,10006481,Ape Escape: On the Loose,3,0.001
2264,10009345,Arcade Archives 2 TEKKEN,3,0.001
2265,10000625,Arcade Archives SUNSETRIDERS,3,0.001
2266,10010297,ARMORED CORE PROJECT PHANTASMA,3,0.001
2267,222920,ARMORED WARFARE,3,0.001
2268,10002816,Astral Ascent,3,0.001
2269,10005387,Baldur's Gate: Dark Alliance II,3,0.001
2270,10003246,BarBarQ 2,3,0.001
2271,233275,Bartender VR Simulator,3,0.001
2272,200404,Bastion,3,0.001
2273,10002849,Battle Brothers,3,0.001
2274,10009368,Beat the Beats VR,3,0.001
2275,10000371,Blood Bowl 3,3,0.001
2276,10016705,Blood: Refreshed Supply™,3,0.001
2277,200553,Bombing Busters,3,0.001
2278,10010689,Border Police: Contraband Simulator 2024,3,0.001
2279,228948,Bubsy: The Woolies Strike Back,3,0.001
2280,10009607,Bum Simulator,3,0.001
2281,10000742,Cake Bash,3,0.001
2282,10008580,Cannibal Abduction,3,0.001
2283,232069,Capcom Beat 'Em Up Bundle,3,0.001
2284,10015684,Car Driving School Simulator,3,0.001
2285,10000821,Carnivores: Dinosaur Hunt,3,0.001
2286,10014414,Casual Sport Series: Badminton,3,0.001
2287,10000445,Catch: Carp & Coarse Fishing,3,0.001
2288,10013706,Cave Crave,3,0.001
2289,10001136,CHRONO CROSS: THE RADICAL DREAMERS EDITION,3,0.001
2290,10007275,Citizen Sleeper,3,0.001
2291,10012195,City Bus Simulator 2026,3,0.001
2292,10003423,Clash: Artifacts of Chaos,3,0.001
2293,10009801,Cleansheet Football,3,0.001
2294,10012616,Coffee Talk Tokyo,3,0.001
2295,10009298,Cool Boarders,3,0.001
2296,10016133,Creepy Shift: Roadside Diner,3,0.001
2297,10012157,Criminal Cleaner Simulator,3,0.001
2298,232307,Croc's World,3,0.001
2299,10011925,Croc Legend of the Gobbos Platinum Edition,3,0.001
2300,216141,Crypt of the Necrodancer,3,0.001
2301,10009430,cyubeVR,3,0.001
2302,227343,Dark Mystery,3,0.001
2303,10005421,Daymare: 1994 Sandcastle,3,0.001
2304,10015898,Demolish & Build 3,3,0.001
2305,216178,DiRT Rally,3,0.001
2306,10012987,Disciples: Domination,3,0.001
2307,10004787,Disgaea 7: Vows of the Virtueless,3,0.001
2308,10016065,Disgaea Mayhem,3,0.001
2309,229481,Dishonored®: Death of the Outsider™,3,0.001
2310,10012029,Dog Man: Mission Impawsible,3,0.001
2311,233883,DOOM II (Classic),3,0.001
2312,233182,Door Kickers: Action Squad,3,0.001
2313,10002044,DORAEMON STORY OF SEASONS: Friends of the Great Kingdom,3,0.001
2314,10008153,Double Dragon Gaiden: Rise of the Dragons,3,0.001
2315,207049,DRAGON QUEST BUILDERS,3,0.001
2316,10008016,DreamWorks All-Star Kart Racing,3,0.001
2317,201323,EA SPORTS™ Rory McIlroy PGA TOUR®,3,0.001
2318,232625,EARTH DEFENSE FORCE: IRON RAIN,3,0.001
2319,235147,Educational Games for Kids,3,0.001
2320,10003486,Eiyuden Chronicle: Rising,3,0.001
2321,10012775,Entropy Survivors,3,0.001
2322,10000864,Eternal Kingdom Battle Peak,3,0.001
2323,10010439,Fae Farm,3,0.001
2324,10010526,FANTASIAN Neo Dimension,3,0.001
2325,10010622,Fantasy Beauties,3,0.001
2326,234729,FINAL FANTASY CRYSTAL CHRONICLES Remastered Edition,3,0.001
2327,10002024,Fishing: North Atlantic,3,0.001
2328,10007143,Forgive Me Father,3,0.001
2329,10007382,Fran Bow,3,0.001
2330,10011083,FREEDOM WARS Remastered,3,0.001
2331,10016558,FreeStyle Football 2,3,0.001
2332,201552,Funimation,3,0.001
2333,10002507,Ghostbusters: Spirits Unleashed Ecto Edition,3,0.001
2334,235389,Goosebumps,3,0.001
2335,10007204,Greyhill Incident,3,0.001
2336,231093,GRID,3,0.001
2337,227154,GUNDAM VERSUS,3,0.001
2338,228733,Guns Gore and Cannoli 2,3,0.001
2339,10013892,Gunsmith Simulator,3,0.001
2340,10005231,Harvest Moon: Back to Nature,3,0.001
2341,10008404,Have a Nice Death,3,0.001
2342,10007254,Hellsweeper VR,3,0.001
2343,10007636,Herc's Adventures,3,0.001
2344,10010354,Hero Siege,3,0.001
2345,10015029,Hidden Cats in Tokyo,3,0.001
2346,10002234,Horse Tales: Emerald Valley Ranch,3,0.001
2347,10004524,Hundred Days - Winemaking Simulator,3,0.001
2348,10016283,Indoor Baseball,3,0.001
2349,227378,Infinite Minigolf,3,0.001
2350,10014836,IRON GUARD: Salvation,3,0.001
2351,10000559,IRON HARVEST,3,0.001
2352,10007464,Jeanne d'Arc,3,0.001
2353,10010555,Junkyard Simulator,3,0.001
2354,10008710,Jurassic Park Classic Games Collection,3,0.001
2355,10014049,Kawaii Puzzle Quest,3,0.001
2356,10017667,Kiln,3,0.001
2357,202341,King's Quest,3,0.001
2358,10010672,Lakeview Cabin Collection,3,0.001
2359,10011346,LEGO® Voyagers,3,0.001
2360,10007109,LES MILLS BODYCOMBAT,3,0.001
2361,10013025,Let's Sing 2026,3,0.001
2362,10017862,Liquor Store Simulator,3,0.001
2363,202563,Lords of the Fallen (2014),3,0.001
2364,10000653,Lost in Random,3,0.001
2365,10016209,Love is all around 2,3,0.001
2366,10010614,LUNAR Remastered Collection,3,0.001
2367,10008566,MADiSON VR,3,0.001
2368,202899,Manhunt,3,0.001
2369,10017553,Marsupilami 2 - Salsa Palombia,3,0.001
2370,10002819,Marsupilami: Hoobadventure,3,0.001
2371,10008019,MARVEL Tōkon: Fighting Souls,3,0.001
2372,202934,Marvel Ultimate Alliance 2,3,0.001
2373,10004068,Meet Your Maker,3,0.001
2374,202663,Megadimension Neptunia VII,3,0.001
2375,10004571,Might & Magic: Clash of Heroes - Definitive Edition,3,0.001
2376,202665,Mighty No. 9,3,0.001
2377,231334,Minefield,3,0.001
2378,10010300,Miraculous: Paris Under Siege,3,0.001
2379,10003547,Miraculous: Rise of the Sphinx,3,0.001
2380,10000423,Monster Sanctuary,3,0.001
2381,10003544,Murder House,3,0.001
2382,10003584,My Name is Mayo 3,3,0.001
2383,10011935,My Summer Drive,3,0.001
2384,10001848,Necromunda: Hired Gun,3,0.001
2385,221747,Nex Machina,3,0.001
2386,10000908,NHL® 22 X-Factor Edition PS4™ & PS5™,3,0.001
2387,217490,NHL™ 17,3,0.001
2388,231120,NHL™ 19,3,0.001
2389,203056,Nidhogg,3,0.001
2390,10015993,Nordic Ashes: The Complete Saga,3,0.001
2391,203200,Odin Sphere Leifthrasir,3,0.001
2392,10001785,OlliOlli World,3,0.001
2393,10005141,OMORI,3,0.001
2394,10005508,OneShot: World Machine Edition,3,0.001
2395,203221,Onigiri,3,0.001
2396,10016642,Only Up 2025,3,0.001
2397,10014122,Orcs Must Die! Deathtrap,3,0.001
2398,209069,Orcs Must Die! Unchained,3,0.001
2399,10003564,Outcast - A New Beginning,3,0.001
2400,232965,Paraiso Island,3,0.001
2401,235243,Patapon™2 Remastered,3,0.001
2402,233355,Pathfinder: Kingmaker,3,0.001
2403,10001724,PBA Pro Bowling 2021,3,0.001
2404,10014972,People of Note,3,0.001
2405,235285,Persona 5 Scramble: The Phantom Strikers,3,0.001
2406,10007347,PHANTOM BREAKER: BATTLE GROUNDS ULTIMATE,3,0.001
2407,10002242,Plague Hunters,3,0.001
2408,10017519,Plane Flight Simulator,3,0.001
2409,10011971,Platform 8,3,0.001
2410,203437,PLAYER,3,0.001
2411,10015761,Police Car Simulator : EVO,3,0.001
2412,10015624,Pool Cleaning Simulator,3,0.001
2413,10016617,Prison Escape Simulator,3,0.001
2414,203576,Project CARS,3,0.001
2415,203294,Psychonauts™,3,0.001
2416,10013614,Pure Pool Pro,3,0.001
2417,10010729,PuzzMiX,3,0.001
2418,10014229,Racing Tokyo Racer X,3,0.001
2419,10003684,Ragnarock,3,0.001
2420,10009473,Railroads Online,3,0.001
2421,10000875,RAJI: AN ANCIENT EPIC,3,0.001
2422,203666,Rebel Galaxy,3,0.001
2423,230239,Red Faction Guerrilla Re-Mars-tered,3,0.001
2424,234733,Return of the Obra Dinn,3,0.001
2425,10010671,Rewind or Die,3,0.001
2426,10008592,Richman 11,3,0.001
2427,229849,Rick and Morty: Virtual Rick-ality,3,0.001
2428,10014461,Riven,3,0.001
2429,10018021,Roadtrip Ruckus: RV Survival Crew,3,0.001
2430,10012956,RollerCoaster Tycoon 3 Complete Edition,3,0.001
2431,10005299,Rollerdrome,3,0.001
2432,10007575,ROMANCE OF THE THREE KINGDOMS 8 REMAKE,3,0.001
2433,214004,ROMANCE OF THE THREE KINGDOMS XIII,3,0.001
2434,10016589,Rugrats: Retro Rewind Collection,3,0.001
2435,221985,Saban’s Mighty Morphin Power Rangers: Mega Battle,3,0.001
2436,229323,Sakuna: Of Rice and Ruin,3,0.001
2437,211338,Salt and Sanctuary,3,0.001
2438,10011081,Salvation: Echoes of War,3,0.001
2439,229580,SAMURAI WARRIORS 4-II,3,0.001
2440,10013588,SANDSPEED: CAMEL RACING,3,0.001
2441,10007343,Sausage Wars,3,0.001
2442,10012598,Screamer,3,0.001
2443,232368,Scribblenauts Mega Pack,3,0.001
2444,10001098,SD GUNDAM BATTLE ALLIANCE PS4 & PS5,3,0.001
2445,229843,Secret of Mana,3,0.001
2446,10002297,Sherlock Holmes: The Devil's Daughter,3,0.001
2447,10010220,SHOWMAX,3,0.001
2448,204059,Sky Force Anniversary,3,0.001
2449,230616,Sky Force Reloaded,3,0.001
2450,10019180,Sodaman,3,0.001
2451,10008805,Solasta: Crown of the Magister,3,0.001
2452,235107,Spellbreak,3,0.001
2453,10005813,Spirit of the North 2,3,0.001
2454,10000752,Spiritfarer,3,0.001
2455,10004921,STAR WARS Demolition,3,0.001
2456,10008489,STAR WARS Episode I: Jedi Power Battles,3,0.001
2457,10008552,STAR WARS™: Bounty Hunter™,3,0.001
2458,231957,Starlink: Battle for Atlas™,3,0.001
2459,204227,STRIDER,3,0.001
2460,10006803,Stroke The Dik-Dik,3,0.001
2461,10011028,Summoner PS2 Emulation (2000),3,0.001
2462,232150,Super Kids Racing,3,0.001
2463,217342,Super Mega Baseball 2,3,0.001
2464,10001183,Super Robot Wars 30,3,0.001
2465,204525,Sword Art Online: Lost Song,3,0.001
2466,10010432,SWORN,3,0.001
2467,10006846,Synapse,3,0.001
2468,10004429,System Shock,3,0.001
2469,230635,Taiko no Tatsujin: Drum Session!,3,0.001
2470,10009898,Tails of Iron 2: Whiskers of Winter,3,0.001
2471,10009737,Tales of Graces f Remastered,3,0.001
2472,211910,Tales of Zestiria™,3,0.001
2473,10012731,Tank Mechanic Simulator - Reinforced,3,0.001
2474,10008636,Teenage Mutant Ninja Turtles: Mutants Unleashed,3,0.001
2475,231750,TerraTech,3,0.001
2476,207907,That's You!™,3,0.001
2477,233248,The Ascent,3,0.001
2478,10005772,The Backrooms,3,0.001
2479,10002619,The Colonists,3,0.001
2480,231166,The Council,3,0.001
2481,10005731,The Crackpet Show: Happy Tree Friends Edition,3,0.001
2482,231167,The Gardens Between,3,0.001
2483,10010512,The Jackbox Naughty Pack,3,0.001
2484,204734,The King of Fighters Collection: The Orochi Saga,3,0.001
2485,216401,THE LAST BLADE 2,3,0.001
2486,232098,The Legend of Heroes: Trails of Cold Steel IV,3,0.001
2487,232851,The LEGO® Movie 2 - Videogame,3,0.001
2488,10003139,The Lord of the Rings: Gollum™,3,0.001
2489,10004825,The Outer Worlds: Spacer's Choice Edition,3,0.001
2490,217462,The Technomancer,3,0.001
2491,10011616,The Thing: Remastered,3,0.001
2492,10002918,The Tomorrow Children: Phoenix Edition,3,0.001
2493,226877,The Witch and the Hundred Knight: Revival Edition,3,0.001
2494,10010194,Ticket to Ride®,3,0.001
2495,10000449,Timberman VS,3,0.001
2496,10002494,Tin Hearts,3,0.001
2497,10003658,Tiny Tina's Assault on Dragon Keep: A Wonderlands One-shot Adventure,3,0.001
2498,234898,Tools Up,3,0.001
2499,10009754,Top Racer Collection,3,0.001
2500,10014850,Towerborne,3,0.001
2501,10010067,Towers of Aghasba,3,0.001
2502,10000539,Train Sim World 2,3,0.001
2503,205055,Transistor,3,0.001
2504,10007533,Trine 5: A Clockwork Conspiracy,3,0.001
2505,213939,Trivial Pursuit Live!,3,0.001
2506,10007558,Truck Driver: The American Dream,3,0.001
2507,10012856,Truck Simulator 25 - American Driver,3,0.001
2508,10013081,Truck Simulator 25: Euro Driver,3,0.001
2509,227217,TT Isle of Man - Ride on the Edge,3,0.001
2510,10001629,Turok 2: Seeds Of Evil,3,0.001
2511,10008192,Umamusume: Pretty Derby – Party Dash,3,0.001
2512,10008160,Undead Citadel,3,0.001
2513,10013325,UNDERDOGS,3,0.001
2514,220134,Until Dawn™: Rush of Blood,3,0.001
2515,229868,V-Rally 4,3,0.001
2516,10014205,Void Crew,3,0.001
2517,10018024,Wall World 2,3,0.001
2518,10003872,Warlander,3,0.001
2519,230086,Wasteland 3,3,0.001
2520,10002172,Wayfinder,3,0.001
2521,10006109,WBSC eBASEBALL™: POWER PROS,3,0.001
2522,10001202,WE WERE HERE TOGETHER,3,0.001
2523,234916,Weird West: Definitive Edition,3,0.001
2524,234315,West of Dead,3,0.001
2525,211984,What Remains of Edith Finch,3,0.001
2526,231177,Wizard of Legend,3,0.001
2527,213360,WWE 2K16,3,0.001
2528,205421,YAKUZA 3,3,0.001
2529,234377,Yooka-Laylee and the Impossible Lair,3,0.001
2530,10002265,Youtubers Life 2,3,0.001
2531,205520,Zen Pinball 2,3,0.001
2532,10000226,Zombies Ate My Neighbors and Ghoul Patrol,3,0.001
2533,232440,ZONE OF THE ENDERS THE 2nd RUNNER : M∀RS,3,0.001
2534,10013173,Zoochosis,3,0.001
2535,10014524,1000xRESIST,2,0.0007
2536,233095,13 Sentinels: Aegis Rim,2,0.0007
2537,10011637,1348 Ex Voto,2,0.0007
2538,10008111,15in1 Solitaire,2,0.0007
2539,231183,20XX,2,0.0007
2540,10013039,3D Don't Die Mr. Robot,2,0.0007
2541,10010193,63 Days,2,0.0007
2542,222831,A KING'S TALE: FINAL FANTASY XV,2,0.0007
2543,10014194,A.I.L.A,2,0.0007
2544,10002968,Abandoned,2,0.0007
2545,200280,ACA NEOGEO ART OF FIGHTING,2,0.0007
2546,204732,ACA NEOGEO THE KING OF FIGHTERS '98,2,0.0007
2547,231205,AFFECTED: The Manor,2,0.0007
2548,10006271,After the Fall® - Complete Edition,2,0.0007
2549,10011016,Against the Storm,2,0.0007
2550,10013650,Agatha Christie - Death on the Nile,2,0.0007
2551,211321,Agents of Mayhem,2,0.0007
2552,10010096,Ahhnalog 112,2,0.0007
2553,233250,AI: THE SOMNIUM FILES,2,0.0007
2554,10005912,Albacete Warrior,2,0.0007
2555,10004186,Alexio,2,0.0007
2556,10017205,Aliens Roadside,2,0.0007
2557,10016608,Alpine Skater,2,0.0007
2558,10014277,Amanda the Adventurer 2,2,0.0007
2559,10014506,Amber Alert Director's cut,2,0.0007
2560,200230,Amplitude,2,0.0007
2561,10004542,ANIMAL WELL,2,0.0007
2562,10015585,Anime Girls: Highschool of Dead,2,0.0007
2563,10018759,Anime: Fantasy Uni 3,2,0.0007
2564,10010212,Anime: Japanese Goblins,2,0.0007
2565,10011587,Apartment No 129,2,0.0007
2566,200050,APB Reloaded,2,0.0007
2567,200006,Ape Escape™ 2,2,0.0007
2568,10002712,Arcade Archives RAIDEN,2,0.0007
2569,10007429,Arcade Archives SPLATTER HOUSE,2,0.0007
2570,10010668,Architect Life: A House Design Simulator,2,0.0007
2571,232441,Arise: A simple story,2,0.0007
2572,10006227,Army of Ruin,2,0.0007
2573,200102,Assassin’s Creed® Chronicles: China,2,0.0007
2574,215266,Assassin’s Creed® Chronicles: Trilogy Pack,2,0.0007
2575,10012578,Atelier Resleriana: The Red Alchemist & the White Guardian,2,0.0007
2576,232611,Atelier Rorona ~The Alchemist of Arland~ DX,2,0.0007
2577,10005432,Atelier Ryza 3: Alchemist of the End & the Secret Key,2,0.0007
2578,234306,Atelier Ryza: Ever Darkness & the Secret Hideout,2,0.0007
2579,10003264,Avatar The Last Airbender: Quest for Balance,2,0.0007
2580,10009167,AWAKEN - Astral Blade,2,0.0007
2581,200132,Axiom Verge,2,0.0007
2582,10019824,Backrooms: Lost Tape,2,0.0007
2583,10011654,Barista Simulator,2,0.0007
2584,206227,Baseball Riot,2,0.0007
2585,10017655,Beastro,2,0.0007
2586,10004930,Beholgar,2,0.0007
2587,227088,beIN Connect,2,0.0007
2588,200561,beIN Sports,2,0.0007
2589,10006221,Bendy and the Dark Revival,2,0.0007
2590,10004727,Beyond Good & Evil 20th Anniversary Edition,2,0.0007
2591,10016887,Beyond Words,2,0.0007
2592,10009721,Big Helmet Heroes,2,0.0007
2593,10011377,Bionic Bay,2,0.0007
2594,10000184,Biped,2,0.0007
2595,10010903,Biped 2,2,0.0007
2596,10004931,BlackJackWorldTour,2,0.0007
2597,10010698,Bleak Faith: Forsaken,2,0.0007
2598,10002830,BloodRayne 2: ReVamped,2,0.0007
2599,10004758,Bloodwash,2,0.0007
2600,228929,Blue Angels Aerobatic Flight Simulator,2,0.0007
2601,10001209,BONKIES,2,0.0007
2602,10013465,Boomerang Of Destruction,2,0.0007
2603,221877,Border Break,2,0.0007
2604,232925,Borderlands® 2 VR,2,0.0007
2605,225042,Boundless,2,0.0007
2606,10000837,BOWLING,2,0.0007
2607,10007964,Box To The Beat VR,2,0.0007
2608,10009196,Brain Show,2,0.0007
2609,10004881,Bravery and Greed,2,0.0007
2610,10005266,Breakers Collection,2,0.0007
2611,216084,Bridge Constructor,2,0.0007
2612,10000865,BRIGANDINE THE LEGEND OF RUNERSIA,2,0.0007
2613,235317,BRIKS Head to Head,2,0.0007
2614,10003801,Bubble Shooter FX,2,0.0007
2615,10000839,BUS DRIVER SIMULATOR,2,0.0007
2616,10015782,Cappuccino Assassino Shooter,2,0.0007
2617,10011481,Cards We're Dealt,2,0.0007
2618,232291,Caretaker,2,0.0007
2619,10006534,Cario 3,2,0.0007
2620,10006535,Cario 4,2,0.0007
2621,10001250,CASE: Animatronics,2,0.0007
2622,10013237,Casual Sport Series: Tennis,2,0.0007
2623,10003362,Chained Echoes,2,0.0007
2624,10007905,Chants of Sennaar,2,0.0007
2625,200696,Chasm,2,0.0007
2626,10009244,Cherry Tower,2,0.0007
2627,227105,Claybook,2,0.0007
2628,10013398,Collectible Card Shop Master,2,0.0007
2629,10007746,Commandos: Origins,2,0.0007
2630,10018999,Console Archives T.R.A.G.: Tactical Rescue Assault Group - Mission of Mercy,2,0.0007
2631,10001366,Cooking Simulator,2,0.0007
2632,10009042,Cooking Simulator VR,2,0.0007
2633,10010633,Cop Officers: Police Simulator of NYPD City,2,0.0007
2634,10011541,COPA CITY,2,0.0007
2635,216120,Corridor Z,2,0.0007
2636,10012676,Cozy Claw Machine,2,0.0007
2637,200857,Crackle - Free Movies and TV,2,0.0007
2638,10001681,Crave,2,0.0007
2639,200878,Crimsonland,2,0.0007
2640,10000366,Crisis VRigade 2,2,0.0007
2641,10017573,Cube KaBAAM,2,0.0007
2642,10004231,CYGNI: All Guns Blazing,2,0.0007
2643,201098,Dailymotion,2,0.0007
2644,10002321,Danganronpa S: Ultimate Summer Camp,2,0.0007
2645,216159,DEAD OR ALIVE Xtreme 3 Fortune,2,0.0007
2646,10013899,Dead Reset,2,0.0007
2647,10003340,DEADCRAFT,2,0.0007
2648,10006403,Deathwish Enforcers,2,0.0007
2649,10008876,Deer Hunting Camp,2,0.0007
2650,200917,Defense Grid 2,2,0.0007
2651,216977,Deponia,2,0.0007
2652,10000178,Destruction AllStars,2,0.0007
2653,10003845,Dicey Dungeons,2,0.0007
2654,201018,DIGIMON STORY CYBER SLEUTH,2,0.0007
2655,232350,Digimon Survive,2,0.0007
2656,232588,Disgaea 1 Complete,2,0.0007
2657,10008711,Disney Illusion Island Starring Mickey & Friends,2,0.0007
2658,200919,Divinity : Original Sin Enhanced Edition,2,0.0007
2659,10015897,Dodge These Asteroids,2,0.0007
2660,10015709,Dollmare,2,0.0007
2661,201106,Don Bradman Cricket,2,0.0007
2662,10006029,Donut Fun,2,0.0007
2663,227112,Double Dragon 4,2,0.0007
2664,216177,DRAGON QUEST HEROES II,2,0.0007
2665,207050,DRAGON QUEST HEROES: The World Tree's Woe and the Blight Below,2,0.0007
2666,10003094,DRAGON QUEST X OFFLINE PS4&PS5,2,0.0007
2667,232591,Dragon Star VARNIR,2,0.0007
2668,217001,Drawful 2,2,0.0007
2669,232278,Drift Zone,2,0.0007
2670,10016686,Drill Core,2,0.0007
2671,10011397,Dropship: United Peace Force,2,0.0007
2672,10010711,Drova- Forsaken Kin,2,0.0007
2673,10014685,Drug Dealer Simulator,2,0.0007
2674,10016953,Dungeon Clawler,2,0.0007
2675,10003703,Dungeon Defenders: Awakened,2,0.0007
2676,201168,Dynamite Fishing World Games,2,0.0007
2677,234611,EA Play Hub,2,0.0007
2678,10017365,Easy Delivery Co.,2,0.0007
2679,10003867,eBASEBALL POWERFUL PRO BASEBALL 2022,2,0.0007
2680,10013327,EBOLA III,2,0.0007
2681,10004656,echochrome,2,0.0007
2682,10015296,Egging On,2,0.0007
2683,10002952,ELEX II,2,0.0007
2684,10012299,Empyreal,2,0.0007
2685,10008675,Enchanted Portals,2,0.0007
2686,201386,Entwined™,2,0.0007
2687,10017550,Escape - Backrooms Horror VR,2,0.0007
2688,10010302,Escape from Ever After,2,0.0007
2689,10012383,Eternal Evil,2,0.0007
2690,234280,Eternal Exodus,2,0.0007
2691,233980,Everybody's Golf VR,2,0.0007
2692,10016659,Evil Cat Simulator vs Granny,2,0.0007
2693,10009135,Exhausted Man,2,0.0007
2694,10005945,ExoCross,2,0.0007
2695,227134,Extinction,2,0.0007
2696,10009265,Extreme Bike Racing,2,0.0007
2697,10010733,Eyes: The Horror game,2,0.0007
2698,10002960,F.I.S.T.: Forged In Shadow Torch,2,0.0007
2699,232727,Farm Together,2,0.0007
2700,10003261,FATAL FRAME: Maiden of Black Water,2,0.0007
2701,10006174,FATAL FRAME: Mask of the Lunar Eclipse,2,0.0007
2702,201435,FEZ,2,0.0007
2703,235138,Fight'N Rage,2,0.0007
2704,10002340,FINAL FANTASY II,2,0.0007
2705,232563,Firewall Zero Hour™,2,0.0007
2706,233224,Fishing: Barents Sea,2,0.0007
2707,10004499,Forever Skies,2,0.0007
2708,229805,Fortune Street Dragon Quest & Final Fantasy 30th Anniversary,2,0.0007
2709,10010884,Foxy's Coin Hunt,2,0.0007
2710,10015411,FRONT MISSION 3: Remake,2,0.0007
2711,10009836,Frontier Hunter : Erza’s Wheel of Fortune,2,0.0007
2712,10004224,Gardenia: Prologue,2,0.0007
2713,208240,GAROU: MARK OF THE WOLVES,2,0.0007
2714,10010716,Garten of Banban,2,0.0007
2715,10010717,Garten of Banban 2,2,0.0007
2716,10010718,Garten of Banban 3,2,0.0007
2717,231711,Gear.Club Unlimited 2 Ultimate Edition,2,0.0007
2718,201860,Geometry Wars³: Dimensions,2,0.0007
2719,10015904,Giant Rush,2,0.0007
2720,10005103,GODS EATER BURST,2,0.0007
2721,10013375,Gorilla Attack,2,0.0007
2722,201954,Grand Ages: Medieval,2,0.0007
2723,227396,Gravel,2,0.0007
2724,10010517,GreedFall: The Dying World,2,0.0007
2725,10017769,GRIME II,2,0.0007
2726,231294,GRIP,2,0.0007
2727,207498,Guilty Gear Xrd -Revelator-,2,0.0007
2728,10018780,Gurei,2,0.0007
2729,10004039,HAJWALA 2,2,0.0007
2730,10004263,Hammerwatch II,2,0.0007
2731,10003648,Happy's Humble Burger Farm,2,0.0007
2732,227361,Happy Dungeons,2,0.0007
2733,201916,Hasbro Family Fun Pack,2,0.0007
2734,223803,Hasbro Family Fun Pack - Conquest Edition,2,0.0007
2735,10014587,Hatsune Miku Logic Paint S+,2,0.0007
2736,10016476,Hauntsville,2,0.0007
2737,10006454,Hello Neighbor: Search and Rescue,2,0.0007
2738,10012903,Heretic + Hexen,2,0.0007
2739,10016889,Hero Wheels,2,0.0007
2740,10010265,Highway Police Simulator,2,0.0007
2741,10000713,HIQ ACE Unlimited,2,0.0007
2742,10009447,Hole io,2,0.0007
2743,10011019,Home Safety Hotline,2,0.0007
2744,10004903,Horror Adventure : Zombie Edition,2,0.0007
2745,217204,Horse Racing 2016,2,0.0007
2746,10004411,Hot Shots Golf,2,0.0007
2747,10012875,Hot Wheels Let's Race™: Ultimate Speed,2,0.0007
2748,10000320,Hotel R'n'R,2,0.0007
2749,227150,How To Survive 2,2,0.0007
2750,10007202,Hubris,2,0.0007
2751,221896,Hue,2,0.0007
2752,10012592,"I Have No Mouth, and I Must Scream",2,0.0007
2753,10004410,I.Q Intelligent Qube,2,0.0007
2754,10012887,Idle Devils,2,0.0007
2755,10001487,In Sound Mind,2,0.0007
2756,216306,Indivisible,2,0.0007
2757,234957,Inertial Drift,2,0.0007
2758,227376,It's Quiz Time,2,0.0007
2759,10018589,It Reaches,2,0.0007
2760,10016253,Italian Brainrot,2,0.0007
2761,10005215,Itorah,2,0.0007
2762,10017598,Jay and Silent Bob: Chronic Blunt Punch,2,0.0007
2763,10009010,Jet Moto 2,2,0.0007
2764,202225,Jetpack Joyride,2,0.0007
2765,10006019,Jitsu Squad,2,0.0007
2766,227148,Joshua Bell VR,2,0.0007
2767,10004413,Jumping Flash!,2,0.0007
2768,10018144,Kamikaze Strike: FPV Drone,2,0.0007
2769,223047,Karaoke@DAM,2,0.0007
2770,10010911,Karma: The Dark World,2,0.0007
2771,10010123,Kids Learn,2,0.0007
2772,10010975,KILL KNIGHT,2,0.0007
2773,202378,King Oddball,2,0.0007
2774,234273,Knives Out,2,0.0007
2775,10014894,KORG Gadget for PlayStation,2,0.0007
2776,10005987,LEGEND BOWL,2,0.0007
2777,232093,Legendary Eleven,2,0.0007
2778,10001821,Leisure Suit Larry - Wet Dreams Dry Twice,2,0.0007
2779,232741,Lethal League Blaze,2,0.0007
2780,10013192,Liar's Pub,2,0.0007
2781,235077,Liftoff: Drone Racing,2,0.0007
2782,10015936,Lirili Larila,2,0.0007
2783,10003548,Little League World Series Baseball 2022,2,0.0007
2784,235408,Little Misfortune,2,0.0007
2785,10013518,Little Nightmares VR: Altered Echoes,2,0.0007
2786,227869,LocoRoco™ 2 Remastered,2,0.0007
2787,10009580,Looney Tunes: Wacky World of Sports,2,0.0007
2788,10011792,Lost in Random: The Eternal Die,2,0.0007
2789,10014475,Lost Lands 1: Dark Overlord,2,0.0007
2790,10019898,"Lost Lands 11: Stories about the Sorceress, the Prince and the Minotaur",2,0.0007
2791,10017399,Lost Lands 3,2,0.0007
2792,10009639,Lost Records: Bloom & Rage,2,0.0007
2793,10010944,Love is all around,2,0.0007
2794,10018646,Luna Abyss,2,0.0007
2795,10008690,Luto,2,0.0007
2796,202774,Madden NFL 16,2,0.0007
2797,202784,Madden NFL 17,2,0.0007
2798,229796,Madden NFL 19,2,0.0007
2799,208723,Mafia III: Definitive Edition,2,0.0007
2800,234592,Marvel's Iron Man VR,2,0.0007
2801,10008138,MediEvil,2,0.0007
2802,225252,Megaton Rainfall,2,0.0007
2803,223079,METAL GEAR SURVIVE,2,0.0007
2804,10017259,Miiridian Prime,2,0.0007
2805,10004702,Minigolf Adventure,2,0.0007
2806,10012421,Minishoot' Adventures,2,0.0007
2807,10010951,Mister Mosquito,2,0.0007
2808,225265,MLB® The Show™ 17,2,0.0007
2809,231332,MLB® The Show™ 18,2,0.0007
2810,10018470,Momento,2,0.0007
2811,233136,Monster Crown,2,0.0007
2812,10011090,Moorhuhn Kart 4,2,0.0007
2813,10005186,Morbid: The Lords of Ire,2,0.0007
2814,10015006,Motel Business Simulator,2,0.0007
2815,10007761,Mountain Racing,2,0.0007
2816,10007242,Mr. Run and Jump,2,0.0007
2817,202950,Murdered: Soul Suspect,2,0.0007
2818,10010031,Mutant Football League 2,2,0.0007
2819,230500,MXGP – The Official Motocross Videogame Compact,2,0.0007
2820,10004079,MY LITTLE PONY: A Maretime Bay Adventure,2,0.0007
2821,10015164,My Little Puppy,2,0.0007
2822,231112,My Time at Portia,2,0.0007
2823,10008667,Myst (PS1),2,0.0007
2824,10014629,Mystery Hotel: Hidden Objects,2,0.0007
2825,10008721,Mystic Pillars X Kantara,2,0.0007
2826,10004944,NAIAD,2,0.0007
2827,232332,Necromunda: Underhive Wars,2,0.0007
2828,10001982,NEO: The World Ends with You,2,0.0007
2829,233984,Neverwinter Nights: Enhanced Edition,2,0.0007
2830,10000634,Nexomon: Extinction,2,0.0007
2831,10001214,NHL™ 94 REWIND,2,0.0007
2832,232995,Ni no Kuni Wrath of the White Witch™ Remastered,2,0.0007
2833,10013105,Nice Day for Fishing,2,0.0007
2834,10011325,Night Slashers: Remake,2,0.0007
2835,10013857,NINJA GAIDEN: Ragebound,2,0.0007
2836,10005034,No Heroes Allowed!,2,0.0007
2837,216574,No Time To Explain,2,0.0007
2838,226519,NOBUNAGA'S AMBITION: Sphere of Influence,2,0.0007
2839,10005596,Nuclear Blaze,2,0.0007
2840,10016441,Nun of Your Business,2,0.0007
2841,10007957,Oddsparks: An Automation Adventure,2,0.0007
2842,10005198,Oddworld: Abe's Exoddus (PS1 emulation),2,0.0007
2843,10013216,OFC - Ultimate Fighting Club,2,0.0007
2844,10019584,Office renovation,2,0.0007
2845,10015354,Old School Rally,2,0.0007
2846,234039,One Night Stand,2,0.0007
2847,10000225,One Step From Eden,2,0.0007
2848,234875,Othercide,2,0.0007
2849,10009129,OTXO,2,0.0007
2850,10005927,Paleo Pines,2,0.0007
2851,10015988,PARCEL INSPECTION SIMULATOR,2,0.0007
2852,10017543,Park my car,2,0.0007
2853,10013289,PAW Patrol™ Rescue Wheels™: Championship,2,0.0007
2854,233730,PC Building Simulator,2,0.0007
2855,10014287,PC Building Simulator 2,2,0.0007
2856,10009628,Phantom Brave: The Lost Hero,2,0.0007
2857,228806,PharLap - Horse Racing Challenge,2,0.0007
2858,10000873,Pile Up! Box by Box,2,0.0007
2859,231390,Pirate Flight (VR),2,0.0007
2860,10015211,Pixel Head Soccer,2,0.0007
2861,229991,PixelJunk™ Monsters 2,2,0.0007
2862,10008294,Placid Plastic Duck Simulator,2,0.0007
2863,10011317,Planet of Lana II,2,0.0007
2864,10004437,POST VOID,2,0.0007
2865,10001898,POSTAL Redux,2,0.0007
2866,10009214,Potato Sack Racing Simulator 2024,2,0.0007
2867,10002179,Potion Permit,2,0.0007
2868,231781,Project Highrise: Architect's Edition,2,0.0007
2869,10000702,Project Wingman: Frontline 59,2,0.0007
2870,203445,Pumped BMX +,2,0.0007
2871,10006276,Pursuit Force (PSP),2,0.0007
2872,10017032,Puzzle Piecer: Leaves of Autumn,2,0.0007
2873,10006389,R-TYPE TACTICS I・II COSMOS,2,0.0007
2874,10017260,Ragdoll Playground Sandbox,2,0.0007
2875,10010604,RAIDEN FIGHTERS REMIX COLLECTION,2,0.0007
2876,225360,Raiden V: Director's Cut,2,0.0007
2877,10012386,Rally Arcade Classics DEMO,2,0.0007
2878,10016343,Realm of Ink,2,0.0007
2879,10000377,Realpolitiks New Power,2,0.0007
2880,10015150,Recycling Center Simulator,2,0.0007
2881,10007229,Red Matter 2,2,0.0007
2882,10004160,Redout 2,2,0.0007
2883,10013686,Retro Racers,2,0.0007
2884,10001307,RETROMANIA WRESTLING,2,0.0007
2885,203782,RIDE,2,0.0007
2886,10015745,Rise Eterna 2,2,0.0007
2887,203677,RISK,2,0.0007
2888,10017410,Rival Stars Horse Racing,2,0.0007
2889,10003956,River City Girls 2,2,0.0007
2890,232985,RMC Sport,2,0.0007
2891,10014369,Roboquest VR,2,0.0007
2892,10006837,Rocket Knight Adventures: Re-Sparked,2,0.0007
2893,203737,Rogue Legacy,2,0.0007
2894,10000504,Rogue Lords,2,0.0007
2895,10001348,Roguebook,2,0.0007
2896,10016280,RollerCoaster Tycoon Classic,2,0.0007
2897,234917,Romance of the Three Kingdoms XIV,2,0.0007
2898,220637,Rugby Challenge 3,2,0.0007
2899,10002870,Rune Factory 4 Special,2,0.0007
2900,10002592,Rustler,2,0.0007
2901,233715,Sakura Wars,2,0.0007
2902,234808,SAMURAI SHODOWN NEOGEO COLLECTION,2,0.0007
2903,204492,SAMURAI WARRIORS 4,2,0.0007
2904,10005459,SAND LAND,2,0.0007
2905,10009840,Santa's World,2,0.0007
2906,10005258,Scars Above,2,0.0007
2907,10005173,Scorn,2,0.0007
2908,210948,Screencheat,2,0.0007
2909,219637,Sengoku Basara 4 Sumeragi,2,0.0007
2910,222006,Senran Kagura PEACH BEACH SPLASH,2,0.0007
2911,10002922,Serious Sam 4,2,0.0007
2912,10009867,Shadow Labyrinth,2,0.0007
2913,204156,Shadow of the Beast™,2,0.0007
2914,10008909,Shadows of the Damned: Hella Remastered,2,0.0007
2915,10001952,Shaolin vs Wutang,2,0.0007
2916,10005262,Sherlock Holmes The Awakened,2,0.0007
2917,10010588,Ship Graveyard Simulator 2,2,0.0007
2918,10017733,Shop & Stuff: Supermarket Simulator,2,0.0007
2919,10019491,Shujinkou Manga Reader,2,0.0007
2920,10000773,SKATE CITY,2,0.0007
2921,204311,Skylanders™ SuperChargers,2,0.0007
2922,10011143,Slay the Princess - The Pristine Cut,2,0.0007
2923,10009203,Slitterhead,2,0.0007
2924,10004796,Smurfs Kart,2,0.0007
2925,10007617,Somerville,2,0.0007
2926,10005102,Soulcalibur: Broken Destiny,2,0.0007
2927,10015363,Soulslinger: Envoy of Death,2,0.0007
2928,204044,Sparkle 2,2,0.0007
2929,213750,Sparkle Unleashed,2,0.0007
2930,10006495,Spirit Hunters: Infinite Horde,2,0.0007
2931,10013975,Spiritfall,2,0.0007
2932,10007960,SpongeBob SquarePants™: The Patrick Star Game,2,0.0007
2933,10015018,SpongeBob: Krusty Cook-Off,2,0.0007
2934,10018933,SPORTAL,2,0.0007
2935,10007308,STAR OCEAN THE SECOND STORY R,2,0.0007
2936,10010609,Star Overdrive,2,0.0007
2937,10004922,STAR WARS Rebel Assault II - The Hidden Empire,2,0.0007
2938,10008369,STAR WARS™: Dark Forces Remaster,2,0.0007
2939,10004497,SteamWorld Build,2,0.0007
2940,204198,SteamWorld Dig,2,0.0007
2941,216491,Stikbold!,2,0.0007
2942,234919,Stories Untold,2,0.0007
2943,10002035,STORY OF SEASONS: Friends of Mineral Town,2,0.0007
2944,10009589,Strange Horticulture,2,0.0007
2945,232103,Streets of Rogue,2,0.0007
2946,10006477,Stroke The Cow,2,0.0007
2947,10013900,Styx: Blades of Greed,2,0.0007
2948,204173,Styx: Master of Shadows,2,0.0007
2949,10009837,SubwaySim 2,2,0.0007
2950,227471,Sudden Strike 4,2,0.0007
2951,10008626,Suicide Guy VR Deluxe,2,0.0007
2952,10010574,Sunderfolk,2,0.0007
2953,10016807,Sunset Motel,2,0.0007
2954,10000952,Super Monkey Ball Banana Mania,2,0.0007
2955,232695,Super Volley Blast,2,0.0007
2956,10000397,SUPERHOT: MIND CONTROL DELETE,2,0.0007
2957,10000727,Supraland,2,0.0007
2958,229840,Surviving Mars,2,0.0007
2959,10013017,Surviving Mars: Relaunched,2,0.0007
2960,10016101,Suzerain,2,0.0007
2961,10015158,Syberia - Remastered,2,0.0007
2962,221760,Syberia 3,2,0.0007
2963,235392,Synth Riders,2,0.0007
2964,10010906,Tales of Berseria Remastered,2,0.0007
2965,10003077,Tales of Symphonia Remastered,2,0.0007
2966,10018212,Tank Attack,2,0.0007
2967,234574,Tannenberg,2,0.0007
2968,10015238,Taxi Chaos 2,2,0.0007
2969,204949,Tennis in the Face,2,0.0007
2970,227565,TENNIS TV,2,0.0007
2971,10017368,Terrinoth®: Heroes of Descent,2,0.0007
2972,10019061,The 7th Guest Remake,2,0.0007
2973,10002823,The Chant,2,0.0007
2974,10012782,The Crimson Maid,2,0.0007
2975,10007474,The Devil Within: Satgat,2,0.0007
2976,219877,The Escapists: The Walking Dead,2,0.0007
2977,232593,The Eternal Cylinder,2,0.0007
2978,10004308,The Expanse: A Telltale Series,2,0.0007
2979,10015426,The Expanse: Osiris Reborn,2,0.0007
2980,10012696,The Fine Art of Murder,2,0.0007
2981,235149,The Great Ace Attorney Chronicles,2,0.0007
2982,10011819,The Jumping Donut - PS4 & PS5,2,0.0007
2983,204757,THE KING OF FIGHTERS 2000™,2,0.0007
2984,231876,THE LAST REMNANT Remastered,2,0.0007
2985,10003242,The Legend of Heroes: Trails from Zero,2,0.0007
2986,228455,The Legend of Heroes: Trails of Cold Steel III,2,0.0007
2987,233517,The Messenger,2,0.0007
2988,10009390,The Midnight Walk,2,0.0007
2989,227519,The Persistence,2,0.0007
2990,10007954,The Plucky Squire,2,0.0007
2991,10004104,The Quintessential Quintuplets - Five Memories Spent With You,2,0.0007
2992,227521,The Seven Deadly Sins　Knights of Britannia,2,0.0007
2993,10010426,The Smurfs - Dreams,2,0.0007
2994,10016208,Tiny Bookshop,2,0.0007
2995,10003267,TOEM,2,0.0007
2996,226898,Tokyo Xanadu eX+,2,0.0007
2997,10015010,Tomba! 2 Special Edition,2,0.0007
2998,10001036,Tony Stewart's All-American Racing,2,0.0007
2999,233563,TORCHLIGHT 2,2,0.0007
3000,10011973,Touhou Danmaku Kagura Phantasia Lost,2,0.0007
3001,10007452,Tour de France 2023,2,0.0007
3002,10003309,Tourist Bus Simulator,2,0.0007
3003,10017881,Tractor Racers,2,0.0007
3004,10002985,Train Life: A Railway Simulator,2,0.0007
3005,10008114,Train Sim World® 4,2,0.0007
3006,10003257,Train Station Renovation,2,0.0007
3007,10015026,Tralalero Tralala™: Battle Royale,2,0.0007
3008,216382,Trials of the Blood Dragon™,2,0.0007
3009,205046,Trine 2: Complete Story,2,0.0007
3010,226957,Trine Enchanted Edition,2,0.0007
3011,10018287,Truck Driver's License,2,0.0007
3012,10008543,Truck Simulator Cargo Driver 2024 - USA,2,0.0007
3013,10000778,TUROK,2,0.0007
3014,10003348,Ultra Foodmess,2,0.0007
3015,228659,Uncharted™ 2: Among Thieves Remastered,2,0.0007
3016,10013324,Under Par Golf Architect,2,0.0007
3017,10001989,Unknown 9: Awakening,2,0.0007
3018,10015599,Unrailed 2: Back on Track,2,0.0007
3019,10000914,Unrailed!,2,0.0007
3020,10001076,Unspottable,2,0.0007
3021,10016088,Utawarerumono Past and Present Rediscovered,2,0.0007
3022,233423,VA-11 Hall-A,2,0.0007
3023,226977,Valkyria Chronicles,2,0.0007
3024,230138,Valkyria Chronicles 4,2,0.0007
3025,10004508,VALKYRIE PROFILE: LENNETH,2,0.0007
3026,10011203,Vampire Hunters,2,0.0007
3027,10014899,Velocity Riders,2,0.0007
3028,10009050,Vertigo 2,2,0.0007
3029,10014658,Voidwrought,2,0.0007
3030,10016446,VRacer Hoverbike,2,0.0007
3031,10009278,Wall World,2,0.0007
3032,10011513,Wanderstop,2,0.0007
3033,10006942,"Warhammer 40,000: Chaos Gate - Daemonhunters",2,0.0007
3034,10003190,"Warhammer 40,000: Shootas, Blood & Teef",2,0.0007
3035,10004639,Warhammer Age of Sigmar: Realms of Ruin,2,0.0007
3036,212224,Warhammer: The End Times - Vermintide,2,0.0007
3037,235112,WatchVR,2,0.0007
3038,10016893,Wheelie Life Simulator,2,0.0007
3039,10016610,Who's at the door?,2,0.0007
3040,10004409,Wild Arms,2,0.0007
3041,10005513,Wild Arms 2,2,0.0007
3042,10017088,Winning Post 10 2026,2,0.0007
3043,10004510,WITCH ON THE HOLY NIGHT,2,0.0007
3044,10010849,WitchSpring R,2,0.0007
3045,10010291,Withering Rooms,2,0.0007
3046,10019574,Word Sweep,2,0.0007
3047,10012969,World Explorer Challenge,2,0.0007
3048,10004900,Worms World Party [PS1 Emulation],2,0.0007
3049,233787,WRC 8 FIA World Rally Championship,2,0.0007
3050,225455,X-Morph: Defense,2,0.0007
3051,10000403,XIII,2,0.0007
3052,10017755,Xmas Survivors,2,0.0007
3053,10010467,Yet Another Zombie Survivors,2,0.0007
3054,232053,YOU ARE BEING FOLLOWED,2,0.0007
3055,235104,Zaccaria Pinball,2,0.0007
3056,10008810,パワフルプロ野球2024-2025,2,0.0007
3057,228778,假面騎士 巔峰戰士／幪面超人 巔峰戰士,2,0.0007
3058,216423,超級機器人大戰OG The Moon Dwellers,2,0.0007
3059,202326,#KILLALLZOMBIES,1,0.0003
3060,10007288,[REDACTED],1,0.0003
3061,217641,√Letter,1,0.0003
3062,10015690,0xDEADRUN,1,0.0003
3063,10018424,1-2-Dynamic Word Search!,1,0.0003
3064,10016777,1-2-Exquisite Word Search!,1,0.0003
3065,234597,198X,1,0.0003
3066,10006525,2MD: VR Football Unleashed ALL☆STAR,1,0.0003
3067,10007645,2Xtreme,1,0.0003
3068,10008873,30 Sport Games in 1,1,0.0003
3069,10015240,40 Sports Games in 1,1,0.0003
3070,217857,5 Star Wrestling: ReGenesis,1,0.0003
3071,10017142,60 Minutes to Extinction: Escape Room,1,0.0003
3072,10000311,60 Parsecs!,1,0.0003
3073,10015744,7th Domain ： Tree of Chaos,1,0.0003
3074,235102,9th Dawn III,1,0.0003
3075,10014047,A Bibelot: Y-Break,1,0.0003
3076,10007145,A Building Full of Cats,1,0.0003
3077,10003592,A Day Without Me,1,0.0003
3078,10001908,A Juggler's Tale,1,0.0003
3079,10003653,A Monster's Expedition (Through Puzzling Exhibitions),1,0.0003
3080,10009038,A Robot Named Fight!,1,0.0003
3081,10003019,A Short Hike,1,0.0003
3082,10009061,ABRISS - build to destroy,1,0.0003
3083,221660,Absolute Drift,1,0.0003
3084,227065,ACA NEOGEO AERO FIGHTERS 2,1,0.0003
3085,232632,ACA NEOGEO BASEBALL STARS 2,1,0.0003
3086,227068,ACA NEOGEO FATAL FURY SPECIAL,1,0.0003
3087,224806,ACA NEOGEO KING OF THE MONSTERS,1,0.0003
3088,209645,ACA NEOGEO METAL SLUG,1,0.0003
3089,202883,ACA NEOGEO METAL SLUG 2,1,0.0003
3090,10003921,ACA NEOGEO METAL SLUG 3,1,0.0003
3091,232946,ACA NEOGEO PUZZLE BOBBLE,1,0.0003
3092,203836,ACA NEOGEO REAL BOUT FATAL FURY,1,0.0003
3093,231046,ACA NEOGEO REAL BOUT FATAL FURY 2,1,0.0003
3094,228665,ACA NEOGEO SAMURAI SHODOWN II,1,0.0003
3095,224808,ACA NEOGEO SENGOKU,1,0.0003
3096,204754,ACA NEOGEO THE KING OF FIGHTERS '94,1,0.0003
3097,204748,ACA NEOGEO THE KING OF FIGHTERS '95,1,0.0003
3098,204745,ACA NEOGEO THE KING OF FIGHTERS '96,1,0.0003
3099,204744,ACA NEOGEO THE KING OF FIGHTERS '97,1,0.0003
3100,10003915,ACA NEOGEO THE KING OF FIGHTERS 2000,1,0.0003
3101,231226,ACA NEOGEO WORLD HEROES PERFECT,1,0.0003
3102,10004775,Accident,1,0.0003
3103,10017748,Ace Heli Pilot,1,0.0003
3104,10003600,ACL Pro Cornhole,1,0.0003
3105,10009947,Acrylic Nails!,1,0.0003
3106,200119,Action Henk,1,0.0003
3107,10002241,Active Neurons 3 - Wonders Of The World,1,0.0003
3108,10001622,Actraiser Renaissance,1,0.0003
3109,10013221,ADVANCED V.G. Saturn Tribute PS4 & PS5,1,0.0003
3110,10003720,Adventure Academia: The Fractured Continent,1,0.0003
3111,217978,Adventure Time: Finn and Jake Investigations,1,0.0003
3112,233209,AFL Evolution 2,1,0.0003
3113,234839,After the Fall®,1,0.0003
3114,10007677,After You,1,0.0003
3115,232658,Age of Wonders: Planetfall,1,0.0003
3116,10020078,Agent dark,1,0.0003
3117,10012837,Agent Fall,1,0.0003
3118,10002183,Agent Intercept,1,0.0003
3119,232801,Aggelos,1,0.0003
3120,10001909,AI: THE SOMNIUM FILES - nirvanA Initiative,1,0.0003
3121,10001342,Air Hockey,1,0.0003
3122,10018795,Air Hunter,1,0.0003
3123,234561,AKIBA'S TRIP: Hellbound & Debriefed,1,0.0003
3124,10014626,Akinakes,1,0.0003
3125,10002528,Alba: A Wildlife Adventure,1,0.0003
3126,10015499,Alchemist: Journey of The Soul,1,0.0003
3127,10010545,Alien Hominid Invasion,1,0.0003
3128,10009832,All I Want for Christmas are Subgames,1,0.0003
3129,229879,ALVO VR,1,0.0003
3130,225009,Always Sometimes Monsters,1,0.0003
3131,10011561,Amanda the Adventurer,1,0.0003
3132,10008115,AMAZE!,1,0.0003
3133,10018067,Amer: The Chase Hit and Run,1,0.0003
3134,10017053,American Theft 80s,1,0.0003
3135,10000474,Amnesia: Rebirth,1,0.0003
3136,10017468,Angry Cat,1,0.0003
3137,232348,Animal Force,1,0.0003
3138,10016790,Anime Girls: Tactical Assault,1,0.0003
3139,10019293,Anime Uni 3D: Hot Vacay,1,0.0003
3140,10018851,Anime Uni St. Patrick’s Puzzle,1,0.0003
3141,200251,Another World - 20th Anniversary Edition,1,0.0003
3142,10006482,Ape Academy 2,1,0.0003
3143,10007223,Aphelion,1,0.0003
3144,10000273,Apsulov: End of Gods,1,0.0003
3145,200308,Arc: Twilight of the Spirits™,1,0.0003
3146,206117,Arcade Archives Darius II,1,0.0003
3147,200289,Arcade Archives DOUBLE DRAGON,1,0.0003
3148,216045,Arcade Archives DOUBLE DRAGON II The Revenge,1,0.0003
3149,10004288,Arcade Archives DRAGON SPIRIT,1,0.0003
3150,235082,Arcade Archives FROGGER,1,0.0003
3151,10001614,Arcade Archives GRADIUS III,1,0.0003
3152,10003510,Arcade Archives MAPPY,1,0.0003
3153,10003413,Arcade Archives PAC-MAN,1,0.0003
3154,10010781,Arcade Archives RASTAN SAGA,1,0.0003
3155,10011501,Arcade Archives SPINAL BREAKERS,1,0.0003
3156,233107,Arcade Archives T.N.K III,1,0.0003
3157,10002409,Arcade Archives THUNDER DRAGON,1,0.0003
3158,233471,Arcade Archives TIME PILOT,1,0.0003
3159,10011515,Arcade Archives VS. BATTLE CITY,1,0.0003
3160,234511,Arcade Archives Wiz,1,0.0003
3161,234006,Arcade Classics Anniversary Collection,1,0.0003
3162,10009374,Arcade Game Zone,1,0.0003
3163,10014271,Arcane Paws,1,0.0003
3164,10018390,Archerio,1,0.0003
3165,10006894,ArcRunner,1,0.0003
3166,10007923,Argonauts Agency 6: Missing Daughter,1,0.0003
3167,10013771,Ariana and the Elder Codex,1,0.0003
3168,10015498,Arisen Force: LifeDevotee,1,0.0003
3169,229885,ARK Park,1,0.0003
3170,10004401,Arkanoid Eternal Battle,1,0.0003
3171,10009596,Arken Age,1,0.0003
3172,10010298,ARMORED CORE MASTER OF ARENA,1,0.0003
3173,10002016,Arrog,1,0.0003
3174,10013390,ASTBALL,1,0.0003
3175,10005233,Asterigos: Curse of the Stars,1,0.0003
3176,10015356,Asterix & Obelix - Mission Babylon,1,0.0003
3177,10001110,Asterix & Obelix Slap them All!,1,0.0003
3178,10000621,Asterix & Obelix XXL: Romastered,1,0.0003
3179,205912,Asterix & Obelix XXL2,1,0.0003
3180,234766,Asterix & Obelix XXL3,1,0.0003
3181,10011469,Astrea: Six-Sided Oracles,1,0.0003
3182,10002550,Astria Ascending,1,0.0003
3183,10009784,Astro Rangers,1,0.0003
3184,222944,Atari Flashback Classics vol.2,1,0.0003
3185,234727,Atelier Escha & Logy: Alchemists of the Dusk Sky DX,1,0.0003
3186,10006379,Atelier Marie Remake: The Alchemist of Salburg,1,0.0003
3187,10002346,Atelier Mysterious Trilogy Deluxe Pack,1,0.0003
3188,10015756,Atelier Ryza 2: Lost Legends & the Secret Fairy DX,1,0.0003
3189,10015757,Atelier Ryza 3: Alchemist of the End & the Secret Key DX,1,0.0003
3190,200190,Atelier Sophie ~The Alchemist of the Mysterious Book~,1,0.0003
3191,232604,Atelier Totori ~The Adventurer of Arland~ DX,1,0.0003
3192,200172,Atom Universe,1,0.0003
3193,10014881,Attack at Dawn: North Africa,1,0.0003
3194,10002782,Aurora’s Journey and the Pitiful Lackey,1,0.0003
3195,10001501,Auto Chess,1,0.0003
3196,10011271,Autopsy Simulator,1,0.0003
3197,235377,AVICII Invector,1,0.0003
3198,10005860,Axis Football 2023,1,0.0003
3199,10013692,Axis Football 2026,1,0.0003
3200,10000362,Azure Striker GUNVOLT: STRIKER PACK,1,0.0003
3201,10010745,Baby Boomer 2: 35 Years Too Soon PS4 & PS5,1,0.0003
3202,200400,Back to the Future: The Game,1,0.0003
3203,10007912,Backpack Hero,1,0.0003
3204,10013180,Backrooms Level X,1,0.0003
3205,10011798,Backrooms: Partygoers,1,0.0003
3206,10018394,Backrooms: Poolrooms,1,0.0003
3207,200469,BADLAND: Game of the Year Edition,1,0.0003
3208,10009543,Bakery Simulator,1,0.0003
3209,10010936,Baking Time!,1,0.0003
3210,10016628,Balkan Football League 2026,1,0.0003
3211,10014196,BALL 28 IN SPACE,1,0.0003
3212,10018464,Balls vs. Tombs,1,0.0003
3213,10016038,Banana Dash,1,0.0003
3214,10000241,Banner of the Maid,1,0.0003
3215,10006081,Barbaria,1,0.0003
3216,10003542,Barn Finders,1,0.0003
3217,216886,Battle Chef Brigade,1,0.0003
3218,200462,BATTLESHIP®,1,0.0003
3219,10016348,Beach Invasion 1915 - Gallipoli,1,0.0003
3220,10008851,Beach Invasion 1944,1,0.0003
3221,10007449,Bear and Breakfast,1,0.0003
3222,231882,Beast Quest,1,0.0003
3223,232768,Beat Cop,1,0.0003
3224,10011890,Beat Hazard Arcade,1,0.0003
3225,10016900,Beat The Champions,1,0.0003
3226,10016616,Beauty Clicker,1,0.0003
3227,10018706,Beel the pollinator,1,0.0003
3228,10019076,Beholgar 2,1,0.0003
3229,10002309,Besiege,1,0.0003
3230,10006539,Beveron,1,0.0003
3231,10000315,Beyond Blue,1,0.0003
3232,10002005,Bibi & Tina at the Horse Farm,1,0.0003
3233,10015198,Bible Puzzle: Christian Game,1,0.0003
3234,221666,Big Buck Arcade,1,0.0003
3235,10012300,Big Buck Hunter: Ultimate Trophy,1,0.0003
3236,206234,Big City Stories,1,0.0003
3237,232296,Big Crown Showdown,1,0.0003
3238,10014445,Bigfoot Hunting,1,0.0003
3239,10004756,Biolab Wars,1,0.0003
3240,10012275,Birthday Boy,1,0.0003
3241,10002300,Bishoujo Battle Cyber Panic!,1,0.0003
3242,10010032,BIT.TRIP RERUNNER,1,0.0003
3243,10007383,Black Skylands,1,0.0003
3244,10003311,Blackberry Honey,1,0.0003
3245,10019424,Blackhole Incremental,1,0.0003
3246,232562,Blacksad: Under the Skin,1,0.0003
3247,200528,BLADESTORM: Nightmare,1,0.0003
3248,10003092,Blast Brigade vs. the Evil Legion of Dr. Cread,1,0.0003
3249,228310,BLAZBLUE CHRONOPHANTASMA EXTEND,1,0.0003
3250,10002053,Blazing Beaks,1,0.0003
3251,233098,Blazing Chrome,1,0.0003
3252,234527,Blim,1,0.0003
3253,10002200,Blizzard® Arcade Collection,1,0.0003
3254,10017797,Block Cascade,1,0.0003
3255,10018880,Block Run,1,0.0003
3256,234047,Blood & Truth,1,0.0003
3257,10011646,Blood Omen 2: Legacy of Kain,1,0.0003
3258,10011076,Blood Omen: Legacy of Kain,1,0.0003
3259,232299,Bloodstained: Curse of the Moon,1,0.0003
3260,10009078,Bloomtown: A Different Story,1,0.0003
3261,10001806,BLUE REFLECTION: Second Light,1,0.0003
3262,10013077,Blue Wednesday,1,0.0003
3263,216088,Blues and Bullets,1,0.0003
3264,10008977,Bō: Path of the Teal Lotus,1,0.0003
3265,10018022,Bodycamera FPS,1,0.0003
3266,10015401,Border Rush Jump Challenge,1,0.0003
3267,235404,Bossgard,1,0.0003
3268,10009539,Boti: Byteland Overclocked,1,0.0003
3269,214367,Bound,1,0.0003
3270,200572,Bound By Flame,1,0.0003
3271,10017530,Boundary Pusher,1,0.0003
3272,10004402,Boxville,1,0.0003
3273,10013009,Boxville 2,1,0.0003
3274,10015885,Br Br Patapim,1,0.0003
3275,10002392,Breathedge,1,0.0003
3276,10004566,Bright Lights of Svetlov,1,0.0003
3277,10004557,Bright Memory: Infinite,1,0.0003
3278,10006418,BROK the InvestiGator,1,0.0003
3279,10004131,Broken Pieces,1,0.0003
3280,10014853,BrokenLore: DON'T WATCH,1,0.0003
3281,10017654,BrokenLore: FOLLOW,1,0.0003
3282,10008188,BrokenLore: UNFOLLOW,1,0.0003
3283,10000691,Brotherhood United,1,0.0003
3284,233373,BT Sport,1,0.0003
3285,10014438,Bubble Shooter DX,1,0.0003
3286,10016621,Bubsy 4D,1,0.0003
3287,10013869,Bubsy in: The Purrfect Collection,1,0.0003
3288,10008170,Bud Spencer & Terence Hill - Slaps And Beans 2,1,0.0003
3289,10005325,Budget Cuts Ultimate,1,0.0003
3290,10000410,Bug Fables: The Everlasting Sapling,1,0.0003
3291,230135,Bullet Girls Phantasia,1,0.0003
3292,10014569,Bunny Cubed,1,0.0003
3293,216907,Bunny Must Die! Chelsea and the 7devils.,1,0.0003
3294,10005371,Burger Fun,1,0.0003
3295,10015080,Burger Master,1,0.0003
3296,10017119,Bus Simulator : World Tour,1,0.0003
3297,10012040,Bust a Block - PS4 & PS5,1,0.0003
3298,10008528,Bye Sweet Carole,1,0.0003
3299,10005072,C-Smash VRS New Dimension,1,0.0003
3300,10014275,Call of Sentinels,1,0.0003
3301,10015348,Canine,1,0.0003
3302,10013823,Cannabis Shop Simulator,1,0.0003
3303,10005455,Cannon Dancer - Osman,1,0.0003
3304,10011547,Captain Blood,1,0.0003
3305,10016412,Car Wash Tycoon Business Simulator,1,0.0003
3306,10010538,Caravan SandWitch,1,0.0003
3307,10006530,Cario 2,1,0.0003
3308,10003256,CASE 2: Animatronics Survival,1,0.0003
3309,10017844,Case Files: Internal Affairs,1,0.0003
3310,10006568,Case Files: The Death of Paulette Williams,1,0.0003
3311,10004932,Casino Roulette Royal,1,0.0003
3312,10001650,Castle of no Escape,1,0.0003
3313,200691,CastleStorm - Definitive Edition,1,0.0003
3314,10014820,Cat From Hell,1,0.0003
3315,10016508,Cat in Rain,1,0.0003
3316,10009855,Cat Life Simulator,1,0.0003
3317,10009314,Cat Rescue Story,1,0.0003
3318,10013497,Cats and Seek : Dino Park,1,0.0003
3319,10013085,Cattle Country,1,0.0003
3320,10010755,Cazzarion: Dart Wheel,1,0.0003
3321,10010822,Cazzarion: Forest Defense,1,0.0003
3322,10011664,Cazzarion: Mosquito Hunt,1,0.0003
3323,10010790,Cazzarion: Pop The Bubbles,1,0.0003
3324,10010890,Cazzarion: Robot Rush,1,0.0003
3325,10010585,Cazzarion: Shellfish Frenzy,1,0.0003
3326,10011497,Cazzarion: Ship Hunting,1,0.0003
3327,10011707,Cazzarion: Shooting Gallery,1,0.0003
3328,10010957,Cazzarion: Zombie Drive,1,0.0003
3329,206342,Cel Damage HD,1,0.0003
3330,10003319,Centipede: Recharged,1,0.0003
3331,227302,Chaos on Deponia,1,0.0003
3332,10018296,Chess Battle,1,0.0003
3333,10014769,Chicken Run: Eggstraction,1,0.0003
3334,10015115,Chickens Madness,1,0.0003
3335,224829,ChimeSharp,1,0.0003
3336,232849,Chimparty™,1,0.0003
3337,10009573,Choice of Life: Middle Ages 2,1,0.0003
3338,10002029,Christmas Break Head to Head,1,0.0003
3339,10012553,Christmas Tree Decorating Simulator,1,0.0003
3340,10010665,Citadelum,1,0.0003
3341,200709,Citizens of Earth,1,0.0003
3342,10017609,City of Hunger VR,1,0.0003
3343,10009508,City Transport Simulator: Bus + Tram,1,0.0003
3344,10008804,CityDriver,1,0.0003
3345,10009429,Classic Pool,1,0.0003
3346,10017856,Cleaning Up!,1,0.0003
3347,10018883,CleanSheet Soccer 2,1,0.0003
3348,10004977,Clive 'N' Wrench,1,0.0003
3349,10014323,Close For The Night,1,0.0003
3350,231884,Closers,1,0.0003
3351,10016767,Clothing Store Simulator 3D,1,0.0003
3352,10014978,Cloud Roll,1,0.0003
3353,10000251,Cloudpunk,1,0.0003
3354,224827,Clouds & Sheep 2,1,0.0003
3355,10016769,Coinfields,1,0.0003
3356,200777,Color Guardians,1,0.0003
3357,10017780,Color Inverter,1,0.0003
3358,10001623,Colt Canyon,1,0.0003
3359,10004763,Combate Monero,1,0.0003
3360,10016396,Compound Word Puzzles 2,1,0.0003
3361,10014757,Constance,1,0.0003
3362,231259,Construction Simulator 2 US - Console Edition,1,0.0003
3363,235051,Construction Simulator 3 - Console Edition,1,0.0003
3364,200809,Contrast,1,0.0003
3365,10001410,Corpse Party,1,0.0003
3366,206308,Cosmic Star Heroine,1,0.0003
3367,10004600,Cosmonious High,1,0.0003
3368,10003051,COTTOn Boomerang - Saturn Tribute,1,0.0003
3369,200808,CounterSpy™,1,0.0003
3370,10017596,Cowboy Duel VR: Red Wild West Massacre,1,0.0003
3371,10018785,Cowboy Kart,1,0.0003
3372,10002088,Cozy Grove,1,0.0003
3373,10000218,Crash Drive 3,1,0.0003
3374,227109,Crawl,1,0.0003
3375,10016540,Crazy Bus,1,0.0003
3376,10000345,Creaks,1,0.0003
3377,233466,Croc's World Run,1,0.0003
3378,229762,Crossing Souls,1,0.0003
3379,10001769,Crown Trick,1,0.0003
3380,10005672,Crown Wars: The Black Prince,1,0.0003
3381,231262,Crypt of the Serpent King,1,0.0003
3382,10013698,Cthulhu: The Cosmic Abyss,1,0.0003
3383,10009827,Cuisineer,1,0.0003
3384,10002736,CuriosityStream,1,0.0003
3385,10001634,Curious Cases,1,0.0003
3386,10006595,Curling,1,0.0003
3387,10005915,Cyber Clutch: Hot Import Nights,1,0.0003
3388,216948,CYBER DANGANRONPA VR THE CLASS TRIAL,1,0.0003
3389,10015884,CybeRage,1,0.0003
3390,225256,Cyberdimension Neptunia: 4 Goddesses Online,1,0.0003
3391,232211,D-Day Enhanced,1,0.0003
3392,233010,Daggerhood,1,0.0003
3393,231860,Dakar 18,1,0.0003
3394,10014824,DAMON and BABY,1,0.0003
3395,10018656,Damsels in Distress,1,0.0003
3396,10019695,Damways,1,0.0003
3397,10015033,Dance On Radar,1,0.0003
3398,232934,Dangerous Driving,1,0.0003
3399,217979,Dangerous Golf,1,0.0003
3400,217997,DARIUSBURST Chronicle Saviours,1,0.0003
3401,10010787,Dark Deity 2,1,0.0003
3402,228703,DARK ECLIPSE,1,0.0003
3403,10014206,Dark Farts: Parody Smell Edition,1,0.0003
3404,10007200,Dark Light,1,0.0003
3405,10009653,DARKGEMS,1,0.0003
3406,10004673,Darts Up,1,0.0003
3407,228713,Date A Live: Rio Reincarnation,1,0.0003
3408,10003208,Dawn of the Monsters,1,0.0003
3409,200896,Day of the Tentacle Remastered,1,0.0003
3410,229753,Dead Ahead: Zombie Warfare,1,0.0003
3411,227110,Dead Alliance,1,0.0003
3412,222246,Dead Island Retro Revenge,1,0.0003
3413,10012827,Dead Land: Polygon VR,1,0.0003
3414,10013861,Dead of Darkness,1,0.0003
3415,216157,Dead Rising,1,0.0003
3416,222964,DEADBOLT,1,0.0003
3417,227708,Deadland,1,0.0003
3418,10010769,Deadlink,1,0.0003
3419,10013432,DEADLY BALLS BOUNCE,1,0.0003
3420,222833,Death's Gambit: Afterlife,1,0.0003
3421,228997,Death end re;Quest,1,0.0003
3422,10008673,Death end re;Quest Code Z,1,0.0003
3423,10016627,Death Horizon Reloaded,1,0.0003
3424,10015602,Death Howl,1,0.0003
3425,10014607,Deathbulge: Battle of the Bands,1,0.0003
3426,231052,Decay of Logos,1,0.0003
3427,10003838,Deceive Inc.,1,0.0003
3428,233493,Degrees Of Separation,1,0.0003
3429,10003378,Deliver Us Mars,1,0.0003
3430,10014283,Demeo x Dungeons & Dragons: Battlemarked,1,0.0003
3431,10008951,Democracy 4: Console Edition,1,0.0003
3432,10000266,Demon's Tier+,1,0.0003
3433,10007602,Demon Hunter: Chronicles From Beyond,1,0.0003
3434,10008801,Demon Slayer -Kimetsu no Yaiba- Sweep the Board!,1,0.0003
3435,10007754,Demonschool,1,0.0003
3436,10000444,DENSHA DE GO!! HASHIROUYAMANOTESEN,1,0.0003
3437,232891,Deponia Doomsday,1,0.0003
3438,221677,Destroy All Humans! 2,1,0.0003
3439,10015729,Detective Girl: The Case of Immortality,1,0.0003
3440,10013576,Deus Ex: The Conspiracy PS4 & PS5,1,0.0003
3441,233552,Devious Dungeon 2,1,0.0003
3442,10008122,Dig Deep,1,0.0003
3443,10016152,Digging Adventure Simulator 2025,1,0.0003
3444,10009955,Dinosaur RPG - Dino Survival Simulator Survivor,1,0.0003
3445,10016484,Dinosaur Survival Simulator - Prehistoric RPG,1,0.0003
3446,10004335,Disgaea 6 Complete,1,0.0003
3447,10003355,DISGAEA 6 for PS5,1,0.0003
3448,10003138,Divine Knockout (DKO),1,0.0003
3449,10010921,DIY Fashion Star,1,0.0003
3450,10008475,Do Not Crash,1,0.0003
3451,10019683,Dodge These Asteroids 2,1,0.0003
3452,10009533,Dodge These Balls,1,0.0003
3453,232672,DogFighterWW2,1,0.0003
3454,200951,Doki-Doki Universe™,1,0.0003
3455,233191,DON'T EVEN THINK,1,0.0003
3456,224839,Don't Knock Twice,1,0.0003
3457,10017139,Don't Mess With Bober,1,0.0003
3458,10017299,Don't skip the beat,1,0.0003
3459,10003667,Don't Touch this Button!,1,0.0003
3460,221682,Don Bradman Cricket 17,1,0.0003
3461,229747,Donut County,1,0.0003
3462,10002925,Donuts'n'Justice,1,0.0003
3463,10013045,Doodle Hunt: Halloween Rush,1,0.0003
3464,201074,Doodle Kingdom,1,0.0003
3465,10014511,Dorfromantik,1,0.0003
3466,10010965,DoubleDragon Revive,1,0.0003
3467,216182,Downwell,1,0.0003
3468,10016236,Draconic Resurgence,1,0.0003
3469,10011197,Drag Racing Professionals: Dirt Mechanic Simulator,1,0.0003
3470,201232,Dragon Fin Soup,1,0.0003
3471,10015753,Dragon Is Dead,1,0.0003
3472,231284,DragonFangZ - The Rose & Dungeon of Time,1,0.0003
3473,229776,Dream Match Tennis VR,1,0.0003
3474,10010003,Dreamland Solitaire: Dragon's Fury,1,0.0003
3475,10012516,DreamWorks Gabby’s Dollhouse: Ready to Party,1,0.0003
3476,10007273,DreamWorks Trolls Remix Rescue,1,0.0003
3477,10009975,Drift Racing Madness,1,0.0003
3478,10008354,Drift Reign,1,0.0003
3479,10016544,Drive Thru Fast Food Simulator,1,0.0003
3480,10006274,Driverio 2,1,0.0003
3481,10018165,Drug Dealer Empire,1,0.0003
3482,221676,DUCATI - 90th Anniversary,1,0.0003
3483,10008694,Duck Race,1,0.0003
3484,221684,Dungeon Punks,1,0.0003
3485,216153,Dungeons 2,1,0.0003
3486,10005136,Dungeons 4,1,0.0003
3487,234579,Dusk Diver,1,0.0003
3488,10017503,Dustland Delivery,1,0.0003
3489,10004329,Dyna Bomb,1,0.0003
3490,231269,Earthfall,1,0.0003
3491,10010751,Easter Journey,1,0.0003
3492,10000167,eBASEBALL POWERFUL PRO BASEBALL 2020,1,0.0003
3493,10011320,EBOLA VILLAGE,1,0.0003
3494,10012401,Eden Survivors,1,0.0003
3495,10012148,EDENS ZERO,1,0.0003
3496,10012717,Electrician Simulator VR,1,0.0003
3497,10010138,Electronics Puzzle Lab,1,0.0003
3498,10012019,Electronics Supermarket Simulator,1,0.0003
3499,10016639,Elementallis,1,0.0003
3500,10017611,Elevator Mayhem,1,0.0003
3501,10008803,Emergency Call - The Attack Squad,1,0.0003
3502,10007745,Er-Spectro,1,0.0003
3503,10005014,Escape First,1,0.0003
3504,10015046,Escape Route,1,0.0003
3505,10010777,Escape the Glitch 2: Backrooms,1,0.0003
3506,10015295,ESCAPE TUNG SAHUR BACKROOMS,1,0.0003
3507,10014006,Escaping Wonderland,1,0.0003
3508,10004814,Eternights,1,0.0003
3509,10011961,Euro Truck Sim Driver Simulator 24 - Garbage,1,0.0003
3510,10010480,Everafter Falls,1,0.0003
3511,10005887,Everhood: Eternity Edition,1,0.0003
3512,10007472,EVERSPACE™ 2,1,0.0003
3513,201297,Everybody's Gone To The Rapture™,1,0.0003
3514,222838,Everything,1,0.0003
3515,10008661,Evil Wizard,1,0.0003
3516,201268,Evolve,1,0.0003
3517,10006212,Evotinction,1,0.0003
3518,10000263,EXIT THE GUNGEON,1,0.0003
3519,10015451,Exit the Lot,1,0.0003
3520,10004642,Exo One,1,0.0003
3521,10012101,EXOcars,1,0.0003
3522,10008770,Exorcism of the Legion (Last Rites),1,0.0003
3523,201351,Extreme Exorcism,1,0.0003
3524,10009574,Fabledom,1,0.0003
3525,10011738,Fables Mosaic: Cindarella,1,0.0003
3526,10013155,Factory Simulator: Clothes & Outlet,1,0.0003
3527,234796,FAIRY TAIL,1,0.0003
3528,10016729,FAITH: The Unholy Trinity,1,0.0003
3529,10016885,Falling Bricks Endless Smash,1,0.0003
3530,10000935,Family Mysteries: Poisonous Promises,1,0.0003
3531,201538,FantaVision™,1,0.0003
3532,10012244,Farm Champions: Harvest Battle,1,0.0003
3533,10015725,Farm Simulator 2026,1,0.0003
3534,10009622,Farmagia,1,0.0003
3535,231274,Farmer's Dynasty,1,0.0003
3536,221690,Farpoint,1,0.0003
3537,10001869,Fast & Furious: Spy Racers Rise of SH1FT3R,1,0.0003
3538,10013130,Fast Food Manager Simulator,1,0.0003
3539,10000611,Fast Gear,1,0.0003
3540,10007377,Fastest on the Buzzer,1,0.0003
3541,212543,Fat Princess Adventures™,1,0.0003
3542,10012928,FatalZone,1,0.0003
3543,229048,Fate/EXTELLA LINK,1,0.0003
3544,227356,Fe,1,0.0003
3545,10013135,Fear Effect,1,0.0003
3546,10010737,Fear the Spotlight,1,0.0003
3547,232626,Fell Seal: Arbiter's Mark,1,0.0003
3548,201418,Fibbage,1,0.0003
3549,201399,FIFA 14,1,0.0003
3550,10006964,fig.,1,0.0003
3551,10016857,Fight For America,1,0.0003
3552,231080,FIGHTING EX LAYER,1,0.0003
3553,233243,Figment,1,0.0003
3554,10004222,Figment 2: Creed Valley,1,0.0003
3555,221689,Filmin,1,0.0003
3556,221517,FINAL FANTASY TYPE-0 HD,1,0.0003
3557,228684,Firefighters: Airport Fire Department,1,0.0003
3558,10003761,Firewall™ Ultra,1,0.0003
3559,10009812,Fishbowl,1,0.0003
3560,10016326,Fishing Rush,1,0.0003
3561,10001740,Five Dates,1,0.0003
3562,232760,Flashback,1,0.0003
3563,10000017,Flat Heroes,1,0.0003
3564,10016113,Flight Sim 2025,1,0.0003
3565,10006538,Flipy,1,0.0003
3566,201507,Flockers,1,0.0003
3567,10018781,Floor 9,1,0.0003
3568,232127,Floor Kids,1,0.0003
3569,201530,Flower,1,0.0003
3570,10016493,Fly Light,1,0.0003
3571,10004006,Fobia - St. Dinfna Hotel,1,0.0003
3572,10010192,Food Truck Simulator,1,0.0003
3573,10012989,Fool's Pub,1,0.0003
3574,201573,FORCED: Slightly Better Edition,1,0.0003
3575,10008662,ForeVR Pool,1,0.0003
3576,10016145,Forgotlings,1,0.0003
3577,10016545,Formula,1,0.0003
3578,10007627,Fort Solis,1,0.0003
3579,10012556,Fossilfuel 2,1,0.0003
3580,10004823,FPV Simulator,1,0.0003
3581,10002687,Fracked,1,0.0003
3582,10001992,Fractal Space,1,0.0003
3583,231839,Fractured Minds,1,0.0003
3584,229768,Frantics™,1,0.0003
3585,10018413,Freaky Lab VR,1,0.0003
3586,10003315,Freddy Spaghetti 2,1,0.0003
3587,10004552,Frog Detective: The Entire Mystery,1,0.0003
3588,10014132,Frog King DX,1,0.0003
3589,10005934,Frogo 2,1,0.0003
3590,10006526,Frogo 3,1,0.0003
3591,10013691,From one world to another,1,0.0003
3592,10008008,From Space,1,0.0003
3593,10011748,From Two Sides,1,0.0003
3594,10007755,FRONT MISSION 1st: Remake,1,0.0003
3595,10007150,Frontier Pilot Simulator,1,0.0003
3596,10010566,Fruit Mountain,1,0.0003
3597,10017265,Fruits Drop,1,0.0003
3598,228716,Full Metal Panic! Fight! Who Dares Wins,1,0.0003
3599,224851,Full Throttle Remastered,1,0.0003
3600,232260,FullBlast,1,0.0003
3601,10007759,Funtoon's World,1,0.0003
3602,10001491,G-DARIUS HD,1,0.0003
3603,10008137,G-Police,1,0.0003
3604,10005910,Gal Guardians: Demon Purge,1,0.0003
3605,10010645,Gallop Glory: Obstacle Racing & Horse Simulator,1,0.0003
3606,10007320,Garden Life: A Cozy Simulator,1,0.0003
3607,10007406,Garden Simulator,1,0.0003
3608,234562,Garfield Kart Furious Racing,1,0.0003
3609,10008147,Garlic,1,0.0003
3610,10010730,Garten of Banban 4,1,0.0003
3611,225183,Gary The Gull,1,0.0003
3612,10016643,Gas Station Manager 2026,1,0.0003
3613,10009616,Geometry Survivor,1,0.0003
3614,10011452,GET OUT!,1,0.0003
3615,10017245,Ghost Master: Resurrection Core Edition,1,0.0003
3616,10001057,Ghosts 'n Goblins Resurrection,1,0.0003
3617,201669,Giana Sisters: Twisted Dreams – Director’s Cut,1,0.0003
3618,234712,Glass Masquerade 2: Illusions,1,0.0003
3619,10012179,GLOOP,1,0.0003
3620,10011590,Glowface in Love - PS4 & PS5,1,0.0003
3621,217120,GNOG,1,0.0003
3622,10018086,GOBBLE,1,0.0003
3623,10016654,"God bless, or Goddess",1,0.0003
3624,10010891,GODBREAKERS,1,0.0003
3625,201722,GODZILLA,1,0.0003
3626,10009202,goHELLgo Tsukiotoshiteko,1,0.0003
3627,234603,Golazo,1,0.0003
3628,10015188,Golden Tee Arcade Classics,1,0.0003
3629,10018988,Golem Lights,1,0.0003
3630,10011598,GOMAN stuck in the avici hell,1,0.0003
3631,10006626,Gord,1,0.0003
3632,10004945,Gori: Cuddly Carnage,1,0.0003
3633,10010662,Gothic Classic,1,0.0003
3634,10008963,Grace of Letoile,1,0.0003
3635,201951,Grand Kingdom,1,0.0003
3636,10016750,Grand Poker Casino,1,0.0003
3637,10011053,Grand Rush: Highway Car Traffic Racing Simulator,1,0.0003
3638,10018871,Grand Vegas Casino,1,0.0003
3639,10008436,GRANDIA HD Collection,1,0.0003
3640,10005433,Gravitators,1,0.0003
3641,10006297,Gravity Circuit,1,0.0003
3642,10013249,Gravity Escape,1,0.0003
3643,10015601,Grayland Remastered,1,0.0003
3644,10016675,Greedland,1,0.0003
3645,10016391,Green Soldiers Heroes: Extreme Bikers,1,0.0003
3646,10001337,GREY SKIES: A WAR OF THE WORLDS STORY,1,0.0003
3647,10002537,GRIME,1,0.0003
3648,10015461,Ground Zero,1,0.0003
3649,201875,Grow Home,1,0.0003
3650,221697,Grow Up,1,0.0003
3651,10001480,Grow: Song of the Evertree,1,0.0003
3652,233086,Growtopia,1,0.0003
3653,227336,Guacamelee! 2,1,0.0003
3654,201828,GUNDAM BREAKER 3 BREAK EDITION,1,0.0003
3655,10008395,Gunhead,1,0.0003
3656,235355,Gunman Clive HD Collection,1,0.0003
3657,10008857,GUNVOLT RECORDS Cychronicle,1,0.0003
3658,227123,GWENT: The Witcher Card Game,1,0.0003
3659,10007169,GYLT,1,0.0003
3660,10016724,Gym Simulator 26,1,0.0003
3661,10017346,Hacked: The Streamer,1,0.0003
3662,231952,Hagwalla Legend™,1,0.0003
3663,10012704,Halloween Memory Quest,1,0.0003
3664,10007365,HammerHelm,1,0.0003
3665,217157,Hammerwatch,1,0.0003
3666,10004837,Hammerwatch Anniversary Edition,1,0.0003
3667,221726,Hand of Fate 2,1,0.0003
3668,233683,Handball 21,1,0.0003
3669,10008565,HappyFunland,1,0.0003
3670,234956,Hard West Ultimate Edition,1,0.0003
3671,10000379,Harvest Moon: One World,1,0.0003
3672,202065,Harvest Moon®: A Wonderful Life Special Edition,1,0.0003
3673,10014280,Harvest Moon®: Home Sweet Home Special Edition,1,0.0003
3674,10002563,Hashiriya Drifter - Car Drift Racing Simulator,1,0.0003
3675,10017030,Hatsune Miku Logic Paint S,1,0.0003
3676,201984,Headset Companion,1,0.0003
3677,10011618,HEAVEN SEEKER ――The Savior of This Cruel World,1,0.0003
3678,10011639,Helicopter Flight Simulator,1,0.0003
3679,10009906,Helix Jump,1,0.0003
3680,10015009,Hell Froze Over,1,0.0003
3681,10006524,Hellboy Web of Wyrd,1,0.0003
3682,232929,HELLFRONT: HONEYMOON,1,0.0003
3683,235113,Hellpoint,1,0.0003
3684,10013678,Hentai Shop Simulator,1,0.0003
3685,10002276,Hentai vs. Evil,1,0.0003
3686,10010510,Heretic's Fork,1,0.0003
3687,10005373,Hermit's Tic-Tac-Toe,1,0.0003
3688,10011328,Hero's Hour,1,0.0003
3689,234475,Hero Express,1,0.0003
3690,227140,Heroes of the Monkey Tavern,1,0.0003
3691,10013348,Heroes Sky Legends,1,0.0003
3692,229929,Hex: Card Clash,1,0.0003
3693,10010314,Hidden Cats in New York,1,0.0003
3694,10010315,Hidden Cats in Paris,1,0.0003
3695,10016624,Hidden Cats in Rio de Janeiro,1,0.0003
3696,10011137,Hidden Cats in Rome,1,0.0003
3697,10012204,Hidden Cats in Spooky Town,1,0.0003
3698,10014614,Hidden Kittens: Kingdom of Cats,1,0.0003
3699,10006135,Hidden Paws Mystery,1,0.0003
3700,10004346,Hidden Shapes: Animals + Lovely Cats,1,0.0003
3701,10000207,Hidden Through Time,1,0.0003
3702,10013649,Hide The Corpse,1,0.0003
3703,10016304,High School Dirty Secrets,1,0.0003
3704,10012011,Highguard,1,0.0003
3705,10005228,Highway Driving,1,0.0003
3706,10015047,Highway Haste,1,0.0003
3707,10010801,Highway Racer,1,0.0003
3708,10013133,Hill Climb on a Motorcycle,1,0.0003
3709,10014615,Hirogami,1,0.0003
3710,10003453,Hisho Same!Same!Same! -TOAPLAN ARCADE GARAGE-,1,0.0003
3711,10003839,Hokko Life,1,0.0003
3712,10014437,Hole Digging Master,1,0.0003
3713,10015028,Hollowbody,1,0.0003
3714,232421,Home Sweet Home,1,0.0003
3715,10000293,Hood: Outlaws & Legends,1,0.0003
3716,10009853,Hoodie Survivor,1,0.0003
3717,10009591,HOPPING P,1,0.0003
3718,10015329,Horror Night with Tung Tung Tung Sahur,1,0.0003
3719,10017109,Horrorillo Brainrotillo,1,0.0003
3720,10005001,Horse Club™ Adventures 2: Hazelwood Stories,1,0.0003
3721,10009076,Hot Wheels Monster Trucks: Stunt Mayhem™,1,0.0003
3722,10002253,Hotel: A Resort Simulator,1,0.0003
3723,10003236,House Flipper VR,1,0.0003
3724,227363,Hover,1,0.0003
3725,201989,How to Survive: Storm Warning Edition,1,0.0003
3726,10005168,Humongous Classic Collection,1,0.0003
3727,232194,HUNTDOWN,1,0.0003
3728,10002168,Hunter's Arena: Legends,1,0.0003
3729,10018213,Hyper Cars Ramp Crash,1,0.0003
3730,10010639,Hyperdimension Neptunia Re;Birth3 V GENERATION,1,0.0003
3731,10017592,HYPERWIRED,1,0.0003
3732,10014148,I Am Your Beast,1,0.0003
3733,10017830,I Hate This Place,1,0.0003
3734,10001043,"I, AI",1,0.0003
3735,10016370,Icenoid,1,0.0003
3736,231304,Ikaruga,1,0.0003
3737,10001900,Imagine Earth,1,0.0003
3738,10006298,IN TOW,1,0.0003
3739,10007628,Indoor Kickball,1,0.0003
3740,10004546,Industria,1,0.0003
3741,10004809,"Injection π23 'No Name, No Number' - Complete Edition",1,0.0003
3742,10003240,Instant Sports Plus,1,0.0003
3743,10015527,Instruments of Destruction,1,0.0003
3744,10005796,International Boxing,1,0.0003
3745,10013512,Into the Restless Ruins,1,0.0003
3746,214483,Invasion!,1,0.0003
3747,216301,"Invisible, Inc. Console Edition",1,0.0003
3748,233277,Ion Fury,1,0.0003
3749,10003472,IRON GUARD,1,0.0003
3750,10010468,Iron Lung,1,0.0003
3751,10001178,Iron Meat,1,0.0003
3752,225205,Is It Wrong to Try to Pick Up Girls in a Dungeon? Familia Myth Infinite Combate,1,0.0003
3753,10013490,Is this Game Trying to Kill Me?,1,0.0003
3754,10013143,"Island Survival: Craft, Build, Grow",1,0.0003
3755,202211,J-STARS Victory VS+,1,0.0003
3756,10005890,Jagged Alliance 3,1,0.0003
3757,10018282,JAWS: Retro Edition,1,0.0003
3758,233627,JCB Pioneer: Mars,1,0.0003
3759,10018824,Jesus: The Journey,1,0.0003
3760,10012286,Jewel Fever 3,1,0.0003
3761,10010126,Jigsaw Tetra,1,0.0003
3762,216298,Joe Dever's Lone Wolf Console Edition,1,0.0003
3763,215384,Journey™ Collector’s Edition,1,0.0003
3764,10004449,Jumanji: Wild Adventures,1,0.0003
3765,10005757,Junkyard Fury 2,1,0.0003
3766,10002813,Just Dance® 2022,1,0.0003
3767,10006432,Kanjozoku Game レーサー - Car Racing & Highway Driving Simulator Games,1,0.0003
3768,10003878,KartRider: Drift,1,0.0003
3769,10016182,Kawaii Puzzle Quest 2,1,0.0003
3770,234990,Kaze and the Wild Masks,1,0.0003
3771,10008124,KILL IT WITH FIRE! 2,1,0.0003
3772,232538,KILL la KILL -IF-,1,0.0003
3773,10008967,King Arthur: Knight's Tale,1,0.0003
3774,10005107,King of Meat,1,0.0003
3775,10017494,Kingdom's Return: Time-Eating Fruit and the Ancient Monster,1,0.0003
3776,10007265,Kingdom Eighties,1,0.0003
3777,10005028,Kingdom of Paradise,1,0.0003
3778,10014681,Kinki Spiritual Affairs Bureau,1,0.0003
3779,10001835,Kitaria Fables,1,0.0003
3780,10008878,Kitty Krawler,1,0.0003
3781,10003540,Klonoa Phantasy Reverie Series,1,0.0003
3782,10015213,Knight with Tactics,1,0.0003
3783,235178,Knightin'+,1,0.0003
3784,10013320,"Knowledge, or know Lady",1,0.0003
3785,10003023,Kona II: Brume,1,0.0003
3786,10009861,Kong: Survivor Instinct,1,0.0003
3787,202358,Kung Fury: Street Rage - Ultimate Edition,1,0.0003
3788,231808,Kunio-kun: The World Classics Collection,1,0.0003
3789,10008719,Kunitsu-Gami: Path of the Goddess,1,0.0003
3790,10014861,Kusan: City of Wolves,1,0.0003
3791,10000481,Kyukyoku TigerHeli -TOAPLAN ARCADE GARAGE-,1,0.0003
3792,232958,Labyrinth of Galleria: The Moon Society,1,0.0003
3793,10010278,Land of Mushrooms,1,0.0003
3794,223643,Last Day of June,1,0.0003
3795,10015890,Laundry Store Simulator,1,0.0003
3796,10013517,Lawn Mower Racing,1,0.0003
3797,229319,Laws of Machine,1,0.0003
3798,10004877,LAYERS OF FEAR,1,0.0003
3799,10006556,Learn the letters,1,0.0003
3800,10013124,Learn to Play Vol. 9 - Santa's Sleigh Ride,1,0.0003
3801,231288,LEFT ALIVE,1,0.0003
3802,10018010,Legacy of Kain: Ascendance,1,0.0003
3803,10001295,Legend of Mana,1,0.0003
3804,233983,Legend of the Tetrarchs,1,0.0003
3805,10013002,Legends BMX,1,0.0003
3806,10004343,LEGO® Brawls,1,0.0003
3807,10004925,LEGO® Bricktales,1,0.0003
3808,10003909,LEGO® Builder's Journey,1,0.0003
3809,232684,Leisure Suit Larry - Wet Dreams Don't Dry,1,0.0003
3810,10001395,Lemnis Gate,1,0.0003
3811,10002052,Let's Cook Together,1,0.0003
3812,10010968,Let's Journey,1,0.0003
3813,10000619,Let's Sing 2021,1,0.0003
3814,10005391,Let's Sing 2024,1,0.0003
3815,223058,Lethal League,1,0.0003
3816,10018947,Letter Snap: Word Puzzle,1,0.0003
3817,10003994,Life in Willowdale: Farm Adventures,1,0.0003
3818,10016766,Lion Simulator RPG: Animal Battle Survival,1,0.0003
3819,10016932,Liquid Cat,1,0.0003
3820,10004276,LISA: Definitive Edition,1,0.0003
3821,10011441,Little Big Adventure – Twinsen’s Quest,1,0.0003
3822,10011071,Little Legs,1,0.0003
3823,10004238,Little Noah: Scion of Paradise,1,0.0003
3824,10005297,LIVE A LIVE PS4&PS5,1,0.0003
3825,235327,Live Or Die,1,0.0003
3826,10017396,Loan Shark,1,0.0003
3827,202537,Lone Survivor,1,0.0003
3828,10019660,Lord of the Click,1,0.0003
3829,10011409,Lorelei and the Laser Eyes,1,0.0003
3830,229187,Lost Castle,1,0.0003
3831,229954,Lost Grimoires 2: Shard of Mystery,1,0.0003
3832,10017363,Lost Lands 2: The Four Horsemen,1,0.0003
3833,10017583,Lost Lands 4,1,0.0003
3834,229958,LOST SPHEAR,1,0.0003
3835,10011731,Lots of Things 2 Collector's Edition,1,0.0003
3836,10010453,Lots of Things Collector's Edition,1,0.0003
3837,10003674,Love Kuesuto,1,0.0003
3838,10010938,Luck be a Landlord,1,0.0003
3839,10002259,Lumberjack's Dynasty,1,0.0003
3840,10011885,Lumines Arise,1,0.0003
3841,10009495,Lushfoil Photography Sim,1,0.0003
3842,10014509,Lynked: Banner of the Spark,1,0.0003
3843,234465,Machiknights Blood Bagos,1,0.0003
3844,202712,Machinarium,1,0.0003
3845,10000303,Made in Abyss: Binary Star Falling into Darkness,1,0.0003
3846,10007557,Magic Exposure - Yuri Visual Novel,1,0.0003
3847,10015044,Magical Maze,1,0.0003
3848,10001522,MAGLAM LORD,1,0.0003
3849,10013754,Magnetic Action,1,0.0003
3850,10013774,Magnitude: Epsilon,1,0.0003
3851,10015374,Magnitude: Eta,1,0.0003
3852,10013658,Maiden Cops,1,0.0003
3853,10007341,Mail Time,1,0.0003
3854,10009654,Make Love Not War,1,0.0003
3855,10009929,Make Love Not War 2,1,0.0003
3856,10006026,Make the Burger,1,0.0003
3857,222304,MALICIOUS FALLEN™,1,0.0003
3858,10001232,Mana Spark,1,0.0003
3859,10012407,Maniac,1,0.0003
3860,10005892,Manny Boxing VR,1,0.0003
3861,232041,Marble Duel,1,0.0003
3862,233079,Mark of the Ninja: Remastered,1,0.0003
3863,225231,Marooners,1,0.0003
3864,10001528,Martha Is Dead,1,0.0003
3865,202939,Marvel Puzzle Quest,1,0.0003
3866,10002145,Mary Skelter Finale,1,0.0003
3867,10007975,MASTERCHEF - The Official Video Game,1,0.0003
3868,10008064,Masternoid,1,0.0003
3869,234849,Maximum Football 2019,1,0.0003
3870,10001493,Maximum Football 2020,1,0.0003
3871,10002637,Mayhem Brawler,1,0.0003
3872,10005963,McPixel 3,1,0.0003
3873,10003618,Mech Mechanic Simulator,1,0.0003
3874,10006171,MechWarrior 5: Clans,1,0.0003
3875,10017457,Mega Carrier Simulator,1,0.0003
3876,227873,Mega Man Legacy Collection 2,1,0.0003
3877,234930,Mega Party - A Tootuff Adventure,1,0.0003
3878,10017374,Mel The Cat,1,0.0003
3879,10019783,Mel The Pyramid Cat,1,0.0003
3880,10018492,Mel The Space Cat,1,0.0003
3881,10009778,Melatonin,1,0.0003
3882,10013407,Memory Holder: Animal Kingdom,1,0.0003
3883,10018026,Menace from the Deep: Complete Edition,1,0.0003
3884,10006384,Mermaidio,1,0.0003
3885,10010337,Meta Meet Cute!!!+,1,0.0003
3886,235121,METAL MAX Xeno Reborn,1,0.0003
3887,10008007,METAL SLUG ATTACK RELOADED,1,0.0003
3888,10011772,MetroLand,1,0.0003
3889,10010009,MFC - Midnight Fight Club,1,0.0003
3890,10014829,Michelangelo: Stonemason Simulator,1,0.0003
3891,10005006,Midnight Fight Express,1,0.0003
3892,10010484,Mika and the Witch's Mountain,1,0.0003
3893,10011311,Military Logistics Simulator,1,0.0003
3894,10013224,Mini Crawler,1,0.0003
3895,10010037,MIO: Memories in Orbit,1,0.0003
3896,10013755,Missile comes back to me,1,0.0003
3897,234828,MISTOVER,1,0.0003
3898,202820,MLB® The Show™ 16,1,0.0003
3899,10009876,Mob Control,1,0.0003
3900,10015990,Mobile Suit Gundam: Silver Phantom,1,0.0003
3901,10000881,Mom Hid My Game!,1,0.0003
3902,10011023,Monaco 2,1,0.0003
3903,10006594,Monkey Kong,1,0.0003
3904,213590,MONOPOLY DEAL,1,0.0003
3905,10019075,Monster Crown: Sin Eater,1,0.0003
3906,10001097,Monster Harvest,1,0.0003
3907,10009033,Monster High™ Skulltimate Secrets™,1,0.0003
3908,10003289,Monster Menu: The Scavenger's Cookbook,1,0.0003
3909,234829,Monster Prom: XXL,1,0.0003
3910,10016273,Monster Ramp Racing,1,0.0003
3911,227157,Monster Slayers,1,0.0003
3912,10015485,Monster Survivors,1,0.0003
3913,10013474,Monstrix TCG Card Shop,1,0.0003
3914,10013177,Monument Valley 2,1,0.0003
3915,233569,Moons of Madness,1,0.0003
3916,202949,Mordheim: City of the Damned,1,0.0003
3917,10000342,Mortal Blitz : Combat Arena,1,0.0003
3918,233873,MORTAL BLITZ : COMBAT ARENA - SIEA,1,0.0003
3919,10000768,Moss II VR,1,0.0003
3920,10010111,Motesolo: No Girlfriend Since Birth (PS4),1,0.0003
3921,221733,Moto Racer 4,1,0.0003
3922,10012451,Motocross Ramp Madness,1,0.0003
3923,202790,Motorcycle Club,1,0.0003
3924,10008969,Mouse Trap - The Board Game,1,0.0003
3925,10003095,MouseBot: Escape from CatLab,1,0.0003
3926,10011133,MOUTHOLE,1,0.0003
3927,10001116,Mr. DRILLER DrillLand,1,0.0003
3928,10008814,Mr. Hibbl: The Lost Levels - PS4 & PS5,1,0.0003
3929,10001308,MUNDAUN,1,0.0003
3930,10016240,Murder Inc,1,0.0003
3931,10000182,Mushroom Wars 2,1,0.0003
3932,230499,MUSYNX,1,0.0003
3933,229210,Mutant Football League,1,0.0003
3934,225255,MX Nitro,1,0.0003
3935,10014274,My Friendly Neighborhood,1,0.0003
3936,10001527,My Name is Mayo 2,1,0.0003
3937,10000513,MY UNIVERSE - MY BABY,1,0.0003
3938,10016524,MY WINTER DRIVE,1,0.0003
3939,10010056,MyRummy®,1,0.0003
3940,10015049,MySims™: Cozy Bundle,1,0.0003
3941,10000550,Myst,1,0.0003
3942,10005842,MythForce,1,0.0003
3943,202957,N++,1,0.0003
3944,10015160,N6: Top Secret Mission,1,0.0003
3945,10004779,Naheulbeuk's Dungeon Master,1,0.0003
3946,10004002,NAPE RETROVERSE COLLECTION,1,0.0003
3947,227451,NASCAR Heat 2,1,0.0003
3948,202963,NBA 2K15,1,0.0003
3949,232550,NBA 2K19: The Prelude,1,0.0003
3950,209436,NBA LIVE 15,1,0.0003
3951,232387,NBC Sports,1,0.0003
3952,221746,Nebula Realms,1,0.0003
3953,221748,Necropolis,1,0.0003
3954,232195,Necrosphere,1,0.0003
3955,10011790,NEEDY STREAMER OVERLOAD,1,0.0003
3956,10000295,NEIGHBOURS FROM HELL,1,0.0003
3957,232256,NekoPara Vol.1,1,0.0003
3958,10017980,Neodarlo,1,0.0003
3959,209346,Neon Chrome,1,0.0003
3960,10016056,Neon Inferno,1,0.0003
3961,10013123,Neon Tail,1,0.0003
3962,10012944,Never Grave: The Witch and The Curse（PS5 & PS4）,1,0.0003
3963,216688,Neverending Nightmares,1,0.0003
3964,10019822,New York Mysteries 1: Secrets of the Mafia,1,0.0003
3965,10017544,Nickelodeon Extreme Tennis: Next!,1,0.0003
3966,10014834,Nickelodeon Splat Pack,1,0.0003
3967,10014501,Nicktoons & The Dice of Destiny,1,0.0003
3968,228792,Nidhogg 2,1,0.0003
3969,232728,Niffelheim,1,0.0003
3970,10008112,Night At the Gates of Hell,1,0.0003
3971,221960,Night in the Woods,1,0.0003
3972,10016417,Night Swarm,1,0.0003
3973,10007959,Ninja Five-O,1,0.0003
3974,203068,NITROPLUS BLASTERZ -HEROINES INFINITE DUEL-,1,0.0003
3975,10009673,No More Rainbows,1,0.0003
3976,10007269,No One Lives Under the Lighthouse,1,0.0003
3977,10003825,No Time to Relax,1,0.0003
3978,216678,NOBUNAGA'S AMBITION: SPHERE OF INFLUENCE - ASCENSION,1,0.0003
3979,225235,NOBUNAGA'S AMBITION: Taishi,1,0.0003
3980,232875,Noir Chronicles: City of Crime,1,0.0003
3981,10004418,NORCO,1,0.0003
3982,234580,Northgard,1,0.0003
3983,10003006,NOSTALGIC TRAIN,1,0.0003
3984,203067,NOT A HERO,1,0.0003
3985,203129,NRK TV,1,0.0003
3986,216698,Nuclear Throne,1,0.0003
3987,228818,Obduction,1,0.0003
3988,217581,Oceanhorn,1,0.0003
3989,10003113,Oceanhorn 2: Knights of the Lost Realm,1,0.0003
3990,10014352,Of Lies and Rain,1,0.0003
3991,10019359,Offroad Racing League,1,0.0003
3992,10016039,"Oh, Canada!",1,0.0003
3993,10019611,OilClicker,1,0.0003
3994,228819,OK K.O.! Let’s Play Heroes,1,0.0003
3995,203209,OlliOlli2: Welcome to Olliwood,1,0.0003
3996,203215,Omega Quintet,1,0.0003
3997,10002920,OMNO,1,0.0003
3998,10001030,One Finger Death Punch 2,1,0.0003
3999,10007128,One Military Camp,1,0.0003
4000,229543,One Piece Unlimited World Red Deluxe Edition,1,0.0003
4001,10005982,ONI : Road to be the Mightiest Oni,1,0.0003
4002,10004500,Operation Wolf Returns: First Mission,1,0.0003
4003,10003857,Orbital Bullet,1,0.0003
4004,10017216,Order 13,1,0.0003
4005,10005802,Oreshika,1,0.0003
4006,10008727,Otoko Cross: Pretty Boys Dropout!,1,0.0003
4007,10000765,Out of Space: Couch Edition,1,0.0003
4008,10013963,Outlaws + Handful of Missions: Remaster,1,0.0003
4009,10010598,Overdrive Blaster,1,0.0003
4010,10013765,Overexplode,1,0.0003
4011,10012237,Overthrown,1,0.0003
4012,229827,Owlboy,1,0.0003
4013,216570,Pang Adventures,1,0.0003
4014,10000601,Panzer Dragoon: Remake,1,0.0003
4015,233559,Paper Beast,1,0.0003
4016,10003009,Paper Dolls 2,1,0.0003
4017,10013454,Paradise of Freedom,1,0.0003
4018,234040,Paradox Soul,1,0.0003
4019,217538,Paragon,1,0.0003
4020,10001225,Park Beyond,1,0.0003
4021,10018917,Parking Jam,1,0.0003
4022,10010258,Parking World: Build & Manage,1,0.0003
4023,233113,Party Arcade,1,0.0003
4024,232547,Party Crashers,1,0.0003
4025,10009540,Party Friends,1,0.0003
4026,216675,Party Hard,1,0.0003
4027,231146,Party Hard 2,1,0.0003
4028,10013118,Path Of The Builder,1,0.0003
4029,10006932,Patrick's Parabox,1,0.0003
4030,10001587,Paw Paw Paw,1,0.0003
4031,10018855,Pawbay,1,0.0003
4032,231385,PDP Cloud Remote App,1,0.0003
4033,10001198,Peaky Blinders: The King's Ransom Complete Edition,1,0.0003
4034,10013446,Peglin,1,0.0003
4035,10011111,Pepper Grinder,1,0.0003
4036,228813,Perception,1,0.0003
4037,10007743,PERISH,1,0.0003
4038,232573,Persian Nights: Sands of Wonders,1,0.0003
4039,10012392,Pet Shop Simulator,1,0.0003
4040,10015698,Pet Show,1,0.0003
4041,10008079,Phantom Fury,1,0.0003
4042,10017956,Picture Hunt,1,0.0003
4043,227445,Pillars of Eternity: Complete Edition,1,0.0003
4044,10016941,Pinball Strike Arcade Rampage,1,0.0003
4045,10011382,Pipistrello and the Cursed Yoyo,1,0.0003
4046,232426,PixARK,1,0.0003
4047,10018289,Pixel Puzzles JAPAN Jigsaws,1,0.0003
4048,10008172,Pixel Ripped 1978: An Atari Adventure,1,0.0003
4049,10018223,Pixicharm - Timbershot,1,0.0003
4050,10011686,Pixicharm - Tiny Speedster,1,0.0003
4051,10005948,Pizza Fun,1,0.0003
4052,10017344,Plaguetrix,1,0.0003
4053,232403,Planescape: Torment and Icewind Dale: Enhanced Editions,1,0.0003
4054,10011437,Planet Divers,1,0.0003
4055,10009541,Planet of Lana,1,0.0003
4056,210192,PlayStation® Access,1,0.0003
4057,10007310,Pocket Bravery,1,0.0003
4058,10017805,Pocket Drift Rally,1,0.0003
4059,10001062,POCOYO PARTY,1,0.0003
4060,10016019,POLICE OFFICERS SIMULATOR,1,0.0003
4061,10018471,Pool Hop 2,1,0.0003
4062,229229,Pool Nation,1,0.0003
4063,234980,Port Royale 4,1,0.0003
4064,10011670,Possessor(s),1,0.0003
4065,10011026,Power Racing Bundle 3,1,0.0003
4066,221955,Pox Nora,1,0.0003
4067,10006078,Pretty Bird 6,1,0.0003
4068,10014386,Princess Pony's Magic Seesaw,1,0.0003
4069,10014247,Prison Alone,1,0.0003
4070,10009664,Prison Boss VR,1,0.0003
4071,212880,Pro Evolution Soccer 2015,1,0.0003
4072,10006119,Pro Turkey Hunting,1,0.0003
4073,10016139,Pro Virtual Racing,1,0.0003
4074,10004134,Prodeus,1,0.0003
4075,233518,Professional Baseball Spirits 2019,1,0.0003
4076,10008811,Professional Baseball Spirits myBALLPARK,1,0.0003
4077,10010539,Project Tower,1,0.0003
4078,10000542,Project Warlock,1,0.0003
4079,235020,Project Winter,1,0.0003
4080,10008195,Promise Mascot Agency,1,0.0003
4081,10013780,Propagate,1,0.0003
4082,10012215,PSEUDO COLLISION,1,0.0003
4083,10016930,Psyvariar 3,1,0.0003
4084,221770,Punch Club,1,0.0003
4085,229996,Pure Farming 2018,1,0.0003
4086,234060,Puyo Puyo Champions,1,0.0003
4087,203250,Puyo Puyo™ Tetris®,1,0.0003
4088,10019762,Puzzle Piecer: The Joys of Spring,1,0.0003
4089,10014991,Puzzle Piecer: The Pattern,1,0.0003
4090,10009092,Puzzle Vacations: Japan,1,0.0003
4091,10011902,Puzzle Vacations: Nordics,1,0.0003
4092,10003526,Puzzling Places,1,0.0003
4093,10017311,Pyramid Quest 2,1,0.0003
4094,203623,Q*bert: Rebooted,1,0.0003
4095,10004338,Q.U.B.E. 2 Ultimate Edition,1,0.0003
4096,10018402,Quest Arrest,1,0.0003
4097,234704,Quest Hunter,1,0.0003
4098,233101,R-Type Dimensions EX,1,0.0003
4099,10017945,R-Type Dimensions III,1,0.0003
4100,10001851,R-Type® Final 2,1,0.0003
4101,10009052,Racket Fury: Table Tennis VR,1,0.0003
4102,232905,RAD,1,0.0003
4103,10012082,Raiden NOVA,1,0.0003
4104,10007963,RAIDOU Remastered: The Mystery of the Soulless Army,1,0.0003
4105,10003604,Railway Empire 2,1,0.0003
4106,10012847,Rally Arcade Classics,1,0.0003
4107,10005895,Rally Rock 'N Racing,1,0.0003
4108,10017269,Raptor Evolution,1,0.0003
4109,10014682,Ratshaker,1,0.0003
4110,10019137,re:re:ghosted,1,0.0003
4111,10000317,Re:ZERO -Starting Life in Another World- The Prophecy of the Throne,1,0.0003
4112,10012024,Reach,1,0.0003
4113,10015184,ReactorX3,1,0.0003
4114,10014440,Real Boxing 2: Remastered,1,0.0003
4115,10013050,Recycling Station Simulator,1,0.0003
4116,10006961,Red Solstice 2: Survivors Ultimate Edition,1,0.0003
4117,10000699,Red Wings: Aces of the Sky,1,0.0003
4118,232341,Redeemer: Enhanced Edition,1,0.0003
4119,234909,Regions Of Ruin,1,0.0003
4120,234859,Relayer,1,0.0003
4121,10010871,Reloadian,1,0.0003
4122,10000252,Remothered: Broken Porcelain,1,0.0003
4123,229267,Remothered: Tormented Fathers,1,0.0003
4124,10015357,Republic of Pirates,1,0.0003
4125,10004305,Retro Highway,1,0.0003
4126,10016763,Retro Motel Simulator,1,0.0003
4127,10010663,RetroRealms,1,0.0003
4128,234738,Réussir : Code de la Route - Nouvelle Édition (French Highway Code),1,0.0003
4129,10005153,Rhythm Sprout,1,0.0003
4130,10009107,Richie's Plank Experience,1,0.0003
4131,10002164,RICO: London,1,0.0003
4132,10003702,RiffTrax: The Game,1,0.0003
4133,221978,RiME,1,0.0003
4134,216744,Riptide GP: Renegade,1,0.0003
4135,10010806,Rise Eterna War,1,0.0003
4136,10005671,Rise of Fox Hero,1,0.0003
4137,10005169,Rise of the Triad: Ludicrous Edition,1,0.0003
4138,10004187,Risen 1,1,0.0003
4139,220677,RIVE,1,0.0003
4140,10008668,Riven (PS1),1,0.0003
4141,10017700,River City Saga: Journey to the West,1,0.0003
4142,10003765,River City Saga: Three Kingdoms,1,0.0003
4143,10005020,Road 96: Mile 0,1,0.0003
4144,10002360,Road Fury,1,0.0003
4145,10012147,Road Maintenance Simulator 2 + Winter Services,1,0.0003
4146,221754,Road Rage,1,0.0003
4147,10010819,ROAD TO EXOTICS: RACING GAME,1,0.0003
4148,220057,ROBOTICS;NOTES ELITE,1,0.0003
4149,10006528,Rocketio 2,1,0.0003
4150,10006532,Rocketio 3,1,0.0003
4151,10014207,Rogue Loops,1,0.0003
4152,222872,Rogue Stormers,1,0.0003
4153,10011999,RollCats,1,0.0003
4154,10004876,Romancing SaGa -Minstrel Song- Remastered,1,0.0003
4155,217571,Romancing SaGa 2,1,0.0003
4156,232763,Romancing SaGa 3,1,0.0003
4157,235157,Root Film,1,0.0003
4158,10009745,RPG MAKER WITH,1,0.0003
4159,232917,RPGMAKER MV,1,0.0003
4160,233550,RPGMakerMV Player,1,0.0003
4161,10008204,Rubberduck Wave Racer,1,0.0003
4162,10014383,Rudolph the Red-Nosed Reindeer,1,0.0003
4163,10010759,Rugrats: Adventures in Gameland,1,0.0003
4164,10001903,Ruined King: A League of Legends Story™ PS4 & PS5,1,0.0003
4165,230641,Ruiner,1,0.0003
4166,10017800,Rumbral,1,0.0003
4167,10011248,Run Tekila Run!,1,0.0003
4168,10009479,Runnyk,1,0.0003
4169,10008988,Rusty Rabbit,1,0.0003
4170,224936,RWBYGrimmEclipse,1,0.0003
4171,10002683,Ryan's Rescue Squad,1,0.0003
4172,10016690,S.E.X. Project: Simulated Emotional Xenotech,1,0.0003
4173,10001007,Sable,1,0.0003
4174,10002076,SaGa Frontier Remastered,1,0.0003
4175,10006608,Sailing Era,1,0.0003
4176,10005662,Sakura MMO,1,0.0003
4177,10014525,Sakura Succubus 8,1,0.0003
4178,10019651,Sakura Succubus 9,1,0.0003
4179,10003428,Sam & Max: Beyond Time and Space,1,0.0003
4180,10001930,Samurai Aces III: Sengoku Cannon,1,0.0003
4181,227214,SAMURAI WARRIORS: Spirit of Sanada,1,0.0003
4182,10017850,Save next christmas,1,0.0003
4183,10013557,Scandinavian Cottage Survival Simulator,1,0.0003
4184,10016538,Schedule I - Drug Dealer,1,0.0003
4185,10001860,ScourgeBringer,1,0.0003
4186,211080,Scrabble,1,0.0003
4187,232989,Sea of Solitude,1,0.0003
4188,10013978,Secret,1,0.0003
4189,10018624,Sector Ninja,1,0.0003
4190,10015750,Sector Shooter,1,0.0003
4191,235294,Seek Hearts,1,0.0003
4192,10019792,Seishin,1,0.0003
4193,10013523,Sektori,1,0.0003
4194,230935,SENRAN KAGURA Burst Re:Newal,1,0.0003
4195,204490,SENRAN KAGURA ESTIVAL VERSUS,1,0.0003
4196,227505,SEUM,1,0.0003
4197,233422,Seven: Enhanced Edition,1,0.0003
4198,10003700,Severed Steel,1,0.0003
4199,10014762,Shadow Corridor 2,1,0.0003
4200,10001953,Shadow Man Remastered,1,0.0003
4201,10009904,Shadow of the Ninja - Reborn,1,0.0003
4202,10010521,Shadows of Doubt,1,0.0003
4203,10001058,Shady Part of Me,1,0.0003
4204,10014676,Shantae Advance: Risky Revolution,1,0.0003
4205,211120,Shantae and the Pirate's Curse,1,0.0003
4206,223164,Shantae: Half-Genie Hero Ultimate Edition,1,0.0003
4207,204453,Shantae: Risky's Revenge - Director's Cut,1,0.0003
4208,10013389,Shaolin vs Wutang 2,1,0.0003
4209,231763,Shape of the World,1,0.0003
4210,10015319,ShapeHero Factory,1,0.0003
4211,10012352,Shark Adventure,1,0.0003
4212,216384,Sheltered,1,0.0003
4213,235108,Sherlock Holmes Chapter One,1,0.0003
4214,10015708,SHIP SIMULATOR OCEAN FISHING,1,0.0003
4215,10009506,Ships Simulator,1,0.0003
4216,10010714,Shogun Showdown,1,0.0003
4217,229457,Shooty Fruity,1,0.0003
4218,10011837,Shop Simulator: Supermarket,1,0.0003
4219,10005806,Shotgun King: The Final Checkmate,1,0.0003
4220,10002257,SHOWTIME,1,0.0003
4221,233586,Shred! 2 - ft Sam Pilgrim,1,0.0003
4222,10004197,Shred! Remastered,1,0.0003
4223,232518,Sigi - A Fart for Melusina,1,0.0003
4224,10014315,Sigma Star Saga DX,1,0.0003
4225,10012063,Silent Operative,1,0.0003
4226,10016634,SILLY POLLY BEAST,1,0.0003
4227,10002629,SILT,1,0.0003
4228,10019119,SILVERPINE CREEK,1,0.0003
4229,10010515,Sir Whoopass: Immortal Death,1,0.0003
4230,10007300,Skautfold: Usurper,1,0.0003
4231,10000917,SkullPirates,1,0.0003
4232,204277,Skulls of the Shogun,1,0.0003
4233,10010371,Sky Survivors,1,0.0003
4234,225388,Slide N' Go,1,0.0003
4235,10009859,Slimeboo,1,0.0003
4236,10018077,Slots & Daggers,1,0.0003
4237,231160,Slyde,1,0.0003
4238,10006470,SNAKE 1,1,0.0003
4239,10015694,Snake 2048,1,0.0003
4240,227212,Snake Pass,1,0.0003
4241,10011974,Snaky Snakes,1,0.0003
4242,10013125,Snezhinka,1,0.0003
4243,10000766,SNIPER,1,0.0003
4244,233488,Snooker Nation Championship,1,0.0003
4245,10015182,Snoot Booper,1,0.0003
4246,221790,Snow Moto Racing Freedom,1,0.0003
4247,10012181,Snowboard Legends,1,0.0003
4248,10000685,SnowRunner,1,0.0003
4249,10012513,Snufkin: Melody of Moominvalley,1,0.0003
4250,10014943,Soccer Golf!,1,0.0003
4251,235367,Soccer Pinball,1,0.0003
4252,10001924,SOL DIVIDE -SWORD OF DARKNESS-,1,0.0003
4253,10014162,Somber Echoes,1,0.0003
4254,10002254,Song in the Smoke: Rekindled,1,0.0003
4255,10011866,Songs of Silence,1,0.0003
4256,10003036,Soulstice,1,0.0003
4257,10002965,Space Explore (PSVR2),1,0.0003
4258,10005527,Space Explorers : Red Planet,1,0.0003
4259,10001085,SPACE INVADERS FOREVER,1,0.0003
4260,232966,Space Junkies,1,0.0003
4261,10014451,Space KaBAAM: Neon,1,0.0003
4262,10016572,Space KaBAAM: Neon IV,1,0.0003
4263,10016494,Space Scavenger Origins,1,0.0003
4264,10019135,Speed Dates Summer Edition,1,0.0003
4265,10003899,Speedway Racing,1,0.0003
4266,10012866,Spell Disk,1,0.0003
4267,221984,Spellspire,1,0.0003
4268,213588,SPELUNKER WORLD,1,0.0003
4269,10002769,Sphinx and the Cursed Mummy,1,0.0003
4270,10013945,Spin Around,1,0.0003
4271,10003265,Spin Rhythm XD,1,0.0003
4272,10004685,Spirit of the Island,1,0.0003
4273,232707,Spirit of the North,1,0.0003
4274,10001854,Spirit Of The North: Enhanced Edition,1,0.0003
4275,231764,Sportsnet,1,0.0003
4276,10020052,Spot Stories Vol. 1,1,0.0003
4277,10012197,SPRINGCAR,1,0.0003
4278,210465,Star Ocean®: Till The End Of Time™,1,0.0003
4279,10004799,Star Trek: Resurgence,1,0.0003
4280,222447,Star Trek™: Bridge Crew,1,0.0003
4281,10008262,Star Trucker,1,0.0003
4282,204271,Star Wars™: Jedi Starfighter™,1,0.0003
4283,10016247,Starfall Defenders,1,0.0003
4284,10012166,Starlight Legacy,1,0.0003
4285,10004684,Startup Company Console Edition,1,0.0003
4286,221777,STARZ PLAY,1,0.0003
4287,204205,Stealth Inc 2: A Game of Clones,1,0.0003
4288,10012551,Steam Train Simulator,1,0.0003
4289,227194,SteamWorld Dig 2,1,0.0003
4290,227232,Stern Pinball Arcade,1,0.0003
4291,229444,Steven Universe: Save the Light,1,0.0003
4292,10001464,Steven Universe: Unleash the Light,1,0.0003
4293,10008759,Sticks Aim Trainer,1,0.0003
4294,10002480,Stonefly,1,0.0003
4295,10010384,STOP10,1,0.0003
4296,227231,Strange Brigade,1,0.0003
4297,10013440,Street Food Restaurant Owner,1,0.0003
4298,10010312,STRIDE: Fates,1,0.0003
4299,10013437,Strike Force Heroes,1,0.0003
4300,10006143,Stroke The Parrot,1,0.0003
4301,233521,Strongest Mahjong,1,0.0003
4302,10002099,Struggling,1,0.0003
4303,203991,Submerged,1,0.0003
4304,10013687,Succubus Sexy Devils,1,0.0003
4305,10004568,Succubus With Guns,1,0.0003
4306,10007256,Sudocats,1,0.0003
4307,10019954,Sudoku: Master League,1,0.0003
4308,10011535,Sugardew Island,1,0.0003
4309,233353,Suicide Guy Sleepin' Deeply,1,0.0003
4310,10007890,SULFUR,1,0.0003
4311,10010431,Summer Games Challenge,1,0.0003
4312,10010850,SUNSOFT is Back! Retro Game Selection,1,0.0003
4313,10000718,SUPER BOMBERMAN R ONLINE,1,0.0003
4314,10007977,Super Box Delivery: Beyond the Horizon,1,0.0003
4315,233133,Super Cane Magic ZERO,1,0.0003
4316,10004229,SUPER CRAZY RHYTHM CASTLE,1,0.0003
4317,10005829,Super Double Dragon,1,0.0003
4318,232930,Super Kickers League,1,0.0003
4319,235011,Super Monkey Ball: Banana Blitz HD,1,0.0003
4320,233015,SUPER ROBOT WARS T,1,0.0003
4321,10000429,Super Soccer Blast,1,0.0003
4322,210292,Super Star Wars,1,0.0003
4323,233634,Super Tennis Blast,1,0.0003
4324,233457,Super Weekend Mode,1,0.0003
4325,10013941,Supermarket Manager Simulator,1,0.0003
4326,10001039,Supermarket Shriek,1,0.0003
4327,10010874,Supermarket Simulator Manager,1,0.0003
4328,10011293,Superscout,1,0.0003
4329,10007345,Supraland: Six Inches Under,1,0.0003
4330,225777,Surgeon Simulator: Experience Reality,1,0.0003
4331,10009609,Survival Raft Simulator - Lost at Sea,1,0.0003
4332,10008014,Survivor - Castaway Island,1,0.0003
4333,10018967,Survivor Legion,1,0.0003
4334,10014354,Survivor Mercs,1,0.0003
4335,10016407,SWAT Commander Simulator,1,0.0003
4336,10015681,SWATCAM: Tactical Freelancer,1,0.0003
4337,10001347,Sweet Witches,1,0.0003
4338,10003533,Sword & Fairy: Together Forever,1,0.0003
4339,210905,SWORD ART ONLINE ―Lost Song―,1,0.0003
4340,234921,SWORD ART ONLINE Alicization Lycoris,1,0.0003
4341,233125,Sword of the Vagrant,1,0.0003
4342,10008825,Symphonia,1,0.0003
4343,10004603,Syphon Filter 2,1,0.0003
4344,10005946,Syphon Filter 3,1,0.0003
4345,10004652,Syphon Filter: Dark Mirror,1,0.0003
4346,10004651,Syphon Filter: Logan's Shadow,1,0.0003
4347,10011674,Taboo Trial,1,0.0003
4348,10005506,Taco Fun,1,0.0003
4349,10004674,Tad the Lost Explorer,1,0.0003
4350,10015595,Tale of Dark Lands,1,0.0003
4351,10003666,Tales of Kenzera™: ZAU,1,0.0003
4352,10010195,Tales of the Shire: A The Lord of The Rings™ Game,1,0.0003
4353,10016310,Talisman: Digital 5th Edition,1,0.0003
4354,234342,Tamarin,1,0.0003
4355,234466,Tamashii,1,0.0003
4356,10001078,Tangle Tower,1,0.0003
4357,10005184,Task Force Delta - Afghanistan,1,0.0003
4358,10015945,Tavern Manager Simulator,1,0.0003
4359,10013321,Taxi Driver Simulator,1,0.0003
4360,10011013,Taxi Simulator Driver: NY City Rides,1,0.0003
4361,10013275,TCG Card Shop Empire,1,0.0003
4362,10003612,Tchia,1,0.0003
4363,10010339,Techtonica,1,0.0003
4364,10008168,Tennis On-Court,1,0.0003
4365,10010055,Tents and Trees,1,0.0003
4366,10008315,Terraformers,1,0.0003
4367,10006292,Terror of Hemasaurus,1,0.0003
4368,204663,Teslagrad,1,0.0003
4369,204804,Tetraminos,1,0.0003
4370,10012314,Tetris® Forever,1,0.0003
4371,205006,Tharsis,1,0.0003
4372,10006455,That's My Family: Family Fun Night,1,0.0003
4373,204786,That Trivia Game,1,0.0003
4374,10008625,The 7th Guest VR,1,0.0003
4375,229867,The Adventure Pals,1,0.0003
4376,10018120,The Adventures of Hori: Cowboy Planet,1,0.0003
4377,10018192,The Alighieri Circle,1,0.0003
4378,10015593,The Alpha Wolf,1,0.0003
4379,234625,The Alto Collection,1,0.0003
4380,204946,The Amazing Spider-Man 2™,1,0.0003
4381,10003693,The Artful Escape,1,0.0003
4382,10015788,The Backrooms: Maze Escape,1,0.0003
4383,10012425,The Backrooms: Survival,1,0.0003
4384,204587,The Banner Saga,1,0.0003
4385,10005575,The Basketball B,1,0.0003
4386,10006325,The Beast Inside,1,0.0003
4387,10010680,The Bike - Moto Ride Simulator,1,0.0003
4388,10017832,The Boba Teashop,1,0.0003
4389,10017892,The Boys,1,0.0003
4390,10009896,The Bridge Curse 2: The Extrication,1,0.0003
4391,10006433,The Bridge Curse: Road to Salvation,1,0.0003
4392,10015561,The Cabin Factory,1,0.0003
4393,10002027,The Centennial Case : A Shijima Story PS4&PS5,1,0.0003
4394,229376,The Church In The Darkness,1,0.0003
4395,10013473,The Coin Game,1,0.0003
4396,10000374,The Coma 2: Vicious Sisters,1,0.0003
4397,10017909,The Curse of Tethria,1,0.0003
4398,10003580,The DioField Chronicle,1,0.0003
4399,10000689,The Dungeon of Naheulbeuk: The Amulet of Chaos,1,0.0003
4400,229432,The Elder Scrolls V: Skyrim VR,1,0.0003
4401,10006497,The Elephant E,1,0.0003
4402,10017998,The End of the Sun,1,0.0003
4403,10011815,The Eternal Life of Goldman,1,0.0003
4404,222884,The Final Station,1,0.0003
4405,10018466,The Fissure,1,0.0003
4406,10010524,The Glass Staircase,1,0.0003
4407,10001695,The Gravity Trickster,1,0.0003
4408,10006324,The Guise,1,0.0003
4409,234026,The House in Fata Morgana,1,0.0003
4410,10008305,The House of Da Vinci,1,0.0003
4411,10010026,The House of Da Vinci 3,1,0.0003
4412,10011599,THE HOUSE OF THE DEAD 2: Remake,1,0.0003
4413,217340,The Incredible Adventures of Van Helsing,1,0.0003
4414,227529,The Incredible Adventures of Van Helsing II,1,0.0003
4415,10008494,The Inheritance of Crimson Manor,1,0.0003
4416,10011363,The Jackbox Survey Scramble,1,0.0003
4417,10010168,The Jumping Alphabet Soup - PS4 & PS5,1,0.0003
4418,10005959,The Jumping Churros,1,0.0003
4419,10012962,The Jumping Melon Rush - PS4 & PS5,1,0.0003
4420,219727,The King of Fighters ’98 Ultimate Match,1,0.0003
4421,10008550,The Land Beneath Us,1,0.0003
4422,10000531,The Last Campfire,1,0.0003
4423,10007170,The Last Clockwinder,1,0.0003
4424,10003575,The Last Oricru,1,0.0003
4425,10011869,The Last Zone,1,0.0003
4426,10000489,The Legend of Heroes: Hajimari no Kiseki,1,0.0003
4427,10011082,"The Legend of Heroes: KAI NO KISEKI -Farewell, O Zemuria-",1,0.0003
4428,204881,The Legend of Heroes: Trails of Cold Steel II,1,0.0003
4429,10004596,The Legend of Heroes: Trails through Daybreak II,1,0.0003
4430,10003337,The Legend of Heroes: Trails to Azure,1,0.0003
4431,204882,THE LEGEND OF KORRA,1,0.0003
4432,10003250,The Legend of Nayuta: Boundless Trails,1,0.0003
4433,10003823,The Legend of Tianding,1,0.0003
4434,10004218,The Letter: Classic Edition,1,0.0003
4435,10004059,The Life and Suffering of Sir Brante,1,0.0003
4436,10005740,The Llama L,1,0.0003
4437,10014885,The Long Desert Drive,1,0.0003
4438,10003741,The Mageseeker: A League of Legends Story™ PS4 & PS5,1,0.0003
4439,211634,The Mark of Kri™,1,0.0003
4440,10002899,The Medium,1,0.0003
4441,10006425,The Mobius Machine,1,0.0003
4442,228869,The Mummy Demastered,1,0.0003
4443,10009024,The Myth Seekers 2: The Sunken City,1,0.0003
4444,216428,The Park,1,0.0003
4445,10006498,The Pig D Deluxe Edition,1,0.0003
4446,10006182,The Pong P,1,0.0003
4447,10013704,The Renovator: Origins,1,0.0003
4448,10010047,The Rise of the Golden Idol,1,0.0003
4449,10003294,The Sealed Ampoule,1,0.0003
4450,232681,The Sinking City,1,0.0003
4451,10007997,The Sisters 2 - Road to Fame,1,0.0003
4452,10002353,The Smurfs - Mission Vileaf,1,0.0003
4453,10010362,The Smurfs - Village Party,1,0.0003
4454,10006499,The Spidy Quiz,1,0.0003
4455,234385,The Survivalists,1,0.0003
4456,204716,The Swindle,1,0.0003
4457,234852,The TakeOver,1,0.0003
4458,10011713,The Tale of Bistun,1,0.0003
4459,204788,The Talos Principle,1,0.0003
4460,10012495,The Talos Principle: Reawakened,1,0.0003
4461,227557,The Town of Light,1,0.0003
4462,217318,The Walking Dead: Michonne,1,0.0003
4463,10004265,The Walking Zombie 2,1,0.0003
4464,10011185,The Wandering Village PS4 & PS5,1,0.0003
4465,10015178,The Wellmonts Case,1,0.0003
4466,231192,The Wild Eight,1,0.0003
4467,10005652,The Witch's House MV,1,0.0003
4468,235427,The Wonderful 101: Remastered,1,0.0003
4469,10004575,Them's Fightin' Herds,1,0.0003
4470,204662,TheSilverCase,1,0.0003
4471,10008991,Thief Simulator VR: Greenview Street,1,0.0003
4472,10010853,Thief VR: Legacy of Shadow,1,0.0003
4473,10007159,This Means Warp,1,0.0003
4474,204923,Thomas Was Alone,1,0.0003
4475,232795,Timespinner,1,0.0003
4476,10007203,Tin Can,1,0.0003
4477,10019406,Tiny Crown,1,0.0003
4478,10000861,Tiny Hands Adventure,1,0.0003
4479,10015997,Tobacco Business Simulator,1,0.0003
4480,227808,ToeJam & Earl: Back in the Groove!,1,0.0003
4481,10008939,TOKYO PSYCHODEMIC,1,0.0003
4482,232602,Tom Grennan VR,1,0.0003
4483,10010307,Tomba! Special Edition,1,0.0003
4484,225438,Torment: Tides of Numenera,1,0.0003
4485,204987,Toro,1,0.0003
4486,205010,TorqueL,1,0.0003
4487,10005454,Total Arcade Racing,1,0.0003
4488,10009309,Total Trails,1,0.0003
4489,225409,Touhou Kobuto V: Burst Battle,1,0.0003
4490,210894,Toukiden 2,1,0.0003
4491,213300,Toukiden: Kiwami,1,0.0003
4492,10000280,TOUR DE FRANCE 2020,1,0.0003
4493,10012506,Towa and the Guardians of the Sacred Tree,1,0.0003
4494,10011347,Tower Hover,1,0.0003
4495,204989,Tower of Guns,1,0.0003
4496,10001327,Toy Soldiers HD,1,0.0003
4497,232733,Toy Stunt Bike: Tiptop's Trials,1,0.0003
4498,10019562,Traffic Survivor,1,0.0003
4499,10004889,Train Sim World 3,1,0.0003
4500,10009172,Train Traffic Manager,1,0.0003
4501,10015787,TRALALERO TRALALA Jigsaw Puzzles,1,0.0003
4502,10015253,Tralalero Tralala™: Backrooms,1,0.0003
4503,10009242,Tram Simulator Urban Transit,1,0.0003
4504,10008499,TRANSFORMERS: Galactic Trials,1,0.0003
4505,10006311,Tricky Thief,1,0.0003
4506,205090,Trine 3: The Artifacts of Power,1,0.0003
4507,10004279,Trivia for Dummies,1,0.0003
4508,10006264,Trivia Live,1,0.0003
4509,10011087,Trivia: Knowledge Trainer - the Quiz Game,1,0.0003
4510,10011900,Trombone Champ: Unflattened!,1,0.0003
4511,232739,Truberbrook,1,0.0003
4512,10014499,TRUCK SIMULATOR 25 VR - AMERICAN DRIVER,1,0.0003
4513,10011329,Truck Simulator Cargo Driver 2024 - EURO,1,0.0003
4514,10009027,Truck Simulator: Driving School 2024,1,0.0003
4515,10010869,Trust No One,1,0.0003
4516,10002483,TSUKIHIME -A piece of blue glass moon-,1,0.0003
4517,10007222,Turbo Golf Racing,1,0.0003
4518,10019476,Turbo Hills,1,0.0003
4519,10018650,Turbo Rivals,1,0.0003
4520,10005212,Turmoil,1,0.0003
4521,10002477,Twelve Minutes,1,0.0003
4522,10012150,Twins of Legacy : Elemental,1,0.0003
4523,10014846,Twist It,1,0.0003
4524,10001983,TwoJongCell,1,0.0003
4525,235268,TY the Tasmanian Tiger™,1,0.0003
4526,10001865,Ultimate Fishing Simulator,1,0.0003
4527,233268,Ultra Age,1,0.0003
4528,201142,Ultra Despair Girls,1,0.0003
4529,10004595,Ultra Mission™,1,0.0003
4530,10006929,Ultrawings 2,1,0.0003
4531,228660,Uncharted 3: Drake's Deception™ Remastered,1,0.0003
4532,10008613,Uncle Chop's Rocket Shop,1,0.0003
4533,233871,Undead Horde,1,0.0003
4534,232972,UNDER NIGHT IN-BIRTH Exe:Late[cl-r],1,0.0003
4535,10002506,UnderMine,1,0.0003
4536,10002139,United Assault - Normandy '44,1,0.0003
4537,10000591,Until You Fall,1,0.0003
4538,10007216,UP SHOT,1,0.0003
4539,10010899,Upin & Ipin Universe,1,0.0003
4540,10014851,Use Your Words 2,1,0.0003
4541,10000741,UTAWARERUMONO ZAN2,1,0.0003
4542,230064,Utawarerumono: ZAN,1,0.0003
4543,221797,Valentino Rossi The Game,1,0.0003
4544,10009632,Valiant Hearts: Coming Home,1,0.0003
4545,234030,Vambrace: Cold Soul,1,0.0003
4546,10007186,Vampire Slayer: The Resurrection,1,0.0003
4547,10010902,VENDETTA FOREVER,1,0.0003
4548,10005685,Vengeful Guardian: Moonrider,1,0.0003
4549,10012191,Venus Vacation PRISM - DEAD OR ALIVE Xtreme -,1,0.0003
4550,10013257,Vessels of Decay,1,0.0003
4551,205156,VEVO,1,0.0003
4552,205179,Videoland,1,0.0003
4553,224994,Vikings: Wolves of Midgard,1,0.0003
4554,10013311,Vinebound: Tangled Together,1,0.0003
4555,10003101,Violetti Goottii,1,0.0003
4556,222041,Virginia,1,0.0003
4557,10015055,Virtual Hunter,1,0.0003
4558,223215,VirZOOM Arcade,1,0.0003
4559,10018869,Void Miner,1,0.0003
4560,10013733,VOID/BREAKER,1,0.0003
4561,10017664,Voxel Panic,1,0.0003
4562,224927,VR Ping Pong,1,0.0003
4563,10007230,VR Skater,1,0.0003
4564,10004210,WAIFU IMPACT,1,0.0003
4565,10014381,Wall Town Wonders,1,0.0003
4566,10008095,Wanderer: The Fragments of Fate,1,0.0003
4567,10003731,Wanted: Dead,1,0.0003
4568,235199,War Theatre: Blood of Winter,1,0.0003
4569,229872,Wargroove,1,0.0003
4570,235042,"Warhammer 40,000 : Mechanicus",1,0.0003
4571,10008848,"Warhammer 40,000: Mechanicus II",1,0.0003
4572,10008966,Warm Snow,1,0.0003
4573,10005701,Warp Drive,1,0.0003
4574,10017055,Warplanes: WWI Sky Aces,1,0.0003
4575,227168,WARRIORS ALL-STARS,1,0.0003
4576,10015338,Washeteria,1,0.0003
4577,205246,Wasteland 2: Director's Cut,1,0.0003
4578,10001636,WE WERE HERE TOO,1,0.0003
4579,10016703,We. The Refugees: Ticket to Europe,1,0.0003
4580,10000859,WEAPON OF CHOICE DX,1,0.0003
4581,10015007,Weed & Greed,1,0.0003
4582,10005724,Welcome to ParadiZe,1,0.0003
4583,232344,Wer Weiß Denn Sowas? - Das Spiel,1,0.0003
4584,221804,Werewolves Within,1,0.0003
4585,10013895,West Escape,1,0.0003
4586,10012614,Westild's Law,1,0.0003
4587,10012443,"What have you done, Father?",1,0.0003
4588,10002260,WHAT THE GOLF?,1,0.0003
4589,10011312,While We Wait Here,1,0.0003
4590,10003432,Whiskey Mafia: Frank's Story,1,0.0003
4591,228885,White Day:a labyrinth named school,1,0.0003
4592,227569,White Noise 2,1,0.0003
4593,10011136,Wild Island Quest,1,0.0003
4594,10017828,Wild West Supermarket Simulator,1,0.0003
4595,235153,Windfolk: Sky is just the beginning,1,0.0003
4596,233957,Windjammers 2,1,0.0003
4597,232828,Windstorm: An Unexpected Arrival,1,0.0003
4598,231430,Windstorm: Start of a Great Friendship,1,0.0003
4599,10001003,Wingspan,1,0.0003
4600,10006003,WIPER,1,0.0003
4601,10016439,Without a Dawn,1,0.0003
4602,10010381,Wizardry: Proving Grounds of the Mad Overlord,1,0.0003
4603,10005761,Wobbledogs Console Edition,1,0.0003
4604,234675,WONDER BOY RETURNS REMIX,1,0.0003
4605,225517,Wonder Boy: The Dragon's Trap,1,0.0003
4606,10012337,Woodo,1,0.0003
4607,10009789,Word Quest,1,0.0003
4608,10016928,Word Quest Space,1,0.0003
4609,232506,Word Search by POWGI,1,0.0003
4610,10010119,Worm War,1,0.0003
4611,10010474,Worm War: Greengrocer,1,0.0003
4612,10008316,Worms Pinball [PS1 Emulation],1,0.0003
4613,233288,Wrath: Aeon of Ruin,1,0.0003
4614,10014432,WRATH: Aeon of Ruin VR - Brutal Edition,1,0.0003
4615,10005975,Wreckreation,1,0.0003
4616,10013675,Wylde Flowers,1,0.0003
4617,10010327,X-Force Genesis PS5 Edition,1,0.0003
4618,10009585,Xatrom Command,1,0.0003
4619,10007289,XENOTILT,1,0.0003
4620,225004,Xuan Yuan Sword: The Gate of Firmament,1,0.0003
4621,10005642,Xump Jump,1,0.0003
4622,10010630,"YEAH! YOU WANT ""THOSE GAMES,"" RIGHT? SO HERE YOU GO! NOW, LET'S SEE YOU CLEAR THEM! 2",1,0.0003
4623,221807,YIIK: A Postmodern RPG,1,0.0003
4624,221810,Yooka-Laylee,1,0.0003
4625,232766,Youtubers Life,1,0.0003
4626,233994,Ys IX: Monstrum Nox,1,0.0003
4627,10007319,Ys Memoire: The Oath in Felghana,1,0.0003
4628,10016514,Ys X: Proud Nordics,1,0.0003
4629,10004140,Yuppie Psycho: Executive Edition,1,0.0003
4630,10018815,Zen Wash,1,0.0003
4631,211957,Zero Escape: Zero Time Dilemma,1,0.0003
4632,10016189,Zip's Jumping Adventure,1,0.0003
4633,10011101,Zombie Rollerz: Pinball Heroes,1,0.0003
4634,10004407,Zorro The Chronicles,1,0.0003
4635,225737,オメガラビリンスZ,1,0.0003
4636,229829,スーパーロボット大戦Ｘ,1,0.0003
4637,203931,三國志12 対戦版,1,0.0003
4638,229679,勇者鬥惡龍,1,0.0003
4639,228865,深夜廻,1,0.0003
4640,215305,電撃文庫 FIGHTING CLIMAX IGNITION,1,0.0003
4641,200972,魔界戦記ディスガイア５,1,0.0003
