rank,title_id,title,players,percentage
1,228748,Fortnite,54968,31.1143
2,223118,Roblox,36125,20.4483
3,10011898,EA SPORTS FC™ 26,29594,16.7515
4,10001130,Call of Duty®,21850,12.368
5,201930,Grand Theft Auto V,20222,11.4465
6,203715,Rocket League®,18725,10.5992
7,212779,Minecraft,11939,6.758
8,10014149,NBA 2K26,10579,5.9882
9,203897,Tom Clancy's Rainbow Six Siege,8377,4.7417
10,10017658,Call of Duty®: Black Ops II,7116,4.028
11,10010451,Marvel Rivals,6529,3.6957
12,10002456,Marvel's Spider-Man 2,5769,3.2655
13,232352,Apex Legends™,4910,2.7793
14,10018502,NBA 2K27,4653,2.6338
15,10009568,Battlefield™ 6,4026,2.2789
16,216627,Overwatch®,3675,2.0802
17,10002427,eFootball™,3468,1.963
18,10000657,HELLDIVERS™ 2,3365,1.9047
19,10016736,EA SPORTS™ Madden NFL 27,3269,1.8504
20,209441,Red Dead Redemption 2,3181,1.8006
21,10010048,VALORANT,3093,1.7508
22,10016592,EA SPORTS™ College Football 27,3063,1.7338
23,10011645,Call of Duty®: Modern Warfare® III,2753,1.5583
24,10012604,EA SPORTS™ Madden NFL 26,2653,1.5017
25,10009762,EA SPORTS FC™ 25,2421,1.3704
26,227319,Dead by Daylight,2407,1.3625
27,10006353,skate.™,2306,1.3053
28,10002788,UFC® 5,2282,1.2917
29,10015430,MLB® The Show™ 26,2253,1.2753
30,10000762,Marvel's Spider-Man,2239,1.2674
31,10002313,The Crew Motorfest,2003,1.1338
32,10017657,Call of Duty®: Black Ops,1957,1.1077
33,10000956,Gran Turismo® 7,1839,1.041
34,10003354,Fall Guys,1832,1.037
35,10000229,ASTRO's PLAYROOM,1814,1.0268
36,216932,Brawlhalla,1764,0.9985
37,10011247,UFC® 6,1681,0.9515
38,10015762,Once Human,1661,0.9402
39,200763,Call of Duty®: Black Ops III,1626,0.9204
40,232374,Dying Light 2,1546,0.8751
41,10017189,Big Walk,1542,0.8728
42,10010647,Forza Horizon 5,1539,0.8711
43,10003610,ARC Raiders,1417,0.8021
44,10007176,EA SPORTS FC™ 24,1252,0.7087
45,10011027,Palworld,1227,0.6945
46,10004911,Mortal Kombat 1,1221,0.6911
47,10000649,Marvel's Spider-Man: Miles Morales,1205,0.6821
48,10012463,EA SPORTS™ College Football 26,1187,0.6719
49,10000333,ELDEN RING,1136,0.643
50,10013165,Call of Duty®: Black Ops 6,1092,0.6181
51,10013987,Assassin's Creed Black Flag Resynced,1083,0.613
52,234567,Cyberpunk 2077,1060,0.6
53,10001850,God of War Ragnarök,996,0.5638
54,10000896,Genshin Impact,935,0.5293
55,10007902,DRAGON BALL: Sparking! ZERO,911,0.5157
56,216234,Gang Beasts,908,0.514
57,10015300,WWE 2K26,863,0.4885
58,221852,Destiny 2,852,0.4823
59,10009612,Farming Simulator 25,849,0.4806
60,10010481,NBA 2K25,813,0.4602
61,10002363,Crimson Desert,798,0.4517
62,201697,Tom Clancy's Ghost Recon® Wildlands,792,0.4483
63,205342,Warframe,772,0.437
64,10009297,Undisputed,767,0.4342
65,230079,The Last of Us™ Part II,758,0.4291
66,10010058,Mortal Shell II,755,0.4274
67,233072,Rust Console Edition,750,0.4245
68,221694,For Honor,748,0.4234
69,10006270,TEKKEN 8,740,0.4189
70,235227,Ghost of Tsushima,734,0.4155
71,10003923,Ghost of Yōtei,717,0.4059
72,10007588,Stumble Guys,715,0.4047
73,10009213,Ready or Not,705,0.3991
74,10008019,MARVEL Tōkon: Fighting Souls,682,0.386
75,10009763,Zenless Zone Zero,682,0.386
76,10012851,NHL® 26,677,0.3832
77,10002811,Among Us,667,0.3776
78,10012874,NTE: Neverness to Everness,667,0.3776
79,205366,War Thunder,653,0.3696
80,221850,DayZ,644,0.3645
81,10006210,Kingdom Come: Deliverance II,639,0.3617
82,231756,Mortal Kombat 11,623,0.3526
83,10019078,No More Room in Hell 2,619,0.3504
84,10004336,EA SPORTS™ FIFA 23,607,0.3436
85,234659,Need for Speed™ Heat,596,0.3374
86,10011830,F1® 25,585,0.3311
87,10008286,ARK: Survival Ascended,573,0.3243
88,10008972,PGA TOUR 2K25,569,0.3221
89,10006873,THE FINALS,569,0.3221
90,233030,EA SPORTS™ UFC® 4,567,0.3209
91,10005673,Phasmophobia,565,0.3198
92,10014425,Hell Let Loose: Vietnam,561,0.3176
93,10003151,EA SPORTS™ College Football 25,549,0.3108
94,10002684,ASTRO BOT,528,0.2989
95,10008740,Asphalt Legends,522,0.2955
96,10004473,Resident Evil 4,511,0.2892
97,10010971,Call of Duty®: Modern Warfare® II,508,0.2875
98,232860,PUBG: BATTLEGROUNDS,507,0.287
99,10016651,Grounded 2,506,0.2864
100,232447,Hogwarts Legacy,502,0.2842
101,10005051,Hell is Us,498,0.2819
102,10010992,Escape the Backrooms,495,0.2802
103,235179,Avatar: Frontiers of Pandora™,491,0.2779
104,228857,The Sims™ 4,484,0.274
105,10006560,007 First Light,481,0.2723
106,10010877,ELDEN RING NIGHTREIGN,480,0.2717
107,233407,Call of Duty®: Black Ops Cold War,477,0.27
108,230955,The Elder Scrolls V: Skyrim Special Edition,475,0.2689
109,10007144,Black Myth: Wukong,472,0.2672
110,10010764,Wuthering Waves,461,0.2609
111,234689,It Takes Two  PS4™ & PS5™,460,0.2604
112,10007460,Baldur's Gate 3,458,0.2592
113,232391,Tom Clancy's The Division® 2,456,0.2581
114,229601,Assassin's Creed® Odyssey,455,0.2575
115,204794,ウィッチャー３　ワイルドハント,455,0.2575
116,10002357,MY HERO ULTRA RUMBLE,427,0.2417
117,10000459,Riders Republic™,424,0.24
118,10003386,Rise of the Ronin™,408,0.2309
119,10002694,The Last of Us™ Part I,402,0.2275
120,227770,God of War,401,0.227
121,202943,Mortal Kombat X,401,0.227
122,229182,Call of Duty®: Modern Warfare®,398,0.2253
123,10011349,REMATCH,398,0.2253
124,10015533,Resident Evil Requiem,394,0.223
125,10014720,The Seven Deadly Sins: Origin,392,0.2219
126,10005176,Monster Hunter Wilds,390,0.2208
127,205354,UNCHARTED: Legacy of Thieves Collection,384,0.2174
128,10000171,Share Factory Studio,382,0.2162
129,231769,Metro Exodus,381,0.2157
130,10003330,"Warhammer 40,000: Space Marine 2",381,0.2157
131,233112,Tom Clancy’s Ghost Recon® Breakpoint,379,0.2145
132,201511,Fallout 4,373,0.2111
133,10005275,Honkai: Star Rail,368,0.2083
134,227552,ザ クルー2,366,0.2072
135,10014058,Delta Force,364,0.206
136,10010458,Vampire Survivors,359,0.2032
137,10013884,Halo: Campaign Evolved,358,0.2026
138,232300,Call of Duty®: Black Ops 4,355,0.2009
139,10011213,MLB® The Show™ 25,355,0.2009
140,10002538,FIFA 22,354,0.2004
141,10010198,Arma Reforger,348,0.197
142,201129,Dying Light,345,0.1953
143,10009909,Assassin’s Creed Shadows,343,0.1942
144,10000237,Assassin's Creed Valhalla,339,0.1919
145,229438,STAR WARS™ Battlefront™ II,335,0.1896
146,10008048,Grounded PS4® & PS5®,334,0.1891
147,10009326,EA SPORTS™ Madden NFL 25,330,0.1868
148,231761,Diablo® IV,327,0.1851
149,10003336,MBC Shahid,327,0.1851
150,10005318,The First Descendant,327,0.1851
151,10000248,HITMAN World of Assassination,320,0.1811
152,235302,Mafia: Definitive Edition,320,0.1811
153,200472,BATMAN™: ARKHAM KNIGHT,315,0.1783
154,228868,theHunter: Call of the Wild™,315,0.1783
155,10001988,The Outlast Trials,313,0.1772
156,10008537,LEGO® Batman™: Legacy of the Dark Knight,311,0.176
157,10001369,Cuphead,302,0.1709
158,10013248,Onimusha: Way of the Sword,295,0.167
159,217012,DRAGON BALL XENOVERSE 2,292,0.1653
160,228720,Fishing Planet,284,0.1608
161,229018,DAYS GONE,283,0.1602
162,10001269,Need for Speed™ Unbound,277,0.1568
163,10000177,Sackboy: A Big Adventure,276,0.1562
164,10001615,Street Fighter 6,276,0.1562
165,10000161,CarX Drift Racing Online,275,0.1557
166,216759,WATCH_DOGS® 2,275,0.1557
167,227115,Call of Duty®: WWII,267,0.1511
168,10008755,SONIC X SHADOW GENERATIONS,267,0.1511
169,10007638,DRAGONBALL GEKISHIN SQUADRA,263,0.1489
170,10002100,FINAL FANTASY XVI,263,0.1489
171,221727,Horizon Zero Dawn™,262,0.1483
172,10008651,MLB® The Show™ 24,257,0.1455
173,10001481,Yu-Gi-Oh! MASTER DUEL,256,0.1449
174,227139,Human Fall Flat,250,0.1415
175,10004744,NARUTO X BORUTO Ultimate Ninja STORM CONNECTIONS,246,0.1392
176,10004289,UFL,246,0.1392
177,231416,The Forest,244,0.1381
178,235235,Resident Evil Village,242,0.137
179,10011142,Where Winds Meet (F2P),240,0.1359
180,200520,Bloodborne™,237,0.1342
181,10014519,Football Manager 26 Console,236,0.1336
182,228638,The Last of Us™ Remastered,236,0.1336
183,10000928,MX vs ATV Legends,234,0.1325
184,212870,NARUTO SHIPPUDEN: Ultimate Ninja STORM 4,232,0.1313
185,233961,FAR CRY®6,231,0.1308
186,10010684,WWE 2K25,231,0.1308
187,10000819,Borderlands 4,229,0.1296
188,232248,Fallout 76,227,0.1285
189,203053,NOW,226,0.1279
190,10009205,Arknights: Endfield,222,0.1257
191,221692,Far Cry® 5,221,0.1251
192,10003552,Grand Theft Auto: San Andreas – The Definitive Edition,213,0.1206
193,232796,World of Warships: Legends,213,0.1206
194,224802,ARK: Survival Evolved,211,0.1194
195,10004865,Assassin's Creed® Mirage,210,0.1189
196,10000899,Overcooked! All You Can Eat,209,0.1183
197,227649,Crash Bandicoot N. Sane Trilogy,208,0.1177
198,225697,KINGDOM HEARTS - HD 1.5+2.5 ReMIX -,207,0.1172
199,10009029,STAR WARS Zero Company™,207,0.1172
200,10008884,Sea of Thieves,205,0.116
201,10009245,SMITE 2,203,0.1149
202,10005323,Star Wars Outlaws,202,0.1143
203,234762,Chivalry 2,199,0.1126
204,227447,NARUTO TO BORUTO: SHINOBI STRIKER,196,0.1109
205,217611,3on3 Freestyle,195,0.1104
206,201579,FINAL FANTASY XIV Online,195,0.1104
207,10003123,Goat Simulator 3,194,0.1098
208,10009075,METAL GEAR SOLID: MASTER COLLECTION Vol.2,194,0.1098
209,232043,Stick Fight: The Game,194,0.1098
210,232654,Hollow Knight,192,0.1087
211,10007134,Mafia: The Old Country,192,0.1087
212,10005529,SILENT HILL 2,192,0.1087
213,10010334,Balatro,190,0.1075
214,233410,Crash™ Team Racing Nitro-Fueled,190,0.1075
215,10014010,Nioh 3,190,0.1075
216,10001771,Farming Simulator 22,188,0.1064
217,216600,No Man's Sky,187,0.1059
218,227410,Kingdom Come: Deliverance,186,0.1053
219,10011463,Microsoft Flight Simulator 2024,182,0.103
220,203902,Rayman Legends,182,0.103
221,10005449,Split Fiction,181,0.1025
222,221824,Battlefield™ 1,179,0.1013
223,10003763,Predecessor,178,0.1008
224,223086,Need for Speed™ Payback,177,0.1002
225,10008503,Clair Obscur: Expedition 33,176,0.0996
226,10003999,FINAL FANTASY VII REBIRTH,176,0.0996
227,10007978,WWE 2K24,176,0.0996
228,10008451,7 Days to Die - Console Edition,174,0.0985
229,202493,LEGO® Marvel™ Super Heroes,174,0.0985
230,10000349,eFootball PES 2021 SEASON UPDATE,173,0.0979
231,204584,The Binding of Isaac: Rebirth,173,0.0979
232,221732,Injustice 2,172,0.0974
233,10008585,NEW MONOPOLY®,171,0.0968
234,234902,Assetto Corsa Competizione,170,0.0962
235,221672,Call of Duty®: Infinite Warfare,170,0.0962
236,205080,Terraria – PlayStation®4 Edition,170,0.0962
237,205353,Uncharted™: The Nathan Drake Collection,170,0.0962
238,231096,Hello Neighbor,168,0.0951
239,228726,DRAGON BALL FighterZ,166,0.094
240,10002651,Disney Speedstorm,165,0.0934
241,203383,Plex,165,0.0934
242,203427,Plants vs Zombies GW2,164,0.0928
243,232898,Sekiro™: Shadows Die Twice,164,0.0928
244,204541,Sky Go,163,0.0923
245,234568,FIFA 20,162,0.0917
246,10000886,Horizon Forbidden West,158,0.0894
247,221800,ESPN,156,0.0883
248,10000950,Path Of Titans,156,0.0883
249,202494,LEGO® MARVEL's Avengers,155,0.0877
250,10011468,Dying Light: The Beast,154,0.0872
251,10011588,My First Gran Turismo,154,0.0872
252,10005369,SIGNALIS,154,0.0872
253,10004708,TopSpin 2K25,154,0.0872
254,231228,Descenders,153,0.0866
255,10005114,STAR WARS Jedi: Survivor™,153,0.0866
256,217373,UNO®,153,0.0866
257,204861,The Elder Scrolls Online,152,0.086
258,227147,Insurgency: Sandstorm [PS4 & PS5],151,0.0855
259,212581,World of Tanks Modern Armor,151,0.0855
260,10000663,POLICE SIMULATOR: PATROL OFFICERS,150,0.0849
261,227229,Stardew Valley,150,0.0849
262,10008409,Firefighting Simulator: Ignite,149,0.0843
263,201190,DARK SOULS™ III,148,0.0838
264,227061,A Way Out,147,0.0832
265,216064,Batman: Return to Arkham,147,0.0832
266,10002474,Enlisted,147,0.0832
267,222066,Assassin's Creed® Origins,146,0.0826
268,227326,Battlefield™ V,146,0.0826
269,200088,Assassin's Creed® Unity,144,0.0815
270,229500,RESIDENT EVIL 2,144,0.0815
271,234959,SnowRunner,144,0.0815
272,10000669,Ratchet & Clank: Rift Apart,143,0.0809
273,10003910,Test Drive Unlimited Solar Crown,143,0.0809
274,228618,God of War® III Remastered,142,0.0804
275,10001996,Hell Let Loose,141,0.0798
276,10009660,Two Point Museum,141,0.0798
277,10005908,Hollow Knight: Silksong,139,0.0787
278,10002719,The Texas Chain Saw Massacre,139,0.0787
279,10018596,thmanyah,139,0.0787
280,222727,Detroit: Become Human™,138,0.0781
281,228744,FINAL FANTASY VII REMAKE,138,0.0781
282,231363,MOBILE SUIT GUNDAM BATTLE OPERATION 2,138,0.0781
283,10007904,Teardown,137,0.0775
284,10012768,GOALS,136,0.077
285,233235,DRAGON BALL Z: KAKAROT,134,0.0758
286,10008649,Mafia: Trilogy,134,0.0758
287,10017212,Mistfall Hunter,134,0.0758
288,10006052,Lies of P,133,0.0753
289,10002771,Persona 5 Royal,133,0.0753
290,10000264,Crash Bandicoot™ 4: It’s About Time,132,0.0747
291,10014084,S.T.A.L.K.E.R. 2: Heart of Chornobyl,128,0.0725
292,10003641,Totally Accurate Battle Simulator,127,0.0719
293,10002848,Lords of the Fallen,126,0.0713
294,10007788,NBA 2K24,124,0.0702
295,10010263,"Warhammer 40,000: Darktide",124,0.0702
296,10004896,Wobbly Life,124,0.0702
297,10001758,Trackmania®,122,0.0691
298,10000278,FIFA 21,121,0.0685
299,233621,Mount & Blade II: Bannerlord,121,0.0685
300,10006164,Red Dead Redemption,121,0.0685
301,10002466,Disney Dreamlight Valley,120,0.0679
302,10006239,Madden NFL 24,118,0.0668
303,10007263,PAYDAY 3,118,0.0668
304,10001538,DEATH STRANDING 2: ON THE BEACH,116,0.0657
305,227137,FIFA 18,116,0.0657
306,10001917,CarX Street,115,0.0651
307,201061,Dead Island 2,115,0.0651
308,231776,FIFA 19,115,0.0651
309,222022,TEKKEN™7,115,0.0651
310,10000368,Demon's Souls,114,0.0645
311,205174,Fandango at Home,114,0.0645
312,10001137,Five Nights at Freddy's: Security Breach,114,0.0645
313,10001973,Sifu,114,0.0645
314,234363,Sniper Elite 5,113,0.064
315,10006070,Bluey: The Videogame,112,0.0634
316,216695,Middle-earth™: Shadow of War™,112,0.0634
317,10002097,Bleach: Brave Souls Anime Game,111,0.0628
318,235061,Golf With Your Friends,110,0.0623
319,10003464,Maximum Football,110,0.0623
320,229261,Rec Room,110,0.0623
321,10012067,Jurassic World Evolution 3,109,0.0617
322,10019710,Onimusha: Dawn of Dreams,109,0.0617
323,200089,Assassin's Creed® IV Black Flag,108,0.0611
324,10014332,NASCAR 25,108,0.0611
325,10013838,Rugby League 26,108,0.0611
326,10003654,PowerWash Simulator,107,0.0606
327,10013935,OSN+,106,0.06
328,10001521,Stan.,106,0.06
329,228887,Undertale,106,0.06
330,10009028,Poppy Playtime: Chapter 1,105,0.0594
331,232581,Watch Dogs: Legion,105,0.0594
332,200995,DC Universe Online,103,0.0583
333,233495,DELTARUNE,103,0.0583
334,209904,Prominence Poker,103,0.0583
335,205264,WATCH_DOGS™,103,0.0583
336,10000378,Minecraft Dungeons,102,0.0577
337,10006891,Stellar Blade™,102,0.0577
338,10014695,Aliens: Fireteam Elite 2,101,0.0572
339,10014968,Content Warning,99,0.056
340,201624,Far Cry® 4,99,0.056
341,10004836,NBA 2K23,99,0.056
342,10005570,Sonic Racing: CrossWorlds,99,0.056
343,230658,World War Z: Aftermath,99,0.056
344,225519,Assassin's Creed The Ezio Collection,98,0.0555
345,10010999,REANIMAL,98,0.0555
346,220037,RESIDENT EVIL 7 biohazard,98,0.0555
347,234770,Mafia II: Definitive Edition,97,0.0549
348,201407,FIFA 17,95,0.0538
349,10001555,Persona 3 Reload,95,0.0538
350,10005853,WUCHANG: Fallen Feathers,95,0.0538
351,228785,Monster Hunter: World,94,0.0532
352,10000988,My Videos,94,0.0532
353,10011934,Starfield,94,0.0532
354,229433,Call of Duty®: Modern Warfare® 2 Campaign Remastered,93,0.0526
355,10006008,F1® 23,93,0.0526
356,10010865,The Lord of the Rings: War in the North™ - Legacy Edition,93,0.0526
357,10017040,Waterpark Simulator,93,0.0526
358,234585,DEATH STRANDING™,91,0.0515
359,10008874,F1® 24,91,0.0515
360,10012871,FragPunk,91,0.0515
361,233032,Black Desert,90,0.0509
362,10004258,EA SPORTS™ WRC,90,0.0509
363,10009803,Slime Rancher 2,90,0.0509
364,10017920,Gladio Mori,89,0.0504
365,10010602,Path of Exile 2,89,0.0504
366,229066,Granblue Fantasy: Relink,88,0.0498
367,232847,LEGO® Star Wars™: The Skywalker Saga,88,0.0498
368,10003551,Grand Theft Auto: Vice City – The Definitive Edition,87,0.0492
369,10008091,Nickelodeon All-Star Brawl 2,87,0.0492
370,10006452,Pool Blitz,87,0.0492
371,234014,HUNT: SHOWDOWN 1896,86,0.0487
372,10002065,Alan Wake 2,85,0.0481
373,10008829,Gears of War: Reloaded,85,0.0481
374,10003285,PGA TOUR 2K23,85,0.0481
375,232116,Resident Evil 6,85,0.0481
376,227478,Borderlands 3,84,0.0475
377,10001603,Kayo Sports,84,0.0475
378,227252,Wreckfest,84,0.0475
379,10009984,DOOM: The Dark Ages,83,0.047
380,208810,KINGDOM HEARTS Ⅲ,83,0.047
381,10008864,Marathon,83,0.047
382,234665,Marvel's Guardians of the Galaxy,83,0.047
383,227315,Devil May Cry 5 Series,82,0.0464
384,10001789,EA SPORTS™ PGA TOUR™,82,0.0464
385,10009610,Planet Coaster 2,82,0.0464
386,200449,Battlefield 4™,81,0.0458
387,10004355,bilibili,81,0.0458
388,10008540,Demon Slayer -Kimetsu no Yaiba- The Hinokami Chronicles 2,81,0.0458
389,231486,Far Cry® 3 Classic Edition,81,0.0458
390,10002577,Jurassic World Evolution 2,81,0.0458
391,10008971,Off The Grid - Early Access,81,0.0458
392,10000758,Battlefield™ 2042,80,0.0453
393,232624,DOOM Eternal,80,0.0453
394,201634,Far Cry® Primal,80,0.0453
395,233069,RESIDENT EVIL 3,80,0.0453
396,10000176,Returnal,80,0.0453
397,10001723,Crave,79,0.0447
398,10007312,Deceit 2,79,0.0447
399,10000309,Diablo® II: Resurrected™,79,0.0447
400,10018449,Hades II,78,0.0442
401,10010023,Party Animals,78,0.0442
402,10001114,Stray,78,0.0442
403,235234,Trailmakers,78,0.0442
404,10001234,Call of Duty®: Vanguard,76,0.043
405,229482,DARK SOULS™: REMASTERED,76,0.043
406,232114,resident evil 4 (2005),76,0.043
407,221750,Rise of the Tomb Raider,76,0.043
408,232176,Spyro™ Reignited Trilogy,76,0.043
409,212740,Tomb Raider: Definitive Edition,76,0.043
410,10014719,Beast of Reincarnation,75,0.0425
411,228783,LEGO® MARVEL Super Heroes 2,75,0.0425
412,212864,Need for Speed™,75,0.0425
413,233251,Bus Simulator 21 Next Stop,74,0.0419
414,10005844,Dragon's Dogma 2,74,0.0419
415,10007293,METAL GEAR SOLID Δ: SNAKE EATER,74,0.0419
416,10002630,The Binding of Isaac: Repentance,74,0.0419
417,10010248,The Elder Scrolls IV: Oblivion Remastered,74,0.0419
418,10011105,The Exit 8,74,0.0419
419,233119,Castle Crashers Remastered,73,0.0413
420,10002958,Dead Space,73,0.0413
421,232115,Resident Evil 5,73,0.0413
422,231844,Shadow of the Tomb Raider,73,0.0413
423,215358,Gran Turismo™SPORT,72,0.0408
424,10009198,Mighty Morphin Power Rangers: Rita's Rewind,72,0.0408
425,202819,MLB,72,0.0408
426,235037,Rogue Company,72,0.0408
427,232589,Vigor,72,0.0408
428,221661,ACE COMBAT™ 7: SKIES UNKNOWN,71,0.0402
429,215282,Borderlands: The Handsome Collection,71,0.0402
430,10000781,Need for Speed™ Hot Pursuit Remastered,71,0.0402
431,232120,Resident Evil Revelations 2,71,0.0402
432,232519,Stranded Deep,71,0.0402
433,10020059,Buffet Boss,70,0.0396
434,205996,Channel 4,70,0.0396
435,10000438,Construction Simulator,69,0.0391
436,227108,Crossout,69,0.0391
437,221813,Titanfall™ 2,69,0.0391
438,10007897,Until Dawn™,69,0.0391
439,221765,STEEP,67,0.0379
440,10001710,BLEACH Rebirth of Souls,66,0.0374
441,233219,CAPTAIN TSUBASA: RISE OF NEW CHAMPIONS,66,0.0374
442,10008192,Umamusume: Pretty Derby – Party Dash,66,0.0374
443,10011746,NBA THE RUN,65,0.0368
444,232345,STAR WARS Jedi: Fallen Order™,65,0.0368
445,200759,Call of Duty® Ghosts,64,0.0362
446,202496,LEGO® Batman™ 3: Beyond Gotham,64,0.0362
447,10005069,SAROS,64,0.0362
448,225700,Skull and Bones™,64,0.0362
449,212152,Warface: Clutch,64,0.0362
450,10005841,2XKO,63,0.0357
451,10018989,Avatar Legends: The Fighting Game,63,0.0357
452,10013259,Dispatch,63,0.0357
453,10017626,eBaseball™: PRO SPIRIT,63,0.0357
454,10003550,Grand Theft Auto III – The Definitive Edition,63,0.0357
455,10002075,PRAGMATA,63,0.0357
456,10008447,Satisfactory,63,0.0357
457,224832,EA SPORTS™ UFC® 3,62,0.0351
458,232883,Subnautica,62,0.0351
459,221941,Call of Duty®: Modern Warfare® Remastered,61,0.0345
460,10001858,Crusader Kings III,61,0.0345
461,233202,Maneater,61,0.0345
462,231856,Assassin's Creed® III Remastered,60,0.034
463,10001967,Car Mechanic Simulator 2021,60,0.034
464,226237,DARK SOULS™ II: Scholar of the First Sin,60,0.034
465,201957,Grand Theft Auto: San Andreas,60,0.034
466,234658,Plants vs. Zombies: Battle for Neighborville™,60,0.034
467,233476,Slay the Spire,60,0.034
468,221667,Batman,59,0.0334
469,234277,Five Nights at Freddy's VR: Help Wanted,59,0.0334
470,10005744,MLB® The Show™ 23,59,0.0334
471,233374,eFootball PES 2020,58,0.0328
472,231121,Overcooked 2,58,0.0328
473,10005670,PAW Patrol World,58,0.0328
474,10015413,Resonance: A Plague Tale Legacy,58,0.0328
475,216395,Sniper Elite 4,58,0.0328
476,10010939,Wizard101,58,0.0328
477,10001524,JOYN,57,0.0323
478,10009268,NHL® 25,57,0.0323
479,10015126,Piece Out: Avatarland,57,0.0323
480,234386,Risk of Rain 2,57,0.0323
481,10004116,Wo Long: Fallen Dynasty,57,0.0323
482,231819,Control,56,0.0317
483,10004937,Disney•Pixar Toy Story 3,56,0.0317
484,202138,inFAMOUS™ Second Son,56,0.0317
485,204236,Street Fighter V,56,0.0317
486,10010956,Echoes of Aincrad,55,0.0311
487,10007722,LEGO® Horizon Adventures™,55,0.0311
488,10007919,Nine Sols,55,0.0311
489,10001609,Suicide Squad: Kill the Justice League,55,0.0311
490,234566,The Walking Dead: The Telltale Definitive Series,55,0.0311
491,234630,ASTRONEER,54,0.0306
492,233200,Car Mechanic Simulator,54,0.0306
493,231840,HITMAN™ 2,54,0.0306
494,10005765,HOT WHEELS UNLEASHED™ 2 - Turbocharged,54,0.0306
495,231944,LEGO® DC Super-Villains,54,0.0306
496,202765,Mad Max,54,0.0306
497,10008248,Monster Jam™ Showdown,54,0.0306
498,10007566,PlateUp!,54,0.0306
499,10008034,Throne and Liberty,54,0.0306
500,212195,U-NEXT／ユーネクスト,54,0.0306
501,224821,Cities: Skylines,53,0.03
502,10008790,Expeditions: A MudRunner Game (PS4 & PS5),53,0.03
503,231308,INAZUMA ELEVEN: Victory Road,53,0.03
504,10000606,Mass Effect™ Legendary Edition,53,0.03
505,10007607,METAL GEAR SOLID: MASTER COLLECTION Vol. 1,53,0.03
506,235168,Tony Hawk's™ Pro Skater™ 1 + 2,53,0.03
507,221793,Tricky Towers,53,0.03
508,205920,Assetto Corsa,52,0.0294
509,231261,Conan Exiles,52,0.0294
510,10007961,High On Life,52,0.0294
511,10004842,Infinity Nikki,52,0.0294
512,221722,METAL GEAR SOLID V: THE DEFINITIVE EXPERIENCE,52,0.0294
513,10004434,Starlit Kart Racing,52,0.0294
514,10015041,Backrooms: Escape Together,51,0.0289
515,220518,FIFA 15,51,0.0289
516,227121,Friday the 13th: The Game,51,0.0289
517,10002038,Green Hell,51,0.0289
518,202209,Just Cause 3,51,0.0289
519,10008183,Life is Strange: Double Exposure,51,0.0289
520,10005732,Cities: Skylines - Remastered,50,0.0283
521,10004484,Cult of the Lamb,50,0.0283
522,10014396,Gallipoli,50,0.0283
523,202450,LEGO® Jurassic World™,50,0.0283
524,10005250,Monster Hunter Rise,50,0.0283
525,234529,Persona 5 Royal,50,0.0283
526,216741,Pluto TV ,50,0.0283
527,10010475,RIDE 6,50,0.0283
528,234481,Saints Row®: The Third™ Remastered,50,0.0283
529,225857,SHADOW OF THE COLOSSUS™,50,0.0283
530,10009602,Raft,49,0.0277
531,10002956,Sonic Frontiers PS4 & PS5,49,0.0277
532,10012563,The Mound: Omen of Cthulhu,49,0.0277
533,10004123,The Quarry,49,0.0277
534,10003284,Aimlabs,48,0.0272
535,233383,Gotham Knights,48,0.0272
536,10004462,Like a Dragon: Infinite Wealth PS4 & PS5,48,0.0272
537,203064,Need for Speed™ Rivals,48,0.0272
538,234410,Streets of Rage 4,48,0.0272
539,10004982,WRC Generations – The FIA WRC Official Game,48,0.0272
540,10012483,Abiotic Factor,47,0.0266
541,216855,AdVenture Capitalist,47,0.0266
542,233064,Back 4 Blood,47,0.0266
543,200756,Call of Duty®: Advanced Warfare,47,0.0266
544,232910,Far Cry® New Dawn,47,0.0266
545,201723,Goat Simulator,47,0.0266
546,10001302,JoJo's Bizarre Adventure: All-Star Battle R,47,0.0266
547,10005862,Jujutsu Kaisen Cursed Clash,47,0.0266
548,10002581,My Friend Peppa Pig: Complete Edition,47,0.0266
549,234460,NBA 2K20,47,0.0266
550,10010001,Palia,47,0.0266
551,10009025,Planet Zoo: Console Edition,47,0.0266
552,10002042,Saints Row,47,0.0266
553,216489,South Park™: The Fractured But Whole™,47,0.0266
554,10009937,The First Berserker: Khazan,47,0.0266
555,212339,Assassin's Creed® Syndicate,46,0.026
556,232009,Devil May Cry HD Collection,46,0.026
557,224875,LEGO® CITY UNDERCOVER,46,0.026
558,10006500,NHL® 24,46,0.026
559,10011314,PowerWash Simulator 2,46,0.026
560,10005267,WWE 2K23,46,0.026
561,216187,Enter the Gungeon,45,0.0255
562,10005321,Killing Floor 3,45,0.0255
563,10009366,A Quiet Place: The Road Ahead,44,0.0249
564,10001815,ARMORED CORE™ VI FIRES OF RUBICON™,44,0.0249
565,10017298,CloverPit,44,0.0249
566,10011861,Digimon Story Time Stranger,44,0.0249
567,10001029,Metaphor: ReFantazio,44,0.0249
568,10006288,Pacific Drive,44,0.0249
569,217712,Paladins,44,0.0249
570,211466,Viaplay,44,0.0249
571,10002648,Hades,43,0.0243
572,202860,METAL GEAR SOLID V: THE PHANTOM PAIN,43,0.0243
573,227227,Sonic Mania,43,0.0243
574,235298,Subnautica: Below Zero,43,0.0243
575,204941,Tom Clancy's The Division™,43,0.0243
576,10000039,Untitled Goose Game,43,0.0243
577,200959,Destiny,42,0.0238
578,10008074,Disney Epic Mickey: Rebrushed,42,0.0238
579,10007669,Gorilla Tag,42,0.0238
580,231738,HAJWALA,42,0.0238
581,223683,LEGO®  Harry Potter™ Collection,42,0.0238
582,231035,PAYDAY 2: CRIMEWAVE EDITION,42,0.0238
583,227578,PRO EVOLUTION SOCCER 2018,42,0.0238
584,232068,PRO EVOLUTION SOCCER 2019,42,0.0238
585,10004544,Remnant II®,42,0.0238
586,231650,Unravel TWO,42,0.0238
587,10003862,Way of the Hunter,42,0.0238
588,200914,Diablo III: Eternal Collection,41,0.0232
589,232583,Little Nightmares II,41,0.0232
590,10010722,Poppy Playtime: Chapter 3,41,0.0232
591,10003168,Sid Meier's Civilization® VII,41,0.0232
592,231868,Slime Rancher,41,0.0232
593,217424,TROVE,41,0.0232
594,10011854,Blades of Fire,40,0.0226
595,10008698,Coral Island,40,0.0226
596,10012238,Indiana Jones and the Great Circle,40,0.0226
597,230052,MudRunner,40,0.0226
598,214653,Ratchet & Clank™,40,0.0226
599,10004240,Session: Skate Sim,40,0.0226
600,10004206,Sky: Children of the Light,40,0.0226
601,231800,DEAD OR ALIVE 6,39,0.0221
602,10000453,Guilty Gear -Strive-,39,0.0221
603,10015370,Invincible VS,39,0.0221
604,227167,MX vs. ATV All Out,39,0.0221
605,10018882,Poppy Playtime: Chapter 5,39,0.0221
606,10017123,ScootX,39,0.0221
607,204275,Sleeping Dogs,39,0.0221
608,10004658,Sonic Superstars,39,0.0221
609,10000393,Totally Reliable Delivery Service,39,0.0221
610,10007749,Who's Your Daddy?!,39,0.0221
611,10010798,World of Outlaws: Dirt Racing 24,39,0.0221
612,232437,DiRT Rally 2.0,38,0.0215
613,206887,Dreams™,38,0.0215
614,10011010,For The King II,38,0.0215
615,232717,JUMP FORCE,38,0.0215
616,223059,Little Nightmares,38,0.0215
617,10002860,NBA 2K22,38,0.0215
618,233594,Sid Meier's Civilization VI,38,0.0215
619,204162,South Park™: The Stick of Truth™,38,0.0215
620,10013971,The Rogue Prince of Persia™,38,0.0215
621,227750,Ultimate Marvel vs. Capcom 3,38,0.0215
622,10008264,Cricket 24,37,0.0209
623,231053,Dead Cells,37,0.0209
624,10000991,Demon Slayer -Kimetsu no Yaiba- The Hinokami Chronicles,37,0.0209
625,222250,Don't Starve Together: Console Edition,37,0.0209
626,202508,LEGO® Worlds,37,0.0209
627,202416,Life Is Strange™,37,0.0209
628,10007550,Mediaset Infinity,37,0.0209
629,211297,SMITE,37,0.0209
630,10003797,Sonic Origins,37,0.0209
631,233372,SpongeBob SquarePants: Battle For Bikini Bottom - Rehydrated,37,0.0209
632,10009101,War Robots: Frontiers,37,0.0209
633,201406,FIFA 16,36,0.0204
634,10003713,Little Nightmares III,36,0.0204
635,234628,ONE PIECE: PIRATE WARRIORS 4,36,0.0204
636,10013315,Rooftops & Alleys: The Parkour Game,36,0.0204
637,228902,ADN,35,0.0198
638,10007264,Blasphemous 2,35,0.0198
639,201588,FINAL FANTASY X/X-2 HD Remaster,35,0.0198
640,203196,Outlast,35,0.0198
641,10003247,RIDE 5,35,0.0198
642,10001738,Secret Neighbor,35,0.0198
643,10010242,SILENT HILL f,35,0.0198
644,233441,Team Sonic Racing,35,0.0198
645,10001023,Tennis World Tour 2,35,0.0198
646,10008869,Faaast Penguin,34,0.0192
647,231948,Fallout Shelter,34,0.0192
648,204590,Four Kings Casino and Slots,34,0.0192
649,234489,Mortal Shell,34,0.0192
650,10002319,NOW,34,0.0192
651,10009300,Snow Bros. Wonderland,34,0.0192
652,10000894,THE KING OF FIGHTERS XV,34,0.0192
653,203938,Trials Fusion™,34,0.0192
654,10001852,WOW,34,0.0192
655,10010870,CAPTAIN TSUBASA 2: WORLD FIGHTERS,33,0.0187
656,201101,DOOM,33,0.0187
657,10017627,eBaseball™: PRO SPIRIT 2026,33,0.0187
658,229133,Just Cause 4,33,0.0187
659,234276,MY HERO ONE'S JUSTICE 2,33,0.0187
660,10014976,Plants vs. Zombies™: Replanted,33,0.0187
661,10008324,Rugby 25,33,0.0187
662,10010642,Sledders,33,0.0187
663,10011751,UNDEFEATED,33,0.0187
664,10001895,7plus,32,0.0181
665,10009261,Age of Empires II: Definitive Edition,32,0.0181
666,228677,Batman: The Enemy Within,32,0.0181
667,235195,Five Nights at Freddy's 2,32,0.0181
668,202761,Middle-earth™: Shadow of Mordor™,32,0.0181
669,202832,MONOPOLY PLUS,32,0.0181
670,10004405,NARAKA: BLADEPOINT,32,0.0181
671,224919,Outlast 2,32,0.0181
672,10003164,SILENT HILL: The Short Message,32,0.0181
673,228782,The LEGO® NINJAGO® Movie Video Game,32,0.0181
674,235238,Yakuza: Like A Dragon,32,0.0181
675,10007282,Brotato PS4 & PS5,31,0.0175
676,233449,Deep Rock Galactic,31,0.0175
677,10000586,Dragon Age™: The Veilguard,31,0.0175
678,10005976,Gothic 1 Remake,31,0.0175
679,10012945,MOUSE: P.I. For Hire,31,0.0175
680,10000299,POKER CLUB,31,0.0175
681,213119,STAR WARS™ Battlefront™,31,0.0175
682,10014266,Starward,31,0.0175
683,10001814,WWE 2K22,31,0.0175
684,10002255,A Plague Tale: Requiem,30,0.017
685,10001478,Alan Wake Remastered,30,0.017
686,216051,BioShock: The Collection,30,0.017
687,228499,Dead Island - Definitive Edition,30,0.017
688,10004933,Disney•Pixar Toy Story 2: Buzz Lightyear to the Rescue!,30,0.017
689,10002895,Doki Doki Literature Club Plus!,30,0.017
690,234740,Five Nights at Freddy's,30,0.017
691,235193,Five Nights at Freddy's 4,30,0.017
692,10004701,Just Dance 2026 Edition,30,0.017
693,223570,NARUTO SHIPPUDEN: Ultimate Ninja STORM TRILOGY,30,0.017
694,10012110,NINJA GAIDEN 4,30,0.017
695,10007412,Taxi Life: A City Driving Simulator,30,0.017
696,10007649,TIEBREAK: Official game of the ATP and WTA,30,0.017
697,201336,EA SPORTS™ UFC® 2,29,0.0164
698,231872,Farming Simulator 19,29,0.0164
699,10005940,Hotline Miami,29,0.0164
700,10003900,Madden NFL 23 PS5™,29,0.0164
701,10002576,Rabbids®: Party of Legends,29,0.0164
702,10015859,TEKKEN DARK RESURRECTION,29,0.0164
703,10008568,Tomb Raider I-III Remastered Starring Lara Croft,29,0.0164
704,205023,Trackmania Turbo,29,0.0164
705,228877,Ultimate Chicken Horse,29,0.0164
706,205132,Until Dawn™,29,0.0164
707,232371,Zombie Army 4: Dead War,29,0.0164
708,10009260,Age of Mythology: Retold,28,0.0158
709,10018063,Avatar Island,28,0.0158
710,231477,Celeste,28,0.0158
711,201787,Gems of War,28,0.0158
712,218318,Hatsune Miku: Project DIVA Future Tone,28,0.0158
713,229788,L.A. Noire,28,0.0158
714,10009931,Monster Energy Supercross 25 - The Official Video Game,28,0.0158
715,10001266,Spelunky 2,28,0.0158
716,10000974,THE PLAYROOM,28,0.0158
717,10015062,Train Sim World 6,28,0.0158
718,10011450,World of Tanks: HEAT,28,0.0158
719,10011009,Anno 117: Pax Romana,27,0.0153
720,10009923,Another Crab’s Treasure,27,0.0153
721,231473,Burnout Paradise Remastered,27,0.0153
722,10013889,Cricket 26 - The Official Game of the Ashes,27,0.0153
723,217642,Neverwinter,27,0.0153
724,234389,Nioh 2,27,0.0153
725,10000811,PAW PAtrol Mighty Pups Save Adventure Bay,27,0.0153
726,10005985,Prince of Persia The Lost Crown,27,0.0153
727,10000537,Sonic Colors: Ultimate,27,0.0153
728,10003866,SpongeBob SquarePants: The Cosmic Shake,27,0.0153
729,10009208,The Sinking City 2,27,0.0153
730,10016955,War Robots,27,0.0153
731,230095,Assassin's Creed® Rogue Remastered,26,0.0147
732,228418,Cars 3: Driven to Win,26,0.0147
733,10009499,FATAL FURY: City of the Wolves,26,0.0147
734,10009325,Five Nights at Freddy's: Help Wanted 2,26,0.0147
735,10003558,Hello Neighbor 2,26,0.0147
736,221915,Killing Floor 2,26,0.0147
737,232630,Life is Strange 2,26,0.0147
738,10002129,Marvel's Midnight Suns,26,0.0147
739,10012545,MARVEL Cosmic Invasion,26,0.0147
740,10016581,MotoGP™26,26,0.0147
741,10000470,NBA 2K21,26,0.0147
742,10003382,Persona 4 Golden,26,0.0147
743,203474,PSO2 NEW GENESIS,26,0.0147
744,232112,Resident Evil,26,0.0147
745,10000714,SUPER ANIMAL ROYALE,26,0.0147
746,233592,Tom Clancy’s Rainbow Six® Extraction,26,0.0147
747,10011130,Train Sim World® 5,26,0.0147
748,10012160,Age of Empires IV: Anniversary Edition,25,0.0142
749,10003743,BINGE,25,0.0142
750,200477,Bully,25,0.0142
751,10007911,Granblue Fantasy Versus: Rising,25,0.0142
752,10004572,Hamster Playground,25,0.0142
753,10008300,Holdfast: Nations At War,25,0.0142
754,202136,Injustice: Gods Among Us Ultimate Edition,25,0.0142
755,202542,LittleBigPlanet™3,25,0.0142
756,203420,Plants vs Zombies Garden Warfare,25,0.0142
757,10009990,ROUNDS,25,0.0142
758,10002426,Skul: The Hero Slayer,25,0.0142
759,10010627,Squirrel with a Gun,25,0.0142
760,228851,Trials Rising(TM),25,0.0142
761,10005255,World of Outlaws: Dirt Racing,25,0.0142
762,219617,Worms W.M.D,25,0.0142
763,232492,Beat Saber,24,0.0136
764,216078,Broforce,24,0.0136
765,220997,DEAD OR ALIVE 5 Last Round,24,0.0136
766,10014600,Duskfade,24,0.0136
767,10002862,EARTH DEFENSE FORCE 6,24,0.0136
768,201597,FINAL FANTASY XV,24,0.0136
769,10006545,House Flipper 2,24,0.0136
770,232286,Hungry Shark® World,24,0.0136
771,10003546,MLB® The Show™ 22,24,0.0136
772,10012137,MotoGP™25,24,0.0136
773,213861,Nioh,24,0.0136
774,231987,Path of Exile,24,0.0136
775,10003932,PAW Patrol: Grand Prix,24,0.0136
776,10011593,Predator: Hunting Grounds,24,0.0136
777,10017775,SCHIZOPHRENIA,24,0.0136
778,228448,SONIC FORCES,24,0.0136
779,10010012,SPLITGATE: Arena Reloaded,24,0.0136
780,10000975,THE PLAYROOM VR,24,0.0136
781,10009018,Tony Hawk's™ Pro Skater™ 3 + 4,24,0.0136
782,10005964,Vegas Infinite,24,0.0136
783,229533,Wolfenstein® II: The New Colossus™,24,0.0136
784,10015458,パワフルプロ野球2026-2027,24,0.0136
785,10007642,Atlantis: The Lost Empire [PS1 Emulation],23,0.013
786,10018858,Bellwright,23,0.013
787,10005693,DREDGE,23,0.013
788,10009938,MARVEL vs. CAPCOM Fighting Collection: Arcade Classics,23,0.013
789,10013904,Mortal Kombat: Legacy Kollection,23,0.013
790,217551,NieR:Automata,23,0.013
791,221740,Overcooked,23,0.013
792,10012036,Poppy Playtime: Chapter 4,23,0.013
793,10017808,ScooterFlow,23,0.013
794,230019,SOULCALIBUR™Ⅵ,23,0.013
795,222446,Star Trek Online,23,0.013
796,10005101,Tekken 6,23,0.013
797,232708,Tetris® Effect: Connected,23,0.013
798,222885,The Escapists 2,23,0.013
799,222886,The Jackbox Party Pack 3,23,0.013
800,229391,The Long Dark,23,0.013
801,10008445,The Lord of the Rings: Return to Moria™,23,0.013
802,235106,Ultimate Custom Night,23,0.013
803,10002812,WRC 10 FIA World Rally Championship,23,0.013
804,10010467,Yet Another Zombie Survivors,23,0.013
805,10008945,A Little to the Left,22,0.0125
806,10006098,Banishers: Ghosts of New Eden,22,0.0125
807,10008379,BMX Streets,22,0.0125
808,231364,Borderlands®: Game of the Year Edition,22,0.0125
809,229479,FINAL FANTASY IX,22,0.0125
810,10008128,Football Manager 2024 Console,22,0.0125
811,10012995,High On Life 2,22,0.0125
812,212679,HITMAN™,22,0.0125
813,235080,Madden NFL 21,22,0.0125
814,233392,MOBILE SUIT GUNDAM EXTREME VS. MAXIBOOST ON,22,0.0125
815,10003079,MXGP 2021 - The Official Motocross Videogame,22,0.0125
816,10010437,Poppy Playtime: Chapter 2,22,0.0125
817,203539,Pure Pool™,22,0.0125
818,10005150,Resident Evil 2,22,0.0125
819,10008554,STAR WARS™: Battlefront Classic Collection,22,0.0125
820,10005163,Still Wakes the Deep,22,0.0125
821,10011976,Teenage Mutant Ninja Turtles: Splintered Fate,22,0.0125
822,10017761,Tour de France 2026,22,0.0125
823,205292,Wolfenstein®: The New Order,22,0.0125
824,216773,XCOM 2,22,0.0125
825,10005440,AEW: Fight Forever,21,0.0119
826,234050,Clone Drone in the Danger Zone,21,0.0119
827,234401,DIRT 5,21,0.0119
828,10008826,Enotria: The Last Song,21,0.0119
829,10013354,ICARUS: Console Edition,21,0.0119
830,10001894,Madden NFL 22 MVP Edition,21,0.0119
831,10013086,SpongeBob SquarePants: Titans of the Tide,21,0.0119
832,10013520,Stellaris: Console Edition PS5,21,0.0119
833,10004282,Super Mega Baseball™ 4,21,0.0119
834,10018182,The Planet Crafter,21,0.0119
835,10017650,Trails in the Sky 2nd Chapter,21,0.0119
836,221219,Ultra Street Fighter IV,21,0.0119
837,10007965,V Rising,21,0.0119
838,231037,A Plague Tale: Innocence,20,0.0113
839,200599,Beyond: Two Souls™,20,0.0113
840,10002926,BioShock Infinite: The Complete Edition,20,0.0113
841,10003945,Call of the Wild: The Angler™,20,0.0113
842,222227,Clicker Heroes,20,0.0113
843,10012400,Contraband Police,20,0.0113
844,10009534,Core Keeper,20,0.0113
845,10002047,d anime store,20,0.0113
846,10001874,HOT WHEELS UNLEASHED™,20,0.0113
847,10007589,LEGO Star Wars II: The Original Trilogy,20,0.0113
848,10000970,Media Player,20,0.0113
849,10004025,NHL® 23 PS5™,20,0.0113
850,233468,Power Rangers - Battle for The Grid,20,0.0113
851,10008716,Sniper Elite: Resistance,20,0.0113
852,10015791,TEKKEN 3,20,0.0113
853,10003841,The Stanley Parable: Ultra Deluxe,20,0.0113
854,204583,TVNZ+,20,0.0113
855,10018477,Wrap House Simulator,20,0.0113
856,10018445,Bag Fight,19,0.0108
857,10004805,Bramble: The Mountain King,19,0.0108
858,232977,Castlevania Requiem: Symphony Of The Night & Rondo Of Blood,19,0.0108
859,233448,CRSED,19,0.0108
860,10009597,Darkest Dungeon II,19,0.0108
861,10009413,DAVE THE DIVER,19,0.0108
862,232084,Divinity: Original Sin 2 - Definitive Edition,19,0.0108
863,231068,Generation Zero,19,0.0108
864,10003091,LEGO® 2K Drive,19,0.0108
865,202454,LEGO® The Hobbit™,19,0.0108
866,10017404,Ligue 1+,19,0.0108
867,10017732,Live TV on PS5 Media Player,19,0.0108
868,212785,NBA 2K16,19,0.0108
869,10001866,PAW Patrol The Movie: Adventure City Calls,19,0.0108
870,10006025,RoadCraft,19,0.0108
871,204433,Saints Row IV: Re-Elected,19,0.0108
872,234860,Sky Q,19,0.0108
873,10003357,Teenage Mutant Ninja Turtles: The Cowabunga Collection,19,0.0108
874,10002652,The Callisto Protocol,19,0.0108
875,10019459,The Legend Of Fireball,19,0.0108
876,10006870,Truck and Logistics Simulator,19,0.0108
877,10005120,UFC Fight Pass,19,0.0108
878,205200,Vampyr,19,0.0108
879,10015979,Village in the Shade,19,0.0108
880,206125,ARCADE GAME SERIES: PAC-MAN,18,0.0102
881,10003206,DRAGON BALL: THE BREAKERS,18,0.0102
882,10003393,F1® 22,18,0.0102
883,201399,FIFA 14,18,0.0102
884,202140,inFAMOUS™ First Light,18,0.0102
885,10004707,Inscryption,18,0.0102
886,10005204,Medieval Dynasty,18,0.0102
887,10005466,Monster Energy Supercross - The Official Videogame 6 PS4 & PS5,18,0.0102
888,10007583,Monster Hunter Stories 2: Wings of Ruin,18,0.0102
889,10013075,Monster Hunter Stories 3: Twisted Reflection,18,0.0102
890,10001193,ON THE ROAD - The Truck Simulator,18,0.0102
891,10001938,Paint the Town Red,18,0.0102
892,10011012,Snooker Blitz,18,0.0102
893,10008245,The Casting of Frank Stone™,18,0.0102
894,228861,The Evil Within® 2,18,0.0102
895,10006160,Viewfinder,18,0.0102
896,229531,Wheel of Fortune®,18,0.0102
897,10002527,Arcade Paradise,17,0.0096
898,10006316,Atomic Heart,17,0.0096
899,234613,Ben 10: Power Trip!,17,0.0096
900,10008761,Cookie Clicker,17,0.0096
901,10000350,Crysis® Remastered,17,0.0096
902,222836,Darkest Dungeon,17,0.0096
903,201149,DMM.com,17,0.0096
904,10008191,DYNASTY WARRIORS: ORIGINS,17,0.0096
905,10002174,F1® 2021,17,0.0096
906,10012344,Five Nights at Freddy's: Secret of the Mimic,17,0.0096
907,10003301,GigaBash,17,0.0096
908,10003002,GRID Legends,17,0.0096
909,202132,I am Bread,17,0.0096
910,221911,Job Simulator,17,0.0096
911,221709,KINGDOM HEARTS HD 2.8 FINAL CHAPTER PROLOGUE,17,0.0096
912,202340,KNACK™,17,0.0096
913,10011704,Like a Dragon: Pirate Yakuza in Hawaii,17,0.0096
914,232667,Madden NFL 20,17,0.0096
915,10000480,MELTY BLOOD: TYPE LUMINA,17,0.0096
916,221735,Molotov,17,0.0096
917,232321,NBA 2K19,17,0.0096
918,221742,Pro Evolution Soccer 2017,17,0.0096
919,10011465,Project Motor Racing,17,0.0096
920,10010296,Sly Cooper™ and the Thievius Raccoonus,17,0.0096
921,231404,Starlit Adventures,17,0.0096
922,10001568,THE PEDESTRIAN,17,0.0096
923,10015829,Yakuza 0 Director's Cut,17,0.0096
924,10013098,4:LOOP,16,0.0091
925,10016190,BALL x PIT,16,0.0091
926,10008760,Broken Sword - Shadow of the Templars: Reforged,16,0.0091
927,10016878,Cash Cleaner Simulator,16,0.0091
928,10018845,Chess Mate,16,0.0091
929,10010716,Garten of Banban,16,0.0091
930,10006547,Hotline Miami 2: Wrong Number,16,0.0091
931,10005847,Killer Frequency,16,0.0091
932,229812,LEGO® The Incredibles,16,0.0091
933,224890,Marvel vs. Capcom: Infinite,16,0.0091
934,10001129,MXGP 2020 - The Official Motocross Videogame,16,0.0091
935,231327,MXGP PRO,16,0.0091
936,235359,Olympic Games Tokyo 2020 – The Official Video Game™,16,0.0091
937,10005322,Pavlov,16,0.0091
938,10015043,PBA Pro Bowling 2026,16,0.0091
939,10008399,RaiPlay,16,0.0091
940,10003485,RoboCop: Rogue City,16,0.0091
941,10003140,Sally Face,16,0.0091
942,10002418,Shredders,16,0.0091
943,229406,Street Fighter 30th Anniversary Collection,16,0.0091
944,204513,Surgeon Simulator,16,0.0091
945,10003986,Teenage Mutant Ninja Turtles: Shredder's Revenge,16,0.0091
946,10013078,Trails in the Sky 1st Chapter,16,0.0091
947,10018284,67,15,0.0085
948,10013799,AFL 26,15,0.0085
949,10002591,Aliens: Fireteam Elite,15,0.0085
950,10002789,art of rally,15,0.0085
951,231919,Bus Simulator,15,0.0085
952,10002190,Capcom Arcade Stadium,15,0.0085
953,10004424,Crime Boss: Rockay City,15,0.0085
954,10009964,Deadside,15,0.0085
955,201204,Dragon Age™: Inquisition,15,0.0085
956,209065,Everybody's Golf™,15,0.0085
957,10004425,Flintlock: The Siege of Dawn,15,0.0085
958,201576,Frozen Free Fall: Snowball Fight,15,0.0085
959,10011881,I'm in Love With Your Dead Grandmother 3: Online Battle Royale,15,0.0085
960,217244,Kerbal Space Program Enhanced Edition,15,0.0085
961,10009210,Killer Klowns from Outer Space: The Game,15,0.0085
962,10003080,Monster Energy Supercross - The Official Videogame 5 PS4 & PS5,15,0.0085
963,10001829,Nickelodeon All-Star Brawl,15,0.0085
964,235242,ONE PIECE ODYSSEY PS4 & PS5,15,0.0085
965,10006027,Overpass 2,15,0.0085
966,221771,Persona 5,15,0.0085
967,235039,Planet Coaster: Console Edition,15,0.0085
968,203701,Rock Band 4,15,0.0085
969,10002595,Rubber Bandits,15,0.0085
970,221759,SpeedRunners,15,0.0085
971,204880,The LEGO® Movie - Videogame (GER),15,0.0085
972,10005364,Tower of Fantasy,15,0.0085
973,10015336,Tung Tung Tung Sahur Runner,15,0.0085
974,10004448,Wizard with a Gun,15,0.0085
975,10003143,Anno 1800™ Console Edition,14,0.0079
976,10008922,As Dusk Falls,14,0.0079
977,229899,Biomutant,14,0.0079
978,234422,Blasphemous,14,0.0079
979,10012002,Blue Prince,14,0.0079
980,10014085,Cairn,14,0.0079
981,10002606,Company of Heroes 3,14,0.0079
982,10015827,Crime Simulator,14,0.0079
983,10011556,Cronos: The New Dawn,14,0.0079
984,10002292,Disco Elysium - The Final Cut,14,0.0079
985,10001902,Evil West,14,0.0079
986,10010493,F1® Manager 2024,14,0.0079
987,218097,F1™ 2016,14,0.0079
988,10005977,Ghostrunner 2,14,0.0079
989,202335,KILLZONE™ SHADOW FALL,14,0.0079
990,231109,Mega Man X Legacy Collection,14,0.0079
991,202806,Metro Redux,14,0.0079
992,10000668,MLB® The Show 21™,14,0.0079
993,233216,MLB® The Show™ 19,14,0.0079
994,10004427,MORDHAU,14,0.0079
995,231986,NBA 2K Playgrounds 2,14,0.0079
996,10003238,Pathfinder: Wrath of the Righteous,14,0.0079
997,10005308,Pinball FX,14,0.0079
998,203421,PlanetSide 2,14,0.0079
999,10005682,Ravenswatch,14,0.0079
1000,10000888,SNIPER GHOST WARRIOR CONTRACTS 2,14,0.0079
1001,228844,SUPERHOT,14,0.0079
1002,10004518,SWORD ART ONLINE Fractured Daydream,14,0.0079
1003,10004213,The Game of Life 2,14,0.0079
1004,10015887,TVer/民放公式テレビ配信サービス,14,0.0079
1005,10001458,Two Point Campus,14,0.0079
1006,10015481,Vampire Crawlers: The Turbo Wildcard from Vampire Survivors,14,0.0079
1007,231873,60 Seconds! Reatomized,13,0.0074
1008,200213,Alien: Isolation™,13,0.0074
1009,228896,Attack on Titan 2,13,0.0074
1010,222958,Cartoon Network: Battle Crashers,13,0.0074
1011,234578,Cat Quest II,13,0.0074
1012,10011448,CODE VEIN II,13,0.0074
1013,10019687,Dating Stories 2,13,0.0074
1014,200909,Devil May Cry 4 Special Edition,13,0.0074
1015,10018901,Diamond Painting ASMR,13,0.0074
1016,201017,Dishonored 2,13,0.0074
1017,10012795,Farm Together 2,13,0.0074
1018,10008527,FINAL FANTASY TACTICS - The Ivalice Chronicles,13,0.0074
1019,10000301,Ghostwire: Tokyo,13,0.0074
1020,221698,GRAVITY RUSH™ 2,13,0.0074
1021,10008904,Hello Kitty Island Adventure,13,0.0074
1022,231717,Horizon Chase Turbo,13,0.0074
1023,10000044,House Flipper,13,0.0074
1024,10012021,I Am Cat,13,0.0074
1025,234423,IMMORTALS FENYX RISING,13,0.0074
1026,10019049,iRacing Arcade,13,0.0074
1027,10010137,Jak and Daxter™: The Precursor Legacy,13,0.0074
1028,217223,KNACK™ 2,13,0.0074
1029,235275,MLB® The Show™ 20,13,0.0074
1030,10007582,Monster Hunter Stories,13,0.0074
1031,235059,Roller Champions™,13,0.0074
1032,10012672,SEGA FOOTBALL CLUB CHAMPIONS,13,0.0074
1033,234417,ShellShock Live,13,0.0074
1034,10007941,Shin Megami Tensei V: Vengeance,13,0.0074
1035,10007126,The Thaumaturge,13,0.0074
1036,10000818,Tiny Tina's Wonderlands,13,0.0074
1037,228871,Tropico 6,13,0.0074
1038,217751,Yakuza Kiwami,13,0.0074
1039,228780,Yakuza Kiwami 2,13,0.0074
1040,10015219,Yakuza Kiwami 3 & Dark Ties PS4 & PS5,13,0.0074
1041,235376,Yu-Gi-Oh! Legacy of the Duelist : Link Evolution,13,0.0074
1042,10008444,Alaskan Road Truckers: Highway Edition,12,0.0068
1043,10010443,Amer Fighting,12,0.0068
1044,10006478,Bang-On Balls: Chronicles,12,0.0068
1045,10019099,Berry Bury Berry,12,0.0068
1046,10000502,Bloons TD 6,12,0.0068
1047,10007859,Cat Quest III,12,0.0068
1048,10010036,Crystal of Atlan,12,0.0068
1049,10008357,Directive 8020,12,0.0068
1050,228538,Dishonored® Definitive Edition,12,0.0068
1051,10002761,Evil Dead: The Game,12,0.0068
1052,221537,FINAL FANTASY VII,12,0.0068
1053,229480,FINAL FANTASY VIII Remastered,12,0.0068
1054,10012744,God of War Sons of Sparta,12,0.0068
1055,10004029,Horizon Call of the Mountain™,12,0.0068
1056,10014030,"Hypermarket Simulator: Supermarket, reimagined.",12,0.0068
1057,202197,JoJo's Bizarre Adventure: Eyes of Heaven,12,0.0068
1058,233595,Just Shapes & Beats,12,0.0068
1059,215408,MONOPOLY FAMILY FUN PACK,12,0.0068
1060,202573,MUBI,12,0.0068
1061,227423,MXGP3 - The Official Motocross Videogame,12,0.0068
1062,10012661,MY HERO ACADEMIA: All’s Justice,12,0.0068
1063,227888,NBA 2K18,12,0.0068
1064,229826,Outer Wilds,12,0.0068
1065,231136,Paw Patrol: On a Roll!,12,0.0068
1066,10005896,Persona 5 Tactica,12,0.0068
1067,10011786,POOLS,12,0.0068
1068,10016223,Psi-Ops: The Mindgate Conspiracy,12,0.0068
1069,221982,Rain World,12,0.0068
1070,235338,Ride 4,12,0.0068
1071,234784,Rocksmith™+,12,0.0068
1072,10010691,Sly 2: Band of Thieves™,12,0.0068
1073,10001684,Sportsnet,12,0.0068
1074,10011190,Supermarket Owner Simulator: Business,12,0.0068
1075,10009898,Tails of Iron 2: Whiskers of Winter,12,0.0068
1076,204572,The Evil Within,12,0.0068
1077,204826,The Last Guardian™,12,0.0068
1078,10016323,Tokyo Xtreme Racer,12,0.0068
1079,10002780,Unicorn Overlord,12,0.0068
1080,232764,Warhammer: Vermintide 2,12,0.0068
1081,10014585,Backyard Baseball '97,11,0.0062
1082,10002150,Bassmaster® Fishing 2022 PS4™ and PS5™,11,0.0062
1083,225783,Chess Ultra,11,0.0062
1084,10016216,Coloring Book,11,0.0062
1085,233619,CrossCode,11,0.0062
1086,10017349,Cup Heroes,11,0.0062
1087,231670,Darksiders II Deathinitive Edition,11,0.0062
1088,10008842,DRAGON QUEST VII Reimagined,11,0.0062
1089,235335,DRAGON QUEST XI S ECHOES OF AN ELUSIVE AGE - DEFINITIVE EDITION,11,0.0062
1090,233121,Epic Roller Coasters,11,0.0062
1091,228209,FINAL FANTASY Ⅻ THE ZODIAC AGE,11,0.0062
1092,10002344,FINAL FANTASY VI,11,0.0062
1093,10009158,Five Nights at Freddy's: Into the Pit,11,0.0062
1094,234641,Gold Mining Simulator,11,0.0062
1095,201960,Grand Theft Auto: Vice City,11,0.0062
1096,10005248,GUNDAM BREAKER 4,11,0.0062
1097,229077,H1Z1: Battle Royale,11,0.0062
1098,233361,Hitman: Absolution HD,11,0.0062
1099,10004309,HUMANKIND™,11,0.0062
1100,10014603,LEGO® Party!,11,0.0062
1101,218857,NBA 2K17,11,0.0062
1102,10001248,NINJA GAIDEN Master Collection,11,0.0062
1103,10000853,Nobody Saves the World,11,0.0062
1104,203284,ONE PIECE: PIRATE WARRIORS 3,11,0.0062
1105,212881,Pro Evolution Soccer 2016,11,0.0062
1106,231481,Rakuten TV,11,0.0062
1107,10005151,Resident Evil 3 Nemesis,11,0.0062
1108,10004133,RimWorld Console Edition,11,0.0062
1109,10003098,Rugby 22,11,0.0062
1110,232189,SEGA Mega Drive Classics,11,0.0062
1111,233754,SHAREfactory™,11,0.0062
1112,10000355,Skater XL,11,0.0062
1113,224852,Sky Sport Now,11,0.0062
1114,10002535,Space Engineers,11,0.0062
1115,10007610,SUPER ROBOT WARS Y,11,0.0062
1116,10008902,The Precinct,11,0.0062
1117,10004517,THEATRHYTHM FINAL BAR LINE,11,0.0062
1118,10011401,TimeSplitters,11,0.0062
1119,10009064,Tomb Raider IV-VI Remastered,11,0.0062
1120,10013616,Tomb Raider: Anniversary PS4 & PS5,11,0.0062
1121,10009776,Tour de France 2024,11,0.0062
1122,10002261,Trivial Pursuit Live! 2,11,0.0062
1123,10001656,UEFA.tv,11,0.0062
1124,10002493,Vampire: The Masquerade - Bloodhunt,11,0.0062
1125,203587,[PROTOTYPE®2],10,0.0057
1126,10014070,Absolum,10,0.0057
1127,10016582,Abyssus,10,0.0057
1128,10003916,ACA NEOGEO THE KING OF FIGHTERS 2002,10,0.0057
1129,10002794,Aliens: Fireteam Elite PS4 & PS5,10,0.0057
1130,232664,Ancestors: The Humankind Odyssey,10,0.0057
1131,233432,AO Tennis 2,10,0.0057
1132,10002689,Atlas Fallen: Reign Of Sand,10,0.0057
1133,234853,Bayonetta,10,0.0057
1134,233889,Bee Simulator,10,0.0057
1135,10000494,Biped,10,0.0057
1136,10004791,CATAN® - Console Edition,10,0.0057
1137,10011288,Citizen Sleeper 2: Starward Vector,10,0.0057
1138,10005989,Creed: Rise to Glory - Championship Edition™,10,0.0057
1139,10009719,Crossy Road Castle,10,0.0057
1140,10009279,DEATH NOTE Killer Within,10,0.0057
1141,10002989,DEEEER Simulator: Your Average Everyday Deer Game,10,0.0057
1142,10007257,discovery+ | Stream TV Shows,10,0.0057
1143,10007632,Disney•Pixar Wall-E,10,0.0057
1144,201274,DmC Devil May Cry: Definitive Edition,10,0.0057
1145,229006,Don't Bite Me Bro!,10,0.0057
1146,201172,DRIVECLUB™,10,0.0057
1147,222995,EARTH DEFENSE FORCE 5,10,0.0057
1148,10012310,Echoes of the End: Enhanced Edition,10,0.0057
1149,10001767,eFootball PES 2021 LITE,10,0.0057
1150,10019550,EMPULSE,10,0.0057
1151,233110,F1® 2019,10,0.0057
1152,10002343,FINAL FANTASY V,10,0.0057
1153,10004337,Gas Station Simulator,10,0.0057
1154,201815,Gauntlet™,10,0.0057
1155,10002096,Heavenly Bodies,10,0.0057
1156,10009634,Highway Drifter: Hajwala Simulator,10,0.0057
1157,10008296,INDIKA,10,0.0057
1158,10001187,Life is Strange Remastered Collection,10,0.0057
1159,234290,Lonely Mountains: Downhill,10,0.0057
1160,10002991,MechWarrior 5: Mercenaries,10,0.0057
1161,231110,Mega Man 11,10,0.0057
1162,228772,"MEGOGO: TV, Movies, Sports",10,0.0057
1163,10014002,MindsEye,10,0.0057
1164,229999,Monster Energy Supercross - The Official Videogame,10,0.0057
1165,10009581,MotoGP™24,10,0.0057
1166,10005309,Moving Out 2,10,0.0057
1167,233530,MXGP 2019 - The Official Motocross Videogame,10,0.0057
1168,227160,NBA App,10,0.0057
1169,10003398,PAC-MAN WORLD Re-PAC,10,0.0057
1170,234884,Pacify,10,0.0057
1171,10000672,Persona®5 Strikers,10,0.0057
1172,10002422,Psychonauts 2,10,0.0057
1173,10018900,Real Cake Maker,10,0.0057
1174,10016210,SOULCALIBUR III,10,0.0057
1175,10014874,South of Midnight,10,0.0057
1176,203977,Spelunky,10,0.0057
1177,10002176,Splitgate,10,0.0057
1178,204051,Super Meat Boy!,10,0.0057
1179,10011227,Sword of the Sea,10,0.0057
1180,231552,Texas Poker,10,0.0057
1181,10007935,The Adventures of Elliot: The Millennium Tales,10,0.0057
1182,225977,THE KING OF FIGHTERS 2002 UNLIMITED MATCH,10,0.0057
1183,204807,The Wolf Among Us,10,0.0057
1184,10003699,This War of Mine: Final Cut,10,0.0057
1185,10008368,Twisted Metal 2,10,0.0057
1186,10013708,Twisted Metal™ 4,10,0.0057
1187,234969,Two Point Hospital,10,0.0057
1188,10005244,Under The Waves,10,0.0057
1189,10004833,"Warhammer 40,000: Boltgun (PS4 & PS5)",10,0.0057
1190,203586,[PROTOTYPE®],9,0.0051
1191,228903,A Hat in Time,9,0.0051
1192,10005351,Aliens: Dark Descent,9,0.0051
1193,218738,ARCADE GAME SERIES: Ms. PAC-MAN,9,0.0051
1194,10012632,Avowed,9,0.0051
1195,200450,Battlefield™ Hardline,9,0.0051
1196,221878,Brawlout,9,0.0051
1197,10000854,Bugsnax,9,0.0051
1198,10003891,Capcom Arcade 2nd Stadium,9,0.0051
1199,10008958,Capcom Fighting Collection 2,9,0.0051
1200,10017727,Car Dealer Simulator,9,0.0051
1201,10000271,Century: Age of Ashes,9,0.0051
1202,229759,CODE VEIN,9,0.0051
1203,10005160,Dino Crisis,9,0.0051
1204,223963,Dragon's Dogma: Dark Arisen,9,0.0051
1205,201205,DRAGON BALL XENOVERSE,9,0.0051
1206,10017332,EA SPORTS FC™ 27,9,0.0051
1207,10003484,Eiyuden Chronicle: Hundred Heroes,9,0.0051
1208,234806,Erica,9,0.0051
1209,10016680,FATAL FRAME II: Crimson Butterfly REMAKE,9,0.0051
1210,10005594,Fernbus - Coachbus Simulator,9,0.0051
1211,235194,Five Nights at Freddy's: Sister Location,9,0.0051
1212,233993,Frostpunk,9,0.0051
1213,10010718,Garten of Banban 3,9,0.0051
1214,202007,Hotline Miami 2: Wrong Number,9,0.0051
1215,231098,Ice Age Scrat's Nutty Adventure,9,0.0051
1216,233233,Just Die Already,9,0.0051
1217,202363,Kung Fu Panda: Showdown of Legendary Legends,9,0.0051
1218,202523,Let It Die,9,0.0051
1219,10001186,Life is Strange Remastered,9,0.0051
1220,10002616,Lost Judgment,9,0.0051
1221,10012778,Lost Soul Aside™,9,0.0051
1222,227871,Mass Effect™: Andromeda,9,0.0051
1223,10006448,Metaball,9,0.0051
1224,10008291,Metal Eden,9,0.0051
1225,202807,Metro 2033 Redux,9,0.0051
1226,10000838,Monster Energy Supercross - The Official Videogame 4,9,0.0051
1227,231696,NBA LIVE 19,9,0.0051
1228,10005126,OCTOPATH TRAVELER II PS4＆PS5,9,0.0051
1229,10011533,Onimusha 2: Samurai's Destiny,9,0.0051
1230,234722,PGA TOUR 2K21,9,0.0051
1231,10000598,PHOGS!,9,0.0051
1232,10008237,Pinball FX Midnight,9,0.0051
1233,10002220,PJ Masks: Heroes of the Night,9,0.0051
1234,216605,Prison Architect: PlayStation®4 Edition,9,0.0051
1235,229997,RAGE 2,9,0.0051
1236,233003,RESIDENT EVIL RESISTANCE,9,0.0051
1237,10015861,RIDGE RACER,9,0.0051
1238,10015004,Starsand Island,9,0.0051
1239,10006487,Story of Seasons : A Wonderful life,9,0.0051
1240,234823,Tales of Arise,9,0.0051
1241,10005100,TEKKEN2,9,0.0051
1242,235232,The Dark Pictures Anthology: Little Hope,9,0.0051
1243,10002666,The Invincible,9,0.0051
1244,10000457,The Jackbox Party Pack 7,9,0.0051
1245,10004605,The Legend of Dragoon,9,0.0051
1246,205041,The Order: 1886,9,0.0051
1247,10001340,The Sinking City Remastered,9,0.0051
1248,10000707,Thief Simulator,9,0.0051
1249,10016535,TIME CRISIS,9,0.0051
1250,205293,Wolfenstein®: The Old Blood,9,0.0051
1251,232235,WWE 2K19,9,0.0051
1252,235411,Yet Another Zombie Defense HD,9,0.0051
1253,10005565,Among Us 3D: VR,8,0.0045
1254,10013181,Baptiste,8,0.0045
1255,200461,Battle Islands,8,0.0045
1256,10004602,Bomb Rush Cyberfunk,8,0.0045
1257,10003367,Boomerang Fu,8,0.0045
1258,10002805,CARRION,8,0.0045
1259,10017883,Carry The Glass,8,0.0045
1260,228188,Darksiders Warmastered Edition,8,0.0045
1261,10012700,Deadzone: Rogue,8,0.0045
1262,10015063,Denshattack!,8,0.0045
1263,10010353,DOOM + DOOM II,8,0.0045
1264,221868,Dragon Quest X Online,8,0.0045
1265,216967,Duck Game,8,0.0045
1266,235085,Empire of Sin,8,0.0045
1267,10004920,Fate/Samurai Remnant,8,0.0045
1268,233081,FIA European Truck Racing Championship,8,0.0045
1269,10000846,Forspoken,8,0.0045
1270,10016961,Froggy Hates Snow,8,0.0045
1271,10010354,Hero Siege,8,0.0045
1272,202024,Homefront®: The Revolution,8,0.0045
1273,10006999,Horizon Chase 2,8,0.0045
1274,10005317,Immortals of Aveum™,8,0.0045
1275,10004956,John Carpenter's Toxic Commando,8,0.0045
1276,10001235,Kena: Bridge of Spirits,8,0.0045
1277,10003583,Lawn Mowing Simulator,8,0.0045
1278,234427,MediEvil,8,0.0045
1279,202880,METAL SLUG 3,8,0.0045
1280,202878,METAL SLUG XX,8,0.0045
1281,202875,METAL SLUG™ ANTHOLOGY,8,0.0045
1282,202865,Minecraft Story Mode,8,0.0045
1283,10010256,Monster Train,8,0.0045
1284,10006305,MotoGP™23 PS4 & PS5,8,0.0045
1285,235065,Moving Out,8,0.0045
1286,10000908,NHL® 22 X-Factor Edition PS4™ & PS5™,8,0.0045
1287,10003316,ODDBALLERS,8,0.0045
1288,203288,ONE PIECE BURNING BLOOD,8,0.0045
1289,221998,Project CARS 2,8,0.0045
1290,10001441,Quake,8,0.0045
1291,235137,RACING BROS,8,0.0045
1292,10007644,Ratchet & Clank: Size Matters,8,0.0045
1293,232118,Resident Evil Revelations,8,0.0045
1294,10009791,Revenge of the Savage Planet,8,0.0045
1295,10002079,Sky X,8,0.0045
1296,204339,Sniper Elite 3,8,0.0045
1297,233211,Spider-Man: Far From Home VR,8,0.0045
1298,10018909,STEINS;GATE RE:BOOT,8,0.0045
1299,10019457,Suika Game,8,0.0045
1300,10014096,Terminull Brigade™,8,0.0045
1301,232935,The Dark Pictures Anthology: Man of Medan PS4 & PS5,8,0.0045
1302,234411,The Settlers®: New Allies,8,0.0045
1303,10004172,The Talos Principle 2,8,0.0045
1304,10011396,War of the Monsters,8,0.0045
1305,10012449,WARRIORS: Abyss,8,0.0045
1306,10001104,Who Wants to Be a Millionaire?,8,0.0045
1307,227580,WRC 7 FIA World Rally Championship,8,0.0045
1308,10000579,WRC 9 FIA World Rally Championship,8,0.0045
1309,233520,Yakuza 5 Remastered,8,0.0045
1310,10001817,You Suck at Parking®,8,0.0045
1311,203727,龍が如く０　誓いの場所,8,0.0045
1312,10012694,Airplane Flight Simulator : EVO,7,0.004
1313,10005283,Alone in the Dark,7,0.004
1314,10013233,Anger Foot,7,0.004
1315,216879,Aragami,7,0.004
1316,200098,Assassin's Creed® Freedom Cry,7,0.004
1317,232682,ASTRO BOT Rescue Mission,7,0.004
1318,222186,Battle Ages,7,0.004
1319,229756,Ben 10,7,0.004
1320,10013637,Brigandine Abyss,7,0.004
1321,232987,Catherine: Full Body,7,0.004
1322,10011839,Chained Climb Together,7,0.004
1323,10007962,Contra: Operation Galuga,7,0.004
1324,10014471,Crime Scene Cleaner,7,0.004
1325,10009392,Crow Country,7,0.004
1326,218017,Dead Island: Riptide - Definitive Edition,7,0.004
1327,201112,Dead Rising 2,7,0.004
1328,10000185,DEATHLOOP,7,0.004
1329,233884,DOOM (1993),7,0.004
1330,233883,DOOM II (Classic),7,0.004
1331,10010018,DRAGON QUEST III HD-2D Remake,7,0.004
1332,201148,Dungeon Defenders II,7,0.004
1333,221902,Elite Dangerous,7,0.004
1334,234425,F1® 2020,7,0.004
1335,227751,F1™ 2017,7,0.004
1336,10015725,Farm Simulator 2026,7,0.004
1337,232563,Firewall Zero Hour™,7,0.004
1338,10002089,First Class Trouble,7,0.004
1339,232939,Forager,7,0.004
1340,10011844,Ghosts of Tabor,7,0.004
1341,223663,INSIDE,7,0.004
1342,202185,Jak II™,7,0.004
1343,232859,Judgment,7,0.004
1344,233283,Jumanji: The Video Game,7,0.004
1345,10006168,Jusant,7,0.004
1346,234893,Kingdoms of Amalur: Re-Reckoning,7,0.004
1347,10005836,Library Of Ruina,7,0.004
1348,10007112,"Little Kitty, Big City",7,0.004
1349,229796,Madden NFL 19,7,0.004
1350,10004736,Mandragora: Whispers of the Witch Tree,7,0.004
1351,202697,Mega Man Legacy Collection,7,0.004
1352,10000771,Minecraft Legends,7,0.004
1353,209177,Mirror's Edge™ Catalyst,7,0.004
1354,10002216,Monopoly Madness,7,0.004
1355,229817,Moonlighter,7,0.004
1356,209608,Mount & Blade: Warband,7,0.004
1357,229659,MX vs. ATV Supercross Encore,7,0.004
1358,202600,MXGP - The Official Motocross Videogame,7,0.004
1359,227172,NARUTO SHIPPUDEN: Ultimate Ninja STORM 3 Full Burst,7,0.004
1360,202458,Neon TV,7,0.004
1361,10012997,NINJA GAIDEN 2 Black,7,0.004
1362,227431,Oddworld: Soulstorm,7,0.004
1363,233519,Party Panic,7,0.004
1364,203307,Peggle 2,7,0.004
1365,231796,Phoenix Wright: Ace Attorney Trilogy,7,0.004
1366,10005043,Pinball Heroes,7,0.004
1367,217710,Plague Inc: Evolved,7,0.004
1368,224929,Prey,7,0.004
1369,10002488,Primal Carnage: Evolution,7,0.004
1370,212880,Pro Evolution Soccer 2015,7,0.004
1371,10000367,Pummel Party,7,0.004
1372,10003812,Red Bull TV PS5,7,0.004
1373,10005142,Resident Evil Director’s Cut,7,0.004
1374,203706,RESOGUN™,7,0.004
1375,229851,RIDE 3,7,0.004
1376,10014077,RoboCop: Rogue City - Unfinished Business,7,0.004
1377,221751,Rugby League Live 4,7,0.004
1378,10008577,S.T.A.L.K.E.R.: Shadow of Chornobyl,7,0.004
1379,229323,Sakuna: Of Rice and Ruin,7,0.004
1380,10014026,Scott Pilgrim EX,7,0.004
1381,10000698,Scott Pilgrim vs. The World™: The Game – Complete Edition,7,0.004
1382,10004226,Sea of Stars: Sunset Edition,7,0.004
1383,10010183,Sengoku Dynasty,7,0.004
1384,10008251,SHINOBI: Art of Vengeance,7,0.004
1385,204293,Skullgirls 2nd Encore,7,0.004
1386,10010692,Sly 3: Honor Among Thieves™,7,0.004
1387,233238,Sniper Ghost Warrior Contracts,7,0.004
1388,10003849,Stranded: Alien Dawn,7,0.004
1389,10012979,Sudden Strike 5,7,0.004
1390,204042,Super Mega Baseball,7,0.004
1391,10002244,Tails of Iron,7,0.004
1392,10007988,Thank Goodness You're Here!,7,0.004
1393,204946,The Amazing Spider-Man 2™,7,0.004
1394,10001837,The Dark Pictures Anthology: House of Ashes,7,0.004
1395,10003342,THE HOUSE OF THE DEAD: Remake,7,0.004
1396,10014727,The Jackbox Party Pack 11,7,0.004
1397,10007284,The Walking Dead: Saints & Sinners,7,0.004
1398,205082,The Warriors,7,0.004
1399,10016368,Thomas & Friends™: Wonders of Sodor,7,0.004
1400,205050,torne®,7,0.004
1401,205065,TRANSFORMERS: Devastation,7,0.004
1402,10006507,Transport Fever 2: Console Edition,7,0.004
1403,10019997,Tricky doors,7,0.004
1404,232234,Truck Driver,7,0.004
1405,10008366,Twisted Metal,7,0.004
1406,10009766,UNBEATABLE,7,0.004
1407,10008102,"Warhammer 40,000: Rogue Trader",7,0.004
1408,10007597,We Were Here Expeditions: The FriendShip,7,0.004
1409,234709,Werewolf: The Apocalypse - Earthblood,7,0.004
1410,233979,WWE 2K20,7,0.004
1411,10013910,Yango Play,7,0.004
1412,205441,Yu-Gi-Oh! Legacy of the Duelist,7,0.004
1413,10015335,Achilles: Survivor,6,0.0034
1414,10007451,Amnesia: The Bunker,6,0.0034
1415,10004394,Ape Escape,6,0.0034
1416,231064,Bad North,6,0.0034
1417,216085,BLAZBLUE CENTRALFICTION,6,0.0034
1418,10012236,Blindfire,6,0.0034
1419,10002857,Bunny Raiders,6,0.0034
1420,10010756,Bus Bound,6,0.0034
1421,229453,Cat Quest,6,0.0034
1422,10015404,CATCH ME IF YOU CAN,6,0.0034
1423,10005446,COCOON,6,0.0034
1424,10003516,Crash Team Rumble™,6,0.0034
1425,10016956,Dark Hours,6,0.0034
1426,10014258,Darwin's Paradox!,6,0.0034
1427,10010892,Date Everything!,6,0.0034
1428,10011522,Dating Stories,6,0.0034
1429,221077,DEAD OR ALIVE 5 Last Round,6,0.0034
1430,10008876,Deer Hunting Camp,6,0.0034
1431,200943,Deus Ex: Mankind Divided™,6,0.0034
1432,227129,DiRT 4,6,0.0034
1433,10007630,Disney•Pixar Up,6,0.0034
1434,234454,DOOM 64,6,0.0034
1435,10013703,DUCKSIDE (Early Access),6,0.0034
1436,221097,DYNASTY WARRIORS 8 Empires,6,0.0034
1437,233450,DYSMANTLE,6,0.0034
1438,10019616,Ecchi Crush,6,0.0034
1439,235079,Fall Guys: Ultimate Knockout,6,0.0034
1440,10012303,FBC: Firebreak,6,0.0034
1441,10002342,FINAL FANTASY IV,6,0.0034
1442,232512,For The King,6,0.0034
1443,234278,Fury Unleashed,6,0.0034
1444,231711,Gear.Club Unlimited 2 Ultimate Edition,6,0.0034
1445,234646,Gigantosaurus The Game,6,0.0034
1446,10003965,Goat Simulator: Remastered,6,0.0034
1447,10014031,GORN 2,6,0.0034
1448,231092,Graveyard Keeper,6,0.0034
1449,10019613,Ground Zero Hero,6,0.0034
1450,10014870,Haste,6,0.0034
1451,232953,Hello Neighbor: Hide And Seek,6,0.0034
1452,10010803,Hyperspace Neptunia: Unlimited,6,0.0034
1453,230379,Jurassic World Evolution,6,0.0034
1454,232735,Kingdom: Two Crowns,6,0.0034
1455,10017478,KYOTO XANADU -the Blooming Phantom-,6,0.0034
1456,10009063,Legacy of Kain™ Soul Reaver 1&2 Remastered,6,0.0034
1457,10008306,Like a Dragon Gaiden: The Man Who Erased His Name PS4 & PS5,6,0.0034
1458,202533,LIMBO,6,0.0034
1459,10003548,Little League World Series Baseball 2022,6,0.0034
1460,10013643,Lokko,6,0.0034
1461,10004909,MADiSON,6,0.0034
1462,10017196,MAVRIX by Matt Jones,6,0.0034
1463,234651,Monster Energy Supercross - The Official Videogame 3,6,0.0034
1464,10000346,Monster Truck Championship,6,0.0034
1465,10013474,Monstrix TCG Card Shop,6,0.0034
1466,233375,MotoGP™19,6,0.0034
1467,10012017,My Little Universe,6,0.0034
1468,202963,NBA 2K15,6,0.0034
1469,10006032,Neon White,6,0.0034
1470,10008521,Neva,6,0.0034
1471,10003263,Nickelodeon Kart Racers 3: Slime Speedway,6,0.0034
1472,10004267,No More Heroes 3,6,0.0034
1473,10016008,Outbound,6,0.0034
1474,227401,OUTRIDERS,6,0.0034
1475,231374,Outward Definitive Edition,6,0.0034
1476,10004221,Persona 3 Portable,6,0.0034
1477,10002378,Persona 4 Arena Ultimax,6,0.0034
1478,10016617,Prison Escape Simulator,6,0.0034
1479,10009131,Puzzle Journey,6,0.0034
1480,232592,Realm Royale Reforged,6,0.0034
1481,10013999,RENNSPORT,6,0.0034
1482,10001348,Roguebook,6,0.0034
1483,213748,Saints Row: Gat out of Hell,6,0.0034
1484,10012598,Screamer,6,0.0034
1485,222426,Skylanders Imaginators,6,0.0034
1486,233255,Snooker 19,6,0.0034
1487,10003848,SpiderHeck,6,0.0034
1488,10019659,Splash of Color,6,0.0034
1489,10004699,Star Wars: Tales from the Galaxy's Edge - Enhanced Edition,6,0.0034
1490,10008959,Starship Troopers: Extermination,6,0.0034
1491,234606,Super Meat Boy Forever,6,0.0034
1492,10001956,Tactics Ogre: Reborn,6,0.0034
1493,10015436,Tanki Online,6,0.0034
1494,10016957,The Bus,6,0.0034
1495,204611,The Jackbox Party Pack,6,0.0034
1496,232851,The LEGO® Movie 2 - Videogame,6,0.0034
1497,232817,The Outer Worlds,6,0.0034
1498,227247,The Walking Dead: A New Frontier,6,0.0034
1499,204538,Thief,6,0.0034
1500,10010747,Tomb Raider: Legend,6,0.0034
1501,10002062,Tormented Souls,6,0.0034
1502,10008744,Tormented Souls 2,6,0.0034
1503,204996,TowerFall Ascension,6,0.0034
1504,10015587,Trippy Trader :  Schedule & Sell,6,0.0034
1505,10016006,TRUCK SIMULATOR US DRIVER,6,0.0034
1506,10005573,TT Isle Of Man: Ride on the Edge 3,6,0.0034
1507,10002475,TUNIC,6,0.0034
1508,10013707,Twisted Metal™ III,6,0.0034
1509,10003348,Ultra Foodmess,6,0.0034
1510,10010534,Ultra Kingdoms,6,0.0034
1511,205146,Unravel,6,0.0034
1512,229868,V-Rally 4,6,0.0034
1513,10007767,Vampire: The Masquerade® - Bloodlines™ 2,6,0.0034
1514,10004312,Venba,6,0.0034
1515,216757,Verdun,6,0.0034
1516,233226,Warhammer: Chaosbane,6,0.0034
1517,10001633,WE WERE HERE,6,0.0034
1518,227255,WIPEOUT™ OMEGA COLLECTION,6,0.0034
1519,213379,Worms Battlegrounds,6,0.0034
1520,10004880,Achilles: Legends Untold,5,0.0028
1521,206089,ALIENATION™,5,0.0028
1522,218739,ARCADE GAME SERIES: GALAGA,5,0.0028
1523,10002495,Arcadegeddon,5,0.0028
1524,10008622,Arizona Sunshine® VR 2,5,0.0028
1525,200137,Awesomenauts Assemble!,5,0.0028
1526,200355,Beach Buggy Racing,5,0.0028
1527,10008882,Breachers,5,0.0028
1528,10007376,Cactus Cowboy - Plants At War,5,0.0028
1529,10002921,Chernobylite Complete Edition,5,0.0028
1530,200740,Child of Light,5,0.0028
1531,10011925,Croc Legend of the Gobbos Platinum Edition,5,0.0028
1532,10005947,Daxter,5,0.0028
1533,10009074,Dead Rising Deluxe Remaster,5,0.0028
1534,201050,Deadpool,5,0.0028
1535,225086,Death Squared,5,0.0028
1536,234692,Deliver Us The Moon,5,0.0028
1537,10003868,Destroy All Humans! 2 - Reprobed,5,0.0028
1538,234453,DOOM 3,5,0.0028
1539,10012516,DreamWorks Gabby’s Dollhouse: Ready to Party,5,0.0028
1540,10014022,Drug Dealer Simulator 2,5,0.0028
1541,229001,DYNASTY WARRIORS 9,5,0.0028
1542,201314,EA SPORTS™ UFC®,5,0.0028
1543,10018902,Ecchi Secrets,5,0.0028
1544,10008320,Electrician Simulator,5,0.0028
1545,10004764,Elite Sports Gaming Football,5,0.0028
1546,225118,Euro Fishing,5,0.0028
1547,10012639,EVERYBODY'S GOLF HOT SHOTS,5,0.0028
1548,10002339,FINAL FANTASY,5,0.0028
1549,10002024,Fishing: North Atlantic,5,0.0028
1550,10017204,FLOCKOUT,5,0.0028
1551,10008663,FOD,5,0.0028
1552,10004499,Forever Skies,5,0.0028
1553,10014823,Full Stride,5,0.0028
1554,10009469,Funko Fusion,5,0.0028
1555,218240,Game of Thrones,5,0.0028
1556,10010717,Garten of Banban 2,5,0.0028
1557,10010517,GreedFall: The Dying World,5,0.0028
1558,10017062,Grind Survivors,5,0.0028
1559,234650,GRIS,5,0.0028
1560,10017346,Hacked: The Streamer,5,0.0028
1561,10004151,Harry Potter: Quidditch Champions,5,0.0028
1562,10009016,Heavy Cargo - The Truck Simulator,5,0.0028
1563,10003084,Hot Wheels® Rift Rally,5,0.0028
1564,202006,Hotline Miami,5,0.0028
1565,231863,Hotshot Racing,5,0.0028
1566,233011,HUMANITY,5,0.0028
1567,10000348,Hunting Simulator 2,5,0.0028
1568,10008038,I am an Air Traffic Controller AIRPORT HERO HANEDA,5,0.0028
1569,10017990,Is This Seat Taken?,5,0.0028
1570,10001289,Island Saver by NatWest,5,0.0028
1571,202184,Jak 3™,5,0.0028
1572,10000308,Jump King,5,0.0028
1573,10000328,KINGDOM HEARTS Melody of Memory,5,0.0028
1574,10001727,Kinopoisk,5,0.0028
1575,10000882,LACROSSE 26,5,0.0028
1576,232460,Legendary Fishing,5,0.0028
1577,202448,LEGO® STAR WARS™: The Force Awakens,5,0.0028
1578,10010519,LOLLIPOP CHAINSAW RePOP,5,0.0028
1579,202784,Madden NFL 17,5,0.0028
1580,202615,MAGICKA® 2,5,0.0028
1581,10005032,MediEvil Resurrection™,5,0.0028
1582,226459,Metro: Last Light Redux,5,0.0028
1583,10012994,Midnight Murder Club,5,0.0028
1584,10012399,Monster Train 2,5,0.0028
1585,10004098,MotoGP™22,5,0.0028
1586,10016908,Murky Divers,5,0.0028
1587,10010031,Mutant Football League 2,5,0.0028
1588,203143,NARUTO SHIPPUDEN: Ultimate Ninja STORM 2,5,0.0028
1589,209689,NBA 2K14,5,0.0028
1590,235325,NHL® 21,5,0.0028
1591,231120,NHL™ 19,5,0.0028
1592,234632,NHL™ 20,5,0.0028
1593,228792,Nidhogg 2,5,0.0028
1594,10009066,OCTOPATH TRAVELER PS4＆PS5,5,0.0028
1595,10010552,ONCE UPON A KATAMARI,5,0.0028
1596,10016642,Only Up 2025,5,0.0028
1597,10002601,Orcs Must Die! 3,5,0.0028
1598,233719,Overpass,5,0.0028
1599,203551,Persona 4: Dancing All Night,5,0.0028
1600,10000873,Pile Up! Box by Box,5,0.0028
1601,224933,Portal Knights,5,0.0028
1602,10005587,POSTAL 4: No Regerts,5,0.0028
1603,10006226,Professional Baseball Spirits 2024-2025,5,0.0028
1604,203576,Project CARS,5,0.0028
1605,10019762,Puzzle Piecer: The Joys of Spring,5,0.0028
1606,10005398,Puzzle Quest 3: Match 3 RPG,5,0.0028
1607,203654,Rabbids Invasion: The Interactive TV Show,5,0.0028
1608,223057,Rad TV,5,0.0028
1609,232113,Resident Evil 0,5,0.0028
1610,10002472,RMC Sport,5,0.0028
1611,203761,Rocksmith 2014,5,0.0028
1612,233755,Rugby 20,5,0.0028
1613,220657,Rugby League Live 3,5,0.0028
1614,10008579,S.T.A.L.K.E.R.: Call of Prypiat,5,0.0028
1615,10003231,Salt and Sacrifice,5,0.0028
1616,204506,Serious Sam Collection,5,0.0028
1617,10018077,Slots & Daggers,5,0.0028
1618,216394,Sniper Ghost Warrior 3,5,0.0028
1619,10013240,Soulstone Survivors,5,0.0028
1620,231370,Spike Volleyball,5,0.0028
1621,204187,Stan,5,0.0028
1622,234657,STAR WARS™: Squadrons,5,0.0028
1623,227469,Stellaris: Console Edition,5,0.0028
1624,10013900,Styx: Blades of Greed,5,0.0028
1625,10016308,Subway Simulator 2025 - City Train,5,0.0028
1626,10015730,Super Meat Boy 3D,5,0.0028
1627,10001020,Swordsman VR,5,0.0028
1628,10010906,Tales of Berseria Remastered,5,0.0028
1629,10012498,TCG Card Market Simulator,5,0.0028
1630,225780,TERA,5,0.0028
1631,10003938,TERAVIT,5,0.0028
1632,10001332,Terminator: Resistance Enhanced,5,0.0028
1633,233747,The Fisherman - Fishing Planet,5,0.0028
1634,10003120,The Jackbox Party Pack 8,5,0.0028
1635,10017931,The King is Watching,5,0.0028
1636,10003392,THE KING OF FIGHTERS '98 ULTIMATE MATCH FINAL EDITION,5,0.0028
1637,211864,THE KING OF FIGHTERS XIV,5,0.0028
1638,10011796,The Outer Worlds 2,5,0.0028
1639,10003658,Tiny Tina's Assault on Dragon Keep: A Wonderlands One-shot Adventure,5,0.0028
1640,230059,Trine 4: The Nightmare Prince,5,0.0028
1641,226957,Trine Enchanted Edition,5,0.0028
1642,205194,Valiant Hearts: The Great War,5,0.0028
1643,10004601,Videoland,5,0.0028
1644,10009826,Voidtrain,5,0.0028
1645,10016640,"Warhammer 40,000: Speed Freeks",5,0.0028
1646,10002172,Wayfinder,5,0.0028
1647,10013208,Weed Lord Simulator,5,0.0028
1648,10005161,WILD HEARTS™,5,0.0028
1649,232887,Wolfenstein: Youngblood,5,0.0028
1650,234734,WWE 2K Battlegrounds,5,0.0028
1651,205457,Yle Areena,5,0.0028
1652,10014949,20th Century Beauties,4,0.0023
1653,10019715,AA Truck Simulator Euro Roads 2026,4,0.0023
1654,10010964,AAA Dynamic Scenes,4,0.0023
1655,10004810,Ape Escape Academy,4,0.0023
1656,10002864,Are You Smarter Than A 5th Grader?,4,0.0023
1657,227097,Arizona Sunshine®,4,0.0023
1658,10009596,Arken Age,4,0.0023
1659,10005402,Asterix & Obelix XXXL : The Ram From Hibernia,4,0.0023
1660,232792,Bendy and the Ink Machine,4,0.0023
1661,227092,BERSERK and the Band of the Hawk,4,0.0023
1662,10001906,Big Rumble Boxing: Creed Champions,4,0.0023
1663,10013958,BlazBlue Entropy Effect X,4,0.0023
1664,10003362,Chained Echoes,4,0.0023
1665,10007905,Chants of Sennaar,4,0.0023
1666,231069,Children of Morta,4,0.0023
1667,10008639,Choo-Choo Charles,4,0.0023
1668,10009174,Clue,4,0.0023
1669,234544,CONTRA: ROGUE CORPS,4,0.0023
1670,10004142,CRISIS CORE –FINAL FANTASY VII– REUNION　PS4 & PS5,4,0.0023
1671,232307,Croc's World,4,0.0023
1672,233991,Croc's World 2,4,0.0023
1673,10005251,Cuties Hacked: Oh no someone stole my photos!,4,0.0023
1674,10006464,Dark Deception,4,0.0023
1675,232726,Dawn of Man,4,0.0023
1676,207297,Digimon World: Next Order,4,0.0023
1677,216966,Disc Jam™,4,0.0023
1678,10010701,DRAGON QUEST I & II HD-2D Remake,4,0.0023
1679,10008016,DreamWorks All-Star Kart Racing,4,0.0023
1680,221177,DYNASTY WARRIORS 8: Xtreme Legends Complete Edition,4,0.0023
1681,10001655,ENDER LILIES: Quietus of the Knights,4,0.0023
1682,10001440,Endling - Extinction is Forever,4,0.0023
1683,10013482,FANTASY LIFE i: The Girl Who Steals Time,4,0.0023
1684,10003269,Far Cry® 3 Blood Dragon Classic Edition,4,0.0023
1685,216213,Farming Simulator 17,4,0.0023
1686,10011662,Fears to Fathom - Ironbark Lookout,4,0.0023
1687,216211,Firewatch,4,0.0023
1688,10013438,Five Hearts Under One Roof,4,0.0023
1689,227117,FlatOut 4: Total Insanity,4,0.0023
1690,10012989,Fool's Pub,4,0.0023
1691,10004729,Football Manager 2023 Console,4,0.0023
1692,10014515,Forgive Me Father 2,4,0.0023
1693,10007755,FRONT MISSION 1st: Remake,4,0.0023
1694,10014230,Gex Trilogy,4,0.0023
1695,10002507,Ghostbusters: Spirits Unleashed Ecto Edition,4,0.0023
1696,10005240,Gloomhaven,4,0.0023
1697,10013375,Gorilla Attack,4,0.0023
1698,235154,GORN,4,0.0023
1699,201946,Grand Theft Auto 3,4,0.0023
1700,226357,Gravity Rush™ Remastered,4,0.0023
1701,201769,Guitar Hero Live,4,0.0023
1702,10009582,Halloween Puzzle,4,0.0023
1703,10008404,Have a Nice Death,4,0.0023
1704,10002182,HAWKED,4,0.0023
1705,201902,HEAVY RAIN™,4,0.0023
1706,202013,HELLDIVERS™,4,0.0023
1707,10004604,Hot Shots Golf 2,4,0.0023
1708,10009076,Hot Wheels Monster Trucks: Stunt Mayhem™,4,0.0023
1709,10001919,Hotel Transylvania: Scary-Tale Adventures,4,0.0023
1710,10007325,HUNTER×HUNTER NEN×IMPACT,4,0.0023
1711,201927,Hustle Kings™,4,0.0023
1712,10016411,Hydroneer,4,0.0023
1713,10005547,Infinity Strash: DRAGON QUEST The Adventure of Dai PS4 & PS5,4,0.0023
1714,10009434,iQIYI,4,0.0023
1715,10002709,Isonzo,4,0.0023
1716,202214,Jak and Daxter™: the Precursor Legacy,4,0.0023
1717,202276,Journey,4,0.0023
1718,10000642,Just Dance 2021,4,0.0023
1719,231088,Kingdom: New Lands,4,0.0023
1720,10000646,Knockout City™,4,0.0023
1721,10012547,Kynseed,4,0.0023
1722,10011346,LEGO® Voyagers,4,0.0023
1723,10013938,Life is Strange: Reunion,4,0.0023
1724,10004480,Like a Dragon: Ishin! PS4 & PS5,4,0.0023
1725,10017396,Loan Shark,4,0.0023
1726,202936,Marvel Ultimate Alliance,4,0.0023
1727,202934,Marvel Ultimate Alliance 2,4,0.0023
1728,227873,Mega Man Legacy Collection 2,4,0.0023
1729,231531,Mega Man X Legacy Collection 2,4,0.0023
1730,202861,METAL GEAR SOLID V: GROUND ZEROES,4,0.0023
1731,225265,MLB® The Show™ 17,4,0.0023
1732,10000430,Monster Jam Steel Titans 2,4,0.0023
1733,10000294,MotoGP™20,4,0.0023
1734,10001934,MotoGP™21,4,0.0023
1735,224887,My Name is Mayo,4,0.0023
1736,10019822,New York Mysteries 1: Secrets of the Mafia,4,0.0023
1737,227170,NHL™ 18,4,0.0023
1738,232995,Ni no Kuni Wrath of the White Witch™ Remastered,4,0.0023
1739,228797,Ni no Kuni™ II: Revenant Kingdom,4,0.0023
1740,10001133,NOBUNAGA'S AMBITION: Awakening,4,0.0023
1741,10014094,OCTOPATH TRAVELER 0 PS4 & PS5,4,0.0023
1742,203521,PaRappa the Rapper™ 2,4,0.0023
1743,231932,Persona 3: Dancing in Moonlight,4,0.0023
1744,10013625,Piece Out,4,0.0023
1745,232759,PIPE,4,0.0023
1746,10007967,Pizza Possum,4,0.0023
1747,203250,Puyo Puyo™ Tetris®,4,0.0023
1748,10005715,Quake II,4,0.0023
1749,234774,ReadySet Heroes,4,0.0023
1750,206272,Resident Evil Origins Collection,4,0.0023
1751,203782,RIDE,4,0.0023
1752,222873,Ride 2,4,0.0023
1753,10005097,Ridge Racer 2,4,0.0023
1754,10003593,Road 96,4,0.0023
1755,10005299,Rollerdrome,4,0.0023
1756,10008428,Romancing SaGa 2: Revenge of the Seven - PS4&PS5,4,0.0023
1757,10002870,Rune Factory 4 Special,4,0.0023
1758,10001263,SAMURAI WARRIORS 5,4,0.0023
1759,204311,Skylanders™ SuperChargers,4,0.0023
1760,10008767,Smalland: Survive the Wilds,4,0.0023
1761,10008055,SOUTH PARK: SNOW DAY!,4,0.0023
1762,227988,Space Hulk: Deathwing,4,0.0023
1763,10010584,STAR WARS The Clone Wars,4,0.0023
1764,10000469,STAR WARS™ REPUBLIC COMMANDO™,4,0.0023
1765,10002035,STORY OF SEASONS: Friends of Mineral Town,4,0.0023
1766,10004292,Suikoden I&II HD Remaster Gate Rune and Dunan Unification Wars,4,0.0023
1767,232076,SUPER BOMBERMAN R,4,0.0023
1768,233784,Surviving the Aftermath,4,0.0023
1769,228859,SWORD ART ONLINE: FATAL BULLET,4,0.0023
1770,216398,SWORD ART ONLINE: HOLLOW REALIZATION,4,0.0023
1771,10004816,SYNDUALITY Echo of Ada,4,0.0023
1772,10004603,Syphon Filter 2,4,0.0023
1773,10009530,Tainted Grail: Fall of Avalon,4,0.0023
1774,234574,Tannenberg,4,0.0023
1775,231750,TerraTech,4,0.0023
1776,233248,The Ascent,4,0.0023
1777,234226,The Jackbox Party Pack 6,4,0.0023
1778,231467,THE KING OF FIGHTERS '97 GLOBAL MATCH,4,0.0023
1779,10006285,The Mortuary Assistant,4,0.0023
1780,227521,The Seven Deadly Sins　Knights of Britannia,4,0.0023
1781,10008113,The Walking Dead: Destinies,4,0.0023
1782,204868,The Walking Dead: Season 1,4,0.0023
1783,232129,The Walking Dead: The Final Season,4,0.0023
1784,227245,Titan Quest,4,0.0023
1785,233225,TOKYO GHOUL:re CALL to EXIST,4,0.0023
1786,10003309,Tourist Bus Simulator,4,0.0023
1787,10011514,TRAIL OUT,4,0.0023
1788,10008114,Train Sim World® 4,4,0.0023
1789,10007968,Trepang2,4,0.0023
1790,10007533,Trine 5: A Clockwork Conspiracy,4,0.0023
1791,234779,TT Isle of Man - Ride on the Edge 2,4,0.0023
1792,10000778,TUROK,4,0.0023
1793,10005045,UNDER NIGHT IN-BIRTH II Sys:Celes,4,0.0023
1794,10007299,Waltz of the Wizard,4,0.0023
1795,10001701,"Warhammer 40,000: Battlesector",4,0.0023
1796,231180,"Warhammer 40,000: Inquisitor - Martyr",4,0.0023
1797,10016893,Wheelie Life Simulator,4,0.0023
1798,233787,WRC 8 FIA World Rally Championship,4,0.0023
1799,221809,Ys VIII: Lacrimosa of DANA,4,0.0023
1800,219818,テイルズ オブ ベルセリア,4,0.0023
1801,228712,デジモンストーリー サイバースルゥース ハッカーズメモリー,4,0.0023
1802,201415,地球防衛軍４.１ THE SHADOW OF NEW DESPAIR,4,0.0023
1803,10014524,1000xRESIST,3,0.0017
1804,10008505,A Castle Full of Cats,3,0.0017
1805,200008,ABC iview,3,0.0017
1806,221659,ABZU,3,0.0017
1807,10007306,Aces of Thunder,3,0.0017
1808,231468,Adventure Time: Pirates of the Enchiridion,3,0.0017
1809,10006488,AI LIMIT,3,0.0017
1810,10002040,Amazon Freevee,3,0.0017
1811,206071,America's Army: Proving Grounds,3,0.0017
1812,10001119,ANNO: Mutationem,3,0.0017
1813,232557,Anthem™,3,0.0017
1814,10006481,Ape Escape: On the Loose,3,0.0017
1815,10006390,Apollo Justice: Ace Attorney Trilogy,3,0.0017
1816,10001021,Aragami 2,3,0.0017
1817,222943,Atari Flashback Classics vol.1,3,0.0017
1818,10005432,Atelier Ryza 3: Alchemist of the End & the Secret Key,3,0.0017
1819,10007896,Atomfall,3,0.0017
1820,10003777,Autobahn Police Simulator 3,3,0.0017
1821,224815,Battle Chasers: Nightwar,3,0.0017
1822,222086,Battle Islands: Commanders,3,0.0017
1823,10004887,BBC Sounds,3,0.0017
1824,10006221,Bendy and the Dark Revival,3,0.0017
1825,206234,Big City Stories,3,0.0017
1826,229723,BLAZBLUE CROSS TAG BATTLE,3,0.0017
1827,234047,Blood & Truth,3,0.0017
1828,10011646,Blood Omen 2: Legacy of Kain,3,0.0017
1829,227087,Bloons TD 5,3,0.0017
1830,10017140,BLUE REFLECTION Quartet,3,0.0017
1831,10007683,Brothers: A Tale of Two Sons Remake,3,0.0017
1832,10009607,Bum Simulator,3,0.0017
1833,10011929,Bus Driving Simulator : EVO,3,0.0017
1834,216117,Call of Cthulhu,3,0.0017
1835,232069,Capcom Beat 'Em Up Bundle,3,0.0017
1836,10004083,Capcom Fighting Collection,3,0.0017
1837,10015782,Cappuccino Assassino Shooter,3,0.0017
1838,10013255,Car For Sale Simulator 2023,3,0.0017
1839,10008032,Cartel Tycoon,3,0.0017
1840,10017579,City Transport Simulator 2026,3,0.0017
1841,10000300,Cobra Kai: The Karate Kid Saga Continues,3,0.0017
1842,10012616,Coffee Talk Tokyo,3,0.0017
1843,233628,Concrete Genie,3,0.0017
1844,234421,Contra Anniversary Collection,3,0.0017
1845,10001366,Cooking Simulator,3,0.0017
1846,10009136,Copycat,3,0.0017
1847,10004600,Cosmonious High,3,0.0017
1848,10016135,Creepy Shift: Uncle Joe’s Motel,3,0.0017
1849,10003601,Cricket 22,3,0.0017
1850,10011097,Daemon X Machina: Titanic Scion,3,0.0017
1851,207135,Danganronpa 1.2 RELOAD,3,0.0017
1852,223088,Danganronpa V3: Killing Harmony,3,0.0017
1853,201189,Dark Cloud™,3,0.0017
1854,225577,Dead Rising,3,0.0017
1855,227309,Dead Rising 4: Frank's Big Package,3,0.0017
1856,10003808,Death's Door,3,0.0017
1857,222248,Destroy All Humans!,3,0.0017
1858,216178,DiRT Rally,3,0.0017
1859,228706,DISSIDIA FINAL FANTASY NT,3,0.0017
1860,10002854,DNF Duel,3,0.0017
1861,216182,Downwell,3,0.0017
1862,230137,Dragon's Crown Pro,3,0.0017
1863,231073,DRAGON QUEST BUILDERS 2,3,0.0017
1864,10008165,EARTH DEFENSE FORCE: WORLD BROTHERS 2,3,0.0017
1865,235147,Educational Games for Kids,3,0.0017
1866,10001730,Embr,3,0.0017
1867,10002162,ENDLESS™ Dungeon - Definitive Edition,3,0.0017
1868,201386,Entwined™,3,0.0017
1869,10017550,Escape - Backrooms Horror VR,3,0.0017
1870,10004502,Escape Academy,3,0.0017
1871,10003128,Evil Genius 2: World Domination,3,0.0017
1872,201268,Evolve,3,0.0017
1873,233566,Fantasy Strike,3,0.0017
1874,201645,Farming Simulator 15,3,0.0017
1875,10002340,FINAL FANTASY II,3,0.0017
1876,232285,Fishing Sim World,3,0.0017
1877,235192,Five Nights at Freddy's 3,3,0.0017
1878,10012804,Formula Legends,3,0.0017
1879,10008442,Frostpunk 2,3,0.0017
1880,10010730,Garten of Banban 4,3,0.0017
1881,233875,Ghostbusters: The Video Game Remastered,3,0.0017
1882,201731,GOD EATER RESURRECTION,3,0.0017
1883,232599,GOD EATER™ 3,3,0.0017
1884,201722,GODZILLA,3,0.0017
1885,233031,GreedFall,3,0.0017
1886,232889,Gun Club VR,3,0.0017
1887,201828,GUNDAM BREAKER 3 BREAK EDITION,3,0.0017
1888,201784,GUNS UP!™,3,0.0017
1889,231915,Guts and Glory,3,0.0017
1890,10013883,Halls of Torment,3,0.0017
1891,10000379,Harvest Moon: One World,3,0.0017
1892,201916,Hasbro Family Fun Pack,3,0.0017
1893,10008685,Hi-Fi RUSH,3,0.0017
1894,10017580,House Flipper Remastered Collection,3,0.0017
1895,232537,Idle Champions,3,0.0017
1896,10007419,In Stars and Time,3,0.0017
1897,233445,ivi,3,0.0017
1898,202211,J-STARS Victory VS+,3,0.0017
1899,10007600,Jak and Daxter: The Lost Frontier,3,0.0017
1900,10015901,JOYN. Österreichs SuperStreamer,3,0.0017
1901,10002813,Just Dance® 2022,3,0.0017
1902,10003980,Kao the Kangaroo,3,0.0017
1903,10006484,Killzone: Liberation,3,0.0017
1904,10008416,Kingdoms and Castles,3,0.0017
1905,207894,Kitten Squad,3,0.0017
1906,234273,Knives Out,3,0.0017
1907,10004074,Lady in a Leotard With a Gun,3,0.0017
1908,10012698,Legacy of Kain: Defiance PS4 & PS5,3,0.0017
1909,10016155,Legacy of Kain: Defiance Remastered,3,0.0017
1910,10004343,LEGO® Brawls,3,0.0017
1911,10000661,Little Big Workshop,3,0.0017
1912,227869,LocoRoco™ 2 Remastered,3,0.0017
1913,10009580,Looney Tunes: Wacky World of Sports,3,0.0017
1914,216344,Lovers in a Dangerous Spacetime,3,0.0017
1915,216665,LUMINES REMASTERED,3,0.0017
1916,216719,Madden NFL 18,3,0.0017
1917,218717,Mahjong,3,0.0017
1918,10018003,MARVEL MaXimum Collection,3,0.0017
1919,10001408,Matchpoint - Tennis Championships,3,0.0017
1920,10016383,Mega Man Star Force Legacy Collection,3,0.0017
1921,10008007,METAL SLUG ATTACK RELOADED,3,0.0017
1922,10009509,Metro Awakening,3,0.0017
1923,10004571,Might & Magic: Clash of Heroes - Definitive Edition,3,0.0017
1924,202665,Mighty No. 9,3,0.0017
1925,229436,Minecraft: Story Mode Season 2,3,0.0017
1926,231334,Minefield,3,0.0017
1927,10014632,Monopoly: Star Wars™ Heroes vs. Villains,3,0.0017
1928,10017247,Moss: The Forgotten Relic,3,0.0017
1929,221733,Moto Racer 4,3,0.0017
1930,10018133,MOTORSLICE,3,0.0017
1931,221929,MXGP2 - The Official Motocross Videogame,3,0.0017
1932,231815,MY HERO ONE’S JUSTICE,3,0.0017
1933,10020204,New York Mysteries 3: The Lantern of Souls,3,0.0017
1934,10003749,NHRA Championship Drag Racing: Speed For All,3,0.0017
1935,10008849,Nikoderiko: The Magical World - Director's Cut,3,0.0017
1936,10020374,No More Slimes!!,3,0.0017
1937,10004284,Nun Massacre,3,0.0017
1938,216640,ŌKAMI HD,3,0.0017
1939,229543,One Piece Unlimited World Red Deluxe Edition,3,0.0017
1940,231375,ONE PIECE WORLD SEEKER,3,0.0017
1941,234384,ONE PUNCH MAN: A HERO NOBODY KNOWS,3,0.0017
1942,231377,Onimusha: Warlords,3,0.0017
1943,230008,ONRUSH™,3,0.0017
1944,10004662,Opus Castle,3,0.0017
1945,228148,PaRappa The Rapper™ Remastered,3,0.0017
1946,10006011,Peppa Pig: World Adventures,3,0.0017
1947,231945,Persona 5: Dancing in Starlight,3,0.0017
1948,232732,Pillars of Eternity 2 Deadfire,3,0.0017
1949,203710,RaceTheSun,3,0.0017
1950,10003684,Ragnarock,3,0.0017
1951,230239,Red Faction Guerrilla Re-Mars-tered,3,0.0017
1952,231129,Remnant: From the Ashes,3,0.0017
1953,10006133,Return To Monkey Island,3,0.0017
1954,10008592,Richman 11,3,0.0017
1955,210671,RISK URBAN ASSAULT,3,0.0017
1956,10017410,Rival Stars Horse Racing,3,0.0017
1957,10016280,RollerCoaster Tycoon Classic,3,0.0017
1958,234917,Romance of the Three Kingdoms XIV,3,0.0017
1959,234364,Rugby Challenge 4,3,0.0017
1960,204445,Saint Seiya: Soldiers' Soul,3,0.0017
1961,235097,SCARLET NEXUS,3,0.0017
1962,10005173,Scorn,3,0.0017
1963,10007598,Secret Agent Clank,3,0.0017
1964,204263,Shadow Warrior,3,0.0017
1965,10011189,Shieldwall,3,0.0017
1966,229530,Shining Resonance Refrain,3,0.0017
1967,10014385,Skate Story,3,0.0017
1968,204305,Slender - The Arrival,3,0.0017
1969,204338,Sniper Elite V2 Remastered,3,0.0017
1970,10013019,Solarpunk,3,0.0017
1971,10008805,Solasta: Crown of the Magister,3,0.0017
1972,10007617,Somerville,3,0.0017
1973,10001070,Soul Hackers 2,3,0.0017
1974,235107,Spellbreak,3,0.0017
1975,10002764,Spellfarers,3,0.0017
1976,10014966,Star Trek™: Voyager® - Across the Unknown,3,0.0017
1977,10004922,STAR WARS Rebel Assault II - The Hidden Empire,3,0.0017
1978,10008369,STAR WARS™: Dark Forces Remaster,3,0.0017
1979,231957,Starlink: Battle for Atlas™,3,0.0017
1980,10002585,STRANGER OF PARADISE FINAL FANTASY ORIGIN PS4 & PS5,3,0.0017
1981,10001292,Stubbs the Zombie in Rebel Without a Pulse,3,0.0017
1982,10013169,Subside,3,0.0017
1983,231422,Suicide Guy,3,0.0017
1984,10007890,SULFUR,3,0.0017
1985,10000952,Super Monkey Ball Banana Mania,3,0.0017
1986,230315,SUPERHOT VR,3,0.0017
1987,10001404,Syberia - The World Before,3,0.0017
1988,10005946,Syphon Filter 3,3,0.0017
1989,10004652,Syphon Filter: Dark Mirror,3,0.0017
1990,10004651,Syphon Filter: Logan's Shadow,3,0.0017
1991,10009737,Tales of Graces f Remastered,3,0.0017
1992,231984,Tales of Vesperia: Definitive Edition,3,0.0017
1993,10001170,Temtem,3,0.0017
1994,10011758,Tennis Elbow 4,3,0.0017
1995,10012469,Terminator 2D: NO FATE,3,0.0017
1996,10019061,The 7th Guest Remake,3,0.0017
1997,204613,The Jackbox Party Pack 2,3,0.0017
1998,228852,The Jackbox Party Pack 4,3,0.0017
1999,10004971,The Jackbox Party Starter,3,0.0017
2000,219727,The King of Fighters ’98 Ultimate Match,3,0.0017
2001,10005554,The Last Faith,3,0.0017
2002,231876,THE LAST REMNANT Remastered,3,0.0017
2003,10003338,The Last Stand: Aftermath,3,0.0017
2004,231981,The Legend of Heroes: Trails of Cold Steel,3,0.0017
2005,233517,The Messenger,3,0.0017
2006,10009456,The Oregon Trail,3,0.0017
2007,10004825,The Outer Worlds: Spacer's Choice Edition,3,0.0017
2008,232681,The Sinking City,3,0.0017
2009,10002353,The Smurfs - Mission Vileaf,3,0.0017
2010,10017532,The Spell Brigade,3,0.0017
2011,232357,The Surge 2,3,0.0017
2012,217462,The Technomancer,3,0.0017
2013,10005089,The Walking Dead: Saints & Sinners - Chapter 2: Retribution,3,0.0017
2014,204873,The Walking Dead: Season 2,3,0.0017
2015,211871,The Witness,3,0.0017
2016,204740,This War of Mine: The Little Ones,3,0.0017
2017,10003778,Thymesia,3,0.0017
2018,10010194,Ticket to Ride®,3,0.0017
2019,10018629,Tower Dominion,3,0.0017
2020,10008499,TRANSFORMERS: Galactic Trials,3,0.0017
2021,10013081,Truck Simulator 25: Euro Driver,3,0.0017
2022,213305,Twisted Metal™: Black,3,0.0017
2023,10003373,Ultros,3,0.0017
2024,209764,Umbrella Corps,3,0.0017
2025,232743,Unturned,3,0.0017
2026,232369,Vacation Simulator,3,0.0017
2027,10015221,Virtua Fighter 5 R.E.V.O. World Stage,3,0.0017
2028,10000743,Virtua Fighter 5 Ultimate Showdown,3,0.0017
2029,10004639,Warhammer Age of Sigmar: Realms of Ruin,3,0.0017
2030,228890,We Happy Few,3,0.0017
2031,10016689,Weeb Store Simulator: Supermarket Together,3,0.0017
2032,211984,What Remains of Edith Finch,3,0.0017
2033,231177,Wizard of Legend,3,0.0017
2034,205500,WORLD OF FINAL FANTASY,3,0.0017
2035,10004899,Worms Armageddon [PS1 Emulation],3,0.0017
2036,10000898,Worms Rumble,3,0.0017
2037,205372,WRC 5 FIA World Rally Championship,3,0.0017
2038,221803,WRC 6 FIA World Rally Championship,3,0.0017
2039,205235,WWE 2K15,3,0.0017
2040,213360,WWE 2K16,3,0.0017
2041,217727,WWE 2K17,3,0.0017
2042,229397,WWE 2K18,3,0.0017
2043,205421,YAKUZA 3,3,0.0017
2044,10007199,Ys X: Nordics,3,0.0017
2045,205520,Zen Pinball 2,3,0.0017
2046,205514,ZOMBI,3,0.0017
2047,235035,妖怪ウォッチ4++,3,0.0017
2048,217754,龍が如く６　命の詩。,3,0.0017
2049,10007288,[REDACTED],2,0.0011
2050,10000311,60 Parsecs!,2,0.0011
2051,10017381,70s-style Robot Anime Geppy-X,2,0.0011
2052,227272,8-Bit Armies,2,0.0011
2053,10005843,A Space for the Unbound,2,0.0011
2054,204732,ACA NEOGEO THE KING OF FIGHTERS '98,2,0.0011
2055,10004716,Ad Infinitum,2,0.0011
2056,10005823,AFL 23,2,0.0011
2057,216814,AFL Evolution,2,0.0011
2058,10004957,Age of Wonders 4,2,0.0011
2059,232658,Age of Wonders: Planetfall,2,0.0011
2060,227289,Air Force Special Ops: Nightfall,2,0.0011
2061,10019019,Akatori,2,0.0011
2062,10017679,AKIBA LOST,2,0.0011
2063,10000812,ALEX KIDD IN MIRACLE WORLD DX,2,0.0011
2064,10008115,AMAZE!,2,0.0011
2065,10007732,Ambulance Life: A Paramedic Simulator,2,0.0011
2066,221671,Amnesia Collection,2,0.0011
2067,206063,AmongtheSleep,2,0.0011
2068,233418,Ancestors Legacy,2,0.0011
2069,10019115,Aooni,2,0.0011
2070,10006482,Ape Academy 2,2,0.0011
2071,200006,Ape Escape™ 2,2,0.0011
2072,10015356,Asterix & Obelix - Mission Babylon,2,0.0011
2073,10000621,Asterix & Obelix XXL: Romastered,2,0.0011
2074,234766,Asterix & Obelix XXL3,2,0.0011
2075,200172,Atom Universe,2,0.0011
2076,10002739,Autonauts,2,0.0011
2077,10008588,Baby Steps,2,0.0011
2078,10012988,Bad Cheese,2,0.0011
2079,228048,Baja: Edge of Control HD,2,0.0011
2080,234612,Baldo,2,0.0011
2081,10002902,Baldur's Gate: Dark Alliance,2,0.0011
2082,10005387,Baldur's Gate: Dark Alliance II,2,0.0011
2083,10003246,BarBarQ 2,2,0.0011
2084,10011309,Barbie™ Horse Trails,2,0.0011
2085,10002849,Battle Brothers,2,0.0011
2086,10002398,Beach Buggy Racing 2: Island Adventure,2,0.0011
2087,10013480,Bendy and the Dark Revival,2,0.0011
2088,10019278,Birds Watching,2,0.0011
2089,10004931,BlackJackWorldTour,2,0.0011
2090,200510,Blacklight: Retribution,2,0.0011
2091,233098,Blazing Chrome,2,0.0011
2092,228679,Bloodstained: Ritual of the Night,2,0.0011
2093,10005428,Bocce,2,0.0011
2094,200553,Bombing Busters,2,0.0011
2095,10016753,Bootstrap Island,2,0.0011
2096,10015885,Br Br Patapim,2,0.0011
2097,10010247,Bratz® Rhythm & Style,2,0.0011
2098,10005336,Bratz™: Flaunt Your Fashion,2,0.0011
2099,10016621,Bubsy 4D,2,0.0011
2100,10013226,Bug-o-Buster,2,0.0011
2101,10012788,Buildozer Simulator,2,0.0011
2102,228068,Bulletstorm: Full Clip Edition,2,0.0011
2103,10000839,BUS DRIVER SIMULATOR,2,0.0011
2104,10000938,Call of The Sea,2,0.0011
2105,10018040,Campfire Of Oasis: The Story,2,0.0011
2106,232878,Carnival Games®,2,0.0011
2107,10002499,Castlevania Advance Collection,2,0.0011
2108,10014820,Cat From Hell,2,0.0011
2109,10000445,Catch: Carp & Coarse Fishing,2,0.0011
2110,10013706,Cave Crave,2,0.0011
2111,10007543,Celebrities Hacked,2,0.0011
2112,10001709,Chef Life: A Restaurant Simulator,2,0.0011
2113,10008804,CityDriver,2,0.0011
2114,216101,Claro Video,2,0.0011
2115,10018883,CleanSheet Soccer 2,2,0.0011
2116,10013398,Collectible Card Shop Master,2,0.0011
2117,10010232,CONSCRIPT,2,0.0011
2118,10009042,Cooking Simulator VR,2,0.0011
2119,200808,CounterSpy™,2,0.0011
2120,10001681,Crave,2,0.0011
2121,227109,Crawl,2,0.0011
2122,10005891,Crossfire: Sierra Squad,2,0.0011
2123,10008704,Cry Babies Magic Tears: The Big Game,2,0.0011
2124,10007151,CRYMACHINA,2,0.0011
2125,10000351,Crysis 2 Remastered,2,0.0011
2126,10000563,Curse of the Dead Gods,2,0.0011
2127,227688,Darksiders III,2,0.0011
2128,234818,Daymare 1998,2,0.0011
2129,229908,de Blob,2,0.0011
2130,10012827,Dead Land: Polygon VR,2,0.0011
2131,216159,DEAD OR ALIVE Xtreme 3 Fortune,2,0.0011
2132,233350,DEAD OR ALIVE Xtreme 3 Scarlet,2,0.0011
2133,10013899,Dead Reset,2,0.0011
2134,212419,Dead Rising 2: Off The Record,2,0.0011
2135,228997,Death end re;Quest,2,0.0011
2136,232511,Death Mark,2,0.0011
2137,225123,Death Road to Canada,2,0.0011
2138,10004750,Destroy All Humans! Clone Carnage,2,0.0011
2139,10000178,Destruction AllStars,2,0.0011
2140,232350,Digimon Survive,2,0.0011
2141,201022,Disney Infinity [2.0],2,0.0011
2142,10007631,Disney•Pixar Buzz Lightyear of Star Command,2,0.0011
2143,228711,DJMAX RESPECT,2,0.0011
2144,10010640,Docked,2,0.0011
2145,233182,Door Kickers: Action Squad,2,0.0011
2146,10001034,Dragon Marked For Death,2,0.0011
2147,207049,DRAGON QUEST BUILDERS,2,0.0011
2148,10010360,Dragonkin: The Banished,2,0.0011
2149,10009975,Drift Racing Madness,2,0.0011
2150,232278,Drift Zone,2,0.0011
2151,10011397,Dropship: United Peace Force,2,0.0011
2152,229931,Drunkn Bar Fight,2,0.0011
2153,10019343,Dungeon Antiqua,2,0.0011
2154,10016953,Dungeon Clawler,2,0.0011
2155,10001407,DYNASTY WARRIORS 9 Empires,2,0.0011
2156,232625,EARTH DEFENSE FORCE: IRON RAIN,2,0.0011
2157,10001019,EARTH DEFENSE FORCE: WORLD BROTHERS,2,0.0011
2158,10011381,Easy Red 2,2,0.0011
2159,10005031,echoshift,2,0.0011
2160,10002570,Eldest Souls,2,0.0011
2161,10011030,Ember Knights: Heroes of the Nexus Edition,2,0.0011
2162,217065,Emily Wants To Play,2,0.0011
2163,231838,Emily Wants to Play Too,2,0.0011
2164,10007652,Empire of the Ants,2,0.0011
2165,10010653,ENDER MAGNOLIA: Bloom in the Mist,2,0.0011
2166,10002515,Endzone - A World Apart: Survivor Edition,2,0.0011
2167,10010302,Escape from Ever After,2,0.0011
2168,10010777,Escape the Glitch 2: Backrooms,2,0.0011
2169,10006217,Extreme Cycling,2,0.0011
2170,234796,FAIRY TAIL,2,0.0011
2171,10010622,Fantasy Beauties,2,0.0011
2172,232727,Farm Together,2,0.0011
2173,231274,Farmer's Dynasty,2,0.0011
2174,10002341,FINAL FANTASY III,2,0.0011
2175,10013893,Finding Frankie,2,0.0011
2176,229801,Fist of the North Star: Lost Paradise,2,0.0011
2177,10000017,Flat Heroes,2,0.0011
2178,10018519,Flying Candy,2,0.0011
2179,10004021,FOAMSTARS,2,0.0011
2180,10007627,Fort Solis,2,0.0011
2181,201451,Foxtel Now,2,0.0011
2182,235198,Freddy Fazbear's Pizzeria Simulator,2,0.0011
2183,10008051,Friends vs Friends,2,0.0011
2184,10016847,Funguys Swarm,2,0.0011
2185,10000318,FuzzBall,2,0.0011
2186,10014080,Gaelic Football Laochra,2,0.0011
2187,234562,Garfield Kart Furious Racing,2,0.0011
2188,208240,GAROU: MARK OF THE WOLVES,2,0.0011
2189,10014441,Garten of Banban 0,2,0.0011
2190,10016475,Garten of Banban 8: Anti Devil,2,0.0011
2191,225183,Gary The Gull,2,0.0011
2192,10016330,Gas Station: Idle Simulator,2,0.0011
2193,10005211,Ghost Trick: Phantom Detective,2,0.0011
2194,10017591,Gitaroo-Man,2,0.0011
2195,213539,GOD EATER 2 RAGE BURST,2,0.0011
2196,10010662,Gothic Classic,2,0.0011
2197,234059,Granblue Fantasy: Versus,2,0.0011
2198,10018871,Grand Vegas Casino,2,0.0011
2199,10004102,Green Hell VR,2,0.0011
2200,231093,GRID,2,0.0011
2201,10019564,Grizzy and the Lemmings - Crazy Party,2,0.0011
2202,201875,Grow Home,2,0.0011
2203,221697,Grow Up,2,0.0011
2204,227336,Guacamelee! 2,2,0.0011
2205,227122,Guilty Gear Xrd REV 2,2,0.0011
2206,228733,Guns Gore and Cannoli 2,2,0.0011
2207,10004039,HAJWALA 2,2,0.0011
2208,233683,Handball 21,2,0.0011
2209,10005231,Harvest Moon: Back to Nature,2,0.0011
2210,10014587,Hatsune Miku Logic Paint S+,2,0.0011
2211,216277,Hatsune Miku: VR Future Live,2,0.0011
2212,10000983,Haven,2,0.0011
2213,216263,Hawken,2,0.0011
2214,10013503,Hellblade: Senua’s Sacrifice,2,0.0011
2215,10012903,Heretic + Hexen,2,0.0011
2216,10012204,Hidden Cats in Spooky Town,2,0.0011
2217,10015029,Hidden Cats in Tokyo,2,0.0011
2218,231712,HiQ Ace,2,0.0011
2219,10014437,Hole Digging Master,2,0.0011
2220,10000276,Horror Adventure (PSVR2),2,0.0011
2221,10012875,Hot Wheels Let's Race™: Ultimate Speed,2,0.0011
2222,10007315,Hotel Renovator,2,0.0011
2223,10002253,Hotel: A Resort Simulator,2,0.0011
2224,10007202,Hubris,2,0.0011
2225,10004410,I.Q Intelligent Qube,2,0.0011
2226,10012887,Idle Devils,2,0.0011
2227,10007635,Indiana Jones and the Staff of Kings,2,0.0011
2228,10011305,Into the Radius,2,0.0011
2229,10019267,IRON GUARD: Day Zero,2,0.0011
2230,10005890,Jagged Alliance 3,2,0.0011
2231,229131,Jak™ X,2,0.0011
2232,10017347,JDM: Japanese Drift Master,2,0.0011
2233,230156,Jeopardy!®,2,0.0011
2234,10010555,Junkyard Simulator,2,0.0011
2235,233987,Just Dance® 2020,2,0.0011
2236,10018144,Kamikaze Strike: FPV Drone,2,0.0011
2237,10001045,Katamari Damacy REROLL,2,0.0011
2238,10014049,Kawaii Puzzle Quest,2,0.0011
2239,224859,Keep Talking and Nobody Explodes,2,0.0011
2240,232844,Ketsui Deathtiny -Kizuna Jigoku Tachi-,2,0.0011
2241,10001774,KeyWe,2,0.0011
2242,233303,KINGDOM HEARTS:VR Experience,2,0.0011
2243,225226,Knowledge is Power™,2,0.0011
2244,10016721,Kristala,2,0.0011
2245,10014325,Labyrinthine - Console Edition,2,0.0011
2246,10003149,Lake,2,0.0011
2247,10019066,Lamp Clicker,2,0.0011
2248,10015890,Laundry Store Simulator,2,0.0011
2249,10010007,Let's Sing 2025,2,0.0011
2250,10009386,LET IT DIE: INFERNO,2,0.0011
2251,232741,Lethal League Blaze,2,0.0011
2252,235172,Life is Strange: True Colors,2,0.0011
2253,10017862,Liquor Store Simulator,2,0.0011
2254,10002383,Lizard Lady vs the Cats,2,0.0011
2255,10014475,Lost Lands 1: Dark Overlord,2,0.0011
2256,10019898,"Lost Lands 11: Stories about the Sorceress, the Prince and the Minotaur",2,0.0011
2257,10017669,Lost Lands 5: Ice Spell,2,0.0011
2258,10010944,Love is all around,2,0.0011
2259,10000306,Love Live! School Idol Festival ~after school ACTIVITY~ Wai-Wai!Home Meeting!!,2,0.0011
2260,10011885,Lumines Arise,2,0.0011
2261,10003237,Make Way,2,0.0011
2262,10017553,Marsupilami 2 - Salsa Palombia,2,0.0011
2263,227158,Marvel’s Guardians of the Galaxy: The Telltale Series,2,0.0011
2264,10002637,Mayhem Brawler,2,0.0011
2265,10006171,MechWarrior 5: Clans,2,0.0011
2266,10008138,MediEvil,2,0.0011
2267,10004068,Meet Your Maker,2,0.0011
2268,10002697,Mega Zombie,2,0.0011
2269,10009778,Melatonin,2,0.0011
2270,223079,METAL GEAR SURVIVE,2,0.0011
2271,10009982,Metal Slug Tactics,2,0.0011
2272,10017306,Micro Race R,2,0.0011
2273,10017259,Miiridian Prime,2,0.0011
2274,10010918,Mina the Hollower,2,0.0011
2275,208737,Mitsurugi Kamui hikae,2,0.0011
2276,10014780,Mixtape,2,0.0011
2277,231332,MLB® The Show™ 18,2,0.0011
2278,10001164,MOBILE SUIT GUNDAM BATTLE OPERATION Code Fairy,2,0.0011
2279,217487,Monster Boy and the Cursed Kingdom,2,0.0011
2280,232641,Monster Energy Supercross - The Official Videogame 2,2,0.0011
2281,232689,Monster Jam: Steel Titans,2,0.0011
2282,221734,Mother Russia Bleeds,2,0.0011
2283,202753,MotoGP™15,2,0.0011
2284,224897,Move or Die,2,0.0011
2285,10008814,Mr. Hibbl: The Lost Levels - PS4 & PS5,2,0.0011
2286,10015324,Multigun,2,0.0011
2287,235155,My Friend Pedro - Blood Bullets Bananas,2,0.0011
2288,10000550,Myst,2,0.0011
2289,202957,N++,2,0.0011
2290,203150,NARUTO: Ultimate Ninja STORM,2,0.0011
2291,10012016,NBA BOUNCE,2,0.0011
2292,209437,NBA LIVE 16,2,0.0011
2293,224893,NBA LIVE 18,2,0.0011
2294,225232,NBA Playgrounds,2,0.0011
2295,10000295,NEIGHBOURS FROM HELL,2,0.0011
2296,10000800,New Super Lucky's Tale,2,0.0011
2297,10003227,Nexomon,2,0.0011
2298,203081,NHL® 15,2,0.0011
2299,203088,NHL® 16,2,0.0011
2300,10013105,Nice Day for Fishing,2,0.0011
2301,232032,Nickelodeon Kart Racers,2,0.0011
2302,10014501,Nicktoons & The Dice of Destiny,2,0.0011
2303,203056,Nidhogg,2,0.0011
2304,10000272,NieR Replicant ver.1.22474487139…,2,0.0011
2305,10015993,Nordic Ashes: The Complete Saga,2,0.0011
2306,216698,Nuclear Throne,2,0.0011
2307,10001519,Observer: System Redux,2,0.0011
2308,203183,Octodad: Dadliest Catch,2,0.0011
2309,203202,Oddworld: New 'n' Tasty,2,0.0011
2310,203200,Odin Sphere Leifthrasir,2,0.0011
2311,10013216,OFC - Ultimate Fighting Club,2,0.0011
2312,10001785,OlliOlli World,2,0.0011
2313,10005141,OMORI,2,0.0011
2314,203221,Onigiri,2,0.0011
2315,10014122,Orcs Must Die! Deathtrap,2,0.0011
2316,222879,PAC-MAN™ CHAMPIONSHIP EDITION 2,2,0.0011
2317,10000601,Panzer Dragoon: Remake,2,0.0011
2318,10012660,PATAPON 1+2 REPLAY,2,0.0011
2319,10007599,Patapon 3,2,0.0011
2320,203372,Pathé Thuis,2,0.0011
2321,233730,PC Building Simulator,2,0.0011
2322,10014287,PC Building Simulator 2,2,0.0011
2323,203447,Pinball Arcade,2,0.0011
2324,216569,Pinball FX3,2,0.0011
2325,10018236,Pixicharm - Tankbit,2,0.0011
2326,10018163,Pixicharm - Zippyron,2,0.0011
2327,10002242,Plague Hunters,2,0.0011
2328,10011971,Platform 8,2,0.0011
2329,221798,PlayStation® VR WORLDS,2,0.0011
2330,220337,PlayStation®VR Demo Disc,2,0.0011
2331,10004437,POST VOID,2,0.0011
2332,10003295,Postal: Brain Damaged,2,0.0011
2333,210060,Primal Carnage: Extinction,2,0.0011
2334,10006446,Prison Simulator,2,0.0011
2335,10000702,Project Wingman: Frontline 59,2,0.0011
2336,235020,Project Winter,2,0.0011
2337,10019692,Psalm 5:9-13,2,0.0011
2338,10005512,Pursuit Force: Extreme Justice (PSP),2,0.0011
2339,10011110,Puzzle Drop Carnival,2,0.0011
2340,10017371,Puzzle Galaxy,2,0.0011
2341,10003526,Puzzling Places,2,0.0011
2342,203621,Quiplash,2,0.0011
2343,10007963,RAIDOU Remastered: The Mystery of the Soulless Army,2,0.0011
2344,10009473,Railroads Online,2,0.0011
2345,10016684,Rayman: 30th Anniversary Edition,2,0.0011
2346,203814,Red Dead Revolver,2,0.0011
2347,10004160,Redout 2,2,0.0011
2348,10000404,Resident Evil Re:Verse,2,0.0011
2349,10013366,Resist,2,0.0011
2350,221973,Rez Infinite,2,0.0011
2351,10001073,RiMS Racing,2,0.0011
2352,203764,Risen 3: Titan Lords - Enhanced Edition,2,0.0011
2353,10010255,Roboquest,2,0.0011
2354,235361,Rock of Ages 3: Make and Break,2,0.0011
2355,227206,ROGUE TROOPER REDUX,2,0.0011
2356,214004,ROMANCE OF THE THREE KINGDOMS XIII,2,0.0011
2357,220637,Rugby Challenge 3,2,0.0011
2358,10002085,Rumbleverse,2,0.0011
2359,10011248,Run Tekila Run!,2,0.0011
2360,10017762,Rune Dice,2,0.0011
2361,10010244,Rune Factory: Guardians of Azuma,2,0.0011
2362,10008578,S.T.A.L.K.E.R.: Clear Sky,2,0.0011
2363,10015606,Sacred 2 Remaster,2,0.0011
2364,229843,Secret of Mana,2,0.0011
2365,10018624,Sector Ninja,2,0.0011
2366,10013523,Sektori,2,0.0011
2367,219637,Sengoku Basara 4 Sumeragi,2,0.0011
2368,227190,Shadow Tactics,2,0.0011
2369,10002224,Shadow Warrior 3,2,0.0011
2370,10010521,Shadows of Doubt,2,0.0011
2371,10013389,Shaolin vs Wutang 2,2,0.0011
2372,232366,Shenmue,2,0.0011
2373,235108,Sherlock Holmes Chapter One,2,0.0011
2374,10005262,Sherlock Holmes The Awakened,2,0.0011
2375,10000341,Shin Megami Tensei III Nocturne HD Remaster,2,0.0011
2376,10001405,Shotgun Farmers,2,0.0011
2377,10010950,Siren,2,0.0011
2378,10005307,Sker Ritual,2,0.0011
2379,232885,Sky,2,0.0011
2380,10011143,Slay the Princess - The Pristine Cut,2,0.0011
2381,225388,Slide N' Go,2,0.0011
2382,10003176,Smash Drums,2,0.0011
2383,204320,SOMA,2,0.0011
2384,10005102,Soulcalibur: Broken Destiny,2,0.0011
2385,204010,Sportsfriends,2,0.0011
2386,10002539,SRX: The Game,2,0.0011
2387,10007308,STAR OCEAN THE SECOND STORY R,2,0.0011
2388,10008489,STAR WARS Episode I: Jedi Power Battles,2,0.0011
2389,10014866,STARSEEKER: Astroneer Expeditions,2,0.0011
2390,204170,Stick it to The Man,2,0.0011
2391,10010859,STORY OF SEASONS: Grand Bazaar,2,0.0011
2392,10006803,Stroke The Dik-Dik,2,0.0011
2393,10005984,Stroke The Hamster,2,0.0011
2394,227471,Sudden Strike 4,2,0.0011
2395,10019471,Summer’s Heartbeat,2,0.0011
2396,10011028,Summoner PS2 Emulation (2000),2,0.0011
2397,10004838,SUPER BOMBERMAN R 2,2,0.0011
2398,10011479,Super Bunny Man,2,0.0011
2399,10008376,Super Dark Deception,2,0.0011
2400,10018816,Super Juicy Stack,2,0.0011
2401,235011,Super Monkey Ball: Banana Blitz HD,2,0.0011
2402,232695,Super Volley Blast,2,0.0011
2403,10000397,SUPERHOT: MIND CONTROL DELETE,2,0.0011
2404,10000602,Superliminal,2,0.0011
2405,10013941,Supermarket Manager Simulator,2,0.0011
2406,10013318,SuperPower,2,0.0011
2407,10013017,Surviving Mars: Relaunched,2,0.0011
2408,10006846,Synapse,2,0.0011
2409,10004395,Syphon Filter (PS1),2,0.0011
2410,10004429,System Shock,2,0.0011
2411,10008356,Taiko no Tatsujin: Rhythm Festival,2,0.0011
2412,10003666,Tales of Kenzera™: ZAU,2,0.0011
2413,10003077,Tales of Symphonia Remastered,2,0.0011
2414,10010195,Tales of the Shire: A The Lord of The Rings™ Game,2,0.0011
2415,10008573,Tales of Xillia Remastered,2,0.0011
2416,211910,Tales of Zestiria™,2,0.0011
2417,10011013,Taxi Simulator Driver: NY City Rides,2,0.0011
2418,10008636,Teenage Mutant Ninja Turtles: Mutants Unleashed,2,0.0011
2419,10016328,Temtem: Swarm,2,0.0011
2420,10005758,Tentacular,2,0.0011
2421,10012314,Tetris® Forever,2,0.0011
2422,207907,That's You!™,2,0.0011
2423,10007670,That Time I Got Reincarnated as a Slime ISEKAI Chronicles,2,0.0011
2424,10008217,The Alters,2,0.0011
2425,231166,The Council,2,0.0011
2426,10004042,The Dark Pictures: Switchback VR,2,0.0011
2427,10003580,The DioField Chronicle,2,0.0011
2428,225096,The Disney Afternoon Collection,2,0.0011
2429,232593,The Eternal Cylinder,2,0.0011
2430,10005079,The Grinch: Christmas Adventures,2,0.0011
2431,10011599,THE HOUSE OF THE DEAD 2: Remake,2,0.0011
2432,232168,The Jackbox Party Pack 5,2,0.0011
2433,10006522,The Jumping Chocolate,2,0.0011
2434,204757,THE KING OF FIGHTERS 2000™,2,0.0011
2435,228639,The Last of Us™ Left Behind Remastered,2,0.0011
2436,204881,The Legend of Heroes: Trails of Cold Steel II,2,0.0011
2437,232098,The Legend of Heroes: Trails of Cold Steel IV,2,0.0011
2438,10001886,The Legend of Heroes: Trails through Daybreak,2,0.0011
2439,10002497,The Light in the Darkness,2,0.0011
2440,10010147,The Relic: First Guardian,2,0.0011
2441,10002245,The Riftbreaker,2,0.0011
2442,10010362,The Smurfs - Village Party,2,0.0011
2443,10002918,The Tomorrow Children: Phoenix Edition,2,0.0011
2444,204897,The Unfinished Swan,2,0.0011
2445,10007618,Thrillville,2,0.0011
2446,10008669,Thunder Ray,2,0.0011
2447,10000449,Timberman VS,2,0.0011
2448,10002494,Tin Hearts,2,0.0011
2449,204803,Titan Souls,2,0.0011
2450,10003267,TOEM,2,0.0011
2451,233563,TORCHLIGHT 2,2,0.0011
2452,210894,Toukiden 2,2,0.0011
2453,10004423,Tour de France 2022,2,0.0011
2454,10007452,Tour de France 2023,2,0.0011
2455,10012764,Tour de France 2025,2,0.0011
2456,10010067,Towers of Aghasba,2,0.0011
2457,10009242,Tram Simulator Urban Transit,2,0.0011
2458,10004935,Transformers Beyond Reality,2,0.0011
2459,10002134,Trek to Yomi,2,0.0011
2460,10000648,Tribes of Midgard,2,0.0011
2461,10016905,Tricky Monkey Zoo,2,0.0011
2462,205046,Trine 2: Complete Story,2,0.0011
2463,10000337,Trinity Trigger,2,0.0011
2464,10012856,Truck Simulator 25 - American Driver,2,0.0011
2465,10014568,Truxton Extreme,2,0.0011
2466,10002483,TSUKIHIME -A piece of blue glass moon-,2,0.0011
2467,10001629,Turok 2: Seeds Of Evil,2,0.0011
2468,235268,TY the Tasmanian Tiger™,2,0.0011
2469,10012158,Uboat Attack,2,0.0011
2470,10014875,Ultimate Sheep Raccoon,2,0.0011
2471,10016637,Under The Island,2,0.0011
2472,10010042,Unholy,2,0.0011
2473,10015636,Unmourned,2,0.0011
2474,10004486,Until Then,2,0.0011
2475,226977,Valkyria Chronicles,2,0.0011
2476,10008364,Vampire: The Masquerade - Justice,2,0.0011
2477,235236,Vanquish,2,0.0011
2478,10009050,Vertigo 2,2,0.0011
2479,224994,Vikings: Wolves of Midgard,2,0.0011
2480,10001581,Visage,2,0.0011
2481,10008215,Visions of Mana,2,0.0011
2482,10013733,VOID/BREAKER,2,0.0011
2483,10014658,Voidwrought,2,0.0011
2484,10003851,Walkabout Mini Golf,2,0.0011
2485,212224,Warhammer: The End Times - Vermintide,2,0.0011
2486,226937,WARRIORS OROCHI 3 Ultimate,2,0.0011
2487,218800,WARRIORS OROCHI 4 Ultimate,2,0.0011
2488,10015338,Washeteria,2,0.0011
2489,10001202,WE WERE HERE TOGETHER,2,0.0011
2490,10001636,WE WERE HERE TOO,2,0.0011
2491,10014965,WEED SHOP SIMULATOR,2,0.0011
2492,234916,Weird West: Definitive Edition,2,0.0011
2493,228885,White Day:a labyrinth named school,2,0.0011
2494,10008205,Wildermyth: Console Edition,2,0.0011
2495,233957,Windjammers 2,2,0.0011
2496,10011882,Wizard of Legend 2,2,0.0011
2497,10007127,Word Web by POWGI,2,0.0011
2498,10004898,Worms [PS1 Emulation],2,0.0011
2499,10004900,Worms World Party [PS1 Emulation],2,0.0011
2500,10000403,XIII,2,0.0011
2501,234901,Ys: Memories of Celceta,2,0.0011
2502,10003293,Zenith: The Last City,2,0.0011
2503,10015554,Zero Caliber VR,2,0.0011
2504,205522,Zombie Army Trilogy,2,0.0011
2505,10019436,Zombie Graveyard Simulator,2,0.0011
2506,207051,ドラゴンクエストXI　過ぎ去りし時を求めて,2,0.0011
2507,204990,トロピコ5,2,0.0011
2508,230675,.hack//G.U. Last Recode,1,0.0006
2509,10020598,1-2-Splendid Word Search!,1,0.0006
2510,231791,2MD: VR Football Head 2 Head Edition,1,0.0006
2511,10007645,2Xtreme,1,0.0006
2512,10010460,34 Sports Games - World Edition,1,0.0006
2513,10013039,3D Don't Die Mr. Robot,1,0.0006
2514,10018860,4PGP,1,0.0006
2515,231813,8 to Glory,1,0.0006
2516,10005337,9-Ball Pocket,1,0.0006
2517,229825,911 Operator,1,0.0006
2518,232814,A-Train Express,1,0.0006
2519,10015382,A Game About Digging A Hole™,1,0.0006
2520,222831,A KING'S TALE: FINAL FANTASY XV,1,0.0006
2521,10006925,A Matter of Principle,1,0.0006
2522,10003019,A Short Hike,1,0.0006
2523,235315,A Tale of Paper,1,0.0006
2524,10003810,A YEAR OF SPRINGS,1,0.0006
2525,200163,A.O.T. Wings of Freedom,1,0.0006
2526,231724,AboKhashem,1,0.0006
2527,222909,ABSOLVER,1,0.0006
2528,202883,ACA NEOGEO METAL SLUG 2,1,0.0006
2529,232636,ACA NEOGEO METAL SLUG 4,1,0.0006
2530,202879,ACA NEOGEO METAL SLUG X,1,0.0006
2531,232946,ACA NEOGEO PUZZLE BOBBLE,1,0.0006
2532,231046,ACA NEOGEO REAL BOUT FATAL FURY 2,1,0.0006
2533,231220,ACA NEOGEO SENGOKU 3,1,0.0006
2534,204731,ACA NEOGEO THE KING OF FIGHTERS '99,1,0.0006
2535,10003915,ACA NEOGEO THE KING OF FIGHTERS 2000,1,0.0006
2536,10002337,ACA2NEOGEO THE KING OF FIGHTERS ’98,1,0.0006
2537,10009319,Ace Attorney Investigations Collection,1,0.0006
2538,10012159,ACRES,1,0.0006
2539,10010214,Across the Obelisk,1,0.0006
2540,10009947,Acrylic Nails!,1,0.0006
2541,10001622,Actraiser Renaissance,1,0.0006
2542,10002786,Aeterna Noctis,1,0.0006
2543,10006271,After the Fall® - Complete Edition,1,0.0006
2544,10011016,Against the Storm,1,0.0006
2545,200115,Agatha Christie - The ABC Murders,1,0.0006
2546,211321,Agents of Mayhem,1,0.0006
2547,233250,AI: THE SOMNIUM FILES,1,0.0006
2548,200265,Air Conflicts: Vietnam - Ultimate Edition,1,0.0006
2549,10015277,Airplane Flight Simulator : Combat Zone,1,0.0006
2550,10008182,AK-xolotl,1,0.0006
2551,10005356,Akane,1,0.0006
2552,200075,AKIBA'S TRIP: UNDEAD ＆ UNDRESSED,1,0.0006
2553,10002528,Alba: A Wildlife Adventure,1,0.0006
2554,10010793,Albatroz,1,0.0006
2555,10015499,Alchemist: Journey of The Soul,1,0.0006
2556,10010545,Alien Hominid Invasion,1,0.0006
2557,200220,Alien Shooter,1,0.0006
2558,10004478,Alien: Rogue Incursion VR,1,0.0006
2559,10004398,All-In-One Sports VR,1,0.0006
2560,10010019,All You Need is Help,1,0.0006
2561,10009035,Alone in the Dark: The New Nightmare (2001),1,0.0006
2562,10011561,Amanda the Adventurer,1,0.0006
2563,10014277,Amanda the Adventurer 2,1,0.0006
2564,10018604,Amanda the Adventurer 3,1,0.0006
2565,232938,American Fugitive,1,0.0006
2566,227288,Ancient Amuletor,1,0.0006
2567,10009474,Ancient Dungeon VR,1,0.0006
2568,10002688,Angels of Death,1,0.0006
2569,233484,Angry Birds VR: Isle of Pigs,1,0.0006
2570,10008009,Angry Birds VR: Isle of Pigs,1,0.0006
2571,10014113,Anima: Gate of Memories I&II Remaster,1,0.0006
2572,10016790,Anime Girls: Tactical Assault,1,0.0006
2573,10018444,Anime Uni 7: a Happy Valentine,1,0.0006
2574,221831,Anodyne,1,0.0006
2575,10011374,Anomaly Pools,1,0.0006
2576,10011682,Antro,1,0.0006
2577,10010500,Antstream Arcade,1,0.0006
2578,232031,AO International Tennis,1,0.0006
2579,200050,APB Reloaded,1,0.0006
2580,10010260,Apex Heroines,1,0.0006
2581,10017777,Apocryphoid,1,0.0006
2582,200308,Arc: Twilight of the Spirits™,1,0.0006
2583,216026,Arcade Archives  BUBBLE BOBBLE,1,0.0006
2584,10019317,Arcade Archives 2 CYBER CYCLES,1,0.0006
2585,10018822,Arcade Archives 2 TAG TEAM WRESTLING,1,0.0006
2586,10009345,Arcade Archives 2 TEKKEN,1,0.0006
2587,10008768,Arcade Archives BOSCONIAN,1,0.0006
2588,10001117,Arcade Archives Burger Time,1,0.0006
2589,200305,Arcade Archives Karate Champ,1,0.0006
2590,216834,Arcade Archives Kid's Horehore Daisakusen,1,0.0006
2591,10005517,Arcade Archives PAC-MANIA,1,0.0006
2592,10009757,Arcade Archives RAINBOW ISLANDS,1,0.0006
2593,10000625,Arcade Archives SUNSETRIDERS,1,0.0006
2594,10005261,Arcade Archives Super Volleyball,1,0.0006
2595,10004107,Arcade Archives THUNDER DRAGON 2,1,0.0006
2596,10002977,Arcade Archives VENDETTA,1,0.0006
2597,10011515,Arcade Archives VS. BATTLE CITY,1,0.0006
2598,10009874,Arcade Paradise VR,1,0.0006
2599,10014470,Arcade Room Simulator 2026,1,0.0006
2600,10008363,Archers Dream - PS4 & PS5,1,0.0006
2601,10006894,ArcRunner,1,0.0006
2602,10018905,ARETHA COLLECTION 1993-1995,1,0.0006
2603,10003192,Arietta of Spirits PS4 & PS5,1,0.0006
2604,10004401,Arkanoid Eternal Battle,1,0.0006
2605,200332,Armello,1,0.0006
2606,10010252,ARMORED CORE,1,0.0006
2607,10010298,ARMORED CORE MASTER OF ARENA,1,0.0006
2608,222920,ARMORED WARFARE,1,0.0006
2609,10011109,Arsene Lupin - Once A Thief,1,0.0006
2610,206160,Art of Balance,1,0.0006
2611,10017965,Artifact Seekers,1,0.0006
2612,205867,Assassin’s Creed® Chronicles: India,1,0.0006
2613,212280,Assassin’s Creed® Chronicles: Russia,1,0.0006
2614,231470,ASSAULT GUNNERS HD EDITION,1,0.0006
2615,10005233,Asterigos: Curse of the Stars,1,0.0006
2616,10001110,Asterix & Obelix Slap them All!,1,0.0006
2617,10002550,Astria Ascending,1,0.0006
2618,10010375,ASTROSMASH,1,0.0006
2619,10010535,Astrune Academy,1,0.0006
2620,10004884,Atari 50th Anniversary Celebration,1,0.0006
2621,10012578,Atelier Resleriana: The Red Alchemist & the White Guardian,1,0.0006
2622,10012240,Atelier Yumia: The Alchemist of Memories & the Envisioned Land,1,0.0006
2623,10006120,ATOM RPG: TRUDOGRAD,1,0.0006
2624,234863,Atomicrops,1,0.0006
2625,231039,ATV Drift & Tricks Definitive Edition,1,0.0006
2626,10011271,Autopsy Simulator,1,0.0006
2627,10003264,Avatar The Last Airbender: Quest for Balance,1,0.0006
2628,221663,Awkward,1,0.0006
2629,10003389,Axiom Verge 2,1,0.0006
2630,232923,Azur Lane: Crosswave,1,0.0006
2631,10000362,Azure Striker GUNVOLT: STRIKER PACK,1,0.0006
2632,200400,Back to the Future: The Game,1,0.0006
2633,10013495,Baki Hanma: Blood Arena,1,0.0006
2634,10003542,Barn Finders,1,0.0006
2635,234701,Barton Lynch Pro Surfing,1,0.0006
2636,206227,Baseball Riot,1,0.0006
2637,10009368,Beat the Beats VR,1,0.0006
2638,10017757,Beauty Clicker 2,1,0.0006
2639,10015615,Becastled,1,0.0006
2640,10012799,Before Exit: Gas Station,1,0.0006
2641,10003780,Before We Leave,1,0.0006
2642,10007197,Before Your Eyes,1,0.0006
2643,10006017,Beholder 3,1,0.0006
2644,10013479,Bendy and the Ink Machine,1,0.0006
2645,10014263,Bendy: Lone Wolf,1,0.0006
2646,10011086,Beneath Oresa,1,0.0006
2647,10000874,BEYOND ENEMY LINES REMASTERED EDITION,1,0.0006
2648,10004727,Beyond Good & Evil 20th Anniversary Edition,1,0.0006
2649,10015198,Bible Puzzle: Christian Game,1,0.0006
2650,10014241,Big Adventure: Trip to Europe 8 Collector's Edition,1,0.0006
2651,233412,Big Drunk Satanic Massacre,1,0.0006
2652,10009721,Big Helmet Heroes,1,0.0006
2653,10010903,Biped 2,1,0.0006
2654,10014350,Birdie Up,1,0.0006
2655,200445,BIT.TRIP Presents... Runner2: Future Legend of Rhythm Alien,1,0.0006
2656,229724,Black Clover: Quartet Knights,1,0.0006
2657,10017432,Black Jacket,1,0.0006
2658,10001368,BLACK LEGEND,1,0.0006
2659,10019424,Blackhole Incremental,1,0.0006
2660,235083,Blair Witch,1,0.0006
2661,10001868,Blaze and the Monster Machines: Axle City Racers,1,0.0006
2662,10002053,Blazing Beaks,1,0.0006
2663,10010698,Bleak Faith: Forsaken,1,0.0006
2664,227085,BLEED 2,1,0.0006
2665,10016756,Block Path,1,0.0006
2666,10009040,Blocky Farm,1,0.0006
2667,200521,Blood Bowl 2,1,0.0006
2668,10000371,Blood Bowl 3,1,0.0006
2669,10019522,Blood Dungeon,1,0.0006
2670,10016705,Blood: Refreshed Supply™,1,0.0006
2671,10002829,BloodRayne: ReVamped,1,0.0006
2672,10004758,Bloodwash,1,0.0006
2673,10009078,Bloomtown: A Different Story,1,0.0006
2674,200503,Blue Estate,1,0.0006
2675,10018059,Bluey's Quest for the Gold Pen,1,0.0006
2676,10011791,BMX CITY RUN,1,0.0006
2677,231065,Bomber Crew,1,0.0006
2678,10001209,BONKIES,1,0.0006
2679,10010689,Border Police: Contraband Simulator 2024,1,0.0006
2680,232925,Borderlands® 2 VR,1,0.0006
2681,10007314,Born Of Bread,1,0.0006
2682,214367,Bound,1,0.0006
2683,225042,Boundless,1,0.0006
2684,10007964,Box To The Beat VR,1,0.0006
2685,10018704,Boxed Beasts,1,0.0006
2686,10007138,Boxer,1,0.0006
2687,10004402,Boxville,1,0.0006
2688,10009196,Brain Show,1,0.0006
2689,10014170,Bread & Fred,1,0.0006
2690,10014948,Bridge Race,1,0.0006
2691,200617,Brothers : a Tale of Two Sons,1,0.0006
2692,233373,BT Sport,1,0.0006
2693,10013068,Bubbelsche Deluxe,1,0.0006
2694,10000990,Bubble Bobble 4 Friends: The Baron is Back!,1,0.0006
2695,10003801,Bubble Shooter FX,1,0.0006
2696,10019429,Bubble Shooter Piratey,1,0.0006
2697,228925,Bulb Boy,1,0.0006
2698,10008443,Burnhouse Lane,1,0.0006
2699,10017119,Bus Simulator : World Tour,1,0.0006
2700,10008198,Bus Simulator 2023: City Driver,1,0.0006
2701,10009379,C.A.R.D.S. RPG: The Misty Battlefield PS4 & PS5,1,0.0006
2702,10000742,Cake Bash,1,0.0006
2703,10014126,Campfire of Oasis 2,1,0.0006
2704,10017772,Cannon Defender,1,0.0006
2705,10008317,Capes,1,0.0006
2706,10014903,Car Parking - Garage Simulator,1,0.0006
2707,10010538,Caravan SandWitch,1,0.0006
2708,10010876,Card-en-Ciel,1,0.0006
2709,10018627,Cardboard Racers,1,0.0006
2710,10016169,Carmageddon: Rogue Shift,1,0.0006
2711,221674,Carnival Games VR,1,0.0006
2712,10017844,Case Files: Internal Affairs,1,0.0006
2713,10001250,CASE: Animatronics,1,0.0006
2714,234293,Castlevania Anniversary Collection,1,0.0006
2715,10007943,Castlevania Dominus Collection,1,0.0006
2716,10014414,Casual Sport Series: Badminton,1,0.0006
2717,10003170,Catch the Bowling Balls - Breakthrough Gaming Arcade,1,0.0006
2718,10003433,Cathedral,1,0.0006
2719,10014130,Cazzarion: Hell Biker,1,0.0006
2720,200864,Chariot,1,0.0006
2721,232849,Chimparty™,1,0.0006
2722,233477,Chronos: Before the Ashes,1,0.0006
2723,10007275,Citizen Sleeper,1,0.0006
2724,10003423,Clash: Artifacts of Chaos,1,0.0006
2725,10002560,Classic Racers Elite,1,0.0006
2726,10007316,Classified: France '44,1,0.0006
2727,10002901,Climate Station,1,0.0006
2728,10011065,Cloudberry Kingdom,1,0.0006
2729,224825,Clustertruck,1,0.0006
2730,10012048,Clutter 14,1,0.0006
2731,10003241,Coastline Flight Simulator,1,0.0006
2732,10003445,Cobra Kai 2: Dojos Rising,1,0.0006
2733,10012908,Code Violet,1,0.0006
2734,10012539,Codex Lost,1,0.0006
2735,216982,Comet Crash 2: The Kronkoid Wars,1,0.0006
2736,234406,Commandos 2 HD Remaster,1,0.0006
2737,10008193,COMPOUND,1,0.0006
2738,10019068,Console Archives BUBBLE BOBBLE,1,0.0006
2739,10001813,Cooking Mama: Cookstar,1,0.0006
2740,10009298,Cool Boarders,1,0.0006
2741,10010633,Cop Officers: Police Simulator of NYPD City,1,0.0006
2742,10017600,Corner Kitchen Fast Food Simulator,1,0.0006
2743,10001410,Corpse Party,1,0.0006
2744,216120,Corridor Z,1,0.0006
2745,10017518,Cowboys,1,0.0006
2746,10002088,Cozy Grove,1,0.0006
2747,10014014,Crazy Cats vs. Crazy Cyborgs,1,0.0006
2748,10016133,Creepy Shift: Roadside Diner,1,0.0006
2749,10003675,Creepy Tale,1,0.0006
2750,10008173,Creepy Tale: Ingrid Penance,1,0.0006
2751,10016041,Crescent Tower,1,0.0006
2752,233436,Cricket 19,1,0.0006
2753,10000366,Crisis VRigade 2,1,0.0006
2754,233466,Croc's World Run,1,0.0006
2755,10011202,Crossing Chaos - Crazy Highway Traffic,1,0.0006
2756,10009446,Crowd City,1,0.0006
2757,10001769,Crown Trick,1,0.0006
2758,10000282,Crypto by POWGI,1,0.0006
2759,10000353,Crysis 3 Remastered,1,0.0006
2760,228691,CRYSTAR,1,0.0006
2761,10013698,Cthulhu: The Cosmic Abyss,1,0.0006
2762,10017989,CULTIC,1,0.0006
2763,10007386,CUSTOM MECH WARS,1,0.0006
2764,10016981,CyberSmash,1,0.0006
2765,10009430,cyubeVR,1,0.0006
2766,231860,Dakar 18,1,0.0006
2767,10003353,Dakar Desert Rally,1,0.0006
2768,231085,Dandara,1,0.0006
2769,10002321,Danganronpa S: Ultimate Summer Camp,1,0.0006
2770,233099,Dark Devotion,1,0.0006
2771,227343,Dark Mystery,1,0.0006
2772,232551,Darksiders Genesis,1,0.0006
2773,10005528,DARQ Ultimate Edition,1,0.0006
2774,10009838,Date Z,1,0.0006
2775,200896,Day of the Tentacle Remastered,1,0.0006
2776,10005421,Daymare: 1994 Sandcastle,1,0.0006
2777,10011229,Dead Estate,1,0.0006
2778,201083,Dead Nation™: Apocalypse Edition,1,0.0006
2779,10013861,Dead of Darkness,1,0.0006
2780,227320,DeadAge,1,0.0006
2781,222964,DEADBOLT,1,0.0006
2782,10003340,DEADCRAFT,1,0.0006
2783,10014937,Deadliest Deep Sea Catch Fishing Simulator,1,0.0006
2784,10002677,Deadly Days,1,0.0006
2785,10015501,Death Mask,1,0.0006
2786,10010269,Deathbound,1,0.0006
2787,231052,Decay of Logos,1,0.0006
2788,10003838,Deceive Inc.,1,0.0006
2789,234007,Deep Sky Derelicts Definitive Edition,1,0.0006
2790,230136,Defiance 2050,1,0.0006
2791,233493,Degrees Of Separation,1,0.0006
2792,235319,Delirium,1,0.0006
2793,10004521,Delivery Driver - The Simulation,1,0.0006
2794,10017035,Delivery Driver Massacre,1,0.0006
2795,10015898,Demolish & Build 3,1,0.0006
2796,10000266,Demon's Tier+,1,0.0006
2797,221677,Destroy All Humans! 2,1,0.0006
2798,10013576,Deus Ex: The Conspiracy PS4 & PS5,1,0.0006
2799,10003845,Dicey Dungeons,1,0.0006
2800,10009955,Dinosaur RPG - Dino Survival Simulator Survivor,1,0.0006
2801,211973,Disaster Report 4 Plus: Summer Memories,1,0.0006
2802,10012987,Disciples: Domination,1,0.0006
2803,10000604,Disciples: Liberation,1,0.0006
2804,232588,Disgaea 1 Complete,1,0.0006
2805,234555,DISGAEA 4 Return,1,0.0006
2806,10016065,Disgaea Mayhem,1,0.0006
2807,234764,Disney Classic Games: Aladdin and The Lion King,1,0.0006
2808,201026,Disney Infinity 3.0,1,0.0006
2809,200919,Divinity : Original Sin Enhanced Edition,1,0.0006
2810,10010921,DIY Fashion Star,1,0.0006
2811,10009533,Dodge These Balls,1,0.0006
2812,232672,DogFighterWW2,1,0.0006
2813,10002698,Dolmen,1,0.0006
2814,10017139,Don't Mess With Bober,1,0.0006
2815,201156,Don't Starve: Console Edition,1,0.0006
2816,229747,Donut County,1,0.0006
2817,10013045,Doodle Hunt: Halloween Rush,1,0.0006
2818,10001013,DOOM 3: VR Edition,1,0.0006
2819,10014910,Dope Empire,1,0.0006
2820,10002044,DORAEMON STORY OF SEASONS: Friends of the Great Kingdom,1,0.0006
2821,10003948,Dordogne,1,0.0006
2822,10014511,Dorfromantik,1,0.0006
2823,227112,Double Dragon 4,1,0.0006
2824,10003094,DRAGON QUEST X OFFLINE PS4&PS5,1,0.0006
2825,201245,Dream C Club HostGirls On Stage,1,0.0006
2826,10011875,Dreamcore,1,0.0006
2827,10007273,DreamWorks Trolls Remix Rescue,1,0.0006
2828,10018579,Drop Duchy - Complete Edition,1,0.0006
2829,10010711,Drova- Forsaken Kin,1,0.0006
2830,10018165,Drug Dealer Empire,1,0.0006
2831,10015907,DrumBeats VR,1,0.0006
2832,10006907,Drums Rock,1,0.0006
2833,10013190,Duck Detective: The Ghost of Glamping,1,0.0006
2834,225095,Duke Nukem 3D: 20th Anniversary World Tour,1,0.0006
2835,10009788,Dungeon Adventure,1,0.0006
2836,10002325,Dungeon and Gravestone,1,0.0006
2837,10019400,Dungeon Antiqua 2,1,0.0006
2838,10010081,Dungeons & Dragons Neverwinter Nights 2: Enhanced Edition,1,0.0006
2839,216171,Eagle Flight,1,0.0006
2840,10016226,EARTH DEFENSE STICKS,1,0.0006
2841,10017217,Easy Flight Simulator 2,1,0.0006
2842,10003867,eBASEBALL POWERFUL PRO BASEBALL 2022,1,0.0006
2843,229035,EDF 4.1 WINGDIVER THE SHOOTER,1,0.0006
2844,10003486,Eiyuden Chronicle: Rising,1,0.0006
2845,10002583,Elasto Mania Remastered,1,0.0006
2846,10012717,Electrician Simulator VR,1,0.0006
2847,201366,Electronic Super Joy,1,0.0006
2848,10003459,Enclave HD,1,0.0006
2849,10009571,Eriksholm: The Stolen Dream,1,0.0006
2850,10019196,Escape from Umbra,1,0.0006
2851,10004878,Escape Game - FORT BOYARD 2022,1,0.0006
2852,10000558,Escape Game Fort Boyard,1,0.0006
2853,10000864,Eternal Kingdom Battle Peak,1,0.0006
2854,216185,Eternal Ring,1,0.0006
2855,10004814,Eternights,1,0.0006
2856,10008365,Everlune,1,0.0006
2857,233980,Everybody's Golf VR,1,0.0006
2858,10016851,Evil Inside VR,1,0.0006
2859,10006212,Evotinction,1,0.0006
2860,10009135,Exhausted Man,1,0.0006
2861,10000263,EXIT THE GUNGEON,1,0.0006
2862,10001095,Exoprimal,1,0.0006
2863,201351,Extreme Exorcism,1,0.0006
2864,10002960,F.I.S.T.: Forged In Shadow Torch,1,0.0006
2865,231485,F1® 2018,1,0.0006
2866,10008015,F1® Manager 2023,1,0.0006
2867,10009574,Fabledom,1,0.0006
2868,10010439,Fae Farm,1,0.0006
2869,10016729,FAITH: The Unholy Trinity,1,0.0006
2870,235143,Family Feud,1,0.0006
2871,10010526,FANTASIAN Neo Dimension,1,0.0006
2872,10001456,FANTASY FRIENDS,1,0.0006
2873,10002934,FAR: Changing Tides,1,0.0006
2874,221690,Farpoint,1,0.0006
2875,10013130,Fast Food Manager Simulator,1,0.0006
2876,10003261,FATAL FRAME: Maiden of Black Water,1,0.0006
2877,10006174,FATAL FRAME: Mask of the Lunar Eclipse,1,0.0006
2878,10011333,FATE: Reawakened,1,0.0006
2879,10011217,Father's Day Journey,1,0.0006
2880,10008408,Feeble Light,1,0.0006
2881,231080,FIGHTING EX LAYER,1,0.0006
2882,10012306,Fill The Cup,1,0.0006
2883,234729,FINAL FANTASY CRYSTAL CHRONICLES Remastered Edition,1,0.0006
2884,221517,FINAL FANTASY TYPE-0 HD,1,0.0006
2885,10004778,Final Vendetta,1,0.0006
2886,10015084,Fire & Water,1,0.0006
2887,227752,FIRE PRO WRESTLING WORLD,1,0.0006
2888,228684,Firefighters: Airport Fire Department,1,0.0006
2889,10004348,Firefighting Simulator - The Squad PS4™ & PS5™,1,0.0006
2890,10004162,Firegirl: Hack 'n Splash Rescue DX,1,0.0006
2891,229942,Fishing Master,1,0.0006
2892,10016326,Fishing Rush,1,0.0006
2893,233224,Fishing: Barents Sea,1,0.0006
2894,10013230,Flight Simulator Delivery 2025 VR,1,0.0006
2895,10007867,Fling to the Finish,1,0.0006
2896,10007641,Flint: Treasure of Oblivion,1,0.0006
2897,10018781,Floor 9,1,0.0006
2898,10010156,Flute The Snake Charmer,1,0.0006
2899,217089,Forestry 2017 - The Simulation,1,0.0006
2900,10008662,ForeVR Pool,1,0.0006
2901,10007143,Forgive Me Father,1,0.0006
2902,10011700,Forklift Simulator 2023,1,0.0006
2903,10010532,Fortress Challenge - Fort Boyard,1,0.0006
2904,10015477,Frame Cat,1,0.0006
2905,10007382,Fran Bow,1,0.0006
2906,229768,Frantics™,1,0.0006
2907,223023,Freedom Planet,1,0.0006
2908,10008377,Freedom Planet 2,1,0.0006
2909,10011083,FREEDOM WARS Remastered,1,0.0006
2910,10016558,FreeStyle Football 2,1,0.0006
2911,10008533,Fresh Start,1,0.0006
2912,10013691,From one world to another,1,0.0006
2913,10010191,FRONT MISSION 2: Remake,1,0.0006
2914,10015411,FRONT MISSION 3: Remake,1,0.0006
2915,10009836,Frontier Hunter : Erza’s Wheel of Fortune,1,0.0006
2916,10013038,Fuel Station Simulator,1,0.0006
2917,234517,FUSER™,1,0.0006
2918,216500,G-GENERATION GENESIS,1,0.0006
2919,10011146,G.I. JOE: WRATH OF COBRA,1,0.0006
2920,10008027,Galactic Lords,1,0.0006
2921,10002754,Galaxy Kart,1,0.0006
2922,10009708,Gallery Gunner - PS4 & PS5,1,0.0006
2923,10014479,Ganbare Goemon Assemble!,1,0.0006
2924,10005683,Gangs of Sherwood,1,0.0006
2925,10003327,Ganryu 2 : Hakuma Kojiro,1,0.0006
2926,10007320,Garden Life: A Cozy Simulator,1,0.0006
2927,10009822,Garden Witch Life,1,0.0006
2928,10005121,Gargoyles Remastered,1,0.0006
2929,10012479,Garten of Banban 6,1,0.0006
2930,10012588,Garten of Banban 7,1,0.0006
2931,231084,Genesis Alpha One,1,0.0006
2932,10019311,Gennady,1,0.0006
2933,201860,Geometry Wars³: Dimensions,1,0.0006
2934,10011452,GET OUT!,1,0.0006
2935,10001291,Ghostrunner,1,0.0006
2936,10013651,GIGASWORD,1,0.0006
2937,10012828,Glitch Blaster's Waifu,1,0.0006
2938,10018086,GOBBLE,1,0.0006
2939,10012935,God of Weapons,1,0.0006
2940,10000863,GOETIA,1,0.0006
2941,10000258,Going Under,1,0.0006
2942,10002679,Golf Club Wasteland,1,0.0006
2943,10000905,Golf Zero,1,0.0006
2944,10013805,Golfing Over It with Alva Majo,1,0.0006
2945,201835,Gone Home,1,0.0006
2946,10009359,Gordian Quest,1,0.0006
2947,10018377,Grand Car Racing,1,0.0006
2948,227396,Gravel,1,0.0006
2949,10007237,Gravity Crash Portable,1,0.0006
2950,10007204,Greyhill Incident,1,0.0006
2951,201876,Grim Fandango Remastered,1,0.0006
2952,10016444,Grim Trials,1,0.0006
2953,10004766,GrimGrimoire OnceMore,1,0.0006
2954,10004095,Grindstone,1,0.0006
2955,231294,GRIP,1,0.0006
2956,233086,Growtopia,1,0.0006
2957,227154,GUNDAM VERSUS,1,0.0006
2958,10004650,Gunfire Reborn,1,0.0006
2959,10002868,Gungrave G.O.R.E,1,0.0006
2960,10008395,Gunhead,1,0.0006
2961,10013892,Gunsmith Simulator,1,0.0006
2962,227123,GWENT: The Witcher Card Game,1,0.0006
2963,231952,Hagwalla Legend™,1,0.0006
2964,10014372,Halloween 1985,1,0.0006
2965,202038,Hand of Fate,1,0.0006
2966,222857,Handball 17,1,0.0006
2967,10003648,Happy's Humble Burger Farm,1,0.0006
2968,10001523,Hardspace: Shipbreaker,1,0.0006
2969,224866,Has-Been Heroes,1,0.0006
2970,216278,Hatsune Miku: Project DIVA X,1,0.0006
2971,10017185,Haunt Hunter,1,0.0006
2972,10013891,Haunted House Renovator,1,0.0006
2973,10007764,Hayarigami 3: Met. Police Dept. Paranormal Files,1,0.0006
2974,201984,Headset Companion,1,0.0006
2975,10012176,Heart of a Knight,1,0.0006
2976,10002349,Heliborne,1,0.0006
2977,10012536,Hellblade II: Senua’s Saga,1,0.0006
2978,235113,Hellpoint,1,0.0006
2979,10007636,Herc's Adventures,1,0.0006
2980,10016889,Hero Wheels,1,0.0006
2981,10019296,Heroines Through My Lens,1,0.0006
2982,10014103,Hidden Cat Outlaws,1,0.0006
2983,10011301,Hidden Cats in Berlin,1,0.0006
2984,10016624,Hidden Cats in Rio de Janeiro,1,0.0006
2985,10013649,Hide The Corpse,1,0.0006
2986,10010265,Highway Police Simulator,1,0.0006
2987,232690,Higurashi no Naku Koro ni Hou,1,0.0006
2988,10000713,HIQ ACE Unlimited,1,0.0006
2989,201943,Hohokum,1,0.0006
2990,10009447,Hole io,1,0.0006
2991,10011019,Home Safety Hotline,1,0.0006
2992,10019147,Horripilant,1,0.0006
2993,10004903,Horror Adventure : Zombie Edition,1,0.0006
2994,10008427,Horror Pinball Bundle,1,0.0006
2995,10002840,HORROR TALES: The Wine,1,0.0006
2996,10015275,Horse Dash,1,0.0006
2997,10002234,Horse Tales: Emerald Valley Ranch,1,0.0006
2998,10004411,Hot Shots Golf,1,0.0006
2999,10014536,Hotel Business Simulator,1,0.0006
3000,10005439,House Builder,1,0.0006
3001,227150,How To Survive 2,1,0.0006
3002,233596,Human Anatomy VR,1,0.0006
3003,232194,HUNTDOWN,1,0.0006
3004,10002168,Hunter's Arena: Legends,1,0.0006
3005,10005515,Hyper Echelon,1,0.0006
3006,10003895,Hypercharge: Unboxed,1,0.0006
3007,10000418,Hypnospace Outlaw,1,0.0006
3008,10010146,I'm on Observation Duty 6,1,0.0006
3009,10013341,I'm on Observation Duty 7,1,0.0006
3010,10014424,I Am Future: Cozy Apocalypse Survival,1,0.0006
3011,216304,I am Setsuna.,1,0.0006
3012,10012592,"I Have No Mouth, and I Must Scream",1,0.0006
3013,225206,"I, Zombie",1,0.0006
3014,10003416,Immortus Temporus,1,0.0006
3015,10016283,Indoor Baseball,1,0.0006
3016,10007628,Indoor Kickball,1,0.0006
3017,10013171,Internet Cafe Simulator 2025,1,0.0006
3018,10013367,Into Black,1,0.0006
3019,214483,Invasion!,1,0.0006
3020,233277,Ion Fury,1,0.0006
3021,10014836,IRON GUARD: Salvation,1,0.0006
3022,231528,Island Time VR,1,0.0006
3023,227376,It's Quiz Time,1,0.0006
3024,10002730,Itadaki Smash,1,0.0006
3025,232228,Jake Hunter Detective Story: Prism of Eyes,1,0.0006
3026,10017598,Jay and Silent Bob: Chronic Blunt Punch,1,0.0006
3027,221707,Jazzpunk: Director's Cut,1,0.0006
3028,10007464,Jeanne d'Arc,1,0.0006
3029,10008415,Jet Moto,1,0.0006
3030,202225,Jetpack Joyride,1,0.0006
3031,233103,Jewel Fever 2,1,0.0006
3032,10009741,Johnny Trigger,1,0.0006
3033,10002238,Journey of the Broken Circle,1,0.0006
3034,10015902,Joyn,1,0.0006
3035,10004413,Jumping Flash!,1,0.0006
3036,227149,Just Dance® 2018,1,0.0006
3037,234061,Just Ignore Them,1,0.0006
3038,234929,Kamen Rider 英雄尋憶,1,0.0006
3039,10009669,KAMITSUBAKI CITY ENSEMBLE,1,0.0006
3040,10014856,Karate Survivor,1,0.0006
3041,10003878,KartRider: Drift,1,0.0006
3042,10004438,Kayak VR: Mirage,1,0.0006
3043,234990,Kaze and the Wild Masks,1,0.0006
3044,10010123,Kids Learn,1,0.0006
3045,10005532,Kill It With Fire VR,1,0.0006
3046,10008124,KILL IT WITH FIRE! 2,1,0.0006
3047,10001624,King's Bounty II,1,0.0006
3048,10017949,Kingblade: Medieval TCG Card Shop,1,0.0006
3049,10007265,Kingdom Eighties,1,0.0006
3050,10016782,Kiosk,1,0.0006
3051,10004843,Kizuna AI - Touch the Beat!,1,0.0006
3052,10015504,KLETKA,1,0.0006
3053,10015838,Knightica,1,0.0006
3054,232856,Knowledge is Power™: Decades,1,0.0006
3055,10003023,Kona II: Brume,1,0.0006
3056,10008699,Koumajou Remilia: Scarlet Symphony,1,0.0006
3057,10012925,KVARK,1,0.0006
3058,223643,Last Day of June,1,0.0006
3059,10004877,LAYERS OF FEAR,1,0.0006
3060,233093,Layers of Fear 2,1,0.0006
3061,10018355,Leafy Corner,1,0.0006
3062,10008596,Learn Katakana!!,1,0.0006
3063,10006306,Legendary Tales,1,0.0006
3064,10015254,Legends: Saint George,1,0.0006
3065,10003909,LEGO® Builder's Journey,1,0.0006
3066,10007109,LES MILLS BODYCOMBAT,1,0.0006
3067,227418,Let Them Come,1,0.0006
3068,10014100,Lethal Cosmic Hunt,1,0.0006
3069,208909,Letter Quest Remastered,1,0.0006
3070,10005968,Letterbox by POWGI,1,0.0006
3071,229439,Life is Strange: Before the Storm,1,0.0006
3072,10009828,Light-It Up,1,0.0006
3073,10004939,Lil' Guardsman,1,0.0006
3074,10010808,Lion Simulator Survival: RPG Animal Battle,1,0.0006
3075,235408,Little Misfortune,1,0.0006
3076,10013518,Little Nightmares VR: Altered Echoes,1,0.0006
3077,10004238,Little Noah: Scion of Paradise,1,0.0006
3078,10003290,Little Orpheus,1,0.0006
3079,10014636,Little Strays,1,0.0006
3080,235327,Live Or Die,1,0.0006
3081,10018277,Lizards Must Die 2,1,0.0006
3082,10017954,"Loaders, Inc.",1,0.0006
3083,10004655,LocoRoco Midnight Carnival,1,0.0006
3084,227868,LocoRoco™ Remastered,1,0.0006
3085,10017693,Lonely Hospital,1,0.0006
3086,202563,Lords of the Fallen (2014),1,0.0006
3087,10014407,Lorn's Lure,1,0.0006
3088,229187,Lost Castle,1,0.0006
3089,10008069,Lost Eidolons,1,0.0006
3090,10015233,Lost Eidolons: Veil of the Witch,1,0.0006
3091,10004928,LOST EPIC,1,0.0006
3092,10000653,Lost in Random,1,0.0006
3093,10011792,Lost in Random: The Eternal Die,1,0.0006
3094,10017583,Lost Lands 4,1,0.0006
3095,10018339,Lost Lands 6: Mistakes of the Past,1,0.0006
3096,10019148,Lost Lands 9: Stories of the First Brotherhood,1,0.0006
3097,10011224,Lost Twins 2,1,0.0006
3098,10016576,Love Chemistry - Sibella's Formula,1,0.0006
3099,10016209,Love is all around 2,1,0.0006
3100,10010938,Luck be a Landlord,1,0.0006
3101,202774,Madden NFL 16,1,0.0006
3102,10014333,Maestro,1,0.0006
3103,208723,Mafia III: Definitive Edition,1,0.0006
3104,10010846,Magic Dungeon Hero: Freedom or Death,1,0.0006
3105,231328,Magic Knight Grand Charion,1,0.0006
3106,227426,Mahjong Deluxe 3,1,0.0006
3107,10009087,Mahjong Woods,1,0.0006
3108,10018679,Mahjongus: Mystery of Fortescue,1,0.0006
3109,10013658,Maiden Cops,1,0.0006
3110,202899,Manhunt,1,0.0006
3111,10005892,Manny Boxing VR,1,0.0006
3112,10017564,Marathon Server Slam,1,0.0006
3113,233186,Marble It Up! Ultra,1,0.0006
3114,10015466,Marine Survivors,1,0.0006
3115,225231,Marooners,1,0.0006
3116,10015040,Mars Kitchen VR,1,0.0006
3117,10001528,Martha Is Dead,1,0.0006
3118,234592,Marvel's Iron Man VR,1,0.0006
3119,10008064,Masternoid,1,0.0006
3120,202613,Max Payne,1,0.0006
3121,10003618,Mech Mechanic Simulator,1,0.0006
3122,10012018,Mechanic Supermarket Simulator,1,0.0006
3123,202737,Medieval Defenders,1,0.0006
3124,10009384,MediEvil II,1,0.0006
3125,10004169,Megaman Battle Network Legacy Collection,1,0.0006
3126,10008905,MEGATON MUSASHI W: WIRED,1,0.0006
3127,225252,Megaton Rainfall,1,0.0006
3128,10003807,Memories of East Coast,1,0.0006
3129,10016352,Memory Holder: The Numbers,1,0.0006
3130,10007552,Mercenaries Lament: Requiem of the Silver Wolf,1,0.0006
3131,233080,Mercenaries Wings,1,0.0006
3132,202969,Mercenary Kings,1,0.0006
3133,10000555,Metamorphosis,1,0.0006
3134,10016751,Metro Sim Hustle,1,0.0006
3135,10018714,Mexican Ninja,1,0.0006
3136,10019047,Micro Race R2,1,0.0006
3137,10005006,Midnight Fight Express,1,0.0006
3138,10002189,Mighty Fight Federation,1,0.0006
3139,10019676,Military Merge,1,0.0006
3140,10013224,Mini Crawler,1,0.0006
3141,10013516,Mini Wheels Racers - Turbo Toy Playground,1,0.0006
3142,10000249,Minoria,1,0.0006
3143,10010037,MIO: Memories in Orbit,1,0.0006
3144,10010300,Miraculous: Paris Under Siege,1,0.0006
3145,10003547,Miraculous: Rise of the Sphinx,1,0.0006
3146,10006593,Missing parts,1,0.0006
3147,10010951,Mister Mosquito,1,0.0006
3148,202812,MLB 14 The Show,1,0.0006
3149,202820,MLB® The Show™ 16,1,0.0006
3150,10009876,Mob Control,1,0.0006
3151,224886,Moe Moe Niji 3rd,1,0.0006
3152,10019222,MOJIYUUGI JAPANESE VERSION,1,0.0006
3153,10001203,Monochrome Mobius: Rights and Wrongs Forgotten,1,0.0006
3154,10014068,Monster Blast Infinity,1,0.0006
3155,10012411,Monster Panic,1,0.0006
3156,10019145,Monster Rush Survivors,1,0.0006
3157,223101,MonsterJam CRUSH IT!,1,0.0006
3158,10001077,moon,1,0.0006
3159,10000913,Morbid: The Seven Acolytes,1,0.0006
3160,202949,Mordheim: City of the Damned,1,0.0006
3161,10000342,Mortal Blitz : Combat Arena,1,0.0006
3162,229162,Moss VR,1,0.0006
3163,10014812,Mostroscopy,1,0.0006
3164,10011188,Mother's Day Journey,1,0.0006
3165,202751,MotoGP™14,1,0.0006
3166,10003095,MouseBot: Escape from CatLab,1,0.0006
3167,10005104,Mr. Driller,1,0.0006
3168,10001116,Mr. DRILLER DrillLand,1,0.0006
3169,10004103,Mr. Hibbl - PS4 & PS5,1,0.0006
3170,10004262,Mr. Prepper,1,0.0006
3171,228790,Mr. Shifty,1,0.0006
3172,10002686,Murder Mystery Machine,1,0.0006
3173,202950,Murdered: Soul Suspect,1,0.0006
3174,10003008,Music Racer: Ultimate,1,0.0006
3175,229210,Mutant Football League,1,0.0006
3176,225255,MX Nitro,1,0.0006
3177,10001962,My Child Lebensborn,1,0.0006
3178,10017629,My Existential Crisis,1,0.0006
3179,10014274,My Friendly Neighborhood,1,0.0006
3180,10005226,My Little Prince - A jigsaw puzzle tale,1,0.0006
3181,10001527,My Name is Mayo 2,1,0.0006
3182,10012923,My Name is Mayo: Remayo,1,0.0006
3183,10003771,My Singing Monsters Playground,1,0.0006
3184,10007685,My Time at Sandrock,1,0.0006
3185,10001123,My Universe - Cooking Star Restaurant,1,0.0006
3186,10015049,MySims™: Cozy Bundle,1,0.0006
3187,10008667,Myst (PS1),1,0.0006
3188,10014629,Mystery Hotel: Hidden Objects,1,0.0006
3189,10008721,Mystic Pillars X Kantara,1,0.0006
3190,10000511,NAMCO MUSEUM ARCHIVES Vol 2,1,0.0006
3191,10001998,Narita Boy,1,0.0006
3192,221961,NASCAR Heat Evolution,1,0.0006
3193,209436,NBA LIVE 15,1,0.0006
3194,10007122,Neko Journey,1,0.0006
3195,10001982,NEO: The World Ends with You,1,0.0006
3196,10011209,Neon Bash,1,0.0006
3197,209346,Neon Chrome,1,0.0006
3198,10003196,Neptunia x SENRAN KAGURA: Ninja Wars,1,0.0006
3199,202994,Never Alone,1,0.0006
3200,10002233,NEW Joe & Mac - Caveman Ninja,1,0.0006
3201,10004947,New World: Aeternum,1,0.0006
3202,10019993,New York Mysteries 2: High Voltage,1,0.0006
3203,10000634,Nexomon: Extinction,1,0.0006
3204,10002154,NFL PRO ERA II,1,0.0006
3205,217490,NHL™ 17,1,0.0006
3206,10011924,Night of the Dead Simulator,1,0.0006
3207,10011325,Night Slashers: Remake,1,0.0006
3208,228803,Night Trap - 25th Anniversary Edition,1,0.0006
3209,10008127,Nightmare Reaper,1,0.0006
3210,10012737,NIMRODS,1,0.0006
3211,10013857,NINJA GAIDEN: Ragebound,1,0.0006
3212,203068,NITROPLUS BLASTERZ -HEROINES INFINITE DUEL-,1,0.0006
3213,10018224,NO-SKIN,1,0.0006
3214,10019342,No Case Should Remain Unsolved,1,0.0006
3215,10005034,No Heroes Allowed!,1,0.0006
3216,10000860,NO THING,1,0.0006
3217,10003635,Nobody Wants to Die,1,0.0006
3218,203122,Nom Nom Galaxy,1,0.0006
3219,203067,NOT A HERO,1,0.0006
3220,10015395,Not Not 2 - A Brain Challenge,1,0.0006
3221,10008473,OBLITACRATER,1,0.0006
3222,217581,Oceanhorn,1,0.0006
3223,10011921,Odd Color Out,1,0.0006
3224,10007957,Oddsparks: An Automation Adventure,1,0.0006
3225,10005198,Oddworld: Abe's Exoddus (PS1 emulation),1,0.0006
3226,10005197,Oddworld: Abe's Oddysee (PS1 emulation),1,0.0006
3227,10014352,Of Lies and Rain,1,0.0006
3228,10010394,Offroad Mechanic Simulator,1,0.0006
3229,234616,Offroad Racing - Buggy X ATV X Moto,1,0.0006
3230,10007555,Offroad Truck Simulator: Heavy Duty Challenge®,1,0.0006
3231,231770,Oh...Sir! The Hollywood Roast,1,0.0006
3232,10019611,OilClicker,1,0.0006
3233,10015354,Old School Rally,1,0.0006
3234,10013305,On The Stairs,1,0.0006
3235,PPSA31960_00,Once Alive,1,0.0006
3236,10015392,Once Upon a Jester,1,0.0006
3237,203219,Onechanbara Z2: Chaos,1,0.0006
3238,10015544,Only Tung Tung Sahur UP,1,0.0006
3239,10001945,Optus Sport,1,0.0006
3240,234875,Othercide,1,0.0006
3241,232670,Override: Mech City Brawl,1,0.0006
3242,217578,Oxenfree,1,0.0006
3243,10004255,Oxide Room 104,1,0.0006
3244,216730,PAC-MAN 256,1,0.0006
3245,10009073,PAC-MAN WORLD 2 Re-PAC,1,0.0006
3246,10013491,Painkiller,1,0.0006
3247,10009577,Paint by Pixel,1,0.0006
3248,10005927,Paleo Pines,1,0.0006
3249,216570,Pang Adventures,1,0.0006
3250,233559,Paper Beast,1,0.0006
3251,10018642,Paper Plane,1,0.0006
3252,232965,Paraiso Island,1,0.0006
3253,209709,Paranautical Activity,1,0.0006
3254,10001225,Park Beyond,1,0.0006
3255,10009928,Park Ranger Simulator,1,0.0006
3256,231146,Party Hard 2,1,0.0006
3257,235243,Patapon™2 Remastered,1,0.0006
3258,10013118,Path Of The Builder,1,0.0006
3259,10012916,Pathé Home,1,0.0006
3260,10006932,Patrick's Parabox,1,0.0006
3261,10013289,PAW Patrol™ Rescue Wheels™: Championship,1,0.0006
3262,10018855,Pawbay,1,0.0006
3263,203492,Penarium,1,0.0006
3264,10008047,Pentiment,1,0.0006
3265,10014972,People of Note,1,0.0006
3266,10011111,Pepper Grinder,1,0.0006
3267,10020136,Pets Survivors,1,0.0006
3268,203482,Phantom Breaker : Battlegrounds -Overdrive-,1,0.0006
3269,10004380,Pinball - Breakthrough Gaming Arcade,1,0.0006
3270,10000334,PING REDUX,1,0.0006
3271,10006611,Pink Pong,1,0.0006
3272,231390,Pirate Flight (VR),1,0.0006
3273,232426,PixARK,1,0.0006
3274,10010817,Pixel Coloring Paint,1,0.0006
3275,10018181,Pixicharm - BitPew,1,0.0006
3276,10018197,Pixicharm - Cluckbit,1,0.0006
3277,10015847,Pixicharm - Flindlehop,1,0.0006
3278,10019462,Pixicharm - Hidden Ninja Dojo,1,0.0006
3279,10014576,Pixicharm - Meowbolt,1,0.0006
3280,10014485,Pixicharm - Porkocalypse,1,0.0006
3281,10015783,Pixicharm - Sparkrina,1,0.0006
3282,10018223,Pixicharm - Timbershot,1,0.0006
3283,10015747,Pixicharm - TuttiRun,1,0.0006
3284,10007261,PJ Masks Power Heroes: Mighty Alliance,1,0.0006
3285,10017519,Plane Flight Simulator,1,0.0006
3286,10011317,Planet of Lana II,1,0.0006
3287,10013132,Platypus Reclayed,1,0.0006
3288,215176,PlayStation™Vue,1,0.0006
3289,10004634,Plunder Panic,1,0.0006
3290,10004202,Pnevmo-Capsula,1,0.0006
3291,10006570,Pocket Academy 3,1,0.0006
3292,10003224,Pocky & Rocky Reshrined,1,0.0006
3293,232873,Pode,1,0.0006
3294,10002874,Poker Pretty Girls Battle: Texas Hold'em,1,0.0006
3295,234531,Police Stories,1,0.0006
3296,10009099,Poly Match,1,0.0006
3297,10018225,Polygon Mayhem,1,0.0006
3298,10001341,Pool,1,0.0006
3299,229229,Pool Nation,1,0.0006
3300,10011670,Possessor(s),1,0.0006
3301,10001898,POSTAL Redux,1,0.0006
3302,10009214,Potato Sack Racing Simulator 2024,1,0.0006
3303,10003991,PowerSlave Exhumed,1,0.0006
3304,234596,Praetorians - HD Remaster,1,0.0006
3305,10017686,Prizma Puzzle Classic,1,0.0006
3306,10019749,Prizma Puzzle Classic 2,1,0.0006
3307,10014371,Pro Wrestler Story,1,0.0006
3308,10014796,Project Drift Japan Challenge,1,0.0006
3309,10019258,Project Neon,1,0.0006
3310,10008212,Project Nightmares Case 36: Henrietta Kedward,1,0.0006
3311,10007228,Promenade,1,0.0006
3312,10008195,Promise Mascot Agency,1,0.0006
3313,216700,PSYCHO-PASS MANDATORY HAPPINESS,1,0.0006
3314,203294,Psychonauts™,1,0.0006
3315,203445,Pumped BMX +,1,0.0006
3316,221770,Punch Club,1,0.0006
3317,10007976,Punch Club 2: Fast Forward,1,0.0006
3318,203578,Pure Chess®,1,0.0006
3319,229996,Pure Farming 2018,1,0.0006
3320,10013614,Pure Pool Pro,1,0.0006
3321,234060,Puyo Puyo Champions,1,0.0006
3322,10000431,Puyo Puyo™ Tetris® 2,1,0.0006
3323,10015073,Puzzle Escapes: Paws & Claws,1,0.0006
3324,10017032,Puzzle Piecer: Leaves of Autumn,1,0.0006
3325,10017785,Puzzle Piecer: The Holiday Spirit,1,0.0006
3326,10015655,Puzzle Piecer: The Sky Above,1,0.0006
3327,10014046,Puzzle Piecer: The World Below,1,0.0006
3328,10009579,Puzzle Vacations: Australia and New Zealand,1,0.0006
3329,10010729,PuzzMiX,1,0.0006
3330,10008900,Quadroids,1,0.0006
3331,10016162,QUARANTINE AREA,1,0.0006
3332,10003776,Queeny Army,1,0.0006
3333,10000422,R.B.I. Baseball 21,1,0.0006
3334,10005099,R4 RIDGE RACER TYPE 4®,1,0.0006
3335,10014543,Ra Ra BOOM,1,0.0006
3336,10009052,Racket Fury: Table Tennis VR,1,0.0006
3337,10005108,Radon Break,1,0.0006
3338,10017451,RAGER,1,0.0006
3339,228828,RAID: World War II,1,0.0006
3340,227499,Railway Empire,1,0.0006
3341,10007648,Rally Cross,1,0.0006
3342,10012625,Ramp Bike Racing,1,0.0006
3343,230220,Rapala Fishing: Pro Series,1,0.0006
3344,10005249,Ray'z Arcade Chronology,1,0.0006
3345,10012024,Reach,1,0.0006
3346,10014440,Real Boxing 2: Remastered,1,0.0006
3347,10011413,Real Estate Simulator - From Bum To Millionaire,1,0.0006
3348,10012083,Real Heroes: Firefighter HD,1,0.0006
3349,10016343,Realm of Ink,1,0.0006
3350,203666,Rebel Galaxy,1,0.0006
3351,10018522,Rebooted Fate,1,0.0006
3352,203790,Red Faction II,1,0.0006
3353,10007229,Red Matter 2,1,0.0006
3354,10003503,Redbox,1,0.0006
3355,10000166,Reed Remastered,1,0.0006
3356,234859,Relayer,1,0.0006
3357,10000252,Remothered: Broken Porcelain,1,0.0006
3358,10006836,Rendering Ranger™: R² [Rewind],1,0.0006
3359,10009910,Rent A Girlfriend -The horizon line and her in a swimsuit-,1,0.0006
3360,10001128,RESEARCH and DESTROY,1,0.0006
3361,232117,Resident Evil Code: Veronica X,1,0.0006
3362,10004653,Resistance: Retribution,1,0.0006
3363,232879,Resonance of Fate™ 4K/HD Edition,1,0.0006
3364,10017740,Retina Rush,1,0.0006
3365,10014843,Retro Geek Shop Simulator,1,0.0006
3366,10010663,RetroRealms,1,0.0006
3367,234733,Return of the Obra Dinn,1,0.0006
3368,234738,Réussir : Code de la Route - Nouvelle Édition (French Highway Code),1,0.0006
3369,10006296,Revita,1,0.0006
3370,10010671,Rewind or Die,1,0.0006
3371,10005046,REYNATIS,1,0.0006
3372,10005153,Rhythm Sprout,1,0.0006
3373,10009107,Richie's Plank Experience,1,0.0006
3374,229849,Rick and Morty: Virtual Rick-ality,1,0.0006
3375,221978,RiME,1,0.0006
3376,10003178,Rise Eterna,1,0.0006
3377,10015745,Rise Eterna 2,1,0.0006
3378,10005169,Rise of the Triad: Ludicrous Edition,1,0.0006
3379,203677,RISK,1,0.0006
3380,234070,River City Girls,1,0.0006
3381,10009272,River Pirates,1,0.0006
3382,10020457,River Strike,1,0.0006
3383,10009829,Road Bustle Online,1,0.0006
3384,10014841,Road Cafe Simulator,1,0.0006
3385,10013994,Robin Hood - Sherwood Builders,1,0.0006
3386,203709,Rocketbirds 2: Evolution,1,0.0006
3387,10006383,Rocketio,1,0.0006
3388,227204,Rogue Aces,1,0.0006
3389,10007723,Rogue Legacy 2,1,0.0006
3390,10014207,Rogue Loops,1,0.0006
3391,10008657,Rogue Waters,1,0.0006
3392,10003640,Röki,1,0.0006
3393,10012956,RollerCoaster Tycoon 3 Complete Edition,1,0.0006
3394,10007575,ROMANCE OF THE THREE KINGDOMS 8 REMAKE,1,0.0006
3395,10007225,Romancelvania,1,0.0006
3396,10004876,Romancing SaGa -Minstrel Song- Remastered,1,0.0006
3397,10016000,ROMEO IS A DEAD MAN,1,0.0006
3398,10018302,Rooftop Rascal: The Alien Cat,1,0.0006
3399,10018954,Rooftop Rascal: The Farmer Cat,1,0.0006
3400,10018707,Rooftop Rascal: The Pirate Cat,1,0.0006
3401,10000296,ROOMBO: FIRST BLOOD,1,0.0006
3402,10005083,Rooten,1,0.0006
3403,203887,Roundabout,1,0.0006
3404,10009745,RPG MAKER WITH,1,0.0006
3405,10006091,Run Sausage Run!,1,0.0006
3406,10011684,"Run, Sandwich, Run!",1,0.0006
3407,10006222,RUNNER,1,0.0006
3408,10005613,Rush Rally Origins,1,0.0006
3409,10002592,Rustler,1,0.0006
3410,10008988,Rusty Rabbit,1,0.0006
3411,235029,Ryu Ga Gotoku 7: Hikari To Yami No Yukue,1,0.0006
3412,10008631,SaGa Frontier 2 Remastered,1,0.0006
3413,10002076,SaGa Frontier Remastered,1,0.0006
3414,10006608,Sailing Era,1,0.0006
3415,10001987,SAMURAI MAIDEN,1,0.0006
3416,234055,SAMURAI SHODOWN,1,0.0006
3417,204492,SAMURAI WARRIORS 4,1,0.0006
3418,229580,SAMURAI WARRIORS 4-II,1,0.0006
3419,229579,SAMURAI WARRIORS 4 Empires,1,0.0006
3420,227214,SAMURAI WARRIORS: Spirit of Sanada,1,0.0006
3421,10005459,SAND LAND,1,0.0006
3422,10015553,Sands of Aura,1,0.0006
3423,216483,Sangoku Hime 4: Tenkaryouran Tenmeinokoiemaki,1,0.0006
3424,10007343,Sausage Wars,1,0.0006
3425,10006275,Save Room,1,0.0006
3426,10017999,Save The Penguin,1,0.0006
3427,10004085,SBK™22,1,0.0006
3428,10005258,Scars Above,1,0.0006
3429,10007417,Sclash,1,0.0006
3430,211080,Scrabble,1,0.0006
3431,232368,Scribblenauts Mega Pack,1,0.0006
3432,231843,Scribblenauts Showdown,1,0.0006
3433,10001098,SD GUNDAM BATTLE ALLIANCE PS4 & PS5,1,0.0006
3434,233364,SD GUNDAM G 世代 火線縱橫,1,0.0006
3435,10016754,Sea Fantasy,1,0.0006
3436,10001697,SEASON: A letter to the future,1,0.0006
3437,210699,Sébastien Loeb Rally EVO,1,0.0006
3438,10002922,Serious Sam 4,1,0.0006
3439,10004759,Serious Sam: Siberian Mayhem,1,0.0006
3440,10003700,Severed Steel,1,0.0006
3441,10013701,Sex Shop Supermarket Simulator,1,0.0006
3442,10005071,Shadow Gambit: The Cursed Crew,1,0.0006
3443,10009867,Shadow Labyrinth,1,0.0006
3444,10001953,Shadow Man Remastered,1,0.0006
3445,204156,Shadow of the Beast™,1,0.0006
3446,221784,Shadow Warrior 2,1,0.0006
3447,10009400,Shadowgate VR: The Mines of Mythrok,1,0.0006
3448,10008909,Shadows of the Damned: Hella Remastered,1,0.0006
3449,231176,Shadows: Awakening,1,0.0006
3450,228845,Shakedown: Hawaii™,1,0.0006
3451,223164,Shantae: Half-Genie Hero Ultimate Edition,1,0.0006
3452,204453,Shantae: Risky's Revenge - Director's Cut,1,0.0006
3453,224943,Shaq Fu: A Legend Reborn,1,0.0006
3454,10010133,Shave & Stuff,1,0.0006
3455,232274,Shenmue III,1,0.0006
3456,216399,Sherlock Holmes: The Devil's Daughter,1,0.0006
3457,10002111,Shin Hayarigami 3,1,0.0006
3458,10010588,Ship Graveyard Simulator 2,1,0.0006
3459,10009506,Ships Simulator,1,0.0006
3460,203974,Shovel Knight: Treasure Trove,1,0.0006
3461,10004197,Shred! Remastered,1,0.0006
3462,10019491,Shujinkou Manga Reader,1,0.0006
3463,10020313,Shy Cats Hidden Orchestra 2,1,0.0006
3464,10016180,Silence under the dome,1,0.0006
3465,10016634,SILLY POLLY BEAST,1,0.0006
3466,10002629,SILT,1,0.0006
3467,10011306,Silverwood Bay: An Eleanor Grey Mystery,1,0.0006
3468,10012348,Simple Dominoes,1,0.0006
3469,10015137,SimRail - The Railway Simulator,1,0.0006
3470,10005234,Sixty Words by POWGI,1,0.0006
3471,204059,Sky Force Anniversary,1,0.0006
3472,10003642,Skydance's BEHEMOTH,1,0.0006
3473,204304,Skylanders SWAP Force,1,0.0006
3474,10005401,Slave Zero X,1,0.0006
3475,10003514,Sleepin' Guy Deluxe Edition,1,0.0006
3476,10003833,Slipstream,1,0.0006
3477,234713,Snakeybus,1,0.0006
3478,10013125,Snezhinka,1,0.0006
3479,221790,Snow Moto Racing Freedom,1,0.0006
3480,10012513,Snufkin: Melody of Moominvalley,1,0.0006
3481,10002444,Sociable Soccer Champions,1,0.0006
3482,10008692,Songs of Conquest,1,0.0006
3483,10013097,Sovereign Syndicate,1,0.0006
3484,232966,Space Junkies,1,0.0006
3485,10005313,Space KaBAAM 2,1,0.0006
3486,204044,Sparkle 2,1,0.0006
3487,10002871,Spectre Divide,1,0.0006
3488,10002769,Sphinx and the Cursed Mummy,1,0.0006
3489,228826,Spider-Man: Homecoming VR,1,0.0006
3490,10000752,Spiritfarer,1,0.0006
3491,233567,Spitlings,1,0.0006
3492,10007960,SpongeBob SquarePants™: The Patrick Star Game,1,0.0006
3493,10015018,SpongeBob: Krusty Cook-Off,1,0.0006
3494,10018933,SPORTAL,1,0.0006
3495,10009060,Sqwrk,1,0.0006
3496,10017942,Star Fire: Eternal Cycle,1,0.0006
3497,10003071,Star Hunter DX,1,0.0006
3498,10004195,Star Ocean The Divine Force,1,0.0006
3499,204219,STAR OCEAN: Integrity and Faithlessness,1,0.0006
3500,210465,Star Ocean®: Till The End Of Time™,1,0.0006
3501,10010609,Star Overdrive,1,0.0006
3502,10004799,Star Trek: Resurgence,1,0.0006
3503,10004921,STAR WARS Demolition,1,0.0006
3504,235341,STAR WARS™ Episode I Racer,1,0.0006
3505,234617,STAR WARS™ Jedi Knight II: Jedi Outcast,1,0.0006
3506,235122,STAR WARS™ Jedi Knight: Jedi Academy,1,0.0006
3507,10008552,STAR WARS™: Bounty Hunter™,1,0.0006
3508,10016247,Starfall Defenders,1,0.0006
3509,10001748,STARLITE: Defender of Justice,1,0.0006
3510,10015420,Static Dread: The Lighthouse,1,0.0006
3511,10007986,Stay Out of the House,1,0.0006
3512,10004497,SteamWorld Build,1,0.0006
3513,204198,SteamWorld Dig,1,0.0006
3514,204200,SteamWorld Heist,1,0.0006
3515,10010794,Steel Seed,1,0.0006
3516,10003187,Steelrising,1,0.0006
3517,227232,Stern Pinball Arcade,1,0.0006
3518,10018078,Stick Infinite Kingdom,1,0.0006
3519,216491,Stikbold!,1,0.0006
3520,10009077,Stilt,1,0.0006
3521,216554,Stories:The Path of Destinies,1,0.0006
3522,227195,STRAFE,1,0.0006
3523,10004938,Stray Souls,1,0.0006
3524,10001827,Street Outlaws 2: Winner Takes All,1,0.0006
3525,10010835,Street Race Kings,1,0.0006
3526,10018696,Streetdog BMX,1,0.0006
3527,10006148,Stroke The Animals,1,0.0006
3528,10006802,Stroke The Beaver,1,0.0006
3529,10006121,Stroke The Cat,1,0.0006
3530,10006069,Stroke The Dog,1,0.0006
3531,10006145,Stroke The Fish,1,0.0006
3532,10006479,Stroke The Horse,1,0.0006
3533,10006480,Stroke The Koala,1,0.0006
3534,10006143,Stroke The Parrot,1,0.0006
3535,10006144,Stroke The Rabbit,1,0.0006
3536,10005939,Stroke The Snake,1,0.0006
3537,10006147,Stroke The Spider,1,0.0006
3538,10011897,Stunt Scooter Simulator,1,0.0006
3539,204173,Styx: Master of Shadows,1,0.0006
3540,233539,SubaraCity,1,0.0006
3541,10009837,SubwaySim 2,1,0.0006
3542,10007725,Sudoku Master,1,0.0006
3543,233353,Suicide Guy Sleepin' Deeply,1,0.0006
3544,10019795,Suika Game Planet,1,0.0006
3545,233823,SUMMER LESSON: Hikari Miyamoto,1,0.0006
3546,10010574,Sunderfolk,1,0.0006
3547,10015390,SUPER BOMBERMAN COLLECTION,1,0.0006
3548,10000718,SUPER BOMBERMAN R ONLINE,1,0.0006
3549,10005088,Super Kids Racing - Snow Edition,1,0.0006
3550,217342,Super Mega Baseball 2,1,0.0006
3551,10004260,Super Onion Boy 2,1,0.0006
3552,10012656,Super Onion Boy+,1,0.0006
3553,10001183,Super Robot Wars 30,1,0.0006
3554,233015,SUPER ROBOT WARS T,1,0.0006
3555,210292,Super Star Wars,1,0.0006
3556,215894,Super Stardust™Ultra,1,0.0006
3557,10010441,Super Woden GP II,1,0.0006
3558,10007345,Supraland: Six Inches Under,1,0.0006
3559,229840,Surviving Mars,1,0.0006
3560,10016101,Suzerain,1,0.0006
3561,10000585,Sweetest Monster,1,0.0006
3562,217393,Switchblade,1,0.0006
3563,234921,SWORD ART ONLINE Alicization Lycoris,1,0.0006
3564,10004721,SWORD ART ONLINE Last Recollection PS4 & PS5,1,0.0006
3565,226798,SWORD ART ONLINE Re: Hollow Fragment,1,0.0006
3566,204525,Sword Art Online: Lost Song,1,0.0006
3567,233125,Sword of the Vagrant,1,0.0006
3568,10010432,SWORN,1,0.0006
3569,10009644,System Critical 2,1,0.0006
3570,10004674,Tad the Lost Explorer,1,0.0006
3571,230635,Taiko no Tatsujin: Drum Session!,1,0.0006
3572,10002568,Tails Noir,1,0.0006
3573,204836,Tales from the Borderlands,1,0.0006
3574,222904,Talisman Digital Edition,1,0.0006
3575,10002778,Tank Mechanic Simulator,1,0.0006
3576,10012731,Tank Mechanic Simulator - Reinforced,1,0.0006
3577,10004793,Taqoban,1,0.0006
3578,10000744,Taxi Chaos,1,0.0006
3579,10013275,TCG Card Shop Empire,1,0.0006
3580,10003612,Tchia,1,0.0006
3581,215974,Tearaway™ Unfolded,1,0.0006
3582,204964,Teenage Mutant Ninja Turtles™: Mutants in Manhattan,1,0.0006
3583,234757,Telling Lies,1,0.0006
3584,10006966,Ten Dates,1,0.0006
3585,10008168,Tennis On-Court,1,0.0006
3586,228687,Tennis World Tour,1,0.0006
3587,10017368,Terrinoth®: Heroes of Descent,1,0.0006
3588,10002366,Tetragon,1,0.0006
3589,10016600,The 9th Charnel,1,0.0006
3590,10003693,The Artful Escape,1,0.0006
3591,10005772,The Backrooms,1,0.0006
3592,10012425,The Backrooms: Survival,1,0.0006
3593,204587,The Banner Saga,1,0.0006
3594,10013855,The Blood of Dawnwalker,1,0.0006
3595,10017892,The Boys,1,0.0006
3596,10011388,The Boys Escape,1,0.0006
3597,204591,The Bridge,1,0.0006
3598,10006152,The Burger Quiz,1,0.0006
3599,10015561,The Cabin Factory,1,0.0006
3600,228694,The Caligula Effect: Overdose,1,0.0006
3601,10002619,The Colonists,1,0.0006
3602,10000347,The Complex,1,0.0006
3603,10004192,The Dark Pictures Anthology: The Devil In Me,1,0.0006
3604,10001079,The Drone Racing League Simulator,1,0.0006
3605,10000689,The Dungeon of Naheulbeuk: The Amulet of Chaos,1,0.0006
3606,10012599,The Elf on the Shelf®: Christmas Heroes,1,0.0006
3607,233404,The End is Nigh,1,0.0006
3608,10005553,The Entropy Centre,1,0.0006
3609,204598,The Escapists,1,0.0006
3610,219877,The Escapists: The Walking Dead,1,0.0006
3611,10002458,The Forgotten City,1,0.0006
3612,10010524,The Glass Staircase,1,0.0006
3613,213182,The Golf Club,1,0.0006
3614,232841,The Golf Club 2019,1,0.0006
3615,10015509,The Heart of Influencer,1,0.0006
3616,10008355,The Jackbox Party Pack 10,1,0.0006
3617,10004969,The Jackbox Party Pack 9,1,0.0006
3618,10006190,The Jumping Bagel,1,0.0006
3619,10016899,The Jumping Ball,1,0.0006
3620,10005285,The Jumping Burger,1,0.0006
3621,10006192,The Jumping Burger - Halloween Edition,1,0.0006
3622,10005959,The Jumping Churros,1,0.0006
3623,10009259,The Jumping Food Memory - PS4 & PS5,1,0.0006
3624,10005407,The Jumping Fries,1,0.0006
3625,10011984,The Jumping Ice Cube - PS4 & PS5,1,0.0006
3626,10005781,The Jumping Kebab,1,0.0006
3627,10005961,The Jumping Lasagne,1,0.0006
3628,10005726,The Jumping Noodles,1,0.0006
3629,10005818,The Jumping Pasta,1,0.0006
3630,10005366,The Jumping Pizza,1,0.0006
3631,10006092,The Jumping Pumpkin,1,0.0006
3632,10005555,The Jumping Sandwich,1,0.0006
3633,10005484,The Jumping Soda,1,0.0006
3634,10006255,The Jumping Tofu,1,0.0006
3635,204734,The King of Fighters Collection: The Orochi Saga,1,0.0006
3636,10004463,THE KING OF FIGHTERS XIII GLOBAL MATCH,1,0.0006
3637,10005253,The Knight Witch,1,0.0006
3638,10003575,The Last Oricru,1,0.0006
3639,10012789,The Legend of Heroes: Trails beyond the Horizon,1,0.0006
3640,10004596,The Legend of Heroes: Trails through Daybreak II,1,0.0006
3641,10003823,The Legend of Tianding,1,0.0006
3642,231841,The Liar Princess and the Blind Prince,1,0.0006
3643,234003,The Lord of the Rings - Adventure Card Game,1,0.0006
3644,10003139,The Lord of the Rings: Gollum™,1,0.0006
3645,10004087,The Matrix Awakens: An Unreal Engine 5 Experience,1,0.0006
3646,10009390,The Midnight Walk,1,0.0006
3647,234319,THE NINJA SAVIORS Return of the Warriors,1,0.0006
3648,216428,The Park,1,0.0006
3649,229862,The Path of Motus,1,0.0006
3650,227519,The Persistence,1,0.0006
3651,10001951,The Plane Effect,1,0.0006
3652,10007954,The Plucky Squire,1,0.0006
3653,10007997,The Sisters 2 - Road to Fame,1,0.0006
3654,10010426,The Smurfs - Dreams,1,0.0006
3655,216542,The Surge,1,0.0006
3656,234385,The Survivalists,1,0.0006
3657,229699,The Swords of Ditto,1,0.0006
3658,10017556,THE TAG-ALONG OBSESSION,1,0.0006
3659,10004403,The Tartarus Key,1,0.0006
3660,10015178,The Wellmonts Case,1,0.0006
3661,10005652,The Witch's House MV,1,0.0006
3662,204662,TheSilverCase,1,0.0006
3663,232722,They Are Billions,1,0.0006
3664,10010587,Thief Simulator 2,1,0.0006
3665,10008630,This Bed We Made,1,0.0006
3666,10016132,This is Fine: Maximum Cope,1,0.0006
3667,223177,This Is the Police,1,0.0006
3668,231896,This Is the Police 2,1,0.0006
3669,232723,Thronebreaker: The Witcher Tales,1,0.0006
3670,10014204,Through the Nightmares,1,0.0006
3671,211798,Thumper,1,0.0006
3672,10001583,Thunderflash,1,0.0006
3673,10005509,Time Flies,1,0.0006
3674,10007416,Tintin Reporter - Cigars of the Pharaoh,1,0.0006
3675,10010307,Tomba! Special Edition,1,0.0006
3676,10000486,Tony Stewart's Sprint Car Racing,1,0.0006
3677,10007776,Toodee and Topdee,1,0.0006
3678,234898,Tools Up,1,0.0006
3679,10009754,Top Racer Collection,1,0.0006
3680,204987,Toro,1,0.0006
3681,10016442,Total Chaos,1,0.0006
3682,10011421,Totally Spies! - Cyber Mission,1,0.0006
3683,10011752,Touhou Genso Wanderer -FORESIGHT-,1,0.0006
3684,10000280,TOUR DE FRANCE 2020,1,0.0006
3685,10017157,Tow Truck Police Simulator,1,0.0006
3686,10014850,Towerborne,1,0.0006
3687,10000539,Train Sim World 2,1,0.0006
3688,10004889,Train Sim World 3,1,0.0006
3689,10015452,Tralalero Tralala Jumper,1,0.0006
3690,10007398,TramSim: Console Edition,1,0.0006
3691,229520,Transference,1,0.0006
3692,213681,TRANSFORMERS: Fall of Cybertron,1,0.0006
3693,205055,Transistor,1,0.0006
3694,233528,Travis Strikes Again: No More Heroes Complete Edition,1,0.0006
3695,10006527,Trenches,1,0.0006
3696,234756,Trials of Mana,1,0.0006
3697,10012776,TRIANGLE STRATEGY,1,0.0006
3698,221794,TRON RUN/r,1,0.0006
3699,10009046,Troopers,1,0.0006
3700,231198,Trover Saves the Universe,1,0.0006
3701,234368,True Fear: Forsaken Souls Part 2,1,0.0006
3702,10007940,Truth,1,0.0006
3703,10016158,TUNG TUNG SAHUR EXTREME,1,0.0006
3704,10005212,Turmoil,1,0.0006
3705,10002477,Twelve Minutes,1,0.0006
3706,232892,Twin Mirror,1,0.0006
3707,10012150,Twins of Legacy : Elemental,1,0.0006
3708,10000876,Tyd wag vir Niemand,1,0.0006
3709,216429,Type:Rider,1,0.0006
3710,10017663,Tyrant's Realm,1,0.0006
3711,10013144,UBOAT,1,0.0006
3712,216535,UEFA EURO 2016 / PES 2016,1,0.0006
3713,10007629,UFO ROBOT GRENDIZER – The Feast of the Wolves,1,0.0006
3714,10017021,UFOPHILIA,1,0.0006
3715,201142,Ultra Despair Girls,1,0.0006
3716,10010433,Ultra Foodmess 2,1,0.0006
3717,10006929,Ultrawings 2,1,0.0006
3718,228660,Uncharted 3: Drake's Deception™ Remastered,1,0.0006
3719,228658,Uncharted™: Drake's Fortune Remastered,1,0.0006
3720,232972,UNDER NIGHT IN-BIRTH Exe:Late[cl-r],1,0.0006
3721,230295,UNDER NIGHT IN-BIRTH Exe:Late[st],1,0.0006
3722,10013325,UNDERDOGS,1,0.0006
3723,10014767,UNDERWARD,1,0.0006
3724,216476,Unepic,1,0.0006
3725,10006358,Unheard - Voices of Crime Edition,1,0.0006
3726,10002768,UnMetal,1,0.0006
3727,10004687,Unpacking,1,0.0006
3728,10000914,Unrailed!,1,0.0006
3729,220134,Until Dawn™: Rush of Blood,1,0.0006
3730,10000591,Until You Fall,1,0.0006
3731,10005550,Unusual Findings,1,0.0006
3732,10011747,UP 1 WAY,1,0.0006
3733,10010358,Urban Myth Dissolution Center,1,0.0006
3734,10000741,UTAWARERUMONO ZAN2,1,0.0006
3735,234291,Utawarerumono: Prelude to the Fallen,1,0.0006
3736,221797,Valentino Rossi The Game,1,0.0006
3737,10004428,VALKYRIE ELYSIUM,1,0.0006
3738,10004508,VALKYRIE PROFILE: LENNETH,1,0.0006
3739,10010815,VARLET,1,0.0006
3740,10012191,Venus Vacation PRISM - DEAD OR ALIVE Xtreme -,1,0.0006
3741,214706,Victor Vran,1,0.0006
3742,10016682,Viking Frontiers,1,0.0006
3743,10018585,Village of the Curse,1,0.0006
3744,223215,VirZOOM Arcade,1,0.0006
3745,234429,Void Bastards,1,0.0006
3746,235081,void tRrLM(); //Void Terrarium,1,0.0006
3747,221796,Volgarr the Viking,1,0.0006
3748,10006805,Wall2Wall,1,0.0006
3749,10003731,Wanted: Dead,1,0.0006
3750,235042,"Warhammer 40,000 : Mechanicus",1,0.0006
3751,10006942,"Warhammer 40,000: Chaos Gate - Daemonhunters",1,0.0006
3752,10008848,"Warhammer 40,000: Mechanicus II",1,0.0006
3753,10003872,Warlander,1,0.0006
3754,10017055,Warplanes: WWI Sky Aces,1,0.0006
3755,230086,Wasteland 3,1,0.0006
3756,235112,WatchVR,1,0.0006
3757,10016856,Waterpark Simulator 25,1,0.0006
3758,10005624,We Love Katamari REROLL+ Royal Reverie,1,0.0006
3759,10002430,We Were Here Forever,1,0.0006
3760,233540,We. The Revolution,1,0.0006
3761,221804,Werewolves Within,1,0.0006
3762,234315,West of Dead,1,0.0006
3763,10002421,Whateverland,1,0.0006
3764,10001065,When the Past Was Around,1,0.0006
3765,10016610,Who's at the door?,1,0.0006
3766,10004409,Wild Arms,1,0.0006
3767,10018694,WILL: Follow The Light,1,0.0006
3768,10005820,Willy's Wonderland - The Game,1,0.0006
3769,10012854,Winning Post 10 2025,1,0.0006
3770,235344,Winter Ember,1,0.0006
3771,10019408,Witchfall,1,0.0006
3772,10010849,WitchSpring R,1,0.0006
3773,10017117,Witness to Plague,1,0.0006
3774,10010381,Wizardry: Proving Grounds of the Mad Overlord,1,0.0006
3775,10015423,Wizordum,1,0.0006
3776,205262,Woah Dave!,1,0.0006
3777,10007318,Wolcen: Lords of Mayhem,1,0.0006
3778,10003496,Wonder Boy Collection,1,0.0006
3779,232506,Word Search by POWGI,1,0.0006
3780,10008316,Worms Pinball [PS1 Emulation],1,0.0006
3781,10005975,Wreckreation,1,0.0006
3782,10004561,WrestleQuest,1,0.0006
3783,205331,WWE,1,0.0006
3784,10013675,Wylde Flowers,1,0.0006
3785,10000509,Y School Heroes: Bustlin’ School life,1,0.0006
3786,205422,YAKUZA 4,1,0.0006
3787,10005471,Yars: Recharged,1,0.0006
3788,10009414,"YEAH! YOU WANT ""THOSE GAMES,"" RIGHT? SO HERE YOU GO! NOW, LET'S SEE YOU CLEAR THEM!",1,0.0006
3789,10010630,"YEAH! YOU WANT ""THOSE GAMES,"" RIGHT? SO HERE YOU GO! NOW, LET'S SEE YOU CLEAR THEM! 2",1,0.0006
3790,227572,Yoga Master,1,0.0006
3791,10008910,Yohane the Parhelion - NUMAZU in the MIRAGE -,1,0.0006
3792,221810,Yooka-Laylee,1,0.0006
3793,234377,Yooka-Laylee and the Impossible Lair,1,0.0006
3794,10012610,Yooka-Replaylee,1,0.0006
3795,232053,YOU ARE BEING FOLLOWED,1,0.0006
3796,233458,Your Diary +,1,0.0006
3797,232766,Youtubers Life,1,0.0006
3798,233994,Ys IX: Monstrum Nox,1,0.0006
3799,235104,Zaccaria Pinball,1,0.0006
3800,10018815,Zen Wash,1,0.0006
3801,227251,Zero Escape: The Nonary Games,1,0.0006
3802,205507,Ziggurat,1,0.0006
3803,10006184,Zombie Army VR,1,0.0006
3804,10011572,Zombie Fall: Survival Challenge,1,0.0006
3805,10011269,Zombie Legion,1,0.0006
3806,10013173,Zoochosis,1,0.0006
3807,10008810,パワフルプロ野球2024-2025,1,0.0006
3808,228778,假面騎士 巔峰戰士／幪面超人 巔峰戰士,1,0.0006
3809,228763,初音ミク Project DIVA Future Tone DX,1,0.0006
3810,216423,超級機器人大戰OG The Moon Dwellers,1,0.0006
3811,200972,魔界戦記ディスガイア５,1,0.0006
3812,206650,魯弗蘭的地下迷宮與魔女的旅團,1,0.0006
