rank,title_id,title,players,percentage
1,267695549,Fortnite,10546,16.5768
2,342226876,Roblox - Xbox,10168,15.9826
3,2001700854,Call of Duty®,7396,11.6255
4,1828326430,Minecraft,4010,6.3031
5,972249091,Grand Theft Auto V,3984,6.2623
6,1653663875,EA SPORTS FC™ 25,3080,4.8413
7,926771636,Tom Clancy's Rainbow Six Siege,2945,4.6291
8,558797228,Rocket League®,2410,3.7882
9,1794566092,Minecraft Launcher,1925,3.0258
10,1732013402,Grounded 2 (Game Preview),1918,3.0148
11,2030093255,Forza Horizon 5,1833,2.8812
12,1794906646,Marvel Rivals,1540,2.4207
13,1657391528,NBA 2K25,1510,2.3735
14,175227487,Apex Legends™,1223,1.9224
15,896928775,Minecraft for Windows,1201,1.8878
16,2118102995,EA SPORTS™ College Football 26,1138,1.7888
17,2073302268,Ready or Not,890,1.399
18,591405932,Red Dead Redemption 2,829,1.3031
19,1631143456,EA SPORTS™ Madden NFL 26,784,1.2323
20,1766088016,Farming Simulator 25,739,1.1616
21,102425831,Dead by Daylight,736,1.1569
22,1634930870,REMATCH,718,1.1286
23,2010328709,Assassin's Creed® Mirage,714,1.1223
24,1993685552,UFC® 5,664,1.0437
25,1876694512,Madden NFL 25,650,1.0217
26,94618376,Overwatch®,594,0.9337
27,1717113201,Sea of Thieves: 2026 Edition,540,0.8488
28,1766989558,MLB® The Show™ 25,528,0.8299
29,144389848,Destiny 2,516,0.8111
30,1759802069,EA SPORTS™ College Football 25,495,0.7781
31,833960563,STAR WARS™ Battlefront™ II,487,0.7655
32,629270283,Gang Beasts,481,0.7561
33,2105342780,Grounded,467,0.7341
34,1952300170,Battlefield™ 2042,453,0.7121
35,950328474,PUBG: BATTLEGROUNDS,408,0.6413
36,2003727579,Call of Duty®: Modern Warfare® III,371,0.5832
37,2043073184,Halo Infinite,368,0.5784
38,1161890022,Skate 3,356,0.5596
39,638965135,Descenders,354,0.5564
40,222473492,Cyberpunk 2077,353,0.5549
41,777107394,DayZ,348,0.547
42,1852502655,EA SPORTS FC™ 24,344,0.5407
43,2139646219,VALORANT,342,0.5376
44,140280380,Call of Duty®: WWII,314,0.4936
45,1877908426,Tony Hawk's™ Pro Skater™ 3 + 4,307,0.4826
46,171869406,War Thunder,303,0.4763
47,1992453063,Among Us,302,0.4747
48,1669427955,ELDEN RING NIGHTREIGN,301,0.4731
49,1959007243,Call of Duty®: Modern Warfare® II,300,0.4716
50,2013614379,Fall Guys,287,0.4511
51,80579825,Call of Duty: Black Ops III,285,0.448
52,812065290,Halo: The Master Chief Collection,285,0.448
53,1712074146,WUCHANG: Fallen Feathers,281,0.4417
54,1853524575,Mafia: The Old Country,274,0.4307
55,285358298,Mortal Kombat 11,269,0.4228
56,893395429,Rust Console Edition X|S,269,0.4228
57,1953759531,Phasmophobia (Game Preview),260,0.4087
58,1928988061,ARK: Survival Ascended,258,0.4055
59,1848421257,eFootball™,258,0.4055
60,1965191913,F1® 24,257,0.404
61,1198088771,FOR HONOR,257,0.404
62,1892245301,ELDEN RING,255,0.4008
63,1947812162,WWE 2K25,251,0.3945
64,687339341,Brawlhalla,243,0.382
65,332913499,Fallout 76,240,0.3772
66,1842668909,Forza Motorsport,238,0.3741
67,1646963350,NHL® 25 Xbox Series X|S,238,0.3741
68,1797327516,Palworld,228,0.3584
69,1096157379,COD: Black Ops II,227,0.3568
70,85494077,Microsoft Solitaire Collection,227,0.3568
71,1256782258,Fallout 4,217,0.3411
72,1769971395,Clair Obscur: Expedition 33,216,0.3395
73,352040487,Tom Clancy’s The Division 2,214,0.3364
74,2068332202,Abiotic Factor,207,0.3254
75,2102232082,Heretic + Hexen,207,0.3254
76,1880744816,Farming Simulator 22,201,0.3159
77,1482870140,Warframe,199,0.3128
78,1973901376,Diablo® IV,197,0.3097
79,1830948067,EA SPORTS™ PGA TOUR™,190,0.2987
80,207015551,theHunter: Call of the Wild™,190,0.2987
81,1484511986,Battlefield 4,186,0.2924
82,321656011,The Sims™ 4,178,0.2798
83,2021110805,Roblox - Not Supported,175,0.2751
84,252034287,The Elder Scrolls V: Skyrim Special Edition,175,0.2751
85,256364670,Battlefield™ V,174,0.2735
86,1386529057,Battlefield™ 1,166,0.2609
87,1975246356,Baldur's Gate 3,163,0.2562
88,1479758055,Batman™: Arkham Knight,163,0.2562
89,306230746,Stardew Valley,162,0.2546
90,2099828114,THE FINALS,159,0.2499
91,983730484,ARK: Survival Evolved,154,0.2421
92,2111829961,Hell Let Loose,154,0.2421
93,453395486,Ultimate Chicken Horse,154,0.2421
94,283303390,Wreckfest,153,0.2405
95,1985701699,Forza Horizon 4,149,0.2342
96,1774692913,Goat Simulator 3,146,0.2295
97,1902585111,DOOM: The Dark Ages,144,0.2263
98,1878915001,SnowRunner,143,0.2248
99,728655825,Plants vs. Zombies™ Garden Warfare 2,142,0.2232
100,1695979902,The Elder Scrolls IV: Oblivion Remastered,142,0.2232
101,1790482525,Call of Duty®: Black Ops Cold War,139,0.2185
102,1825113946,PowerWash Simulator,139,0.2185
103,840116976,World of Tanks Modern Armor,139,0.2185
104,1728105232,Assassin's Creed Valhalla,138,0.2169
105,1789091683,Rain World,138,0.2169
106,1779135141,Riders Republic™,138,0.2169
107,1855024215,"Warhammer 40,000: Space Marine 2",138,0.2169
108,1840884885,Battlefield™,136,0.2138
109,465979625,UFC® 4,136,0.2138
110,2138304024,Rec Room,134,0.2106
111,2079794073,Starfield,133,0.2091
112,478449077,World of Warships: Legends,133,0.2091
113,1738914043,Assassin's Creed Shadows,132,0.2075
114,1792830437,Balatro,132,0.2075
115,2053080068,Genshin Impact,132,0.2075
116,1616563209,FragPunk,130,0.2043
117,374923716,Gears 5,129,0.2028
118,1855217179,Golf With Your Friends,129,0.2028
119,1911508378,RoboCop: Rogue City,129,0.2028
120,756981192,Borderlands 3,128,0.2012
121,1096157269,Call of Duty®: Black Ops,128,0.2012
122,1874191487,High On Life,128,0.2012
123,1938834516,State of Decay 2: Juggernaut Edition,125,0.1965
124,1720633196,Minecraft Dungeons,124,0.1949
125,2054716369,It Takes Two,122,0.1918
126,491582364,Need for Speed™ Heat,122,0.1918
127,1679027058,Stumble Guys,122,0.1918
128,2135594829,Jurassic World Evolution 2,121,0.1902
129,1285166951,The Elder Scrolls Online,121,0.1902
130,1696147865,Zenless Zone Zero,120,0.1886
131,2069980568,The First Descendant,118,0.1855
132,45083076,Injustice™ 2,117,0.1839
133,1850827024,F1® 25,116,0.1823
134,1615644955,Microsoft Flight Simulator 2024,116,0.1823
135,1019460860,DRAGON BALL XENOVERSE 2,115,0.1808
136,1894513996,CarX Street,114,0.1792
137,964818375,Assassin's Creed Odyssey,113,0.1776
138,1961305648,Totally Accurate Battle Simulator,113,0.1776
139,60633334,7 Days to Die,112,0.176
140,1693340366,Hogwarts Legacy,112,0.176
141,346683864,Tom Clancy's Ghost Recon Wildlands,112,0.176
142,2008767227,Brotato,111,0.1745
143,1730755212,Mortal Kombat™ 1,111,0.1745
144,1715349030,Asphalt Legends,110,0.1729
145,1720309872,Arma Reforger,109,0.1713
146,1671080157,Minecraft Preview,108,0.1698
147,1611895213,Disney Dreamlight Valley,106,0.1666
148,609700427,Call of Duty®: Modern Warfare®,105,0.165
149,2043906033,MX vs ATV Legends,105,0.165
150,1805568255,Trailmakers,104,0.1635
151,447911394,Far Cry® 5,103,0.1619
152,1749127985,Madden NFL 24,103,0.1619
153,1938832846,STAR WARS Jedi: Survivor™,102,0.1603
154,312881568,Human Fall Flat,101,0.1588
155,1161890069,FIGHT NIGHT CHAMPION,100,0.1572
156,623325843,Cuphead,99,0.1556
157,1726497855,PGA TOUR 2K25,99,0.1556
158,1857595573,The Crew Motorfest,99,0.1556
159,1843269941,Chivalry 2,98,0.154
160,389597738,Terraria,95,0.1493
161,2032762484,Descenders Next (Game Preview),94,0.1478
162,783973363,Dead Island 2,92,0.1446
163,964706972,No Man's Sky,91,0.143
164,1671990131,MY HERO ULTRA RUMBLE,90,0.1415
165,1925947069,FARCRY 6,89,0.1399
166,1646978734,Police Simulator: Patrol Officers,89,0.1399
167,1699459210,DRAGON BALL Sparking! ZERO,87,0.1368
168,1777860928,Microsoft Flight Simulator (2020),87,0.1368
169,2014590773,Car Mechanic Simulator 2021,83,0.1305
170,2067705319,NBA 2K24,83,0.1305
171,2068980019,CarX Drift Racing Online,82,0.1289
172,1145574011,Titanfall® 2,82,0.1289
173,415619002,Watch Dogs®2,82,0.1289
174,2143033449,Monster Hunter Wilds,80,0.1257
175,1985019983,Crash Bandicoot™ 4: It’s About Time,79,0.1242
176,627891457,Little Nightmares II Enhanced Edition,79,0.1242
177,961090289,Tom Clancy's Ghost Recon Breakpoint,79,0.1242
178,1701108859,HITMAN 3,77,0.121
179,1832051520,Crime Scene Cleaner,71,0.1116
180,308190374,LEGO® Star Wars™: The Skywalker Saga,70,0.11
181,345903534,Minecraft: Xbox One Edition,70,0.11
182,1008687929,Mortal Kombat X,70,0.11
183,1112737760,Fallout: New Vegas,69,0.1085
184,1994003829,EA SPORTS™ FIFA 23 Standard Edition,68,0.1069
185,1841062643,Hunt: Showdown 1896,68,0.1069
186,2098787950,Age of Empires IV: Anniversary Edition,67,0.1053
187,1912862912,Sniper Elite: Resistance,66,0.1037
188,837917131,Deep Rock Galactic,65,0.1022
189,1731202267,Need for Speed™ Unbound,65,0.1022
190,792158305,Call of Duty®: Black Ops 4,64,0.1006
191,2128602192,Bluey: The Videogame,63,0.099
192,1792227428,Indiana Jones and the Great Circle,63,0.099
193,502034863,Assassin's Creed Origins,62,0.0975
194,1744726864,Enlisted,61,0.0959
195,339148107,Insurgency: Sandstorm (Windows),61,0.0959
196,642156375,Crash™ Team Racing Nitro-Fueled,60,0.0943
197,1667928394,Halo Wars 2,60,0.0943
198,2059211995,Hollow Knight: Voidheart Edition,60,0.0943
199,72159092,Crash Bandicoot™ N. Sane Trilogy,59,0.0927
200,308654313,Overcooked! 2,59,0.0927
201,2053555152,Yu-Gi-Oh! Master Duel,59,0.0927
202,1028735742,NARUTO SHIPPUDEN™: Ultimate Ninja® STORM 4,58,0.0912
203,830649354,Dying Light,57,0.0896
204,1414793202,GTA IV,57,0.0896
205,2079828144,Holdfast: Nations At War,57,0.0896
206,1655054632,My Friendly Neighborhood,57,0.0896
207,1684508835,"Warhammer 40,000: Darktide",57,0.0896
208,1367952835,Far Cry® 4,56,0.088
209,490838306,Fishing Planet,56,0.088
210,1753744295,"Little Kitty, Big City",56,0.088
211,1976117247,Path of Titans (Game Preview),56,0.088
212,1793309125,WWE 2K24,56,0.088
213,1465674891,Assetto Corsa,55,0.0865
214,791545701,Goat Simulator,55,0.0865
215,1993741445,SMITE 2 (Game Preview),55,0.0865
216,749311689,Plants vs. Zombies: Battle for Neighborville™,54,0.0849
217,2132429347,Risk of Rain 2,54,0.0849
218,2064168993,Age of Empires II: Definitive Edition,53,0.0833
219,2067022016,Call of the Wild: The Angler™,53,0.0833
220,374621264,RESIDENT EVIL 2,53,0.0833
221,2106583887,TEKKEN 8,53,0.0833
222,2005028938,S.T.A.L.K.E.R. 2: Heart of Chornobyl - Windows Edition,52,0.0817
223,1843596190,SPLITGATE: Arena Reloaded,52,0.0817
224,1758796660,Wobbly Life,52,0.0817
225,869175187,A Way Out,51,0.0802
226,1970218801,Dead by Daylight Windows,51,0.0802
227,678953862,Borderlands 2,50,0.0786
228,1865076226,MLB® The Show™ 24 Xbox One,50,0.0786
229,1988609509,PGA TOUR 2K23,50,0.0786
230,1733257076,Teardown,50,0.0786
231,2083870981,Who's Your Daddy?!,50,0.0786
232,2077953041,Clone Drone in the Danger Zone,49,0.077
233,1770590742,Football Manager 2024 Console,49,0.077
234,1096157207,Modern Warfare® 2,49,0.077
235,880031210,NBA LIVE 19,49,0.077
236,1809107273,NHL® 24,49,0.077
237,219630713,Halo 5: Guardians,48,0.0754
238,1096157387,Modern Warfare® 3,48,0.0754
239,1812294496,Mecha BREAK,47,0.0739
240,2042908226,Rugby League 26,47,0.0739
241,1693391830,SpongeBob SquarePants™: The Patrick Star Game,47,0.0739
242,2103516179,The Outlast Trials,47,0.0739
243,1740172423,Totally Reliable Delivery Service,47,0.0739
244,422207632,Castle Crashers Remastered,46,0.0723
245,1768081511,Crusader Kings III,46,0.0723
246,1971845611,Mount & Blade II: Bannerlord,46,0.0723
247,2106683993,skate.™ (Game Preview),45,0.0707
248,1703229686,Split Fiction,45,0.0707
249,1719923985,Undisputed,45,0.0707
250,1695638358,Vampire Survivors,45,0.0707
251,320504455,Middle-earth™: Shadow of War™,44,0.0692
252,434412541,Rise of the Tomb Raider,44,0.0692
253,1972063516,Sifu,44,0.0692
254,504085184,The Crew® 2,44,0.0692
255,2046562785,Avowed,42,0.066
256,2113731956,Disney Speedstorm,42,0.066
257,1863849961,Palia,42,0.066
258,1297287339,Gears of War 3,41,0.0644
259,1711563707,House Flipper,41,0.0644
260,1874517142,Retro Classics,41,0.0644
261,790047319,Sekiro™: Shadows Die Twice - GOTY Edition,41,0.0644
262,2093000869,Slay The Spire,41,0.0644
263,56347639,Spyro™ Reignited Trilogy,41,0.0644
264,1687693597,Assetto Corsa Competizione,40,0.0629
265,514006173,Batman: Return to Arkham - Arkham City,40,0.0629
266,15959542,DRAGON BALL FIGHTERZ,40,0.0629
267,834001943,Dying Light 2: Stay Human - Reloaded Edition,40,0.0629
268,1096157212,Call of Duty®: WaW,39,0.0613
269,1808064759,FIFA 22,39,0.0613
270,1799461557,NBA 2K23,39,0.0613
271,1479895282,PAYDAY 2: CRIMEWAVE EDITION,39,0.0613
272,1480657407,Plants vs. Zombies,39,0.0613
273,1852916479,Resident Evil 4,39,0.0613
274,680942588,STAR WARS Jedi: Fallen Order™,39,0.0613
275,754791096,Call of Duty®: Infinite Warfare,38,0.0597
276,1873615541,Pool Blitz,38,0.0597
277,568182861,ASTRONEER,37,0.0582
278,2117764661,Diablo III: Reaper of Souls – Ultimate Evil Edition,37,0.0582
279,1670311038,Persona 3 Reload,37,0.0582
280,1631329360,Pixel Strike 3D,37,0.0582
281,84790147,Watch Dogs®: Legion,37,0.0582
282,415563833,DiRT Rally 2.0,36,0.0566
283,244552082,Left 4 Dead 2,36,0.0566
284,1065708874,Skull and Bones,36,0.0566
285,1687588412,Street Fighter™ 6,36,0.0566
286,1715865995,Back to the Dawn,35,0.055
287,655591242,Far Cry® New Dawn,35,0.055
288,1289871275,Forza Horizon 3,35,0.055
289,470244957,LEGO Marvel Super Heroes,35,0.055
290,1984680366,Medieval Dynasty,35,0.055
291,1816197116,Wheel World,35,0.055
292,1682363458,Avatar: Frontiers of Pandora,34,0.0534
293,1803141715,Football Manager 2024,34,0.0534
294,2097321401,Blue Prince,33,0.0519
295,810101074,Dead Cells,33,0.0519
296,331135949,DOOM Eternal (BATTLEMODE),33,0.0519
297,2083429980,Nickelodeon All-Star Brawl 2,33,0.0519
298,1805770178,PAW Patrol Mighty Pups Save Adventure Bay,33,0.0519
299,1922695178,PlateUp!,33,0.0519
300,1145753246,Red Dead Redemption,33,0.0519
301,945909358,Subnautica,33,0.0519
302,794552001,The Binding of Isaac: Rebirth,33,0.0519
303,530462567,The Witcher 3: Wild Hunt – Complete Edition,33,0.0519
304,2013541297,"Warhammer 40,000: Space Marine - Master Crafted Edition",33,0.0519
305,1936845110,Cities: Skylines - Remastered,32,0.0503
306,1972007641,Kingdom Come: Deliverance II,32,0.0503
307,1192666733,Mafia III,32,0.0503
308,165599118,Prominence Poker,32,0.0503
309,1818602982,RoadCraft,32,0.0503
310,625948041,Slime Rancher,32,0.0503
311,552499398,Gears of War 4,31,0.0487
312,1931936981,Goat Simulator: Remastered (Windows Edition),31,0.0487
313,1876744786,Killing Floor 3,31,0.0487
314,1029888556,LEGO® Jurassic World™,31,0.0487
315,1846145161,Metaphor: ReFantazio,31,0.0487
316,770775860,RESIDENT EVIL 3 for Windows,31,0.0487
317,913783821,Shadow of the Tomb Raider,31,0.0487
318,367254866,Sleeping Dogs™ Definitive Edition,31,0.0487
319,1879115757,Trackmania®,31,0.0487
320,556718860,Assassin's Creed IV Black Flag,30,0.0472
321,1852580050,Barbie Project Friendship™,30,0.0472
322,1041486048,DARK SOULS™ III,30,0.0472
323,860666361,Plants vs. Zombies Garden Warfare,30,0.0472
324,20391045,Batman: Return to Arkham - Arkham Asylum,29,0.0456
325,1623704813,DEATH STRANDING DIRECTOR'S CUT,29,0.0456
326,1889714780,Lords of the Fallen,29,0.0456
327,2093153073,Party Animals,29,0.0456
328,1822591938,Revenge of the Savage Planet,29,0.0456
329,739464821,South Park™: The Fractured but Whole™,29,0.0456
330,1961670808,UFL,29,0.0456
331,384396065,Unravel Two,29,0.0456
332,2085228810,EA SPORTS™ WRC,28,0.044
333,401515813,Enter The Gungeon,28,0.044
334,346797032,MX vs ATV All Out,28,0.044
335,1837410971,NARAKA: BLADEPOINT,28,0.044
336,940594756,World War Z,28,0.044
337,1907796436,DREDGE,27,0.0424
338,608369389,FAR CRY PRIMAL,27,0.0424
339,1652862446,Super Mega Baseball™ 4,27,0.0424
340,1756421327,Teenage Mutant Ninja Turtles: Shredder's Revenge,27,0.0424
341,585771792,WATCH_DOGS™,27,0.0424
342,1707142453,WWE 2K23,27,0.0424
343,1843804163,Cooking Simulator,26,0.0409
344,2008403666,Dead Space,26,0.0409
345,2097945335,F1® 23,26,0.0409
346,1999574456,Forza Motorsport 7,26,0.0409
347,831224608,Need for Speed™ Payback,26,0.0409
348,988203152,Stellaris,26,0.0409
349,836165876,The Ascent,26,0.0409
350,1935604508,Train Sim World® 5: Free Starter Pack,26,0.0409
351,1998461943,Assassin's Creed Unity,25,0.0393
352,1880835530,Atomfall,25,0.0393
353,748474487,Cities: Skylines - Windows 10 Edition,25,0.0393
354,921016611,Crossout,25,0.0393
355,247546985,Destiny,25,0.0393
356,830718665,DRAGON BALL Z: KAKAROT,25,0.0393
357,1924639289,HELLDIVERS™ 2,25,0.0393
358,1997252569,Need for Speed™ Hot Pursuit Remastered,25,0.0393
359,1903313113,Orcs Must Die! Deathtrap,25,0.0393
360,618537566,The Outer Worlds,25,0.0393
361,183968596,UNO™,25,0.0393
362,1877522801,Age of Mythology: Retold,24,0.0377
363,245236582,Celeste,24,0.0377
364,1663711933,FINAL FANTASY XVI,24,0.0377
365,1725517447,House Flipper 2,24,0.0377
366,2119739112,Monster Train 2,24,0.0377
367,956568979,Need for Speed Rivals,24,0.0377
368,980944365,Need for Speed™,24,0.0377
369,1994868821,Predecessor,24,0.0377
370,1134837784,SMITE,24,0.0377
371,366337421,Borderlands: Game of the Year Edition,23,0.0362
372,1764318423,Call of Duty®: Vanguard,23,0.0362
373,821136798,DC Universe Online,23,0.0362
374,1327376519,DOOM,23,0.0362
375,1691448998,Farm Together 2,23,0.0362
376,1714434521,Firefighting Simulator - The Squad,23,0.0362
377,1675504069,Mafia: Definitive Edition,23,0.0362
378,2054685746,Mass Effect™ Legendary Edition,23,0.0362
379,34441781,Saints Row The Third Remastered,23,0.0362
380,1681220621,STAR WARS™ Battlefront™,23,0.0362
381,1933718863,SUPERHOT: MIND CONTROL DELETE,23,0.0362
382,826545257,Tomb Raider: Definitive Edition,23,0.0362
383,2154930,Call of Duty®: Modern Warfare® Remastered,22,0.0346
384,2089461712,Expeditions: A MudRunner Game,22,0.0346
385,1475571605,Gears of War: Ultimate Edition,22,0.0346
386,148020354,METAL GEAR SOLID V: THE PHANTOM PAIN,22,0.0346
387,2053707080,NINJA GAIDEN 2 Black,22,0.0346
388,568218779,Resident Evil 5,22,0.0346
389,1633340711,Spray Paint Simulator,22,0.0346
390,801251286,Stick Fight: The Game,22,0.0346
391,1799887933,The Witcher 3: Wild Hunt,22,0.0346
392,872826607,Vigor,22,0.0346
393,1669281297,War Robots: Frontiers,22,0.0346
394,1984504844,Bleach: Brave Souls Anime Game,21,0.033
395,1668430766,Cities: Skylines II,21,0.033
396,482947130,Clicker Heroes,21,0.033
397,125226722,DARK SOULS™: REMASTERED,21,0.033
398,1112737749,Fallout 3,21,0.033
399,1030018025,Halo Wars: Definitive Edition (PC),21,0.033
400,1882357148,Lonely Mountains: Snow Riders,21,0.033
401,1414793208,MCLA: Complete,21,0.033
402,1708767297,Ryse: Son of Rome,21,0.033
403,1989106096,Sid Meier’s Civilization® VI (Windows PC),21,0.033
404,1694250070,Super Animal Royale,21,0.033
405,1706610063,The Alters,21,0.033
406,1846016063,"Warhammer 40,000: Rogue Trader",21,0.033
407,1793764669,Zombie Army 4: Dead War,21,0.033
408,341687485,3on3 FreeStyle,20,0.0314
409,210179407,Back 4 Blood,20,0.0314
410,1037514907,Burnout™ Paradise Remastered,20,0.0314
411,1297287213,Gears of War 2,20,0.0314
412,868192693,Gotham Knights,20,0.0314
413,2071061510,Lies of P,20,0.0314
414,2019267377,Madden NFL 23,20,0.0314
415,2113515818,MLB® The Show™ 23 Xbox Series X|S,20,0.0314
416,1653442250,ROUNDS,20,0.0314
417,1833883015,Rust Console Edition X|S - Public Test Branch,20,0.0314
418,2058683262,Teenage Mutant Ninja Turtles: Mutants Unleashed,20,0.0314
419,645502086,The Four Kings Casino and Slots,20,0.0314
420,1767703473,Tony Hawk's™ Pro Skater™ 1 + 2,20,0.0314
421,1745661457,Valheim,20,0.0314
422,2008811924,Wolfenstein II: The New Colossus,20,0.0314
423,1744345373,WWE 2K22,20,0.0314
424,2038330799,Aimlabs,19,0.0299
425,514291876,Assassin's Creed® The Ezio Collection,19,0.0299
426,1714795112,DOOM + DOOM II,19,0.0299
427,1928512137,FBC: Firebreak,19,0.0299
428,605932637,Hello Neighbor,19,0.0299
429,58472989,Killer Instinct,19,0.0299
430,101393300,LEGO® Batman™ 3: Beyond Gotham,19,0.0299
431,813411968,LEGO® Marvel Super Heroes 2,19,0.0299
432,1964043658,Mafia II: Definitive Edition,19,0.0299
433,1480660055,MONOPOLY PLUS,19,0.0299
434,1813085990,Road 96,19,0.0299
435,1953745880,Roboquest,19,0.0299
436,531437752,Rogue Company,19,0.0299
437,804980065,Sea of Thieves Insider,19,0.0299
438,1946484624,Session: Skate Sim,19,0.0299
439,256913032,TEKKEN 7,19,0.0299
440,1795379754,The Walking Dead: The Complete First Season,19,0.0299
441,2142076307,Anno 1800™,18,0.0283
442,1560034050,Assassin's Creed Syndicate,18,0.0283
443,402049843,Black Desert,18,0.0283
444,2128853757,Cricket 24,18,0.0283
445,597771444,Gems of War,18,0.0283
446,1766089184,GoldenEye 007,18,0.0283
447,1814675537,Grand Theft Auto: San Andreas – The Definitive Edition,18,0.0283
448,1790216132,Hades,18,0.0283
449,68553410,Kingdom Come: Deliverance,18,0.0283
450,975846135,LEGO® DC Super-Villains,18,0.0283
451,848717329,Peggle 2,18,0.0283
452,666757656,Rayman Legends,18,0.0283
453,939455454,resident evil 4 (2005),18,0.0283
454,2108722049,Resident Evil Village,18,0.0283
455,2065981028,Rooftops & Alleys: The Parkour Game,18,0.0283
456,2081484036,Superliminal,18,0.0283
457,1750701033,Tiny Tina's Wonderlands for Xbox Series X|S,18,0.0283
458,1682965706,Another Crab's Treasure,17,0.0267
459,1736384528,Ben 10: Power Trip,17,0.0267
460,1414793189,Civilization Revolution,17,0.0267
461,2041731932,Cult of the Lamb,17,0.0267
462,1700051314,Deceit 2,17,0.0267
463,143716413,Dragon Age™: The Veilguard,17,0.0267
464,885488152,INSIDE,17,0.0267
465,1175562227,Just Cause 3,17,0.0267
466,640703885,LEGO® Marvel's Avengers,17,0.0267
467,1771989345,Lightyear Frontier (Game Preview),17,0.0267
468,2128546794,NARUTO X BORUTO Ultimate Ninja STORM CONNECTIONS,17,0.0267
469,828985924,Resident Evil 6,17,0.0267
470,945976112,Rush: A DisneyPixar Adventure,17,0.0267
471,724369121,Saints Row,17,0.0267
472,1704490079,South of Midnight,17,0.0267
473,1874376911,Splitgate,17,0.0267
474,119262432,The Jackbox Party Pack 3,17,0.0267
475,572802557,Call of Duty®: Ghosts,16,0.0251
476,1916758859,Donut County,16,0.0251
477,1867148258,eFootball PES 2021 SEASON UPDATE,16,0.0251
478,2142027917,Fallout Shelter,16,0.0251
479,1884682689,Five Nights at Freddy's: Security Breach,16,0.0251
480,2047911802,For The King II,16,0.0251
481,819720203,JUMP FORCE,16,0.0251
482,1703086168,Microsoft Sudoku,16,0.0251
483,1908796053,NASCAR Heat 5,16,0.0251
484,1715766926,New World: Aeternum,16,0.0251
485,196423588,Outlast,16,0.0251
486,2104181770,The First Berserker: Khazan,16,0.0251
487,1660320477,Undertale,16,0.0251
488,1161890128,Battlefield 3™,15,0.0236
489,1540549950,DARK SOULS™ II: Scholar of the First Sin,15,0.0236
490,2041941014,Diablo® II: Resurrected™,15,0.0236
491,136002788,Farming Simulator 19,15,0.0236
492,433376346,FIFA 18,15,0.0236
493,927474846,Firewatch,15,0.0236
494,705006443,Jurassic World Evolution,15,0.0236
495,2081039845,Lost in Random: The Eternal Die,15,0.0236
496,1045960524,Metro Exodus,15,0.0236
497,1639060910,Minecraft Legends - Windows,15,0.0236
498,1777477395,MLB® The Show™ 21 Xbox Series X | S,15,0.0236
499,1754663581,MULLET MADJACK,15,0.0236
500,1013969466,NARUTO TO BORUTO: SHINOBI STRIKER,15,0.0236
501,1684896411,Off The Grid (Game Preview),15,0.0236
502,1698508835,PGA TOUR 2K25 First Look,15,0.0236
503,2021412862,Raft,15,0.0236
504,1000604311,Resident Evil Revelations 2 (Episode One),15,0.0236
505,712238930,Saints Row 2,15,0.0236
506,1613348546,Sea of Stars: Sunset Edition,15,0.0236
507,108727346,Suicide Squad: Kill the Justice League,15,0.0236
508,1880727250,Unpacking,15,0.0236
509,2042287543,Aliens: Dark Descent,14,0.022
510,301917535,Battlefield™ Hardline,14,0.022
511,1963141187,Crypt Custodian,14,0.022
512,1161889999,Dante's Inferno™,14,0.022
513,1619985048,Deadside,14,0.022
514,1911932812,DIRT 5,14,0.022
515,527255540,Dishonored 2,14,0.022
516,1940322572,Five Nights at Freddy's,14,0.022
517,1694054782,Forza Motorsport 6,14,0.022
518,1860089403,Ghostwire: Tokyo,14,0.022
519,964019698,Immortals Fenyx Rising™,14,0.022
520,1674901200,Inscryption,14,0.022
521,2041142160,Maximum Football,14,0.022
522,2003863742,Microsoft Jigsaw,14,0.022
523,1904044383,Minecraft Preview for Windows,14,0.022
524,226054795,MONSTER HUNTER: WORLD™,14,0.022
525,2029805012,MultiVersus,14,0.022
526,42235288,Neverwinter,14,0.022
527,1651188120,Path of Exile 2 (Game Preview),14,0.022
528,442175237,Peggle,14,0.022
529,1903138273,Sonic Frontiers,14,0.022
530,847310458,South Park™: The Stick of Truth ™,14,0.022
531,548623535,SpongeBob SquarePants: Battle for Bikini Bottom - Rehydrated,14,0.022
532,2019012309,Star Wars Outlaws,14,0.022
533,1645572933,Starlit Kart Racing,14,0.022
534,2051131113,TopSpin 2K25,14,0.022
535,1007715169,Warhammer: Vermintide 2,14,0.022
536,49709880,Anthem™,13,0.0204
537,1754564226,Atlas Fallen: Reign of Sand (Windows),13,0.0204
538,199746733,Conan Exiles,13,0.0204
539,924775200,Devil May Cry 5,13,0.0204
540,1761289795,FIFA 21,13,0.0204
541,1715352825,Five Nights at Freddy's 2,13,0.0204
542,1297287125,Gears of War,13,0.0204
543,850118036,Generation Zero®,13,0.0204
544,217258585,Killing Floor 2,13,0.0204
545,164371165,LEGO Star Wars: TCS,13,0.0204
546,423941531,LEGO® Harry Potter™ Collection,13,0.0204
547,2029730324,Mad Max,13,0.0204
548,856376259,NBA 2K19,13,0.0204
549,1696697876,NBA 2K26,13,0.0204
550,1659804324,Ori and the Will of the Wisps,13,0.0204
551,1302301894,Powerstar Golf,13,0.0204
552,1785898011,Sid Meier’s Civilization® VII,13,0.0204
553,883004381,skate. (2007),13,0.0204
554,1938336894,Sledders,13,0.0204
555,1735182051,SONIC X SHADOW GENERATIONS,13,0.0204
556,290870045,SpeedRunners,13,0.0204
557,2040766801,Test Drive Unlimited Solar Crown,13,0.0204
558,995095203,Warface: Clutch,13,0.0204
559,1827287476,World of Outlaws: Dirt Racing,13,0.0204
560,33936946,Zoo Tycoon: Ultimate Animal Collection,13,0.0204
561,859011533,Assassin's Creed® III Remastered,12,0.0189
562,1025057816,Battle Ages,12,0.0189
563,951560105,Control,12,0.0189
564,1854680102,Delta Force,12,0.0189
565,1033937373,Don't Starve Together: Console Edition,12,0.0189
566,1480657521,Doritos Crash Course,12,0.0189
567,69094388,EA SPORTS™ FIFA 17,12,0.0189
568,1855426799,FINAL FANTASY XIV Online,12,0.0189
569,1790217657,Five Nights at Freddy's 4,12,0.0189
570,1984491277,Grim Idle,12,0.0189
571,1996335028,He is Coming (Game Preview),12,0.0189
572,821886458,LEGO® Batman™ 2,12,0.0189
573,1096157158,Modern Warfare®,12,0.0189
574,1696456823,NBA 2K22,12,0.0189
575,1814244511,Nine Sols,12,0.0189
576,1616307670,PAYDAY 3,12,0.0189
577,2024220276,Phantasy Star Online 2 New Genesis,12,0.0189
578,651668093,RESIDENT EVIL 7 biohazard,12,0.0189
579,1985144601,Stranded Deep,12,0.0189
580,144439061,The Evil Within,12,0.0189
581,1678459920,Towerborne,12,0.0189
582,1634720918,Ultimate Custom Night,12,0.0189
583,2030027058,Wartales,12,0.0189
584,1677025209,Wolfenstein: The New Order,12,0.0189
585,2141212892,33 Immortals,11,0.0173
586,2083780130,Against the Storm,11,0.0173
587,1976275779,ARMORED CORE™ VI FIRES OF RUBICON™,11,0.0173
588,1246613109,Borderlands: The Pre-Sequel,11,0.0173
589,1414793242,Bully Scholarship Ed.,11,0.0173
590,875417719,Call of Duty®: Advanced Warfare,11,0.0173
591,212680242,DEAD OR ALIVE 6: Core Fighters,11,0.0173
592,791051466,Disneyland Adventures,11,0.0173
593,244291844,Far Cry 3 Classic Edition,11,0.0173
594,935319545,FIFA 19,11,0.0173
595,1297287625,Forza Horizon,11,0.0173
596,446059611,Forza Horizon 2,11,0.0173
597,1777668222,GRID Legends,11,0.0173
598,859843286,Hellblade: Senua's Sacrifice,11,0.0173
599,218079485,Injustice: Gods Among Us,11,0.0173
600,491595024,LEGO Batman,11,0.0173
601,693381002,LEGO® The Incredibles,11,0.0173
602,867642949,LEGO® Worlds,11,0.0173
603,504827243,Life Is Strange,11,0.0173
604,398011207,LIMBO,11,0.0173
605,572268056,Little Nightmares,11,0.0173
606,1973635123,Mad Streets,11,0.0173
607,1970109802,Madden NFL 21,11,0.0173
608,102287491,Marvel's Avengers Definitive Edition,11,0.0173
609,1251455286,Metro 2033 Redux,11,0.0173
610,1620704918,Minami Lane,11,0.0173
611,1777116945,Moving Out 2,11,0.0173
612,1414596731,MX vs. ATV Alive,11,0.0173
613,2037558339,My Friend Peppa Pig,11,0.0173
614,1931947471,Persona 5 Royal,11,0.0173
615,1480656948,Pinball FX,11,0.0173
616,2098044337,Poppy Playtime: Chapter 4,11,0.0173
617,1713510228,RIDE 5,11,0.0173
618,1709856057,RoboCop: Rogue City - Unfinished Business,11,0.0173
619,884612576,Sonic Mania,11,0.0173
620,1984977630,Souldiers,11,0.0173
621,1997535850,SpiderHeck,11,0.0173
622,862712929,Star Trek Online,11,0.0173
623,1112934455,Star Wars Battlefront II,11,0.0173
624,1682965190,Stray,11,0.0173
625,1112934373,Toy Story 3,11,0.0173
626,2109806164,World of Outlaws: Dirt Racing 24,11,0.0173
627,300763685,ACE COMBAT™ 7: SKIES UNKNOWN,10,0.0157
628,8769689,Ancestors: The Humankind Odyssey,10,0.0157
629,1480657236,Banjo-Kazooie,10,0.0157
630,5433956,Dead Island Definitive Edition,10,0.0157
631,1680544459,Dying Light: The Beast,10,0.0157
632,196631666,EA SPORTS™ FIFA 20,10,0.0157
633,722006140,EA SPORTS™ UFC® 3,10,0.0157
634,1952256197,F1 2020,10,0.0157
635,1297287815,Fable Anniversary,10,0.0157
636,93105265,Friday the 13th: The Game,10,0.0157
637,1712655251,Garten of Banban 1,10,0.0157
638,1955542194,Grand Theft Auto III – The Definitive Edition,10,0.0157
639,1611051325,Grand Theft Auto: Vice City – The Definitive Edition,10,0.0157
640,25952469,Kingdom Two Crowns,10,0.0157
641,1693050229,Madden NFL 22,10,0.0157
642,1653696130,Microsoft Mahjong,10,0.0157
643,1998994208,Monster Energy Supercross - The Official Videogame 3,10,0.0157
644,521893123,ONE PIECE World Seeker,10,0.0157
645,1728797774,ONE PIECE: PIRATE WARRIORS 4,10,0.0157
646,903593533,Path of Exile,10,0.0157
647,1726129713,Planet Coaster: Console Edition,10,0.0157
648,2090474684,Poppy Playtime: Chapter 1,10,0.0157
649,1768466312,Poppy Playtime: Chapter 2,10,0.0157
650,2037306921,Poppy Playtime: Chapter 3,10,0.0157
651,333628240,Quantum Break,10,0.0157
652,767263759,Rock Band 4,10,0.0157
653,2006710939,Skater XL,10,0.0157
654,583749034,SOULCALIBUR VI,10,0.0157
655,1705990324,Space Engineers,10,0.0157
656,1112934375,Split/Second,10,0.0157
657,2125557798,Still Wakes the Deep,10,0.0157
658,1579532320,Sunset Overdrive,10,0.0157
659,759485819,The Escapists 2,10,0.0157
660,886895461,The Jackbox Party Pack 5,10,0.0157
661,1801842805,Throne and Liberty,10,0.0157
662,74304278,Tom Clancy’s The Division,10,0.0157
663,2047601430,Truck and Logistics Simulator,10,0.0157
664,895890707,ULTIMATE MARVEL VS. CAPCOM 3,10,0.0157
665,2089483628,A Plague Tale: Requiem,9,0.0141
666,1693830737,Alan Wake 2,9,0.0141
667,1161890070,Alice: Madness Returns,9,0.0141
668,1997201494,Aliens: Fireteam Elite,9,0.0141
669,1997651308,All You Need is Help,9,0.0141
670,1161889784,Army of Two™,9,0.0141
671,1480657456,BattleBlock Theater,9,0.0141
672,1480659414,Bejeweled 3,9,0.0141
673,1955966351,Black Myth: Wukong,9,0.0141
674,1822990481,BLEACH Rebirth of Souls,9,0.0141
675,1983212679,Bloons TD 6,9,0.0141
676,2026693193,Bus Simulator 21 Next Stop,9,0.0141
677,59903186,Call of Duty®: Modern Warfare® 2 Campaign Remastered,9,0.0141
678,725442241,Darksiders Warmastered Edition,9,0.0141
679,2136041956,DOOM 64,9,0.0141
680,1817185896,Easy Red 2,9,0.0141
681,1613695074,Five Nights at Freddy's 3,9,0.0141
682,1949704395,Green Hell,9,0.0141
683,1880089265,Guilty Gear -Strive-,9,0.0141
684,1480657258,Hydro Thunder,9,0.0141
685,13980132,Left 4 Dead,9,0.0141
686,440611906,LEGO Pirates of the Caribbean: The Video Game,9,0.0141
687,668438210,LEGO® CITY Undercover,9,0.0141
688,1263405066,METAL GEAR RISING: REVENGEANCE,9,0.0141
689,1891931390,MXGP 2021 - The Official Motocross Videogame,9,0.0141
690,1820656575,NHL® 23,9,0.0141
691,2086200115,OCTOPATH TRAVELER II,9,0.0141
692,1734289672,"ONYX-PRO, Inside the Game: Grounded 2 Artbook and Soundtrack",9,0.0141
693,914276891,RAGE 2,9,0.0141
694,1931911684,Shredders,9,0.0141
695,1771004118,Sniper Elite 5,9,0.0141
696,1648684496,Sonic Origins,9,0.0141
697,909409687,Star Wars: The Force Unleashed,9,0.0141
698,1618827907,Starbound,9,0.0141
699,852732437,State of Decay: Year-One,9,0.0141
700,265691378,STEEP,9,0.0141
701,1984077720,Tales of the Shire: A The Lord of The Rings™ Game,9,0.0141
702,1649660694,The Texas Chain Saw Massacre,9,0.0141
703,1774685333,Volcano Princess,9,0.0141
704,2008301104,Wildgate,9,0.0141
705,1676173709,Wizard101,9,0.0141
706,1159891781,Wolfenstein: The Old Blood,9,0.0141
707,1480659433,Zuma's Revenge!,9,0.0141
708,1161889782, Medal of Honor Airborne,8,0.0126
709,1792749432,Alan Wake Remastered,8,0.0126
710,972461615,Battle Islands,8,0.0126
711,337857707,Bendy and the Ink Machine,8,0.0126
712,293785190,Bloons TD 5,8,0.0126
713,1161889989,Brütal Legend,8,0.0126
714,1747946954,Construction Simulator,8,0.0126
715,1777438490,Devil May Cry 5 Special Edition,8,0.0126
716,1100121502,Dishonored® Definitive Edition,8,0.0126
717,976905576,Dragon Age™: Inquisition,8,0.0126
718,2068802336,Drift Legends 2,8,0.0126
719,2035456122,Grand Theft Auto VI,8,0.0126
720,1414793400,Grand Theft Auto: San Andreas,8,0.0126
721,488156801,GreedFall,8,0.0126
722,1480659550,Joy Ride Turbo,8,0.0126
723,1012216522,Just Cause 4,8,0.0126
724,2094642688,Just Shapes & Beats,8,0.0126
725,148078765,Madden NFL 20,8,0.0126
726,1803631176,MechWarrior 5: Mercenaries,8,0.0126
727,534004979,Microsoft Ultimate Word Games,8,0.0126
728,1919875042,MLB® The Show™ 22 Xbox Series X | S,8,0.0126
729,1070680307,MudRunner,8,0.0126
730,2006666244,NBA 2K21,8,0.0126
731,1900564739,New Super Lucky's Tale,8,0.0126
732,2119541613,Paint the Town Red,8,0.0126
733,1747676401,Planet Coaster 2,8,0.0126
734,1871994086,Planet Zoo: Console Edition,8,0.0126
735,1702914632,Poker Club,8,0.0126
736,1667881927,Redfall,8,0.0126
737,818066257,Rugby League Live 4,8,0.0126
738,1866950192,Shady Part of Me,8,0.0126
739,978050046,ShellShock Live,8,0.0126
740,1947938436,Shotgun Farmers,8,0.0126
741,1480659458,Sonic Adventure™ 2 ,8,0.0126
742,1397033032,Sonic Generations,8,0.0126
743,1628869222,Soulstone Survivors,8,0.0126
744,1898652037,SOUTH PARK: SNOW DAY!,8,0.0126
745,1414596688,SpongeBob: Truth-Sq.,8,0.0126
746,1853160773,STAR WARS™: Battlefront Classic Collection,8,0.0126
747,449890085,The Jackbox Party Pack 4,8,0.0126
748,690285705,The Long Dark,8,0.0126
749,2145202828,Tricking 0,8,0.0126
750,1115757811,Alien: Isolation,7,0.011
751,1431504852,Assassin's Creed,7,0.011
752,2140283055,Baldur's Gate and Baldur's Gate II: Enhanced Editions,7,0.011
753,1812456871,Battletoads,7,0.011
754,230716687,Biomutant,7,0.011
755,2093066399,Carrion,7,0.011
756,386788672,Cars 3: Driven to Win,7,0.011
757,1790537707,Core Keeper,7,0.011
758,856892583,Darksiders II Deathinitive Edition,7,0.011
759,1621683201,Dragon's Dogma 2,7,0.011
760,2052426459,EA SPORTS™ FIFA 16,7,0.011
761,1662474270,Eternal Strands,7,0.011
762,1673998520,F1® Manager 2024,7,0.011
763,1616046491,Gears Tactics - Base Game,7,0.011
764,1835926818,Hellblade II: Senua's Saga,7,0.011
765,1774172067,HOT WHEELS UNLEASHED™ 2 - Turbocharged,7,0.011
766,1970836204,Hotline Miami 2: Wrong Number,7,0.011
767,273290529,Idle Champions of the Forgotten Realms,7,0.011
768,1898092029,Inops,7,0.011
769,2123297300,JoJo's Bizarre Adventure: All-Star Battle R,7,0.011
770,504518218,L.A. Noire,7,0.011
771,1279330291,LEGO Star Wars III ,7,0.011
772,506903100,Madden NFL 18,7,0.011
773,2081060870,Maneater,7,0.011
774,1414793323,Max Payne 3,7,0.011
775,1889321756,Microsoft Minesweeper,7,0.011
776,1693003201,MotoGP™25 - Xbox One,7,0.011
777,893913058,MX Unleashed,7,0.011
778,285742376,NBA 2K16,7,0.011
779,1882004205,Neon Abyss,7,0.011
780,1700516900,NINJA GAIDEN 3: Razor's Edge,7,0.011
781,559544937,Ori and the Blind Forest: Definitive Edition,7,0.011
782,907086072,Prey,7,0.011
783,1745314691,Psychonauts 2,7,0.011
784,1696173302,RIDE 4,7,0.011
785,217831213,RISK,7,0.011
786,1480659614,Sonic the Fighters,7,0.011
787,1065100845,Star Wars: The Force Unleashed II,7,0.011
788,1861545287,Tainted Grail: The Fall of Avalon,7,0.011
789,1431504903,TC's RainbowSix Vegas2,7,0.011
790,1793267614,Techtonica (Game Preview),7,0.011
791,1688839217,The Elder Scrolls V: Skyrim Special Edition (PC),7,0.011
792,170773198,The Evil Within® 2,7,0.011
793,1748769487,The Jackbox Party Pack 6,7,0.011
794,2098462228,The Jackbox Party Pack 7,7,0.011
795,31939361,The Walking Dead: The Final Season,7,0.011
796,2028925271,Trepang2,7,0.011
797,1185249228,Trials Fusion,7,0.011
798,1480657242,Trials HD,7,0.011
799,2021058326,Way of the Hunter,7,0.011
800,1995157831,Wildfrost,7,0.011
801,1811697311,World War Z,7,0.011
802,409741425,Worms W.M.D,7,0.011
803,1880818134,AFL 26,6,0.0094
804,909545209,Ashen,6,0.0094
805,1663573292,Bendy and the Dark Revival,6,0.0094
806,367004125,BioShock Remastered,6,0.0094
807,189838548,Bus Simulator,6,0.0094
808,1096157153,Call of Duty® 3,6,0.0094
809,824378203,Crackdown 3: Campaign,6,0.0094
810,760882151,CRSED: F.O.A.D.,6,0.0094
811,964785867,Dead Space™ 2,6,0.0094
812,1161889984,Dragon Age: Origins,6,0.0094
813,2028637067,Drug Dealer Simulator,6,0.0094
814,12206284,eFootball PES 2020,6,0.0094
815,1297287382,Fable III,6,0.0094
816,1480656881,Feeding Frenzy,6,0.0094
817,5117102,HITMAN™ 2,6,0.0094
818,530599647,Homefront®: The Revolution,6,0.0094
819,1654542558,Hotline Miami,6,0.0094
820,1678225803,Idle Wizard,6,0.0094
821,2047199918,Isonzo (Windows),6,0.0094
822,564131151,Kerbal Space Program Enhanced Edition,6,0.0094
823,1900811986,Kingdoms of Amalur: Re-Reckoning,6,0.0094
824,575414105,Life is Strange 2 - Episode 1,6,0.0094
825,2110974782,MARVEL vs. CAPCOM Fighting Collection: Arcade Classics,6,0.0094
826,369157937,MARVEL VS. CAPCOM: INFINITE,6,0.0094
827,1590411380,Mass Effect™: Andromeda,6,0.0094
828,2090925193,Metal Slug Tactics,6,0.0094
829,511110146,Metro: Last Light Redux,6,0.0094
830,1464993789,Mortal Kombat,6,0.0094
831,1414596574,MX vs. ATV: Untamed,6,0.0094
832,1676550189,MY HERO ONE'S JUSTICE 2,6,0.0094
833,971220532,NBA 2K Playgrounds 2,6,0.0094
834,374430704,NBA 2K17,6,0.0094
835,2039473401,NINJA GAIDEN Σ,6,0.0094
836,1718697574,OCTOPATH TRAVELER,6,0.0094
837,587488276,Outlast 2,6,0.0094
838,682404126,Paladins,6,0.0094
839,1606375163,Pinball FX3,6,0.0094
840,515050978,Rare Replay,6,0.0094
841,1995576035,Remnant II® - Standard Edition,6,0.0094
842,429066719,Saints Row IV: Re-Elected,6,0.0094
843,1414596717,Saints Row®: The Third™ ,6,0.0094
844,100764563,Sniper Elite 4,6,0.0094
845,1928322650,Snooker Blitz,6,0.0094
846,1397033053,Sonic & All-Stars Racing Transformed,6,0.0094
847,1397032978,SONIC UNLEASHED,6,0.0094
848,1646985614,Space Jam: A New Legacy - The Game,6,0.0094
849,1785174857,Spelunky 2,6,0.0094
850,1112934452,STAR WARS KOTOR,6,0.0094
851,871098991,STAR WARS™: Squadrons,6,0.0094
852,1941663847,Starship Troopers: Extermination,6,0.0094
853,1128466401,STREET FIGHTER IV,6,0.0094
854,1819798709,Tetris® Effect: Connected,6,0.0094
855,2030752353,The Binding of Isaac: Repentance,6,0.0094
856,1761411767,THE HOUSE OF THE DEAD: Remake,6,0.0094
857,231674300,The Walking Dead: Season Two,6,0.0094
858,327364101,Trackmania® Turbo,6,0.0094
859,1629004246,We Love Katamari REROLL+ Royal Reverie,6,0.0094
860,278981929,[PROTOTYPE®],5,0.0079
861,2024046503,60 Seconds! Reatomized,5,0.0079
862,1678543324,Aragami 2,5,0.0079
863,2030524086,As Dusk Falls,5,0.0079
864,1628688048,Atomic Heart,5,0.0079
865,869628338,Attack on Titan 2,5,0.0079
866,1297287149,Banjo Kazooie: N n B,5,0.0079
867,1112934398,Cars 2: The Video Game,5,0.0079
868,1480657079,Castle Crashers,5,0.0079
869,1880193218,Century: Age of Ashes,5,0.0079
870,793598300,CODE VEIN,5,0.0079
871,1777786002,Commandos: Origins,5,0.0079
872,1794039305,Coral Island,5,0.0079
873,1313671226,Dark Souls™,5,0.0079
874,1923160643,Dead Rising 3,5,0.0079
875,840545531,Dead Space™ 3,5,0.0079
876,686783342,Divinity: Original Sin 2 - Definitive Edition,5,0.0079
877,1797553917,DYNASTY WARRIORS: ORIGINS,5,0.0079
878,552778408,EA SPORTS™ UFC® 2,5,0.0079
879,1989956835,Evolve,5,0.0079
880,2067126551,Forza Motorsport 5,5,0.0079
881,1296697298,Full Game - Psychonauts,5,0.0079
882,1297287254,Fuzion Frenzy®,5,0.0079
883,1297287718,Gears of War: Judgment,5,0.0079
884,2103079736,Hamster Playground,5,0.0079
885,1761060600,Happy Wars,5,0.0079
886,1993022209,Hi-Fi RUSH,5,0.0079
887,1840565677,Island Saver,5,0.0079
888,1679509385,Kill It With Fire,5,0.0079
889,1947900602,Like a Dragon: Infinite Wealth,5,0.0079
890,1891684356,Lost in Random™,5,0.0079
891,1719118099,Manor Lords (Game Preview),5,0.0079
892,1923279922,Marvel's Guardians of the Galaxy,5,0.0079
893,1926489287,Marvel's Midnight Suns,5,0.0079
894,1688832803,Monster Energy Supercross - The Official Videogame 6,5,0.0079
895,2103789015,Monster Hunter Rise,5,0.0079
896,2118184557,Monster Jam Steel Titans 2,5,0.0079
897,1112737785,Morrowind,5,0.0079
898,185283316,MX vs ATV Reflex,5,0.0079
899,1873450782,MXGP 2020 - The Official Motocross Videogame,5,0.0079
900,1708079118,NASCAR 21: Ignition,5,0.0079
901,650779126,NBA 2K18,5,0.0079
902,1613480279,NBA 2K20,5,0.0079
903,1757462338,Ni no Kuni Wrath of the White Witch™ Remastered,5,0.0079
904,87350449,NieR:Automata™ BECOME AS GODS Edition,5,0.0079
905,1752331738,One Leaves,5,0.0079
906,162448742,Outer Wilds,5,0.0079
907,1902591469,Outward: Definitive Edition,5,0.0079
908,1864882669,Persona 4 Golden,5,0.0079
909,1161890066,Portal 2,5,0.0079
910,757817533,PRO EVOLUTION SOCCER 2019,5,0.0079
911,1935747145,Prototype®2,5,0.0079
912,1843641391,Quake,5,0.0079
913,474501413,RIDE 3,5,0.0079
914,1868826586,RimWorld Console Edition,5,0.0079
915,1649097896,SnowRunner - Windows,5,0.0079
916,1726756158,Spiritfarer®: Farewell Edition,5,0.0079
917,1967529255,SpongeBob SquarePants: The Cosmic Shake,5,0.0079
918,1848367053,Star Trucker,5,0.0079
919,1633458467,SteamWorld Build,5,0.0079
920,1957310205,Streets of Rage 4,5,0.0079
921,2017944493,Super Mega Baseball 3,5,0.0079
922,19615130,Super Mega Baseball: Extra Innings,5,0.0079
923,993798593,SUPER STREETFIGHTER IV ARCADE EDITION,5,0.0079
924,240091546,SUPERHOT,5,0.0079
925,1313671164,TEKKEN 6,5,0.0079
926,1936930219,Tell Me Why,5,0.0079
927,2051503466,The Callisto Protocol,5,0.0079
928,1731121397,The Quarry,5,0.0079
929,1480659422,The Walking Dead,5,0.0079
930,282062756,The Walking Dead: A New Frontier - Episode 1,5,0.0079
931,1615232474,The Walking Dead: The Telltale Definitive Series,5,0.0079
932,2089424131,This War of Mine: Final Cut,5,0.0079
933,467118163,Titan Quest,5,0.0079
934,422246343,Tom Clancy’s Rainbow Six® Extraction,5,0.0079
935,1431505078,Tom Clancy’s Splinter Cell® Blacklist™,5,0.0079
936,19060482,Trials® Rising,5,0.0079
937,591371027,Trove,5,0.0079
938,1937610303,Two Point Museum,5,0.0079
939,449394673,Vampyr,5,0.0079
940,1288959033,Viva Piñata,5,0.0079
941,271965907,Wasteland 3,5,0.0079
942,974586226,We Happy Few,5,0.0079
943,309834943,Wheel Of Fortune®,5,0.0079
944,1849227144,WWE 2K20,5,0.0079
945,551688870,XCOM® 2,5,0.0079
946,2116409537,Yu-Gi-Oh! Legacy of the Duelist : Link Evolution,5,0.0079
947,1783702427,AEW: Fight Forever,4,0.0063
948,1850945804,Age of Empires III: Definitive Edition,4,0.0063
949,1480656966,Alien Hominid HD,4,0.0063
950,1397033002,Aliens vs Predator,4,0.0063
951,1719440805,Alone in the Dark,4,0.0063
952,1431505090,Assassin’s Creed® IV,4,0.0063
953,954605110,Assassin’s Creed® Rogue Remastered,4,0.0063
954,100154526,Baja: Edge of Control HD,4,0.0063
955,1480657237,Banjo-Tooie,4,0.0063
956,1823385601,Bassmaster® Fishing,4,0.0063
957,23570566,Batman - The Telltale Series - Episode 1: Realm of Shadows,4,0.0063
958,1946485937,Besiege Console,4,0.0063
959,1161889896,BLACK™,4,0.0063
960,1890581353,Blasphemous,4,0.0063
961,1841011808,Blizzard® Arcade Collection,4,0.0063
962,1617823540,Bomb Rush Cyberfunk,4,0.0063
963,2032548938,Cassette Beasts,4,0.0063
964,1480656967,Castlevania: SOTN,4,0.0063
965,1640965998,Cat in Rain,4,0.0063
966,217802058,Darkest Dungeon®,4,0.0063
967,402672897,Death Squared,4,0.0063
968,1736409202,DEEEER Simulator: Your Average Everyday Deer Game,4,0.0063
969,490701180,Devil May Cry 4 Special Edition,4,0.0063
970,2061746629,Don't Starve: Giant Edition,4,0.0063
971,1682154324,DPS Idle,4,0.0063
972,696196977,DRAGON BALL XENOVERSE,4,0.0063
973,1954227024,DRAGON BALL: THE BREAKERS,4,0.0063
974,1983248568,Eiyuden Chronicle: Hundred Heroes,4,0.0063
975,1659464109,Elite Dangerous Core,4,0.0063
976,1804401706,F1® 22 Xbox Series X|S,4,0.0063
977,1628280816,Faaast Penguin,4,0.0063
978,1297287153,Fable II,4,0.0063
979,1824003155,Family Feud®,4,0.0063
980,1814325409,Fantasy Dash,4,0.0063
981,1851718938,FANTASY LIFE i: The Girl Who Steals Time,4,0.0063
982,1480657151,Geometry Wars Evolved²,4,0.0063
983,1844195280,Go Mecha Ball,4,0.0063
984,1955982965,Gunfire Reborn,4,0.0063
985,1297287259,Halo: Reach,4,0.0063
986,1397819420,Hitman HD Pack,4,0.0063
987,2093028006,Hole io,4,0.0063
988,1802207786,HOT WHEELS UNLEASHED™ - Windows Edition,4,0.0063
989,1964820394,Hotline Miami Collection,4,0.0063
990,1962388658,Like a Dragon: Pirate Yakuza in Hawaii,4,0.0063
991,717669198,Madden NFL 19,4,0.0063
992,1649675719,Max: The Curse of Brotherhood,4,0.0063
993,2025840804,METAL GEAR SOLID 3: Snake Eater - Master Collection Version,4,0.0063
994,293003647,Microsoft Wordament,4,0.0063
995,1009393042,Middle-earth™: Shadow of Mordor™ - Game of the Year Edition,4,0.0063
996,1906370210,Minecraft: Java Edition,4,0.0063
997,2014650813,Minecraft: Story Mode - Episode 1: The Order of the Stone,4,0.0063
998,1824138520,Mirror's Edge™ Catalyst,4,0.0063
999,731662901,Monster Energy Supercross - The Official Videogame,4,0.0063
1000,380023945,Monster Energy Supercross - The Official Videogame 2,4,0.0063
1001,1931921361,Monster Energy Supercross - The Official Videogame 5,4,0.0063
1002,2092112354,Monster Jam™ Showdown,4,0.0063
1003,1656145947,Moonlighter,4,0.0063
1004,1948147176,Moving Out,4,0.0063
1005,469309830,NARUTO™: Ultimate Ninja® STORM,4,0.0063
1006,2036125374,Neon White,4,0.0063
1007,1685135803,NHL® 22,4,0.0063
1008,1696832928,NHRA Championship Drag Racing: Speed For All,4,0.0063
1009,2013083896,NINJA GAIDEN: Ragebound,4,0.0063
1010,340920273,Overcooked,4,0.0063
1011,2048381683,PAC-MAN WORLD Re-PAC,4,0.0063
1012,2035760753,PAW Patrol World,4,0.0063
1013,1480657346,Perfect Dark,4,0.0063
1014,2030792699,PGA TOUR 2K21,4,0.0063
1015,1960926264,Phoenix Point,4,0.0063
1016,1893542225,PIPE by BMX Streets,4,0.0063
1017,2117095676,Planet of Lana,4,0.0063
1018,671807457,Portal Knights,4,0.0063
1019,487177805,Prison Architect: Xbox One Edition,4,0.0063
1020,200732952,Project CARS 2,4,0.0063
1021,2002584553,Puzzle Quest 3,4,0.0063
1022,1743049130,Quake II,4,0.0063
1023,1278031123,Resident Evil,4,0.0063
1024,1005790042,Resident Evil 7 Teaser: Beginning Hour,4,0.0063
1025,950358266,Ride 2,4,0.0063
1026,1623503769,RiMS Racing,4,0.0063
1027,1889456287,Roller Champions™,4,0.0063
1028,1779343248,Sclash,4,0.0063
1029,1691013379,Secret Neighbor,4,0.0063
1030,1161889919,Skate 2,4,0.0063
1031,1884079219,Slime Rancher 2,4,0.0063
1032,1431504907,SplinterCellConviction,4,0.0063
1033,155936527,Street Fighter 30th Anniversary Collection,4,0.0063
1034,1848088335,Subnautica: Below Zero,4,0.0063
1035,1040009086,Super Lucky's Tale,4,0.0063
1036,597690024,SWORD ART ONLINE: FATAL BULLET,4,0.0063
1037,225007476,Team Sonic Racing™,4,0.0063
1038,1979014977,The Crew,4,0.0063
1039,1649441503,The Game of Life 2,4,0.0063
1040,39069682,The Jackbox Party Pack 2,4,0.0063
1041,1701212022,The Jackbox Party Pack 8,4,0.0063
1042,1793645165,THE KING OF FIGHTERS XV Standard Edition,4,0.0063
1043,654883159,The LEGO® NINJAGO® Movie Video Game,4,0.0063
1044,1762703770,The Lord of the Rings: Return to Moria™,4,0.0063
1045,1879711255,The Outer Worlds 2,4,0.0063
1046,1721383054,The Outer Worlds: Spacer's Choice Edition,4,0.0063
1047,2010719250,The Smurfs - Mission Vileaf,4,0.0063
1048,1628698678,Thief Simulator,4,0.0063
1049,1292135256,Titanfall,4,0.0063
1050,1946103240,Tomb Raider I-III Remastered Starring Lara Croft,4,0.0063
1051,1630747846,Tour de France 2025,4,0.0063
1052,1763653276,Transport Fever 2: Console Edition,4,0.0063
1053,937464404,Trials Evolution,4,0.0063
1054,1848191014,TUNIC,4,0.0063
1055,1922758426,WRC 9 FIA World Rally Championship,4,0.0063
1056,659391373,WWE 2K16,4,0.0063
1057,531971604,WWE 2K19,4,0.0063
1058,1751360232,AAA Dynamic Scenes,3,0.0047
1059,71300661,ACA NEOGEO THE KING OF FIGHTERS 2002,3,0.0047
1060,2144204141,Achilles: Survivor,3,0.0047
1061,433738637,Adventure Time: Pirates of the Enchiridion,3,0.0047
1062,1755599316,Age of Empires Definitive Edition,3,0.0047
1063,1431505017,Assassin's Creed Revelations,3,0.0047
1064,1431505070,Assassin's Creed® III ,3,0.0047
1065,1431505102,Assassin's Creed® Rogue,3,0.0047
1066,1128466455,ASURA'S WRATH,3,0.0047
1067,996030243,BioShock 2 Remastered,3,0.0047
1068,1865197952,Boomerang Fu,3,0.0047
1069,1414793191,Borderlands,3,0.0047
1070,1431504874,Brothers in Arms: HH,3,0.0047
1071,2136950563,Bugsnax,3,0.0047
1072,84648031,Bulletstorm: Full Clip Edition,3,0.0047
1073,1161889756,Burnout Revenge,3,0.0047
1074,1161889806,C&C3,3,0.0047
1075,1096157436,Call of Duty®: Ghosts,3,0.0047
1076,1625569842,Choo-Choo Charles,3,0.0047
1077,1297287892,Conker: Live and Reloaded,3,0.0047
1078,2113258996,Core Keeper,3,0.0047
1079,1161890152,Crysis,3,0.0047
1080,1161890190,Crysis® 3,3,0.0047
1081,1885511808,Date Everything!,3,0.0047
1082,2017702583,Dauntless,3,0.0047
1083,1678781072,DayZ - Experimental,3,0.0047
1084,320506923,Dead Rising 2,3,0.0047
1085,1161889879,Dead Space,3,0.0047
1086,376779456,Death Road to Canada,3,0.0047
1087,1957968654,Destroy All Humans! - Clone Carnage,3,0.0047
1088,528369592,Devil May Cry HD Collection,3,0.0047
1089,137510457,Dishonored®: Death of the Outsider™,3,0.0047
1090,2096821037,DOOM 3,3,0.0047
1091,886999858,Duke Nukem 3D: 20th Anniversary World Tour,3,0.0047
1092,439107693,Dungeon Defenders II,3,0.0047
1093,2109350810,Dungeons Of Hinterberg,3,0.0047
1094,374274123,EA SPORTS™ NHL® 19,3,0.0047
1095,1146095621,Earth Defense Force 2025,3,0.0047
1096,809464104,Elex,3,0.0047
1097,1984358909,Expansion for Explorers Pack 1,3,0.0047
1098,1801537563,F1® 2021,3,0.0047
1099,1431505036,Far Cry 3,3,0.0047
1100,1480659518,Far Cry Classic,3,0.0047
1101,1431504912,Far Cry® 2,3,0.0047
1102,1678270415,Farm Together,3,0.0047
1103,363774594,Farming Simulator 17,3,0.0047
1104,427070178,FINAL FANTASY X/X-2 HD Remaster,3,0.0047
1105,2109927239,Five Nights at Freddy's: Sister Location,3,0.0047
1106,1804966091,Forager,3,0.0047
1107,2063170939,Frostpunk: Console Edition,3,0.0047
1108,893913057,Full Spectrum Warrior,3,0.0047
1109,1618662965,Garfield Kart Furious Racing,3,0.0047
1110,1696603875,Gas Station Simulator,3,0.0047
1111,1669831089,Gold Mining Simulator,3,0.0047
1112,984363462,Graveyard Keeper,3,0.0047
1113,1705150859,Greedland,3,0.0047
1114,1297287142,Halo 3,3,0.0047
1115,1828807544,Harry Potter: Quidditch Champions,3,0.0047
1116,1397819396,Hitman: Absolution,3,0.0047
1117,1396901851,Hitman: Blood Money,3,0.0047
1118,1022544763,HITMAN™,3,0.0047
1119,1660075534,Hunting Simulator 2,3,0.0047
1120,1911404173,Immortals of Aveum™,3,0.0047
1121,1922993793,Jalopy,3,0.0047
1122,1044501532,Jeopardy!,3,0.0047
1123,1716785936,Jusant,3,0.0047
1124,40509624,KINGDOM HEARTS Ⅲ,3,0.0047
1125,1865989097,KINGDOM HEARTS HD 2.8 Final Chapter Prologue,3,0.0047
1126,70112963,Knight Squad,3,0.0047
1127,1718892809,Knockout City™,3,0.0047
1128,1279330271,LEGO Indiana Jones,3,0.0047
1129,1764536463,LEGO® The Hobbit™,3,0.0047
1130,1898106366,Little Ralph - Trial,3,0.0047
1131,2017169801,LOLLIPOP CHAINSAW RePOP,3,0.0047
1132,1777243206,Lost Judgment,3,0.0047
1133,1249526091,Madden NFL 16,3,0.0047
1134,1955779192,MechWarrior 5: Clans,3,0.0047
1135,650249872,Metal Gear Solid V: Ground Zeroes,3,0.0047
1136,1480657103,Metal Slug 3,3,0.0047
1137,1973367334,MindsEye,3,0.0047
1138,810085329,Mirror's Edge™,3,0.0047
1139,2036178233,Monster Energy Supercross 25 - The Official Video Game,3,0.0047
1140,1867295360,Monster Sanctuary,3,0.0047
1141,1297549289,Mortal Kombat vs. DCU,3,0.0047
1142,1480657679,Motocross Madness,3,0.0047
1143,1679173794,MotoGP™21,3,0.0047
1144,1866194138,Murder Miners,3,0.0047
1145,1833175061,MXGP 2019 - The Official Motocross Videogame,3,0.0047
1146,803175056,MXGP PRO,3,0.0047
1147,94171386,MXGP3,3,0.0047
1148,2070906964,NAMCO MUSEUM® ARCHIVES Vol 1,3,0.0047
1149,105831487,NARUTO SHIPPUDEN™: Ultimate Ninja® STORM 3 Full Burst,3,0.0047
1150,303799945,Nickelodeon Kart Racers,3,0.0047
1151,1776537169,NINJA GAIDEN Σ2,3,0.0047
1152,1010226785,One Piece: Burning Blood,3,0.0047
1153,1987587652,Overcooked! All You Can Eat,3,0.0047
1154,1894255361,Placid Plastic Duck Simulator,3,0.0047
1155,1375792807,Pool Nation FX,3,0.0047
1156,1702524932,Power Rangers: Battle for the Grid,3,0.0047
1157,2147115693,Project Wingman,3,0.0047
1158,827416995,Pure Pool,3,0.0047
1159,605857900,Quiplash,3,0.0047
1160,1431505028,Rayman® Origins,3,0.0047
1161,2056655762,Remnant: From the Ashes,3,0.0047
1162,1469186547,Resident Evil 0,3,0.0047
1163,192928167,Rocksmith 2014,3,0.0047
1164,1745852530,RollerCoaster Tycoon 3 Complete Edition,3,0.0047
1165,2048545274,Rubber Bandits,3,0.0047
1166,1704562600,Rugby 25,3,0.0047
1167,1693521674,Rumbleverse,3,0.0047
1168,1889657958,S.T.A.L.K.E.R.: Call of Prypiat - Enhanced Edition,3,0.0047
1169,2073736638,Scrabble,3,0.0047
1170,544561028,Shadow Warrior 2,3,0.0047
1171,1709151881,Ship Graveyard Simulator 2,3,0.0047
1172,1263405125,Silent Hill:  HD Collection,3,0.0047
1173,2031266067,Sker Ritual,3,0.0047
1174,1740860919,Sniper Ghost Warrior Contracts,3,0.0047
1175,1864659895,Sniper Ghost Warrior Contracts 2,3,0.0047
1176,1480657445,Sonic Adventure,3,0.0047
1177,1836687833,Sonic Colors: Ultimate,3,0.0047
1178,1633152429,SONIC SUPERSTARS,3,0.0047
1179,2051631747,Spectre Divide,3,0.0047
1180,1161890157,SSX,3,0.0047
1181,1112934458,STAR WARS KOTOR II,3,0.0047
1182,1675190546,Stunt Paradise,3,0.0047
1183,1480657498,Super Meat Boy,3,0.0047
1184,2141647881,Tales from the Borderlands - Episode 1: Zer0 Sum,3,0.0047
1185,990373231,Tales of Arise,3,0.0047
1186,1874881573,Tales of Kenzera™: ZAU,3,0.0047
1187,1788169756,Taxi Life: A City Driving Simulator,3,0.0047
1188,1431504855,TC's SC Double Agent,3,0.0047
1189,1915523932,Tempopo,3,0.0047
1190,1047413393,TERA,3,0.0047
1191,1651647141,The Boat Grandma,3,0.0047
1192,1128640842,The Escapists,3,0.0047
1193,1668095237,The Jackbox Naughty Pack,3,0.0047
1194,1637976314,The Jackbox Survey Scramble,3,0.0047
1195,1962688125,The Messenger,3,0.0047
1196,1842335063,The Mortuary Assistant,3,0.0047
1197,1161889807,The Orange Box,3,0.0047
1198,2070685355,to a T,3,0.0047
1199,1278892798,TRIVIAL PURSUIT LIVE!,3,0.0047
1200,1945435013,TRIVIAL PURSUIT Live! 2,3,0.0047
1201,716478832,TT Isle of Man,3,0.0047
1202,1860058296,TT Isle Of Man: Ride on the Edge 3,3,0.0047
1203,1479999542,Unravel,3,0.0047
1204,1658477123,Unturned,3,0.0047
1205,995443207,Verdun,3,0.0047
1206,680908276,Viva Piñata: TIP,3,0.0047
1207,1760893557,Warlander,3,0.0047
1208,474535578,WARRIORS OROCHI 4,3,0.0047
1209,1679106504,WARRIORS: Abyss,3,0.0047
1210,1807860559,Werewolf: The Apocalypse - Earthblood,3,0.0047
1211,1307429766,Worms Battlegrounds,3,0.0047
1212,1696868991,WRC Generations - The FIA WRC Official Game,3,0.0047
1213,566278,WWE 2K17,3,0.0047
1214,981110874,WWE 2K18,3,0.0047
1215,1695141626,Zombies Ate My Neighbors and Ghoul Patrol,3,0.0047
1216,2002870555,A Little to the Left,2,0.0031
1217,969381141,A Plague Tale: Innocence,2,0.0031
1218,1915969143,AFL 23,2,0.0031
1219,579423182,Agony,2,0.0031
1220,2080141972,Aground,2,0.0031
1221,616610555,Alan Wake's American Nightmare,2,0.0031
1222,416307002,ARCADE GAME SERIES: DIG DUG,2,0.0031
1223,588577476,ARCADE GAME SERIES: GALAGA,2,0.0031
1224,1741728886,Arcade Paradise,2,0.0031
1225,1616326452,Arcadegeddon,2,0.0031
1226,1743279702,Arma Reforger - Experimental,2,0.0031
1227,1431504989,Assassin's Creed Brotherhood,2,0.0031
1228,1744435907,Atelier Yumia: The Alchemist of Memories & the Envisioned Land,2,0.0031
1229,1771834186,ATLAS (Game Preview),2,0.0031
1230,1614240330,Baldur's Gate: Dark Alliance,2,0.0031
1231,338995079,Batman: The Enemy Within - Episode 1,2,0.0031
1232,2006171548,Battle Brothers,2,0.0031
1233,233177124,Battle Islands: Commanders,2,0.0031
1234,810050544,Beach Buggy Racing,2,0.0031
1235,1844143156,Beach Buggy Racing 2: Island Adventure,2,0.0031
1236,1671588981,Bible Trivia­,2,0.0031
1237,1414793176,BioShock,2,0.0031
1238,699731308,BioShock Infinite: The Complete Edition,2,0.0031
1239,1812873797,Blades of Fire,2,0.0031
1240,1662853043,Blasphemous 2,2,0.0031
1241,1297287893,Blinx: The Time Sweeper,2,0.0031
1242,1661717515,Blood Bowl 3,2,0.0031
1243,231858691,Bomber Crew,2,0.0031
1244,1914086330,Broforce,2,0.0031
1245,1161889798,Burnout Paradise,2,0.0031
1246,2077036451,Cake Bash,2,0.0031
1247,1096157137,Call of Duty® 2,2,0.0031
1248,1960391873,Call of Duty®: Black Ops III (Windows),2,0.0031
1249,1431505012,Call of Juarez Cartel,2,0.0031
1250,2018993706,Candy Crush Soda Saga,2,0.0031
1251,2035296401,Capcom Arcade 2nd Stadium,2,0.0031
1252,1802600743,Capcom Arcade Stadium,2,0.0031
1253,2008066354,Car Mechanic Simulator,2,0.0031
1254,287508507,Casey Powell Lacrosse 18,2,0.0031
1255,1263405133,Castlevania: LoS 2,2,0.0031
1256,2113702526,Caterpillar (Windows 10),2,0.0031
1257,1715577372,Chained Echoes,2,0.0031
1258,1693676973,Clue,2,0.0031
1259,1610974574,Cocoon,2,0.0031
1260,370169912,Contrast,2,0.0031
1261,1723836102,Cookie Clicker,2,0.0031
1262,400142602,Costume Quest 2,2,0.0031
1263,1755920678,Creatures of Ava,2,0.0031
1264,1297287249,Crimson Skies®: High Road to Revenge™,2,0.0031
1265,1771581366,Croc Legend of the Gobbos,2,0.0031
1266,2123216194,Crysis 2 Remastered,2,0.0031
1267,1414596582,Darksiders,2,0.0031
1268,367230746,Darksiders Genesis,2,0.0031
1269,524859112,Darksiders III,2,0.0031
1270,2102421406,Day of the Tentacle Remastered,2,0.0031
1271,907587004,Dead Island: Riptide Definitive Edition,2,0.0031
1272,1267471686,DEAD OR ALIVE 5 Last Round: Core Fighters,2,0.0031
1273,406842057,Dead Rising,2,0.0031
1274,1270951403,Dead Rising 4,2,0.0031
1275,1480657531,Dead Space™ Ignition,2,0.0031
1276,125143641,Deadlight: Director's Cut,2,0.0031
1277,577546632,Destroy All Humans! (2005),2,0.0031
1278,1129121853,DiRT 3,2,0.0031
1279,1728448413,DmC Devil May Cry: Definitive Edition,2,0.0031
1280,1751733247,Doki Doki Literature Club Plus!,2,0.0031
1281,2100206304,DOOM: The Dark Ages Digital Artbook and Soundtrack,2,0.0031
1282,1953182469,DRAGON QUEST® XI S: Echoes of an Elusive Age™ - Definitive Edition,2,0.0031
1283,147604411,Dungeons 3,2,0.0031
1284,1558010571,DYNASTY WARRIORS 8 Empires,2,0.0031
1285,531404425,DYNASTY WARRIORS 9,2,0.0031
1286,492699383,EA SPORTS™ NHL® 17,2,0.0031
1287,1234432164,EA SPORTS™ Rory McIlroy PGA TOUR®,2,0.0031
1288,2129002058,ENDER MAGNOLIA: Bloom in the Mist,2,0.0031
1289,2134693780,EVERSPACE™ 2,2,0.0031
1290,2015929879,Evil Dead: The Game,2,0.0031
1291,1989971377,Exit the Gungeon,2,0.0031
1292,180750187,F1™ 2017,2,0.0031
1293,1885859783,FATAL FURY: City of the Wolves,2,0.0031
1294,1661863954,FATE: Reawakened,2,0.0031
1295,1813362885,FIFA 14,2,0.0031
1296,1997023214,FINAL FANTASY IX,2,0.0031
1297,1799236568,FINAL FANTASY V,2,0.0031
1298,2021453818,FINAL FANTASY VIII Remastered,2,0.0031
1299,885797626,Fishing Sim World®: Pro Tour,2,0.0031
1300,67961945,FlatOut 4 : Total Insanity,2,0.0031
1301,1653679338,Flintlock: The Siege of Dawn,2,0.0031
1302,344311848,For The King,2,0.0031
1303,1702196563,Frostpunk 2,2,0.0031
1304,1692871917,Frozen Free Fall: Snowball Fight,2,0.0031
1305,1741490588,Fruit Adventure,2,0.0031
1306,1694490701,FuzzBall,2,0.0031
1307,1646082476,Galacticare,2,0.0031
1308,2022597828,Garten of Banban 0,2,0.0031
1309,1480656877,Geometry Wars Evolved,2,0.0031
1310,1431504947,Ghost Recon: Future Soldier™,2,0.0031
1311,1683674669,Ghostbusters: Spirits Unleashed Ecto Edition,2,0.0031
1312,27466162,Gunscape,2,0.0031
1313,1657474153,Hades' Star: DARK NEBULA,2,0.0031
1314,1297287287,Halo 3: ODST Campaign Edition,2,0.0031
1315,1297287449,Halo 4,2,0.0031
1316,682562723,Halo: Spartan Assault,2,0.0031
1317,2020032940,HAWKED,2,0.0031
1318,1704351342,Hello Neighbor 2,2,0.0031
1319,1880214966,Hello Neighbor: Hide and Seek,2,0.0031
1320,1927102516,Herdling,2,0.0031
1321,1480656849,Hexic HD,2,0.0031
1322,758563081,Horizon Chase Turbo,2,0.0031
1323,1960955312,I Am Fish,2,0.0031
1324,2144211794,Iron Harvest Complete Edition,2,0.0031
1325,2082961842,Jujutsu Kaisen Cursed Clash,2,0.0031
1326,1396901863,Just Cause 2,2,0.0031
1327,1775780452,Just Dance Free Experience,2,0.0031
1328,1873893114,Just Die Already,2,0.0031
1329,42119495,Killer Instinct Classic,2,0.0031
1330,2105228747,Killer Klowns From Outer Space: The Game,2,0.0031
1331,2072806887,King Arthur: Knight's Tale,2,0.0031
1332,1687388278,KINGDOM HEARTS - HD 1.5+2.5 ReMIX -,2,0.0031
1333,2043794712,Kingdoms and Castles,2,0.0031
1334,1745241155,Kitten Island,2,0.0031
1335,1989445813,Knight Squad 2,2,0.0031
1336,2147212200,"Knowledge, or know Lady",2,0.0031
1337,1668424649,Kulebra and the Souls of Limbo: Closure Edition,2,0.0031
1338,1886388305,Kunitsu-Gami: Path of the Goddess,2,0.0031
1339,2071372034,Lawn Mowing Simulator,2,0.0031
1340,240478325,Layers of Fear (2016),2,0.0031
1341,1833447683,Legacy of Kain™ Soul Reaver 1&2 Remastered,2,0.0031
1342,1843760263,LEGO® 2K Drive for Xbox Series X|S,2,0.0031
1343,1005561191,LEGO® Indiana Jones™ 2,2,0.0031
1344,565406974,LEGO® STAR WARS™: The Force Awakens,2,0.0031
1345,2016417527,Life is Strange Remastered,2,0.0031
1346,2119300209,Life is Strange: Double Exposure,2,0.0031
1347,1687910025,Mahjong by Microsoft,2,0.0031
1348,2021132620,Mandragora: Whispers of the Witch Tree,2,0.0031
1349,2117648871,Martha Is Dead,2,0.0031
1350,1161890141,Mass Effect™ 3,2,0.0031
1351,1414793292,Max Payne,2,0.0031
1352,1414793291,Max Payne® 2: The Fall of Max Payne,2,0.0031
1353,333701857,Mega Man X Legacy Collection,2,0.0031
1354,1632270119,Megaton Rainfall,2,0.0031
1355,2045704503,Metaball,2,0.0031
1356,1263405120,METAL GEAR SOLID HD: 2 & 3,2,0.0031
1357,1263405116,MGS PW HD,2,0.0031
1358,1906672574,Middle-earth™: Shadow of Mordor™,2,0.0031
1359,1997603662,Minion Masters,2,0.0031
1360,2022357971,Monster Energy Supercross - The Official Videogame 4,2,0.0031
1361,1807714585,Monster Truck Championship,2,0.0031
1362,1957255658,MORDHAU,2,0.0031
1363,1742982949,MotoGP™24,2,0.0031
1364,1480656951,MS.PAC-MAN,2,0.0031
1365,485601591,NARUTO SHIPPUDEN™: Ultimate Ninja® STORM 2,2,0.0031
1366,664898642,NASCAR Heat 3,2,0.0031
1367,1909911128,NASCAR Heat 4,2,0.0031
1368,778400368,NBA 2K14,2,0.0031
1369,1343920370,NBA 2K15,2,0.0031
1370,1615991113,New MONOPOLY®,2,0.0031
1371,2085418848,Nexomon,2,0.0031
1372,1634565765,NHL® 94 REWIND,2,0.0031
1373,1957424962,No Straight Roads,2,0.0031
1374,2132252311,Olympic Games Tokyo 2020 – The Official Video Game™,2,0.0031
1375,1785122378,Omega Strikers,2,0.0031
1376,2025399821,ONE PUNCH MAN: A HERO NOBODY KNOWS,2,0.0031
1377,1146095594,Onechanbara,2,0.0031
1378,1964152695,OneShot: World Machine Edition,2,0.0031
1379,926156714,Onimusha: Warlords,2,0.0031
1380,1831668171,Opus Castle,2,0.0031
1381,308514854,Outward,2,0.0031
1382,2029650168,Overthrown,2,0.0031
1383,1815686049,Paper io 2,2,0.0031
1384,1926352092,PBA Pro Bowling,2,0.0031
1385,2100880776,Pentiment,2,0.0031
1386,1698989872,PICO PARK 2,2,0.0031
1387,1932565641,Pikuniku,2,0.0031
1388,2082686109,Pirate Days,2,0.0031
1389,1542414577,Plague Inc: Evolved,2,0.0031
1390,1480657248,Portal: Still Alive,2,0.0031
1391,1919133963,Praetorians - HD Remaster,2,0.0031
1392,153810321,Pro Evolution Soccer 2015,2,0.0031
1393,2117633627,Quiplash 2 InterLASHional: The Say Anything Party Game!,2,0.0031
1394,1641566497,Railroads Online,2,0.0031
1395,1431505091,Rayman® Legends,2,0.0031
1396,967641964,Realm Royale Reforged,2,0.0031
1397,852431422,ReCore,2,0.0031
1398,1128466466,RESIDENT EVIL CODE: Veronica X,2,0.0031
1399,1128466461,Resident Evil Operation Raccoon City,2,0.0031
1400,472512000,Resident Evil Revelations,2,0.0031
1401,826442297,Road Rage,2,0.0031
1402,1785385145,Rock of Ages 3: Make & Break,2,0.0031
1403,1861374778,Rugby Challenge 3,2,0.0031
1404,1652661000,Rugby Challenge 4,2,0.0031
1405,93901068,Ruiner,2,0.0031
1406,2020514432,SBK™22,2,0.0031
1407,1944780994,Scars Above,2,0.0031
1408,282721798,Screencheat,2,0.0031
1409,365310947,Scribblenauts Mega Pack,2,0.0031
1410,1726081569,Seal: WHAT the FUN,2,0.0031
1411,1781047490,Shin Megami Tensei V: Vengeance,2,0.0031
1412,1947725080,Skul: The Hero Slayer,2,0.0031
1413,902608,Sky Force Reloaded,2,0.0031
1414,844274714,Skylanders Imaginators,2,0.0031
1415,1657758963,Slay the Princess - The Pristine Cut,2,0.0031
1416,1955054478,Smalland: Survive the Wilds,2,0.0031
1417,2128705961,Solitaire HD,2,0.0031
1418,1813223937,SongPop Party,2,0.0031
1419,129325438,SONIC FORCES,2,0.0031
1420,2073359006,Spirittea,2,0.0031
1421,1645584645,Spot Challenge Vol. 4,2,0.0031
1422,1910694934,SpotCat vs The Cheddar Mafia In The Americas,2,0.0031
1423,1112934459,Star Wars Republic Commando,2,0.0031
1424,1883232264,STAR WARS™ Episode I Racer,2,0.0031
1425,1663285336,STAR WARS™: Bounty Hunter™,2,0.0031
1426,1974921711,STAR WARS™: Episode I: Jedi Power Battles™,2,0.0031
1427,2002404032,Stranded: Alien Dawn,2,0.0031
1428,2079765251,Streets of Rogue,2,0.0031
1429,1995931888,Sunderfolk,2,0.0031
1430,1718545023,Sunset Overdrive,2,0.0031
1431,1866825187,Super Monkey Ball: Banana Blitz HD,2,0.0031
1432,1941370105,Supermarket Owner Simulator: Business,2,0.0031
1433,2003002635,Survival: Foutain of Youth - Captain's Edition,2,0.0031
1434,1768536074,Symphonia 𝄞,2,0.0031
1435,1313671257,TEKKEN TAG TOURNAMENT 2,2,0.0031
1436,1999803984,The Amazing Spider-Man 2™,2,0.0031
1437,619718041,The Cave,2,0.0031
1438,1997447389,The Dark Pictures Anthology: The Devil in Me,2,0.0031
1439,1414793198,The Darkness,2,0.0031
1440,1005415207,The Golf Club 2019 featuring PGA TOUR,2,0.0031
1441,1987184613,The Jackbox Party Pack 9,2,0.0031
1442,1755825192,The LEGO Movie Videogame,2,0.0031
1443,996619018,The Sinking City,2,0.0031
1444,1776537730,The Sinking City Remastered,2,0.0031
1445,1889167057,The Walking Dead: Destinies,2,0.0031
1446,635298240,"The Walking Dead: Michonne - Ep. 1, In Too Deep",2,0.0031
1447,2128187549,The Walking Zombie 2,2,0.0031
1448,1967005422,The Wandering Village,2,0.0031
1449,62572131,The Wolf Among Us,2,0.0031
1450,1885474441,Those Who Remain,2,0.0031
1451,1279330262,Thrillville: OTR,2,0.0031
1452,1396901868,Tomb Raider Underworld,2,0.0031
1453,1480657534,Torchlight,2,0.0031
1454,1610985256,Torchlight III,2,0.0031
1455,383880849,Transference™,2,0.0031
1456,2125289543,TRANSFORMERS™: Devastation,2,0.0031
1457,580901123,Tropico 6,2,0.0031
1458,1754770560,Unicorn Overlord,2,0.0031
1459,1769772134,Wargroove 2,2,0.0031
1460,2004428777,WILD HEARTS™ Standard Edition,2,0.0031
1461,1048549433,WRC 6 FIA World Rally Championship,2,0.0031
1462,181948997,WWE 2K15,2,0.0031
1463,1414793346,XCOM®: Enemy Unknown,2,0.0031
1464,2040239934,XDefiant,2,0.0031
1465,1148805248,Yu-Gi-Oh! Legacy of the Duelist,2,0.0031
1466,1019936697,#IDARB,1,0.0016
1467,188225844,11-11 Memories Retold,1,0.0016
1468,1480656961,3D Ultra™ Minigolf,1,0.0016
1469,2073237270,60 Parsecs!,1,0.0016
1470,1828682259,9th Dawn III,1,0.0016
1471,1806866056,A Building Full of Cats,1,0.0016
1472,1480657371,A World of Keflings,1,0.0016
1473,1528308274,Aaero,1,0.0016
1474,593828894,Absolver,1,0.0016
1475,949699803,ABZU,1,0.0016
1476,161766155,ACA NEOGEO ART OF FIGHTING 2,1,0.0016
1477,742489013,ACA NEOGEO LEAGUE BOWLING,1,0.0016
1478,731026222,ACA NEOGEO METAL SLUG X,1,0.0016
1479,537999743,ACA NEOGEO STREET HOOP,1,0.0016
1480,419725624,ACA NEOGEO THE KING OF FIGHTERS '97,1,0.0016
1481,552749870,ACA NEOGEO THE KING OF FIGHTERS '98,1,0.0016
1482,1313671121,ACE COMBAT 6,1,0.0016
1483,2023402980,Achilles: Legends Untold,1,0.0016
1484,1777027693,Adv File Explorer (FullTrust),1,0.0016
1485,1956029545,Aeterna Noctis,1,0.0016
1486,411985913,AFL Evolution,1,0.0016
1487,2095341139,Agatha Christie - Hercule Poirot: The London Case,1,0.0016
1488,1629096088,Agatha Christie - Murder on the Orient Express,1,0.0016
1489,36718263,Agatha Knife,1,0.0016
1490,1480657136,Age of Booty,1,0.0016
1491,1630807758,Age of Water,1,0.0016
1492,1920996408,Age of Wonders 4,1,0.0016
1493,1835497756,Agents of Mayhem,1,0.0016
1494,1064538690,Air Missions: HIND,1,0.0016
1495,946215144,AirMech® Arena,1,0.0016
1496,1694926512,Akinofa,1,0.0016
1497,615247627,Alan Wake,1,0.0016
1498,1847254069,Alex Kidd in Miracle World DX,1,0.0016
1499,1910091538,Alfred Hitchcock - Vertigo,1,0.0016
1500,545851415,All-Star Fruit Racing,1,0.0016
1501,1712068512,Amanda the Adventurer,1,0.0016
1502,880413309,Amnesia: Collection,1,0.0016
1503,77840650,Among the Sleep - Enhanced Edition,1,0.0016
1504,1798477678,AO Tennis 2,1,0.0016
1505,652901378,APB Reloaded,1,0.0016
1506,244952910,Aragami: Shadow Edition,1,0.0016
1507,1714994601,Architect Life: A House Design Simulator,1,0.0016
1508,1963187474,ArcRunner,1,0.0016
1509,2076917277,Army of Ruin,1,0.0016
1510,1161889868,Army of Two™ (EU),1,0.0016
1511,1431504955,Assassin's Creed II,1,0.0016
1512,524641908,Assassin's Creed® Chronicles: China,1,0.0016
1513,1946604107,Asteroids: Recharged,1,0.0016
1514,1664245882,Atari 50: The Anniversary Celebration,1,0.0016
1515,2042945112,Atomicrops,1,0.0016
1516,1720903665,Autopsy Simulator,1,0.0016
1517,1414596577,Avatar: TLA: TBE,1,0.0016
1518,1042452848,Aven Colony,1,0.0016
1519,1632006220,Azure Striker GUNVOLT 2,1,0.0016
1520,1922639286,Bag Hero,1,0.0016
1521,1833100190,Baldur's Gate: Dark Alliance II,1,0.0016
1522,1480656876,Bankshot Billiards 2,1,0.0016
1523,626624492,Baseball Riot,1,0.0016
1524,1464993832,Batman: Arkham Origins,1,0.0016
1525,1161889960,Battlefield Bad Company 2,1,0.0016
1526,364804937,BATTLESHIP®,1,0.0016
1527,1396901865,Battlestations Pacific,1,0.0016
1528,1902480256,BATTLETECH,1,0.0016
1529,2035405673,Beach Buggy Racing,1,0.0016
1530,1616593473,Beat Stickman: Infinity Clones,1,0.0016
1531,2140460499,Before We Leave,1,0.0016
1532,1480656850,Bejeweled 2,1,0.0016
1533,1480659459,Bellator: MMA Onslaught,1,0.0016
1534,1021034070,Big Buck Hunter Arcade,1,0.0016
1535,496978826,Binaries,1,0.0016
1536,1414793309,BioShock Infinite,1,0.0016
1537,366165352,Blacksad - Under the Skin,1,0.0016
1538,1969372075,BlazBlue: Cross Tag Battle Special Edition,1,0.0016
1539,1747714306,Blocky Farm,1,0.0016
1540,173291706,Blood Bowl 2,1,0.0016
1541,1296697338,BloodRayne 2,1,0.0016
1542,1952427486,Bloodstained: Ritual of the Night,1,0.0016
1543,1297287135,Blue Dragon,1,0.0016
1544,1480657330,Bomberman Battlefest,1,0.0016
1545,1668063217,Bonk 'N Bash,1,0.0016
1546,1928228122,Borderlands®4,1,0.0016
1547,1691874317,Boss Rush: Mythology,1,0.0016
1548,1857840975,Breakout: Recharged,1,0.0016
1549,465277350,Bridge Constructor,1,0.0016
1550,2067110068,Bright Memory,1,0.0016
1551,232457702,Broken Age,1,0.0016
1552,1629702349,Buddy Garden,1,0.0016
1553,1950881463,Bum Simulator,1,0.0016
1554,2022947683,BVOVB - Bruising Vengeance of the Vintage Boxer,1,0.0016
1555,1161889888,C&C Red Alert 3,1,0.0016
1556,1161889850,C&C3: Kane's Wrath,1,0.0016
1557,171879377,Call of Cthulhu,1,0.0016
1558,1944957710,Call of Duty®: Modern Warfare® 2 (2009),1,0.0016
1559,1431504924,Call of Juarez: Bound in Blood,1,0.0016
1560,1480659632,Call of Juarez® Gunslinger,1,0.0016
1561,1916243879,Camping Simulator: The Squad,1,0.0016
1562,1965711939,Capcom Fighting Collection 2,1,0.0016
1563,1843053682,Captain Blood,1,0.0016
1564,1927486263,Captain Velvet Meteor: The Jump+ Dimensions,1,0.0016
1565,1807592900,Car Mechanic Simulator Classic,1,0.0016
1566,908734579,Carmageddon: Max Damage,1,0.0016
1567,870299798,Carnival Games®,1,0.0016
1568,1696049385,Carnivores: Dinosaur Hunt,1,0.0016
1569,1793054097,Carrion,1,0.0016
1570,1855158493,Cartel Tycoon,1,0.0016
1571,293403523,Cartoon Network: Battle Crashers,1,0.0016
1572,1480659655,Castle of Illusion,1,0.0016
1573,1480659610,CastleStorm,1,0.0016
1574,1739606934,Castlevania Advance Collection,1,0.0016
1575,2144913935,Castlevania Anniversary Collection,1,0.0016
1576,2012135933,Castlevania Dominus Collection,1,0.0016
1577,1480657530,Castlevania HD,1,0.0016
1578,1263405065,Castlevania LoS,1,0.0016
1579,1480659976,Castlevania: LoS - Mirror of Fate HD,1,0.0016
1580,2111860697,Cat Pipes,1,0.0016
1581,2079414802,CATAN® - Console Edition,1,0.0016
1582,1096026071,Catherine,1,0.0016
1583,1754604823,Cats and Seek : Dino Park,1,0.0016
1584,1692828729,Cats and Seek : Osaka,1,0.0016
1585,2071309475,Cattle Country,1,0.0016
1586,1872307318,Chef Life: A Restaurant Simulator,1,0.0016
1587,1889886349,Chess Royal,1,0.0016
1588,1717280173,CHRONO CROSS: THE RADICAL DREAMERS EDITION,1,0.0016
1589,2003473581,Citizen Sleeper,1,0.0016
1590,1676653592,Citizen Sleeper 2: Starward Vector,1,0.0016
1591,1736174077,City Transport Simulator: Tram,1,0.0016
1592,1618799257,CityDriver,1,0.0016
1593,1880988322,Classic Pool,1,0.0016
1594,2057723777,Classified: France '44,1,0.0016
1595,348040448,Clouds & Sheep 2,1,0.0016
1596,206503430,Clustertruck,1,0.0016
1597,1732400170,Cobra Kai 2: Dojos Rising,1,0.0016
1598,1872936107,Cobra Kai: The Karate Kid Saga Continues,1,0.0016
1599,1480657343,Commander's Challenge,1,0.0016
1600,1729654407,Company of Heroes 3,1,0.0016
1601,1954997644,Construction Simulator 3 - Console Edition,1,0.0016
1602,1480656920,Contra,1,0.0016
1603,1859542622,Contra Anniversary Collection,1,0.0016
1604,2011564314,Contra: Operation Galuga,1,0.0016
1605,2097032200,"Cook, Serve, Delicious! 2!!",1,0.0016
1606,1297287132,Crackdown,1,0.0016
1607,1297287356,Crackdown 2,1,0.0016
1608,35820305,Crackdown 3: Wrecking Zone,1,0.0016
1609,1480657460,Crazy Taxi,1,0.0016
1610,1871238901,Crime Boss: Rockay City,1,0.0016
1611,1763402795,Croc's World 2,1,0.0016
1612,1161890019,Crysis 2,1,0.0016
1613,2004939306,Crysis 3 Remastered,1,0.0016
1614,2077764934,Crysis Remastered,1,0.0016
1615,1914646696,Curse of the Dead Gods,1,0.0016
1616,1705627827,CYGNI: All Guns Blazing,1,0.0016
1617,1939160486,Dakar Desert Rally,1,0.0016
1618,694107204,Dance Central Spotlight,1,0.0016
1619,1664736696,Daniel in Danger,1,0.0016
1620,1841290462,Dark Alliance,1,0.0016
1621,1940736818,Darkest Dungeon II,1,0.0016
1622,1414596758,Darksiders II,1,0.0016
1623,1619542068,Dawn of Man,1,0.0016
1624,2075137582,Daydream: Forgotten Sorrow,1,0.0016
1625,1734943461,Daymare: 1994 Sandcastle,1,0.0016
1626,1724663837,Daymare: 1994 Sandcastle_SGD23,1,0.0016
1627,1480657513,Deadliest Warrior,1,0.0016
1628,1959842755,Death's Door,1,0.0016
1629,1690468494,DEATHLOOP,1,0.0016
1630,1966406017,Deceive Inc.,1,0.0016
1631,1925810480,Deep Rock Galactic Insider,1,0.0016
1632,1480657099,Defense Grid,1,0.0016
1633,1628098590,Destroy All Humans! 2 - Reprobed,1,0.0016
1634,1397819386,DEUS EX: HUMAN REVOLUTION,1,0.0016
1635,1650442817,Deus Ex: Mankind Divided™,1,0.0016
1636,2048553413,Differences: Find & Spot them,1,0.0016
1637,852849518,Digimon Survive,1,0.0016
1638,338090394,Dirt Rally,1,0.0016
1639,1129121861,DiRT Showdown,1,0.0016
1640,1799432498,Disc Room,1,0.0016
1641,1821472434,Disciples: Liberation,1,0.0016
1642,1974043980,Disney Classic Games: Aladdin and The Lion King,1,0.0016
1643,1112934422,Disney Epic Mickey 2: The Power of Two,1,0.0016
1644,1981785404,Disney Illusion Island Starring Mickey and Friends,1,0.0016
1645,1864875251,Disney Magic Kingdoms,1,0.0016
1646,2096544989,Divine Knockout (DKO),1,0.0016
1647,1062046240,Divinity: Original Sin - Enhanced Edition,1,0.0016
1648,1951675244,DJMAX RESPECT V,1,0.0016
1649,1935690934,Dog Man: Mission Impawsible,1,0.0016
1650,249733426,Don't Knock Twice,1,0.0016
1651,1480656932,DOOM,1,0.0016
1652,1480657334,DOOM II (Classic),1,0.0016
1653,2125974437,Door Kickers: Action Squad,1,0.0016
1654,1480659538,Double Dragon Neon,1,0.0016
1655,534038970,Dovetail Games Euro Fishing,1,0.0016
1656,1480657549,DR2: CASE ZERO,1,0.0016
1657,849613404,Dragon's Dogma: Dark Arisen,1,0.0016
1658,1161890059,Dragon Age™ 2,1,0.0016
1659,1743457512,DRAGON QUEST BUILDERS 2,1,0.0016
1660,1629928134,DRAGON QUEST III HD-2D Remake,1,0.0016
1661,1921123976,Dream Park Story,1,0.0016
1662,2104125318,DreamWorks Trolls Remix Rescue,1,0.0016
1663,1712105499,DRIFTCE,1,0.0016
1664,776943591,DUCATI - 90th Anniversary,1,0.0016
1665,1891372981,Duck Simulator Lite,1,0.0016
1666,1965615595,Dungeon Hunter 5,1,0.0016
1667,1397819381,Dungeon Siege III,1,0.0016
1668,1911906130,Dungeon Village 2,1,0.0016
1669,1480659907,Dungeons & Dragons: Chronicles of Mystara,1,0.0016
1670,2078793582,DYSMANTLE,1,0.0016
1671,134413498,EA SPORTS™ NHL® 18,1,0.0016
1672,1146095609,Earth Defense Force: IA,1,0.0016
1673,571156610,Earthfall,1,0.0016
1674,1874135365,EDENS ZERO,1,0.0016
1675,1996027459,Educational Games for Kids (Cross-Buy),1,0.0016
1676,1852617445,ELEX II,1,0.0016
1677,2096319922,Embr,1,0.0016
1678,2046176982,Empire of Sin,1,0.0016
1679,1941057630,Empire of the Ants,1,0.0016
1680,1945318676,Enchanted Portals,1,0.0016
1681,2049241881,Entropy Survivors,1,0.0016
1682,1997600803,Epic Landscapes Jigsaw for PC & XBOX,1,0.0016
1683,1650244744,Escape Dash Journey,1,0.0016
1684,1802598063,Escape from Ever After: Onboarding,1,0.0016
1685,1827641394,European War 7: Medieval,1,0.0016
1686,2131572088,Evil West,1,0.0016
1687,1639220334,Exo One,1,0.0016
1688,1736752782,Expansion for Explorers,1,0.0016
1689,524284397,Extinction,1,0.0016
1690,1464993747,F.E.A.R. 2,1,0.0016
1691,1464993792,F.E.A.R. 3,1,0.0016
1692,481925121,F1® 2018,1,0.0016
1693,172017893,F1® 2019,1,0.0016
1694,1887182103,F1® Manager 2022,1,0.0016
1695,1129121874,F1™ 2014,1,0.0016
1696,750338097,Fable Fortune,1,0.0016
1697,1855303549,Fairyland: Merge and Magic,1,0.0016
1698,1649971201,Fallout,1,0.0016
1699,1866455351,Fallout 3: Game of the Year Edition,1,0.0016
1700,1655237678,Fallout: New Vegas Ultimate Edition,1,0.0016
1701,1906937527,Far Cry 3 Blood Dragon Classic Edition,1,0.0016
1702,1480659903,Far Cry® 3 Blood Dragon,1,0.0016
1703,1645447317,Farm Manager 2022,1,0.0016
1704,1640889440,Farmer Survivors,1,0.0016
1705,918516972,Farming Simulator 15,1,0.0016
1706,1629487179,FATAL FRAME: Maiden of Black Water,1,0.0016
1707,184042097,Fe,1,0.0016
1708,1689264723,FIFA 15,1,0.0016
1709,1691849278,FINAL FANTASY IV,1,0.0016
1710,607966981,FINAL FANTASY VII,1,0.0016
1711,152270586,FINAL FANTASY XII THE ZODIAC AGE,1,0.0016
1712,2109344129,FINAL FANTASY XV WINDOWS EDITION,1,0.0016
1713,1733492292,Finding Frankie,1,0.0016
1714,1850924057,Fishing: North Atlantic,1,0.0016
1715,1623391709,Flock,1,0.0016
1716,1711202314,Flying Fish,1,0.0016
1717,1890880304,Fobia - St. Dinfna Hotel,1,0.0016
1718,1975562587,Forgive Me Father,1,0.0016
1719,2105300198,Formula Retro Racing,1,0.0016
1720,1519874468,Forza Horizon 2 Presents Fast & Furious,1,0.0016
1721,1899291024,Fran Bow,1,0.0016
1722,1877135456,Freddy Fazbear's Pizzeria Simulator,1,0.0016
1723,1765633807,Free the Animation,1,0.0016
1724,1926405394,Friday the 13th: Killer Puzzle,1,0.0016
1725,1856401271,Frozen Gauntlet,1,0.0016
1726,2010372255,Ftooz Unleashed,1,0.0016
1727,1616852724,Full Throttle Remastered,1,0.0016
1728,1926605815,Funko Fusion,1,0.0016
1729,1627281209,FUSER™,1,0.0016
1730,1856172970,Game of Thrones - Episode 1: Iron from Ice,1,0.0016
1731,1731716256,Gardenscapes,1,0.0016
1732,1711556027,Garten of Banban 2,1,0.0016
1733,2077809328,Garten of Banban 4,1,0.0016
1734,1644860924,Gato Roboto,1,0.0016
1735,159583079,Gear.Club Unlimited 2 - Ultimate Edition,1,0.0016
1736,1702713376,Genesis Noir,1,0.0016
1737,1229391860,Ghostbusters,1,0.0016
1738,1700344676,Ghostbusters: The Video Game Remastered,1,0.0016
1739,1730221723,Ghostrunner 2,1,0.0016
1740,1663990634,GigaBash,1,0.0016
1741,1480657167,Gin Rummy,1,0.0016
1742,1995619397,God of Rock,1,0.0016
1743,1703059239,God of Weapons,1,0.0016
1744,1480657057,Golf: Tee It Up!,1,0.0016
1745,2094693316,Golfing in Aether,1,0.0016
1746,1629480703,GRADIUS ORIGINS,1,0.0016
1747,1785738076,Grandia HD Collection,1,0.0016
1748,476517807,Gravel,1,0.0016
1749,1129121860,GRID 2,1,0.0016
1750,1129121873,GRID Autosport,1,0.0016
1751,1755179727,Grim Fandango Remastered,1,0.0016
1752,1821397642,GRIS,1,0.0016
1753,1932209514,Gummy Drop!,1,0.0016
1754,1936375380,Gungrave G.O.R.E,1,0.0016
1755,1131124715,"Guns, Gore and Cannoli",1,0.0016
1756,606152324,GWENT: The Witcher Card Game,1,0.0016
1757,1297287176,Halo Wars,1,0.0016
1758,2012036466,Hammerwatch II,1,0.0016
1759,1924130173,Haven,1,0.0016
1760,387693234,Hawken,1,0.0016
1761,1695499346,Headbangers: Rhythm Royale,1,0.0016
1762,1782845794,Hearts of Iron IV,1,0.0016
1763,1928193169,Heavenly Bodies,1,0.0016
1764,1654652604,Heavy Cargo - The Truck Simulator,1,0.0016
1765,1670362756,Heliborne,1,0.0016
1766,1719232621,Hello Guest: Hello Neighbor 2 pre-alpha,1,0.0016
1767,2124184622,Hidden City: Hidden Object Adventure,1,0.0016
1768,2069376846,Hidden Paws Mystery,1,0.0016
1769,1821999049,High On Life 2,1,0.0016
1770,2113165348,Hoa,1,0.0016
1771,1727719097,Hole Theory,1,0.0016
1772,1776679706,Hole Theory Series X|S,1,0.0016
1773,2058317945,Hotel Renovator,1,0.0016
1774,939695563,Hotshot Racing,1,0.0016
1775,1863103292,House of Golf 2,1,0.0016
1776,90991576,How To Survive 2,1,0.0016
1777,1026512979,How to Survive: Storm Warning Edition,1,0.0016
1778,722916288,Hue,1,0.0016
1779,1829828400,HUMANKIND™,1,0.0016
1780,1480657722,I Am Alive™,1,0.0016
1781,1701003819,IceLine,1,0.0016
1782,1672730245,In Sound Mind,1,0.0016
1783,642353763,Injustice™ 2 - Standard Edition,1,0.0016
1784,2084260042,Insurmountable,1,0.0016
1785,1807793173,Island Trouble Series X|S,1,0.0016
1786,2045674504,It's Kooky,1,0.0016
1787,1297287250,Jade Empire™,1,0.0016
1788,1480659527,Jet Set Radio,1,0.0016
1789,1480656874,Jewel Quest,1,0.0016
1790,1906459372,Judgment,1,0.0016
1791,1480660105,JUJU,1,0.0016
1792,65384566,Jumanji: The Video Game,1,0.0016
1793,1773156258,Jurassic Park Classic Games Collection,1,0.0016
1794,1297287122,Kameo,1,0.0016
1795,1749806231,Keep Talking and Nobody Explodes,1,0.0016
1796,1645652626,Kena: Bridge of Spirits,1,0.0016
1797,1640763780,KIBORG,1,0.0016
1798,2004313785,KILL KNIGHT,1,0.0016
1799,1974645006,Killer Frequency,1,0.0016
1800,649279273,King's Quest™,1,0.0016
1801,1672473394,King K Roller,1,0.0016
1802,1957464297,King K Roller 2,1,0.0016
1803,1431504851,King Kong,1,0.0016
1804,1161890110,Kingdoms of Amalur: Reckoning,1,0.0016
1805,1480657105,KOF98UM,1,0.0016
1806,2092303758,Kona II: Brume,1,0.0016
1807,1003487612,Korgan,1,0.0016
1808,2002405450,Kung Fu Fighting,1,0.0016
1809,1900505119,Kung Fu Panda Showdown of Legendary Legends,1,0.0016
1810,1885571558,Lab Crisis,1,0.0016
1811,2118709517,Legend of Keepers: Career of a Dungeon Manager,1,0.0016
1812,389571069,LEGO® Dimensions™,1,0.0016
1813,1464993821,LEGO® Lord of the Rings™,1,0.0016
1814,1615197965,Let's Build a Zoo,1,0.0016
1815,149149959,Lies Of Astaroth,1,0.0016
1816,1651525052,Life is Strange: Before the Storm Remastered,1,0.0016
1817,1694487955,Life is Strange: True Colors,1,0.0016
1818,1904446165,Limb Hunter,1,0.0016
1819,1297287162,Lost Odyssey,1,0.0016
1820,1128466387,LOST PLANET,1,0.0016
1821,1128466413,LOST PLANET 2,1,0.0016
1822,1128466398,LOST PLANET COLONIES,1,0.0016
1823,1792638437,Lost Records: Bloom & Rage,1,0.0016
1824,28152906,Lovers in a Dangerous Spacetime,1,0.0016
1825,1480656888,LUMINES LIVE!,1,0.0016
1826,1632667399,Machinarium,1,0.0016
1827,2014880780,Madden NFL 17,1,0.0016
1828,142841733,Madden NFL 25,1,0.0016
1829,1700020315,MADiSON,1,0.0016
1830,1414793190,Mafia II,1,0.0016
1831,1480659653,Magic 2014 — Duels of the Planeswalkers,1,0.0016
1832,1846300936,Magical Backpack,1,0.0016
1833,2020925735,Make Way,1,0.0016
1834,1636466973,Maniac,1,0.0016
1835,1949737492,Mans & Mighties,1,0.0016
1836,2016530186,Marsupilami: Hoobadventure,1,0.0016
1837,350075261,Marvel Heroes Omega,1,0.0016
1838,322384131,Marvel: Ultimate Alliance,1,0.0016
1839,1014379144,Marvel: Ultimate Alliance 2,1,0.0016
1840,1760739818,Mato Anomalies,1,0.0016
1841,523468027,Mega Man 11,1,0.0016
1842,23963413,Mega Man Zero/ZX Legacy Collection,1,0.0016
1843,1999249377,MegaJogos,1,0.0016
1844,2091623135,Megaparty: A Tootuff Adventure,1,0.0016
1845,1941838752,MELTY BLOOD: TYPE LUMINA,1,0.0016
1846,1925184696,Memory Sound Touch,1,0.0016
1847,1112934453,Mercenaries,1,0.0016
1848,2049727100,METAL GEAR SOLID - Master Collection Version,1,0.0016
1849,2017826215,METAL GEAR SOLID 2: Sons of Liberty - Master Collection Version,1,0.0016
1850,1480657266,Metal Slug XX,1,0.0016
1851,1844460632,Metro Exodus Enhanced Edition,1,0.0016
1852,1953382311,Metro Redux,1,0.0016
1853,470697695,Micro Machines World Series,1,0.0016
1854,1480657433,Might & Magic Clash of Heroes™,1,0.0016
1855,14233261,Minecraft: Story Mode - Season Two - Episode 1,1,0.0016
1856,1753107898,Missing Banban,1,0.0016
1857,1869122946,MONOPOLY DEAL,1,0.0016
1858,458470194,Monster Boy and the Cursed Kingdom,1,0.0016
1859,505222320,Monster Jam Steel Titans,1,0.0016
1860,1150103050,Mordheim: City of the Damned,1,0.0016
1861,1930493464,Mortal Glory 2,1,0.0016
1862,1679589975,Mortal Shell: Enhanced Edition,1,0.0016
1863,1679505567,Moto Rush GT,1,0.0016
1864,1944950992,MotoGP™22 - Windows Edition,1,0.0016
1865,1685476854,Motorcycle Mechanic Simulator 2021,1,0.0016
1866,311896559,Mount & Blade: Warband,1,0.0016
1867,1480657689,Ms. Splosion Man™,1,0.0016
1868,1894745655,Murder Mystery Machine,1,0.0016
1869,1839786246,Murdered: Soul Suspect,1,0.0016
1870,1656798442,Musical Vibes RX,1,0.0016
1871,385764340,MX vs. ATV Supercross Encore,1,0.0016
1872,1548866781,MXGP2,1,0.0016
1873,1966816764,My Friend Pedro,1,0.0016
1874,593565047,MY HERO ONE’S JUSTICE,1,0.0016
1875,446256697,My Time At Portia,1,0.0016
1876,2078262992,My Time at Sandrock Online,1,0.0016
1877,1897886535,My Universe - Interior Designer,1,0.0016
1878,1870551425,My Universe - My Baby,1,0.0016
1879,1653598311,Mystic Pathways,1,0.0016
1880,1480656988,N+,1,0.0016
1881,1985582126,National Saloons,1,0.0016
1882,1480659436,NBA JAM: On Fire Edition,1,0.0016
1883,1616270757,NBA LIVE 14,1,0.0016
1884,1802006334,Neon Abyss,1,0.0016
1885,1737346272,Neverwinter Nights: Enhanced Edition,1,0.0016
1886,961593710,NHL® 20,1,0.0016
1887,304932652,NHL® 21,1,0.0016
1888,1624572870,Ni no Kuni™ II: Revenant Kingdom - The Prince's Edition,1,0.0016
1889,1619386237,Nick Jr. Party Adventure,1,0.0016
1890,1887596214,Nickelodeon All-Star Brawl,1,0.0016
1891,2021405472,Nickelodeon Kart Racers 2: Grand Prix,1,0.0016
1892,1846760960,Nickelodeon Kart Racers 3: Slime Speedway,1,0.0016
1893,2104142109,Night Slashers: Remake,1,0.0016
1894,1020187268,Nine Parchments,1,0.0016
1895,1263929316,NINJA GAIDEN 3: RE,1,0.0016
1896,272855377,NINJA GAIDEN II,1,0.0016
1897,1732084298,No Puedes Escapar,1,0.0016
1898,1844719399,Nobody Wants to Die,1,0.0016
1899,1993181112,Northgard,1,0.0016
1900,1852939002,Nova Strike,1,0.0016
1901,2077795600,Novel Rogue,1,0.0016
1902,1863625465,Nuclear Throne,1,0.0016
1903,1112737745,Oblivion,1,0.0016
1904,1843080071,Ocean Keeper,1,0.0016
1905,54254179,Oceanhorn - Monster of Uncharted Seas,1,0.0016
1906,1816813475,Ogre Tale,1,0.0016
1907,1820510942,Oh Balls Merge,1,0.0016
1908,303740234,Oh...Sir! The Insult Simulator,1,0.0016
1909,1764133092,OlliOlli World,1,0.0016
1910,1681858755,OMORI,1,0.0016
1911,1941002186,ON THE ROAD - The Truck Simulator,1,0.0016
1912,2128854962,One Lonely Outpost,1,0.0016
1913,2081394706,Onimusha 2: Samurai's Destiny,1,0.0016
1914,1715467341,Only Up To Space,1,0.0016
1915,2074508136,Open Country,1,0.0016
1916,1847106181,Oppidum,1,0.0016
1917,1661545526,Orcs Must Die! 3,1,0.0016
1918,264259050,Ori and the Blind Forest,1,0.0016
1919,1693393910,Othercide,1,0.0016
1920,717702870,OUTRIDERS,1,0.0016
1921,1949523812,Override 2: Super Mech League,1,0.0016
1922,806794764,Override: Mech City Brawl,1,0.0016
1923,484684099,PAC-MAN 256,1,0.0016
1924,1480657015,Pac-Man C.E.,1,0.0016
1925,2089042924,Paleo Pines,1,0.0016
1926,348018268,Pang Adventures,1,0.0016
1927,2035666683,Paper Bad,1,0.0016
1928,1654902688,Parkitect: Deluxe Edition,1,0.0016
1929,1297287193,Party Animals,1,0.0016
1930,2000145726,Party Arcade,1,0.0016
1931,1802714933,Pathfinder: Wrath of the Righteous,1,0.0016
1932,1912801032,PAW Patrol The Movie: Adventure City Calls,1,0.0016
1933,1894365262,PAW Patrol: Grand Prix,1,0.0016
1934,939615894,Paw Patrol: On a Roll,1,0.0016
1935,1827996338,PBA Pro Bowling 2023,1,0.0016
1936,1297287123,Perfect Dark Zero,1,0.0016
1937,1624743884,Persona 3 Portable,1,0.0016
1938,1867683926,Persona 5 Tactica,1,0.0016
1939,1632843296,Pillars of Eternity II: Deadfire - Ultimate Edition,1,0.0016
1940,275673036,Pillars of Eternity: Complete Edition,1,0.0016
1941,1432033734,Pinball Arcade,1,0.0016
1942,1848728299,Pinball FX Midnight,1,0.0016
1943,269677862,PING REDUX,1,0.0016
1944,1850533685,Platformer Catch Me,1,0.0016
1945,172342998,PLAYERUNKNOWN’S BATTLEGROUNDS – Public Test Server,1,0.0016
1946,1264125919,Port Royale 3,1,0.0016
1947,1763773421,Portable Puzzle Collection,1,0.0016
1948,1628806449,Potion Craft: Alchemist Simulator,1,0.0016
1949,1699612058,Potionomics: Masterwork Edition,1,0.0016
1950,1431504958,Prince of Persia The Forgotten Sands™,1,0.0016
1951,2028530104,Prince of Persia The Lost Crown,1,0.0016
1952,1968606850,Prison City,1,0.0016
1953,116849471,Pro Evolution Soccer 2017,1,0.0016
1954,838726055,PRO EVOLUTION SOCCER 2018,1,0.0016
1955,1642329913,Professor Rubik's Brain Fitness,1,0.0016
1956,1907381044,Project Cars,1,0.0016
1957,1624350228,Project Spark,1,0.0016
1958,481098309,Pure Farming 2018,1,0.0016
1959,1789157539,Puyo Puyo™ Tetris® 2,1,0.0016
1960,1784625849,Queen's Quest 5: Symphony of Death,1,0.0016
1961,137470980,R.B.I. Baseball 14,1,0.0016
1962,1998043773,R.B.I. Baseball 19,1,0.0016
1963,2099711760,R.B.I. Baseball 20,1,0.0016
1964,1431504886,R.U.S.E.,1,0.0016
1965,1816017776,Raccoon is Hungry,1,0.0016
1966,1743961068,Race The Sun,1,0.0016
1967,583196255,RAGE,1,0.0016
1968,1738916410,Railbound,1,0.0016
1969,1843263319,Railway Islands - Puzzle,1,0.0016
1970,1623187954,Rally Arcade Classics,1,0.0016
1971,1657564986,Ratshaker,1,0.0016
1972,2052095073,Ravenswatch,1,0.0016
1973,1616835035,Rayland 2,1,0.0016
1974,1480659519,Rayman 3 HD,1,0.0016
1975,2132278444,Realpolitiks New Power,1,0.0016
1976,1926182660,Redeemer - Enhanced Edition,1,0.0016
1977,802418004,RESIDENT EVIL RESISTANCE,1,0.0016
1978,1853277604,RetroRealms Arcade,1,0.0016
1979,1814618059,Return to Monkey Island,1,0.0016
1980,1758367827,REVEIL,1,0.0016
1981,2071602286,RICO London,1,0.0016
1982,695693557,Riptide GP: Renegade,1,0.0016
1983,326835485,Rise of Nations: Extended Edition,1,0.0016
1984,1263339480,Risen,1,0.0016
1985,1859130505,Risen,1,0.0016
1986,1738390204,Rivals of Aether,1,0.0016
1987,1867496283,Road Maintenance Simulator 2 + Winter Services,1,0.0016
1988,1787135558,Roarr! Jurassic Edition,1,0.0016
1989,669503806,Rock of Ages 2: Bigger & Boulder™,1,0.0016
1990,1414793183,Rockstar Table Tennis,1,0.0016
1991,1685686710,Rogue Legacy 2,1,0.0016
1992,873887021,Rogue Stormers,1,0.0016
1993,1820242486,Roguebook Xbox Series X|S,1,0.0016
1994,1850415990,"Rolling Hills: Make Sushi, Make Friends",1,0.0016
1995,2002362285,Royal Frontier,1,0.0016
1996,1804278141,Rugby 22 Xbox One,1,0.0016
1997,2025898879,Rugby 22 Xbox Series X|S,1,0.0016
1998,764522213,Runbow,1,0.0016
1999,2068415611,Rust Console Edition - Public Test Branch,1,0.0016
2000,2045526445,S.T.A.L.K.E.R.: Clear Sky - Enhanced Edition,1,0.0016
2001,293466353,Saban’s Mighty Morphin Power Rangers: Mega Battle,1,0.0016
2002,1263339473,Sacred 2 Fallen Angel,1,0.0016
2003,1480659510,Sacred Citadel,1,0.0016
2004,1708768275,Saints Row Boss Factory,1,0.0016
2005,1263339510,Saints Row IV,1,0.0016
2006,1169551644,Saints Row: Gat out of Hell,1,0.0016
2007,1823082250,Sally Face,1,0.0016
2008,2104908468,SAMURAI WARRIORS 5,1,0.0016
2009,2067949679,Sanicball Original Xbox version,1,0.0016
2010,2032369368,Scott Pilgrim vs. The World™: The Game – Complete Edition,1,0.0016
2011,1847402697,ScreamRide,1,0.0016
2012,303584158,Sea of Solitude,1,0.0016
2013,1532956420,Sébastien Loeb Rally EVO,1,0.0016
2014,1902674094,Secret Paws - Cozy Offices,1,0.0016
2015,1839592310,Seekers Notes: Hidden Objects,1,0.0016
2016,1480657777,Sega Vintage Collection: Streets of Rage,1,0.0016
2017,275132544,SEGA® Genesis Classics™,1,0.0016
2018,1814784440,SENSHI SOKOBAN QUEST,1,0.0016
2019,1945317756,Shadow Labyrinth,1,0.0016
2020,865750499,Shantae: Half-Genie Hero,1,0.0016
2021,1901019717,Shaolin vs Wutang,1,0.0016
2022,2123021352,Sherlock Holmes: The Devil's Daughter Redux,1,0.0016
2023,1654530968,Shieldwall,1,0.0016
2024,1480657316,Shinobi,1,0.0016
2025,2011396183,SHINOBI NON GRATA,1,0.0016
2026,2018103228,Ship of Fools,1,0.0016
2027,1632941844,SHMUP Mania,1,0.0016
2028,1740491486,Shovel Knight Dig,1,0.0016
2029,1811056861,Shred! 2 - ft Sam Pilgrim,1,0.0016
2030,1916393313,SIGNALIS,1,0.0016
2031,1263405091,Silent Hill:  Downpour,1,0.0016
2032,1793492538,SimAirport,1,0.0016
2033,2100742349,Sir Whoopass: Immortal Death,1,0.0016
2034,2066580949,Sissa's Path,1,0.0016
2035,1906073826,Skullgirls 2nd Encore,1,0.0016
2036,288915516,Skyforge,1,0.0016
2037,687576060,Skylanders SuperChargers Portal Owner's Pack,1,0.0016
2038,1811169840,Slay The Spire,1,0.0016
2039,1480656853,Small Arms,1,0.0016
2040,269700535,Sniper Elite 3,1,0.0016
2041,1957476784,Sniper Elite V2 Remastered,1,0.0016
2042,1692656490,SNIPER Ghost Warrior 3,1,0.0016
2043,1885214706,Snooker 19,1,0.0016
2044,2122650878,Snowboard Party 2 Lite,1,0.0016
2045,1480656957,Soltrio Solitaire,1,0.0016
2046,60656359,SOMA,1,0.0016
2047,1897725373,Song of Horror,1,0.0016
2048,2112770120,Songs of Conquest,1,0.0016
2049,1480657348,Sonic & Knuckles,1,0.0016
2050,1480656996,Sonic The Hedgehog,1,0.0016
2051,1480657415,SONIC THE HEDGEHOG™ 4 Episode I,1,0.0016
2052,1480659985,SOULCALIBUR II HD,1,0.0016
2053,1669686444,Source of Madness,1,0.0016
2054,2090068277,Space Alien Invader,1,0.0016
2055,778803087,Spacelords,1,0.0016
2056,2110528847,Spartan Runner,1,0.0016
2057,2066547275,Spectrolite - Speed Life,1,0.0016
2058,1859601917,Spellbreak,1,0.0016
2059,1480657342,Spelunky,1,0.0016
2060,2120222634,Spirit of the North 2,1,0.0016
2061,1734092917,Spirit of the North: Enhanced Edition,1,0.0016
2062,1676037121,Spooky's Jump Scare Mansion: HD Renovation,1,0.0016
2063,2032251921,Spot Challenge Vol. 2,1,0.0016
2064,1693360685,Spot Challenge Vol. 3,1,0.0016
2065,1940217918,SquadBlast (Game Preview),1,0.0016
2066,2037835570,Square Enix Digital Content Viewer,1,0.0016
2067,2002882362,Squirrel with a Gun,1,0.0016
2068,1161890298,SSX 3,1,0.0016
2069,1917594775,Stampede: Racing Royale (Game Preview),1,0.0016
2070,1112934456,Star Wars Jedi Knight: Jedi Academy,1,0.0016
2071,1611656661,Starbound,1,0.0016
2072,1961172653,Starfield Digital Artbook & Original Soundtrack,1,0.0016
2073,2000011414,Starlit Adventures,1,0.0016
2074,1434175066,Starpoint Gemini 2,1,0.0016
2075,1622218170,Street Outlaws: The List,1,0.0016
2076,1835041076,STRIKERS 1945 III,1,0.0016
2077,2119021593,Subnautica 2 (Game Preview),1,0.0016
2078,90400189,SUPER BOMBERMAN R,1,0.0016
2079,2037941256,SUPER BOMBERMAN R 2,1,0.0016
2080,585971749,Super Mega Baseball 2,1,0.0016
2081,1849290790,Super Scooter,1,0.0016
2082,1628468632,Super Tennis Blast,1,0.0016
2083,1835875371,Supremacy 1914,1,0.0016
2084,365797379,Supreme Commander 2,1,0.0016
2085,1949756621,Surgeon Simulator 2,1,0.0016
2086,1933264626,Survivalist: Invisible Strain,1,0.0016
2087,405775731,Surviving Mars,1,0.0016
2088,1931854950,Sword and Fairy: Together Forever,1,0.0016
2089,1649102497,SWORD ART ONLINE Fractured Daydream,1,0.0016
2090,2015998604,Syberia - The World Before,1,0.0016
2091,1921935939,Synchro Hedgehogs,1,0.0016
2092,1619109702,Tales of Symphonia Remastered,1,0.0016
2093,1431504854,TC's RainbowSix Vegas,1,0.0016
2094,1733855657,Tech Glitch,1,0.0016
2095,1480657504,Tecmo Bowl Throwback®,1,0.0016
2096,1873939850,Teenage Mutant Ninja Turtles Arcade: Wrath of the Mutants,1,0.0016
2097,2142487375,Teenage Mutant Ninja Turtles: The Cowabunga Collection,1,0.0016
2098,1906078054,TERMINATOR: RESISTANCE,1,0.0016
2099,1984687290,Terra Invicta,1,0.0016
2100,213257000,TerraTech,1,0.0016
2101,1977179260,TES IV: Oblivion Remastered - Digital Artbook & Original Soundtrack,1,0.0016
2102,972022825,Tetris® Ultimate,1,0.0016
2103,1696465874,The Adventures of Ally The Alligator,1,0.0016
2104,1891258006,The Bard's Tale ARPG : Remastered and Resnarkled,1,0.0016
2105,1949662682,The Beast Inside (Console Version),1,0.0016
2106,1414793181,The Bureau,1,0.0016
2107,1749629863,The Case of the Golden Idol,1,0.0016
2108,1825231131,The Chess Lv.100,1,0.0016
2109,2036345770,The Dark Pictures Anthology House of Ashes,1,0.0016
2110,890454034,The Dark Pictures Anthology: Man Of Medan,1,0.0016
2111,1414793357,The Darkness II,1,0.0016
2112,129773809,The Disney Afternoon Collection,1,0.0016
2113,1685158190,The Expanse: A Telltale Series,1,0.0016
2114,875174887,The Final Station,1,0.0016
2115,483182712,The Incredible Adventures of Van Helsing II,1,0.0016
2116,610345881,The Jackbox Party Pack,1,0.0016
2117,1811248495,The Jackbox Party Pack 10,1,0.0016
2118,1397622748,THE KING OF FIGHTERS XIII,1,0.0016
2119,1795080541,The Knight Witch,1,0.0016
2120,2079588618,The Last Campfire,1,0.0016
2121,1649221724,The Last Shot,1,0.0016
2122,605741753,The LEGO Movie 2 Videogame,1,0.0016
2123,1648318214,The Lord of the Rings: Gollum™,1,0.0016
2124,2101138430,The Matrix Awakens: An Unreal Engine 5 Experience,1,0.0016
2125,609835635,The MISSING: J.J. Macfield and the Island of Memories,1,0.0016
2126,1816960683,The Nightmares At The Krusty Krab,1,0.0016
2127,1414596562,The Outfit,1,0.0016
2128,1983809908,The Precinct,1,0.0016
2129,1729900071,The Rabbit Crazy Adventure,1,0.0016
2130,1921488037,The Settlers®: New Allies,1,0.0016
2131,1633778685,The Stanley Parable: Ultra Deluxe,1,0.0016
2132,1431505093,The Stick of Truth™,1,0.0016
2133,20605635,The Surge,1,0.0016
2134,901516198,The Surge 2,1,0.0016
2135,1619933938,The Survivalists,1,0.0016
2136,1858859325,The Thing: Remastered,1,0.0016
2137,1933187511,The Vale: Shadow of the Crown,1,0.0016
2138,2075337806,The Valiant,1,0.0016
2139,1313671253,The Witcher 2,1,0.0016
2140,1464993828,The Witcher 2: Assassins of Kings,1,0.0016
2141,193310209,The Witness,1,0.0016
2142,2031756340,They Are Billions,1,0.0016
2143,1181281124,Thief,1,0.0016
2144,2127247278,Thief Simulator 2,1,0.0016
2145,1984752776,Thirsty Suitors,1,0.0016
2146,544772182,Thronebreaker: The Witcher Tales,1,0.0016
2147,2108611710,TIEBREAK – GRAND SLAM EDITION,1,0.0016
2148,1448413146,TimeShift,1,0.0016
2149,1807962365,Tiny Tina's Assault on Dragon Keep: A Wonderlands One-shot Adventure,1,0.0016
2150,1727379133,Tinykin,1,0.0016
2151,1691955008,TOKI Juju Densetsu,1,0.0016
2152,1683840789,Tomb Raider IV-VI Remastered,1,0.0016
2153,1396901866,Tomb Raider: Anniv.,1,0.0016
2154,1841510170,Tony Stewart's Sprint Car Racing,1,0.0016
2155,1297287134,Too Human,1,0.0016
2156,1887172587,Top Driver,1,0.0016
2157,703997631,TowerFall Ascension,1,0.0016
2158,1480660067,Toybox Turbos,1,0.0016
2159,2088019910,Train Life: A Railway Simulator,1,0.0016
2160,1763742865,Train Sim World® 2,1,0.0016
2161,974917521,Train Sim World® 2020,1,0.0016
2162,1686524250,Train Sim World® 4,1,0.0016
2163,1804852983,Train Station Renovation,1,0.0016
2164,2021123644,Tram Simulator Urban Transit,1,0.0016
2165,286890904,TRANSFORMERS: Fall of Cybertron,1,0.0016
2166,1627905727,Trash is Fun,1,0.0016
2167,1910952414,TRIALS of MANA,1,0.0016
2168,1817067023,Trine 5: A Clockwork Conspiracy,1,0.0016
2169,1938279207,Troublemaker: Raise Your Gang,1,0.0016
2170,2142053337,Trüberbrook,1,0.0016
2171,1022548859,Truck Driver,1,0.0016
2172,547734537,Truck Racing Championship,1,0.0016
2173,1749676903,Two Point Campus,1,0.0016
2174,1871105054,TY the Tasmanian Tiger HD,1,0.0016
2175,1882728475,TY the Tasmanian Tiger™ 2: Bush Rescue™ HD,1,0.0016
2176,2074316990,Ultimate General: Gettysburg,1,0.0016
2177,1840411466,Untitled Goose Game,1,0.0016
2178,103629720,V-Rally 4,1,0.0016
2179,1640379056,Vagrus - The Riven Realms,1,0.0016
2180,1211542442,Valiant Hearts: The Great War,1,0.0016
2181,1731762544,Virtual Villagers Origins 2,1,0.0016
2182,1777774126,Visions of Mana,1,0.0016
2183,563485628,War Planet Online: Global Conquest,1,0.0016
2184,1861467226,"Warhammer 40,000: Battlesector",1,0.0016
2185,2075589952,"Warhammer 40,000: Boltgun - Windows",1,0.0016
2186,1682770291,"Warhammer 40,000: Chaos Gate - Daemonhunters",1,0.0016
2187,405657081,Warhammer: End Times - Vermintide,1,0.0016
2188,328245964,WARRIORS OROCHI 3 Ultimate,1,0.0016
2189,1869095486,Washing Dishes for the People We Love,1,0.0016
2190,2026783353,Wayfinder,1,0.0016
2191,1892485156,We Were Here Expeditions: The FriendShip,1,0.0016
2192,1798375126,Welcome to ParadiZe,1,0.0016
2193,861949148,What Remains of Edith Finch,1,0.0016
2194,1662257169,What The Dub?!,1,0.0016
2195,1851310927,Who Wants to Be a Millionaire?,1,0.0016
2196,940586683,Wizard of Legend,1,0.0016
2197,1781945767,Wizard of Legend 2,1,0.0016
2198,1690524168,Wo Long: Fallen Dynasty,1,0.0016
2199,496534680,Wolfenstein: Youngblood,1,0.0016
2200,2106982681,World Of Solitaire,1,0.0016
2201,1985239734,World of Tanks Blitz (legacy),1,0.0016
2202,1834145283,World of Tennis: Roaring ’20s,1,0.0016
2203,2141363036,Worldless,1,0.0016
2204,1631055981,Worms Rumble,1,0.0016
2205,1049055654,XCOM®: Enemy Within,1,0.0016
2206,1849794999,Xuan Yuan Sword 7,1,0.0016
2207,1917938753,Yakuza 0,1,0.0016
2208,1764107912,Yakuza 4 Remastered,1,0.0016
2209,1777058720,Yakuza 5 Remastered,1,0.0016
2210,1773431897,Yakuza 6: The Song of Life,1,0.0016
2211,1636871347,Yakuza Kiwami,1,0.0016
2212,912199926,Yet Another Zombie Defense HD,1,0.0016
2213,555542903,Yoku's Island Express,1,0.0016
2214,916812232,ZHEROS,1,0.0016
2215,1263405122,ZOE HD ,1,0.0016
2216,1717071867,ZOMBI,1,0.0016
2217,1520322998,Zombie Army Trilogy,1,0.0016
2218,1752291141,Zombie Derby,1,0.0016
2219,2044141925,Zombie Survivors,1,0.0016
2220,1480656879,Zuma,1,0.0016
