# 2026-08-30 16:57:15 ; Found 138743 viable session entries from 83575 unique users.
rank,title_id,title,players,percentage
1,342226876,Roblox - Xbox,11053,13.2252
2,267695549,Fortnite,10528,12.5971
3,2079757188,Forza Horizon 6,10330,12.3602
4,1828326430,Minecraft,5198,6.2196
5,2001700854,Call of Duty®,4931,5.9001
6,1696697876,NBA 2K26,4787,5.7278
7,558797228,Rocket League®,4525,5.4143
8,926771636,Tom Clancy's Rainbow Six Siege,3705,4.4331
9,972249091,Grand Theft Auto V,3638,4.353
10,1852068331,EA SPORTS FC™ 26,2482,2.9698
11,175227487,Apex Legends™,2249,2.691
12,2119021593,Subnautica 2 (Game Preview),2073,2.4804
13,1794906646,Marvel Rivals,1974,2.362
14,94618376,Overwatch®,1803,2.1573
15,1840884885,Battlefield™,1455,1.741
16,1631143456,EA SPORTS™ Madden NFL 26,1253,1.4993
17,1791650399,MLB® The Show™ 26,1164,1.3928
18,2118292977,ARC Raiders,1131,1.3533
19,102425831,Dead by Daylight,1099,1.315
20,2030093255,Forza Horizon 5,978,1.1702
21,2118102995,EA SPORTS™ College Football 26,884,1.0577
22,591405932,Red Dead Redemption 2,883,1.0565
23,1653663875,EA SPORTS FC™ 25,856,1.0242
24,1924639289,HELLDIVERS™ 2,783,0.9369
25,1993685552,UFC® 5,738,0.883
26,833960563,STAR WARS™ Battlefront™ II,717,0.8579
27,1722781084,LEGO® Batman™: Legacy of the Dark Knight,649,0.7765
28,629270283,Gang Beasts,611,0.7311
29,1973901376,Diablo® IV,598,0.7155
30,2119939858,NHL® 26 Xbox Series X|S,540,0.6461
31,144389848,Destiny 2,527,0.6306
32,1730755212,Mortal Kombat™ 1,513,0.6138
33,687339341,Brawlhalla,500,0.5983
34,80579825,Call of Duty: Black Ops III,477,0.5707
35,2139646219,VALORANT,474,0.5672
36,222473492,Cyberpunk 2077,460,0.5504
37,1482870140,Warframe,453,0.542
38,777107394,DayZ,445,0.5325
39,171869406,War Thunder,439,0.5253
40,950328474,PUBG: BATTLEGROUNDS,435,0.5205
41,2106683993,skate.™ (Game Preview),433,0.5181
42,1766088016,Farming Simulator 25,428,0.5121
43,1754076455,Crimson Desert,403,0.4822
44,812065290,Halo: The Master Chief Collection,395,0.4726
45,1855024215,"Warhammer 40,000: Space Marine 2",393,0.4702
46,1992453063,Among Us,390,0.4666
47,1198088771,FOR HONOR,379,0.4535
48,1928988061,ARK: Survival Ascended,374,0.4475
49,2043073184,Halo Infinite,371,0.4439
50,1794566092,Minecraft Launcher,369,0.4415
51,2003727579,Call of Duty®: Modern Warfare® III,354,0.4236
52,945909358,Subnautica,354,0.4236
53,1892245301,ELDEN RING,345,0.4128
54,1717113201,Sea of Thieves: 2026 Edition,339,0.4056
55,332913499,Fallout 76,331,0.3961
56,893395429,Rust Console Edition X|S,330,0.3949
57,1096157379,COD: Black Ops II,327,0.3913
58,252034287,The Elder Scrolls V: Skyrim Special Edition,325,0.3889
59,1848421257,eFootball™,315,0.3769
60,2013614379,Fall Guys,300,0.359
61,352040487,Tom Clancy’s The Division 2,297,0.3554
62,1256782258,Fallout 4,294,0.3518
63,2073302268,Ready or Not,292,0.3494
64,1953759531,Phasmophobia (Game Preview),289,0.3458
65,609700427,Call of Duty®: Modern Warfare®,273,0.3267
66,1959007243,Call of Duty®: Modern Warfare® II,272,0.3255
67,285358298,Mortal Kombat 11,264,0.3159
68,2099828114,THE FINALS,249,0.2979
69,1479758055,Batman™: Arkham Knight,247,0.2955
70,207015551,theHunter: Call of the Wild™,245,0.2931
71,2053080068,Genshin Impact,242,0.2896
72,140280380,Call of Duty®: WWII,240,0.2872
73,1766989558,MLB® The Show™ 25,240,0.2872
74,1746894998,Roblox - Windows,239,0.286
75,1657391528,NBA 2K25,238,0.2848
76,374923716,Gears 5,236,0.2824
77,1975246356,Baldur's Gate 3,234,0.28
78,2022801826,WWE 2K26 Standard Edition,234,0.28
79,2054602571,Luna Abyss,232,0.2776
80,1634930870,REMATCH,231,0.2764
81,321656011,The Sims™ 4,229,0.274
82,638965135,Descenders,225,0.2692
83,1696147865,Zenless Zone Zero,220,0.2632
84,1995576035,Remnant II® - Standard Edition,212,0.2537
85,1852502655,EA SPORTS FC™ 24,211,0.2525
86,1758796660,Wobbly Life,206,0.2465
87,1649064189,World of Tanks: HEAT,195,0.2333
88,1892502964,Hades II,193,0.2309
89,1693340366,Hogwarts Legacy,191,0.2285
90,896928775,Minecraft for Windows,189,0.2261
91,1671990131,MY HERO ULTRA RUMBLE,185,0.2214
92,2069980568,The First Descendant,184,0.2202
93,1948986948,007 First Light,182,0.2178
94,1857595573,The Crew Motorfest,181,0.2166
95,1876694512,Madden NFL 25,179,0.2142
96,1850827024,F1® 25,178,0.213
97,1720309872,Arma Reforger,174,0.2082
98,1797327516,Palworld,172,0.2058
99,1285166951,The Elder Scrolls Online,171,0.2046
100,1386529057,Battlefield™ 1,169,0.2022
101,1008687929,Mortal Kombat X,169,0.2022
102,1938832846,STAR WARS Jedi: Survivor™,168,0.201
103,1732013402,Grounded 2 (Game Preview),167,0.1998
104,1726497855,PGA TOUR 2K25,167,0.1998
105,2079794073,Starfield,167,0.1998
106,478449077,World of Warships: Legends,167,0.1998
107,491582364,Need for Speed™ Heat,166,0.1986
108,1985701699,Forza Horizon 4,162,0.1938
109,306230746,Stardew Valley,162,0.1938
110,1669427955,ELDEN RING NIGHTREIGN,160,0.1914
111,1774692913,Goat Simulator 3,160,0.1914
112,783973363,Dead Island 2,156,0.1867
113,1096157269,Call of Duty®: Black Ops,154,0.1843
114,308190374,LEGO® Star Wars™: The Skywalker Saga,151,0.1807
115,1993741445,SMITE 2 (Game Preview),151,0.1807
116,983730484,ARK: Survival Evolved,149,0.1783
117,2105342780,Grounded,149,0.1783
118,840116976,World of Tanks Modern Armor,149,0.1783
119,623325843,Cuphead,148,0.1771
120,1161890069,FIGHT NIGHT CHAMPION,148,0.1771
121,1715349030,Asphalt Legends,145,0.1735
122,1019460860,DRAGON BALL XENOVERSE 2,145,0.1735
123,1161890022,Skate 3,145,0.1735
124,961090289,Tom Clancy's Ghost Recon Breakpoint,145,0.1735
125,1790482525,Call of Duty®: Black Ops Cold War,143,0.1711
126,1759802069,EA SPORTS™ College Football 25,141,0.1687
127,964818375,Assassin's Creed Odyssey,139,0.1663
128,1878915001,SnowRunner,137,0.1639
129,1689241275,Black Jacket,136,0.1627
130,1830948067,EA SPORTS™ PGA TOUR™,135,0.1615
131,2103516179,The Outlast Trials,135,0.1615
132,964706972,No Man's Sky,129,0.1544
133,556718860,Assassin's Creed IV Black Flag,126,0.1508
134,1611895213,Disney Dreamlight Valley,125,0.1496
135,1921177861,Marathon,125,0.1496
136,1145574011,Titanfall® 2,125,0.1496
137,1684508835,"Warhammer 40,000: Darktide",125,0.1496
138,2008767227,Brotato,124,0.1484
139,1699459210,DRAGON BALL Sparking! ZERO,124,0.1484
140,1615644955,Microsoft Flight Simulator 2024,124,0.1484
141,1679564487,Outbound,124,0.1484
142,346683864,Tom Clancy's Ghost Recon Wildlands,124,0.1484
143,1805568255,Trailmakers,124,0.1484
144,1843269941,Chivalry 2,122,0.146
145,1658810016,Resident Evil Requiem,122,0.146
146,1947812162,WWE 2K25,122,0.146
147,2037558339,My Friend Peppa Pig,121,0.1448
148,1728105232,Assassin's Creed Valhalla,119,0.1424
149,1938834516,State of Decay 2: Juggernaut Edition,119,0.1424
150,256364670,Battlefield™ V,116,0.1388
151,2068980019,CarX Drift Racing Online,116,0.1388
152,728655825,Plants vs. Zombies™ Garden Warfare 2,116,0.1388
153,2138304024,Rec Room,116,0.1388
154,389597738,Terraria,116,0.1388
155,1842668909,Forza Motorsport,115,0.1376
156,85494077,Microsoft Solitaire Collection,115,0.1376
157,2054716369,It Takes Two,114,0.1364
158,1682363458,Avatar: Frontiers of Pandora,112,0.134
159,1414793202,GTA IV,112,0.134
160,2111829961,Hell Let Loose,112,0.134
161,465979625,UFC® 4,112,0.134
162,2043906033,MX vs ATV Legends,111,0.1328
163,1961305648,Totally Accurate Battle Simulator,110,0.1316
164,447911394,Far Cry® 5,109,0.1304
165,1779135141,Riders Republic™,109,0.1304
166,247546985,Destiny,108,0.1292
167,283303390,Wreckfest,108,0.1292
168,2078275456,Content Warning,105,0.1256
169,1689317374,TCG Card Shop Simulator (Game Preview),105,0.1256
170,1855217179,Golf With Your Friends,102,0.122
171,2106583887,TEKKEN 8,102,0.122
172,1976117247,Path of Titans (Game Preview),101,0.1208
173,1928228122,Borderlands®4,99,0.1185
174,2053555152,Yu-Gi-Oh! Master Duel,99,0.1185
175,2063087945,PowerWash Simulator 2,98,0.1173
176,1972007641,Kingdom Come: Deliverance II,97,0.1161
177,1813567768,Roadside Research (Game Preview),97,0.1161
178,1891953464,CloverPit,96,0.1149
179,651668093,RESIDENT EVIL 7 biohazard,95,0.1137
180,940594756,World War Z,95,0.1137
181,1484511986,Battlefield 4,94,0.1125
182,1668241504,Hollow Knight: Silksong,94,0.1125
183,530462567,The Witcher 3: Wild Hunt – Complete Edition,94,0.1125
184,1792830437,Balatro,93,0.1113
185,1679027058,Stumble Guys,93,0.1113
186,60633334,7 Days to Die,92,0.1101
187,490838306,Fishing Planet,92,0.1101
188,1701108859,HITMAN 3,92,0.1101
189,1825113946,PowerWash Simulator,92,0.1101
190,1671080157,Minecraft Preview,91,0.1089
191,792158305,Call of Duty®: Black Ops 4,90,0.1077
192,374621264,RESIDENT EVIL 2,90,0.1077
193,1852916479,Resident Evil 4,90,0.1077
194,680942588,STAR WARS Jedi: Fallen Order™,90,0.1077
195,1297287339,Gears of War 3,88,0.1053
196,1667928394,Halo Wars 2,88,0.1053
197,339148107,Insurgency: Sandstorm (Windows),88,0.1053
198,1952300170,Battlefield™ 2042,87,0.1041
199,312881568,Human Fall Flat,87,0.1041
200,1720633196,Minecraft Dungeons,87,0.1041
201,1112737760,Fallout: New Vegas,86,0.1029
202,1925947069,FARCRY 6,86,0.1029
203,1616563209,FragPunk,85,0.1017
204,552499398,Gears of War 4,85,0.1017
205,1854680102,Delta Force,84,0.1005
206,2059211995,Hollow Knight: Voidheart Edition,84,0.1005
207,2108722049,Resident Evil Village,84,0.1005
208,183968596,UNO™,84,0.1005
209,1769971395,Clair Obscur: Expedition 33,83,0.0993
210,1994003829,EA SPORTS™ FIFA 23 Standard Edition,82,0.0981
211,1733257076,Teardown,82,0.0981
212,2128602192,Bluey: The Videogame,81,0.0969
213,2068332202,Abiotic Factor,79,0.0945
214,1744726864,Enlisted,79,0.0945
215,1096157387,Modern Warfare® 3,77,0.0921
216,415619002,Watch Dogs®2,76,0.0909
217,1738914043,Assassin's Creed Shadows,75,0.0897
218,345903534,Minecraft: Xbox One Edition,75,0.0897
219,308654313,Overcooked! 2,75,0.0897
220,1792405589,Sledding Game,75,0.0897
221,1641858093,Albion Online,74,0.0885
222,830649354,Dying Light,74,0.0885
223,1911989187,Football Manager 26 Console,74,0.0885
224,1652862446,Super Mega Baseball™ 4,74,0.0885
225,1998461943,Assassin's Creed Unity,73,0.0873
226,1971845611,Mount & Blade II: Bannerlord,72,0.0862
227,1702731390,Supermarket Simulator,72,0.0862
228,837917131,Deep Rock Galactic,71,0.085
229,1753744295,"Little Kitty, Big City",71,0.085
230,1719923985,Undisputed,71,0.085
231,1857530883,NASCAR 25,69,0.0826
232,45083076,Injustice™ 2,68,0.0814
233,2143033449,Monster Hunter Wilds,68,0.0814
234,1479895282,PAYDAY 2: CRIMEWAVE EDITION,68,0.0814
235,514291876,Assassin's Creed® The Ezio Collection,67,0.0802
236,754791096,Call of Duty®: Infinite Warfare,66,0.079
237,528369592,Devil May Cry HD Collection,66,0.079
238,1902585111,DOOM: The Dark Ages,66,0.079
239,794552001,The Binding of Isaac: Rebirth,66,0.079
240,2028925271,Trepang2,65,0.0778
241,2098787950,Age of Empires IV: Anniversary Edition,64,0.0766
242,1863849961,Palia,64,0.0766
243,1695979902,The Elder Scrolls IV: Oblivion Remastered,64,0.0766
244,2135594829,Jurassic World Evolution 2,63,0.0754
245,341687485,3on3 FreeStyle,62,0.0742
246,15959542,DRAGON BALL FIGHTERZ,62,0.0742
247,1041486048,DARK SOULS™ III,61,0.073
248,2120617189,Invincible VS,61,0.073
249,165599118,Prominence Poker,61,0.073
250,1912862912,Sniper Elite: Resistance,61,0.073
251,568182861,ASTRONEER,60,0.0718
252,1936845110,Cities: Skylines - Remastered,60,0.0718
253,642156375,Crash™ Team Racing Nitro-Fueled,60,0.0718
254,219630713,Halo 5: Guardians,60,0.0718
255,1096157207,Modern Warfare® 2,60,0.0718
256,2083870981,Who's Your Daddy?!,60,0.0718
257,2031971566,A Game About Digging A Hole™,59,0.0706
258,2077953041,Clone Drone in the Danger Zone,59,0.0706
259,608369389,FAR CRY PRIMAL,59,0.0706
260,1821999049,High On Life 2,59,0.0706
261,869175187,A Way Out,58,0.0694
262,1747946954,Construction Simulator,58,0.0694
263,125226722,DARK SOULS™: REMASTERED,58,0.0694
264,1651188120,Path of Exile 2 (Game Preview),58,0.0694
265,1646978734,Police Simulator: Patrol Officers,58,0.0694
266,2132429347,Risk of Rain 2,58,0.0694
267,56347639,Spyro™ Reignited Trilogy,58,0.0694
268,2019012309,Star Wars Outlaws,58,0.0694
269,988203152,Stellaris,58,0.0694
270,1865076226,MLB® The Show™ 24 Xbox One,57,0.0682
271,1480657407,Plants vs. Zombies,57,0.0682
272,244552082,Left 4 Dead 2,56,0.067
273,1615991113,New MONOPOLY®,56,0.067
274,504085184,The Crew® 2,56,0.067
275,502034863,Assassin's Creed Origins,55,0.0658
276,1808064759,FIFA 22,55,0.0658
277,1829869520,Gears of War: Reloaded,55,0.0658
278,1646963350,NHL® 25 Xbox Series X|S,55,0.0658
279,1145753246,Red Dead Redemption,55,0.0658
280,1687588412,Street Fighter™ 6,55,0.0658
281,1949641254,TerraTech Legion,55,0.0658
282,2014590773,Car Mechanic Simulator 2021,54,0.0646
283,72159092,Crash Bandicoot™ N. Sane Trilogy,54,0.0646
284,1134837784,SMITE,54,0.0646
285,756981192,Borderlands 3,53,0.0634
286,1950263247,Mixtape,53,0.0634
287,453395486,Ultimate Chicken Horse,53,0.0634
288,2064168993,Age of Empires II: Definitive Edition,52,0.0622
289,1680544459,Dying Light: The Beast,52,0.0622
290,1809107273,NHL® 24,52,0.0622
291,1747676401,Planet Coaster 2,52,0.0622
292,2041941014,Diablo® II: Resurrected™,51,0.061
293,1965191913,F1® 24,51,0.061
294,1790216132,Hades,51,0.061
295,2093000869,Slay The Spire,51,0.061
296,2010328709,Assassin's Creed® Mirage,50,0.0598
297,1832051520,Crime Scene Cleaner,50,0.0598
298,1848088335,Subnautica: Below Zero,50,0.0598
299,2067022016,Call of the Wild: The Angler™,49,0.0586
300,1994868821,Predecessor,49,0.0586
301,678953862,Borderlands 2,48,0.0574
302,1096157212,Call of Duty®: WaW,48,0.0574
303,924775200,Devil May Cry 5,48,0.0574
304,1289871275,Forza Horizon 3,48,0.0574
305,1814675537,Grand Theft Auto: San Andreas – The Definitive Edition,48,0.0574
306,1833503116,MARVEL Cosmic Invasion,48,0.0574
307,1731202267,Need for Speed™ Unbound,48,0.0574
308,1873615541,Pool Blitz,48,0.0574
309,666757656,Rayman Legends,48,0.0574
310,1693391830,SpongeBob SquarePants™: The Patrick Star Game,48,0.0574
311,690285705,The Long Dark,48,0.0574
312,859011533,Assassin's Creed® III Remastered,47,0.0562
313,1894513996,CarX Street,47,0.0562
314,1985019983,Crash Bandicoot™ 4: It’s About Time,47,0.0562
315,921016611,Crossout,47,0.0562
316,1972063516,Sifu,47,0.0562
317,1728296368,Vampire Crawlers: The Turbo Wildcard from Vampire Survivors,47,0.0562
318,422207632,Castle Crashers Remastered,46,0.055
319,834001943,Dying Light 2: Stay Human - Reloaded Edition,46,0.055
320,1635275279,ICARUS: Console Edition,46,0.055
321,1984680366,Medieval Dynasty,46,0.055
322,1065708874,Skull and Bones,46,0.055
323,20391045,Batman: Return to Arkham - Arkham Asylum,45,0.0538
324,1880744816,Farming Simulator 22,45,0.0538
325,470244957,LEGO Marvel Super Heroes,45,0.0538
326,1777860928,Microsoft Flight Simulator (2020),45,0.0538
327,1768081511,Crusader Kings III,44,0.0526
328,2035456122,Grand Theft Auto VI,44,0.0526
329,770775860,RESIDENT EVIL 3 for Windows,44,0.0526
330,1989106096,Sid Meier’s Civilization® VI (Windows PC),44,0.0526
331,1112737749,Fallout 3,43,0.0515
332,1841062643,Hunt: Showdown 1896,43,0.0515
333,2054685746,Mass Effect™ Legendary Edition,43,0.0515
334,320504455,Middle-earth™: Shadow of War™,43,0.0515
335,1028735742,NARUTO SHIPPUDEN™: Ultimate Ninja® STORM 4,43,0.0515
336,749311689,Plants vs. Zombies: Battle for Neighborville™,43,0.0515
337,2021412862,Raft,42,0.0503
338,1756421327,Teenage Mutant Ninja Turtles: Shredder's Revenge,42,0.0503
339,1695638358,Vampire Survivors,42,0.0503
340,514006173,Batman: Return to Arkham - Arkham City,41,0.0491
341,564131151,Kerbal Space Program Enhanced Edition,41,0.0491
342,68553410,Kingdom Come: Deliverance,41,0.0491
343,2136186351,MOTORSLICE,41,0.0491
344,568218779,Resident Evil 5,41,0.0491
345,1745661457,Valheim (Game Preview),41,0.0491
346,872826607,Vigor,41,0.0491
347,1465674891,Assetto Corsa,40,0.0479
348,1736384528,Ben 10: Power Trip,40,0.0479
349,1367952835,Far Cry® 4,40,0.0479
350,1045960524,Metro Exodus,40,0.0479
351,1560034050,Assassin's Creed Syndicate,39,0.0467
352,331135949,DOOM Eternal (BATTLEMODE),39,0.0467
353,2067705319,NBA 2K24,39,0.0467
354,1681220621,STAR WARS™ Battlefront™,39,0.0467
355,1743309413,Super Meat Boy 3D,39,0.0467
356,1861467226,"Warhammer 40,000: Battlesector",39,0.0467
357,2117764661,Diablo III: Reaper of Souls – Ultimate Evil Edition,38,0.0455
358,1792227428,Indiana Jones and the Great Circle,38,0.0455
359,1707431222,Jurassic World Evolution 3,38,0.0455
360,1840066568,Pigeon Simulator,38,0.0455
361,1922695178,PlateUp!,38,0.0455
362,1703229686,Split Fiction,38,0.0455
363,1877908426,Tony Hawk's™ Pro Skater™ 3 + 4,38,0.0455
364,1623704813,DEATH STRANDING DIRECTOR'S CUT,37,0.0443
365,828985924,Resident Evil 6,37,0.0443
366,244291844,Far Cry 3 Classic Edition,36,0.0431
367,226054795,MONSTER HUNTER: WORLD™,36,0.0431
368,265691378,STEEP,36,0.0431
369,2008301104,Wildgate,36,0.0431
370,2075317023,Absolum,35,0.0419
371,1999574456,Forza Motorsport 7,35,0.0419
372,491595024,LEGO Batman,35,0.0419
373,2083429980,Nickelodeon All-Star Brawl 2,35,0.0419
374,2011061477,PRAGMATA,35,0.0419
375,74304278,Tom Clancy’s The Division,35,0.0419
376,585771792,WATCH_DOGS™,35,0.0419
377,1877522801,Age of Mythology: Retold,34,0.0407
378,2113731956,Disney Speedstorm,34,0.0407
379,1874191487,High On Life,34,0.0407
380,1711563707,House Flipper,34,0.0407
381,1988609509,PGA TOUR 2K23,34,0.0407
382,860666361,Plants vs. Zombies Garden Warfare,34,0.0407
383,945976112,Rush: A DisneyPixar Adventure,34,0.0407
384,1966276493,Satisfactory,34,0.0407
385,810101074,Dead Cells,33,0.0395
386,1659464109,Elite Dangerous Core,33,0.0395
387,1766089184,GoldenEye 007,33,0.0395
388,1949704395,Green Hell,33,0.0395
389,1175562227,Just Cause 3,33,0.0395
390,1749127985,Madden NFL 24,33,0.0395
391,42235288,Neverwinter,33,0.0395
392,1007715169,Warhammer: Vermintide 2,33,0.0395
393,1793309125,WWE 2K24,33,0.0395
394,821136798,DC Universe Online,32,0.0383
395,1855426799,FINAL FANTASY XIV Online,32,0.0383
396,1297287213,Gears of War 2,32,0.0383
397,164371165,LEGO Star Wars: TCS,32,0.0383
398,1953745880,Roboquest,32,0.0383
399,1795379754,The Walking Dead: The Complete First Season,32,0.0383
400,1879115757,Trackmania®,32,0.0383
401,1687693597,Assetto Corsa Competizione,31,0.0371
402,655591242,Far Cry® New Dawn,31,0.0371
403,1030018025,Halo Wars: Definitive Edition (PC),31,0.0371
404,2110891029,KILL IT WITH FIRE! 2,31,0.0371
405,2093153073,Party Animals,31,0.0371
406,739464821,South Park™: The Fractured but Whole™,31,0.0371
407,1792306481,Starsand Island,31,0.0371
408,801251286,Stick Fight: The Game,31,0.0371
409,300763685,ACE COMBAT™ 7: SKIES UNKNOWN,30,0.0359
410,1848927238,BALL x PIT,30,0.0359
411,402049843,Black Desert,30,0.0359
412,572802557,Call of Duty®: Ghosts,30,0.0359
413,1947900602,Like a Dragon: Infinite Wealth,30,0.0359
414,1013969466,NARUTO TO BORUTO: SHINOBI STRIKER,30,0.0359
415,1631329360,Pixel Strike 3D,30,0.0359
416,790047319,Sekiro™: Shadows Die Twice - GOTY Edition,30,0.0359
417,913783821,Shadow of the Tomb Raider,30,0.0359
418,1879711255,The Outer Worlds 2,30,0.0359
419,1931679945,2XKO,29,0.0347
420,199746733,Conan Exiles,29,0.0347
421,2032762484,Descenders Next (Game Preview),29,0.0347
422,143716413,Dragon Age™: The Veilguard,29,0.0347
423,196631666,EA SPORTS™ FIFA 20,29,0.0347
424,605932637,Hello Neighbor,29,0.0347
425,1414793208,MCLA: Complete,29,0.0347
426,2087575977,MOUSE: P.I. For Hire,29,0.0347
427,1997252569,Need for Speed™ Hot Pursuit Remastered,29,0.0347
428,831224608,Need for Speed™ Payback,29,0.0347
429,2090474684,Poppy Playtime: Chapter 1,29,0.0347
430,2083118773,REPLACED,29,0.0347
431,434412541,Rise of the Tomb Raider,29,0.0347
432,1785898011,Sid Meier’s Civilization® VII,29,0.0347
433,2154930,Call of Duty®: Modern Warfare® Remastered,28,0.0335
434,2008403666,Dead Space,28,0.0335
435,1327376519,DOOM,28,0.0335
436,2142027917,Fallout Shelter,28,0.0335
437,868192693,Gotham Knights,28,0.0335
438,813411968,LEGO® Marvel Super Heroes 2,28,0.0335
439,1192666733,Mafia III,28,0.0335
440,2113515818,MLB® The Show™ 23 Xbox Series X|S,28,0.0335
441,1480660055,MONOPOLY PLUS,28,0.0335
442,980944365,Need for Speed™,28,0.0335
443,1668054382,Tiny Bookshop,28,0.0335
444,84790147,Watch Dogs®: Legion,28,0.0335
445,875417719,Call of Duty®: Advanced Warfare,27,0.0323
446,1805523441,Call of the Elder Gods,27,0.0323
447,2085228810,EA SPORTS™ WRC,27,0.0323
448,821886458,LEGO® Batman™ 2,27,0.0323
449,1029888556,LEGO® Jurassic World™,27,0.0323
450,2041142160,Maximum Football,27,0.0323
451,2098044337,Poppy Playtime: Chapter 4,27,0.0323
452,531437752,Rogue Company,27,0.0323
453,625948041,Slime Rancher,27,0.0323
454,847310458,South Park™: The Stick of Truth ™,27,0.0323
455,1740172423,Totally Reliable Delivery Service,27,0.0323
456,384396065,Unravel Two,27,0.0323
457,1676173709,Wizard101,27,0.0323
458,446059611,Forza Horizon 2,26,0.0311
459,627891457,Little Nightmares II Enhanced Edition,26,0.0311
460,1812294496,Mecha BREAK,26,0.0311
461,1540549950,DARK SOULS™ II: Scholar of the First Sin,25,0.0299
462,1916758859,Donut County,25,0.0299
463,1855780914,DreamWorks Gabby’s Dollhouse: Ready to Party,25,0.0299
464,2131572088,Evil West,25,0.0299
465,1768256893,FINAL FANTASY VII REMAKE INTERGRADE,25,0.0299
466,1475571605,Gears of War: Ultimate Edition,25,0.0299
467,1251455286,Metro 2033 Redux,25,0.0299
468,2037306921,Poppy Playtime: Chapter 3,25,0.0299
469,939455454,resident evil 4 (2005),25,0.0299
470,862712929,Star Trek Online,25,0.0299
471,1933718863,SUPERHOT: MIND CONTROL DELETE,25,0.0299
472,1799887933,The Witcher 3: Wild Hunt,25,0.0299
473,1880727250,Unpacking,25,0.0299
474,1793764669,Zombie Army 4: Dead War,25,0.0299
475,954605110,Assassin’s Creed® Rogue Remastered,24,0.0287
476,210179407,Back 4 Blood,24,0.0287
477,301917535,Battlefield™ Hardline,24,0.0287
478,1414793189,Civilization Revolution,24,0.0287
479,2079828144,Holdfast: Nations At War,24,0.0287
480,2029730324,Mad Max,24,0.0287
481,1799461557,NBA 2K23,24,0.0287
482,1000604311,Resident Evil Revelations 2 (Episode One),24,0.0287
483,1911508378,RoboCop: Rogue City,24,0.0287
484,2005028938,S.T.A.L.K.E.R. 2: Heart of Chornobyl - Windows Edition,24,0.0287
485,1649660694,The Texas Chain Saw Massacre,24,0.0287
486,1797047526,Voidtrain,24,0.0287
487,2046562785,Avowed,23,0.0275
488,1037514907,Burnout™ Paradise Remastered,23,0.0275
489,1725517447,House Flipper 2,23,0.0275
490,2056728314,inKONBINI: One Store. Many Stories,23,0.0275
491,1617248429,REANIMAL,23,0.0275
492,1653442250,ROUNDS,23,0.0275
493,724369121,Saints Row,23,0.0275
494,645502086,The Four Kings Casino and Slots,23,0.0275
495,309834943,Wheel Of Fortune®,23,0.0275
496,1795554480,Barbie™ Horse Trails,22,0.0263
497,2056583125,BlazBlue Entropy Effect X,22,0.0263
498,2068802336,Drift Legends 2,22,0.0263
499,433376346,FIFA 18,22,0.0263
500,1761289795,FIFA 21,22,0.0263
501,1714434521,Firefighting Simulator - The Squad,22,0.0263
502,58472989,Killer Instinct,22,0.0263
503,148020354,METAL GEAR SOLID V: THE PHANTOM PAIN,22,0.0263
504,956568979,Need for Speed Rivals,22,0.0263
505,712238930,Saints Row 2,22,0.0263
506,2111887267,Sonic Racing: CrossWorlds,22,0.0263
507,1112934455,Star Wars Battlefront II,22,0.0263
508,2081484036,Superliminal,22,0.0263
509,231674300,The Walking Dead: Season Two,22,0.0263
510,2013541297,"Warhammer 40,000: Space Marine - Master Crafted Edition",22,0.0263
511,1997201494,Aliens: Fireteam Elite,21,0.0251
512,1681140332,Aphelion,21,0.0251
513,1955966351,Black Myth: Wukong,21,0.0251
514,2076120890,Deep Rock Galactic: Survivor,21,0.0251
515,415563833,DiRT Rally 2.0,21,0.0251
516,935319545,FIFA 19,21,0.0251
517,2047911802,For The King II,21,0.0251
518,1297287625,Forza Horizon,21,0.0251
519,791545701,Goat Simulator,21,0.0251
520,1641465936,Kiln,21,0.0251
521,1687388278,KINGDOM HEARTS - HD 1.5+2.5 ReMIX -,21,0.0251
522,1696456823,NBA 2K22,21,0.0251
523,367254866,Sleeping Dogs™ Definitive Edition,21,0.0251
524,2120287235,Truck World: Australia - First Haul,21,0.0251
525,1961670808,UFL,21,0.0251
526,1660320477,Undertale,21,0.0251
527,1712074146,WUCHANG: Fallen Feathers,21,0.0251
528,1880835530,Atomfall,20,0.0239
529,245236582,Celeste,20,0.0239
530,1843804163,Cooking Simulator,20,0.0239
531,830718665,DRAGON BALL Z: KAKAROT,20,0.0239
532,1907796436,DREDGE,20,0.0239
533,101393300,LEGO® Batman™ 3: Beyond Gotham,20,0.0239
534,975846135,LEGO® DC Super-Villains,20,0.0239
535,2128546794,NARUTO X BORUTO Ultimate Ninja STORM CONNECTIONS,20,0.0239
536,1908796053,NASCAR Heat 5,20,0.0239
537,2006666244,NBA 2K21,20,0.0239
538,196423588,Outlast,20,0.0239
539,1864882669,Persona 4 Golden,20,0.0239
540,2024220276,Phantasy Star Online 2 New Genesis,20,0.0239
541,1818602982,RoadCraft,20,0.0239
542,1984504844,Bleach: Brave Souls Anime Game,19,0.0227
543,1670026911,BMX Streets,19,0.0227
544,748474487,Cities: Skylines - Windows 10 Edition,19,0.0227
545,482947130,Clicker Heroes,19,0.0227
546,5433956,Dead Island Definitive Edition,19,0.0227
547,2045404355,Dome Keeper,19,0.0227
548,1673618851,Egging On,19,0.0227
549,1884682689,Five Nights at Freddy's: Security Breach,19,0.0227
550,1297287125,Gears of War,19,0.0227
551,1935490407,Little Nightmares Enhanced Edition,19,0.0227
552,1889714780,Lords of the Fallen,19,0.0227
553,511110146,Metro: Last Light Redux,19,0.0227
554,1837410971,NARAKA: BLADEPOINT,19,0.0227
555,1874517142,Retro Classics,19,0.0227
556,1997535850,SpiderHeck,19,0.0227
557,1633340711,Spray Paint Simulator,19,0.0227
558,1645572933,Starlit Kart Racing,19,0.0227
559,19060482,Trials® Rising,19,0.0227
560,2038330799,Aimlabs,18,0.0215
561,951560105,Control,18,0.0215
562,2041731932,Cult of the Lamb,18,0.0215
563,1619985048,Deadside,18,0.0215
564,1700051314,Deceit 2,18,0.0215
565,1777438490,Devil May Cry 5 Special Edition,18,0.0215
566,69094388,EA SPORTS™ FIFA 17,18,0.0215
567,93105265,Friday the 13th: The Game,18,0.0215
568,597771444,Gems of War,18,0.0215
569,1880089265,Guilty Gear -Strive-,18,0.0215
570,416597888,Hungry Shark® World,18,0.0215
571,2123297300,JoJo's Bizarre Adventure: All-Star Battle R,18,0.0215
572,1675504069,Mafia: Definitive Edition,18,0.0215
573,2008623143,NINJA GAIDEN 4,18,0.0215
574,1768466312,Poppy Playtime: Chapter 2,18,0.0215
575,1884079219,Slime Rancher 2,18,0.0215
576,1985144601,Stranded Deep,18,0.0215
577,826545257,Tomb Raider: Definitive Edition,18,0.0215
578,1846016063,"Warhammer 40,000: Rogue Trader",18,0.0215
579,366337421,Borderlands: Game of the Year Edition,17,0.0203
580,1813184195,Easy Delivery Co.,17,0.0203
581,136002788,Farming Simulator 19,17,0.0203
582,2067126551,Forza Motorsport 5,17,0.0203
583,1611051325,Grand Theft Auto: Vice City – The Definitive Edition,17,0.0203
584,25952469,Kingdom Two Crowns,17,0.0203
585,1919875042,MLB® The Show™ 22 Xbox Series X | S,17,0.0203
586,2000897177,Mortal Kombat: Legacy Kollection,17,0.0203
587,682404126,Paladins,17,0.0203
588,2042908226,Rugby League 26,17,0.0203
589,1947019474,ScootX,17,0.0203
590,591371027,Trove,17,0.0203
591,1744345373,WWE 2K22,17,0.0203
592,2120976389,Banishers: Ghosts of New Eden,16,0.0191
593,1748951836,Disco Elysium - The Final Cut,16,0.0191
594,527255540,Dishonored 2,16,0.0191
595,976905576,Dragon Age™: Inquisition,16,0.0191
596,927474846,Firewatch,16,0.0191
597,850118036,Generation Zero®,16,0.0191
598,1955542194,Grand Theft Auto III – The Definitive Edition,16,0.0191
599,885488152,INSIDE,16,0.0191
600,819720203,JUMP FORCE,16,0.0191
601,423941531,LEGO® Harry Potter™ Collection,16,0.0191
602,2019267377,Madden NFL 23,16,0.0191
603,1803631176,MechWarrior 5: Mercenaries,16,0.0191
604,1777477395,MLB® The Show™ 21 Xbox Series X | S,16,0.0191
605,1096157158,Modern Warfare®,16,0.0191
606,1938336894,Sledders,16,0.0191
607,100764563,Sniper Elite 4,16,0.0191
608,1705990324,Space Engineers,16,0.0191
609,2030752353,The Binding of Isaac: Repentance,16,0.0191
610,119262432,The Jackbox Party Pack 3,16,0.0191
611,1682770291,"Warhammer 40,000: Chaos Gate - Daemonhunters",16,0.0191
612,2021058326,Way of the Hunter,16,0.0191
613,1677025209,Wolfenstein: The New Order,16,0.0191
614,1976275779,ARMORED CORE™ VI FIRES OF RUBICON™,15,0.0179
615,1414793242,Bully Scholarship Ed.,15,0.0179
616,1161889999,Dante's Inferno™,15,0.0179
617,490701180,Devil May Cry 4 Special Edition,15,0.0179
618,1714795112,DOOM + DOOM II,15,0.0179
619,1713885313,DPS IDLE 2,15,0.0179
620,1297287153,Fable II,15,0.0179
621,1694054782,Forza Motorsport 6,15,0.0179
622,1654542558,Hotline Miami,15,0.0179
623,398011207,LIMBO,15,0.0179
624,2081060870,Maneater,15,0.0179
625,1846145161,Metaphor: ReFantazio,15,0.0179
626,2029805012,MultiVersus,15,0.0179
627,346797032,MX vs ATV All Out,15,0.0179
628,1655054632,My Friendly Neighborhood,15,0.0179
629,1843596190,SPLITGATE: Arena Reloaded,15,0.0179
630,2051131113,TopSpin 2K25,15,0.0179
631,1112934373,Toy Story 3,15,0.0179
632,1185249228,Trials Fusion,15,0.0179
633,1812456871,Battletoads,14,0.0168
634,367004125,BioShock Remastered,14,0.0168
635,2097321401,Blue Prince,14,0.0168
636,1764318423,Call of Duty®: Vanguard,14,0.0168
637,386788672,Cars 3: Driven to Win,14,0.0168
638,2032937393,Cup Heroes,14,0.0168
639,1970218801,Dead by Daylight Windows,14,0.0168
640,2131786732,Directive 8020,14,0.0168
641,1033937373,Don't Starve Together: Console Edition,14,0.0168
642,1817185896,Easy Red 2,14,0.0168
643,1727396789,FINAL FANTASY,14,0.0168
644,1663711933,FINAL FANTASY XVI,14,0.0168
645,13980132,Left 4 Dead,14,0.0168
646,1279330291,LEGO Star Wars III ,14,0.0168
647,1962388658,Like a Dragon: Pirate Yakuza in Hawaii,14,0.0168
648,1882004205,Neon Abyss,14,0.0168
649,1684896411,Off The Grid (Game Preview),14,0.0168
650,1713510228,RIDE 5,14,0.0168
651,583749034,SOULCALIBUR VI,14,0.0168
652,909409687,Star Wars: The Force Unleashed,14,0.0168
653,31939361,The Walking Dead: The Final Season,14,0.0168
654,422246343,Tom Clancy’s Rainbow Six® Extraction,14,0.0168
655,1912255927,Ultimate Sheep Raccoon,14,0.0168
656,1777974087,"Warhammer 40,000: Speed Freeks",14,0.0168
657,699731308,BioShock Infinite: The Complete Edition,13,0.0156
658,686783342,Divinity: Original Sin 2 - Definitive Edition,13,0.0156
659,1867148258,eFootball PES 2021 SEASON UPDATE,13,0.0156
660,401515813,Enter The Gungeon,13,0.0156
661,1297287815,Fable Anniversary,13,0.0156
662,1297287382,Fable III,13,0.0156
663,1297287718,Gears of War: Judgment,13,0.0156
664,1777668222,GRID Legends,13,0.0156
665,1674901200,Inscryption,13,0.0156
666,1679434571,John Carpenter's Toxic Commando,13,0.0156
667,1480659550,Joy Ride Turbo,13,0.0156
668,1946419297,Jump Space (Game Preview),13,0.0156
669,1853524575,Mafia: The Old Country,13,0.0156
670,1820656575,NHL® 23,13,0.0156
671,1659804324,Ori and the Will of the Wisps,13,0.0156
672,1728022534,Plants vs. Zombies™: Replanted,13,0.0156
673,767263759,Rock Band 4,13,0.0156
674,429066719,Saints Row IV: Re-Elected,13,0.0156
675,1848367053,Star Trucker,13,0.0156
676,256913032,TEKKEN 7,13,0.0156
677,2040514027,Terminull Brigade™,13,0.0156
678,995095203,Warface: Clutch,13,0.0156
679,2024046503,60 Seconds! Reatomized,12,0.0144
680,1741940049,Bag Fight,12,0.0144
681,1246613109,Borderlands: The Pre-Sequel,12,0.0144
682,791051466,Disneyland Adventures,12,0.0144
683,1621683201,Dragon's Dogma 2,12,0.0144
684,2097945335,F1® 23,12,0.0144
685,1860089403,Ghostwire: Tokyo,12,0.0144
686,1414793400,Grand Theft Auto: San Andreas,12,0.0144
687,859843286,Hellblade: Senua's Sacrifice,12,0.0144
688,640703885,LEGO® Marvel's Avengers,12,0.0144
689,867642949,LEGO® Worlds,12,0.0144
690,1639060910,Minecraft Legends - Windows,12,0.0144
691,1814244511,Nine Sols,12,0.0144
692,1728797774,ONE PIECE: PIRATE WARRIORS 4,12,0.0144
693,903593533,Path of Exile,12,0.0144
694,848717329,Peggle 2,12,0.0144
695,2046531735,Predator: Hunting Grounds,12,0.0144
696,1833883015,Rust Console Edition X|S - Public Test Branch,12,0.0144
697,34441781,Saints Row The Third Remastered,12,0.0144
698,1480659458,Sonic Adventure™ 2 ,12,0.0144
699,1903138273,Sonic Frontiers,12,0.0144
700,108727346,Suicide Squad: Kill the Justice League,12,0.0144
701,1798733099,Teenage Mutant Ninja Turtles: Splintered Fate,12,0.0144
702,759485819,The Escapists 2,12,0.0144
703,144439061,The Evil Within,12,0.0144
704,1801842805,Throne and Liberty,12,0.0144
705,1669281297,War Robots: Frontiers,12,0.0144
706,1159891781,Wolfenstein: The Old Blood,12,0.0144
707,1935095398,星之翼(Starward),12,0.0144
708,2089483628,A Plague Tale: Requiem,11,0.0132
709,2142076307,Anno 1800™,11,0.0132
710,996030243,BioShock 2 Remastered,11,0.0132
711,1841011808,Blizzard® Arcade Collection,11,0.0132
712,59903186,Call of Duty®: Modern Warfare® 2 Campaign Remastered,11,0.0132
713,212680242,DEAD OR ALIVE 6: Core Fighters,11,0.0132
714,1910114469,Deadzone: Rogue,11,0.0132
715,1728448413,DmC Devil May Cry: Definitive Edition,11,0.0132
716,1161889984,Dragon Age: Origins,11,0.0132
717,722006140,EA SPORTS™ UFC® 3,11,0.0132
718,1984358909,Expansion for Explorers Pack 1,11,0.0132
719,1691849278,FINAL FANTASY IV,11,0.0132
720,1705097731,Halls of Torment,11,0.0132
721,1022544763,HITMAN™,11,0.0132
722,2139519684,Hydroneer,11,0.0132
723,440611906,LEGO Pirates of the Caribbean: The Video Game,11,0.0132
724,668438210,LEGO® CITY Undercover,11,0.0132
725,2015790908,Microsoft Jewel,11,0.0132
726,1619790969,Minishoot' Adventures,11,0.0132
727,2115352193,Pacific Drive,11,0.0132
728,442175237,Peggle,11,0.0132
729,1670311038,Persona 3 Reload,11,0.0132
730,333628240,Quantum Break,11,0.0132
731,1708767297,Ryse: Son of Rome,11,0.0132
732,883004381,skate. (2007),11,0.0132
733,1397033053,Sonic & All-Stars Racing Transformed,11,0.0132
734,1735182051,SONIC X SHADOW GENERATIONS,11,0.0132
735,290870045,SpeedRunners,11,0.0132
736,1853160773,STAR WARS™: Battlefront Classic Collection,11,0.0132
737,1431504903,TC's RainbowSix Vegas2,11,0.0132
738,1890789689,The Casting of Frank Stone™,11,0.0132
739,1649441503,The Game of Life 2,11,0.0132
740,1921488037,The Settlers®: New Allies,11,0.0132
741,327364101,Trackmania® Turbo,11,0.0132
742,1935604508,Train Sim World® 5: Free Starter Pack,11,0.0132
743,2008811924,Wolfenstein II: The New Colossus,11,0.0132
744,1827287476,World of Outlaws: Dirt Racing,11,0.0132
745,1161890070,Alice: Madness Returns,10,0.012
746,1682965706,Another Crab's Treasure,10,0.012
747,869628338,Attack on Titan 2,10,0.012
748,1480657456,BattleBlock Theater,10,0.012
749,1675226093,Blindfire,10,0.012
750,1983212679,Bloons TD 6,10,0.012
751,2079414802,CATAN® - Console Edition,10,0.012
752,2128853757,Cricket 24,10,0.012
753,1923160643,Dead Rising 3,10,0.012
754,1911932812,DIRT 5,10,0.012
755,1100121502,Dishonored® Definitive Edition,10,0.012
756,1682154324,DPS Idle,10,0.012
757,984363462,Graveyard Keeper,10,0.012
758,1902411725,Hell is Us,10,0.012
759,530599647,Homefront®: The Revolution,10,0.012
760,2047199918,Isonzo (Windows),10,0.012
761,2082961842,Jujutsu Kaisen Cursed Clash,10,0.012
762,217258585,Killing Floor 2,10,0.012
763,1764536463,LEGO® The Hobbit™,10,0.012
764,693381002,LEGO® The Incredibles,10,0.012
765,1964043658,Mafia II: Definitive Edition,10,0.012
766,1414793323,Max Payne 3,10,0.012
767,1263405066,METAL GEAR RISING: REVENGEANCE,10,0.012
768,1009393042,Middle-earth™: Shadow of Mordor™ - Game of the Year Edition,10,0.012
769,1699829016,Monster Hunter Stories 3: Twisted Reflection,10,0.012
770,1613480279,NBA 2K20,10,0.012
771,87350449,NieR:Automata™ BECOME AS GODS Edition,10,0.012
772,2053707080,NINJA GAIDEN 2 Black,10,0.012
773,1957137539,Rabbids®: Party of Legends,10,0.012
774,1740314317,ScooterFlow,10,0.012
775,1949242128,SILENT HILL 2,10,0.012
776,871098991,STAR WARS™: Squadrons,10,0.012
777,1941663847,Starship Troopers: Extermination,10,0.012
778,852732437,State of Decay: Year-One,10,0.012
779,1480657498,Super Meat Boy,10,0.012
780,2017944493,Super Mega Baseball 3,10,0.012
781,1861545287,Tainted Grail: The Fall of Avalon,10,0.012
782,1731121397,The Quarry,10,0.012
783,995443207,Verdun,10,0.012
784,409741425,Worms W.M.D,10,0.012
785,33936946,Zoo Tycoon: Ultimate Animal Collection,10,0.012
786,2042287543,Aliens: Dark Descent,9,0.0108
787,1431504852,Assassin's Creed,9,0.0108
788,1661962317,Assassin's Creed Black Flag Resynced,9,0.0108
789,1480657236,Banjo-Kazooie,9,0.0108
790,1161889896,BLACK™,9,0.0108
791,1822990481,BLEACH Rebirth of Souls,9,0.0108
792,1624755708,Contraband Police,9,0.0108
793,1794039305,Coral Island,9,0.0108
794,760882151,CRSED: F.O.A.D.,9,0.0108
795,2052426459,EA SPORTS™ FIFA 16,9,0.0108
796,552778408,EA SPORTS™ UFC® 2,9,0.0108
797,1928512137,FBC: Firebreak,9,0.0108
798,1664487314,Football Manager 26,9,0.0108
799,1297287259,Halo: Reach,9,0.0108
800,1741206400,Little Nightmares III,9,0.0108
801,1480657103,Metal Slug 3,9,0.0108
802,1112737785,Morrowind,9,0.0108
803,1464993789,Mortal Kombat,9,0.0108
804,1891931390,MXGP 2021 - The Official Motocross Videogame,9,0.0108
805,1909911128,NASCAR Heat 4,9,0.0108
806,856376259,NBA 2K19,9,0.0108
807,1900564739,New Super Lucky's Tale,9,0.0108
808,162448742,Outer Wilds,9,0.0108
809,2119541613,Paint the Town Red,9,0.0108
810,1667881927,Redfall,9,0.0108
811,884612576,Sonic Mania,9,0.0108
812,1704490079,South of Midnight,9,0.0108
813,1874376911,Splitgate,9,0.0108
814,548623535,SpongeBob SquarePants: Battle for Bikini Bottom - Rehydrated,9,0.0108
815,1065100845,Star Wars: The Force Unleashed II,9,0.0108
816,886895461,The Jackbox Party Pack 5,9,0.0108
817,1755825192,The LEGO Movie Videogame,9,0.0108
818,654883159,The LEGO® NINJAGO® Movie Video Game,9,0.0108
819,1762703770,The Lord of the Rings: Return to Moria™,9,0.0108
820,2086031333,The Thaumaturge,9,0.0108
821,1431505078,Tom Clancy’s Splinter Cell® Blacklist™,9,0.0108
822,895890707,ULTIMATE MARVEL VS. CAPCOM 3,9,0.0108
823,1479999542,Unravel,9,0.0108
824,689916261,"Warhammer 40,000: Inquisitor - Martyr Ultimate Edition",9,0.0108
825,2109806164,World of Outlaws: Dirt Racing 24,9,0.0108
826,1911743947,wormer,9,0.0108
827,1920996408,Age of Wonders 4,8,0.0096
828,1115757811,Alien: Isolation,8,0.0096
829,1161889784,Army of Two™,8,0.0096
830,1128466455,ASURA'S WRATH,8,0.0096
831,1715865995,Back to the Dawn,8,0.0096
832,972461615,Battle Islands,8,0.0096
833,1161890128,Battlefield 3™,8,0.0096
834,1480659414,Bejeweled 3,8,0.0096
835,1768031432,Car Dealer Simulator,8,0.0096
836,1668430766,Cities: Skylines II,8,0.0096
837,793598300,CODE VEIN,8,0.0096
838,1297287132,Crackdown,8,0.0096
839,1297287356,Crackdown 2,8,0.0096
840,1963141187,Crypt Custodian,8,0.0096
841,964785867,Dead Space™ 2,8,0.0096
842,1943631392,Digimon Story Time Stranger,8,0.0096
843,696196977,DRAGON BALL XENOVERSE,8,0.0096
844,1920237746,FINAL FANTASY II,8,0.0096
845,1692871917,Frozen Free Fall: Snowball Fight,8,0.0096
846,1712655251,Garten of Banban 1,8,0.0096
847,2103079736,Hamster Playground,8,0.0096
848,1835926818,Hellblade II: Senua's Saga,8,0.0096
849,1970836204,Hotline Miami 2: Wrong Number,8,0.0096
850,218079485,Injustice: Gods Among Us,8,0.0096
851,2122788273,Keeper,8,0.0096
852,1833447683,Legacy of Kain™ Soul Reaver 1&2 Remastered,8,0.0096
853,1279330271,LEGO Indiana Jones,8,0.0096
854,2071061510,Lies of P,8,0.0096
855,1792638437,Lost Records: Bloom & Rage,8,0.0096
856,1926489287,Marvel's Midnight Suns,8,0.0096
857,1751185882,METAL GEAR SOLID Δ: SNAKE EATER,8,0.0096
858,2118184557,Monster Jam Steel Titans 2,8,0.0096
859,2092112354,Monster Jam™ Showdown,8,0.0096
860,1754663581,MULLET MADJACK,8,0.0096
861,1112737745,Oblivion,8,0.0096
862,1739902381,PBA Pro Bowling 2026,8,0.0096
863,1789091683,Rain World,8,0.0096
864,1469186547,Resident Evil 0,8,0.0096
865,192928167,Rocksmith 2014,8,0.0096
866,2065981028,Rooftops & Alleys: The Parkour Game,8,0.0096
867,1771004118,Sniper Elite 5,8,0.0096
868,1785174857,Spelunky 2,8,0.0096
869,1957310205,Streets of Rage 4,8,0.0096
870,912691842,Sudden Strike 4 - European Battlefields Edition,8,0.0096
871,1694250070,Super Animal Royale,8,0.0096
872,1684061010,SWORN,8,0.0096
873,1313671164,TEKKEN 6,8,0.0096
874,1819798709,Tetris® Effect: Connected,8,0.0096
875,1748769487,The Jackbox Party Pack 6,8,0.0096
876,2098462228,The Jackbox Party Pack 7,8,0.0096
877,1480659422,The Walking Dead,8,0.0096
878,1615232474,The Walking Dead: The Telltale Definitive Series,8,0.0096
879,1767703473,Tony Hawk's™ Pro Skater™ 1 + 2,8,0.0096
880,551688870,XCOM® 2,8,0.0096
881,2116409537,Yu-Gi-Oh! Legacy of the Duelist : Link Evolution,8,0.0096
882,278981929,[PROTOTYPE®],7,0.0084
883,1880818134,AFL 26,7,0.0084
884,1693830737,Alan Wake 2,7,0.0084
885,1941033112,Anno 117: Pax Romana,7,0.0084
886,1025057816,Battle Ages,7,0.0084
887,1663573292,Bendy and the Dark Revival,7,0.0084
888,337857707,Bendy and the Ink Machine,7,0.0084
889,1890581353,Blasphemous,7,0.0084
890,1662853043,Blasphemous 2,7,0.0084
891,293785190,Bloons TD 5,7,0.0084
892,1096157436,Call of Duty®: Ghosts,7,0.0084
893,1112934398,Cars 2: The Video Game,7,0.0084
894,1313671226,Dark Souls™,7,0.0084
895,1940736818,Darkest Dungeon II,7,0.0084
896,907587004,Dead Island: Riptide Definitive Edition,7,0.0084
897,1161889879,Dead Space,7,0.0084
898,840545531,Dead Space™ 3,7,0.0084
899,2136041956,DOOM 64,7,0.0084
900,1480657521,Doritos Crash Course,7,0.0084
901,1675325475,Drop Duchy - Complete Edition,7,0.0084
902,1628280816,Faaast Penguin,7,0.0084
903,1814325409,Fantasy Dash,7,0.0084
904,1691448998,Farm Together 2,7,0.0084
905,1799236568,FINAL FANTASY V,7,0.0084
906,1727852104,FINAL FANTASY VI,7,0.0084
907,2109344129,FINAL FANTASY XV WINDOWS EDITION,7,0.0084
908,1867652631,Firefighting Simulator: Ignite,7,0.0084
909,1940322572,Five Nights at Freddy's,7,0.0084
910,1715352825,Five Nights at Freddy's 2,7,0.0084
911,1297287254,Fuzion Frenzy®,7,0.0084
912,1616046491,Gears Tactics - Base Game,7,0.0084
913,1859409710,INDIKA,7,0.0084
914,1898092029,Inops,7,0.0084
915,1840565677,Island Saver,7,0.0084
916,1900811986,Kingdoms of Amalur: Re-Reckoning,7,0.0084
917,504827243,Life Is Strange,7,0.0084
918,1944276274,Little Rocket Lab,7,0.0084
919,1693050229,Madden NFL 22,7,0.0084
920,102287491,Marvel's Avengers Definitive Edition,7,0.0084
921,369157937,MARVEL VS. CAPCOM: INFINITE,7,0.0084
922,1590411380,Mass Effect™: Andromeda,7,0.0084
923,2003863742,Microsoft Jigsaw,7,0.0084
924,1653696130,Microsoft Mahjong,7,0.0084
925,1703086168,Microsoft Sudoku,7,0.0084
926,2014650813,Minecraft: Story Mode - Episode 1: The Order of the Stone,7,0.0084
927,2028249570,MIO: Memories in Orbit,7,0.0084
928,1969906662,MY HERO ACADEMIA: All’s Justice,7,0.0084
929,664898642,NASCAR Heat 3,7,0.0084
930,1343920370,NBA 2K15,7,0.0084
931,285742376,NBA 2K16,7,0.0084
932,1685135803,NHL® 22,7,0.0084
933,717702870,OUTRIDERS,7,0.0084
934,1987587652,Overcooked! All You Can Eat,7,0.0084
935,1931947471,Persona 5 Royal,7,0.0084
936,1871994086,Planet Zoo: Console Edition,7,0.0084
937,1302301894,Powerstar Golf,7,0.0084
938,1935747145,Prototype®2,7,0.0084
939,515050978,Rare Replay,7,0.0084
940,1278031123,Resident Evil,7,0.0084
941,1414596717,Saints Row®: The Third™ ,7,0.0084
942,1830825388,SILENT HILL f,7,0.0084
943,2006710939,Skater XL,7,0.0084
944,1397032978,SONIC UNLEASHED,7,0.0084
945,1682965190,Stray,7,0.0084
946,1128466401,STREET FIGHTER IV,7,0.0084
947,1579532320,Sunset Overdrive,7,0.0084
948,1313671257,TEKKEN TAG TOURNAMENT 2,7,0.0084
949,1936930219,Tell Me Why,7,0.0084
950,1706610063,The Alters,7,0.0084
951,170773198,The Evil Within® 2,7,0.0084
952,618537566,The Outer Worlds,7,0.0084
953,1761802913,Total Chaos,7,0.0084
954,2063484815,Train Sim World® 6: Free Starter Pack,7,0.0084
955,1979514848,"Warhammer 40,000: Mechanicus II",7,0.0084
956,1717071867,ZOMBI,7,0.0084
957,1161889782, Medal of Honor Airborne,6,0.0072
958,1783702427,AEW: Fight Forever,6,0.0072
959,1678543324,Aragami 2,6,0.0072
960,1754564226,Atlas Fallen: Reign of Sand (Windows),6,0.0072
961,1628688048,Atomic Heart,6,0.0072
962,1480657237,Banjo-Tooie,6,0.0072
963,23570566,Batman - The Telltale Series - Episode 1: Realm of Shadows,6,0.0072
964,230716687,Biomutant,6,0.0072
965,1297287893,Blinx: The Time Sweeper,6,0.0072
966,1858883035,CODE VEIN II,6,0.0072
967,2004944930,Crime Simulator,6,0.0072
968,725442241,Darksiders Warmastered Edition,6,0.0072
969,1267471686,DEAD OR ALIVE 5 Last Round: Core Fighters,6,0.0072
970,274219762,Dead Rising 2 Off the Record,6,0.0072
971,363774594,Farming Simulator 17,6,0.0072
972,1480657036,Feeding Frenzy 2,6,0.0072
973,1931936981,Goat Simulator: Remastered (Windows Edition),6,0.0072
974,1984491277,Grim Idle,6,0.0072
975,5117102,HITMAN™ 2,6,0.0072
976,1997835037,I Am Your Beast,6,0.0072
977,1639666819,INAZUMA ELEVEN: Victory Road,6,0.0072
978,1012216522,Just Cause 4,6,0.0072
979,1876744786,Killing Floor 3,6,0.0072
980,504518218,L.A. Noire,6,0.0072
981,1799885509,Labyrinthine - Console Edition,6,0.0072
982,1750584112,Lacrosse 26,6,0.0072
983,1279330257,LEGO Star Wars II,6,0.0072
984,2028723617,LEGO® Party!,6,0.0072
985,1970109802,Madden NFL 21,6,0.0072
986,1091024470,Magic Duels,6,0.0072
987,1649675719,Max: The Curse of Brotherhood,6,0.0072
988,1997603662,Minion Masters,6,0.0072
989,810085329,Mirror's Edge™,6,0.0072
990,1688832803,Monster Energy Supercross - The Official Videogame 6,6,0.0072
991,2103789015,Monster Hunter Rise,6,0.0072
992,485601591,NARUTO SHIPPUDEN™: Ultimate Ninja® STORM 2,6,0.0072
993,105831487,NARUTO SHIPPUDEN™: Ultimate Ninja® STORM 3 Full Burst,6,0.0072
994,374430704,NBA 2K17,6,0.0072
995,650779126,NBA 2K18,6,0.0072
996,1650588295,OddBallers™,6,0.0072
997,1752331738,One Leaves,6,0.0072
998,559544937,Ori and the Blind Forest: Definitive Edition,6,0.0072
999,587488276,Outlast 2,6,0.0072
1000,1616307670,PAYDAY 3,6,0.0072
1001,1726129713,Planet Coaster: Console Edition,6,0.0072
1002,1690934635,Planet of Lana II,6,0.0072
1003,2114772019,Poppy Playtime: Chapter 5,6,0.0072
1004,1161890066,Portal 2,6,0.0072
1005,907086072,Prey,6,0.0072
1006,2028530104,Prince of Persia The Lost Crown,6,0.0072
1007,200732952,Project CARS 2,6,0.0072
1008,1843641391,Quake,6,0.0072
1009,1743049130,Quake II,6,0.0072
1010,1431505028,Rayman® Origins,6,0.0072
1011,1128466461,Resident Evil Operation Raccoon City,6,0.0072
1012,2021825958,RIDE 6,6,0.0072
1013,1847402697,ScreamRide,6,0.0072
1014,1946484624,Session: Skate Sim,6,0.0072
1015,1480657445,Sonic Adventure,6,0.0072
1016,1112934458,STAR WARS KOTOR II,6,0.0072
1017,225007476,Team Sonic Racing™,6,0.0072
1018,2040766801,Test Drive Unlimited Solar Crown,6,0.0072
1019,1997447389,The Dark Pictures Anthology: The Devil in Me,6,0.0072
1020,1793645165,THE KING OF FIGHTERS XV Standard Edition,6,0.0072
1021,1750701033,Tiny Tina's Wonderlands for Xbox Series X|S,6,0.0072
1022,1840411466,Untitled Goose Game,6,0.0072
1023,2122392131,Winter Burrow,6,0.0072
1024,1148805248,Yu-Gi-Oh! Legacy of the Duelist,6,0.0072
1025,1520322998,Zombie Army Trilogy,6,0.0072
1026,1480656879,Zuma,6,0.0072
1027,2141212892,33 Immortals,5,0.006
1028,1779788068,9 Kings (Game Preview),5,0.006
1029,1763444345,Aerial_Knight's DropShot,5,0.006
1030,8769689,Ancestors: The Humankind Odyssey,5,0.006
1031,1431504955,Assassin's Creed II,5,0.006
1032,1464993832,Batman: Arkham Origins,5,0.006
1033,338995079,Batman: The Enemy Within - Episode 1,5,0.006
1034,233177124,Battle Islands: Commanders,5,0.006
1035,1414793191,Borderlands,5,0.006
1036,1431504874,Brothers in Arms: HH,5,0.006
1037,1480659632,Call of Juarez® Gunslinger,5,0.006
1038,1480657079,Castle Crashers,5,0.006
1039,1880193218,Century: Age of Ashes,5,0.006
1040,1693676973,Clue,5,0.006
1041,1863597561,Coloring Book,5,0.006
1042,1723836102,Cookie Clicker,5,0.006
1043,1480657529,Costume Quest ,5,0.006
1044,824378203,Crackdown 3: Campaign,5,0.006
1045,1161890019,Crysis 2,5,0.006
1046,1161890190,Crysis® 3,5,0.006
1047,1270951403,Dead Rising 4,5,0.006
1048,1864660438,Dead Static Drive,5,0.006
1049,1751733247,Doki Doki Literature Club Plus!,5,0.006
1050,2096821037,DOOM 3,5,0.006
1051,1234432164,EA SPORTS™ Rory McIlroy PGA TOUR®,5,0.006
1052,1673998520,F1® Manager 2024,5,0.006
1053,1431505036,Far Cry 3,5,0.006
1054,1906937527,Far Cry 3 Blood Dragon Classic Edition,5,0.006
1055,1480656881,Feeding Frenzy,5,0.006
1056,1689264723,FIFA 15,5,0.006
1057,427070178,FINAL FANTASY X/X-2 HD Remaster,5,0.006
1058,1836942975,Grind Survivors,5,0.006
1059,1955982965,Gunfire Reborn,5,0.006
1060,1761060600,Happy Wars,5,0.006
1061,1828807544,Harry Potter: Quidditch Champions,5,0.006
1062,387693234,Hawken,5,0.006
1063,1397819396,Hitman: Absolution,5,0.006
1064,1678225803,Idle Wizard,5,0.006
1065,1911404173,Immortals of Aveum™,5,0.006
1066,1044501532,Jeopardy!,5,0.006
1067,705006443,Jurassic World Evolution,5,0.006
1068,1679509385,Kill It With Fire,5,0.006
1069,2105228747,Killer Klowns From Outer Space: The Game,5,0.006
1070,40509624,KINGDOM HEARTS Ⅲ,5,0.006
1071,1728837206,KLETKA,5,0.006
1072,2071372034,Lawn Mowing Simulator,5,0.006
1073,565406974,LEGO® STAR WARS™: The Force Awakens,5,0.006
1074,1753941224,Life is Strange: Reunion,5,0.006
1075,1771989345,Lightyear Frontier (Game Preview),5,0.006
1076,572268056,Little Nightmares,5,0.006
1077,1973367334,MindsEye,5,0.006
1078,2036178233,Monster Energy Supercross 25 - The Official Video Game,5,0.006
1079,2119739112,Monster Train 2,5,0.006
1080,1777116945,Moving Out 2,5,0.006
1081,1414596731,MX vs. ATV Alive,5,0.006
1082,1873450782,MXGP 2020 - The Official Motocross Videogame,5,0.006
1083,303799945,Nickelodeon Kart Racers,5,0.006
1084,2013083896,NINJA GAIDEN: Ragebound,5,0.006
1085,1010226785,One Piece: Burning Blood,5,0.006
1086,1902591469,Outward: Definitive Edition,5,0.006
1087,2035760753,PAW Patrol World,5,0.006
1088,1986472488,PAW Patrol™ Rescue Wheels™: Championship,5,0.006
1089,1480657346,Perfect Dark,5,0.006
1090,275673036,Pillars of Eternity: Complete Edition,5,0.006
1091,1480656948,Pinball FX,5,0.006
1092,1542414577,Plague Inc: Evolved,5,0.006
1093,1702914632,Poker Club,5,0.006
1094,1480657248,Portal: Still Alive,5,0.006
1095,1702869784,Project Motor Racing,5,0.006
1096,1868826586,RimWorld Console Edition,5,0.006
1097,217831213,RISK,5,0.006
1098,1621567212,ROUTINE,5,0.006
1099,1169551644,Saints Row: Gat out of Hell,5,0.006
1100,978050046,ShellShock Live,5,0.006
1101,1740860919,Sniper Ghost Warrior Contracts,5,0.006
1102,129325438,SONIC FORCES,5,0.006
1103,1397033032,Sonic Generations,5,0.006
1104,1648684496,Sonic Origins,5,0.006
1105,2098784475,Soulstice,5,0.006
1106,1726756158,Spiritfarer®: Farewell Edition,5,0.006
1107,1112934454,Star Wars Battlefront,5,0.006
1108,1112934459,Star Wars Republic Commando,5,0.006
1109,2002404032,Stranded: Alien Dawn,5,0.006
1110,1040009086,Super Lucky's Tale,5,0.006
1111,993798593,SUPER STREETFIGHTER IV ARCADE EDITION,5,0.006
1112,2028975703,Superball,5,0.006
1113,449890085,The Jackbox Party Pack 4,5,0.006
1114,1161889807,The Orange Box,5,0.006
1115,1776537730,The Sinking City Remastered,5,0.006
1116,282062756,The Walking Dead: A New Frontier - Episode 1,5,0.006
1117,1292135256,Titanfall,5,0.006
1118,1946103240,Tomb Raider I-III Remastered Starring Lara Croft,5,0.006
1119,1678459920,Towerborne,5,0.006
1120,2145202828,Tricking 0,5,0.006
1121,1278892798,TRIVIAL PURSUIT LIVE!,5,0.006
1122,1945435013,TRIVIAL PURSUIT Live! 2,5,0.006
1123,580901123,Tropico 6,5,0.006
1124,1288959033,Viva Piñata,5,0.006
1125,1975267359,"Warhammer 40,000: Mechanicus",5,0.006
1126,974586226,We Happy Few,5,0.006
1127,1680433621,Young Suns (Game Preview),5,0.006
1128,1480659433,Zuma's Revenge!,5,0.006
1129,1615431074,1000xRESIST,4,0.0048
1130,593828894,Absolver,4,0.0048
1131,71300661,ACA NEOGEO THE KING OF FIGHTERS 2002,4,0.0048
1132,2144204141,Achilles: Survivor,4,0.0048
1133,1850945804,Age of Empires III: Definitive Edition,4,0.0048
1134,1743279702,Arma Reforger - Experimental,4,0.0048
1135,2030524086,As Dusk Falls,4,0.0048
1136,1431505070,Assassin's Creed® III ,4,0.0048
1137,1431505102,Assassin's Creed® Rogue,4,0.0048
1138,1431505090,Assassin’s Creed® IV,4,0.0048
1139,634298669,Bad North: Jotunn Edition,4,0.0048
1140,1852580050,Barbie Project Friendship™,4,0.0048
1141,1823385601,Bassmaster® Fishing,4,0.0048
1142,1801055182,Bounty Star,4,0.0048
1143,1161889756,Burnout Revenge,4,0.0048
1144,2029431164,Bus Bound,4,0.0048
1145,1161889850,C&C3: Kane's Wrath,4,0.0048
1146,1673223107,Call of the Sea,4,0.0048
1147,1802600743,Capcom Arcade Stadium,4,0.0048
1148,1885205020,Cash Cleaner Simulator,4,0.0048
1149,1625569842,Choo-Choo Charles,4,0.0048
1150,728813194,Citadel: Forged with Fire,4,0.0048
1151,1777786002,Commandos: Origins,4,0.0048
1152,400142602,Costume Quest 2,4,0.0048
1153,2019604779,Cricket 26 - The Official Game of the Ashes,4,0.0048
1154,1858458524,Crisol: Theater of Idols,4,0.0048
1155,1631581287,Cronos: The New Dawn,4,0.0048
1156,1161890152,Crysis,4,0.0048
1157,1885511808,Date Everything!,4,0.0048
1158,406842057,Dead Rising,4,0.0048
1159,1112934422,Disney Epic Mickey 2: The Power of Two,4,0.0048
1160,1062046240,Divinity: Original Sin - Enhanced Edition,4,0.0048
1161,1767994732,Dragonkin: The Banished,4,0.0048
1162,439107693,Dungeon Defenders II,4,0.0048
1163,1797553917,DYNASTY WARRIORS: ORIGINS,4,0.0048
1164,374274123,EA SPORTS™ NHL® 19,4,0.0048
1165,12206284,eFootball PES 2020,4,0.0048
1166,1662474270,Eternal Strands,4,0.0048
1167,2015929879,Evil Dead: The Game,4,0.0048
1168,1464993747,F.E.A.R. 2,4,0.0048
1169,1952256197,F1 2020,4,0.0048
1170,1801537563,F1® 2021,4,0.0048
1171,1885859783,FATAL FURY: City of the Wolves,4,0.0048
1172,885797626,Fishing Sim World®: Pro Tour,4,0.0048
1173,1790217657,Five Nights at Freddy's 4,4,0.0048
1174,1864215620,Five Nights at Freddy's: Help Wanted,4,0.0048
1175,1743565876,Five Nights at Freddy's: Secret of the Mimic,4,0.0048
1176,1702196563,Frostpunk 2,4,0.0048
1177,1683674669,Ghostbusters: Spirits Unleashed Ecto Edition,4,0.0048
1178,1663990634,GigaBash,4,0.0048
1179,1297287142,Halo 3,4,0.0048
1180,1480657520,Harms Way,4,0.0048
1181,2062957237,Hell Let Loose: Vietnam,4,0.0048
1182,1719232621,Hello Guest: Hello Neighbor 2 pre-alpha,4,0.0048
1183,1993022209,Hi-Fi RUSH,4,0.0048
1184,1802207786,HOT WHEELS UNLEASHED™ - Windows Edition,4,0.0048
1185,964019698,Immortals Fenyx Rising™,4,0.0048
1186,1480657557,Iron Brigade,4,0.0048
1187,1611225628,JDM: Japanese Drift Master,4,0.0048
1188,850034103,Killer Instinct 2 Classic,4,0.0048
1189,1480657497,Lara Croft: GoL,4,0.0048
1190,1843760263,LEGO® 2K Drive for Xbox Series X|S,4,0.0048
1191,1615223185,Liquor Store Simulator,4,0.0048
1192,1297287162,Lost Odyssey,4,0.0048
1193,717669198,Madden NFL 19,4,0.0048
1194,148078765,Madden NFL 20,4,0.0048
1195,333701857,Mega Man X Legacy Collection,4,0.0048
1196,2017826215,METAL GEAR SOLID 2: Sons of Liberty - Master Collection Version,4,0.0048
1197,1714660110,Microsoft Bubble,4,0.0048
1198,2136035101,Monopoly Madness,4,0.0048
1199,1998994208,Monster Energy Supercross - The Official Videogame 3,4,0.0048
1200,1931921361,Monster Energy Supercross - The Official Videogame 5,4,0.0048
1201,1867295360,Monster Sanctuary,4,0.0048
1202,1957255658,MORDHAU,4,0.0048
1203,1679589975,Mortal Shell: Enhanced Edition,4,0.0048
1204,1693003201,MotoGP™25 - Xbox One,4,0.0048
1205,2021005220,MotoGP™26,4,0.0048
1206,1070680307,MudRunner,4,0.0048
1207,893913058,MX Unleashed,4,0.0048
1208,185283316,MX vs ATV Reflex,4,0.0048
1209,1414596574,MX vs. ATV: Untamed,4,0.0048
1210,1833175061,MXGP 2019 - The Official Motocross Videogame,4,0.0048
1211,803175056,MXGP PRO,4,0.0048
1212,1966816764,My Friend Pedro,4,0.0048
1213,1676550189,MY HERO ONE'S JUSTICE 2,4,0.0048
1214,593565047,MY HERO ONE’S JUSTICE,4,0.0048
1215,469309830,NARUTO™: Ultimate Ninja® STORM,4,0.0048
1216,1480659436,NBA JAM: On Fire Edition,4,0.0048
1217,2105140633,NieR Replicant ver.1.22474487139...,4,0.0048
1218,340920273,Overcooked,4,0.0048
1219,2029650168,Overthrown,4,0.0048
1220,2048381683,PAC-MAN WORLD Re-PAC,4,0.0048
1221,1297287123,Perfect Dark Zero,4,0.0048
1222,838746653,Phoenix Wright: Ace Attorney Trilogy,4,0.0048
1223,757817533,PRO EVOLUTION SOCCER 2019,4,0.0048
1224,1696173302,RIDE 4,4,0.0048
1225,816351210,Risk: Urban Assault,4,0.0048
1226,2021110805,Roblox - Not Supported,4,0.0048
1227,1889456287,Roller Champions™,4,0.0048
1228,2048545274,Rubber Bandits,4,0.0048
1229,1823082250,Sally Face,4,0.0048
1230,1779343248,Sclash,4,0.0048
1231,2032369368,Scott Pilgrim vs. The World™: The Game – Complete Edition,4,0.0048
1232,2112462799,Sengoku Dynasty,4,0.0048
1233,2018103228,Ship of Fools,4,0.0048
1234,1911536653,Slots & Daggers,4,0.0048
1235,269700535,Sniper Elite 3,4,0.0048
1236,1692656490,SNIPER Ghost Warrior 3,4,0.0048
1237,1928322650,Snooker Blitz,4,0.0048
1238,1633152429,SONIC SUPERSTARS,4,0.0048
1239,1898652037,SOUTH PARK: SNOW DAY!,4,0.0048
1240,1414596688,SpongeBob: Truth-Sq.,4,0.0048
1241,1161890157,SSX,4,0.0048
1242,1112934452,STAR WARS KOTOR,4,0.0048
1243,1663285336,STAR WARS™: Bounty Hunter™,4,0.0048
1244,2000011414,Starlit Adventures,4,0.0048
1245,1940560837,Sudden Strike 5,4,0.0048
1246,90400189,SUPER BOMBERMAN R,4,0.0048
1247,2003002635,Survival: Foutain of Youth - Captain's Edition,4,0.0048
1248,1793267614,Techtonica (Game Preview),4,0.0048
1249,1047413393,TERA,4,0.0048
1250,1691117579,Terminator 2D: NO FATE,4,0.0048
1251,1719207328,TERMINATOR: RESISTANCE - COMPLETE EDITION,4,0.0048
1252,213257000,TerraTech,4,0.0048
1253,1701212022,The Jackbox Party Pack 8,4,0.0048
1254,1675444836,The Talos Principle 2,4,0.0048
1255,1628698678,Thief Simulator,4,0.0048
1256,1480657242,Trials HD,4,0.0048
1257,2047601430,Truck and Logistics Simulator,4,0.0048
1258,1860058296,TT Isle Of Man: Ride on the Edge 3,4,0.0048
1259,2050010864,Two Point Hospital™,4,0.0048
1260,1937610303,Two Point Museum,4,0.0048
1261,1634720918,Ultimate Custom Night,4,0.0048
1262,1754770560,Unicorn Overlord,4,0.0048
1263,1211542442,Valiant Hearts: The Great War,4,0.0048
1264,1654418819,Vampire Hunters,4,0.0048
1265,1774337609,Vampire: The Masquerade® - Bloodlines™ 2,4,0.0048
1266,2075589952,"Warhammer 40,000: Boltgun - Windows",4,0.0048
1267,2030027058,Wartales,4,0.0048
1268,271965907,Wasteland 3,4,0.0048
1269,1816197116,Wheel World,4,0.0048
1270,1707142453,WWE 2K23,4,0.0048
1271,1917938753,Yakuza 0,4,0.0048
1272,969381141,A Plague Tale: Innocence,3,0.0036
1273,2023402980,Achilles: Legends Untold,3,0.0036
1274,1397033002,Aliens vs Predator,3,0.0036
1275,1808134657,ANNO : Mutationem,3,0.0036
1276,1798477678,AO Tennis 2,3,0.0036
1277,244952910,Aragami: Shadow Edition,3,0.0036
1278,274976276,ARCADE GAME SERIES: PAC-MAN,3,0.0036
1279,1616326452,Arcadegeddon,3,0.0036
1280,132590840,Assassin's Creed® Chronicles: India,3,0.0036
1281,2042945112,Atomicrops,3,0.0036
1282,2140283055,Baldur's Gate and Baldur's Gate II: Enhanced Editions,3,0.0036
1283,364804937,BATTLESHIP®,3,0.0036
1284,2070921614,Bayonetta,3,0.0036
1285,1024154899,Boggle,3,0.0036
1286,231858691,Bomber Crew,3,0.0036
1287,1865197952,Boomerang Fu,3,0.0036
1288,1986852796,Brews & Bastards,3,0.0036
1289,189838548,Bus Simulator,3,0.0036
1290,2077036451,Cake Bash,3,0.0036
1291,1096157137,Call of Duty® 2,3,0.0036
1292,1096157153,Call of Duty® 3,3,0.0036
1293,1480656960,Carcassonne,3,0.0036
1294,870299798,Carnival Games®,3,0.0036
1295,287508507,Casey Powell Lacrosse 18,3,0.0036
1296,1480656967,Castlevania: SOTN,3,0.0036
1297,1850252450,Chef's Journey: Cooking Adventures,3,0.0036
1298,1967883584,Chorus,3,0.0036
1299,206503430,Clustertruck,3,0.0036
1300,1790537707,Core Keeper,3,0.0036
1301,1414596758,Darksiders II,3,0.0036
1302,1886320845,DAVE THE DIVER,3,0.0036
1303,1619542068,Dawn of Man,3,0.0036
1304,502883447,Dead Island Retro Revenge,3,0.0036
1305,320506923,Dead Rising 2,3,0.0036
1306,1690468494,DEATHLOOP,3,0.0036
1307,1480657049,Domino Master,3,0.0036
1308,1894948980,Dreamcore,3,0.0036
1309,242301355,EA SPORTS™ NHL® 16,3,0.0036
1310,134413498,EA SPORTS™ NHL® 18,3,0.0036
1311,1146095621,Earth Defense Force 2025,3,0.0036
1312,1146095571,EDF 2017,3,0.0036
1313,1480659518,Far Cry Classic,3,0.0036
1314,1431504912,Far Cry® 2,3,0.0036
1315,1997023214,FINAL FANTASY IX,3,0.0036
1316,1757807931,FINAL FANTASY TACTICS - The Ivalice Chronicles,3,0.0036
1317,607966981,FINAL FANTASY VII,3,0.0036
1318,1926605815,Funko Fusion,3,0.0036
1319,2036291363,Garten of Banban 8: Anti Devil,3,0.0036
1320,488156801,GreedFall,3,0.0036
1321,1129121860,GRID 2,3,0.0036
1322,2020925056,Grim Dawn: Definitive Edition,3,0.0036
1323,682562723,Halo: Spartan Assault,3,0.0036
1324,1927102516,Herdling,3,0.0036
1325,1480656849,Hexic HD,3,0.0036
1326,2093028006,Hole io,3,0.0036
1327,1660075534,Hunting Simulator 2,3,0.0036
1328,1396901863,Just Cause 2,3,0.0036
1329,1297287122,Kameo,3,0.0036
1330,42119495,Killer Instinct Classic,3,0.0036
1331,1857859131,Lara Croft and the Temple of Osiris,3,0.0036
1332,1005561191,LEGO® Indiana Jones™ 2,3,0.0036
1333,1898106366,Little Ralph - Trial,3,0.0036
1334,1987951399,Lonely Mountains: Downhill,3,0.0036
1335,2081039845,Lost in Random: The Eternal Die,3,0.0036
1336,1891684356,Lost in Random™,3,0.0036
1337,2014880780,Madden NFL 17,3,0.0036
1338,506903100,Madden NFL 18,3,0.0036
1339,1687910025,Mahjong by Microsoft,3,0.0036
1340,2110974782,MARVEL vs. CAPCOM Fighting Collection: Arcade Classics,3,0.0036
1341,1414793292,Max Payne,3,0.0036
1342,1414793291,Max Payne® 2: The Fall of Max Payne,3,0.0036
1343,1955779192,MechWarrior 5: Clans,3,0.0036
1344,1535750831,Mega Man® Legacy Collection,3,0.0036
1345,1906672574,Middle-earth™: Shadow of Mordor™,3,0.0036
1346,1906370210,Minecraft: Java Edition,3,0.0036
1347,1824138520,Mirror's Edge™ Catalyst,3,0.0036
1348,2022357971,Monster Energy Supercross - The Official Videogame 4,3,0.0036
1349,505222320,Monster Jam Steel Titans,3,0.0036
1350,703886774,Monster Jam: Crush It!,3,0.0036
1351,311896559,Mount & Blade: Warband,3,0.0036
1352,1948147176,Moving Out,3,0.0036
1353,1634565765,NHL® 94 REWIND,3,0.0036
1354,1696832928,NHRA Championship Drag Racing: Speed For All,3,0.0036
1355,2021405472,Nickelodeon Kart Racers 2: Grand Prix,3,0.0036
1356,1650638194,Ocean Oddities,3,0.0036
1357,2132252311,Olympic Games Tokyo 2020 – The Official Video Game™,3,0.0036
1358,521893123,ONE PIECE World Seeker,3,0.0036
1359,1893912101,Party Panic,3,0.0036
1360,1912801032,PAW Patrol The Movie: Adventure City Calls,3,0.0036
1361,1877956827,Peppa Pig: World Adventures,3,0.0036
1362,2030792699,PGA TOUR 2K21,3,0.0036
1363,1632843296,Pillars of Eternity II: Deadfire - Ultimate Edition,3,0.0036
1364,1432033734,Pinball Arcade,3,0.0036
1365,1893542225,PIPE by BMX Streets,3,0.0036
1366,1702524932,Power Rangers: Battle for the Grid,3,0.0036
1367,2002584553,Puzzle Quest 3,3,0.0036
1368,605857900,Quiplash,3,0.0036
1369,583196255,RAGE,3,0.0036
1370,1629830364,Rayman: 30th Anniversary Edition,3,0.0036
1371,1897447749,ReactorX,3,0.0036
1372,1827805096,Relic Hunters Legend,3,0.0036
1373,2056655762,Remnant: From the Ashes,3,0.0036
1374,1883914934,RENNSPORT,3,0.0036
1375,1005790042,Resident Evil 7 Teaser: Beginning Hour,3,0.0036
1376,472512000,Resident Evil Revelations,3,0.0036
1377,950358266,Ride 2,3,0.0036
1378,474501413,RIDE 3,3,0.0036
1379,2025898879,Rugby 22 Xbox Series X|S,3,0.0036
1380,1723211080,Rune Dice,3,0.0036
1381,2068415611,Rust Console Edition - Public Test Branch,3,0.0036
1382,1889657958,S.T.A.L.K.E.R.: Call of Prypiat - Enhanced Edition,3,0.0036
1383,1753316980,Sanicball Xbox version,3,0.0036
1384,2073736638,Scrabble,3,0.0036
1385,1691013379,Secret Neighbor,3,0.0036
1386,1480657777,Sega Vintage Collection: Streets of Rage,3,0.0036
1387,1931911684,Shredders,3,0.0036
1388,1161889919,Skate 2,3,0.0036
1389,1955054478,Smalland: Survive the Wilds,3,0.0036
1390,1864659895,Sniper Ghost Warrior Contracts 2,3,0.0036
1391,1836687833,Sonic Colors: Ultimate,3,0.0036
1392,1646985614,Space Jam: A New Legacy - The Game,3,0.0036
1393,778803087,Spacelords,3,0.0036
1394,2051631747,Spectre Divide,3,0.0036
1395,1480657342,Spelunky,3,0.0036
1396,1112934375,Split/Second,3,0.0036
1397,2002882362,Squirrel with a Gun,3,0.0036
1398,1636452571,SRX: The Game,3,0.0036
1399,155936527,Street Fighter 30th Anniversary Collection,3,0.0036
1400,1617919722,SUPER BOMBERMAN COLLECTION,3,0.0036
1401,585971749,Super Mega Baseball 2,3,0.0036
1402,1933264626,Survivalist: Invisible Strain,3,0.0036
1403,405775731,Surviving Mars,3,0.0036
1404,1629734223,Tale of Dark Lands,3,0.0036
1405,1624769204,Talisman: Digital Edition,3,0.0036
1406,1718047845,Tannenberg,3,0.0036
1407,1788169756,Taxi Life: A City Driving Simulator,3,0.0036
1408,1480656886,Texas Hold'em,3,0.0036
1409,1968679051,The Cabin Factory,3,0.0036
1410,2036345770,The Dark Pictures Anthology House of Ashes,3,0.0036
1411,1731548634,The Dark Pictures Anthology: Little Hope,3,0.0036
1412,890454034,The Dark Pictures Anthology: Man Of Medan,3,0.0036
1413,1668285033,The Exit 8,3,0.0036
1414,610345881,The Jackbox Party Pack,3,0.0036
1415,39069682,The Jackbox Party Pack 2,3,0.0036
1416,1987184613,The Jackbox Party Pack 9,3,0.0036
1417,1637976314,The Jackbox Survey Scramble,3,0.0036
1418,1983809908,The Precinct,3,0.0036
1419,635298240,"The Walking Dead: Michonne - Ep. 1, In Too Deep",3,0.0036
1420,1480657132,Ticket to Ride,3,0.0036
1421,1737329553,Total War: Warhammer III (Old Version),3,0.0036
1422,1630747846,Tour de France 2025,3,0.0036
1423,2125289543,TRANSFORMERS™: Devastation,3,0.0036
1424,1763653276,Transport Fever 2: Console Edition,3,0.0036
1425,1851490214,Tribes of Midgard,3,0.0036
1426,1848191014,TUNIC,3,0.0036
1427,1749676903,Two Point Campus,3,0.0036
1428,2060146885,Unspottable,3,0.0036
1429,449394673,Vampyr,3,0.0036
1430,680908276,Viva Piñata: TIP,3,0.0036
1431,2119315223,Void Crew,3,0.0036
1432,1807860559,Werewolf: The Apocalypse - Earthblood,3,0.0036
1433,861949148,What Remains of Edith Finch,3,0.0036
1434,496534680,Wolfenstein: Youngblood,3,0.0036
1435,2082469716,Word Quest: Horror,3,0.0036
1436,1900124001,WRC 10 FIA World Rally Championship Xbox One,3,0.0036
1437,659391373,WWE 2K16,3,0.0036
1438,566278,WWE 2K17,3,0.0036
1439,981110874,WWE 2K18,3,0.0036
1440,531971604,WWE 2K19,3,0.0036
1441,1849227144,WWE 2K20,3,0.0036
1442,1926334123,Yakuza Kiwami 3 & Dark Ties,3,0.0036
1443,1791400679,Yakuza: Like a Dragon,3,0.0036
1444,2073237270,60 Parsecs!,2,0.0024
1445,2007033271,80's OVERDRIVE,2,0.0024
1446,1722019576,9th Dawn Remake,2,0.0024
1447,2002870555,A Little to the Left,2,0.0024
1448,161766155,ACA NEOGEO ART OF FIGHTING 2,2,0.0024
1449,390641336,ACA NEOGEO METAL SLUG,2,0.0024
1450,219620906,ADIOS Amigos,2,0.0024
1451,433738637,Adventure Time: Pirates of the Enchiridion,2,0.0024
1452,1915969143,AFL 23,2,0.0024
1453,579423182,Agony,2,0.0024
1454,1792749432,Alan Wake Remastered,2,0.0024
1455,1742707305,Ambulance Life: A Paramedic Simulator,2,0.0024
1456,880413309,Amnesia: Collection,2,0.0024
1457,1975041917,Amnesia: The Bunker,2,0.0024
1458,1950164627,Antstream Arcade - Annual,2,0.0024
1459,2130794071,Apollo Justice: Ace Attorney Trilogy,2,0.0024
1460,588577476,ARCADE GAME SERIES: GALAGA,2,0.0024
1461,759471095,ARCADE GAME SERIES: Ms. PAC-MAN,2,0.0024
1462,1741728886,Arcade Paradise,2,0.0024
1463,1431505017,Assassin's Creed Revelations,2,0.0024
1464,100154526,Baja: Edge of Control HD,2,0.0024
1465,1614240330,Baldur's Gate: Dark Alliance,2,0.0024
1466,1297287149,Banjo Kazooie: N n B,2,0.0024
1467,1136549309,Battlefield 4™ Community Test Environment,2,0.0024
1468,1161889785,Battlefield: Bad Company,2,0.0024
1469,652523540,Battlezone Gold Edition,2,0.0024
1470,2024847837,Bee Simulator,2,0.0024
1471,2106780142,Beneath,2,0.0024
1472,1776284292,Beyond Words,2,0.0024
1473,1639963506,BlackJack 21 Pro!,2,0.0024
1474,1714151217,Blair Witch,2,0.0024
1475,1661717515,Blood Bowl 3,2,0.0024
1476,2122418461,Bratz® Rhythm & Style,2,0.0024
1477,1965847665,BRAVELY DEFAULT FLYING FAIRY HD Remaster,2,0.0024
1478,1914086330,Broforce,2,0.0024
1479,232457702,Broken Age,2,0.0024
1480,364252200,Broken Sword 5 - the Serpent’s Curse,2,0.0024
1481,1810243569,Brothers: A Tale of Two Sons Remake,2,0.0024
1482,1161889989,Brütal Legend,2,0.0024
1483,1697279233,Bubsy 4D,2,0.0024
1484,2136950563,Bugsnax,2,0.0024
1485,84648031,Bulletstorm: Full Clip Edition,2,0.0024
1486,1161889798,Burnout Paradise,2,0.0024
1487,1636606847,Call of Duty®: Modern Warfare® - Digital Standard Edition (Windows),2,0.0024
1488,2098202394,Candy Crush Saga,2,0.0024
1489,1965711939,Capcom Fighting Collection 2,2,0.0024
1490,2014729842,Car For Sale Simulator 2023,2,0.0024
1491,2008066354,Car Mechanic Simulator,2,0.0024
1492,1480659655,Castle of Illusion,2,0.0024
1493,1480657530,Castlevania HD,2,0.0024
1494,2055495747,Cats and Seek : Tokyo,2,0.0024
1495,1631654404,Chants of Sennaar (Windows),2,0.0024
1496,1655404846,City Transport Simulator 2026,2,0.0024
1497,1096157460,COD: Advanced Warfare,2,0.0024
1498,1941723837,Coffee Talk Episode 2: Hibiscus and Butterfly,2,0.0024
1499,1729654407,Company of Heroes 3,2,0.0024
1500,370169912,Contrast,2,0.0024
1501,1480659546,Counter-Strike: GO,2,0.0024
1502,1297287249,Crimson Skies®: High Road to Revenge™,2,0.0024
1503,2004939306,Crysis 3 Remastered,2,0.0024
1504,1946372542,Cubic Odyssey,2,0.0024
1505,217802058,Darkest Dungeon®,2,0.0024
1506,856892583,Darksiders II Deathinitive Edition,2,0.0024
1507,524859112,Darksiders III,2,0.0024
1508,1867293778,Darwin Project,2,0.0024
1509,2017702583,Dauntless,2,0.0024
1510,1959842755,Death's Door,2,0.0024
1511,1992367075,Death Howl,2,0.0024
1512,376779456,Death Road to Canada,2,0.0024
1513,1736409202,DEEEER Simulator: Your Average Everyday Deer Game,2,0.0024
1514,1480657099,Defense Grid,2,0.0024
1515,577546632,Destroy All Humans! (2005),2,0.0024
1516,1628098590,Destroy All Humans! 2 - Reprobed,2,0.0024
1517,1980683662,DISORDER for Xbox,2,0.0024
1518,1951675244,DJMAX RESPECT V,2,0.0024
1519,2061746629,Don't Starve: Giant Edition,2,0.0024
1520,1161890059,Dragon Age™ 2,2,0.0024
1521,1953182469,DRAGON QUEST® XI S: Echoes of an Elusive Age™ - Definitive Edition,2,0.0024
1522,1431505022,Driver San Francisco,2,0.0024
1523,2028637067,Drug Dealer Simulator,2,0.0024
1524,1710086859,Ducky Dash,2,0.0024
1525,1891276362,Dungeon Clawler,2,0.0024
1526,531404425,DYNASTY WARRIORS 9,2,0.0024
1527,2078793582,DYSMANTLE,2,0.0024
1528,2049241881,Entropy Survivors,2,0.0024
1529,1880860626,Escape Academy,2,0.0024
1530,1989956835,Evolve,2,0.0024
1531,2089461712,Expeditions: A MudRunner Game,2,0.0024
1532,1448413145,F.E.A.R.,2,0.0024
1533,1464993792,F.E.A.R. 3,2,0.0024
1534,1804401706,F1® 22 Xbox Series X|S,2,0.0024
1535,2062455421,Fernbus Simulator,2,0.0024
1536,1733492292,Finding Frankie,2,0.0024
1537,1613695074,Five Nights at Freddy's 3,2,0.0024
1538,1835944487,Five Nights at Freddy's Into the Pit,2,0.0024
1539,1805284872,Five Nights at Freddy's: Help Wanted 2,2,0.0024
1540,67961945,FlatOut 4 : Total Insanity,2,0.0024
1541,1770590742,Football Manager 2024 Console,2,0.0024
1542,1877135456,Freddy Fazbear's Pizzeria Simulator,2,0.0024
1543,2043510457,Friends vs Friends,2,0.0024
1544,1480656915,Frogger,2,0.0024
1545,1711556027,Garten of Banban 2,2,0.0024
1546,1702713376,Genesis Noir,2,0.0024
1547,1480656877,Geometry Wars Evolved,2,0.0024
1548,2060421795,Ghost Hunter Simulator,2,0.0024
1549,1700344676,Ghostbusters: The Video Game Remastered,2,0.0024
1550,476517807,Gravel,2,0.0024
1551,2143007580,Great God Grove,2,0.0024
1552,1755179727,Grim Fandango Remastered,2,0.0024
1553,453673951,Guitar Hero Live,2,0.0024
1554,1936375380,Gungrave G.O.R.E,2,0.0024
1555,1297287449,Halo 4,2,0.0024
1556,1297287601,Halo: Combat Evolved Anniversary,2,0.0024
1557,1880214966,Hello Neighbor: Hide and Seek,2,0.0024
1558,2102232082,Heretic + Hexen,2,0.0024
1559,2026289722,Heroes of Might and Magic: Olden Era (Game Preview),2,0.0024
1560,1698046377,Highway Police Simulator,2,0.0024
1561,2113165348,Hoa,2,0.0024
1562,758563081,Horizon Chase Turbo,2,0.0024
1563,1480657258,Hydro Thunder,2,0.0024
1564,1645849823,I Wanna Be Car,2,0.0024
1565,1686154202,Indoor Kickball,2,0.0024
1566,1480656891,Jetpac Refuelled,2,0.0024
1567,1761650717,Jewel Fever,2,0.0024
1568,1906459372,Judgment,2,0.0024
1569,1974645006,Killer Frequency,2,0.0024
1570,1055556936,Kingdom New Lands,2,0.0024
1571,2145258670,Kiosk,2,0.0024
1572,70112963,Knight Squad,2,0.0024
1573,389571069,LEGO® Dimensions™,2,0.0024
1574,1464993821,LEGO® Lord of the Rings™,2,0.0024
1575,2002613703,Lethal League Blaze,2,0.0024
1576,1925242158,Library Of Ruina,2,0.0024
1577,149149959,Lies Of Astaroth,2,0.0024
1578,575414105,Life is Strange 2 - Episode 1,2,0.0024
1579,2016417527,Life is Strange Remastered,2,0.0024
1580,542819315,Life is Strange: Before the Storm Episode 1,2,0.0024
1581,2119300209,Life is Strange: Double Exposure,2,0.0024
1582,1655517847,Like a Dragon Gaiden: The Man Who Erased His Name,2,0.0024
1583,1900298867,Little Bear,2,0.0024
1584,2111359330,Loan Shark,2,0.0024
1585,1886840872,Loop Hero,2,0.0024
1586,28152906,Lovers in a Dangerous Spacetime,2,0.0024
1587,2020925735,Make Way,2,0.0024
1588,1918742857,Mars Horizon,2,0.0024
1589,1923279922,Marvel's Guardians of the Galaxy,2,0.0024
1590,1884916396,MARVEL MaXimum Collection,2,0.0024
1591,1297287144,Mass Effect,2,0.0024
1592,1941838752,MELTY BLOOD: TYPE LUMINA,2,0.0024
1593,2049727100,METAL GEAR SOLID - Master Collection Version,2,0.0024
1594,650249872,Metal Gear Solid V: Ground Zeroes,2,0.0024
1595,1766280986,METAL SLUG ATTACK RELOADED,2,0.0024
1596,1889321756,Microsoft Minesweeper,2,0.0024
1597,1620704918,Minami Lane,2,0.0024
1598,1869122946,MONOPOLY DEAL,2,0.0024
1599,1864843444,Monopoly: Star Wars™ Heroes vs. Villains,2,0.0024
1600,731662901,Monster Energy Supercross - The Official Videogame,2,0.0024
1601,1960491525,Morbid: The Lords of Ire,2,0.0024
1602,1480657679,Motocross Madness,2,0.0024
1603,1679173794,MotoGP™21,2,0.0024
1604,1768155647,Mr. T-Shirt,2,0.0024
1605,2031634495,Mutant Football League 2,2,0.0024
1606,1817032347,My Little Pony: A Zephyr Heights Mystery,2,0.0024
1607,1991467401,My Little Universe,2,0.0024
1608,2040686890,My Time at Sandrock,2,0.0024
1609,607267025,N++ (NPLUSPLUS),2,0.0024
1610,1759805434,Narita Boy,2,0.0024
1611,498956148,NASCAR Heat 2,2,0.0024
1612,971220532,NBA 2K Playgrounds 2,2,0.0024
1613,778400368,NBA 2K14,2,0.0024
1614,1882866745,NBA BOUNCE,2,0.0024
1615,2076732337,Necromunda: Hired Gun (Windows),2,0.0024
1616,961593710,NHL® 20,2,0.0024
1617,304932652,NHL® 21,2,0.0024
1618,1757462338,Ni no Kuni Wrath of the White Witch™ Remastered,2,0.0024
1619,1624572870,Ni no Kuni™ II: Revenant Kingdom - The Prince's Edition,2,0.0024
1620,1887596214,Nickelodeon All-Star Brawl,2,0.0024
1621,594585699,Nidhogg 2,2,0.0024
1622,125341318,Night in the Woods,2,0.0024
1623,1059087507,Octodad: Dadliest Catch,2,0.0024
1624,1941002186,ON THE ROAD - The Truck Simulator,2,0.0024
1625,2128854962,One Lonely Outpost,2,0.0024
1626,1964152695,OneShot: World Machine Edition,2,0.0024
1627,1661545526,Orcs Must Die! 3,2,0.0024
1628,2113498820,Order 13,2,0.0024
1629,817391198,Outcast - Second Contact,2,0.0024
1630,2002349228,OVERPASS™,2,0.0024
1631,676432066,PAC-MAN™ CHAMPIONSHIP EDITION 2,2,0.0024
1632,1828865417,PAC-PAC,2,0.0024
1633,2011093308,Pacify,2,0.0024
1634,2089042924,Paleo Pines,2,0.0024
1635,1802714933,Pathfinder: Wrath of the Righteous,2,0.0024
1636,1805770178,PAW Patrol Mighty Pups Save Adventure Bay,2,0.0024
1637,2100880776,Pentiment,2,0.0024
1638,1698508835,PGA TOUR 2K25 First Look,2,0.0024
1639,1960926264,Phoenix Point,2,0.0024
1640,1606375163,Pinball FX3,2,0.0024
1641,487177805,Prison Architect: Xbox One Edition,2,0.0024
1642,1731967517,Prison Escape Simulator,2,0.0024
1643,116849471,Pro Evolution Soccer 2017,2,0.0024
1644,838726055,PRO EVOLUTION SOCCER 2018,2,0.0024
1645,2147115693,Project Wingman,2,0.0024
1646,1745314691,Psychonauts 2,2,0.0024
1647,1715636420,Pummel Party,2,0.0024
1648,2019100575,Puzzle Galaxy Xbox Edition,2,0.0024
1649,2114908664,Quarantine Zone: The Last Check,2,0.0024
1650,1743961068,Race The Sun,2,0.0024
1651,914276891,RAGE 2,2,0.0024
1652,2052095073,Ravenswatch,2,0.0024
1653,1431505091,Rayman® Legends,2,0.0024
1654,1761751232,ReactorX 2,2,0.0024
1655,1128466466,RESIDENT EVIL CODE: Veronica X,2,0.0024
1656,2065674944,Resident Evil Re:Verse,2,0.0024
1657,802418004,RESIDENT EVIL RESISTANCE,2,0.0024
1658,826442297,Road Rage,2,0.0024
1659,1806655067,RollerCoaster Tycoon Classic,2,0.0024
1660,2087135005,Royal Revolt Survivors,2,0.0024
1661,1804278141,Rugby 22 Xbox One,2,0.0024
1662,1704562600,Rugby 25,2,0.0024
1663,1770389828,Rune Factory: Guardians of Azuma,2,0.0024
1664,1734582052,S.T.A.L.K.E.R.: Shadow of Chornobyl - Enhanced Edition,2,0.0024
1665,2054178211,SAMURAI SHODOWN (Standard Ver.),2,0.0024
1666,1628932021,Scott Pilgrim EX,2,0.0024
1667,1979417101,SD GUNDAM BATTLE ALLIANCE,2,0.0024
1668,303584158,Sea of Solitude,2,0.0024
1669,1726081569,Seal: WHAT the FUN,2,0.0024
1670,1480657539,SEGA Bass Fishing,2,0.0024
1671,1060097466,Serious Sam Collection,2,0.0024
1672,1953391836,Shadowrun Returns,2,0.0024
1673,865750499,Shantae: Half-Genie Hero,2,0.0024
1674,1414793256,Sid Meier's Pirates!,2,0.0024
1675,1263405125,Silent Hill:  HD Collection,2,0.0024
1676,1785888386,Snake.io,2,0.0024
1677,1885214706,Snooker 19,2,0.0024
1678,1649097896,SnowRunner - Windows,2,0.0024
1679,1907729638,Solasta: Crown of the Magister,2,0.0024
1680,1813223937,SongPop Party,2,0.0024
1681,1480659441,Sonic CD,2,0.0024
1682,1480659985,SOULCALIBUR II HD,2,0.0024
1683,1480657485,Space Invaders: IG,2,0.0024
1684,1414793283,Spec Ops: The Line,2,0.0024
1685,1943663664,SpellForce III Reforced,2,0.0024
1686,196851457,Spike Volleyball,2,0.0024
1687,1712871656,Spirit Hunters: Infinite Horde,2,0.0024
1688,1734092917,Spirit of the North: Enhanced Edition,2,0.0024
1689,1431504907,SplinterCellConviction,2,0.0024
1690,1161890298,SSX 3,2,0.0024
1691,1480657523,Stacking,2,0.0024
1692,2010543124,Star Trek: Voyager - Across the Unknown,2,0.0024
1693,1883232264,STAR WARS™ Episode I Racer,2,0.0024
1694,2009073182,Steelrising - Standard Edition,2,0.0024
1695,1016114215,Steven Universe: Save the Light,2,0.0024
1696,2079765251,Streets of Rogue,2,0.0024
1697,1895471502,Stubbs the Zombie in Rebel Without a Pulse,2,0.0024
1698,1675190546,Stunt Paradise,2,0.0024
1699,19615130,Super Mega Baseball: Extra Innings,2,0.0024
1700,365797379,Supreme Commander 2,2,0.0024
1701,1982740887,Surviving Mars: Relaunched,2,0.0024
1702,1918884435,Sword of the Vagrant,2,0.0024
1703,1768536074,Symphonia 𝄞,2,0.0024
1704,1779181957,Tavern Manager Simulator,2,0.0024
1705,1431504880,TC's GRAW2,2,0.0024
1706,1431504854,TC's RainbowSix Vegas,2,0.0024
1707,1825800558,Temtem,2,0.0024
1708,2101116288,Tennis Elbow 4,2,0.0024
1709,972022825,Tetris® Ultimate,2,0.0024
1710,706437546,The Awesome Adventures of Captain Spirit,2,0.0024
1711,1774362586,The Backrooms 1998,2,0.0024
1712,1891258006,The Bard's Tale ARPG : Remastered and Resnarkled,2,0.0024
1713,2016552136,The Catch: Carp & Coarse Fishing,2,0.0024
1714,1414793198,The Darkness,2,0.0024
1715,1688839217,The Elder Scrolls V: Skyrim Special Edition (PC),2,0.0024
1716,2104181770,The First Berserker: Khazan,2,0.0024
1717,1005415207,The Golf Club 2019 featuring PGA TOUR,2,0.0024
1718,2013672301,The Gunk,2,0.0024
1719,1811248495,The Jackbox Party Pack 10,2,0.0024
1720,1746975118,The Jackbox Party Pack 11,2,0.0024
1721,2073554022,The Jackbox Party Starter,2,0.0024
1722,1930789000,The Last Oricru - Final Cut,2,0.0024
1723,605741753,The LEGO Movie 2 Videogame,2,0.0024
1724,20605635,The Surge,2,0.0024
1725,2031756340,They Are Billions,2,0.0024
1726,2127247278,Thief Simulator 2,2,0.0024
1727,2108611710,TIEBREAK – GRAND SLAM EDITION,2,0.0024
1728,467118163,Titan Quest,2,0.0024
1729,1683840789,Tomb Raider IV-VI Remastered,2,0.0024
1730,1673810447,Tony Stewart's All-American Racing,2,0.0024
1731,1297287134,Too Human,2,0.0024
1732,1832512217,Townscaper,2,0.0024
1733,1910952414,TRIALS of MANA,2,0.0024
1734,716478832,TT Isle of Man,2,0.0024
1735,1611397404,UBOAT,2,0.0024
1736,1629100331,Ultra Foodmess 2,2,0.0024
1737,2012594000,US Conflict — Tank Battles,2,0.0024
1738,1957172115,Vampire: The Masquerade - Swansong Xbox One,2,0.0024
1739,1774685333,Volcano Princess,2,0.0024
1740,2078235268,"Warhammer 40,000: Shootas, Blood & Teef",2,0.0024
1741,1926154049,Wasteland Remastered,2,0.0024
1742,1662257169,What The Dub?!,2,0.0024
1743,1763125243,Wild Card Football,2,0.0024
1744,2004428777,WILD HEARTS™ Standard Edition,2,0.0024
1745,1995157831,Wildfrost,2,0.0024
1746,940586683,Wizard of Legend,2,0.0024
1747,1690524168,Wo Long: Fallen Dynasty,2,0.0024
1748,912199926,Yet Another Zombie Defense HD,2,0.0024
1749,1622515242,ZenTile Mahjong for PC & XBOX,2,0.0024
1750,1626046949,1-Bit Dungeon,1,0.0012
1751,1870088706,112 Operator,1,0.0012
1752,1907798532,15in1 Solitaire,1,0.0012
1753,1480656961,3D Ultra™ Minigolf,1,0.0012
1754,1980412525,50 Years,1,0.0012
1755,155427331,8DAYS,1,0.0012
1756,1716716789,9 Clues: The Secret of Serpent Creek,1,0.0012
1757,544527071,911 Operator,1,0.0012
1758,1937335069,A Gummy's Life,1,0.0012
1759,1038499153,A Hat in Time,1,0.0012
1760,1480657115,A Kingdom for Keflings,1,0.0012
1761,1679168855,A Quiet Place: The Road Ahead,1,0.0012
1762,1697676059,A Space for the Unbound,1,0.0012
1763,1480657371,A World of Keflings,1,0.0012
1764,1751360232,AAA Dynamic Scenes,1,0.0012
1765,1747821529,Aabs Animals,1,0.0012
1766,1060271764,ACA NEOGEO AERO FIGHTERS 2,1,0.0012
1767,1052909776,ACA NEOGEO ART OF FIGHTING 3,1,0.0012
1768,70786264,ACA NEOGEO METAL SLUG 5,1,0.0012
1769,731026222,ACA NEOGEO METAL SLUG X,1,0.0012
1770,487401027,ACA NEOGEO SAMURAI SHODOWN III,1,0.0012
1771,552749870,ACA NEOGEO THE KING OF FIGHTERS '98,1,0.0012
1772,2094098726,Ace Attorney Investigations Collection,1,0.0012
1773,1672129931,Across the Obelisk,1,0.0012
1774,1874758094,Active Neurons - Puzzle game,1,0.0012
1775,1480656956,Aegis Wing,1,0.0012
1776,2037129768,AeternnoBlade II : Infinity,1,0.0012
1777,1763236945,AFL Evolution 2,1,0.0012
1778,1664723386,Afterimage,1,0.0012
1779,2083780130,Against the Storm,1,0.0012
1780,1630807758,Age of Water,1,0.0012
1781,701037441,Age of Wonders: Planetfall,1,0.0012
1782,1835497756,Agents of Mayhem,1,0.0012
1783,1958267791,AK-xolotl: Together,1,0.0012
1784,1480656966,Alien Hominid HD,1,0.0012
1785,2000460393,Alien Hominid Invasion,1,0.0012
1786,1725954584,Alpacapaca Dash,1,0.0012
1787,173777692,Alto's Adventure,1,0.0012
1788,1712068512,Amanda the Adventurer,1,0.0012
1789,1625396894,Amazecards,1,0.0012
1790,1723509320,Amazing Frog? (Game Preview),1,0.0012
1791,2021205208,Ancestors Legacy,1,0.0012
1792,1655595028,Andromeda Survivors,1,0.0012
1793,2089856457,Angry Video Game Nerd 8-bit,1,0.0012
1794,1863916271,Anime Girls Jigsaw Puzzles - The Waifu Experience,1,0.0012
1795,1633058327,Anomaly Hunter: Observation Duty,1,0.0012
1796,49709880,Anthem™,1,0.0012
1797,2143113399,Anthology of Fear,1,0.0012
1798,2068205998,Apex Heroines,1,0.0012
1799,2066750369,APG: A Plane Game,1,0.0012
1800,1636486177,AQUADREAM,1,0.0012
1801,1693474019,Arcade Archives 2 Mr.Do!,1,0.0012
1802,682100179,Armello,1,0.0012
1803,670545608,Armored Warfare,1,0.0012
1804,909545209,Ashen,1,0.0012
1805,524641908,Assassin's Creed® Chronicles: China,1,0.0012
1806,1885598662,Astalon: Tears of the Earth,1,0.0012
1807,1744435907,Atelier Yumia: The Alchemist of Memories & the Envisioned Land,1,0.0012
1808,1771834186,ATLAS (Game Preview),1,0.0012
1809,1835249581,ATOM RPG: Post-apocalyptic indie game,1,0.0012
1810,1902834375,Autobahn Police Simulator 3,1,0.0012
1811,1694852268,Avatar The Last Airbender: Quest for Balance,1,0.0012
1812,1725553139,AXONVOLT,1,0.0012
1813,1805978609,Baby Shark™: Sing & Swim Party,1,0.0012
1814,1825231591,Backrooms,1,0.0012
1815,1624083933,BALAN WONDERWORLD,1,0.0012
1816,1833100190,Baldur's Gate: Dark Alliance II,1,0.0012
1817,1643697302,Ballotron Oceans,1,0.0012
1818,1664978629,Bang-On Balls: Chronicles,1,0.0012
1819,1995697239,Banner of the Maid,1,0.0012
1820,1863651407,Battleborn,1,0.0012
1821,443831560,Battlestar Galactica Deadlock™,1,0.0012
1822,810050544,Beach Buggy Racing,1,0.0012
1823,1844143156,Beach Buggy Racing 2: Island Adventure,1,0.0012
1824,1624781891,Beat of Montezuma,1,0.0012
1825,2138218417,Becastled,1,0.0012
1826,1623175865,Bee Flowers: Save the Garden,1,0.0012
1827,1698840007,Beholder 2,1,0.0012
1828,1480656850,Bejeweled 2,1,0.0012
1829,529578794,Ben-Hur,1,0.0012
1830,1864828194,Bendy: Lone Wolf,1,0.0012
1831,1946485937,Besiege Console,1,0.0012
1832,2037703927,Beyond Blue,1,0.0012
1833,1626084065,Beyond Border,1,0.0012
1834,1650506141,Beyond Doors,1,0.0012
1835,1021034070,Big Buck Hunter Arcade,1,0.0012
1836,1657892923,Big Buck Hunter: Ultimate Trophy,1,0.0012
1837,621760503,Big Crown: Showdown,1,0.0012
1838,2008389504,Big Helmet Heroes,1,0.0012
1839,298354887,BIOHAZARD 7 resident evil グロテスクVer.,1,0.0012
1840,420309331,BIOHAZARD RE:3 Z Version for Windows,1,0.0012
1841,2015751229,Bioweaver,1,0.0012
1842,1812873797,Blades of Fire,1,0.0012
1843,1082339580,BLAZBLUE CHRONOPHANTASMA EXTEND,1,0.0012
1844,1969372075,BlazBlue: Cross Tag Battle Special Edition,1,0.0012
1845,1736678881,Bleeding Edge,1,0.0012
1846,883799031,Bless Unleashed,1,0.0012
1847,2037855727,Block Puzzle Jewels Classic,1,0.0012
1848,1747714306,Blocky Farm,1,0.0012
1849,173291706,Blood Bowl 2,1,0.0012
1850,1739622609,Blood West,1,0.0012
1851,1717828260,Bloodstained: Curse of the Moon 2,1,0.0012
1852,1952427486,Bloodstained: Ritual of the Night,1,0.0012
1853,1698796012,Bloons TD 6,1,0.0012
1854,1633682783,BODYCAM 2026,1,0.0012
1855,1112934366,Bolt,1,0.0012
1856,1617823540,Bomb Rush Cyberfunk,1,0.0012
1857,1480657330,Bomberman Battlefest,1,0.0012
1858,1671298933,Bool Capture,1,0.0012
1859,1743576109,Box Em Up!,1,0.0012
1860,1112934423,Brave: The Video Game,1,0.0012
1861,311085527,Brawlout,1,0.0012
1862,1820912354,Bricks Plus 2,1,0.0012
1863,2092197904,Bubsy in: The Purrfect Collection,1,0.0012
1864,2043895065,Builder Simulator,1,0.0012
1865,1633674805,Butterfly,1,0.0012
1866,1762067709,Butterfly 2,1,0.0012
1867,1161889806,C&C3,1,0.0012
1868,1431505012,Call of Juarez Cartel,1,0.0012
1869,1857703882,Call of Toys: Tower Defense!,1,0.0012
1870,435779585,Capcom Beat 'Em Up Bundle,1,0.0012
1871,1843053682,Captain Blood,1,0.0012
1872,1972377758,Car Cops,1,0.0012
1873,1955794744,CARD SHOP GAME STORE SIMULATOR,1,0.0012
1874,2116095486,Care Bears: To The Rescue,1,0.0012
1875,908734579,Carmageddon: Max Damage,1,0.0012
1876,1414596609,Cars MN,1,0.0012
1877,1855158493,Cartel Tycoon,1,0.0012
1878,2082736316,Castle Crumble,1,0.0012
1879,1973950513,Castle of no Escape,1,0.0012
1880,1973612237,Castle of no Escape 2,1,0.0012
1881,1897474813,Castle Walker,1,0.0012
1882,2144913935,Castlevania Anniversary Collection,1,0.0012
1883,2012135933,Castlevania Dominus Collection,1,0.0012
1884,1480659976,Castlevania: LoS - Mirror of Fate HD,1,0.0012
1885,1640965998,Cat in Rain,1,0.0012
1886,1646378646,Cat Quest III,1,0.0012
1887,1858000832,Caterpillar,1,0.0012
1888,1096026071,Catherine,1,0.0012
1889,1744298534,Catlateral Damage: Remeowstered,1,0.0012
1890,1692828729,Cats and Seek : Osaka,1,0.0012
1891,1975108272,Cats Around Us: Giant Cat,1,0.0012
1892,1962218680,Cel Damage HD,1,0.0012
1893,1480656972,Centipede & Millipede,1,0.0012
1894,497019090,Chasm,1,0.0012
1895,1872307318,Chef Life: A Restaurant Simulator,1,0.0012
1896,768615691,Chess Ultra,1,0.0012
1897,1512517621,Child of Light,1,0.0012
1898,2137663855,Chip ‘n Clawz vs. The Brainioids,1,0.0012
1899,1958191831,Choice of Life: Middle Ages 2,1,0.0012
1900,1789455212,Christmas Coloring Book for Kids +,1,0.0012
1901,1627160129,Circuit Superstars,1,0.0012
1902,100768843,City of Brass,1,0.0012
1903,1618799257,CityDriver,1,0.0012
1904,2057723777,Classified: France '44,1,0.0012
1905,300490305,Claybook,1,0.0012
1906,1740009713,Clumsy Rush,1,0.0012
1907,1640341352,College Bowl,1,0.0012
1908,2040404955,Colorful Colore,1,0.0012
1909,1480657343,Commander's Challenge,1,0.0012
1910,54541475,Construction Simulator 2 US - Console Edition,1,0.0012
1911,1954997644,Construction Simulator 3 - Console Edition,1,0.0012
1912,2011564314,Contra: Operation Galuga,1,0.0012
1913,2097032200,"Cook, Serve, Delicious! 2!!",1,0.0012
1914,1809115559,Corpse Party,1,0.0012
1915,1888889490,Countless Army,1,0.0012
1916,1767974553,Cozy Grove,1,0.0012
1917,1480657460,Crazy Taxi,1,0.0012
1918,2026017924,Creaks,1,0.0012
1919,1985791411,Cricket 22,1,0.0012
1920,1871238901,Crime Boss: Rockay City,1,0.0012
1921,1618801140,CRISIS CORE –FINAL FANTASY VII– REUNION,1,0.0012
1922,2041763016,CrossCode,1,0.0012
1923,1696763703,Crown Wars: The Black Prince,1,0.0012
1924,1705139809,CrushBorgs,1,0.0012
1925,429288038,Crypt of the NecroDancer,1,0.0012
1926,989689010,Crypt of the Serpent King,1,0.0012
1927,1941196551,Cube Airport,1,0.0012
1928,2003918395,Cubic 2 3 4 Player Games,1,0.0012
1929,1914646696,Curse of the Dead Gods,1,0.0012
1930,1719811824,CyberCorp,1,0.0012
1931,1935688591,Daemon X Machina: Titanic Scion,1,0.0012
1932,1730984142,Danganronpa 2: Goodbye Despair Anniversary Edition,1,0.0012
1933,1643246182,Dark Burial: Enhanced Edition,1,0.0012
1934,1128466400,Dark Void,1,0.0012
1935,1414596582,Darksiders,1,0.0012
1936,1634898195,Darkwood,1,0.0012
1937,1786510755,DARQ Ultimate Edition,1,0.0012
1938,1661865075,Dawn of the Monsters,1,0.0012
1939,2102421406,Day of the Tentacle Remastered,1,0.0012
1940,1480657693,DAYTONA USA,1,0.0012
1941,1414596709,de Blob 2 (2014),1,0.0012
1942,1951298086,Dead End Job,1,0.0012
1943,1413679057,DEAD OR ALIVE 4,1,0.0012
1944,2075268737,Deadliest Catch: The Game,1,0.0012
1945,1825135275,Deadly Days,1,0.0012
1946,402672897,Death Squared,1,0.0012
1947,1966406017,Deceive Inc.,1,0.0012
1948,1669682262,Defense Grid 2,1,0.0012
1949,419349778,Defiance 2050,1,0.0012
1950,923296121,Defunct,1,0.0012
1951,1679835971,Deliver Us The Moon,1,0.0012
1952,1646780412,Dentist Bling,1,0.0012
1953,106901580,Destroy All Humans!,1,0.0012
1954,1957968654,Destroy All Humans! - Clone Carnage,1,0.0012
1955,1906653442,Detective Inspector: Mysterious Clues,1,0.0012
1956,1397819386,DEUS EX: HUMAN REVOLUTION,1,0.0012
1957,1650442817,Deus Ex: Mankind Divided™,1,0.0012
1958,2116371080,Dicey Dungeons,1,0.0012
1959,852849518,Digimon Survive,1,0.0012
1960,1737926681,Discounty,1,0.0012
1961,137510457,Dishonored®: Death of the Outsider™,1,0.0012
1962,153292310,Disney Infinity 3.0,1,0.0012
1963,2061719276,Disney Villains Cursed Café,1,0.0012
1964,1836115301,Docked,1,0.0012
1965,249733426,Don't Knock Twice,1,0.0012
1966,1087781956,Don Bradman Cricket,1,0.0012
1967,1480656932,DOOM,1,0.0012
1968,1621285366,DOOM (1993),1,0.0012
1969,1480657334,DOOM II (Classic),1,0.0012
1970,2100206304,DOOM: The Dark Ages Digital Artbook and Soundtrack,1,0.0012
1971,2125974437,Door Kickers: Action Squad,1,0.0012
1972,2113013336,Dr. Atominus,1,0.0012
1973,849613404,Dragon's Dogma: Dark Arisen,1,0.0012
1974,2084687312,Dragon's Lair Trilogy,1,0.0012
1975,1954227024,DRAGON BALL: THE BREAKERS,1,0.0012
1976,1743457512,DRAGON QUEST BUILDERS 2,1,0.0012
1977,1802647542,DRAGON QUEST VII Reimagined,1,0.0012
1978,215313834,Draw a Stickman: EPIC,1,0.0012
1979,532569395,Drawful 2,1,0.0012
1980,1712105499,DRIFTCE,1,0.0012
1981,1772513621,Driftland: The Magic Revival,1,0.0012
1982,1993091289,Drug Dealer Empire,1,0.0012
1983,1861826241,Duck Simulator 2,1,0.0012
1984,2050929089,DUCKSIDE (Game Preview),1,0.0012
1985,1480657463,Duke Nukem - Manhattan,1,0.0012
1986,886999858,Duke Nukem 3D: 20th Anniversary World Tour,1,0.0012
1987,1414793294,Duke Nukem Forever,1,0.0012
1988,1847263549,Dungeon Defenders: Awakened,1,0.0012
1989,1799540443,Dungeons & Dragons Neverwinter Nights 2: Enhanced Edition,1,0.0012
1990,147604411,Dungeons 3,1,0.0012
1991,1666801480,Dunk Lords,1,0.0012
1992,1063739948,DYING : Reborn,1,0.0012
1993,1558010571,DYNASTY WARRIORS 8 Empires,1,0.0012
1994,1640323097,DYNASTY WARRIORS 9 Empires,1,0.0012
1995,751766205,EA Play Hub,1,0.0012
1996,492699383,EA SPORTS™ NHL® 17,1,0.0012
1997,1146095609,Earth Defense Force: IA,1,0.0012
1998,571156610,Earthfall,1,0.0012
1999,1260456400,Earthlock: Festival of Magic,1,0.0012
2000,1673398628,Echo Generation 2,1,0.0012
2001,1817638967,Echoes of the End: Enhanced Edition,1,0.0012
2002,1930829133,Elasto Mania II,1,0.0012
2003,1643439240,Elasto Mania Remastered,1,0.0012
2004,2086101209,ELDERBORN,1,0.0012
2005,1797803457,Elementallis,1,0.0012
2006,809464104,Elex,1,0.0012
2007,1852617445,ELEX II,1,0.0012
2008,1725427493,Elon and the Divine Proof,1,0.0012
2009,572417720,Emily Wants To Play,1,0.0012
2010,1693383438,Emoji Battlefield - Island Warfare,1,0.0012
2011,2046176982,Empire of Sin,1,0.0012
2012,1941057630,Empire of the Ants,1,0.0012
2013,1313671153,Enslaved,1,0.0012
2014,1263339518,Escape Dead Island,1,0.0012
2015,1972593972,Escape Sequence (Xbox One),1,0.0012
2016,1648906760,Everdream Valley,1,0.0012
2017,968775939,EVERSPACE™,1,0.0012
2018,2134693780,EVERSPACE™ 2,1,0.0012
2019,1756983532,Evil Genius 2: World Domination,1,0.0012
2020,1828736918,Evil Nun: The Broken Mask,1,0.0012
2021,1702241488,Evil Wizard(Xbox),1,0.0012
2022,1736752782,Expansion for Explorers,1,0.0012
2023,1900857740,Extreme Cycling,1,0.0012
2024,172017893,F1® 2019,1,0.0012
2025,942676443,F1™ 2016,1,0.0012
2026,180750187,F1™ 2017,1,0.0012
2027,1796401317,Factory Escape,1,0.0012
2028,1655237678,Fallout: New Vegas Ultimate Edition,1,0.0012
2029,1666273703,Fast & Furious: Spy Racers Rise of SH1FT3R,1,0.0012
2030,1987493969,Fate Seeker II,1,0.0012
2031,1661863954,FATE: Reawakened,1,0.0012
2032,1431504860,FC Instincts Predator,1,0.0012
2033,1672045983,Feather,1,0.0012
2034,1792854484,Fight For America,1,0.0012
2035,2071782725,FINAL FANTASY III,1,0.0012
2036,2021453818,FINAL FANTASY VIII Remastered,1,0.0012
2037,1397819364,FINAL FANTASY XIII,1,0.0012
2038,136671143,FINAL FANTASY XV MULTIPLAYER: COMRADES,1,0.0012
2039,2068562449,Fishing Sim World®: Pro Tour,1,0.0012
2040,2109927239,Five Nights at Freddy's: Sister Location,1,0.0012
2041,1676125605,Flying Candy,1,0.0012
2042,1703928788,Fool's Pub,1,0.0012
2043,344311848,For The King,1,0.0012
2044,1804966091,Forager,1,0.0012
2045,2056182958,Forklift Extreme: Deluxe Edition,1,0.0012
2046,1519874468,Forza Horizon 2 Presents Fast & Furious,1,0.0012
2047,1980291965,FPV Simulator,1,0.0012
2048,655366314,Fractured Minds,1,0.0012
2049,1899291024,Fran Bow,1,0.0012
2050,1637733007,FRONT MISSION 3: Remake,1,0.0012
2051,1741490588,Fruit Adventure,1,0.0012
2052,2067683732,FS Sandbox,1,0.0012
2053,1296697298,Full Game - Psychonauts,1,0.0012
2054,1694490701,FuzzBall,1,0.0012
2055,1870314278,G.I. JOE: WRATH OF COBRA,1,0.0012
2056,1480657083,Galaga Legions,1,0.0012
2057,2092402415,Gallipoli,1,0.0012
2058,1856172970,Game of Thrones - Episode 1: Iron from Ice,1,0.0012
2059,1690204019,Garten of Banban 3,1,0.0012
2060,2077809328,Garten of Banban 4,1,0.0012
2061,1705113845,Garten of Banban 6,1,0.0012
2062,2005313515,Garten of Banban 7,1,0.0012
2063,21230315,Genesis Alpha One,1,0.0012
2064,1431504947,Ghost Recon: Future Soldier™,1,0.0012
2065,1734964144,Ghosts 'n Goblins Resurrection,1,0.0012
2066,1868247544,Gigantosaurus The Game,1,0.0012
2067,1614017709,Gigantosaurus: Dino Kart,1,0.0012
2068,1995619397,God of Rock,1,0.0012
2069,1784112295,Godfall,1,0.0012
2070,1480657057,Golf: Tee It Up!,1,0.0012
2071,1927438326,Goodwill Scrolls,1,0.0012
2072,2048825105,Goosebumps Dead of Night,1,0.0012
2073,2079183119,Gord,1,0.0012
2074,1785738076,Grandia HD Collection,1,0.0012
2075,1823111797,GreedFall: The Dying World,1,0.0012
2076,1705150859,Greedland,1,0.0012
2077,1953035485,Green Soldiers Heroes,1,0.0012
2078,620831719,GROW UP,1,0.0012
2079,1744600653,Grow: Song of the Evertree,1,0.0012
2080,121960285,Guts & Glory,1,0.0012
2081,1480656919,Gyruss,1,0.0012
2082,1772335526,Habitat Shapes: The Tropical Journey,1,0.0012
2083,1297287287,Halo 3: ODST Campaign Edition,1,0.0012
2084,1297287176,Halo Wars,1,0.0012
2085,1480656868,Hardwood Spades,1,0.0012
2086,1890858421,Harvest Cafe,1,0.0012
2087,1812810851,Haste,1,0.0012
2088,2020032940,HAWKED,1,0.0012
2089,1670362756,Heliborne,1,0.0012
2090,1704351342,Hello Neighbor 2,1,0.0012
2091,2129656178,Hex War,1,0.0012
2092,1967527679,Hidden Cat Outlaws,1,0.0012
2093,2000004108,Hidden Cats in Berlin,1,0.0012
2094,1702609951,Hidden Cats in Paris,1,0.0012
2095,1797639733,Hidden Cats in Spooky Village,1,0.0012
2096,1700125109,Hidden Through Time,1,0.0012
2097,1973493787,Hidden Through Time 2: Discovery,1,0.0012
2098,1740086827,Hide 'N Seek!,1,0.0012
2099,1946353878,Highguard,1,0.0012
2100,446981050,Hitman: Absolution HD,1,0.0012
2101,1396901851,Hitman: Blood Money,1,0.0012
2102,1698597039,Hokko Life,1,0.0012
2103,2056748167,Home Sheep Home: Farmageddon Party Edition,1,0.0012
2104,1966804514,Homestead Arcana,1,0.0012
2105,1774172067,HOT WHEELS UNLEASHED™ 2 - Turbocharged,1,0.0012
2106,1713780480,HOTEL BARCELONA,1,0.0012
2107,2032696661,Hotel: A Resort Simulator,1,0.0012
2108,722916288,Hue,1,0.0012
2109,1829828400,HUMANKIND™,1,0.0012
2110,1835288721,Hunter Shooting Camp,1,0.0012
2111,1498810322,Hunter: The Reckoning,1,0.0012
2112,390164739,Hunting Simulator,1,0.0012
2113,1616900566,Hyper Jam,1,0.0012
2114,1917135799,HYPERCHARGE Unboxed,1,0.0012
2115,1480657722,I Am Alive™,1,0.0012
2116,1960955312,I Am Fish,1,0.0012
2117,2129720796,"I Have No Mouth, and I Must Scream",1,0.0012
2118,2113836989,I Saw Black Clouds,1,0.0012
2119,236834307,"I, Zombie",1,0.0012
2120,273290529,Idle Champions of the Forgotten Realms,1,0.0012
2121,2136871363,Indoor Baseball,1,0.0012
2122,718096579,Insane Robots,1,0.0012
2123,2144211794,Iron Harvest Complete Edition,1,0.0012
2124,2062191225,Iron Meat,1,0.0012
2125,1297287250,Jade Empire™,1,0.0012
2126,1923804355,Jet Kave Adventure,1,0.0012
2127,1853152783,Jitsu Squad,1,0.0012
2128,944228222,Journey to the Savage Planet,1,0.0012
2129,2004666712,Journey To The Savage Planet: Employee Of The Month,1,0.0012
2130,1710618719,Judero,1,0.0012
2131,1925586579,Jump King,1,0.0012
2132,1773156258,Jurassic Park Classic Games Collection,1,0.0012
2133,333457553,Just Dance® 2020,1,0.0012
2134,2094642688,Just Shapes & Beats,1,0.0012
2135,150646593,Kane & Lynch 2,1,0.0012
2136,1871788890,Kao the Kangaroo,1,0.0012
2137,901962824,KartRider: Drift,1,0.0012
2138,1749806231,Keep Talking and Nobody Explodes,1,0.0012
2139,1645652626,Kena: Bridge of Spirits,1,0.0012
2140,1647262896,Kevin,1,0.0012
2141,1816678719,KeyWe,1,0.0012
2142,1640763780,KIBORG,1,0.0012
2143,2004313785,KILL KNIGHT,1,0.0012
2144,2124401256,King's Bounty II,1,0.0012
2145,1431504851,King Kong,1,0.0012
2146,2047676968,King of Tokyo,1,0.0012
2147,1865989097,KINGDOM HEARTS HD 2.8 Final Chapter Prologue,1,0.0012
2148,1711332838,KINGDOM HEARTS Melody of Memory,1,0.0012
2149,2043794712,Kingdoms and Castles,1,0.0012
2150,1989445813,Knight Squad 2,1,0.0012
2151,2025132558,Knights of Braveland,1,0.0012
2152,1674517129,Knights of Pen & Paper 2 Deluxiest Edition,1,0.0012
2153,1480657325,KOF2002UM,1,0.0012
2154,1039363526,Kona,1,0.0012
2155,2092303758,Kona II: Brume,1,0.0012
2156,1642491282,Lamentum,1,0.0012
2157,1912466607,Laundry Store Simulator,1,0.0012
2158,2118709517,Legend of Keepers: Career of a Dungeon Manager,1,0.0012
2159,2028645063,Legend of Mana,1,0.0012
2160,1759373796,Leisure Suit Larry - Wet Dreams Dry Twice,1,0.0012
2161,1724587895,Lemon Cake,1,0.0012
2162,1615197965,Let's Build a Zoo,1,0.0012
2163,1957230512,Let's Sing 2026,1,0.0012
2164,2096549844,Liftoff: Drone Racing,1,0.0012
2165,1929376326,Lil Gator Game,1,0.0012
2166,1728746832,Little Ant Adventure,1,0.0012
2167,1951982409,Little Christmas Adventure,1,0.0012
2168,2017169801,LOLLIPOP CHAINSAW RePOP,1,0.0012
2169,1865146781,Lorn's Lure,1,0.0012
2170,1128466480,Lost Planet 3,1,0.0012
2171,1843517603,Lushfoil Photography Sim,1,0.0012
2172,2095111834,Luto,1,0.0012
2173,1973635123,Mad Streets,1,0.0012
2174,1249526091,Madden NFL 16,1,0.0012
2175,1700020315,MADiSON,1,0.0012
2176,1414793190,Mafia II,1,0.0012
2177,1480656992,Magic: The Gathering,1,0.0012
2178,1636466973,Maniac,1,0.0012
2179,1719118099,Manor Lords (Game Preview),1,0.0012
2180,908941238,Mark of the Ninja: Remastered,1,0.0012
2181,1480659971,Marlow Briggs,1,0.0012
2182,1060304103,Marooners,1,0.0012
2183,1654028464,Mars Survivor,1,0.0012
2184,2117648871,Martha Is Dead,1,0.0012
2185,1161889998,Mass Effect 2,1,0.0012
2186,433988710,MASSIVE CHALICE,1,0.0012
2187,2038093666,MAVRIX by Matt Jones,1,0.0012
2188,1911247850,Meet Your Maker,1,0.0012
2189,523468027,Mega Man 11,1,0.0012
2190,2099448535,Mega Man Star Force Legacy Collection,1,0.0012
2191,23963413,Mega Man Zero/ZX Legacy Collection,1,0.0012
2192,2091623135,Megaparty: A Tootuff Adventure,1,0.0012
2193,1632270119,Megaton Rainfall,1,0.0012
2194,1877544393,Mel The Pyramid Cat,1,0.0012
2195,1112934453,Mercenaries,1,0.0012
2196,2045704503,Metaball,1,0.0012
2197,1979916310,METAL GEAR & METAL GEAR 2: Solid Snake,1,0.0012
2198,1263405120,METAL GEAR SOLID HD: 2 & 3,1,0.0012
2199,1651248133,Metal: Hellsinger,1,0.0012
2200,1904531043,MiceGard,1,0.0012
2201,534004979,Microsoft Ultimate Word Games,1,0.0012
2202,1464993839,Midway Arcade Origins,1,0.0012
2203,1480657433,Might & Magic Clash of Heroes™,1,0.0012
2204,2142315481,Mighty Morphin Power Rangers: Rita's Rewind,1,0.0012
2205,1879017945,Mimi the Cat: Meow Together,1,0.0012
2206,1904044383,Minecraft Preview for Windows,1,0.0012
2207,14233261,Minecraft: Story Mode - Season Two - Episode 1,1,0.0012
2208,1954760880,Minigolf Adventure,1,0.0012
2209,2066653010,Momodora: Moonlit Farewell,1,0.0012
2210,1685499852,Monster Hunter Stories 2: Wings of Ruin,1,0.0012
2211,1947752727,Monster Hunter Stories 3: Twisted Reflection Trial Version,1,0.0012
2212,1899878313,Monster Panic,1,0.0012
2213,2050785251,Monster Prom 2: Monster Camp XXL,1,0.0012
2214,1806088999,Monsters are Coming!,1,0.0012
2215,1806886066,Monument Valley,1,0.0012
2216,1983120305,Moon Mystery,1,0.0012
2217,1656145947,Moonlighter,1,0.0012
2218,1792557898,Moonlighter 2: The Endless Vault (Game Preview),1,0.0012
2219,1884090207,Moonscars,1,0.0012
2220,1766988078,Morkredd,1,0.0012
2221,1297549289,Mortal Kombat vs. DCU,1,0.0012
2222,1423533994,MotoGP™15,1,0.0012
2223,634240708,MotoGP™19,1,0.0012
2224,1937850928,MouseBot: Escape from CatLab,1,0.0012
2225,2059695506,Moving Houses,1,0.0012
2226,1720898855,Mozart's Requiem,1,0.0012
2227,1885048343,Mr. Bomber,1,0.0012
2228,1480657689,Ms. Splosion Man™,1,0.0012
2229,2091286911,Mudness Offroad - 4x4 Truck Car Simulator,1,0.0012
2230,1834840157,Murder House,1,0.0012
2231,905842411,Mutant Football League,1,0.0012
2232,1548866781,MXGP2,1,0.0012
2233,94171386,MXGP3,1,0.0012
2234,1911275658,MyMaitê,1,0.0012
2235,1708079118,NASCAR 21: Ignition,1,0.0012
2236,1895847672,Natsuki Chronicles,1,0.0012
2237,113198981,NBA 2K18: The Prelude,1,0.0012
2238,83029588,NBA LIVE 18: The One Edition,1,0.0012
2239,880031210,NBA LIVE 19,1,0.0012
2240,1957871614,Necrophosis: Full Consciousness,1,0.0012
2241,225943380,NEOGEO BATTLE COLISEUM,1,0.0012
2242,1706007518,Nexomon: Extinction,1,0.0012
2243,2112950649,Nicktoons & The Dice of Destiny,1,0.0012
2244,1397819368,NIER,1,0.0012
2245,1263929316,NINJA GAIDEN 3: RE,1,0.0012
2246,992005658,Ninja Gaiden Black,1,0.0012
2247,272855377,NINJA GAIDEN II,1,0.0012
2248,1661259138,NINJA KIDZ: TIME MASTERS,1,0.0012
2249,1814825729,No More Heroes 3,1,0.0012
2250,1648813544,No One Lives Under the Lighthouse,1,0.0012
2251,1957424962,No Straight Roads,1,0.0012
2252,1844719399,Nobody Wants to Die,1,0.0012
2253,2049381647,NORCO,1,0.0012
2254,1970680323,Nordic Ashes: The Complete Saga,1,0.0012
2255,1744612607,Nova Roma (Game Preview),1,0.0012
2256,1819944286,Nun Massacre,1,0.0012
2257,1693043906,Oakbound Quest,1,0.0012
2258,1060326183,Obliteracers,1,0.0012
2259,2024512616,Obsurity,1,0.0012
2260,1129121809,OF: Dragon Rising,1,0.0012
2261,1756731867,One Step From Eden,1,0.0012
2262,1146095594,Onechanbara,1,0.0012
2263,1620604447,Only Up Rush,1,0.0012
2264,118591686,ONRUSH™,1,0.0012
2265,1734289672,"ONYX-PRO, Inside the Game: Grounded 2 Artbook and Soundtrack",1,0.0012
2266,1794026365,Order of Battle: World War II,1,0.0012
2267,264259050,Ori and the Blind Forest,1,0.0012
2268,1709997248,Our Adventurer Guild,1,0.0012
2269,2034484895,Out of Space: Couch Edition,1,0.0012
2270,2127785487,Outbuddies DX,1,0.0012
2271,2090134401,Overrogue,1,0.0012
2272,1480656913,PAC-MAN,1,0.0012
2273,484684099,PAC-MAN 256,1,0.0012
2274,1906677498,PAC-MAN MUSEUM+,1,0.0012
2275,1759144821,PAC-MAN WORLD 2 Re-PAC,1,0.0012
2276,2008358711,Painkiller,1,0.0012
2277,1998577310,Panorama Cotton,1,0.0012
2278,1666984047,Parcel Corps,1,0.0012
2279,2017428565,ParkingJam,1,0.0012
2280,1836785866,ParkourLand Elite: Playground,1,0.0012
2281,2000145726,Party Arcade,1,0.0012
2282,1894365262,PAW Patrol: Grand Prix,1,0.0012
2283,939615894,Paw Patrol: On a Roll,1,0.0012
2284,1661809575,PC Building Simulator 2,1,0.0012
2285,267248679,Phantom Dust,1,0.0012
2286,1731213835,Pickup Driving - Free,1,0.0012
2287,1932565641,Pikuniku,1,0.0012
2288,1297290209,Pinball FX2,1,0.0012
2289,912254227,Pit People,1,0.0012
2290,2046628793,PixARK,1,0.0012
2291,1776549840,Pizza Possum,1,0.0012
2292,2117095676,Planet of Lana,1,0.0012
2293,172342998,PLAYERUNKNOWN’S BATTLEGROUNDS – Public Test Server,1,0.0012
2294,1750323746,Porkshire Hero,1,0.0012
2295,2071988780,Port Royale 4,1,0.0012
2296,1794659226,PowerSlave Exhumed,1,0.0012
2297,34123030,Premium Pool Arena,1,0.0012
2298,1112934361,Pure,1,0.0012
2299,1789157539,Puyo Puyo™ Tetris® 2,1,0.0012
2300,2143360506,Puzzle Bobble™2X/BUST-A-MOVE™2 Arcade Edition & Puzzle Bobble™3/BUST-A-MOVE™3 S-Tribute,1,0.0012
2301,1480657046,Puzzle Quest,1,0.0012
2302,1784625849,Queen's Quest 5: Symphony of Death,1,0.0012
2303,517216795,Quest of Dungeons,1,0.0012
2304,1689852285,R-Type Dimensions III,1,0.0012
2305,562694050,R.B.I. Baseball 16,1,0.0012
2306,2099711760,R.B.I. Baseball 20,1,0.0012
2307,2119938423,Raid: Shadow Legends,1,0.0012
2308,1641566497,Railroads Online,1,0.0012
2309,1901782415,Railway Empire 2 (Win),1,0.0012
2310,1673787135,Rain on Your Parade,1,0.0012
2311,957250252,Rapala Fishing: Pro Series,1,0.0012
2312,1682314411,Raptor Evolution,1,0.0012
2313,1480659519,Rayman 3 HD,1,0.0012
2314,1927701400,ReactorX 3,1,0.0012
2315,967641964,Realm Royale Reforged,1,0.0012
2316,852431422,ReCore,1,0.0012
2317,2007729022,Recycle Bin Battle,1,0.0012
2318,2133414343,Recycling Center Simulator,1,0.0012
2319,753024882,Red Faction Guerrilla Re-Mars-tered,1,0.0012
2320,893913055,Red Faction II,1,0.0012
2321,676489959,Remothered: Tormented Fathers,1,0.0012
2322,655708836,Rento Fortune,1,0.0012
2323,1748326860,RetroMania Wrestling,1,0.0012
2324,1853277604,RetroRealms Arcade,1,0.0012
2325,1683265300,Return to Grace,1,0.0012
2326,1313671123,Ridge Racer 6,1,0.0012
2327,761259973,RiME,1,0.0012
2328,1623503769,RiMS Racing,1,0.0012
2329,1619865604,Ring of Pain,1,0.0012
2330,326835485,Rise of Nations: Extended Edition,1,0.0012
2331,1263339494,Risen 2™: Dark Waters ,1,0.0012
2332,1935887689,Riven,1,0.0012
2333,1813085990,Road 96,1,0.0012
2334,1787135558,Roarr! Jurassic Edition,1,0.0012
2335,1709856057,RoboCop: Rogue City - Unfinished Business,1,0.0012
2336,378690252,Rock 'N Racing Off Road DX,1,0.0012
2337,669503806,Rock of Ages 2: Bigger & Boulder™,1,0.0012
2338,1685686710,Rogue Legacy 2,1,0.0012
2339,189853082,Rogue Trooper Redux,1,0.0012
2340,2136108787,Rogue Waters,1,0.0012
2341,1820242486,Roguebook Xbox Series X|S,1,0.0012
2342,1850415990,"Rolling Hills: Make Sushi, Make Friends",1,0.0012
2343,239937556,ROMANCE OF THE THREE KINGDOMS XIII,1,0.0012
2344,2028931904,Rugby 20,1,0.0012
2345,2138535394,Rugby League Live 3,1,0.0012
2346,818066257,Rugby League Live 4,1,0.0012
2347,1691892209,Ruinarch,1,0.0012
2348,1693521674,Rumbleverse,1,0.0012
2349,1690094100,Run Sausage Run!,1,0.0012
2350,2085974219,Sable,1,0.0012
2351,1263339510,Saints Row IV,1,0.0012
2352,1480657104,Samurai Shodown II,1,0.0012
2353,2104908468,SAMURAI WARRIORS 5,1,0.0012
2354,1948714522,Savara,1,0.0012
2355,2020514432,SBK™22,1,0.0012
2356,1944780994,Scars Above,1,0.0012
2357,2110448342,Schoolboy Escape - Xbox Edition,1,0.0012
2358,2055678343,Screamer,1,0.0012
2359,1799773408,Security Booth: Director's Cut,1,0.0012
2360,2077320849,Shadow Man Remastered,1,0.0012
2361,1882598345,Shadow Warrior,1,0.0012
2362,544561028,Shadow Warrior 2,1,0.0012
2363,1935829261,Shadowrun: Hong Kong - Extended Edition,1,0.0012
2364,1908885199,Shadows of the Damned: Hella Remastered,1,0.0012
2365,2093075517,Shantae and the Seven Sirens,1,0.0012
2366,871256460,Shantae: Half-Genie Hero Ultimate Edition,1,0.0012
2367,21560138,Sheltered,1,0.0012
2368,1963476984,Sherlock Holmes Chapter One,1,0.0012
2369,1654530968,Shieldwall,1,0.0012
2370,1781047490,Shin Megami Tensei V: Vengeance,1,0.0012
2371,2040578587,SHINOBI: Art of Vengeance,1,0.0012
2372,1632941844,SHMUP Mania,1,0.0012
2373,2106821597,Shogun Showdown,1,0.0012
2374,2144724056,Short Track Showdown,1,0.0012
2375,1947938436,Shotgun Farmers,1,0.0012
2376,247124088,Shovel Knight: Treasure Trove,1,0.0012
2377,1916393313,SIGNALIS,1,0.0012
2378,1263405029,Silent Hill Homecoming,1,0.0012
2379,2031266067,Sker Ritual,1,0.0012
2380,1947725080,Skul: The Hero Slayer,1,0.0012
2381,1906073826,Skullgirls 2nd Encore,1,0.0012
2382,112459691,Skydrift Infinity,1,0.0012
2383,844274714,Skylanders Imaginators,1,0.0012
2384,1613869684,Skylanders SWAP Force,1,0.0012
2385,1166935255,Slender: The Arrival (2015),1,0.0012
2386,1836669355,Slime Ranger,1,0.0012
2387,1645030778,Smart Moves,1,0.0012
2388,1770238303,Smart Moves 2,1,0.0012
2389,1794725870,Smurfs Kart,1,0.0012
2390,1179584488,Sniper Elite V2,1,0.0012
2391,1957476784,Sniper Elite V2 Remastered,1,0.0012
2392,1002731481,Snooker Nation Championship,1,0.0012
2393,1618794811,Solitaire 3D,1,0.0012
2394,1480659442,SONIC 4 Episode II,1,0.0012
2395,1480659614,Sonic the Fighters,1,0.0012
2396,1480657415,SONIC THE HEDGEHOG™ 4 Episode I,1,0.0012
2397,2016279503,SOPA - Tale of the Stolen Potato,1,0.0012
2398,1624587951,Sorry We're Closed,1,0.0012
2399,1813197692,SOS OPS!,1,0.0012
2400,1951068366,Soulstice: Artbook and Soundtrack,1,0.0012
2401,1628869222,Soulstone Survivors,1,0.0012
2402,1763680989,Space Science Investigations,1,0.0012
2403,1945826524,Space Warlord Baby Trading Simulator,1,0.0012
2404,1507365602,Sparkle Unleashed,1,0.0012
2405,1859601917,Spellbreak,1,0.0012
2406,1630371775,SpellForce: Conquest of Eo,1,0.0012
2407,1719161140,Spiritfall,1,0.0012
2408,2037196689,SpongeBob SquarePants: Titans of the Tide,1,0.0012
2409,2045695664,SpongeBob: Krusty Cook-Off Extra Krusty Edition,1,0.0012
2410,1676037121,Spooky's Jump Scare Mansion: HD Renovation,1,0.0012
2411,2037835570,Square Enix Digital Content Viewer,1,0.0012
2412,2042119715,Star Renegades,1,0.0012
2413,1112934456,Star Wars Jedi Knight: Jedi Academy,1,0.0012
2414,1961172653,Starfield Digital Artbook & Original Soundtrack,1,0.0012
2415,1015961921,Starpoint Gemini Warlords,1,0.0012
2416,2078811113,Steel Seed,1,0.0012
2417,2125557798,Still Wakes the Deep,1,0.0012
2418,2039717133,Stock Cars Unleashed 2023,1,0.0012
2419,1672889972,Storyblocks: The King,1,0.0012
2420,1646935799,Strike Mission XS,1,0.0012
2421,1795934800,STRIKERS 1945 II,1,0.0012
2422,1414596596,Stuntman: Ignition,1,0.0012
2423,1978396801,Styx: Blades of Greed,1,0.0012
2424,300578609,Styx: Shards of Darkness,1,0.0012
2425,1659515488,Suika 3D Fruits,1,0.0012
2426,1679953167,Sunbeam Feast,1,0.0012
2427,66854905,Super Blackjack Battle II Turbo Edition,1,0.0012
2428,1958529503,Super Dark Deception,1,0.0012
2429,919503560,Super Destronaut DX,1,0.0012
2430,2059797788,Super Meat Boy Forever,1,0.0012
2431,2058904438,Super Ninja Miner,1,0.0012
2432,240091546,SUPERHOT,1,0.0012
2433,1696148785,Supermarket Simulator - Horror Escape,1,0.0012
2434,1949756621,Surgeon Simulator 2,1,0.0012
2435,1770175521,Surviving the Aftermath,1,0.0012
2436,412423425,SWORD ART ONLINE Alicization Lycoris,1,0.0012
2437,1649102497,SWORD ART ONLINE Fractured Daydream,1,0.0012
2438,1908989621,SWORD ART ONLINE Last Recollection,1,0.0012
2439,597690024,SWORD ART ONLINE: FATAL BULLET,1,0.0012
2440,1981157496,System Shock,1,0.0012
2441,1704201327,System Shock 2: 25th Anniversary Remaster,1,0.0012
2442,2002977221,Tails of Iron,1,0.0012
2443,2141647881,Tales from the Borderlands - Episode 1: Zer0 Sum,1,0.0012
2444,1619109702,Tales of Symphonia Remastered,1,0.0012
2445,1984077720,Tales of the Shire: A The Lord of The Rings™ Game,1,0.0012
2446,308135722,Tales of Vesperia™: Definitive Edition,1,0.0012
2447,2076626607,Tank Mechanic Simulator - Reinforced,1,0.0012
2448,1969293314,Task Force Kampas,1,0.0012
2449,2116508628,Tatris.free,1,0.0012
2450,2058683262,Teenage Mutant Ninja Turtles: Mutants Unleashed,1,0.0012
2451,1915523932,Tempopo,1,0.0012
2452,1713029347,Tennis World Tour 2 - Complete Edition Xbox Series X|S,1,0.0012
2453,1899756257,Tents & Trees,1,0.0012
2454,188910190,Tesla vs Lovecraft,1,0.0012
2455,720980405,The Banner Saga 2,1,0.0012
2456,157772240,The Bard's Tale IV: Director's Cut,1,0.0012
2457,57328250,The Blackout Club,1,0.0012
2458,1651647141,The Boat Grandma,1,0.0012
2459,2051503466,The Callisto Protocol,1,0.0012
2460,2040556094,The Chess+ : PC & XBOX,1,0.0012
2461,939155231,The Council - Episode 1: The Mad Ones,1,0.0012
2462,977514341,The Culling,1,0.0012
2463,1833761430,The Cursed Hotel,1,0.0012
2464,1414793357,The Darkness II,1,0.0012
2465,231381248,The Deer God,1,0.0012
2466,2089995861,The Devil Lands (Game Preview),1,0.0012
2467,129773809,The Disney Afternoon Collection,1,0.0012
2468,1128640842,The Escapists,1,0.0012
2469,1685158190,The Expanse: A Telltale Series,1,0.0012
2470,2020422759,The Falconeer,1,0.0012
2471,1264125912,The First Templar,1,0.0012
2472,29720212,The Flame in the Flood,1,0.0012
2473,2067501401,The Good Life,1,0.0012
2474,2116740682,The Grinch: Christmas Adventures - Merry & Mischievous Edition,1,0.0012
2475,2011673728,THE HOUSE OF THE DEAD 2: Remake,1,0.0012
2476,1813250517,The Inquisitor,1,0.0012
2477,1668095237,The Jackbox Naughty Pack,1,0.0012
2478,1397622748,THE KING OF FIGHTERS XIII,1,0.0012
2479,2048481228,The Last Camp,1,0.0012
2480,2047811112,The Last Hero of Nostalgaia,1,0.0012
2481,1832298111,THE LAST TRAIN: Baquedano,1,0.0012
2482,494738437,The Maw,1,0.0012
2483,1962688125,The Messenger,1,0.0012
2484,1842335063,The Mortuary Assistant,1,0.0012
2485,1785417254,The Oregon Trail,1,0.0012
2486,1414596562,The Outfit,1,0.0012
2487,698904373,The Park,1,0.0012
2488,1947609579,The Pedestrian,1,0.0012
2489,1909279725,The Procession to Calvary,1,0.0012
2490,1748167956,The Riftbreaker,1,0.0012
2491,2110168941,The Rogue Prince of Persia™,1,0.0012
2492,996619018,The Sinking City,1,0.0012
2493,2120497068,The Smurfs - Village Party,1,0.0012
2494,1633778685,The Stanley Parable: Ultra Deluxe,1,0.0012
2495,1619933938,The Survivalists,1,0.0012
2496,2142677697,The Taco Libre,1,0.0012
2497,1857523735,The Talos Principle: Reawakened,1,0.0012
2498,1858859325,The Thing: Remastered,1,0.0012
2499,307442698,The Turing Test,1,0.0012
2500,1889167057,The Walking Dead: Destinies,1,0.0012
2501,2128187549,The Walking Zombie 2,1,0.0012
2502,1782146850,The Wild Eight,1,0.0012
2503,1464993828,The Witcher 2: Assassins of Kings,1,0.0012
2504,62572131,The Wolf Among Us,1,0.0012
2505,1181281124,Thief,1,0.0012
2506,1893820784,Threes!,1,0.0012
2507,1279330262,Thrillville: OTR,1,0.0012
2508,1963849763,Thymesia,1,0.0012
2509,1902996251,Tides of Tomorrow,1,0.0012
2510,1703402830,Tilesweeper,1,0.0012
2511,1807962365,Tiny Tina's Assault on Dragon Keep: A Wonderlands One-shot Adventure,1,0.0012
2512,1431504921,Tom Clancy's Splinter Cell® Chaos Theory™,1,0.0012
2513,1645311014,Tony and Clyde,1,0.0012
2514,1480657534,Torchlight,1,0.0012
2515,21471625,Torchlight II,1,0.0012
2516,519443170,Torment: Tides of Numenera,1,0.0012
2517,1695392136,Tormented Souls,1,0.0012
2518,1778611337,Tour de France 2021,1,0.0012
2519,1651850203,Tour de France 2024,1,0.0012
2520,1889723336,Townsmen - A Kingdom Rebuilt,1,0.0012
2521,1721366178,Toy Soldiers HD,1,0.0012
2522,1480657580,Toy Soldiers: Cold War,1,0.0012
2523,1729848569,Trainz Simulator: World Tour,1,0.0012
2524,383880849,Transference™,1,0.0012
2525,1726945595,TRANSFORMERS: Galactic Trials,1,0.0012
2526,956485270,Treadnauts,1,0.0012
2527,937464404,Trials Evolution,1,0.0012
2528,52523189,Trials of the Blood Dragon,1,0.0012
2529,792914248,Tricky Towers,1,0.0012
2530,1847513516,True Fear: Forsaken Souls Part 3,1,0.0012
2531,1879353165,TT Isle of Man Ride on the Edge 2,1,0.0012
2532,495493033,Turok,1,0.0012
2533,1762420024,Twitch Marble,1,0.0012
2534,1882728475,TY the Tasmanian Tiger™ 2: Bush Rescue™ HD,1,0.0012
2535,2008180842,Ultimate General: Civil War,1,0.0012
2536,1907156135,Underling Uprising,1,0.0012
2537,862882237,Unmechanical: Extended,1,0.0012
2538,2102312061,Unrailed!,1,0.0012
2539,1691837448,UNSIGHTED,1,0.0012
2540,1658477123,Unturned,1,0.0012
2541,131540426,Valentino Rossi The Game,1,0.0012
2542,944836149,Valkyria Chronicles 4,1,0.0012
2543,1397033025,VANQUISH,1,0.0012
2544,1623987807,Viewfinder,1,0.0012
2545,1731762544,Virtual Villagers Origins 2,1,0.0012
2546,1884076770,Visage,1,0.0012
2547,1777774126,Visions of Mana,1,0.0012
2548,2085652095,VOID/BREAKER (Game Preview),1,0.0012
2549,1651691355,Wanted: Dead,1,0.0012
2550,2113105582,Warhammer Age of Sigmar: Realms of Ruin,1,0.0012
2551,1704142080,Warhammer: Chaosbane Slayer Edition Xbox Series X|S,1,0.0012
2552,648298719,Warhammer: Chaosbane Xbox One,1,0.0012
2553,405657081,Warhammer: End Times - Vermintide,1,0.0012
2554,1830033435,Warm Snow,1,0.0012
2555,328245964,WARRIORS OROCHI 3 Ultimate,1,0.0012
2556,474535578,WARRIORS OROCHI 4,1,0.0012
2557,922226657,Wasteland 2: Director's Cut,1,0.0012
2558,2114003529,Wax Heads,1,0.0012
2559,2026783353,Wayfinder,1,0.0012
2560,1955199870,We Were Here Together,1,0.0012
2561,1788936172,We Were Here Too,1,0.0012
2562,1753346763,We. The Revolution,1,0.0012
2563,1798375126,Welcome to ParadiZe,1,0.0012
2564,1740517029,West of Dead,1,0.0012
2565,1851310927,Who Wants to Be a Millionaire?,1,0.0012
2566,2060575182,Whose Voice,1,0.0012
2567,1780460930,Wild Bastards,1,0.0012
2568,2069636428,WINGSPAN,1,0.0012
2569,1996371924,WitchSpring R,1,0.0012
2570,1829649419,Withering Rooms,1,0.0012
2571,1781945767,Wizard of Legend 2,1,0.0012
2572,1738666347,Wizardry: Proving Grounds of the Mad Overlord,1,0.0012
2573,2129059621,Wobbledogs Console Edition,1,0.0012
2574,1941570025,Wolcen: Lords of Mayhem,1,0.0012
2575,1480657355,Wolfenstein 3D,1,0.0012
2576,1801459191,Woodturning 3D,1,0.0012
2577,1670435927,Word Quest Pirates,1,0.0012
2578,1709000658,Word Quest: Cyberpunk,1,0.0012
2579,1964417553,Word Sudoku by POWGI,1,0.0012
2580,1811697311,World War Z,1,0.0012
2581,1708649485,WORLDS Builder: Farm & Craft,1,0.0012
2582,1307429766,Worms Battlegrounds,1,0.0012
2583,1781754560,Worshippers of Cthulhu,1,0.0012
2584,1048549433,WRC 6 FIA World Rally Championship,1,0.0012
2585,1922758426,WRC 9 FIA World Rally Championship,1,0.0012
2586,1770084088,Wreckfest 2,1,0.0012
2587,2142309066,WWE 2K Battlegrounds,1,0.0012
2588,1858270096,Wylde Flowers,1,0.0012
2589,1049055654,XCOM®: Enemy Within,1,0.0012
2590,2040239934,XDefiant,1,0.0012
2591,1067887228,Xenon Valkyrie+,1,0.0012
2592,2069910424,Yakuza 0 Director's Cut,1,0.0012
2593,1755180052,Yakuza 3 Remastered,1,0.0012
2594,1777058720,Yakuza 5 Remastered,1,0.0012
2595,2123565504,Yatzy Multi-Game Edition,1,0.0012
2596,1905464530,Yello Adventures,1,0.0012
2597,1886146911,Yet Another Zombie Survivors,1,0.0012
2598,391356720,Yooka-Laylee,1,0.0012
2599,1002820120,Youtubers Life - OMG Edition,1,0.0012
2600,1645309277,Zero Squares,1,0.0012
2601,1263405122,ZOE HD ,1,0.0012
2602,1841078711,Zombie Derby 2,1,0.0012
2603,624134529,Zombie Party,1,0.0012
