rank,title_id,title,players,percentage
1,267695549,Fortnite,107297,28.2292
2,342226876,Roblox - Xbox,62513,16.4468
3,2001700854,Call of Duty®,57618,15.159
4,1828326430,Minecraft,38826,10.2149
5,1840884885,Battlefield™,27148,7.1425
6,558797228,Rocket League®,23339,6.1404
7,1794566092,Minecraft Launcher,21705,5.7105
8,972249091,Grand Theft Auto V (Xbox One),20896,5.4976
9,1778348973,Grand Theft Auto Online (Xbox Series X|S),17680,4.6515
10,1870487792,NBA 2K26 for Xbox Series X|S,16787,4.4166
11,926771636,Tom Clancy's Rainbow Six Siege,14702,3.868
12,2030093255,Forza Horizon 5,13721,3.6099
13,2118292977,ARC Raiders,13671,3.5968
14,1794906646,Marvel Rivals,11782,3.0998
15,1909324253,EA SPORTS FC™ 26 Xbox Series X|S,11390,2.9966
16,896928775,Minecraft for Windows,11155,2.9348
17,2106683993,skate.™ (Game Preview),9880,2.5994
18,175227487,Apex Legends™,9491,2.497
19,1631143456,EA SPORTS™ Madden NFL 26,9105,2.3955
20,94618376,Overwatch®,7514,1.9769
21,2118102995,EA SPORTS™ College Football 26,7380,1.9416
22,591405932,Red Dead Redemption 2,7072,1.8606
23,1924639289,HELLDIVERS™ 2,5866,1.5433
24,1653663875,EA SPORTS FC™ 25 Xbox Series X|S,5719,1.5046
25,1746894998,Roblox - Windows,5579,1.4678
26,1759802069,EA SPORTS™ College Football 25,5047,1.3278
27,102425831,Dead by Daylight,4856,1.2776
28,1857595573,The Crew Motorfest - Xbox Series X|S,4833,1.2715
29,1993685552,UFC® 5,4802,1.2634
30,1144039928,Halo: The Master Chief Collection,4673,1.2294
31,2072546746,Madden NFL 25 Xbox Series X|S,4508,1.186
32,1891953464,CloverPit,3924,1.0324
33,629270283,Gang Beasts,3899,1.0258
34,207015551,theHunter: Call of the Wild™,3851,1.0132
35,1693340366,Hogwarts Legacy,3678,0.9677
36,144389848,Destiny 2,3617,0.9516
37,2043073184,Halo Infinite,3501,0.9211
38,2110891029,KILL IT WITH FIRE! 2,3294,0.8666
39,171869406,War Thunder,3151,0.829
40,1882096658,EA SPORTS FC™ 25 Xbox One,3099,0.8153
41,1833503116,MARVEL Cosmic Invasion,3056,0.804
42,2073302268,Ready or Not,2906,0.7646
43,1879711255,The Outer Worlds 2,2898,0.7624
44,1256782258,Fallout 4,2883,0.7585
45,80579825,Call of Duty: Black Ops III,2876,0.7567
46,1977690926,Farming Simulator 25,2848,0.7493
47,1766989558,MLB® The Show™ 25,2842,0.7477
48,1717113201,Sea of Thieves: 2026 Edition,2841,0.7475
49,1096157379,COD: Black Ops II,2831,0.7448
50,1992453063,Among Us,2733,0.719
51,2013614379,Fall Guys,2668,0.7019
52,777107394,DayZ,2628,0.6914
53,687339341,Brawlhalla,2615,0.688
54,332913499,Fallout 76,2562,0.674
55,950328474,PUBG: BATTLEGROUNDS,2493,0.6559
56,285358298,Mortal Kombat 11,2459,0.6469
57,893395429,Rust Console Edition X|S,2350,0.6183
58,2003727579,Call of Duty®: Modern Warfare® III,2345,0.617
59,1482870140,Warframe,2343,0.6164
60,222473492,Cyberpunk 2077,2324,0.6114
61,1198088771,FOR HONOR,2280,0.5999
62,1794767034,NBA 2K25 for Xbox Series X|S,2262,0.5951
63,2139646219,VALORANT,2229,0.5864
64,1953759531,Phasmophobia (Game Preview),2206,0.5804
65,252034287,The Elder Scrolls V: Skyrim Special Edition,2198,0.5783
66,1852068331,EA SPORTS FC™ 26 Xbox One,2181,0.5738
67,85494077,Microsoft Solitaire Collection,2110,0.5551
68,1928988061,ARK: Survival Ascended,2088,0.5493
69,1892245301,ELDEN RING,2085,0.5486
70,1928228122,Borderlands®4,2079,0.547
71,2063087945,PowerWash Simulator 2,2001,0.5265
72,833960563,STAR WARS™ Battlefront™ II,1953,0.5138
73,638965135,Descenders,1947,0.5122
74,1668241504,Hollow Knight: Silksong,1918,0.5046
75,1855024215,"Warhammer 40,000: Space Marine 2",1841,0.4844
76,1797327516,Palworld,1794,0.472
77,1959007243,Call of Duty®: Modern Warfare® II,1771,0.4659
78,1842668909,Forza Motorsport,1771,0.4659
79,1634930870,REMATCH,1762,0.4636
80,1161890022,Skate 3,1689,0.4444
81,1769971395,Clair Obscur: Expedition 33,1688,0.4441
82,2119939858,NHL® 26 Xbox Series X|S,1675,0.4407
83,1876694512,Madden NFL 25 Xbox One,1647,0.4333
84,1702731390,Supermarket Simulator,1646,0.4331
85,321656011,The Sims™ 4,1640,0.4315
86,1998069249,WWE 2K25 for Xbox Series X|S,1605,0.4223
87,545844082,Call of Duty®: WWII,1593,0.4191
88,2120976389,Banishers: Ghosts of New Eden,1587,0.4175
89,1848421257,eFootball™,1569,0.4128
90,374923716,Gears 5,1530,0.4025
91,1965191913,F1® 24,1529,0.4023
92,1975246356,Baldur's Gate 3,1504,0.3957
93,728655825,Plants vs. Zombies™ Garden Warfare 2,1498,0.3941
94,1646963350,NHL® 25 Xbox Series X|S,1416,0.3725
95,352040487,Tom Clancy’s The Division 2,1416,0.3725
96,1730755212,Mortal Kombat™ 1,1402,0.3689
97,1758796660,Wobbly Life,1371,0.3607
98,1096157269,Call of Duty®: Black Ops,1366,0.3594
99,1738914043,Assassin's Creed Shadows,1360,0.3578
100,1774692913,Goat Simulator 3,1334,0.351
101,1696147865,Zenless Zone Zero,1329,0.3497
102,2053080068,Genshin Impact,1326,0.3489
103,1669427955,ELDEN RING NIGHTREIGN,1305,0.3433
104,2059211995,Hollow Knight: Voidheart Edition,1303,0.3428
105,1985701699,Forza Horizon 4,1301,0.3423
106,306230746,Stardew Valley,1277,0.336
107,491582364,Need for Speed™ Heat,1267,0.3333
108,1790482525,Call of Duty®: Black Ops Cold War - Xbox Series X|S,1258,0.331
109,964706972,No Man's Sky,1256,0.3304
110,465979625,UFC® 4,1234,0.3247
111,1732013402,Grounded 2 (Game Preview),1231,0.3239
112,1671990131,MY HERO ULTRA RUMBLE,1226,0.3226
113,2099828114,THE FINALS,1222,0.3215
114,1878915001,SnowRunner,1220,0.321
115,1611895213,Disney Dreamlight Valley,1203,0.3165
116,983730484,ARK: Survival Evolved,1184,0.3115
117,961090289,Tom Clancy's Ghost Recon Breakpoint,1180,0.3105
118,1615644955,Microsoft Flight Simulator 2024,1175,0.3091
119,1161890069,FIGHT NIGHT CHAMPION,1160,0.3052
120,2132429347,Risk of Rain 2,1147,0.3018
121,1852502655,EA SPORTS FC™ 24 Xbox Series X|S,1142,0.3005
122,1728105232,Assassin's Creed Valhalla,1134,0.2983
123,183968596,UNO™,1133,0.2981
124,1973901376,Diablo® IV,1112,0.2926
125,1739375565,Minecraft Dungeons,1106,0.291
126,1815914144,Grand Theft Auto V Enhanced (PC),1103,0.2902
127,1971845611,Mount & Blade II: Bannerlord,1097,0.2886
128,1479758055,Batman™: Arkham Knight,1096,0.2884
129,2098741842,EA SPORTS FC™ 24 Xbox One,1086,0.2857
130,623325843,Cuphead,1073,0.2823
131,1019460860,DRAGON BALL XENOVERSE 2,1070,0.2815
132,964818375,Assassin's Creed Odyssey,1063,0.2797
133,1792830437,Balatro,1050,0.2762
134,609700427,Call of Duty®: Modern Warfare®,1049,0.276
135,1701108859,HITMAN 3,1040,0.2736
136,2054716369,It Takes Two,1035,0.2723
137,2138304024,Rec Room,1035,0.2723
138,283303390,Wreckfest,1030,0.271
139,1699459210,DRAGON BALL Sparking! ZERO,1026,0.2699
140,1680544459,Dying Light: The Beast,1000,0.2631
141,1615991113,New MONOPOLY®,1000,0.2631
142,1938834516,State of Decay 2: Juggernaut Edition,984,0.2589
143,1285166951,The Elder Scrolls Online,984,0.2589
144,1965142613,Golf With Your Friends,983,0.2586
145,1715349030,Asphalt Legends,980,0.2578
146,1779135141,Riders Republic™,979,0.2576
147,1761802913,Total Chaos,973,0.256
148,1679027058,Stumble Guys,964,0.2536
149,1414793202,GTA IV,945,0.2486
150,2111829961,Hell Let Loose,944,0.2484
151,1961305648,Totally Accurate Battle Simulator,944,0.2484
152,2068980019,CarX Drift Racing Online,922,0.2426
153,389597738,Terraria,917,0.2413
154,2008767227,Brotato,912,0.2399
155,1657391528,NBA 2K25 for Xbox One,912,0.2399
156,840116976,World of Tanks Modern Armor,911,0.2397
157,2010328709,Assassin's Creed® Mirage,905,0.2381
158,504085184,The Crew® 2,904,0.2378
159,1848927238,BALL x PIT,900,0.2368
160,2008623143,NINJA GAIDEN 4,888,0.2336
161,2105342780,Grounded,886,0.2331
162,1825113946,PowerWash Simulator,886,0.2331
163,1695979902,The Elder Scrolls IV: Oblivion Remastered,886,0.2331
164,45083076,Injustice™ 2,863,0.2271
165,346683864,Tom Clancy's Ghost Recon Wildlands,861,0.2265
166,1008687929,Mortal Kombat X,856,0.2252
167,2043906033,MX vs ATV Legends,848,0.2231
168,2143033449,Monster Hunter Wilds,845,0.2223
169,556718860,Assassin's Creed IV Black Flag,827,0.2176
170,1829869520,Gears of War: Reloaded,822,0.2163
171,2069980568,The First Descendant,821,0.216
172,1112737760,Fallout: New Vegas,818,0.2152
173,478449077,World of Warships: Legends,817,0.2149
174,1646978734,Police Simulator: Patrol Officers,813,0.2139
175,447911394,Far Cry® 5,811,0.2134
176,1894513996,CarX Street,795,0.2092
177,1843269941,Chivalry 2,781,0.2055
178,2079794073,Starfield,777,0.2044
179,1805568255,Trailmakers,777,0.2044
180,1850827024,F1® 25,770,0.2026
181,1949242128,SILENT HILL 2,757,0.1992
182,1925947069,FARCRY 6,747,0.1965
183,1684508835,"Warhammer 40,000: Darktide",742,0.1952
184,608369389,FAR CRY PRIMAL,739,0.1944
185,2128602192,Bluey: The Videogame,726,0.191
186,1720309872,Arma Reforger,720,0.1894
187,1840066568,Pigeon Simulator,720,0.1894
188,2104181770,The First Berserker: Khazan,715,0.1881
189,783973363,Dead Island 2,705,0.1855
190,1777860928,Microsoft Flight Simulator (2020),702,0.1847
191,312881568,Human Fall Flat,698,0.1836
192,1830948067,EA SPORTS™ PGA TOUR™,694,0.1826
193,453395486,Ultimate Chicken Horse,689,0.1813
194,1993741445,SMITE 2 (Game Preview),687,0.1807
195,792158305,Call of Duty®: Black Ops 4,684,0.18
196,1726497855,PGA TOUR 2K25,680,0.1789
197,1998461943,Assassin's Creed Unity,673,0.1771
198,1145574011,Titanfall® 2,671,0.1765
199,1790216132,Hades,651,0.1713
200,1797047526,Voidtrain,651,0.1713
201,1972007641,Kingdom Come: Deliverance II,649,0.1707
202,2106583887,TEKKEN 8,644,0.1694
203,2053555152,Yu-Gi-Oh! Master Duel,642,0.1689
204,1854680102,Delta Force,637,0.1676
205,1880561613,Madden NFL 24 Xbox Series X|S,637,0.1676
206,308190374,LEGO® Star Wars™: The Skywalker Saga,634,0.1668
207,1386529057,Battlefield™ 1,633,0.1665
208,1902585111,DOOM: The Dark Ages,628,0.1652
209,308654313,Overcooked! 2,628,0.1652
210,1671080157,Minecraft Preview,624,0.1642
211,1414793259,Red Dead Redemption,622,0.1636
212,256364670,Battlefield™ V,620,0.1631
213,345903534,Minecraft: Xbox One Edition,619,0.1629
214,219630713,Halo 5: Guardians,613,0.1613
215,1667928394,Halo Wars 2,611,0.1608
216,415619002,Watch Dogs®2,606,0.1594
217,1695638358,Vampire Survivors,603,0.1586
218,1911989187,Football Manager 26 Console,598,0.1573
219,72159092,Crash Bandicoot™ N. Sane Trilogy,597,0.1571
220,1749127985,Madden NFL 24 Xbox One,597,0.1571
221,514291876,Assassin's Creed® The Ezio Collection,595,0.1565
222,2014590773,Car Mechanic Simulator 2021,580,0.1526
223,1874191487,High On Life,580,0.1526
224,2090892978,Farming Simulator 22,579,0.1523
225,642156375,Crash™ Team Racing Nitro-Fueled,571,0.1502
226,1753744295,"Little Kitty, Big City",571,0.1502
227,1912862912,Sniper Elite: Resistance,568,0.1494
228,1938832846,STAR WARS Jedi: Survivor™,566,0.1489
229,1680433621,Young Suns,562,0.1479
230,2098787950,Age of Empires IV: Anniversary Edition,551,0.145
231,830649354,Dying Light,550,0.1447
232,2135594829,Jurassic World Evolution 2,550,0.1447
233,1730971667,7 Days to Die - Console Edition (Game Preview),547,0.1439
234,530462567,The Witcher 3: Wild Hunt – Complete Edition,546,0.1436
235,940594756,World War Z,544,0.1431
236,374621264,RESIDENT EVIL 2,539,0.1418
237,1719923985,Undisputed,526,0.1384
238,1744726864,Enlisted,523,0.1376
239,1792638437,Lost Records: Bloom & Rage,518,0.1363
240,502034863,Assassin's Creed Origins,517,0.136
241,1841062643,Hunt: Showdown 1896,517,0.136
242,2064168993,Age of Empires II: Definitive Edition,512,0.1347
243,15959542,DRAGON BALL FIGHTERZ (Xbox Series X|S),511,0.1344
244,320504455,Middle-earth™: Shadow of War™,511,0.1344
245,2021110805,Roblox - Not Supported,509,0.1339
246,1096157207,Modern Warfare® 2,507,0.1334
247,1673618851,Egging On,504,0.1326
248,1696697876,NBA 2K26 for Xbox One,503,0.1323
249,2116740682,The Grinch: Christmas Adventures - Merry & Mischievous Edition,501,0.1318
250,1966276493,Satisfactory,498,0.131
251,568182861,ASTRONEER,496,0.1305
252,1041486048,DARK SOULS™ III,489,0.1287
253,552499398,Gears of War 4,489,0.1287
254,859011533,Assassin's Creed® III Remastered,488,0.1284
255,339148107,Insurgency: Sandstorm (Windows),487,0.1281
256,1852916479,Resident Evil 4,480,0.1263
257,2103516179,The Outlast Trials,480,0.1263
258,1096157387,Modern Warfare® 3,479,0.126
259,1877908426,Tony Hawk's™ Pro Skater™ 3 + 4,478,0.1258
260,1733257076,Teardown,477,0.1255
261,1799887933,The Witcher 3: Wild Hunt,473,0.1244
262,1994003829,EA SPORTS™ FIFA 23 Standard Edition Xbox One,472,0.1242
263,1936845110,Cities: Skylines - Remastered,468,0.1231
264,1028735742,NARUTO SHIPPUDEN™: Ultimate Ninja® STORM 4,468,0.1231
265,1976117247,Path of Titans (Game Preview),468,0.1231
266,1731202267,Need for Speed™ Unbound,461,0.1213
267,666757656,Rayman Legends,461,0.1213
268,490838306,Fishing Planet,460,0.121
269,1832051520,Crime Scene Cleaner,459,0.1208
270,1096157212,Call of Duty®: WaW,456,0.12
271,791545701,Goat Simulator,455,0.1197
272,869175187,A Way Out,449,0.1181
273,837917131,Deep Rock Galactic,449,0.1181
274,2106872096,Battlefield™ 2042 Xbox Series X|S,440,0.1158
275,2031804130,Red Dead Redemption,439,0.1155
276,1818602982,RoadCraft,439,0.1155
277,2076120890,Deep Rock Galactic: Survivor,434,0.1142
278,1297287339,Gears of War 3,434,0.1142
279,1703229686,Split Fiction,433,0.1139
280,1484511986,Battlefield 4,431,0.1134
281,749311689,Plants vs. Zombies: Battle for Neighborville™,430,0.1131
282,2115352193,Pacific Drive,425,0.1118
283,945909358,Subnautica,425,0.1118
284,1793309125,WWE 2K24,425,0.1118
285,125226722,DARK SOULS™: REMASTERED,424,0.1116
286,1792227428,Indiana Jones and the Great Circle,422,0.111
287,2077953041,Clone Drone in the Danger Zone,421,0.1108
288,265691378,STEEP,420,0.1105
289,1631329360,Pixel Strike 3D,419,0.1102
290,1480657407,Plants vs. Zombies,419,0.1102
291,796798669,Call of Duty®: Infinite Warfare,418,0.11
292,2011136108,Medieval Dynasty,405,0.1066
293,244291844,Far Cry 3 Classic Edition,403,0.106
294,1857530883,NASCAR 25,399,0.105
295,794552001,The Binding of Isaac: Rebirth,399,0.105
296,1367952835,Far Cry® 4,398,0.1047
297,1465674891,Assetto Corsa,396,0.1042
298,2068332202,Abiotic Factor,395,0.1039
299,1479895282,PAYDAY 2: CRIMEWAVE EDITION,394,0.1037
300,1560034050,Assassin's Creed Syndicate,392,0.1031
301,2122392131,Winter Burrow,391,0.1029
302,1947812162,WWE 2K25 for Xbox One,390,0.1026
303,2035760753,PAW Patrol World,384,0.101
304,756981192,Borderlands 3,383,0.1008
305,1711563707,House Flipper,380,0.1
306,585771792,WATCH_DOGS™,380,0.1
307,1065708874,Skull and Bones,379,0.0997
308,1289871275,Forza Horizon 3,377,0.0992
309,2000221001,Blizzard® Arcade Collection PC,374,0.0984
310,1616563209,FragPunk,374,0.0984
311,834001943,Dying Light 2: Stay Human - Reloaded Edition,367,0.0966
312,1682363458,Avatar: Frontiers of Pandora™,365,0.096
313,56347639,Spyro™ Reignited Trilogy,364,0.0958
314,680942588,STAR WARS Jedi: Fallen Order™,364,0.0958
315,165599118,Prominence Poker,363,0.0955
316,801251286,Stick Fight: The Game,363,0.0955
317,1972063516,Sifu,362,0.0952
318,1873615541,Pool Blitz,361,0.095
319,2111887267,Sonic Racing: CrossWorlds,361,0.095
320,1707431222,Jurassic World Evolution 3,360,0.0947
321,2083870981,Who's Your Daddy?!,359,0.0945
322,422207632,Castle Crashers Remastered,356,0.0937
323,1705097731,Halls of Torment,355,0.0934
324,1889714780,Lords of the Fallen,354,0.0931
325,309834943,Wheel Of Fortune®,353,0.0929
326,1112737749,Fallout 3,350,0.0921
327,1161890004,Left 4 Dead 2,349,0.0918
328,790047319,Sekiro™: Shadows Die Twice - GOTY Edition,346,0.091
329,2113731956,Disney Speedstorm,344,0.0905
330,872826607,Vigor,342,0.09
331,1693391830,SpongeBob SquarePants™: The Patrick Star Game,341,0.0897
332,1985019983,Crash Bandicoot™ 4: It’s About Time,339,0.0892
333,847310458,South Park™: The Stick of Truth ™,339,0.0892
334,831224608,Need for Speed™ Payback,336,0.0884
335,2054685746,Mass Effect™ Legendary Edition,335,0.0881
336,1756421327,Teenage Mutant Ninja Turtles: Shredder's Revenge,334,0.0879
337,1970218801,Dead by Daylight Windows,331,0.0871
338,74304278,Tom Clancy’s The Division,329,0.0866
339,1918441274,MONOPOLY PLUS,327,0.086
340,1814675537,Grand Theft Auto: San Andreas – The Definitive Edition,325,0.0855
341,19060482,Trials® Rising,325,0.0855
342,1134837784,SMITE,323,0.085
343,1687588412,Street Fighter™ 6,321,0.0845
344,1970734247,NHL® 24 Xbox One,319,0.0839
345,1952300170,Battlefield™ 2042 Xbox One,318,0.0837
346,1922695178,PlateUp!,312,0.0821
347,625948041,Slime Rancher,311,0.0818
348,1922283524,Goat Simulator 3: Xbox One Edition,309,0.0813
349,2111261461,NBA 2K24 for Xbox One,309,0.0813
350,1204533074,Borderlands 2,308,0.081
351,1676173709,Wizard101,307,0.0808
352,247546985,Destiny,304,0.08
353,605932637,Hello Neighbor,304,0.08
354,416597888,Hungry Shark® World,304,0.08
355,1768081511,Crusader Kings III,300,0.0789
356,770775860,RESIDENT EVIL 3 for Windows,299,0.0787
357,1879115757,Trackmania®,298,0.0784
358,2046562785,Avowed,297,0.0781
359,1664487314,Football Manager 26,297,0.0781
360,980944365,Need for Speed™,293,0.0771
361,1988609509,PGA TOUR 2K23,293,0.0771
362,1745661457,Valheim,293,0.0771
363,226054795,MONSTER HUNTER: WORLD™,290,0.0763
364,954605110,Assassin’s Creed® Rogue Remastered,289,0.076
365,1808064759,FIFA 22 Xbox One,289,0.076
366,2117764661,Diablo III: Reaper of Souls – Ultimate Evil Edition,287,0.0755
367,1740172423,Totally Reliable Delivery Service,287,0.0755
368,921016611,Crossout,282,0.0742
369,2067705319,NBA 2K24 for Xbox Series X|S,281,0.0739
370,143716413,Dragon Age™: The Veilguard,280,0.0737
371,627891457,Little Nightmares II Enhanced Edition,277,0.0729
372,739464821,South Park™: The Fractured but Whole™,275,0.0724
373,1030018025,Halo Wars: Definitive Edition (PC),274,0.0721
374,2131572088,Evil West,272,0.0716
375,2108722049,Resident Evil Village,269,0.0708
376,572802557,Call of Duty®: Ghosts,268,0.0705
377,810101074,Dead Cells,268,0.0705
378,1698419011,Stellaris: Console Edition (X|S),268,0.0705
379,2143306487,NBA 2K23 for Xbox One,267,0.0702
380,1684061010,SWORN,267,0.0702
381,1997201494,Aliens: Fireteam Elite,266,0.07
382,1877522801,Age of Mythology: Retold,265,0.0697
383,514006173,Batman: Return to Arkham - Arkham City,265,0.0697
384,331135949,DOOM Eternal (BATTLEMODE),265,0.0697
385,2085228810,EA SPORTS™ WRC,265,0.0697
386,68553410,Kingdom Come: Deliverance,265,0.0697
387,1911508378,RoboCop: Rogue City,265,0.0697
388,84790147,Watch Dogs®: Legion,265,0.0697
389,1652862446,Super Mega Baseball™ 4,261,0.0687
390,1999574456,Forza Motorsport 7,259,0.0681
391,470244957,LEGO Marvel Super Heroes,258,0.0679
392,367254866,Sleeping Dogs™ Definitive Edition,258,0.0679
393,1265757851,Trials Fusion,258,0.0679
394,1877956827,Peppa Pig: World Adventures,257,0.0676
395,2067022016,Call of the Wild: The Angler™,256,0.0674
396,945976112,Rush: A DisneyPixar Adventure,256,0.0674
397,119262432,The Jackbox Party Pack 3,256,0.0674
398,1663711933,FINAL FANTASY XVI,255,0.0671
399,860666361,Plants vs. Zombies Garden Warfare,255,0.0671
400,1989106096,Sid Meier’s Civilization® VI (Windows PC),254,0.0668
401,2042794389,Demon Slayer -Kimetsu no Yaiba- The Hinokami Chronicles 2,253,0.0666
402,401515813,Enter The Gungeon,253,0.0666
403,1741206400,Little Nightmares III,252,0.0663
404,1837410971,NARAKA: BLADEPOINT,251,0.066
405,1863849961,Palia,251,0.066
406,913783821,Shadow of the Tomb Raider,250,0.0658
407,1843596190,SPLITGATE: Arena Reloaded,249,0.0655
408,1013969466,NARUTO TO BORUTO: SHINOBI STRIKER,246,0.0647
409,2093000869,Slay The Spire,246,0.0647
410,1938336894,Sledders,246,0.0647
411,1931936981,Goat Simulator: Remastered (Windows Edition),245,0.0645
412,341687485,3on3 FreeStyle,244,0.0642
413,1955966351,Black Myth: Wukong,243,0.0639
414,1997252569,Need for Speed™ Hot Pursuit Remastered,242,0.0637
415,1687693597,Assetto Corsa Competizione,240,0.0631
416,2097945335,F1® 23,240,0.0631
417,2008403666,Dead Space,238,0.0626
418,1865076226,MLB® The Show™ 24 Xbox One,238,0.0626
419,1874517142,Retro Classics,237,0.0624
420,415563833,DiRT Rally 2.0,236,0.0621
421,1880727250,Unpacking,236,0.0621
422,1297287213,Gears of War 2,234,0.0616
423,1766089184,GoldenEye 007,234,0.0616
424,1681220621,STAR WARS™ Battlefront™,234,0.0616
425,1712074146,WUCHANG: Fallen Feathers,232,0.061
426,1812294496,Mecha BREAK,231,0.0608
427,2093153073,Party Animals,231,0.0608
428,1621567212,ROUTINE,231,0.0608
429,58472989,Killer Instinct,229,0.0602
430,830718665,DRAGON BALL Z: KAKAROT,228,0.06
431,1947019474,ScootX,228,0.06
432,2120287235,Truck World: Australia - First Haul,227,0.0597
433,2142027917,Fallout Shelter,226,0.0595
434,2083429980,Nickelodeon All-Star Brawl 2,226,0.0595
435,1961670808,UFL,226,0.0595
436,1941033112,Anno 117: Pax Romana,225,0.0592
437,423941531,LEGO® Harry Potter™ Collection,225,0.0592
438,1651188120,Path of Exile 2 (Game Preview),225,0.0592
439,651668093,RESIDENT EVIL 7 biohazard,225,0.0592
440,20391045,Batman: Return to Arkham - Arkham Asylum,224,0.0589
441,1414793208,MCLA: Complete,224,0.0589
442,1933718863,SUPERHOT: MIND CONTROL DELETE,223,0.0587
443,748474487,Cities: Skylines - Windows 10 Edition,222,0.0584
444,199746733,Conan Exiles,222,0.0584
445,1943631392,Digimon Story Time Stranger,222,0.0584
446,568218779,Resident Evil 5,220,0.0579
447,1653442250,ROUNDS,220,0.0579
448,210179407,Back 4 Blood,216,0.0568
449,1907796436,DREDGE,216,0.0568
450,828985924,Resident Evil 6,216,0.0568
451,655591242,Far Cry® New Dawn,215,0.0566
452,2028975703,Superball,214,0.0563
453,1670026911,BMX Streets,213,0.056
454,1668430766,Cities: Skylines II - PC Edition,213,0.056
455,1540549950,DARK SOULS™ II: Scholar of the First Sin,213,0.056
456,1037514907,Burnout™ Paradise Remastered,212,0.0558
457,1714434521,Firefighting Simulator - The Squad,212,0.0558
458,1192666733,Mafia III,212,0.0558
459,1806088999,Monsters are Coming!,209,0.055
460,1953745880,Roboquest,209,0.055
461,384396065,Unravel Two,209,0.055
462,2047911802,For The King II,206,0.0542
463,1046363979,Rise of the Tomb Raider,206,0.0542
464,1175562227,Just Cause 3,201,0.0529
465,2080211397,Stardew Valley,201,0.0529
466,2041941014,Diablo® II: Resurrected™,200,0.0526
467,1880835530,Atomfall,199,0.0524
468,618537566,The Outer Worlds,199,0.0524
469,2154930,Call of Duty®: Modern Warfare® Remastered,198,0.0521
470,300763685,ACE COMBAT™ 7: SKIES UNKNOWN,194,0.051
471,826545257,Tomb Raider: Definitive Edition,194,0.051
472,1766088016,Farming Simulator 25 (PC),193,0.0508
473,2128853757,Cricket 24,192,0.0505
474,2005028938,S.T.A.L.K.E.R. 2: Heart of Chornobyl - Windows Edition,189,0.0497
475,875417719,Call of Duty®: Advanced Warfare,188,0.0495
476,813411968,LEGO® Marvel Super Heroes 2,188,0.0495
477,1830825388,SILENT HILL f,188,0.0495
478,2057463803,The Texas Chain Saw Massacre,188,0.0495
479,346797032,MX vs ATV All Out,186,0.0489
480,1890789689,The Casting of Frank Stone™,185,0.0487
481,1724411039,Card Storm Idle,184,0.0484
482,2122788273,Keeper,183,0.0481
483,939455454,resident evil 4 (2005),183,0.0481
484,2032762484,Descenders Next (Game Preview),182,0.0479
485,2041142160,Maximum Football,182,0.0479
486,1414793242,Bully Scholarship Ed.,181,0.0476
487,927474846,Firewatch,181,0.0476
488,956568979,Need for Speed Rivals,178,0.0468
489,2019012309,Star Wars Outlaws,178,0.0468
490,868192693,Gotham Knights,175,0.046
491,1414793189,Civilization Revolution,174,0.0458
492,1753087315,Fallout 76 (PC),174,0.0458
493,1989637637,Cooking Simulator,173,0.0455
494,1725517447,House Flipper 2,173,0.0455
495,2019267377,Madden NFL 23 Xbox One,173,0.0455
496,407534069,Neverwinter,173,0.0455
497,1827805096,Relic Hunters Legend,173,0.0455
498,256913032,TEKKEN 7,172,0.0453
499,1929807318,Call of Duty®: Vanguard - Xbox Series X|S,171,0.045
500,1708767297,Ryse: Son of Rome,171,0.045
501,1852580050,Barbie Project Friendship™,169,0.0445
502,196423588,Outlast,169,0.0445
503,1994868821,Predecessor,168,0.0442
504,1921488037,The Settlers®: New Allies,168,0.0442
505,1693830737,Alan Wake 2,167,0.0439
506,1714795112,DOOM + DOOM II,167,0.0439
507,531437752,Rogue Company,166,0.0437
508,2081484036,Superliminal,165,0.0434
509,2142076307,Anno 1800™,164,0.0431
510,1279330263,LEGO Star Wars: TCS,164,0.0431
511,1000604311,Resident Evil Revelations 2 (Episode One),164,0.0431
512,2038330799,Aimlabs,161,0.0424
513,2097321401,Blue Prince,161,0.0424
514,1898707353,Card Storm Idle (Xbox One),161,0.0424
515,2029805012,MultiVersus,161,0.0424
516,1940322572,Five Nights at Freddy's,160,0.0421
517,1611051325,Grand Theft Auto: Vice City – The Definitive Edition,159,0.0418
518,1693050229,Madden NFL 22 Xbox One,159,0.0418
519,988203152,Stellaris: Console Edition,159,0.0418
520,1621683201,Dragon's Dogma 2,158,0.0416
521,2089461712,Expeditions: A MudRunner Game,158,0.0416
522,1962559957,KINGDOM HEARTS - HD 1.5+2.5 ReMIX -,158,0.0416
523,1855426799,FINAL FANTASY XIV Online,157,0.0413
524,2128546794,NARUTO X BORUTO Ultimate Ninja STORM CONNECTIONS,156,0.041
525,1682965706,Another Crab's Treasure,155,0.0408
526,850118036,Generation Zero®,154,0.0405
527,2021058326,Way of the Hunter,154,0.0405
528,8769689,Ancestors: The Humankind Odyssey,152,0.04
529,245236582,Celeste,152,0.04
530,1327376519,DOOM,152,0.04
531,1809107273,NHL® 24 Xbox Series X|S,150,0.0395
532,366337421,Borderlands: Game of the Year Edition,149,0.0392
533,1012216522,Just Cause 4,149,0.0392
534,1792557898,Moonlighter 2: The Endless Vault,149,0.0392
535,903593533,Path of Exile,149,0.0392
536,1813085990,Road 96,149,0.0392
537,1981403899,Wolfenstein: The New Order,149,0.0392
538,1720633196,Minecraft Dungeons for Windows,148,0.0389
539,1931947471,Persona 5 Royal,148,0.0389
540,2021412862,Raft,148,0.0389
541,1846145161,Metaphor: ReFantazio,147,0.0387
542,862712929,Star Trek Online,147,0.0387
543,2041731932,Cult of the Lamb,146,0.0384
544,148078765,Madden NFL 20,146,0.0384
545,1751185882,METAL GEAR SOLID Δ: SNAKE EATER,146,0.0384
546,1616307670,PAYDAY 3,146,0.0384
547,196631666,EA SPORTS™ FIFA 20,145,0.0381
548,1655054632,My Friendly Neighborhood,145,0.0381
549,767263759,Rock Band 4,145,0.0381
550,1793764669,Zombie Army 4: Dead War,145,0.0381
551,597771444,Gems of War,144,0.0379
552,1720075101,Mafia: Definitive Edition for XBOX One,144,0.0379
553,148020354,METAL GEAR SOLID V: THE PHANTOM PAIN,144,0.0379
554,290870045,SpeedRunners,144,0.0379
555,1822990481,BLEACH Rebirth of Souls,143,0.0376
556,482947130,Clicker Heroes,143,0.0376
557,682404126,Paladins,143,0.0376
558,1694054782,Forza Motorsport 6,142,0.0374
559,1737329553,Total War: Warhammer III (Old Version),142,0.0374
560,2132291580,NBA 2K22 for Xbox One,140,0.0368
561,1931911684,Shredders,140,0.0368
562,2004071321,Black Desert - XBOX Series X|S Upgrade Install Pack,139,0.0366
563,1795379754,The Walking Dead: The Complete First Season,139,0.0366
564,1762703770,The Lord of the Rings: Return to Moria™,138,0.0363
565,1045960524,Metro Exodus,137,0.036
566,2000897177,Mortal Kombat: Legacy Kollection,137,0.036
567,1694250070,Super Animal Royale,137,0.036
568,1984504844,Bleach: Brave Souls Anime Game,136,0.0358
569,1700051314,Deceit 2,136,0.0358
570,2071676002,EA SPORTS™ FIFA 23 Standard Edition Xbox Series X|S,136,0.0358
571,848717329,Peggle 2,136,0.0358
572,1864660438,Dead Static Drive,135,0.0355
573,640703885,LEGO® Marvel's Avengers,135,0.0355
574,2029730324,Mad Max,135,0.0355
575,1705990324,Space Engineers,135,0.0355
576,1633340711,Spray Paint Simulator,135,0.0355
577,367004125,BioShock Remastered,134,0.0353
578,885488152,INSIDE,134,0.0353
579,1997835037,I Am Your Beast,133,0.035
580,1853524575,Mafia: The Old Country,133,0.035
581,1771989345,Lightyear Frontier (Game Preview),132,0.0347
582,1096157158,Modern Warfare®,132,0.0347
583,1464993751,LEGO Batman,131,0.0345
584,422246343,Tom Clancy’s Rainbow Six® Extraction,131,0.0345
585,1480657456,BattleBlock Theater,130,0.0342
586,2013541297,"Warhammer 40,000: Space Marine - Master Crafted Edition",130,0.0342
587,1811494560,Demon Slayer -Kimetsu no Yaiba- The Hinokami Chronicles,129,0.0339
588,446059611,Forza Horizon 2,129,0.0339
589,2053707080,NINJA GAIDEN 2 Black,129,0.0339
590,1957137539,Rabbids®: Party of Legends,129,0.0339
591,1995576035,Remnant II® - Standard Edition,129,0.0339
592,1518572426,Trackmania® Turbo,129,0.0339
593,895890707,ULTIMATE MARVEL VS. CAPCOM 3,129,0.0339
594,1884079219,Slime Rancher 2,128,0.0337
595,1660320477,Undertale,128,0.0337
596,1702196563,Frostpunk 2,127,0.0334
597,1480659550,Joy Ride Turbo,127,0.0334
598,1785898011,Sid Meier’s Civilization® VII,127,0.0334
599,1935604508,Train Sim World® 5: Free Starter Pack,127,0.0334
600,136002788,Farming Simulator 19,126,0.0331
601,1970109802,Madden NFL 21 Xbox One,126,0.0331
602,2043859430,Revenge of the Savage Planet,126,0.0331
603,1112934455,Star Wars Battlefront II,126,0.0331
604,1886320845,DAVE THE DIVER,125,0.0329
605,2079828144,Holdfast: Nations At War,125,0.0329
606,1801842805,Throne and Liberty,125,0.0329
607,1864882669,Persona 4 Golden,124,0.0326
608,1824086117,REANIMAL - Demo,124,0.0326
609,1735182051,SONIC X SHADOW GENERATIONS,124,0.0326
610,433376346,FIFA 18,123,0.0324
611,1884682689,Five Nights at Freddy's: Security Breach,123,0.0324
612,1251455286,Metro 2033 Redux,123,0.0324
613,2136035101,Monopoly Madness,123,0.0324
614,2028530104,Prince of Persia The Lost Crown,123,0.0324
615,33936946,Zoo Tycoon: Ultimate Animal Collection,123,0.0324
616,1801055182,Bounty Star,122,0.0321
617,975846135,LEGO® DC Super-Villains,122,0.0321
618,2106204901,ONE PIECE: PIRATE WARRIORS 4(Xbox One),122,0.0321
619,1781344339,Control Ultimate Edition - Xbox Series X|S,121,0.0318
620,1715352825,Five Nights at Freddy's 2,121,0.0318
621,1955542194,Grand Theft Auto III – The Definitive Edition,121,0.0318
622,1639666819,INAZUMA ELEVEN: Victory Road,121,0.0318
623,5433956,Dead Island Definitive Edition,120,0.0316
624,1674901200,Inscryption,120,0.0316
625,2024220276,Phantasy Star Online 2 New Genesis,120,0.0316
626,645502086,The Four Kings Casino and Slots,120,0.0316
627,1857859131,Lara Croft and the Temple of Osiris,119,0.0313
628,1414596604,Saints Row 2,119,0.0313
629,1623704813,DEATH STRANDING DIRECTOR'S CUT,118,0.031
630,1480657521,Doritos Crash Course,118,0.031
631,1645572933,Starlit Kart Racing,118,0.031
632,101393300,LEGO® Batman™ 3: Beyond Gotham,117,0.0308
633,1703086168,Microsoft Sudoku,117,0.0308
634,1728022534,Plants vs. Zombies™: Replanted,117,0.0308
635,2098462228,The Jackbox Party Pack 7,117,0.0308
636,995095203,Warface: Clutch,117,0.0308
637,1911932812,DIRT 5,116,0.0305
638,1964043658,Mafia II: Definitive Edition,116,0.0305
639,1615431074,1000xRESIST,115,0.0303
640,69094388,EA SPORTS™ FIFA 17,115,0.0303
641,1297287815,Fable Anniversary,115,0.0303
642,1297287382,Fable III,115,0.0303
643,1639060910,Minecraft Legends - Windows,115,0.0303
644,1613480279,NBA 2K20,115,0.0303
645,144439061,The Evil Within,115,0.0303
646,976905576,Dragon Age™: Inquisition,114,0.03
647,819720203,JUMP FORCE,114,0.03
648,1719118099,Manor Lords (Game Preview),113,0.0297
649,2032369368,Scott Pilgrim vs. The World™: The Game – Complete Edition,112,0.0295
650,1835926818,Hellblade II: Senua's Saga,111,0.0292
651,2081060870,Maneater,111,0.0292
652,724369121,Saints Row,111,0.0292
653,759485819,The Escapists 2,111,0.0292
654,1669281297,War Robots: Frontiers,111,0.0292
655,2141212892,33 Immortals,110,0.0289
656,924775200,Devil May Cry 5,110,0.0289
657,1659804324,Ori and the Will of the Wisps,110,0.0289
658,2132785815,Wolfenstein® II: The New Colossus™,110,0.0289
659,722006140,EA SPORTS™ UFC® 3,109,0.0287
660,1882357148,Lonely Mountains: Snow Riders,109,0.0287
661,1414793323,Max Payne 3,109,0.0287
662,1906370210,Minecraft: Java Edition,109,0.0287
663,1997535850,SpiderHeck,109,0.0287
664,108727346,Suicide Squad: Kill the Justice League,109,0.0287
665,1649441503,The Game of Life 2,109,0.0287
666,791051466,Disneyland Adventures,108,0.0284
667,1946484624,Session: Skate Sim,108,0.0284
668,2024046503,60 Seconds! Reatomized,107,0.0282
669,5117102,HITMAN™ 2,107,0.0282
670,1029888556,LEGO® Jurassic World™,107,0.0282
671,1704490079,South of Midnight,107,0.0282
672,2125557798,Still Wakes the Deep,107,0.0282
673,2101636955,Grand Theft Auto V Legacy (PC),106,0.0279
674,504827243,Life Is Strange,106,0.0279
675,1682965190,Stray,106,0.0279
676,1754564226,Atlas Fallen: Reign of Sand (Windows),105,0.0276
677,2093066399,Carrion,105,0.0276
678,2123297300,JoJo's Bizarre Adventure: All-Star Battle R,105,0.0276
679,1903138273,Sonic Frontiers,105,0.0276
680,2040766801,Test Drive Unlimited Solar Crown,105,0.0276
681,2030027058,Wartales,105,0.0276
682,1480657033,Peggle,104,0.0274
683,1007715169,Warhammer: Vermintide 2,104,0.0274
684,2084133512,Forza Horizon 4 Demo,103,0.0271
685,2067126551,Forza Motorsport 5,103,0.0271
686,1973635123,Mad Streets,103,0.0271
687,1161890070,Alice: Madness Returns,102,0.0268
688,1904044383,Minecraft Preview for Windows,102,0.0268
689,690285705,The Long Dark,102,0.0268
690,2089483628,A Plague Tale: Requiem,101,0.0266
691,1480657236,Banjo-Kazooie,101,0.0266
692,2071061510,Lies of P,101,0.0266
693,1777477395,MLB® The Show™ 21 Xbox Series X | S,101,0.0266
694,2119739112,Monster Train 2,101,0.0266
695,1903313113,Orcs Must Die! Deathtrap,101,0.0266
696,1713510228,RIDE 5,101,0.0266
697,884612576,Sonic Mania,101,0.0266
698,1161889984,Dragon Age: Origins,100,0.0263
699,935319545,FIFA 19,100,0.0263
700,25952469,Kingdom Two Crowns,100,0.0263
701,1033937373,Don't Starve Together: Console Edition,99,0.026
702,1761289795,FIFA 21 Xbox One,98,0.0258
703,583749034,SOULCALIBUR VI,98,0.0258
704,59903186,Call of Duty®: Modern Warfare® 2 Campaign Remastered,97,0.0255
705,1803631176,MechWarrior 5: Mercenaries,97,0.0255
706,2003863742,Microsoft Jigsaw,97,0.0255
707,1688839217,The Elder Scrolls V: Skyrim Special Edition (PC),97,0.0255
708,1920996408,Age of Wonders 4,96,0.0253
709,1161889999,Dante's Inferno™,96,0.0253
710,1475571605,Gears of War: Ultimate Edition,96,0.0253
711,572268056,Little Nightmares,96,0.0253
712,1777116945,Moving Out 2,96,0.0253
713,2119541613,Paint the Town Red,96,0.0253
714,1161889811,skate.,96,0.0253
715,2030752353,The Binding of Isaac: Repentance,96,0.0253
716,1414793400,Grand Theft Auto: San Andreas,95,0.025
717,1949704395,Green Hell Xbox Series X|S,95,0.025
718,1944276274,Little Rocket Lab,95,0.025
719,1718697574,OCTOPATH TRAVELER,95,0.025
720,1297287153,Fable II,94,0.0247
721,856376259,NBA 2K19,94,0.0247
722,1799461557,NBA 2K23 for Xbox Series X|S,94,0.0247
723,2042287543,Aliens: Dark Descent,93,0.0245
724,212680242,DEAD OR ALIVE 6: Core Fighters,93,0.0245
725,2098944426,MXGP 2021 - The Official Motocross Videogame,93,0.0245
726,1814244511,Nine Sols,93,0.0245
727,964019698,Immortals Fenyx Rising™,92,0.0242
728,2103789015,Monster Hunter Rise,92,0.0242
729,964214247,Saints Row IV: Re-Elected,92,0.0242
730,1480659458,Sonic Adventure™ 2 ,92,0.0242
731,1848088335,Subnautica: Below Zero,92,0.0242
732,1777774126,Visions of Mana,92,0.0242
733,398011207,LIMBO,91,0.0239
734,34441781,Saints Row The Third Remastered,91,0.0239
735,1806542452,theHunter: Call of the Wild™ - Windows 10,91,0.0239
736,1821999049,High On Life 2,90,0.0237
737,1397032978,SONIC UNLEASHED,90,0.0237
738,1846016063,"Warhammer 40,000: Rogue Trader",90,0.0237
739,60633334,7 Days to Die,89,0.0234
740,2030524086,As Dusk Falls,89,0.0234
741,2136041956,DOOM 64,89,0.0234
742,93105265,Friday the 13th: The Game,89,0.0234
743,1653696130,Microsoft Mahjong,89,0.0234
744,2086200115,OCTOPATH TRAVELER II,89,0.0234
745,1789091683,Rain World,89,0.0234
746,2042908226,Rugby League 26,89,0.0234
747,1771004118,Sniper Elite 5,89,0.0234
748,1297287125,Gears of War,88,0.0232
749,2107898177,NBA 2K21,88,0.0232
750,2046531735,Predator: Hunting Grounds,88,0.0232
751,1100121502,Dishonored® Definitive Edition,87,0.0229
752,2035456122,Grand Theft Auto VI,87,0.0229
753,2103079736,Hamster Playground,87,0.0229
754,2090474684,Poppy Playtime: Chapter 1,87,0.0229
755,1263405125,Silent Hill:  HD Collection,87,0.0229
756,1906937527,Far Cry 3 Blood Dragon Classic Edition,86,0.0226
757,1777668222,GRID Legends,86,0.0226
758,859843286,Hellblade: Senua's Sacrifice,86,0.0226
759,1022544763,HITMAN™,86,0.0226
760,1161890066,Portal 2,86,0.0226
761,1750701033,Tiny Tina's Wonderlands for Xbox Series X|S,86,0.0226
762,1767703473,Tony Hawk's™ Pro Skater™ 1 + 2,86,0.0226
763,1756919443,WWE 2K23 for Xbox One,86,0.0226
764,1128466455,ASURA'S WRATH,85,0.0224
765,1246613109,Borderlands: The Pre-Sequel,85,0.0224
766,527255540,Dishonored 2,85,0.0224
767,1880089265,Guilty Gear -Strive-,85,0.0224
768,1464993815,LEGO® Batman™ 2,85,0.0224
769,1590411380,Mass Effect™: Andromeda,85,0.0224
770,1985144601,Stranded Deep,85,0.0224
771,2109806164,World of Outlaws: Dirt Racing 24,85,0.0224
772,1976275779,ARMORED CORE™ VI FIRES OF RUBICON™,84,0.0221
773,1790217657,Five Nights at Freddy's 4,84,0.0221
774,2143308729,Monster Hunter Stories,84,0.0221
775,2075142437,Sonic Racing: CrossWorlds Demo,84,0.0221
776,1579532320,Sunset Overdrive,84,0.0221
777,591371027,Trove,84,0.0221
778,528369592,Devil May Cry HD Collection,83,0.0218
779,2109344129,FINAL FANTASY XV WINDOWS EDITION,83,0.0218
780,2012036466,Hammerwatch II,83,0.0218
781,504518218,L.A. Noire,83,0.0218
782,1297287625,Forza Horizon,82,0.0216
783,1688832803,Monster Energy Supercross - The Official Videogame 6,82,0.0216
784,1747676401,Planet Coaster 2,82,0.0216
785,1161890128,Battlefield 3™,81,0.0213
786,1754663581,MULLET MADJACK,81,0.0213
787,333628240,Quantum Break,81,0.0213
788,1747946954,Construction Simulator,80,0.021
789,1464993833,Injustice: Gods Among Us,80,0.021
790,217258585,Killing Floor 2,80,0.021
791,867642949,LEGO® Worlds,80,0.021
792,1900564739,New Super Lucky's Tale,80,0.021
793,548623535,SpongeBob SquarePants: Battle for Bikini Bottom - Rehydrated,80,0.021
794,1706610063,The Alters,80,0.021
795,610345881,The Jackbox Party Pack,80,0.021
796,39069682,The Jackbox Party Pack 2,80,0.021
797,301917535,Battlefield™ Hardline,79,0.0208
798,793598300,CODE VEIN,79,0.0208
799,1691448998,Farm Together 2,79,0.0208
800,1712655251,Garten of Banban 1,79,0.0208
801,1719232621,Hello Guest: Hello Neighbor 2 pre-alpha,79,0.0208
802,1923279922,Marvel's Guardians of the Galaxy,79,0.0208
803,1882004205,Neon Abyss,79,0.0208
804,1987587652,Overcooked! All You Can Eat,79,0.0208
805,515050978,Rare Replay,79,0.0208
806,409741425,Worms W.M.D,79,0.0208
807,1890581353,Blasphemous,78,0.0205
808,1619985048,Deadside,78,0.0205
809,102287491,Marvel's Avengers Definitive Edition,78,0.0205
810,880031210,NBA LIVE 19,77,0.0203
811,449890085,The Jackbox Party Pack 4,77,0.0203
812,1297287718,Gears of War: Judgment,76,0.02
813,87350449,NieR:Automata™ BECOME AS GODS Edition,76,0.02
814,559544937,Ori and the Blind Forest: Definitive Edition,76,0.02
815,1670311038,Persona 3 Reload,76,0.02
816,2063484815,Train Sim World® 6: Free Starter Pack,76,0.02
817,1297287259,Halo: Reach,75,0.0197
818,1654542558,Hotline Miami,75,0.0197
819,1748769487,The Jackbox Party Pack 6,75,0.0197
820,1112934373,Toy Story 3,75,0.0197
821,1479999542,Unravel,75,0.0197
822,2012953823,WWE 2K22 for Xbox One,75,0.0197
823,1632796682,DC Universe Online for Xbox Series X|S,74,0.0195
824,1112934402,LEGO Pirates of the Caribbean: The Video Game,74,0.0195
825,386788672,Cars 3: Driven to Win,73,0.0192
826,1963174058,Green Hell,73,0.0192
827,705006443,Jurassic World Evolution,73,0.0192
828,1278031123,Resident Evil,73,0.0192
829,1297287254,Fuzion Frenzy®,72,0.0189
830,357858858,KINGDOM HEARTS Ⅲ,72,0.0189
831,2110974782,MARVEL vs. CAPCOM Fighting Collection: Arcade Classics,72,0.0189
832,100764563,Sniper Elite 4,72,0.0189
833,1957310205,Streets of Rage 4,72,0.0189
834,282062756,The Walking Dead: A New Frontier - Episode 1,72,0.0189
835,231674300,The Walking Dead: Season Two,72,0.0189
836,821136798,DC Universe Online for Xbox One,71,0.0187
837,1679589975,Mortal Shell: Enhanced Edition,71,0.0187
838,1908796053,NASCAR Heat 5,71,0.0187
839,804980065,Sea of Thieves Insider,71,0.0187
840,852732437,State of Decay: Year-One,71,0.0187
841,31939361,The Walking Dead: The Final Season,71,0.0187
842,996030243,BioShock 2 Remastered,70,0.0184
843,286851285,LEGO Marvel Super Heroes Demo,70,0.0184
844,1302301894,Powerstar Golf,70,0.0184
845,1941663847,Starship Troopers: Extermination,70,0.0184
846,2051131113,TopSpin 2K25,70,0.0184
847,383880849,Transference™,70,0.0184
848,1867148258,eFootball PES 2021 SEASON UPDATE,69,0.0182
849,1616046491,Gears Tactics - Base Game,69,0.0182
850,1993022209,Hi-Fi RUSH,69,0.0182
851,1112737745,Oblivion,69,0.0182
852,1650588295,OddBallers™,69,0.0182
853,1684896411,Off The Grid (Game Preview),69,0.0182
854,1702869784,Project Motor Racing,69,0.0182
855,1642757300,SpongeBob SquarePants: Titans of the Tide Demo,69,0.0182
856,2083780130,Against the Storm,68,0.0179
857,2140283055,Baldur's Gate and Baldur's Gate II: Enhanced Editions,68,0.0179
858,1946419297,Jump Space (Game Preview),68,0.0179
859,1824138520,Mirror's Edge™ Catalyst,68,0.0179
860,1986349001,NHL® 23 Xbox One,68,0.0179
861,717702870,OUTRIDERS,68,0.0179
862,1945435013,TRIVIAL PURSUIT Live! 2,68,0.0179
863,1910114469,Deadzone: Rogue,67,0.0176
864,2055522726,Madden NFL 23 Xbox Series X|S,67,0.0176
865,1685499852,Monster Hunter Stories 2: Wings of Ruin,67,0.0176
866,386601590,Project CARS 2 Demo,67,0.0176
867,816351210,Risk: Urban Assault,67,0.0176
868,1928322650,Snooker Blitz,67,0.0176
869,1827287476,World of Outlaws: Dirt Racing,67,0.0176
870,1984358909,Expansion for Explorers Pack 1,66,0.0174
871,1928512137,FBC: Firebreak,66,0.0174
872,1611225628,JDM: Japanese Drift Master,66,0.0174
873,575414105,Life is Strange 2 - Episode 1,66,0.0174
874,511110146,Metro: Last Light Redux,66,0.0174
875,2113515818,MLB® The Show™ 23 Xbox Series X|S,66,0.0174
876,1161890157,SSX,66,0.0174
877,1431504852,Assassin's Creed,65,0.0171
878,1812456871,Battletoads,65,0.0171
879,1161889989,Brütal Legend,65,0.0171
880,1096157436,Call of Duty®: Ghosts,65,0.0171
881,1690468494,DEATHLOOP,65,0.0171
882,1673998520,F1® Manager 2024,65,0.0171
883,1860089403,Ghostwire: Tokyo,65,0.0171
884,693381002,LEGO® The Incredibles,65,0.0171
885,2098044337,Poppy Playtime: Chapter 4,65,0.0171
886,1696173302,RIDE 4,65,0.0171
887,2065981028,Rooftops & Alleys: The Parkour Game,65,0.0171
888,1480659422,The Walking Dead,65,0.0171
889,1634720918,Ultimate Custom Night,65,0.0171
890,1161889784,Army of Two™,64,0.0168
891,1025057816,Battle Ages,64,0.0168
892,1865197952,Boomerang Fu,64,0.0168
893,1817185896,Easy Red 2,64,0.0168
894,427070178,FINAL FANTASY X/X-2 HD Remaster,64,0.0168
895,1161889840,Left 4 Dead,64,0.0168
896,1414596649,MX vs ATV Reflex,64,0.0168
897,1715766926,New World: Aeternum,64,0.0168
898,1397033032,Sonic Generations,64,0.0168
899,1785174857,Spelunky 2,64,0.0168
900,1279330271,LEGO Indiana Jones,63,0.0166
901,1009393042,Middle-earth™: Shadow of Mordor™ - Game of the Year Edition,63,0.0166
902,1848367053,Star Trucker,63,0.0166
903,170773198,The Evil Within® 2,63,0.0166
904,588577476,ARCADE GAME SERIES: GALAGA,62,0.0163
905,1667881927,Redfall,62,0.0163
906,871098991,STAR WARS™: Squadrons,62,0.0163
907,1774337609,Vampire: The Masquerade® - Bloodlines™ 2,62,0.0163
908,1995157831,Wildfrost,62,0.0163
909,230716687,Biomutant,61,0.016
910,1089570315,Devil May Cry 4 Special Edition,61,0.016
911,2082961842,Jujutsu Kaisen Cursed Clash,61,0.016
912,1128466428,SUPER STREETFIGHTER IV ARCADE EDITION,61,0.016
913,1819798709,Tetris® Effect: Connected,61,0.016
914,1159891781,Wolfenstein: The Old Blood,61,0.016
915,1161889782, Medal of Honor Airborne,60,0.0158
916,278981929,[PROTOTYPE®],60,0.0158
917,274976276,ARCADE GAME SERIES: PAC-MAN,60,0.0158
918,1720478789,Gas Station Simulator,60,0.0158
919,1414596731,MX vs. ATV Alive,60,0.0158
920,521893123,ONE PIECE World Seeker,60,0.0158
921,200732952,Project CARS 2,60,0.0158
922,1649097896,SnowRunner - Windows,60,0.0158
923,1397033053,Sonic & All-Stars Racing Transformed,60,0.0158
924,836165876,The Ascent,60,0.0158
925,1847979820,FIFA 22 Xbox Series X|S,59,0.0155
926,1676550189,MY HERO ONE'S JUSTICE 2,59,0.0155
927,1768466312,Poppy Playtime: Chapter 2,59,0.0155
928,2000011414,Starlit Adventures,59,0.0155
929,1715865995,Back to the Dawn,58,0.0153
930,1777786002,Commandos: Origins,58,0.0153
931,1161890205,Dead Space™ 3,58,0.0153
932,607966981,FINAL FANTASY VII,58,0.0153
933,1867652631,Firefighting Simulator: Ignite,58,0.0153
934,1802207786,HOT WHEELS UNLEASHED™ - Windows Edition,58,0.0153
935,564131151,Kerbal Space Program Enhanced Edition,58,0.0153
936,2028723617,LEGO® Party!,58,0.0153
937,1919875042,MLB® The Show™ 22 Xbox Series X | S,58,0.0153
938,2074120545,Pax Dei,58,0.0153
939,1397033002,Aliens vs Predator,57,0.015
940,1794039305,Coral Island,57,0.015
941,1984680366,Medieval Dynasty (Xbox One),57,0.015
942,1746975118,The Jackbox Party Pack 11,57,0.015
943,551688870,XCOM® 2,57,0.015
944,1717071867,ZOMBI,57,0.015
945,1480659414,Bejeweled 3,56,0.0147
946,2079414802,CATAN® - Console Edition,56,0.0147
947,1050025307,Grand Theft Auto V,56,0.0147
948,1876744786,Killing Floor 3,56,0.0147
949,668438210,LEGO® CITY Undercover,56,0.0147
950,1764536463,LEGO® The Hobbit™,56,0.0147
951,1263405066,METAL GEAR RISING: REVENGEANCE,56,0.0147
952,1656145947,Moonlighter,56,0.0147
953,2037306921,Poppy Playtime: Chapter 3,56,0.0147
954,1313671257,TEKKEN TAG TOURNAMENT 2,56,0.0147
955,1936930219,Tell Me Why,56,0.0147
956,699731308,BioShock Infinite: The Complete Edition,55,0.0145
957,1624755708,Contraband Police,55,0.0145
958,760882151,CRSED: F.O.A.D.,55,0.0145
959,1923160643,Dead Rising 3,55,0.0145
960,1279330291,LEGO Star Wars III ,55,0.0145
961,1480657103,Metal Slug 3,55,0.0145
962,2072176568,Pinball FX,55,0.0145
963,886895461,The Jackbox Party Pack 5,55,0.0145
964,909545209,Ashen,54,0.0142
965,972461615,Battle Islands,54,0.0142
966,1983212679,Bloons TD 6,54,0.0142
967,1693676973,Clue,54,0.0142
968,1736409202,DEEEER Simulator: Your Average Everyday Deer Game,54,0.0142
969,12206284,eFootball PES 2020,54,0.0142
970,1893542225,PIPE by BMX Streets,54,0.0142
971,907086072,Prey,54,0.0142
972,1128466401,STREET FIGHTER IV,54,0.0142
973,1431504903,TC's RainbowSix Vegas2,54,0.0142
974,1850945804,Age of Empires III: Definitive Edition,53,0.0139
975,1925965033,Battlefield™ 6 Open Beta,53,0.0139
976,1898092029,Inops,53,0.0139
977,399942284,LEGO® Jurassic World™ Demo,53,0.0139
978,374430704,NBA 2K17,53,0.0139
979,1633458467,SteamWorld Build,53,0.0139
980,1701212022,The Jackbox Party Pack 8,53,0.0139
981,1211542442,Valiant Hearts: The Great War,53,0.0139
982,974586226,We Happy Few,53,0.0139
983,2115124995,Card Storm Idle (Windows),52,0.0137
984,1906143168,Crusader Kings III,52,0.0137
985,1957968654,Destroy All Humans! - Clone Carnage,52,0.0137
986,1663990634,GigaBash,52,0.0137
987,2102232082,Heretic + Hexen,52,0.0137
988,369157937,MARVEL VS. CAPCOM: INFINITE,52,0.0137
989,1480657498,Super Meat Boy,52,0.0137
990,2070921614,Bayonetta,51,0.0134
991,1963141187,Crypt Custodian,51,0.0134
992,1161890015,Dead Space™ 2,51,0.0134
993,506903100,Madden NFL 18,51,0.0134
994,1973367334,MindsEye,51,0.0134
995,1648684496,Sonic Origins,51,0.0134
996,1874376911,Splitgate,51,0.0134
997,1853160773,STAR WARS™: Battlefront Classic Collection,51,0.0134
998,155936527,Street Fighter 30th Anniversary Collection,51,0.0134
999,951560105,Control,50,0.0132
1000,1267471686,DEAD OR ALIVE 5 Last Round: Core Fighters,50,0.0132
1001,2052426459,EA SPORTS™ FIFA 16,50,0.0132
1002,1801537563,F1® 2021,50,0.0132
1003,1775780452,Just Dance Free Experience,50,0.0132
1004,1889321756,Microsoft Minesweeper,50,0.0132
1005,1620704918,Minami Lane,50,0.0132
1006,304932652,NHL® 21,50,0.0132
1007,1935747145,Prototype®2,50,0.0132
1008,914276891,RAGE 2,50,0.0132
1009,1833883015,Rust Console Edition X|S - Public Test Branch,50,0.0132
1010,240091546,SUPERHOT,50,0.0132
1011,1480656879,Zuma,50,0.0132
1012,1115757811,Alien: Isolation,49,0.0129
1013,1480657079,Castle Crashers,49,0.0129
1014,1631581287,Cronos: The New Dawn,49,0.0129
1015,2143007580,Great God Grove,49,0.0129
1016,1297287142,Halo 3,49,0.0129
1017,2043794712,Kingdoms and Castles,49,0.0129
1018,717669198,Madden NFL 19,49,0.0129
1019,1464993789,Mortal Kombat,49,0.0129
1020,971220532,NBA 2K Playgrounds 2,49,0.0129
1021,340920273,Overcooked,49,0.0129
1022,2056655762,Remnant: From the Ashes,49,0.0129
1023,2006710939,Skater XL,49,0.0129
1024,1480657445,Sonic Adventure,49,0.0129
1025,1793645165,THE KING OF FIGHTERS XV Standard Edition,49,0.0129
1026,1431505078,Tom Clancy’s Splinter Cell® Blacklist™,49,0.0129
1027,849613404,Dragon's Dogma: Dark Arisen,48,0.0126
1028,552778408,EA SPORTS™ UFC® 2,48,0.0126
1029,273290529,Idle Champions of the Forgotten Realms,48,0.0126
1030,534004979,Microsoft Ultimate Word Games,48,0.0126
1031,1618827907,Starbound,48,0.0126
1032,1788169756,Taxi Life: A City Driving Simulator,48,0.0126
1033,1678459920,Towerborne,48,0.0126
1034,1792749432,Alan Wake Remastered,47,0.0124
1035,524641908,Assassin's Creed® Chronicles: China,47,0.0124
1036,824378203,Crackdown 3: Campaign,47,0.0124
1037,1628280816,Faaast Penguin,47,0.0124
1038,2014650813,Minecraft: Story Mode - Episode 1: The Order of the Stone,47,0.0124
1039,1606375163,Pinball FX3,47,0.0124
1040,1743049130,Quake II,47,0.0124
1041,1615232474,The Walking Dead: The Telltale Definitive Series,47,0.0124
1042,62572131,The Wolf Among Us,47,0.0124
1043,2028925271,Trepang2,47,0.0124
1044,1297287154,Viva Piñata,47,0.0124
1045,1161889896,BLACK™,46,0.0121
1046,84648031,Bulletstorm: Full Clip Edition,46,0.0121
1047,1880193218,Century: Age of Ashes,46,0.0121
1048,2096821037,DOOM 3,46,0.0121
1049,374274123,EA SPORTS™ NHL® 19,46,0.0121
1050,1828807544,Harry Potter: Quidditch Champions,46,0.0121
1051,105831487,NARUTO SHIPPUDEN™: Ultimate Ninja® STORM 3 Full Burst,46,0.0121
1052,469309830,NARUTO™: Ultimate Ninja® STORM,46,0.0121
1053,838746653,Phoenix Wright: Ace Attorney Trilogy,46,0.0121
1054,1871994086,Planet Zoo: Console Edition,46,0.0121
1055,852431422,ReCore,46,0.0121
1056,1480657485,Space Invaders: IG,46,0.0121
1057,1798733099,Teenage Mutant Ninja Turtles: Splintered Fate,46,0.0121
1058,1848191014,TUNIC,46,0.0121
1059,449394673,Vampyr,46,0.0121
1060,1707142453,WWE 2K23 for Xbox Series X|S,46,0.0121
1061,49709880,Anthem™,45,0.0118
1062,1480657237,Banjo-Tooie,45,0.0118
1063,1297287149,Banjo Kazooie: N n B,45,0.0118
1064,1659464109,Elite Dangerous Core,45,0.0118
1065,1480656881,Feeding Frenzy,45,0.0118
1066,2137885631,FIFA 21 Xbox Series X|S,45,0.0118
1067,1840565677,Island Saver,45,0.0118
1068,1480659436,NBA JAM: On Fire Edition,45,0.0118
1069,2147115693,Project Wingman,45,0.0118
1070,1843641391,Quake,45,0.0118
1071,217831213,RISK,45,0.0118
1072,1793267614,Techtonica (Game Preview),45,0.0118
1073,1161889807,The Orange Box,45,0.0118
1074,2004428777,WILD HEARTS™ Standard Edition,45,0.0118
1075,1307429766,Worms Battlegrounds,45,0.0118
1076,1297287132,Crackdown,44,0.0116
1077,1270951403,Dead Rising 4,44,0.0116
1078,1894948980,Dreamcore,44,0.0116
1079,2068802336,Drift Legends 2,44,0.0116
1080,643918998,NARUTO SHIPPUDEN™: Ultimate Ninja® STORM 4 Demo,44,0.0116
1081,1431505028,Rayman® Origins,44,0.0116
1082,1414596717,Saints Row®: The Third™ ,44,0.0116
1083,978050046,ShellShock Live,44,0.0116
1084,1755825192,The LEGO Movie Videogame,44,0.0116
1085,659391373,WWE 2K16,44,0.0116
1086,869628338,Attack on Titan 2,43,0.0113
1087,1761060600,Happy Wars,43,0.0113
1088,1970836204,Hotline Miami 2: Wrong Number,43,0.0113
1089,894121859,LEGO® MARVEL's Avengers DEMO,43,0.0113
1090,1947900602,Like a Dragon: Infinite Wealth,43,0.0113
1091,2118184557,Monster Jam Steel Titans 2,43,0.0113
1092,1685135803,NHL® 22 Xbox One,43,0.0113
1093,1805770178,PAW Patrol Mighty Pups Save Adventure Bay,43,0.0113
1094,1691013379,Secret Neighbor,43,0.0113
1095,1732062836,Solo Leveling: ARISE OVERDRIVE,43,0.0113
1096,2037196689,SpongeBob SquarePants: Titans of the Tide,43,0.0113
1097,1279330258,Star Wars: The Force Unleashed,43,0.0113
1098,1899691698,Super Fantasy Kingdom (Game Preview),43,0.0113
1099,1313671164,TEKKEN 6,43,0.0113
1100,654883159,The LEGO® NINJAGO® Movie Video Game,43,0.0113
1101,1779788068,9 Kings (Game Preview),42,0.011
1102,1628688048,Atomic Heart,42,0.011
1103,1823385601,Bassmaster® Fishing,42,0.011
1104,1313671226,Dark Souls™,42,0.011
1105,696196977,DRAGON BALL XENOVERSE,42,0.011
1106,1757807931,FINAL FANTASY TACTICS - The Ivalice Chronicles,42,0.011
1107,1112737785,Morrowind,42,0.011
1108,605857900,Quiplash,42,0.011
1109,1726756158,Spiritfarer®: Farewell Edition,42,0.011
1110,1861545287,Tainted Grail: The Fall of Avalon,42,0.011
1111,2047601430,Truck and Logistics Simulator,42,0.011
1112,337857707,Bendy and the Ink Machine,41,0.0108
1113,2136950563,Bugsnax,41,0.0108
1114,1790537707,Core Keeper,41,0.0108
1115,1782579390,DPS Idle,41,0.0108
1116,1983248568,Eiyuden Chronicle: Hundred Heroes,41,0.0108
1117,1689264723,FIFA 15,41,0.0108
1118,293003647,Microsoft Wordament,41,0.0108
1119,1414596574,MX vs. ATV: Untamed,41,0.0108
1120,1702524932,Power Rangers: Battle for the Grid,41,0.0108
1121,1112934452,STAR WARS KOTOR,41,0.0108
1122,1860058296,TT Isle Of Man: Ride on the Edge 3,41,0.0108
1123,2026693193,Bus Simulator 21 Next Stop,40,0.0105
1124,1852853299,Call of Duty®: WWII (Windows),40,0.0105
1125,1723836102,Cookie Clicker,40,0.0105
1126,686783342,Divinity: Original Sin 2 - Definitive Edition,40,0.0105
1127,2021453818,FINAL FANTASY VIII Remastered,40,0.0105
1128,1757959613,Jujutsu Kaisen Cursed Clash DEMO,40,0.0105
1129,1935490407,Little Nightmares Enhanced Edition,40,0.0105
1130,385764340,MX vs. ATV Supercross Encore,40,0.0105
1131,1751733247,Doki Doki Literature Club Plus!,39,0.0103
1132,1431505036,Far Cry 3,39,0.0103
1133,1613695074,Five Nights at Freddy's 3,39,0.0103
1134,1480656849,Hexic HD,39,0.0103
1135,1249526091,Madden NFL 16,39,0.0103
1136,1994181526,Madden NFL 21 Xbox Series X|S,39,0.0103
1137,1687910025,Mahjong by Microsoft,39,0.0103
1138,2028627076,Marvel's Midnight Suns for Xbox Series X|S,39,0.0103
1139,1070680307,MudRunner,39,0.0103
1140,1864659895,Sniper Ghost Warrior Contracts 2,39,0.0103
1141,1112934454,Star Wars Battlefront,39,0.0103
1142,2017944493,Super Mega Baseball 3,39,0.0103
1143,1840411466,Untitled Goose Game,39,0.0103
1144,1161889756,Burnout Revenge,38,0.01
1145,1096157137,Call of Duty® 2,38,0.01
1146,1297287356,Crackdown 2,38,0.01
1147,439107693,Dungeon Defenders II,38,0.01
1148,1804401706,F1® 22 Xbox Series X|S,38,0.01
1149,1941002186,ON THE ROAD - The Truck Simulator,38,0.01
1150,162448742,Outer Wilds,38,0.01
1151,587488276,Outlast 2,38,0.01
1152,1726129713,Planet Coaster: Console Edition,38,0.01
1153,129325438,SONIC FORCES,38,0.01
1154,82653045,Starlink: Battle for Atlas,38,0.01
1155,1843694822,The Quarry for Xbox Series X|S,38,0.01
1156,1480657242,Trials HD,38,0.01
1157,1278892798,TRIVIAL PURSUIT LIVE!,38,0.01
1158,1755599316,Age of Empires Definitive Edition,37,0.0097
1159,416307002,ARCADE GAME SERIES: DIG DUG,37,0.0097
1160,2024847837,Bee Simulator,37,0.0097
1161,886999858,Duke Nukem 3D: 20th Anniversary World Tour,37,0.0097
1162,1774172067,HOT WHEELS UNLEASHED™ 2 - Turbocharged,37,0.0097
1163,1911404173,Immortals of Aveum™,37,0.0097
1164,2094642688,Just Shapes & Beats,37,0.0097
1165,1693003201,MotoGP™25 - Xbox One,37,0.0097
1166,961593710,NHL® 20,37,0.0097
1167,1169551644,Saints Row: Gat out of Hell,37,0.0097
1168,1811697311,World War Z,37,0.0097
1169,531971604,WWE 2K19,37,0.0097
1170,2004944930,Crime Simulator,36,0.0095
1171,1777438490,Devil May Cry 5 Special Edition,36,0.0095
1172,1952256197,F1 2020,36,0.0095
1173,731662901,Monster Energy Supercross - The Official Videogame,36,0.0095
1174,2036178233,Monster Energy Supercross 25 - The Official Video Game,36,0.0095
1175,2036125374,Neon White,36,0.0095
1176,2052095073,Ravenswatch,36,0.0095
1177,1414596561,Saints Row,36,0.0095
1178,1646985614,Space Jam: A New Legacy - The Game,36,0.0095
1179,1431504907,SplinterCellConviction,36,0.0095
1180,496534680,Wolfenstein: Youngblood,36,0.0095
1181,1744345373,WWE 2K22 for Xbox Series X|S,36,0.0095
1182,2116409537,Yu-Gi-Oh! Legacy of the Duelist : Link Evolution,36,0.0095
1183,1161889879,Dead Space™,35,0.0092
1184,1797553917,DYNASTY WARRIORS: ORIGINS,35,0.0092
1185,1662474270,Eternal Strands,35,0.0092
1186,1692871917,Frozen Free Fall: Snowball Fight,35,0.0092
1187,1669831089,Gold Mining Simulator,35,0.0092
1188,488156801,GreedFall,35,0.0092
1189,1962388658,Like a Dragon: Pirate Yakuza in Hawaii,35,0.0092
1190,1161889872,Mirror's Edge™,35,0.0092
1191,1867295360,Monster Sanctuary,35,0.0092
1192,2002584553,Puzzle Quest 3,35,0.0092
1193,1469186547,Resident Evil 0,35,0.0092
1194,271965907,Wasteland 3,35,0.0092
1195,2073237270,60 Parsecs!,34,0.0089
1196,2016203684,Alaskan Road Truckers: Highway Edition,34,0.0089
1197,1464993832,Batman: Arkham Origins,34,0.0089
1198,1793054097,Carrion,34,0.0089
1199,1146095621,Earth Defense Force 2025,34,0.0089
1200,2109927239,Five Nights at Freddy's: Sister Location,34,0.0089
1201,1984491277,Grim Idle (Xbox One),34,0.0089
1202,1678225803,Idle Wizard (Xbox One),34,0.0089
1203,2014880780,Madden NFL 17,34,0.0089
1204,1955779192,MechWarrior 5: Clans,34,0.0089
1205,1997603662,Minion Masters,34,0.0089
1206,1998994208,Monster Energy Supercross - The Official Videogame 3,34,0.0089
1207,1781365913,Monster Train,34,0.0089
1208,1802714933,Pathfinder: Wrath of the Righteous,34,0.0089
1209,1709856057,RoboCop: Rogue City - Unfinished Business,34,0.0089
1210,1414596688,SpongeBob: Truth-Sq.,34,0.0089
1211,1953589006,Yakuza 0,34,0.0089
1212,2019604779,Cricket 26 - The Official Game of the Ashes,33,0.0087
1213,907587004,Dead Island: Riptide Definitive Edition,33,0.0087
1214,1161890059,Dragon Age™ 2,33,0.0087
1215,1814325409,Fantasy Dash,33,0.0087
1216,1927102516,Herdling,33,0.0087
1217,1480657258,Hydro Thunder,33,0.0087
1218,2047199918,Isonzo (Windows),33,0.0087
1219,1044501532,Jeopardy!,33,0.0087
1220,1742982949,MotoGP™24,33,0.0087
1221,94171386,MXGP3,33,0.0087
1222,285742376,NBA 2K16,33,0.0087
1223,650779126,NBA 2K18,33,0.0087
1224,1480657346,Perfect Dark,33,0.0087
1225,1005790042,Resident Evil 7 Teaser: Beginning Hour,33,0.0087
1226,1740860919,Sniper Ghost Warrior Contracts,33,0.0087
1227,1431504955,Assassin's Creed II,32,0.0084
1228,23570566,Batman - The Telltale Series - Episode 1: Realm of Shadows,32,0.0084
1229,1841011808,Blizzard® Arcade Collection,32,0.0084
1230,293785190,Bloons TD 5,32,0.0084
1231,2035296401,Capcom Arcade 2nd Stadium,32,0.0084
1232,1728448413,DmC Devil May Cry: Definitive Edition,32,0.0084
1233,1678270415,Farm Together,32,0.0084
1234,1343080382,LEGO® Batman™ 3: Beyond Gotham Demo,32,0.0084
1235,2016417527,Life is Strange Remastered,32,0.0084
1236,2092112354,Monster Jam™ Showdown,32,0.0084
1237,893913058,MX Unleashed,32,0.0084
1238,1413679064,Ninja Gaiden Black,32,0.0084
1239,2029650168,Overthrown,32,0.0084
1240,1883914934,RENNSPORT,32,0.0084
1241,1868826586,RimWorld Console Edition,32,0.0084
1242,192928167,Rocksmith 2014,32,0.0084
1243,2112462799,Sengoku Dynasty,32,0.0084
1244,1947725080,Skul: The Hero Slayer,32,0.0084
1245,1719207328,TERMINATOR: RESISTANCE - COMPLETE EDITION,32,0.0084
1246,1946103240,Tomb Raider I-III Remastered Starring Lara Croft,32,0.0084
1247,1431505090,Assassin’s Creed® IV,31,0.0082
1248,1802600743,Capcom Arcade Stadium,31,0.0082
1249,1871238901,Crime Boss: Rockay City,31,0.0082
1250,1678781072,DayZ - Experimental,31,0.0082
1251,1724847740,Dead Island 2 (Windows),31,0.0082
1252,1650442817,Deus Ex: Mankind Divided™,31,0.0082
1253,852849518,Digimon Survive,31,0.0082
1254,2005346857,Idle Wizard,31,0.0082
1255,1931921361,Monster Energy Supercross - The Official Videogame 5,31,0.0082
1256,1909911128,NASCAR Heat 4,31,0.0082
1257,487177805,Prison Architect: Xbox One Edition,31,0.0082
1258,757817533,PRO EVOLUTION SOCCER 2019,31,0.0082
1259,1112934375,Split/Second,31,0.0082
1260,1279330290,Star Wars: The Force Unleashed II,31,0.0082
1261,1040009086,Super Lucky's Tale,31,0.0082
1262,19615130,Super Mega Baseball: Extra Innings,31,0.0082
1263,759471095,ARCADE GAME SERIES: Ms. PAC-MAN,30,0.0079
1264,1480656967,Castlevania: SOTN,30,0.0079
1265,1625569842,Choo-Choo Charles,30,0.0079
1266,856892583,Darksiders II Deathinitive Edition,30,0.0079
1267,1885511808,Date Everything!,30,0.0079
1268,320506923,Dead Rising 2,30,0.0079
1269,1653679338,Flintlock: The Siege of Dawn,30,0.0079
1270,2093028006,Hole io,30,0.0079
1271,1679509385,Kill It With Fire,30,0.0079
1272,2081039845,Lost in Random: The Eternal Die,30,0.0079
1273,2030792699,PGA TOUR 2K21,30,0.0079
1274,1745314691,Psychonauts 2,30,0.0079
1275,472512000,Resident Evil Revelations,30,0.0079
1276,275132544,SEGA® Genesis Classics™,30,0.0079
1277,1633152429,SONIC SUPERSTARS,30,0.0079
1278,90400189,SUPER BOMBERMAN R,30,0.0079
1279,1872765418,Tales of Arise (Xbox Series X|S),30,0.0079
1280,2058683262,Teenage Mutant Ninja Turtles: Mutants Unleashed,30,0.0079
1281,1047413393,TERA,30,0.0079
1282,1987184613,The Jackbox Party Pack 9,30,0.0079
1283,2102173616,Whiskerwood (Game Preview),30,0.0079
1284,1849227144,WWE 2K20,30,0.0079
1285,1431505070,Assassin's Creed® III ,29,0.0076
1286,1736384528,Ben 10: Power Trip,29,0.0076
1287,1178929117,Bound by Flame,29,0.0076
1288,1953182469,DRAGON QUEST® XI S: Echoes of an Elusive Age™ - Definitive Edition,29,0.0076
1289,2109350810,Dungeons Of Hinterberg,29,0.0076
1290,1464993747,F.E.A.R. 2,29,0.0076
1291,1855217179,Golf With Your Friends (Windows Version),29,0.0076
1292,1902411725,Hell is Us,29,0.0076
1293,530599647,Homefront®: The Revolution,29,0.0076
1294,1480657497,Lara Croft: GoL,29,0.0076
1295,1279330285,LEGO® Indiana Jones™ 2,29,0.0076
1296,565406974,LEGO® STAR WARS™: The Force Awakens,29,0.0076
1297,1873450782,MXGP 2020 - The Official Motocross Videogame,29,0.0076
1298,2037558339,My Friend Peppa Pig,29,0.0076
1299,1691152104,MY HERO ONE'S JUSTICE 2 Demo,29,0.0076
1300,1480657248,Portal: Still Alive,29,0.0076
1301,967641964,Realm Royale Reforged,29,0.0076
1302,2048545274,Rubber Bandits,29,0.0076
1303,1866950192,Shady Part of Me,29,0.0076
1304,1112934458,STAR WARS KOTOR II,29,0.0076
1305,1128640842,The Escapists,29,0.0076
1306,1181281124,Thief,29,0.0076
1307,1292135256,Titanfall,29,0.0076
1308,2073119116,Trials® Rising Demo,29,0.0076
1309,1690524168,Wo Long: Fallen Dynasty,29,0.0076
1310,233177124,Battle Islands: Commanders,28,0.0074
1311,1414793340,Borderlands 2,28,0.0074
1312,206503430,Clustertruck,28,0.0074
1313,2113258996,Core Keeper,28,0.0074
1314,1112934422,Disney Epic Mickey 2: The Power of Two,28,0.0074
1315,2028637067,Drug Dealer Simulator,28,0.0074
1316,1480657036,Feeding Frenzy 2,28,0.0074
1317,1733044130,Madden NFL 22 Xbox Series X|S,28,0.0074
1318,2110168941,The Rogue Prince of Persia™,28,0.0074
1319,1480659987,The Walking Dead: Season Two,28,0.0074
1320,1464993828,The Witcher 2: Assassins of Kings,28,0.0074
1321,2145202828,Tricking 0,28,0.0074
1322,2142309066,WWE 2K Battlegrounds,28,0.0074
1323,981110874,WWE 2K18,28,0.0074
1324,2007033271,80's OVERDRIVE,27,0.0071
1325,969381141,A Plague Tale: Innocence,27,0.0071
1326,1096157153,Call of Duty® 3,27,0.0071
1327,2144913935,Castlevania Anniversary Collection,27,0.0071
1328,2017702583,Dauntless,27,0.0071
1329,1885859783,FATAL FURY: City of the Wolves,27,0.0071
1330,159583079,Gear.Club Unlimited 2 - Ultimate Edition,27,0.0071
1331,1952945858,Hello Engineer Demo,27,0.0071
1332,42119495,Killer Instinct Classic,27,0.0071
1333,1833447683,Legacy of Kain™ Soul Reaver 1&2 Remastered,27,0.0071
1334,2119300209,Life is Strange: Double Exposure,27,0.0071
1335,1891931390,MXGP 2021 - The Official Motocross Videogame - Xbox Series X|S,27,0.0071
1336,1727613823,Overcooked! 2,27,0.0071
1337,827416995,Pure Pool,27,0.0071
1338,1112737772,RAGE,27,0.0071
1339,2100312943,SCARLET NEXUS,27,0.0071
1340,1781047490,Shin Megami Tensei V: Vengeance,27,0.0071
1341,1774685333,Volcano Princess,27,0.0071
1342,2094867598,XIII,27,0.0071
1343,71300661,ACA NEOGEO THE KING OF FIGHTERS 2002,26,0.0068
1344,2023402980,Achilles: Legends Untold,26,0.0068
1345,1708780346,Are You Smarter Than A 5th Grader?,26,0.0068
1346,338995079,Batman: The Enemy Within - Episode 1,26,0.0068
1347,1112934398,Cars 2: The Video Game,26,0.0068
1348,1729654407,Company of Heroes 3,26,0.0068
1349,1297287892,Conker: Live and Reloaded,26,0.0068
1350,1622132960,Dead Cells,26,0.0068
1351,376779456,Death Road to Canada,26,0.0068
1352,1954227024,DRAGON BALL: THE BREAKERS,26,0.0068
1353,1770590742,Football Manager 2024 Console,26,0.0068
1354,1991431474,Grim Idle,26,0.0068
1355,1297287449,Halo 4,26,0.0068
1356,671807457,Portal Knights,26,0.0068
1357,1431505091,Rayman® Legends,26,0.0068
1358,1704562600,Rugby 25,26,0.0068
1359,912691842,Sudden Strike 4 - European Battlefields Edition,26,0.0068
1360,213257000,TerraTech,26,0.0068
1361,1763653276,Transport Fever 2: Console Edition,26,0.0068
1362,1816197116,Wheel World,26,0.0068
1363,1480659433,Zuma's Revenge!,26,0.0068
1364,1445607414,Assassin's Creed® Chronicles: Russia,25,0.0066
1365,2003473581,Citizen Sleeper,25,0.0066
1366,1161890190,Crysis® 3,25,0.0066
1367,406842057,Dead Rising,25,0.0066
1368,1788513791,DRAGON BALL Z: KAKAROT Demo Version,25,0.0066
1369,1955982965,Gunfire Reborn,25,0.0066
1370,387693234,Hawken,25,0.0066
1371,1091024470,Magic Duels,25,0.0066
1372,778400368,NBA 2K14,25,0.0066
1373,1010226785,One Piece: Burning Blood,25,0.0066
1374,474501413,RIDE 3,25,0.0066
1375,1297287263,Viva Piñata: TIP,25,0.0066
1376,1148805248,Yu-Gi-Oh! Legacy of the Duelist,25,0.0066
1377,579423182,Agony,24,0.0063
1378,1950164627,Antstream Arcade - Annual,24,0.0063
1379,810050544,Beach Buggy Racing,24,0.0063
1380,1161889806,C&C3,24,0.0063
1381,1618801140,CRISIS CORE –FINAL FANTASY VII– REUNION,24,0.0063
1382,1634898195,Darkwood,24,0.0063
1383,2020032940,HAWKED,24,0.0063
1384,1414793190,Mafia II,24,0.0063
1385,1752331738,One Leaves,24,0.0063
1386,2128854962,One Lonely Outpost,24,0.0063
1387,1898652037,SOUTH PARK: SNOW DAY!,24,0.0063
1388,1664251645,TEKKEN 8 - DEMO,24,0.0063
1389,2051503466,The Callisto Protocol,24,0.0063
1390,1811248495,The Jackbox Party Pack 10,24,0.0063
1391,1910952414,TRIALS of MANA,24,0.0063
1392,716478832,TT Isle of Man,24,0.0063
1393,644829211,Turok 2: Seeds of Evil,24,0.0063
1394,2075589952,"Warhammer 40,000: Boltgun - Windows",24,0.0063
1395,2091194104,Wreckfest,24,0.0063
1396,1480656966,Alien Hominid HD,23,0.0061
1397,2076917277,Army of Ruin,23,0.0061
1398,1414793191,Borderlands,23,0.0061
1399,1914086330,Broforce,23,0.0061
1400,1965711939,Capcom Fighting Collection 2,23,0.0061
1401,1512517621,Child of Light,23,0.0061
1402,1096157460,COD: Advanced Warfare,23,0.0061
1403,1916758859,Donut County,23,0.0061
1404,1629928134,DRAGON QUEST III HD-2D Remake,23,0.0061
1405,1824003155,Family Feud®,23,0.0061
1406,363774594,Farming Simulator 17,23,0.0061
1407,1727396789,FINAL FANTASY,23,0.0061
1408,1296697298,Full Game - Psychonauts,23,0.0061
1409,1660075534,Hunting Simulator 2 Xbox One,23,0.0061
1410,1843760263,LEGO® 2K Drive for Xbox Series X|S,23,0.0061
1411,1464993839,Midway Arcade Origins,23,0.0061
1412,485601591,NARUTO SHIPPUDEN™: Ultimate Ninja® STORM 2,23,0.0061
1413,1820656575,NHL® 23 Xbox Series X|S,23,0.0061
1414,303799945,Nickelodeon Kart Racers,23,0.0061
1415,1831668171,Opus Castle,23,0.0061
1416,2011093308,Pacify,23,0.0061
1417,1432033734,Pinball Arcade,23,0.0061
1418,2117095676,Planet of Lana,23,0.0061
1419,1128466461,Resident Evil Operation Raccoon City,23,0.0061
1420,1889456287,Roller Champions™,23,0.0061
1421,2073736638,Scrabble,23,0.0061
1422,1955054478,Smalland: Survive the Wilds,23,0.0061
1423,2016279503,SOPA - Tale of the Stolen Potato,23,0.0061
1424,1161890298,SSX 3,23,0.0061
1425,1112934456,Star Wars Jedi Knight: Jedi Academy,23,0.0061
1426,1618733759,Star Wars Outlaws - Free Demo,23,0.0061
1427,1649102497,SWORD ART ONLINE Fractured Daydream,23,0.0061
1428,1781945767,Wizard of Legend 2,23,0.0061
1429,1791400679,Yakuza: Like a Dragon,23,0.0061
1430,100154526,Baja: Edge of Control HD,22,0.0058
1431,1480656850,Bejeweled 2,22,0.0058
1432,1161889888,C&C Red Alert 3,22,0.0058
1433,2008066354,Car Mechanic Simulator,22,0.0058
1434,1727909174,Crossy Road Castle Demo,22,0.0058
1435,725442241,Darksiders Warmastered Edition,22,0.0058
1436,2102421406,Day of the Tentacle Remastered,22,0.0058
1437,355178688,DiRT 4,22,0.0058
1438,2061746629,Don't Starve: Giant Edition,22,0.0058
1439,476517807,Gravel,22,0.0058
1440,1755179727,Grim Fandango Remastered,22,0.0058
1441,1480656912,Heavy Weapon,22,0.0058
1442,1825883295,Hidden Cats in Rio de Janeiro,22,0.0058
1443,1799885509,Labyrinthine - Console Edition,22,0.0058
1444,2071372034,Lawn Mowing Simulator,22,0.0058
1445,2147358433,Madden NFL 15,22,0.0058
1446,650249872,Metal Gear Solid V: Ground Zeroes,22,0.0058
1447,582279671,Moto Racer 4 Demo,22,0.0058
1448,311896559,Mount & Blade: Warband,22,0.0058
1449,905842411,Mutant Football League,22,0.0058
1450,2105152828,OCTOPATH TRAVELER 0 Prologue Demo,22,0.0058
1451,1960926264,Phoenix Point,22,0.0058
1452,1542414577,Plague Inc: Evolved,22,0.0058
1453,1715636420,Pummel Party,22,0.0058
1454,1947938436,Shotgun Farmers,22,0.0058
1455,1480657342,Spelunky,22,0.0058
1456,2142487375,Teenage Mutant Ninja Turtles: The Cowabunga Collection,22,0.0058
1457,1937610303,Two Point Museum,22,0.0058
1458,940586683,Wizard of Legend,22,0.0058
1459,1662853043,Blasphemous 2,21,0.0055
1460,1161889850,C&C3: Kane's Wrath,21,0.0055
1461,370169912,Contrast,21,0.0055
1462,1940736818,Darkest Dungeon II,21,0.0055
1463,137510457,Dishonored®: Death of the Outsider™,21,0.0055
1464,2071918696,DRAGON QUEST I & II HD-2D Remake,21,0.0055
1465,536104326,EA SPORTS™ UFC® Demo,21,0.0055
1466,344311848,For The King,21,0.0055
1467,1877135456,Freddy Fazbear's Pizzeria Simulator,21,0.0055
1468,682562723,Halo: Spartan Assault,21,0.0055
1469,1397819396,Hitman: Absolution,21,0.0055
1470,1279330257,LEGO Star Wars II,21,0.0055
1471,1128466413,LOST PLANET 2,21,0.0055
1472,28152906,Lovers in a Dangerous Spacetime,21,0.0055
1473,333701857,Mega Man X Legacy Collection,21,0.0055
1474,1696456823,NBA 2K22 for Xbox Series X|S,21,0.0055
1475,1698989872,PICO PARK 2,21,0.0055
1476,1743961068,Race The Sun,21,0.0055
1477,585971749,Super Mega Baseball 2,21,0.0055
1478,1979014977,The Crew,21,0.0055
1479,1005415207,The Golf Club 2019 featuring PGA TOUR,21,0.0055
1480,1754770560,Unicorn Overlord,21,0.0055
1481,1297287173,Alan Wake,20,0.0053
1482,1161889960,Battlefield Bad Company 2,20,0.0053
1483,364804937,BATTLESHIP®,20,0.0053
1484,189838548,Bus Simulator,20,0.0053
1485,1297287249,Crimson Skies®: High Road to Revenge™,20,0.0053
1486,1748951836,Disco Elysium - The Final Cut,20,0.0053
1487,1480657049,Domino Master,20,0.0053
1488,1748036661,Electrician Simulator,20,0.0053
1489,1431504912,Far Cry® 2,20,0.0053
1490,1646082476,Galacticare,20,0.0053
1491,1704351342,Hello Neighbor 2,20,0.0053
1492,1926053898,Hunt: Showdown 1896 (Windows),20,0.0053
1493,1773156258,Jurassic Park Classic Games Collection,20,0.0053
1494,1297287162,Lost Odyssey,20,0.0053
1495,1414793292,Max Payne,20,0.0053
1496,1649675719,Max: The Curse of Brotherhood,20,0.0053
1497,2132252311,Olympic Games Tokyo 2020 – The Official Video Game™,20,0.0053
1498,939615894,Paw Patrol: On a Roll,20,0.0053
1499,779253028,RIDE Demo,20,0.0053
1500,1804278141,Rugby 22 Xbox One,20,0.0053
1501,1734582052,S.T.A.L.K.E.R.: Shadow of Chornobyl - Enhanced Edition,20,0.0053
1502,1847402697,ScreamRide,20,0.0053
1503,1762712365,Stellaris,20,0.0053
1504,2079765251,Streets of Rogue,20,0.0053
1505,2036345770,The Dark Pictures Anthology House of Ashes,20,0.0053
1506,1731548634,The Dark Pictures Anthology: Little Hope,20,0.0053
1507,1761411767,THE HOUSE OF THE DEAD: Remake,20,0.0053
1508,1983809908,The Precinct,20,0.0053
1509,1731121397,The Quarry for Xbox One,20,0.0053
1510,2070685355,to a T,20,0.0053
1511,995443207,Verdun,20,0.0053
1512,433738637,Adventure Time: Pirates of the Enchiridion,19,0.005
1513,1958267791,AK-xolotl: Together,19,0.005
1514,1723509320,Amazing Frog? (Game Preview),19,0.005
1515,1742707305,Ambulance Life: A Paramedic Simulator,19,0.005
1516,1297287135,Blue Dragon,19,0.005
1517,400142602,Costume Quest 2,19,0.005
1518,1161890152,Crysis,19,0.005
1519,217802058,Darkest Dungeon®,19,0.005
1520,524859112,Darksiders III,19,0.005
1521,1822577333,Dead Rising Deluxe Remaster,19,0.005
1522,2013511408,DOOM Eternal (BATTLEMODE - PC),19,0.005
1523,2050929089,DUCKSIDE (Game Preview),19,0.005
1524,1997023214,FINAL FANTASY IX,19,0.005
1525,1926605815,Funko Fusion,19,0.005
1526,1297287250,Jade Empire™,19,0.005
1527,1898106366,Little Ralph - Trial,19,0.005
1528,1297287144,Mass Effect,19,0.005
1529,505222320,Monster Jam Steel Titans,19,0.005
1530,1957255658,MORDHAU,19,0.005
1531,1833175061,MXGP 2019 - The Official Motocross Videogame,19,0.005
1532,1548866781,MXGP2,19,0.005
1533,1757462338,Ni no Kuni Wrath of the White Witch™ Remastered,19,0.005
1534,1698508835,PGA TOUR 2K25 First Look,19,0.005
1535,1375792807,Pool Nation FX,19,0.005
1536,1987589092,Surviving Mars: Relaunched,19,0.005
1537,412423425,SWORD ART ONLINE Alicization Lycoris,19,0.005
1538,1842335063,The Mortuary Assistant,19,0.005
1539,1675176110,The Outer Worlds,19,0.005
1540,1633778685,The Stanley Parable: Ultra Deluxe,19,0.005
1541,1628698678,Thief Simulator,19,0.005
1542,2050010864,Two Point Hospital™,19,0.005
1543,2012594000,US Conflict — Tank Battles,19,0.005
1544,1835497756,Agents of Mayhem,18,0.0047
1545,132590840,Assassin's Creed® Chronicles: India,18,0.0047
1546,1859542622,Contra Anniversary Collection,18,0.0047
1547,1843804163,Cooking Simulator Windows,18,0.0047
1548,1480657460,Crazy Taxi,18,0.0047
1549,1480659910,DuckTales: Remastered,18,0.0047
1550,1813362885,FIFA 14,18,0.0047
1551,152270586,FINAL FANTASY XII THE ZODIAC AGE,18,0.0047
1552,1397819364,FINAL FANTASY XIII,18,0.0047
1553,1803141715,Football Manager 2024,18,0.0047
1554,2043510457,Friends vs Friends,18,0.0047
1555,2036291363,Garten of Banban 8: Anti Devil,18,0.0047
1556,1297287176,Halo Wars,18,0.0047
1557,1960955312,I Am Fish,18,0.0047
1558,1873893114,Just Die Already,18,0.0047
1559,2105228747,Killer Klowns From Outer Space: The Game,18,0.0047
1560,1819998160,LEGO® Voyagers,18,0.0047
1561,2045560230,LIMBO,18,0.0047
1562,803175056,MXGP PRO,18,0.0047
1563,1634565765,NHL® 94 REWIND,18,0.0047
1564,1059087507,Octodad: Dadliest Catch,18,0.0047
1565,1902591469,Outward: Definitive Edition,18,0.0047
1566,1759144821,PAC-MAN WORLD 2 Re-PAC,18,0.0047
1567,2048381683,PAC-MAN WORLD Re-PAC,18,0.0047
1568,1815686049,Paper io 2,18,0.0047
1569,2100880776,Pentiment,18,0.0047
1570,1914565485,Risk of Rain,18,0.0047
1571,1957476784,Sniper Elite V2 Remastered,18,0.0047
1572,1112934459,Star Wars Republic Commando,18,0.0047
1573,2002977221,Tails of Iron,18,0.0047
1574,1785417254,The Oregon Trail,18,0.0047
1575,1905686946,Tropico 6 - Next Gen Edition,18,0.0047
1576,1480657371,A World of Keflings ,17,0.0045
1577,1692343738,A.I.L.A,17,0.0045
1578,1783702427,AEW: Fight Forever,17,0.0045
1579,1161889798,Burnout Paradise,17,0.0045
1580,1743219650,Disney Epic Mickey: Rebrushed,17,0.0045
1581,2146688994,Fallout 4 (PC),17,0.0045
1582,1804966091,Forager,17,0.0045
1583,1519874468,Forza Horizon 2 Presents Fast & Furious,17,0.0045
1584,1683674669,Ghostbusters: Spirits Unleashed Ecto Edition,17,0.0045
1585,2010890559,Hunting Simulator 2 Xbox Series X|S,17,0.0045
1586,1977008263,JoJo's Bizarre Adventure: All-Star Battle R Demo Version,17,0.0045
1587,1668424649,Kulebra and the Souls of Limbo: Closure Edition,17,0.0045
1588,1844460632,Metro Exodus Enhanced Edition,17,0.0045
1589,380023945,Monster Energy Supercross - The Official Videogame 2,17,0.0045
1590,1948147176,Moving Out,17,0.0045
1591,1343920370,NBA 2K15,17,0.0045
1592,737714383,ONE PIECE BURNING BLOOD - DEMO,17,0.0045
1593,269677862,PING REDUX,17,0.0045
1594,950358266,Ride 2,17,0.0045
1595,1885214706,Snooker 19,17,0.0045
1596,1836687833,Sonic Colors: Ultimate,17,0.0045
1597,1628869222,Soulstone Survivors,17,0.0045
1598,1883232264,STAR WARS™ Episode I Racer,17,0.0045
1599,1933264626,Survivalist: Invisible Strain,17,0.0045
1600,1768536074,Symphonia 𝄞,17,0.0045
1601,2141647881,Tales from the Borderlands - Episode 1: Zer0 Sum,17,0.0045
1602,1619109702,Tales of Symphonia Remastered,17,0.0045
1603,1582065954,The LEGO Movie Videogame DEMO,17,0.0045
1604,239008106,Tropico 5 - Penultimate Edition,17,0.0045
1605,580901123,Tropico 6,17,0.0045
1606,566278,WWE 2K17,17,0.0045
1607,1480657115,A Kingdom for Keflings,16,0.0042
1608,1679168855,A Quiet Place: The Road Ahead,16,0.0042
1609,2130794071,Apollo Justice: Ace Attorney Trilogy,16,0.0042
1610,311085527,Brawlout,16,0.0042
1611,232457702,Broken Age,16,0.0042
1612,1480659632,Call of Juarez® Gunslinger,16,0.0042
1613,1755920678,Creatures of Ava,16,0.0042
1614,2062455421,Fernbus Simulator,16,0.0042
1615,1864215620,Five Nights at Freddy's: Help Wanted,16,0.0042
1616,2063170939,Frostpunk: Console Edition,16,0.0042
1617,1480657151,Geometry Wars Evolved²,16,0.0042
1618,1700344676,Ghostbusters: The Video Game Remastered,16,0.0042
1619,1844195280,Go Mecha Ball,16,0.0042
1620,488865290,Gravel Demo,16,0.0042
1621,1396901851,Hitman: Blood Money,16,0.0042
1622,2028720746,Junkyard Simulator,16,0.0042
1623,1396901863,Just Cause 2,16,0.0042
1624,1891684356,Lost in Random™,16,0.0042
1625,1777243206,Lost Judgment,16,0.0042
1626,1161890141,Mass Effect™ 3,16,0.0042
1627,1112934453,Mercenaries,16,0.0042
1628,2049727100,METAL GEAR SOLID - Master Collection Version,16,0.0042
1629,1906672574,Middle-earth™: Shadow of Mordor™,16,0.0042
1630,14233261,Minecraft: Story Mode - Season Two - Episode 1,16,0.0042
1631,2028520097,My Friend Pedro,16,0.0042
1632,1702914632,Poker Club,16,0.0042
1633,2040578587,SHINOBI: Art of Vengeance,16,0.0042
1634,1916393313,SIGNALIS,16,0.0042
1635,1813223937,SongPop Party,16,0.0042
1636,2002882362,Squirrel with a Gun,16,0.0042
1637,1397819363,Supreme Commander 2,16,0.0042
1638,1397622748,THE KING OF FIGHTERS XIII,16,0.0042
1639,605741753,The LEGO Movie 2 Videogame,16,0.0042
1640,1431504921,Tom Clancy's Splinter Cell® Chaos Theory™,16,0.0042
1641,792914248,Tricky Towers,16,0.0042
1642,495493033,Turok,16,0.0042
1643,689916261,"Warhammer 40,000: Inquisitor - Martyr Ultimate Edition",16,0.0042
1644,2008301104,Wildgate,16,0.0042
1645,2069636428,WINGSPAN,16,0.0042
1646,2008811924,Wolfenstein II: The New Colossus,16,0.0042
1647,2040239934,XDefiant,16,0.0042
1648,1019936697,#IDARB,15,0.0039
1649,1297287893,Blinx: The Time Sweeper,15,0.0039
1650,1739606934,Castlevania Advance Collection,15,0.0039
1651,768615691,Chess Ultra,15,0.0039
1652,402672897,Death Squared,15,0.0039
1653,1825676269,Digimon Story Time Stranger Demo,15,0.0039
1654,1234432164,EA SPORTS™ Rory McIlroy PGA TOUR®,15,0.0039
1655,1817638967,Echoes of the End: Enhanced Edition,15,0.0039
1656,1644006979,ENDLESS Legend™ 2,15,0.0039
1657,942676443,F1™ 2016,15,0.0039
1658,1661863954,FATE: Reawakened,15,0.0039
1659,408481962,FIFA 18 Demo,15,0.0039
1660,548611852,FIFA 20 Demo,15,0.0039
1661,1727852104,FINAL FANTASY VI,15,0.0039
1662,1784112295,Godfall,15,0.0039
1663,2144211794,Iron Harvest Complete Edition,15,0.0039
1664,1749806231,Keep Talking and Nobody Explodes,15,0.0039
1665,850034103,Killer Instinct 2 Classic,15,0.0039
1666,70112963,Knight Squad,15,0.0039
1667,2028645063,Legend of Mana,15,0.0039
1668,1708233397,LEGO® Harry Potter™ Collection,15,0.0039
1669,2017169801,LOLLIPOP CHAINSAW RePOP,15,0.0039
1670,1480657433,Might & Magic Clash of Heroes™,15,0.0039
1671,664898642,NASCAR Heat 3,15,0.0039
1672,1802006334,Neon Abyss,15,0.0039
1673,1696832928,NHRA Championship Drag Racing: Speed For All,15,0.0039
1674,1932565641,Pikuniku,15,0.0039
1675,802418004,RESIDENT EVIL RESISTANCE,15,0.0039
1676,2100742349,Sir Whoopass: Immortal Death,15,0.0039
1677,1811169840,Slay The Spire,15,0.0039
1678,405775731,Surviving Mars,15,0.0039
1679,1997447389,The Dark Pictures Anthology: The Devil in Me,15,0.0039
1680,2127247278,Thief Simulator 2,15,0.0039
1681,1673810447,Tony Stewart's All-American Racing,15,0.0039
1682,1611397404,UBOAT,15,0.0039
1683,2002870555,A Little to the Left,14,0.0037
1684,1899658354,Aero Cosmos,14,0.0037
1685,1616326452,Arcadegeddon,14,0.0037
1686,965872275,Ben 10,14,0.0037
1687,1663573292,Bendy and the Dark Revival,14,0.0037
1688,1946485937,Besiege Console,14,0.0037
1689,1952427486,Bloodstained: Ritual of the Night,14,0.0037
1690,1024154899,Boggle,14,0.0037
1691,1935688591,Daemon X Machina: Titanic Scion,14,0.0037
1692,1867293778,Darwin Project,14,0.0037
1693,274219762,Dead Rising 2 Off the Record,14,0.0037
1694,1397819386,DEUS EX: HUMAN REVOLUTION,14,0.0037
1695,1129121853,DiRT 3,14,0.0037
1696,1621285366,DOOM (1993),14,0.0037
1697,532569395,Drawful 2,14,0.0037
1698,1431505022,Driver San Francisco,14,0.0037
1699,242301355,EA SPORTS™ NHL® 16,14,0.0037
1700,548464799,EA SPORTS™ UFC®,14,0.0037
1701,984363462,Graveyard Keeper,14,0.0037
1702,1705150859,Greedland,14,0.0037
1703,1873492766,KINGDOM HEARTS HD 2.8 Final Chapter Prologue,14,0.0037
1704,1900811986,Kingdoms of Amalur: Re-Reckoning,14,0.0037
1705,1128466398,LOST PLANET COLONIES,14,0.0037
1706,1926489287,Marvel's Midnight Suns for Xbox One,14,0.0037
1707,956590734,Mega Man Legacy Collection 2,14,0.0037
1708,1297549289,Mortal Kombat vs. DCU,14,0.0037
1709,1839786246,Murdered: Soul Suspect,14,0.0037
1710,1263929316,NINJA GAIDEN 3: RE,14,0.0037
1711,1480656913,PAC-MAN,14,0.0037
1712,838726055,PRO EVOLUTION SOCCER 2018,14,0.0037
1713,753024882,Red Faction Guerrilla Re-Mars-tered,14,0.0037
1714,1128466466,RESIDENT EVIL CODE: Veronica X,14,0.0037
1715,1738390204,Rivals of Aether,14,0.0037
1716,1693521674,Rumbleverse,14,0.0037
1717,1263339510,Saints Row IV,14,0.0037
1718,1613348546,Sea of Stars: Sunset Edition,14,0.0037
1719,1709151881,Ship Graveyard Simulator 2,14,0.0037
1720,2015678791,SILENT HILL 2 Bonus Content (Digital Artbook and Soundtrack）,14,0.0037
1721,1692656490,SNIPER Ghost Warrior 3,14,0.0037
1722,2128705961,Solitaire HD,14,0.0037
1723,1624769204,Talisman: Digital Edition,14,0.0037
1724,1825800558,Temtem,14,0.0037
1725,1668095237,The Jackbox Naughty Pack,14,0.0037
1726,2029175168,The Plucky Squire,14,0.0037
1727,20605635,The Surge,14,0.0037
1728,1480657581,Trials Evolution,14,0.0037
1729,1658477123,Unturned,14,0.0037
1730,1677025209,Wolfenstein: The New Order (PC),14,0.0037
1731,1900124001,WRC 10 FIA World Rally Championship Xbox One,14,0.0037
1732,181948997,WWE 2K15,14,0.0037
1733,1431504989,Assassin's Creed Brotherhood,13,0.0034
1734,487844727,Assault Android Cactus,13,0.0034
1735,846846419,Attack on Titan 2 Demo,13,0.0034
1736,1042452848,Aven Colony,13,0.0034
1737,1396901865,Battlestations Pacific,13,0.0034
1738,1844143156,Beach Buggy Racing 2: Island Adventure,13,0.0034
1739,2049111049,Bendy and the Ink Machine (Xbox Series X|S),13,0.0034
1740,1414793309,BioShock Infinite,13,0.0034
1741,1631604623,Biped 2,13,0.0034
1742,1736678881,Bleeding Edge,13,0.0034
1743,231858691,Bomber Crew,13,0.0034
1744,1650593751,Calico,13,0.0034
1745,2012135933,Castlevania Dominus Collection,13,0.0034
1746,1676653592,Citizen Sleeper 2: Starward Vector,13,0.0034
1747,1730984142,Danganronpa 2: Goodbye Despair Anniversary Edition,13,0.0034
1748,1619542068,Dawn of Man,13,0.0034
1749,125143641,Deadlight: Director's Cut,13,0.0034
1750,1680662849,Destroy All Humans! 2 - Reprobed,13,0.0034
1751,2049241881,Entropy Survivors,13,0.0034
1752,1866455351,Fallout 3: Game of the Year Edition,13,0.0034
1753,1655237678,Fallout: New Vegas Ultimate Edition,13,0.0034
1754,885797626,Fishing Sim World®: Pro Tour,13,0.0034
1755,1835944487,Five Nights at Freddy's Into the Pit,13,0.0034
1756,1616852724,Full Throttle Remastered,13,0.0034
1757,1694490701,FuzzBall,13,0.0034
1758,1618662965,Garfield Kart Furious Racing,13,0.0034
1759,2126757651,Ghostrunner,13,0.0034
1760,1480656868,Hardwood Spades,13,0.0034
1761,1964820394,Hotline Miami Collection,13,0.0034
1762,1480657557,Iron Brigade,13,0.0034
1763,1741183625,Juiced Fruit Racing Demo,13,0.0034
1764,1966310183,Just Dance® 2022,13,0.0034
1765,1297287122,Kameo,13,0.0034
1766,2036022873,Little Misfortune,13,0.0034
1767,1632270119,Megaton Rainfall,13,0.0034
1768,593565047,MY HERO ONE’S JUSTICE,13,0.0034
1769,1413679061,NINJA GAIDEN II,13,0.0034
1770,1868841248,Nobody Saves the World,13,0.0034
1771,1692022171,OCTOPATH TRAVELER 0,13,0.0034
1772,2121532136,Once Upon A KATAMARI,13,0.0034
1773,1146095594,Onechanbara,13,0.0034
1774,806794764,Override: Mech City Brawl,13,0.0034
1775,116849471,Pro Evolution Soccer 2017,13,0.0034
1776,1907381044,Project Cars,13,0.0034
1777,1822591938,Revenge of the Savage Planet PC,13,0.0034
1778,1823082250,Sally Face,13,0.0034
1779,1726081569,Seal: WHAT the FUN,13,0.0034
1780,2031266067,Sker Ritual,13,0.0034
1781,1147123126,Skylanders Trap Team,13,0.0034
1782,269700535,Sniper Elite 3,13,0.0034
1783,1480659614,Sonic the Fighters,13,0.0034
1784,1967529255,SpongeBob SquarePants: The Cosmic Shake,13,0.0034
1785,1874881573,Tales of Kenzera™: ZAU,13,0.0034
1786,225007476,Team Sonic Racing™,13,0.0034
1787,1977179260,TES IV: Oblivion Remastered - Digital Artbook & Original Soundtrack,13,0.0034
1788,1651647141,The Boat Grandma,13,0.0034
1789,1668285033,The Exit 8,13,0.0034
1790,1619933938,The Survivalists,13,0.0034
1791,1313671253,The Witcher 2,13,0.0034
1792,1683840789,Tomb Raider IV-VI Remastered,13,0.0034
1793,1396901868,Tomb Raider Underworld,13,0.0034
1794,1905434171,TRAIL OUT,13,0.0034
1795,1959830280,Virtua Fighter 5 R.E.V.O. World Stage,13,0.0034
1796,861949148,What Remains of Edith Finch,13,0.0034
1797,1851310927,Who Wants to Be a Millionaire?,13,0.0034
1798,2056599614,Wreckreation,13,0.0034
1799,1998643149,Yakuza Kiwami,13,0.0034
1800,2075295469,Amber Alert Director's cut,12,0.0032
1801,1678543324,Aragami 2,12,0.0032
1802,1431505102,Assassin's Creed® Rogue,12,0.0032
1803,1926653926,Astria Ascending,12,0.0032
1804,1397032979,BAYONETTA,12,0.0032
1805,1414793176,BioShock,12,0.0032
1806,1263405065,Castlevania LoS,12,0.0032
1807,1669682262,Defense Grid 2,12,0.0032
1808,1754131742,Diamond Painting ASMR,12,0.0032
1809,338090394,Dirt Rally,12,0.0032
1810,153292310,Disney Infinity 3.0 Edition,12,0.0032
1811,2125974437,Door Kickers: Action Squad,12,0.0032
1812,492699383,EA SPORTS™ NHL® 17,12,0.0032
1813,134413498,EA SPORTS™ NHL® 18,12,0.0032
1814,2134693780,EVERSPACE™ 2,12,0.0032
1815,1756983532,Evil Genius 2: World Domination,12,0.0032
1816,1989956835,Evolve,12,0.0032
1817,332903703,Fibbage: The Hilarious Bluffing Party Game,12,0.0032
1818,1756167397,FINAL FANTASY XVI DEMO,12,0.0032
1819,1711556027,Garten of Banban 2,12,0.0032
1820,1431504947,Ghost Recon: Future Soldier™,12,0.0032
1821,1297287601,Halo: Combat Evolved Anniversary,12,0.0032
1822,1996335028,He is Coming (Game Preview),12,0.0032
1823,1917135799,HYPERCHARGE Unboxed,12,0.0032
1824,2020925735,Make Way,12,0.0032
1825,196597117,Mega Man X Legacy Collection 2,12,0.0032
1826,2045704503,Metaball,12,0.0032
1827,1480656988,N+,12,0.0032
1828,113198981,NBA 2K18: The Prelude,12,0.0032
1829,83029588,NBA LIVE 18: The One Edition,12,0.0032
1830,1977174786,ONE PIECE ODYSSEY,12,0.0032
1831,1893912101,Party Panic,12,0.0032
1832,1712366974,PC Building Simulator,12,0.0032
1833,1297287123,Perfect Dark Zero,12,0.0032
1834,1624743884,Persona 3 Portable,12,0.0032
1835,275673036,Pillars of Eternity: Complete Edition,12,0.0032
1836,1848728299,Pinball FX Midnight,12,0.0032
1837,1813984116,Resident Evil 4 Chainsaw Demo,12,0.0032
1838,434412541,Rise of the Tomb Raider,12,0.0032
1839,2028931904,Rugby 20,12,0.0032
1840,2025898879,Rugby 22 Xbox Series X|S,12,0.0032
1841,818066257,Rugby League Live 4,12,0.0032
1842,2068415611,Rust Console Edition - Public Test Branch,12,0.0032
1843,2045526445,S.T.A.L.K.E.R.: Clear Sky - Enhanced Edition,12,0.0032
1844,1179584488,Sniper Elite V2,12,0.0032
1845,1480656996,Sonic The Hedgehog,12,0.0032
1846,1917594775,Stampede: Racing Royale (Game Preview),12,0.0032
1847,2009073182,Steelrising - Standard Edition,12,0.0032
1848,2002404032,Stranded: Alien Dawn,12,0.0032
1849,2060188345,Street Fighter™ 6 Demo,12,0.0032
1850,597690024,SWORD ART ONLINE: FATAL BULLET,12,0.0032
1851,308135722,Tales of Vesperia™: Definitive Edition,12,0.0032
1852,1671975688,Tales of Xillia Remastered,12,0.0032
1853,1431504854,TC's RainbowSix Vegas,12,0.0032
1854,706437546,The Awesome Adventures of Captain Spirit,12,0.0032
1855,1891258006,The Bard's Tale ARPG : Remastered and Resnarkled,12,0.0032
1856,890454034,The Dark Pictures Anthology: Man Of Medan,12,0.0032
1857,1396901866,Tomb Raider: Anniv.,12,0.0032
1858,1022548859,Truck Driver,12,0.0032
1859,1983962095,"Warhammer 40,000: Battlesector",12,0.0032
1860,1760893557,Warlander,12,0.0032
1861,1926895632,We Were Here,12,0.0032
1862,1886146911,Yet Another Zombie Survivors,12,0.0032
1863,593828894,Absolver,11,0.0029
1864,1975041917,Amnesia: The Bunker,11,0.0029
1865,1161889868,Army of Two™ (EU),11,0.0029
1866,1431505017,Assassin's Creed Revelations,11,0.0029
1867,2042945112,Atomicrops,11,0.0029
1868,975485641,Back to the Future: The Game - 30th Anniversary Edition,11,0.0029
1869,1854415183,Barn Finders,11,0.0029
1870,2039195750,Blacksad - Under the Skin (Xbox Series),11,0.0029
1871,1969372075,BlazBlue: Cross Tag Battle Special Edition,11,0.0029
1872,1698796012,Bloons TD 6,11,0.0029
1873,2102100337,Cake Bash Demo,11,0.0029
1874,435779585,Capcom Beat 'Em Up Bundle,11,0.0029
1875,1480657529,Costume Quest ,11,0.0029
1876,1414596758,Darksiders II,11,0.0029
1877,106901580,Destroy All Humans!,11,0.0029
1878,1721217822,Drake Hollow,11,0.0029
1879,2046176982,Empire of Sin,11,0.0029
1880,2015929879,Evil Dead: The Game,11,0.0029
1881,1880744816,Farming Simulator 22 (PC),11,0.0029
1882,461914906,FIFA 19 Demo,11,0.0029
1883,1691849278,FINAL FANTASY IV,11,0.0029
1884,2022315423,Gunsmith Simulator,11,0.0029
1885,447331588,I Am Bread,11,0.0029
1886,389571069,LEGO® Dimensions™,11,0.0029
1887,1615197965,Let's Build a Zoo,11,0.0029
1888,1925242158,Library Of Ruina,11,0.0029
1889,542819315,Life is Strange: Before the Storm Episode 1,11,0.0029
1890,1694487955,Life is Strange: True Colors,11,0.0029
1891,1841790832,Little Nightmares II Enhanced Edition - Windows,11,0.0029
1892,1128466480,Lost Planet 3,11,0.0029
1893,1893250709,Matchpoint - Tennis Championships | DEMO,11,0.0029
1894,1944950992,MotoGP™22 - Windows Edition,11,0.0029
1895,607267025,N++ (NPLUSPLUS),11,0.0029
1896,1846760960,Nickelodeon Kart Racers 3: Slime Speedway,11,0.0029
1897,2105140633,NieR Replicant ver.1.22474487139...,11,0.0029
1898,2039473401,NINJA GAIDEN Σ,11,0.0029
1899,484684099,PAC-MAN 256,11,0.0029
1900,676432066,PAC-MAN™ CHAMPIONSHIP EDITION 2,11,0.0029
1901,2008358711,Painkiller,11,0.0029
1902,2142624894,PHOGS! Demo,11,0.0029
1903,227770627,Riverbond,11,0.0029
1904,1652661000,Rugby Challenge 4,11,0.0029
1905,1889657958,S.T.A.L.K.E.R.: Call of Prypiat - Enhanced Edition,11,0.0029
1906,1779343248,Sclash,11,0.0029
1907,52620879,Scribblenauts Showdown,11,0.0029
1908,1060097466,Serious Sam Collection,11,0.0029
1909,1161889919,Skate 2,11,0.0029
1910,844274714,Skylanders Imaginators,11,0.0029
1911,1907729638,Solasta: Crown of the Magister,11,0.0029
1912,1480656995,Sonic The Hedgehog 2,11,0.0029
1913,1414793283,Spec Ops: The Line,11,0.0029
1914,2051631747,Spectre Divide,11,0.0029
1915,2039224282,Super Monkey Ball Banana Mania,11,0.0029
1916,972022825,Tetris® Ultimate,11,0.0029
1917,2013672301,The Gunk,11,0.0029
1918,1637976314,The Jackbox Survey Scramble,11,0.0029
1919,1858859325,The Thing: Remastered,11,0.0029
1920,52523189,Trials of the Blood Dragon,11,0.0029
1921,474535578,WARRIORS OROCHI 4,11,0.0029
1922,912199926,Yet Another Zombie Defense HD,11,0.0029
1923,2146391417,60 Seconds! Reatomized Demo,10,0.0026
1924,1038499153,A Hat in Time,10,0.0026
1925,1480659507,Alan Wake's American Nightmare ®,10,0.0026
1926,1790332447,Alien: Rogue Incursion Evolved Edition,10,0.0026
1927,880413309,Amnesia: Collection,10,0.0026
1928,1611092700,Ara History Untold: Anniversary Edition,10,0.0026
1929,670545608,Armored Warfare,10,0.0026
1930,2061970650,BLACKTAIL,10,0.0026
1931,883799031,Bless Unleashed,10,0.0026
1932,2037855727,Block Puzzle Jewels Classic,10,0.0026
1933,1617823540,Bomb Rush Cyberfunk,10,0.0026
1934,2077036451,Cake Bash,10,0.0026
1935,2018993706,Candy Crush Soda Saga,10,0.0026
1936,870299798,Carnival Games®,10,0.0026
1937,1858000832,Caterpillar,10,0.0026
1938,1480656920,Contra,10,0.0026
1939,2107339353,Control Standard Edition,10,0.0026
1940,2123216194,Crysis 2 Remastered,10,0.0026
1941,893913056,Destroy All Humans (2005),10,0.0026
1942,94911754,Devil May Cry 5 Demo,10,0.0026
1943,1751561017,Dollmare,10,0.0026
1944,1480656932,DOOM,10,0.0026
1945,1146095571,EDF 2017,10,0.0026
1946,1880860626,Escape Academy,10,0.0026
1947,911650903,Evoland Legendary Edition,10,0.0026
1948,1851718938,FANTASY LIFE i: The Girl Who Steals Time,10,0.0026
1949,2071782725,FINAL FANTASY III,10,0.0026
1950,620831719,GROW UP,10,0.0026
1951,1829337400,Have a Nice Death,10,0.0026
1952,1880214966,Hello Neighbor: Hide and Seek,10,0.0026
1953,1982219874,Insects: An Xbox One X Enhanced Experience,10,0.0026
1954,333457553,Just Dance® 2020,10,0.0026
1955,1774165009,King of Meat,10,0.0026
1956,1271641024,Lords of the Fallen (2014),10,0.0026
1957,1480659475,Magic 2013,10,0.0026
1958,645046198,Marvel vs. Capcom: Infinite Demo,10,0.0026
1959,433988710,MASSIVE CHALICE,10,0.0026
1960,2025840804,METAL GEAR SOLID 3: Snake Eater - Master Collection Version,10,0.0026
1961,53175238,MXGP2 - Demo,10,0.0026
1962,2040686890,My Time at Sandrock,10,0.0026
1963,2126543080,New Star™ GP Demo,10,0.0026
1964,1907337607,NHL® 15 Full Game,10,0.0026
1965,1624572870,Ni no Kuni™ II: Revenant Kingdom - The Prince's Edition,10,0.0026
1966,1785122378,Omega Strikers,10,0.0026
1967,2117633627,Quiplash 2 InterLASHional: The Say Anything Party Game!,10,0.0026
1968,1665717493,R-Type Delta: HD Boosted,10,0.0026
1969,1641566497,Railroads Online,10,0.0026
1970,1808022278,Sacred 2 Remaster,10,0.0026
1971,2021025006,Slender: The Arrival,10,0.0026
1972,1480659985,SOULCALIBUR II HD,10,0.0026
1973,1941370105,Supermarket Owner Simulator: Business,10,0.0026
1974,1984077720,Tales of the Shire: A The Lord of The Rings™ Game,10,0.0026
1975,1431504880,TC's GRAW2,10,0.0026
1976,1431504855,TC's SC Double Agent,10,0.0026
1977,1915523932,Tempopo,10,0.0026
1978,1480659512,The Cave,10,0.0026
1979,2047811112,The Last Hero of Nostalgaia,10,0.0026
1980,1781023780,The Medium,10,0.0026
1981,1777341064,The Outer Worlds: Spacer's Choice Edition,10,0.0026
1982,1431505093,The Stick of Truth™,10,0.0026
1983,635298240,"The Walking Dead: Michonne - Ep. 1, In Too Deep",10,0.0026
1984,2147214039,TRIANGLE STRATEGY,10,0.0026
1985,547734537,Truck Racing Championship,10,0.0026
1986,2129059621,Wobbledogs Console Edition,10,0.0026
1987,1414793390,XCOM®: Enemy Within,10,0.0026
1988,1695141626,Zombies Ate My Neighbors and Ghoul Patrol,10,0.0026
1989,1751360232,AAA Dynamic Scenes,9,0.0024
1990,585188640,Aces of the Luftwaffe - Squadron,9,0.0024
1991,1871850764,Amanda the Adventurer 2,9,0.0024
1992,1908300140,ARC Raiders - Server Slam,9,0.0024
1993,1771834186,ATLAS (Game Preview),9,0.0024
1994,1833100190,Baldur's Gate: Dark Alliance II,9,0.0024
1995,1639963506,BlackJack 21 Pro!,9,0.0024
1996,1661717515,Blood Bowl 3,9,0.0024
1997,1431504874,Brothers in Arms: HH,9,0.0024
1998,1480657530,Castlevania HD,9,0.0024
1999,1872307318,Chef Life: A Restaurant Simulator,9,0.0024
2000,2011564314,Contra: Operation Galuga,9,0.0024
2001,1921002833,Crossy Road Castle,9,0.0024
2002,2004939306,Crysis 3 Remastered,9,0.0024
2003,1914646696,Curse of the Dead Gods,9,0.0024
2004,629798227,Deadpool,9,0.0024
2005,576050592,DOOM Demo,9,0.0024
2006,531404425,DYNASTY WARRIORS 9,9,0.0024
2007,2109921570,DYNASTY WARRIORS: ORIGINS Demo,9,0.0024
2008,2078793582,DYSMANTLE,9,0.0024
2009,1692950358,Exoprimal,9,0.0024
2010,1736752782,Expansion for Explorers,9,0.0024
2011,481925121,F1® 2018,9,0.0024
2012,172017893,F1® 2019,9,0.0024
2013,180750187,F1™ 2017,9,0.0024
2014,184042097,Fe,9,0.0024
2015,1920237746,FINAL FANTASY II,9,0.0024
2016,136671143,FINAL FANTASY XV MULTIPLAYER: COMRADES,9,0.0024
2017,1850924057,Fishing: North Atlantic,9,0.0024
2018,2125839408,Formula Legends,9,0.0024
2019,1690204019,Garten of Banban 3,9,0.0024
2020,1480656877,Geometry Wars Evolved,9,0.0024
2021,1730221723,Ghostrunner 2,9,0.0024
2022,1973021624,Greyhill Incident,9,0.0024
2023,2020925056,Grim Dawn: Definitive Edition,9,0.0024
2024,453673951,Guitar Hero Live,9,0.0024
2025,121960285,Guts & Glory,9,0.0024
2026,1928193169,Heavenly Bodies,9,0.0024
2027,1654652604,Heavy Cargo - The Truck Simulator,9,0.0024
2028,1890778408,Hidden Cats in Tokyo,9,0.0024
2029,2037481046,Inertial Drift,9,0.0024
2030,1480656891,Jetpac Refuelled,9,0.0024
2031,1906459372,Judgment,9,0.0024
2032,901962824,KartRider: Drift,9,0.0024
2033,240478325,Layers of Fear (2016),9,0.0024
2034,1464993821,LEGO® Lord of the Rings™,9,0.0024
2035,1655517847,Like a Dragon Gaiden: The Man Who Erased His Name,9,0.0024
2036,1764400723,Like a Dragon: Ishin!,9,0.0024
2037,746718051,Mafia III Demo,9,0.0024
2038,1161889998,Mass Effect 2,9,0.0024
2039,1535750831,Mega Man® Legacy Collection,9,0.0024
2040,1263405120,METAL GEAR SOLID HD: 2 & 3,9,0.0024
2041,1480660055,MONOPOLY PLUS,9,0.0024
2042,1708079118,NASCAR 21: Ignition,9,0.0024
2043,2006666244,NBA 2K21 Next Generation,9,0.0024
2044,37469967,NBA Playgrounds,9,0.0024
2045,2085418848,Nexomon,9,0.0024
2046,1129121809,OF: Dragon Rising,9,0.0024
2047,2025399821,ONE PUNCH MAN: A HERO NOBODY KNOWS,9,0.0024
2048,2034484895,Out of Space: Couch Edition,9,0.0024
2049,1991248961,PHOGS!,9,0.0024
2050,1632843296,Pillars of Eternity II: Deadfire - Ultimate Edition,9,0.0024
2051,104182544,Pro Evolution Soccer 2016,9,0.0024
2052,1901782415,Railway Empire 2 (Win),9,0.0024
2053,1480659519,Rayman 3 HD,9,0.0024
2054,2065674944,Resident Evil Re:Verse,9,0.0024
2055,806435492,Road Redemption,9,0.0024
2056,1704946873,Romancing SaGa 2: Revenge of the Seven,9,0.0024
2057,1263339473,Sacred 2 Fallen Angel,9,0.0024
2058,1939956128,Shadowrun: Dragonfall - Director's Cut PC,9,0.0024
2059,1414793256,Sid Meier's Pirates!,9,0.0024
2060,1263405029,Silent Hill Homecoming,9,0.0024
2061,1906073826,Skullgirls 2nd Encore,9,0.0024
2062,1859601917,Spellbreak,9,0.0024
2063,1611656661,Starbound,9,0.0024
2064,300578609,Styx: Shards of Darkness,9,0.0024
2065,2058090036,Tainted Grail: The Fall of Avalon DEMO,9,0.0024
2066,1431504864,TC's EndWar,9,0.0024
2067,1792745094,Terrifier: The ARTcade Game,9,0.0024
2068,157772240,The Bard's Tale IV: Director's Cut,9,0.0024
2069,1297287134,Too Human,9,0.0024
2070,21471625,Torchlight II,9,0.0024
2071,1669996905,Train Sim World® 3,9,0.0024
2072,1686524250,Train Sim World® 4,9,0.0024
2073,2060146885,Unspottable,9,0.0024
2074,103629720,V-Rally 4,9,0.0024
2075,2078235268,"Warhammer 40,000: Shootas, Blood & Teef",9,0.0024
2076,2019181131,Wasteland 2: Director's Cut,9,0.0024
2077,2125765747,Windbound,9,0.0024
2078,1894333860,WRC 8 FIA World Rally Championship Xbox One,9,0.0024
2079,518528069,Yooka-Laylee,9,0.0024
2080,2081112709,Zaccaria Pinball,9,0.0024
2081,1948986948,007 First Light,8,0.0021
2082,2094098726,Ace Attorney Investigations Collection,8,0.0021
2083,1480656956,Aegis Wing,8,0.0021
2084,701037441,Age of Wonders: Planetfall,8,0.0021
2085,1838321370,Ages of Mages: the last keeper,8,0.0021
2086,2143113399,Anthology of Fear,8,0.0021
2087,244952910,Aragami: Shadow Edition,8,0.0021
2088,1861014614,Autonauts,8,0.0021
2089,1414793313,BioShock 2,8,0.0021
2090,1480657002,Boom Boom Rocket,8,0.0021
2091,1960391873,Call of Duty®: Black Ops III (Windows),8,0.0021
2092,1431504924,Call of Juarez: Bound in Blood,8,0.0021
2093,1936376749,Capcom Fighting Collection,8,0.0021
2094,1263405133,Castlevania: LoS 2,8,0.0021
2095,1744298534,Catlateral Damage: Remeowstered,8,0.0021
2096,1967038995,Chopper Strike!,8,0.0021
2097,1737803796,Clone Drone in the Danger Zone Demo,8,0.0021
2098,1480659546,Counter-Strike: GO,8,0.0021
2099,35820305,Crackdown 3: Wrecking Zone,8,0.0021
2100,1413679057,DEAD OR ALIVE 4,8,0.0021
2101,2146119244,Double Dragon Revive,8,0.0021
2102,1712105499,DRIFTCE,8,0.0021
2103,1480659903,Far Cry® 3 Blood Dragon,8,0.0021
2104,1397819398,FINAL FANTASY XIII-2,8,0.0021
2105,1480660120,Goat Simulator,8,0.0021
2106,1129121860,GRID 2,8,0.0021
2107,1936375380,Gungrave G.O.R.E,8,0.0021
2108,2028516160,Hardspace: Shipbreaker - Windows,8,0.0021
2109,1839911748,Hidden Cats in Santa's Realm,8,0.0021
2110,1880956881,Hot Wheels Monster Trucks: Stunt Mayhem™,8,0.0021
2111,90991576,How To Survive 2,8,0.0021
2112,1038862451,HYPER SCAPE,8,0.0021
2113,1784847115,Hypnospace Outlaw,8,0.0021
2114,1945528318,Idle Devils,8,0.0021
2115,21051553,It's Quiz Time,8,0.0021
2116,2057958746,Just Dance® 2021,8,0.0021
2117,1989445813,Knight Squad 2,8,0.0021
2118,2035287816,Let Them Come: Onslaught,8,0.0021
2119,1651525052,Life is Strange: Before the Storm Remastered,8,0.0021
2120,523468027,Mega Man 11,8,0.0021
2121,2017826215,METAL GEAR SOLID 2: Sons of Liberty - Master Collection Version,8,0.0021
2122,1653999253,MythForce,8,0.0021
2123,2081394706,Onimusha 2: Samurai's Destiny,8,0.0021
2124,308514854,Outward,8,0.0021
2125,843014522,Pathfinder: Kingmaker - Definitive Edition,8,0.0021
2126,1641334275,Phantom Breaker: Omnia,8,0.0021
2127,267248679,Phantom Dust,8,0.0021
2128,1480657006,Puzzle Fighter HD,8,0.0021
2129,2049279350,Puzzle Quest: Immortal Edition,8,0.0021
2130,1223839444,RIDE,8,0.0021
2131,326835485,Rise of Nations: Extended Edition,8,0.0021
2132,1769121996,River City Girls 2,8,0.0021
2133,764522213,Runbow,8,0.0021
2134,1263339520,Saints Row: Gat Out of Hell   ,8,0.0021
2135,1532956420,Sébastien Loeb Rally EVO,8,0.0021
2136,1297287126,Shadowrun,8,0.0021
2137,1166935255,Slender: The Arrival (2015),8,0.0021
2138,2073359006,Spirittea,8,0.0021
2139,2057573435,Suikoden I&II HD Remaster Gate Rune and Dunan Unification Wars,8,0.0021
2140,1770175521,Surviving the Aftermath,8,0.0021
2141,950753176,Syberia 3,8,0.0021
2142,1940337295,Taiko no Tatsujin: Rhythm Festival,8,0.0021
2143,1906078054,TERMINATOR: RESISTANCE,8,0.0021
2144,1999803984,The Amazing Spider-Man 2™,8,0.0021
2145,1414793357,The Darkness II,8,0.0021
2146,2101138430,The Matrix Awakens: An Unreal Engine 5 Experience,8,0.0021
2147,1776537730,The Sinking City Remastered,8,0.0021
2148,2010719250,The Smurfs - Mission Vileaf,8,0.0021
2149,2099988016,Ticket to Ride®,8,0.0021
2150,286890904,TRANSFORMERS: Fall of Cybertron,8,0.0021
2151,2125289543,TRANSFORMERS™: Devastation,8,0.0021
2152,1264125916,Tropico 4,8,0.0021
2153,1735843094,Trover Saves the Universe,8,0.0021
2154,1654418819,Vampire Hunters,8,0.0021
2155,2085652095,VOID/BREAKER (Game Preview),8,0.0021
2156,1975267359,"Warhammer 40,000: Mechanicus",8,0.0021
2157,1926154049,Wasteland Remastered,8,0.0021
2158,1909396590,Wolfenstein: The Old Blood (PC),8,0.0021
2159,1985239734,World of Tanks Blitz (legacy),8,0.0021
2160,1414793346,XCOM®: Enemy Unknown,8,0.0021
2161,2001814192,Zombie Derby 2,8,0.0021
2162,1955180046,Zoo Tycoon Demo,8,0.0021
2163,2122751230,A Short Hike,7,0.0018
2164,2144204141,Achilles: Survivor,7,0.0018
2165,1777027693,Adv File Explorer (FullTrust),7,0.0018
2166,1974484353,Alchemy Garden,7,0.0018
2167,189808036,American Fugitive,7,0.0018
2168,2072863941,Animal Shelter Simulator,7,0.0018
2169,682100179,Armello,7,0.0018
2170,1846786072,Asphalt 8: Airborne,7,0.0018
2171,1614240330,Baldur's Gate: Dark Alliance,7,0.0018
2172,1671883571,Beyond Enemy Lines 2 - Enhanced Edition,7,0.0018
2173,1896582181,Bramble: The Mountain King,7,0.0018
2174,1810243569,Brothers: A Tale of Two Sons Remake,7,0.0018
2175,1855158493,Cartel Tycoon,7,0.0018
2176,1967883584,Chorus,7,0.0018
2177,2035194488,Clunky Hero,7,0.0018
2178,1642353875,Craftopia (Game Preview),7,0.0018
2179,1985791411,Cricket 22,7,0.0018
2180,1161890019,Crysis 2,7,0.0018
2181,2055582442,Danganronpa: Trigger Happy Havoc Anniversary Edition,7,0.0018
2182,1414596582,Darksiders,7,0.0018
2183,534038970,Dovetail Games Euro Fishing,7,0.0018
2184,1909957148,Dragon City,7,0.0018
2185,1855780914,DreamWorks Gabby’s Dollhouse: Ready to Party,7,0.0018
2186,1958827848,Eternal Card Game,7,0.0018
2187,2107704310,Extreme Bike Racing (Demo),7,0.0018
2188,2094317541,Extreme Cycling Demo,7,0.0018
2189,1464993792,F.E.A.R. 3,7,0.0018
2190,1480657527,Faery: Legends of Avalon,7,0.0018
2191,564985242,Forza Horizon 3 Demo,7,0.0018
2192,2022597828,Garten of Banban 0,7,0.0018
2193,2005313515,Garten of Banban 7,7,0.0018
2194,1702713376,Genesis Noir,7,0.0018
2195,1868247544,Gigantosaurus The Game,7,0.0018
2196,1131124715,"Guns, Gore and Cannoli",7,0.0018
2197,1297287287,Halo 3: ODST Campaign Edition,7,0.0018
2198,766737132,Halo 5: Forge,7,0.0018
2199,1480657520,Harms Way,7,0.0018
2200,1785862913,Hellblade: Senua's Sacrifice,7,0.0018
2201,1958841023,Horror Adventure Demo,7,0.0018
2202,722916288,Hue,7,0.0018
2203,1829828400,HUMANKIND™,7,0.0018
2204,1669458182,Invincible VS Closed Alpha,7,0.0018
2205,1003093254,Just Dance 2017®,7,0.0018
2206,1396901880,Kane & Lynch 2,7,0.0018
2207,1712709524,KINGDOM HEARTS Melody of Memory (International),7,0.0018
2208,1660823717,LEGO® Brawls,7,0.0018
2209,2002613703,Lethal League Blaze,7,0.0018
2210,1699337652,Little Nightmares II DEMO,7,0.0018
2211,2021132620,Mandragora: Whispers of the Witch Tree,7,0.0018
2212,2079275443,MONOPOLY® MADNESS DEMO,7,0.0018
2213,2022357971,Monster Energy Supercross - The Official Videogame 4,7,0.0018
2214,634240708,MotoGP™19,7,0.0018
2215,1885048343,Mr. Bomber,7,0.0018
2216,1884949649,Mythwrecked: Ambrosia Island,7,0.0018
2217,2123370628,NBA 2K20 Demo,7,0.0018
2218,1777345011,Neon Inferno,7,0.0018
2219,2021405472,Nickelodeon Kart Racers 2: Grand Prix,7,0.0018
2220,1776537169,NINJA GAIDEN Σ2,7,0.0018
2221,1819944286,Nun Massacre,7,0.0018
2222,1843080071,Ocean Keeper,7,0.0018
2223,1734289672,"ONYX-PRO, Inside the Game: Grounded 2 Artbook and Soundtrack",7,0.0018
2224,1661545526,Orcs Must Die! 3,7,0.0018
2225,1827996338,PBA Pro Bowling 2023,7,0.0018
2226,172342998,PLAYERUNKNOWN’S BATTLEGROUNDS – Public Test Server,7,0.0018
2227,2071988780,Port Royale 4,7,0.0018
2228,1431504958,Prince of Persia The Forgotten Sands™,7,0.0018
2229,1789157539,Puyo Puyo™ Tetris® 2,7,0.0018
2230,2119938423,Raid: Shadow Legends,7,0.0018
2231,24524637,Railway Empire,7,0.0018
2232,1414596703,Red Faction: Armageddon,7,0.0018
2233,1781025707,RESIDENT EVIL 2 R.P.D. Demo,7,0.0018
2234,1818899854,Resident Evil 3: Raccoon City Demo,7,0.0018
2235,1658810016,Resident Evil Requiem,7,0.0018
2236,1751333235,Resident Evil Village Gold Edition Gameplay Demo,7,0.0018
2237,1853277604,RetroRealms Arcade,7,0.0018
2238,1930767830,RiffTrax: The Game,7,0.0018
2239,1745852530,RollerCoaster Tycoon 3 Complete Edition,7,0.0018
2240,1263405009,Rumble Roses XX,7,0.0018
2241,731167015,RUSH: A Disney • PIXAR Adventure Demo,7,0.0018
2242,2054178211,SAMURAI SHODOWN (Standard Ver.),7,0.0018
2243,1480657777,Sega Vintage Collection: Streets of Rage,7,0.0018
2244,1729553161,Sektori,7,0.0018
2245,1882598345,Shadow Warrior,7,0.0018
2246,1953391836,Shadowrun Returns,7,0.0018
2247,1908885199,Shadows of the Damned: Hella Remastered,7,0.0018
2248,1654530968,Shieldwall,7,0.0018
2249,1709290644,Somber Echoes Demo,7,0.0018
2250,2116209805,Soul Hackers 2,7,0.0018
2251,778803087,Spacelords,7,0.0018
2252,1636452571,SRX: The Game,7,0.0018
2253,605317845,Stern Pinball Arcade,7,0.0018
2254,1718545023,Sunset Overdrive,7,0.0018
2255,1537932598,Super Toy Cars,7,0.0018
2256,1624264477,Taiko no Tatsujin: The Drum Master!,7,0.0018
2257,1718047845,Tannenberg,7,0.0018
2258,1480656886,Texas Hold'em,7,0.0018
2259,1774362586,The Backrooms 1998,7,0.0018
2260,1968679051,The Cabin Factory,7,0.0018
2261,2016552136,The Catch: Carp & Coarse Fishing,7,0.0018
2262,1414793198,The Darkness,7,0.0018
2263,2095867988,The Evil Within (PC),7,0.0018
2264,2142793070,The Grinch: Christmas Adventures,7,0.0018
2265,2073554022,The Jackbox Party Starter,7,0.0018
2266,1748167956,The Riftbreaker,7,0.0018
2267,1889167057,The Walking Dead: Destinies,7,0.0018
2268,2031756340,They Are Billions,7,0.0018
2269,1279330262,Thrillville: OTR,7,0.0018
2270,1963849763,Thymesia,7,0.0018
2271,2108611710,TIEBREAK – GRAND SLAM EDITION,7,0.0018
2272,1863466810,Tormented Souls 2,7,0.0018
2273,1962802003,Tormented Souls 2 Demo,7,0.0018
2274,1112934381,Tron: Evolution,7,0.0018
2275,1749676903,Two Point Campus,7,0.0018
2276,1777656573,Vanquish,7,0.0018
2277,1704142080,Warhammer: Chaosbane Slayer Edition Xbox Series X|S,7,0.0018
2278,586255311,WARRIORS OROCHI 3 Ultimate,7,0.0018
2279,2026783353,Wayfinder,7,0.0018
2280,1629004246,We Love Katamari REROLL+ Royal Reverie,7,0.0018
2281,1888936506,Worms Armageddon: Anniversary Edition,7,0.0018
2282,1048549433,WRC 6 FIA World Rally Championship,7,0.0018
2283,1696868991,WRC Generations - The FIA WRC Official Game,7,0.0018
2284,1845646569,Yakuza Kiwami 2,7,0.0018
2285,711381438,Zoo Tycoon,7,0.0018
2286,473358447,Zoo Tycoon: Ultimate Animal Collection Demo,7,0.0018
2287,2146388451,3XTINCTION,6,0.0016
2288,1528308274,Aaero,6,0.0016
2289,419725624,ACA NEOGEO THE KING OF FIGHTERS '97,6,0.0016
2290,552749870,ACA NEOGEO THE KING OF FIGHTERS '98,6,0.0016
2291,1880818134,AFL 26,6,0.0016
2292,1664723386,Afterimage,6,0.0016
2293,1635676165,Agatha Christie - Hercule Poirot: The First Cases,6,0.0016
2294,711714069,Agatha Christie - The ABC Murders (Xbox One),6,0.0016
2295,2084317224,Age of Empires Mobile: PC Edition,6,0.0016
2296,1719440805,Alone in the Dark,6,0.0016
2297,1649996690,Alone in the Dark Prologue,6,0.0016
2298,433520651,Attack on Titan,6,0.0016
2299,443831560,Battlestar Galactica Deadlock™,6,0.0016
2300,2138218417,Becastled,6,0.0016
2301,621760503,Big Crown: Showdown,6,0.0016
2302,2099876954,Big Rumble Boxing: Creed Champions,6,0.0016
2303,2098202394,Candy Crush Saga,6,0.0016
2304,293403523,Cartoon Network: Battle Crashers,6,0.0016
2305,287508507,Casey Powell Lacrosse 18,6,0.0016
2306,1987803377,Cat Quest II,6,0.0016
2307,1686916889,Cats and Seek : Kyoto,6,0.0016
2308,1692828729,Cats and Seek : Osaka,6,0.0016
2309,1644979601,Chernobylite Complete Edition,6,0.0016
2310,2010857968,Cruz Brothers,6,0.0016
2311,1819129417,Cursed Feed,6,0.0016
2312,1128466400,Dark Void,6,0.0016
2313,1154802774,Dead Rising 3 Demo,6,0.0016
2314,419349778,Defiance 2050,6,0.0016
2315,1821472434,Disciples: Liberation,6,0.0016
2316,1062046240,Divinity: Original Sin - Enhanced Edition,6,0.0016
2317,1743457512,DRAGON QUEST BUILDERS 2,6,0.0016
2318,1977810583,DUSK,6,0.0016
2319,1558010571,DYNASTY WARRIORS 8 Empires,6,0.0016
2320,572417720,Emily Wants To Play,6,0.0016
2321,1639220334,Exo One,6,0.0016
2322,1888694361,Extreme Formula Championship (Demo),6,0.0016
2323,918516972,Farming Simulator 15,6,0.0016
2324,1629487179,FATAL FRAME: Maiden of Black Water,6,0.0016
2325,1747042673,Flat Heroes Demo,6,0.0016
2326,1806388236,Geometry Survivor,6,0.0016
2327,945174237,Geometry Wars™ 3: Dimensions Evolved,6,0.0016
2328,2045688705,Giana Sisters: Twisted Dreams - Director's Cut,6,0.0016
2329,341719186,"Guns, Gore and Cannoli 2",6,0.0016
2330,1480657432,Hard Corps: Uprising,6,0.0016
2331,1670362756,Heliborne,6,0.0016
2332,1698046377,Highway Police Simulator,6,0.0016
2333,2058317945,Hotel Renovator,6,0.0016
2334,939695563,Hotshot Racing,6,0.0016
2335,1026512979,How to Survive: Storm Warning Edition,6,0.0016
2336,1480657722,I Am Alive™,6,0.0016
2337,1759196295,ISLANDERS: New Shores,6,0.0016
2338,1869923276,Katana ZERO,6,0.0016
2339,1640763780,KIBORG,6,0.0016
2340,1974645006,Killer Frequency,6,0.0016
2341,2145258670,Kiosk,6,0.0016
2342,1718892809,Knockout City™,6,0.0016
2343,1480657325,KOF2002UM,6,0.0016
2344,1912466607,Laundry Store Simulator,6,0.0016
2345,149149959,Lies Of Astaroth,6,0.0016
2346,142841733,Madden NFL 25,6,0.0016
2347,1480657727,Magic 2012,6,0.0016
2348,1977505997,Maid of Sker,6,0.0016
2349,322384131,Marvel: Ultimate Alliance,6,0.0016
2350,1635154692,Maximum Football 2019,6,0.0016
2351,23963413,Mega Man Zero/ZX Legacy Collection,6,0.0016
2352,1747564672,Microsoft Treasure Hunt,6,0.0016
2353,1869122946,MONOPOLY DEAL,6,0.0016
2354,2031634495,Mutant Football League 2,6,0.0016
2355,1991467401,My Little Universe,6,0.0016
2356,157973080,NeuroVoider,6,0.0016
2357,1961823263,NHL® 22 Xbox Series X|S,6,0.0016
2358,2095724117,Nice Day for Fishing,6,0.0016
2359,594585699,Nidhogg 2,6,0.0016
2360,2041914938,Nuclear Throne,6,0.0016
2361,1792460602,Onimusha 2: Samurai's Destiny Demo,6,0.0016
2362,1480657015,Pac-Man C.E.,6,0.0016
2363,1297287193,Party Animals,6,0.0016
2364,1912801032,PAW Patrol The Movie: Adventure City Calls,6,0.0016
2365,912254227,Pit People,6,0.0016
2366,1911968632,PJ Masks Power Heroes: Mighty Alliance,6,0.0016
2367,1894255361,Placid Plastic Duck Simulator,6,0.0016
2368,1695271858,PowerWash Simulator Demo,6,0.0016
2369,1805003112,Prey,6,0.0016
2370,572054432,Project CARS 3,6,0.0016
2371,2011990367,Project Winter,6,0.0016
2372,1784625849,Queen's Quest 5: Symphony of Death (Xbox Version),6,0.0016
2373,2099711760,R.B.I. Baseball 20,6,0.0016
2374,1431504886,R.U.S.E.,6,0.0016
2375,1996943027,Revhead,6,0.0016
2376,1783825549,Road 96: Mile 0,6,0.0016
2377,1685686710,Rogue Legacy 2,6,0.0016
2378,1861374778,Rugby Challenge 3,6,0.0016
2379,2138535394,Rugby League Live 3,6,0.0016
2380,303584158,Sea of Solitude,6,0.0016
2381,2077320849,Shadow Man Remastered,6,0.0016
2382,161766595,Shantae and the Pirate's Curse,6,0.0016
2383,2129748278,SHINOBI: Art of Vengeance Demo,6,0.0016
2384,247124088,Shovel Knight: Treasure Trove,6,0.0016
2385,902608,Sky Force Reloaded,6,0.0016
2386,288915516,Skyforge,6,0.0016
2387,1613869684,Skylanders SWAP Force,6,0.0016
2388,1785888386,Snake.io,6,0.0016
2389,1480657348,Sonic & Knuckles,6,0.0016
2390,1937973534,Spot The Pup (Xbox One),6,0.0016
2391,1912029217,STAB STAB STAB!,6,0.0016
2392,2063855906,STAR OCEAN THE DIVINE FORCE,6,0.0016
2393,1635978548,Star Ores Inc.,6,0.0016
2394,1849290790,Super Scooter,6,0.0016
2395,2003002635,Survival: Foutain of Youth - Captain's Edition,6,0.0016
2396,2070375454,SYNDUALITY Echo of Ada,6,0.0016
2397,1733855657,Tech Glitch,6,0.0016
2398,2065439517,That Time I Got Reincarnated as a Slime ISEKAI Chronicles,6,0.0016
2399,2115998347,The Drone Racing League Simulator,6,0.0016
2400,247774493,The Incredible Adventures of Van Helsing,6,0.0016
2401,2086031333,The Thaumaturge,6,0.0016
2402,467118163,Titan Quest,6,0.0016
2403,2080427416,Tony Hawk's™ Pro Skater™ 3 + 4 - Foundry Demo,6,0.0016
2404,1961294826,Top Racer Collection,6,0.0016
2405,703997631,TowerFall Ascension,6,0.0016
2406,1721366178,Toy Soldiers HD,6,0.0016
2407,1642785895,TRANSFORMERS: EARTHSPARK - Expedition,6,0.0016
2408,1851490214,Tribes of Midgard,6,0.0016
2409,1634272791,Trust No One Demo,6,0.0016
2410,1959159088,Tunguska: The Visitation - Complete Edition,6,0.0016
2411,2093112005,Turok 3: Shadow of Oblivion Remastered,6,0.0016
2412,2089989279,UFO ROBOT GRENDIZER – The Feast of the Wolves,6,0.0016
2413,1683451145,Ultra Foodmess Deluxe,6,0.0016
2414,1297549275,Unreal Tournament III,6,0.0016
2415,1620954305,Vagante,6,0.0016
2416,131540426,Valentino Rossi The Game,6,0.0016
2417,1480659454,Virtua Fighter 5 Final Showdown,6,0.0016
2418,1895560154,Virtual Villagers Origins 2 Xbox,6,0.0016
2419,2119315223,Void Crew,6,0.0016
2420,1682770291,"Warhammer 40,000: Chaos Gate - Daemonhunters",6,0.0016
2421,1923839306,Wasteland 3 (PC),6,0.0016
2422,1892485156,We Were Here Expeditions: The FriendShip,6,0.0016
2423,1696945475,WrestleQuest,6,0.0016
2424,1777058720,Yakuza 5 Remastered,6,0.0016
2425,1520322998,Zombie Army Trilogy,6,0.0016
2426,1480656961,3D Ultra™ Minigolf,5,0.0013
2427,1745806870,7 Days to Die (Game Preview),5,0.0013
2428,88086791,A KING'S TALE: FINAL FANTASY XV,5,0.0013
2429,949699803,ABZU,5,0.0013
2430,390641336,ACA NEOGEO METAL SLUG,5,0.0013
2431,398132983,ACA NEOGEO METAL SLUG 2,5,0.0013
2432,304633817,ACA NEOGEO METAL SLUG 4,5,0.0013
2433,1313671121,ACE COMBAT 6,5,0.0013
2434,1915969143,AFL 23,5,0.0013
2435,946215144,AirMech® Arena,5,0.0013
2436,2077540326,Alina of the Arena,5,0.0013
2437,652901378,APB Reloaded,5,0.0013
2438,1878021400,Aquapark io,5,0.0013
2439,1756488270,Arkanoid Eternal Battle,5,0.0013
2440,2078107330,Bad Cheese,5,0.0013
2441,634298669,Bad North: Jotunn Edition,5,0.0013
2442,1869321523,Ballotron Oceans,5,0.0013
2443,1902480256,BATTLETECH,5,0.0013
2444,1021034070,Big Buck Hunter Arcade,5,0.0013
2445,366165352,Blacksad - Under the Skin (Xbox One),5,0.0013
2446,173291706,Blood Bowl 2,5,0.0013
2447,1112934423,Brave: The Video Game,5,0.0013
2448,1972740153,Bright Memory: Infinite Platinum Edition,5,0.0013
2449,82519866,Bush Hockey League,5,0.0013
2450,1414596609,Cars MN,5,0.0013
2451,2123178110,Castle of Heart: Retold,5,0.0013
2452,1480659655,Castle of Illusion,5,0.0013
2453,1962619691,Cataclismo,5,0.0013
2454,1962218680,Cel Damage HD,5,0.0013
2455,2005154977,Children of Morta,5,0.0013
2456,1717280173,CHRONO CROSS: THE RADICAL DREAMERS EDITION,5,0.0013
2457,2057723777,Classified: France '44,5,0.0013
2458,1842022716,Colt Canyon,5,0.0013
2459,1397032914,Condemned,5,0.0013
2460,54541475,Construction Simulator 2 US - Console Edition,5,0.0013
2461,1846285148,CrossfireX,5,0.0013
2462,1939160486,Dakar Desert Rally,5,0.0013
2463,1691794314,Dark Deception Demo,5,0.0013
2464,1639343843,Dark Quest 3,5,0.0013
2465,502883447,Dead Island Retro Revenge,5,0.0013
2466,1646597747,Dead Reset Demo,5,0.0013
2467,1480657531,Dead Space™ Ignition,5,0.0013
2468,893913045,Deadfall Adventures,5,0.0013
2469,1627819535,Dishonored® Definitive Edition (PC),5,0.0013
2470,1974043980,Disney Classic Games: Aladdin and The Lion King,5,0.0013
2471,1671685084,Disney Epic Mickey: Rebrushed - Demo,5,0.0013
2472,1713897069,Dog Man: Mission Impawsible Demo,5,0.0013
2473,1744516403,Dolmen,5,0.0013
2474,2078926688,DOOM II (Classic),5,0.0013
2475,2100206304,DOOM: The Dark Ages Digital Artbook and Soundtrack,5,0.0013
2476,1641402901,Double Dragon Gaiden: Rise of the Dragons,5,0.0013
2477,1414793294,Duke Nukem Forever,5,0.0013
2478,1771234675,Dungeons 4,5,0.0013
2479,1640323097,DYNASTY WARRIORS 9 Empires,5,0.0013
2480,468454494,EA SPORTS™ FIFA 17 Downloadable Demo,5,0.0013
2481,1852617445,ELEX II,5,0.0013
2482,1805594701,Ember Knights : Heroes of the Nexus Edition,5,0.0013
2483,2132299559,Emoji Battlefield - Origins,5,0.0013
2484,1706225842,ENDLESS Dungeon™,5,0.0013
2485,1972593972,Escape Sequence (Xbox One),5,0.0013
2486,1651975869,FANTASIAN Neo Dimension,5,0.0013
2487,1480659518,Far Cry Classic,5,0.0013
2488,1620530433,Farming Simulator 18,5,0.0013
2489,1799236568,FINAL FANTASY V,5,0.0013
2490,1962339231,Firegirl: Hack 'n Splash Rescue DX,5,0.0013
2491,1918931441,Fishing Adventure,5,0.0013
2492,2089457960,Fishing: Barents Sea,5,0.0013
2493,1691539579,Flappy Fly,5,0.0013
2494,1890880304,Fobia - St. Dinfna Hotel,5,0.0013
2495,1899291024,Fran Bow,5,0.0013
2496,1674087678,Gangs of Sherwood,5,0.0013
2497,1705113845,Garten of Banban 6,5,0.0013
2498,1751973977,Gears of War: Ultimate Edition for Windows 10,5,0.0013
2499,21230315,Genesis Alpha One,5,0.0013
2500,2054890337,Get To Work,5,0.0013
2501,1958071699,Guacamelee! Super Turbo Championship Edition,5,0.0013
2502,1704654963,Happy's Humble Burger Farm,5,0.0013
2503,1695499346,Headbangers: Rhythm Royale,5,0.0013
2504,331529974,Hitman: Blood Money HD,5,0.0013
2505,758563081,Horizon Chase Turbo,5,0.0013
2506,1922993793,Jalopy,5,0.0013
2507,1691514153,JoJo Siwa: Worldwide Party,5,0.0013
2508,1716785936,Jusant,5,0.0013
2509,1645652626,Kena: Bridge of Spirits,5,0.0013
2510,649279273,King's Quest™,5,0.0013
2511,1161890110,Kingdoms of Amalur: Reckoning,5,0.0013
2512,1003487612,Korgan,5,0.0013
2513,1073523542,LEGO® STAR WARS™: The Force Awakens Demo,5,0.0013
2514,1886514325,Marble It Up! Ultra,5,0.0013
2515,1941838752,MELTY BLOOD: TYPE LUMINA,5,0.0013
2516,1979916310,METAL GEAR & METAL GEAR 2: Solid Snake,5,0.0013
2517,1651248133,Metal: Hellsinger (Xbox Series X|S & PC),5,0.0013
2518,2070782109,Monster Prom: XXL,5,0.0013
2519,2139970300,Moonglow Bay,5,0.0013
2520,1150103050,Mordheim: City of the Damned,5,0.0013
2521,1480657679,Motocross Madness,5,0.0013
2522,1698746853,MotoGP™23,5,0.0013
2523,1480656951,MS.PAC-MAN,5,0.0013
2524,1696839999,MXGP 24: The Official Game,5,0.0013
2525,446256697,My Time At Portia,5,0.0013
2526,2076732337,Necromunda: Hired Gun (Windows),5,0.0013
2527,1706007518,Nexomon: Extinction,5,0.0013
2528,301029247,Oddworld: New 'n' Tasty,5,0.0013
2529,933693396,ŌKAMI HD,5,0.0013
2530,1764133092,OlliOlli World,5,0.0013
2531,1793335544,ONE PIECE ODYSSEY Demo,5,0.0013
2532,118591686,ONRUSH™,5,0.0013
2533,2128728875,Operation: Tango,5,0.0013
2534,264259050,Ori and the Blind Forest,5,0.0013
2535,1926352092,PBA Pro Bowling,5,0.0013
2536,1981398452,Peaky Blinders: Mastermind,5,0.0013
2537,1818736509,Pinball FX2 Windows 10 Edition,5,0.0013
2538,884526952,Planetbase,5,0.0013
2539,1628806449,Potion Craft: Alchemist Simulator,5,0.0013
2540,1414793184,Prey,5,0.0013
2541,1882609569,Prison Simulator,5,0.0013
2542,307808103,Pro Fishing Simulator,5,0.0013
2543,993540759,Pure Hold'em™,5,0.0013
2544,2133414343,Recycling Center Simulator,5,0.0013
2545,1785385145,Rock of Ages 3: Make & Break,5,0.0013
2546,2001626208,Roots of Pacha,5,0.0013
2547,1936146608,Scorn,5,0.0013
2548,365310947,Scribblenauts Mega Pack,5,0.0013
2549,1979417101,SD GUNDAM BATTLE ALLIANCE,5,0.0013
2550,2139098715,Section 13,5,0.0013
2551,544561028,Shadow Warrior 2,5,0.0013
2552,1619485722,Shadows of Doubt,5,0.0013
2553,865750499,Shantae: Half-Genie Hero,5,0.0013
2554,21560138,Sheltered,5,0.0013
2555,1963476984,Sherlock Holmes Chapter One,5,0.0013
2556,2044118581,Shy Dogs Hidden Orchestra,5,0.0013
2557,2075310489,Sker Ritual Demo,5,0.0013
2558,1657758963,Slay the Princess - The Pristine Cut,5,0.0013
2559,842462247,Slayaway Camp: Butcher's Cut,5,0.0013
2560,1480656853,Small Arms,5,0.0013
2561,60656359,SOMA,5,0.0013
2562,1480657315,Sonic The Hedgehog 3,5,0.0013
2563,2098784475,Soulstice,5,0.0013
2564,2017067425,Spot Challenge Vol. 1,5,0.0013
2565,2037835570,Square Enix Digital Content Viewer,5,0.0013
2566,1928799402,StarCraft® Remastered,5,0.0013
2567,1835454890,Stay Out of the House,5,0.0013
2568,2050520287,STRANGER OF PARADISE FINAL FANTASY ORIGIN,5,0.0013
2569,1896598798,Street Outlaws 2: Winner Takes All,5,0.0013
2570,1622218170,Street Outlaws: The List,5,0.0013
2571,1911065365,Stunt Paradise,5,0.0013
2572,1681761783,Syberia - Remastered,5,0.0013
2573,990373231,Tales of Arise (Xbox One),5,0.0013
2574,1969180565,Tales of Graces f Remastered,5,0.0013
2575,1978334388,Tank Mechanic Simulator,5,0.0013
2576,1480657504,Tecmo Bowl Throwback®,5,0.0013
2577,1733173772,The Bard's Tale Trilogy,5,0.0013
2578,1414793181,The Bureau,5,0.0013
2579,875174887,The Final Station,5,0.0013
2580,1649660694,The Texas Chain Saw Massacre - PC Edition,5,0.0013
2581,2128187549,The Walking Zombie 2,5,0.0013
2582,2002692571,Timberman VS,5,0.0013
2583,2038942908,Tintin Reporter - Cigars of the Pharaoh,5,0.0013
2584,2068094397,To the Moon and Beyond,5,0.0013
2585,1396901844,Tomb Raider:Legend,5,0.0013
2586,1841510170,Tony Stewart's Sprint Car Racing,5,0.0013
2587,1610985256,Torchlight III,5,0.0013
2588,1480657310,Toy Soldiers,5,0.0013
2589,1480657580,Toy Soldiers: Cold War,5,0.0013
2590,1480660067,Toybox Turbos,5,0.0013
2591,1887639245,Tracks - The Train Set Game,5,0.0013
2592,1661098733,Turbo Golf Racing,5,0.0013
2593,1815810056,Under The Waves,5,0.0013
2594,1964791683,Vampire's Fall: Origins,5,0.0013
2595,1623987807,Viewfinder,5,0.0013
2596,369299403,Volgarr the Viking,5,0.0013
2597,1672389327,Warcraft® II: Remastered,5,0.0013
2598,521446567,WORLD OF FINAL FANTASY MAXIMA,5,0.0013
2599,775457902,WRC 5 FIA World Rally Championship,5,0.0013
2600,1922758426,WRC 9 FIA World Rally Championship,5,0.0013
2601,1770084088,Wreckfest 2,5,0.0013
2602,1752291141,Zombie Derby,5,0.0013
2603,1714878640,60 Seconds!,4,0.0011
2604,1672129931,Across the Obelisk,4,0.0011
2605,1849400719,Adios,4,0.0011
2606,1480660006,AirMech Arena,4,0.0011
2607,1910091538,Alfred Hitchcock - Vertigo,4,0.0011
2608,1997651308,All You Need is Help,4,0.0011
2609,2041767726,Angry Birds 2,4,0.0011
2610,2068205998,Apex Heroines,4,0.0011
2611,490460723,Arise: A Simple Story,4,0.0011
2612,1877455960,art of rally,4,0.0011
2613,1897858878,Asdivine Hearts,4,0.0011
2614,1865619206,Astro Flame Starfighter (Xbox Series X|S),4,0.0011
2615,1618019161,Ballotron Coolbox,4,0.0011
2616,1843898695,Bangers Unlimited,4,0.0011
2617,1995697239,Banner of the Maid,4,0.0011
2618,2006171548,Battle Brothers,4,0.0011
2619,1819720760,Bee Simulator: The Hive,4,0.0011
2620,1864828194,Bendy: Lone Wolf,4,0.0011
2621,531923308,Bike Mayhem 2,4,0.0011
2622,1535814857,BLADESTORM: Nightmare,4,0.0011
2623,1714151217,Blair Witch,4,0.0011
2624,2028748673,Bleak Faith,4,0.0011
2625,941698858,Bleed 2,4,0.0011
2626,1664817482,Blue Fire,4,0.0011
2627,1112934366,Bolt,4,0.0011
2628,1179846636,Breakdown,4,0.0011
2629,1879813340,Breathedge,4,0.0011
2630,1618263033,Broken Age,4,0.0011
2631,1890575892,BROKEN MIND,4,0.0011
2632,2043895065,Builder Simulator,4,0.0011
2633,1950881463,Bum Simulator,4,0.0011
2634,1827508365,Burger Bistro Story,4,0.0011
2635,171879377,Call of Cthulhu,4,0.0011
2636,1431505012,Call of Juarez Cartel,4,0.0011
2637,2113057830,Candivity,4,0.0011
2638,1480656960,Carcassonne,4,0.0011
2639,1827619931,Castle Heroes,4,0.0011
2640,1725514902,Castle Renovator,4,0.0011
2641,1715577372,Chained Echoes,4,0.0011
2642,1889886349,Chess Royal,4,0.0011
2643,1810648866,Chickens Madness,4,0.0011
2644,1736174077,City Transport Simulator: Tram,4,0.0011
2645,1872936107,Cobra Kai: The Karate Kid Saga Continues,4,0.0011
2646,694139546,Crawl,4,0.0011
2647,1620274602,Cricket 19,4,0.0011
2648,1916543336,Croc's World (Xbox-Edition),4,0.0011
2649,1705627827,CYGNI: All Guns Blazing,4,0.0011
2650,1847180415,Death and Taxes,4,0.0011
2651,1480657099,Defense Grid,4,0.0011
2652,1779096288,Deliver At All Costs,4,0.0011
2653,1697112419,Deliver Us Mars,4,0.0011
2654,2037049699,Demolish & Build 3,4,0.0011
2655,1129121861,DiRT Showdown,4,0.0011
2656,1756491555,Dishonored 2,4,0.0011
2657,1864875251,Disney Magic Kingdoms,4,0.0011
2658,1480657334,DOOM II (Classic),4,0.0011
2659,2010409612,DOUBLE DRAGON,4,0.0011
2660,1480657549,DR2: CASE ZERO,4,0.0011
2661,2084687312,Dragon's Lair Trilogy,4,0.0011
2662,1853020483,Draw a Stickman: EPIC 2 Xbox,4,0.0011
2663,2079836196,DreadHaunt,4,0.0011
2664,1757950833,DreamWorks All-Star Kart Racing,4,0.0011
2665,776943591,DUCATI - 90th Anniversary,4,0.0011
2666,1844836316,Dune: Imperium,4,0.0011
2667,1995684972,Dune: Spice Wars,4,0.0011
2668,1480659907,Dungeons & Dragons: Chronicles of Mystara,4,0.0011
2669,1666801480,Dunk Lords,4,0.0011
2670,419391420,EA SPORTS™ NBA LIVE 15,4,0.0011
2671,1874135365,EDENS ZERO,4,0.0011
2672,1706704659,Eldest Souls,4,0.0011
2673,809464104,Elex,4,0.0011
2674,2016442908,Empire of the Ants - Demo,4,0.0011
2675,1949165391,Eyes: The Horror Game,4,0.0011
2676,1448413145,F.E.A.R.,4,0.0011
2677,1198695408,F1™ 2015,4,0.0011
2678,1079518187,FINAL FANTASY TYPE-0 HD,4,0.0011
2679,1733492292,Finding Frankie,4,0.0011
2680,1805284872,Five Nights at Freddy's: Help Wanted 2,4,0.0011
2681,321736949,Forza Motorsport 6 Demo,4,0.0011
2682,1480656915,Frogger,4,0.0011
2683,1414596568,Frontlines:Fuel of War,4,0.0011
2684,1480656914,GALAGA,4,0.0011
2685,1229391860,Ghostbusters,4,0.0011
2686,1734964144,Ghosts 'n Goblins Resurrection,4,0.0011
2687,1989416528,Gimmick! 2,4,0.0011
2688,1763005721,Golden Tee Arcade Classics,4,0.0011
2689,2094693316,Golfing in Aether,4,0.0011
2690,1758952227,Gothic 1 Remake - Demo,4,0.0011
2691,1629480703,GRADIUS ORIGINS,4,0.0011
2692,943719970,GRID,4,0.0011
2693,1763286098,Habitat Shapes (Xbox One),4,0.0011
2694,811328231,Handball 17,4,0.0011
2695,2000004108,Hidden Cats in Berlin,4,0.0011
2696,1397819420,Hitman HD Pack,4,0.0011
2697,446981050,Hitman: Absolution HD,4,0.0011
2698,1657530068,Homescapes,4,0.0011
2699,2032696661,Hotel: A Resort Simulator,4,0.0011
2700,1654140051,Indiana Jones and the Great Circle™: Digital Artbook,4,0.0011
2701,65384566,Jumanji: The Video Game,4,0.0011
2702,1206122062,Just Dance 2016,4,0.0011
2703,251796387,Just Dance 2018®,4,0.0011
2704,611794133,Just Dance 2019®,4,0.0011
2705,1431504851,King Kong,4,0.0011
2706,1745241155,Kitten Island (Xbox Series),4,0.0011
2707,1480657105,KOF98UM,4,0.0011
2708,2134355886,Kong: Survivor Instinct,4,0.0011
2709,1900505119,Kung Fu Panda Showdown of Legendary Legends,4,0.0011
2710,1642491282,Lamentum,4,0.0011
2711,1902038615,Lara Croft and the Guardian of Light (PC),4,0.0011
2712,1920167136,Layers of Fear (2023),4,0.0011
2713,191432544,LEGO® The Hobbit™ Demo,4,0.0011
2714,1848425529,Let's Sing 2025,4,0.0011
2715,1769984530,Let Them Come: Onslaught Demo,4,0.0011
2716,1716669263,Levelhead,4,0.0011
2717,1929376326,Lil Gator Game,4,0.0011
2718,1999941762,Little Nightmares 3 - Demo,4,0.0011
2719,1936213191,Little Nightmares Enhanced Edition,4,0.0011
2720,1778148060,Little Witch in the Woods,4,0.0011
2721,779348826,Livelock,4,0.0011
2722,1987951399,Lonely Mountains: Downhill,4,0.0011
2723,1899103981,Lost Ember: Rekindled Edition,4,0.0011
2724,1700020315,MADiSON,4,0.0011
2725,1537894068,Magic 2015,4,0.0011
2726,798834281,Manual Samuel Last Tuesday Edition,4,0.0011
2727,1911247850,Meet Your Maker,4,0.0011
2728,1766280986,METAL SLUG ATTACK RELOADED,4,0.0011
2729,2090925193,Metal Slug Tactics,4,0.0011
2730,1263405116,MGS PW HD,4,0.0011
2731,1808667646,Mighty No. 9,4,0.0011
2732,703886774,Monster Jam: Crush It!,4,0.0011
2733,2131173467,Monster Survivors,4,0.0011
2734,1807714585,Monster Truck Championship Xbox One,4,0.0011
2735,1983830877,Monster Truck Championship Xbox Series X|S,4,0.0011
2736,186591858,Monstrum,4,0.0011
2737,576433659,Moto Racer 4,4,0.0011
2738,1423533994,MotoGP™15,4,0.0011
2739,1766907656,MotoGP™21 - Xbox Series X|S,4,0.0011
2740,1718758540,Moving Out Demo,4,0.0011
2741,1937457147,Mutant Year Zero: Road to Eden,4,0.0011
2742,1781008619,MY LITTLE PONY: A Maretime Bay Adventure,4,0.0011
2743,693693640,NASCAR Heat Evolution,4,0.0011
2744,1740300956,Neighbours back From Hell,4,0.0011
2745,1480657439,NEOGEO BATTLE COLISEUM,4,0.0011
2746,910593568,Never Alone (Kisima Ingitchuna),4,0.0011
2747,1910350587,New Star™ GP,4,0.0011
2748,1690896049,New Tales from the Borderlands,4,0.0011
2749,1619386237,Nick Jr. Party Adventure,4,0.0011
2750,1700516900,NINJA GAIDEN 3: Razor's Edge,4,0.0011
2751,2013083896,NINJA GAIDEN: Ragebound,4,0.0011
2752,1844719399,Nobody Wants to Die,4,0.0011
2753,1681858755,OMORI,4,0.0011
2754,926156714,Onimusha: Warlords,4,0.0011
2755,1480659435,Orcs Must Die!,4,0.0011
2756,1794026365,Order of Battle: World War II,4,0.0011
2757,1904294237,Outcast - A New Beginning,4,0.0011
2758,2088993727,Outlaws + Handful of Missions: Remaster,4,0.0011
2759,1129121801,Overlord II,4,0.0011
2760,2002349228,OVERPASS™,4,0.0011
2761,1906677498,PAC-MAN MUSEUM+,4,0.0011
2762,1828865417,PAC-PAC,4,0.0011
2763,1654902688,Parkitect: Deluxe Edition,4,0.0011
2764,1836785866,ParkourLand Elite: Playground,4,0.0011
2765,1894365262,PAW Patrol: Grand Prix,4,0.0011
2766,1775966138,PBA Pro Bowling 2021,4,0.0011
2767,1867683926,Persona 5 Tactica,4,0.0011
2768,1480656948,Pinball FX,4,0.0011
2769,2046628793,PixARK,4,0.0011
2770,2024485825,PJ Masks: Heroes of the Night,4,0.0011
2771,1903469961,PlateUp! Demo,4,0.0011
2772,1825171879,Pocky & Rocky Reshrined,4,0.0011
2773,153810321,Pro Evolution Soccer 2015,4,0.0011
2774,670498748,Pumped BMX +,4,0.0011
2775,606673599,Pumped BMX Pro,4,0.0011
2776,2063534995,Pyramids and Aliens: Escape Room,4,0.0011
2777,1480659455,Quantum Conundrum,4,0.0011
2778,1970834532,RAGE 2 (PC),4,0.0011
2779,1480657184,Raskulls,4,0.0011
2780,893913055,Red Faction II,4,0.0011
2781,1767764646,Retreat To Enen,4,0.0011
2782,1619865604,Ring of Pain,4,0.0011
2783,1263339494,Risen 2™: Dark Waters ,4,0.0011
2784,1414793183,Rockstar Table Tennis,4,0.0011
2785,1719461807,Rugrats: Adventures in Gameland,4,0.0011
2786,2124983718,SAND LAND,4,0.0011
2787,1480657539,SEGA Bass Fishing,4,0.0011
2788,1480657775,Sega Vintage Collection: Golden Axe,4,0.0011
2789,1852363353,Shadow Gambit: The Cursed Crew,4,0.0011
2790,1935829261,Shadowrun: Hong Kong - Extended Edition,4,0.0011
2791,2145390992,Sherlock Holmes: Crimes and Punishments Redux,4,0.0011
2792,1480657316,Shinobi,4,0.0011
2793,2018103228,Ship of Fools,4,0.0011
2794,687576060,Skylanders SuperChargers Portal Owner's Pack,4,0.0011
2795,1671676860,Snakeybus,4,0.0011
2796,1002731481,Snooker Nation Championship,4,0.0011
2797,1480659441,Sonic CD,4,0.0011
2798,1480657415,SONIC THE HEDGEHOG™ 4 Episode I,4,0.0011
2799,196851457,Spike Volleyball,4,0.0011
2800,2071323777,Star Trek: Resurgence,4,0.0011
2801,1992651140,STAR WARS™: Dark Forces Remaster,4,0.0011
2802,1434175066,Starpoint Gemini 2,4,0.0011
2803,1833403666,SteamWorld Dig 2,4,0.0011
2804,1794869036,Strike Force Heroes,4,0.0011
2805,1859111730,Struggling,4,0.0011
2806,1895471502,Stubbs the Zombie in Rebel Without a Pulse,4,0.0011
2807,2037941256,SUPER BOMBERMAN R 2,4,0.0011
2808,1841866029,Super Bomberman R Online,4,0.0011
2809,1866825187,Super Monkey Ball: Banana Blitz HD,4,0.0011
2810,1777228920,Super Woden GP II,4,0.0011
2811,1839740207,Supraland,4,0.0011
2812,1949756621,Surgeon Simulator 2,4,0.0011
2813,1775967989,Surviving Mars,4,0.0011
2814,2015998604,Syberia - The World Before,4,0.0011
2815,1981157496,System Shock,4,0.0011
2816,1803471862,Taiko no Tatsujin: Rhythm Festival Demo,4,0.0011
2817,2132478540,Tails of Iron 2: Whiskers of Winter,4,0.0011
2818,1431504853,TC's GRAW,4,0.0011
2819,2124220599,Techwars Global Conflict,4,0.0011
2820,2076835000,"THE CASINO COLLECTION: Ruleta, Vídeo Póker, Tragaperras, Craps, Baccarat, Five-Card Draw Poker, Texas hold 'em, Blackjack and Page One",4,0.0011
2821,939155231,The Council - Episode 1: The Mad Ones,4,0.0011
2822,1916261316,The Crackpet Show: Happy Tree Friends Edition,4,0.0011
2823,129773809,The Disney Afternoon Collection,4,0.0011
2824,125965001,The Escapists: The Walking Dead,4,0.0011
2825,1790921256,The Evil Within® 2 (PC),4,0.0011
2826,1685158190,The Expanse: A Telltale Series,4,0.0011
2827,2011673728,THE HOUSE OF THE DEAD 2: Remake,4,0.0011
2828,483182712,The Incredible Adventures of Van Helsing II,4,0.0011
2829,1892179113,The Last Faith,4,0.0011
2830,1814704445,The Outer Worlds 2 – Digital Artbook & Soundtrack,4,0.0011
2831,1669482828,The Smurfs 2 : The Prisoner of the Green Stone,4,0.0011
2832,901516198,The Surge 2,4,0.0011
2833,491421892,The Talos Principle,4,0.0011
2834,1967005422,The Wandering Village,4,0.0011
2835,544772182,Thronebreaker: The Witcher Tales,4,0.0011
2836,32122245,Tony Hawk's® Pro Skater™ 5,4,0.0011
2837,1613151355,Tools Up! Demo,4,0.0011
2838,1695392136,Tormented Souls,4,0.0011
2839,1630747846,Tour de France 2025,4,0.0011
2840,1832512217,Townscaper,4,0.0011
2841,974917521,Train Sim World® 2020,4,0.0011
2842,2078968222,Truck Driver: The American Dream,4,0.0011
2843,1066906675,Vikings - Wolves of Midgard,4,0.0011
2844,1480659612,Virtua Fighter 2,4,0.0011
2845,1759773134,Walking Simulator,4,0.0011
2846,1679106504,WARRIORS: Abyss,4,0.0011
2847,2039837995,We Were Here Forever,4,0.0011
2848,1642652271,Welcome to ParadiZe - Demo,4,0.0011
2849,1929637600,Wildkeepers Rising,4,0.0011
2850,1861858143,Wolfenstein: Youngblood (PC),4,0.0011
2851,2137985485,WONDER BOY ASHA in Monster World,4,0.0011
2852,1755180052,Yakuza 3 Remastered,4,0.0011
2853,1788295676,Yakuza 4 Remastered,4,0.0011
2854,1773431897,Yakuza 6: The Song of Life,4,0.0011
2855,1803165746,Yet Another Zombie Survivors Demo,4,0.0011
2856,820078969,Zombie Driver Ultimate Edition,4,0.0011
2857,1875818022,1 Square,3,0.0008
2858,1828682259,9th Dawn III,3,0.0008
2859,1806866056,A Building Full of Cats,3,0.0008
2860,1943296587,A Duel Hand Disaster: Trackher DEMO,3,0.0008
2861,1824287216,Aaero2,3,0.0008
2862,983914761,ACA NEOGEO METAL SLUG 3,3,0.0008
2863,70786264,ACA NEOGEO METAL SLUG 5,3,0.0008
2864,1790739309,Ad Infinitum,3,0.0008
2865,1923017469,Adrian's Tale,3,0.0008
2866,1628334164,Adventures of a Cat In Space Demo,3,0.0008
2867,1763236945,AFL Evolution 2,3,0.0008
2868,2095341139,Agatha Christie - Hercule Poirot: The London Case,3,0.0008
2869,2088234021,Agatha Christie - The ABC Murders (Xbox Series),3,0.0008
2870,1480657136,Age of Booty,3,0.0008
2871,1630807758,Age of Water,3,0.0008
2872,2080141972,Aground,3,0.0008
2873,1796559648,Aircraft Carrier Survival,3,0.0008
2874,1758633519,Alien Hominid HD,3,0.0008
2875,1712068512,Amanda the Adventurer,3,0.0008
2876,1628251712,Amazing Maze,3,0.0008
2877,1757356654,Andro Dunos 2,3,0.0008
2878,880418401,AO International Tennis,3,0.0008
2879,1798477678,AO Tennis 2,3,0.0008
2880,1743279702,Arma Reforger - Experimental,3,0.0008
2881,423441812,Ashes Cricket,3,0.0008
2882,686748290,Atari Flashback Classics Vol. 1,3,0.0008
2883,1744435907,Atelier Yumia: The Alchemist of Memories & the Envisioned Land (Xbox Series X|S),3,0.0008
2884,1835249581,ATOM RPG: Post-apocalyptic indie game,3,0.0008
2885,267850304,ATV Drift & Tricks Definitive Edition,3,0.0008
2886,1720903665,Autopsy Simulator,3,0.0008
2887,1758411793,Ball Race 5: Volleyball DEMO,3,0.0008
2888,1664978629,Bang-On Balls: Chronicles,3,0.0008
2889,1480659459,Bellator: MMA Onslaught,3,0.0008
2890,1798776797,Bendy and the Dark Revival (Xbox Series X|S),3,0.0008
2891,2106780142,Beneath,3,0.0008
2892,1913455981,Beyond a Steel Sky,3,0.0008
2893,1799714563,Beyond Enemy Lines - Remastered Edition,3,0.0008
2894,1480657658,Beyond Good & Evil HD,3,0.0008
2895,1618388364,Beyond Hanwell,3,0.0008
2896,1671588981,Bible Trivia­,3,0.0008
2897,2008389504,Big Helmet Heroes,3,0.0008
2898,1397033052,BINARY DOMAIN,3,0.0008
2899,2111261259,Biped,3,0.0008
2900,1689997111,Blackjack Solitaire,3,0.0008
2901,1947615757,Blacksmith of the Sand Kingdom,3,0.0008
2902,1635661974,Bladed Fury,3,0.0008
2903,1082339580,BLAZBLUE CHRONOPHANTASMA EXTEND,3,0.0008
2904,1621798082,Block Blast Gem Find Puzzle,3,0.0008
2905,1862346957,BloodRayne: ReVamped,3,0.0008
2906,1800572506,Bloodshed,3,0.0008
2907,1480657330,Bomberman Battlefest,3,0.0008
2908,1756283393,Boomerforge (Xbox One),3,0.0008
2909,1744072621,Bratz™: Flaunt your fashion,3,0.0008
2910,1827158254,Brawlout Demo,3,0.0008
2911,1754913361,Brewmaster: Beer Brewing Simulator,3,0.0008
2912,1961812834,BROK: The Brawl Bar,3,0.0008
2913,720192428,Bud Spencer & Terence Hill - Slaps And Beans,3,0.0008
2914,1912531214,Bunny Battle Nemesis,3,0.0008
2915,2114128708,Bunny Park,3,0.0008
2916,2022947683,BVOVB - Bruising Vengeance of the Vintage Boxer,3,0.0008
2917,754791096,Call of Duty®: Infinite Warfare,3,0.0008
2918,1777741495,CAPTURED,3,0.0008
2919,1931470162,Car Driving School Simulator,3,0.0008
2920,1696049385,Carnivores: Dinosaur Hunt,3,0.0008
2921,1480659976,Castlevania: LoS - Mirror of Fate HD,3,0.0008
2922,1646378646,Cat Quest III,3,0.0008
2923,1944645448,Chess Battle,3,0.0008
2924,2137663855,Chip ‘n Clawz vs. The Brainioids,3,0.0008
2925,1717544750,Christmas Coloring Book for Kids,3,0.0008
2926,1756546018,Classic Pixel Marioboy Adventures,3,0.0008
2927,1677354959,Clea Demo,3,0.0008
2928,1963790042,Club Vegas Slots - Casino Games,3,0.0008
2929,1610974574,Cocoon,3,0.0008
2930,2087025872,CODE VEIN Trial Edition,3,0.0008
2931,1783710489,"Coffee, Plis",3,0.0008
2932,1640341352,College Bowl,3,0.0008
2933,1480657343,Commander's Challenge,3,0.0008
2934,1954997644,Construction Simulator 3 - Console Edition,3,0.0008
2935,1767974553,Cozy Grove,3,0.0008
2936,1859298823,Creepy Shift: Roadside Diner,3,0.0008
2937,1931878195,Cricket 24: The Official Game Of The Ashes,3,0.0008
2938,461173340,Crimson Dragon,3,0.0008
2939,429288038,Crypt of the NecroDancer,3,0.0008
2940,2077764934,Crysis Remastered,3,0.0008
2941,1946372542,Cubic Odyssey,3,0.0008
2942,1033012343,D4: Dark Dreams Don't Die,3,0.0008
2943,2126586531,Daemon X Machina: Titanic Scion Demo,3,0.0008
2944,942640100,DAKAR 18,3,0.0008
2945,2065869943,Danganronpa V3: Killing Harmony Anniversary Edition,3,0.0008
2946,178127013,Danger Zone 2,3,0.0008
2947,1618795137,Darker Skies,3,0.0008
2948,1932502236,DARKGEMS,3,0.0008
2949,1922125818,Dead Reset,3,0.0008
2950,1480657513,Deadliest Warrior,3,0.0008
2951,2027027841,Debtor: Enhanced Edition,3,0.0008
2952,1679835971,Deliver Us The Moon,3,0.0008
2953,1613018343,Delivery of Us (Xbox One),3,0.0008
2954,1821772596,DEMON'S TILT,3,0.0008
2955,1632750108,Demonschool,3,0.0008
2956,382896606,Desperados III,3,0.0008
2957,2116371080,Dicey Dungeons,3,0.0008
2958,1772577777,Dirt Bike Retro,3,0.0008
2959,1951675244,DJMAX RESPECT V,3,0.0008
2960,2144573002,Doctor Cat,3,0.0008
2961,1112737777,DOOM 3 BFG Edition,3,0.0008
2962,1646140981,Double Kick Heroes,3,0.0008
2963,2044234749,Dragon's Dogma 2 Character Creator & Storage,3,0.0008
2964,1829106294,DRAGON QUEST® XI S: Echoes of an Elusive Age™ - Definitive Edition DEMO,3,0.0008
2965,141638183,DreamWorks Dragons Dawn of New Riders,3,0.0008
2966,2026145066,Drink 'Em,3,0.0008
2967,1847263549,Dungeon Defenders: Awakened,3,0.0008
2968,147604411,Dungeons 3,3,0.0008
2969,1739392581,Dungeons of Sundaria,3,0.0008
2970,1831247908,EA SPORTS™ FIFA 16 Downloadable Demo,3,0.0008
2971,1146095609,Earth Defense Force: IA,3,0.0008
2972,1730596263,Echo Generation: Midnight Edition,3,0.0008
2973,2086101209,ELDERBORN,3,0.0008
2974,1773142063,ENDER LILIES: Quietus of the Knights,3,0.0008
2975,1930656280,Enotria: The Last Song,3,0.0008
2976,1263339518,Escape Dead Island,3,0.0008
2977,2071187965,Escape from the Dungeon,3,0.0008
2978,1877665788,Esophaguys Demo,3,0.0008
2979,1867425405,Evil Inside,3,0.0008
2980,1879452548,Exhausted Man Demo,3,0.0008
2981,1989971377,Exit the Gungeon,3,0.0008
2982,1614221632,ExoCross,3,0.0008
2983,1649971201,Fallout,3,0.0008
2984,82367207,Farmer's Dynasty,3,0.0008
2985,1479130986,FIFA 15 Downloadable Demo,3,0.0008
2986,1752960308,Fishdom,3,0.0008
2987,1931098335,Five Dates,3,0.0008
2988,67961945,FlatOut 4 : Total Insanity,3,0.0008
2989,1612600408,Floralis Demo,3,0.0008
2990,1975562587,Forgive Me Father,3,0.0008
2991,1882538785,Forgive Me Father 2,3,0.0008
2992,1830452855,Forklift Simulator,3,0.0008
2993,1674898447,Formula Legends Demo,3,0.0008
2994,1686694199,Full Metal Sergeant,3,0.0008
2995,1627281209,FUSER™,3,0.0008
2996,1870314278,G.I. JOE: WRATH OF COBRA,3,0.0008
2997,1856172970,Game of Thrones - Episode 1: Iron from Ice,3,0.0008
2998,1731716256,Gardenscapes,3,0.0008
2999,1776470461,GIGASWORD Demo,3,0.0008
3000,1941242183,Glass Masquerade 2,3,0.0008
3001,1641056892,Gloomhaven,3,0.0008
3002,1788626737,Golazo!,3,0.0008
3003,1480657057,Golf: Tee It Up!,3,0.0008
3004,529515303,Gone Home,3,0.0008
3005,144763408,Gorogoa,3,0.0008
3006,1785738076,Grandia HD Collection,3,0.0008
3007,1129121873,GRID Autosport,3,0.0008
3008,671675837,GRIP,3,0.0008
3009,1668009445,Grow in the Hole,3,0.0008
3010,485144549,Halo Wars 2 Demo,3,0.0008
3011,1480656866,Hardwood Backgammon,3,0.0008
3012,1480656851,Hardwood Hearts,3,0.0008
3013,1780268897,Harvest Moon: Light of Hope SE Complete,3,0.0008
3014,1683854838,Harvest Moon: The Winds of Anthos,3,0.0008
3015,48906653,Has-Been Heroes,3,0.0008
3016,1928781153,Hellboy Web of Wyrd,3,0.0008
3017,1760815176,Hero's Hour,3,0.0008
3018,1796297550,Hidden Cats in New York,3,0.0008
3019,1667810067,Hidden Kittens: Kingdom of Cats,3,0.0008
3020,1997691917,Hidden Paws,3,0.0008
3021,1958413760,Hill Climb Racing,3,0.0008
3022,1968550256,Hobo: Tough Life,3,0.0008
3023,1641368913,House Fighters: Total Mess Demo,3,0.0008
3024,1693450318,Hunt: Showdown,3,0.0008
3025,390164739,Hunting Simulator,3,0.0008
3026,1622108683,I Am Your President,3,0.0008
3027,2129720796,"I Have No Mouth, and I Must Scream",3,0.0008
3028,720995386,Immortal Redneck,3,0.0008
3029,1672730245,In Sound Mind,3,0.0008
3030,2062191225,Iron Meat,3,0.0008
3031,1923804355,Jet Kave Adventure,3,0.0008
3032,1930132661,Jotunnslayer: Hordes of Hel,3,0.0008
3033,2004666712,Journey To The Savage Planet: Employee Of The Month,3,0.0008
3034,1480656856,Joust,3,0.0008
3035,1480660105,JUJU,3,0.0008
3036,1396901845,Just Cause,3,0.0008
3037,1995913309,Katamari Damacy REROLL,3,0.0008
3038,1841198850,Keeper's Toll,3,0.0008
3039,1840996916,Kinect Sports Rivals,3,0.0008
3040,1980119086,Klondike Adventures,3,0.0008
3041,1039363526,Kona,3,0.0008
3042,1647023800,Legend Bowl,3,0.0008
3043,1909593680,Legends BMX,3,0.0008
3044,2121317693,LEGO® Builder's Journey,3,0.0008
3045,1848238632,Leisure Suit Larry - Wet Dreams Don't Dry,3,0.0008
3046,1759373796,Leisure Suit Larry - Wet Dreams Dry Twice,3,0.0008
3047,1480657361,LIMBO,3,0.0008
3048,1625997162,Liminal Department,3,0.0008
3049,1747517565,Little Goody Two Shoes,3,0.0008
3050,1829938516,Lost in Loss Demo,3,0.0008
3051,1919266957,Love is all around (Demo),3,0.0008
3052,1634336729,LUNAR Remastered Collection,3,0.0008
3053,1851150269,Magic of Runes: Hidden Object Games,3,0.0008
3054,908941238,Mark of the Ninja: Remastered,3,0.0008
3055,1060304103,Marooners,3,0.0008
3056,1414793291,Max Payne® 2: The Fall of Max Payne,3,0.0008
3057,1112934356,Meet the Robinsons,3,0.0008
3058,699525164,Mega Man 11 Demo Version,3,0.0008
3059,1889275388,Metal Eden,3,0.0008
3060,2025888877,METAL EDEN Demo,3,0.0008
3061,1480657266,Metal Slug XX,3,0.0008
3062,470697695,Micro Machines World Series,3,0.0008
3063,2142315481,Mighty Morphin Power Rangers: Rita's Rewind,3,0.0008
3064,1708501931,Mimi the Cat: New Friends,3,0.0008
3065,2078832385,Monster Energy Supercross 4 - Xbox Series X|S,3,0.0008
3066,2079227086,MotoGP™20,3,0.0008
3067,1679173794,MotoGP™21,3,0.0008
3068,2091286911,Mudness Offroad - 4x4 Truck Car Simulator,3,0.0008
3069,1834840157,Murder House,3,0.0008
3070,1866194138,Murder Miners,3,0.0008
3071,1670201710,My Little Universe Demo,3,0.0008
3072,498956148,NASCAR Heat 2,3,0.0008
3073,1756150140,NBA 2K21 Demo,3,0.0008
3074,1882866745,NBA BOUNCE,3,0.0008
3075,1813201689,Neptunia: Sisters VS Sisters,3,0.0008
3076,1671144891,New Joe & Mac - Caveman Ninja,3,0.0008
3077,2137651733,New Super Lucky's Tale Demo,3,0.0008
3078,125341318,Night in the Woods,3,0.0008
3079,1647467336,Nikoderiko: The Magical World - Director's Cut,3,0.0008
3080,1020187268,Nine Parchments,3,0.0008
3081,2081999852,Observer: System Redux,3,0.0008
3082,2034276683,Oddsparks: An Automation Adventure,3,0.0008
3083,1778851260,Oddworld: Stranger's Wrath HD,3,0.0008
3084,303740234,Oh...Sir! The Insult Simulator,3,0.0008
3085,1707083836,One Military Camp,3,0.0008
3086,1756731867,One Step From Eden,3,0.0008
3087,1793239917,Ooblets,3,0.0008
3088,817391198,Outcast - Second Contact,3,0.0008
3089,1129121749,Overlord,3,0.0008
3090,1480657548,PAC-MAN CE DX+,3,0.0008
3091,2013199752,PAC-MAN Mega Tunnel Battle: Chomp Champs,3,0.0008
3092,2089042924,Paleo Pines,3,0.0008
3093,916339986,Party Hard,3,0.0008
3094,2116319841,Penny's Big Breakaway,3,0.0008
3095,1664709987,Persona 3 Reload - Demo,3,0.0008
3096,577843491,Phar Lap - Horse Racing Challenge,3,0.0008
3097,1731213835,Pickup Driving - Free,3,0.0008
3098,1644028139,Pillars of Eternity 2: Deadfire - Ultimate Edition (PC),3,0.0008
3099,2043277826,Pocket Bravery,3,0.0008
3100,1869662675,Poko's Arctic Quest (Xbox Series),3,0.0008
3101,2043431174,Pong by Yesser Studios,3,0.0008
3102,1919133963,Praetorians - HD Remaster,3,0.0008
3103,1642329913,Professor Rubik's Brain Fitness,3,0.0008
3104,1642088148,PROJECT 13,3,0.0008
3105,2133619629,Punch Club 2: Fast Forward,3,0.0008
3106,848477962,Pure Chess,3,0.0008
3107,1912444422,RAIDOU Remastered: The Mystery of the Soulless Army,3,0.0008
3108,1958527888,Rain World Demo,3,0.0008
3109,1623187954,Rally Arcade Classics,3,0.0008
3110,957250252,Rapala Fishing: Pro Series,3,0.0008
3111,1431504883,Rayman Raving Rabbids,3,0.0008
3112,1805490295,ReactorX 2,3,0.0008
3113,1927701400,ReactorX 3,3,0.0008
3114,1618309410,Relicta,3,0.0008
3115,1748326860,RetroMania Wrestling,3,0.0008
3116,1884102336,Return of the Obra Dinn,3,0.0008
3117,1720079154,Riders Republic - Trial Week,3,0.0008
3118,1997384281,Rigid Force Redux,3,0.0008
3119,695693557,Riptide GP: Renegade,3,0.0008
3120,1723464141,Rogue Flight,3,0.0008
3121,322450727,Rogue Legacy,3,0.0008
3122,1850415990,"Rolling Hills: Make Sushi, Make Friends",3,0.0008
3123,2056964790,Rubber Hose Rampage,3,0.0008
3124,1759610497,Rush Rally Origins,3,0.0008
3125,293466353,Saban’s Mighty Morphin Power Rangers: Mega Battle,3,0.0008
3126,1708768275,Saints Row Boss Factory,3,0.0008
3127,1480657104,Samurai Shodown II,3,0.0008
3128,1753316980,Sanicball Xbox version,3,0.0008
3129,2020514432,SBK™22,3,0.0008
3130,1936020458,SCARLET NEXUS Story Demo,3,0.0008
3131,1944780994,Scars Above,3,0.0008
3132,1640582920,Schedule I: Dope Empire™,3,0.0008
3133,1652981346,ScourgeBringer,3,0.0008
3134,1641777228,Serious Sam 4,3,0.0008
3135,1161890090,Shadows of the Damned,3,0.0008
3136,1480659468,Shank™2,3,0.0008
3137,1933595910,Shaolin vs Wutang 2,3,0.0008
3138,114172147,Shenmue,3,0.0008
3139,2129620077,Sherlock Holmes The Awakened,3,0.0008
3140,722694197,Sherlock Holmes: The Devil's Daughter,3,0.0008
3141,2123021352,Sherlock Holmes: The Devil's Daughter Redux,3,0.0008
3142,1898291368,Shy Cats Hidden Tracks - Vol. 1,3,0.0008
3143,1880975663,Simple Solitaire,3,0.0008
3144,1720807506,Skibidi Sandbox,3,0.0008
3145,112459691,Skydrift Infinity,3,0.0008
3146,1619682648,Slaycation Paradise,3,0.0008
3147,1792405589,Sledding Game,3,0.0008
3148,1480660016,Slender: The Arrival,3,0.0008
3149,1480656957,Soltrio Solitaire,3,0.0008
3150,1480659442,SONIC 4 Episode II,3,0.0008
3151,1718103769,Space Gladiators,3,0.0008
3152,1763680989,Space Science Investigations,3,0.0008
3153,1743190534,Speed Limit,3,0.0008
3154,2015317909,Speedway Racing,3,0.0008
3155,1943663664,SpellForce III Reforced,3,0.0008
3156,1734092917,Spirit of the North: Enhanced Edition,3,0.0008
3157,2032251921,Spot Challenge Vol. 2,3,0.0008
3158,2088823549,Star Trek: Legends,3,0.0008
3159,1663285336,STAR WARS™: Bounty Hunter™,3,0.0008
3160,1015961921,Starpoint Gemini Warlords,3,0.0008
3161,2040979596,Steven Universe: Unleash the Light,3,0.0008
3162,1048629103,Stikbold! A Dodgeball Adventure,3,0.0008
3163,2039717133,Stock Cars Unleashed 2023,3,0.0008
3164,1692236270,Stolen Realm,3,0.0008
3165,2027854331,STORY OF SEASONS: A Wonderful Life,3,0.0008
3166,1876484566,STORY OF SEASONS: Friends of Mineral Town,3,0.0008
3167,1934391570,Street Power Soccer,3,0.0008
3168,2120109308,STUFFED,3,0.0008
3169,2112291702,STUFFED Demo,3,0.0008
3170,1414596596,Stuntman: Ignition,3,0.0008
3171,1995931888,Sunderfolk,3,0.0008
3172,2020086658,Super Engine GT Turbo SPEC,3,0.0008
3173,1998740916,Super Kids Racing : Mini Edition Demo,3,0.0008
3174,1245536437,Super Party Sports: Football,3,0.0008
3175,1733990238,Supraland: Six Inches Under,3,0.0008
3176,2101116288,Tennis Elbow 4,3,0.0008
3177,1881824137,Tetris® Forever,3,0.0008
3178,1696465874,The Adventures of Ally The Alligator,3,0.0008
3179,1841233360,The Alto Collection,3,0.0008
3180,2000790611,"THE CARD Perfect Collection Plus: Texas Hold 'em, Solitaire and others",3,0.0008
3181,1654357885,The DioField Chronicle,3,0.0008
3182,1771770355,The Forgotten City,3,0.0008
3183,1918006946,The Inheritance of Crimson Manor,3,0.0008
3184,2048481228,The Last Camp,3,0.0008
3185,1772965835,The Last Stand: Aftermath,3,0.0008
3186,1620010014,The Lonesome Guild,3,0.0008
3187,1648318214,The Lord of the Rings: Gollum™,3,0.0008
3188,1414596562,The Outfit,3,0.0008
3189,996619018,The Sinking City,3,0.0008
3190,1652470061,"THE Table Game Deluxe Pack -Mahjong, Go, Shogi, Tsume Shogi, Othello, Card, Hanafuda, Shisen Mahjong Solitaire, Chess, Backgammon-",3,0.0008
3191,2075337806,The Valiant,3,0.0008
3192,1781089938,The VideoKid,3,0.0008
3193,193310209,The Witness,3,0.0008
3194,1986869957,Them's Fightin' Herds,3,0.0008
3195,2016470925,This Bed We Made,3,0.0008
3196,424855892,This Is the Police,3,0.0008
3197,874691210,This War of Mine: The Little Ones,3,0.0008
3198,1941546606,Tides of Annihilation,3,0.0008
3199,1807962365,Tiny Tina's Assault on Dragon Keep: A Wonderlands One-shot Adventure,3,0.0008
3200,1480657534,Torchlight,3,0.0008
3201,2089745138,TRANSFORMERS: BATTLEGROUNDS,3,0.0008
3202,1529724759,Transformers: The Dark Spark,3,0.0008
3203,75584766,Trine 4: The Nightmare Prince,3,0.0008
3204,1701821008,Trivia: Knowledge Trainer - the Quiz Game,3,0.0008
3205,1619319939,Tropico 6,3,0.0008
3206,1679462217,True Fear: Forsaken Souls Part 1 Demo,3,0.0008
3207,1871105054,TY the Tasmanian Tiger HD,3,0.0008
3208,2074316990,Ultimate General: Gettysburg,3,0.0008
3209,1625709491,Undead Horde 2: Necropolis,3,0.0008
3210,2117776820,UnderMine,3,0.0008
3211,1633465482,Unicorn Overlord DEMO,3,0.0008
3212,2102312061,Unrailed!,3,0.0008
3213,133113455,Voodoo Vince: Remastered,3,0.0008
3214,2034956980,Warface: Breakout,3,0.0008
3215,648298719,Warhammer: Chaosbane Xbox One,3,0.0008
3216,1869095486,Washing Dishes for the People We Love,3,0.0008
3217,1955199870,We Were Here Together,3,0.0008
3218,1788936172,We Were Here Too,3,0.0008
3219,2016076229,Weird West: Definitive Edition,3,0.0008
3220,1798375126,Welcome to ParadiZe,3,0.0008
3221,2030769510,Werewolf: The Apocalypse - Earthblood Xbox One,3,0.0008
3222,1763125243,Wild Card Football,3,0.0008
3223,1651098442,Wild West: Hidden Objects,3,0.0008
3224,1996371924,WitchSpring R,3,0.0008
3225,1707905497,Wolfenstein 3D,3,0.0008
3226,547690837,World of Van Helsing: Deathtrap,3,0.0008
3227,555542903,Yoku's Island Express,3,0.0008
3228,1903621817,Yooka-Replaylee,3,0.0008
3229,1002820120,Youtubers Life - OMG Edition,3,0.0008
3230,2105437858,Ziggurat 2,3,0.0008
3231,1907198556,Zombie Derby: Pixel Survival,3,0.0008
3232,188225844,11-11 Memories Retold,2,0.0005
3233,1707619874,2 Synchro Hedgehogs,2,0.0005
3234,1646810031,3D Don't Die Mr. Robot,2,0.0005
3235,323834939,88 Heroes,2,0.0005
3236,544527071,911 Operator,2,0.0005
3237,524849647,99Vidas,2,0.0005
3238,1791707434,A Castle Full of Cats,2,0.0005
3239,1845248290,A Juggler's Tale,2,0.0005
3240,1918072947,A Maze Against Time (XOne),2,0.0005
3241,1833553446,A Sketchbook About Her Sun,2,0.0005
3242,2047037846,Abathor,2,0.0005
3243,537908737,Absolute Drift: Zen Edition,2,0.0005
3244,413691677,ACA NEOGEO CYBER-LIP,2,0.0005
3245,1029347426,ACA NEOGEO FATAL FURY,2,0.0005
3246,731026222,ACA NEOGEO METAL SLUG X,2,0.0005
3247,608710317,ACA NEOGEO PULSTAR,2,0.0005
3248,420401391,ACA NEOGEO THE KING OF FIGHTERS 2000,2,0.0005
3249,442527816,ACA NEOGEO THE KING OF FIGHTERS 2001,2,0.0005
3250,678033734,ACA NEOGEO THE KING OF FIGHTERS 2003,2,0.0005
3251,117254224,ACA NEOGEO ZED BLADE,2,0.0005
3252,1660341261,ACA2NEOGEO THE KING OF FIGHTERS '98,2,0.0005
3253,2132000502,ACL Pro Cornhole,2,0.0005
3254,691691903,Adam's Venture: Origins,2,0.0005
3255,219620906,ADIOS Amigos,2,0.0005
3256,1784931030,Aerial_Knight's Never Yield,2,0.0005
3257,1956029545,Aeterna Noctis,2,0.0005
3258,2076405066,Agarta,2,0.0005
3259,1922741539,AI: THE SOMNIUM FILES,2,0.0005
3260,1757653087,Aircraft Evolution,2,0.0005
3261,2116588551,Airoheart,2,0.0005
3262,1859288114,AirportSim,2,0.0005
3263,1765947167,Alan Wake,2,0.0005
3264,1847254069,Alex Kidd in Miracle World DX,2,0.0005
3265,1480657314,Altered Beast,2,0.0005
3266,1694657478,Amnesia: Rebirth,2,0.0005
3267,77840650,Among the Sleep - Enhanced Edition,2,0.0005
3268,2021205208,Ancestors Legacy,2,0.0005
3269,1740207992,Andromeda Survivors,2,0.0005
3270,2093965833,Angry Birds Friends,2,0.0005
3271,1659178052,Angry Video Game Nerd 8-bit Demo,2,0.0005
3272,1912581219,Anima Flux Demo,2,0.0005
3273,2032975288,ANIMAL WELL,2,0.0005
3274,188051424,Anodyne,2,0.0005
3275,1717172856,Another Sight,2,0.0005
3276,1813643991,Apolune 2 Demo,2,0.0005
3277,1630751753,Aquarium Land,2,0.0005
3278,1861701062,Arcade Archives 2 RIDGE RACER,2,0.0005
3279,2081200138,Arcade Classics Anniversary Collection,2,0.0005
3280,1714994601,Architect Life: A House Design Simulator,2,0.0005
3281,1929297581,Armature Invasion,2,0.0005
3282,119215728,ARSLAN: THE WARRIORS OF LEGEND,2,0.0005
3283,1648951692,Ary and the Secret of Seasons,2,0.0005
3284,1664245882,Atari 50: The Anniversary Celebration,2,0.0005
3285,968268482,Atari Flashback Classics Vol. 3,2,0.0005
3286,1725237513,Autobahn Police Simulator 2,2,0.0005
3287,1484426675,Awesomenauts Assemble!,2,0.0005
3288,55549300,Axiom Verge,2,0.0005
3289,1989717874,Axis Football 2024,2,0.0005
3290,1805978609,Baby Shark™: Sing & Swim Party,2,0.0005
3291,1889059808,Backpack Hero,2,0.0005
3292,1958897628,Backrooms: Partygoers,2,0.0005
3293,1152151422,BADLAND: Game of the Year Edition,2,0.0005
3294,1619305462,Baki Hanma: Blood Arena,2,0.0005
3295,1915656928,Baki Hanma: Blood Arena Demo,2,0.0005
3296,1895683438,Ballotron Galaxy (Windows),2,0.0005
3297,1780001013,Ballotron Galaxy (Xbox One),2,0.0005
3298,1692686740,Baseball.free,2,0.0005
3299,465259992,Battle Chasers: Nightwar,2,0.0005
3300,1136549309,Battlefield 4™ Community Test Environment,2,0.0005
3301,1396901849,Battlestations: Midway,2,0.0005
3302,2009443764,BBQ Simulator: The Squad,2,0.0005
3303,1096353751,BCFx,2,0.0005
3304,1785218274,BEAR ESCAPE MISSION,2,0.0005
3305,1050692306,Beast Quest,2,0.0005
3306,1774256665,Beat of Montezuma,2,0.0005
3307,2063091969,Beholgar,2,0.0005
3308,2037703927,Beyond Blue,2,0.0005
3309,1882814863,Beyond Doors,2,0.0005
3310,1927815372,Big Helmet Heroes Demo,2,0.0005
3311,1672240848,Bingo Blitz™️ - Bingo Games,2,0.0005
3312,1769201615,Bioprototype,2,0.0005
3313,1827284830,Birth,2,0.0005
3314,402049843,Black Desert,2,0.0005
3315,1972410679,Blaze and the Monster Machines: Axle City Racers,2,0.0005
3316,1937934563,Blood Waves (Xbox Series X|S),2,0.0005
3317,1739622609,Blood West,2,0.0005
3318,1723799507,BloodRayne 2: ReVamped,2,0.0005
3319,1880934555,Bloomtown: A Different Story Demo,2,0.0005
3320,2040810853,Boomerforge (Series X),2,0.0005
3321,2092220937,Borderlands 3,2,0.0005
3322,1844418156,Botany Manor,2,0.0005
3323,1634698334,Boxing.free,2,0.0005
3324,1685243124,Boxville,2,0.0005
3325,607618494,"Braid, Anniversary Edition",2,0.0005
3326,1480657070,Brain Challenge™,2,0.0005
3327,1857840975,Breakout: Recharged,2,0.0005
3328,465277350,Bridge Constructor,2,0.0005
3329,2143317425,Bridge Constructor Studio,2,0.0005
3330,2038940671,Bridge Race,2,0.0005
3331,1785802318,Brocula Demo,2,0.0005
3332,1907372052,BROK the InvestiGator,2,0.0005
3333,2133362762,Broken Sword - Shadow of the Templars: Reforged,2,0.0005
3334,73782745,Brothers: a Tale of Two Sons,2,0.0005
3335,1891744318,Buckshot Roulette – Russian Roulette Simulator,2,0.0005
3336,1923745417,Bug Fables: The Everlasting Sapling,2,0.0005
3337,2063001025,Bunninjutsu (Xbox One),2,0.0005
3338,1904033271,Bunninjutsu (Xbox Series),2,0.0005
3339,2061327473,Burger Master,2,0.0005
3340,1793480330,Bus Stop Shuffle Series X|S,2,0.0005
3341,1757174298,Bus World,2,0.0005
3342,2101621133,Call of Duty®: Black Ops II (2012),2,0.0005
3343,1819214390,Call of Duty®: Modern Warfare® - Open Beta,2,0.0005
3344,1916243879,Camping Simulator: The Squad,2,0.0005
3345,1922079345,Canasta Palace,2,0.0005
3346,101219204,Cannon Brawl,2,0.0005
3347,1480659545,CAPCOM ARCADE CABINET,2,0.0005
3348,1807592900,Car Mechanic Simulator Classic,2,0.0005
3349,1670545964,Cards We're Dealt Demo,2,0.0005
3350,2104571236,CASE 2: Animatronics Survival,2,0.0005
3351,521255269,Casey Powell Lacrosse 16,2,0.0005
3352,1643983622,Cash Frenzy,2,0.0005
3353,2032548938,Cassette Beasts,2,0.0005
3354,1754604823,Cats and Seek : Dino Park,2,0.0005
3355,1652994741,Centipede: Recharged,2,0.0005
3356,1688273727,Champion Shift Demo,2,0.0005
3357,1995880869,Charon's Staircase,2,0.0005
3358,497019090,Chasm,2,0.0005
3359,1976364432,Chasm: The Rift,2,0.0005
3360,2076707052,Checkmates,2,0.0005
3361,1827739583,Chess Infinity,2,0.0005
3362,1431504972,Child of Eden,2,0.0005
3363,1060634614,Circuits Demo,2,0.0005
3364,728813194,Citadel: Forged with Fire,2,0.0005
3365,1951821095,Cities: Skylines II,2,0.0005
3366,1783440636,City Bus Manager,2,0.0005
3367,100768843,City of Brass,2,0.0005
3368,1618799257,CityDriver,2,0.0005
3369,2028230323,Clea 2 Demo,2,0.0005
3370,1480656871,Cloning Clyde,2,0.0005
3371,1732400170,Cobra Kai 2: Dojos Rising,2,0.0005
3372,2102465429,Coffee Talk,2,0.0005
3373,1480657440,Comic Jumper,2,0.0005
3374,2124623269,Commandos 3 - HD Remaster | DEMO,2,0.0005
3375,1414596570,Conan,2,0.0005
3376,1867541216,Connect 4 - Classics,2,0.0005
3377,2121511766,CONTRA: ROGUE CORPS DEMO,2,0.0005
3378,1790053994,Cooking Fever,2,0.0005
3379,1781425798,Cozy Designer,2,0.0005
3380,963702216,Crayola Scoot,2,0.0005
3381,1754076455,Crimson Desert,2,0.0005
3382,706918470,Crimsonland,2,0.0005
3383,1886383393,Croc's World 3 (Xbox-Edition),2,0.0005
3384,1771581366,Croc Legend of the Gobbos,2,0.0005
3385,1689376479,Crypt of the Serpent King Remastered 4K Edition,2,0.0005
3386,1844923262,Cube Farmer,2,0.0005
3387,1788111391,Cultist Simulator: Initiate Edition,2,0.0005
3388,1950579327,Cute Bonfire (Xbox One),2,0.0005
3389,2021467978,Cyanide & Happiness - Freakpocalypse (Episode 1),2,0.0005
3390,1837368114,Dagon: Complete Edition,2,0.0005
3391,694107204,Dance Central Spotlight,2,0.0005
3392,822567888,Danger Zone,2,0.0005
3393,1972031627,Dark Deity 2,2,0.0005
3394,1842049989,DCL-The Game,2,0.0005
3395,1951298086,Dead End Job,2,0.0005
3396,1480657664,DEAD RISING 2: CASE WEST,2,0.0005
3397,1671934405,Dead Rising Deluxe Remaster Demo,2,0.0005
3398,1313671278,Dead to Rights,2,0.0005
3399,2075268737,Deadliest Catch: The Game,2,0.0005
3400,1838535275,Death Come True,2,0.0005
3401,1629966741,Deathtrap Dungeon: The Golden Room Demo,2,0.0005
3402,2042245331,Deep Beyond,2,0.0005
3403,923296121,Defunct,2,0.0005
3404,710337025,Demo Middle-earth™: Shadow of War™,2,0.0005
3405,2073798996,Demon's Tier+,2,0.0005
3406,1891294325,Demon Skin,2,0.0005
3407,2070086965,Desperados III,2,0.0005
3408,1628098590,Destroy All Humans! 2 Reprobed,2,0.0005
3409,1829928670,Destroy All Humans! Demo,2,0.0005
3410,1848024903,Dig Deep,2,0.0005
3411,1715814050,Discounty Demo,2,0.0005
3412,63030352,Disneyland Adventures Demo,2,0.0005
3413,2096544989,Divine Knockout (DKO),2,0.0005
3414,1935690934,Dog Man: Mission Impawsible,2,0.0005
3415,1087781956,Don Bradman Cricket,2,0.0005
3416,184694935,Doodle God Demo,2,0.0005
3417,1793469167,Dorfromantik,2,0.0005
3418,1682154324,DPS Idle (Windows 10),2,0.0005
3419,1701653588,Dragon Age™: The Veilguard Character Creator,2,0.0005
3420,2113273842,Dragon Ruins II,2,0.0005
3421,2013142116,Dragon Sinker: Descendants of Legend,2,0.0005
3422,1921123976,Dream Park Story,2,0.0005
3423,1776664428,Dreamland Solitaire: Dragon's Fury,2,0.0005
3424,437034138,Drive On Moscow,2,0.0005
3425,1947615527,Drova - Forsaken Kin,2,0.0005
3426,1861826241,Duck Simulator 2,2,0.0005
3427,1729123469,Ducky Dash,2,0.0005
3428,1799540443,Dungeons & Dragons Neverwinter Nights 2: Enhanced Edition,2,0.0005
3429,2143168843,Dungeons 4 Demo (Win),2,0.0005
3430,117434960,Dynamite Fishing - World Games,2,0.0005
3431,1741300205,Earthion,2,0.0005
3432,1902463615,EDENS ZERO TRIAL VERSION (DEMO),2,0.0005
3433,1648619937,Edge of Eternity,2,0.0005
3434,866704492,eFootball PES 2020 DEMO,2,0.0005
3435,1963912042,Eiyuden Chronicle: Rising,2,0.0005
3436,1733034941,Electronics Puzzle Lab,2,0.0005
3437,1931870677,Elon and the Divine Proof,2,0.0005
3438,651709478,Emily Wants to Play Too,2,0.0005
3439,1941057630,Empire of the Ants,2,0.0005
3440,1704101432,Empyreal,2,0.0005
3441,1828736918,Evil Nun: The Broken Mask,2,0.0005
3442,2012825026,Eville,2,0.0005
3443,1887182103,F1® Manager 2022,2,0.0005
3444,1480657798,Fable Heroes,2,0.0005
3445,1735036435,Fall of the New Age - Collectors Edition,2,0.0005
3446,1895194085,Fallout 2,2,0.0005
3447,2031716263,Farming Simulator 19 (Windows 10),2,0.0005
3448,1911770674,Fast & Furious: Arcade Edition,2,0.0005
3449,1709057471,FATAL FRAME: Mask of the Lunar Eclipse,2,0.0005
3450,1775857297,FatalZone,2,0.0005
3451,1672045983,Feather,2,0.0005
3452,1984155294,Filthy Animals | Heist Simulator,2,0.0005
3453,1956402951,Final Vendetta,2,0.0005
3454,1966202553,Fishing: North Atlantic Enhanced Edition,2,0.0005
3455,1782426167,Flat Heroes,2,0.0005
3456,1623391709,Flock,2,0.0005
3457,1612963482,Fly Punch Boom!,2,0.0005
3458,1676125605,Flying Candy,2,0.0005
3459,1634118154,Football Manager 2021 Xbox Edition,2,0.0005
3460,1720533230,Forza Street,2,0.0005
3461,2093936173,Fossilfuel 2,2,0.0005
3462,2021908555,Freshly Frosted,2,0.0005
3463,1480657553,From Dust™,2,0.0005
3464,1881743193,Fruit Adventure Returns,2,0.0005
3465,1978204673,Full Metal Furies,2,0.0005
3466,1887193859,Gal Guardians: Servants of the Dark,2,0.0005
3467,1717888621,Galaxy Control: Arena,2,0.0005
3468,1898042382,Gargoyles Remastered,2,0.0005
3469,2077809328,Garten of Banban 4,2,0.0005
3470,1881258316,Ghost Song,2,0.0005
3471,1614017709,Gigantosaurus: Dino Kart,2,0.0005
3472,2021816349,GIGASWORD,2,0.0005
3473,1480657167,Gin Rummy,2,0.0005
3474,1672998639,Glover (QUByte Classics),2,0.0005
3475,1643243659,Gnomes Garden 7: Christmas Story,2,0.0005
3476,1657835461,Gods Will Fall,2,0.0005
3477,1805166720,Goetia,2,0.0005
3478,886842480,Goosebumps: The Game,2,0.0005
3479,2043449905,Gori: Cuddly Carnage,2,0.0005
3480,1802254427,Gori: Cuddly Carnage Demo,2,0.0005
3481,2086942551,Greed 3: Old Enemies Returning,2,0.0005
3482,2021421406,Green Soldiers Heroes,2,0.0005
3483,1981717681,Grey Skies: A War of the Worlds Story,2,0.0005
3484,2018425452,Guacamelee! 2,2,0.0005
3485,1769592885,GUNDAM EVOLUTION,2,0.0005
3486,1813853909,Habitat Shapes (Xbox Series),2,0.0005
3487,1657474153,Hades' Star: DARK NEBULA,2,0.0005
3488,2014654365,Halloween - Color by Numbers,2,0.0005
3489,1480659986,Halo: Spartan Assault,2,0.0005
3490,2038958977,Hand of Fate 2,2,0.0005
3491,1668145960,Happi Basudei,2,0.0005
3492,1952949687,Happi Basudei (for Windows 10),2,0.0005
3493,1879237097,Harvest Moon: Home Sweet Home Special Edition,2,0.0005
3494,1742067174,Hell is Us - Art Pack,2,0.0005
3495,2114001561,Hellblade: Senua's Sacrifice Original Soundtrack,2,0.0005
3496,2041012214,Hero of Fate,2,0.0005
3497,1880774720,Heroes of Hammerwatch - Ultimate Edition,2,0.0005
3498,1822597971,Hidden Cats in London,2,0.0005
3499,1702609951,Hidden Cats in Paris,2,0.0005
3500,1789922063,Hidden Cats in Rome,2,0.0005
3501,1669048701,Hidden Cats in Spooky Town,2,0.0005
3502,2069376846,Hidden Paws Mystery,2,0.0005
3503,2143521417,Hidden Shapes: Animals + Lovely Cats,2,0.0005
3504,1941459361,Highway Driving 2023 Demo,2,0.0005
3505,1698597039,Hokko Life,2,0.0005
3506,2056748167,Home Sheep Home: Farmageddon Party Edition,2,0.0005
3507,1775797026,Horizon Chase 2,2,0.0005
3508,2111451812,Horror Adventure : Zombie Edition (Demo),2,0.0005
3509,346098390,Hotel Transylvania 3: Monsters Overboard,2,0.0005
3510,2017392648,Humans Gone,2,0.0005
3511,1702750733,Huntdown,2,0.0005
3512,1498810322,Hunter: The Reckoning,2,0.0005
3513,1701624216,Hypnospace Outlaw Demo,2,0.0005
3514,1986217968,"I, AI",2,0.0005
3515,299988825,Ice Age Scrat's Nutty Adventure,2,0.0005
3516,1671981054,Imagine Earth Demo,2,0.0005
3517,1859409710,INDIKA,2,0.0005
3518,909182696,Infinite Minigolf,2,0.0005
3519,1397819355,Infinite Undiscovery,2,0.0005
3520,1635790563,Infliction: Extended Cut,2,0.0005
3521,1805474854,Instruments of Destruction,2,0.0005
3522,1644577583,Ion Fury,2,0.0005
3523,718727066,Jagged Alliance: Rage!,2,0.0005
3524,944228222,Journey to the Savage Planet,2,0.0005
3525,1925586579,Jump King,2,0.0005
3526,1789366577,Junkyard Builder,2,0.0005
3527,1752507315,Jurassic Park: Survival,2,0.0005
3528,1816119728,Just Crow Things,2,0.0005
3529,1006362568,Just Dance 2014,2,0.0005
3530,1117499725,JUST DANCE® 2015,2,0.0005
3531,2026758005,Keypybara,2,0.0005
3532,2083101616,Keypybara (Xbox Series),2,0.0005
3533,1816678719,KeyWe,2,0.0005
3534,646403599,Kholat,2,0.0005
3535,2100315886,KIBORG DEMO,2,0.0005
3536,2060680883,King Arthur: Legion IX,2,0.0005
3537,1672473394,King K Roller,2,0.0005
3538,1957464297,King K Roller 2,2,0.0005
3539,1703270586,Kingdom Come: Deliverance,2,0.0005
3540,1939494382,KINGDOM HEARTS Ⅲ DEMO Version,2,0.0005
3541,1055556936,Kingdom New Lands,2,0.0005
3542,1871178585,Kingdom Rush,2,0.0005
3543,1809430288,Kitten Island,2,0.0005
3544,1716222897,Kitty's Adventure for XBox One,2,0.0005
3545,2008175655,Knights of Pen and Paper +1 Deluxier Edition,2,0.0005
3546,1917136506,"Knowledge, or know Lady Demo",2,0.0005
3547,1615382054,L.O.L. Surprise! B.B.s BORN TO TRAVEL™,2,0.0005
3548,1885571558,Lab Crisis,2,0.0005
3549,1794920029,Laika: Aged Through Blood,2,0.0005
3550,1998770794,Landnama,2,0.0005
3551,1722781084,LEGO® Batman™: Legacy of the Dark Knight,2,0.0005
3552,2005013689,LEGO® Bricktales,2,0.0005
3553,1761905942,Lifeless Planet: Premier Edition,2,0.0005
3554,1397819419,LIGHTNING RETURNS FFXIII,2,0.0005
3555,2096401139,Like a Dragon: Ishin! Combat Demo,2,0.0005
3556,1780556395,LISA: The Painful - Definitive Edition,2,0.0005
3557,1689936313,Little Big Workshop,2,0.0005
3558,1886840872,Loop Hero,2,0.0005
3559,1998295089,Lord of the Click 5,2,0.0005
3560,1648660389,Lost Eidolons: Veil of the Witch,2,0.0005
3561,1788077915,Love is all around (Xbox),2,0.0005
3562,1480656888,LUMINES LIVE!,2,0.0005
3563,1480656909,Luxor 2,2,0.0005
3564,1631559726,Mad Ball Racer,2,0.0005
3565,1625265143,MageQuit,2,0.0005
3566,1480659653,Magic 2014 — Duels of the Planeswalkers,2,0.0005
3567,1797206542,Magic Jigsaw Puzzles – Puzzle game HD,2,0.0005
3568,1313086303,Make it Rain: The Love of Money,2,0.0005
3569,2106143929,Marfusha,2,0.0005
3570,2016530186,Marsupilami: Hoobadventure,2,0.0005
3571,350075261,Marvel Heroes Omega,2,0.0005
3572,2130574527,Matchpoint - Tennis Championships,2,0.0005
3573,2061946653,Math & Match,2,0.0005
3574,1760739818,Mato Anomalies,2,0.0005
3575,2091623135,Megaparty: A Tootuff Adventure,2,0.0005
3576,1638903610,Meow Moments: Celebrating Beats & Books,2,0.0005
3577,888477147,METAL GEAR SURVIVE,2,0.0005
3578,1777690290,Metal: Hellsinger Demo,2,0.0005
3579,1953382311,Metro Redux,2,0.0005
3580,1983992803,Miasma Chronicles,2,0.0005
3581,1297290226,Microsoft Minesweeper,2,0.0005
3582,2099446354,Midnight Fight Express,2,0.0005
3583,2039666903,Mika and The Witch's Mountain,2,0.0005
3584,1958464992,Mob Control,2,0.0005
3585,1480659607,Monaco: What's Yours is Mine,2,0.0005
3586,1480657301,Monkey Island: SE,2,0.0005
3587,458470194,Monster Boy and the Cursed Kingdom,2,0.0005
3588,2038013659,Monster High™‎ Skulltimate Secrets™,2,0.0005
3589,2128710093,Monster Sanctuary (Windows Version),2,0.0005
3590,1885214293,Moo & Move: Extra Grazing Grounds,2,0.0005
3591,1960491525,Morbid: The Lords of Ire,2,0.0005
3592,819262220,MotoGP™17,2,0.0005
3593,284212046,MotoGP™18,2,0.0005
3594,1685476854,Motorcycle Mechanic Simulator 2021,2,0.0005
3595,1480657689,Ms. Splosion Man™,2,0.0005
3596,115698273,Mulaka,2,0.0005
3597,2094614940,Murderous Muses,2,0.0005
3598,1663499633,Mushroom Quest,2,0.0005
3599,1819478229,My Bakery Empire,2,0.0005
3600,2075892582,Mystery Hotel: Hidden Objects (Xbox One & Series),2,0.0005
3601,2125268591,Mystic Academy: Escape Room,2,0.0005
3602,1825993656,MyWhoosh HD,2,0.0005
3603,2070906964,NAMCO MUSEUM® ARCHIVES Vol 1,2,0.0005
3604,1985582126,National Saloons,2,0.0005
3605,919412218,Necromunda: Underhive Wars,2,0.0005
3606,617479290,Neon Chrome,2,0.0005
3607,1737346272,Neverwinter Nights: Enhanced Edition,2,0.0005
3608,1453931824,NHL® 15 Downloadable Demo,2,0.0005
3609,2104142109,Night Slashers: Remake,2,0.0005
3610,2000514300,Nightmare Reaper,2,0.0005
3611,1480659560,NiGHTS into dreams...,2,0.0005
3612,1661259138,NINJA KIDZ: TIME MASTERS,2,0.0005
3613,1957424962,No Straight Roads,2,0.0005
3614,156829627,No Time To Explain,2,0.0005
3615,1915865634,Nowhere Prophet,2,0.0005
3616,54254179,Oceanhorn - Monster of Uncharted Seas,2,0.0005
3617,1750039382,Oceanhorn 2 - Knights of the Lost Realm,2,0.0005
3618,1989157631,Once Human,2,0.0005
3619,1207405244,Onigiri,2,0.0005
3620,2074508136,Open Country,2,0.0005
3621,1847106181,Oppidum,2,0.0005
3622,1688249349,Out of Sight,2,0.0005
3623,1958257709,Overpass 2,2,0.0005
3624,35717019,Oxenfree,2,0.0005
3625,175738476,PAC-MAN™ CHAMPIONSHIP EDITION 2 DEMO,2,0.0005
3626,2059236272,Paint by Numbers - Dinosaurs +,2,0.0005
3627,348018268,Pang Adventures,2,0.0005
3628,1709540890,Parking Masters,2,0.0005
3629,2000145726,Party Arcade,2,0.0005
3630,1952969635,Party Hard 2,2,0.0005
3631,1691501118,Peglin,2,0.0005
3632,1876811450,Penarium,2,0.0005
3633,2090177606,PERISH,2,0.0005
3634,1032585022,Phantom Doctrine,2,0.0005
3635,1828315114,Physics Sandbox X,2,0.0005
3636,650235919,Planet of the Eyes,2,0.0005
3637,1662154584,Platypus Reclayed,2,0.0005
3638,1859436735,"Please, Don't Touch Anything",2,0.0005
3639,2055325149,Pocket Bravery Demo,2,0.0005
3640,1804015757,Pocket Minigolf,2,0.0005
3641,1689470922,Pocket Stables,2,0.0005
3642,1617556299,Poko's Arctic Quest (Xbox One),2,0.0005
3643,1972300274,Police Stories,2,0.0005
3644,2134612267,Polterguys: Possession Party Demo,2,0.0005
3645,1927547835,Polyfury Demo,2,0.0005
3646,2114465392,Possessions Demo,2,0.0005
3647,1697635406,Post Trauma,2,0.0005
3648,539671361,Prey: Typhon Hunter,2,0.0005
3649,1829584517,Prison of Illusion (Xbox One),2,0.0005
3650,1731606141,Prison of Illusion (Xbox Series),2,0.0005
3651,1798561540,Project Motor Racing (PC),2,0.0005
3652,1624350228,Project Spark,2,0.0005
3653,1841294814,Project Warlock,2,0.0005
3654,1670048168,Public Transport Simulator - Beta,2,0.0005
3655,1112934361,Pure,2,0.0005
3656,1684904215,Purrfect Rescue,2,0.0005
3657,1655939920,Puyo Puyo Champions,2,0.0005
3658,1679725857,PuzzleCar,2,0.0005
3659,1802682965,Quake Champions,2,0.0005
3660,2013411783,Quick Whiskers (Xbox One),2,0.0005
3661,1788558004,Quick Whiskers (Xbox Series),2,0.0005
3662,2082143879,Quiz Time Demo,2,0.0005
3663,1412270296,R.B.I. Baseball 15,2,0.0005
3664,811152542,R.B.I. Baseball 17,2,0.0005
3665,1859203717,Rabio,2,0.0005
3666,319577309,RAD,2,0.0005
3667,523071548,Rad Rodgers,2,0.0005
3668,1939174273,Railway Islands 2,2,0.0005
3669,1673787135,Rain on Your Parade,2,0.0005
3670,2051640476,Raji: An Ancient Epiс,2,0.0005
3671,1717310409,Rally Rock 'N Racing,2,0.0005
3672,1480659438,RAW,2,0.0005
3673,1940062862,Re:Turn - One Way Trip,2,0.0005
3674,2132278444,Realpolitiks New Power,2,0.0005
3675,126264108,Rebel Galaxy,2,0.0005
3676,2076466454,Red Dead Redemption (PC),2,0.0005
3677,2011859970,Redout 2,2,0.0005
3678,1621063405,Regular Factory: Escape Room,2,0.0005
3679,2045008370,Remothered: Broken Porcelain,2,0.0005
3680,1997388850,Resident Evil Operation Raccoon City,2,0.0005
3681,1775421758,Return to Castle Wolfenstein,2,0.0005
3682,1989019995,Revenant Dogma,2,0.0005
3683,1313671123,Ridge Racer 6,2,0.0005
3684,1940745705,Road Maintenance Simulator,2,0.0005
3685,826442297,Road Rage,2,0.0005
3686,1791949165,Robin Hood - Sherwood Builders,2,0.0005
3687,378690252,Rock 'N Racing Off Road DX,2,0.0005
3688,1863410798,Rocket Rats,2,0.0005
3689,1832424764,Rocket Rats Xbox One,2,0.0005
3690,2136108787,Rogue Waters,2,0.0005
3691,1820242486,Roguebook Xbox Series X|S,2,0.0005
3692,2131113207,Röki,2,0.0005
3693,1617329535,Romancing SaGa 2: Revenge of the Seven Demo,2,0.0005
3694,1867054094,Royal Cooking - Cooking game,2,0.0005
3695,2084191664,Rue Valley,2,0.0005
3696,2134890759,Rummi,2,0.0005
3697,2011151442,Run & Jump Guy,2,0.0005
3698,1690094100,Run Sausage Run!,2,0.0005
3699,1828268608,Rune Crystal: Adventure (XBOX ONE),2,0.0005
3700,1654990488,Rune Factory 4 Special,2,0.0005
3701,2003142157,Runny Bunny - Console Edition,2,0.0005
3702,2130200425,RWBY: Arrowfell,2,0.0005
3703,2130893948,Ryan's Rescue Squad,2,0.0005
3704,2085974219,Sable,2,0.0005
3705,1396967423,Sacred 2 (J),2,0.0005
3706,1263339495,Sacred 3,2,0.0005
3707,1879154882,Saint Kotar,2,0.0005
3708,378040902,Salt and Sanctuary,2,0.0005
3709,2104908468,SAMURAI WARRIORS 5,2,0.0005
3710,1787532491,Save Room - The Merchant,2,0.0005
3711,2010124610,Save Your Nuts,2,0.0005
3712,1947157200,ScreamRide Demo,2,0.0005
3713,282721798,Screencheat,2,0.0005
3714,2053701653,SD GUNDAM BATTLE ALLIANCE Demo,2,0.0005
3715,816667289,Seasons after Fall,2,0.0005
3716,2030118025,Serious Sam: Siberian Mayhem,2,0.0005
3717,2120089695,Severed Steel,2,0.0005
3718,2046851303,Shadow of the Ninja - Reborn,2,0.0005
3719,584036319,Shadow Tactics: Blades of the Shogun,2,0.0005
3720,1685514435,Shalnor Legends: Sacred Lands,2,0.0005
3721,1901019717,Shaolin vs Wutang,2,0.0005
3722,36217198,Sherlock Holmes: Crimes and Punishments,2,0.0005
3723,1744177032,Sherlock: Detective Hidden Object & Match 3 Game,2,0.0005
3724,1654809752,Shotgun King: The Final Checkmate,2,0.0005
3725,1811056861,Shred! 2 - ft Sam Pilgrim,2,0.0005
3726,1834153031,Shy Cats Hidden Orchestra,2,0.0005
3727,1793492538,SimAirport,2,0.0005
3728,1876367056,Simon the Sorcerer Origins,2,0.0005
3729,528264958,Sine Mora EX,2,0.0005
3730,1480659508,SINE MORA™,2,0.0005
3731,1699661138,SKELER BOY - Prologue,2,0.0005
3732,1480659419,Skullgirls,2,0.0005
3733,2008860920,Skyline Bowling,2,0.0005
3734,1671800380,Slitcher.io Wormate Snake,2,0.0005
3735,1623473898,Slots Casino: Gambino Games - Casino Slots Machines,2,0.0005
3736,2047898532,Snowboard Legends Demo,2,0.0005
3737,16468936,So Many Me,2,0.0005
3738,1758230818,Soccer Power Hero,2,0.0005
3739,1368358394,Soda Drinker Pro,2,0.0005
3740,1702329210,Solid Void Art Nonograms,2,0.0005
3741,1678070264,Solo Leveling: ARISE OVERDRIVE Demo,2,0.0005
3742,2139967680,Sonic Racing: CrossWorlds – Open Network Test,2,0.0005
3743,1480657156,SOULCALIBUR,2,0.0005
3744,1887836492,Soulstone Survivors Demo,2,0.0005
3745,1699406552,Space Accident,2,0.0005
3746,1724027675,Space Frontier,2,0.0005
3747,1507365602,Sparkle Unleashed,2,0.0005
3748,2033340677,Speed Car Fighter : Remastered Demo,2,0.0005
3749,1927094471,Speed Limit Demo,2,0.0005
3750,1630371775,SpellForce: Conquest of Eo,2,0.0005
3751,1951151137,Spider Solitaire Collection Free,2,0.0005
3752,2120222634,Spirit of the North 2,2,0.0005
3753,2045695664,SpongeBob: Krusty Cook-Off Extra Krusty Edition,2,0.0005
3754,1950382635,Srv Survey,2,0.0005
3755,1480657523,Stacking,2,0.0005
3756,1696184173,STAR OCEAN THE DIVINE FORCE DEMO,2,0.0005
3757,1833951964,Star Ores Inc. Demo,2,0.0005
3758,1974921711,STAR WARS™: Episode I: Jedi Power Battles™,2,0.0005
3759,1928236996,Starsand,2,0.0005
3760,2078811113,Steel Seed,2,0.0005
3761,1016114215,Steven Universe: Save the Light,2,0.0005
3762,2130558129,Stockcars Unleashed 2,2,0.0005
3763,903098188,Strange Brigade,2,0.0005
3764,1739437181,Street Racer Collection (QUByte Classics),2,0.0005
3765,1951040150,Submerged,2,0.0005
3766,2119021593,Subnautica 2 (Game Preview),2,0.0005
3767,1880166267,Sudoku Classic X,2,0.0005
3768,1815065288,Sugardew Island,2,0.0005
3769,1679953167,Sunbeam Feast,2,0.0005
3770,1821207324,SunnySide,2,0.0005
3771,1864794134,Sunshine Island Adventure Farm,2,0.0005
3772,1958529503,Super Dark Deception,2,0.0005
3773,2118278143,Super Dark Deception Demo,2,0.0005
3774,1812793649,Super Soccer Blast: America vs Europe,2,0.0005
3775,1708138487,Super Toy Cars 2,2,0.0005
3776,1655214141,Super World Run - Adventure Game,2,0.0005
3777,1982740887,Surviving Mars: Relaunched (PC),2,0.0005
3778,1845322433,Suzerain,2,0.0005
3779,1905767367,Swim Out Demo,2,0.0005
3780,1804098370,Swimsanity!,2,0.0005
3781,1963116645,SWORD ART ONLINE Fractured Daydream DEMO,2,0.0005
3782,1792046205,SWORD ART ONLINE Last Recollection DEMO,2,0.0005
3783,779561878,Sword Coast Legends™,2,0.0005
3784,1918884435,Sword of the Vagrant,2,0.0005
3785,462214672,Table Top Racing: World Tour,2,0.0005
3786,1937629264,Tainted Grail: Conquest,2,0.0005
3787,1829876281,Tales of Arise Demo Version (Xbox Series X|S),2,0.0005
3788,29770197,Teenage Mutant Ninja Turtles™: Mutants in Manhattan,2,0.0005
3789,1037418183,Tennis World Tour,2,0.0005
3790,2040514027,Terminull Brigade™,2,0.0005
3791,1984687290,Terra Invicta,2,0.0005
3792,1621365103,Terror of Hemasaurus,2,0.0005
3793,1854327039,The Banner Saga,2,0.0005
3794,1749629863,The Case of the Golden Idol,2,0.0005
3795,1749701057,The Christmas Game,2,0.0005
3796,518619593,The Crew® 2 Open Beta,2,0.0005
3797,977514341,The Culling,2,0.0005
3798,1927891347,The Darkside Detective,2,0.0005
3799,1663248231,The DioField Chronicle DEMO,2,0.0005
3800,1878548249,The End Of The Age (XBOX SERIES),2,0.0005
3801,1821165740,The Eternal Cylinder,2,0.0005
3802,1982021747,The Experiment: Escape Room,2,0.0005
3803,2103186667,The Explorer Of Night,2,0.0005
3804,2084032984,The Explorer Of Night (for Windows 10),2,0.0005
3805,1264125912,The First Templar,2,0.0005
3806,29720212,The Flame in the Flood,2,0.0005
3807,2007018418,The Hong Kong Massacre,2,0.0005
3808,1983245965,The House of Da Vinci,2,0.0005
3809,1058433943,The Incredible Adventures of Van Helsing III,2,0.0005
3810,1480657090,The Maw,2,0.0005
3811,2116788151,The Mound: Omen of Cthulhu,2,0.0005
3812,1909279725,The Procession to Calvary,2,0.0005
3813,1864185316,The Sinking City Xbox Series X|S,2,0.0005
3814,2113780632,The Super Penguboy,2,0.0005
3815,1675444836,The Talos Principle 2,2,0.0005
3816,1161955801,The Technomancer,2,0.0005
3817,94098725,The Town of Light,2,0.0005
3818,2119405603,The Tyrannical Toilet and The Battle of the Beans,2,0.0005
3819,2100711254,The Unknown City (Horror Begins Now.....Episode 1) Demo,2,0.0005
3820,946930585,The Walking Dead Collection - The Telltale Series,2,0.0005
3821,681500618,The Walking Dead: The Final Season - Demo,2,0.0005
3822,1406389095,Thief Demo - The Lockdown,2,0.0005
3823,470808875,This is the Police 2,2,0.0005
3824,1921002071,Ticket to Ride: Classic Edition,2,0.0005
3825,1480657132,Ticket to Ride™,2,0.0005
3826,1651361422,Tidy Toys (Xbox One),2,0.0005
3827,1448413146,TimeShift,2,0.0005
3828,1727379133,Tinykin,2,0.0005
3829,1892181795,To the Moon: Sigmund Minisode 1&2 (Holiday Special),2,0.0005
3830,1691955008,TOKI Juju Densetsu,2,0.0005
3831,1645311014,Tony and Clyde,2,0.0005
3832,1960960830,Tortuga - A Pirate's Tale,2,0.0005
3833,223188831,Tour de France 2019,2,0.0005
3834,1480657238,Tower Bloxx Deluxe,2,0.0005
3835,1686179203,Township,2,0.0005
3836,1763742865,Train Sim World® 2,2,0.0005
3837,1804852983,Train Station Renovation,2,0.0005
3838,2021123644,Tram Simulator Urban Transit,2,0.0005
3839,1879353165,TT Isle of Man Ride on the Edge 2,2,0.0005
3840,911120656,Tumblestone,2,0.0005
3841,1799638183,Turbo Overkill,2,0.0005
3842,1882728475,TY the Tasmanian Tiger™ 2: Bush Rescue™ HD,2,0.0005
3843,2061551458,Tyd wag vir Niemand - Demo,2,0.0005
3844,1990982209,UFL Open Beta,2,0.0005
3845,1659161283,Ultimate Massage,2,0.0005
3846,1611809839,Undead Horde,2,0.0005
3847,1618087966,Under the Jolly Roger,2,0.0005
3848,2106233933,United Assault - Normandy '44,2,0.0005
3849,2031615580,Universe For Sale WGF24 Demo,2,0.0005
3850,2118758715,Unknown 9: Awakening,2,0.0005
3851,496060715,Use Your Words,2,0.0005
3852,1397033025,VANQUISH,2,0.0005
3853,2055157123,Vaporum,2,0.0005
3854,1884076770,Visage,2,0.0005
3855,1778298055,Void Bastards,2,0.0005
3856,1996349957,Wanderstop,2,0.0005
3857,563485628,War Planet Online: Global Conquest,2,0.0005
3858,1861467226,"Warhammer 40,000: Battlesector",2,0.0005
3859,405657081,Warhammer: End Times - Vermintide,2,0.0005
3860,1807860559,Werewolf: The Apocalypse - Earthblood Xbox Series X|S,2,0.0005
3861,1805720206,Whacking Hell!,2,0.0005
3862,1662257169,What The Dub?!,2,0.0005
3863,147618136,White Noise 2,2,0.0005
3864,1780460930,Wild Bastards,2,0.0005
3865,2044343586,WildTrax Racing,2,0.0005
3866,2023196561,Witch It,2,0.0005
3867,1738666347,Wizardry: Proving Grounds of the Mad Overlord,2,0.0005
3868,237580797,Wonder Boy: The Dragon's Trap,2,0.0005
3869,1752292722,World Enduro Rally,2,0.0005
3870,2090009012,World of Tanks BETA,2,0.0005
3871,1834145283,World of Tennis: Roaring ’20s,2,0.0005
3872,1683514281,World of Warships,2,0.0005
3873,1763118869,Worldless Demo,2,0.0005
3874,912832008,WRC 7 FIA World Rally Championship,2,0.0005
3875,1926334123,Yakuza Kiwami 3 & Dark Ties,2,0.0005
3876,1958112313,YAKUZA: Shadows of New York,2,0.0005
3877,2123565504,Yatzy Multi-Game Edition,2,0.0005
3878,1990116831,Yooka-Laylee and the Impossible Lair,2,0.0005
3879,1786776587,Yum Yum Cookstar,2,0.0005
3880,1997965582,Zero Escape: The Nonary Games,2,0.0005
3881,916812232,ZHEROS,2,0.0005
3882,1621365013,Zombie Watch,2,0.0005
3883,1628545700,Zombies ruined my day Demo,2,0.0005
3884,1644398698,"Zombies, Aliens and Guns DEMO",2,0.0005
3885,1989279553,Zoochosis,2,0.0005
3886,1816729784,Zoopunk,2,0.0005
3887,1790024475,Zumba - Treasure of the Marble Sea,2,0.0005
3888,532148954,'n Verlore Verstand - Free Demo,1,0.0003
3889,1892576814,#Blud,1,0.0003
3890,498206038,#KILLALLZOMBIES,1,0.0003
3891,2140131389,[REDACTED],1,0.0003
3892,1907798532,15in1 Solitaire,1,0.0003
3893,1869731177,16-Bit Soccer,1,0.0003
3894,1611397130,20XX,1,0.0003
3895,1855137956,2URVIVE,1,0.0003
3896,1736391553,30 Sport Games in 1,1,0.0003
3897,1807125088,3D Don't Die Mr. Robot (Demo),1,0.0003
3898,1793613801,3D Marble Tracks,1,0.0003
3899,1414596667,50 Cent: BotS,1,0.0003
3900,2076132310,502's Arcade,1,0.0003
3901,2099527901,63 Days,1,0.0003
3902,1689292278,63 Days Demo,1,0.0003
3903,2126592570,8-Ball Pocket,1,0.0003
3904,1723470779,8-Bit Adventures 2 Demo,1,0.0003
3905,570085654,8-Bit RTS Series,1,0.0003
3906,1716716789,9 Clues: The Secret of Serpent Creek (Xbox Version),1,0.0003
3907,1682735559,9 Monkeys of Shaolin,1,0.0003
3908,1924963402,90'' Soccer,1,0.0003
3909,1837458997,911: Cannibal,1,0.0003
3910,1802484126,A Classical Kickabout,1,0.0003
3911,1747369426,A Dream About Parking Lots,1,0.0003
3912,1937335069,A Gummy's Life,1,0.0003
3913,2143765838,A Maze Against Time,1,0.0003
3914,2119251688,A Night on the Farm,1,0.0003
3915,1686368600,A Plague Tale: Innocence - Windows 10,1,0.0003
3916,1922036527,Aaero2 Demo,1,0.0003
3917,2013346567,ABC Kids - Tracing and Phonics,1,0.0003
3918,1060271764,ACA NEOGEO AERO FIGHTERS 2,1,0.0003
3919,161766155,ACA NEOGEO ART OF FIGHTING 2,1,0.0003
3920,732054872,ACA NEOGEO BIG TOURNAMENT GOLF,1,0.0003
3921,742489013,ACA NEOGEO LEAGUE BOWLING,1,0.0003
3922,483384785,ACA NEOGEO PUZZLE BOBBLE 2,1,0.0003
3923,418426882,ACA NEOGEO REAL BOUT FATAL FURY SPECIAL,1,0.0003
3924,241082371,ACA NEOGEO SAMURAI SHODOWN,1,0.0003
3925,487401027,ACA NEOGEO SAMURAI SHODOWN III,1,0.0003
3926,716586524,ACA NEOGEO SAVAGE REIGN,1,0.0003
3927,1996083615,ACA NEOGEO STREET HOOP,1,0.0003
3928,483389840,ACA NEOGEO STRIKERS 1945 PLUS,1,0.0003
3929,605012161,ACA NEOGEO THE KING OF FIGHTERS '95,1,0.0003
3930,426534329,ACA NEOGEO THE KING OF FIGHTERS '96,1,0.0003
3931,1733288013,ACA NEOGEO THE KING OF FIGHTERS '98,1,0.0003
3932,983906598,ACA NEOGEO THE KING OF FIGHTERS '99,1,0.0003
3933,1982472205,ACA NEOGEO THE KING OF FIGHTERS '99,1,0.0003
3934,1902503932,ACA NEOGEO THE KING OF FIGHTERS 2002 for Windows,1,0.0003
3935,690811594,ACA NEOGEO WORLD HEROES 2,1,0.0003
3936,2120764173,Acre Crisis (Xbox Series X|S),1,0.0003
3937,592146950,Adventure Pop,1,0.0003
3938,344925310,Adventure Time: Finn and Jake Investigations,1,0.0003
3939,926156758,Adventure Time: Secret (2014),1,0.0003
3940,1801290087,Adventures of Bertram Fiddle: Episode 2: A Bleaker Predicklement,1,0.0003
3941,1964759629,Adventures of Chris,1,0.0003
3942,112268898,Adventures of Pip,1,0.0003
3943,2134081246,Aery - Broken Memories,1,0.0003
3944,2037129768,AeternnoBlade II : Infinity,1,0.0003
3945,1976429884,AeternoBlade II Demo,1,0.0003
3946,411985913,AFL Evolution,1,0.0003
3947,2120715413,After Us,1,0.0003
3948,1908981078,Afterlove EP,1,0.0003
3949,36718263,Agatha Knife,1,0.0003
3950,1818962020,Agent Intercept,1,0.0003
3951,1817929711,Agriculture (Xbox Version),1,0.0003
3952,1858896649,"Ah, Love! (Windows)",1,0.0003
3953,1704834214,Aim Assist,1,0.0003
3954,1064538690,Air Missions: HIND,1,0.0003
3955,1923395862,Airplane Flight Sim 2019,1,0.0003
3956,90880037,Airport Simulator 2019,1,0.0003
3957,2036577806,Akane,1,0.0003
3958,2057042819,Akimbot,1,0.0003
3959,1846694005,Akuto: Showdown,1,0.0003
3960,2004931484,Alan Wake's American Nightmare,1,0.0003
3961,1614822065,Alchemist: The Potion Monger,1,0.0003
3962,1811930896,Alexandria IV DEMO,1,0.0003
3963,1965256422,Alice Through the Looking Glass: Hidden Objects,1,0.0003
3964,2000460393,Alien Hominid Invasion,1,0.0003
3965,1668560043,Alisa Developer's Cut: Demo,1,0.0003
3966,2083214663,Almost There: The Platformer,1,0.0003
3967,1991230055,Alpacapaca Dash,1,0.0003
3968,1725954584,Alpacapaca Dash (Windows),1,0.0003
3969,2073670181,Alphadia I & II,1,0.0003
3970,173777692,Alto's Adventure,1,0.0003
3971,1943759197,Aly The Alligator in Space Trouble,1,0.0003
3972,1698247129,Aly The Alligator in Space Trouble (XBox Series),1,0.0003
3973,2063583240,Amelia's Diner,1,0.0003
3974,2062691965,Ammo Pigs: Cocked and Loaded,1,0.0003
3975,1630490243,Ampersat,1,0.0003
3976,438766205,Anarcute,1,0.0003
3977,1655595028,Andromeda Survivors (Windows),1,0.0003
3978,2132834779,Angel Legion: 3D Hero Idle RPG,1,0.0003
3979,2082514516,Angry Birds Star Wars,1,0.0003
3980,1828567307,Angry Video Game Nerd I & II Deluxe,1,0.0003
3981,1799950478,Aniimo,1,0.0003
3982,2038311787,Anima: Gate of Memories I&II Remaster,1,0.0003
3983,1808510048,Anime Puzzles - Mystic Maidens,1,0.0003
3984,1976106790,Anime Studio Story,1,0.0003
3985,1808134657,ANNO : Mutationem,1,0.0003
3986,2088379065,Another Dawn,1,0.0003
3987,2115534787,Another World - 20th Anniversary Edition,1,0.0003
3988,1911276942,Apex Particle Zero,1,0.0003
3989,2066750369,APG: A Plane Game,1,0.0003
3990,1744307136,Aquarist,1,0.0003
3991,2087906718,Aquarun,1,0.0003
3992,1900200683,Arcade Archives 2 BERMUDA TRIANGLE,1,0.0003
3993,1861870422,Arcade Archives 2 CHOPPER 1,1,0.0003
3994,1750461533,Arcade Game Zone,1,0.0003
3995,1836455102,Arcade Hysteria,1,0.0003
3996,1741728886,Arcade Paradise,1,0.0003
3997,2123334640,Arcadian Atlas,1,0.0003
3998,1814475633,Archaica: The Path Of Light,1,0.0003
3999,1739899835,Archery Blast,1,0.0003
4000,2099466588,Archvale,1,0.0003
4001,1879302762,Arenas Of Tanks,1,0.0003
4002,2052110362,Ario,1,0.0003
4003,2052723094,Armatus,1,0.0003
4004,2095899465,Artifact Seekers,1,0.0003
4005,1920845520,Arzette: The Jewel of Faramore,1,0.0003
4006,2031533178,Asdivine Hearts II,1,0.0003
4007,2029448252,ASMR Slicing,1,0.0003
4008,1715088725,Asphalt Street Storm Racing,1,0.0003
4009,1480659964,Assassin's Creed III: Liberation HD,1,0.0003
4010,1762779465,Asterigos: Curse of the Stars,1,0.0003
4011,1914158471,Asterix & Obelix Slap Them All! 2,1,0.0003
4012,1749623628,Asterix & Obelix XXL: Romastered,1,0.0003
4013,1841822482,Asterix & Obelix XXL3: The Crystal Menhir,1,0.0003
4014,1815740310,Asteroids Origin,1,0.0003
4015,1696544530,Asteroids Origin and Geometry Warp Trial,1,0.0003
4016,2015715009,Astor: Blade of the Monolith,1,0.0003
4017,1814125090,Astronite - Demo,1,0.0003
4018,1480656882,Astropop,1,0.0003
4019,1971167056,Atelier Yumia: The Alchemist of Memories & the Envisioned Land - Demo (Xbox One),1,0.0003
4020,1950032989,Athenian Rhapsody,1,0.0003
4021,2051565788,Atomicrops,1,0.0003
4022,2005620545,Awesome Pea 3 (Xbox Series X|S),1,0.0003
4023,1764971843,Axis Football 2023,1,0.0003
4024,1656426851,Axis Football 2026,1,0.0003
4025,1662748361,Axobubble,1,0.0003
4026,2023942686,Axobubble (Windows),1,0.0003
4027,1899542897,Axobubble (Xbox One),1,0.0003
4028,1812964567,Aztech Forgotten Gods,1,0.0003
4029,1915620607,Backbeat Demo Tape,1,0.0003
4030,2114307100,Bad Dream: Coma,1,0.0003
4031,1624083933,BALAN WONDERWORLD,1,0.0003
4032,2133506510,Ball laB II,1,0.0003
4033,1807844328,Ball Race 4: Goal! DEMO,1,0.0003
4034,1772059556,Ballotron,1,0.0003
4035,1653039105,Ballotron (for Windows 10),1,0.0003
4036,1630676646,Ballotron Coolbox (Windows),1,0.0003
4037,1795036563,Ballotron Galaxy,1,0.0003
4038,1643697302,Ballotron Oceans (Windows 10),1,0.0003
4039,2094127454,Bambas!,1,0.0003
4040,1480656876,Bankshot Billiards 2,1,0.0003
4041,1887376501,Bartender Hustle,1,0.0003
4042,1737338210,Barton Lynch Pro Surfing,1,0.0003
4043,122277778,Bastion,1,0.0003
4044,1733989548,BattleCap,1,0.0003
4045,1161889755,Battlefield 2: MC,1,0.0003
4046,1480657374,BC - Rearmed 2,1,0.0003
4047,2035405673,Beach Buggy Racing,1,0.0003
4048,1961594255,Beacon of Neyda,1,0.0003
4049,2073050659,Beacon Pines,1,0.0003
4050,1965076433,Bear Knight Honey Quest,1,0.0003
4051,1723892556,Bear Squire Honey Journey,1,0.0003
4052,1831573616,Beastie Bay DX,1,0.0003
4053,1889969467,Beat 'Em Up Archives (QUByte Classics),1,0.0003
4054,1624781891,Beat of Montezuma (Windows),1,0.0003
4055,1863389993,Bee Flowers,1,0.0003
4056,2129301615,Bee Flowers: Royal Garden (Xbox One),1,0.0003
4057,1614199038,Before Exit : Gas Station,1,0.0003
4058,2140460499,Before We Leave,1,0.0003
4059,1821050014,Beholder 3,1,0.0003
4060,139697962,Beholder Complete Edition,1,0.0003
4061,1765481828,Bermuda Survivor DEMO,1,0.0003
4062,1848533188,Between Time: Escape Room,1,0.0003
4063,1895665603,Beyond Border,1,0.0003
4064,2146803891,Beyond Eyes,1,0.0003
4065,2059259389,Beyond Galaxyland,1,0.0003
4066,1955832684,Beyond Good & Evil 20th Anniversary Edition,1,0.0003
4067,1657892923,Big Buck Hunter: Ultimate Trophy,1,0.0003
4068,2091181450,Big Farm: Mobile Harvest,1,0.0003
4069,2019949861,Bike Stunt Games: Motorcycle Racing 3D,1,0.0003
4070,918284490,BIOHAZARD RE:2 Z Version,1,0.0003
4071,1662123102,Biped 2 DEMO,1,0.0003
4072,372310074,Bit Dungeon Plus,1,0.0003
4073,552332062,Black Mirror,1,0.0003
4074,1812873797,Blades of Fire,1,0.0003
4075,188693730,BLADESTORM: Nightmare Demo,1,0.0003
4076,217091921,Blast 'Em Bunnies,1,0.0003
4077,2018229477,Blast Brigade vs. the Evil Legion of Dr. Cread,1,0.0003
4078,1799681472,Blaster Force 3000,1,0.0003
4079,1794186726,Blaster Master Zero 3,1,0.0003
4080,1988745404,Blazing Beaks,1,0.0003
4081,1850970705,Blazing Chrome,1,0.0003
4082,1801017437,Blightbound,1,0.0003
4083,2064068303,Blocks: Block Puzzle Games,1,0.0003
4084,2134519157,Blood of Mehran,1,0.0003
4085,1802136145,BloodRayne Betrayal: Fresh Bites,1,0.0003
4086,591630310,Bloodstained: Curse of the Moon,1,0.0003
4087,1942570697,Blow it up,1,0.0003
4088,1686320597,bloxd.io,1,0.0003
4089,598864782,Blue Angels Aerobatic Flight Simulator,1,0.0003
4090,1978391621,Bonkies Demo,1,0.0003
4091,1677902743,Bonnie Bear Saves Frogtime Demo,1,0.0003
4092,1902352044,Book of Adventum Demo,1,0.0003
4093,1695618656,Book of Demons,1,0.0003
4094,1845916931,Bool Capture,1,0.0003
4095,1671298933,Bool Capture (Xbox One),1,0.0003
4096,1914610578,BORIS THE ROCKET,1,0.0003
4097,2086335869,Boti: Byteland Overclocked,1,0.0003
4098,1782830545,BOUNCY BREAD,1,0.0003
4099,2056823935,Bounty Battle,1,0.0003
4100,1692782771,Bowie The Frog,1,0.0003
4101,1743576109,Box Em Up!,1,0.0003
4102,1833961027,Boxville 2,1,0.0003
4103,1661462436,Boxville Demo,1,0.0003
4104,1857914892,Boyfriend Dungeon,1,0.0003
4105,1884066687,Brain Storm: Tower Bombarde (for Windows 10),1,0.0003
4106,1857651157,Brawl Chess - Gambit,1,0.0003
4107,1906254371,Breakers Collection (Demo),1,0.0003
4108,1668214490,BREAKING BRICKS,1,0.0003
4109,2132709045,BREAKING BRICKS (WINDOWS),1,0.0003
4110,1990404109,Breakout Beyond,1,0.0003
4111,1968575604,Bricks Breaker Quest,1,0.0003
4112,1851967447,Brocula,1,0.0003
4113,1858149184,"BROK: Natal Tail, A New Christmas Special",1,0.0003
4114,364252200,Broken Sword 5 - the Serpent’s Curse,1,0.0003
4115,1801882769,BrokenLore: DON'T WATCH,1,0.0003
4116,2014161979,Brotherhood,1,0.0003
4117,2114927250,Brunswick Pro Billiards,1,0.0003
4118,1632339731,BRUTAL RAGE,1,0.0003
4119,1681080088,Bubble Pop: Bubble Shooter,1,0.0003
4120,1899809649,Bubble Shooter Viking Pop!,1,0.0003
4121,1801600178,BucketCrusher,1,0.0003
4122,2048279261,Build a City: Community Town,1,0.0003
4123,1618115231,Bullet Beat,1,0.0003
4124,2078016900,Bullet Beat (for Windows 10),1,0.0003
4125,1668362617,Bullet Trail,1,0.0003
4126,1945255835,Bunny Factory,1,0.0003
4127,1663261273,Burger Chef Tycoon,1,0.0003
4128,1866204162,Burnhouse Lane,1,0.0003
4129,2029431164,Bus Bound,1,0.0003
4130,1643334678,Bus Stop Shuffle,1,0.0003
4131,1726388890,Busway Islands - Puzzle,1,0.0003
4132,723100070,BUTCHER,1,0.0003
4133,1696578695,Button City SG-Demo,1,0.0003
4134,1679962490,Bye Sweet Carole,1,0.0003
4135,2015729598,Byte The Bullet,1,0.0003
4136,1096157404,Cabela's Hunting Expeditions,1,0.0003
4137,2028387325,Call of Duty® (2003),1,0.0003
4138,1829266835,Call of Duty®: Black Ops (2010),1,0.0003
4139,1724764656,Call of Duty®: Ghosts (Windows),1,0.0003
4140,1724599242,Call of Duty®: Modern Warfare® 3 (2011),1,0.0003
4141,1676384121,Call of Duty®: Modern Warfare® II - Open Beta,1,0.0003
4142,1773632861,Canine,1,0.0003
4143,1677710402,Captain Bones,1,0.0003
4144,2115333769,Captain Cat Demo,1,0.0003
4145,1888252516,Captain Puff Macfly (DEMO),1,0.0003
4146,1794618801,Car Mechanic Shop Simulator,1,0.0003
4147,1936285316,Card-en-Ciel,1,0.0003
4148,908734579,Carmageddon: Max Damage,1,0.0003
4149,1869939070,Carrier Deck,1,0.0003
4150,1653043226,Carrot Smash,1,0.0003
4151,2140021544,CASE: Animatronics,1,0.0003
4152,1967015785,Casino World,1,0.0003
4153,1911922592,Castle Clash: World Ruler,1,0.0003
4154,2144835387,Castle of no Escape,1,0.0003
4155,1973612237,Castle of no Escape 2,1,0.0003
4156,2096887122,Castle on the Coast,1,0.0003
4157,1501266033,CastleStorm - Definitive Edition,1,0.0003
4158,2110964394,Cat God Ranch,1,0.0003
4159,1757862533,Cat in Rain (Windows),1,0.0003
4160,1714744209,Catacomb Master,1,0.0003
4161,858859839,Catastronauts,1,0.0003
4162,1096026071,Catherine,1,0.0003
4163,2054164358,Catnigma,1,0.0003
4164,1986085404,Cats On Duty Demo,1,0.0003
4165,2117573270,Cats with Guns (Xbox),1,0.0003
4166,1963508179,Cattie,1,0.0003
4167,1619256516,Cave Digger,1,0.0003
4168,1480656972,Centipede & Millipede,1,0.0003
4169,2122185005,Chains of Freedom,1,0.0003
4170,1690003636,Chants of Sennaar - Demo,1,0.0003
4171,1631654404,Chants of Sennaar (Windows),1,0.0003
4172,1285127818,Chariot,1,0.0003
4173,1658699936,Check and Slash,1,0.0003
4174,1828479966,Checkers XBox,1,0.0003
4175,1988589680,Checkers+ : Draughts Game For PC & XBOX,1,0.0003
4176,2012909631,Chess 3D Pro,1,0.0003
4177,1830500911,Chess Earth,1,0.0003
4178,2080509026,Chess Online +,1,0.0003
4179,1751868147,Chessarama,1,0.0003
4180,270979038,Chime Sharp,1,0.0003
4181,2144360818,Chornobyl Liquidators,1,0.0003
4182,1787753235,Chorus DEMO,1,0.0003
4183,1841886812,Christmas Massacre,1,0.0003
4184,2122125189,Chronicles of the Wolf,1,0.0003
4185,880657099,Chronos: Before the Ashes,1,0.0003
4186,1974674655,Circus Electrique,1,0.0003
4187,1168490333,Claire: Extended Cut,1,0.0003
4188,1703939860,Clash: Artifacts of Chaos,1,0.0003
4189,1622928962,Classic Snake,1,0.0003
4190,1983886679,Clea,1,0.0003
4191,1775964743,Click the cookie!,1,0.0003
4192,1640094902,Climber: Sky is the Limit,1,0.0003
4193,2079449748,Clive Barker's Hellraiser: Revival,1,0.0003
4194,2015781000,Closer the Distance,1,0.0003
4195,1980358797,Cloudpunk,1,0.0003
4196,1839636294,Cloudpunk - XBS/X,1,0.0003
4197,1817431096,Code of War: War Guns Shooter games,1,0.0003
4198,1936671821,CODE VEIN,1,0.0003
4199,1941723837,Coffee Talk Episode 2: Hibiscus and Butterfly,1,0.0003
4200,1964815108,Coffee Talk Tokyo Demo,1,0.0003
4201,164052911,Coffin Dodgers,1,0.0003
4202,1632181221,COGEN: Sword of Rewind - Special Mission (Demo),1,0.0003
4203,1724133517,Collie Call,1,0.0003
4204,1737711768,Collie Call: Farm of Tomorrow (Xbox One),1,0.0003
4205,1965560352,Color Alchemy,1,0.0003
4206,1922833847,Color Pals,1,0.0003
4207,1774676042,Color Water Sort,1,0.0003
4208,2040404955,Colorful Colore,1,0.0003
4209,2107467778,Colorful Colore (for Windows 10),1,0.0003
4210,1819327769,Colors & Shapes - Kids Learn Color and Shape,1,0.0003
4211,1811348687,Commandos 2 - HD Remaster,1,0.0003
4212,1813980988,Commandos 3 - HD Remaster,1,0.0003
4213,1615170842,Common'hood,1,0.0003
4214,1962870492,Company of Heroes 2: Complete Collection,1,0.0003
4215,1964470025,ComputerHead: Recoil (Xbox One),1,0.0003
4216,2021959782,Conan Chop Chop,1,0.0003
4217,1841498671,CONSCRIPT,1,0.0003
4218,1878376737,Contraband Police Demo,1,0.0003
4219,2097032200,"Cook, Serve, Delicious! 2!!",1,0.0003
4220,1903918497,"Cook, Serve, Delicious! 3?!",1,0.0003
4221,2132010806,Cooking City: Mid-Autumn Festival,1,0.0003
4222,1954250236,Cooking Companions,1,0.0003
4223,1913429137,Cooking Diary®: Restaurant Game,1,0.0003
4224,1774056840,Cool GTA Cars,1,0.0003
4225,1872937240,Copycat,1,0.0003
4226,1699595315,Copycat Demo,1,0.0003
4227,2019219583,CORALINA,1,0.0003
4228,1753200143,Crack The Egg!,1,0.0003
4229,1763638559,Crash Drive 3,1,0.0003
4230,2079295420,Crash Team Rumble™,1,0.0003
4231,1808911215,Crashlands,1,0.0003
4232,2074622046,Crazy Cats vs. Crazy Cyborgs,1,0.0003
4233,1793068898,Crazy Cats vs. Crazy Cyborgs (Xbox Series X|S),1,0.0003
4234,1642616316,Crescent Tower,1,0.0003
4235,2109434372,Cricket: Jae's Really Peculiar Game (Demo),1,0.0003
4236,1796159913,Crimson Keep,1,0.0003
4237,1971702433,Cris Tales,1,0.0003
4238,2117248557,Croc's Dynamite Blast,1,0.0003
4239,1763402795,Croc's World 2 (Xbox-Edition),1,0.0003
4240,1980793569,Croc's World Run (Xbox-Edition),1,0.0003
4241,2041763016,CrossCode,1,0.0003
4242,1991637540,Crossroads Inn,1,0.0003
4243,1860524163,Crossy Road,1,0.0003
4244,1721970293,Crow Country,1,0.0003
4245,1705139809,CrushBorgs (for Windows 10),1,0.0003
4246,1753293863,CrushBorgs (Xbox One),1,0.0003
4247,1735754897,CrushBorgs (Xbox Series),1,0.0003
4248,2087531472,Cry Babies Magic Tears: The Big Game,1,0.0003
4249,989689010,Crypt of the Serpent King,1,0.0003
4250,536814041,Crypt of the Serpent King Demo,1,0.0003
4251,1941196551,Cube Airport,1,0.0003
4252,2024070259,Cube Railway,1,0.0003
4253,2103229001,Cube Steel: Maximum Survival,1,0.0003
4254,1959321814,CUBERS: ARENA,1,0.0003
4255,2003918395,Cubic 2 3 4 Player Games,1,0.0003
4256,123880378,Cubot - The Complexity of Simplicity,1,0.0003
4257,1886223481,Curious Expedition,1,0.0003
4258,1933233659,Curved Space Demo,1,0.0003
4259,1878422436,Cut Fruit With A Samurai Sword,1,0.0003
4260,2051647210,Cute Bonfire (Windows),1,0.0003
4261,1982928748,Cute Bonfire (Xbox Series),1,0.0003
4262,1670072012,Cyber Clutch: Hot Import Nights,1,0.0003
4263,1801222028,Cyber Lemur,1,0.0003
4264,1739485516,Cyber Tank 2,1,0.0003
4265,785685335,D4: Dark Dreams Don't Die - Demo,1,0.0003
4266,1695010806,Dance of Death: Du Lac & Fey,1,0.0003
4267,2026477830,Dandy Ace,1,0.0003
4268,2098109201,Danger Close,1,0.0003
4269,1944583825,Danger!Energy (for Windows 10),1,0.0003
4270,1705868586,Dangerous Driving,1,0.0003
4271,2137978746,Daniel in Danger,1,0.0003
4272,1664736696,Daniel in Danger (Windows),1,0.0003
4273,1966774103,Dark Atlas: Infernum,1,0.0003
4274,1643246182,Dark Burial: Enhanced Edition,1,0.0003
4275,1991801140,Dark Light,1,0.0003
4276,1959927913,Dark Quest 4,1,0.0003
4277,2072002724,Darkestville Castle Demo(n) Version,1,0.0003
4278,1934165017,DARKGEMS (Xbox Series),1,0.0003
4279,2002259331,Darksiders III,1,0.0003
4280,1786510755,DARQ Ultimate Edition,1,0.0003
4281,1747665148,Date Z Demo,1,0.0003
4282,2135417967,Day of the Shell Demo,1,0.0003
4283,1734943461,Daymare: 1994 Sandcastle (Xbox Series X|S Version),1,0.0003
4284,1480657693,DAYTONA USA,1,0.0003
4285,327419539,de Blob,1,0.0003
4286,1414596709,de Blob 2 (2014),1,0.0003
4287,1798643426,Dead Age II,1,0.0003
4288,1989197819,Dead Pets Unleashed Demo,1,0.0003
4289,1161890137,Dead Space™ 2,1,0.0003
4290,1880055889,DEADCRAFT,1,0.0003
4291,1919794986,DEADCRAFT Demo,1,0.0003
4292,1825135275,Deadly Days,1,0.0003
4293,1833777134,Deadly Days Demo,1,0.0003
4294,1229916116,DEADLY PREMONITION,1,0.0003
4295,2086022548,Death's Door,1,0.0003
4296,1959842755,Death's Door,1,0.0003
4297,1629199569,Death in the Water,1,0.0003
4298,1909022139,Death Park: 4k Remaster,1,0.0003
4299,1480657547,DeathSpank: T.O.V.,1,0.0003
4300,798989874,Decay of Logos,1,0.0003
4301,1966406017,Deceive Inc.,1,0.0003
4302,1675216825,Deck of Haunts Demo,1,0.0003
4303,2076035758,Deep Space Anomaly (Windows 10),1,0.0003
4304,1971145739,Deepest Trench,1,0.0003
4305,610840457,Deer Hunter: Reloaded,1,0.0003
4306,1648052713,Déjà Vu,1,0.0003
4307,1748074579,Delivery Driver Massacre,1,0.0003
4308,1892943931,Delivery of Us (Xbox Series),1,0.0003
4309,1997040868,Demon Turf,1,0.0003
4310,1956271706,Demoniaca: Everlasting Night,1,0.0003
4311,1892426142,Deponia Doomsday,1,0.0003
4312,2088616994,Desktop Dungeons: Rewind,1,0.0003
4313,2014312535,Despot's Game,1,0.0003
4314,2103541952,Destroy The Bomb,1,0.0003
4315,2018161010,DeTechtive 2112,1,0.0003
4316,1750169445,DETECTIVE - Scene Crime,1,0.0003
4317,1625099025,Detective Dotson Demo,1,0.0003
4318,1906653442,Detective Inspector: Mysterious Clues,1,0.0003
4319,1704224301,Devious Dungeon,1,0.0003
4320,1769198913,Devoured by Darkness,1,0.0003
4321,188453744,Dex Demo,1,0.0003
4322,1722589630,Dice Legacy Definitive Edition,1,0.0003
4323,1945032395,Diesel Legacy: The Brazen Age - Demo,1,0.0003
4324,1893882380,DIMENSIONS,1,0.0003
4325,1805483741,Dishonored®: Death of the Outsider™ (PC),1,0.0003
4326,1981785404,Disney Illusion Island Starring Mickey and Friends,1,0.0003
4327,268236555,Disney Infinity [2.0],1,0.0003
4328,1112934403,Disney Universe,1,0.0003
4329,1980683662,DISORDER for Xbox,1,0.0003
4330,1836115301,Docked,1,0.0003
4331,2034093267,Doctor Who: The Edge of Reality,1,0.0003
4332,2047867006,Dofamine,1,0.0003
4333,1889137420,Doggy Up!,1,0.0003
4334,607497985,Don Bradman Cricket 17,1,0.0003
4335,1871921318,Dont Fear,1,0.0003
4336,1640354133,Doodle God: Ultimate Edition,1,0.0003
4337,1649891267,Doom & Destiny Worlds,1,0.0003
4338,2120326849,DOOM Open Beta,1,0.0003
4339,1825944429,Dora™: Rainforest Rescue,1,0.0003
4340,2119147388,Double Dangerous,1,0.0003
4341,2082494703,DOUBLE DRAGON Ⅱ: The Revenge,1,0.0003
4342,1480659538,Double Dragon Neon,1,0.0003
4343,2135476507,Doughlings: Invasion,1,0.0003
4344,2006589220,DRAGON BALL FIGHTERZ (Windows),1,0.0003
4345,1983421352,DRAGON BALL THE BREAKERS Beta,1,0.0003
4346,1973436083,Dragon Blaze,1,0.0003
4347,1858681275,Dragon Mania Legends,1,0.0003
4348,215313834,Draw a Stickman: EPIC,1,0.0003
4349,2131696465,Drawngeon: Dungeons of Ink and Paper,1,0.0003
4350,1616084661,Dreamcore Demo,1,0.0003
4351,168101896,Dreamfall Chapters,1,0.0003
4352,1765236073,Dreamland Solitaire,1,0.0003
4353,1622387282,DreamWorks Dragons: Legends of The Nine Realms,1,0.0003
4354,2027359366,DreamWorks Spirit Lucky's Big Adventure,1,0.0003
4355,2104125318,DreamWorks Trolls Remix Rescue,1,0.0003
4356,1915868991,Drift Legends,1,0.0003
4357,1750324834,Driving Essentials,1,0.0003
4358,1632079813,Drizzlepath: Picturae,1,0.0003
4359,1741249990,Drop The Number™ : Merge Game,1,0.0003
4360,945282628,Drunk-Fu: Wasted Masters,1,0.0003
4361,1698843377,DUAL PATHS,1,0.0003
4362,2100806769,Duck Life Adventure,1,0.0003
4363,1912501027,Duck Run,1,0.0003
4364,1480657463,Duke Nukem - Manhattan,1,0.0003
4365,2131434126,Dungeon Minesweeper,1,0.0003
4366,1743369061,Dungeon Village,1,0.0003
4367,1911906130,Dungeon Village 2,1,0.0003
4368,1891307332,Dustborn,1,0.0003
4369,1663221903,Dynacat (Demo),1,0.0003
4370,1612675912,DYNASTY WARRIORS 9 Empires Demo,1,0.0003
4371,1437370825,EA SPORTS™ NBA LIVE 14 Demo,1,0.0003
4372,2067761315,EA SPORTS™ NBA LIVE 16,1,0.0003
4373,1260456400,Earthlock: Festival of Magic,1,0.0003
4374,1480657378,Earthworm Jim HD,1,0.0003
4375,1973165271,Eastshade,1,0.0003
4376,1935118065,Echoes of the Plum Grove,1,0.0003
4377,2035278481,Ed-0: Zombie Uprising,1,0.0003
4378,2067906581,Eden Genesis Demo,1,0.0003
4379,2044409240,Edgar Poe: Hidden Objects Game,1,0.0003
4380,1881981363,Effie,1,0.0003
4381,1851467390,Egg Game 2,1,0.0003
4382,1986172246,El Coco,1,0.0003
4383,2118502979,Elemental War Clash,1,0.0003
4384,2103553614,Elemental War TD,1,0.0003
4385,1944617021,Ellphaser (Windows),1,0.0003
4386,1890624967,Elon and the Divine Proof (Windows),1,0.0003
4387,1725427493,Elon and the Divine Proof (Xbox One),1,0.0003
4388,10681527,Embers of Mirrim Demo,1,0.0003
4389,2109412601,Emergency Call - The Attack Squad,1,0.0003
4390,1944979900,EMPTY SHELL,1,0.0003
4391,1945318676,Enchanted Portals,1,0.0003
4392,1739313000,Enclave HD,1,0.0003
4393,1997527592,Endling - Extinction is Forever,1,0.0003
4394,1690575171,Endoparasitic,1,0.0003
4395,1985585702,Endzone - A World Apart: Survivor Edition,1,0.0003
4396,1666730084,Energy Cycle Edge (Demo),1,0.0003
4397,1068137475,Enigmatis 3: The Shadow of Karkhala,1,0.0003
4398,1700180810,Escape First,1,0.0003
4399,2036619771,Escape First 3 Multiplayer,1,0.0003
4400,1835142714,Escape First Alchemist,1,0.0003
4401,1846808891,Escape from the Dungeon (Xbox Series),1,0.0003
4402,1787141551,Escape Sequence (for Windows 10),1,0.0003
4403,1753276383,Eternal Evil,1,0.0003
4404,2125864061,Europa Universalis IV - Microsoft Store Edition,1,0.0003
4405,1789699526,European War 2,1,0.0003
4406,2023785453,Evan's Remains,1,0.0003
4407,1835039546,Everhood: Eternity Edition,1,0.0003
4408,968775939,EVERSPACE™,1,0.0003
4409,1998107412,ExitMan Deluxe,1,0.0003
4410,524284397,Extinction,1,0.0003
4411,380586753,Extreme Exorcism,1,0.0003
4412,1799361641,Extremely Powerful Capybaras,1,0.0003
4413,1448413160,F.E.A.R. Files,1,0.0003
4414,2011233781,F1® 2019 PC,1,0.0003
4415,2034535389,F1® Manager 2023,1,0.0003
4416,1129121874,F1™ 2014,1,0.0003
4417,1480657181,Fable® II Pub Games,1,0.0003
4418,1928112883,Fabledom,1,0.0003
4419,974041664,Fade to Silence,1,0.0003
4420,1760050791,Fae Farm,1,0.0003
4421,1836570582,Faeria,1,0.0003
4422,1761848641,FAITH: The Unholy Trinity,1,0.0003
4423,1856095222,FAITH: The Unholy Trinity Demo,1,0.0003
4424,1784955885,Fallout Tactics,1,0.0003
4425,2106598447,Family Man,1,0.0003
4426,1880213026,Family Mysteries 3: Criminal Mindset (Xbox Version),1,0.0003
4427,2028192602,Fancy Solitaire,1,0.0003
4428,1642003684,Fantasy Aquarium,1,0.0003
4429,2018435270,Fantasy Tower Defense,1,0.0003
4430,1814653009,FAR: Changing Tides,1,0.0003
4431,2036551350,FAR: Lone Sails,1,0.0003
4432,1666577136,Farm for your Life,1,0.0003
4433,1941040153,Farm for your Life demo,1,0.0003
4434,1640889440,Farmer Survivors,1,0.0003
4435,1624886259,Farming Simulator 14,1,0.0003
4436,1734069370,Farming Simulator 17 - Windows 10,1,0.0003
4437,1828557775,FarmVille 2: Country Escape,1,0.0003
4438,495246139,FAST & FURIOUS CROSSROADS,1,0.0003
4439,1666273703,Fast & Furious: Spy Racers Rise of SH1FT3R,1,0.0003
4440,1431504860,FC Instincts Predator,1,0.0003
4441,1900337816,Feudal Alloy,1,0.0003
4442,1480659613,Fighting Vipers,1,0.0003
4443,2104575927,Fights in Tight Spaces,1,0.0003
4444,1894147058,Figment 2: Creed Valley,1,0.0003
4445,1677004965,FINAL FANTASY VII WINDOWS EDITION,1,0.0003
4446,1614339529,FINAL FANTASY X/X-2 HD Remaster,1,0.0003
4447,1889880451,FINAL FANTASY XIII,1,0.0003
4448,744969311,FINAL FANTASY XV WINDOWS EDITION Playable Demo,1,0.0003
4449,742437332,Firefighters: Airport Fire Department,1,0.0003
4450,2022302627,Fit and Fry,1,0.0003
4451,1918596466,Fit and Fry (Windows),1,0.0003
4452,2035237228,Fit and Fry: Mise en Place (Xbox Series),1,0.0003
4453,1862697540,Flappy Poppy,1,0.0003
4454,167646986,Flipping Death,1,0.0003
4455,1904160244,Flooded,1,0.0003
4456,2070986085,Flow Free,1,0.0003
4457,2084886611,Flowers - Color by Numbers,1,0.0003
4458,1791067482,Flowers by POWGI,1,0.0003
4459,1731246089,Flying Candy (Xbox One),1,0.0003
4460,386153688,FLYING TIGERS: SHADOWS OVER CHINA,1,0.0003
4461,1757667844,Food Truck Simulator,1,0.0003
4462,1993404918,Football Game,1,0.0003
4463,2120627175,Football Manager 2023,1,0.0003
4464,1944745268,"Football, Tactics & Glory",1,0.0003
4465,2021894836,Forbidden Forgiveness Demo,1,0.0003
4466,1716454905,Forge of Empires,1,0.0003
4467,1714967106,Formula Retro Racing - World Tour,1,0.0003
4468,79963387,Forsaken Remastered,1,0.0003
4469,643698720,Forza Horizon 2 Demo,1,0.0003
4470,1766398216,Forza Motorsport 7 Demo,1,0.0003
4471,1980291965,FPV Simulator,1,0.0003
4472,2037839305,Fractal Space | Demo,1,0.0003
4473,655366314,Fractured Minds,1,0.0003
4474,2101199514,Fragmented time (DEMO),1,0.0003
4475,324157644,Fragments of Him,1,0.0003
4476,1926405394,Friday the 13th: Killer Puzzle,1,0.0003
4477,1945489665,Frog Detective: The Entire Mystery,1,0.0003
4478,2055192299,FRONT MISSION 2: Remake,1,0.0003
4479,2043607614,Frontier Pilot Simulator,1,0.0003
4480,2075703134,Frostpunk,1,0.0003
4481,2143296226,Frozen Gauntlet (Windows),1,0.0003
4482,2004076451,Fruit Adventure,1,0.0003
4483,1864738769,Fruit Adventure (Xbox Series),1,0.0003
4484,1724850380,Fruit Adventure Returns (Xbox Series),1,0.0003
4485,2054354492,Fruit Ninja Kinect 2,1,0.0003
4486,1776085745,Fruitbus,1,0.0003
4487,2010372255,Ftooz Unleashed,1,0.0003
4488,1129121805,FUEL™,1,0.0003
4489,2090461480,Fuga: Melodies of Steel,1,0.0003
4490,2113260286,Fuga: Melodies of Steel - Demo,1,0.0003
4491,1991161537,Fuga: Melodies of Steel 3 - Demo,1,0.0003
4492,1965064938,Fury of Dracula: Digital Edition,1,0.0003
4493,2027986430,Fury Unleashed,1,0.0003
4494,1661926832,Fusion Paradox,1,0.0003
4495,1880707155,G.I. Joe: Operation Blackout,1,0.0003
4496,1670160457,Gaijin Charenji 1 : Kiss or Kill,1,0.0003
4497,1874014660,Galaxy Fighter: Bullet Storm,1,0.0003
4498,1776831831,Game Dev Story,1,0.0003
4499,2007728129,Gangsta Paradise,1,0.0003
4500,2068949722,Garbage Pail Kids: Mad Mike and the Quest for Stale Gum,1,0.0003
4501,1629973687,Garden Life: A Cozy Simulator,1,0.0003
4502,1750796861,Garden Simulator,1,0.0003
4503,1992947450,Garden Story,1,0.0003
4504,1627060313,Garfield Kart 2 - All You Can Drift,1,0.0003
4505,798673829,Gas Guzzlers Extreme,1,0.0003
4506,2134096675,Gatewalkers,1,0.0003
4507,1857790958,Geometry DashCraft Editor,1,0.0003
4508,1840648262,Georifters Demo,1,0.0003
4509,1683639722,Get 10 Quest,1,0.0003
4510,1866183116,Ghost Files: Memory of a Crime (Xbox One Version),1,0.0003
4511,1680372935,Ghost Trick: Phantom Detective Demo,1,0.0003
4512,1480657545,Ghostbusters: Sanctum of Slime,1,0.0003
4513,732939800,Ghostbusters™,1,0.0003
4514,1818898453,Giant Rush,1,0.0003
4515,571417442,Gigantic Closed Beta,1,0.0003
4516,1935789173,Gigantic: Rampage Edition,1,0.0003
4517,1927133466,Gigantosaurus: Dino Sports,1,0.0003
4518,790779322,Ginger: Beyond the crystal,1,0.0003
4519,1480659514,Girl Fight,1,0.0003
4520,1645809691,Glaive: Brick Breaker,1,0.0003
4521,1867010071,Glory of Generals 2,1,0.0003
4522,1824794947,GNOSIA,1,0.0003
4523,1683788199,Goalkeeper.Challenge,1,0.0003
4524,1926555180,Goat Out Of Hell (Xbox One),1,0.0003
4525,2027265444,Golden Mango Casino Games,1,0.0003
4526,1764365251,Golf Up,1,0.0003
4527,1699062321,GONNER2,1,0.0003
4528,1865118354,GONNER2 WIN10,1,0.0003
4529,2115263340,Goodnight Universe,1,0.0003
4530,2048825105,Goosebumps Dead of Night,1,0.0003
4531,2079183119,Gord,1,0.0003
4532,1977804752,Gothic Classic,1,0.0003
4533,1765168642,Grand Poker Casino,1,0.0003
4534,1914395312,Grand Prix Story,1,0.0003
4535,2124822919,Grand Rally Racer,1,0.0003
4536,2130408740,Grand Theft Auto: San Andreas,1,0.0003
4537,1696466008,GRAVEN,1,0.0003
4538,1670699153,Greed 2: Forbidden Experiments,1,0.0003
4539,2120826895,Greed: The Mad Scientist,1,0.0003
4540,2102843921,Green Giant Back Miami,1,0.0003
4541,1953035485,Green Soldiers Heroes (Windows),1,0.0003
4542,2080856071,Green Soldiers Heroes: Extreme Bikers,1,0.0003
4543,2067152203,Grid Force - Mask of the Goddess Demo,1,0.0003
4544,1614014311,Grief like a stray dog (Xbox Series X|S),1,0.0003
4545,1737875841,GRIME,1,0.0003
4546,1863069160,Grindstone,1,0.0003
4547,1821397642,GRIS,1,0.0003
4548,382500216,Growtopia,1,0.0003
4549,1000960380,Gryphon Knight Epic,1,0.0003
4550,2138769337,Gryphon Knight Epic: Definitive Edition,1,0.0003
4551,1936785232,Guilt Battle Arena,1,0.0003
4552,2045910196,Guilty Gear -Strive- Team of 3 Network Open Beta Test,1,0.0003
4553,667331775,GunWorld: Xbox One Edition,1,0.0003
4554,1698736128,Guts 'N Goals,1,0.0003
4555,606152324,GWENT: The Witcher Card Game,1,0.0003
4556,1631946139,Gym Manager,1,0.0003
4557,1895433153,Habitat Shapes (Windows),1,0.0003
4558,1685452800,Hairdresser Simulator,1,0.0003
4559,1957960009,HALF DEAD,1,0.0003
4560,1612726328,Halloween Slot Machine,1,0.0003
4561,1816715399,Halls of Torment - Demo,1,0.0003
4562,2096818168,Halo Infinite - Insider,1,0.0003
4563,1941986744,Halo: Spartan Assault,1,0.0003
4564,1640358223,Hammerwatch Anniversary Edition,1,0.0003
4565,1822336858,Hand of Fate,1,0.0003
4566,1919864396,Handball 21,1,0.0003
4567,1823208982,Hangman 2 : Classic Word Game - PC & XBOX,1,0.0003
4568,928096970,Happy Dungeons,1,0.0003
4569,446096627,Hard Reset Redux,1,0.0003
4570,1632074918,Harmony Chronicles: Cat Out Of The Bag Collector's Edition,1,0.0003
4571,1995692076,Harmony: The Fall of Reverie - Demo,1,0.0003
4572,1701706628,Harvest Moon: Mad Dash,1,0.0003
4573,1667008262,Harvest Moon: One World,1,0.0003
4574,1744137265,Hatsune Miku Logic Paint S,1,0.0003
4575,513317848,Haunted Halloween '86,1,0.0003
4576,1480657544,Haunted House,1,0.0003
4577,1792377572,Hauntii,1,0.0003
4578,1924130173,Haven,1,0.0003
4579,1627601214,Heading Out,1,0.0003
4580,229669525,Heart&Slash,1,0.0003
4581,1846305208,Hearts Deluxe,1,0.0003
4582,1782845794,Hearts of Iron IV,1,0.0003
4583,2125426064,Heavy Metal Machines,1,0.0003
4584,1961155872,Hegzis,1,0.0003
4585,1840741412,Helheim Hassle Demo,1,0.0003
4586,1766317194,Helix Jump,1,0.0003
4587,1927182905,Hello Engineer,1,0.0003
4588,2092983847,Hello Neighbor 2 Alpha 1,1,0.0003
4589,1637687420,Hellpoint Demo: The Thespian Feast,1,0.0003
4590,1661259537,"HEN, CHICKS AND CATS",1,0.0003
4591,1874198495,Henchman Story,1,0.0003
4592,2098139948,Hero Express,1,0.0003
4593,1686494491,Hero Survival (Xbox Series X|S),1,0.0003
4594,1800648592,Heroes of Mount Dragon,1,0.0003
4595,1863037862,Hexa Chippy (Xbox One),1,0.0003
4596,1767580737,Hexa: Block Puzzle Games,1,0.0003
4597,1480656934,Hexic 2,1,0.0003
4598,2124184622,Hidden City: Hidden Object Adventure,1,0.0003
4599,2114661204,Hidden in Plain Sight,1,0.0003
4600,1762620596,Hidden Shapes: Cat Realm + Trick or Cats,1,0.0003
4601,1700125109,Hidden Through Time,1,0.0003
4602,1836720139,Higgs Boson: Puzzle Collection,1,0.0003
4603,2113165348,Hoa,1,0.0003
4604,1776679706,Hole Theory Series X|S,1,0.0003
4605,2073350575,Hollowgracce (Xbox Series X/S),1,0.0003
4606,1883208246,Hollowgrace (Xbox One),1,0.0003
4607,1708171739,Holy Roller,1,0.0003
4608,2018171320,Home Design Makeover,1,0.0003
4609,1069384604,Home Sweet Home,1,0.0003
4610,1638732917,HOP'N'HOARD,1,0.0003
4611,1876649278,HordeCore Console Edition,1,0.0003
4612,1865476865,Horse Club Adventures,1,0.0003
4613,1029573529,Horse Racing 2016,1,0.0003
4614,2021059088,Hot Rod Mayhem,1,0.0003
4615,1842354344,Hot Wheels Let's Race™: Ultimate Speed,1,0.0003
4616,1713780480,HOTEL BARCELONA,1,0.0003
4617,1691373298,House Fighters: Total Mess,1,0.0003
4618,1863103292,House of Golf 2,1,0.0003
4619,1638973441,Human: Fall Flat Legacy,1,0.0003
4620,1737975190,HUMANKIND™,1,0.0003
4621,1629397539,Hungry Birds,1,0.0003
4622,1297290211,Hydro Thunder Hurricane,1,0.0003
4623,1480657391,Hydrophobia,1,0.0003
4624,720702755,Hyper Light Drifter,1,0.0003
4625,577753036,HyperParasite,1,0.0003
4626,1753433222,Hyposphere 2 Free,1,0.0003
4627,1843279556,I'm on Observation Duty 7,1,0.0003
4628,1762910874,I AM THE HERO,1,0.0003
4629,1899668099,I Love Finding Cats Collector's Edition,1,0.0003
4630,236834307,"I, Zombie",1,0.0003
4631,1480657016,Ikaruga,1,0.0003
4632,1919821567,Ikonei Island: An Earthlock Adventure,1,0.0003
4633,1480657435,ilomilo ,1,0.0003
4634,1882715306,Immersed,1,0.0003
4635,1970667393,Immortal Realms: Vampire Wars,1,0.0003
4636,2051823976,Immortality,1,0.0003
4637,1691343851,IN-VERT,1,0.0003
4638,2073364771,In The Abyss,1,0.0003
4639,2099674235,Indiecalypse,1,0.0003
4640,2129874876,Indivisible,1,0.0003
4641,1686154202,Indoor Kickball,1,0.0003
4642,2062871798,Infantry Attack,1,0.0003
4643,1779354193,Infernax,1,0.0003
4644,364529562,Infinite Air with Mark McMorris,1,0.0003
4645,1758510297,Infinity Strash: DRAGON QUEST The Adventure of Dai,1,0.0003
4646,642353763,Injustice™ 2 - Standard Edition,1,0.0003
4647,1621160008,Inkulinati Demo,1,0.0003
4648,718096579,Insane Robots,1,0.0003
4649,2032817372,Insectum - Epic Battles of Bugs,1,0.0003
4650,1720746999,International Boxing,1,0.0003
4651,2006015347,International Checkers - Draughts For PC & XBOX,1,0.0003
4652,1861268931,Into the Restless Ruins Demo,1,0.0003
4653,2128134067,INVECTOR: RHYTHM GALAXY,1,0.0003
4654,2054032545,Iris Fall,1,0.0003
4655,1757844217,Islanders,1,0.0003
4656,1684439879,Islets,1,0.0003
4657,2045674504,It's Kooky,1,0.0003
4658,1898064663,It Lurks Below,1,0.0003
4659,1750788653,Jagged Alliance 3,1,0.0003
4660,1965100318,Jeopardy! PlayShow,1,0.0003
4661,961294040,Jet Car Stunts,1,0.0003
4662,1480659527,Jet Set Radio,1,0.0003
4663,1761650717,Jewel Fever (Xbox-Edition),1,0.0003
4664,1681999465,Jewel Fever 2 (Xbox-Edition),1,0.0003
4665,1776716222,Jewel Fever 3,1,0.0003
4666,1913672112,Jewel Match Atlantis Solitaire Collector's Edition,1,0.0003
4667,2059455934,Jewels of Rome: Match-3 and City Building Game!,1,0.0003
4668,2011185783,Jigsaw Puzzles Pro - Jigsaw Puzzle Games,1,0.0003
4669,1805677746,Jigsaw Wild: Animal Edition,1,0.0003
4670,1480659446,Joe Danger 2: The Movie,1,0.0003
4671,1823446322,John Wick Hex,1,0.0003
4672,1992271028,Jotunnslayer: Hordes of Hel Demo,1,0.0003
4673,1691551544,Jujutsu Kaisen Cursed Clash - Jujusta 2024,1,0.0003
4674,1982477375,Jumanji: Wild Adventures,1,0.0003
4675,829401578,JUMP FORCE - Open Beta,1,0.0003
4676,1785763457,Jump Gunners,1,0.0003
4677,2121049988,Just Dance® 2021 (Xbox Series X|S),1,0.0003
4678,1793349263,K53 Simulator,1,0.0003
4679,1783708757,Kaichu: The Kaiju Dating Sim,1,0.0003
4680,1873447830,KAKU - Ancient Seal,1,0.0003
4681,1674561712,KALIMBA,1,0.0003
4682,1849548443,Kamikaze Lassplanes,1,0.0003
4683,1833296585,Kanjozoku Game - レーサーCar Racing & Highway Driving Simulator Games,1,0.0003
4684,2142970441,Karate Survivor (Creators Edition),1,0.0003
4685,2138868799,Kattastick,1,0.0003
4686,1799169782,Kawaii Girls Panic,1,0.0003
4687,1833960090,Kentucky Route Zero: TV Edition,1,0.0003
4688,1647262896,Kevin,1,0.0003
4689,1663335034,"Kick it, Bunny!",1,0.0003
4690,1611656823,Kids' Jigsaw Planet for PC & XBOX,1,0.0003
4691,2004313785,KILL KNIGHT,1,0.0003
4692,87537699,Kill The Bad Guy,1,0.0003
4693,1448544214,KILLER IS DEAD,1,0.0003
4694,2072806887,King Arthur: Knight's Tale,1,0.0003
4695,1612920519,King of the Hat,1,0.0003
4696,1883651708,Kingdom's Dungeon Rage,1,0.0003
4697,1794442596,KINGDOM HEARTS Melody of Memory DEMO Version (International),1,0.0003
4698,2044143489,Kingdom of Aurelia: Mystery of the Poisoned Dagger,1,0.0003
4699,1674297685,Kingdom Rush Frontiers,1,0.0003
4700,1992283783,Kingdom Rush Origins,1,0.0003
4701,1883121287,Kitten Island 2 (Xbox Series),1,0.0003
4702,973293235,Kitty Powers' Matchmaker,1,0.0003
4703,2090287182,KLONOA Phantasy Reverie Series,1,0.0003
4704,1942521263,Knightica Demo,1,0.0003
4705,1674517129,Knights of Pen & Paper 2 Deluxiest Edition,1,0.0003
4706,1954010860,Knock on the Coffin Lid,1,0.0003
4707,2147212200,"Knowledge, or know Lady",1,0.0003
4708,1397622750,KOF NEOWAVE,1,0.0003
4709,1674140576,Krampus Kills,1,0.0003
4710,1861282859,Kulebra and the Souls of Limbo Demo,1,0.0003
4711,1886388305,Kunitsu-Gami: Path of the Goddess,1,0.0003
4712,1632716739,Kvark,1,0.0003
4713,522988823,LA Cops,1,0.0003
4714,1955764099,Lady in a Leotard With a Gun,1,0.0003
4715,2041063925,Lake,1,0.0003
4716,1654316252,Lakeview Cabin Collection,1,0.0003
4717,930893366,Late Shift,1,0.0003
4718,2114717078,Laundry Simulator,1,0.0003
4719,2085483269,Lawn Mowing Simulator: Xbox Summer Game Demo,1,0.0003
4720,1823001166,Layer Section™ & Galactic Attack™ S-Tribute,1,0.0003
4721,1716972184,Left to Survive,1,0.0003
4722,1724587895,Lemon Cake,1,0.0003
4723,1992528067,Let's Cook Together,1,0.0003
4724,1995201540,Let's Cook Together 2 Demo,1,0.0003
4725,970068637,Let's Sing 2017 Hits français et internationaux,1,0.0003
4726,1809365330,Let's Sing 2020 Hits Français et Internationaux,1,0.0003
4727,2146442135,Let's Sing 2021,1,0.0003
4728,2020192287,Let's Sing 2024,1,0.0003
4729,1859481116,Let Me Sleep,1,0.0003
4730,443209874,Lichdom: Battlemage,1,0.0003
4731,2082943224,Lichtspeer: Double Speer Edition,1,0.0003
4732,1889014153,Lies of P Demo,1,0.0003
4733,1712757078,Light Fairytale Episode 1,1,0.0003
4734,1800499827,Lighter,1,0.0003
4735,2097293502,Lil' Guardsman,1,0.0003
4736,2111501553,Little Bear (Xbox Series),1,0.0003
4737,1945490956,Little Mouse's Encyclopedia,1,0.0003
4738,2004232535,Little Ralph,1,0.0003
4739,2056027793,Little Strays,1,0.0003
4740,1721636964,LocoCycle,1,0.0003
4741,2108963908,Lonely Guardian (Xbox One),1,0.0003
4742,1907201549,Lonely Guardian (Xbox Series),1,0.0003
4743,1763868009,Long Gone Days,1,0.0003
4744,1782607681,Looking for Aliens,1,0.0003
4745,1886359133,Looney Tunes: Wacky World of Sports,1,0.0003
4746,1898753130,Loot Hero DX,1,0.0003
4747,1900726271,Lord of the Click 4,1,0.0003
4748,2066402580,Lord of the Click 4 (Windows),1,0.0003
4749,2020175737,Lord of the Click 4 (Xbox One),1,0.0003
4750,1813695902,Lord of the Click 5 (Xbox One),1,0.0003
4751,2066718815,Lords of Exile,1,0.0003
4752,1865146781,Lorn's Lure,1,0.0003
4753,1938014553,Lost Artifacts 5: Frozen Queen,1,0.0003
4754,1623629655,Lost Artifacts: Soulstone,1,0.0003
4755,1798206513,Lost Eidolons,1,0.0003
4756,1758013531,Lost Eidolons: Veil of the Witch Demo,1,0.0003
4757,1725147420,Lost Ember,1,0.0003
4758,765558687,Lost Grimoires 2: Shard of Mystery,1,0.0003
4759,1631490723,Lost Islands,1,0.0003
4760,1830770780,Lost Lands 4: The Wanderer,1,0.0003
4761,1128466387,LOST PLANET,1,0.0003
4762,1996884292,Lost Snowmen (Windows),1,0.0003
4763,1737283260,Lost Twins 2 demo,1,0.0003
4764,1915632823,Love is all around 2,1,0.0003
4765,1712662574,Lucha Align (Xbox One),1,0.0003
4766,1795081986,Luck be a Landlord,1,0.0003
4767,2137647180,LumbearJack,1,0.0003
4768,2125308381,Lumberjack's Dynasty,1,0.0003
4769,217450018,LUMINES REMASTERED,1,0.0003
4770,2046808542,Luppy,1,0.0003
4771,2095111834,Luto,1,0.0003
4772,1414793341,Mafia II,1,0.0003
4773,1727624929,Mage and Monsters,1,0.0003
4774,1480656992,Magic: The Gathering,1,0.0003
4775,63111872,Mahjong,1,0.0003
4776,2123169726,Mahjong Woods,1,0.0003
4777,1792729237,Mainframent,1,0.0003
4778,1734719986,Mainframent (Windows),1,0.0003
4779,1984001465,Mainframent (Xbox One),1,0.0003
4780,1726562887,Mamorukun ReCurse!,1,0.0003
4781,1784496768,Mandragora: Whispers of the Witch Tree - Demo,1,0.0003
4782,1636466973,Maniac,1,0.0003
4783,1673627940,Manor Matters,1,0.0003
4784,1949737492,Mans & Mighties,1,0.0003
4785,2109651079,March of Empires: War of Lords,1,0.0003
4786,1753333721,Marenian Tavern Story: Patty and the Hungry God,1,0.0003
4787,194041984,Maria The Witch,1,0.0003
4788,1783467767,Mark of the Deep Demo,1,0.0003
4789,1480659971,Marlow Briggs,1,0.0003
4790,1654028464,Mars Survivor,1,0.0003
4791,1480659904,Mars: War Logs,1,0.0003
4792,1913012021,Marshmallow Marvin (Windows),1,0.0003
4793,1913245430,Marshmallow Marvin (Xbox One),1,0.0003
4794,2117648871,Martha Is Dead,1,0.0003
4795,1014379144,Marvel: Ultimate Alliance 2,1,0.0003
4796,1029188769,Marvel’s Guardians of the Galaxy: The Telltale Series - Episode 1,1,0.0003
4797,1935548464,Master Detective Archives: RAIN CODE Plus,1,0.0003
4798,1698192470,Matchbox™ Driving Adventures,1,0.0003
4799,2128750028,Math Games: Math for Kids,1,0.0003
4800,2086242306,MattAndZacharyBeta,1,0.0003
4801,1935280271,Maxi Trucks Racing,1,0.0003
4802,1749356989,Maximum Football 2020,1,0.0003
4803,2005529169,Mayhem Heroes,1,0.0003
4804,1861781965,Mech Armada,1,0.0003
4805,1968998770,Mech Wars Shooter,1,0.0003
4806,2049706995,Meg's Monster,1,0.0003
4807,1633855799,Mega Coin Squad,1,0.0003
4808,1684926097,Megaquarium,1,0.0003
4809,2114703539,Memories of Mars,1,0.0003
4810,1897863055,Meow Moments: Celebrating Geeks & Athletes,1,0.0003
4811,2039573071,Merge & Blade,1,0.0003
4812,1772597205,METAL GEAR SOLID: MASTER COLLECTION Vol.1 BONUS CONTENT,1,0.0003
4813,1669270925,Metamorphosis Demo,1,0.0003
4814,1793912360,Metaphor: ReFantazio - Prologue Demo,1,0.0003
4815,1860062126,Metavoidal Demo,1,0.0003
4816,1712988828,Metro Simulator 2,1,0.0003
4817,639411963,Metropolis: Lux Obscura,1,0.0003
4818,1903224536,"Mexico, 1921: A Deep Slumber - Demo",1,0.0003
4819,1939654144,Mia and the Dragon Princess,1,0.0003
4820,1781754632,Micro Tanks,1,0.0003
4821,1630329125,Miden Tower,1,0.0003
4822,813999960,Milanoir,1,0.0003
4823,1718878320,Military Logistics Simulator,1,0.0003
4824,2016521636,Military Logistics Simulator Demo,1,0.0003
4825,1909248883,Mind Scanners,1,0.0003
4826,1396901860,MINI NINJAS™,1,0.0003
4827,1971494270,Mining Mechs,1,0.0003
4828,1886336151,Minos Dungeon (Xbox One),1,0.0003
4829,2028249570,MIO: Memories in Orbit,1,0.0003
4830,1790559387,Miraculous: Rise of the Sphinx,1,0.0003
4831,1753107898,Missing Banban,1,0.0003
4832,1696023100,MLB® The Show™ 23 Xbox One Tech Test,1,0.0003
4833,1827594730,Mokoko X,1,0.0003
4834,1629151728,Monarchy,1,0.0003
4835,1480657491,Monkey Island 2: SE,1,0.0003
4836,2009391240,MONOPOLY Poker,1,0.0003
4837,2082932688,Monster Boy and the Cursed Kingdom (Demo),1,0.0003
4838,1682174654,Monster Harvest,1,0.0003
4839,1685995944,Monster Legends,1,0.0003
4840,2050785251,Monster Prom 2: Monster Camp XXL,1,0.0003
4841,1705194832,Moo Lander Demo,1,0.0003
4842,1983120305,Moon Mystery,1,0.0003
4843,1979213200,Moons of Madness,1,0.0003
4844,1923105414,Morsels,1,0.0003
4845,1895238803,Motesolo: No Girlfriend Since Birth,1,0.0003
4846,1679505567,Moto Rush GT,1,0.0003
4847,1887595548,Mountain Racing Demo,1,0.0003
4848,1937850928,MouseBot: Escape from CatLab,1,0.0003
4849,1830752927,MouseCraft,1,0.0003
4850,1908222793,Mr Trials,1,0.0003
4851,2069437644,Mr. DRILLER DrillLand Demo,1,0.0003
4852,1480657084,Mr. DRILLER Online,1,0.0003
4853,2019203468,Mr. Prepper,1,0.0003
4854,488941359,Mr. Shifty,1,0.0003
4855,2048511735,Munchkin: Quacked Quest,1,0.0003
4856,1652829137,Mushroom Savior (For Windows 10),1,0.0003
4857,1763148276,Mushroom Wars 2,1,0.0003
4858,157756945,MX Nitro,1,0.0003
4859,1995701809,My Cozy Room,1,0.0003
4860,1974773416,My Horse Stories,1,0.0003
4861,2014511480,My Life: Farm Vet,1,0.0003
4862,1817032347,My Little Pony: A Zephyr Heights Mystery,1,0.0003
4863,444406800,My Little Riding Champion,1,0.0003
4864,2045736222,My Recycling Center,1,0.0003
4865,1894122921,My Singing Monsters Playground,1,0.0003
4866,1794231119,My Time at Sandrock (Demo),1,0.0003
4867,2146481981,MyMaitê (for Windows 10),1,0.0003
4868,1756205157,MySims™,1,0.0003
4869,1893545198,MySims™ Kingdom,1,0.0003
4870,1744605279,Mystery Box: Escape The Room,1,0.0003
4871,2092209274,Mystical Mixing,1,0.0003
4872,2019489255,Mythic Ocean: Prologue,1,0.0003
4873,1651407582,Naheulbeuk's Dungeon Master,1,0.0003
4874,1950723029,NAIAD,1,0.0003
4875,1963039991,Namariel Legends: Iron Lord - Collectors Edition,1,0.0003
4876,1862035245,NAMCO MUSEUM® ARCHIVES Vol 2,1,0.0003
4877,1616270757,NBA LIVE 14,1,0.0003
4878,952250438,NBA LIVE 19 Demo,1,0.0003
4879,1865362153,Neko Bento,1,0.0003
4880,2093020385,Neon Inferno Demo,1,0.0003
4881,1905883470,NERF Legends,1,0.0003
4882,1480656949,NEW RALLY-X,1,0.0003
4883,1887596214,Nickelodeon All-Star Brawl,1,0.0003
4884,1397819368,NIER,1,0.0003
4885,2070801878,NieR:Automata BECOME AS GODS Edition,1,0.0003
4886,1831172074,Niffelheim,1,0.0003
4887,1653256767,NightGhast,1,0.0003
4888,175365432,Nightmares from the Deep 3: Davy Jones,1,0.0003
4889,1937823248,Nine Noir Lives,1,0.0003
4890,1920462610,Nine Witches: Family Disruption,1,0.0003
4891,1750854178,Ninja Escape Danger (Xbox Series),1,0.0003
4892,1768552103,Ninja Village,1,0.0003
4893,25830915,Ninjin: Clash of Carrots,1,0.0003
4894,2103813756,Nitro Car Race - Two Player Xbox & Windows,1,0.0003
4895,1693756497,No Heroes Here 2,1,0.0003
4896,1814825729,No More Heroes 3,1,0.0003
4897,1732084298,No Puedes Escapar,1,0.0003
4898,1725452465,No Sun To Worship,1,0.0003
4899,1980658153,NO THING,1,0.0003
4900,2023464608,Nonograms+ : PC & XBOX,1,0.0003
4901,2049381647,NORCO,1,0.0003
4902,1993181112,Northgard,1,0.0003
4903,113676173,NOT A HERO: SUPER SNAZZY EDITION,1,0.0003
4904,1835223085,Not For Broadcast,1,0.0003
4905,2077795600,Novel Rogue,1,0.0003
4906,1731277800,Nowhere Manor DEMO,1,0.0003
4907,1869491359,Null Drifter,1,0.0003
4908,1856761311,Oakbound Quest,1,0.0003
4909,1802716291,Oakbound Quest (Windows),1,0.0003
4910,1693043906,Oakbound Quest (Xbox One),1,0.0003
4911,1958059335,Oaken - Demo,1,0.0003
4912,1727273780,Observation,1,0.0003
4913,2024512616,Obsurity,1,0.0003
4914,940721262,Oceanhorn - Monster of Uncharted Seas (Demo),1,0.0003
4915,371110096,Octahedron,1,0.0003
4916,2074956981,Oddworld: Soulstorm Enhanced Edition,1,0.0003
4917,1849931750,Offroad Mechanic Simulator,1,0.0003
4918,1868901412,Offroad Racing - Buggy X ATV X Moto,1,0.0003
4919,1820510942,Oh Balls Merge,1,0.0003
4920,1729593698,Omno,1,0.0003
4921,2061744663,One Button Games 5-in-1 (Xbox One),1,0.0003
4922,583069074,One Hundred Ways,1,0.0003
4923,1762313974,One Step After Fall (Windows),1,0.0003
4924,1762554040,Open Roads,1,0.0003
4925,1129121848,Operation Flashpoint: Red River,1,0.0003
4926,1822732542,Opus Magnum,1,0.0003
4927,695383702,Outbreak,1,0.0003
4928,1870108065,Outbreak: Epidemic,1,0.0003
4929,1772875348,Outbreak: The Nightmare Chronicles Definitive Edition,1,0.0003
4930,1480657413,Outland,1,0.0003
4931,1893882441,OUTRIDERS Demo,1,0.0003
4932,1627319851,Overrogue Demo,1,0.0003
4933,1652695637,Oxide Room 208,1,0.0003
4934,1161365458,P4A,1,0.0003
4935,1916305445,Palindrome Syndrome: Escape Room,1,0.0003
4936,2047392824,Panic Porcupine,1,0.0003
4937,1998577310,Panorama Cotton,1,0.0003
4938,1397033068,Panzer Dragoon Orta,1,0.0003
4939,2115269293,Panzer Dragoon: Remake,1,0.0003
4940,1616365132,Papa's Quiz,1,0.0003
4941,1704985822,Paper Flight - Speed Rush,1,0.0003
4942,2037036894,Paradox Error,1,0.0003
4943,202238107,Paranautical Activity,1,0.0003
4944,2073287258,Paratopic,1,0.0003
4945,1881234616,Parcel Corps Demo,1,0.0003
4946,1995803508,Pato Box,1,0.0003
4947,1480660022,Peggle ® 2,1,0.0003
4948,1979962896,Penguin Flight: Beyond The Clouds (Xbox One),1,0.0003
4949,1614255368,Perennial Order - Demo,1,0.0003
4950,2041907684,Perfect Ninja Painter,1,0.0003
4951,2076010707,Perfect Ninja Painter 2,1,0.0003
4952,1751313192,Persian Nights 2: The Moonlight Veil (Xbox Version),1,0.0003
4953,1836794259,Phantom Breaker: Battle Grounds Ultimate,1,0.0003
4954,2080732462,Pickle-Pocalypse,1,0.0003
4955,2114369983,Pickleball Smash,1,0.0003
4956,1907048336,Piggy Blast Slots: Cash Casino,1,0.0003
4957,1746852899,Pill Mania HD (Xbox-Edition),1,0.0003
4958,1914519751,Pillars of Eternity: Hero Edition,1,0.0003
4959,2141385867,Pilot Simulator - Real Air Plane Flying,1,0.0003
4960,2115779658,Pinball BigSplash,1,0.0003
4961,1784095373,Ping PONG Classic͏,1,0.0003
4962,2060380149,Pirate Bloopers,1,0.0003
4963,1788227153,Pity Pit,1,0.0003
4964,2101334292,Pixel Cafe,1,0.0003
4965,819060983,Pixel Piracy,1,0.0003
4966,1923631743,Pixel Retro Snake,1,0.0003
4967,1665792263,Pixel Skater Demo,1,0.0003
4968,1753979365,Pizza Bar Tycoon,1,0.0003
4969,1776549840,Pizza Possum,1,0.0003
4970,1710968984,Planescape: Torment and Icewind Dale: Enhanced Editions,1,0.0003
4971,1998491596,Planet Quiz: Learn & Discover,1,0.0003
4972,1842045021,PlanetCraft: Block Craft Games,1,0.0003
4973,341793932,Plants vs. Zombies™ Garden Warfare 2 - Multiplayer Beta,1,0.0003
4974,1949782736,Plunder Panic Demo,1,0.0003
4975,2138276496,Pneuma: Breath of Life,1,0.0003
4976,1999452651,Polterguys: Possession Party,1,0.0003
4977,1665781593,Pool Slide Story,1,0.0003
4978,2007252653,Poppy Kart,1,0.0003
4979,1264125919,Port Royale 3,1,0.0003
4980,2144450974,Possum is Hungry (Xbox One),1,0.0003
4981,1794659226,PowerSlave Exhumed,1,0.0003
4982,1659566323,Praey for the Gods,1,0.0003
4983,1701369421,Preserve,1,0.0003
4984,2105890016,Primal Fray,1,0.0003
4985,1431504908,Prince of Persia,1,0.0003
4986,1431505112,Prince of Persia The Sands of Time,1,0.0003
4987,2103772615,Prince of Persia™: The Lost Crown Demo,1,0.0003
4988,1980024317,Prison of Illusion (Windows),1,0.0003
4989,172112677,PRO EVOLUTION SOCCER 2018 DEMO,1,0.0003
4990,2116922454,Prodeus,1,0.0003
4991,1831247607,Project Entropy,1,0.0003
4992,965890138,Project Highrise: Architect's Edition,1,0.0003
4993,2141271000,Project Nightmares Case 36: Henrietta Kedward,1,0.0003
4994,1965359820,Psychonauts (Windows 10),1,0.0003
4995,1973717551,Puff Up,1,0.0003
4996,1962369921,Pumpkin Jack,1,0.0003
4997,1857233513,Punch Club 2 Demo,1,0.0003
4998,1769452181,Punchman,1,0.0003
4999,1846662502,Puppet House,1,0.0003
5000,481098309,Pure Farming 2018,1,0.0003
5001,1790410374,Pushy and Pully in Blockland Demo,1,0.0003
5002,1630842267,Puzzle by Nikoli W Yajilin,1,0.0003
5003,1480657468,Puzzle Quest 2,1,0.0003
5004,1685534405,Puzzledorf - Demo,1,0.0003
5005,1798310078,Q-YO Blaster,1,0.0003
5006,453783733,Q.U.B.E. 2,1,0.0003
5007,1925131943,Q.U.B.E. 2 Ultimate Edition,1,0.0003
5008,1649833794,Quadroids Demo,1,0.0003
5009,2108413062,Quake 4,1,0.0003
5010,1480657096,Quake Arena Arcade,1,0.0003
5011,1801662160,Queen's Quest 2: Stories of Forgotten Past (Xbox One Version),1,0.0003
5012,1992803024,Queen's Quest 3: The End of Dawn (Xbox One Version),1,0.0003
5013,1611876144,Queen's Quest 4: Sacred Truce (Xbox One Version),1,0.0003
5014,1648318558,Quriocity Demo,1,0.0003
5015,1664110632,R-Type® Final 2,1,0.0003
5016,1741577221,R-Type® Final 2 Demo,1,0.0003
5017,562694050,R.B.I. Baseball 16,1,0.0003
5018,1998043773,R.B.I. Baseball 19,1,0.0003
5019,1970954956,Rabbids Invasion : The Interactive TV Show,1,0.0003
5020,2111887603,Raccoon is Hungry (Xbox One),1,0.0003
5021,1816017776,Raccoon is Hungry (Xbox Series X),1,0.0003
5022,1997561674,Raccoon Saloon,1,0.0003
5023,1733215481,Race with Ryan,1,0.0003
5024,1480657492,Radiant Silvergun,1,0.0003
5025,1839710374,Radiant: Guardians Of Light Demo,1,0.0003
5026,1977013516,Radical Rabbit Stew,1,0.0003
5027,909166762,RAID: World War II,1,0.0003
5028,1645357835,RAINBOW HIGH™: RUNWAY RUSH,1,0.0003
5029,1697967295,RainbowPhrase Prologue,1,0.0003
5030,1640181765,Ramp Car Racing,1,0.0003
5031,1657564986,Ratshaker,1,0.0003
5032,1731294228,Rattyvity Lab,1,0.0003
5033,2108691958,Ratyrinth,1,0.0003
5034,2071320447,Ravenlok,1,0.0003
5035,1800747068,Ravenous Devils,1,0.0003
5036,1897447749,ReactorX,1,0.0003
5037,1761751232,ReactorX 2 (PC),1,0.0003
5038,1660728,Reagan Gorbachev,1,0.0003
5039,1679987069,Real Heroes: Firefighter HD,1,0.0003
5040,1617248429,REANIMAL,1,0.0003
5041,1982760735,Rebel Cops,1,0.0003
5042,1639119449,Record of Lodoss War-Deedlit in Wonder Labyrinth-,1,0.0003
5043,2007729022,Recycle Bin Battle,1,0.0003
5044,1966796335,Red Panda is Hungry,1,0.0003
5045,1660886813,Red Pippy,1,0.0003
5046,1677911053,Red Wings: Aces of the Sky,1,0.0003
5047,1190858142,Redout: Lightspeed Edition,1,0.0003
5048,1755678829,RedRaptor,1,0.0003
5049,2107522520,Reel Fishing: Days of Summer,1,0.0003
5050,315620102,Refunct,1,0.0003
5051,1690272430,Regalia: Of Men and Monarchs - Royal Edition,1,0.0003
5052,2091620971,Remains,1,0.0003
5053,676489959,Remothered: Tormented Fathers,1,0.0003
5054,2044312508,REPLAY BOYS Demo,1,0.0003
5055,1775673786,Republic of Pirates,1,0.0003
5056,1814618059,Return to Monkey Island,1,0.0003
5057,1854284145,Reus 2,1,0.0003
5058,1654474348,Rhythm Towers Demo,1,0.0003
5059,1859847320,Richman 10,1,0.0003
5060,773588741,RICO,1,0.0003
5061,2071602286,RICO London,1,0.0003
5062,2021825958,RIDE 6,1,0.0003
5063,566120507,RIOT: Civil Unrest,1,0.0003
5064,2133397409,Riptide GP2,1,0.0003
5065,1773817392,Rise of Insanity,1,0.0003
5066,2099119493,Rise of the Triad: Ludicrous Edition,1,0.0003
5067,1859130505,Risen,1,0.0003
5068,1663212522,Rising Hell Demo,1,0.0003
5069,1836689421,Rising Lords,1,0.0003
5070,1629043783,River City Girls,1,0.0003
5071,1867496283,Road Maintenance Simulator 2 + Winter Services,1,0.0003
5072,1811564038,Roads of Time 2,1,0.0003
5073,1813567768,Roadside Research (Game Preview),1,0.0003
5074,1787135558,Roarr! Jurassic Edition,1,0.0003
5075,1715096411,RoboDunk,1,0.0003
5076,1776370994,Robotry!,1,0.0003
5077,2055951930,Robots at Midnight,1,0.0003
5078,269255068,Rock Zombie,1,0.0003
5079,2039794673,Rocket Rats Windows,1,0.0003
5080,1935776307,Roger That: Merge Adventure Games!,1,0.0003
5081,1803575237,Rogue Loops,1,0.0003
5082,873887021,Rogue Stormers,1,0.0003
5083,189853082,Rogue Trooper Redux,1,0.0003
5084,1644975436,Rollerdrome,1,0.0003
5085,1902087086,Romancelvania,1,0.0003
5086,1690610806,Romancing SaGa 2,1,0.0003
5087,1838314424,Roxy Raccoon's Pinball Panic,1,0.0003
5088,2014153468,Royal Revolt 2: Tower Defense,1,0.0003
5089,920951865,Rugby 18,1,0.0003
5090,2057579327,Rugby League Legends '23,1,0.0003
5091,1496021838,Rugby World Cup 2015,1,0.0003
5092,1913639555,Ruined King: A League of Legends Story™,1,0.0003
5093,93901068,Ruiner,1,0.0003
5094,2060533440,Runasaurus Rex: Origins,1,0.0003
5095,2101582025,Rune Crystal: Adventure (WINDOWS),1,0.0003
5096,1985898542,Rune Crystal: Adventure (XBOX XSX),1,0.0003
5097,1727550181,Rustler,1,0.0003
5098,520010865,RWBY: Grimm Eclipse,1,0.0003
5099,1480659510,Sacred Citadel,1,0.0003
5100,1945270822,Saga of the Moon Priestess,1,0.0003
5101,429066719,Saints Row IV: Re-Elected,1,0.0003
5102,1480657277,Sam&Max Save the World,1,0.0003
5103,1630581172,Samurai Academy: Paws of Fury,1,0.0003
5104,1657557697,SAMURAI WARRIORS 5 Trial version,1,0.0003
5105,2010400708,Sausage Wars,1,0.0003
5106,1786543873,Save Farty The Trivia Game,1,0.0003
5107,1952805019,Save Your Nuts DEMO,1,0.0003
5108,1620253606,School of Dragons,1,0.0003
5109,2032698001,ScourgeBringer (demo),1,0.0003
5110,1726263021,SCP CodeRed,1,0.0003
5111,1814920352,Sea of Stars Demo,1,0.0003
5112,1015878400,Sébastien Loeb Rally EVO Demo Mexico,1,0.0003
5113,1787895330,Secret Agent : Cold War Espionage,1,0.0003
5114,1690734775,Secrets of Blackrock Manor - Escape Room,1,0.0003
5115,2022500245,SEDAP! A Culinary Adventure (Demo),1,0.0003
5116,2050958891,Seed of Heroes Demo,1,0.0003
5117,1839592310,Seekers Notes: Hidden Objects,1,0.0003
5118,1480657776,Sega Vintage Collection: Alex Kidd & Co.,1,0.0003
5119,1480657778,Sega Vintage Collection: Monster World,1,0.0003
5120,2099681630,SENSHI SOKOBAN QUEST,1,0.0003
5121,809710057,Serial Cleaner,1,0.0003
5122,1657708224,Seven Doors,1,0.0003
5123,285659276,Shadow Complex Remastered,1,0.0003
5124,1679773474,Shadow of the Ninja - Reborn Demo,1,0.0003
5125,1867499227,Shadow of the orient,1,0.0003
5126,2000442171,Shadow Warrior 3: Definitive Edition,1,0.0003
5127,2054053535,Shalnor Legends 2: Trials of Thunder,1,0.0003
5128,1856870909,Shantae Advance: Risky Revolution,1,0.0003
5129,817971709,Shaq Fu: A Legend Reborn,1,0.0003
5130,1715496714,Shark Adventure,1,0.0003
5131,1022228933,Shenmue II,1,0.0003
5132,1689409064,Shield King,1,0.0003
5133,787753849,Shift Happens,1,0.0003
5134,643894778,Shiness: The Lightning Kingdom,1,0.0003
5135,597321826,Shining Resonance Refrain Demo,1,0.0003
5136,1710148072,Ship Graveyard Simulator,1,0.0003
5137,2040120446,Ships Simulator,1,0.0003
5138,1632941844,SHMUP Mania,1,0.0003
5139,1658221505,SHMUP Mania (Windows),1,0.0003
5140,2106821597,Shogun Showdown,1,0.0003
5141,1722302711,Shogun Showdown Demo,1,0.0003
5142,629977034,Shoppe Keep,1,0.0003
5143,2044979517,Shoulders of Giants Ultimate Demo,1,0.0003
5144,1976811213,Shroom Siege - Demo,1,0.0003
5145,1297287746,Shuffle Party,1,0.0003
5146,1967979978,Shy Cats Hidden Tracks - Vol. 2,1,0.0003
5147,1883977094,Sigi - A Fart for Melusina,1,0.0003
5148,1263405091,Silent Hill:  Downpour,1,0.0003
5149,1801439021,Silver Chains,1,0.0003
5150,2123337926,Simple Mahjong,1,0.0003
5151,1673805558,SIMULACRA,1,0.0003
5152,1627145602,Sisters Royale: Five Sisters Under Fire,1,0.0003
5153,1984747365,Sixty Words by POWGI,1,0.0003
5154,1161889967,Skate 2 (DE),1,0.0003
5155,2117650793,Skelattack,1,0.0003
5156,1870475503,Skinny and Franko: Fists of Violence,1,0.0003
5157,1993501974,Skull and Bones Open Beta,1,0.0003
5158,1619226313,Sky Rogue,1,0.0003
5159,1939859673,Skyland: Heart of the Mountain (Xbox Version),1,0.0003
5160,708889423,Slain: Back from Hell,1,0.0003
5161,2070608881,Slasher: Origins Demo,1,0.0003
5162,1815661677,SlavicPunk: Oldtimer,1,0.0003
5163,1781300625,SLEEP AWAKE,1,0.0003
5164,1933049453,Sleeping Beauty: Hidden Objects,1,0.0003
5165,1941527970,Slide Stories: Neko and Friends,1,0.0003
5166,1705787144,Slime 3K: Rise Against Despot,1,0.0003
5167,2135923175,Slime Color,1,0.0003
5168,1838648944,Slipstream,1,0.0003
5169,2079129279,Slopecrashers,1,0.0003
5170,1736697479,Smart Moves,1,0.0003
5171,1645030778,Smart Moves (for Windows 10),1,0.0003
5172,1786573857,Smart Moves 2,1,0.0003
5173,1794725870,Smurfs Kart,1,0.0003
5174,1846638355,Snake.io - Slither Wormate,1,0.0003
5175,1866835346,Snoopy & The Great Mystery Club,1,0.0003
5176,2026789329,Snow Plow Challenge,1,0.0003
5177,2143488853,Soccer Story,1,0.0003
5178,1875557727,Sociable Soccer 25,1,0.0003
5179,1691570797,Sokocrab,1,0.0003
5180,1820889530,Sokomine (Windows),1,0.0003
5181,2146019518,Sokomine (Xbox One),1,0.0003
5182,1661096222,SokoNature,1,0.0003
5183,1903913754,Sol Dorado Heist (Xbox Series X|S),1,0.0003
5184,2097701156,Solaroids: Prologue Demo,1,0.0003
5185,1885325961,Solid Void - Nature Puzzles,1,0.0003
5186,1957628887,Solitaire Collection Free,1,0.0003
5187,2083306012,Solitaire Palace,1,0.0003
5188,2063810986,Solitaire TriPeaks Flowers,1,0.0003
5189,1862639876,Solus,1,0.0003
5190,1889005839,Solus (Xbox Series),1,0.0003
5191,543798221,Song of the Deep,1,0.0003
5192,2112770120,Songs of Conquest,1,0.0003
5193,1813197692,SOS OPS!,1,0.0003
5194,2059590488,SOULVARS Demo,1,0.0003
5195,1669686444,Source of Madness,1,0.0003
5196,1621251738,Space Adventure : Mercury (Xbox One),1,0.0003
5197,1627345546,Space Adventure Cobra - The Awakening,1,0.0003
5198,2042419031,Space Boat Demo,1,0.0003
5199,2109986102,Space Crew: Legendary Edition,1,0.0003
5200,2054119958,Space Engineers Beta,1,0.0003
5201,1838518432,Space Hulk®: Deathwing™ - Enhanced Edition (Windows 10),1,0.0003
5202,2141584532,Space Invaders Deluxe Arcade Collection,1,0.0003
5203,1862462662,Space Invaders Dot Matrix Special Demo,1,0.0003
5204,1802294767,Space Smash,1,0.0003
5205,1867036629,Space Warlord Organ Trading Simulator,1,0.0003
5206,1744487921,Spacebase Startopia,1,0.0003
5207,1613171538,Spacelines from the Far Out,1,0.0003
5208,2053011606,Spark The Electric Jester 2,1,0.0003
5209,450682088,Sparkle 2,1,0.0003
5210,2081715802,Spartan Firefight,1,0.0003
5211,2110528847,Spartan Runner,1,0.0003
5212,2066547275,Spectrolite - Speed Life,1,0.0003
5213,1624072675,Speed 3 - Grand Prix,1,0.0003
5214,1794398757,Spell Disk,1,0.0003
5215,2042399211,Spellcaster University,1,0.0003
5216,1795084393,Spider FreeCell Solitaire,1,0.0003
5217,1880122535,Spiral Demo,1,0.0003
5218,1712871656,Spirit Hunters: Infinite Horde,1,0.0003
5219,1719161140,Spiritfall,1,0.0003
5220,2120800689,Spitlings,1,0.0003
5221,1480657295,Splosion Man,1,0.0003
5222,1480657055,SpongeBob SquarePants Underpants Slam!,1,0.0003
5223,1676037121,Spooky's Jump Scare Mansion: HD Renovation,1,0.0003
5224,1645584645,Spot Challenge Vol. 4,1,0.0003
5225,1896376911,Spot The Differences! Party,1,0.0003
5226,2114614966,SpotCat vs The Cheddar Mafia In Europe,1,0.0003
5227,1910694934,SpotCat vs The Cheddar Mafia In The Americas,1,0.0003
5228,2028704735,Squad Killer,1,0.0003
5229,1940217918,SquadBlast (Game Preview),1,0.0003
5230,1397819357,Star Ocean: The Last Hope,1,0.0003
5231,1826083440,Star Trek Prodigy: Supernova,1,0.0003
5232,1112934457,STAR WARS Jedi Starfighter,1,0.0003
5233,1610938878,Startup Company Console Edition,1,0.0003
5234,687953907,STARWHAL,1,0.0003
5235,1763980243,Static Dread: The Lighthouse,1,0.0003
5236,1328778537,SteamWorld Dig,1,0.0003
5237,2135799767,STELLATUM,1,0.0003
5238,1674315166,Sticky Business,1,0.0003
5239,2104502032,Stories Untold,1,0.0003
5240,2146285435,Stranded Deep,1,0.0003
5241,2051766968,STRANGER OF PARADISE FINAL FANTASY ORIGIN DEMO VERSION,1,0.0003
5242,1763122581,Stranger Things 3: The Game,1,0.0003
5243,2051735912,Strategic Mind: The Pacific,1,0.0003
5244,2029594422,Stratogun,1,0.0003
5245,1991503530,Strawberry Vinegar DEMO,1,0.0003
5246,1874994133,Stray Blade,1,0.0003
5247,1681653389,Stray Gods: The Roleplaying Musical,1,0.0003
5248,2000556137,Street Race Kings Demo - Xbox Series S | X,1,0.0003
5249,2029929513,Strider,1,0.0003
5250,2108848036,Strike Force 3,1,0.0003
5251,1623319437,Strike Suit Zero: Director's Cut,1,0.0003
5252,2054803154,"Striker Zone: War Action, Shooter Adventure Game",1,0.0003
5253,1644555235,STRIKERS 1945,1,0.0003
5254,1937898658,Strings Theory Demo,1,0.0003
5255,1822584880,Stumble Guys - Beta,1,0.0003
5256,1978396801,Styx: Blades of Greed,1,0.0003
5257,2023806716,Styx: Master of Shadows,1,0.0003
5258,748886361,Styx: Shards of Darkness - Demo,1,0.0003
5259,1721928743,Submarine Attack 3D,1,0.0003
5260,1646079824,Submarine Survivor,1,0.0003
5261,1746879934,Submerged: Hidden Depths,1,0.0003
5262,754617166,Subterrain,1,0.0003
5263,1670355730,Sudoku Classic!,1,0.0003
5264,1955269140,Suika And Dragons (Xbox One),1,0.0003
5265,1760369741,SULFUR Demo,1,0.0003
5266,1830432553,Sunset Bike Racing Pro,1,0.0003
5267,1918222348,SUNSOFT is Back! Retro Game Selection,1,0.0003
5268,1646558960,Super Blood Hockey,1,0.0003
5269,1798675306,Super Box Delivery: Beyond the Horizon,1,0.0003
5270,1666228331,Super Chicken Jumper,1,0.0003
5271,2084457373,Super Double Dragon,1,0.0003
5272,1935418833,Super Hero Demolition,1,0.0003
5273,2063209507,Super Jagger Bomb 2: Go East,1,0.0003
5274,1897083570,Super Mariot Jumpman Adventures,1,0.0003
5275,2099919133,Super Mining Mechs,1,0.0003
5276,1785098854,Super Mombo Quest,1,0.0003
5277,953841722,Super Pixel Racers,1,0.0003
5278,1963013137,Super Snake Block DX,1,0.0003
5279,2052867319,Super Snake Block DX (Windows),1,0.0003
5280,323257300,Super Street: The Game,1,0.0003
5281,1654363896,Super Woden GP,1,0.0003
5282,979032440,Supermarket Shriek,1,0.0003
5283,253235216,Surf World Series,1,0.0003
5284,1950602651,Surgeon Simulator 2,1,0.0003
5285,1689702773,Survive on Raft,1,0.0003
5286,1827356638,Survivor - Castaway Island,1,0.0003
5287,1896910252,Survivor.io,1,0.0003
5288,1814129384,Swapshot (Xbox),1,0.0003
5289,1656836695,Sweet Bakery Tycoon,1,0.0003
5290,1820340624,Sweet Dance: Sweet Social Music Game,1,0.0003
5291,1722901011,Sweet Survivors,1,0.0003
5292,1908989621,SWORD ART ONLINE Last Recollection,1,0.0003
5293,1799525101,Swordbreaker The Game,1,0.0003
5294,1650305856,Swordbreaker: Origins,1,0.0003
5295,2136170579,Swordbreaker: Origins (Xbox Series X|S),1,0.0003
5296,1161890083,Syndicate,1,0.0003
5297,1765779215,Synergia - A Cyberpunk Thriller Visual Novel,1,0.0003
5298,1955122958,Taboo Trial,1,0.0003
5299,1627444318,Tails Noir,1,0.0003
5300,1979761321,Talking Tom Candy Run,1,0.0003
5301,1704713857,Tangle Tower,1,0.0003
5302,1873939850,Teenage Mutant Ninja Turtles Arcade: Wrath of the Mutants,1,0.0003
5303,2133660608,Temari Trials (Xbox One),1,0.0003
5304,1090851408,TEMBO THE BADASS ELEPHANT,1,0.0003
5305,1761788696,Tennis World Tour 2,1,0.0003
5306,1713029347,Tennis World Tour 2 - Complete Edition Xbox Series X|S,1,0.0003
5307,2131736990,TENSEI,1,0.0003
5308,1899756257,Tents & Trees,1,0.0003
5309,2139353144,Tested on Humans: Escape Room,1,0.0003
5310,2079875224,Tetragon Demo,1,0.0003
5311,1783815373,The Addams Family: Mansion Mayhem,1,0.0003
5312,278122515,The Adventure Pals,1,0.0003
5313,1899803218,The Adventures of Ally The Alligator (XBox Series),1,0.0003
5314,2024145056,The Artful Escape,1,0.0003
5315,1870136049,The Backrooms: Christmas Edition,1,0.0003
5316,720980405,The Banner Saga 2,1,0.0003
5317,1949662682,The Beast Inside (Console Version),1,0.0003
5318,57328250,The Blackout Club,1,0.0003
5319,1651981610,The Bluecoats: North & South,1,0.0003
5320,1637035694,The Chant,1,0.0003
5321,1677809908,The Coma 2B: Catacomb,1,0.0003
5322,1969027482,The Complex,1,0.0003
5323,1833761430,The Cursed Hotel,1,0.0003
5324,2034732816,The Dark Book: Hack n Slash,1,0.0003
5325,1872080395,The Dark Side of the Moon: An Interactive FMV Thriller,1,0.0003
5326,1727304779,The Darkside Detective: A Fumble in the Dark,1,0.0003
5327,231381248,The Deer God,1,0.0003
5328,364910835,The Dwarves,1,0.0003
5329,2092675376,The Elder Scrolls III: Morrowind Game of the Year Edition (PC),1,0.0003
5330,1613519621,The Elder Scrolls IV: Oblivion Game of the Year Edition (PC) – 2009,1,0.0003
5331,2055759763,The Elf on the Shelf®: Christmas Heroes,1,0.0003
5332,2020422759,The Falconeer,1,0.0003
5333,1635182063,The Fall of Porcupine: Last Days of Summer,1,0.0003
5334,2051823157,The First Tree,1,0.0003
5335,300732950,The Food Run,1,0.0003
5336,2037257274,The friends of Ringo Ishikawa,1,0.0003
5337,1916168386,The Gardener and the Wild Vines TGA21Demo,1,0.0003
5338,1695078658,The Glass Staircase,1,0.0003
5339,1966508044,The Golf Club,1,0.0003
5340,575803834,The Golf Club 2™,1,0.0003
5341,1670023665,The Good Life Demo,1,0.0003
5342,255325426,The Grand Tour Game,1,0.0003
5343,1759275046,The Great Perhaps,1,0.0003
5344,2012885349,The Holy Gosh Darn Demo,1,0.0003
5345,538832146,The Inner World,1,0.0003
5346,740275617,The Inner World - The Last Wind Monk,1,0.0003
5347,2112886520,The Isle Tide Hotel Demo,1,0.0003
5348,2105596480,The Jackbox Party Pack 11 Demo,1,0.0003
5349,2115010340,The Knightling,1,0.0003
5350,1908824731,The Lamplighters League,1,0.0003
5351,1971538670,The Land Beneath Us,1,0.0003
5352,2106896024,The Land Beneath Us Demo,1,0.0003
5353,2079588618,The Last Campfire,1,0.0003
5354,2055782857,The Last Kids on Earth and the Staff of Doom,1,0.0003
5355,1930789000,The Last Oricru - Final Cut,1,0.0003
5356,1948960688,The Legend of Bum-bo,1,0.0003
5357,1640731289,The Legend of Cyber Cowboy,1,0.0003
5358,460271635,The Legend of Korra™,1,0.0003
5359,2048574450,The Life and Suffering of Sir Brante,1,0.0003
5360,1854696468,The Lord of the Rings: Adventure Card Game - Definitive Edition,1,0.0003
5361,266212283,The Mean Greens - Plastic Warfare,1,0.0003
5362,1668358423,The Movie Trivia Challenge,1,0.0003
5363,1898883512,The Music Trivia Challenge,1,0.0003
5364,1865341179,The MUSYNX,1,0.0003
5365,1858993648,The Night of the Rabbit Demo,1,0.0003
5366,1816960683,The Nightmares At The Krusty Krab,1,0.0003
5367,2070011596,The Nonogram,1,0.0003
5368,1806078300,The Padre,1,0.0003
5369,1972399135,The Pillar: Puzzle Escape,1,0.0003
5370,1679953436,The Plane Effect Demo,1,0.0003
5371,2147017544,The Rumble Fish +,1,0.0003
5372,1847538028,The Secret Order: Shadow Breach (Xbox One Version),1,0.0003
5373,2120497068,The Smurfs - Village Party,1,0.0003
5374,1778635686,The Star Named EOS,1,0.0003
5375,693104257,The Station,1,0.0003
5376,2022239352,The Super Penguboy (Windows 10),1,0.0003
5377,2027192082,The Surge - Windows 10 version,1,0.0003
5378,1946097722,The Tribez,1,0.0003
5379,1906063010,The True,1,0.0003
5380,307442698,The Turing Test,1,0.0003
5381,1933187511,The Vale: Shadow of the Crown,1,0.0003
5382,333693662,The Walking Dead: A New Frontier,1,0.0003
5383,1745696189,The Walking Vegetables: Radical Edition,1,0.0003
5384,2092946250,The Wild at Heart,1,0.0003
5385,1782146850,The Wild Eight,1,0.0003
5386,1683044366,Thea 2: The Shattering,1,0.0003
5387,2006512061,There's a Gun in the Office,1,0.0003
5388,1820279113,There Is No Light,1,0.0003
5389,1944273028,Thief of Thieves: Season One,1,0.0003
5390,1015340672,Thimbleweed Park,1,0.0003
5391,1930371821,Thirty One,1,0.0003
5392,1972072247,This is the Zodiac Speaking,1,0.0003
5393,2089424131,This War of Mine: Final Cut,1,0.0003
5394,1893820784,Threes!,1,0.0003
5395,2141635296,Throne Together,1,0.0003
5396,1804074878,Tidy Toys,1,0.0003
5397,1776258833,Tidy Toys (Windows),1,0.0003
5398,1703402830,Tilesweeper,1,0.0003
5399,1802771942,Time Trap: Hidden Objects Remastered,1,0.0003
5400,1932927969,Timothy vs the Aliens,1,0.0003
5401,2110707172,Tiny Archer,1,0.0003
5402,1866961798,Tiny Archer (Xbox One),1,0.0003
5403,2012146098,Tiny Arctic Hero,1,0.0003
5404,1826137247,Tiny Little Farm,1,0.0003
5405,1857539450,Tiny Pixels Vol. 1 - Ninpo Blast,1,0.0003
5406,1794718240,Tiny Tourers,1,0.0003
5407,1672719761,Tinykin Demo,1,0.0003
5408,2144893415,Titan Quest II,1,0.0003
5409,1773422432,Toaplan Arcade Collection Vol.1,1,0.0003
5410,1984458321,ToeJam and Earl: Back in the Groove!,1,0.0003
5411,315573679,TOM CLANCY'S RAINBOW SIX SIEGE: Beta,1,0.0003
5412,1804899462,Tools Up - Ultimate Edition,1,0.0003
5413,2106346082,Top Gun Air Combat,1,0.0003
5414,1930095876,Top Speed: Drag & Fast Racing,1,0.0003
5415,1960801594,Topshot,1,0.0003
5416,519443170,Torment: Tides of Numenera,1,0.0003
5417,2027842646,Totally Normal Journey: The Interactive Musical,1,0.0003
5418,1024441064,Tour de France 2017,1,0.0003
5419,418211642,Tour de France 2018,1,0.0003
5420,1723626363,Tour de France 2022 Xbox One,1,0.0003
5421,1702020699,Tourist Bus Simulator,1,0.0003
5422,1752529058,Towa and the Guardians of the Sacred Tree,1,0.0003
5423,1950999790,Towa and the Guardians of the Sacred Tree Demo,1,0.0003
5424,2005516677,Townseek Demo,1,0.0003
5425,1889723336,Townsmen - A Kingdom Rebuilt,1,0.0003
5426,1112934425,Toy Story Mania!,1,0.0003
5427,1913969483,Traffic and Driving Simulator,1,0.0003
5428,2075433959,Training Shooter FPS,1,0.0003
5429,1729848569,Trainz Simulator: World Tour,1,0.0003
5430,1726945595,TRANSFORMERS: Galactic Trials,1,0.0003
5431,1917641293,Treasure Hunter Simulator,1,0.0003
5432,2061866976,Trek to Yomi,1,0.0003
5433,1876827629,Tri6: Infinite,1,0.0003
5434,1619968890,Trickster Euchre,1,0.0003
5435,1706700044,Trident's Tale,1,0.0003
5436,1889526561,Trigger Witch Demo,1,0.0003
5437,1845231868,Trine 2: Complete Story,1,0.0003
5438,1817067023,Trine 5: A Clockwork Conspiracy,1,0.0003
5439,1913216462,Trine Enchanted Edition,1,0.0003
5440,89165390,TRON RUN/r,1,0.0003
5441,1725372773,TRON: Catalyst,1,0.0003
5442,1938279207,Troublemaker: Raise Your Gang,1,0.0003
5443,2142053337,Trüberbrook,1,0.0003
5444,1878739850,Truck Simulator Cargo Driver 2025 - USA,1,0.0003
5445,1887919587,True Fear: Forsaken Souls Part 1,1,0.0003
5446,1841969017,True Fear: Forsaken Souls Part 2 Demo,1,0.0003
5447,1792195884,Trust No One,1,0.0003
5448,1978845859,Tunche,1,0.0003
5449,1824896079,Turbo Overkill Demo,1,0.0003
5450,2035251227,Turnip Boy Commits Tax Evasion,1,0.0003
5451,1944807356,Twelve Minutes,1,0.0003
5452,1654177207,Twins of the Sun,1,0.0003
5453,1762420024,Twitch Marble,1,0.0003
5454,1692546142,Two Point Hospital™,1,0.0003
5455,1952170881,Two Strikes,1,0.0003
5456,1480657763,Ugly Americans: Apocalypsegeddon,1,0.0003
5457,2059671191,Ultimate Racing 2D,1,0.0003
5458,1940948486,Ultimate Trivia,1,0.0003
5459,2010231457,Ultra Foodmess,1,0.0003
5460,2024697473,Under Par Golf Architect Demo,1,0.0003
5461,2034901256,Unholy,1,0.0003
5462,1773120909,Unicorns - The Troll Adventure,1,0.0003
5463,2093604131,Unruly Heroes,1,0.0003
5464,1750002115,Unsolved Case: Murderous Script CE Xbox,1,0.0003
5465,1943095999,Unsolved: Hidden Mystery Games,1,0.0003
5466,1646102559,Unusual Findings,1,0.0003
5467,1683805376,Unwording Demo,1,0.0003
5468,1622119739,Urban Flow,1,0.0003
5469,2099430896,Urban Trial Tricky Deluxe Edition,1,0.0003
5470,1992263643,Urbek City Builder,1,0.0003
5471,1808865750,Vagrus - The Riven Realms Prologue,1,0.0003
5472,1622859130,Valfaris,1,0.0003
5473,1828894151,Valiant Hearts: Coming Home,1,0.0003
5474,944836149,Valkyria Chronicles 4,1,0.0003
5475,678849566,Valkyria Chronicles 4 Demo,1,0.0003
5476,1989137413,Vampire: The Masquerade - Reckoning of New York,1,0.0003
5477,1957172115,Vampire: The Masquerade - Swansong Xbox One,1,0.0003
5478,2079180287,Vanity Fair: The Pursuit,1,0.0003
5479,1824702779,Verlet Swing,1,0.0003
5480,61090031,Victor Vran,1,0.0003
5481,1984810641,Virgo Versus The Zodiac,1,0.0003
5482,1865031496,Virtua Fighter 5 R.E.V.O. World Stage Open Beta Test,1,0.0003
5483,1480657285,Virtual-On OT,1,0.0003
5484,2146464993,Virtual Families 3: Our Country Home,1,0.0003
5485,2018869457,Visions of Mana Demo,1,0.0003
5486,1664766972,Void Gore,1,0.0003
5487,1909746994,Void Source,1,0.0003
5488,2077720820,Void Source (Xbox One),1,0.0003
5489,1704529510,Vzerthos: The Heir of Thunder,1,0.0003
5490,2062577971,"Walden, a game",1,0.0003
5491,2022059922,Walk Around And Do Nothing,1,0.0003
5492,1651691355,Wanted: Dead,1,0.0003
5493,2051276947,War Tech Fighters,1,0.0003
5494,2019508491,Warcraft® III: Reforged,1,0.0003
5495,1769772134,Wargroove 2,1,0.0003
5496,1854170779,"Warhammer 40,000: Space Wolf",1,0.0003
5497,2113105582,Warhammer Age of Sigmar: Realms of Ruin,1,0.0003
5498,1933726959,Warhammer Age of Sigmar: Storm Ground,1,0.0003
5499,1480657703,Warlords,1,0.0003
5500,1830033435,Warm Snow,1,0.0003
5501,2110882357,Warp Bot (Xbox Series),1,0.0003
5502,1990140395,WarriOrb: Prologue Demo,1,0.0003
5503,2065674058,Wavetale,1,0.0003
5504,845430701,We Are The Dwarves,1,0.0003
5505,2026516560,Webbed,1,0.0003
5506,1893886966,West Escape,1,0.0003
5507,2144997626,West of Dead,1,0.0003
5508,1749500759,West of Dead (BETA),1,0.0003
5509,1759874928,Whacking Hell! Demo,1,0.0003
5510,2032711737,What comes after,1,0.0003
5511,1837745362,When the Past was Around,1,0.0003
5512,1758425428,When The Past Was Around Demo,1,0.0003
5513,2069929532,While the Iron's Hot,1,0.0003
5514,2046252470,While We Wait Here,1,0.0003
5515,2082320494,Whiskey Mafia: Leo's Family,1,0.0003
5516,2015730451,Whispike Survivors,1,0.0003
5517,1865192054,White Day 2: The Flower That Tells Lies - Complete Edition,1,0.0003
5518,2060664091,Wild West: New Frontier,1,0.0003
5519,1765418731,WildCross: Dirt Domination,1,0.0003
5520,2141688284,Wildmender,1,0.0003
5521,2072339833,Willy's Wonderland - The Game,1,0.0003
5522,2031627919,Wilmot's Warehouse,1,0.0003
5523,1644270339,Windstorm: Start of a Great Friendship - Remastered,1,0.0003
5524,1731009545,Witch's Pranks: Frog's Fortune - Collectors Edition,1,0.0003
5525,1829649419,Withering Rooms,1,0.0003
5526,1807181865,Wizard with a Gun,1,0.0003
5527,1743460039,Wizordum,1,0.0003
5528,1480657355,Wolfenstein 3D,1,0.0003
5529,1649877246,Woot Woot Game,1,0.0003
5530,322886724,Worbital,1,0.0003
5531,1981961526,Word Quest: Medival,1,0.0003
5532,1705162302,Word Search - Word Puzzle Game,1,0.0003
5533,1689803267,Word Search Challenge,1,0.0003
5534,1740791682,Word Stacker - Word Game 2019,1,0.0003
5535,2144788633,Work from Home,1,0.0003
5536,2060086474,World Geography Trivia Quiz,1,0.0003
5537,2141363036,Worldless,1,0.0003
5538,1708649485,WORLDS Builder: Farm & Craft,1,0.0003
5539,1631055981,Worms Rumble,1,0.0003
5540,2065266620,WoT Modern Armor WFH,1,0.0003
5541,1817743267,WRATH: Aeon of Ruin,1,0.0003
5542,721302698,WRC 5 FIA World Rally Championship – Demo,1,0.0003
5543,1627580896,Wunderling (Demo),1,0.0003
5544,1834362316,WW2 Rebuilder,1,0.0003
5545,998439391,X-Morph: Defense Demo,1,0.0003
5546,2141778943,Xeno Crisis,1,0.0003
5547,247373574,Xenon Racer,1,0.0003
5548,1985336813,XENOTILT: HOSTILE PINBALL ACTION,1,0.0003
5549,2098656486,Yakuza 5 Remastered for Windows 10,1,0.0003
5550,1636871347,Yakuza Kiwami for Windows 10,1,0.0003
5551,601877820,Yesterday Origins,1,0.0003
5552,1681608901,Yooka-Replaylee Demo,1,0.0003
5553,1893821996,Yooperlite (Windows),1,0.0003
5554,575845525,Your Toy,1,0.0003
5555,1639870043,Youtubers Life 2,1,0.0003
5556,2022203558,Yuppie Psycho,1,0.0003
5557,1859395867,Z0mb1es! Remastered,1,0.0003
5558,1753265343,Zero Escape: Zero Time Dilemma,1,0.0003
5559,2064779218,ZERO GUNNER 2-,1,0.0003
5560,1263405122,ZOE HD ,1,0.0003
5561,1797086953,Zombie Derby (Windows),1,0.0003
5562,2069056165,Zombie Survivors XONE Edition,1,0.0003
5563,386160977,Zombie Vikings,1,0.0003
5564,1630662193,Zombieland: Double Tap- Road Trip,1,0.0003
5565,1947126242,Zombies ruined my day,1,0.0003
5566,2129667127,Zombo Buster Advance,1,0.0003
5567,1891811268,Zumba - Marble Zombie Invasion,1,0.0003
