rank,title_id,title,players,percentage
1,267695549,Fortnite,30411,15.125
2,342226876,Roblox - Xbox,30274,15.0569
3,2001700854,Call of Duty®,23668,11.7714
4,1828326430,Minecraft,15681,7.799
5,2106683993,skate.™ (Game Preview),15303,7.611
6,558797228,Rocket League®,11135,5.538
7,926771636,Tom Clancy's Rainbow Six Siege,10163,5.0546
8,1870487792,NBA 2K26 for Xbox Series X|S,9912,4.9298
9,972249091,Grand Theft Auto V (Xbox One),9317,4.6338
10,1924639289,HELLDIVERS™ 2,8505,4.23
11,1778348973,Grand Theft Auto Online (Xbox Series X|S),7286,3.6237
12,1794566092,Minecraft Launcher,7215,3.5884
13,2030093255,Forza Horizon 5,7095,3.5287
14,1653663875,EA SPORTS FC™ 25 Xbox Series X|S,6652,3.3084
15,1794906646,Marvel Rivals,6238,3.1025
16,1928228122,Borderlands®4,6042,3.005
17,1668241504,Hollow Knight: Silksong,5137,2.5549
18,1909324253,EA SPORTS FC™ 26 Xbox Series X|S,4974,2.4738
19,175227487,Apex Legends™,4949,2.4614
20,94618376,Overwatch®,4323,2.1501
21,896928775,Minecraft for Windows,3886,1.9327
22,1631143456,EA SPORTS™ Madden NFL 26,3623,1.8019
23,2118102995,EA SPORTS™ College Football 26,3531,1.7562
24,1758796660,Wobbly Life,3355,1.6686
25,1818602982,RoadCraft,3213,1.598
26,591405932,Red Dead Redemption 2,3126,1.5547
27,102425831,Dead by Daylight,2932,1.4582
28,1993685552,UFC® 5,2710,1.3478
29,1759802069,EA SPORTS™ College Football 25,2585,1.2857
30,1732013402,Grounded 2 (Game Preview),2526,1.2563
31,2059211995,Hollow Knight: Voidheart Edition,2525,1.2558
32,1161890022,Skate 3,2439,1.213
33,964706972,No Man's Sky,2389,1.1882
34,1829869520,Gears of War: Reloaded,2363,1.1752
35,144389848,Destiny 2,2362,1.1748
36,2072546746,Madden NFL 25 Xbox Series X|S,2325,1.1563
37,1144039928,Halo: The Master Chief Collection,2293,1.1404
38,1882096658,EA SPORTS FC™ 25 Xbox One,2237,1.1126
39,2043073184,Halo Infinite,2218,1.1031
40,2076120890,Deep Rock Galactic: Survivor,2193,1.0907
41,1634930870,REMATCH,2039,1.0141
42,1717113201,Sea of Thieves: 2026 Edition,1880,0.935
43,629270283,Gang Beasts,1873,0.9315
44,2073302268,Ready or Not,1829,0.9097
45,950328474,PUBG: BATTLEGROUNDS,1787,0.8888
46,80579825,Call of Duty: Black Ops III,1645,0.8181
47,1794767034,NBA 2K25 for Xbox Series X|S,1639,0.8152
48,1992453063,Among Us,1627,0.8092
49,1096157379,COD: Black Ops II,1624,0.8077
50,777107394,DayZ,1607,0.7992
51,1746894998,Roblox - Windows,1604,0.7978
52,2106872096,Battlefield™ 2042 Xbox Series X|S,1580,0.7858
53,2003727579,Call of Duty®: Modern Warfare® III,1547,0.7694
54,1977690926,Farming Simulator 25,1535,0.7634
55,222473492,Cyberpunk 2077,1526,0.759
56,1198088771,FOR HONOR,1506,0.749
57,687339341,Brawlhalla,1500,0.746
58,1854680102,Delta Force,1494,0.743
59,1680544459,Dying Light: The Beast,1467,0.7296
60,1790216132,Hades,1443,0.7177
61,2139646219,VALORANT,1424,0.7082
62,1766989558,MLB® The Show™ 25,1413,0.7028
63,1953759531,Phasmophobia (Game Preview),1393,0.6928
64,171869406,War Thunder,1383,0.6878
65,2013614379,Fall Guys,1346,0.6694
66,332913499,Fallout 76,1303,0.6481
67,833960563,STAR WARS™ Battlefront™ II,1233,0.6132
68,893395429,Rust Console Edition X|S,1219,0.6063
69,638965135,Descenders,1201,0.5973
70,285358298,Mortal Kombat 11,1155,0.5744
71,1256782258,Fallout 4,1138,0.566
72,1959007243,Call of Duty®: Modern Warfare® II,1113,0.5536
73,1702196563,Frostpunk 2,1100,0.5471
74,2099828114,THE FINALS,1094,0.5441
75,1842668909,Forza Motorsport,1074,0.5342
76,545844082,Call of Duty®: WWII,1055,0.5247
77,1928988061,ARK: Survival Ascended,1049,0.5217
78,374923716,Gears 5,1034,0.5143
79,1482870140,Warframe,1031,0.5128
80,1892245301,ELDEN RING,1027,0.5108
81,1797327516,Palworld,1027,0.5108
82,252034287,The Elder Scrolls V: Skyrim Special Edition,1014,0.5043
83,1669427955,ELDEN RING NIGHTREIGN,980,0.4874
84,207015551,theHunter: Call of the Wild™,973,0.4839
85,85494077,Microsoft Solitaire Collection,947,0.471
86,352040487,Tom Clancy’s The Division 2,938,0.4665
87,1965191913,F1® 24,936,0.4655
88,1855024215,"Warhammer 40,000: Space Marine 2",923,0.4591
89,2105342780,Grounded,888,0.4417
90,1738914043,Assassin's Creed Shadows,874,0.4347
91,1998069249,WWE 2K25 for Xbox Series X|S,867,0.4312
92,2053080068,Genshin Impact,852,0.4237
93,1852068331,EA SPORTS FC™ 26 Xbox One,849,0.4223
94,2010328709,Assassin's Creed® Mirage,846,0.4208
95,1848421257,eFootball™,835,0.4153
96,1479758055,Batman™: Arkham Knight,833,0.4143
97,143716413,Dragon Age™: The Veilguard,790,0.3929
98,321656011,The Sims™ 4,783,0.3894
99,1852502655,EA SPORTS FC™ 24 Xbox Series X|S,773,0.3845
100,2119939858,NHL® 26 Xbox Series X|S,766,0.381
101,1693340366,Hogwarts Legacy,758,0.377
102,1877908426,Tony Hawk's™ Pro Skater™ 3 + 4,755,0.3755
103,1975246356,Baldur's Gate 3,743,0.3695
104,2111829961,Hell Let Loose,743,0.3695
105,1769971395,Clair Obscur: Expedition 33,740,0.368
106,756981192,Borderlands 3,728,0.3621
107,1699459210,DRAGON BALL Sparking! ZERO,701,0.3486
108,1825113946,PowerWash Simulator,695,0.3457
109,1876694512,Madden NFL 25 Xbox One,684,0.3402
110,1646963350,NHL® 25 Xbox Series X|S,681,0.3387
111,1696147865,Zenless Zone Zero,680,0.3382
112,1792830437,Balatro,673,0.3347
113,465979625,UFC® 4,673,0.3347
114,1019460860,DRAGON BALL XENOVERSE 2,666,0.3312
115,306230746,Stardew Valley,659,0.3278
116,983730484,ARK: Survival Evolved,652,0.3243
117,1161890069,FIGHT NIGHT CHAMPION,651,0.3238
118,1096157269,Call of Duty®: Black Ops,650,0.3233
119,491582364,Need for Speed™ Heat,643,0.3198
120,2098741842,EA SPORTS FC™ 24 Xbox One,638,0.3173
121,964818375,Assassin's Creed Odyssey,633,0.3148
122,1985701699,Forza Horizon 4,629,0.3128
123,1728105232,Assassin's Creed Valhalla,608,0.3024
124,346683864,Tom Clancy's Ghost Recon Wildlands,608,0.3024
125,2021110805,Roblox - Not Supported,606,0.3014
126,1790482525,Call of Duty®: Black Ops Cold War - Xbox Series X|S,599,0.2979
127,1965142613,Golf With Your Friends,597,0.2969
128,2079794073,Starfield,597,0.2969
129,1695979902,The Elder Scrolls IV: Oblivion Remastered,597,0.2969
130,2035760753,PAW Patrol World,587,0.2919
131,1878915001,SnowRunner,585,0.291
132,1830948067,EA SPORTS™ PGA TOUR™,583,0.29
133,1646978734,Police Simulator: Patrol Officers,577,0.287
134,1973901376,Diablo® IV,574,0.2855
135,1938834516,State of Decay 2: Juggernaut Edition,574,0.2855
136,783973363,Dead Island 2,566,0.2815
137,1779135141,Riders Republic™,563,0.28
138,1615644955,Microsoft Flight Simulator 2024,552,0.2745
139,283303390,Wreckfest,548,0.2726
140,609700427,Call of Duty®: Modern Warfare®,542,0.2696
141,256364670,Battlefield™ V,538,0.2676
142,1285166951,The Elder Scrolls Online,538,0.2676
143,2054716369,It Takes Two,530,0.2636
144,1730755212,Mortal Kombat™ 1,530,0.2636
145,1857595573,The Crew Motorfest - Xbox Series X|S,526,0.2616
146,837917131,Deep Rock Galactic,525,0.2611
147,1774692913,Goat Simulator 3,523,0.2601
148,1611895213,Disney Dreamlight Valley,522,0.2596
149,830649354,Dying Light,518,0.2576
150,2069980568,The First Descendant,507,0.2522
151,1657391528,NBA 2K25 for Xbox One,504,0.2507
152,2068332202,Abiotic Factor,503,0.2502
153,961090289,Tom Clancy's Ghost Recon Breakpoint,502,0.2497
154,1720309872,Arma Reforger,499,0.2482
155,728655825,Plants vs. Zombies™ Garden Warfare 2,497,0.2472
156,2138304024,Rec Room,492,0.2447
157,623325843,Cuphead,490,0.2437
158,453395486,Ultimate Chicken Horse,483,0.2402
159,840116976,World of Tanks Modern Armor,483,0.2402
160,1386529057,Battlefield™ 1,482,0.2397
161,2008767227,Brotato,482,0.2397
162,1874191487,High On Life,482,0.2397
163,1739375565,Minecraft Dungeons,478,0.2377
164,1997835037,I Am Your Beast,477,0.2372
165,1961305648,Totally Accurate Battle Simulator,476,0.2367
166,834001943,Dying Light 2: Stay Human - Reloaded Edition,475,0.2362
167,1843269941,Chivalry 2,470,0.2338
168,1902585111,DOOM: The Dark Ages,467,0.2323
169,45083076,Injustice™ 2,461,0.2293
170,1484511986,Battlefield 4,456,0.2268
171,447911394,Far Cry® 5,450,0.2238
172,478449077,World of Warships: Legends,448,0.2228
173,1715349030,Asphalt Legends,443,0.2203
174,389597738,Terraria,443,0.2203
175,1805568255,Trailmakers,432,0.2149
176,2068980019,CarX Drift Racing Online,429,0.2134
177,1679027058,Stumble Guys,427,0.2124
178,1894513996,CarX Street,422,0.2099
179,1744726864,Enlisted,422,0.2099
180,792158305,Call of Duty®: Black Ops 4,418,0.2079
181,312881568,Human Fall Flat,418,0.2079
182,1925947069,FARCRY 6,414,0.2059
183,2014590773,Car Mechanic Simulator 2021,413,0.2054
184,1815914144,Grand Theft Auto V Enhanced (PC),413,0.2054
185,1204533074,Borderlands 2,411,0.2044
186,1671990131,MY HERO ULTRA RUMBLE,409,0.2034
187,415619002,Watch Dogs®2,404,0.2009
188,1112737760,Fallout: New Vegas,402,0.1999
189,1971845611,Mount & Blade II: Bannerlord,399,0.1984
190,1297287339,Gears of War 3,397,0.1974
191,552499398,Gears of War 4,397,0.1974
192,1726497855,PGA TOUR 2K25,397,0.1974
193,1997201494,Aliens: Fireteam Elite,396,0.197
194,1667928394,Halo Wars 2,393,0.1955
195,1792227428,Indiana Jones and the Great Circle,392,0.195
196,2053555152,Yu-Gi-Oh! Master Duel,392,0.195
197,1993741445,SMITE 2 (Game Preview),381,0.1895
198,308190374,LEGO® Star Wars™: The Skywalker Saga,378,0.188
199,1616563209,FragPunk,369,0.1835
200,1684061010,SWORN,369,0.1835
201,1712074146,WUCHANG: Fallen Feathers,367,0.1825
202,1730971667,7 Days to Die - Console Edition (Game Preview),364,0.181
203,1701108859,HITMAN 3,361,0.1795
204,2043906033,MX vs ATV Legends,361,0.1795
205,1145574011,Titanfall® 2,358,0.1781
206,1832051520,Crime Scene Cleaner,357,0.1776
207,2128602192,Bluey: The Videogame,356,0.1771
208,1414793202,GTA IV,350,0.1741
209,2143033449,Monster Hunter Wilds,350,0.1741
210,219630713,Halo 5: Guardians,344,0.1711
211,374621264,RESIDENT EVIL 2,343,0.1706
212,72159092,Crash Bandicoot™ N. Sane Trilogy,338,0.1681
213,642156375,Crash™ Team Racing Nitro-Fueled,336,0.1671
214,1850827024,F1® 25,335,0.1666
215,1938832846,STAR WARS Jedi: Survivor™,333,0.1656
216,1651188120,Path of Exile 2 (Game Preview),331,0.1646
217,502034863,Assassin's Creed Origins,329,0.1636
218,1777860928,Microsoft Flight Simulator (2020),329,0.1636
219,1912862912,Sniper Elite: Resistance,329,0.1636
220,1841062643,Hunt: Showdown 1896,327,0.1626
221,1008687929,Mortal Kombat X,321,0.1597
222,504085184,The Crew® 2,319,0.1587
223,2135594829,Jurassic World Evolution 2,316,0.1572
224,1731202267,Need for Speed™ Unbound,311,0.1547
225,2005028938,S.T.A.L.K.E.R. 2: Heart of Chornobyl - Windows Edition,309,0.1537
226,1972007641,Kingdom Come: Deliverance II,305,0.1517
227,2090892978,Farming Simulator 22,304,0.1512
228,2098787950,Age of Empires IV: Anniversary Edition,302,0.1502
229,1719923985,Undisputed,301,0.1497
230,1955966351,Black Myth: Wukong,300,0.1492
231,1946419297,Jump Space (Game Preview),300,0.1492
232,490838306,Fishing Planet,293,0.1457
233,339148107,Insurgency: Sandstorm (Windows),293,0.1457
234,1812294496,Mecha BREAK,292,0.1452
235,1753744295,"Little Kitty, Big City",289,0.1437
236,308654313,Overcooked! 2,288,0.1432
237,1671080157,Minecraft Preview,284,0.1412
238,1852916479,Resident Evil 4,283,0.1408
239,2064168993,Age of Empires II: Definitive Edition,281,0.1398
240,2011136108,Medieval Dynasty,279,0.1388
241,1880561613,Madden NFL 24 Xbox Series X|S,278,0.1383
242,2103516179,The Outlast Trials,271,0.1348
243,869175187,A Way Out,268,0.1333
244,1999941762,Little Nightmares 3 - Demo,268,0.1333
245,2106583887,TEKKEN 8,268,0.1333
246,1976117247,Path of Titans (Game Preview),267,0.1328
247,320504455,Middle-earth™: Shadow of War™,263,0.1308
248,345903534,Minecraft: Xbox One Edition,263,0.1308
249,1297287213,Gears of War 2,260,0.1293
250,1096157387,Modern Warfare® 3,260,0.1293
251,1911508378,RoboCop: Rogue City,259,0.1288
252,1028735742,NARUTO SHIPPUDEN™: Ultimate Ninja® STORM 4,258,0.1283
253,1952300170,Battlefield™ 2042 Xbox One,257,0.1278
254,1695638358,Vampire Survivors,253,0.1258
255,1096157207,Modern Warfare® 2,252,0.1253
256,2075142437,Sonic Racing: CrossWorlds Demo,251,0.1248
257,627891457,Little Nightmares II Enhanced Edition,249,0.1238
258,1770590742,Football Manager 2024 Console,247,0.1228
259,1367952835,Far Cry® 4,246,0.1223
260,1096157212,Call of Duty®: WaW,245,0.1219
261,940594756,World War Z,245,0.1219
262,1994003829,EA SPORTS™ FIFA 23 Standard Edition Xbox One,244,0.1214
263,2132429347,Risk of Rain 2,244,0.1214
264,796798669,Call of Duty®: Infinite Warfare,240,0.1194
265,2032762484,Descenders Next (Game Preview),237,0.1179
266,1889714780,Lords of the Fallen,237,0.1179
267,530462567,The Witcher 3: Wild Hunt – Complete Edition,237,0.1179
268,556718860,Assassin's Creed IV Black Flag,232,0.1154
269,1793309125,WWE 2K24,229,0.1139
270,1925965033,Battlefield™ 6 Open Beta,228,0.1134
271,880031210,NBA LIVE 19,228,0.1134
272,794552001,The Binding of Isaac: Rebirth,228,0.1134
273,2077953041,Clone Drone in the Danger Zone,226,0.1124
274,1749127985,Madden NFL 24 Xbox One,226,0.1124
275,514006173,Batman: Return to Arkham - Arkham City,225,0.1119
276,1480657407,Plants vs. Zombies,225,0.1119
277,1684508835,"Warhammer 40,000: Darktide",224,0.1114
278,1843596190,SPLITGATE: Arena Reloaded,223,0.1109
279,945909358,Subnautica,223,0.1109
280,2042794389,Demon Slayer -Kimetsu no Yaiba- The Hinokami Chronicles 2,222,0.1104
281,1985019983,Crash Bandicoot™ 4: It’s About Time,221,0.1099
282,1751185882,METAL GEAR SOLID Δ: SNAKE EATER,221,0.1099
283,749311689,Plants vs. Zombies: Battle for Neighborville™,221,0.1099
284,165599118,Prominence Poker,220,0.1094
285,2117764661,Diablo III: Reaper of Souls – Ultimate Evil Edition,219,0.1089
286,56347639,Spyro™ Reignited Trilogy,219,0.1089
287,568182861,ASTRONEER,218,0.1084
288,1922695178,PlateUp!,218,0.1084
289,790047319,Sekiro™: Shadows Die Twice - GOTY Edition,217,0.1079
290,422207632,Castle Crashers Remastered,213,0.1059
291,872826607,Vigor,213,0.1059
292,15959542,DRAGON BALL FIGHTERZ (Xbox Series X|S),211,0.1049
293,20391045,Batman: Return to Arkham - Arkham Asylum,210,0.1044
294,1479895282,PAYDAY 2: CRIMEWAVE EDITION,209,0.1039
295,1161890004,Left 4 Dead 2,208,0.1034
296,1714434521,Firefighting Simulator - The Squad,206,0.1025
297,1703229686,Split Fiction,206,0.1025
298,2083870981,Who's Your Daddy?!,206,0.1025
299,1936845110,Cities: Skylines - Remastered,205,0.102
300,1961670808,UFL,205,0.102
301,1873615541,Pool Blitz,203,0.101
302,1134837784,SMITE,203,0.101
303,1711563707,House Flipper,202,0.1005
304,1998461943,Assassin's Creed Unity,200,0.0995
305,1693391830,SpongeBob SquarePants™: The Patrick Star Game,200,0.0995
306,84790147,Watch Dogs®: Legion,200,0.0995
307,1970218801,Dead by Daylight Windows,199,0.099
308,1745661457,Valheim,199,0.099
309,791545701,Goat Simulator,198,0.0985
310,1766088016,Farming Simulator 25 (PC),195,0.097
311,1863849961,Palia,195,0.097
312,1972063516,Sifu,195,0.097
313,1918441274,MONOPOLY PLUS,194,0.0965
314,183968596,UNO™,193,0.096
315,1740172423,Totally Reliable Delivery Service,189,0.094
316,810101074,Dead Cells,188,0.0935
317,831224608,Need for Speed™ Payback,185,0.092
318,1414793259,Red Dead Redemption,185,0.092
319,1041486048,DARK SOULS™ III,184,0.0915
320,739464821,South Park™: The Fractured but Whole™,184,0.0915
321,1877522801,Age of Mythology: Retold,183,0.091
322,148020354,METAL GEAR SOLID V: THE PHANTOM PAIN,182,0.0905
323,1030018025,Halo Wars: Definitive Edition (PC),181,0.09
324,2046562785,Avowed,180,0.0895
325,1879115757,Trackmania®,179,0.089
326,1112737749,Fallout 3,178,0.0885
327,1988609509,PGA TOUR 2K23,178,0.0885
328,1907796436,DREDGE,177,0.088
329,1733257076,Teardown,177,0.088
330,655591242,Far Cry® New Dawn,176,0.0875
331,1631329360,Pixel Strike 3D,176,0.0875
332,366337421,Borderlands: Game of the Year Edition,175,0.087
333,1289871275,Forza Horizon 3,175,0.087
334,1687588412,Street Fighter™ 6,175,0.087
335,2067022016,Call of the Wild: The Angler™,172,0.0855
336,470244957,LEGO Marvel Super Heroes,171,0.085
337,770775860,RESIDENT EVIL 3 for Windows,170,0.0846
338,1864882669,Persona 4 Golden,169,0.0841
339,2108722049,Resident Evil Village,169,0.0841
340,980944365,Need for Speed™,168,0.0836
341,1947812162,WWE 2K25 for Xbox One,167,0.0831
342,1803141715,Football Manager 2024,164,0.0816
343,2067705319,NBA 2K24 for Xbox Series X|S,164,0.0816
344,1682363458,Avatar: Frontiers of Pandora™,163,0.0811
345,401515813,Enter The Gungeon,161,0.0801
346,988203152,Stellaris: Console Edition,161,0.0801
347,2111261461,NBA 2K24 for Xbox One,160,0.0796
348,2054685746,Mass Effect™ Legendary Edition,159,0.0791
349,1997252569,Need for Speed™ Hot Pursuit Remastered,159,0.0791
350,913783821,Shadow of the Tomb Raider,159,0.0791
351,1465674891,Assetto Corsa,158,0.0786
352,331135949,DOOM Eternal (BATTLEMODE),158,0.0786
353,2050929089,DUCKSIDE (Game Preview),157,0.0781
354,2113731956,Disney Speedstorm,156,0.0776
355,1756421327,Teenage Mutant Ninja Turtles: Shredder's Revenge,156,0.0776
356,572802557,Call of Duty®: Ghosts,155,0.0771
357,1192666733,Mafia III,154,0.0766
358,2093153073,Party Animals,153,0.0761
359,608369389,FAR CRY PRIMAL,151,0.0751
360,1880835530,Atomfall,150,0.0746
361,2085228810,EA SPORTS™ WRC,150,0.0746
362,1808064759,FIFA 22 Xbox One,150,0.0746
363,2083429980,Nickelodeon All-Star Brawl 2,150,0.0746
364,921016611,Crossout,147,0.0731
365,1825676269,Digimon Story Time Stranger Demo,147,0.0731
366,1874517142,Retro Classics,147,0.0731
367,2093000869,Slay The Spire,147,0.0731
368,1766089184,GoldenEye 007,146,0.0726
369,1814675537,Grand Theft Auto: San Andreas – The Definitive Edition,145,0.0721
370,680942588,STAR WARS Jedi: Fallen Order™,145,0.0721
371,2097945335,F1® 23,144,0.0716
372,1768081511,Crusader Kings III,142,0.0706
373,1161889811,skate.,141,0.0701
374,1560034050,Assassin's Creed Syndicate,139,0.0691
375,415563833,DiRT Rally 2.0,139,0.0691
376,1922283524,Goat Simulator 3: Xbox One Edition,139,0.0691
377,1837410971,NARAKA: BLADEPOINT,139,0.0691
378,1750701033,Tiny Tina's Wonderlands for Xbox Series X|S,139,0.0691
379,1953745880,Roboquest,137,0.0681
380,1631581287,Cronos: The New Dawn,136,0.0676
381,1013969466,NARUTO TO BORUTO: SHINOBI STRIKER,136,0.0676
382,1999574456,Forza Motorsport 7,135,0.0671
383,625948041,Slime Rancher,135,0.0671
384,125226722,DARK SOULS™: REMASTERED,134,0.0666
385,1931936981,Goat Simulator: Remastered (Windows Edition),134,0.0666
386,956568979,Need for Speed Rivals,133,0.0661
387,1989106096,Sid Meier’s Civilization® VI (Windows PC),133,0.0661
388,2110168941,The Rogue Prince of Persia™,133,0.0661
389,1970734247,NHL® 24 Xbox One,132,0.0657
390,945976112,Rush: A DisneyPixar Adventure,132,0.0657
391,2008403666,Dead Space,131,0.0652
392,1046363979,Rise of the Tomb Raider,131,0.0652
393,1811494560,Demon Slayer -Kimetsu no Yaiba- The Hinokami Chronicles,130,0.0647
394,1789091683,Rain World,130,0.0647
395,618537566,The Outer Worlds,130,0.0647
396,384396065,Unravel Two,130,0.0647
397,1853524575,Mafia: The Old Country,129,0.0642
398,651668093,RESIDENT EVIL 7 biohazard,128,0.0637
399,2080211397,Stardew Valley,128,0.0637
400,1933718863,SUPERHOT: MIND CONTROL DELETE,128,0.0637
401,830718665,DRAGON BALL Z: KAKAROT,127,0.0632
402,860666361,Plants vs. Zombies Garden Warfare,127,0.0632
403,1696697876,NBA 2K26 for Xbox One,126,0.0627
404,2089461712,Expeditions: A MudRunner Game,125,0.0622
405,58472989,Killer Instinct,125,0.0622
406,1414793208,MCLA: Complete,124,0.0617
407,226054795,MONSTER HUNTER: WORLD™,124,0.0617
408,1652862446,Super Mega Baseball™ 4,122,0.0607
409,748474487,Cities: Skylines - Windows 10 Edition,121,0.0602
410,1668430766,Cities: Skylines II - PC Edition,121,0.0602
411,2142027917,Fallout Shelter,121,0.0602
412,1687693597,Assetto Corsa Competizione,120,0.0597
413,1246613109,Borderlands: The Pre-Sequel,120,0.0597
414,367254866,Sleeping Dogs™ Definitive Edition,120,0.0597
415,585771792,WATCH_DOGS™,120,0.0597
416,68553410,Kingdom Come: Deliverance,119,0.0592
417,828985924,Resident Evil 6,119,0.0592
418,2057463803,The Texas Chain Saw Massacre,118,0.0587
419,341687485,3on3 FreeStyle,117,0.0582
420,1846145161,Metaphor: ReFantazio,117,0.0582
421,568218779,Resident Evil 5,116,0.0577
422,1414793242,Bully Scholarship Ed.,114,0.0567
423,2047911802,For The King II,114,0.0567
424,801251286,Stick Fight: The Game,114,0.0567
425,514291876,Assassin's Creed® The Ezio Collection,113,0.0562
426,2097321401,Blue Prince,113,0.0562
427,2154930,Call of Duty®: Modern Warfare® Remastered,113,0.0562
428,1935604508,Train Sim World® 5: Free Starter Pack,113,0.0562
429,666757656,Rayman Legends,112,0.0557
430,265691378,STEEP,112,0.0557
431,1037514907,Burnout™ Paradise Remastered,108,0.0537
432,1663711933,FINAL FANTASY XVI,108,0.0537
433,1464993751,LEGO Batman,108,0.0537
434,1795379754,The Walking Dead: The Complete First Season,108,0.0537
435,1799887933,The Witcher 3: Wild Hunt,108,0.0537
436,2142076307,Anno 1800™,107,0.0532
437,1700051314,Deceit 2,106,0.0527
438,247546985,Destiny,105,0.0522
439,1297287125,Gears of War,105,0.0522
440,2079828144,Holdfast: Nations At War,105,0.0522
441,1655054632,My Friendly Neighborhood,105,0.0522
442,1633340711,Spray Paint Simulator,105,0.0522
443,826545257,Tomb Raider: Definitive Edition,105,0.0522
444,1715766926,New World: Aeternum,104,0.0517
445,1880727250,Unpacking,104,0.0517
446,859011533,Assassin's Creed® III Remastered,103,0.0512
447,1927102516,Herdling,103,0.0512
448,34441781,Saints Row The Third Remastered,103,0.0512
449,2058683262,Teenage Mutant Ninja Turtles: Mutants Unleashed,103,0.0512
450,1852580050,Barbie Project Friendship™,102,0.0507
451,875417719,Call of Duty®: Advanced Warfare,102,0.0507
452,1852853299,Call of Duty®: WWII (Windows),102,0.0507
453,245236582,Celeste,102,0.0507
454,1865076226,MLB® The Show™ 24 Xbox One,102,0.0507
455,2053707080,NINJA GAIDEN 2 Black,102,0.0507
456,1681220621,STAR WARS™ Battlefront™,102,0.0507
457,1175562227,Just Cause 3,101,0.0502
458,1994868821,Predecessor,101,0.0502
459,1660320477,Undertale,101,0.0502
460,1653442250,ROUNDS,100,0.0497
461,1674901200,Inscryption,99,0.0492
462,1045960524,Metro Exodus,98,0.0487
463,2042908226,Rugby League 26,98,0.0487
464,1414596604,Saints Row 2,98,0.0487
465,2081484036,Superliminal,98,0.0487
466,1929807318,Call of Duty®: Vanguard - Xbox Series X|S,97,0.0482
467,2143306487,NBA 2K23 for Xbox One,97,0.0482
468,1946484624,Session: Skate Sim,97,0.0482
469,2004071321,Black Desert - XBOX Series X|S Upgrade Install Pack,96,0.0477
470,1962619691,Cataclismo,96,0.0477
471,1916758859,Donut County,96,0.0477
472,1669281297,War Robots: Frontiers,96,0.0477
473,2013541297,"Warhammer 40,000: Space Marine - Master Crafted Edition",96,0.0477
474,1682965706,Another Crab's Treasure,95,0.0472
475,1414793189,Civilization Revolution,95,0.0472
476,2128853757,Cricket 24,95,0.0472
477,927474846,Firewatch,95,0.0472
478,850118036,Generation Zero®,95,0.0472
479,939455454,resident evil 4 (2005),95,0.0472
480,1915656928,Baki Hanma: Blood Arena Demo,94,0.0468
481,1000604311,Resident Evil Revelations 2 (Episode One),94,0.0468
482,2120287235,Truck World: Australia - First Haul,93,0.0463
483,1981403899,Wolfenstein: The New Order,93,0.0463
484,2038330799,Aimlabs,92,0.0458
485,1720075101,Mafia: Definitive Edition for XBOX One,92,0.0458
486,531437752,Rogue Company,92,0.0458
487,645502086,The Four Kings Casino and Slots,92,0.0458
488,2021412862,Raft,91,0.0453
489,724369121,Saints Row,91,0.0453
490,482947130,Clicker Heroes,90,0.0448
491,813411968,LEGO® Marvel Super Heroes 2,90,0.0448
492,1676173709,Wizard101,90,0.0448
493,1928512137,FBC: Firebreak,89,0.0443
494,1855426799,FINAL FANTASY XIV Online,89,0.0443
495,2102232082,Heretic + Hexen,89,0.0443
496,1540549950,DARK SOULS™ II: Scholar of the First Sin,88,0.0438
497,2041142160,Maximum Football,88,0.0438
498,1708767297,Ryse: Son of Rome,88,0.0438
499,1801842805,Throne and Liberty,88,0.0438
500,300763685,ACE COMBAT™ 7: SKIES UNKNOWN,87,0.0433
501,199746733,Conan Exiles,87,0.0433
502,964214247,Saints Row IV: Re-Elected,87,0.0433
503,1704490079,South of Midnight,87,0.0433
504,995095203,Warface: Clutch,87,0.0433
505,767263759,Rock Band 4,86,0.0428
506,407534069,Neverwinter,85,0.0423
507,597771444,Gems of War,84,0.0418
508,640703885,LEGO® Marvel's Avengers,84,0.0418
509,1964043658,Mafia II: Definitive Edition,84,0.0418
510,1813085990,Road 96,84,0.0418
511,1619985048,Deadside,83,0.0413
512,446059611,Forza Horizon 2,83,0.0413
513,2119739112,Monster Train 2,83,0.0413
514,682404126,Paladins,83,0.0413
515,1065708874,Skull and Bones,83,0.0413
516,74304278,Tom Clancy’s The Division,83,0.0413
517,2041941014,Diablo® II: Resurrected™,82,0.0408
518,1012216522,Just Cause 4,82,0.0408
519,1684896411,Off The Grid (Game Preview),82,0.0408
520,848717329,Peggle 2,82,0.0408
521,108727346,Suicide Squad: Kill the Justice League,82,0.0408
522,2071676002,EA SPORTS™ FIFA 23 Standard Edition Xbox Series X|S,81,0.0403
523,1819998160,LEGO® Voyagers,81,0.0403
524,1414793323,Max Payne 3,81,0.0403
525,1639060910,Minecraft Legends - Windows,81,0.0403
526,2041731932,Cult of the Lamb,80,0.0398
527,1623704813,DEATH STRANDING DIRECTOR'S CUT,80,0.0398
528,976905576,Dragon Age™: Inquisition,80,0.0398
529,1771989345,Lightyear Frontier (Game Preview),80,0.0398
530,256913032,TEKKEN 7,80,0.0398
531,836165876,The Ascent,80,0.0398
532,5433956,Dead Island Definitive Edition,79,0.0393
533,1475571605,Gears of War: Ultimate Edition,79,0.0393
534,868192693,Gotham Knights,79,0.0393
535,1464993815,LEGO® Batman™ 2,79,0.0393
536,2019267377,Madden NFL 23 Xbox One,79,0.0393
537,1777116945,Moving Out 2,79,0.0393
538,1700516900,NINJA GAIDEN 3: Razor's Edge,79,0.0393
539,2019012309,Star Wars Outlaws,79,0.0393
540,2125557798,Still Wakes the Deep,79,0.0393
541,1327376519,DOOM,78,0.0388
542,1714795112,DOOM + DOOM II,78,0.0388
543,244291844,Far Cry 3 Classic Edition,78,0.0388
544,1835926818,Hellblade II: Senua's Saga,78,0.0388
545,1279330263,LEGO Star Wars: TCS,78,0.0388
546,2132785815,Wolfenstein® II: The New Colossus™,78,0.0388
547,1297287718,Gears of War: Judgment,77,0.0383
548,1880089265,Guilty Gear -Strive-,77,0.0383
549,346797032,MX vs ATV All Out,77,0.0383
550,2065981028,Rooftops & Alleys: The Parkour Game,77,0.0383
551,144439061,The Evil Within,77,0.0383
552,1611051325,Grand Theft Auto: Vice City – The Definitive Edition,76,0.0378
553,2128546794,NARUTO X BORUTO Ultimate Ninja STORM CONNECTIONS,76,0.0378
554,1814244511,Nine Sols,76,0.0378
555,290870045,SpeedRunners,76,0.0378
556,1793764669,Zombie Army 4: Dead War,76,0.0378
557,1753087315,Fallout 76 (PC),75,0.0373
558,2039473401,NINJA GAIDEN Σ,75,0.0373
559,1903313113,Orcs Must Die! Deathtrap,75,0.0373
560,210179407,Back 4 Blood,74,0.0368
561,1989637637,Cooking Simulator,74,0.0368
562,2043859430,Revenge of the Savage Planet,74,0.0368
563,2141212892,33 Immortals,73,0.0363
564,1694054782,Forza Motorsport 6,73,0.0363
565,25952469,Kingdom Two Crowns,73,0.0363
566,1480657033,Peggle,73,0.0363
567,1694250070,Super Animal Royale,73,0.0363
568,1984504844,Bleach: Brave Souls Anime Game,72,0.0358
569,1297287382,Fable III,72,0.0358
570,2063170939,Frostpunk: Console Edition,72,0.0358
571,1654542558,Hotline Miami,72,0.0358
572,423941531,LEGO® Harry Potter™ Collection,72,0.0358
573,1693050229,Madden NFL 22 Xbox One,72,0.0358
574,1659804324,Ori and the Will of the Wisps,72,0.0358
575,1705990324,Space Engineers,72,0.0358
576,1816197116,Wheel World,72,0.0358
577,1691448998,Farm Together 2,71,0.0353
578,1962559957,KINGDOM HEARTS - HD 1.5+2.5 ReMIX -,71,0.0353
579,1251455286,Metro 2033 Redux,71,0.0353
580,2029805012,MultiVersus,71,0.0353
581,1161890070,Alice: Madness Returns,70,0.0348
582,1863593626,Blacksmith Master (Game Preview),70,0.0348
583,572268056,Little Nightmares,70,0.0348
584,1931947471,Persona 5 Royal,70,0.0348
585,33936946,Zoo Tycoon: Ultimate Animal Collection,70,0.0348
586,1754564226,Atlas Fallen: Reign of Sand (Windows),69,0.0343
587,1955542194,Grand Theft Auto III – The Definitive Edition,69,0.0343
588,819720203,JUMP FORCE,68,0.0338
589,1096157158,Modern Warfare®,68,0.0338
590,2024220276,Phantasy Star Online 2 New Genesis,68,0.0338
591,1779788068,9 Kings (Game Preview),67,0.0333
592,1480657521,Doritos Crash Course,67,0.0333
593,1725517447,House Flipper 2,67,0.0333
594,1882357148,Lonely Mountains: Snow Riders,67,0.0333
595,196423588,Outlast,67,0.0333
596,1848367053,Star Trucker,67,0.0333
597,301917535,Battlefield™ Hardline,66,0.0328
598,975846135,LEGO® DC Super-Villains,66,0.0328
599,1703086168,Microsoft Sudoku,66,0.0328
600,885488152,INSIDE,65,0.0323
601,2071061510,Lies of P,65,0.0323
602,1754663581,MULLET MADJACK,65,0.0323
603,1480659458,Sonic Adventure™ 2 ,65,0.0323
604,2030027058,Wartales,65,0.0323
605,196631666,EA SPORTS™ FIFA 20,64,0.0318
606,1719118099,Manor Lords (Game Preview),64,0.0318
607,1908796053,NASCAR Heat 5,64,0.0318
608,2040766801,Test Drive Unlimited Solar Crown,64,0.0318
609,1910114469,Deadzone: Rogue,63,0.0313
610,1911932812,DIRT 5,63,0.0313
611,1876744786,Killing Floor 3,63,0.0313
612,101393300,LEGO® Batman™ 3: Beyond Gotham,63,0.0313
613,398011207,LIMBO,63,0.0313
614,2029730324,Mad Max,63,0.0313
615,2119541613,Paint the Town Red,63,0.0313
616,1645572933,Starlit Kart Racing,63,0.0313
617,2051131113,TopSpin 2K25,63,0.0313
618,1297287815,Fable Anniversary,62,0.0308
619,1029888556,LEGO® Jurassic World™,62,0.0308
620,504827243,Life Is Strange,62,0.0308
621,862712929,Star Trek Online,62,0.0308
622,759485819,The Escapists 2,62,0.0308
623,1621683201,Dragon's Dogma 2,61,0.0303
624,1297287153,Fable II,61,0.0303
625,1777668222,GRID Legends,61,0.0303
626,1803631176,MechWarrior 5: Mercenaries,61,0.0303
627,1263405066,METAL GEAR RISING: REVENGEANCE,61,0.0303
628,1735182051,SONIC X SHADOW GENERATIONS,61,0.0303
629,895890707,ULTIMATE MARVEL VS. CAPCOM 3,61,0.0303
630,367004125,BioShock Remastered,60,0.0298
631,59903186,Call of Duty®: Modern Warfare® 2 Campaign Remastered,60,0.0298
632,1712655251,Garten of Banban 1,60,0.0298
633,867642949,LEGO® Worlds,60,0.0298
634,1720633196,Minecraft Dungeons for Windows,60,0.0298
635,1938336894,Sledders,60,0.0298
636,591371027,Trove,60,0.0298
637,1846016063,"Warhammer 40,000: Rogue Trader",60,0.0298
638,1715865995,Back to the Dawn,59,0.0293
639,1616046491,Gears Tactics - Base Game,59,0.0293
640,2101636955,Grand Theft Auto V Legacy (PC),59,0.0293
641,1973635123,Mad Streets,59,0.0293
642,1777477395,MLB® The Show™ 21 Xbox Series X | S,59,0.0293
643,1809107273,NHL® 24 Xbox Series X|S,59,0.0293
644,1947019474,ScootX,59,0.0293
645,1112934455,Star Wars Battlefront II,59,0.0293
646,2042287543,Aliens: Dark Descent,58,0.0288
647,1414793340,Borderlands 2,58,0.0288
648,1161889999,Dante's Inferno™,58,0.0288
649,433376346,FIFA 18,58,0.0288
650,5117102,HITMAN™ 2,58,0.0288
651,1713510228,RIDE 5,58,0.0288
652,583749034,SOULCALIBUR VI,58,0.0288
653,791051466,Disneyland Adventures,57,0.0283
654,69094388,EA SPORTS™ FIFA 17,57,0.0283
655,136002788,Farming Simulator 19,57,0.0283
656,93105265,Friday the 13th: The Game,57,0.0283
657,2130574527,Matchpoint - Tennis Championships,57,0.0283
658,1882004205,Neon Abyss,57,0.0283
659,1985144601,Stranded Deep,57,0.0283
660,690285705,The Long Dark,57,0.0283
661,278981929,[PROTOTYPE®],56,0.0279
662,924775200,Devil May Cry 5,56,0.0279
663,2072176568,Pinball FX,56,0.0279
664,2112462799,Sengoku Dynasty,56,0.0279
665,1767703473,Tony Hawk's™ Pro Skater™ 1 + 2,56,0.0279
666,1822990481,BLEACH Rebirth of Souls,55,0.0274
667,1867652631,Firefighting Simulator: Ignite,55,0.0274
668,2067126551,Forza Motorsport 5,55,0.0274
669,357858858,KINGDOM HEARTS Ⅲ,55,0.0274
670,1848088335,Subnautica: Below Zero,55,0.0274
671,1706610063,The Alters,55,0.0274
672,1431505078,Tom Clancy’s Splinter Cell® Blacklist™,55,0.0274
673,1644006979,ENDLESS Legend™ 2,54,0.0269
674,2146688994,Fallout 4 (PC),54,0.0269
675,1590411380,Mass Effect™: Andromeda,54,0.0269
676,1161890066,Portal 2,54,0.0269
677,1790537707,Core Keeper,53,0.0264
678,527255540,Dishonored 2,53,0.0264
679,1824138520,Mirror's Edge™ Catalyst,53,0.0264
680,1805770178,PAW Patrol Mighty Pups Save Adventure Bay,53,0.0264
681,804980065,Sea of Thieves Insider,53,0.0264
682,2070375454,SYNDUALITY Echo of Ada,53,0.0264
683,2030752353,The Binding of Isaac: Repentance,53,0.0264
684,170773198,The Evil Within® 2,53,0.0264
685,119262432,The Jackbox Party Pack 3,53,0.0264
686,1265757851,Trials Fusion,53,0.0264
687,1161890128,Battlefield 3™,52,0.0259
688,1161889984,Dragon Age: Origins,52,0.0259
689,1761289795,FIFA 21 Xbox One,52,0.0259
690,2132291580,NBA 2K22 for Xbox One,52,0.0259
691,1579532320,Sunset Overdrive,52,0.0259
692,954605110,Assassin’s Creed® Rogue Remastered,51,0.0254
693,1161890205,Dead Space™ 3,51,0.0254
694,1715352825,Five Nights at Freddy's 2,51,0.0254
695,1949704395,Green Hell Xbox Series X|S,51,0.0254
696,1480659550,Joy Ride Turbo,51,0.0254
697,2081060870,Maneater,51,0.0254
698,1480657103,Metal Slug 3,51,0.0254
699,1747676401,Planet Coaster 2,51,0.0254
700,1667881927,Redfall,51,0.0254
701,1830825388,SILENT HILL f,51,0.0254
702,1397033053,Sonic & All-Stars Racing Transformed,51,0.0254
703,1414793400,Grand Theft Auto: San Andreas,50,0.0249
704,964019698,Immortals Fenyx Rising™,50,0.0249
705,1799885509,Labyrinthine - Console Edition,50,0.0249
706,2103789015,Monster Hunter Rise,50,0.0249
707,1893542225,PIPE by BMX Streets,50,0.0249
708,2089483628,A Plague Tale: Requiem,49,0.0244
709,1480657236,Banjo-Kazooie,49,0.0244
710,1906143168,Crusader Kings III,49,0.0244
711,2111887267,Sonic Racing: CrossWorlds,49,0.0244
712,847310458,South Park™: The Stick of Truth ™,49,0.0244
713,1941663847,Starship Troopers: Extermination,49,0.0244
714,1297287259,Halo: Reach,48,0.0239
715,559544937,Ori and the Blind Forest: Definitive Edition,48,0.0239
716,1833883015,Rust Console Edition X|S - Public Test Branch,48,0.0239
717,1480659422,The Walking Dead,48,0.0239
718,1678459920,Towerborne,48,0.0239
719,1112934373,Toy Story 3,48,0.0239
720,1976275779,ARMORED CORE™ VI FIRES OF RUBICON™,47,0.0234
721,1884079219,Slime Rancher 2,47,0.0234
722,1737329553,Total War: Warhammer III (Old Version),47,0.0234
723,1007715169,Warhammer: Vermintide 2,47,0.0234
724,1161889784,Army of Two™,46,0.0229
725,1724847740,Dead Island 2 (Windows),46,0.0229
726,2084133512,Forza Horizon 4 Demo,46,0.0229
727,605932637,Hello Neighbor,46,0.0229
728,1613480279,NBA 2K20,46,0.0229
729,1670311038,Persona 3 Reload,46,0.0229
730,1935747145,Prototype®2,46,0.0229
731,884612576,Sonic Mania,46,0.0229
732,31939361,The Walking Dead: The Final Season,46,0.0229
733,2021058326,Way of the Hunter,46,0.0229
734,2083780130,Against the Storm,45,0.0224
735,1693830737,Alan Wake 2,45,0.0224
736,1632796682,DC Universe Online for Xbox Series X|S,45,0.0224
737,1855217179,Golf With Your Friends (Windows Version),45,0.0224
738,286851285,LEGO Marvel Super Heroes Demo,45,0.0224
739,2030792699,PGA TOUR 2K21,45,0.0224
740,1785898011,Sid Meier’s Civilization® VII,45,0.0224
741,2012953823,WWE 2K22 for Xbox One,45,0.0224
742,1480657456,BattleBlock Theater,44,0.0219
743,1100121502,Dishonored® Definitive Edition,44,0.0219
744,1033937373,Don't Starve Together: Console Edition,44,0.0219
745,2136041956,DOOM 64,44,0.0219
746,1297287625,Forza Horizon,44,0.0219
747,504518218,L.A. Noire,44,0.0219
748,1009393042,Middle-earth™: Shadow of Mordor™ - Game of the Year Edition,44,0.0219
749,1616307670,PAYDAY 3,44,0.0219
750,1995576035,Remnant II® - Standard Edition,44,0.0219
751,1997535850,SpiderHeck,44,0.0219
752,1811697311,World War Z,44,0.0219
753,821136798,DC Universe Online for Xbox One,43,0.0214
754,2109344129,FINAL FANTASY XV WINDOWS EDITION,43,0.0214
755,1940322572,Five Nights at Freddy's,43,0.0214
756,1464993833,Injustice: Gods Among Us,43,0.0214
757,1112934402,LEGO Pirates of the Caribbean: The Video Game,43,0.0214
758,148078765,Madden NFL 20,43,0.0214
759,1649097896,SnowRunner - Windows,43,0.0214
760,1480659414,Bejeweled 3,42,0.0209
761,1161889896,BLACK™,42,0.0209
762,1794039305,Coral Island,42,0.0209
763,1790217657,Five Nights at Freddy's 4,42,0.0209
764,1860089403,Ghostwire: Tokyo,42,0.0209
765,1022544763,HITMAN™,42,0.0209
766,217258585,Killing Floor 2,42,0.0209
767,2098944426,MXGP 2021 - The Official Motocross Videogame,42,0.0209
768,903593533,Path of Exile,42,0.0209
769,515050978,Rare Replay,42,0.0209
770,1955054478,Smalland: Survive the Wilds,42,0.0209
771,212680242,DEAD OR ALIVE 6: Core Fighters,41,0.0204
772,1161889840,Left 4 Dead,41,0.0204
773,102287491,Marvel's Avengers Definitive Edition,41,0.0204
774,87350449,NieR:Automata™ BECOME AS GODS Edition,41,0.0204
775,333628240,Quantum Break,41,0.0204
776,1397032978,SONIC UNLEASHED,41,0.0204
777,852732437,State of Decay: Year-One,41,0.0204
778,1682965190,Stray,41,0.0204
779,1128466428,SUPER STREETFIGHTER IV ARCADE EDITION,41,0.0204
780,1431504852,Assassin's Creed,40,0.0199
781,2003863742,Microsoft Jigsaw,40,0.0199
782,1718697574,OCTOPATH TRAVELER,40,0.0199
783,1861545287,Tainted Grail: The Fall of Avalon,40,0.0199
784,2109806164,World of Outlaws: Dirt Racing 24,40,0.0199
785,1115757811,Alien: Isolation,39,0.0194
786,528369592,Devil May Cry HD Collection,39,0.0194
787,2035456122,Grand Theft Auto VI,39,0.0194
788,530599647,Homefront®: The Revolution,39,0.0194
789,511110146,Metro: Last Light Redux,39,0.0194
790,2029650168,Overthrown,39,0.0194
791,1263405125,Silent Hill:  HD Collection,39,0.0194
792,1159891781,Wolfenstein: The Old Blood,39,0.0194
793,1756919443,WWE 2K23 for Xbox One,39,0.0194
794,699731308,BioShock Infinite: The Complete Edition,38,0.0189
795,1414793191,Borderlands,38,0.0189
796,2093066399,Carrion,38,0.0189
797,1777438490,Devil May Cry 5 Special Edition,38,0.0189
798,2110974782,MARVEL vs. CAPCOM Fighting Collection: Arcade Classics,38,0.0189
799,2113515818,MLB® The Show™ 23 Xbox Series X|S,38,0.0189
800,1864659895,Sniper Ghost Warrior Contracts 2,38,0.0189
801,1161890157,SSX,38,0.0189
802,1688839217,The Elder Scrolls V: Skyrim Special Edition (PC),38,0.0189
803,1827287476,World of Outlaws: Dirt Racing,38,0.0189
804,2024046503,60 Seconds! Reatomized,37,0.0184
805,722006140,EA SPORTS™ UFC® 3,37,0.0184
806,935319545,FIFA 19,37,0.0184
807,1884682689,Five Nights at Freddy's: Security Breach,37,0.0184
808,1279330291,LEGO Star Wars III ,37,0.0184
809,1970109802,Madden NFL 21 Xbox One,37,0.0184
810,1904044383,Minecraft Preview for Windows,37,0.0184
811,2014650813,Minecraft: Story Mode - Episode 1: The Order of the Stone,37,0.0184
812,2086200115,OCTOPATH TRAVELER II,37,0.0184
813,907086072,Prey,37,0.0184
814,1414596717,Saints Row®: The Third™ ,37,0.0184
815,1874376911,Splitgate,37,0.0184
816,951560105,Control,36,0.0179
817,1935688591,Daemon X Machina: Titanic Scion,36,0.0179
818,1736409202,DEEEER Simulator: Your Average Everyday Deer Game,36,0.0179
819,2103079736,Hamster Playground,36,0.0179
820,859843286,Hellblade: Senua's Sacrifice,36,0.0179
821,2123297300,JoJo's Bizarre Adventure: All-Star Battle R,36,0.0179
822,668438210,LEGO® CITY Undercover,36,0.0179
823,1653696130,Microsoft Mahjong,36,0.0179
824,1900564739,New Super Lucky's Tale,36,0.0179
825,1278031123,Resident Evil,36,0.0179
826,1903138273,Sonic Frontiers,36,0.0179
827,1397033032,Sonic Generations,36,0.0179
828,2139967680,Sonic Racing: CrossWorlds – Open Network Test,36,0.0179
829,1618827907,Starbound,36,0.0179
830,1313671257,TEKKEN TAG TOURNAMENT 2,36,0.0179
831,231674300,The Walking Dead: Season Two,36,0.0179
832,1707142453,WWE 2K23 for Xbox Series X|S,36,0.0179
833,49709880,Anthem™,35,0.0174
834,760882151,CRSED: F.O.A.D.,35,0.0174
835,2068802336,Drift Legends 2,35,0.0174
836,282062756,The Walking Dead: A New Frontier - Episode 1,35,0.0174
837,2030524086,As Dusk Falls,34,0.0169
838,1983212679,Bloons TD 6,34,0.0169
839,1747946954,Construction Simulator,34,0.0169
840,1781344339,Control Ultimate Edition - Xbox Series X|S,34,0.0169
841,824378203,Crackdown 3: Campaign,34,0.0169
842,1970836204,Hotline Miami 2: Wrong Number,34,0.0169
843,693381002,LEGO® The Incredibles,34,0.0169
844,2055522726,Madden NFL 23 Xbox Series X|S,34,0.0169
845,2016521636,Military Logistics Simulator Demo,34,0.0169
846,2107898177,NBA 2K21,34,0.0169
847,1776537169,NINJA GAIDEN Σ2,34,0.0169
848,1957310205,Streets of Rage 4,34,0.0169
849,409741425,Worms W.M.D,34,0.0169
850,1886146911,Yet Another Zombie Survivors,34,0.0169
851,1397033002,Aliens vs Predator,33,0.0164
852,909545209,Ashen,33,0.0164
853,996030243,BioShock 2 Remastered,33,0.0164
854,1690468494,DEATHLOOP,33,0.0164
855,1692871917,Frozen Free Fall: Snowball Fight,33,0.0164
856,1993022209,Hi-Fi RUSH,33,0.0164
857,1302301894,Powerstar Golf,33,0.0164
858,1726756158,Spiritfarer®: Farewell Edition,33,0.0164
859,1431504903,TC's RainbowSix Vegas2,33,0.0164
860,309834943,Wheel Of Fortune®,33,0.0164
861,60633334,7 Days to Die,32,0.0159
862,1850945804,Age of Empires III: Definitive Edition,32,0.0159
863,8769689,Ancestors: The Humankind Odyssey,32,0.0159
864,427070178,FINAL FANTASY X/X-2 HD Remaster,32,0.0159
865,1297287142,Halo 3,32,0.0159
866,2081039845,Lost in Random: The Eternal Die,32,0.0159
867,521893123,ONE PIECE World Seeker,32,0.0159
868,2106204901,ONE PIECE: PIRATE WARRIORS 4(Xbox One),32,0.0159
869,2090474684,Poppy Playtime: Chapter 1,32,0.0159
870,1431505028,Rayman® Origins,32,0.0159
871,1414596561,Saints Row,32,0.0159
872,1931911684,Shredders,32,0.0159
873,548623535,SpongeBob SquarePants: Battle for Bikini Bottom - Rehydrated,32,0.0159
874,1945435013,TRIVIAL PURSUIT Live! 2,32,0.0159
875,551688870,XCOM® 2,32,0.0159
876,2140283055,Baldur's Gate and Baldur's Gate II: Enhanced Editions,31,0.0154
877,1812456871,Battletoads,31,0.0154
878,1161889989,Brütal Legend,31,0.0154
879,907587004,Dead Island: Riptide Definitive Edition,31,0.0154
880,1646597747,Dead Reset Demo,31,0.0154
881,1161889879,Dead Space™,31,0.0154
882,1161890015,Dead Space™ 2,31,0.0154
883,1955779192,MechWarrior 5: Clans,31,0.0154
884,856376259,NBA 2K19,31,0.0154
885,1799461557,NBA 2K23 for Xbox Series X|S,31,0.0154
886,2052095073,Ravenswatch,31,0.0154
887,1928322650,Snooker Blitz,31,0.0154
888,2051503466,The Callisto Protocol,31,0.0154
889,2104181770,The First Berserker: Khazan,31,0.0154
890,1161889782, Medal of Honor Airborne,30,0.0149
891,1755599316,Age of Empires Definitive Edition,30,0.0149
892,1792749432,Alan Wake Remastered,30,0.0149
893,1890581353,Blasphemous,30,0.0149
894,1963141187,Crypt Custodian,30,0.0149
895,1957968654,Destroy All Humans! - Clone Carnage,30,0.0149
896,1867148258,eFootball PES 2021 SEASON UPDATE,30,0.0149
897,1297287254,Fuzion Frenzy®,30,0.0149
898,1984680366,Medieval Dynasty (Xbox One),30,0.0149
899,105831487,NARUTO SHIPPUDEN™: Ultimate Ninja® STORM 3 Full Burst,30,0.0149
900,2006710939,Skater XL,30,0.0149
901,1740860919,Sniper Ghost Warrior Contracts,30,0.0149
902,1480657445,Sonic Adventure,30,0.0149
903,1785174857,Spelunky 2,30,0.0149
904,871098991,STAR WARS™: Squadrons,30,0.0149
905,2000011414,Starlit Adventures,30,0.0149
906,1788169756,Taxi Life: A City Driving Simulator,30,0.0149
907,1865197952,Boomerang Fu,29,0.0144
908,386788672,Cars 3: Driven to Win,29,0.0144
909,1297287132,Crackdown,29,0.0144
910,1267471686,DEAD OR ALIVE 5 Last Round: Core Fighters,29,0.0144
911,2096821037,DOOM 3,29,0.0144
912,607966981,FINAL FANTASY VII,29,0.0144
913,1688832803,Monster Energy Supercross - The Official Videogame 6,29,0.0144
914,1615991113,New MONOPOLY®,29,0.0144
915,1762703770,The Lord of the Rings: Return to Moria™,29,0.0144
916,1843694822,The Quarry for Xbox Series X|S,29,0.0144
917,1480657242,Trials HD,29,0.0144
918,659391373,WWE 2K16,29,0.0144
919,274976276,ARCADE GAME SERIES: PAC-MAN,28,0.0139
920,1096157153,Call of Duty® 3,28,0.0139
921,1089570315,Devil May Cry 4 Special Edition,28,0.0139
922,1480657258,Hydro Thunder,28,0.0139
923,2043794712,Kingdoms and Castles,28,0.0139
924,506903100,Madden NFL 18,28,0.0139
925,534004979,Microsoft Ultimate Word Games,28,0.0139
926,1906370210,Minecraft: Java Edition,28,0.0139
927,971220532,NBA 2K Playgrounds 2,28,0.0139
928,1986349001,NHL® 23 Xbox One,28,0.0139
929,1902591469,Outward: Definitive Edition,28,0.0139
930,1871994086,Planet Zoo: Console Edition,28,0.0139
931,2098462228,The Jackbox Party Pack 7,28,0.0139
932,1479999542,Unravel,28,0.0139
933,2012594000,US Conflict — Tank Battles,28,0.0139
934,972461615,Battle Islands,27,0.0134
935,1096157137,Call of Duty® 2,27,0.0134
936,1782579390,DPS Idle,27,0.0134
937,439107693,Dungeon Defenders II,27,0.0134
938,1847979820,FIFA 22 Xbox Series X|S,27,0.0134
939,1840565677,Island Saver,27,0.0134
940,1716785936,Jusant,27,0.0134
941,575414105,Life is Strange 2 - Episode 1,27,0.0134
942,1923279922,Marvel's Guardians of the Galaxy,27,0.0134
943,650249872,Metal Gear Solid V: Ground Zeroes,27,0.0134
944,1919875042,MLB® The Show™ 22 Xbox Series X | S,27,0.0134
945,1414596731,MX vs. ATV Alive,27,0.0134
946,2036125374,Neon White,27,0.0134
947,1698508835,PGA TOUR 2K25 First Look,27,0.0134
948,1606375163,Pinball FX3,27,0.0134
949,1819798709,Tetris® Effect: Connected,27,0.0134
950,1910952414,TRIALS of MANA,27,0.0134
951,2047601430,Truck and Logistics Simulator,27,0.0134
952,2085652095,VOID/BREAKER (Game Preview),27,0.0134
953,974586226,We Happy Few,27,0.0134
954,1995157831,Wildfrost,27,0.0134
955,1803165746,Yet Another Zombie Survivors Demo,27,0.0134
956,1480656879,Zuma,27,0.0134
957,1431505090,Assassin’s Creed® IV,26,0.0129
958,1622132960,Dead Cells,26,0.0129
959,1270951403,Dead Rising 4,26,0.0129
960,12206284,eFootball PES 2020,26,0.0129
961,1662474270,Eternal Strands,26,0.0129
962,1628280816,Faaast Penguin,26,0.0129
963,1802207786,HOT WHEELS UNLEASHED™ - Windows Edition,26,0.0129
964,2049727100,METAL GEAR SOLID - Master Collection Version,26,0.0129
965,485601591,NARUTO SHIPPUDEN™: Ultimate Ninja® STORM 2,26,0.0129
966,717702870,OUTRIDERS,26,0.0129
967,1727613823,Overcooked! 2,26,0.0129
968,2046531735,Predator: Hunting Grounds,26,0.0129
969,200732952,Project CARS 2,26,0.0129
970,386601590,Project CARS 2 Demo,26,0.0129
971,1648684496,Sonic Origins,26,0.0129
972,240091546,SUPERHOT,26,0.0129
973,1755825192,The LEGO Movie Videogame,26,0.0129
974,2004428777,WILD HEARTS™ Standard Edition,26,0.0129
975,1480659433,Zuma's Revenge!,26,0.0129
976,1920996408,Age of Wonders 4,25,0.0124
977,1480657237,Banjo-Tooie,25,0.0124
978,1025057816,Battle Ages,25,0.0124
979,293785190,Bloons TD 5,25,0.0124
980,1880193218,Century: Age of Ashes,25,0.0124
981,406842057,Dead Rising,25,0.0124
982,1751733247,Doki Doki Literature Club Plus!,25,0.0124
983,2109350810,Dungeons Of Hinterberg,25,0.0124
984,1673998520,F1® Manager 2024,25,0.0124
985,2137885631,FIFA 21 Xbox Series X|S,25,0.0124
986,1761060600,Happy Wars,25,0.0124
987,1996335028,He is Coming (Game Preview),25,0.0124
988,1902411725,Hell is Us,25,0.0124
989,2082961842,Jujutsu Kaisen Cursed Clash,25,0.0124
990,1757959613,Jujutsu Kaisen Cursed Clash DEMO,25,0.0124
991,2042949468,Labyrinthine - Console Edition Demo,25,0.0124
992,293003647,Microsoft Wordament,25,0.0124
993,1161889872,Mirror's Edge™,25,0.0124
994,1464993789,Mortal Kombat,25,0.0124
995,2128854962,One Lonely Outpost,25,0.0124
996,587488276,Outlast 2,25,0.0124
997,1696173302,RIDE 4,25,0.0124
998,2040578587,SHINOBI: Art of Vengeance,25,0.0124
999,1128466401,STREET FIGHTER IV,25,0.0124
1000,1397622748,THE KING OF FIGHTERS XIII,25,0.0124
1001,1793645165,THE KING OF FIGHTERS XV Standard Edition,25,0.0124
1002,1848191014,TUNIC,25,0.0124
1003,1431505070,Assassin's Creed® III ,24,0.0119
1004,1777786002,Commandos: Origins,24,0.0119
1005,1923160643,Dead Rising 3,24,0.0119
1006,1659464109,Elite Dangerous Core,24,0.0119
1007,363774594,Farming Simulator 17,24,0.0119
1008,1963174058,Green Hell,24,0.0119
1009,416597888,Hungry Shark® World,24,0.0119
1010,1249526091,Madden NFL 16,24,0.0119
1011,2090925193,Metal Slug Tactics,24,0.0119
1012,1997603662,Minion Masters,24,0.0119
1013,2036178233,Monster Energy Supercross 25 - The Official Video Game,24,0.0119
1014,1414596649,MX vs ATV Reflex,24,0.0119
1015,340920273,Overcooked,24,0.0119
1016,914276891,RAGE 2,24,0.0119
1017,1279330258,Star Wars: The Force Unleashed,24,0.0119
1018,1936930219,Tell Me Why,24,0.0119
1019,1649441503,The Game of Life 2,24,0.0119
1020,654883159,The LEGO® NINJAGO® Movie Video Game,24,0.0119
1021,19060482,Trials® Rising,24,0.0119
1022,1634720918,Ultimate Custom Night,24,0.0119
1023,1297287154,Viva Piñata,24,0.0119
1024,1774685333,Volcano Princess,24,0.0119
1025,1096157436,Call of Duty®: Ghosts,23,0.0114
1026,1625569842,Choo-Choo Charles,23,0.0114
1027,1297287356,Crackdown 2,23,0.0114
1028,1885511808,Date Everything!,23,0.0114
1029,1050025307,Grand Theft Auto V,23,0.0114
1030,1397819396,Hitman: Absolution,23,0.0114
1031,2047199918,Isonzo (Windows),23,0.0114
1032,1044501532,Jeopardy!,23,0.0114
1033,1889321756,Microsoft Minesweeper,23,0.0114
1034,1112737785,Morrowind,23,0.0114
1035,311896559,Mount & Blade: Warband,23,0.0114
1036,1676550189,MY HERO ONE'S JUSTICE 2,23,0.0114
1037,2011093308,Pacify,23,0.0114
1038,2037306921,Poppy Playtime: Chapter 3,23,0.0114
1039,2147115693,Project Wingman,23,0.0114
1040,1868826586,RimWorld Console Edition,23,0.0114
1041,1853160773,STAR WARS™: Battlefront Classic Collection,23,0.0114
1042,1933264626,Survivalist: Invisible Strain,23,0.0114
1043,2116409537,Yu-Gi-Oh! Legacy of the Duelist : Link Evolution,23,0.0114
1044,2016203684,Alaskan Road Truckers: Highway Edition,22,0.0109
1045,1431504955,Assassin's Creed II,22,0.0109
1046,1161889756,Burnout Revenge,22,0.0109
1047,2035296401,Capcom Arcade 2nd Stadium,22,0.0109
1048,686783342,Divinity: Original Sin 2 - Definitive Edition,22,0.0109
1049,387693234,Hawken,22,0.0109
1050,705006443,Jurassic World Evolution,22,0.0109
1051,1343080382,LEGO® Batman™ 3: Beyond Gotham Demo,22,0.0109
1052,2119300209,Life is Strange: Double Exposure,22,0.0109
1053,1414793190,Mafia II,22,0.0109
1054,1726129713,Planet Coaster: Console Edition,22,0.0109
1055,1128466461,Resident Evil Operation Raccoon City,22,0.0109
1056,217831213,RISK,22,0.0109
1057,978050046,ShellShock Live,22,0.0109
1058,155936527,Street Fighter 30th Anniversary Collection,22,0.0109
1059,2017944493,Super Mega Baseball 3,22,0.0109
1060,1793267614,Techtonica (Game Preview),22,0.0109
1061,1962802003,Tormented Souls 2 Demo,22,0.0109
1062,1278892798,TRIVIAL PURSUIT LIVE!,22,0.0109
1063,1860058296,TT Isle Of Man: Ride on the Edge 3,22,0.0109
1064,1681608901,Yooka-Replaylee Demo,22,0.0109
1065,1997651308,All You Need is Help,21,0.0104
1066,1841011808,Blizzard® Arcade Collection,21,0.0104
1067,1112934398,Cars 2: The Video Game,21,0.0104
1068,1480657079,Castle Crashers,21,0.0104
1069,1610974574,Cocoon,21,0.0104
1070,2113258996,Core Keeper,21,0.0104
1071,1161890190,Crysis® 3,21,0.0104
1072,1313671226,Dark Souls™,21,0.0104
1073,552778408,EA SPORTS™ UFC® 2,21,0.0104
1074,1984358909,Expansion for Explorers Pack 1,21,0.0104
1075,1653679338,Flintlock: The Siege of Dawn,21,0.0104
1076,1720478789,Gas Station Simulator,21,0.0104
1077,1890778408,Hidden Cats in Tokyo,21,0.0104
1078,1926053898,Hunt: Showdown 1896 (Windows),21,0.0104
1079,273290529,Idle Champions of the Forgotten Realms,21,0.0104
1080,1994181526,Madden NFL 21 Xbox Series X|S,21,0.0104
1081,643918998,NARUTO SHIPPUDEN™: Ultimate Ninja® STORM 4 Demo,21,0.0104
1082,1480657248,Portal: Still Alive,21,0.0104
1083,487177805,Prison Architect: Xbox One Edition,21,0.0104
1084,2011990367,Project Winter,21,0.0104
1085,472512000,Resident Evil Revelations,21,0.0104
1086,1692656490,SNIPER Ghost Warrior 3,21,0.0104
1087,2002882362,Squirrel with a Gun,21,0.0104
1088,1040009086,Super Lucky's Tale,21,0.0104
1089,1480657498,Super Meat Boy,21,0.0104
1090,1675176110,The Outer Worlds,21,0.0104
1091,1983809908,The Precinct,21,0.0104
1092,1806542452,theHunter: Call of the Wild™ - Windows 10,21,0.0104
1093,271965907,Wasteland 3,21,0.0104
1094,1297287149,Banjo Kazooie: N n B,20,0.0099
1095,23570566,Batman - The Telltale Series - Episode 1: Realm of Shadows,20,0.0099
1096,2079414802,CATAN® - Console Edition,20,0.0099
1097,2052426459,EA SPORTS™ FIFA 16,20,0.0099
1098,1817185896,Easy Red 2,20,0.0099
1099,1911404173,Immortals of Aveum™,20,0.0099
1100,399942284,LEGO® Jurassic World™ Demo,20,0.0099
1101,894121859,LEGO® MARVEL's Avengers DEMO,20,0.0099
1102,1733044130,Madden NFL 22 Xbox Series X|S,20,0.0099
1103,1998994208,Monster Energy Supercross - The Official Videogame 3,20,0.0099
1104,374430704,NBA 2K17,20,0.0099
1105,1112737745,Oblivion,20,0.0099
1106,162448742,Outer Wilds,20,0.0099
1107,1745314691,Psychonauts 2,20,0.0099
1108,1843641391,Quake,20,0.0099
1109,1743049130,Quake II,20,0.0099
1110,852431422,ReCore,20,0.0099
1111,1889456287,Roller Champions™,20,0.0099
1112,1279330290,Star Wars: The Force Unleashed II,20,0.0099
1113,62572131,The Wolf Among Us,20,0.0099
1114,1744345373,WWE 2K22 for Xbox Series X|S,20,0.0099
1115,588577476,ARCADE GAME SERIES: GALAGA,19,0.0094
1116,1128466455,ASURA'S WRATH,19,0.0094
1117,1464993832,Batman: Arkham Origins,19,0.0094
1118,1736384528,Ben 10: Power Trip,19,0.0094
1119,230716687,Biomutant,19,0.0094
1120,793598300,CODE VEIN,19,0.0094
1121,1723836102,Cookie Clicker,19,0.0094
1122,725442241,Darksiders Warmastered Edition,19,0.0094
1123,1678781072,DayZ - Experimental,19,0.0094
1124,2013511408,DOOM Eternal (BATTLEMODE - PC),19,0.0094
1125,849613404,Dragon's Dogma: Dark Arisen,19,0.0094
1126,1991431474,Grim Idle,19,0.0094
1127,1984491277,Grim Idle (Xbox One),19,0.0094
1128,1480656849,Hexic HD,19,0.0094
1129,1774172067,HOT WHEELS UNLEASHED™ 2 - Turbocharged,19,0.0094
1130,1678225803,Idle Wizard (Xbox One),19,0.0094
1131,2094642688,Just Shapes & Beats,19,0.0094
1132,2028627076,Marvel's Midnight Suns for Xbox Series X|S,19,0.0094
1133,1620704918,Minami Lane,19,0.0094
1134,1873450782,MXGP 2020 - The Official Motocross Videogame,19,0.0094
1135,1848728299,Pinball FX Midnight,19,0.0094
1136,1112934452,STAR WARS KOTOR,19,0.0094
1137,1313671164,TEKKEN 6,19,0.0094
1138,496534680,Wolfenstein: Youngblood,19,0.0094
1139,1793054097,Carrion,18,0.009
1140,320506923,Dead Rising 2,18,0.009
1141,1952256197,F1 2020,18,0.009
1142,1814325409,Fantasy Dash,18,0.009
1143,1431505036,Far Cry 3,18,0.009
1144,1480656881,Feeding Frenzy,18,0.009
1145,1689264723,FIFA 15,18,0.009
1146,1613695074,Five Nights at Freddy's 3,18,0.009
1147,682562723,Halo: Spartan Assault,18,0.009
1148,2005346857,Idle Wizard,18,0.009
1149,1764536463,LEGO® The Hobbit™,18,0.009
1150,1091024470,Magic Duels,18,0.009
1151,1781365913,Monster Train,18,0.009
1152,1742982949,MotoGP™24,18,0.009
1153,2037558339,My Friend Peppa Pig,18,0.009
1154,1857530883,NASCAR 25,18,0.009
1155,1987587652,Overcooked! All You Can Eat,18,0.009
1156,2098044337,Poppy Playtime: Chapter 4,18,0.009
1157,474501413,RIDE 3,18,0.009
1158,275132544,SEGA® Genesis Classics™,18,0.009
1159,1161889919,Skate 2,18,0.009
1160,1431504907,SplinterCellConviction,18,0.009
1161,1941370105,Supermarket Owner Simulator: Business,18,0.009
1162,1664251645,TEKKEN 8 - DEMO,18,0.009
1163,1832512217,Townscaper,18,0.009
1164,1307429766,Worms Battlegrounds,18,0.009
1165,531971604,WWE 2K19,18,0.009
1166,84648031,Bulletstorm: Full Clip Edition,17,0.0085
1167,1960391873,Call of Duty®: Black Ops III (Windows),17,0.0085
1168,1802600743,Capcom Arcade Stadium,17,0.0085
1169,1871238901,Crime Boss: Rockay City,17,0.0085
1170,1940736818,Darkest Dungeon II,17,0.0085
1171,1112934422,Disney Epic Mickey 2: The Power of Two,17,0.0085
1172,886999858,Duke Nukem 3D: 20th Anniversary World Tour,17,0.0085
1173,374274123,EA SPORTS™ NHL® 19,17,0.0085
1174,1431504912,Far Cry® 2,17,0.0085
1175,2109927239,Five Nights at Freddy's: Sister Location,17,0.0085
1176,1898092029,Inops,17,0.0085
1177,2028645063,Legend of Mana,17,0.0085
1178,565406974,LEGO® STAR WARS™: The Force Awakens,17,0.0085
1179,1931921361,Monster Energy Supercross - The Official Videogame 5,17,0.0085
1180,1867295360,Monster Sanctuary,17,0.0085
1181,1833175061,MXGP 2019 - The Official Motocross Videogame,17,0.0085
1182,469309830,NARUTO™: Ultimate Ninja® STORM,17,0.0085
1183,1909911128,NASCAR Heat 4,17,0.0085
1184,1480659436,NBA JAM: On Fire Edition,17,0.0085
1185,2105140633,NieR Replicant ver.1.22474487139...,17,0.0085
1186,2018103228,Ship of Fools,17,0.0085
1187,1633458467,SteamWorld Build,17,0.0085
1188,90400189,SUPER BOMBERMAN R,17,0.0085
1189,1047413393,TERA,17,0.0085
1190,1161889807,The Orange Box,17,0.0085
1191,1615232474,The Walking Dead: The Telltale Definitive Series,17,0.0085
1192,2028925271,Trepang2,17,0.0085
1193,233177124,Battle Islands: Commanders,16,0.008
1194,337857707,Bendy and the Ink Machine,16,0.008
1195,206503430,Clustertruck,16,0.008
1196,1161890152,Crysis,16,0.008
1197,2126586531,Daemon X Machina: Titanic Scion Demo,16,0.008
1198,1129121853,DiRT 3,16,0.008
1199,1797553917,DYNASTY WARRIORS: ORIGINS,16,0.008
1200,1997023214,FINAL FANTASY IX,16,0.008
1201,1711556027,Garten of Banban 2,16,0.008
1202,1669831089,Gold Mining Simulator,16,0.008
1203,1947900602,Like a Dragon: Infinite Wealth,16,0.008
1204,2014880780,Madden NFL 17,16,0.008
1205,2045704503,Metaball,16,0.008
1206,1656145947,Moonlighter,16,0.008
1207,650779126,NBA 2K18,16,0.008
1208,2048381683,PAC-MAN WORLD Re-PAC,16,0.008
1209,1480657346,Perfect Dark,16,0.008
1210,1698989872,PICO PARK 2,16,0.008
1211,2117095676,Planet of Lana,16,0.008
1212,967641964,Realm Royale Reforged,16,0.008
1213,2068415611,Rust Console Edition - Public Test Branch,16,0.008
1214,1866950192,Shady Part of Me,16,0.008
1215,100764563,Sniper Elite 4,16,0.008
1216,129325438,SONIC FORCES,16,0.008
1217,1967529255,SpongeBob SquarePants: The Cosmic Shake,16,0.008
1218,1762712365,Stellaris,16,0.008
1219,1397819363,Supreme Commander 2,16,0.008
1220,225007476,Team Sonic Racing™,16,0.008
1221,2013672301,The Gunk,16,0.008
1222,886895461,The Jackbox Party Pack 5,16,0.008
1223,2145202828,Tricking 0,16,0.008
1224,1840411466,Untitled Goose Game,16,0.008
1225,2091194104,Wreckfest,16,0.008
1226,1042452848,Aven Colony,15,0.0075
1227,2136950563,Bugsnax,15,0.0075
1228,189838548,Bus Simulator,15,0.0075
1229,1822577333,Dead Rising Deluxe Remaster,15,0.0075
1230,1788513791,DRAGON BALL Z: KAKAROT Demo Version,15,0.0075
1231,1954227024,DRAGON BALL: THE BREAKERS,15,0.0075
1232,1801537563,F1® 2021,15,0.0075
1233,1804401706,F1® 22 Xbox Series X|S,15,0.0075
1234,488156801,GreedFall,15,0.0075
1235,1480656868,Hardwood Spades,15,0.0075
1236,1641368913,House Fighters: Total Mess Demo,15,0.0075
1237,42119495,Killer Instinct Classic,15,0.0075
1238,1279330271,LEGO Indiana Jones,15,0.0075
1239,1687910025,Mahjong by Microsoft,15,0.0075
1240,1161890141,Mass Effect™ 3,15,0.0075
1241,1263405120,METAL GEAR SOLID HD: 2 & 3,15,0.0075
1242,2092112354,Monster Jam™ Showdown,15,0.0075
1243,1685135803,NHL® 22 Xbox One,15,0.0075
1244,1768466312,Poppy Playtime: Chapter 2,15,0.0075
1245,1112737772,RAGE,15,0.0075
1246,2056655762,Remnant: From the Ashes,15,0.0075
1247,192928167,Rocksmith 2014,15,0.0075
1248,1771004118,Sniper Elite 5,15,0.0075
1249,1646985614,Space Jam: A New Legacy - The Game,15,0.0075
1250,2073359006,Spirittea,15,0.0075
1251,1414596688,SpongeBob: Truth-Sq.,15,0.0075
1252,1768536074,Symphonia 𝄞,15,0.0075
1253,39069682,The Jackbox Party Pack 2,15,0.0075
1254,449890085,The Jackbox Party Pack 4,15,0.0075
1255,1582065954,The LEGO Movie Videogame DEMO,15,0.0075
1256,1480659987,The Walking Dead: Season Two,15,0.0075
1257,422246343,Tom Clancy’s Rainbow Six® Extraction,15,0.0075
1258,580901123,Tropico 6,15,0.0075
1259,1611397404,UBOAT,15,0.0075
1260,1297287263,Viva Piñata: TIP,15,0.0075
1261,1148805248,Yu-Gi-Oh! Legacy of the Duelist,15,0.0075
1262,1880818134,AFL 26,14,0.007
1263,1664723386,Afterimage,14,0.007
1264,1616326452,Arcadegeddon,14,0.007
1265,1431505017,Assassin's Creed Revelations,14,0.007
1266,1431505102,Assassin's Creed® Rogue,14,0.007
1267,869628338,Attack on Titan 2,14,0.007
1268,634298669,Bad North: Jotunn Edition,14,0.007
1269,1161889806,C&C3,14,0.007
1270,1297287892,Conker: Live and Reloaded,14,0.007
1271,1755920678,Creatures of Ava,14,0.007
1272,856892583,Darksiders II Deathinitive Edition,14,0.007
1273,1161890059,Dragon Age™ 2,14,0.007
1274,696196977,DRAGON BALL XENOVERSE,14,0.007
1275,152270586,FINAL FANTASY XII THE ZODIAC AGE,14,0.007
1276,344311848,For The King,14,0.007
1277,1964820394,Hotline Miami Collection,14,0.007
1278,1841790832,Little Nightmares II Enhanced Edition - Windows,14,0.007
1279,2017169801,LOLLIPOP CHAINSAW RePOP,14,0.007
1280,717669198,Madden NFL 19,14,0.007
1281,369157937,MARVEL VS. CAPCOM: INFINITE,14,0.007
1282,1263405116,MGS PW HD,14,0.007
1283,1916459679,Mina the Hollower Demo,14,0.007
1284,1679589975,Mortal Shell: Enhanced Edition,14,0.007
1285,1839786246,Murdered: Soul Suspect,14,0.007
1286,1696456823,NBA 2K22 for Xbox Series X|S,14,0.007
1287,1752331738,One Leaves,14,0.007
1288,1702524932,Power Rangers: Battle for the Grid,14,0.007
1289,1811169840,Slay The Spire,14,0.007
1290,1633152429,SONIC SUPERSTARS,14,0.007
1291,1128640842,The Escapists,14,0.007
1292,1005415207,The Golf Club 2019 featuring PGA TOUR,14,0.007
1293,1777341064,The Outer Worlds: Spacer's Choice Edition,14,0.007
1294,1628698678,Thief Simulator,14,0.007
1295,1431504921,Tom Clancy's Splinter Cell® Chaos Theory™,14,0.007
1296,1518572426,Trackmania® Turbo,14,0.007
1297,1905434171,TRAIL OUT,14,0.007
1298,71300661,ACA NEOGEO THE KING OF FIGHTERS 2002,13,0.0065
1299,1659178052,Angry Video Game Nerd 8-bit Demo,13,0.0065
1300,759471095,ARCADE GAME SERIES: Ms. PAC-MAN,13,0.0065
1301,1854172310,AWAKEN - Astral Blade Demo,13,0.0065
1302,1480656850,Bejeweled 2,13,0.0065
1303,1914086330,Broforce,13,0.0065
1304,1161889798,Burnout Paradise,13,0.0065
1305,2026693193,Bus Simulator 21 Next Stop,13,0.0065
1306,1953182469,DRAGON QUEST® XI S: Echoes of an Elusive Age™ - Definitive Edition,13,0.0065
1307,1678270415,Farm Together,13,0.0065
1308,885797626,Fishing Sim World®: Pro Tour,13,0.0065
1309,2043510457,Friends vs Friends,13,0.0065
1310,1431504947,Ghost Recon: Future Soldier™,13,0.0065
1311,2020032940,HAWKED,13,0.0065
1312,2105228747,Killer Klowns From Outer Space: The Game,13,0.0065
1313,1649675719,Max: The Curse of Brotherhood,13,0.0065
1314,333701857,Mega Man X Legacy Collection,13,0.0065
1315,505222320,Monster Jam Steel Titans,13,0.0065
1316,2118184557,Monster Jam Steel Titans 2,13,0.0065
1317,1693003201,MotoGP™25 - Xbox One,13,0.0065
1318,893913058,MX Unleashed,13,0.0065
1319,385764340,MX vs. ATV Supercross Encore,13,0.0065
1320,285742376,NBA 2K16,13,0.0065
1321,1712366974,PC Building Simulator,13,0.0065
1322,1783788045,SILENT HILL f - Bonus Content,13,0.0065
1323,1947725080,Skul: The Hero Slayer,13,0.0065
1324,1836687833,Sonic Colors: Ultimate,13,0.0065
1325,1760369741,SULFUR Demo,13,0.0065
1326,597690024,SWORD ART ONLINE: FATAL BULLET,13,0.0065
1327,1984077720,Tales of the Shire: A The Lord of The Rings™ Game,13,0.0065
1328,1748769487,The Jackbox Party Pack 6,13,0.0065
1329,1464993828,The Witcher 2: Assassins of Kings,13,0.0065
1330,2080427416,Tony Hawk's™ Pro Skater™ 3 + 4 - Foundry Demo,13,0.0065
1331,2119315223,Void Crew,13,0.0065
1332,689916261,"Warhammer 40,000: Inquisitor - Martyr Ultimate Edition",13,0.0065
1333,981110874,WWE 2K18,13,0.0065
1334,2146391417,60 Seconds! Reatomized Demo,12,0.006
1335,2144204141,Achilles: Survivor,12,0.006
1336,1742707305,Ambulance Life: A Paramedic Simulator,12,0.006
1337,338995079,Batman: The Enemy Within - Episode 1,12,0.006
1338,1662853043,Blasphemous 2,12,0.006
1339,1161889850,C&C3: Kane's Wrath,12,0.006
1340,1480659632,Call of Juarez® Gunslinger,12,0.006
1341,1965711939,Capcom Fighting Collection 2,12,0.006
1342,1618801140,CRISIS CORE –FINAL FANTASY VII– REUNION,12,0.006
1343,137510457,Dishonored®: Death of the Outsider™,12,0.006
1344,1480657049,Domino Master,12,0.006
1345,1856095222,FAITH: The Unholy Trinity Demo,12,0.006
1346,1824003155,Family Feud®,12,0.006
1347,1885859783,FATAL FURY: City of the Wolves,12,0.006
1348,1480657036,Feeding Frenzy 2,12,0.006
1349,2125839408,Formula Legends,12,0.006
1350,1296697298,Full Game - Psychonauts,12,0.006
1351,1694490701,FuzzBall,12,0.006
1352,1690204019,Garten of Banban 3,12,0.006
1353,476517807,Gravel,12,0.006
1354,2022315423,Gunsmith Simulator,12,0.006
1355,564131151,Kerbal Space Program Enhanced Edition,12,0.006
1356,1843760263,LEGO® 2K Drive for Xbox Series X|S,12,0.006
1357,1128466413,LOST PLANET 2,12,0.006
1358,2020925735,Make Way,12,0.006
1359,731662901,Monster Energy Supercross - The Official Videogame,12,0.006
1360,380023945,Monster Energy Supercross - The Official Videogame 2,12,0.006
1361,582279671,Moto Racer 4 Demo,12,0.006
1362,1414596574,MX vs. ATV: Untamed,12,0.006
1363,803175056,MXGP PRO,12,0.006
1364,1696832928,NHRA Championship Drag Racing: Speed For All,12,0.006
1365,1757462338,Ni no Kuni Wrath of the White Witch™ Remastered,12,0.006
1366,1413679064,Ninja Gaiden Black,12,0.006
1367,2132252311,Olympic Games Tokyo 2020 – The Official Video Game™,12,0.006
1368,1010226785,One Piece: Burning Blood,12,0.006
1369,838746653,Phoenix Wright: Ace Attorney Trilogy,12,0.006
1370,2049279350,Puzzle Quest: Immortal Edition,12,0.006
1371,1431504886,R.U.S.E.,12,0.006
1372,1431505091,Rayman® Legends,12,0.006
1373,779253028,RIDE Demo,12,0.006
1374,1709856057,RoboCop: Rogue City - Unfinished Business,12,0.006
1375,2032369368,Scott Pilgrim vs. The World™: The Game – Complete Edition,12,0.006
1376,1613348546,Sea of Stars: Sunset Edition,12,0.006
1377,1813223937,SongPop Party,12,0.006
1378,1112934375,Split/Second,12,0.006
1379,2060188345,Street Fighter™ 6 Demo,12,0.006
1380,585971749,Super Mega Baseball 2,12,0.006
1381,2141647881,Tales from the Borderlands - Episode 1: Zer0 Sum,12,0.006
1382,1624769204,Talisman: Digital Edition,12,0.006
1383,1979014977,The Crew,12,0.006
1384,1997447389,The Dark Pictures Anthology: The Devil in Me,12,0.006
1385,2105596480,The Jackbox Party Pack 11 Demo,12,0.006
1386,1292135256,Titanfall,12,0.006
1387,1683840789,Tomb Raider IV-VI Remastered,12,0.006
1388,1480657581,Trials Evolution,12,0.006
1389,1905686946,Tropico 6 - Next Gen Edition,12,0.006
1390,449394673,Vampyr,12,0.006
1391,2075589952,"Warhammer 40,000: Boltgun - Windows",12,0.006
1392,1629004246,We Love Katamari REROLL+ Royal Reverie,12,0.006
1393,2142309066,WWE 2K Battlegrounds,12,0.006
1394,2040239934,XDefiant,12,0.006
1395,1480656966,Alien Hominid HD,11,0.0055
1396,1628688048,Atomic Heart,11,0.0055
1397,846846419,Attack on Titan 2 Demo,11,0.0055
1398,1396901865,Battlestations Pacific,11,0.0055
1399,1662123102,Biped 2 DEMO,11,0.0055
1400,1639963506,BlackJack 21 Pro!,11,0.0055
1401,1969372075,BlazBlue: Cross Tag Battle Special Edition,11,0.0055
1402,1431504874,Brothers in Arms: HH,11,0.0055
1403,1693676973,Clue,11,0.0055
1404,1729654407,Company of Heroes 3,11,0.0055
1405,2107339353,Control Standard Edition,11,0.0055
1406,1843804163,Cooking Simulator Windows,11,0.0055
1407,1727909174,Crossy Road Castle Demo,11,0.0055
1408,217802058,Darkest Dungeon®,11,0.0055
1409,524859112,Darksiders III,11,0.0055
1410,1922125818,Dead Reset,11,0.0055
1411,1650442817,Deus Ex: Mankind Divided™,11,0.0055
1412,1629928134,DRAGON QUEST III HD-2D Remake,11,0.0055
1413,2131572088,Evil West,11,0.0055
1414,1851718938,FANTASY LIFE i: The Girl Who Steals Time,11,0.0055
1415,1813362885,FIFA 14,11,0.0055
1416,1397819364,FINAL FANTASY XIII,11,0.0055
1417,1756167397,FINAL FANTASY XVI DEMO,11,0.0055
1418,1960955312,I Am Fish,11,0.0055
1419,1992271028,Jotunnslayer: Hordes of Hel Demo,11,0.0055
1420,1668424649,Kulebra and the Souls of Limbo: Closure Edition,11,0.0055
1421,1279330257,LEGO Star Wars II,11,0.0055
1422,1279330285,LEGO® Indiana Jones™ 2,11,0.0055
1423,1769984530,Let Them Come: Onslaught Demo,11,0.0055
1424,1891684356,Lost in Random™,11,0.0055
1425,1941838752,MELTY BLOOD: TYPE LUMINA,11,0.0055
1426,2025840804,METAL GEAR SOLID 3: Snake Eater - Master Collection Version,11,0.0055
1427,2022357971,Monster Energy Supercross - The Official Videogame 4,11,0.0055
1428,1070680307,MudRunner,11,0.0055
1429,1884949649,Mythwrecked: Ambrosia Island,11,0.0055
1430,961593710,NHL® 20,11,0.0055
1431,1734289672,"ONYX-PRO, Inside the Game: Grounded 2 Artbook and Soundtrack",11,0.0055
1432,1831668171,Opus Castle,11,0.0055
1433,1432033734,Pinball Arcade,11,0.0055
1434,269677862,PING REDUX,11,0.0055
1435,1907381044,Project Cars,11,0.0055
1436,1469186547,Resident Evil 0,11,0.0055
1437,2048545274,Rubber Bandits,11,0.0055
1438,1704562600,Rugby 25,11,0.0055
1439,818066257,Rugby League Live 4,11,0.0055
1440,1263339510,Saints Row IV,11,0.0055
1441,1169551644,Saints Row: Gat out of Hell,11,0.0055
1442,1847402697,ScreamRide,11,0.0055
1443,1691013379,Secret Neighbor,11,0.0055
1444,1709151881,Ship Graveyard Simulator 2,11,0.0055
1445,1414793256,Sid Meier's Pirates!,11,0.0055
1446,2051631747,Spectre Divide,11,0.0055
1447,1112934454,Star Wars Battlefront,11,0.0055
1448,1112934456,Star Wars Jedi Knight: Jedi Academy,11,0.0055
1449,125965001,The Escapists: The Walking Dead,11,0.0055
1450,610345881,The Jackbox Party Pack,11,0.0055
1451,1731121397,The Quarry for Xbox One,11,0.0055
1452,1763653276,Transport Fever 2: Console Edition,11,0.0055
1453,1777774126,Visions of Mana,11,0.0055
1454,1835497756,Agents of Mayhem,10,0.005
1455,1975041917,Amnesia: The Bunker,10,0.005
1456,2120976389,Banishers: Ghosts of New Eden,10,0.005
1457,1845089422,Beacon of Neyda Demo,10,0.005
1458,1414793176,BioShock,10,0.005
1459,1297287893,Blinx: The Time Sweeper,10,0.005
1460,1661717515,Blood Bowl 3,10,0.005
1461,1794618801,Car Mechanic Shop Simulator,10,0.005
1462,1634898195,Darkwood,10,0.005
1463,2017702583,Dauntless,10,0.005
1464,502883447,Dead Island Retro Revenge,10,0.005
1465,1675216825,Deck of Haunts Demo,10,0.005
1466,852849518,Digimon Survive,10,0.005
1467,1728448413,DmC Devil May Cry: Definitive Edition,10,0.005
1468,2028637067,Drug Dealer Simulator,10,0.005
1469,2046176982,Empire of Sin,10,0.005
1470,172017893,F1® 2019,10,0.005
1471,1890880304,Fobia - St. Dinfna Hotel,10,0.005
1472,2077809328,Garten of Banban 4,10,0.005
1473,2005313515,Garten of Banban 7,10,0.005
1474,1297287287,Halo 3: ODST Campaign Edition,10,0.005
1475,1297287449,Halo 4,10,0.005
1476,2093028006,Hole io,10,0.005
1477,90991576,How To Survive 2,10,0.005
1478,1917135799,HYPERCHARGE Unboxed,10,0.005
1479,1930132661,Jotunnslayer: Hordes of Hel,10,0.005
1480,1708233397,LEGO® Harry Potter™ Collection,10,0.005
1481,2016417527,Life is Strange Remastered,10,0.005
1482,28152906,Lovers in a Dangerous Spacetime,10,0.005
1483,1480657266,Metal Slug XX,10,0.005
1484,1869122946,MONOPOLY DEAL,10,0.005
1485,1944950992,MotoGP™22 - Windows Edition,10,0.005
1486,1948147176,Moving Out,10,0.005
1487,53175238,MXGP2 - Demo,10,0.005
1488,1691152104,MY HERO ONE'S JUSTICE 2 Demo,10,0.005
1489,778400368,NBA 2K14,10,0.005
1490,304932652,NHL® 21,10,0.005
1491,1634565765,NHL® 94 REWIND,10,0.005
1492,1785122378,Omega Strikers,10,0.005
1493,1941002186,ON THE ROAD - The Truck Simulator,10,0.005
1494,1802714933,Pathfinder: Wrath of the Righteous,10,0.005
1495,2100880776,Pentiment,10,0.005
1496,1960926264,Phoenix Point,10,0.005
1497,1542414577,Plague Inc: Evolved,10,0.005
1498,671807457,Portal Knights,10,0.005
1499,1431504958,Prince of Persia The Forgotten Sands™,10,0.005
1500,757817533,PRO EVOLUTION SOCCER 2019,10,0.005
1501,827416995,Pure Pool,10,0.005
1502,1128466466,RESIDENT EVIL CODE: Veronica X,10,0.005
1503,950358266,Ride 2,10,0.005
1504,2100312943,SCARLET NEXUS,10,0.005
1505,1944780994,Scars Above,10,0.005
1506,1779343248,Sclash,10,0.005
1507,2073736638,Scrabble,10,0.005
1508,1947938436,Shotgun Farmers,10,0.005
1509,1147123126,Skylanders Trap Team,10,0.005
1510,1885214706,Snooker 19,10,0.005
1511,1628869222,Soulstone Survivors,10,0.005
1512,1112934458,STAR WARS KOTOR II,10,0.005
1513,912691842,Sudden Strike 4 - European Battlefields Edition,10,0.005
1514,1842335063,The Mortuary Assistant,10,0.005
1515,2108611710,TIEBREAK – GRAND SLAM EDITION,10,0.005
1516,2073119116,Trials® Rising Demo,10,0.005
1517,2147214039,TRIANGLE STRATEGY,10,0.005
1518,103629720,V-Rally 4,10,0.005
1519,1677025209,Wolfenstein: The New Order (PC),10,0.005
1520,1900124001,WRC 10 FIA World Rally Championship Xbox One,10,0.005
1521,1849227144,WWE 2K20,10,0.005
1522,1791400679,Yakuza: Like a Dragon,10,0.005
1523,1751360232,AAA Dynamic Scenes,9,0.0045
1524,1777027693,Adv File Explorer (FullTrust),9,0.0045
1525,433738637,Adventure Time: Pirates of the Enchiridion,9,0.0045
1526,1678543324,Aragami 2,9,0.0045
1527,433520651,Attack on Titan,9,0.0045
1528,1161889960,Battlefield Bad Company 2,9,0.0045
1529,1736678881,Bleeding Edge,9,0.0045
1530,1668362617,Bullet Trail,9,0.0045
1531,2008066354,Car Mechanic Simulator,9,0.0045
1532,1480659546,Counter-Strike: GO,9,0.0045
1533,1161890019,Crysis 2,9,0.0045
1534,355178688,DiRT 4,9,0.0045
1535,1743219650,Disney Epic Mickey: Rebrushed,9,0.0045
1536,1621285366,DOOM (1993),9,0.0045
1537,2125974437,Door Kickers: Action Squad,9,0.0045
1538,1146095621,Earth Defense Force 2025,9,0.0045
1539,1146095571,EDF 2017,9,0.0045
1540,1704101432,Empyreal,9,0.0045
1541,1989956835,Evolve,9,0.0045
1542,1480659903,Far Cry® 3 Blood Dragon,9,0.0045
1543,2062455421,Fernbus Simulator,9,0.0045
1544,1727396789,FINAL FANTASY,9,0.0045
1545,1864215620,Five Nights at Freddy's: Help Wanted,9,0.0045
1546,2075703134,Frostpunk,9,0.0045
1547,1646082476,Galacticare,9,0.0045
1548,2022597828,Garten of Banban 0,9,0.0045
1549,1702713376,Genesis Noir,9,0.0045
1550,1955982965,Gunfire Reborn,9,0.0045
1551,1828807544,Harry Potter: Quidditch Champions,9,0.0045
1552,1704351342,Hello Neighbor 2,9,0.0045
1553,1873893114,Just Die Already,9,0.0045
1554,1679509385,Kill It With Fire,9,0.0045
1555,1873492766,KINGDOM HEARTS HD 2.8 Final Chapter Prologue,9,0.0045
1556,1900811986,Kingdoms of Amalur: Re-Reckoning,9,0.0045
1557,191432544,LEGO® The Hobbit™ Demo,9,0.0045
1558,1898106366,Little Ralph - Trial,9,0.0045
1559,1893250709,Matchpoint - Tennis Championships | DEMO,9,0.0045
1560,1414793292,Max Payne,9,0.0045
1561,1297549289,Mortal Kombat vs. DCU,9,0.0045
1562,2093020385,Neon Inferno Demo,9,0.0045
1563,1624572870,Ni no Kuni™ II: Revenant Kingdom - The Prince's Edition,9,0.0045
1564,1894365262,PAW Patrol: Grand Prix,9,0.0045
1565,1932565641,Pikuniku,9,0.0045
1566,2114465392,Possessions Demo,9,0.0045
1567,605857900,Quiplash,9,0.0045
1568,1822591938,Revenge of the Savage Planet PC,9,0.0045
1569,1914565485,Risk of Rain,9,0.0045
1570,2025898879,Rugby 22 Xbox Series X|S,9,0.0045
1571,731167015,RUSH: A Disney • PIXAR Adventure Demo,9,0.0045
1572,1734582052,S.T.A.L.K.E.R.: Shadow of Chornobyl - Enhanced Edition,9,0.0045
1573,2054178211,SAMURAI SHODOWN (Standard Ver.),9,0.0045
1574,2050520287,STRANGER OF PARADISE FINAL FANTASY ORIGIN,9,0.0045
1575,19615130,Super Mega Baseball: Extra Innings,9,0.0045
1576,1849290790,Super Scooter,9,0.0045
1577,1949756621,Surgeon Simulator 2,9,0.0045
1578,605741753,The LEGO Movie 2 Videogame,9,0.0045
1579,1785417254,The Oregon Trail,9,0.0045
1580,1748167956,The Riftbreaker,9,0.0045
1581,1619933938,The Survivalists,9,0.0045
1582,635298240,"The Walking Dead: Michonne - Ep. 1, In Too Deep",9,0.0045
1583,1895560154,Virtual Villagers Origins 2 Xbox,9,0.0045
1584,2008301104,Wildgate,9,0.0045
1585,1953589006,Yakuza 0,9,0.0045
1586,1745806870,7 Days to Die (Game Preview),8,0.004
1587,2007033271,80's OVERDRIVE,8,0.004
1588,1679168855,A Quiet Place: The Road Ahead,8,0.004
1589,1783702427,AEW: Fight Forever,8,0.004
1590,2118292977,ARC Raiders,8,0.004
1591,1161889868,Army of Two™ (EU),8,0.004
1592,1414793309,BioShock Infinite,8,0.004
1593,402049843,Black Desert,8,0.004
1594,1297287135,Blue Dragon,8,0.004
1595,1617823540,Bomb Rush Cyberfunk,8,0.004
1596,1263405133,Castlevania: LoS 2,8,0.004
1597,1480656967,Castlevania: SOTN,8,0.004
1598,1676653592,Citizen Sleeper 2: Starward Vector,8,0.004
1599,1859542622,Contra Anniversary Collection,8,0.004
1600,370169912,Contrast,8,0.004
1601,35820305,Crackdown 3: Wrecking Zone,8,0.004
1602,1691794314,Dark Deception Demo,8,0.004
1603,274219762,Dead Rising 2 Off the Record,8,0.004
1604,629798227,Deadpool,8,0.004
1605,376779456,Death Road to Canada,8,0.004
1606,402672897,Death Squared,8,0.004
1607,893913056,Destroy All Humans (2005),8,0.004
1608,106901580,Destroy All Humans!,8,0.004
1609,1799540443,Dungeons & Dragons Neverwinter Nights 2: Enhanced Edition,8,0.004
1610,548464799,EA SPORTS™ UFC®,8,0.004
1611,1983248568,Eiyuden Chronicle: Hundred Heroes,8,0.004
1612,2015929879,Evil Dead: The Game,8,0.004
1613,1464993792,F.E.A.R. 3,8,0.004
1614,918516972,Farming Simulator 15,8,0.004
1615,2021453818,FINAL FANTASY VIII Remastered,8,0.004
1616,1674898447,Formula Legends Demo,8,0.004
1617,1877135456,Freddy Fazbear's Pizzeria Simulator,8,0.004
1618,1700344676,Ghostbusters: The Video Game Remastered,8,0.004
1619,1663990634,GigaBash,8,0.004
1620,1844195280,Go Mecha Ball,8,0.004
1621,1784112295,Godfall,8,0.004
1622,2020925056,Grim Dawn: Definitive Edition,8,0.004
1623,1755179727,Grim Fandango Remastered,8,0.004
1624,1719232621,Hello Guest: Hello Neighbor 2 pre-alpha,8,0.004
1625,1396901880,Kane & Lynch 2,8,0.004
1626,2071372034,Lawn Mowing Simulator,8,0.004
1627,389571069,LEGO® Dimensions™,8,0.004
1628,1777243206,Lost Judgment,8,0.004
1629,94171386,MXGP3,8,0.004
1630,2040686890,My Time at Sandrock,8,0.004
1631,1708079118,NASCAR 21: Ignition,8,0.004
1632,664898642,NASCAR Heat 3,8,0.004
1633,1802006334,Neon Abyss,8,0.004
1634,676432066,PAC-MAN™ CHAMPIONSHIP EDITION 2,8,0.004
1635,939615894,Paw Patrol: On a Roll,8,0.004
1636,1297287123,Perfect Dark Zero,8,0.004
1637,275673036,Pillars of Eternity: Complete Edition,8,0.004
1638,572054432,Project CARS 3,8,0.004
1639,2002584553,Puzzle Quest 3,8,0.004
1640,1641566497,Railroads Online,8,0.004
1641,2133414343,Recycling Center Simulator,8,0.004
1642,2028931904,Rugby 20,8,0.004
1643,1693521674,Rumbleverse,8,0.004
1644,303584158,Sea of Solitude,8,0.004
1645,1480657342,Spelunky,8,0.004
1646,1874881573,Tales of Kenzera™: ZAU,8,0.004
1647,1431504855,TC's SC Double Agent,8,0.004
1648,2142487375,Teenage Mutant Ninja Turtles: The Cowabunga Collection,8,0.004
1649,1915523932,Tempopo,8,0.004
1650,1890789689,The Casting of Frank Stone™,8,0.004
1651,1414793357,The Darkness II,8,0.004
1652,2095867988,The Evil Within (PC),8,0.004
1653,1811248495,The Jackbox Party Pack 10,8,0.004
1654,1701212022,The Jackbox Party Pack 8,8,0.004
1655,2101138430,The Matrix Awakens: An Unreal Engine 5 Experience,8,0.004
1656,1633778685,The Stanley Parable: Ultra Deluxe,8,0.004
1657,1313671253,The Witcher 2,8,0.004
1658,1673810447,Tony Stewart's All-American Racing,8,0.004
1659,716478832,TT Isle of Man,8,0.004
1660,1211542442,Valiant Hearts: The Great War,8,0.004
1661,1983962095,"Warhammer 40,000: Battlesector",8,0.004
1662,2008811924,Wolfenstein II: The New Colossus,8,0.004
1663,1696868991,WRC Generations - The FIA WRC Official Game,8,0.004
1664,1777058720,Yakuza 5 Remastered,8,0.004
1665,969381141,A Plague Tale: Innocence,7,0.0035
1666,1480657371,A World of Keflings ,7,0.0035
1667,593828894,Absolver,7,0.0035
1668,880413309,Amnesia: Collection,7,0.0035
1669,416307002,ARCADE GAME SERIES: DIG DUG,7,0.0035
1670,682100179,Armello,7,0.0035
1671,670545608,Armored Warfare,7,0.0035
1672,1161889785,Battlefield: Bad Company,7,0.0035
1673,810050544,Beach Buggy Racing,7,0.0035
1674,1663573292,Bendy and the Dark Revival,7,0.0035
1675,1946485937,Besiege Console,7,0.0035
1676,1024154899,Boggle,7,0.0035
1677,1916243879,Camping Simulator: The Squad,7,0.0035
1678,1480659655,Castle of Illusion,7,0.0035
1679,1986085404,Cats On Duty Demo,7,0.0035
1680,1480657529,Costume Quest ,7,0.0035
1681,2077764934,Crysis Remastered,7,0.0035
1682,1867293778,Darwin Project,7,0.0035
1683,1680662849,Destroy All Humans! 2 - Reprobed,7,0.0035
1684,1748951836,Disco Elysium - The Final Cut,7,0.0035
1685,1627819535,Dishonored® Definitive Edition (PC),7,0.0035
1686,2061746629,Don't Starve: Giant Edition,7,0.0035
1687,1712105499,DRIFTCE,7,0.0035
1688,1234432164,EA SPORTS™ Rory McIlroy PGA TOUR®,7,0.0035
1689,1480659518,Far Cry Classic,7,0.0035
1690,2071782725,FINAL FANTASY III,7,0.0035
1691,1691849278,FINAL FANTASY IV,7,0.0035
1692,1977271237,Gears of War: Reloaded Beta,7,0.0035
1693,945174237,Geometry Wars™ 3: Dimensions Evolved,7,0.0035
1694,943719970,GRID,7,0.0035
1695,341719186,"Guns, Gore and Cannoli 2",7,0.0035
1696,1657474153,Hades' Star: DARK NEBULA,7,0.0035
1697,1297287176,Halo Wars,7,0.0035
1698,642353763,Injustice™ 2 - Standard Edition,7,0.0035
1699,1906459372,Judgment,7,0.0035
1700,1396901863,Just Cause 2,7,0.0035
1701,542819315,Life is Strange: Before the Storm Episode 1,7,0.0035
1702,2147358433,Madden NFL 15,7,0.0035
1703,1112934453,Mercenaries,7,0.0035
1704,1979916310,METAL GEAR & METAL GEAR 2: Solid Snake,7,0.0035
1705,2017826215,METAL GEAR SOLID 2: Sons of Liberty - Master Collection Version,7,0.0035
1706,1464993839,Midway Arcade Origins,7,0.0035
1707,1957255658,MORDHAU,7,0.0035
1708,1548866781,MXGP2,7,0.0035
1709,2028520097,My Friend Pedro,7,0.0035
1710,113198981,NBA 2K18: The Prelude,7,0.0035
1711,1820656575,NHL® 23 Xbox Series X|S,7,0.0035
1712,1263929316,NINJA GAIDEN 3: RE,7,0.0035
1713,1713268914,NODE: The Last Favor of the Antarii (Game Demo),7,0.0035
1714,737714383,ONE PIECE BURNING BLOOD - DEMO,7,0.0035
1715,2025399821,ONE PUNCH MAN: A HERO NOBODY KNOWS,7,0.0035
1716,1146095594,Onechanbara,7,0.0035
1717,2028530104,Prince of Persia The Lost Crown,7,0.0035
1718,838726055,PRO EVOLUTION SOCCER 2018,7,0.0035
1719,848477962,Pure Chess,7,0.0035
1720,1743961068,Race The Sun,7,0.0035
1721,1480659519,Rayman 3 HD,7,0.0035
1722,1813984116,Resident Evil 4 Chainsaw Demo,7,0.0035
1723,1853277604,RetroRealms Arcade,7,0.0035
1724,2138535394,Rugby League Live 3,7,0.0035
1725,1480657777,Sega Vintage Collection: Streets of Rage,7,0.0035
1726,1781047490,Shin Megami Tensei V: Vengeance,7,0.0035
1727,288915516,Skyforge,7,0.0035
1728,1002731481,Snooker Nation Championship,7,0.0035
1729,1917594775,Stampede: Racing Royale (Game Preview),7,0.0035
1730,2071323777,Star Trek: Resurgence,7,0.0035
1731,1112934459,Star Wars Republic Commando,7,0.0035
1732,1883232264,STAR WARS™ Episode I Racer,7,0.0035
1733,1872765418,Tales of Arise (Xbox Series X|S),7,0.0035
1734,1719207328,TERMINATOR: RESISTANCE - COMPLETE EDITION,7,0.0035
1735,1977179260,TES IV: Oblivion Remastered - Digital Artbook & Original Soundtrack,7,0.0035
1736,1414793198,The Darkness,7,0.0035
1737,901516198,The Surge 2,7,0.0035
1738,1649660694,The Texas Chain Saw Massacre - PC Edition,7,0.0035
1739,1181281124,Thief,7,0.0035
1740,1480660067,Toybox Turbos,7,0.0035
1741,1851490214,Tribes of Midgard,7,0.0035
1742,1022548859,Truck Driver,7,0.0035
1743,1937610303,Two Point Museum,7,0.0035
1744,1754770560,Unicorn Overlord,7,0.0035
1745,1658477123,Unturned,7,0.0035
1746,995443207,Verdun,7,0.0035
1747,566278,WWE 2K17,7,0.0035
1748,2094867598,XIII,7,0.0035
1749,1520322998,Zombie Army Trilogy,7,0.0035
1750,1480656961,3D Ultra™ Minigolf,6,0.003
1751,1983088228,9 Lives To Defend,6,0.003
1752,1313671121,ACE COMBAT 6,6,0.003
1753,1915969143,AFL 23,6,0.003
1754,1950164627,Antstream Arcade - Annual,6,0.003
1755,524641908,Assassin's Creed® Chronicles: China,6,0.003
1756,100154526,Baja: Edge of Control HD,6,0.003
1757,364804937,BATTLESHIP®,6,0.003
1758,2070921614,Bayonetta,6,0.003
1759,1698796012,Bloons TD 6,6,0.003
1760,1896582181,Bramble: The Mountain King,6,0.003
1761,2137734969,Brews & Bastards Demo,6,0.003
1762,870299798,Carnival Games®,6,0.003
1763,1480657530,Castlevania HD,6,0.003
1764,1703939860,Clash: Artifacts of Chaos,6,0.003
1765,1737803796,Clone Drone in the Danger Zone Demo,6,0.003
1766,1096157460,COD: Advanced Warfare,6,0.003
1767,2040404955,Colorful Colore,6,0.003
1768,1480656920,Contra,6,0.003
1769,1699595315,Copycat Demo,6,0.003
1770,400142602,Costume Quest 2,6,0.003
1771,1297287249,Crimson Skies®: High Road to Revenge™,6,0.003
1772,2102421406,Day of the Tentacle Remastered,6,0.003
1773,1966406017,Deceive Inc.,6,0.003
1774,1129121861,DiRT Showdown,6,0.003
1775,1756491555,Dishonored 2,6,0.003
1776,2096544989,Divine Knockout (DKO),6,0.003
1777,1062046240,Divinity: Original Sin - Enhanced Edition,6,0.003
1778,1909957148,Dragon City,6,0.003
1779,2078793582,DYSMANTLE,6,0.003
1780,134413498,EA SPORTS™ NHL® 18,6,0.003
1781,2079627490,Echoes of the Plum Grove Demo,6,0.003
1782,1958827848,Eternal Card Game,6,0.003
1783,1661863954,FATE: Reawakened,6,0.003
1784,1727852104,FINAL FANTASY VI,6,0.003
1785,1835944487,Five Nights at Freddy's Into the Pit,6,0.003
1786,1519874468,Forza Horizon 2 Presents Fast & Furious,6,0.003
1787,1480657265,GAROU MOW,6,0.003
1788,1705113845,Garten of Banban 6,6,0.003
1789,1683674669,Ghostbusters: Spirits Unleashed Ecto Edition,6,0.003
1790,1657835461,Gods Will Fall,6,0.003
1791,1785738076,Grandia HD Collection,6,0.003
1792,984363462,Graveyard Keeper,6,0.003
1793,1129121860,GRID 2,6,0.003
1794,1480656912,Heavy Weapon,6,0.003
1795,1785862913,Hellblade: Senua's Sacrifice,6,0.003
1796,1880774720,Heroes of Hammerwatch - Ultimate Edition,6,0.003
1797,1829828400,HUMANKIND™,6,0.003
1798,2037481046,Inertial Drift,6,0.003
1799,1982219874,Insects: An Xbox One X Enhanced Experience,6,0.003
1800,1480657557,Iron Brigade,6,0.003
1801,1480656891,Jetpac Refuelled,6,0.003
1802,1775780452,Just Dance Free Experience,6,0.003
1803,333457553,Just Dance® 2020,6,0.003
1804,1966310183,Just Dance® 2022,6,0.003
1805,901962824,KartRider: Drift,6,0.003
1806,1640763780,KIBORG,6,0.003
1807,1712709524,KINGDOM HEARTS Melody of Memory (International),6,0.003
1808,1480657325,KOF2002UM,6,0.003
1809,1651525052,Life is Strange: Before the Storm Remastered,6,0.003
1810,1935490407,Little Nightmares Enhanced Edition,6,0.003
1811,1792638437,Lost Records: Bloom & Rage,6,0.003
1812,1297287144,Mass Effect,6,0.003
1813,23963413,Mega Man Zero/ZX Legacy Collection,6,0.003
1814,1535750831,Mega Man® Legacy Collection,6,0.003
1815,2142315481,Mighty Morphin Power Rangers: Rita's Rewind,6,0.003
1816,1973367334,MindsEye,6,0.003
1817,1480657679,Motocross Madness,6,0.003
1818,1891931390,MXGP 2021 - The Official Motocross Videogame - Xbox Series X|S,6,0.003
1819,2123370628,NBA 2K20 Demo,6,0.003
1820,2006666244,NBA 2K21 Next Generation,6,0.003
1821,1480657439,NEOGEO BATTLE COLISEUM,6,0.003
1822,2085418848,Nexomon,6,0.003
1823,303799945,Nickelodeon Kart Racers,6,0.003
1824,2013083896,NINJA GAIDEN: Ragebound,6,0.003
1825,1868841248,Nobody Saves the World,6,0.003
1826,1059087507,Octodad: Dadliest Catch,6,0.003
1827,1977174786,ONE PIECE ODYSSEY,6,0.003
1828,1793335544,ONE PIECE ODYSSEY Demo,6,0.003
1829,1964152695,OneShot: World Machine Edition,6,0.003
1830,1827996338,PBA Pro Bowling 2023,6,0.003
1831,1818736509,Pinball FX2 Windows 10 Edition,6,0.003
1832,1375792807,Pool Nation FX,6,0.003
1833,1789157539,Puyo Puyo™ Tetris® 2,6,0.003
1834,1970834532,RAGE 2 (PC),6,0.003
1835,753024882,Red Faction Guerrilla Re-Mars-tered,6,0.003
1836,1005790042,Resident Evil 7 Teaser: Beginning Hour,6,0.003
1837,2065674944,Resident Evil Re:Verse,6,0.003
1838,802418004,RESIDENT EVIL RESISTANCE,6,0.003
1839,1748326860,RetroMania Wrestling,6,0.003
1840,1814618059,Return to Monkey Island,6,0.003
1841,1804278141,Rugby 22 Xbox One,6,0.003
1842,1060097466,Serious Sam Collection,6,0.003
1843,2129748278,SHINOBI: Art of Vengeance Demo,6,0.003
1844,2031266067,Sker Ritual,6,0.003
1845,1166935255,Slender: The Arrival (2015),6,0.003
1846,1957476784,Sniper Elite V2 Remastered,6,0.003
1847,1480659614,Sonic the Fighters,6,0.003
1848,1835454890,Stay Out of the House,6,0.003
1849,2002404032,Stranded: Alien Dawn,6,0.003
1850,2120109308,STUFFED,6,0.003
1851,300578609,Styx: Shards of Darkness,6,0.003
1852,1431504880,TC's GRAW2,6,0.003
1853,1431504854,TC's RainbowSix Vegas,6,0.003
1854,1798733099,Teenage Mutant Ninja Turtles: Splintered Fate,6,0.003
1855,1906078054,TERMINATOR: RESISTANCE,6,0.003
1856,1984687290,Terra Invicta,6,0.003
1857,213257000,TerraTech,6,0.003
1858,1480659512,The Cave,6,0.003
1859,2036345770,The Dark Pictures Anthology House of Ashes,6,0.003
1860,20605635,The Surge,6,0.003
1861,1889167057,The Walking Dead: Destinies,6,0.003
1862,2127247278,Thief Simulator 2,6,0.003
1863,1279330262,Thrillville: OTR,6,0.003
1864,2099988016,Ticket to Ride®,6,0.003
1865,2070685355,to a T,6,0.003
1866,519443170,Torment: Tides of Numenera,6,0.003
1867,2027842646,Totally Normal Journey: The Interactive Musical,6,0.003
1868,1752529058,Towa and the Guardians of the Sacred Tree,6,0.003
1869,792914248,Tricky Towers,6,0.003
1870,239008106,Tropico 5 - Penultimate Edition,6,0.003
1871,644829211,Turok 2: Seeds of Evil,6,0.003
1872,1760893557,Warlander,6,0.003
1873,586255311,WARRIORS OROCHI 3 Ultimate,6,0.003
1874,1923839306,Wasteland 3 (PC),6,0.003
1875,2026783353,Wayfinder,6,0.003
1876,1807860559,Werewolf: The Apocalypse - Earthblood Xbox Series X|S,6,0.003
1877,1048549433,WRC 6 FIA World Rally Championship,6,0.003
1878,1788295676,Yakuza 4 Remastered,6,0.003
1879,1263405122,ZOE HD ,6,0.003
1880,1019936697,#IDARB,5,0.0025
1881,2073237270,60 Parsecs!,5,0.0025
1882,544527071,911 Operator,5,0.0025
1883,2002870555,A Little to the Left,5,0.0025
1884,1915348035,A Pizza Delivery Demo,5,0.0025
1885,1528308274,Aaero,5,0.0025
1886,1628334164,Adventures of a Cat In Space Demo,5,0.0025
1887,1743279702,Arma Reforger - Experimental,5,0.0025
1888,1861014614,Autonauts,5,0.0025
1889,1619305462,Baki Hanma: Blood Arena,5,0.0025
1890,1939312830,Barista Simulator,5,0.0025
1891,2009443764,BBQ Simulator: The Squad,5,0.0025
1892,1414793313,BioShock 2,5,0.0025
1893,1112934366,Bolt,5,0.0025
1894,231858691,Bomber Crew,5,0.0025
1895,1161889888,C&C Red Alert 3,5,0.0025
1896,2077036451,Cake Bash,5,0.0025
1897,1431504924,Call of Juarez: Bound in Blood,5,0.0025
1898,1670545964,Cards We're Dealt Demo,5,0.0025
1899,1414596609,Cars MN,5,0.0025
1900,2144913935,Castlevania Anniversary Collection,5,0.0025
1901,1263405065,Castlevania LoS,5,0.0025
1902,2005154977,Children of Morta,5,0.0025
1903,1967883584,Chorus,5,0.0025
1904,2003473581,Citizen Sleeper,5,0.0025
1905,1872937240,Copycat,5,0.0025
1906,1480657460,Crazy Taxi,5,0.0025
1907,1689376479,Crypt of the Serpent King Remastered 4K Edition,5,0.0025
1908,1414596582,Darksiders,5,0.0025
1909,1619542068,Dawn of Man,5,0.0025
1910,1480657664,DEAD RISING 2: CASE WEST,5,0.0025
1911,1671934405,Dead Rising Deluxe Remaster Demo,5,0.0025
1912,3469638,Degrees of Separation,5,0.0025
1913,1397819386,DEUS EX: HUMAN REVOLUTION,5,0.0025
1914,1641402901,Double Dragon Gaiden: Rise of the Dragons,5,0.0025
1915,1682154324,DPS Idle (Windows 10),5,0.0025
1916,1480657549,DR2: CASE ZERO,5,0.0025
1917,1721217822,Drake Hollow,5,0.0025
1918,1757950833,DreamWorks All-Star Kart Racing,5,0.0025
1919,776943591,DUCATI - 90th Anniversary,5,0.0025
1920,1480659910,DuckTales: Remastered,5,0.0025
1921,1414793294,Duke Nukem Forever,5,0.0025
1922,1741300205,Earthion,5,0.0025
1923,1880860626,Escape Academy,5,0.0025
1924,1989971377,Exit the Gungeon,5,0.0025
1925,1736752782,Expansion for Explorers,5,0.0025
1926,481925121,F1® 2018,5,0.0025
1927,1655237678,Fallout: New Vegas Ultimate Edition,5,0.0025
1928,408481962,FIFA 18 Demo,5,0.0025
1929,461914906,FIFA 19 Demo,5,0.0025
1930,548611852,FIFA 20 Demo,5,0.0025
1931,1850924057,Fishing: North Atlantic,5,0.0025
1932,1991161537,Fuga: Melodies of Steel 3 - Demo,5,0.0025
1933,1616852724,Full Throttle Remastered,5,0.0025
1934,1926605815,Funko Fusion,5,0.0025
1935,1480657151,Geometry Wars Evolved²,5,0.0025
1936,2126757651,Ghostrunner,5,0.0025
1937,488865290,Gravel Demo,5,0.0025
1938,620831719,GROW UP,5,0.0025
1939,1958071699,Guacamelee! Super Turbo Championship Edition,5,0.0025
1940,1816715399,Halls of Torment - Demo,5,0.0025
1941,1297287601,Halo: Combat Evolved Anniversary,5,0.0025
1942,1829337400,Have a Nice Death,5,0.0025
1943,1654652604,Heavy Cargo - The Truck Simulator,5,0.0025
1944,1952945858,Hello Engineer Demo,5,0.0025
1945,1396901851,Hitman: Blood Money,5,0.0025
1946,939695563,Hotshot Racing,5,0.0025
1947,390164739,Hunting Simulator,5,0.0025
1948,1660075534,Hunting Simulator 2 Xbox One,5,0.0025
1949,2010890559,Hunting Simulator 2 Xbox Series X|S,5,0.0025
1950,1673712997,KARMA: The Dark World,5,0.0025
1951,2100315886,KIBORG DEMO,5,0.0025
1952,2004313785,KILL KNIGHT,5,0.0025
1953,850034103,Killer Instinct 2 Classic,5,0.0025
1954,1939494382,KINGDOM HEARTS Ⅲ DEMO Version,5,0.0025
1955,2041063925,Lake,5,0.0025
1956,240478325,Layers of Fear (2016),5,0.0025
1957,1073523542,LEGO® STAR WARS™: The Force Awakens Demo,5,0.0025
1958,1848238632,Leisure Suit Larry - Wet Dreams Don't Dry,5,0.0025
1959,2002613703,Lethal League Blaze,5,0.0025
1960,1764400723,Like a Dragon: Ishin!,5,0.0025
1961,1987951399,Lonely Mountains: Downhill,5,0.0025
1962,1271641024,Lords of the Fallen (2014),5,0.0025
1963,1297287162,Lost Odyssey,5,0.0025
1964,1128466398,LOST PLANET COLONIES,5,0.0025
1965,142841733,Madden NFL 25,5,0.0025
1966,1926489287,Marvel's Midnight Suns for Xbox One,5,0.0025
1967,433988710,MASSIVE CHALICE,5,0.0025
1968,196597117,Mega Man X Legacy Collection 2,5,0.0025
1969,888477147,METAL GEAR SURVIVE,5,0.0025
1970,1480657433,Might & Magic Clash of Heroes™,5,0.0025
1971,576433659,Moto Racer 4,5,0.0025
1972,593565047,MY HERO ONE’S JUSTICE,5,0.0025
1973,1670201710,My Little Universe Demo,5,0.0025
1974,1706007518,Nexomon: Extinction,5,0.0025
1975,1846760960,Nickelodeon Kart Racers 3: Slime Speedway,5,0.0025
1976,1413679061,NINJA GAIDEN II,5,0.0025
1977,156829627,No Time To Explain,5,0.0025
1978,1661545526,Orcs Must Die! 3,5,0.0025
1979,1893882441,OUTRIDERS Demo,5,0.0025
1980,308514854,Outward,5,0.0025
1981,2089042924,Paleo Pines,5,0.0025
1982,267248679,Phantom Dust,5,0.0025
1983,884526952,Planetbase,5,0.0025
1984,116849471,Pro Evolution Soccer 2017,5,0.0025
1985,1480657046,Puzzle Quest,5,0.0025
1986,1957137539,Rabbids®: Party of Legends,5,0.0025
1987,24524637,Railway Empire,5,0.0025
1988,1673787135,Rain on Your Parade,5,0.0025
1989,893913055,Red Faction II,5,0.0025
1990,1414596703,Red Faction: Armageddon,5,0.0025
1991,1996943027,Revhead,5,0.0025
1992,2045526445,S.T.A.L.K.E.R.: Clear Sky - Enhanced Edition,5,0.0025
1993,1823082250,Sally Face,5,0.0025
1994,2020514432,SBK™22,5,0.0025
1995,1726081569,Seal: WHAT the FUN,5,0.0025
1996,1906073826,Skullgirls 2nd Encore,5,0.0025
1997,2098784475,Soulstice,5,0.0025
1998,2123190381,Soundtrack and The Art of Cronos: The New Dawn,5,0.0025
1999,1898652037,SOUTH PARK: SNOW DAY!,5,0.0025
2000,1636452571,SRX: The Game,5,0.0025
2001,1161890298,SSX 3,5,0.0025
2002,1663285336,STAR WARS™: Bounty Hunter™,5,0.0025
2003,605317845,Stern Pinball Arcade,5,0.0025
2004,2079765251,Streets of Rogue,5,0.0025
2005,1911065365,Stunt Paradise,5,0.0025
2006,1798675306,Super Box Delivery: Beyond the Horizon,5,0.0025
2007,1649102497,SWORD ART ONLINE Fractured Daydream,5,0.0025
2008,1431504864,TC's EndWar,5,0.0025
2009,1999803984,The Amazing Spider-Man 2™,5,0.0025
2010,706437546,The Awesome Adventures of Captain Spirit,5,0.0025
2011,1651647141,The Boat Grandma,5,0.0025
2012,2016552136,The Catch: Carp & Coarse Fishing,5,0.0025
2013,1790921256,The Evil Within® 2 (PC),5,0.0025
2014,1668285033,The Exit 8,5,0.0025
2015,1761411767,THE HOUSE OF THE DEAD: Remake,5,0.0025
2016,1987184613,The Jackbox Party Pack 9,5,0.0025
2017,1921488037,The Settlers®: New Allies,5,0.0025
2018,1431505093,The Stick of Truth™,5,0.0025
2019,874691210,This War of Mine: The Little Ones,5,0.0025
2020,1807962365,Tiny Tina's Assault on Dragon Keep: A Wonderlands One-shot Adventure,5,0.0025
2021,1610985256,Torchlight III,5,0.0025
2022,2125289543,TRANSFORMERS™: Devastation,5,0.0025
2023,1878739850,Truck Simulator Cargo Driver 2025 - USA,5,0.0025
2024,1661098733,Turbo Golf Racing,5,0.0025
2025,1987230441,Turmoil,5,0.0025
2026,495493033,Turok,5,0.0025
2027,1654418819,Vampire Hunters,5,0.0025
2028,1480659454,Virtua Fighter 5 Final Showdown,5,0.0025
2029,1704142080,Warhammer: Chaosbane Slayer Edition Xbox Series X|S,5,0.0025
2030,1926154049,Wasteland Remastered,5,0.0025
2031,2069636428,WINGSPAN,5,0.0025
2032,1985239734,World of Tanks Blitz (legacy),5,0.0025
2033,181948997,WWE 2K15,5,0.0025
2034,2081112709,Zaccaria Pinball,5,0.0025
2035,1736391553,30 Sport Games in 1,4,0.002
2036,1480657115,A Kingdom for Keflings,4,0.002
2037,398132983,ACA NEOGEO METAL SLUG 2,4,0.002
2038,552749870,ACA NEOGEO THE KING OF FIGHTERS '98,4,0.002
2039,1763236945,AFL Evolution 2,4,0.002
2040,701037441,Age of Wonders: Planetfall,4,0.002
2041,579423182,Agony,4,0.002
2042,1297287173,Alan Wake,4,0.002
2043,1719440805,Alone in the Dark,4,0.002
2044,2083321391,Arachnophobic Kyle,4,0.002
2045,2076917277,Army of Ruin,4,0.002
2046,1431504989,Assassin's Creed Brotherhood,4,0.002
2047,2042945112,Atomicrops,4,0.002
2048,1614240330,Baldur's Gate: Dark Alliance,4,0.002
2049,1823385601,Bassmaster® Fishing,4,0.002
2050,2006171548,Battle Brothers,4,0.002
2051,1397032979,BAYONETTA,4,0.002
2052,2035405673,Beach Buggy Racing,4,0.002
2053,1964310416,Bio Inc. Redemption,4,0.002
2054,1705614797,Bit ESC Demo,4,0.002
2055,1480657330,Bomberman Battlefest,4,0.002
2056,232457702,Broken Age,4,0.002
2057,1950881463,Bum Simulator,4,0.002
2058,2101621133,Call of Duty®: Black Ops II (2012),4,0.002
2059,2098202394,Candy Crush Saga,4,0.002
2060,435779585,Capcom Beat 'Em Up Bundle,4,0.002
2061,293403523,Cartoon Network: Battle Crashers,4,0.002
2062,521255269,Casey Powell Lacrosse 16,4,0.002
2063,287508507,Casey Powell Lacrosse 18,4,0.002
2064,1480659610,CastleStorm,4,0.002
2065,1739606934,Castlevania Advance Collection,4,0.002
2066,1480659976,Castlevania: LoS - Mirror of Fate HD,4,0.002
2067,2102465429,Coffee Talk,4,0.002
2068,1886383393,Croc's World 3 (Xbox-Edition),4,0.002
2069,2004939306,Crysis 3 Remastered,4,0.002
2070,1730984142,Danganronpa 2: Goodbye Despair Anniversary Edition,4,0.002
2071,1714959554,Deadzone: Rogue Demo,4,0.002
2072,1959842755,Death's Door,4,0.002
2073,1625099025,Detective Dotson Demo,4,0.002
2074,153292310,Disney Infinity 3.0 Edition,4,0.002
2075,1951675244,DJMAX RESPECT V,4,0.002
2076,1713897069,Dog Man: Mission Impawsible Demo,4,0.002
2077,1793469167,Dorfromantik,4,0.002
2078,1894948980,Dreamcore,4,0.002
2079,1558010571,DYNASTY WARRIORS 8 Empires,4,0.002
2080,1640323097,DYNASTY WARRIORS 9 Empires,4,0.002
2081,468454494,EA SPORTS™ FIFA 17 Downloadable Demo,4,0.002
2082,492699383,EA SPORTS™ NHL® 17,4,0.002
2083,809464104,Elex,4,0.002
2084,572417720,Emily Wants To Play,4,0.002
2085,1941057630,Empire of the Ants,4,0.002
2086,1888694361,Extreme Formula Championship (Demo),4,0.002
2087,1464993747,F.E.A.R. 2,4,0.002
2088,1906937527,Far Cry 3 Blood Dragon Classic Edition,4,0.002
2089,495246139,FAST & FURIOUS CROSSROADS,4,0.002
2090,184042097,Fe,4,0.002
2091,1799236568,FINAL FANTASY V,4,0.002
2092,1966202553,Fishing: North Atlantic Enhanced Edition,4,0.002
2093,67961945,FlatOut 4 : Total Insanity,4,0.002
2094,1612600408,Floralis Demo,4,0.002
2095,1804966091,Forager,4,0.002
2096,1980291965,FPV Simulator,4,0.002
2097,1480656915,Frogger,4,0.002
2098,1618662965,Garfield Kart Furious Racing,4,0.002
2099,159583079,Gear.Club Unlimited 2 - Ultimate Edition,4,0.002
2100,1480656877,Geometry Wars Evolved,4,0.002
2101,1641056892,Gloomhaven,4,0.002
2102,1758952227,Gothic 1 Remake - Demo,4,0.002
2103,1629480703,GRADIUS ORIGINS,4,0.002
2104,331529974,Hitman: Blood Money HD,4,0.002
2105,1958841023,Horror Adventure Demo,4,0.002
2106,1702750733,Huntdown,4,0.002
2107,1671981054,Imagine Earth Demo,4,0.002
2108,2129874876,Indivisible,4,0.002
2109,2144211794,Iron Harvest Complete Edition,4,0.002
2110,1396901845,Just Cause,4,0.002
2111,1297287122,Kameo,4,0.002
2112,1995913309,Katamari Damacy REROLL,4,0.002
2113,1869923276,Katana ZERO,4,0.002
2114,1749806231,Keep Talking and Nobody Explodes,4,0.002
2115,1718892809,Knockout City™,4,0.002
2116,1973808452,Last Oasis (Game Preview),4,0.002
2117,1833447683,Legacy of Kain™ Soul Reaver 1&2 Remastered,4,0.002
2118,1647023800,Legend Bowl,4,0.002
2119,1722781084,LEGO® Batman™: Legacy of the Dark Knight,4,0.002
2120,1925242158,Library Of Ruina,4,0.002
2121,149149959,Lies Of Astaroth,4,0.002
2122,1962388658,Like a Dragon: Pirate Yakuza in Hawaii,4,0.002
2123,746718051,Mafia III Demo,4,0.002
2124,1480659653,Magic 2014 — Duels of the Planeswalkers,4,0.002
2125,1060304103,Marooners,4,0.002
2126,322384131,Marvel: Ultimate Alliance,4,0.002
2127,1414793291,Max Payne® 2: The Fall of Max Payne,4,0.002
2128,523468027,Mega Man 11,4,0.002
2129,1632270119,Megaton Rainfall,4,0.002
2130,1624454834,Mel The Cat,4,0.002
2131,1716123081,Mel The Cat (Xbox One),4,0.002
2132,1889275388,Metal Eden,4,0.002
2133,1844460632,Metro Exodus Enhanced Edition,4,0.002
2134,1906672574,Middle-earth™: Shadow of Mordor™,4,0.002
2135,2099446354,Midnight Fight Express,4,0.002
2136,14233261,Minecraft: Story Mode - Season Two - Episode 1,4,0.002
2137,2128710093,Monster Sanctuary (Windows Version),4,0.002
2138,1150103050,Mordheim: City of the Damned,4,0.002
2139,2000897177,Mortal Kombat: Legacy Kollection,4,0.002
2140,2078262992,My Time at Sandrock Online,4,0.002
2141,1343920370,NBA 2K15,4,0.002
2142,878282273,NBA 2K17: The Prelude,4,0.002
2143,125341318,Night in the Woods,4,0.002
2144,301029247,Oddworld: New 'n' Tasty,4,0.002
2145,2081394706,Onimusha 2: Samurai's Destiny,4,0.002
2146,806794764,Override: Mech City Brawl,4,0.002
2147,1480656913,PAC-MAN,4,0.002
2148,1480657015,Pac-Man C.E.,4,0.002
2149,1906677498,PAC-MAN MUSEUM+,4,0.002
2150,1926352092,PBA Pro Bowling,4,0.002
2151,1632843296,Pillars of Eternity II: Deadfire - Ultimate Edition,4,0.002
2152,1702914632,Poker Club,4,0.002
2153,1414793184,Prey,4,0.002
2154,965890138,Project Highrise: Architect's Edition,4,0.002
2155,1715636420,Pummel Party,4,0.002
2156,481098309,Pure Farming 2018,4,0.002
2157,1784625849,Queen's Quest 5: Symphony of Death (Xbox Version),4,0.002
2158,1912444422,RAIDOU Remastered: The Mystery of the Soulless Army,4,0.002
2159,1901782415,Railway Empire 2 (Win),4,0.002
2160,1997388850,Resident Evil Operation Raccoon City,4,0.002
2161,1710190632,RiMS Racing Xbox Series X|S,4,0.002
2162,1619865604,Ring of Pain,4,0.002
2163,326835485,Rise of Nations: Extended Edition,4,0.002
2164,816351210,Risk: Urban Assault,4,0.002
2165,669503806,Rock of Ages 2: Bigger & Boulder™,4,0.002
2166,1745852530,RollerCoaster Tycoon 3 Complete Edition,4,0.002
2167,1263405009,Rumble Roses XX,4,0.002
2168,1263339473,Sacred 2 Fallen Angel,4,0.002
2169,378040902,Salt and Sanctuary,4,0.002
2170,1652981346,ScourgeBringer,4,0.002
2171,365310947,Scribblenauts Mega Pack,4,0.002
2172,1641777228,Serious Sam 4,4,0.002
2173,1882598345,Shadow Warrior,4,0.002
2174,1953391836,Shadowrun Returns,4,0.002
2175,1619485722,Shadows of Doubt,4,0.002
2176,902608,Sky Force Reloaded,4,0.002
2177,844274714,Skylanders Imaginators,4,0.002
2178,60656359,SOMA,4,0.002
2179,1480659441,Sonic CD,4,0.002
2180,1480656996,Sonic The Hedgehog,4,0.002
2181,1480656995,Sonic The Hedgehog 2,4,0.002
2182,1480657415,SONIC THE HEDGEHOG™ 4 Episode I,4,0.002
2183,1886641819,Space Mercenary Defense Force,4,0.002
2184,1414793283,Spec Ops: The Line,4,0.002
2185,1618733759,Star Wars Outlaws - Free Demo,4,0.002
2186,1611656661,Starbound,4,0.002
2187,2009073182,Steelrising - Standard Edition,4,0.002
2188,1895471502,Stubbs the Zombie in Rebel Without a Pulse,4,0.002
2189,1986802694,Suikaiju,4,0.002
2190,1980176822,Suikaiju (Windows),4,0.002
2191,1995931888,Sunderfolk,4,0.002
2192,1998740916,Super Kids Racing : Mini Edition Demo,4,0.002
2193,1655214141,Super World Run - Adventure Game,4,0.002
2194,405775731,Surviving Mars,4,0.002
2195,412423425,SWORD ART ONLINE Alicization Lycoris,4,0.002
2196,1803471862,Taiko no Tatsujin: Rhythm Festival Demo,4,0.002
2197,1624264477,Taiko no Tatsujin: The Drum Master!,4,0.002
2198,2058090036,Tainted Grail: The Fall of Avalon DEMO,4,0.002
2199,1969180565,Tales of Graces f Remastered,4,0.002
2200,1431504853,TC's GRAW,4,0.002
2201,1733855657,Tech Glitch,4,0.002
2202,1970353365,Terminal 81 (Xbox Series X|S),4,0.002
2203,157772240,The Bard's Tale IV: Director's Cut,4,0.002
2204,1414793181,The Bureau,4,0.002
2205,1731548634,The Dark Pictures Anthology: Little Hope,4,0.002
2206,29720212,The Flame in the Flood,4,0.002
2207,1480657090,The Maw,4,0.002
2208,1781023780,The Medium,4,0.002
2209,2128187549,The Walking Zombie 2,4,0.002
2210,193310209,The Witness,4,0.002
2211,2089424131,This War of Mine: Final Cut,4,0.002
2212,2068094397,To the Moon and Beyond,4,0.002
2213,1946103240,Tomb Raider I-III Remastered Starring Lara Croft,4,0.002
2214,1396901868,Tomb Raider Underworld,4,0.002
2215,1841510170,Tony Stewart's Sprint Car Racing,4,0.002
2216,1297287134,Too Human,4,0.002
2217,1695392136,Tormented Souls,4,0.002
2218,1480657580,Toy Soldiers: Cold War,4,0.002
2219,1763742865,Train Sim World® 2,4,0.002
2220,547734537,Truck Racing Championship,4,0.002
2221,2117776820,UnderMine,4,0.002
2222,2102312061,Unrailed!,4,0.002
2223,1651691355,Wanted: Dead,4,0.002
2224,1769772134,Wargroove 2,4,0.002
2225,648298719,Warhammer: Chaosbane Xbox One,4,0.002
2226,405657081,Warhammer: End Times - Vermintide,4,0.002
2227,2019181131,Wasteland 2: Director's Cut,4,0.002
2228,1892485156,We Were Here Expeditions: The FriendShip,4,0.002
2229,1798375126,Welcome to ParadiZe,4,0.002
2230,1763125243,Wild Card Football,4,0.002
2231,1781945767,Wizard of Legend 2,4,0.002
2232,1690524168,Wo Long: Fallen Dynasty,4,0.002
2233,1909396590,Wolfenstein: The Old Blood (PC),4,0.002
2234,912832008,WRC 7 FIA World Rally Championship,4,0.002
2235,1894333860,WRC 8 FIA World Rally Championship Xbox One,4,0.002
2236,1922758426,WRC 9 FIA World Rally Championship,4,0.002
2237,1414793346,XCOM®: Enemy Unknown,4,0.002
2238,1998643149,Yakuza Kiwami,4,0.002
2239,1845646569,Yakuza Kiwami 2,4,0.002
2240,1717071867,ZOMBI,4,0.002
2241,473358447,Zoo Tycoon: Ultimate Animal Collection Demo,4,0.002
2242,1980412525,50 Years,3,0.0015
2243,570085654,8-Bit RTS Series,3,0.0015
2244,1038499153,A Hat in Time,3,0.0015
2245,88086791,A KING'S TALE: FINAL FANTASY XV,3,0.0015
2246,949699803,ABZU,3,0.0015
2247,419725624,ACA NEOGEO THE KING OF FIGHTERS '97,3,0.0015
2248,1660341261,ACA2NEOGEO THE KING OF FIGHTERS '98,3,0.0015
2249,2094098726,Ace Attorney Investigations Collection,3,0.0015
2250,2023402980,Achilles: Legends Untold,3,0.0015
2251,1939634325,Action Arcade Wrestling,3,0.0015
2252,1790739309,Ad Infinitum,3,0.0015
2253,1958267791,AK-xolotl: Together,3,0.0015
2254,1847254069,Alex Kidd in Miracle World DX,3,0.0015
2255,1480657314,Altered Beast,3,0.0015
2256,189808036,American Fugitive,3,0.0015
2257,1757356654,Andro Dunos 2,3,0.0015
2258,2041767726,Angry Birds 2,3,0.0015
2259,1611092700,Ara History Untold: Anniversary Edition,3,0.0015
2260,1741728886,Arcade Paradise,3,0.0015
2261,1714994601,Architect Life: A House Design Simulator,3,0.0015
2262,1877455960,art of rally,3,0.0015
2263,1846786072,Asphalt 8: Airborne,3,0.0015
2264,1841822482,Asterix & Obelix XXL3: The Crystal Menhir,3,0.0015
2265,1992960588,Atelier Yumia: The Alchemist of Memories & the Envisioned Land - Demo (Xbox Series X|S),3,0.0015
2266,1771834186,ATLAS (Game Preview),3,0.0015
2267,1720903665,Autopsy Simulator,3,0.0015
2268,975485641,Back to the Future: The Game - 30th Anniversary Edition,3,0.0015
2269,2078107330,Bad Cheese,3,0.0015
2270,1480657278,Battlefield 1943™,3,0.0015
2271,1737916926,Bay Breaker,3,0.0015
2272,1870087215,Bear Squire Honey Journey (Xbox Series),3,0.0015
2273,2082409114,BEFORE I GO Demo,3,0.0015
2274,2037703927,Beyond Blue,3,0.0015
2275,1955832684,Beyond Good & Evil 20th Anniversary Edition,3,0.0015
2276,621760503,Big Crown: Showdown,3,0.0015
2277,2099876954,Big Rumble Boxing: Creed Champions,3,0.0015
2278,1672240848,Bingo Blitz™️ - Bingo Games,3,0.0015
2279,1952427486,Bloodstained: Ritual of the Night,3,0.0015
2280,1480657002,Boom Boom Rocket,3,0.0015
2281,1744072621,Bratz™: Flaunt your fashion,3,0.0015
2282,58039508,Bridge Constructor Portal,3,0.0015
2283,723100070,BUTCHER,3,0.0015
2284,2051749659,Butterfly 2,3,0.0015
2285,2102100337,Cake Bash Demo,3,0.0015
2286,1650593751,Calico,3,0.0015
2287,1936376749,Capcom Fighting Collection,3,0.0015
2288,2052867986,Cards We're Dealt,3,0.0015
2289,2032548938,Cassette Beasts,3,0.0015
2290,2012135933,Castlevania Dominus Collection,3,0.0015
2291,1646378646,Cat Quest III,3,0.0015
2292,1858000832,Caterpillar,3,0.0015
2293,1889886349,Chess Royal,3,0.0015
2294,768615691,Chess Ultra,3,0.0015
2295,1512517621,Child of Light,3,0.0015
2296,2137663855,Chip ‘n Clawz vs. The Brainioids,3,0.0015
2297,1480656871,Cloning Clyde,3,0.0015
2298,2035194488,Clunky Hero,3,0.0015
2299,1941723837,Coffee Talk Episode 2: Hibiscus and Butterfly,3,0.0015
2300,1842022716,Colt Canyon,3,0.0015
2301,1414596570,Conan,3,0.0015
2302,1767974553,Cozy Grove,3,0.0015
2303,694139546,Crawl,3,0.0015
2304,1985791411,Cricket 22,3,0.0015
2305,1753293863,CrushBorgs (Xbox One),3,0.0015
2306,1735754897,CrushBorgs (Xbox Series),3,0.0015
2307,1946372542,Cubic Odyssey,3,0.0015
2308,942640100,DAKAR 18,3,0.0015
2309,2055582442,Danganronpa: Trigger Happy Havoc Anniversary Edition,3,0.0015
2310,1620054122,Danger Scavenger,3,0.0015
2311,1798666879,Dark Deception: Monsters & Mortals,3,0.0015
2312,125143641,Deadlight: Director's Cut,3,0.0015
2313,1480657099,Defense Grid,3,0.0015
2314,1669682262,Defense Grid 2,3,0.0015
2315,1821772596,DEMON'S TILT,3,0.0015
2316,2116371080,Dicey Dungeons,3,0.0015
2317,63030352,Disneyland Adventures Demo,3,0.0015
2318,1744516403,Dolmen,3,0.0015
2319,1480657334,DOOM II (Classic),3,0.0015
2320,1855780914,DreamWorks Gabby’s Dollhouse: Ready to Party,3,0.0015
2321,1861826241,Duck Simulator 2,3,0.0015
2322,1995684972,Dune: Spice Wars,3,0.0015
2323,1666801480,Dunk Lords,3,0.0015
2324,2109921570,DYNASTY WARRIORS: ORIGINS Demo,3,0.0015
2325,536104326,EA SPORTS™ UFC® Demo,3,0.0015
2326,2032966950,Echo Weaver Demo,3,0.0015
2327,1817638967,Echoes of the End: Enhanced Edition,3,0.0015
2328,1886142482,EcoGnomix,3,0.0015
2329,1748036661,Electrician Simulator,3,0.0015
2330,1852617445,ELEX II,3,0.0015
2331,911650903,Evoland Legendary Edition,3,0.0015
2332,1639220334,Exo One,3,0.0015
2333,180750187,F1™ 2017,3,0.0015
2334,1895194085,Fallout 2,3,0.0015
2335,1866455351,Fallout 3: Game of the Year Edition,3,0.0015
2336,1880744816,Farming Simulator 22 (PC),3,0.0015
2337,1629487179,FATAL FRAME: Maiden of Black Water,3,0.0015
2338,1709057471,FATAL FRAME: Mask of the Lunar Eclipse,3,0.0015
2339,1431504860,FC Instincts Predator,3,0.0015
2340,332903703,Fibbage: The Hilarious Bluffing Party Game,3,0.0015
2341,1920237746,FINAL FANTASY II,3,0.0015
2342,1397819398,FINAL FANTASY XIII-2,3,0.0015
2343,1832263068,Fire & Water,3,0.0015
2344,2082350956,Fishing Sim World: Bass Pro Shops Edition,3,0.0015
2345,2018987965,FlatWarriors,3,0.0015
2346,564985242,Forza Horizon 3 Demo,3,0.0015
2347,2004076451,Fruit Adventure,3,0.0015
2348,1978204673,Full Metal Furies,3,0.0015
2349,212246852,Furi,3,0.0015
2350,1856172970,Game of Thrones - Episode 1: Iron from Ice,3,0.0015
2351,21230315,Genesis Alpha One,3,0.0015
2352,1881258316,Ghost Song,3,0.0015
2353,1229391860,Ghostbusters,3,0.0015
2354,2045688705,Giana Sisters: Twisted Dreams - Director's Cut,3,0.0015
2355,1926555180,Goat Out Of Hell (Xbox One),3,0.0015
2356,1480660120,Goat Simulator,3,0.0015
2357,2094693316,Golfing in Aether,3,0.0015
2358,1705150859,Greedland,3,0.0015
2359,121960285,Guts & Glory,3,0.0015
2360,1640358223,Hammerwatch Anniversary Edition,3,0.0015
2361,1480657520,Harms Way,3,0.0015
2362,1627601214,Heading Out,3,0.0015
2363,1742067174,Hell is Us - Art Pack,3,0.0015
2364,1646097714,Hell is Us - Demo,3,0.0015
2365,1789922063,Hidden Cats in Rome,3,0.0015
2366,1698597039,Hokko Life,3,0.0015
2367,1657530068,Homescapes,3,0.0015
2368,758563081,Horizon Chase Turbo,3,0.0015
2369,2058317945,Hotel Renovator,3,0.0015
2370,447331588,I Am Bread,3,0.0015
2371,2129720796,"I Have No Mouth, and I Must Scream",3,0.0015
2372,1672730245,In Sound Mind,3,0.0015
2373,21051553,It's Quiz Time,3,0.0015
2374,1297287250,Jade Empire™,3,0.0015
2375,1922993793,Jalopy,3,0.0015
2376,668950127,Joe Dever’s Lone Wolf Console Edition,3,0.0015
2377,1480660105,JUJU,3,0.0015
2378,1925586579,Jump King,3,0.0015
2379,649279273,King's Quest™,3,0.0015
2380,2072806887,King Arthur: Knight's Tale,3,0.0015
2381,2060680883,King Arthur: Legion IX,3,0.0015
2382,1480657105,KOF98UM,3,0.0015
2383,2092303758,Kona II: Brume,3,0.0015
2384,1642491282,Lamentum,3,0.0015
2385,2118709517,Legend of Keepers: Career of a Dungeon Manager,3,0.0015
2386,1464993821,LEGO® Lord of the Rings™,3,0.0015
2387,1694487955,Life is Strange: True Colors,3,0.0015
2388,2045560230,LIMBO,3,0.0015
2389,1936213191,Little Nightmares Enhanced Edition,3,0.0015
2390,1699337652,Little Nightmares II DEMO,3,0.0015
2391,1128466480,Lost Planet 3,3,0.0015
2392,2021132620,Mandragora: Whispers of the Witch Tree,3,0.0015
2393,1886514325,Marble It Up! Ultra,3,0.0015
2394,1935548464,Master Detective Archives: RAIN CODE Plus,3,0.0015
2395,956590734,Mega Man Legacy Collection 2,3,0.0015
2396,2039573071,Merge & Blade,3,0.0015
2397,1747564672,Microsoft Treasure Hunt,3,0.0015
2398,2104864557,Mistfall Hunter,3,0.0015
2399,1480657301,Monkey Island: SE,3,0.0015
2400,1480660055,MONOPOLY PLUS,3,0.0015
2401,2038013659,Monster High™‎ Skulltimate Secrets™,3,0.0015
2402,1697419723,Mostroscopy,3,0.0015
2403,2079227086,MotoGP™20,3,0.0015
2404,1679173794,MotoGP™21,3,0.0015
2405,1698746853,MotoGP™23,3,0.0015
2406,1885048343,Mr. Bomber,3,0.0015
2407,1480656951,MS.PAC-MAN,3,0.0015
2408,1834840157,Murder House,3,0.0015
2409,1866194138,Murder Miners,3,0.0015
2410,905842411,Mutant Football League,3,0.0015
2411,1991467401,My Little Universe,3,0.0015
2412,1480656988,N+,3,0.0015
2413,607267025,N++ (NPLUSPLUS),3,0.0015
2414,37469967,NBA Playgrounds,3,0.0015
2415,2021405472,Nickelodeon Kart Racers 2: Grand Prix,3,0.0015
2416,2074956981,Oddworld: Soulstorm Enhanced Edition,3,0.0015
2417,2074508136,Open Country,3,0.0015
2418,264259050,Ori and the Blind Forest,3,0.0015
2419,2027066829,Ori and the Blind Forest: Definitive Edition - Nintendo Switch,3,0.0015
2420,1129121801,Overlord II,3,0.0015
2421,484684099,PAC-MAN 256,3,0.0015
2422,2013199752,PAC-MAN Mega Tunnel Battle: Chomp Champs,3,0.0015
2423,1815686049,Paper io 2,3,0.0015
2424,1297287193,Party Animals,3,0.0015
2425,1893912101,Party Panic,3,0.0015
2426,843014522,Pathfinder: Kingmaker - Definitive Edition,3,0.0015
2427,1912801032,PAW Patrol The Movie: Adventure City Calls,3,0.0015
2428,1641334275,Phantom Breaker: Omnia,3,0.0015
2429,1731213835,Pickup Driving - Free,3,0.0015
2430,1728022534,Plants vs. Zombies™: Replanted,3,0.0015
2431,2134612267,Polterguys: Possession Party Demo,3,0.0015
2432,1919133963,Praetorians - HD Remaster,3,0.0015
2433,993540759,Pure Hold'em™,3,0.0015
2434,2117633627,Quiplash 2 InterLASHional: The Say Anything Party Game!,3,0.0015
2435,1733215481,Race with Ryan,3,0.0015
2436,2119938423,Raid: Shadow Legends,3,0.0015
2437,1897447749,ReactorX,3,0.0015
2438,1805490295,ReactorX 2,3,0.0015
2439,1781025707,RESIDENT EVIL 2 R.P.D. Demo,3,0.0015
2440,1751333235,Resident Evil Village Gold Edition Gameplay Demo,3,0.0015
2441,1628140410,Rewind or Die,3,0.0015
2442,1313671123,Ridge Racer 6,3,0.0015
2443,434412541,Rise of the Tomb Raider,3,0.0015
2444,1738390204,Rivals of Aether,3,0.0015
2445,227770627,Riverbond,3,0.0015
2446,1785385145,Rock of Ages 3: Make & Break,3,0.0015
2447,1723464141,Rogue Flight,3,0.0015
2448,1850415990,"Rolling Hills: Make Sushi, Make Friends",3,0.0015
2449,1652661000,Rugby Challenge 4,3,0.0015
2450,93901068,Ruiner,3,0.0015
2451,1690094100,Run Sausage Run!,3,0.0015
2452,1889657958,S.T.A.L.K.E.R.: Call of Prypiat - Enhanced Edition,3,0.0015
2453,2104908468,SAMURAI WARRIORS 5,3,0.0015
2454,1979417101,SD GUNDAM BATTLE ALLIANCE,3,0.0015
2455,1297287126,Shadowrun,3,0.0015
2456,1939956128,Shadowrun: Dragonfall - Director's Cut PC,3,0.0015
2457,1933595910,Shaolin vs Wutang 2,3,0.0015
2458,1654530968,Shieldwall,3,0.0015
2459,1679830701,Shing!,3,0.0015
2460,1263405029,Silent Hill Homecoming,3,0.0015
2461,1263405091,Silent Hill:  Downpour,3,0.0015
2462,2100742349,Sir Whoopass: Immortal Death,3,0.0015
2463,1480659419,Skullgirls,3,0.0015
2464,1613869684,Skylanders SWAP Force,3,0.0015
2465,1657758963,Slay the Princess - The Pristine Cut,3,0.0015
2466,1648364111,Snack and Quack (Xbox Series),3,0.0015
2467,1671676860,Snakeybus,3,0.0015
2468,269700535,Sniper Elite 3,3,0.0015
2469,1179584488,Sniper Elite V2,3,0.0015
2470,1480659442,SONIC 4 Episode II,3,0.0015
2471,1480657315,Sonic The Hedgehog 3,3,0.0015
2472,1480657485,Space Invaders: IG,3,0.0015
2473,778803087,Spacelords,3,0.0015
2474,1734092917,Spirit of the North: Enhanced Edition,3,0.0015
2475,1645862163,SpotCat vs The Cheddar Mafia In Asia,3,0.0015
2476,903098188,Strange Brigade,3,0.0015
2477,1414596596,Stuntman: Ignition,3,0.0015
2478,2057573435,Suikoden I&II HD Remaster Gate Rune and Dunan Unification Wars,3,0.0015
2479,1718545023,Sunset Overdrive,3,0.0015
2480,2039224282,Super Monkey Ball Banana Mania,3,0.0015
2481,1766074168,Supermarket Simulator - Price Panic ( XBOX & PC ),3,0.0015
2482,2003002635,Survival: Foutain of Youth - Captain's Edition,3,0.0015
2483,1770175521,Surviving the Aftermath,3,0.0015
2484,1619109702,Tales of Symphonia Remastered,3,0.0015
2485,1978334388,Tank Mechanic Simulator,3,0.0015
2486,1718047845,Tannenberg,3,0.0015
2487,1431504918,TC’s H.A.W.X,3,0.0015
2488,972022825,Tetris® Ultimate,3,0.0015
2489,1733173772,The Bard's Tale Trilogy,3,0.0015
2490,2000790611,"THE CARD Perfect Collection Plus: Texas Hold 'em, Solitaire and others",3,0.0015
2491,890454034,The Dark Pictures Anthology: Man Of Medan,3,0.0015
2492,1685158190,The Expanse: A Telltale Series,3,0.0015
2493,1668095237,The Jackbox Naughty Pack,3,0.0015
2494,2073554022,The Jackbox Party Starter,3,0.0015
2495,1892179113,The Last Faith,3,0.0015
2496,1967005422,The Wandering Village,3,0.0015
2497,2031756340,They Are Billions,3,0.0015
2498,1691955008,TOKI Juju Densetsu,3,0.0015
2499,1961294826,Top Racer Collection,3,0.0015
2500,1480657534,Torchlight,3,0.0015
2501,21471625,Torchlight II,3,0.0015
2502,1721366178,Toy Soldiers HD,3,0.0015
2503,1686524250,Train Sim World® 4,3,0.0015
2504,1804852983,Train Station Renovation,3,0.0015
2505,2093112005,Turok 3: Shadow of Oblivion Remastered,3,0.0015
2506,1749676903,Two Point Campus,3,0.0015
2507,2050010864,Two Point Hospital™,3,0.0015
2508,1871105054,TY the Tasmanian Tiger HD,3,0.0015
2509,1683451145,Ultra Foodmess Deluxe,3,0.0015
2510,2060146885,Unspottable,3,0.0015
2511,1620954305,Vagante,3,0.0015
2512,1865031496,Virtua Fighter 5 R.E.V.O. World Stage Open Beta Test,3,0.0015
2513,2018869457,Visions of Mana Demo,3,0.0015
2514,1672389327,Warcraft® II: Remastered,3,0.0015
2515,1682770291,"Warhammer 40,000: Chaos Gate - Daemonhunters",3,0.0015
2516,1975267359,"Warhammer 40,000: Mechanicus",3,0.0015
2517,2113105582,Warhammer Age of Sigmar: Realms of Ruin,3,0.0015
2518,2039837995,We Were Here Forever,3,0.0015
2519,2144997626,West of Dead,3,0.0015
2520,861949148,What Remains of Edith Finch,3,0.0015
2521,1851310927,Who Wants to Be a Millionaire?,3,0.0015
2522,521446567,WORLD OF FINAL FANTASY MAXIMA,3,0.0015
2523,1834145283,World of Tennis: Roaring ’20s,3,0.0015
2524,1683514281,World of Warships,3,0.0015
2525,206756614,World of Warships: Legends (Supertest),3,0.0015
2526,1631055981,Worms Rumble,3,0.0015
2527,1663377800,WSOP,3,0.0015
2528,1773431897,Yakuza 6: The Song of Life,3,0.0015
2529,912199926,Yet Another Zombie Defense HD,3,0.0015
2530,518528069,Yooka-Laylee,3,0.0015
2531,1848677374,ZDQ Island Engagement,3,0.0015
2532,711381438,Zoo Tycoon,3,0.0015
2533,1993684846,3D Chess Game,2,0.001
2534,1689292278,63 Days Demo,2,0.001
2535,1682735559,9 Monkeys of Shaolin,2,0.001
2536,1791707434,A Castle Full of Cats,2,0.001
2537,1937335069,A Gummy's Life,2,0.001
2538,390641336,ACA NEOGEO METAL SLUG,2,0.001
2539,983914761,ACA NEOGEO METAL SLUG 3,2,0.001
2540,731026222,ACA NEOGEO METAL SLUG X,2,0.001
2541,420401391,ACA NEOGEO THE KING OF FIGHTERS 2000,2,0.001
2542,442527816,ACA NEOGEO THE KING OF FIGHTERS 2001,2,0.001
2543,1849400719,Adios,2,0.001
2544,219620906,ADIOS Amigos,2,0.001
2545,1791497779,Agatha Christie - Death on the Nile,2,0.001
2546,1651580938,Aggelos,2,0.001
2547,2099005661,AI: THE SOMNIUM FILES Nirvana Initiative,2,0.001
2548,1064538690,Air Missions: HIND,2,0.001
2549,1480660006,AirMech Arena,2,0.001
2550,1859288114,AirportSim,2,0.001
2551,1846694005,Akuto: Showdown,2,0.001
2552,1480659507,Alan Wake's American Nightmare ®,2,0.001
2553,1758633519,Alien Hominid HD,2,0.001
2554,173777692,Alto's Adventure,2,0.001
2555,1688666438,Among Ashes,2,0.001
2556,77840650,Among the Sleep - Enhanced Edition,2,0.001
2557,1828567307,Angry Video Game Nerd I & II Deluxe,2,0.001
2558,1974477711,Animal Kingdom 3,2,0.001
2559,1808134657,ANNO : Mutationem,2,0.001
2560,652901378,APB Reloaded,2,0.001
2561,244952910,Aragami: Shadow Edition,2,0.001
2562,1861701062,Arcade Archives 2 RIDGE RACER,2,0.001
2563,1708780346,Are You Smarter Than A 5th Grader?,2,0.001
2564,2029448252,ASMR Slicing,2,0.001
2565,1762779465,Asterigos: Curse of the Stars,2,0.001
2566,1946604107,Asteroids: Recharged,2,0.001
2567,1664245882,Atari 50: The Anniversary Celebration,2,0.001
2568,267850304,ATV Drift & Tricks Definitive Edition,2,0.001
2569,1902834375,Autobahn Police Simulator 3,2,0.001
2570,1414596577,Avatar: TLA: TBE,2,0.001
2571,55549300,Axiom Verge,2,0.001
2572,1863442325,Baby Storm,2,0.001
2573,1859435059,BAD END THEATER,2,0.001
2574,1833100190,Baldur's Gate: Dark Alliance II,2,0.001
2575,1618019161,Ballotron Coolbox,2,0.001
2576,1854415183,Barn Finders,2,0.001
2577,443831560,Battlestar Galactica Deadlock™,2,0.001
2578,1890709531,Bay Breaker (Xbox One),2,0.001
2579,1844143156,Beach Buggy Racing 2: Island Adventure,2,0.001
2580,2140460499,Before We Leave,2,0.001
2581,1480657658,Beyond Good & Evil HD,2,0.001
2582,1618388364,Beyond Hanwell,2,0.001
2583,2111261259,Biped,2,0.001
2584,338768437,Black The Fall,2,0.001
2585,1635661974,Bladed Fury,2,0.001
2586,941698858,Bleed 2,2,0.001
2587,2037855727,Block Puzzle Jewels Classic,2,0.001
2588,1892026097,Bloodwash,2,0.001
2589,1414793318,Borderlands (JP),2,0.001
2590,1685243124,Boxville,2,0.001
2591,1857914892,Boyfriend Dungeon,2,0.001
2592,1480657070,Brain Challenge™,2,0.001
2593,1711822201,Breaking Gates Preview,2,0.001
2594,1879813340,Breathedge,2,0.001
2595,1754913361,Brewmaster: Beer Brewing Simulator,2,0.001
2596,2038940671,Bridge Race,2,0.001
2597,73782745,Brothers: a Tale of Two Sons,2,0.001
2598,1662151289,Bylina Origins Demo,2,0.001
2599,1724764656,Call of Duty®: Ghosts (Windows),2,0.001
2600,754791096,Call of Duty®: Infinite Warfare,2,0.001
2601,1824708710,Call of Duty®: World at War (2008),2,0.001
2602,2018993706,Candy Crush Soda Saga,2,0.001
2603,1888252516,Captain Puff Macfly (DEMO),2,0.001
2604,908734579,Carmageddon: Max Damage,2,0.001
2605,1696049385,Carnivores: Dinosaur Hunt,2,0.001
2606,1501266033,CastleStorm - Definitive Edition,2,0.001
2607,1714744209,Catacomb Master,2,0.001
2608,1793169392,Cattle Country Demo,2,0.001
2609,1872307318,Chef Life: A Restaurant Simulator,2,0.001
2610,1644979601,Chernobylite Complete Edition,2,0.001
2611,1944645448,Chess Battle,2,0.001
2612,1749756360,Chocolate Factory Simulator,2,0.001
2613,1717280173,CHRONO CROSS: THE RADICAL DREAMERS EDITION,2,0.001
2614,1627160129,Circuit Superstars,2,0.001
2615,1618799257,CityDriver,2,0.001
2616,1880988322,Classic Pool,2,0.001
2617,1732400170,Cobra Kai 2: Dojos Rising,2,0.001
2618,1817431096,Code of War: War Guns Shooter games,2,0.001
2619,1737711768,Collie Call: Farm of Tomorrow (Xbox One),2,0.001
2620,2107467778,Colorful Colore (for Windows 10),2,0.001
2621,1480657440,Comic Jumper,2,0.001
2622,1811348687,Commandos 2 - HD Remaster,2,0.001
2623,1954997644,Construction Simulator 3 - Console Edition,2,0.001
2624,2011564314,Contra: Operation Galuga,2,0.001
2625,2097032200,"Cook, Serve, Delicious! 2!!",2,0.001
2626,1809115559,Corpse Party,2,0.001
2627,1620274602,Cricket 19,2,0.001
2628,1931878195,Cricket 24: The Official Game Of The Ashes,2,0.001
2629,1771581366,Croc Legend of the Gobbos,2,0.001
2630,1921002833,Crossy Road Castle,2,0.001
2631,2123216194,Crysis 2 Remastered,2,0.001
2632,1684821663,Cuisineer,2,0.001
2633,1914646696,Curse of the Dead Gods,2,0.001
2634,1819129417,Cursed Feed,2,0.001
2635,1725949779,CyberWar Neon City Demo,2,0.001
2636,1033012343,D4: Dark Dreams Don't Die,2,0.001
2637,1939160486,Dakar Desert Rally,2,0.001
2638,1750090684,Dark Elven Legacy,2,0.001
2639,1414596758,Darksiders II,2,0.001
2640,1611718894,DC League of Super-Pets: The Adventures of Krypto and Ace,2,0.001
2641,1414596709,de Blob 2 (2014),2,0.001
2642,1413679057,DEAD OR ALIVE 4,2,0.001
2643,1880055889,DEADCRAFT,2,0.001
2644,1480657513,Deadliest Warrior,2,0.001
2645,1684075016,Deadlink,2,0.001
2646,2027027841,Debtor: Enhanced Edition,2,0.001
2647,1779096288,Deliver At All Costs,2,0.001
2648,94911754,Devil May Cry 5 Demo,2,0.001
2649,1636827856,DiRT Rally 2.0,2,0.001
2650,1799432498,Disc Room,2,0.001
2651,1821472434,Disciples: Liberation,2,0.001
2652,1805483741,Dishonored®: Death of the Outsider™ (PC),2,0.001
2653,1974043980,Disney Classic Games: Aladdin and The Lion King,2,0.001
2654,1671685084,Disney Epic Mickey: Rebrushed - Demo,2,0.001
2655,1112934403,Disney Universe,2,0.001
2656,1480656932,DOOM,2,0.001
2657,576050592,DOOM Demo,2,0.001
2658,2078926688,DOOM II (Classic),2,0.001
2659,1646140981,Double Kick Heroes,2,0.001
2660,1747235781,DoubleDragon Advance,2,0.001
2661,534038970,Dovetail Games Euro Fishing,2,0.001
2662,2044234749,Dragon's Dogma 2 Character Creator & Storage,2,0.001
2663,1743457512,DRAGON QUEST BUILDERS 2,2,0.001
2664,1431505022,Driver San Francisco,2,0.001
2665,2100806769,Duck Life Adventure,2,0.001
2666,1729123469,Ducky Dash,2,0.001
2667,1480659907,Dungeons & Dragons: Chronicles of Mystara,2,0.001
2668,531404425,DYNASTY WARRIORS 9,2,0.001
2669,1831247908,EA SPORTS™ FIFA 16 Downloadable Demo,2,0.001
2670,571156610,Earthfall,2,0.001
2671,1973165271,Eastshade,2,0.001
2672,2035278481,Ed-0: Zombie Uprising,2,0.001
2673,1874135365,EDENS ZERO,2,0.001
2674,1902463615,EDENS ZERO TRIAL VERSION (DEMO),2,0.001
2675,866704492,eFootball PES 2020 DEMO,2,0.001
2676,2143134995,"El Paso, Elsewhere",2,0.001
2677,2109412601,Emergency Call - The Attack Squad,2,0.001
2678,651709478,Emily Wants to Play Too,2,0.001
2679,1773142063,ENDER LILIES: Quietus of the Knights,2,0.001
2680,2129002058,ENDER MAGNOLIA: Bloom in the Mist,2,0.001
2681,1985585702,Endzone - A World Apart: Survivor Edition,2,0.001
2682,2125095346,Epic World Demo,2,0.001
2683,1263339518,Escape Dead Island,2,0.001
2684,1637602284,Escape from the Dungeon (Windows),2,0.001
2685,1648906760,Everdream Valley,2,0.001
2686,968775939,EVERSPACE™,2,0.001
2687,2012825026,Eville,2,0.001
2688,2094317541,Extreme Cycling Demo,2,0.001
2689,1949165391,Eyes: The Horror Game,2,0.001
2690,2011233781,F1® 2019 PC,2,0.001
2691,1887182103,F1® Manager 2022,2,0.001
2692,2034535389,F1® Manager 2023,2,0.001
2693,1129121874,F1™ 2014,2,0.001
2694,1198695408,F1™ 2015,2,0.001
2695,942676443,F1™ 2016,2,0.001
2696,1760050791,Fae Farm,2,0.001
2697,2036551350,FAR: Lone Sails,2,0.001
2698,2104363067,Fatum Betula,2,0.001
2699,1479130986,FIFA 15 Downloadable Demo,2,0.001
2700,719720294,Figment: Journey Into the Mind,2,0.001
2701,1733492292,Finding Frankie,2,0.001
2702,1805284872,Five Nights at Freddy's: Help Wanted 2,2,0.001
2703,1796337570,Fly Corp,2,0.001
2704,1757667844,Food Truck Simulator,2,0.001
2705,1975562587,Forgive Me Father,2,0.001
2706,321736949,Forza Motorsport 6 Demo,2,0.001
2707,1722584208,FOXES NEED TO EAT,2,0.001
2708,2037839305,Fractal Space | Demo,2,0.001
2709,1414596568,Frontlines:Fuel of War,2,0.001
2710,1647416490,Funko Fusion Deluxe Edition,2,0.001
2711,2027986430,Fury Unleashed,2,0.001
2712,1870314278,G.I. JOE: WRATH OF COBRA,2,0.001
2713,1480657083,Galaga Legions,2,0.001
2714,1750796861,Garden Simulator,2,0.001
2715,1731716256,Gardenscapes,2,0.001
2716,2054890337,Get To Work,2,0.001
2717,1925360122,Gex Trilogy,2,0.001
2718,1960379668,Ghostrunner Demo,2,0.001
2719,1764179402,Ghoulie's Garden,2,0.001
2720,1896621270,Gloomy Eyes Demo,2,0.001
2721,1824794947,GNOSIA,2,0.001
2722,2076934154,Goat Out Of Hell (Xbox Series),2,0.001
2723,1703059239,God of Weapons,2,0.001
2724,2079183119,Gord,2,0.001
2725,1129121873,GRID Autosport,2,0.001
2726,1996881299,Grumpy Cars,2,0.001
2727,2016338546,Gun Free To Fire - shooting games,2,0.001
2728,1769592885,GUNDAM EVOLUTION,2,0.001
2729,766737132,Halo 5: Forge,2,0.001
2730,1297292157,Halo: Spartan Assault,2,0.001
2731,484274489,Hammerwatch,2,0.001
2732,1871556035,Hard West Ultimate Edition,2,0.001
2733,1480656866,Hardwood Backgammon,2,0.001
2734,1480656851,Hardwood Hearts,2,0.001
2735,1667008262,Harvest Moon: One World,2,0.001
2736,1683854838,Harvest Moon: The Winds of Anthos,2,0.001
2737,2125426064,Heavy Metal Machines,2,0.001
2738,1779326597,Heidelberg 1693,2,0.001
2739,1880214966,Hello Neighbor: Hide and Seek,2,0.001
2740,1839911748,Hidden Cats in Santa's Realm,2,0.001
2741,1669048701,Hidden Cats in Spooky Town,2,0.001
2742,1997691917,Hidden Paws,2,0.001
2743,1968550256,Hobo: Tough Life,2,0.001
2744,1829965405,Home Safety Hotline,2,0.001
2745,1775797026,Horizon Chase 2,2,0.001
2746,2032696661,Hotel: A Resort Simulator,2,0.001
2747,722916288,Hue,2,0.001
2748,1737975190,HUMANKIND™,2,0.001
2749,2017392648,Humans Gone,2,0.001
2750,1693450318,Hunt: Showdown,2,0.001
2751,1038862451,HYPER SCAPE,2,0.001
2752,1480657722,I Am Alive™,2,0.001
2753,1480657435,ilomilo ,2,0.001
2754,720995386,Immortal Redneck,2,0.001
2755,1753617748,Infernitos: Fiery Dishes (Windows),2,0.001
2756,1397819355,Infinite Undiscovery,2,0.001
2757,1834258615,Ink. Demo,2,0.001
2758,718096579,Insane Robots,2,0.001
2759,1480659527,Jet Set Radio,2,0.001
2760,1823446322,John Wick Hex,2,0.001
2761,1977008263,JoJo's Bizarre Adventure: All-Star Battle R Demo Version,2,0.001
2762,2004666712,Journey To The Savage Planet: Employee Of The Month,2,0.001
2763,1117499725,JUST DANCE® 2015,2,0.001
2764,1018418364,JYDGE,2,0.001
2765,1833296585,Kanjozoku Game - レーサーCar Racing & Highway Driving Simulator Games,2,0.001
2766,1645652626,Kena: Bridge of Spirits,2,0.001
2767,1833960090,Kentucky Route Zero: TV Edition,2,0.001
2768,1816678719,KeyWe,2,0.001
2769,1431504851,King Kong,2,0.001
2770,1970962100,King of Seas,2,0.001
2771,1815601187,Kingdom Eighties,2,0.001
2772,1055556936,Kingdom New Lands,2,0.001
2773,1871178585,Kingdom Rush,2,0.001
2774,1161890110,Kingdoms of Amalur: Reckoning,2,0.001
2775,1892832276,Kitaria Fables,2,0.001
2776,1809430288,Kitten Island,2,0.001
2777,1745241155,Kitten Island (Xbox Series),2,0.001
2778,70112963,Knight Squad,2,0.001
2779,1967544348,Knightica,2,0.001
2780,1674517129,Knights of Pen & Paper 2 Deluxiest Edition,2,0.001
2781,1917136506,"Knowledge, or know Lady Demo",2,0.001
2782,1039363526,Kona,2,0.001
2783,1003487612,Korgan,2,0.001
2784,1857859131,Lara Croft and the Temple of Osiris,2,0.001
2785,1480657497,Lara Croft: GoL,2,0.001
2786,1920167136,Layers of Fear (2023),2,0.001
2787,1660823717,LEGO® Brawls,2,0.001
2788,2028723617,LEGO® Party!,2,0.001
2789,1848425529,Let's Sing 2025,2,0.001
2790,1716669263,Levelhead,2,0.001
2791,443209874,Lichdom: Battlemage,2,0.001
2792,2096549844,Liftoff: Drone Racing,2,0.001
2793,1397819419,LIGHTNING RETURNS FFXIII,2,0.001
2794,1655517847,Like a Dragon Gaiden: The Man Who Erased His Name,2,0.001
2795,1716203548,Like a Dragon: Pirate Yakuza in Hawaii Demo,2,0.001
2796,1929376326,Lil Gator Game,2,0.001
2797,1780556395,LISA: The Painful - Definitive Edition,2,0.001
2798,2004232535,Little Ralph,2,0.001
2799,779348826,Livelock,2,0.001
2800,1886840872,Loop Hero,2,0.001
2801,1798206513,Lost Eidolons,2,0.001
2802,1128466387,LOST PLANET,2,0.001
2803,1788077915,Love is all around (Xbox),2,0.001
2804,1634336729,LUNAR Remastered Collection,2,0.001
2805,1480657727,Magic 2012,2,0.001
2806,1480659475,Magic 2013,2,0.001
2807,1537894068,Magic 2015,2,0.001
2808,1977505997,Maid of Sker,2,0.001
2809,1480659904,Mars: War Logs,2,0.001
2810,2016530186,Marsupilami: Hoobadventure,2,0.001
2811,645046198,Marvel vs. Capcom: Infinite Demo,2,0.001
2812,1014379144,Marvel: Ultimate Alliance 2,2,0.001
2813,1029188769,Marvel’s Guardians of the Galaxy: The Telltale Series - Episode 1,2,0.001
2814,1161889998,Mass Effect 2,2,0.001
2815,1635154692,Maximum Football 2019,2,0.001
2816,1749356989,Maximum Football 2020,2,0.001
2817,1911247850,Meet Your Maker,2,0.001
2818,1480657390,MEGA MAN 10,2,0.001
2819,1626004065,Mel The Cat (Windows),2,0.001
2820,1770237856,MEOW AND THE DIAMOND JUMP (XBOX SERIES),2,0.001
2821,1772597205,METAL GEAR SOLID: MASTER COLLECTION Vol.1 BONUS CONTENT,2,0.001
2822,1651248133,Metal: Hellsinger (Xbox Series X|S & PC),2,0.001
2823,1953382311,Metro Redux,2,0.001
2824,2091473091,Mimi the Cat: Mimi's Scratcher,2,0.001
2825,1958464992,Mob Control,2,0.001
2826,284143677,Momodora: Reverie Under the Moonlight,2,0.001
2827,1480659607,Monaco: What's Yours is Mine,2,0.001
2828,2078832385,Monster Energy Supercross 4 - Xbox Series X|S,2,0.001
2829,703886774,Monster Jam: Crush It!,2,0.001
2830,1685995944,Monster Legends,2,0.001
2831,1807714585,Monster Truck Championship Xbox One,2,0.001
2832,1983830877,Monster Truck Championship Xbox Series X|S,2,0.001
2833,186591858,Monstrum,2,0.001
2834,1983120305,Moon Mystery,2,0.001
2835,1939351470,Moonshine Inc.,2,0.001
2836,1960491525,Morbid: The Lords of Ire,2,0.001
2837,284212046,MotoGP™18,2,0.001
2838,115698273,Mulaka,2,0.001
2839,1678390358,Mushroom Savior,2,0.001
2840,1894122921,My Singing Monsters Playground,2,0.001
2841,1862035245,NAMCO MUSEUM® ARCHIVES Vol 2,2,0.001
2842,1985582126,National Saloons,2,0.001
2843,1756150140,NBA 2K21 Demo,2,0.001
2844,83029588,NBA LIVE 18: The One Edition,2,0.001
2845,2076732337,Necromunda: Hired Gun (Windows),2,0.001
2846,910593568,Never Alone (Kisima Ingitchuna),2,0.001
2847,2137651733,New Super Lucky's Tale Demo,2,0.001
2848,1907337607,NHL® 15 Full Game,2,0.001
2849,1961823263,NHL® 22 Xbox Series X|S,2,0.001
2850,594585699,Nidhogg 2,2,0.001
2851,2000514300,Nightmare Reaper,2,0.001
2852,1480659560,NiGHTS into dreams...,2,0.001
2853,1725452465,No Sun To Worship,2,0.001
2854,1980658153,NO THING,2,0.001
2855,1844719399,Nobody Wants to Die,2,0.001
2856,1993181112,Northgard,2,0.001
2857,1737854273,Not Not 2 - A Brain Challenge,2,0.001
2858,1819944286,Nun Massacre,2,0.001
2859,2081999852,Observer: System Redux,2,0.001
2860,54254179,Oceanhorn - Monster of Uncharted Seas,2,0.001
2861,1650588295,OddBallers™,2,0.001
2862,1129121809,OF: Dragon Rising,2,0.001
2863,933693396,ŌKAMI HD,2,0.001
2864,1756731867,One Step From Eden,2,0.001
2865,118591686,ONRUSH™,2,0.001
2866,1793239917,Ooblets,2,0.001
2867,2128728875,Operation: Tango,2,0.001
2868,1794026365,Order of Battle: World War II,2,0.001
2869,2034484895,Out of Space: Couch Edition,2,0.001
2870,1480657548,PAC-MAN CE DX+,2,0.001
2871,1694192867,Paint the Town Red SGDemo,2,0.001
2872,1616365132,Papa's Quiz,2,0.001
2873,1836785866,ParkourLand Elite: Playground,2,0.001
2874,1981398452,Peaky Blinders: Mastermind,2,0.001
2875,1691501118,Peglin,2,0.001
2876,1877956827,Peppa Pig: World Adventures,2,0.001
2877,1624743884,Persona 3 Portable,2,0.001
2878,1867683926,Persona 5 Tactica,2,0.001
2879,1836794259,Phantom Breaker: Battle Grounds Ultimate,2,0.001
2880,1800431998,Pipes Master,2,0.001
2881,1877216927,Pirate Trails,2,0.001
2882,2046628793,PixARK,2,0.001
2883,1665792263,Pixel Skater Demo,2,0.001
2884,2024485825,PJ Masks: Heroes of the Night,2,0.001
2885,1894255361,Placid Plastic Duck Simulator,2,0.001
2886,1662154584,Platypus Reclayed,2,0.001
2887,1859436735,"Please, Don't Touch Anything",2,0.001
2888,1999452651,Polterguys: Possession Party,2,0.001
2889,2042086551,Porkshire Hero,2,0.001
2890,1934927653,Possum is Hungry (Windows),2,0.001
2891,2144450974,Possum is Hungry (Xbox One),2,0.001
2892,1804397214,Possum is Hungry (Xbox Series X/S),2,0.001
2893,1882609569,Prison Simulator,2,0.001
2894,2131056255,Prizma Puzzle Prime,2,0.001
2895,153810321,Pro Evolution Soccer 2015,2,0.001
2896,104182544,Pro Evolution Soccer 2016,2,0.001
2897,248901393,Punch Club,2,0.001
2898,1112934361,Pure,2,0.001
2899,1480657006,Puzzle Fighter HD,2,0.001
2900,1798310078,Q-YO Blaster,2,0.001
2901,1859203717,Rabio,2,0.001
2902,932899639,Raiden V,2,0.001
2903,1623187954,Rally Arcade Classics,2,0.001
2904,957250252,Rapala Fishing: Pro Series,2,0.001
2905,1480657184,Raskulls,2,0.001
2906,2112436302,Rayland,2,0.001
2907,126264108,Rebel Galaxy,2,0.001
2908,2011859970,Redout 2,2,0.001
2909,1658810016,Resident Evil Requiem,2,0.001
2910,1935966231,Restaurant Tycoon: My Cooking Empire,2,0.001
2911,1767764646,Retreat To Enen,2,0.001
2912,773588741,RICO,2,0.001
2913,1223839444,RIDE,2,0.001
2914,1623503769,RiMS Racing Xbox One,2,0.001
2915,1783825549,Road 96: Mile 0,2,0.001
2916,1867496283,Road Maintenance Simulator 2 + Winter Services,2,0.001
2917,826442297,Road Rage,2,0.001
2918,806435492,Road Redemption,2,0.001
2919,873887021,Rogue Stormers,2,0.001
2920,2136108787,Rogue Waters,2,0.001
2921,2001626208,Roots of Pacha,2,0.001
2922,1913639555,Ruined King: A League of Legends Story™,2,0.001
2923,1654990488,Rune Factory 4 Special,2,0.001
2924,1759610497,Rush Rally Origins,2,0.001
2925,1414596662,Saints Row 2 BRD,2,0.001
2926,1263339520,Saints Row: Gat Out of Hell   ,2,0.001
2927,1945460495,SAMURAI SHODOWN NEOGEO COLLECTION,2,0.001
2928,2124983718,SAND LAND,2,0.001
2929,2039022488,Sanicball xbox\windows free version,2,0.001
2930,52620879,Scribblenauts Showdown,2,0.001
2931,2053701653,SD GUNDAM BATTLE ALLIANCE Demo,2,0.001
2932,2054684848,Second Extinction™ (Game Preview),2,0.001
2933,1480657539,SEGA Bass Fishing,2,0.001
2934,1945317756,Shadow Labyrinth,2,0.001
2935,2077320849,Shadow Man Remastered,2,0.001
2936,584036319,Shadow Tactics: Blades of the Shogun,2,0.001
2937,544561028,Shadow Warrior 2,2,0.001
2938,1908885199,Shadows of the Damned: Hella Remastered,2,0.001
2939,161766595,Shantae and the Pirate's Curse,2,0.001
2940,865750499,Shantae: Half-Genie Hero,2,0.001
2941,1901019717,Shaolin vs Wutang,2,0.001
2942,1963476984,Sherlock Holmes Chapter One,2,0.001
2943,36217198,Sherlock Holmes: Crimes and Punishments,2,0.001
2944,2145390992,Sherlock Holmes: Crimes and Punishments Redux,2,0.001
2945,1654809752,Shotgun King: The Final Checkmate,2,0.001
2946,247124088,Shovel Knight: Treasure Trove,2,0.001
2947,1673805558,SIMULACRA,2,0.001
2948,2060306864,SkateBIRD,2,0.001
2949,972210258,Sky Force Anniversary,2,0.001
2950,687576060,Skylanders SuperChargers Portal Owner's Pack,2,0.001
2951,842462247,Slayaway Camp: Butcher's Cut,2,0.001
2952,2021025006,Slender: The Arrival,2,0.001
2953,1686834411,Sokomine (Xbox Series),2,0.001
2954,2128705961,Solitaire HD,2,0.001
2955,1813197692,SOS OPS!,2,0.001
2956,2116209805,Soul Hackers 2,2,0.001
2957,1867036629,Space Warlord Organ Trading Simulator,2,0.001
2958,1507365602,Sparkle Unleashed,2,0.001
2959,1927094471,Speed Limit Demo,2,0.001
2960,1859601917,Spellbreak,2,0.001
2961,1951151137,Spider Solitaire Collection Free,2,0.001
2962,196851457,Spike Volleyball,2,0.001
2963,1826083440,Star Trek Prodigy: Supernova,2,0.001
2964,2088823549,Star Trek: Legends,2,0.001
2965,1961172653,Starfield Digital Artbook & Original Soundtrack,2,0.001
2966,1328778537,SteamWorld Dig,2,0.001
2967,1692236270,Stolen Realm,2,0.001
2968,2027854331,STORY OF SEASONS: A Wonderful Life,2,0.001
2969,1876484566,STORY OF SEASONS: Friends of Mineral Town,2,0.001
2970,1934391570,Street Power Soccer,2,0.001
2971,1806898372,Summum Aeterna,2,0.001
2972,1679953167,Sunbeam Feast,2,0.001
2973,1906007538,Sunless Skies: Sovereign Edition,2,0.001
2974,2118278143,Super Dark Deception Demo,2,0.001
2975,1689702773,Survive on Raft,2,0.001
2976,1804098370,Swimsanity!,2,0.001
2977,1480657001,SWOS,2,0.001
2978,2002977221,Tails of Iron,2,0.001
2979,1937629264,Tainted Grail: Conquest,2,0.001
2980,2124220599,Techwars Global Conflict,2,0.001
2981,29770197,Teenage Mutant Ninja Turtles™: Mutants in Manhattan,2,0.001
2982,1825800558,Temtem,2,0.001
2983,1891258006,The Bard's Tale ARPG : Remastered and Resnarkled,2,0.001
2984,1949662682,The Beast Inside (Console Version),2,0.001
2985,2076835000,"THE CASINO COLLECTION: Ruleta, Vídeo Póker, Tragaperras, Craps, Baccarat, Five-Card Draw Poker, Texas hold 'em, Blackjack and Page One",2,0.001
2986,939155231,The Council - Episode 1: The Mad Ones,2,0.001
2987,977514341,The Culling,2,0.001
2988,129773809,The Disney Afternoon Collection,2,0.001
2989,1613519621,The Elder Scrolls IV: Oblivion Game of the Year Edition (PC) – 2009,2,0.001
2990,1821165740,The Eternal Cylinder,2,0.001
2991,247774493,The Incredible Adventures of Van Helsing,2,0.001
2992,1930789000,The Last Oricru - Final Cut,2,0.001
2993,1816960683,The Nightmares At The Krusty Krab,2,0.001
2994,1414596562,The Outfit,2,0.001
2995,698904373,The Park,2,0.001
2996,313503666,The Peanuts® Movie: Snoopy's Grand Adventure,2,0.001
2997,996619018,The Sinking City,2,0.001
2998,1776537730,The Sinking City Remastered,2,0.001
2999,1161955801,The Technomancer,2,0.001
3000,1858859325,The Thing: Remastered,2,0.001
3001,2119405603,The Tyrannical Toilet and The Battle of the Beans,2,0.001
3002,2100711254,The Unknown City (Horror Begins Now.....Episode 1) Demo,2,0.001
3003,681500618,The Walking Dead: The Final Season - Demo,2,0.001
3004,1804074878,Tidy Toys,2,0.001
3005,1802771942,Time Trap: Hidden Objects Remastered,2,0.001
3006,467118163,Titan Quest,2,0.001
3007,1396901866,Tomb Raider: Anniv.,2,0.001
3008,1396901844,Tomb Raider:Legend,2,0.001
3009,32122245,Tony Hawk's® Pro Skater™ 5,2,0.001
3010,1804899462,Tools Up - Ultimate Edition,2,0.001
3011,2024662880,Tour de France 2020,2,0.001
3012,1651850203,Tour de France 2024,2,0.001
3013,1630747846,Tour de France 2025,2,0.001
3014,1686179203,Township,2,0.001
3015,1887639245,Tracks - The Train Set Game,2,0.001
3016,1669996905,Train Sim World® 3,2,0.001
3017,2089745138,TRANSFORMERS: BATTLEGROUNDS,2,0.001
3018,286890904,TRANSFORMERS: Fall of Cybertron,2,0.001
3019,89165390,TRON RUN/r,2,0.001
3020,1264125916,Tropico 4,2,0.001
3021,1619319939,Tropico 6,2,0.001
3022,1634272791,Trust No One Demo,2,0.001
3023,1866559372,Turnip Boy Robs a Bank,2,0.001
3024,1944807356,Twelve Minutes,2,0.001
3025,846759462,Twin Mirror,2,0.001
3026,1741623548,Under Leaves,2,0.001
3027,2024697473,Under Par Golf Architect Demo,2,0.001
3028,1297549275,Unreal Tournament III,2,0.001
3029,1774337609,Vampire: The Masquerade® - Bloodlines™ 2,2,0.001
3030,1777656573,Vanquish,2,0.001
3031,1397033025,VANQUISH,2,0.001
3032,1951151775,Vicious Attack Llama Apocalypse,2,0.001
3033,61090031,Victor Vran,2,0.001
3034,1884076770,Visage,2,0.001
3035,563485628,War Planet Online: Global Conquest,2,0.001
3036,2034956980,Warface: Breakout,2,0.001
3037,474535578,WARRIORS OROCHI 4,2,0.001
3038,2026516560,Webbed,2,0.001
3039,2016076229,Weird West: Definitive Edition,2,0.001
3040,1749500759,West of Dead (BETA),2,0.001
3041,1805720206,Whacking Hell!,2,0.001
3042,2033734302,while True: learn(),2,0.001
3043,1780460930,Wild Bastards,2,0.001
3044,1994255243,Wild Seas,2,0.001
3045,2023196561,Witch It,2,0.001
3046,1996371924,WitchSpring R,2,0.001
3047,940586683,Wizard of Legend,2,0.001
3048,1807181865,Wizard with a Gun,2,0.001
3049,1738666347,Wizardry: Proving Grounds of the Mad Overlord,2,0.001
3050,2129059621,Wobbledogs Console Edition,2,0.001
3051,1480657355,Wolfenstein 3D,2,0.001
3052,322886724,Worbital,2,0.001
3053,2050127330,World Conqueror 4,2,0.001
3054,2106982681,World Of Solitaire,2,0.001
3055,547690837,World of Van Helsing: Deathtrap,2,0.001
3056,1888936506,Worms Armageddon: Anniversary Edition,2,0.001
3057,775457902,WRC 5 FIA World Rally Championship,2,0.001
3058,1770084088,Wreckfest 2,2,0.001
3059,555542903,Yoku's Island Express,2,0.001
3060,1871819472,Yonder: The Cloud Catcher Chronicles,2,0.001
3061,1990116831,Yooka-Laylee and the Impossible Lair,2,0.001
3062,1859395867,Z0mb1es! Remastered,2,0.001
3063,1765567475,Ziggy,2,0.001
3064,2001814192,Zombie Derby 2,2,0.001
3065,820078969,Zombie Driver Ultimate Edition,2,0.001
3066,1695141626,Zombies Ate My Neighbors and Ghoul Patrol,2,0.001
3067,1703114306,Zumania,2,0.001
3068,498206038,#KILLALLZOMBIES,1,0.0005
3069,1657880578,#WarGames,1,0.0005
3070,1625916886,*NEW* SCUFFED EPIC BHOP SIMULATOR 2023 (POG CHAMP),1,0.0005
3071,1870088706,112 Operator,1,0.0005
3072,1707619874,2 Synchro Hedgehogs,1,0.0005
3073,1668379163,2 Synchro Hedgehogs (for Windows 10),1,0.0005
3074,1823445022,2048 !,1,0.0005
3075,1611397130,20XX,1,0.0005
3076,150940660,2Dark,1,0.0005
3077,1855137956,2URVIVE,1,0.0005
3078,2146388451,3XTINCTION,1,0.0005
3079,1414596667,50 Cent: BotS,1,0.0005
3080,1714878640,60 Seconds!,1,0.0005
3081,1678450450,7 Days of Rose,1,0.0005
3082,2134530964,8-Bit Adventures 2,1,0.0005
3083,323834939,88 Heroes,1,0.0005
3084,2084495004,8Doors: Arum's Afterlife Adventure,1,0.0005
3085,1706843765,9 Years of Shadows,1,0.0005
3086,1722019576,9th Dawn Remake,1,0.0005
3087,1806866056,A Building Full of Cats,1,0.0005
3088,2122751230,A Short Hike,1,0.0005
3089,1697676059,A Space for the Unbound,1,0.0005
3090,1824287216,Aaero2,1,0.0005
3091,14175839,Abo Khashem,1,0.0005
3092,1060271764,ACA NEOGEO AERO FIGHTERS 2,1,0.0005
3093,256509266,ACA NEOGEO ART OF FIGHTING,1,0.0005
3094,161766155,ACA NEOGEO ART OF FIGHTING 2,1,0.0005
3095,1847786076,ACA NEOGEO METAL SLUG 5 for Windows,1,0.0005
3096,2059320064,ACA NEOGEO METAL SLUG X for Windows,1,0.0005
3097,418426882,ACA NEOGEO REAL BOUT FATAL FURY SPECIAL,1,0.0005
3098,1642970638,ACA NEOGEO SAMURAI SHODOWN for Windows,1,0.0005
3099,300527443,ACA NEOGEO THE KING OF FIGHTERS '94,1,0.0005
3100,605012161,ACA NEOGEO THE KING OF FIGHTERS '95,1,0.0005
3101,983906598,ACA NEOGEO THE KING OF FIGHTERS '99,1,0.0005
3102,1789981590,ACA NEOGEO TWINKLE STAR SPRITES for Windows,1,0.0005
3103,1903197276,Ace Attorney Investigations Collection DEMO,1,0.0005
3104,1624731258,ACRES,1,0.0005
3105,1672129931,Across the Obelisk,1,0.0005
3106,691691903,Adam's Venture: Origins,1,0.0005
3107,592146950,Adventure Pop,1,0.0005
3108,1480656956,Aegis Wing,1,0.0005
3109,1668258620,Aero The Acro-Bat,1,0.0005
3110,1956029545,Aeterna Noctis,1,0.0005
3111,2076405066,Agarta,1,0.0005
3112,2095341139,Agatha Christie - Hercule Poirot: The London Case,1,0.0005
3113,1480657136,Age of Booty,1,0.0005
3114,2084317224,Age of Empires Mobile: PC Edition,1,0.0005
3115,1710195375,Age of Solitaire : Build Civilization,1,0.0005
3116,1838321370,Ages of Mages: the last keeper,1,0.0005
3117,2080141972,Aground,1,0.0005
3118,1922741539,AI: THE SOMNIUM FILES,1,0.0005
3119,1888513740,Aikyam Demo,1,0.0005
3120,1796559648,Aircraft Carrier Survival,1,0.0005
3121,946215144,AirMech® Arena,1,0.0005
3122,2036577806,Akane,1,0.0005
3123,2057042819,Akimbot,1,0.0005
3124,1694926512,Akinofa,1,0.0005
3125,1653884944,Alchemist Simulator,1,0.0005
3126,350859148,Alekhine's Gun,1,0.0005
3127,1793639036,Alice in Wonderland - A jigsaw puzzle tale,1,0.0005
3128,2077540326,Alina of the Arena,1,0.0005
3129,1626416341,Alisa Developer's Cut,1,0.0005
3130,545851415,All-Star Fruit Racing,1,0.0005
3131,1649996690,Alone in the Dark Prologue,1,0.0005
3132,1804940594,Alpacapaca Dash 2,1,0.0005
3133,1777869653,Alpacapaca Dash 2 - Windows,1,0.0005
3134,1878633773,Alphadia Neo,1,0.0005
3135,1712068512,Amanda the Adventurer,1,0.0005
3136,1665018508,Amelia's Garden,1,0.0005
3137,1711302343,Amerzone - The Explorer's Legacy,1,0.0005
3138,1728656016,Amnesia: Collection,1,0.0005
3139,1647836151,An Airport for Aliens Currently Run by Dogs,1,0.0005
3140,2093965833,Angry Birds Friends,1,0.0005
3141,2082514516,Angry Birds Star Wars,1,0.0005
3142,1799950478,Aniimo,1,0.0005
3143,2072863941,Animal Shelter Simulator,1,0.0005
3144,2032975288,ANIMAL WELL,1,0.0005
3145,882816773,Animated Puzzles Star,1,0.0005
3146,2108360303,Anime Poly Puzzle - Mystic Maidens,1,0.0005
3147,1801000667,ANNIE:Last Hope,1,0.0005
3148,1941033112,Anno 117: Pax Romana,1,0.0005
3149,1717172856,Another Sight,1,0.0005
3150,1617403262,Antarctica 88,1,0.0005
3151,1895080876,Antarctica 88: 4k Remaster,1,0.0005
3152,1975875846,Antro Demo,1,0.0005
3153,880418401,AO International Tennis,1,0.0005
3154,1798477678,AO Tennis 2,1,0.0005
3155,2068205998,Apex Heroines,1,0.0005
3156,2130794071,Apollo Justice: Ace Attorney Trilogy,1,0.0005
3157,395362154,Aqua Moto Racing Utopia,1,0.0005
3158,1744307136,Aquarist,1,0.0005
3159,1708196061,Arcade Archives 2 AIR COMBAT 22,1,0.0005
3160,2003805007,Arcade Archives 2 AQUA JET,1,0.0005
3161,2081200138,Arcade Classics Anniversary Collection,1,0.0005
3162,1836455102,Arcade Hysteria,1,0.0005
3163,2099466588,Archvale,1,0.0005
3164,1963187474,ArcRunner,1,0.0005
3165,1853994299,Arctic Awakening,1,0.0005
3166,1663331063,Arena Renovation,1,0.0005
3167,1756488270,Arkanoid Eternal Battle,1,0.0005
3168,1480657297,ARKANOID Live!,1,0.0005
3169,1929297581,Armature Invasion,1,0.0005
3170,1672840275,Armed and Gelatinous (demo),1,0.0005
3171,1742283736,Asdivine Menace,1,0.0005
3172,1891225930,Ash of Gods Redemption,1,0.0005
3173,1195776861,Asphalt 8: Airborne,1,0.0005
3174,132590840,Assassin's Creed® Chronicles: India,1,0.0005
3175,1445607414,Assassin's Creed® Chronicles: Russia,1,0.0005
3176,487844727,Assault Android Cactus,1,0.0005
3177,1480657091,Assault Heroes 2,1,0.0005
3178,1681920276,Asterix & Obelix XXL 3 - DEMO,1,0.0005
3179,2116401396,Astrea: Six-Sided Oracles,1,0.0005
3180,1865619206,Astro Flame Starfighter (Xbox Series X|S),1,0.0005
3181,1631238072,Astro Miner,1,0.0005
3182,686748290,Atari Flashback Classics Vol. 1,1,0.0005
3183,1971167056,Atelier Yumia: The Alchemist of Memories & the Envisioned Land - Demo (Xbox One),1,0.0005
3184,1744435907,Atelier Yumia: The Alchemist of Memories & the Envisioned Land (Xbox Series X|S),1,0.0005
3185,1701791294,Atm Money Delivery,1,0.0005
3186,2034601407,Atrio: The Dark Wild,1,0.0005
3187,1647606257,Awesome Pea,1,0.0005
3188,1052246602,Awkward,1,0.0005
3189,1704577564,Axis Football 2020,1,0.0005
3190,1947164008,Axis Football 2021,1,0.0005
3191,1764971843,Axis Football 2023,1,0.0005
3192,1807153345,Azure Striker GUNVOLT,1,0.0005
3193,1958897628,Backrooms: Partygoers,1,0.0005
3194,1730080779,Bakery Simulator,1,0.0005
3195,1758411793,Ball Race 5: Volleyball DEMO,1,0.0005
3196,1924980861,Ball Race DEMO,1,0.0005
3197,1895683438,Ballotron Galaxy (Windows),1,0.0005
3198,1738627078,Bananitro,1,0.0005
3199,1995697239,Banner of the Maid,1,0.0005
3200,122277778,Bastion,1,0.0005
3201,1727081550,Battle Kid: Fortress of Peril,1,0.0005
3202,1922642750,Bay Breaker (Windows),1,0.0005
3203,1096353751,BCFx,1,0.0005
3204,1634873070,Bear Knight Honey Quest (Windows),1,0.0005
3205,1723892556,Bear Squire Honey Journey,1,0.0005
3206,1793344464,Bear Squire Honey Journey (Windows),1,0.0005
3207,1819785466,Beat Me!,1,0.0005
3208,1834315926,Beautiful Sakura: Fashion Club,1,0.0005
3209,1685830632,Beautiful Sakura: Football Club,1,0.0005
3210,1772771071,Beautiful Sakura: Football Club (Xbox One),1,0.0005
3211,1863389993,Bee Flowers,1,0.0005
3212,1623175865,Bee Flowers: Save the Garden,1,0.0005
3213,1727042316,Bee Flowers: Save the Garden (Windows),1,0.0005
3214,1696098157,Bee Flowers: Save the Garden (Xbox One),1,0.0005
3215,1480659459,Bellator: MMA Onslaught,1,0.0005
3216,319764672,BELOW,1,0.0005
3217,965872275,Ben 10,1,0.0005
3218,1765304865,Berzerk: Recharged,1,0.0005
3219,1658762775,Best Month Ever!,1,0.0005
3220,1980047831,Bestial Reception,1,0.0005
3221,1734218810,Between Horizons,1,0.0005
3222,1913455981,Beyond a Steel Sky,1,0.0005
3223,1908306326,Bezpieczny przejazd - Wyzwanie,1,0.0005
3224,2008389504,Big Helmet Heroes,1,0.0005
3225,1927815372,Big Helmet Heroes Demo,1,0.0005
3226,420309331,BIOHAZARD RE:3 Z Version for Windows,1,0.0005
3227,1649892883,Blackjackist,1,0.0005
3228,2061970650,BLACKTAIL,1,0.0005
3229,1812873797,Blades of Fire,1,0.0005
3230,1827374020,Blades of Fire Demo,1,0.0005
3231,1714151217,Blair Witch,1,0.0005
3232,1082339580,BLAZBLUE CHRONOPHANTASMA EXTEND,1,0.0005
3233,1431504859,Blazing Angels,1,0.0005
3234,2028748673,Bleak Faith,1,0.0005
3235,883799031,Bless Unleashed,1,0.0005
3236,2088197793,Block Tower TD,1,0.0005
3237,1765782859,Block Tower TD 2,1,0.0005
3238,173291706,Blood Bowl 2,1,0.0005
3239,1480657786,Bloodforge,1,0.0005
3240,1723799507,BloodRayne 2: ReVamped,1,0.0005
3241,1654822154,Bloomtown: A Different Story,1,0.0005
3242,1854025914,Bloons TD Battles,1,0.0005
3243,1664817482,Blue Fire,1,0.0005
3244,1025825049,Blue Rider,1,0.0005
3245,2034968114,Bomb Bowling X,1,0.0005
3246,2067577252,Bomb Bowling X (Windows),1,0.0005
3247,1941549925,Bomb Bowling X (Xbox One),1,0.0005
3248,2133732940,Boned Again: Survivors,1,0.0005
3249,1978391621,Bonkies Demo,1,0.0005
3250,1677902743,Bonnie Bear Saves Frogtime Demo,1,0.0005
3251,1756283393,Boomerforge (Xbox One),1,0.0005
3252,2092220937,Borderlands 3,1,0.0005
3253,1942358188,Born Of Bread,1,0.0005
3254,1844418156,Botany Manor,1,0.0005
3255,1743576109,Box Em Up!,1,0.0005
3256,1723357806,Boxes Wizard (Xbox Series),1,0.0005
3257,1634698334,Boxing.free,1,0.0005
3258,1792292144,Boxtack UP,1,0.0005
3259,1668739075,BQM - BlockQuest Maker: Remastered,1,0.0005
3260,2122418461,Bratz® Rhythm & Style,1,0.0005
3261,1112934423,Brave: The Video Game,1,0.0005
3262,1918176431,Braveland Trilogy,1,0.0005
3263,1906603484,Bravery and Greed,1,0.0005
3264,1857651157,Brawl Chess - Gambit,1,0.0005
3265,311085527,Brawlout,1,0.0005
3266,1179846636,Breakdown,1,0.0005
3267,1946144195,Breathedge,1,0.0005
3268,1820912354,Bricks Plus 2,1,0.0005
3269,1771762853,BricksPlus,1,0.0005
3270,465277350,Bridge Constructor,1,0.0005
3271,1972740153,Bright Memory: Infinite Platinum Edition,1,0.0005
3272,2145656185,Bright Side: Riddles and Puzzles,1,0.0005
3273,364252200,Broken Sword 5 - the Serpent’s Curse,1,0.0005
3274,1801882769,BrokenLore: DON'T WATCH,1,0.0005
3275,2128038705,BrokenLore: LOW,1,0.0005
3276,1810243569,Brothers: A Tale of Two Sons Remake,1,0.0005
3277,1632339731,BRUTAL RAGE,1,0.0005
3278,1681080088,Bubble Pop: Bubble Shooter,1,0.0005
3279,1906921140,Bubbles Game Antistress,1,0.0005
3280,2092197904,Bubsy in: The Purrfect Collection,1,0.0005
3281,1891744318,Buckshot Roulette – Russian Roulette Simulator,1,0.0005
3282,1629702349,Buddy Garden (Windows),1,0.0005
3283,1180043254,Bullet Soul -Infinite Burst-,1,0.0005
3284,1648491052,Bulwark Evolution: Falconeer Chronicles,1,0.0005
3285,1987342378,Buried Alive: Breathless Rescue,1,0.0005
3286,1955736581,Butterfly,1,0.0005
3287,1679962490,Bye Sweet Carole,1,0.0005
3288,1096157374,Cabela's Survival: SoK,1,0.0005
3289,2083615890,Cafe Owner Simulator,1,0.0005
3290,1852075771,Cake Invaders,1,0.0005
3291,171879377,Call of Cthulhu,1,0.0005
3292,2080026474,Call of Duty® 4: Modern Warfare® (2007),1,0.0005
3293,2077565292,Call of Duty®: Advanced Warfare (Windows),1,0.0005
3294,1829266835,Call of Duty®: Black Ops (2010),1,0.0005
3295,1664492743,Call of Duty®: Black Ops II,1,0.0005
3296,1944957710,Call of Duty®: Modern Warfare® 2 (2009),1,0.0005
3297,140280380,Call of Duty®: WWII - Private Beta,1,0.0005
3298,943602230,Canadian Football 2017,1,0.0005
3299,2113057830,Candivity,1,0.0005
3300,52417526,Candleman,1,0.0005
3301,1886639947,Candy Crush Jelly Saga,1,0.0005
3302,1805535332,Candy Trail (Windows),1,0.0005
3303,1843053682,Captain Blood,1,0.0005
3304,1793467642,Captain Blood Demo,1,0.0005
3305,1677710402,Captain Bones,1,0.0005
3306,1729947285,Capybara Goes to Space,1,0.0005
3307,1781562419,Capybara Goes to Space (Windows),1,0.0005
3308,2072505660,Capybara Goes to Space (XBOX SERIES),1,0.0005
3309,1861822793,Car Detailing Simulator,1,0.0005
3310,1772361619,Carrot Crusade - Mimika's Reckoning (Windows),1,0.0005
3311,1713766289,Carrot Crusade - Mimika's Reckoning (Xbox One),1,0.0005
3312,1762233576,Carrot Crusade - Mimika's Reckoning (Xbox Series X/S),1,0.0005
3313,1855158493,Cartel Tycoon,1,0.0005
3314,1725514902,Castle Renovator,1,0.0005
3315,1986422374,Casual Sport Series: Tennis,1,0.0005
3316,1987803377,Cat Quest II,1,0.0005
3317,1096026071,Catherine,1,0.0005
3318,1754604823,Cats and Seek : Dino Park,1,0.0005
3319,1692828729,Cats and Seek : Osaka,1,0.0005
3320,1480656972,Centipede & Millipede,1,0.0005
3321,1715577372,Chained Echoes,1,0.0005
3322,1690003636,Chants of Sennaar - Demo,1,0.0005
3323,1285127818,Chariot,1,0.0005
3324,497019090,Chasm,1,0.0005
3325,1877608556,Checkers Deluxe,1,0.0005
3326,2145216504,Chemically Bonded,1,0.0005
3327,2012909631,Chess 3D Pro,1,0.0005
3328,1751868147,Chessarama,1,0.0005
3329,2122125189,Chronicles of the Wolf,1,0.0005
3330,880657099,Chronos: Before the Ashes,1,0.0005
3331,1777046800,Cipher Monk,1,0.0005
3332,2031143591,Cipher Monk (Windows),1,0.0005
3333,2143923367,Cipher Monk (Xbox One),1,0.0005
3334,1060634614,Circuits Demo,1,0.0005
3335,1951821095,Cities: Skylines II,1,0.0005
3336,2123754072,Claim the Forest (Xbox One),1,0.0005
3337,1756546018,Classic Pixel Marioboy Adventures,1,0.0005
3338,2005013381,Classic Solitaire (Free),1,0.0005
3339,1821645186,Classic Sudoku PRO - PC & XBOX,1,0.0005
3340,2053080893,Clicker Bugs Attack,1,0.0005
3341,348040448,Clouds & Sheep 2,1,0.0005
3342,1963790042,Club Vegas Slots - Casino Games,1,0.0005
3343,1823157109,Coffee Talk Demo,1,0.0005
3344,1724133517,Collie Call,1,0.0005
3345,1709128124,Collie Call: Farm of Tomorrow,1,0.0005
3346,2134049853,Collie Call: Farm of Tomorrow (Windows),1,0.0005
3347,1922833847,Color Pals,1,0.0005
3348,1774676042,Color Water Sort,1,0.0005
3349,1480657313,Comix Zone,1,0.0005
3350,1480657343,Commander's Challenge,1,0.0005
3351,2021959782,Conan Chop Chop,1,0.0005
3352,1923495076,Concept Destruction,1,0.0005
3353,1841498671,CONSCRIPT,1,0.0005
3354,54541475,Construction Simulator 2 US - Console Edition,1,0.0005
3355,1642942095,CONTRA: ROGUE CORPS,1,0.0005
3356,1903918497,"Cook, Serve, Delicious! 3?!",1,0.0005
3357,2118279493,Cookie Cutter,1,0.0005
3358,1814081582,Cooking Fast 4 Steak,1,0.0005
3359,1625662894,Cosmic Mirage,1,0.0005
3360,1781425798,Cozy Designer,1,0.0005
3361,1753200143,Crack The Egg!,1,0.0005
3362,1642353875,Craftopia (Game Preview),1,0.0005
3363,1763638559,Crash Drive 3,1,0.0005
3364,2079295420,Crash Team Rumble™,1,0.0005
3365,963702216,Crayola Scoot,1,0.0005
3366,2074622046,Crazy Cats vs. Crazy Cyborgs,1,0.0005
3367,581869850,Crazy Strike Bowling EX,1,0.0005
3368,1869086987,Creatura,1,0.0005
3369,2031534546,Creepy Redneck Dinosaur Mansion 3,1,0.0005
3370,461173340,Crimson Dragon,1,0.0005
3371,706918470,Crimsonland,1,0.0005
3372,1971702433,Cris Tales,1,0.0005
3373,1763402795,Croc's World 2 (Xbox-Edition),1,0.0005
3374,1897666111,Cross Tails,1,0.0005
3375,1846285148,CrossfireX,1,0.0005
3376,1812286558,Crown Trick,1,0.0005
3377,2010857968,Cruz Brothers,1,0.0005
3378,2087531472,Cry Babies Magic Tears: The Big Game,1,0.0005
3379,429288038,Crypt of the NecroDancer,1,0.0005
3380,989689010,Crypt of the Serpent King,1,0.0005
3381,1707233763,Cryptmaster,1,0.0005
3382,1710716754,Crypto by POWGI,1,0.0005
3383,1480657289,CRYSTAL DEFENDERS,1,0.0005
3384,2003918395,Cubic 2 3 4 Player Games,1,0.0005
3385,1625398694,Cubie in the backrooms,1,0.0005
3386,2041076002,Curse of the Dead Gods (PC),1,0.0005
3387,1700805989,Cyber Citizen Shockman Zero,1,0.0005
3388,1670072012,Cyber Clutch: Hot Import Nights,1,0.0005
3389,1719811824,CyberCorp,1,0.0005
3390,1705627827,CYGNI: All Guns Blazing,1,0.0005
3391,2065869943,Danganronpa V3: Killing Harmony Anniversary Edition,1,0.0005
3392,178127013,Danger Zone 2,1,0.0005
3393,1705868586,Dangerous Driving,1,0.0005
3394,2137978746,Daniel in Danger,1,0.0005
3395,1929985407,Daniel in Danger (Xbox Series),1,0.0005
3396,1841290462,Dark Alliance,1,0.0005
3397,1643246182,Dark Burial: Enhanced Edition,1,0.0005
3398,1991801140,Dark Light,1,0.0005
3399,1665011646,Dark Pieces: Horror Jigsaw - PC & XBOX,1,0.0005
3400,1128466400,Dark Void,1,0.0005
3401,1932502236,DARKGEMS,1,0.0005
3402,1768082005,DARKLAND 2,1,0.0005
3403,367230746,Darksiders Genesis,1,0.0005
3404,1480656930,Darwinia+,1,0.0005
3405,1724663837,Daymare: 1994 Sandcastle_SGD23,1,0.0005
3406,1480657693,DAYTONA USA,1,0.0005
3407,149500505,de Blob 2,1,0.0005
3408,480553167,Dead Ahead: Zombie Warfare,1,0.0005
3409,435507461,Dead Effect 2,1,0.0005
3410,1951298086,Dead End Job,1,0.0005
3411,1618089984,Dead Ground,1,0.0005
3412,2055117989,Dead of Darkness,1,0.0005
3413,1154802774,Dead Rising 3 Demo,1,0.0005
3414,1161890137,Dead Space™ 2,1,0.0005
3415,1480657531,Dead Space™ Ignition,1,0.0005
3416,1297483729,Deadly Premonition,1,0.0005
3417,1705411960,Death Relives,1,0.0005
3418,798989874,Decay of Logos,1,0.0005
3419,1625540177,Deep Immersion,1,0.0005
3420,1925810480,Deep Rock Galactic Insider,1,0.0005
3421,1965625215,Deeper Tales,1,0.0005
3422,1971145739,Deepest Trench,1,0.0005
3423,610840457,Deer Hunter: Reloaded,1,0.0005
3424,419349778,Defiance 2050,1,0.0005
3425,1679835971,Deliver Us The Moon,1,0.0005
3426,279141868,Demetrios - The BIG Cynical Adventure,1,0.0005
3427,710337025,Demo Middle-earth™: Shadow of War™,1,0.0005
3428,1729622594,Democracy 4: Console Edition,1,0.0005
3429,1628098590,Destroy All Humans! 2 Reprobed,1,0.0005
3430,1829928670,Destroy All Humans! Demo,1,0.0005
3431,1873652595,Detail Hunter,1,0.0005
3432,1750169445,DETECTIVE - Scene Crime,1,0.0005
3433,1735927363,DETECTIVE - Stella Porta case,1,0.0005
3434,2043643783,Detective Dotson,1,0.0005
3435,1722589630,Dice Legacy Definitive Edition,1,0.0005
3436,858411141,Die for Valhalla!,1,0.0005
3437,1941545430,Dinosaur Fossil Hunter - Paleontology Simulator,1,0.0005
3438,2144329170,Discolored,1,0.0005
3439,1737926681,Discounty,1,0.0005
3440,268236555,Disney Infinity [2.0],1,0.0005
3441,1864875251,Disney Magic Kingdoms,1,0.0005
3442,1178929110,Divinity II - DKS,1,0.0005
3443,249733426,Don't Knock Twice,1,0.0005
3444,1087781956,Don Bradman Cricket,1,0.0005
3445,1683625640,Donut Dodo Demo,1,0.0005
3446,1877331117,Doodle God: Evolution,1,0.0005
3447,1112737777,DOOM 3 BFG Edition,1,0.0005
3448,1972528425,Dou! - Fast-Paced Platformer Adventure!,1,0.0005
3449,2119147388,Double Dangerous,1,0.0005
3450,2010409612,DOUBLE DRAGON,1,0.0005
3451,1626267222,Double Dragon 4,1,0.0005
3452,1751239168,Down in Bermuda,1,0.0005
3453,2021987250,Downwell,1,0.0005
3454,2084687312,Dragon's Lair Trilogy,1,0.0005
3455,1701653588,Dragon Age™: The Veilguard Character Creator,1,0.0005
3456,1036415414,DRAGON BALL FIGHTERZ - Open Beta,1,0.0005
3457,2006589220,DRAGON BALL FIGHTERZ (Windows),1,0.0005
3458,1858681275,Dragon Mania Legends,1,0.0005
3459,2075944993,Dragon Ruins,1,0.0005
3460,1916775416,Dragon Takers,1,0.0005
3461,215313834,Draw a Stickman: EPIC,1,0.0005
3462,532569395,Drawful 2,1,0.0005
3463,1616084661,Dreamcore Demo,1,0.0005
3464,1765236073,Dreamland Solitaire,1,0.0005
3465,1036815571,Drift Zone,1,0.0005
3466,1766769256,Duck Detective: The Secret Salami,1,0.0005
3467,1912501027,Duck Run,1,0.0005
3468,1480657463,Duke Nukem - Manhattan,1,0.0005
3469,1847263549,Dungeon Defenders: Awakened,1,0.0005
3470,1743369061,Dungeon Village,1,0.0005
3471,147604411,Dungeons 3,1,0.0005
3472,1739392581,Dungeons of Sundaria,1,0.0005
3473,1695734611,Dust & Neon,1,0.0005
3474,2027979113,Dustwind - The Last Resort,1,0.0005
3475,117434960,Dynamite Fishing - World Games,1,0.0005
3476,1437370825,EA SPORTS™ NBA LIVE 14 Demo,1,0.0005
3477,419391420,EA SPORTS™ NBA LIVE 15,1,0.0005
3478,242301355,EA SPORTS™ NHL® 16,1,0.0005
3479,332298530,EARTH'S DAWN,1,0.0005
3480,1480657378,Earthworm Jim HD,1,0.0005
3481,1146095595,Eat Lead,1,0.0005
3482,1881981363,Effie,1,0.0005
3483,1833460510,Elevator Action™ -Returns- S-Tribute,1,0.0005
3484,1823224664,Elo 1100 Chess,1,0.0005
3485,1944979900,EMPTY SHELL,1,0.0005
3486,1945318676,Enchanted Portals,1,0.0005
3487,1706225842,ENDLESS Dungeon™,1,0.0005
3488,1997527592,Endling - Extinction is Forever,1,0.0005
3489,1930656280,Enotria: The Last Song,1,0.0005
3490,2049241881,Entropy Survivors,1,0.0005
3491,1997758007,Escape First 2,1,0.0005
3492,1846808891,Escape from the Dungeon (Xbox Series),1,0.0005
3493,1910055033,Escape Game 50 Rooms,1,0.0005
3494,1787141551,Escape Sequence (for Windows 10),1,0.0005
3495,1753276383,Eternal Evil,1,0.0005
3496,2023785453,Evan's Remains,1,0.0005
3497,2130707522,Everafter Falls,1,0.0005
3498,2134693780,EVERSPACE™ 2,1,0.0005
3499,1756983532,Evil Genius 2: World Domination,1,0.0005
3500,1828736918,Evil Nun: The Broken Mask,1,0.0005
3501,1879452548,Exhausted Man Demo,1,0.0005
3502,1998107412,ExitMan Deluxe,1,0.0005
3503,1614221632,ExoCross,1,0.0005
3504,1843945719,Exodus: Creepy Time,1,0.0005
3505,1983964158,Exodus: Creepy Time (Xbox One),1,0.0005
3506,1692950358,Exoprimal,1,0.0005
3507,524284397,Extinction,1,0.0005
3508,2107704310,Extreme Bike Racing (Demo),1,0.0005
3509,1983090774,Extreme Bowling Challenge,1,0.0005
3510,2132174307,Extreme Landings,1,0.0005
3511,1448413145,F.E.A.R.,1,0.0005
3512,1846550336,Factory Escape,1,0.0005
3513,974041664,Fade to Silence,1,0.0005
3514,2095507802,Fairway Solitaire by Big Fish,1,0.0005
3515,1759301056,Fall Asleep (Windows),1,0.0005
3516,1649971201,Fallout,1,0.0005
3517,569128992,Fallout 76 B.E.T.A.,1,0.0005
3518,1784955885,Fallout Tactics,1,0.0005
3519,2106598447,Family Man,1,0.0005
3520,1869339951,Fanmade Prince of Persia: The Crystal Castle,1,0.0005
3521,1651975869,FANTASIAN Neo Dimension,1,0.0005
3522,1814653009,FAR: Changing Tides,1,0.0005
3523,1917094843,FARAWAY TRAIN,1,0.0005
3524,1643819443,Farm Heroes Saga,1,0.0005
3525,1645447317,Farm Manager 2022,1,0.0005
3526,82367207,Farmer's Dynasty,1,0.0005
3527,1861337590,Farmer's Life,1,0.0005
3528,1828557775,FarmVille 2: Country Escape,1,0.0005
3529,1882395273,Fear the Spotlight,1,0.0005
3530,2104575927,Fights in Tight Spaces,1,0.0005
3531,1079518187,FINAL FANTASY TYPE-0 HD,1,0.0005
3532,1677004965,FINAL FANTASY VII WINDOWS EDITION,1,0.0005
3533,1653694302,FINAL FANTASY VIII Remastered WINDOWS EDITION,1,0.0005
3534,1889880451,FINAL FANTASY XIII,1,0.0005
3535,136671143,FINAL FANTASY XV MULTIPLAYER: COMRADES,1,0.0005
3536,1752960308,Fishdom,1,0.0005
3537,2089457960,Fishing: Barents Sea,1,0.0005
3538,2147124607,Fit And Fry: Organized Chef,1,0.0005
3539,1843895310,Fit And Fry: Organized Chef (Windows),1,0.0005
3540,1685119785,Fit And Fry: Organized Chef (Xbox One),1,0.0005
3541,1639648322,Fit My Cat,1,0.0005
3542,1778095902,Flappy Bird,1,0.0005
3543,1691539579,Flappy Fly,1,0.0005
3544,1782426167,Flat Heroes,1,0.0005
3545,2093758729,Fling to the Finish,1,0.0005
3546,1623391709,Flock,1,0.0005
3547,2070986085,Flow Free,1,0.0005
3548,2084886611,Flowers - Color by Numbers,1,0.0005
3549,1980402933,Fluffy Horde,1,0.0005
3550,1711202314,Flying Fish,1,0.0005
3551,386153688,FLYING TIGERS: SHADOWS OVER CHINA,1,0.0005
3552,1674804687,Football Cup 2022,1,0.0005
3553,1893921184,Football Guy,1,0.0005
3554,1634118154,Football Manager 2021 Xbox Edition,1,0.0005
3555,2120627175,Football Manager 2023,1,0.0005
3556,2021894836,Forbidden Forgiveness Demo,1,0.0005
3557,1855976859,Forest Camp Story,1,0.0005
3558,338690930,Forgotton Anne,1,0.0005
3559,2056182958,Forklift Extreme: Deluxe Edition,1,0.0005
3560,1830452855,Forklift Simulator,1,0.0005
3561,2105300198,Formula Retro Racing,1,0.0005
3562,2049264161,Forty Thieves - Solitaire Collection,1,0.0005
3563,643698720,Forza Horizon 2 Demo,1,0.0005
3564,2093936173,Fossilfuel 2,1,0.0005
3565,1933930597,Frame Cat,1,0.0005
3566,1655767197,Frame Cat (Xbox Series X|S),1,0.0005
3567,1690071668,Freddy Spaghetti,1,0.0005
3568,1765633807,Free the Animation,1,0.0005
3569,1480657020,Frogger® 2,1,0.0005
3570,1965346667,FROGUN,1,0.0005
3571,1480657553,From Dust™,1,0.0005
3572,2043607614,Frontier Pilot Simulator,1,0.0005
3573,1856401271,Frozen Gauntlet,1,0.0005
3574,1864738769,Fruit Adventure (Xbox Series),1,0.0005
3575,2010372255,Ftooz Unleashed,1,0.0005
3576,1767691054,Fueled Up,1,0.0005
3577,1763229627,Fuga: Melodies of Steel 2,1,0.0005
3578,1857915695,Fuga: Melodies of Steel 3,1,0.0005
3579,107791275,FullBlast,1,0.0005
3580,1748273304,Funtoon's World Demo,1,0.0005
3581,1627281209,FUSER™,1,0.0005
3582,1670160457,Gaijin Charenji 1 : Kiss or Kill,1,0.0005
3583,1901524420,Galactic Loader,1,0.0005
3584,2119664712,Galactic Loader (Xbox One),1,0.0005
3585,1480656914,GALAGA,1,0.0005
3586,1717888621,Galaxy Control: Arena,1,0.0005
3587,1629020242,Game Builder Tycoon,1,0.0005
3588,1770351776,Garlic,1,0.0005
3589,798673829,Gas Guzzlers Extreme,1,0.0005
3590,1644860924,Gato Roboto,1,0.0005
3591,2099142878,Gav-Gav Odyssey,1,0.0005
3592,1751973977,Gears of War: Ultimate Edition for Windows 10,1,0.0005
3593,1866183116,Ghost Files: Memory of a Crime (Xbox One Version),1,0.0005
3594,1802905643,Ghost Files: The Face of Guilt (Xbox Version),1,0.0005
3595,2004896584,Ghost Trick: Phantom Detective,1,0.0005
3596,1480657545,Ghostbusters: Sanctum of Slime,1,0.0005
3597,732939800,Ghostbusters™,1,0.0005
3598,1730221723,Ghostrunner 2,1,0.0005
3599,1734964144,Ghosts 'n Goblins Resurrection,1,0.0005
3600,1935789173,Gigantic: Rampage Edition,1,0.0005
3601,1868247544,Gigantosaurus The Game,1,0.0005
3602,1480657167,Gin Rummy,1,0.0005
3603,1480659514,Girl Fight,1,0.0005
3604,5446773,Glass Masquerade,1,0.0005
3605,1941242183,Glass Masquerade 2,1,0.0005
3606,2119786310,Gleamlight,1,0.0005
3607,1880242181,Global City,1,0.0005
3608,1841005271,Gloomy Eyes,1,0.0005
3609,1995619397,God of Rock,1,0.0005
3610,1829029680,GODS Remastered,1,0.0005
3611,1763005721,Golden Tee Arcade Classics,1,0.0005
3612,2058395991,Golf Guys,1,0.0005
3613,1739816952,Golf Peaks,1,0.0005
3614,1641758497,Golf Zero,1,0.0005
3615,1480657057,Golf: Tee It Up!,1,0.0005
3616,1832133926,Goosebumps: Terror in Little Creek,1,0.0005
3617,2043449905,Gori: Cuddly Carnage,1,0.0005
3618,1688858600,Governor of Poker 3,1,0.0005
3619,1634652601,Gray Dawn,1,0.0005
3620,2083459521,Greak: Memories of Azur,1,0.0005
3621,2080856071,Green Soldiers Heroes: Extreme Bikers,1,0.0005
3622,275687140,Grim Legends: The Forsaken Bride,1,0.0005
3623,1863069160,Grindstone,1,0.0005
3624,671675837,GRIP,1,0.0005
3625,1668009445,Grow in the Hole,1,0.0005
3626,1744600653,Grow: Song of the Evertree,1,0.0005
3627,1480657707,GUARDIAN HEROES (TM),1,0.0005
3628,1131124715,"Guns, Gore and Cannoli",1,0.0005
3629,1736241026,GunSpinning VR,1,0.0005
3630,1662089078,Guntech 2,1,0.0005
3631,1639551294,GYLT,1,0.0005
3632,1631946139,Gym Manager,1,0.0005
3633,1942534686,Habroxia 2,1,0.0005
3634,1957960009,HALF DEAD,1,0.0005
3635,2014654365,Halloween - Color by Numbers,1,0.0005
3636,485144549,Halo Wars 2 Demo,1,0.0005
3637,2122543949,Halo: Spartan Strike,1,0.0005
3638,1297292194,Halo: Spartan Strike,1,0.0005
3639,1668145960,Happi Basudei,1,0.0005
3640,1480657432,Hard Corps: Uprising,1,0.0005
3641,2028516160,Hardspace: Shipbreaker - Windows,1,0.0005
3642,1849538715,Hatsune Miku Jigsaw Puzzle,1,0.0005
3643,2023604348,Hatsune Miku Logic Paint S+,1,0.0005
3644,513317848,Haunted Halloween '86,1,0.0005
3645,1924130173,Haven,1,0.0005
3646,2087934358,Hawaii Match-3 Mania: Home Renovation by G5 Games,1,0.0005
3647,1695499346,Headbangers: Rhythm Royale,1,0.0005
3648,1956343500,Heaven Dust,1,0.0005
3649,1928193169,Heavenly Bodies,1,0.0005
3650,2031795912,Hell Pie,1,0.0005
3651,1928781153,Hellboy Web of Wyrd,1,0.0005
3652,2106173846,Hello Guest,1,0.0005
3653,1645583042,Hello Neighbor 2 Beta,1,0.0005
3654,1760815176,Hero's Hour,1,0.0005
3655,1480656934,Hexic 2,1,0.0005
3656,1967527679,Hidden Cat Outlaws,1,0.0005
3657,1822597971,Hidden Cats in London,1,0.0005
3658,1702609951,Hidden Cats in Paris,1,0.0005
3659,2124184622,Hidden City: Hidden Object Adventure,1,0.0005
3660,1667810067,Hidden Kittens: Kingdom of Cats,1,0.0005
3661,2069376846,Hidden Paws Mystery,1,0.0005
3662,1700125109,Hidden Through Time,1,0.0005
3663,1851035635,Hidden Through Time 2,1,0.0005
3664,1941459361,Highway Driving 2023 Demo,1,0.0005
3665,1698046377,Highway Police Simulator,1,0.0005
3666,446981050,Hitman: Absolution HD,1,0.0005
3667,1741114585,Hive Jump,1,0.0005
3668,2113165348,Hoa,1,0.0005
3669,1727719097,Hole Theory,1,0.0005
3670,1776679706,Hole Theory Series X|S,1,0.0005
3671,2056748167,Home Sheep Home: Farmageddon Party Edition,1,0.0005
3672,1966804514,Homestead Arcana,1,0.0005
3673,1950717553,Hood: Outlaws & Legends,1,0.0005
3674,2111451812,Horror Adventure : Zombie Edition (Demo),1,0.0005
3675,1933242194,HORROR OF THE DEEP,1,0.0005
3676,1684613875,HORROR TALES: The Wine,1,0.0005
3677,1029573529,Horse Racing 2016,1,0.0005
3678,1755930585,Hot Stakes Casino - American Roulette,1,0.0005
3679,1880956881,Hot Wheels Monster Trucks: Stunt Mayhem™,1,0.0005
3680,1787271899,House,1,0.0005
3681,2067804489,How 2 Escape: Lost Submarine,1,0.0005
3682,1026512979,How to Survive: Storm Warning Edition,1,0.0005
3683,1972151748,Humanity,1,0.0005
3684,1626128211,Hunt Ducks,1,0.0005
3685,1498810322,Hunter: The Reckoning,1,0.0005
3686,1480657391,Hydrophobia,1,0.0005
3687,1935779345,HyperDot,1,0.0005
3688,1753433222,Hyposphere 2 Free,1,0.0005
3689,1793634692,I'm on Observation Duty 6,1,0.0005
3690,1622108683,I Am Your President,1,0.0005
3691,1760332821,I Did Not Buy This Ticket DEMO,1,0.0005
3692,1826657649,I Hate Heroes,1,0.0005
3693,2113836989,I Saw Black Clouds,1,0.0005
3694,236834307,"I, Zombie",1,0.0005
3695,299988825,Ice Age Scrat's Nutty Adventure,1,0.0005
3696,1945528318,Idle Devils,1,0.0005
3697,1725327690,Ikai,1,0.0005
3698,1691343851,IN-VERT,1,0.0005
3699,1639666819,INAZUMA ELEVEN: Victory Road,1,0.0005
3700,1654140051,Indiana Jones and the Great Circle™: Digital Artbook,1,0.0005
3701,2136359198,Infernitos,1,0.0005
3702,1992463205,Infernitos (Windows),1,0.0005
3703,1851919313,Infernitos: Fiery Dishes,1,0.0005
3704,1679388877,Infernitos: Fiery Dishes (Xbox One),1,0.0005
3705,909182696,Infinite Minigolf,1,0.0005
3706,2090762107,Infinity Kingdom,1,0.0005
3707,2014058847,Infinity Runner,1,0.0005
3708,2128549900,Inspector Waffles Early Days,1,0.0005
3709,1981290513,Instant War: Ultimate Warfare,1,0.0005
3710,1480657271,Interpol,1,0.0005
3711,1724422024,Into the Union,1,0.0005
3712,897785928,Iron Crypticle,1,0.0005
3713,1835790896,Isekai Rondo,1,0.0005
3714,2076638589,Island Trouble Windows,1,0.0005
3715,1759196295,ISLANDERS: New Shores,1,0.0005
3716,2045674504,It's Kooky,1,0.0005
3717,1898064663,It Lurks Below,1,0.0005
3718,1729867681,Itorah,1,0.0005
3719,1750788653,Jagged Alliance 3,1,0.0005
3720,1970733378,Jelly Brawl,1,0.0005
3721,1480659418,Jeremy McGrath's Offroad,1,0.0005
3722,1670239880,Jewels of the Wild West: Match 3 Puzzle Game,1,0.0005
3723,2014648095,Jigsaw Paws: Kitten Edition for PC & XBOX,1,0.0005
3724,1881986875,Jisei: The First Case HD,1,0.0005
3725,1480659446,Joe Danger 2: The Movie,1,0.0005
3726,829401578,JUMP FORCE - Open Beta,1,0.0005
3727,1773156258,Jurassic Park Classic Games Collection,1,0.0005
3728,1144391632,Jurassic Park: The Game,1,0.0005
3729,1003093254,Just Dance 2017®,1,0.0005
3730,251796387,Just Dance 2018®,1,0.0005
3731,1847331312,Just Dance® 2020 Demo,1,0.0005
3732,2121049988,Just Dance® 2021 (Xbox Series X|S),1,0.0005
3733,1871788890,Kao the Kangaroo,1,0.0005
3734,1912273829,Katana Kata,1,0.0005
3735,2138868799,Kattastick,1,0.0005
3736,1647262896,Kevin,1,0.0005
3737,1817077599,Kill The Brickman,1,0.0005
3738,1974645006,Killer Frequency,1,0.0005
3739,1448544214,KILLER IS DEAD,1,0.0005
3740,1840996916,Kinect Sports Rivals,1,0.0005
3741,2124401256,King's Bounty II,1,0.0005
3742,2035409423,King of the Arcade,1,0.0005
3743,1703270586,Kingdom Come: Deliverance,1,0.0005
3744,131518145,KINGDOM HEARTS Ⅲ,1,0.0005
3745,1674297685,Kingdom Rush Frontiers,1,0.0005
3746,1992283783,Kingdom Rush Origins,1,0.0005
3747,1641318352,Kinki Spiritual Affairs Bureau,1,0.0005
3748,1858227815,Kiting Cat,1,0.0005
3749,2135008252,Kitten Island (Windows),1,0.0005
3750,2090287182,KLONOA Phantasy Reverie Series,1,0.0005
3751,1989445813,Knight Squad 2,1,0.0005
3752,1790640537,Knight vs Giant: The Broken Excalibur,1,0.0005
3753,2147212200,"Knowledge, or know Lady",1,0.0005
3754,1397622750,KOF NEOWAVE,1,0.0005
3755,1900505119,Kung Fu Panda Showdown of Legendary Legends,1,0.0005
3756,1615382054,L.O.L. Surprise! B.B.s BORN TO TRAVEL™,1,0.0005
3757,930893366,Late Shift,1,0.0005
3758,2114717078,Laundry Simulator,1,0.0005
3759,2107556397,Layers of Fear 2,1,0.0005
3760,1947189754,Learning Factory,1,0.0005
3761,58027060,Legendary Eleven,1,0.0005
3762,1974475064,Legends Aligned: Minis in Conflict (Xbox One),1,0.0005
3763,2005013689,LEGO® Bricktales,1,0.0005
3764,1829892926,LEGRAND LEGACY: Tale of the Fatebounds,1,0.0005
3765,1759373796,Leisure Suit Larry - Wet Dreams Dry Twice,1,0.0005
3766,1724587895,Lemon Cake,1,0.0005
3767,831141864,Leo's Fortune,1,0.0005
3768,2046118756,Let's Sing 2022,1,0.0005
3769,2020192287,Let's Sing 2024,1,0.0005
3770,1984921092,Let's Sing Queen,1,0.0005
3771,257790124,Lethal League,1,0.0005
3772,1809493458,Lifeless Moon,1,0.0005
3773,1761905942,Lifeless Planet: Premier Edition,1,0.0005
3774,2097293502,Lil' Guardsman,1,0.0005
3775,1904446165,Limb Hunter,1,0.0005
3776,2049994218,LISA: The Joyful - Definitive Edition,1,0.0005
3777,1832721360,Little Big Adventure - Twinsen's Quest,1,0.0005
3778,2056027793,Little Strays,1,0.0005
3779,1778148060,Little Witch in the Woods,1,0.0005
3780,400576442,LIVE Pro-Am FREE Demo,1,0.0005
3781,1815123311,Loop8: Summer of Gods,1,0.0005
3782,1900726271,Lord of the Click 4,1,0.0005
3783,2066402580,Lord of the Click 4 (Windows),1,0.0005
3784,2020175737,Lord of the Click 4 (Xbox One),1,0.0005
3785,1876590974,lost in that room,1,0.0005
3786,2061418277,Lost Ruins,1,0.0005
3787,1767988502,Lost Wing,1,0.0005
3788,1919266957,Love is all around (Demo),1,0.0005
3789,2133754272,Lumberjack Simulator,1,0.0005
3790,1480656888,LUMINES LIVE!,1,0.0005
3791,217450018,LUMINES REMASTERED,1,0.0005
3792,1939311511,Lunacy: Saint Rhodes,1,0.0005
3793,1624863339,LUNARK,1,0.0005
3794,2095111834,Luto,1,0.0005
3795,1480656909,Luxor 2,1,0.0005
3796,2082382492,Machinarium,1,0.0005
3797,1631559726,Mad Ball Racer,1,0.0005
3798,1700020315,MADiSON,1,0.0005
3799,1625265143,MageQuit,1,0.0005
3800,1846300936,Magical Backpack,1,0.0005
3801,1963895710,Magical Delicacy,1,0.0005
3802,1678552815,Mahjong Adventure DX,1,0.0005
3803,1773723817,Maiden Cops,1,0.0005
3804,1636466973,Maniac,1,0.0005
3805,1654028464,Mars Survivor,1,0.0005
3806,1660014451,Marshmallow Marvin: Greenwood (Windows),1,0.0005
3807,2117648871,Martha Is Dead,1,0.0005
3808,1634530395,MathLand,1,0.0005
3809,2028075036,Mayhem Brawler,1,0.0005
3810,1671671332,Maze Blaze,1,0.0005
3811,1112934356,Meet the Robinsons,1,0.0005
3812,699525164,Mega Man 11 Demo Version,1,0.0005
3813,1999249377,MegaJogos,1,0.0005
3814,1802402118,Meow and the Diamond Jump,1,0.0005
3815,1625774388,Meow Moments: Celebrating Renewal & Romance,1,0.0005
3816,2027208358,Meowsterpiece Museum (Xbox One),1,0.0005
3817,2025888877,METAL EDEN Demo,1,0.0005
3818,1886592223,Metal: Hellsinger (Xbox One),1,0.0005
3819,1777690290,Metal: Hellsinger Demo,1,0.0005
3820,2091037333,Metro 2033 Redux,1,0.0005
3821,1660733075,Metro Exodus (Windows),1,0.0005
3822,1712988828,Metro Simulator 2,1,0.0005
3823,2089740731,Metro: Last Light Redux,1,0.0005
3824,2057143104,MetroLand,1,0.0005
3825,1047964830,Microsoft Bingo,1,0.0005
3826,2008114824,Microsoft Number Puzzle,1,0.0005
3827,1848425097,Mighty Goose,1,0.0005
3828,1808667646,Mighty No. 9,1,0.0005
3829,2003634783,Mimi the Cat: Meow Together,1,0.0005
3830,1708501931,Mimi the Cat: New Friends,1,0.0005
3831,1816010482,MindSeize (Xbox Series X|S),1,0.0005
3832,1982623753,Minesweeper 2019,1,0.0005
3833,1867341407,Mini Golf Club,1,0.0005
3834,2098711695,Mini Words,1,0.0005
3835,1954760880,Minigolf Adventure,1,0.0005
3836,1685398815,Minoria,1,0.0005
3837,1790559387,Miraculous: Rise of the Sphinx,1,0.0005
3838,1753107898,Missing Banban,1,0.0005
3839,2005154607,Mister Monser's Shooter,1,0.0005
3840,1744505425,Modern Combat 5: Blackout,1,0.0005
3841,1629151728,Monarchy,1,0.0005
3842,1480657491,Monkey Island 2: SE,1,0.0005
3843,2136035101,Monopoly Madness,1,0.0005
3844,2079275443,MONOPOLY® MADNESS DEMO,1,0.0005
3845,2070782109,Monster Prom: XXL,1,0.0005
3846,1880305939,Monster Trucks: Unleash The Madness,1,0.0005
3847,1885214293,Moo & Move: Extra Grazing Grounds,1,0.0005
3848,1884090207,Moonscars,1,0.0005
3849,2140351236,Morgan: Metal Detective,1,0.0005
3850,2101018756,Mortal Fight 2,1,0.0005
3851,1423533994,MotoGP™15,1,0.0005
3852,634240708,MotoGP™19,1,0.0005
3853,1766907656,MotoGP™21 - Xbox Series X|S,1,0.0005
3854,1871702552,Mount & Blade: Warband PC,1,0.0005
3855,1937850928,MouseBot: Escape from CatLab,1,0.0005
3856,2038931896,Movie Actor Trivia,1,0.0005
3857,1718758540,Moving Out Demo,1,0.0005
3858,1856726040,Mr. Massagy: Mayo Edition,1,0.0005
3859,1925609034,Mr. T-Shirt,1,0.0005
3860,1480657689,Ms. Splosion Man™,1,0.0005
3861,2091286911,Mudness Offroad - 4x4 Truck Car Simulator,1,0.0005
3862,1894745655,Murder Mystery Machine,1,0.0005
3863,2094614940,Murderous Muses,1,0.0005
3864,2031634495,Mutant Football League 2,1,0.0005
3865,1480656858,Mutant Storm Reloaded,1,0.0005
3866,1937457147,Mutant Year Zero: Road to Eden,1,0.0005
3867,1696839999,MXGP 24: The Official Game,1,0.0005
3868,1819478229,My Bakery Empire,1,0.0005
3869,1995701809,My Cozy Room,1,0.0005
3870,2017928962,My Life: Pet Vet,1,0.0005
3871,1781008619,MY LITTLE PONY: A Maretime Bay Adventure,1,0.0005
3872,444406800,My Little Riding Champion,1,0.0005
3873,1794231119,My Time at Sandrock (Demo),1,0.0005
3874,2125268591,Mystic Academy: Escape Room,1,0.0005
3875,2061014163,Mystic Gate,1,0.0005
3876,1787805157,Mystic Pathways: Crystal Quest,1,0.0005
3877,1990203795,Mystic Pathways: Crystal Quest (Windows),1,0.0005
3878,1907685879,Mystic Pathways: Crystal Quest (Xbox One),1,0.0005
3879,1653999253,MythForce,1,0.0005
3880,1825993656,MyWhoosh HD,1,0.0005
3881,2084735474,Nachtmahr,1,0.0005
3882,1950723029,NAIAD,1,0.0005
3883,2070906964,NAMCO MUSEUM® ARCHIVES Vol 1,1,0.0005
3884,1693654641,Narcissus,1,0.0005
3885,1685327515,NASCAR Arcade Rush,1,0.0005
3886,498956148,NASCAR Heat 2,1,0.0005
3887,693693640,NASCAR Heat Evolution,1,0.0005
3888,656986554,NBA 2K19: The Prelude,1,0.0005
3889,368028447,NBA LIVE 18 DEMO,1,0.0005
3890,1713716935,Neon Block Adventure,1,0.0005
3891,1813589763,Neon Runner for PC,1,0.0005
3892,1703518315,Neoverse,1,0.0005
3893,157973080,NeuroVoider,1,0.0005
3894,2042987745,Neversong,1,0.0005
3895,1737346272,Neverwinter Nights: Enhanced Edition,1,0.0005
3896,1671144891,New Joe & Mac - Caveman Ninja,1,0.0005
3897,2126543080,New Star™ GP Demo,1,0.0005
3898,1690896049,New Tales from the Borderlands,1,0.0005
3899,1841055635,New York Mysteries 5: Power of Art,1,0.0005
3900,1637601167,Nexoria: Dungeon Rogue Heroes,1,0.0005
3901,1453931824,NHL® 15 Downloadable Demo,1,0.0005
3902,1816592098,Niche - a genetics survival game,1,0.0005
3903,1887596214,Nickelodeon All-Star Brawl,1,0.0005
3904,1397819368,NIER,1,0.0005
3905,2070801878,NieR:Automata BECOME AS GODS Edition,1,0.0005
3906,1866853742,Night at the Gates of Hell,1,0.0005
3907,2049412372,Night Call,1,0.0005
3908,2104142109,Night Slashers: Remake,1,0.0005
3909,1745491441,Nikoderiko: The Magical World - Demo,1,0.0005
3910,400632601,Ninja Shodown,1,0.0005
3911,25830915,Ninjin: Clash of Carrots,1,0.0005
3912,1814825729,No More Heroes 3,1,0.0005
3913,1910835207,No Time to Relax,1,0.0005
3914,2049381647,NORCO,1,0.0005
3915,1711091007,Nox Dash,1,0.0005
3916,1869491359,Null Drifter,1,0.0005
3917,1727273780,Observation,1,0.0005
3918,1750039382,Oceanhorn 2 - Knights of the Lost Realm,1,0.0005
3919,1894864113,Octo Killer,1,0.0005
3920,2034276683,Oddsparks: An Automation Adventure,1,0.0005
3921,1764133092,OlliOlli World,1,0.0005
3922,2075242813,One More Dungeon,1,0.0005
3923,1928108930,One More Dungeon 2,1,0.0005
3924,1728797774,ONE PIECE: PIRATE WARRIORS 4 (Windows),1,0.0005
3925,1878673024,One Step After Fall (Xbox Series X|S),1,0.0005
3926,1207405244,Onigiri,1,0.0005
3927,1847106181,Oppidum,1,0.0005
3928,1480659435,Orcs Must Die!,1,0.0005
3929,2022775683,Out of Moves,1,0.0005
3930,1821856796,Out of Moves (Windows),1,0.0005
3931,1834382841,Out of Moves (Xbox One),1,0.0005
3932,1904294237,Outcast - A New Beginning,1,0.0005
3933,1914026967,Outcast - A New Beginning - Demo,1,0.0005
3934,817391198,Outcast - Second Contact,1,0.0005
3935,1480657413,Outland,1,0.0005
3936,1949523812,Override 2: Super Mech League,1,0.0005
3937,35717019,Oxenfree,1,0.0005
3938,1161365458,P4A,1,0.0005
3939,1759144821,PAC-MAN WORLD 2 Re-PAC,1,0.0005
3940,175738476,PAC-MAN™ CHAMPIONSHIP EDITION 2 DEMO,1,0.0005
3941,1828865417,PAC-PAC,1,0.0005
3942,2044736974,Pandemic: The Board Game,1,0.0005
3943,348018268,Pang Adventures,1,0.0005
3944,1397033068,Panzer Dragoon Orta,1,0.0005
3945,2041098926,Paper Glider,1,0.0005
3946,1709540890,Parking Masters,1,0.0005
3947,1953593267,Parking World,1,0.0005
3948,1654902688,Parkitect: Deluxe Edition,1,0.0005
3949,2029632839,Party Animals Playtest,1,0.0005
3950,2137110442,Path of Titans - Insider,1,0.0005
3951,1690880486,Pathos,1,0.0005
3952,1775966138,PBA Pro Bowling 2021,1,0.0005
3953,2102760719,Peachy Boy,1,0.0005
3954,1480660022,Peggle ® 2,1,0.0005
3955,2116319841,Penny's Big Breakaway,1,0.0005
3956,2056610317,Pepper Grinder,1,0.0005
3957,2076010707,Perfect Ninja Painter 2,1,0.0005
3958,1664709987,Persona 3 Reload - Demo,1,0.0005
3959,1480657317,Phantasy Star II,1,0.0005
3960,1480659549,Phantom Breaker:Battle Grounds,1,0.0005
3961,2146085492,Phoenotopia: Awakening,1,0.0005
3962,2142624894,PHOGS! Demo,1,0.0005
3963,1828315114,Physics Sandbox X,1,0.0005
3964,2080732462,Pickle-Pocalypse,1,0.0005
3965,1914519751,Pillars of Eternity: Hero Edition,1,0.0005
3966,2025856880,Pilot Sports,1,0.0005
3967,1820467524,Pinchimono: The Videogame Demo,1,0.0005
3968,2060380149,Pirate Bloopers,1,0.0005
3969,2087743941,Pirate Trails (Windows),1,0.0005
3970,1788227153,Pity Pit,1,0.0005
3971,1890622702,Pixel Gladiator,1,0.0005
3972,1776549840,Pizza Possum,1,0.0005
3973,340271216,Planet Alpha,1,0.0005
3974,1929047032,Pocket Mini Golf 2,1,0.0005
3975,1825171879,Pocky & Rocky Reshrined,1,0.0005
3976,1739676808,Police Chase (Xbox One Edition),1,0.0005
3977,1764091759,Police Drifty Chase : Car Chase Game PC & XBOX,1,0.0005
3978,1972300274,Police Stories,1,0.0005
3979,1798794328,Porkshire Hero (Windows),1,0.0005
3980,1750323746,Porkshire Hero (Xbox One),1,0.0005
3981,1264125919,Port Royale 3,1,0.0005
3982,2106226816,Potion Permit,1,0.0005
3983,1699612058,Potionomics: Masterwork Edition,1,0.0005
3984,1794659226,PowerSlave Exhumed,1,0.0005
3985,1695271858,PowerWash Simulator Demo,1,0.0005
3986,1659566323,Praey for the Gods,1,0.0005
3987,1805003112,Prey,1,0.0005
3988,539671361,Prey: Typhon Hunter,1,0.0005
3989,1431504908,Prince of Persia,1,0.0005
3990,1789135808,Prison Alone,1,0.0005
3991,307808103,Pro Fishing Simulator,1,0.0005
3992,2116922454,Prodeus,1,0.0005
3993,1642329913,Professor Rubik's Brain Fitness,1,0.0005
3994,1642088148,PROJECT 13,1,0.0005
3995,2093251542,Project 13: Taxidermy,1,0.0005
3996,1624350228,Project Spark,1,0.0005
3997,1897198063,Promise Mascot Agency,1,0.0005
3998,1696261466,Property Brothers Home Design,1,0.0005
3999,834721358,Psycho-Pass: Mandatory Happiness ,1,0.0005
4000,670498748,Pumped BMX +,1,0.0005
4001,606673599,Pumped BMX Pro,1,0.0005
4002,1962369921,Pumpkin Jack,1,0.0005
4003,1857233513,Punch Club 2 Demo,1,0.0005
4004,2133619629,Punch Club 2: Fast Forward,1,0.0005
4005,2101274114,Pure Mini Golf,1,0.0005
4006,2028187854,PUSS!,1,0.0005
4007,1655939920,Puyo Puyo Champions,1,0.0005
4008,1480657468,Puzzle Quest 2,1,0.0005
4009,1679725857,PuzzleCar,1,0.0005
4010,753341513,Q*bert REBOOTED: The XBOX One @!#?@! Edition,1,0.0005
4011,738692686,Q.U.B.E: Director's Cut,1,0.0005
4012,1916618155,Quest Hunter,1,0.0005
4013,1724938169,Quiztopia : The Ultimate Trivia (Demo),1,0.0005
4014,1664110632,R-Type® Final 2,1,0.0005
4015,562694050,R.B.I. Baseball 16,1,0.0005
4016,1919758296,Ra Ra BOOM,1,0.0005
4017,1970954956,Rabbids Invasion : The Interactive TV Show,1,0.0005
4018,523071548,Rad Rodgers,1,0.0005
4019,1480657492,Radiant Silvergun,1,0.0005
4020,1839710374,Radiant: Guardians Of Light Demo,1,0.0005
4021,1832476204,Radon Blast,1,0.0005
4022,1837564150,Ragdoll Fighter,1,0.0005
4023,822866352,Raging Justice,1,0.0005
4024,1958527888,Rain World Demo,1,0.0005
4025,1645357835,RAINBOW HIGH™: RUNWAY RUSH,1,0.0005
4026,1697967295,RainbowPhrase Prologue,1,0.0005
4027,1657564986,Ratshaker,1,0.0005
4028,2071320447,Ravenlok,1,0.0005
4029,1927701400,ReactorX 3,1,0.0005
4030,300650813,Real Farm,1,0.0005
4031,1679987069,Real Heroes: Firefighter HD,1,0.0005
4032,2041370619,Real Pool 3D 2,1,0.0005
4033,1850415513,Rebel Galaxy Outlaw,1,0.0005
4034,1963861862,Red Cape Knight (Xbox Series),1,0.0005
4035,1926182660,Redeemer - Enhanced Edition,1,0.0005
4036,1190858142,Redout: Lightspeed Edition,1,0.0005
4037,1755678829,RedRaptor,1,0.0005
4038,1827805096,Relic Hunters Legend,1,0.0005
4039,2118702154,Relic Hunters Legend Demo,1,0.0005
4040,1812321055,Reminiscence in the Night,1,0.0005
4041,2045008370,Remothered: Broken Porcelain,1,0.0005
4042,676489959,Remothered: Tormented Fathers,1,0.0005
4043,1737671428,Reposition Defense (Windows),1,0.0005
4044,1775353777,RESEARCH and DESTROY,1,0.0005
4045,1818899854,Resident Evil 3: Raccoon City Demo,1,0.0005
4046,2144966560,Resident Evil Village Gameplay Demo,1,0.0005
4047,1884102336,Return of the Obra Dinn,1,0.0005
4048,1775421758,Return to Castle Wolfenstein,1,0.0005
4049,1758367827,REVEIL,1,0.0005
4050,2100769596,Rhythm Sprout Demo,1,0.0005
4051,1654474348,Rhythm Towers Demo,1,0.0005
4052,1930767830,RiffTrax: The Game,1,0.0005
4053,1414596725,Rio,1,0.0005
4054,566120507,RIOT: Civil Unrest,1,0.0005
4055,2010249480,Rip Them Off,1,0.0005
4056,1622731815,Rise Eterna,1,0.0005
4057,1629340609,Rise of Industry 2,1,0.0005
4058,1263339494,Risen 2™: Dark Waters ,1,0.0005
4059,1629043783,River City Girls,1,0.0005
4060,1769121996,River City Girls 2,1,0.0005
4061,1732205871,RoadOut Demo,1,0.0005
4062,1791949165,Robin Hood - Sherwood Builders,1,0.0005
4063,1480656869,RoboBlitz,1,0.0005
4064,2055951930,Robots at Midnight,1,0.0005
4065,1480657562,Rock of Ages,1,0.0005
4066,1863410798,Rocket Rats,1,0.0005
4067,1832424764,Rocket Rats Xbox One,1,0.0005
4068,1414793183,Rockstar Table Tennis,1,0.0005
4069,322450727,Rogue Legacy,1,0.0005
4070,1685686710,Rogue Legacy 2,1,0.0005
4071,1720004390,Rogue Raccoon (Windows),1,0.0005
4072,189853082,Rogue Trooper Redux,1,0.0005
4073,1644975436,Rollerdrome,1,0.0005
4074,1867563048,Rollerdrome (2022),1,0.0005
4075,12734978,Roman Rumble in Las Vegum - Asterix & Obelix XXL 2,1,0.0005
4076,1702363847,Rover Mechanic Simulator,1,0.0005
4077,920951865,Rugby 18,1,0.0005
4078,1861374778,Rugby Challenge 3,1,0.0005
4079,764522213,Runbow,1,0.0005
4080,293466353,Saban’s Mighty Morphin Power Rangers: Mega Battle,1,0.0005
4081,1263339495,Sacred 3,1,0.0005
4082,1480659510,Sacred Citadel,1,0.0005
4083,1887252790,Saga of Sins,1,0.0005
4084,1708768275,Saints Row Boss Factory,1,0.0005
4085,429066719,Saints Row IV: Re-Elected,1,0.0005
4086,1716433734,Saints Row IV: Re-Elected,1,0.0005
4087,1480657104,Samurai Shodown II,1,0.0005
4088,2067949679,Sanicball Original Xbox version,1,0.0005
4089,1753316980,Sanicball Xbox version,1,0.0005
4090,2138066534,Sapu,1,0.0005
4091,1786543873,Save Farty The Trivia Game,1,0.0005
4092,150244226,Save the Ninja Clan,1,0.0005
4093,1952805019,Save Your Nuts DEMO,1,0.0005
4094,1936146608,Scorn,1,0.0005
4095,1981563041,Screw Master Windows,1,0.0005
4096,816667289,Seasons after Fall,1,0.0005
4097,1532956420,Sébastien Loeb Rally EVO,1,0.0005
4098,1480657776,Sega Vintage Collection: Alex Kidd & Co.,1,0.0005
4099,1480657775,Sega Vintage Collection: Golden Axe,1,0.0005
4100,1480657778,Sega Vintage Collection: Monster World,1,0.0005
4101,809710057,Serial Cleaner,1,0.0005
4102,2030118025,Serious Sam: Siberian Mayhem,1,0.0005
4103,1657708224,Seven Doors,1,0.0005
4104,2120089695,Severed Steel,1,0.0005
4105,1741341311,Shadowblade Odyssey,1,0.0005
4106,1935829261,Shadowrun: Hong Kong - Extended Edition,1,0.0005
4107,1161890090,Shadows of the Damned,1,0.0005
4108,944809057,Shadows: Awakening,1,0.0005
4109,1753113291,Shaman's Mask of the Rune Magic,1,0.0005
4110,1706860378,Shaman's Mask of the Rune Magic (Xbox One),1,0.0005
4111,1856870909,Shantae Advance: Risky Revolution,1,0.0005
4112,1774500212,Shantae: Risky's Revenge - Director's Cut,1,0.0005
4113,1147540192,Shape Up,1,0.0005
4114,21560138,Sheltered,1,0.0005
4115,114172147,Shenmue,1,0.0005
4116,1022228933,Shenmue II,1,0.0005
4117,2129620077,Sherlock Holmes The Awakened,1,0.0005
4118,1818062089,Sherlock Purr 2,1,0.0005
4119,643894778,Shiness: The Lightning Kingdom,1,0.0005
4120,903306295,Shining Resonance Refrain,1,0.0005
4121,1480657316,Shinobi,1,0.0005
4122,2011396183,SHINOBI NON GRATA,1,0.0005
4123,1710148072,Ship Graveyard Simulator,1,0.0005
4124,1632941844,SHMUP Mania,1,0.0005
4125,2106821597,Shogun Showdown,1,0.0005
4126,1646983647,Shop Simulator: Supermarket,1,0.0005
4127,629977034,Shoppe Keep,1,0.0005
4128,1635033134,Shoulders of Giants: Ultimate,1,0.0005
4129,1645103109,Shred! Remastered,1,0.0005
4130,1976811213,Shroom Siege - Demo,1,0.0005
4131,1834153031,Shy Cats Hidden Orchestra,1,0.0005
4132,1898291368,Shy Cats Hidden Tracks - Vol. 1,1,0.0005
4133,1967979978,Shy Cats Hidden Tracks - Vol. 2,1,0.0005
4134,2044118581,Shy Dogs Hidden Orchestra,1,0.0005
4135,1916393313,SIGNALIS,1,0.0005
4136,1880975663,Simple Solitaire,1,0.0005
4137,1730762164,SINNER: Sacrifice for Redemption,1,0.0005
4138,1809691326,Sixty Second Shooter Prime,1,0.0005
4139,2114598073,Skate City,1,0.0005
4140,1830917724,Skelethrone: The Chronicles of Ericona,1,0.0005
4141,2075310489,Sker Ritual Demo,1,0.0005
4142,1720807506,Skibidi Sandbox,1,0.0005
4143,2073240970,Skull Island: Rise of Kong,1,0.0005
4144,2063272043,Sky Roll!,1,0.0005
4145,2008860920,Skyline Bowling,1,0.0005
4146,2070608881,Slasher: Origins Demo,1,0.0005
4147,1480660016,Slender: The Arrival,1,0.0005
4148,1890588473,Slime Ranger,1,0.0005
4149,1838648944,Slipstream,1,0.0005
4150,1761117688,Slitcher.io - Wormate Snake,1,0.0005
4151,2029524233,Slitterhead,1,0.0005
4152,2079129279,Slopecrashers,1,0.0005
4153,1623473898,Slots Casino: Gambino Games - Casino Slots Machines,1,0.0005
4154,1480656853,Small Arms,1,0.0005
4155,2131152839,Smelter,1,0.0005
4156,1915054567,Smile For Me,1,0.0005
4157,1794725870,Smurfs Kart,1,0.0005
4158,1888303900,Snack and Quack (Xbox One),1,0.0005
4159,595091631,Snake Pass,1,0.0005
4160,1846698557,Snakes and Ladders Championship Demo,1,0.0005
4161,1992471200,SNK 40th Anniversary Collection,1,0.0005
4162,2047898532,Snowboard Legends Demo,1,0.0005
4163,1875557727,Sociable Soccer 25,1,0.0005
4164,1977811296,Sokomage,1,0.0005
4165,2146019518,Sokomine (Xbox One),1,0.0005
4166,1661096222,SokoNature,1,0.0005
4167,1907729638,Solasta: Crown of the Magister,1,0.0005
4168,1793505840,Solir,1,0.0005
4169,2078183849,Solir (Xbox One),1,0.0005
4170,1480656957,Soltrio Solitaire,1,0.0005
4171,2119197579,Somerville,1,0.0005
4172,1790227183,Sonic1.SMS,1,0.0005
4173,1764128130,Sonic2.SMS,1,0.0005
4174,1480657156,SOULCALIBUR,1,0.0005
4175,1887836492,Soulstone Survivors Demo,1,0.0005
4176,1839499082,South of Midnight - Digital Extras,1,0.0005
4177,1627345546,Space Adventure Cobra - The Awakening,1,0.0005
4178,2109986102,Space Crew: Legendary Edition,1,0.0005
4179,2054119958,Space Engineers Beta,1,0.0005
4180,1838518432,Space Hulk®: Deathwing™ - Enhanced Edition (Windows 10),1,0.0005
4181,1653039783,Space Invader 7 Trial,1,0.0005
4182,1764332759,Space Killers 3D,1,0.0005
4183,1763680989,Space Science Investigations,1,0.0005
4184,1738398285,Spades,1,0.0005
4185,2033340677,Speed Car Fighter : Remastered Demo,1,0.0005
4186,1803410566,SpeedRunners 2: King of Speed,1,0.0005
4187,1851544061,Spider - Solitaire Collection,1,0.0005
4188,2032499604,Spiral,1,0.0005
4189,2120222634,Spirit of the North 2,1,0.0005
4190,1671008398,Splodge Royale,1,0.0005
4191,1480657295,Splosion Man,1,0.0005
4192,1789318977,SpongeBob SquarePants: Battle for Bikini Bottom - Rehydrated,1,0.0005
4193,1962192040,SpongeBob: Krusty Cook-Off,1,0.0005
4194,2045695664,SpongeBob: Krusty Cook-Off Extra Krusty Edition,1,0.0005
4195,1896376911,Spot The Differences! Party,1,0.0005
4196,1940217918,SquadBlast (Game Preview),1,0.0005
4197,2037835570,Square Enix Digital Content Viewer,1,0.0005
4198,1696184173,STAR OCEAN THE DIVINE FORCE DEMO,1,0.0005
4199,1992651140,STAR WARS™: Dark Forces Remaster,1,0.0005
4200,1928799402,StarCraft® Remastered,1,0.0005
4201,82653045,Starlink: Battle for Atlas,1,0.0005
4202,1928236996,Starsand,1,0.0005
4203,436767821,State of Mind,1,0.0005
4204,2138726693,Steampunch (Xbox One),1,0.0005
4205,1746379912,Steampunch: Lost Tombs,1,0.0005
4206,2010430322,Steampunch: Lost Tombs (Windows),1,0.0005
4207,1658948948,Steampunch: Lost Tombs (Xbox One),1,0.0005
4208,1833403666,SteamWorld Dig 2,1,0.0005
4209,1732155244,SteamWorld Heist II,1,0.0005
4210,441478569,STEINS;GATE 0,1,0.0005
4211,325295891,Steredenn: Binary Stars,1,0.0005
4212,1016114215,Steven Universe: Save the Light,1,0.0005
4213,2040979596,Steven Universe: Unleash the Light,1,0.0005
4214,1907038683,Stickman Odyssey,1,0.0005
4215,2019891659,Story of a Gladiator,1,0.0005
4216,1690627127,Strayed Lights,1,0.0005
4217,1622218170,Street Outlaws: The List,1,0.0005
4218,1644555235,STRIKERS 1945,1,0.0005
4219,1835041076,STRIKERS 1945 III,1,0.0005
4220,1822584880,Stumble Guys - Beta,1,0.0005
4221,2119021593,Subnautica 2 (Game Preview),1,0.0005
4222,1911312095,Suika And Dragons (Windows),1,0.0005
4223,1892393976,Sundered®: Eldritch Edition,1,0.0005
4224,1841866029,Super Bomberman R Online,1,0.0005
4225,1633973784,Super Cyborg,1,0.0005
4226,1879367682,Super Geisha Neon,1,0.0005
4227,405971334,Super Hydorah,1,0.0005
4228,2059797788,Super Meat Boy Forever,1,0.0005
4229,1785098854,Super Mombo Quest,1,0.0005
4230,1866825187,Super Monkey Ball: Banana Blitz HD,1,0.0005
4231,2058904438,Super Ninja Miner,1,0.0005
4232,953841722,Super Pixel Racers,1,0.0005
4233,1914281401,Super Volley Blast,1,0.0005
4234,1839740207,Supraland,1,0.0005
4235,1733990238,Supraland: Six Inches Under,1,0.0005
4236,1835875371,Supremacy 1914,1,0.0005
4237,1656836695,Sweet Bakery Tycoon,1,0.0005
4238,1480656944,Switchball,1,0.0005
4239,1963116645,SWORD ART ONLINE Fractured Daydream DEMO,1,0.0005
4240,1908989621,SWORD ART ONLINE Last Recollection,1,0.0005
4241,1792046205,SWORD ART ONLINE Last Recollection DEMO,1,0.0005
4242,1918884435,Sword of the Vagrant,1,0.0005
4243,950753176,Syberia 3,1,0.0005
4244,1815398395,Syrup and the Ultimate Sweet,1,0.0005
4245,1981157496,System Shock,1,0.0005
4246,1704201327,System Shock 2: 25th Anniversary Remaster,1,0.0005
4247,869284932,T-Kara Puzzles,1,0.0005
4248,1940337295,Taiko no Tatsujin: Rhythm Festival,1,0.0005
4249,1627444318,Tails Noir,1,0.0005
4250,2132478540,Tails of Iron 2: Whiskers of Winter,1,0.0005
4251,990373231,Tales of Arise (Xbox One),1,0.0005
4252,1829876281,Tales of Arise Demo Version (Xbox Series X|S),1,0.0005
4253,2116508628,Tatris.free,1,0.0005
4254,1480657504,Tecmo Bowl Throwback®,1,0.0005
4255,1657405527,Teenage Mutant Ninja Turtles: Tactical Takedown,1,0.0005
4256,2078757934,Temari Trials,1,0.0005
4257,2107565355,Temari Trials (Windows),1,0.0005
4258,2133660608,Temari Trials (Xbox One),1,0.0005
4259,1090851408,TEMBO THE BADASS ELEPHANT,1,0.0005
4260,2110754324,Temple of Horror,1,0.0005
4261,1875777312,TENGAI,1,0.0005
4262,1638676912,Tennis 2600,1,0.0005
4263,2101116288,Tennis Elbow 4,1,0.0005
4264,1037418183,Tennis World Tour,1,0.0005
4265,1761788696,Tennis World Tour 2,1,0.0005
4266,1713029347,Tennis World Tour 2 - Complete Edition Xbox Series X|S,1,0.0005
4267,1621365103,Terror of Hemasaurus,1,0.0005
4268,188910190,Tesla vs Lovecraft,1,0.0005
4269,1480656886,Texas Hold'em,1,0.0005
4270,1866099835,Texas Hold'em Poker Online - Stars Holdem Poker,1,0.0005
4271,2131320663,That's My Family: Family Fun Night,1,0.0005
4272,1774362586,The Backrooms 1998,1,0.0005
4273,1854327039,The Banner Saga,1,0.0005
4274,1878828344,The Bible Trivia Challenge,1,0.0005
4275,1651981610,The Bluecoats: North & South,1,0.0005
4276,1946261537,The Bookwalker: Thief of Tales,1,0.0005
4277,1749629863,The Case of the Golden Idol,1,0.0005
4278,1637035694,The Chant,1,0.0005
4279,1969027482,The Complex,1,0.0005
4280,1722962896,The Cursed Frog,1,0.0005
4281,1665594904,The Cursed Frog (Windows),1,0.0005
4282,2086126860,The Cursed Frog (Xbox One),1,0.0005
4283,1713037584,The Dark Zone 3D Demo,1,0.0005
4284,231381248,The Deer God,1,0.0005
4285,1804974104,The Devil Is In The Details,1,0.0005
4286,1654357885,The DioField Chronicle,1,0.0005
4287,2115998347,The Drone Racing League Simulator,1,0.0005
4288,2092675376,The Elder Scrolls III: Morrowind Game of the Year Edition (PC),1,0.0005
4289,1649386760,The Entropy Centre,1,0.0005
4290,2103186667,The Explorer Of Night,1,0.0005
4291,2136723382,The Fast Journey,1,0.0005
4292,337067464,The Fisherman - Fishing Planet,1,0.0005
4293,1966508044,The Golf Club,1,0.0005
4294,1670023665,The Good Life Demo,1,0.0005
4295,1769840508,The House of Da Vinci 3,1,0.0005
4296,1918006946,The Inheritance of Crimson Manor,1,0.0005
4297,2052100489,The Invincible,1,0.0005
4298,843167706,The Invisible Hours,1,0.0005
4299,1754337118,The King's Bird,1,0.0005
4300,2048481228,The Last Camp,1,0.0005
4301,2079588618,The Last Campfire,1,0.0005
4302,2047811112,The Last Hero of Nostalgaia,1,0.0005
4303,2055782857,The Last Kids on Earth and the Staff of Doom,1,0.0005
4304,1772965835,The Last Stand: Aftermath,1,0.0005
4305,460271635,The Legend of Korra™,1,0.0005
4306,1036658396,The Long Journey Home,1,0.0005
4307,1648318214,The Lord of the Rings: Gollum™,1,0.0005
4308,482654991,The Mummy Demastered,1,0.0005
4309,1814296294,The Occupation,1,0.0005
4310,1721383054,The Outer Worlds: Spacer’s Choice Edition,1,0.0005
4311,1069677406,The Raven Remastered,1,0.0005
4312,1902329140,The Riftbreaker PC,1,0.0005
4313,1729341102,The Riftbreaker: Prologue Xbox,1,0.0005
4314,2070421205,The Rumble Fish 2,1,0.0005
4315,1894317724,The Serpent Rogue,1,0.0005
4316,1864185316,The Sinking City Xbox Series X|S,1,0.0005
4317,1875984690,The Sisters - Party of the Year,1,0.0005
4318,1778635686,The Star Named EOS,1,0.0005
4319,693104257,The Station,1,0.0005
4320,1991427510,The Suicide of Rachel Foster,1,0.0005
4321,2113780632,The Super Penguboy,1,0.0005
4322,491421892,The Talos Principle,1,0.0005
4323,1857523735,The Talos Principle: Reawakened,1,0.0005
4324,2086031333,The Thaumaturge,1,0.0005
4325,2081464071,The Thaumaturge: Demo,1,0.0005
4326,1965003400,The Unicorn Princess,1,0.0005
4327,1933187511,The Vale: Shadow of the Crown,1,0.0005
4328,513025136,The Wolf Among Us - A Telltale Games Series,1,0.0005
4329,1986869957,Them's Fightin' Herds,1,0.0005
4330,1820279113,There Is No Light,1,0.0005
4331,1406389095,Thief Demo - The Lockdown,1,0.0005
4332,1984752776,Thirsty Suitors,1,0.0005
4333,424855892,This Is the Police,1,0.0005
4334,2006790324,This Means Warp,1,0.0005
4335,1607468796,Thomas Was Alone,1,0.0005
4336,544772182,Thronebreaker: The Witcher Tales,1,0.0005
4337,600509688,Thumper,1,0.0005
4338,1963849763,Thymesia,1,0.0005
4339,1921002071,Ticket to Ride: Classic Edition,1,0.0005
4340,1480657132,Ticket to Ride™,1,0.0005
4341,1651361422,Tidy Toys (Xbox One),1,0.0005
4342,2055889053,Tile Jong Windows,1,0.0005
4343,2002692571,Timberman VS,1,0.0005
4344,1707594112,Time Trap: Hidden Object Adventure,1,0.0005
4345,1448413146,TimeShift,1,0.0005
4346,2063021282,Tin Can,1,0.0005
4347,1313086300,Tiny Troopers 2: Special Ops,1,0.0005
4348,483862571,Tiny Troopers Joint Ops,1,0.0005
4349,1672719761,Tinykin Demo,1,0.0005
4350,2046395333,Titan Chaser,1,0.0005
4351,1924171101,To Farm Lands,1,0.0005
4352,1810583397,To Farm Lands (Xbox One),1,0.0005
4353,1646531438,To the Moon,1,0.0005
4354,1892181795,To the Moon: Sigmund Minisode 1&2 (Holiday Special),1,0.0005
4355,2108730441,Toaplan Arcade Collection Vol. 2,1,0.0005
4356,1773422432,Toaplan Arcade Collection Vol.1,1,0.0005
4357,1984458321,ToeJam and Earl: Back in the Groove!,1,0.0005
4358,2116487770,TOEM,1,0.0005
4359,1951375424,Together We Live,1,0.0005
4360,199663598,Tom Clancy’s The Division 2 - Open Beta,1,0.0005
4361,1633686108,Tomb of the Dash,1,0.0005
4362,1863466810,Tormented Souls 2,1,0.0005
4363,1960960830,Tortuga - A Pirate's Tale,1,0.0005
4364,418211642,Tour de France 2018,1,0.0005
4365,1691312526,Tour de France 2023,1,0.0005
4366,1702020699,Tourist Bus Simulator,1,0.0005
4367,2005516677,Townseek Demo,1,0.0005
4368,1480657310,Toy Soldiers,1,0.0005
4369,1752070610,Toy Soldiers: War Chest,1,0.0005
4370,2088019910,Train Life: A Railway Simulator,1,0.0005
4371,974917521,Train Sim World® 2020,1,0.0005
4372,2063484815,Train Sim World® 6: Free Starter Pack,1,0.0005
4373,2118767226,Train Valley 2 - Community Edition,1,0.0005
4374,2021123644,Tram Simulator Urban Transit,1,0.0005
4375,383880849,Transference™,1,0.0005
4376,1642785895,TRANSFORMERS: EARTHSPARK - Expedition,1,0.0005
4377,1726945595,TRANSFORMERS: Galactic Trials,1,0.0005
4378,1529724759,Transformers: The Dark Spark,1,0.0005
4379,1989609295,Trash is Fun,1,0.0005
4380,1917641293,Treasure Hunter Simulator,1,0.0005
4381,1749194329,Tricky Thief,1,0.0005
4382,1977889788,Trigger Witch,1,0.0005
4383,1676268108,Trollhunters: Defenders of Arcadia,1,0.0005
4384,1112934381,Tron: Evolution,1,0.0005
4385,1760149971,Troopers,1,0.0005
4386,1735843094,Trover Saves the Universe,1,0.0005
4387,2142053337,Trüberbrook,1,0.0005
4388,1848058815,Truck Simulator - Car Parking & Driving,1,0.0005
4389,1887919587,True Fear: Forsaken Souls Part 1,1,0.0005
4390,1679462217,True Fear: Forsaken Souls Part 1 Demo,1,0.0005
4391,1841969017,True Fear: Forsaken Souls Part 2 Demo,1,0.0005
4392,1792195884,Trust No One,1,0.0005
4393,911120656,Tumblestone,1,0.0005
4394,1882728475,TY the Tasmanian Tiger™ 2: Bush Rescue™ HD,1,0.0005
4395,837159338,Typoman,1,0.0005
4396,1990982209,UFL Open Beta,1,0.0005
4397,1964788774,Ultimate Fishing Simulator,1,0.0005
4398,2074316990,Ultimate General: Gettysburg,1,0.0005
4399,1659161283,Ultimate Massage,1,0.0005
4400,1721756099,Ultros,1,0.0005
4401,1815810056,Under The Waves,1,0.0005
4402,2034901256,Unholy,1,0.0005
4403,2118758715,Unknown 9: Awakening,1,0.0005
4404,2093604131,Unruly Heroes,1,0.0005
4405,1664844647,Unwording,1,0.0005
4406,1700372911,uVolley,1,0.0005
4407,1808865750,Vagrus - The Riven Realms Prologue,1,0.0005
4408,131540426,Valentino Rossi The Game,1,0.0005
4409,1828894151,Valiant Hearts: Coming Home,1,0.0005
4410,944836149,Valkyria Chronicles 4,1,0.0005
4411,706892097,Valkyria Revolution,1,0.0005
4412,1957172115,Vampire: The Masquerade - Swansong Xbox One,1,0.0005
4413,1929508962,VAMPYR,1,0.0005
4414,1670489808,Vanity Fair: The Pursuit Demo,1,0.0005
4415,1066906675,Vikings - Wolves of Midgard,1,0.0005
4416,2107633863,Virtual Families Cook Off: Chapter 1 Let's Go Flippin',1,0.0005
4417,1778298055,Void Bastards,1,0.0005
4418,369299403,Volgarr the Viking,1,0.0005
4419,1899039286,W.A.R.P.,1,0.0005
4420,1668558799,Wander Stars,1,0.0005
4421,1996349957,Wanderstop,1,0.0005
4422,1871561416,War Hospital,1,0.0005
4423,1933726959,Warhammer Age of Sigmar: Storm Ground,1,0.0005
4424,1830033435,Warm Snow,1,0.0005
4425,2061738046,Warpips,1,0.0005
4426,1679106504,WARRIORS: Abyss,1,0.0005
4427,1926895632,We Were Here,1,0.0005
4428,1955199870,We Were Here Together,1,0.0005
4429,1666548378,Weedcraft Inc,1,0.0005
4430,2028584511,Weeping Willow (Xbox Series X|S),1,0.0005
4431,1642652271,Welcome to ParadiZe - Demo,1,0.0005
4432,1737110143,Wenjia(DEMO),1,0.0005
4433,2030769510,Werewolf: The Apocalypse - Earthblood Xbox One,1,0.0005
4434,1662257169,What The Dub?!,1,0.0005
4435,1837745362,When the Past was Around,1,0.0005
4436,147618136,White Noise 2,1,0.0005
4437,1640468600,Wild Dogs,1,0.0005
4438,2141688284,Wildmender,1,0.0005
4439,1906596190,Willy J Peso Presents: Save The Trees,1,0.0005
4440,1650081686,Wind Peaks,1,0.0005
4441,1480657369,Winterbottom,1,0.0005
4442,1847003138,Without Escape: Console Edition,1,0.0005
4443,1861858143,Wolfenstein: Youngblood (PC),1,0.0005
4444,2089392357,Woodle Tree 2: Deluxe+,1,0.0005
4445,1834161889,Word Search INFINITE+ : PC & XBOX,1,0.0005
4446,1740791682,Word Stacker - Word Game 2019,1,0.0005
4447,1711900823,World Championship Boxing Manager™ 2,1,0.0005
4448,2141363036,Worldless,1,0.0005
4449,1696945475,WrestleQuest,1,0.0005
4450,1864964873,Wytchwood,1,0.0005
4451,333251915,X-Morph: Defense,1,0.0005
4452,1414793390,XCOM®: Enemy Within,1,0.0005
4453,1067887228,Xenon Valkyrie+,1,0.0005
4454,1917938753,Yakuza 0 for Windows 10,1,0.0005
4455,2123565504,Yatzy Multi-Game Edition,1,0.0005
4456,2116894335,Yooperlite (Xbox One),1,0.0005
4457,1753658946,Yooperlite (Xbox Series X|S),1,0.0005
4458,1905856995,You Suck at Parking® Complete Edition,1,0.0005
4459,984203469,Ys Origin,1,0.0005
4460,1786776587,Yum Yum Cookstar,1,0.0005
4461,2074295437,Yurukill: The Calumniation Games,1,0.0005
4462,1997965582,Zero Escape: The Nonary Games,1,0.0005
4463,1753265343,Zero Escape: Zero Time Dilemma,1,0.0005
4464,1986650777,Zeus Quest - The Rebirth of Earth,1,0.0005
4465,916812232,ZHEROS,1,0.0005
4466,1900150095,Zombie Death Run,1,0.0005
4467,1907198556,Zombie Derby: Pixel Survival,1,0.0005
4468,2059163252,Zombie Derby: Pixel Survival (Windows),1,0.0005
4469,624134529,Zombie Party,1,0.0005
4470,2044141925,Zombie Survivors Series Edition,1,0.0005
4471,1947126242,Zombies ruined my day,1,0.0005
4472,1628545700,Zombies ruined my day Demo,1,0.0005
4473,1881124350,Zoo Life: Animal Park Game,1,0.0005
4474,1955180046,Zoo Tycoon Demo,1,0.0005
4475,1718981556,ドラゴンクエストXI 過ぎ去りし時を求めて S,1,0.0005
