rank,title_id,title,players,percentage
1,267695549,Fortnite,69360,23.5418
2,342226876,Roblox - Xbox,45798,15.5445
3,2001700854,Call of Duty®,40438,13.7252
4,1828326430,Minecraft,28344,9.6204
5,558797228,Rocket League®,18903,6.416
6,972249091,Grand Theft Auto V (Xbox One),17666,5.9961
7,1778348973,Grand Theft Auto Online (Xbox Series X|S),17632,5.9846
8,1840884885,Battlefield™,17604,5.9751
9,1794566092,Minecraft Launcher,15809,5.3658
10,926771636,Tom Clancy's Rainbow Six Siege,13009,4.4154
11,1870487792,NBA 2K26 for Xbox Series X|S,12982,4.4063
12,2118292977,ARC Raiders,10919,3.7061
13,2030093255,Forza Horizon 5,10045,3.4094
14,1794906646,Marvel Rivals,8899,3.0204
15,1909324253,EA SPORTS FC™ 26 Xbox Series X|S,8876,3.0126
16,896928775,Minecraft for Windows,8369,2.8406
17,2106683993,skate.™ (Game Preview),7248,2.4601
18,175227487,Apex Legends™,7221,2.4509
19,1631143456,EA SPORTS™ Madden NFL 26,6955,2.3606
20,94618376,Overwatch®,6539,2.2194
21,2118102995,EA SPORTS™ College Football 26,6014,2.0412
22,591405932,Red Dead Redemption 2,5624,1.9089
23,1924639289,HELLDIVERS™ 2,5251,1.7823
24,2031971566,A Game About Digging A Hole™,4992,1.6944
25,1746894998,Roblox - Windows,4268,1.4486
26,1653663875,EA SPORTS FC™ 25 Xbox Series X|S,4180,1.4188
27,102425831,Dead by Daylight,3996,1.3563
28,144389848,Destiny 2,3902,1.3244
29,1993685552,UFC® 5,3767,1.2786
30,1759802069,EA SPORTS™ College Football 25,3546,1.2036
31,687339341,Brawlhalla,3476,1.1798
32,728655825,Plants vs. Zombies™ Garden Warfare 2,3423,1.1618
33,1730755212,Mortal Kombat™ 1,3408,1.1567
34,1144039928,Halo: The Master Chief Collection,3034,1.0298
35,332913499,Fallout 76,3001,1.0186
36,207015551,theHunter: Call of the Wild™,2937,0.9969
37,2072546746,Madden NFL 25 Xbox Series X|S,2923,0.9921
38,1857595573,The Crew Motorfest - Xbox Series X|S,2914,0.9891
39,629270283,Gang Beasts,2735,0.9283
40,171869406,War Thunder,2594,0.8804
41,1693340366,Hogwarts Legacy,2525,0.857
42,1717113201,Sea of Thieves: 2026 Edition,2455,0.8333
43,1833503116,MARVEL Cosmic Invasion,2421,0.8217
44,2043073184,Halo Infinite,2395,0.8129
45,1669427955,ELDEN RING NIGHTREIGN,2377,0.8068
46,1482870140,Warframe,2359,0.8007
47,1882096658,EA SPORTS FC™ 25 Xbox One,2286,0.7759
48,1992453063,Among Us,2125,0.7213
49,777107394,DayZ,2105,0.7145
50,1256782258,Fallout 4,2073,0.7036
51,1977690926,Farming Simulator 25,2035,0.6907
52,80579825,Call of Duty: Black Ops III,1997,0.6778
53,1198088771,FOR HONOR,1983,0.6731
54,950328474,PUBG: BATTLEGROUNDS,1982,0.6727
55,1891953464,CloverPit,1970,0.6686
56,1096157379,COD: Black Ops II,1955,0.6636
57,1766989558,MLB® The Show™ 25,1916,0.6503
58,222473492,Cyberpunk 2077,1894,0.6429
59,2013614379,Fall Guys,1848,0.6272
60,2073302268,Ready or Not,1796,0.6096
61,1769971395,Clair Obscur: Expedition 33,1795,0.6092
62,893395429,Rust Console Edition X|S,1783,0.6052
63,2139646219,VALORANT,1776,0.6028
64,285358298,Mortal Kombat 11,1750,0.594
65,1852068331,EA SPORTS FC™ 26 Xbox One,1703,0.578
66,638965135,Descenders,1688,0.5729
67,252034287,The Elder Scrolls V: Skyrim Special Edition,1669,0.5665
68,2003727579,Call of Duty®: Modern Warfare® III,1646,0.5587
69,1928988061,ARK: Survival Ascended,1626,0.5519
70,1892245301,ELDEN RING,1619,0.5495
71,85494077,Microsoft Solitaire Collection,1606,0.5451
72,1794767034,NBA 2K25 for Xbox Series X|S,1597,0.542
73,1621567212,ROUTINE,1579,0.5359
74,1953759531,Phasmophobia (Game Preview),1546,0.5247
75,1879711255,The Outer Worlds 2,1544,0.5241
76,1928228122,Borderlands®4,1506,0.5112
77,1842668909,Forza Motorsport,1457,0.4945
78,1634930870,REMATCH,1433,0.4864
79,833960563,STAR WARS™ Battlefront™ II,1420,0.482
80,1797327516,Palworld,1404,0.4765
81,1848421257,eFootball™,1395,0.4735
82,2063087945,PowerWash Simulator 2,1373,0.466
83,2119939858,NHL® 26 Xbox Series X|S,1356,0.4602
84,1965191913,F1® 24,1330,0.4514
85,1975246356,Baldur's Gate 3,1311,0.445
86,1998069249,WWE 2K25 for Xbox Series X|S,1311,0.445
87,1668241504,Hollow Knight: Silksong,1279,0.4341
88,1959007243,Call of Duty®: Modern Warfare® II,1234,0.4188
89,2099828114,THE FINALS,1230,0.4175
90,1973901376,Diablo® IV,1198,0.4066
91,1702731390,Supermarket Simulator,1193,0.4049
92,2110891029,KILL IT WITH FIRE! 2,1189,0.4036
93,2045404355,Dome Keeper,1188,0.4032
94,321656011,The Sims™ 4,1185,0.4022
95,1912255927,Ultimate Sheep Raccoon,1185,0.4022
96,1855024215,"Warhammer 40,000: Space Marine 2",1185,0.4022
97,1161890022,Skate 3,1177,0.3995
98,352040487,Tom Clancy’s The Division 2,1151,0.3907
99,2031804130,Red Dead Redemption,1127,0.3825
100,1815914144,Grand Theft Auto V Enhanced (PC),1122,0.3808
101,1732013402,Grounded 2 (Game Preview),1122,0.3808
102,374923716,Gears 5,1118,0.3795
103,545844082,Call of Duty®: WWII,1117,0.3791
104,1876694512,Madden NFL 25 Xbox One,1066,0.3618
105,2053080068,Genshin Impact,1057,0.3588
106,1646963350,NHL® 25 Xbox Series X|S,1039,0.3527
107,1615644955,Microsoft Flight Simulator 2024,1031,0.3499
108,1696147865,Zenless Zone Zero,1025,0.3479
109,1758796660,Wobbly Life,967,0.3282
110,964706972,No Man's Sky,962,0.3265
111,1985701699,Forza Horizon 4,960,0.3258
112,1611895213,Disney Dreamlight Valley,959,0.3255
113,306230746,Stardew Valley,954,0.3238
114,983730484,ARK: Survival Evolved,940,0.319
115,1738914043,Assassin's Creed Shadows,929,0.3153
116,1701108859,HITMAN 3,927,0.3146
117,1096157269,Call of Duty®: Black Ops,908,0.3082
118,1671990131,MY HERO ULTRA RUMBLE,908,0.3082
119,491582364,Need for Speed™ Heat,901,0.3058
120,2059211995,Hollow Knight: Voidheart Edition,894,0.3034
121,2103516179,The Outlast Trials,887,0.3011
122,961090289,Tom Clancy's Ghost Recon Breakpoint,884,0.3
123,1019460860,DRAGON BALL XENOVERSE 2,868,0.2946
124,1161890069,FIGHT NIGHT CHAMPION,858,0.2912
125,1852502655,EA SPORTS FC™ 24 Xbox Series X|S,854,0.2899
126,1878915001,SnowRunner,851,0.2888
127,2111829961,Hell Let Loose,845,0.2868
128,465979625,UFC® 4,833,0.2827
129,1774692913,Goat Simulator 3,830,0.2817
130,1971845611,Mount & Blade II: Bannerlord,829,0.2814
131,1684508835,"Warhammer 40,000: Darktide",828,0.281
132,1479758055,Batman™: Arkham Knight,818,0.2776
133,183968596,UNO™,816,0.277
134,2098741842,EA SPORTS FC™ 24 Xbox One,808,0.2742
135,1728105232,Assassin's Creed Valhalla,804,0.2729
136,1790482525,Call of Duty®: Black Ops Cold War - Xbox Series X|S,797,0.2705
137,964818375,Assassin's Creed Odyssey,791,0.2685
138,1715349030,Asphalt Legends,777,0.2637
139,1792830437,Balatro,777,0.2637
140,1679027058,Stumble Guys,770,0.2613
141,2138304024,Rec Room,769,0.261
142,1285166951,The Elder Scrolls Online,768,0.2607
143,840116976,World of Tanks Modern Armor,767,0.2603
144,623325843,Cuphead,765,0.2597
145,1739375565,Minecraft Dungeons,761,0.2583
146,478449077,World of Warships: Legends,740,0.2512
147,1850827024,F1® 25,730,0.2478
148,1965142613,Golf With Your Friends,729,0.2474
149,1938834516,State of Decay 2: Juggernaut Edition,726,0.2464
150,609700427,Call of Duty®: Modern Warfare®,721,0.2447
151,2054716369,It Takes Two,721,0.2447
152,1779135141,Riders Republic™,720,0.2444
153,1720309872,Arma Reforger,705,0.2393
154,283303390,Wreckfest,704,0.2389
155,346683864,Tom Clancy's Ghost Recon Wildlands,697,0.2366
156,2068980019,CarX Drift Racing Online,696,0.2362
157,1699459210,DRAGON BALL Sparking! ZERO,695,0.2359
158,2008767227,Brotato,694,0.2356
159,2069980568,The First Descendant,693,0.2352
160,1843269941,Chivalry 2,673,0.2284
161,389597738,Terraria,672,0.2281
162,1961305648,Totally Accurate Battle Simulator,665,0.2257
163,2120976389,Banishers: Ghosts of New Eden,661,0.2244
164,2143033449,Monster Hunter Wilds,661,0.2244
165,504085184,The Crew® 2,659,0.2237
166,1680544459,Dying Light: The Beast,649,0.2203
167,1657391528,NBA 2K25 for Xbox One,647,0.2196
168,1848927238,BALL x PIT,642,0.2179
169,1112737760,Fallout: New Vegas,636,0.2159
170,1615991113,New MONOPOLY®,636,0.2159
171,556718860,Assassin's Creed IV Black Flag,622,0.2111
172,1414793202,GTA IV,615,0.2087
173,2105342780,Grounded,612,0.2077
174,2132429347,Risk of Rain 2,610,0.207
175,1682363458,Avatar: Frontiers of Pandora™,605,0.2053
176,1695979902,The Elder Scrolls IV: Oblivion Remastered,597,0.2026
177,45083076,Injustice™ 2,596,0.2023
178,1825113946,PowerWash Simulator,590,0.2003
179,1993741445,SMITE 2 (Game Preview),590,0.2003
180,1792638437,Lost Records: Bloom & Rage,588,0.1996
181,1646978734,Police Simulator: Patrol Officers,586,0.1989
182,2043906033,MX vs ATV Legends,584,0.1982
183,783973363,Dead Island 2,579,0.1965
184,1829869520,Gears of War: Reloaded,574,0.1948
185,447911394,Far Cry® 5,572,0.1941
186,1008687929,Mortal Kombat X,572,0.1941
187,2079794073,Starfield,569,0.1931
188,2040514027,Terminull Brigade™,568,0.1928
189,2106583887,TEKKEN 8,565,0.1918
190,2053555152,Yu-Gi-Oh! Master Duel,565,0.1918
191,2128602192,Bluey: The Videogame,564,0.1914
192,1894513996,CarX Street,563,0.1911
193,940594756,World War Z,555,0.1884
194,2008623143,NINJA GAIDEN 4,548,0.186
195,1830948067,EA SPORTS™ PGA TOUR™,545,0.185
196,453395486,Ultimate Chicken Horse,543,0.1843
197,2010328709,Assassin's Creed® Mirage,540,0.1833
198,1874191487,High On Life,529,0.1796
199,1145574011,Titanfall® 2,515,0.1748
200,1726497855,PGA TOUR 2K25,510,0.1731
201,1805568255,Trailmakers,506,0.1717
202,415619002,Watch Dogs®2,505,0.1714
203,1925947069,FARCRY 6,504,0.1711
204,1949242128,SILENT HILL 2,503,0.1707
205,1972007641,Kingdom Come: Deliverance II,498,0.169
206,2011136108,Medieval Dynasty,496,0.1683
207,1998461943,Assassin's Creed Unity,492,0.167
208,2116740682,The Grinch: Christmas Adventures - Merry & Mischievous Edition,492,0.167
209,792158305,Call of Duty®: Black Ops 4,491,0.1667
210,1840066568,Pigeon Simulator,490,0.1663
211,1854680102,Delta Force,488,0.1656
212,2014590773,Car Mechanic Simulator 2021,486,0.165
213,1777860928,Microsoft Flight Simulator (2020),479,0.1626
214,1911989187,Football Manager 26 Console,474,0.1609
215,312881568,Human Fall Flat,467,0.1585
216,1671080157,Minecraft Preview,465,0.1578
217,1792227428,Indiana Jones and the Great Circle,462,0.1568
218,308190374,LEGO® Star Wars™: The Skywalker Saga,452,0.1534
219,1912862912,Sniper Elite: Resistance,452,0.1534
220,308654313,Overcooked! 2,450,0.1527
221,1938832846,STAR WARS Jedi: Survivor™,446,0.1514
222,1667928394,Halo Wars 2,443,0.1504
223,1902585111,DOOM: The Dark Ages,438,0.1487
224,1841062643,Hunt: Showdown 1896,438,0.1487
225,1790216132,Hades,435,0.1476
226,608369389,FAR CRY PRIMAL,431,0.1463
227,1730971667,7 Days to Die - Console Edition (Game Preview),430,0.1459
228,1386529057,Battlefield™ 1,430,0.1459
229,1797047526,Voidtrain,427,0.1449
230,1414793259,Red Dead Redemption,426,0.1446
231,219630713,Halo 5: Guardians,423,0.1436
232,374621264,RESIDENT EVIL 2,423,0.1436
233,1744726864,Enlisted,418,0.1419
234,514291876,Assassin's Creed® The Ezio Collection,417,0.1415
235,1719923985,Undisputed,416,0.1412
236,2090892978,Farming Simulator 22,415,0.1409
237,345903534,Minecraft: Xbox One Edition,413,0.1402
238,72159092,Crash Bandicoot™ N. Sane Trilogy,412,0.1398
239,749311689,Plants vs. Zombies: Battle for Neighborville™,412,0.1398
240,2098787950,Age of Empires IV: Anniversary Edition,411,0.1395
241,642156375,Crash™ Team Racing Nitro-Fueled,411,0.1395
242,530462567,The Witcher 3: Wild Hunt – Complete Edition,411,0.1395
243,1695638358,Vampire Survivors,411,0.1395
244,552499398,Gears of War 4,406,0.1378
245,320504455,Middle-earth™: Shadow of War™,405,0.1375
246,15959542,DRAGON BALL FIGHTERZ (Xbox Series X|S),404,0.1371
247,1631329360,Pixel Strike 3D,404,0.1371
248,256364670,Battlefield™ V,402,0.1364
249,502034863,Assassin's Creed Origins,400,0.1358
250,1976117247,Path of Titans (Game Preview),397,0.1347
251,2064168993,Age of Empires II: Definitive Edition,393,0.1334
252,1818602982,RoadCraft,391,0.1327
253,1852916479,Resident Evil 4,390,0.1324
254,2135594829,Jurassic World Evolution 2,387,0.1314
255,1753744295,"Little Kitty, Big City",386,0.131
256,339148107,Insurgency: Sandstorm (Windows),383,0.13
257,1761802913,Total Chaos,382,0.1297
258,1749127985,Madden NFL 24 Xbox One,379,0.1286
259,1696697876,NBA 2K26 for Xbox One,379,0.1286
260,1297287339,Gears of War 3,378,0.1283
261,1880561613,Madden NFL 24 Xbox Series X|S,374,0.1269
262,837917131,Deep Rock Galactic,353,0.1198
263,859011533,Assassin's Creed® III Remastered,351,0.1191
264,830649354,Dying Light,351,0.1191
265,2021110805,Roblox - Not Supported,351,0.1191
266,1041486048,DARK SOULS™ III,349,0.1185
267,1733257076,Teardown,347,0.1178
268,1651188120,Path of Exile 2 (Game Preview),342,0.1161
269,1289871275,Forza Horizon 3,339,0.1151
270,1616563209,FragPunk,335,0.1137
271,1731202267,Need for Speed™ Unbound,330,0.112
272,265691378,STEEP,329,0.1117
273,1994003829,EA SPORTS™ FIFA 23 Standard Edition Xbox One,328,0.1113
274,1966276493,Satisfactory,327,0.111
275,945909358,Subnautica,326,0.1106
276,1673618851,Egging On,324,0.11
277,2106872096,Battlefield™ 2042 Xbox Series X|S,321,0.109
278,2077953041,Clone Drone in the Danger Zone,321,0.109
279,1832051520,Crime Scene Cleaner,321,0.109
280,1028735742,NARUTO SHIPPUDEN™: Ultimate Ninja® STORM 4,321,0.109
281,490838306,Fishing Planet,318,0.1079
282,1096157207,Modern Warfare® 2,318,0.1079
283,1857530883,NASCAR 25,318,0.1079
284,794552001,The Binding of Isaac: Rebirth,318,0.1079
285,568182861,ASTRONEER,316,0.1073
286,1793309125,WWE 2K24,315,0.1069
287,2076120890,Deep Rock Galactic: Survivor,313,0.1062
288,1096157387,Modern Warfare® 3,313,0.1062
289,1560034050,Assassin's Creed Syndicate,310,0.1052
290,1367952835,Far Cry® 4,310,0.1052
291,791545701,Goat Simulator,310,0.1052
292,1877908426,Tony Hawk's™ Pro Skater™ 3 + 4,310,0.1052
293,1799887933,The Witcher 3: Wild Hunt,309,0.1049
294,2068332202,Abiotic Factor,308,0.1045
295,796798669,Call of Duty®: Infinite Warfare,308,0.1045
296,1703229686,Split Fiction,308,0.1045
297,1947812162,WWE 2K25 for Xbox One,308,0.1045
298,1936845110,Cities: Skylines - Remastered,306,0.1039
299,125226722,DARK SOULS™: REMASTERED,306,0.1039
300,1161890004,Left 4 Dead 2,306,0.1039
301,1938336894,Sledders,304,0.1032
302,860666361,Plants vs. Zombies Garden Warfare,299,0.1015
303,1096157212,Call of Duty®: WaW,298,0.1011
304,1484511986,Battlefield 4,295,0.1001
305,2122418461,Bratz® Rhythm & Style,294,0.0998
306,165599118,Prominence Poker,293,0.0994
307,666757656,Rayman Legends,293,0.0994
308,1480657407,Plants vs. Zombies,291,0.0988
309,756981192,Borderlands 3,285,0.0967
310,1707431222,Jurassic World Evolution 3,285,0.0967
311,2115352193,Pacific Drive,283,0.0961
312,1873615541,Pool Blitz,282,0.0957
313,244291844,Far Cry 3 Classic Edition,278,0.0944
314,1972063516,Sifu,278,0.0944
315,1745661457,Valheim,278,0.0944
316,872826607,Vigor,278,0.0944
317,834001943,Dying Light 2: Stay Human - Reloaded Edition,276,0.0937
318,1479895282,PAYDAY 2: CRIMEWAVE EDITION,272,0.0923
319,2111887267,Sonic Racing: CrossWorlds,272,0.0923
320,869175187,A Way Out,271,0.092
321,2117764661,Diablo III: Reaper of Souls – Ultimate Evil Edition,269,0.0913
322,1711563707,House Flipper,266,0.0903
323,1065708874,Skull and Bones,266,0.0903
324,1465674891,Assetto Corsa,265,0.0899
325,1134837784,SMITE,265,0.0899
326,1715352825,Five Nights at Freddy's 2,264,0.0896
327,56347639,Spyro™ Reignited Trilogy,264,0.0896
328,74304278,Tom Clancy’s The Division,264,0.0896
329,831224608,Need for Speed™ Payback,262,0.0889
330,2035760753,PAW Patrol World,262,0.0889
331,790047319,Sekiro™: Shadows Die Twice - GOTY Edition,259,0.0879
332,1756421327,Teenage Mutant Ninja Turtles: Shredder's Revenge,259,0.0879
333,1693391830,SpongeBob SquarePants™: The Patrick Star Game,257,0.0872
334,1676173709,Wizard101,254,0.0862
335,2021058326,Way of the Hunter,253,0.0859
336,1879115757,Trackmania®,252,0.0855
337,2111261461,NBA 2K24 for Xbox One,248,0.0842
338,2113731956,Disney Speedstorm,244,0.0828
339,1970218801,Dead by Daylight Windows,243,0.0825
340,1918441274,MONOPOLY PLUS,243,0.0825
341,422207632,Castle Crashers Remastered,242,0.0821
342,2093000869,Slay The Spire,239,0.0811
343,1698419011,Stellaris: Console Edition (X|S),238,0.0808
344,2000221001,Blizzard® Arcade Collection PC,237,0.0804
345,309834943,Wheel Of Fortune®,237,0.0804
346,1664487314,Football Manager 26,235,0.0798
347,1112737749,Fallout 3,234,0.0794
348,847310458,South Park™: The Stick of Truth ™,233,0.0791
349,585771792,WATCH_DOGS™,233,0.0791
350,1814675537,Grand Theft Auto: San Andreas – The Definitive Edition,232,0.0787
351,2067705319,NBA 2K24 for Xbox Series X|S,232,0.0787
352,1970734247,NHL® 24 Xbox One,232,0.0787
353,143716413,Dragon Age™: The Veilguard,231,0.0784
354,1808064759,FIFA 22 Xbox One,231,0.0784
355,1687588412,Street Fighter™ 6,230,0.0781
356,2085228810,EA SPORTS™ WRC,229,0.0777
357,1922695178,PlateUp!,229,0.0777
358,1843596190,SPLITGATE: Arena Reloaded,229,0.0777
359,1952300170,Battlefield™ 2042 Xbox One,228,0.0774
360,1985019983,Crash Bandicoot™ 4: It’s About Time,228,0.0774
361,2083870981,Who's Your Daddy?!,228,0.0774
362,247546985,Destiny,225,0.0764
363,1922283524,Goat Simulator 3: Xbox One Edition,225,0.0764
364,2097945335,F1® 23,224,0.076
365,341687485,3on3 FreeStyle,223,0.0757
366,2041142160,Maximum Football,222,0.0754
367,770775860,RESIDENT EVIL 3 for Windows,222,0.0754
368,415563833,DiRT Rally 2.0,221,0.075
369,680942588,STAR WARS Jedi: Fallen Order™,221,0.075
370,1705097731,Halls of Torment,220,0.0747
371,1863849961,Palia,218,0.074
372,2054685746,Mass Effect™ Legendary Edition,217,0.0737
373,1013969466,NARUTO TO BORUTO: SHINOBI STRIKER,217,0.0737
374,1874517142,Retro Classics,216,0.0733
375,514006173,Batman: Return to Arkham - Arkham City,215,0.073
376,1988609509,PGA TOUR 2K23,214,0.0726
377,739464821,South Park™: The Fractured but Whole™,213,0.0723
378,2120287235,Truck World: Australia - First Haul,213,0.0723
379,1768081511,Crusader Kings III,208,0.0706
380,1740172423,Totally Reliable Delivery Service,208,0.0706
381,226054795,MONSTER HUNTER: WORLD™,207,0.0703
382,19060482,Trials® Rising,207,0.0703
383,1204533074,Borderlands 2,206,0.0699
384,921016611,Crossout,206,0.0699
385,1737329553,Total War: Warhammer III (Old Version),206,0.0699
386,1989106096,Sid Meier’s Civilization® VI (Windows PC),205,0.0696
387,625948041,Slime Rancher,205,0.0696
388,1940322572,Five Nights at Freddy's,204,0.0692
389,980944365,Need for Speed™,204,0.0692
390,1997201494,Aliens: Fireteam Elite,203,0.0689
391,810101074,Dead Cells,200,0.0679
392,1877956827,Peppa Pig: World Adventures,200,0.0679
393,2108722049,Resident Evil Village,200,0.0679
394,84790147,Watch Dogs®: Legion,200,0.0679
395,331135949,DOOM Eternal (BATTLEMODE),199,0.0675
396,2131572088,Evil West,199,0.0675
397,2143306487,NBA 2K23 for Xbox One,197,0.0669
398,1877522801,Age of Mythology: Retold,196,0.0665
399,1999574456,Forza Motorsport 7,196,0.0665
400,1030018025,Halo Wars: Definitive Edition (PC),196,0.0665
401,2046562785,Avowed,194,0.0658
402,572802557,Call of Duty®: Ghosts,193,0.0655
403,913783821,Shadow of the Tomb Raider,193,0.0655
404,1943631392,Digimon Story Time Stranger,192,0.0652
405,470244957,LEGO Marvel Super Heroes,192,0.0652
406,1997252569,Need for Speed™ Hot Pursuit Remastered,192,0.0652
407,2067022016,Call of the Wild: The Angler™,191,0.0648
408,1753087315,Fallout 76 (PC),191,0.0648
409,2122392131,Winter Burrow,190,0.0645
410,627891457,Little Nightmares II Enhanced Edition,188,0.0638
411,568218779,Resident Evil 5,188,0.0638
412,1880727250,Unpacking,188,0.0638
413,2083429980,Nickelodeon All-Star Brawl 2,187,0.0635
414,68553410,Kingdom Come: Deliverance,186,0.0631
415,830718665,DRAGON BALL Z: KAKAROT,185,0.0628
416,1633340711,Spray Paint Simulator,185,0.0628
417,401515813,Enter The Gungeon,184,0.0625
418,1933718863,SUPERHOT: MIND CONTROL DELETE,184,0.0625
419,1684061010,SWORN,183,0.0621
420,1837410971,NARAKA: BLADEPOINT,182,0.0618
421,945976112,Rush: A DisneyPixar Adventure,182,0.0618
422,1687693597,Assetto Corsa Competizione,181,0.0614
423,1297287213,Gears of War 2,181,0.0614
424,1931936981,Goat Simulator: Remastered (Windows Edition),180,0.0611
425,954605110,Assassin’s Creed® Rogue Remastered,179,0.0608
426,655591242,Far Cry® New Dawn,177,0.0601
427,58472989,Killer Instinct,177,0.0601
428,2128853757,Cricket 24,176,0.0597
429,801251286,Stick Fight: The Game,175,0.0594
430,748474487,Cities: Skylines - Windows 10 Edition,174,0.0591
431,1712074146,WUCHANG: Fallen Feathers,174,0.0591
432,1911508378,RoboCop: Rogue City,173,0.0587
433,20391045,Batman: Return to Arkham - Arkham Asylum,172,0.0584
434,1414793208,MCLA: Complete,172,0.0584
435,651668093,RESIDENT EVIL 7 biohazard,172,0.0584
436,826545257,Tomb Raider: Definitive Edition,172,0.0584
437,1046363979,Rise of the Tomb Raider,169,0.0574
438,1955966351,Black Myth: Wukong,168,0.057
439,2019012309,Star Wars Outlaws,168,0.057
440,300763685,ACE COMBAT™ 7: SKIES UNKNOWN,165,0.056
441,2008403666,Dead Space,165,0.056
442,1766089184,GoldenEye 007,165,0.056
443,1812294496,Mecha BREAK,165,0.056
444,416597888,Hungry Shark® World,164,0.0557
445,2042794389,Demon Slayer -Kimetsu no Yaiba- The Hinokami Chronicles 2,163,0.0553
446,199746733,Conan Exiles,162,0.055
447,1907796436,DREDGE,162,0.055
448,367254866,Sleeping Dogs™ Definitive Edition,162,0.055
449,1694250070,Super Animal Royale,162,0.055
450,1766088016,Farming Simulator 25 (PC),160,0.0543
451,1741206400,Little Nightmares III,160,0.0543
452,1961670808,UFL,160,0.0543
453,2041941014,Diablo® II: Resurrected™,158,0.0536
454,1663711933,FINAL FANTASY XVI,158,0.0536
455,2047911802,For The King II,158,0.0536
456,2081484036,Superliminal,158,0.0536
457,1414793242,Bully Scholarship Ed.,157,0.0533
458,1668430766,Cities: Skylines II - PC Edition,157,0.0533
459,1714434521,Firefighting Simulator - The Squad,157,0.0533
460,2093153073,Party Animals,157,0.0533
461,1653442250,ROUNDS,156,0.0529
462,1265757851,Trials Fusion,156,0.0529
463,605932637,Hello Neighbor,155,0.0526
464,1192666733,Mafia III,155,0.0526
465,2057463803,The Texas Chain Saw Massacre,153,0.0519
466,384396065,Unravel Two,153,0.0519
467,2032762484,Descenders Next (Game Preview),151,0.0513
468,1037514907,Burnout™ Paradise Remastered,149,0.0506
469,875417719,Call of Duty®: Advanced Warfare,149,0.0506
470,828985924,Resident Evil 6,147,0.0499
471,210179407,Back 4 Blood,146,0.0496
472,2154930,Call of Duty®: Modern Warfare® Remastered,146,0.0496
473,2004071321,Black Desert - XBOX Series X|S Upgrade Install Pack,145,0.0492
474,1947019474,ScootX,145,0.0492
475,1652862446,Super Mega Baseball™ 4,143,0.0485
476,1414793189,Civilization Revolution,142,0.0482
477,1953745880,Roboquest,140,0.0475
478,2080211397,Stardew Valley,140,0.0475
479,1725517447,House Flipper 2,139,0.0472
480,1681220621,STAR WARS™ Battlefront™,139,0.0472
481,1890789689,The Casting of Frank Stone™,138,0.0468
482,1708767297,Ryse: Son of Rome,137,0.0465
483,1175562227,Just Cause 3,136,0.0462
484,1994868821,Predecessor,136,0.0462
485,1846145161,Metaphor: ReFantazio,135,0.0458
486,346797032,MX vs ATV All Out,135,0.0458
487,682404126,Paladins,135,0.0458
488,1680433621,Young Suns,135,0.0458
489,407534069,Neverwinter,134,0.0455
490,645502086,The Four Kings Casino and Slots,134,0.0455
491,1045960524,Metro Exodus,133,0.0451
492,2128546794,NARUTO X BORUTO Ultimate Ninja STORM CONNECTIONS,132,0.0448
493,1989637637,Cooking Simulator,131,0.0445
494,1855426799,FINAL FANTASY XIV Online,131,0.0445
495,2142076307,Anno 1800™,130,0.0441
496,1790217657,Five Nights at Freddy's 4,130,0.0441
497,868192693,Gotham Knights,130,0.0441
498,2125557798,Still Wakes the Deep,130,0.0441
499,1865076226,MLB® The Show™ 24 Xbox One,129,0.0438
500,531437752,Rogue Company,129,0.0438
501,2142027917,Fallout Shelter,128,0.0434
502,1880835530,Atomfall,127,0.0431
503,1670026911,BMX Streets,127,0.0431
504,1889714780,Lords of the Fallen,127,0.0431
505,2053707080,NINJA GAIDEN 2 Black,127,0.0431
506,2005028938,S.T.A.L.K.E.R. 2: Heart of Chornobyl - Windows Edition,127,0.0431
507,1714795112,DOOM + DOOM II,126,0.0428
508,2089461712,Expeditions: A MudRunner Game,126,0.0428
509,1941033112,Anno 117: Pax Romana,125,0.0424
510,1884682689,Five Nights at Freddy's: Security Breach,125,0.0424
511,767263759,Rock Band 4,125,0.0424
512,1414596604,Saints Row 2,125,0.0424
513,850118036,Generation Zero®,124,0.0421
514,1876744786,Killing Floor 3,124,0.0421
515,2097321401,Blue Prince,123,0.0417
516,1929807318,Call of Duty®: Vanguard - Xbox Series X|S,123,0.0417
517,1540549950,DARK SOULS™ II: Scholar of the First Sin,123,0.0417
518,927474846,Firewatch,122,0.0414
519,1694054782,Forza Motorsport 6,122,0.0414
520,1720075101,Mafia: Definitive Edition for XBOX One,122,0.0414
521,423941531,LEGO® Harry Potter™ Collection,121,0.0411
522,1864882669,Persona 4 Golden,120,0.0407
523,1713510228,RIDE 5,120,0.0407
524,1693830737,Alan Wake 2,119,0.0404
525,245236582,Celeste,119,0.0404
526,5433956,Dead Island Definitive Edition,119,0.0404
527,1793764669,Zombie Army 4: Dead War,119,0.0404
528,1327376519,DOOM,118,0.0401
529,1795379754,The Walking Dead: The Complete First Season,118,0.0401
530,988203152,Stellaris: Console Edition,117,0.0397
531,1682965706,Another Crab's Treasure,116,0.0394
532,1801055182,Bounty Star,116,0.0394
533,1611051325,Grand Theft Auto: Vice City – The Definitive Edition,116,0.0394
534,1785898011,Sid Meier’s Civilization® VII,116,0.0394
535,148020354,METAL GEAR SOLID V: THE PHANTOM PAIN,115,0.039
536,1007715169,Warhammer: Vermintide 2,115,0.039
537,2021412862,Raft,114,0.0387
538,939455454,resident evil 4 (2005),114,0.0387
539,2119739112,Monster Train 2,113,0.0384
540,1655054632,My Friendly Neighborhood,113,0.0384
541,862712929,Star Trek Online,113,0.0384
542,108727346,Suicide Squad: Kill the Justice League,113,0.0384
543,1297287382,Fable III,111,0.0377
544,2101636955,Grand Theft Auto V Legacy (PC),111,0.0377
545,2019267377,Madden NFL 23 Xbox One,110,0.0373
546,956568979,Need for Speed Rivals,110,0.0373
547,34441781,Saints Row The Third Remastered,110,0.0373
548,1984680366,Medieval Dynasty (Xbox One),109,0.037
549,2029805012,MultiVersus,109,0.037
550,1809107273,NHL® 24 Xbox Series X|S,109,0.037
551,724369121,Saints Row,109,0.037
552,1702196563,Frostpunk 2,108,0.0367
553,1903138273,Sonic Frontiers,108,0.0367
554,2028975703,Superball,108,0.0367
555,1674901200,Inscryption,107,0.0363
556,813411968,LEGO® Marvel Super Heroes 2,107,0.0363
557,903593533,Path of Exile,107,0.0363
558,1822990481,BLEACH Rebirth of Souls,106,0.036
559,2122788273,Keeper,106,0.036
560,1813085990,Road 96,106,0.036
561,1931911684,Shredders,106,0.036
562,1480657521,Doritos Crash Course,105,0.0356
563,69094388,EA SPORTS™ FIFA 17,105,0.0356
564,196423588,Outlast,105,0.0356
565,1634720918,Ultimate Custom Night,105,0.0356
566,196631666,EA SPORTS™ FIFA 20,104,0.0353
567,1853524575,Mafia: The Old Country,104,0.0353
568,1414793323,Max Payne 3,104,0.0353
569,1639060910,Minecraft Legends - Windows,104,0.0353
570,482947130,Clicker Heroes,103,0.035
571,885488152,INSIDE,103,0.035
572,256913032,TEKKEN 7,103,0.035
573,5117102,HITMAN™ 2,102,0.0346
574,119262432,The Jackbox Party Pack 3,102,0.0346
575,618537566,The Outer Worlds,102,0.0346
576,2029730324,Mad Max,101,0.0343
577,1251455286,Metro 2033 Redux,101,0.0343
578,1703086168,Microsoft Sudoku,101,0.0343
579,1475571605,Gears of War: Ultimate Edition,100,0.0339
580,1801842805,Throne and Liberty,100,0.0339
581,446059611,Forza Horizon 2,99,0.0336
582,1821999049,High On Life 2,99,0.0336
583,1480657033,Peggle,99,0.0336
584,1827805096,Relic Hunters Legend,99,0.0336
585,1830825388,SILENT HILL f,99,0.0336
586,1720633196,Minecraft Dungeons for Windows,98,0.0333
587,2098944426,MXGP 2021 - The Official Motocross Videogame,98,0.0333
588,2106204901,ONE PIECE: PIRATE WARRIORS 4(Xbox One),98,0.0333
589,1981403899,Wolfenstein: The New Order,98,0.0333
590,1984504844,Bleach: Brave Souls Anime Game,97,0.0329
591,2071676002,EA SPORTS™ FIFA 23 Standard Edition Xbox Series X|S,97,0.0329
592,1464993751,LEGO Batman,97,0.0329
593,1279330263,LEGO Star Wars: TCS,97,0.0329
594,1771989345,Lightyear Frontier (Game Preview),97,0.0329
595,1846016063,"Warhammer 40,000: Rogue Trader",97,0.0329
596,2038330799,Aimlabs,96,0.0326
597,366337421,Borderlands: Game of the Year Edition,96,0.0326
598,1700051314,Deceit 2,96,0.0326
599,1962559957,KINGDOM HEARTS - HD 1.5+2.5 ReMIX -,96,0.0326
600,848717329,Peggle 2,96,0.0326
601,759485819,The Escapists 2,96,0.0326
602,1921488037,The Settlers®: New Allies,96,0.0326
603,597771444,Gems of War,95,0.0322
604,144439061,The Evil Within,95,0.0322
605,935319545,FIFA 19,94,0.0319
606,1297287815,Fable Anniversary,93,0.0316
607,2024220276,Phantasy Star Online 2 New Genesis,93,0.0316
608,1957137539,Rabbids®: Party of Legends,93,0.0316
609,1000604311,Resident Evil Revelations 2 (Episode One),93,0.0316
610,2040766801,Test Drive Unlimited Solar Crown,93,0.0316
611,2104181770,The First Berserker: Khazan,93,0.0316
612,33936946,Zoo Tycoon: Ultimate Animal Collection,93,0.0316
613,1616307670,PAYDAY 3,92,0.0312
614,1728022534,Plants vs. Zombies™: Replanted,92,0.0312
615,1884079219,Slime Rancher 2,92,0.0312
616,895890707,ULTIMATE MARVEL VS. CAPCOM 3,92,0.0312
617,2041731932,Cult of the Lamb,91,0.0309
618,1029888556,LEGO® Jurassic World™,91,0.0309
619,640703885,LEGO® Marvel's Avengers,91,0.0309
620,1931947471,Persona 5 Royal,91,0.0309
621,1615431074,1000xRESIST,89,0.0302
622,2141212892,33 Immortals,89,0.0302
623,1864660438,Dead Static Drive,89,0.0302
624,1621683201,Dragon's Dogma 2,89,0.0302
625,433376346,FIFA 18,89,0.0302
626,1639666819,INAZUMA ELEVEN: Victory Road,89,0.0302
627,422246343,Tom Clancy’s Rainbow Six® Extraction,89,0.0302
628,1297287153,Fable II,88,0.0299
629,2132291580,NBA 2K22 for Xbox One,88,0.0299
630,1660320477,Undertale,88,0.0299
631,1997835037,I Am Your Beast,87,0.0295
632,2123297300,JoJo's Bizarre Adventure: All-Star Battle R,87,0.0295
633,1973635123,Mad Streets,87,0.0295
634,1964043658,Mafia II: Definitive Edition,87,0.0295
635,1112934455,Star Wars Battlefront II,87,0.0295
636,59903186,Call of Duty®: Modern Warfare® 2 Campaign Remastered,86,0.0292
637,2079828144,Holdfast: Nations At War,86,0.0292
638,1693050229,Madden NFL 22 Xbox One,86,0.0292
639,2043859430,Revenge of the Savage Planet,85,0.0289
640,690285705,The Long Dark,85,0.0289
641,1751185882,METAL GEAR SOLID Δ: SNAKE EATER,84,0.0285
642,1811494560,Demon Slayer -Kimetsu no Yaiba- The Hinokami Chronicles,83,0.0282
643,791051466,Disneyland Adventures,83,0.0282
644,819720203,JUMP FORCE,83,0.0282
645,1724411039,Card Storm Idle,82,0.0278
646,2093066399,Carrion,82,0.0278
647,1480659550,Joy Ride Turbo,82,0.0278
648,2071061510,Lies of P,82,0.0278
649,2103789015,Monster Hunter Rise,82,0.0278
650,1704490079,South of Midnight,82,0.0278
651,1012216522,Just Cause 4,81,0.0275
652,148078765,Madden NFL 20,81,0.0275
653,1935604508,Train Sim World® 5: Free Starter Pack,81,0.0275
654,995095203,Warface: Clutch,81,0.0275
655,924775200,Devil May Cry 5,80,0.0272
656,1911932812,DIRT 5,80,0.0272
657,1835926818,Hellblade II: Senua's Saga,80,0.0272
658,273290529,Idle Champions of the Forgotten Realms,80,0.0272
659,1096157158,Modern Warfare®,80,0.0272
660,1806088999,Monsters are Coming!,80,0.0272
661,367004125,BioShock Remastered,79,0.0268
662,976905576,Dragon Age™: Inquisition,79,0.0268
663,2067126551,Forza Motorsport 5,79,0.0268
664,1814244511,Nine Sols,79,0.0268
665,583749034,SOULCALIBUR VI,79,0.0268
666,1705990324,Space Engineers,79,0.0268
667,1762703770,The Lord of the Rings: Return to Moria™,79,0.0268
668,2013541297,"Warhammer 40,000: Space Marine - Master Crafted Edition",79,0.0268
669,101393300,LEGO® Batman™ 3: Beyond Gotham,78,0.0265
670,1719118099,Manor Lords (Game Preview),78,0.0265
671,2107898177,NBA 2K21,78,0.0265
672,1903313113,Orcs Must Die! Deathtrap,78,0.0265
673,1659804324,Ori and the Will of the Wisps,78,0.0265
674,1985144601,Stranded Deep,78,0.0265
675,1706610063,The Alters,78,0.0265
676,1803631176,MechWarrior 5: Mercenaries,77,0.0261
677,290870045,SpeedRunners,77,0.0261
678,1781344339,Control Ultimate Edition - Xbox Series X|S,76,0.0258
679,1161889999,Dante's Inferno™,76,0.0258
680,1777668222,GRID Legends,76,0.0258
681,975846135,LEGO® DC Super-Villains,76,0.0258
682,1882357148,Lonely Mountains: Snow Riders,76,0.0258
683,1735182051,SONIC X SHADOW GENERATIONS,75,0.0255
684,1161890070,Alice: Madness Returns,74,0.0251
685,1823385601,Bassmaster® Fishing,74,0.0251
686,1480657456,BattleBlock Theater,74,0.0251
687,1761289795,FIFA 21 Xbox One,74,0.0251
688,1613695074,Five Nights at Freddy's 3,74,0.0251
689,1590411380,Mass Effect™: Andromeda,74,0.0251
690,1904044383,Minecraft Preview for Windows,74,0.0251
691,2136035101,Monopoly Madness,74,0.0251
692,1684896411,Off The Grid (Game Preview),74,0.0251
693,1995576035,Remnant II® - Standard Edition,74,0.0251
694,2032369368,Scott Pilgrim vs. The World™: The Game – Complete Edition,74,0.0251
695,1645572933,Starlit Kart Racing,74,0.0251
696,1688839217,The Elder Scrolls V: Skyrim Special Edition (PC),74,0.0251
697,1669281297,War Robots: Frontiers,74,0.0251
698,136002788,Farming Simulator 19,73,0.0248
699,1297287625,Forza Horizon,73,0.0248
700,504518218,L.A. Noire,73,0.0248
701,1464993815,LEGO® Batman™ 2,73,0.0248
702,2003863742,Microsoft Jigsaw,73,0.0248
703,2000897177,Mortal Kombat: Legacy Kollection,73,0.0248
704,1518572426,Trackmania® Turbo,73,0.0248
705,1754564226,Atlas Fallen: Reign of Sand (Windows),72,0.0244
706,527255540,Dishonored 2,72,0.0244
707,1033937373,Don't Starve Together: Console Edition,72,0.0244
708,1857859131,Lara Croft and the Temple of Osiris,72,0.0244
709,2063484815,Train Sim World® 6: Free Starter Pack,72,0.0244
710,551688870,XCOM® 2,72,0.0244
711,1898707353,Card Storm Idle (Xbox One),71,0.0241
712,1022544763,HITMAN™,71,0.0241
713,398011207,LIMBO,71,0.0241
714,1955779192,MechWarrior 5: Clans,71,0.0241
715,1906370210,Minecraft: Java Edition,71,0.0241
716,856376259,NBA 2K19,71,0.0241
717,1613480279,NBA 2K20,71,0.0241
718,2042908226,Rugby League 26,71,0.0241
719,1848088335,Subnautica: Below Zero,71,0.0241
720,2030027058,Wartales,71,0.0241
721,2089483628,A Plague Tale: Requiem,70,0.0238
722,1691448998,Farm Together 2,70,0.0238
723,1880089265,Guilty Gear -Strive-,70,0.0238
724,2119541613,Paint the Town Red,70,0.0238
725,964214247,Saints Row IV: Re-Elected,70,0.0238
726,1848367053,Star Trucker,70,0.0238
727,1246613109,Borderlands: The Pre-Sequel,69,0.0234
728,821136798,DC Universe Online for Xbox One,69,0.0234
729,2028530104,Prince of Persia The Lost Crown,69,0.0234
730,591371027,Trove,69,0.0234
731,1976275779,ARMORED CORE™ VI FIRES OF RUBICON™,68,0.0231
732,1886320845,DAVE THE DIVER,68,0.0231
733,1619985048,Deadside,68,0.0231
734,217258585,Killing Floor 2,68,0.0231
735,1754663581,MULLET MADJACK,68,0.0231
736,1941663847,Starship Troopers: Extermination,68,0.0231
737,1806542452,theHunter: Call of the Wild™ - Windows 10,68,0.0231
738,2012953823,WWE 2K22 for Xbox One,68,0.0231
739,793598300,CODE VEIN,67,0.0227
740,668438210,LEGO® CITY Undercover,67,0.0227
741,1997535850,SpiderHeck,67,0.0227
742,1777774126,Visions of Mana,67,0.0227
743,1480657236,Banjo-Kazooie,66,0.0224
744,722006140,EA SPORTS™ UFC® 3,66,0.0224
745,859843286,Hellblade: Senua's Sacrifice,66,0.0224
746,1777477395,MLB® The Show™ 21 Xbox Series X | S,66,0.0224
747,1623704813,DEATH STRANDING DIRECTOR'S CUT,65,0.0221
748,1297287125,Gears of War,65,0.0221
749,1480659458,Sonic Adventure™ 2 ,65,0.0221
750,884612576,Sonic Mania,65,0.0221
751,2140283055,Baldur's Gate and Baldur's Gate II: Enhanced Editions,64,0.0217
752,1297287718,Gears of War: Judgment,64,0.0217
753,2103079736,Hamster Playground,64,0.0217
754,25952469,Kingdom Two Crowns,64,0.0217
755,2081060870,Maneater,64,0.0217
756,1653696130,Microsoft Mahjong,64,0.0217
757,528369592,Devil May Cry HD Collection,63,0.0214
758,1970109802,Madden NFL 21 Xbox One,63,0.0214
759,1692022171,OCTOPATH TRAVELER 0,63,0.0214
760,1649441503,The Game of Life 2,63,0.0214
761,1995157831,Wildfrost,63,0.0214
762,2109806164,World of Outlaws: Dirt Racing 24,63,0.0214
763,2109344129,FINAL FANTASY XV WINDOWS EDITION,62,0.021
764,2084133512,Forza Horizon 4 Demo,62,0.021
765,964019698,Immortals Fenyx Rising™,62,0.021
766,1688832803,Monster Energy Supercross - The Official Videogame 6,62,0.021
767,1792557898,Moonlighter 2: The Endless Vault,62,0.021
768,1777116945,Moving Out 2,62,0.021
769,1882004205,Neon Abyss,62,0.021
770,1161890066,Portal 2,62,0.021
771,282062756,The Walking Dead: A New Frontier - Episode 1,62,0.021
772,2042287543,Aliens: Dark Descent,61,0.0207
773,1431504852,Assassin's Creed,61,0.0207
774,1747946954,Construction Simulator,61,0.0207
775,1632796682,DC Universe Online for Xbox Series X|S,61,0.0207
776,1992367075,Death Howl,61,0.0207
777,1464993833,Injustice: Gods Among Us,61,0.0207
778,1480659422,The Walking Dead,61,0.0207
779,2051131113,TopSpin 2K25,61,0.0207
780,1756919443,WWE 2K23 for Xbox One,61,0.0207
781,504827243,Life Is Strange,60,0.0204
782,1009393042,Middle-earth™: Shadow of Mordor™ - Game of the Year Edition,60,0.0204
783,2113515818,MLB® The Show™ 23 Xbox Series X|S,60,0.0204
784,1702869784,Project Motor Racing,60,0.0204
785,333628240,Quantum Break,60,0.0204
786,804980065,Sea of Thieves Insider,60,0.0204
787,2030752353,The Binding of Isaac: Repentance,60,0.0204
788,1750701033,Tiny Tina's Wonderlands for Xbox Series X|S,60,0.0204
789,2132785815,Wolfenstein® II: The New Colossus™,60,0.0204
790,60633334,7 Days to Die,59,0.02
791,301917535,Battlefield™ Hardline,59,0.02
792,1794039305,Coral Island,59,0.02
793,1100121502,Dishonored® Definitive Edition,59,0.02
794,2136041956,DOOM 64,59,0.02
795,12206284,eFootball PES 2020,59,0.02
796,2035456122,Grand Theft Auto VI,59,0.02
797,1789091683,Rain World,59,0.02
798,1946484624,Session: Skate Sim,59,0.02
799,1928322650,Snooker Blitz,59,0.02
800,1682965190,Stray,59,0.02
801,2109927239,Five Nights at Freddy's: Sister Location,58,0.0197
802,1949704395,Green Hell Xbox Series X|S,58,0.0197
803,102287491,Marvel's Avengers Definitive Edition,58,0.0197
804,1397033053,Sonic & All-Stars Racing Transformed,58,0.0197
805,2075142437,Sonic Racing: CrossWorlds Demo,58,0.0197
806,836165876,The Ascent,58,0.0197
807,1755825192,The LEGO Movie Videogame,58,0.0197
808,2004944930,Crime Simulator,57,0.0193
809,1161889984,Dragon Age: Origins,57,0.0193
810,1414793400,Grand Theft Auto: San Andreas,57,0.0193
811,1944276274,Little Rocket Lab,57,0.0193
812,1900564739,New Super Lucky's Tale,57,0.0193
813,1955542194,Grand Theft Auto III – The Definitive Edition,56,0.019
814,1685499852,Monster Hunter Stories 2: Wings of Ruin,56,0.019
815,2046531735,Predator: Hunting Grounds,56,0.019
816,1579532320,Sunset Overdrive,56,0.019
817,1717071867,ZOMBI,56,0.019
818,2024046503,60 Seconds! Reatomized,55,0.0187
819,1920996408,Age of Wonders 4,55,0.0187
820,1906143168,Crusader Kings III,55,0.0187
821,1817185896,Easy Red 2,55,0.0187
822,511110146,Metro: Last Light Redux,55,0.0187
823,1747676401,Planet Coaster 2,55,0.0187
824,1161889811,skate.,55,0.0187
825,1767703473,Tony Hawk's™ Pro Skater™ 1 + 2,55,0.0187
826,2083780130,Against the Storm,54,0.0183
827,1115757811,Alien: Isolation,54,0.0183
828,286851285,LEGO Marvel Super Heroes Demo,54,0.0183
829,1889321756,Microsoft Minesweeper,54,0.0183
830,1128466428,SUPER STREETFIGHTER IV ARCADE EDITION,54,0.0183
831,1159891781,Wolfenstein: The Old Blood,54,0.0183
832,1715865995,Back to the Dawn,53,0.018
833,1161890128,Battlefield 3™,53,0.018
834,212680242,DEAD OR ALIVE 6: Core Fighters,53,0.018
835,1928512137,FBC: Firebreak,53,0.018
836,572268056,Little Nightmares,53,0.018
837,1908796053,NASCAR Heat 5,53,0.018
838,231674300,The Walking Dead: Season Two,53,0.018
839,1812456871,Battletoads,52,0.0176
840,386788672,Cars 3: Driven to Win,52,0.0176
841,1719232621,Hello Guest: Hello Neighbor 2 pre-alpha,52,0.0176
842,1112934402,LEGO Pirates of the Caribbean: The Video Game,52,0.0176
843,867642949,LEGO® Worlds,52,0.0176
844,2110974782,MARVEL vs. CAPCOM Fighting Collection: Arcade Classics,52,0.0176
845,2143308729,Monster Hunter Stories,52,0.0176
846,1676550189,MY HERO ONE'S JUSTICE 2,52,0.0176
847,1650588295,OddBallers™,52,0.0176
848,1696173302,RIDE 4,52,0.0176
849,1263405125,Silent Hill:  HD Collection,52,0.0176
850,1785174857,Spelunky 2,52,0.0176
851,1957310205,Streets of Rage 4,52,0.0176
852,170773198,The Evil Within® 2,52,0.0176
853,1793645165,THE KING OF FIGHTERS XV Standard Edition,52,0.0176
854,1707142453,WWE 2K23 for Xbox Series X|S,52,0.0176
855,49709880,Anthem™,51,0.0173
856,1128466455,ASURA'S WRATH,51,0.0173
857,1890581353,Blasphemous,51,0.0173
858,686783342,Divinity: Original Sin 2 - Definitive Edition,51,0.0173
859,1867148258,eFootball PES 2021 SEASON UPDATE,51,0.0173
860,93105265,Friday the 13th: The Game,51,0.0173
861,1670311038,Persona 3 Reload,51,0.0173
862,2072176568,Pinball FX,51,0.0173
863,2037306921,Poppy Playtime: Chapter 3,51,0.0173
864,1414596717,Saints Row®: The Third™ ,51,0.0173
865,1861545287,Tainted Grail: The Fall of Avalon,51,0.0173
866,531971604,WWE 2K19,51,0.0173
867,1112737745,Oblivion,50,0.017
868,1874376911,Splitgate,50,0.017
869,1431504903,TC's RainbowSix Vegas2,50,0.017
870,1112934373,Toy Story 3,50,0.017
871,1827287476,World of Outlaws: Dirt Racing,50,0.017
872,1852580050,Barbie Project Friendship™,49,0.0166
873,2052426459,EA SPORTS™ FIFA 16,49,0.0166
874,1297287259,Halo: Reach,49,0.0166
875,1993022209,Hi-Fi RUSH,49,0.0166
876,1799461557,NBA 2K23 for Xbox Series X|S,49,0.0166
877,1642757300,SpongeBob SquarePants: Titans of the Tide Demo,49,0.0166
878,2004428777,WILD HEARTS™ Standard Edition,49,0.0166
879,8769689,Ancestors: The Humankind Odyssey,48,0.0163
880,951560105,Control,48,0.0163
881,2068802336,Drift Legends 2,48,0.0163
882,1673998520,F1® Manager 2024,48,0.0163
883,1906937527,Far Cry 3 Blood Dragon Classic Edition,48,0.0163
884,1297287254,Fuzion Frenzy®,48,0.0163
885,1947900602,Like a Dragon: Infinite Wealth,48,0.0163
886,2090474684,Poppy Playtime: Chapter 1,48,0.0163
887,1824086117,REANIMAL - Demo,48,0.0163
888,548623535,SpongeBob SquarePants: Battle for Bikini Bottom - Rehydrated,48,0.0163
889,1263405066,METAL GEAR RISING: REVENGEANCE,47,0.016
890,2092112354,Monster Jam™ Showdown,47,0.016
891,717702870,OUTRIDERS,47,0.016
892,515050978,Rare Replay,47,0.016
893,100764563,Sniper Elite 4,47,0.016
894,1771004118,Sniper Elite 5,47,0.016
895,1945435013,TRIVIAL PURSUIT Live! 2,47,0.016
896,1161889784,Army of Two™,46,0.0156
897,2030524086,As Dusk Falls,46,0.0156
898,1431505090,Assassin’s Creed® IV,46,0.0156
899,1025057816,Battle Ages,46,0.0156
900,1984358909,Expansion for Explorers Pack 1,46,0.0156
901,87350449,NieR:Automata™ BECOME AS GODS Edition,46,0.0156
902,1397032978,SONIC UNLEASHED,46,0.0156
903,1211542442,Valiant Hearts: The Great War,46,0.0156
904,1779788068,9 Kings (Game Preview),45,0.0153
905,1480659414,Bejeweled 3,45,0.0153
906,849613404,Dragon's Dogma: Dark Arisen,45,0.0153
907,1161889840,Left 4 Dead,45,0.0153
908,1923279922,Marvel's Guardians of the Galaxy,45,0.0153
909,293003647,Microsoft Wordament,45,0.0153
910,1667881927,Redfall,45,0.0153
911,1833883015,Rust Console Edition X|S - Public Test Branch,45,0.0153
912,1648684496,Sonic Origins,45,0.0153
913,383880849,Transference™,45,0.0153
914,1690468494,DEATHLOOP,44,0.0149
915,1628280816,Faaast Penguin,44,0.0149
916,1297287142,Halo 3,44,0.0149
917,1654542558,Hotline Miami,44,0.0149
918,705006443,Jurassic World Evolution,44,0.0149
919,105831487,NARUTO SHIPPUDEN™: Ultimate Ninja® STORM 3 Full Burst,44,0.0149
920,1715766926,New World: Aeternum,44,0.0149
921,559544937,Ori and the Blind Forest: Definitive Edition,44,0.0149
922,852732437,State of Decay: Year-One,44,0.0149
923,31939361,The Walking Dead: The Final Season,44,0.0149
924,274976276,ARCADE GAME SERIES: PAC-MAN,43,0.0146
925,1983212679,Bloons TD 6,43,0.0146
926,1096157436,Call of Duty®: Ghosts,43,0.0146
927,1910114469,Deadzone: Rogue,43,0.0146
928,1777438490,Devil May Cry 5 Special Edition,43,0.0146
929,1946419297,Jump Space (Game Preview),43,0.0146
930,357858858,KINGDOM HEARTS Ⅲ,43,0.0146
931,1620704918,Minami Lane,43,0.0146
932,731662901,Monster Energy Supercross - The Official Videogame,43,0.0146
933,1998994208,Monster Energy Supercross - The Official Videogame 3,43,0.0146
934,880031210,NBA LIVE 19,43,0.0146
935,1987587652,Overcooked! All You Can Eat,43,0.0146
936,1431505028,Rayman® Origins,43,0.0146
937,1278031123,Resident Evil,43,0.0146
938,1793267614,Techtonica (Game Preview),43,0.0146
939,1843694822,The Quarry for Xbox Series X|S,43,0.0146
940,409741425,Worms W.M.D,43,0.0146
941,1963141187,Crypt Custodian,42,0.0143
942,427070178,FINAL FANTASY X/X-2 HD Remaster,42,0.0143
943,1860089403,Ghostwire: Tokyo,42,0.0143
944,1774172067,HOT WHEELS UNLEASHED™ 2 - Turbocharged,42,0.0143
945,2082961842,Jujutsu Kaisen Cursed Clash,42,0.0143
946,1279330291,LEGO Star Wars III ,42,0.0143
947,978050046,ShellShock Live,42,0.0143
948,1397033032,Sonic Generations,42,0.0143
949,871098991,STAR WARS™: Squadrons,42,0.0143
950,1128466401,STREET FIGHTER IV,42,0.0143
951,1678459920,Towerborne,42,0.0143
952,699731308,BioShock Infinite: The Complete Edition,41,0.0139
953,1777786002,Commandos: Origins,41,0.0139
954,439107693,Dungeon Defenders II,41,0.0139
955,1761060600,Happy Wars,41,0.0139
956,2102232082,Heretic + Hexen,41,0.0139
957,1900811986,Kingdoms of Amalur: Re-Reckoning,41,0.0139
958,693381002,LEGO® The Incredibles,41,0.0139
959,2028627076,Marvel's Midnight Suns for Xbox Series X|S,41,0.0139
960,386601590,Project CARS 2 Demo,41,0.0139
961,1161890157,SSX,41,0.0139
962,1279330258,Star Wars: The Force Unleashed,41,0.0139
963,1936930219,Tell Me Why,41,0.0139
964,654883159,The LEGO® NINJAGO® Movie Video Game,41,0.0139
965,2047601430,Truck and Logistics Simulator,41,0.0139
966,1792749432,Alan Wake Remastered,40,0.0136
967,996030243,BioShock 2 Remastered,40,0.0136
968,1631581287,Cronos: The New Dawn,40,0.0136
969,1867652631,Firefighting Simulator: Ignite,40,0.0136
970,1712655251,Garten of Banban 1,40,0.0136
971,1050025307,Grand Theft Auto V,40,0.0136
972,506903100,Madden NFL 18,40,0.0136
973,369157937,MARVEL VS. CAPCOM: INFINITE,40,0.0136
974,374430704,NBA 2K17,40,0.0136
975,907086072,Prey,40,0.0136
976,1479999542,Unravel,40,0.0136
977,374274123,EA SPORTS™ NHL® 19,39,0.0132
978,1662474270,Eternal Strands,39,0.0132
979,1840565677,Island Saver,39,0.0132
980,2028723617,LEGO® Party!,39,0.0132
981,534004979,Microsoft Ultimate Word Games,39,0.0132
982,2014650813,Minecraft: Story Mode - Episode 1: The Order of the Stone,39,0.0132
983,1718697574,OCTOPATH TRAVELER,39,0.0132
984,1893542225,PIPE by BMX Streets,39,0.0132
985,1649097896,SnowRunner - Windows,39,0.0132
986,1313671257,TEKKEN TAG TOURNAMENT 2,39,0.0132
987,972461615,Battle Islands,38,0.0129
988,230716687,Biomutant,38,0.0129
989,1865197952,Boomerang Fu,38,0.0129
990,1161889756,Burnout Revenge,38,0.0129
991,1161890015,Dead Space™ 2,38,0.0129
992,1480657103,Metal Slug 3,38,0.0129
993,200732952,Project CARS 2,38,0.0129
994,2065981028,Rooftops & Alleys: The Parkour Game,38,0.0129
995,1853160773,STAR WARS™: Battlefront Classic Collection,38,0.0129
996,155936527,Street Fighter 30th Anniversary Collection,38,0.0129
997,1774337609,Vampire: The Masquerade® - Bloodlines™ 2,38,0.0129
998,1161889782, Medal of Honor Airborne,37,0.0126
999,278981929,[PROTOTYPE®],37,0.0126
1000,1161889896,BLACK™,37,0.0126
1001,1914086330,Broforce,37,0.0126
1002,2079414802,CATAN® - Console Edition,37,0.0126
1003,1923160643,Dead Rising 3,37,0.0126
1004,1270951403,Dead Rising 4,37,0.0126
1005,1161889879,Dead Space™,37,0.0126
1006,1877135456,Freddy Fazbear's Pizzeria Simulator,37,0.0126
1007,1480657258,Hydro Thunder,37,0.0126
1008,575414105,Life is Strange 2 - Episode 1,37,0.0126
1009,2055522726,Madden NFL 23 Xbox Series X|S,37,0.0126
1010,1997603662,Minion Masters,37,0.0126
1011,1824138520,Mirror's Edge™ Catalyst,37,0.0126
1012,2036178233,Monster Energy Supercross 25 - The Official Video Game,37,0.0126
1013,1656145947,Moonlighter,37,0.0126
1014,485601591,NARUTO SHIPPUDEN™: Ultimate Ninja® STORM 2,37,0.0126
1015,1986349001,NHL® 23 Xbox One,37,0.0126
1016,1902591469,Outward: Definitive Edition,37,0.0126
1017,1768466312,Poppy Playtime: Chapter 2,37,0.0126
1018,1414596561,Saints Row,37,0.0126
1019,1691013379,Secret Neighbor,37,0.0126
1020,1112934452,STAR WARS KOTOR,37,0.0126
1021,1431505078,Tom Clancy’s Splinter Cell® Blacklist™,37,0.0126
1022,869628338,Attack on Titan 2,36,0.0122
1023,1464993832,Batman: Arkham Origins,36,0.0122
1024,1693676973,Clue,36,0.0122
1025,1297287132,Crackdown,36,0.0122
1026,1267471686,DEAD OR ALIVE 5 Last Round: Core Fighters,36,0.0122
1027,552778408,EA SPORTS™ UFC® 2,36,0.0122
1028,1804401706,F1® 22 Xbox Series X|S,36,0.0122
1029,1431505036,Far Cry 3,36,0.0122
1030,94171386,MXGP3,36,0.0122
1031,1743049130,Quake II,36,0.0122
1032,1469186547,Resident Evil 0,36,0.0122
1033,1819798709,Tetris® Effect: Connected,36,0.0122
1034,1744345373,WWE 2K22 for Xbox Series X|S,36,0.0122
1035,1953589006,Yakuza 0,36,0.0122
1036,1480657237,Banjo-Tooie,35,0.0119
1037,1880193218,Century: Age of Ashes,35,0.0119
1038,1952256197,F1 2020,35,0.0119
1039,1802207786,HOT WHEELS UNLEASHED™ - Windows Edition,35,0.0119
1040,1775780452,Just Dance Free Experience,35,0.0119
1041,564131151,Kerbal Space Program Enhanced Edition,35,0.0119
1042,971220532,NBA 2K Playgrounds 2,35,0.0119
1043,217831213,RISK,35,0.0119
1044,1633152429,SONIC SUPERSTARS,35,0.0119
1045,1618827907,Starbound,35,0.0119
1046,2098462228,The Jackbox Party Pack 7,35,0.0119
1047,1161889807,The Orange Box,35,0.0119
1048,974586226,We Happy Few,35,0.0119
1049,1297287356,Crackdown 2,34,0.0115
1050,1313671226,Dark Souls™,34,0.0115
1051,1957968654,Destroy All Humans! - Clone Carnage,34,0.0115
1052,1782579390,DPS Idle,34,0.0115
1053,1814325409,Fantasy Dash,34,0.0115
1054,607966981,FINAL FANTASY VII,34,0.0115
1055,1692871917,Frozen Free Fall: Snowball Fight,34,0.0115
1056,1611225628,JDM: Japanese Drift Master,34,0.0115
1057,340920273,Overcooked,34,0.0115
1058,1871994086,Planet Zoo: Console Edition,34,0.0115
1059,2098044337,Poppy Playtime: Chapter 4,34,0.0115
1060,1843641391,Quake,34,0.0115
1061,1431504907,SplinterCellConviction,34,0.0115
1062,2000011414,Starlit Adventures,34,0.0115
1063,240091546,SUPERHOT,34,0.0115
1064,1161889989,Brütal Legend,33,0.0112
1065,1852853299,Call of Duty®: WWII (Windows),33,0.0112
1066,1161890205,Dead Space™ 3,33,0.0112
1067,1736409202,DEEEER Simulator: Your Average Everyday Deer Game,33,0.0112
1068,1828807544,Harry Potter: Quidditch Champions,33,0.0112
1069,1764536463,LEGO® The Hobbit™,33,0.0112
1070,2118184557,Monster Jam Steel Titans 2,33,0.0112
1071,1414596649,MX vs ATV Reflex,33,0.0112
1072,1864659895,Sniper Ghost Warrior Contracts 2,33,0.0112
1073,2017944493,Super Mega Baseball 3,33,0.0112
1074,1937610303,Two Point Museum,33,0.0112
1075,659391373,WWE 2K16,33,0.0112
1076,2070921614,Bayonetta,32,0.0109
1077,1414793340,Borderlands 2,32,0.0109
1078,2026693193,Bus Simulator 21 Next Stop,32,0.0109
1079,1871238901,Crime Boss: Rockay City,32,0.0109
1080,1801537563,F1® 2021,32,0.0109
1081,1885859783,FATAL FURY: City of the Wolves,32,0.0109
1082,399942284,LEGO® Jurassic World™ Demo,32,0.0109
1083,2014880780,Madden NFL 17,32,0.0109
1084,1414596731,MX vs. ATV Alive,32,0.0109
1085,2036125374,Neon White,32,0.0109
1086,521893123,ONE PIECE World Seeker,32,0.0109
1087,1805770178,PAW Patrol Mighty Pups Save Adventure Bay,32,0.0109
1088,2056655762,Remnant: From the Ashes,32,0.0109
1089,2028925271,Trepang2,32,0.0109
1090,271965907,Wasteland 3,32,0.0109
1091,909545209,Ashen,31,0.0105
1092,337857707,Bendy and the Ink Machine,31,0.0105
1093,1662853043,Blasphemous 2,31,0.0105
1094,1096157137,Call of Duty® 2,31,0.0105
1095,1723836102,Cookie Clicker,31,0.0105
1096,2019604779,Cricket 26 - The Official Game of the Ashes,31,0.0105
1097,1089570315,Devil May Cry 4 Special Edition,31,0.0105
1098,1616046491,Gears Tactics - Base Game,31,0.0105
1099,1663990634,GigaBash,31,0.0105
1100,1991431474,Grim Idle,31,0.0105
1101,1044501532,Jeopardy!,31,0.0105
1102,2094642688,Just Shapes & Beats,31,0.0105
1103,2031634495,Mutant Football League 2,31,0.0105
1104,2074120545,Pax Dei,31,0.0105
1105,1302301894,Powerstar Golf,31,0.0105
1106,472512000,Resident Evil Revelations,31,0.0105
1107,449890085,The Jackbox Party Pack 4,31,0.0105
1108,1480657242,Trials HD,31,0.0105
1109,1848191014,TUNIC,31,0.0105
1110,2116409537,Yu-Gi-Oh! Legacy of the Duelist : Link Evolution,31,0.0105
1111,1480659632,Call of Juarez® Gunslinger,30,0.0102
1112,206503430,Clustertruck,30,0.0102
1113,907587004,Dead Island: Riptide Definitive Edition,30,0.0102
1114,1824003155,Family Feud®,30,0.0102
1115,1678225803,Idle Wizard (Xbox One),30,0.0102
1116,1249526091,Madden NFL 16,30,0.0102
1117,1112737785,Morrowind,30,0.0102
1118,1464993789,Mortal Kombat,30,0.0102
1119,893913058,MX Unleashed,30,0.0102
1120,643918998,NARUTO SHIPPUDEN™: Ultimate Ninja® STORM 4 Demo,30,0.0102
1121,961593710,NHL® 20,30,0.0102
1122,1005790042,Resident Evil 7 Teaser: Beginning Hour,30,0.0102
1123,275132544,SEGA® Genesis Classics™,30,0.0102
1124,1691117579,Terminator 2D: NO FATE,30,0.0102
1125,2051503466,The Callisto Protocol,30,0.0102
1126,39069682,The Jackbox Party Pack 2,30,0.0102
1127,1839962476,Yakuza Kiwami,30,0.0102
1128,1850945804,Age of Empires III: Definitive Edition,29,0.0098
1129,524641908,Assassin's Creed® Chronicles: China,29,0.0098
1130,1925965033,Battlefield™ 6 Open Beta,29,0.0098
1131,824378203,Crackdown 3: Campaign,29,0.0098
1132,320506923,Dead Rising 2,29,0.0098
1133,1847979820,FIFA 22 Xbox Series X|S,29,0.0098
1134,1279330271,LEGO Indiana Jones,29,0.0098
1135,1685135803,NHL® 22 Xbox One,29,0.0098
1136,1726129713,Planet Coaster: Console Edition,29,0.0098
1137,1704562600,Rugby 25,29,0.0098
1138,2112462799,Sengoku Dynasty,29,0.0098
1139,1618733759,Star Wars Outlaws - Free Demo,29,0.0098
1140,1480657498,Super Meat Boy,29,0.0098
1141,1983809908,The Precinct,29,0.0098
1142,71300661,ACA NEOGEO THE KING OF FIGHTERS 2002,28,0.0095
1143,1397033002,Aliens vs Predator,28,0.0095
1144,2134693780,EVERSPACE™ 2,28,0.0095
1145,2137885631,FIFA 21 Xbox Series X|S,28,0.0095
1146,1480656849,Hexic HD,28,0.0095
1147,1898092029,Inops,28,0.0095
1148,717669198,Madden NFL 19,28,0.0095
1149,1919875042,MLB® The Show™ 22 Xbox Series X | S,28,0.0095
1150,162448742,Outer Wilds,28,0.0095
1151,587488276,Outlast 2,28,0.0095
1152,2029650168,Overthrown,28,0.0095
1153,1745314691,Psychonauts 2,28,0.0095
1154,129325438,SONIC FORCES,28,0.0095
1155,1112934458,STAR WARS KOTOR II,28,0.0095
1156,1788169756,Taxi Life: A City Driving Simulator,28,0.0095
1157,1480659433,Zuma's Revenge!,28,0.0095
1158,2016203684,Alaskan Road Truckers: Highway Edition,27,0.0092
1159,1926653926,Astria Ascending,27,0.0092
1160,856892583,Darksiders II Deathinitive Edition,27,0.0092
1161,2096821037,DOOM 3,27,0.0092
1162,696196977,DRAGON BALL XENOVERSE,27,0.0092
1163,1864215620,Five Nights at Freddy's: Help Wanted,27,0.0092
1164,2143007580,Great God Grove,27,0.0092
1165,2047199918,Isonzo (Windows),27,0.0092
1166,2043794712,Kingdoms and Castles,27,0.0092
1167,894121859,LEGO® MARVEL's Avengers DEMO,27,0.0092
1168,469309830,NARUTO™: Ultimate Ninja® STORM,27,0.0092
1169,275673036,Pillars of Eternity: Complete Edition,27,0.0092
1170,914276891,RAGE 2,27,0.0092
1171,852431422,ReCore,27,0.0092
1172,474501413,RIDE 3,27,0.0092
1173,816351210,Risk: Urban Assault,27,0.0092
1174,1480657342,Spelunky,27,0.0092
1175,1112934454,Star Wars Battlefront,27,0.0092
1176,2110168941,The Rogue Prince of Persia™,27,0.0092
1177,1615232474,The Walking Dead: The Telltale Definitive Series,27,0.0092
1178,1297287154,Viva Piñata,27,0.0092
1179,1297287149,Banjo Kazooie: N n B,26,0.0088
1180,338995079,Batman: The Enemy Within - Episode 1,26,0.0088
1181,1678781072,DayZ - Experimental,26,0.0088
1182,1757807931,FINAL FANTASY TACTICS - The Ivalice Chronicles,26,0.0088
1183,1720478789,Gas Station Simulator,26,0.0088
1184,1994181526,Madden NFL 21 Xbox Series X|S,26,0.0088
1185,1867295360,Monster Sanctuary,26,0.0088
1186,385764340,MX vs. ATV Supercross Encore,26,0.0088
1187,1820656575,NHL® 23 Xbox Series X|S,26,0.0088
1188,2030792699,PGA TOUR 2K21,26,0.0088
1189,2006710939,Skater XL,26,0.0088
1190,1768536074,Symphonia 𝄞,26,0.0088
1191,1719207328,TERMINATOR: RESISTANCE - COMPLETE EDITION,26,0.0088
1192,62572131,The Wolf Among Us,26,0.0088
1193,1946103240,Tomb Raider I-III Remastered Starring Lara Croft,26,0.0088
1194,1849227144,WWE 2K20,26,0.0088
1195,23570566,Batman - The Telltale Series - Episode 1: Realm of Shadows,25,0.0085
1196,1624755708,Contraband Police,25,0.0085
1197,760882151,CRSED: F.O.A.D.,25,0.0085
1198,1724847740,Dead Island 2 (Windows),25,0.0085
1199,2109350810,Dungeons Of Hinterberg,25,0.0085
1200,1797553917,DYNASTY WARRIORS: ORIGINS,25,0.0085
1201,1397819396,Hitman: Absolution,25,0.0085
1202,530599647,Homefront®: The Revolution,25,0.0085
1203,1757959613,Jujutsu Kaisen Cursed Clash DEMO,25,0.0085
1204,1973367334,MindsEye,25,0.0085
1205,1931921361,Monster Energy Supercross - The Official Videogame 5,25,0.0085
1206,2023214653,Night Swarm,25,0.0085
1207,1480657248,Portal: Still Alive,25,0.0085
1208,1947725080,Skul: The Hero Slayer,25,0.0085
1209,2002882362,Squirrel with a Gun,25,0.0085
1210,1746975118,The Jackbox Party Pack 11,25,0.0085
1211,1480659987,The Walking Dead: Season Two,25,0.0085
1212,2145202828,Tricking 0,25,0.0085
1213,1791400679,Yakuza: Like a Dragon,25,0.0085
1214,588577476,ARCADE GAME SERIES: GALAGA,24,0.0081
1215,1414793191,Borderlands,24,0.0081
1216,2136950563,Bugsnax,24,0.0081
1217,406842057,Dead Rising,24,0.0081
1218,1751733247,Doki Doki Literature Club Plus!,24,0.0081
1219,344311848,For The King,24,0.0081
1220,488156801,GreedFall,24,0.0081
1221,1963174058,Green Hell,24,0.0081
1222,1935490407,Little Nightmares Enhanced Edition,24,0.0081
1223,2081039845,Lost in Random: The Eternal Die,24,0.0081
1224,1161889872,Mirror's Edge™,24,0.0081
1225,505222320,Monster Jam Steel Titans,24,0.0081
1226,1480659436,NBA JAM: On Fire Edition,24,0.0081
1227,757817533,PRO EVOLUTION SOCCER 2019,24,0.0081
1228,1935747145,Prototype®2,24,0.0081
1229,192928167,Rocksmith 2014,24,0.0081
1230,1740860919,Sniper Ghost Warrior Contracts,24,0.0081
1231,1899691698,Super Fantasy Kingdom (Game Preview),24,0.0081
1232,1979014977,The Crew,24,0.0081
1233,1748769487,The Jackbox Party Pack 6,24,0.0081
1234,1754770560,Unicorn Overlord,24,0.0081
1235,1480656879,Zuma,24,0.0081
1236,1802600743,Capcom Arcade Stadium,23,0.0078
1237,2115124995,Card Storm Idle (Windows),23,0.0078
1238,1659464109,Elite Dangerous Core,23,0.0078
1239,1689264723,FIFA 15,23,0.0078
1240,476517807,Gravel,23,0.0078
1241,1984491277,Grim Idle (Xbox One),23,0.0078
1242,1970836204,Hotline Miami 2: Wrong Number,23,0.0078
1243,1962388658,Like a Dragon: Pirate Yakuza in Hawaii,23,0.0078
1244,1873450782,MXGP 2020 - The Official Motocross Videogame,23,0.0078
1245,285742376,NBA 2K16,23,0.0078
1246,1941002186,ON THE ROAD - The Truck Simulator,23,0.0078
1247,1752331738,One Leaves,23,0.0078
1248,1606375163,Pinball FX3,23,0.0078
1249,1732062836,Solo Leveling: ARISE OVERDRIVE,23,0.0078
1250,1726756158,Spiritfarer®: Farewell Edition,23,0.0078
1251,886895461,The Jackbox Party Pack 5,23,0.0078
1252,1278892798,TRIVIAL PURSUIT LIVE!,23,0.0078
1253,1840411466,Untitled Goose Game,23,0.0078
1254,496534680,Wolfenstein: Youngblood,23,0.0078
1255,84648031,Bulletstorm: Full Clip Edition,22,0.0075
1256,1096157153,Call of Duty® 3,22,0.0075
1257,2035296401,Capcom Arcade 2nd Stadium,22,0.0075
1258,2071918696,DRAGON QUEST I & II HD-2D Remake,22,0.0075
1259,1983248568,Eiyuden Chronicle: Hundred Heroes,22,0.0075
1260,172017893,F1® 2019,22,0.0075
1261,1297287449,Halo 4,22,0.0075
1262,682562723,Halo: Spartan Assault,22,0.0075
1263,565406974,LEGO® STAR WARS™: The Force Awakens,22,0.0075
1264,1687910025,Mahjong by Microsoft,22,0.0075
1265,1070680307,MudRunner,22,0.0075
1266,2037558339,My Friend Peppa Pig,22,0.0075
1267,2086200115,OCTOPATH TRAVELER II,22,0.0075
1268,1960926264,Phoenix Point,22,0.0075
1269,1702524932,Power Rangers: Battle for the Grid,22,0.0075
1270,827416995,Pure Pool,22,0.0075
1271,605857900,Quiplash,22,0.0075
1272,1883914934,RENNSPORT,22,0.0075
1273,1128466461,Resident Evil Operation Raccoon City,22,0.0075
1274,1734582052,S.T.A.L.K.E.R.: Shadow of Chornobyl - Enhanced Edition,22,0.0075
1275,1944780994,Scars Above,22,0.0075
1276,1480657445,Sonic Adventure,22,0.0075
1277,1480657485,Space Invaders: IG,22,0.0075
1278,792914248,Tricky Towers,22,0.0075
1279,449394673,Vampyr,22,0.0075
1280,1774685333,Volcano Princess,22,0.0075
1281,1811697311,World War Z,22,0.0075
1282,1307429766,Worms Battlegrounds,22,0.0075
1283,2069910424,Yakuza 0 Director's Cut,22,0.0075
1284,1963899312,Yakuza Kiwami 2,22,0.0075
1285,1886146911,Yet Another Zombie Survivors,22,0.0075
1286,1431504955,Assassin's Creed II,21,0.0071
1287,1445607414,Assassin's Creed® Chronicles: Russia,21,0.0071
1288,1628688048,Atomic Heart,21,0.0071
1289,1112934398,Cars 2: The Video Game,21,0.0071
1290,1480656881,Feeding Frenzy,21,0.0071
1291,1480657036,Feeding Frenzy 2,21,0.0071
1292,1813362885,FIFA 14,21,0.0071
1293,1653679338,Flintlock: The Siege of Dawn,21,0.0071
1294,2020032940,HAWKED,21,0.0071
1295,1927102516,Herdling,21,0.0071
1296,2105228747,Killer Klowns From Outer Space: The Game,21,0.0071
1297,1708233397,LEGO® Harry Potter™ Collection,21,0.0071
1298,1819998160,LEGO® Voyagers,21,0.0071
1299,1777243206,Lost Judgment,21,0.0071
1300,1844460632,Metro Exodus Enhanced Edition,21,0.0071
1301,1414596574,MX vs. ATV: Untamed,21,0.0071
1302,650779126,NBA 2K18,21,0.0071
1303,304932652,NHL® 21,21,0.0071
1304,2132252311,Olympic Games Tokyo 2020 – The Official Video Game™,21,0.0071
1305,1010226785,One Piece: Burning Blood,21,0.0071
1306,2147115693,Project Wingman,21,0.0071
1307,2052095073,Ravenswatch,21,0.0071
1308,1868826586,RimWorld Console Edition,21,0.0071
1309,1279330290,Star Wars: The Force Unleashed II,21,0.0071
1310,597690024,SWORD ART ONLINE: FATAL BULLET,21,0.0071
1311,2062398513,The Dungeon Of Naheulbeuk: The Amulet Of Chaos - Chicken Edition,21,0.0071
1312,1128640842,The Escapists,21,0.0071
1313,1701212022,The Jackbox Party Pack 8,21,0.0071
1314,1910952414,TRIALS of MANA,21,0.0071
1315,1755599316,Age of Empires Definitive Edition,20,0.0068
1316,846846419,Attack on Titan 2 Demo,20,0.0068
1317,1841011808,Blizzard® Arcade Collection,20,0.0068
1318,1625569842,Choo-Choo Charles,20,0.0068
1319,1480657529,Costume Quest ,20,0.0068
1320,1622132960,Dead Cells,20,0.0068
1321,1650442817,Deus Ex: Mankind Divided™,20,0.0068
1322,1728448413,DmC Devil May Cry: Definitive Edition,20,0.0068
1323,1678270415,Farm Together,20,0.0068
1324,1727396789,FINAL FANTASY,20,0.0068
1325,1397819364,FINAL FANTASY XIII,20,0.0068
1326,1669831089,Gold Mining Simulator,20,0.0068
1327,1480656868,Hardwood Spades,20,0.0068
1328,42119495,Killer Instinct Classic,20,0.0068
1329,1091024470,Magic Duels,20,0.0068
1330,2020925735,Make Way,20,0.0068
1331,803175056,MXGP PRO,20,0.0068
1332,1727613823,Overcooked! 2,20,0.0068
1333,671807457,Portal Knights,20,0.0068
1334,838726055,PRO EVOLUTION SOCCER 2018,20,0.0068
1335,950358266,Ride 2,20,0.0068
1336,1885214706,Snooker 19,20,0.0068
1337,1898652037,SOUTH PARK: SNOW DAY!,20,0.0068
1338,1112934375,Split/Second,20,0.0068
1339,82653045,Starlink: Battle for Atlas,20,0.0068
1340,90400189,SUPER BOMBERMAN R,20,0.0068
1341,1040009086,Super Lucky's Tale,20,0.0068
1342,1872765418,Tales of Arise (Xbox Series X|S),20,0.0068
1343,1047413393,TERA,20,0.0068
1344,1860058296,TT Isle Of Man: Ride on the Edge 3,20,0.0068
1345,2075589952,"Warhammer 40,000: Boltgun - Windows",20,0.0068
1346,2102173616,Whiskerwood (Game Preview),20,0.0068
1347,1148805248,Yu-Gi-Oh! Legacy of the Duelist,20,0.0068
1348,433738637,Adventure Time: Pirates of the Enchiridion,19,0.0064
1349,1723509320,Amazing Frog? (Game Preview),19,0.0064
1350,759471095,ARCADE GAME SERIES: Ms. PAC-MAN,19,0.0064
1351,810050544,Beach Buggy Racing,19,0.0064
1352,1161889798,Burnout Paradise,19,0.0064
1353,1480657079,Castle Crashers,19,0.0064
1354,1878376737,Contraband Police Demo,19,0.0064
1355,2113258996,Core Keeper,19,0.0064
1356,2017702583,Dauntless,19,0.0064
1357,1431504912,Far Cry® 2,19,0.0064
1358,1128466413,LOST PLANET 2,19,0.0064
1359,28152906,Lovers in a Dangerous Spacetime,19,0.0064
1360,1691152104,MY HERO ONE'S JUSTICE 2 Demo,19,0.0064
1361,1696456823,NBA 2K22 for Xbox Series X|S,19,0.0064
1362,1802714933,Pathfinder: Wrath of the Righteous,19,0.0064
1363,487177805,Prison Architect: Xbox One Edition,19,0.0064
1364,1847402697,ScreamRide,19,0.0064
1365,1866950192,Shady Part of Me,19,0.0064
1366,2037196689,SpongeBob SquarePants: Titans of the Tide,19,0.0064
1367,1161890298,SSX 3,19,0.0064
1368,1112934459,Star Wars Republic Commando,19,0.0064
1369,1664251645,TEKKEN 8 - DEMO,19,0.0064
1370,2127247278,Thief Simulator 2,19,0.0064
1371,981110874,WWE 2K18,19,0.0064
1372,2002870555,A Little to the Left,18,0.0061
1373,1950164627,Antstream Arcade - Annual,18,0.0061
1374,1431505070,Assassin's Creed® III ,18,0.0061
1375,1161890152,Crysis,18,0.0061
1376,1691794314,Dark Deception Demo,18,0.0061
1377,1885511808,Date Everything!,18,0.0061
1378,274219762,Dead Rising 2 Off the Record,18,0.0061
1379,1680662849,Destroy All Humans! 2 - Reprobed,18,0.0061
1380,1788513791,DRAGON BALL Z: KAKAROT Demo Version,18,0.0061
1381,1953182469,DRAGON QUEST® XI S: Echoes of an Elusive Age™ - Definitive Edition,18,0.0061
1382,1894948980,Dreamcore,18,0.0061
1383,2050929089,DUCKSIDE (Game Preview),18,0.0061
1384,363774594,Farming Simulator 17,18,0.0061
1385,885797626,Fishing Sim World®: Pro Tour,18,0.0061
1386,1616852724,Full Throttle Remastered,18,0.0061
1387,1902411725,Hell is Us,18,0.0061
1388,1649675719,Max: The Curse of Brotherhood,18,0.0061
1389,333701857,Mega Man X Legacy Collection,18,0.0061
1390,1679589975,Mortal Shell: Enhanced Edition,18,0.0061
1391,1693003201,MotoGP™25 - Xbox One,18,0.0061
1392,1815686049,Paper io 2,18,0.0061
1393,1432033734,Pinball Arcade,18,0.0061
1394,1848728299,Pinball FX Midnight,18,0.0061
1395,1955054478,Smalland: Survive the Wilds,18,0.0061
1396,2060188345,Street Fighter™ 6 Demo,18,0.0061
1397,19615130,Super Mega Baseball: Extra Innings,18,0.0061
1398,1313671164,TEKKEN 6,18,0.0061
1399,1997447389,The Dark Pictures Anthology: The Devil in Me,18,0.0061
1400,610345881,The Jackbox Party Pack,18,0.0061
1401,1297287263,Viva Piñata: TIP,18,0.0061
1402,2109985750,Blood: Refreshed Supply,17,0.0058
1403,189838548,Bus Simulator,17,0.0058
1404,1161889888,C&C Red Alert 3,17,0.0058
1405,1512517621,Child of Light,17,0.0058
1406,1729654407,Company of Heroes 3,17,0.0058
1407,1790537707,Core Keeper,17,0.0058
1408,1748951836,Disco Elysium - The Final Cut,17,0.0058
1409,137510457,Dishonored®: Death of the Outsider™,17,0.0058
1410,1062046240,Divinity: Original Sin - Enhanced Edition,17,0.0058
1411,2021453818,FINAL FANTASY VIII Remastered,17,0.0058
1412,387693234,Hawken,17,0.0058
1413,1704351342,Hello Neighbor 2,17,0.0058
1414,2093028006,Hole io,17,0.0058
1415,1926053898,Hunt: Showdown 1896 (Windows),17,0.0058
1416,2005346857,Idle Wizard,17,0.0058
1417,1343080382,LEGO® Batman™ 3: Beyond Gotham Demo,17,0.0058
1418,2016417527,Life is Strange Remastered,17,0.0058
1419,1655517847,Like a Dragon Gaiden: The Man Who Erased His Name,17,0.0058
1420,2017169801,LOLLIPOP CHAINSAW RePOP,17,0.0058
1421,1297287162,Lost Odyssey,17,0.0058
1422,1161890141,Mass Effect™ 3,17,0.0058
1423,311896559,Mount & Blade: Warband,17,0.0058
1424,1948147176,Moving Out,17,0.0058
1425,1833175061,MXGP 2019 - The Official Motocross Videogame,17,0.0058
1426,303799945,Nickelodeon Kart Racers,17,0.0058
1427,1413679064,Ninja Gaiden Black,17,0.0058
1428,676432066,PAC-MAN™ CHAMPIONSHIP EDITION 2,17,0.0058
1429,838746653,Phoenix Wright: Ace Attorney Trilogy,17,0.0058
1430,2117095676,Planet of Lana,17,0.0058
1431,2002584553,Puzzle Quest 3,17,0.0058
1432,967641964,Realm Royale Reforged,17,0.0058
1433,1889456287,Roller Champions™,17,0.0058
1434,2048545274,Rubber Bandits,17,0.0058
1435,2100312943,SCARLET NEXUS,17,0.0058
1436,2040578587,SHINOBI: Art of Vengeance,17,0.0058
1437,1646985614,Space Jam: A New Legacy - The Game,17,0.0058
1438,1414596688,SpongeBob: Truth-Sq.,17,0.0058
1439,635298240,"The Walking Dead: Michonne - Ep. 1, In Too Deep",17,0.0058
1440,1816197116,Wheel World,17,0.0058
1441,2142309066,WWE 2K Battlegrounds,17,0.0058
1442,2040239934,XDefiant,17,0.0058
1443,2073237270,60 Parsecs!,16,0.0054
1444,969381141,A Plague Tale: Innocence,16,0.0054
1445,1042452848,Aven Colony,16,0.0054
1446,1297287135,Blue Dragon,16,0.0054
1447,1096157460,COD: Advanced Warfare,16,0.0054
1448,1935688591,Daemon X Machina: Titanic Scion,16,0.0054
1449,217802058,Darkest Dungeon®,16,0.0054
1450,725442241,Darksiders Warmastered Edition,16,0.0054
1451,852849518,Digimon Survive,16,0.0054
1452,1629928134,DRAGON QUEST III HD-2D Remake,16,0.0054
1453,886999858,Duke Nukem 3D: 20th Anniversary World Tour,16,0.0054
1454,1146095621,Earth Defense Force 2025,16,0.0054
1455,1997023214,FINAL FANTASY IX,16,0.0054
1456,1770590742,Football Manager 2024 Console,16,0.0054
1457,1855217179,Golf With Your Friends (Windows Version),16,0.0054
1458,1906459372,Judgment,16,0.0054
1459,380023945,Monster Energy Supercross - The Official Videogame 2,16,0.0054
1460,1781365913,Monster Train,16,0.0054
1461,1891931390,MXGP 2021 - The Official Motocross Videogame - Xbox Series X|S,16,0.0054
1462,1634565765,NHL® 94 REWIND,16,0.0054
1463,2128854962,One Lonely Outpost,16,0.0054
1464,1709856057,RoboCop: Rogue City - Unfinished Business,16,0.0054
1465,1947938436,Shotgun Farmers,16,0.0054
1466,269700535,Sniper Elite 3,16,0.0054
1467,1883232264,STAR WARS™ Episode I Racer,16,0.0054
1468,1762712365,Stellaris,16,0.0054
1469,2073119116,Trials® Rising Demo,16,0.0054
1470,1959830280,Virtua Fighter 5 R.E.V.O. World Stage,16,0.0054
1471,1998643149,Yakuza Kiwami,16,0.0054
1472,416307002,ARCADE GAME SERIES: DIG DUG,15,0.0051
1473,2076917277,Army of Ruin,15,0.0051
1474,1431505017,Assassin's Creed Revelations,15,0.0051
1475,293785190,Bloons TD 5,15,0.0051
1476,1480656967,Castlevania: SOTN,15,0.0051
1477,1941827560,Connect It!,15,0.0051
1478,370169912,Contrast,15,0.0051
1479,524859112,Darksiders III,15,0.0051
1480,1634898195,Darkwood,15,0.0051
1481,1954227024,DRAGON BALL: THE BREAKERS,15,0.0051
1482,1873893114,Just Die Already,15,0.0051
1483,1679509385,Kill It With Fire,15,0.0051
1484,1799885509,Labyrinthine - Console Edition,15,0.0051
1485,1843760263,LEGO® 2K Drive for Xbox Series X|S,15,0.0051
1486,1297287144,Mass Effect,15,0.0051
1487,1906672574,Middle-earth™: Shadow of Mordor™,15,0.0051
1488,1757462338,Ni no Kuni Wrath of the White Witch™ Remastered,15,0.0051
1489,939615894,Paw Patrol: On a Roll,15,0.0051
1490,2100880776,Pentiment,15,0.0051
1491,1480657346,Perfect Dark,15,0.0051
1492,1632843296,Pillars of Eternity II: Deadfire - Ultimate Edition,15,0.0051
1493,1542414577,Plague Inc: Evolved,15,0.0051
1494,1715636420,Pummel Party,15,0.0051
1495,1112737772,RAGE,15,0.0051
1496,1813223937,SongPop Party,15,0.0051
1497,2016279503,SOPA - Tale of the Stolen Potato,15,0.0051
1498,912691842,Sudden Strike 4 - European Battlefields Edition,15,0.0051
1499,1624769204,Talisman: Digital Edition,15,0.0051
1500,1798733099,Teenage Mutant Ninja Turtles: Splintered Fate,15,0.0051
1501,213257000,TerraTech,15,0.0051
1502,2036345770,The Dark Pictures Anthology House of Ashes,15,0.0051
1503,1397622748,THE KING OF FIGHTERS XIII,15,0.0051
1504,605741753,The LEGO Movie 2 Videogame,15,0.0051
1505,1983962095,"Warhammer 40,000: Battlesector",15,0.0051
1506,689916261,"Warhammer 40,000: Inquisitor - Martyr Ultimate Edition",15,0.0051
1507,2091194104,Wreckfest,15,0.0051
1508,1480656966,Alien Hominid HD,14,0.0048
1509,1965711939,Capcom Fighting Collection 2,14,0.0048
1510,2008066354,Car Mechanic Simulator,14,0.0048
1511,1727909174,Crossy Road Castle Demo,14,0.0048
1512,1161890190,Crysis® 3,14,0.0048
1513,1916758859,Donut County,14,0.0048
1514,180750187,F1™ 2017,14,0.0048
1515,2146688994,Fallout 4 (PC),14,0.0048
1516,1727852104,FINAL FANTASY VI,14,0.0048
1517,1804966091,Forager,14,0.0048
1518,1431504947,Ghost Recon: Future Soldier™,14,0.0048
1519,1480657520,Harms Way,14,0.0048
1520,1660075534,Hunting Simulator 2 Xbox One,14,0.0048
1521,1773156258,Jurassic Park Classic Games Collection,14,0.0048
1522,70112963,Knight Squad,14,0.0048
1523,2071372034,Lawn Mowing Simulator,14,0.0048
1524,1833447683,Legacy of Kain™ Soul Reaver 1&2 Remastered,14,0.0048
1525,2147358433,Madden NFL 15,14,0.0048
1526,1414793190,Mafia II,14,0.0048
1527,582279671,Moto Racer 4 Demo,14,0.0048
1528,1909911128,NASCAR Heat 4,14,0.0048
1529,1698989872,PICO PARK 2,14,0.0048
1530,1431505091,Rayman® Legends,14,0.0048
1531,1804278141,Rugby 22 Xbox One,14,0.0048
1532,731167015,RUSH: A Disney • PIXAR Adventure Demo,14,0.0048
1533,1169551644,Saints Row: Gat out of Hell,14,0.0048
1534,2073736638,Scrabble,14,0.0048
1535,1811169840,Slay The Spire,14,0.0048
1536,1836687833,Sonic Colors: Ultimate,14,0.0048
1537,1649102497,SWORD ART ONLINE Fractured Daydream,14,0.0048
1538,1431504854,TC's RainbowSix Vegas,14,0.0048
1539,2058683262,Teenage Mutant Ninja Turtles: Mutants Unleashed,14,0.0048
1540,1731548634,The Dark Pictures Anthology: Little Hope,14,0.0048
1541,1414793198,The Darkness,14,0.0048
1542,1987184613,The Jackbox Party Pack 9,14,0.0048
1543,1785417254,The Oregon Trail,14,0.0048
1544,1633778685,The Stanley Parable: Ultra Deluxe,14,0.0048
1545,1628698678,Thief Simulator,14,0.0048
1546,1292135256,Titanfall,14,0.0048
1547,495493033,Turok,14,0.0048
1548,995443207,Verdun,14,0.0048
1549,1760893557,Warlander,14,0.0048
1550,1048549433,WRC 6 FIA World Rally Championship,14,0.0048
1551,100154526,Baja: Edge of Control HD,13,0.0044
1552,1396901865,Battlestations Pacific,13,0.0044
1553,1480656850,Bejeweled 2,13,0.0044
1554,1736384528,Ben 10: Power Trip,13,0.0044
1555,232457702,Broken Age,13,0.0044
1556,1161889806,C&C3,13,0.0044
1557,1161889850,C&C3: Kane's Wrath,13,0.0044
1558,1793054097,Carrion,13,0.0044
1559,1859542622,Contra Anniversary Collection,13,0.0044
1560,1940736818,Darkest Dungeon II,13,0.0044
1561,106901580,Destroy All Humans!,13,0.0044
1562,1743219650,Disney Epic Mickey: Rebrushed,13,0.0044
1563,2061746629,Don't Starve: Giant Edition,13,0.0044
1564,1161890059,Dragon Age™ 2,13,0.0044
1565,1712105499,DRIFTCE,13,0.0044
1566,2028637067,Drug Dealer Simulator,13,0.0044
1567,2015929879,Evil Dead: The Game,13,0.0044
1568,2062455421,Fernbus Simulator,13,0.0044
1569,2063170939,Frostpunk: Console Edition,13,0.0044
1570,1296697298,Full Game - Psychonauts,13,0.0044
1571,159583079,Gear.Club Unlimited 2 - Ultimate Edition,13,0.0044
1572,1844195280,Go Mecha Ball,13,0.0044
1573,1955982965,Gunfire Reborn,13,0.0044
1574,1480656912,Heavy Weapon,13,0.0044
1575,1825883295,Hidden Cats in Rio de Janeiro,13,0.0044
1576,1480657497,Lara Croft: GoL,13,0.0044
1577,1279330285,LEGO® Indiana Jones™ 2,13,0.0044
1578,2119300209,Life is Strange: Double Exposure,13,0.0044
1579,1898106366,Little Ralph - Trial,13,0.0044
1580,1464993839,Midway Arcade Origins,13,0.0044
1581,1742982949,MotoGP™24,13,0.0044
1582,2105152828,OCTOPATH TRAVELER 0 Prologue Demo,13,0.0044
1583,1759144821,PAC-MAN WORLD 2 Re-PAC,13,0.0044
1584,2011093308,Pacify,13,0.0044
1585,1932565641,Pikuniku,13,0.0044
1586,1658810016,Resident Evil Requiem,13,0.0044
1587,2028931904,Rugby 20,13,0.0044
1588,1263339510,Saints Row IV,13,0.0044
1589,1161889919,Skate 2,13,0.0044
1590,2039224282,Super Monkey Ball Banana Mania,13,0.0044
1591,225007476,Team Sonic Racing™,13,0.0044
1592,890454034,The Dark Pictures Anthology: Man Of Medan,13,0.0044
1593,2013672301,The Gunk,13,0.0044
1594,1731121397,The Quarry for Xbox One,13,0.0044
1595,1181281124,Thief,13,0.0044
1596,1763653276,Transport Fever 2: Console Edition,13,0.0044
1597,1480657581,Trials Evolution,13,0.0044
1598,1022548859,Truck Driver,13,0.0044
1599,716478832,TT Isle of Man,13,0.0044
1600,2012594000,US Conflict — Tank Battles,13,0.0044
1601,940586683,Wizard of Legend,13,0.0044
1602,1781945767,Wizard of Legend 2,13,0.0044
1603,2094867598,XIII,13,0.0044
1604,2023402980,Achilles: Legends Untold,12,0.0041
1605,1835497756,Agents of Mayhem,12,0.0041
1606,1616326452,Arcadegeddon,12,0.0041
1607,267850304,ATV Drift & Tricks Definitive Edition,12,0.0041
1608,975485641,Back to the Future: The Game - 30th Anniversary Edition,12,0.0041
1609,233177124,Battle Islands: Commanders,12,0.0041
1610,364804937,BATTLESHIP®,12,0.0041
1611,1663573292,Bendy and the Dark Revival,12,0.0041
1612,2144913935,Castlevania Anniversary Collection,12,0.0041
1613,1297287892,Conker: Live and Reloaded,12,0.0041
1614,1755920678,Creatures of Ava,12,0.0041
1615,2102421406,Day of the Tentacle Remastered,12,0.0041
1616,376779456,Death Road to Canada,12,0.0041
1617,1397819386,DEUS EX: HUMAN REVOLUTION,12,0.0041
1618,2013511408,DOOM Eternal (BATTLEMODE - PC),12,0.0041
1619,1234432164,EA SPORTS™ Rory McIlroy PGA TOUR®,12,0.0041
1620,1817638967,Echoes of the End: Enhanced Edition,12,0.0041
1621,1920237746,FINAL FANTASY II,12,0.0041
1622,1803141715,Football Manager 2024,12,0.0041
1623,2125839408,Formula Legends,12,0.0041
1624,1755179727,Grim Fandango Remastered,12,0.0041
1625,1131124715,"Guns, Gore and Cannoli",12,0.0041
1626,1654652604,Heavy Cargo - The Truck Simulator,12,0.0041
1627,1785862913,Hellblade: Senua's Sacrifice,12,0.0041
1628,1917135799,HYPERCHARGE Unboxed,12,0.0041
1629,1396901880,Kane & Lynch 2,12,0.0041
1630,850034103,Killer Instinct 2 Classic,12,0.0041
1631,1668424649,Kulebra and the Souls of Limbo: Closure Edition,12,0.0041
1632,1651525052,Life is Strange: Before the Storm Remastered,12,0.0041
1633,2022357971,Monster Energy Supercross - The Official Videogame 4,12,0.0041
1634,1480657679,Motocross Madness,12,0.0041
1635,1548866781,MXGP2,12,0.0041
1636,1907381044,Project Cars,12,0.0041
1637,779253028,RIDE Demo,12,0.0041
1638,2025898879,Rugby 22 Xbox Series X|S,12,0.0041
1639,818066257,Rugby League Live 4,12,0.0041
1640,1823082250,Sally Face,12,0.0041
1641,1179584488,Sniper Elite V2,12,0.0041
1642,1957476784,Sniper Elite V2 Remastered,12,0.0041
1643,2098784475,Soulstice,12,0.0041
1644,405775731,Surviving Mars,12,0.0041
1645,2076626607,Tank Mechanic Simulator - Reinforced,12,0.0041
1646,1431504880,TC's GRAW2,12,0.0041
1647,1825800558,Temtem,12,0.0041
1648,1464993828,The Witcher 2: Assassins of Kings,12,0.0041
1649,2070685355,to a T,12,0.0041
1650,580901123,Tropico 6,12,0.0041
1651,1905686946,Tropico 6 - Next Gen Edition,12,0.0041
1652,1845646569,Yakuza Kiwami 2,12,0.0041
1653,2146391417,60 Seconds! Reatomized Demo,11,0.0037
1654,1480657371,A World of Keflings ,11,0.0037
1655,1678543324,Aragami 2,11,0.0037
1656,1431505102,Assassin's Creed® Rogue,11,0.0037
1657,1397032979,BAYONETTA,11,0.0037
1658,1414793176,BioShock,11,0.0037
1659,400142602,Costume Quest 2,11,0.0037
1660,402672897,Death Squared,11,0.0037
1661,1627819535,Dishonored® Definitive Edition (PC),11,0.0037
1662,2125974437,Door Kickers: Action Squad,11,0.0037
1663,492699383,EA SPORTS™ NHL® 17,11,0.0037
1664,1736752782,Expansion for Explorers,11,0.0037
1665,1691849278,FINAL FANTASY IV,11,0.0037
1666,1646082476,Galacticare,11,0.0037
1667,1480660120,Goat Simulator,11,0.0037
1668,488865290,Gravel Demo,11,0.0037
1669,1297287287,Halo 3: ODST Campaign Edition,11,0.0037
1670,1880214966,Hello Neighbor: Hide and Seek,11,0.0037
1671,1930132661,Jotunnslayer: Hordes of Hel,11,0.0037
1672,1297287122,Kameo,11,0.0037
1673,2028645063,Legend of Mana,11,0.0037
1674,1279330257,LEGO Star Wars II,11,0.0037
1675,1271641024,Lords of the Fallen (2014),11,0.0037
1676,523468027,Mega Man 11,11,0.0037
1677,2049727100,METAL GEAR SOLID - Master Collection Version,11,0.0037
1678,1957255658,MORDHAU,11,0.0037
1679,634240708,MotoGP™19,11,0.0037
1680,778400368,NBA 2K14,11,0.0037
1681,1624572870,Ni no Kuni™ II: Revenant Kingdom - The Prince's Edition,11,0.0037
1682,2121532136,Once Upon A KATAMARI,11,0.0037
1683,737714383,ONE PIECE BURNING BLOOD - DEMO,11,0.0037
1684,2025399821,ONE PUNCH MAN: A HERO NOBODY KNOWS,11,0.0037
1685,2048381683,PAC-MAN WORLD Re-PAC,11,0.0037
1686,269677862,PING REDUX,11,0.0037
1687,1813984116,Resident Evil 4 Chainsaw Demo,11,0.0037
1688,1128466466,RESIDENT EVIL CODE: Veronica X,11,0.0037
1689,1263339520,Saints Row: Gat Out of Hell   ,11,0.0037
1690,114172147,Shenmue,11,0.0037
1691,1781047490,Shin Megami Tensei V: Vengeance,11,0.0037
1692,1263405029,Silent Hill Homecoming,11,0.0037
1693,2031266067,Sker Ritual,11,0.0037
1694,1967529255,SpongeBob SquarePants: The Cosmic Shake,11,0.0037
1695,2009073182,Steelrising - Standard Edition,11,0.0037
1696,1987589092,Surviving Mars: Relaunched,11,0.0037
1697,2141647881,Tales from the Borderlands - Episode 1: Zer0 Sum,11,0.0037
1698,1842335063,The Mortuary Assistant,11,0.0037
1699,1675176110,The Outer Worlds,11,0.0037
1700,1313671253,The Witcher 2,11,0.0037
1701,1431504921,Tom Clancy's Splinter Cell® Chaos Theory™,11,0.0037
1702,239008106,Tropico 5 - Penultimate Edition,11,0.0037
1703,103629720,V-Rally 4,11,0.0037
1704,586255311,WARRIORS OROCHI 3 Ultimate,11,0.0037
1705,2008811924,Wolfenstein II: The New Colossus,11,0.0037
1706,1696868991,WRC Generations - The FIA WRC Official Game,11,0.0037
1707,1745806870,7 Days to Die (Game Preview),10,0.0034
1708,1480657115,A Kingdom for Keflings,10,0.0034
1709,1783702427,AEW: Fight Forever,10,0.0034
1710,1958267791,AK-xolotl: Together,10,0.0034
1711,1790332447,Alien: Rogue Incursion Evolved Edition,10,0.0034
1712,2072863941,Animal Shelter Simulator,10,0.0034
1713,244952910,Aragami: Shadow Edition,10,0.0034
1714,682100179,Armello,10,0.0034
1715,132590840,Assassin's Creed® Chronicles: India,10,0.0034
1716,2024847837,Bee Simulator,10,0.0034
1717,1698796012,Bloons TD 6,10,0.0034
1718,1024154899,Boggle,10,0.0034
1719,1431504874,Brothers in Arms: HH,10,0.0034
1720,1650593751,Calico,10,0.0034
1721,2107339353,Control Standard Edition,10,0.0034
1722,1480657460,Crazy Taxi,10,0.0034
1723,1297287249,Crimson Skies®: High Road to Revenge™,10,0.0034
1724,1618801140,CRISIS CORE –FINAL FANTASY VII– REUNION,10,0.0034
1725,1822577333,Dead Rising Deluxe Remaster,10,0.0034
1726,1669682262,Defense Grid 2,10,0.0034
1727,1129121853,DiRT 3,10,0.0034
1728,1112934422,Disney Epic Mickey 2: The Power of Two,10,0.0034
1729,1989956835,Evolve,10,0.0034
1730,1692950358,Exoprimal,10,0.0034
1731,1464993792,F.E.A.R. 3,10,0.0034
1732,1655237678,Fallout: New Vegas Ultimate Edition,10,0.0034
1733,1880744816,Farming Simulator 22 (PC),10,0.0034
1734,152270586,FINAL FANTASY XII THE ZODIAC AGE,10,0.0034
1735,1890880304,Fobia - St. Dinfna Hotel,10,0.0034
1736,943719970,GRID,10,0.0034
1737,1297287601,Halo: Combat Evolved Anniversary,10,0.0034
1738,1996335028,He is Coming (Game Preview),10,0.0034
1739,1964820394,Hotline Miami Collection,10,0.0034
1740,1960955312,I Am Fish,10,0.0034
1741,1297287250,Jade Empire™,10,0.0034
1742,1977008263,JoJo's Bizarre Adventure: All-Star Battle R Demo Version,10,0.0034
1743,1396901863,Just Cause 2,10,0.0034
1744,542819315,Life is Strange: Before the Storm Episode 1,10,0.0034
1745,1841790832,Little Nightmares II Enhanced Edition - Windows,10,0.0034
1746,1733044130,Madden NFL 22 Xbox Series X|S,10,0.0034
1747,1161889998,Mass Effect 2,10,0.0034
1748,650249872,Metal Gear Solid V: Ground Zeroes,10,0.0034
1749,607267025,N++ (NPLUSPLUS),10,0.0034
1750,664898642,NASCAR Heat 3,10,0.0034
1751,1802006334,Neon Abyss,10,0.0034
1752,1887596214,Nickelodeon All-Star Brawl,10,0.0034
1753,1413679061,NINJA GAIDEN II,10,0.0034
1754,2039473401,NINJA GAIDEN Σ,10,0.0034
1755,484684099,PAC-MAN 256,10,0.0034
1756,1297287123,Perfect Dark Zero,10,0.0034
1757,1375792807,Pool Nation FX,10,0.0034
1758,1743961068,Race The Sun,10,0.0034
1759,2076466454,Red Dead Redemption (PC),10,0.0034
1760,303584158,Sea of Solitude,10,0.0034
1761,1480657777,Sega Vintage Collection: Streets of Rage,10,0.0034
1762,1729553161,Sektori,10,0.0034
1763,1906073826,Skullgirls 2nd Encore,10,0.0034
1764,1147123126,Skylanders Trap Team,10,0.0034
1765,1692656490,SNIPER Ghost Warrior 3,10,0.0034
1766,1112934456,Star Wars Jedi Knight: Jedi Academy,10,0.0034
1767,1911065365,Stunt Paradise,10,0.0034
1768,972022825,Tetris® Ultimate,10,0.0034
1769,1651647141,The Boat Grandma,10,0.0034
1770,1968679051,The Cabin Factory,10,0.0034
1771,1005415207,The Golf Club 2019 featuring PGA TOUR,10,0.0034
1772,1668095237,The Jackbox Naughty Pack,10,0.0034
1773,2029175168,The Plucky Squire,10,0.0034
1774,193310209,The Witness,10,0.0034
1775,2108611710,TIEBREAK – GRAND SLAM EDITION,10,0.0034
1776,1396901868,Tomb Raider Underworld,10,0.0034
1777,2147214039,TRIANGLE STRATEGY,10,0.0034
1778,1611397404,UBOAT,10,0.0034
1779,1682770291,"Warhammer 40,000: Chaos Gate - Daemonhunters",10,0.0034
1780,2008301104,Wildgate,10,0.0034
1781,1690524168,Wo Long: Fallen Dynasty,10,0.0034
1782,566278,WWE 2K17,10,0.0034
1783,1313671121,ACE COMBAT 6,9,0.0031
1784,1742707305,Ambulance Life: A Paramedic Simulator,9,0.0031
1785,1756488270,Arkanoid Eternal Battle,9,0.0031
1786,433520651,Attack on Titan,9,0.0031
1787,1720903665,Autopsy Simulator,9,0.0031
1788,1297287893,Blinx: The Time Sweeper,9,0.0031
1789,1952427486,Bloodstained: Ritual of the Night,9,0.0031
1790,171879377,Call of Cthulhu,9,0.0031
1791,1960391873,Call of Duty®: Black Ops III (Windows),9,0.0031
1792,2098202394,Candy Crush Saga,9,0.0031
1793,1962619691,Cataclismo,9,0.0031
1794,2003473581,Citizen Sleeper,9,0.0031
1795,1843804163,Cooking Simulator Windows,9,0.0031
1796,1161890019,Crysis 2,9,0.0031
1797,502883447,Dead Island Retro Revenge,9,0.0031
1798,1414793294,Duke Nukem Forever,9,0.0031
1799,942676443,F1™ 2016,9,0.0031
1800,408481962,FIFA 18 Demo,9,0.0031
1801,1966202553,Fishing: North Atlantic Enhanced Edition,9,0.0031
1802,1702713376,Genesis Noir,9,0.0031
1803,1641056892,Gloomhaven,9,0.0031
1804,984363462,Graveyard Keeper,9,0.0031
1805,1952945858,Hello Engineer Demo,9,0.0031
1806,1396901851,Hitman: Blood Money,9,0.0031
1807,1480656891,Jetpac Refuelled,9,0.0031
1808,1966310183,Just Dance® 2022,9,0.0031
1809,1912466607,Laundry Store Simulator,9,0.0031
1810,1660823717,LEGO® Brawls,9,0.0031
1811,1464993821,LEGO® Lord of the Rings™,9,0.0031
1812,2045560230,LIMBO,9,0.0031
1813,746718051,Mafia III Demo,9,0.0031
1814,1926489287,Marvel's Midnight Suns for Xbox One,9,0.0031
1815,1893250709,Matchpoint - Tennis Championships | DEMO,9,0.0031
1816,1414793292,Max Payne,9,0.0031
1817,1414793291,Max Payne® 2: The Fall of Max Payne,9,0.0031
1818,2045704503,Metaball,9,0.0031
1819,2142315481,Mighty Morphin Power Rangers: Rita's Rewind,9,0.0031
1820,1297549289,Mortal Kombat vs. DCU,9,0.0031
1821,905842411,Mutant Football League,9,0.0031
1822,2028520097,My Friend Pedro,9,0.0031
1823,593565047,MY HERO ONE’S JUSTICE,9,0.0031
1824,2040686890,My Time at Sandrock,9,0.0031
1825,1480656988,N+,9,0.0031
1826,1671144891,New Joe & Mac - Caveman Ninja,9,0.0031
1827,2126543080,New Star™ GP Demo,9,0.0031
1828,1846760960,Nickelodeon Kart Racers 3: Slime Speedway,9,0.0031
1829,1776537169,NINJA GAIDEN Σ2,9,0.0031
1830,1844719399,Nobody Wants to Die,9,0.0031
1831,1059087507,Octodad: Dadliest Catch,9,0.0031
1832,1977174786,ONE PIECE ODYSSEY,9,0.0031
1833,1831668171,Opus Castle,9,0.0031
1834,1129121801,Overlord II,9,0.0031
1835,2142624894,PHOGS! Demo,9,0.0031
1836,116849471,Pro Evolution Soccer 2017,9,0.0031
1837,326835485,Rise of Nations: Extended Edition,9,0.0031
1838,1704946873,Romancing SaGa 2: Revenge of the Seven,9,0.0031
1839,1759610497,Rush Rally Origins,9,0.0031
1840,1808022278,Sacred 2 Remaster,9,0.0031
1841,1979417101,SD GUNDAM BATTLE ALLIANCE,9,0.0031
1842,1916393313,SIGNALIS,9,0.0031
1843,844274714,Skylanders Imaginators,9,0.0031
1844,1480659614,Sonic the Fighters,9,0.0031
1845,1628869222,Soulstone Survivors,9,0.0031
1846,605317845,Stern Pinball Arcade,9,0.0031
1847,1397819363,Supreme Commander 2,9,0.0031
1848,412423425,SWORD ART ONLINE Alicization Lycoris,9,0.0031
1849,1874881573,Tales of Kenzera™: ZAU,9,0.0031
1850,1619109702,Tales of Symphonia Remastered,9,0.0031
1851,1873939850,Teenage Mutant Ninja Turtles Arcade: Wrath of the Mutants,9,0.0031
1852,1651981610,The Bluecoats: North & South,9,0.0031
1853,2007018418,The Hong Kong Massacre,9,0.0031
1854,1761411767,THE HOUSE OF THE DEAD: Remake,9,0.0031
1855,1811248495,The Jackbox Party Pack 10,9,0.0031
1856,1637976314,The Jackbox Survey Scramble,9,0.0031
1857,901516198,The Surge 2,9,0.0031
1858,1619933938,The Survivalists,9,0.0031
1859,1396901866,Tomb Raider: Anniv.,9,0.0031
1860,2050010864,Two Point Hospital™,9,0.0031
1861,1658477123,Unturned,9,0.0031
1862,1480659454,Virtua Fighter 5 Final Showdown,9,0.0031
1863,2129059621,Wobbledogs Console Edition,9,0.0031
1864,1900124001,WRC 10 FIA World Rally Championship Xbox One,9,0.0031
1865,2007033271,80's OVERDRIVE,8,0.0027
1866,1751360232,AAA Dynamic Scenes,8,0.0027
1867,946215144,AirMech® Arena,8,0.0027
1868,1161889868,Army of Two™ (EU),8,0.0027
1869,1771834186,ATLAS (Game Preview),8,0.0027
1870,2042945112,Atomicrops,8,0.0027
1871,1161889960,Battlefield Bad Company 2,8,0.0027
1872,1844143156,Beach Buggy Racing 2: Island Adventure,8,0.0027
1873,1639963506,BlackJack 21 Pro!,8,0.0027
1874,1617823540,Bomb Rush Cyberfunk,8,0.0027
1875,435779585,Capcom Beat 'Em Up Bundle,8,0.0027
1876,2032548938,Cassette Beasts,8,0.0027
1877,2012135933,Castlevania Dominus Collection,8,0.0027
1878,768615691,Chess Ultra,8,0.0027
1879,1967883584,Chorus,8,0.0027
1880,54541475,Construction Simulator 2 US - Console Edition,8,0.0027
1881,1730984142,Danganronpa 2: Goodbye Despair Anniversary Edition,8,0.0027
1882,629798227,Deadpool,8,0.0027
1883,1825676269,Digimon Story Time Stranger Demo,8,0.0027
1884,1129121861,DiRT Showdown,8,0.0027
1885,1671685084,Disney Epic Mickey: Rebrushed - Demo,8,0.0027
1886,1480657049,Domino Master,8,0.0027
1887,1558010571,DYNASTY WARRIORS 8 Empires,8,0.0027
1888,134413498,EA SPORTS™ NHL® 18,8,0.0027
1889,548464799,EA SPORTS™ UFC®,8,0.0027
1890,1644006979,ENDLESS Legend™ 2,8,0.0027
1891,1639220334,Exo One,8,0.0027
1892,1464993747,F.E.A.R. 2,8,0.0027
1893,1835944487,Five Nights at Freddy's Into the Pit,8,0.0027
1894,2043510457,Friends vs Friends,8,0.0027
1895,1694490701,FuzzBall,8,0.0027
1896,1480656877,Geometry Wars Evolved,8,0.0027
1897,2022315423,Gunsmith Simulator,8,0.0027
1898,447331588,I Am Bread,8,0.0027
1899,1480657557,Iron Brigade,8,0.0027
1900,2144211794,Iron Harvest Complete Edition,8,0.0027
1901,2028720746,Junkyard Simulator,8,0.0027
1902,333457553,Just Dance® 2020,8,0.0027
1903,2017826215,METAL GEAR SOLID 2: Sons of Liberty - Master Collection Version,8,0.0027
1904,1869122946,MONOPOLY DEAL,8,0.0027
1905,2105140633,NieR Replicant ver.1.22474487139...,8,0.0027
1906,843014522,Pathfinder: Kingmaker - Definitive Edition,8,0.0027
1907,1712366974,PC Building Simulator,8,0.0027
1908,1628806449,Potion Craft: Alchemist Simulator,8,0.0027
1909,2011990367,Project Winter,8,0.0027
1910,1480659519,Rayman 3 HD,8,0.0027
1911,1996943027,Revhead,8,0.0027
1912,1914565485,Risk of Rain,8,0.0027
1913,2068415611,Rust Console Edition - Public Test Branch,8,0.0027
1914,1726081569,Seal: WHAT the FUN,8,0.0027
1915,1799773408,Security Booth: Director's Cut,8,0.0027
1916,1060097466,Serious Sam Collection,8,0.0027
1917,2123021352,Sherlock Holmes: The Devil's Daughter Redux,8,0.0027
1918,2018103228,Ship of Fools,8,0.0027
1919,2015678791,SILENT HILL 2 Bonus Content (Digital Artbook and Soundtrack）,8,0.0027
1920,1166935255,Slender: The Arrival (2015),8,0.0027
1921,2051631747,Spectre Divide,8,0.0027
1922,1611656661,Starbound,8,0.0027
1923,2079765251,Streets of Rogue,8,0.0027
1924,1718545023,Sunset Overdrive,8,0.0027
1925,1998740916,Super Kids Racing : Mini Edition Demo,8,0.0027
1926,1933264626,Survivalist: Invisible Strain,8,0.0027
1927,1718047845,Tannenberg,8,0.0027
1928,1431504855,TC's SC Double Agent,8,0.0027
1929,2142487375,Teenage Mutant Ninja Turtles: The Cowabunga Collection,8,0.0027
1930,1906078054,TERMINATOR: RESISTANCE,8,0.0027
1931,1480656886,Texas Hold'em,8,0.0027
1932,2047811112,The Last Hero of Nostalgaia,8,0.0027
1933,2101138430,The Matrix Awakens: An Unreal Engine 5 Experience,8,0.0027
1934,1776537730,The Sinking City Remastered,8,0.0027
1935,20605635,The Surge,8,0.0027
1936,2026783353,Wayfinder,8,0.0027
1937,1888551831,What's Different? (Xbox One),8,0.0027
1938,2069636428,WINGSPAN,8,0.0027
1939,2056599614,Wreckreation,8,0.0027
1940,912199926,Yet Another Zombie Defense HD,8,0.0027
1941,1682735559,9 Monkeys of Shaolin,7,0.0024
1942,1777027693,Adv File Explorer (FullTrust),7,0.0024
1943,1880818134,AFL 26,7,0.0024
1944,1838321370,Ages of Mages: the last keeper,7,0.0024
1945,579423182,Agony,7,0.0024
1946,1297287173,Alan Wake,7,0.0024
1947,1847254069,Alex Kidd in Miracle World DX,7,0.0024
1948,1614240330,Baldur's Gate: Dark Alliance,7,0.0024
1949,965872275,Ben 10,7,0.0024
1950,1661717515,Blood Bowl 3,7,0.0024
1951,1178929117,Bound by Flame,7,0.0024
1952,1896582181,Bramble: The Mountain King,7,0.0024
1953,1899809649,Bubble Shooter Viking Pop!,7,0.0024
1954,2077036451,Cake Bash,7,0.0024
1955,1431504924,Call of Juarez: Bound in Blood,7,0.0024
1956,1480657530,Castlevania HD,7,0.0024
1957,1889886349,Chess Royal,7,0.0024
1958,1717280173,CHRONO CROSS: THE RADICAL DREAMERS EDITION,7,0.0024
1959,1676653592,Citizen Sleeper 2: Starward Vector,7,0.0024
1960,1736174077,City Transport Simulator: Tram,7,0.0024
1961,1846285148,CrossfireX,7,0.0024
1962,2077764934,Crysis Remastered,7,0.0024
1963,1754131742,Diamond Painting ASMR,7,0.0024
1964,355178688,DiRT 4,7,0.0024
1965,1431505022,Driver San Francisco,7,0.0024
1966,1480659910,DuckTales: Remastered,7,0.0024
1967,419391420,EA SPORTS™ NBA LIVE 15,7,0.0024
1968,1480657527,Faery: Legends of Avalon,7,0.0024
1969,461914906,FIFA 19 Demo,7,0.0024
1970,1799236568,FINAL FANTASY V,7,0.0024
1971,1397819398,FINAL FANTASY XIII-2,7,0.0024
1972,1519874468,Forza Horizon 2 Presents Fast & Furious,7,0.0024
1973,1711556027,Garten of Banban 2,7,0.0024
1974,2036291363,Garten of Banban 8: Anti Devil,7,0.0024
1975,21230315,Genesis Alpha One,7,0.0024
1976,1480657151,Geometry Wars Evolved²,7,0.0024
1977,1730221723,Ghostrunner 2,7,0.0024
1978,1784112295,Godfall,7,0.0024
1979,1129121860,GRID 2,7,0.0024
1980,2020925056,Grim Dawn: Definitive Edition,7,0.0024
1981,453673951,Guitar Hero Live,7,0.0024
1982,1297287176,Halo Wars,7,0.0024
1983,2028516160,Hardspace: Shipbreaker - Windows,7,0.0024
1984,1968550256,Hobo: Tough Life,7,0.0024
1985,1785313161,I'm on Observation Duty 8,7,0.0024
1986,1911404173,Immortals of Aveum™,7,0.0024
1987,1741183625,Juiced Fruit Racing Demo,7,0.0024
1988,901962824,KartRider: Drift,7,0.0024
1989,1974645006,Killer Frequency,7,0.0024
1990,1873492766,KINGDOM HEARTS HD 2.8 Final Chapter Prologue,7,0.0024
1991,240478325,Layers of Fear (2016),7,0.0024
1992,1722781084,LEGO® Batman™: Legacy of the Dark Knight,7,0.0024
1993,149149959,Lies Of Astaroth,7,0.0024
1994,1014379144,Marvel: Ultimate Alliance 2,7,0.0024
1995,1941838752,MELTY BLOOD: TYPE LUMINA,7,0.0024
1996,1112934453,Mercenaries,7,0.0024
1997,1889275388,Metal Eden,7,0.0024
1998,1343920370,NBA 2K15,7,0.0024
1999,919412218,Necromunda: Underhive Wars,7,0.0024
2000,1961823263,NHL® 22 Xbox Series X|S,7,0.0024
2001,1696832928,NHRA Championship Drag Racing: Speed For All,7,0.0024
2002,2081394706,Onimusha 2: Samurai's Destiny,7,0.0024
2003,1734289672,"ONYX-PRO, Inside the Game: Grounded 2 Artbook and Soundtrack",7,0.0024
2004,1847106181,Oppidum,7,0.0024
2005,806794764,Override: Mech City Brawl,7,0.0024
2006,1894365262,PAW Patrol: Grand Prix,7,0.0024
2007,1827996338,PBA Pro Bowling 2023,7,0.0024
2008,1702914632,Poker Club,7,0.0024
2009,1431504958,Prince of Persia The Forgotten Sands™,7,0.0024
2010,2049279350,Puzzle Quest: Immortal Edition,7,0.0024
2011,1755678829,RedRaptor,7,0.0024
2012,1822591938,Revenge of the Savage Planet PC,7,0.0024
2013,806435492,Road Redemption,7,0.0024
2014,1889657958,S.T.A.L.K.E.R.: Call of Prypiat - Enhanced Edition,7,0.0024
2015,1907729638,Solasta: Crown of the Magister,7,0.0024
2016,1480656996,Sonic The Hedgehog,7,0.0024
2017,1917594775,Stampede: Racing Royale (Game Preview),7,0.0024
2018,2050520287,STRANGER OF PARADISE FINAL FANTASY ORIGIN,7,0.0024
2019,308135722,Tales of Vesperia™: Definitive Edition,7,0.0024
2020,1414793357,The Darkness II,7,0.0024
2021,2095867988,The Evil Within (PC),7,0.0024
2022,1790921256,The Evil Within® 2 (PC),7,0.0024
2023,1668285033,The Exit 8,7,0.0024
2024,875174887,The Final Station,7,0.0024
2025,1777341064,The Outer Worlds: Spacer's Choice Edition,7,0.0024
2026,1683840789,Tomb Raider IV-VI Remastered,7,0.0024
2027,1297287134,Too Human,7,0.0024
2028,1763742865,Train Sim World® 2,7,0.0024
2029,2125289543,TRANSFORMERS™: Devastation,7,0.0024
2030,1851490214,Tribes of Midgard,7,0.0024
2031,1871105054,TY the Tasmanian Tiger HD,7,0.0024
2032,2118758715,Unknown 9: Awakening,7,0.0024
2033,1777656573,Vanquish,7,0.0024
2034,1895560154,Virtual Villagers Origins 2 Xbox,7,0.0024
2035,1926895632,We Were Here,7,0.0024
2036,1414793346,XCOM®: Enemy Unknown,7,0.0024
2037,1414793390,XCOM®: Enemy Within,7,0.0024
2038,1019936697,#IDARB,6,0.002
2039,1931679945,2XKO,6,0.002
2040,1038499153,A Hat in Time,6,0.002
2041,1692343738,A.I.L.A,6,0.002
2042,390641336,ACA NEOGEO METAL SLUG,6,0.002
2043,2144204141,Achilles: Survivor,6,0.002
2044,1664723386,Afterimage,6,0.002
2045,2143113399,Anthology of Fear,6,0.002
2046,1431504989,Assassin's Creed Brotherhood,6,0.002
2047,1946485937,Besiege Console,6,0.002
2048,1969372075,BlazBlue: Cross Tag Battle Special Edition,6,0.002
2049,883799031,Bless Unleashed,6,0.002
2050,1112934423,Brave: The Video Game,6,0.002
2051,1737803796,Clone Drone in the Danger Zone Demo,6,0.002
2052,1872936107,Cobra Kai: The Karate Kid Saga Continues,6,0.002
2053,1842022716,Colt Canyon,6,0.002
2054,1781425798,Cozy Designer,6,0.002
2055,35820305,Crackdown 3: Wrecking Zone,6,0.002
2056,694139546,Crawl,6,0.002
2057,1931878195,Cricket 24: The Official Game Of The Ashes,6,0.002
2058,1771581366,Croc Legend of the Gobbos,6,0.002
2059,1696763703,Crown Wars: The Black Prince,6,0.002
2060,2055582442,Danganronpa: Trigger Happy Havoc Anniversary Edition,6,0.002
2061,1414596582,Darksiders,6,0.002
2062,1867293778,Darwin Project,6,0.002
2063,1413679057,DEAD OR ALIVE 4,6,0.002
2064,1154802774,Dead Rising 3 Demo,6,0.002
2065,893913056,Destroy All Humans (2005),6,0.002
2066,94911754,Devil May Cry 5 Demo,6,0.002
2067,1951675244,DJMAX RESPECT V,6,0.002
2068,1621285366,DOOM (1993),6,0.002
2069,1847263549,Dungeon Defenders: Awakened,6,0.002
2070,1640323097,DYNASTY WARRIORS 9 Empires,6,0.002
2071,2078793582,DYSMANTLE,6,0.002
2072,1831247908,EA SPORTS™ FIFA 16 Downloadable Demo,6,0.002
2073,242301355,EA SPORTS™ NHL® 16,6,0.002
2074,572417720,Emily Wants To Play,6,0.002
2075,1880860626,Escape Academy,6,0.002
2076,1448413145,F.E.A.R.,6,0.002
2077,481925121,F1® 2018,6,0.002
2078,1479130986,FIFA 15 Downloadable Demo,6,0.002
2079,548611852,FIFA 20 Demo,6,0.002
2080,1756167397,FINAL FANTASY XVI DEMO,6,0.002
2081,1414596568,Frontlines:Fuel of War,6,0.002
2082,2022597828,Garten of Banban 0,6,0.002
2083,1690204019,Garten of Banban 3,6,0.002
2084,2077809328,Garten of Banban 4,6,0.002
2085,945174237,Geometry Wars™ 3: Dimensions Evolved,6,0.002
2086,2126757651,Ghostrunner,6,0.002
2087,1758952227,Gothic 1 Remake - Demo,6,0.002
2088,1129121873,GRID Autosport,6,0.002
2089,1829337400,Have a Nice Death,6,0.002
2090,1958413760,Hill Climb Racing,6,0.002
2091,1038862451,HYPER SCAPE,6,0.002
2092,1945528318,Idle Devils,6,0.002
2093,1989445813,Knight Squad 2,6,0.002
2094,1480657325,KOF2002UM,6,0.002
2095,1480657105,KOF98UM,6,0.002
2096,1925242158,Library Of Ruina,6,0.002
2097,1764400723,Like a Dragon: Ishin!,6,0.002
2098,1891684356,Lost in Random™,6,0.002
2099,1060304103,Marooners,6,0.002
2100,322384131,Marvel: Ultimate Alliance,6,0.002
2101,196597117,Mega Man X Legacy Collection 2,6,0.002
2102,1535750831,Mega Man® Legacy Collection,6,0.002
2103,2025840804,METAL GEAR SOLID 3: Snake Eater - Master Collection Version,6,0.002
2104,1651248133,Metal: Hellsinger (Xbox Series X|S & PC),6,0.002
2105,1747564672,Microsoft Treasure Hunt,6,0.002
2106,14233261,Minecraft: Story Mode - Season Two - Episode 1,6,0.002
2107,1480660055,MONOPOLY PLUS,6,0.002
2108,1866194138,Murder Miners,6,0.002
2109,53175238,MXGP2 - Demo,6,0.002
2110,1991467401,My Little Universe,6,0.002
2111,1670201710,My Little Universe Demo,6,0.002
2112,1884949649,Mythwrecked: Ambrosia Island,6,0.002
2113,2076732337,Necromunda: Hired Gun (Windows),6,0.002
2114,1700516900,NINJA GAIDEN 3: Razor's Edge,6,0.002
2115,301029247,Oddworld: New 'n' Tasty,6,0.002
2116,2034484895,Out of Space: Couch Edition,6,0.002
2117,308514854,Outward,6,0.002
2118,2013199752,PAC-MAN Mega Tunnel Battle: Chomp Champs,6,0.002
2119,1906677498,PAC-MAN MUSEUM+,6,0.002
2120,1624743884,Persona 3 Portable,6,0.002
2121,1698508835,PGA TOUR 2K25 First Look,6,0.002
2122,912254227,Pit People,6,0.002
2123,481098309,Pure Farming 2018,6,0.002
2124,1641566497,Railroads Online,6,0.002
2125,802418004,RESIDENT EVIL RESISTANCE,6,0.002
2126,1769121996,River City Girls 2,6,0.002
2127,1414793183,Rockstar Table Tennis,6,0.002
2128,1820242486,Roguebook Xbox Series X|S,6,0.002
2129,1263405009,Rumble Roses XX,6,0.002
2130,1613348546,Sea of Stars: Sunset Edition,6,0.002
2131,1532956420,Sébastien Loeb Rally EVO,6,0.002
2132,1963476984,Sherlock Holmes Chapter One,6,0.002
2133,1709151881,Ship Graveyard Simulator 2,6,0.002
2134,902608,Sky Force Reloaded,6,0.002
2135,2128705961,Solitaire HD,6,0.002
2136,1480656995,Sonic The Hedgehog 2,6,0.002
2137,778803087,Spacelords,6,0.002
2138,2032251921,Spot Challenge Vol. 2,6,0.002
2139,1633458467,SteamWorld Build,6,0.002
2140,1692236270,Stolen Realm,6,0.002
2141,300578609,Styx: Shards of Darkness,6,0.002
2142,585971749,Super Mega Baseball 2,6,0.002
2143,1941370105,Supermarket Owner Simulator: Business,6,0.002
2144,1671975688,Tales of Xillia Remastered,6,0.002
2145,1792745094,Terrifier: The ARTcade Game,6,0.002
2146,1977179260,TES IV: Oblivion Remastered - Digital Artbook & Original Soundtrack,6,0.002
2147,2065439517,That Time I Got Reincarnated as a Slime ISEKAI Chronicles,6,0.002
2148,706437546,The Awesome Adventures of Captain Spirit,6,0.002
2149,1480659512,The Cave,6,0.002
2150,247774493,The Incredible Adventures of Van Helsing,6,0.002
2151,1582065954,The LEGO Movie Videogame DEMO,6,0.002
2152,1748167956,The Riftbreaker,6,0.002
2153,874691210,This War of Mine: The Little Ones,6,0.002
2154,2099988016,Ticket to Ride®,6,0.002
2155,467118163,Titan Quest,6,0.002
2156,1841510170,Tony Stewart's Sprint Car Racing,6,0.002
2157,1721366178,Toy Soldiers HD,6,0.002
2158,1480660067,Toybox Turbos,6,0.002
2159,1661098733,Turbo Golf Racing,6,0.002
2160,2085652095,VOID/BREAKER (Game Preview),6,0.002
2161,2019181131,Wasteland 2: Director's Cut,6,0.002
2162,1926154049,Wasteland Remastered,6,0.002
2163,1955199870,We Were Here Together,6,0.002
2164,1909396590,Wolfenstein: The Old Blood (PC),6,0.002
2165,2146388451,3XTINCTION,5,0.0017
2166,1679168855,A Quiet Place: The Road Ahead,5,0.0017
2167,593828894,Absolver,5,0.0017
2168,304633817,ACA NEOGEO METAL SLUG 4,5,0.0017
2169,552749870,ACA NEOGEO THE KING OF FIGHTERS '98,5,0.0017
2170,2094098726,Ace Attorney Investigations Collection,5,0.0017
2171,1672129931,Across the Obelisk,5,0.0017
2172,1915969143,AFL 23,5,0.0017
2173,1762831513,Amazing Frog? Demo,5,0.0017
2174,1798477678,AO Tennis 2,5,0.0017
2175,652901378,APB Reloaded,5,0.0017
2176,2130794071,Apollo Justice: Ace Attorney Trilogy,5,0.0017
2177,670545608,Armored Warfare,5,0.0017
2178,423441812,Ashes Cricket,5,0.0017
2179,487844727,Assault Android Cactus,5,0.0017
2180,1805978609,Baby Shark™: Sing & Swim Party,5,0.0017
2181,634298669,Bad North: Jotunn Edition,5,0.0017
2182,1955832684,Beyond Good & Evil 20th Anniversary Edition,5,0.0017
2183,1021034070,Big Buck Hunter Arcade,5,0.0017
2184,402049843,Black Desert,5,0.0017
2185,1082339580,BLAZBLUE CHRONOPHANTASMA EXTEND,5,0.0017
2186,1736678881,Bleeding Edge,5,0.0017
2187,1906603484,Bravery and Greed,5,0.0017
2188,1936376749,Capcom Fighting Collection,5,0.0017
2189,1480656960,Carcassonne,5,0.0017
2190,870299798,Carnival Games®,5,0.0017
2191,1501266033,CastleStorm - Definitive Edition,5,0.0017
2192,1739606934,Castlevania Advance Collection,5,0.0017
2193,1263405065,Castlevania LoS,5,0.0017
2194,1858000832,Caterpillar,5,0.0017
2195,1872307318,Chef Life: A Restaurant Simulator,5,0.0017
2196,2102465429,Coffee Talk,5,0.0017
2197,2040404955,Colorful Colore,5,0.0017
2198,1480659546,Counter-Strike: GO,5,0.0017
2199,2123216194,Crysis 2 Remastered,5,0.0017
2200,2004939306,Crysis 3 Remastered,5,0.0017
2201,1991801140,Dark Light,5,0.0017
2202,367230746,Darksiders Genesis,5,0.0017
2203,1414596758,Darksiders II,5,0.0017
2204,1619542068,Dawn of Man,5,0.0017
2205,1671934405,Dead Rising Deluxe Remaster Demo,5,0.0017
2206,338090394,Dirt Rally,5,0.0017
2207,153292310,Disney Infinity 3.0 Edition,5,0.0017
2208,1713897069,Dog Man: Mission Impawsible Demo,5,0.0017
2209,2146119244,Double Dragon Revive,5,0.0017
2210,1480657549,DR2: CASE ZERO,5,0.0017
2211,1909957148,Dragon City,5,0.0017
2212,532569395,Drawful 2,5,0.0017
2213,2026145066,Drink 'Em,5,0.0017
2214,1799540443,Dungeons & Dragons Neverwinter Nights 2: Enhanced Edition,5,0.0017
2215,531404425,DYNASTY WARRIORS 9,5,0.0017
2216,1146095609,Earth Defense Force: IA,5,0.0017
2217,1748036661,Electrician Simulator,5,0.0017
2218,1805594701,Ember Knights : Heroes of the Nexus Edition,5,0.0017
2219,2046176982,Empire of Sin,5,0.0017
2220,1866455351,Fallout 3: Game of the Year Edition,5,0.0017
2221,1851718938,FANTASY LIFE i: The Girl Who Steals Time,5,0.0017
2222,1629487179,FATAL FRAME: Maiden of Black Water,5,0.0017
2223,1661863954,FATE: Reawakened,5,0.0017
2224,2071782725,FINAL FANTASY III,5,0.0017
2225,1850924057,Fishing: North Atlantic,5,0.0017
2226,67961945,FlatOut 4 : Total Insanity,5,0.0017
2227,564985242,Forza Horizon 3 Demo,5,0.0017
2228,321736949,Forza Motorsport 6 Demo,5,0.0017
2229,1926605815,Funko Fusion,5,0.0017
2230,1751973977,Gears of War: Ultimate Edition for Windows 10,5,0.0017
2231,756192965,Get Even,5,0.0017
2232,2054890337,Get To Work,5,0.0017
2233,1683674669,Ghostbusters: Spirits Unleashed Ecto Edition,5,0.0017
2234,1700344676,Ghostbusters: The Video Game Remastered,5,0.0017
2235,1705150859,Greedland,5,0.0017
2236,341719186,"Guns, Gore and Cannoli 2",5,0.0017
2237,1890778408,Hidden Cats in Tokyo,5,0.0017
2238,2113165348,Hoa,5,0.0017
2239,1480657722,I Am Alive™,5,0.0017
2240,642353763,Injustice™ 2 - Standard Edition,5,0.0017
2241,21051553,It's Quiz Time,5,0.0017
2242,1922993793,Jalopy,5,0.0017
2243,2004666712,Journey To The Savage Planet: Employee Of The Month,5,0.0017
2244,1640763780,KIBORG,5,0.0017
2245,1840996916,Kinect Sports Rivals,5,0.0017
2246,2145258670,Kiosk,5,0.0017
2247,1003487612,Korgan,5,0.0017
2248,1735842687,Kristala Demo,5,0.0017
2249,2041063925,Lake,5,0.0017
2250,1647023800,Legend Bowl,5,0.0017
2251,389571069,LEGO® Dimensions™,5,0.0017
2252,1073523542,LEGO® STAR WARS™: The Force Awakens Demo,5,0.0017
2253,1694487955,Life is Strange: True Colors,5,0.0017
2254,1915632823,Love is all around 2,5,0.0017
2255,1480657266,Metal Slug XX,5,0.0017
2256,1263405116,MGS PW HD,5,0.0017
2257,1480657433,Might & Magic Clash of Heroes™,5,0.0017
2258,576433659,Moto Racer 4,5,0.0017
2259,1698746853,MotoGP™23,5,0.0017
2260,1839786246,Murdered: Soul Suspect,5,0.0017
2261,1781008619,MY LITTLE PONY: A Maretime Bay Adventure,5,0.0017
2262,446256697,My Time At Portia,5,0.0017
2263,83029588,NBA LIVE 18: The One Edition,5,0.0017
2264,2085418848,Nexomon,5,0.0017
2265,1907337607,NHL® 15 Full Game,5,0.0017
2266,1480659560,NiGHTS into dreams...,5,0.0017
2267,1263929316,NINJA GAIDEN 3: RE,5,0.0017
2268,1868841248,Nobody Saves the World,5,0.0017
2269,2041914938,Nuclear Throne,5,0.0017
2270,1785122378,Omega Strikers,5,0.0017
2271,1480657015,Pac-Man C.E.,5,0.0017
2272,1893912101,Party Panic,5,0.0017
2273,1664709987,Persona 3 Reload - Demo,5,0.0017
2274,1914519751,Pillars of Eternity: Hero Edition,5,0.0017
2275,1894255361,Placid Plastic Duck Simulator,5,0.0017
2276,1731606141,Prison of Illusion (Xbox Series),5,0.0017
2277,572054432,Project CARS 3,5,0.0017
2278,670498748,Pumped BMX +,5,0.0017
2279,1789157539,Puyo Puyo™ Tetris® 2,5,0.0017
2280,1818899854,Resident Evil 3: Raccoon City Demo,5,0.0017
2281,522156478,Riddled Corpses EX,5,0.0017
2282,695693557,Riptide GP: Renegade,5,0.0017
2283,1738390204,Rivals of Aether,5,0.0017
2284,1745852530,RollerCoaster Tycoon 3 Complete Edition,5,0.0017
2285,1652661000,Rugby Challenge 4,5,0.0017
2286,2138535394,Rugby League Live 3,5,0.0017
2287,1693521674,Rumbleverse,5,0.0017
2288,1708768275,Saints Row Boss Factory,5,0.0017
2289,2054178211,SAMURAI SHODOWN (Standard Ver.),5,0.0017
2290,1779343248,Sclash,5,0.0017
2291,365310947,Scribblenauts Mega Pack,5,0.0017
2292,2077320849,Shadow Man Remastered,5,0.0017
2293,1935829261,Shadowrun: Hong Kong - Extended Edition,5,0.0017
2294,865750499,Shantae: Half-Genie Hero,5,0.0017
2295,1022228933,Shenmue II,5,0.0017
2296,36217198,Sherlock Holmes: Crimes and Punishments,5,0.0017
2297,1414793256,Sid Meier's Pirates!,5,0.0017
2298,2063272043,Sky Roll!,5,0.0017
2299,1657758963,Slay the Princess - The Pristine Cut,5,0.0017
2300,842462247,Slayaway Camp: Butcher's Cut,5,0.0017
2301,2021025006,Slender: The Arrival,5,0.0017
2302,1785888386,Snake.io,5,0.0017
2303,1002731481,Snooker Nation Championship,5,0.0017
2304,1480659442,SONIC 4 Episode II,5,0.0017
2305,1480657415,SONIC THE HEDGEHOG™ 4 Episode I,5,0.0017
2306,2116209805,Soul Hackers 2,5,0.0017
2307,1859601917,Spellbreak,5,0.0017
2308,1943663664,SpellForce III Reforced,5,0.0017
2309,2073359006,Spirittea,5,0.0017
2310,1940217918,SquadBlast (Game Preview),5,0.0017
2311,1866825187,Super Monkey Ball: Banana Blitz HD,5,0.0017
2312,1770175521,Surviving the Aftermath,5,0.0017
2313,1940337295,Taiko no Tatsujin: Rhythm Festival,5,0.0017
2314,1624264477,Taiko no Tatsujin: The Drum Master!,5,0.0017
2315,1984077720,Tales of the Shire: A The Lord of The Rings™ Game,5,0.0017
2316,1431504864,TC's EndWar,5,0.0017
2317,1480657504,Tecmo Bowl Throwback®,5,0.0017
2318,1915523932,Tempopo,5,0.0017
2319,2094819475,Thank Goodness You're Here!,5,0.0017
2320,1891258006,The Bard's Tale ARPG : Remastered and Resnarkled,5,0.0017
2321,2016552136,The Catch: Carp & Coarse Fishing,5,0.0017
2322,2115998347,The Drone Racing League Simulator,5,0.0017
2323,1685158190,The Expanse: A Telltale Series,5,0.0017
2324,1648318214,The Lord of the Rings: Gollum™,5,0.0017
2325,1414596562,The Outfit,5,0.0017
2326,1673810447,Tony Stewart's All-American Racing,5,0.0017
2327,21471625,Torchlight II,5,0.0017
2328,1832512217,Townscaper,5,0.0017
2329,1480657580,Toy Soldiers: Cold War,5,0.0017
2330,1686524250,Train Sim World® 4,5,0.0017
2331,52523189,Trials of the Blood Dragon,5,0.0017
2332,547734537,Truck Racing Championship,5,0.0017
2333,1722341470,Universe Sandbox,5,0.0017
2334,2060146885,Unspottable,5,0.0017
2335,1884076770,Visage,5,0.0017
2336,1672389327,Warcraft® II: Remastered,5,0.0017
2337,1704142080,Warhammer: Chaosbane Slayer Edition Xbox Series X|S,5,0.0017
2338,1629004246,We Love Katamari REROLL+ Royal Reverie,5,0.0017
2339,861949148,What Remains of Edith Finch,5,0.0017
2340,1763125243,Wild Card Football,5,0.0017
2341,518528069,Yooka-Laylee,5,0.0017
2342,2081112709,Zaccaria Pinball,5,0.0017
2343,1520322998,Zombie Army Trilogy,5,0.0017
2344,473358447,Zoo Tycoon: Ultimate Animal Collection Demo,5,0.0017
2345,1480656961,3D Ultra™ Minigolf,4,0.0014
2346,767105780,8 To Glory - The Official Game of the PBR,4,0.0014
2347,1806866056,A Building Full of Cats,4,0.0014
2348,1937335069,A Gummy's Life,4,0.0014
2349,949699803,ABZU,4,0.0014
2350,70786264,ACA NEOGEO METAL SLUG 5,4,0.0014
2351,1630807758,Age of Water,4,0.0014
2352,2080141972,Aground,4,0.0014
2353,2077540326,Alina of the Arena,4,0.0014
2354,1719440805,Alone in the Dark,4,0.0014
2355,77840650,Among the Sleep - Enhanced Edition,4,0.0014
2356,1659178052,Angry Video Game Nerd 8-bit Demo,4,0.0014
2357,1908300140,ARC Raiders - Server Slam,4,0.0014
2358,1741728886,Arcade Paradise,4,0.0014
2359,1708780346,Are You Smarter Than A 5th Grader?,4,0.0014
2360,2029448252,ASMR Slicing,4,0.0014
2361,1902834375,Autobahn Police Simulator 3,4,0.0014
2362,1843898695,Bangers Unlimited,4,0.0014
2363,1995697239,Banner of the Maid,4,0.0014
2364,1854415183,Barn Finders,4,0.0014
2365,1817173057,Beautiful Sakura: Surfing Club 2,4,0.0014
2366,1836853409,Beautiful Sakura: Surfing Club 2 (Xbox One),4,0.0014
2367,621760503,Big Crown: Showdown,4,0.0014
2368,1414793313,BioShock 2,4,0.0014
2369,1635661974,Bladed Fury,4,0.0014
2370,1972410679,Blaze and the Monster Machines: Axle City Racers,4,0.0014
2371,941698858,Bleed 2,4,0.0014
2372,173291706,Blood Bowl 2,4,0.0014
2373,1800572506,Bloodshed,4,0.0014
2374,1112934366,Bolt,4,0.0014
2375,231858691,Bomber Crew,4,0.0014
2376,2102100337,Cake Bash Demo,4,0.0014
2377,2101621133,Call of Duty®: Black Ops II (2012),4,0.0014
2378,1480659545,CAPCOM ARCADE CABINET,4,0.0014
2379,1414596609,Cars MN,4,0.0014
2380,2011257071,Cash Cleaner Simulator: Piggy Bank Demo,4,0.0014
2381,1480659655,Castle of Illusion,4,0.0014
2382,2054164358,Catnigma,4,0.0014
2383,497019090,Chasm,4,0.0014
2384,1967038995,Chopper Strike!,4,0.0014
2385,1703939860,Clash: Artifacts of Chaos,4,0.0014
2386,1397032914,Condemned,4,0.0014
2387,2011564314,Contra: Operation Galuga,4,0.0014
2388,1699595315,Copycat Demo,4,0.0014
2389,1985791411,Cricket 22,4,0.0014
2390,1916543336,Croc's World (Xbox-Edition),4,0.0014
2391,1953289286,CROSSBOW: Bloodnight,4,0.0014
2392,1921002833,Crossy Road Castle,4,0.0014
2393,1914646696,Curse of the Dead Gods,4,0.0014
2394,1939160486,Dakar Desert Rally,4,0.0014
2395,1480657664,DEAD RISING 2: CASE WEST,4,0.0014
2396,1679835971,Deliver Us The Moon,4,0.0014
2397,1756491555,Dishonored 2,4,0.0014
2398,1864875251,Disney Magic Kingdoms,4,0.0014
2399,2096544989,Divine Knockout (DKO),4,0.0014
2400,1646140981,Double Kick Heroes,4,0.0014
2401,1721217822,Drake Hollow,4,0.0014
2402,1995684972,Dune: Spice Wars,4,0.0014
2403,147604411,Dungeons 3,4,0.0014
2404,1739392581,Dungeons of Sundaria,4,0.0014
2405,1977810583,DUSK,4,0.0014
2406,468454494,EA SPORTS™ FIFA 17 Downloadable Demo,4,0.0014
2407,536104326,EA SPORTS™ UFC® Demo,4,0.0014
2408,1146095571,EDF 2017,4,0.0014
2409,1704101432,Empyreal,4,0.0014
2410,1958827848,Eternal Card Game,4,0.0014
2411,1756983532,Evil Genius 2: World Domination,4,0.0014
2412,911650903,Evoland Legendary Edition,4,0.0014
2413,2094317541,Extreme Cycling Demo,4,0.0014
2414,1198695408,F1™ 2015,4,0.0014
2415,1760050791,Fae Farm,4,0.0014
2416,184042097,Fe,4,0.0014
2417,136671143,FINAL FANTASY XV MULTIPLAYER: COMRADES,4,0.0014
2418,1480657265,GAROU MOW,4,0.0014
2419,1705113845,Garten of Banban 6,4,0.0014
2420,2021421406,Green Soldiers Heroes,4,0.0014
2421,2080856071,Green Soldiers Heroes: Extreme Bikers,4,0.0014
2422,620831719,GROW UP,4,0.0014
2423,121960285,Guts & Glory,4,0.0014
2424,2012036466,Hammerwatch II,4,0.0014
2425,1695499346,Headbangers: Rhythm Royale,4,0.0014
2426,2062957237,Hell Let Loose: Vietnam,4,0.0014
2427,1831964089,Hexa Chippy (Xbox Series),4,0.0014
2428,1698597039,Hokko Life,4,0.0014
2429,1880956881,Hot Wheels Monster Trucks: Stunt Mayhem™,4,0.0014
2430,2058317945,Hotel Renovator,4,0.0014
2431,939695563,Hotshot Racing,4,0.0014
2432,90991576,How To Survive 2,4,0.0014
2433,390164739,Hunting Simulator,4,0.0014
2434,2010890559,Hunting Simulator 2 Xbox Series X|S,4,0.0014
2435,1762910874,I AM THE HERO,4,0.0014
2436,2129874876,Indivisible,4,0.0014
2437,2037481046,Inertial Drift,4,0.0014
2438,1944442924,Jet Battle : Remastered Demo,4,0.0014
2439,1832432939,Johnny Trigger,4,0.0014
2440,1749806231,Keep Talking and Nobody Explodes,4,0.0014
2441,649279273,King's Quest™,4,0.0014
2442,1774165009,King of Meat,4,0.0014
2443,1055556936,Kingdom New Lands,4,0.0014
2444,2035287816,Let Them Come: Onslaught,4,0.0014
2445,2002613703,Lethal League Blaze,4,0.0014
2446,142841733,Madden NFL 25,4,0.0014
2447,1886514325,Marble It Up! Ultra,4,0.0014
2448,2016530186,Marsupilami: Hoobadventure,4,0.0014
2449,645046198,Marvel vs. Capcom: Infinite Demo,4,0.0014
2450,1718878320,Military Logistics Simulator,4,0.0014
2451,2079275443,MONOPOLY® MADNESS DEMO,4,0.0014
2452,1923105414,Morsels,4,0.0014
2453,1944950992,MotoGP™22 - Windows Edition,4,0.0014
2454,1885048343,Mr. Bomber,4,0.0014
2455,1480656951,MS.PAC-MAN,4,0.0014
2456,1937457147,Mutant Year Zero: Road to Eden,4,0.0014
2457,498956148,NASCAR Heat 2,4,0.0014
2458,878282273,NBA 2K17: The Prelude,4,0.0014
2459,113198981,NBA 2K18: The Prelude,4,0.0014
2460,2123370628,NBA 2K20 Demo,4,0.0014
2461,2006666244,NBA 2K21 Next Generation,4,0.0014
2462,37469967,NBA Playgrounds,4,0.0014
2463,1690896049,New Tales from the Borderlands,4,0.0014
2464,1706007518,Nexomon: Extinction,4,0.0014
2465,156829627,No Time To Explain,4,0.0014
2466,1778851260,Oddworld: Stranger's Wrath HD,4,0.0014
2467,303740234,Oh...Sir! The Insult Simulator,4,0.0014
2468,1146095594,Onechanbara,4,0.0014
2469,1661545526,Orcs Must Die! 3,4,0.0014
2470,264259050,Ori and the Blind Forest,4,0.0014
2471,1129121749,Overlord,4,0.0014
2472,1480656913,PAC-MAN,4,0.0014
2473,1828865417,PAC-PAC,4,0.0014
2474,1912801032,PAW Patrol The Movie: Adventure City Calls,4,0.0014
2475,1480660022,Peggle ® 2,4,0.0014
2476,1867683926,Persona 5 Tactica,4,0.0014
2477,1877310417,Pixapple Adventure (Xbox Series),4,0.0014
2478,2046628793,PixARK,4,0.0014
2479,884526952,Planetbase,4,0.0014
2480,1695271858,PowerWash Simulator Demo,4,0.0014
2481,104182544,Pro Evolution Soccer 2016,4,0.0014
2482,1112934361,Pure,4,0.0014
2483,1784625849,Queen's Quest 5: Symphony of Death (Xbox Version),4,0.0014
2484,2117633627,Quiplash 2 InterLASHional: The Say Anything Party Game!,4,0.0014
2485,562694050,R.B.I. Baseball 16,4,0.0014
2486,2099711760,R.B.I. Baseball 20,4,0.0014
2487,2119938423,Raid: Shadow Legends,4,0.0014
2488,24524637,Railway Empire,4,0.0014
2489,1901782415,Railway Empire 2 (Win),4,0.0014
2490,753024882,Red Faction Guerrilla Re-Mars-tered,4,0.0014
2491,1414596703,Red Faction: Armageddon,4,0.0014
2492,2065674944,Resident Evil Re:Verse,4,0.0014
2493,1853277604,RetroRealms Arcade,4,0.0014
2494,1930767830,RiffTrax: The Game,4,0.0014
2495,434412541,Rise of the Tomb Raider,4,0.0014
2496,227770627,Riverbond,4,0.0014
2497,1785385145,Rock of Ages 3: Make & Break,4,0.0014
2498,1480657410,Rocket Knight®,4,0.0014
2499,1861374778,Rugby Challenge 3,4,0.0014
2500,2045526445,S.T.A.L.K.E.R.: Clear Sky - Enhanced Edition,4,0.0014
2501,1263339473,Sacred 2 Fallen Angel,4,0.0014
2502,1414596662,Saints Row 2 BRD,4,0.0014
2503,1936146608,Scorn,4,0.0014
2504,544561028,Shadow Warrior 2,4,0.0014
2505,1953391836,Shadowrun Returns,4,0.0014
2506,1939956128,Shadowrun: Dragonfall - Director's Cut PC,4,0.0014
2507,1619485722,Shadows of Doubt,4,0.0014
2508,1908885199,Shadows of the Damned: Hella Remastered,4,0.0014
2509,161766595,Shantae and the Pirate's Curse,4,0.0014
2510,2129620077,Sherlock Holmes The Awakened,4,0.0014
2511,2129748278,SHINOBI: Art of Vengeance Demo,4,0.0014
2512,247124088,Shovel Knight: Treasure Trove,4,0.0014
2513,2100742349,Sir Whoopass: Immortal Death,4,0.0014
2514,687576060,Skylanders SuperChargers Portal Owner's Pack,4,0.0014
2515,1613869684,Skylanders SWAP Force,4,0.0014
2516,1480656853,Small Arms,4,0.0014
2517,1671676860,Snakeybus,4,0.0014
2518,2047898532,Snowboard Legends Demo,4,0.0014
2519,1480659985,SOULCALIBUR II HD,4,0.0014
2520,1763680989,Space Science Investigations,4,0.0014
2521,2120222634,Spirit of the North 2,4,0.0014
2522,2017067425,Spot Challenge Vol. 1,4,0.0014
2523,1636452571,SRX: The Game,4,0.0014
2524,2002404032,Stranded: Alien Dawn,4,0.0014
2525,1895471502,Stubbs the Zombie in Rebel Without a Pulse,4,0.0014
2526,2112291702,STUFFED Demo,4,0.0014
2527,1414596596,Stuntman: Ignition,4,0.0014
2528,2057573435,Suikoden I&II HD Remaster Gate Rune and Dunan Unification Wars,4,0.0014
2529,1995931888,Sunderfolk,4,0.0014
2530,1849290790,Super Scooter,4,0.0014
2531,1963013137,Super Snake Block DX,4,0.0014
2532,2003002635,Survival: Foutain of Youth - Captain's Edition,4,0.0014
2533,1689702773,Survive on Raft,4,0.0014
2534,2070375454,SYNDUALITY Echo of Ada,4,0.0014
2535,2002977221,Tails of Iron,4,0.0014
2536,2132478540,Tails of Iron 2: Whiskers of Winter,4,0.0014
2537,1431504853,TC's GRAW,4,0.0014
2538,1733855657,Tech Glitch,4,0.0014
2539,129773809,The Disney Afternoon Collection,4,0.0014
2540,2073554022,The Jackbox Party Starter,4,0.0014
2541,1892179113,The Last Faith,4,0.0014
2542,1865341179,The MUSYNX,4,0.0014
2543,1622257651,The Phantom,4,0.0014
2544,996619018,The Sinking City,4,0.0014
2545,1889167057,The Walking Dead: Destinies,4,0.0014
2546,2031756340,They Are Billions,4,0.0014
2547,2089424131,This War of Mine: Final Cut,4,0.0014
2548,544772182,Thronebreaker: The Witcher Tales,4,0.0014
2549,1963849763,Thymesia,4,0.0014
2550,1887639245,Tracks - The Train Set Game,4,0.0014
2551,1905434171,TRAIL OUT,4,0.0014
2552,1529724759,Transformers: The Dark Spark,4,0.0014
2553,1735843094,Trover Saves the Universe,4,0.0014
2554,644829211,Turok 2: Seeds of Evil,4,0.0014
2555,1944807356,Twelve Minutes,4,0.0014
2556,1882728475,TY the Tasmanian Tiger™ 2: Bush Rescue™ HD,4,0.0014
2557,1683451145,Ultra Foodmess Deluxe,4,0.0014
2558,2117776820,UnderMine,4,0.0014
2559,1654418819,Vampire Hunters,4,0.0014
2560,1951151775,Vicious Attack Llama Apocalypse,4,0.0014
2561,1066906675,Vikings - Wolves of Midgard,4,0.0014
2562,2119315223,Void Crew,4,0.0014
2563,1679106504,WARRIORS: Abyss,4,0.0014
2564,1807860559,Werewolf: The Apocalypse - Earthblood Xbox Series X|S,4,0.0014
2565,2144997626,West of Dead,4,0.0014
2566,1739513454,What's Different?,4,0.0014
2567,1677025209,Wolfenstein: The New Order (PC),4,0.0014
2568,1894333860,WRC 8 FIA World Rally Championship Xbox One,4,0.0014
2569,1922758426,WRC 9 FIA World Rally Championship,4,0.0014
2570,181948997,WWE 2K15,4,0.0014
2571,1871819472,Yonder: The Cloud Catcher Chronicles,4,0.0014
2572,2140131389,[REDACTED],3,0.001
2573,1736391553,30 Sport Games in 1,3,0.001
2574,1993684846,3D Chess Game,3,0.001
2575,1414596667,50 Cent: BotS,3,0.001
2576,2122751230,A Short Hike,3,0.001
2577,1528308274,Aaero,3,0.001
2578,2047037846,Abathor,3,0.001
2579,419725624,ACA NEOGEO THE KING OF FIGHTERS '97,3,0.001
2580,1849400719,Adios,3,0.001
2581,1899658354,Aero Cosmos,3,0.001
2582,711714069,Agatha Christie - The ABC Murders (Xbox One),3,0.001
2583,701037441,Age of Wonders: Planetfall,3,0.001
2584,1480660006,AirMech Arena,3,0.001
2585,2057042819,Akimbot,3,0.001
2586,173777692,Alto's Adventure,3,0.001
2587,1712068512,Amanda the Adventurer,3,0.001
2588,1871850764,Amanda the Adventurer 2,3,0.001
2589,189808036,American Fugitive,3,0.001
2590,880413309,Amnesia: Collection,3,0.001
2591,1975041917,Amnesia: The Bunker,3,0.001
2592,2041767726,Angry Birds 2,3,0.001
2593,2032975288,ANIMAL WELL,3,0.001
2594,1878021400,Aquapark io,3,0.001
2595,1611092700,Ara History Untold: Anniversary Edition,3,0.001
2596,2099466588,Archvale,3,0.001
2597,1897858878,Asdivine Hearts,3,0.001
2598,1664245882,Atari 50: The Anniversary Celebration,3,0.001
2599,686748290,Atari Flashback Classics Vol. 1,3,0.001
2600,1861014614,Autonauts,3,0.001
2601,1748175744,Azure Striker GUNVOLT 3,3,0.001
2602,122277778,Bastion,3,0.001
2603,1774256665,Beat of Montezuma,3,0.001
2604,2049111049,Bendy and the Ink Machine (Xbox Series X|S),3,0.001
2605,1913455981,Beyond a Steel Sky,3,0.001
2606,531923308,Bike Mayhem 2,3,0.001
2607,1812873797,Blades of Fire,3,0.001
2608,1535814857,BLADESTORM: Nightmare,3,0.001
2609,1862346957,BloodRayne: ReVamped,3,0.001
2610,1480657330,Bomberman Battlefest,3,0.001
2611,1668063217,Bonk 'N Bash (Xbox One),3,0.001
2612,311085527,Brawlout,3,0.001
2613,1810243569,Brothers: A Tale of Two Sons Remake,3,0.001
2614,2043895065,Builder Simulator,3,0.001
2615,1648491052,Bulwark Evolution: Falconeer Chronicles,3,0.001
2616,2051749659,Butterfly 2,3,0.001
2617,1431505012,Call of Juarez Cartel,3,0.001
2618,2018993706,Candy Crush Soda Saga,3,0.001
2619,293403523,Cartoon Network: Battle Crashers,3,0.001
2620,287508507,Casey Powell Lacrosse 18,3,0.001
2621,2027163640,Castle Walker,3,0.001
2622,1096026071,Catherine,3,0.001
2623,1944645448,Chess Battle,3,0.001
2624,2137663855,Chip ‘n Clawz vs. The Brainioids,3,0.001
2625,1480656871,Cloning Clyde,3,0.001
2626,1963790042,Club Vegas Slots - Casino Games,3,0.001
2627,2035194488,Clunky Hero,3,0.001
2628,1480657343,Commander's Challenge,3,0.001
2629,1954997644,Construction Simulator 3 - Console Edition,3,0.001
2630,1480656920,Contra,3,0.001
2631,1767974553,Cozy Grove,3,0.001
2632,1611852495,Crazy Chicken Kart 2,3,0.001
2633,1620274602,Cricket 19,3,0.001
2634,989689010,Crypt of the Serpent King,3,0.001
2635,1705627827,CYGNI: All Guns Blazing,3,0.001
2636,2126586531,Daemon X Machina: Titanic Scion Demo,3,0.001
2637,1414596709,de Blob 2 (2014),3,0.001
2638,1646597747,Dead Reset Demo,3,0.001
2639,125143641,Deadlight: Director's Cut,3,0.001
2640,1847180415,Death and Taxes,3,0.001
2641,419349778,Defiance 2050,3,0.001
2642,1760093250,DETECTIVE - The Test,3,0.001
2643,2116371080,Dicey Dungeons,3,0.001
2644,1480656950,DIG DUG,3,0.001
2645,1772577777,Dirt Bike Retro,3,0.001
2646,1737926681,Discounty,3,0.001
2647,1805483741,Dishonored®: Death of the Outsider™ (PC),3,0.001
2648,1751561017,Dollmare,3,0.001
2649,1480656932,DOOM,3,0.001
2650,1480657334,DOOM II (Classic),3,0.001
2651,534038970,Dovetail Games Euro Fishing,3,0.001
2652,1743457512,DRAGON QUEST BUILDERS 2,3,0.001
2653,1757950833,DreamWorks All-Star Kart Racing,3,0.001
2654,2109921570,DYNASTY WARRIORS: ORIGINS Demo,3,0.001
2655,2067761315,EA SPORTS™ NBA LIVE 16,3,0.001
2656,1730596263,Echo Generation: Midnight Edition,3,0.001
2657,1941057630,Empire of the Ants,3,0.001
2658,2016442908,Empire of the Ants - Demo,3,0.001
2659,1945318676,Enchanted Portals,3,0.001
2660,1706225842,ENDLESS Dungeon™,3,0.001
2661,1930656280,Enotria: The Last Song,3,0.001
2662,2107704310,Extreme Bike Racing (Demo),3,0.001
2663,1888694361,Extreme Formula Championship (Demo),3,0.001
2664,1887182103,F1® Manager 2022,3,0.001
2665,1129121874,F1™ 2014,3,0.001
2666,1761848641,FAITH: The Unholy Trinity,3,0.001
2667,82367207,Farmer's Dynasty,3,0.001
2668,918516972,Farming Simulator 15,3,0.001
2669,1828557775,FarmVille 2: Country Escape,3,0.001
2670,1709057471,FATAL FRAME: Mask of the Lunar Eclipse,3,0.001
2671,1894147058,Figment 2: Creed Valley,3,0.001
2672,119096754,Firefighters – The Simulation,3,0.001
2673,774459605,Flashback,3,0.001
2674,1899291024,Fran Bow,3,0.001
2675,2019110997,Freedom Planet 2,3,0.001
2676,1926405394,Friday the 13th: Killer Puzzle,3,0.001
2677,1661034431,Gal Guardians: Demon Purge,3,0.001
2678,1717888621,Galaxy Control: Arena,3,0.001
2679,2005313515,Garten of Banban 7,3,0.001
2680,2004896584,Ghost Trick: Phantom Detective,3,0.001
2681,1229391860,Ghostbusters,3,0.001
2682,1657835461,Gods Will Fall,3,0.001
2683,529515303,Gone Home,3,0.001
2684,1480657707,GUARDIAN HEROES (TM),3,0.001
2685,1297292157,Halo: Spartan Assault,3,0.001
2686,2023604348,Hatsune Miku Logic Paint S+,3,0.001
2687,1863037862,Hexa Chippy (Xbox One),3,0.001
2688,1822597971,Hidden Cats in London,3,0.001
2689,1796297550,Hidden Cats in New York,3,0.001
2690,1698046377,Highway Police Simulator,3,0.001
2691,1397819420,Hitman HD Pack,3,0.001
2692,1829965405,Home Safety Hotline,3,0.001
2693,1958841023,Horror Adventure Demo,3,0.001
2694,1026512979,How to Survive: Storm Warning Edition,3,0.001
2695,1702750733,Huntdown,3,0.001
2696,1843279556,I'm on Observation Duty 7,3,0.001
2697,2129720796,"I Have No Mouth, and I Must Scream",3,0.001
2698,1397819355,Infinite Undiscovery,3,0.001
2699,1480657692,Insanely Twisted Shadow Planet,3,0.001
2700,1982219874,Insects: An Xbox One X Enhanced Experience,3,0.001
2701,1669458182,Invincible VS Closed Alpha,3,0.001
2702,1480659527,Jet Set Radio,3,0.001
2703,1992271028,Jotunnslayer: Hordes of Hel Demo,3,0.001
2704,944228222,Journey to the Savage Planet,3,0.001
2705,1925586579,Jump King,3,0.001
2706,1003093254,Just Dance 2017®,3,0.001
2707,1995913309,Katamari Damacy REROLL,3,0.001
2708,1841198850,Keeper's Toll,3,0.001
2709,2083101616,Keypybara (Xbox Series),3,0.001
2710,1816678719,KeyWe,3,0.001
2711,1098760098,Kinect Sports Rivals Demo,3,0.001
2712,1674297685,Kingdom Rush Frontiers,3,0.001
2713,1900505119,Kung Fu Panda Showdown of Legendary Legends,3,0.001
2714,1902038615,Lara Croft and the Guardian of Light (PC),3,0.001
2715,1920167136,Layers of Fear (2023),3,0.001
2716,2005013689,LEGO® Bricktales,3,0.001
2717,191432544,LEGO® The Hobbit™ Demo,3,0.001
2718,2096401139,Like a Dragon: Ishin! Combat Demo,3,0.001
2719,1929376326,Lil Gator Game,3,0.001
2720,2036022873,Little Misfortune,3,0.001
2721,1699337652,Little Nightmares II DEMO,3,0.001
2722,1987951399,Lonely Mountains: Downhill,3,0.001
2723,1899103981,Lost Ember: Rekindled Edition,3,0.001
2724,1128466480,Lost Planet 3,3,0.001
2725,1128466398,LOST PLANET COLONIES,3,0.001
2726,1919266957,Love is all around (Demo),3,0.001
2727,1788077915,Love is all around (Xbox),3,0.001
2728,1634336729,LUNAR Remastered Collection,3,0.001
2729,1700020315,MADiSON,3,0.001
2730,1636466973,Maniac,3,0.001
2731,798834281,Manual Samuel Last Tuesday Edition,3,0.001
2732,956590734,Mega Man Legacy Collection 2,3,0.001
2733,23963413,Mega Man Zero/ZX Legacy Collection,3,0.001
2734,2039573071,Merge & Blade,3,0.001
2735,1263405120,METAL GEAR SOLID HD: 2 & 3,3,0.001
2736,888477147,METAL GEAR SURVIVE,3,0.001
2737,1680671926,Monaco 2,3,0.001
2738,2078832385,Monster Energy Supercross 4 - Xbox Series X|S,3,0.001
2739,1807714585,Monster Truck Championship Xbox One,3,0.001
2740,1150103050,Mordheim: City of the Damned,3,0.001
2741,2091286911,Mudness Offroad - 4x4 Truck Car Simulator,3,0.001
2742,1756205157,MySims™,3,0.001
2743,1708079118,NASCAR 21: Ignition,3,0.001
2744,693693640,NASCAR Heat Evolution,3,0.001
2745,1985582126,National Saloons,3,0.001
2746,1777345011,Neon Inferno,3,0.001
2747,2137651733,New Super Lucky's Tale Demo,3,0.001
2748,2021405472,Nickelodeon Kart Racers 2: Grand Prix,3,0.001
2749,2070801878,NieR:Automata BECOME AS GODS Edition,3,0.001
2750,1129121809,OF: Dragon Rising,3,0.001
2751,933693396,ŌKAMI HD,3,0.001
2752,1793335544,ONE PIECE ODYSSEY Demo,3,0.001
2753,1693393910,Othercide,3,0.001
2754,1893882441,OUTRIDERS Demo,3,0.001
2755,1480657548,PAC-MAN CE DX+,3,0.001
2756,175738476,PAC-MAN™ CHAMPIONSHIP EDITION 2 DEMO,3,0.001
2757,1616365132,Papa's Quiz,3,0.001
2758,1297287193,Party Animals,3,0.001
2759,2002400399,Pathologic 3 Demo,3,0.001
2760,1926352092,PBA Pro Bowling,3,0.001
2761,1641334275,Phantom Breaker: Omnia,3,0.001
2762,1991248961,PHOGS!,3,0.001
2763,1854216614,Pixapple Adventure,3,0.001
2764,2024485825,PJ Masks: Heroes of the Night,3,0.001
2765,1903469961,PlateUp! Demo,3,0.001
2766,172342998,PLAYERUNKNOWN’S BATTLEGROUNDS – Public Test Server,3,0.001
2767,1637794416,Pneumata,3,0.001
2768,2043277826,Pocket Bravery,3,0.001
2769,1898639506,Polar Bear is Hungry (Xbox Series X/S),3,0.001
2770,1697635406,Post Trauma,3,0.001
2771,1919133963,Praetorians - HD Remaster,3,0.001
2772,1414793184,Prey,3,0.001
2773,1431505112,Prince of Persia The Sands of Time,3,0.001
2774,1980024317,Prison of Illusion (Windows),3,0.001
2775,1829584517,Prison of Illusion (Xbox One),3,0.001
2776,307808103,Pro Fishing Simulator,3,0.001
2777,1642329913,Professor Rubik's Brain Fitness,3,0.001
2778,2133619629,Punch Club 2: Fast Forward,3,0.001
2779,1679725857,PuzzleCar,3,0.001
2780,1480657096,Quake Arena Arcade,3,0.001
2781,1431504886,R.U.S.E.,3,0.001
2782,1912444422,RAIDOU Remastered: The Mystery of the Soulless Army,3,0.001
2783,957250252,Rapala Fishing: Pro Series,3,0.001
2784,1897447749,ReactorX,3,0.001
2785,1781025707,RESIDENT EVIL 2 R.P.D. Demo,3,0.001
2786,1313671123,Ridge Racer 6,3,0.001
2787,1629043783,River City Girls,3,0.001
2788,322450727,Rogue Legacy,3,0.001
2789,1685686710,Rogue Legacy 2,3,0.001
2790,1803575237,Rogue Loops,3,0.001
2791,189853082,Rogue Trooper Redux,3,0.001
2792,920951865,Rugby 18,3,0.001
2793,1690094100,Run Sausage Run!,3,0.001
2794,764522213,Runbow,3,0.001
2795,1263339495,Sacred 3,3,0.001
2796,1480659510,Sacred Citadel,3,0.001
2797,1743311963,Sam & Max Save the World,3,0.001
2798,1969793666,Sam & Max: Beyond Time and Space,3,0.001
2799,1753316980,Sanicball Xbox version,3,0.001
2800,1480657539,SEGA Bass Fishing,3,0.001
2801,1480657775,Sega Vintage Collection: Golden Axe,3,0.001
2802,1977411043,Sentry Paragon,3,0.001
2803,1480659468,Shank™2,3,0.001
2804,1654530968,Shieldwall,3,0.001
2805,1632941844,SHMUP Mania,3,0.001
2806,1811056861,Shred! 2 - ft Sam Pilgrim,3,0.001
2807,1880975663,Simple Solitaire,3,0.001
2808,288915516,Skyforge,3,0.001
2809,1480660016,Slender: The Arrival,3,0.001
2810,2047957671,Slimeboo,3,0.001
2811,595091631,Snake Pass,3,0.001
2812,2100981618,Snaky Snakes,3,0.001
2813,16468936,So Many Me,3,0.001
2814,1650484516,Sokobalien,3,0.001
2815,1480657348,Sonic & Knuckles,3,0.001
2816,1480657156,SOULCALIBUR,3,0.001
2817,450682088,Sparkle 2,3,0.001
2818,1645584645,Spot Challenge Vol. 4,3,0.001
2819,2063855906,STAR OCEAN THE DIVINE FORCE,3,0.001
2820,2071323777,Star Trek: Resurgence,3,0.001
2821,1835454890,Stay Out of the House,3,0.001
2822,2039717133,Stock Cars Unleashed 2023,3,0.001
2823,2023806716,Styx: Master of Shadows,3,0.001
2824,1955269140,Suika And Dragons (Xbox One),3,0.001
2825,1760369741,SULFUR Demo,3,0.001
2826,2037941256,SUPER BOMBERMAN R 2,3,0.001
2827,1958529503,Super Dark Deception,3,0.001
2828,1684612075,Super Forklift 3000 (Xbox Series),3,0.001
2829,2058090036,Tainted Grail: The Fall of Avalon DEMO,3,0.001
2830,990373231,Tales of Arise (Xbox One),3,0.001
2831,1969180565,Tales of Graces f Remastered,3,0.001
2832,1978334388,Tank Mechanic Simulator,3,0.001
2833,1999803984,The Amazing Spider-Man 2™,3,0.001
2834,1854327039,The Banner Saga,3,0.001
2835,1414793181,The Bureau,3,0.001
2836,939155231,The Council - Episode 1: The Mad Ones,3,0.001
2837,977514341,The Culling,3,0.001
2838,2079588618,The Last Campfire,3,0.001
2839,1930789000,The Last Oricru - Final Cut,3,0.001
2840,1781023780,The Medium,3,0.001
2841,1962688125,The Messenger,3,0.001
2842,2010719250,The Smurfs - Mission Vileaf,3,0.001
2843,1431505093,The Stick of Truth™,3,0.001
2844,1161955801,The Technomancer,3,0.001
2845,1649660694,The Texas Chain Saw Massacre - PC Edition,3,0.001
2846,2086031333,The Thaumaturge,3,0.001
2847,1858859325,The Thing: Remastered,3,0.001
2848,307442698,The Turing Test,3,0.001
2849,2128187549,The Walking Zombie 2,3,0.001
2850,1986869957,Them's Fightin' Herds,3,0.001
2851,2016470925,This Bed We Made,3,0.001
2852,600509688,Thumper,3,0.001
2853,1807962365,Tiny Tina's Assault on Dragon Keep: A Wonderlands One-shot Adventure,3,0.001
2854,1984458321,ToeJam and Earl: Back in the Groove!,3,0.001
2855,1695392136,Tormented Souls,3,0.001
2856,1863466810,Tormented Souls 2,3,0.001
2857,703997631,TowerFall Ascension,3,0.001
2858,1686179203,Township,3,0.001
2859,2088019910,Train Life: A Railway Simulator,3,0.001
2860,286890904,TRANSFORMERS: Fall of Cybertron,3,0.001
2861,1264125916,Tropico 4,3,0.001
2862,1878739850,Truck Simulator Cargo Driver 2025 - USA,3,0.001
2863,1726842035,Unichrome: A 1-bit Unicorn Adventure,3,0.001
2864,2102312061,Unrailed!,3,0.001
2865,1297549275,Unreal Tournament III,3,0.001
2866,1640379056,Vagrus - The Riven Realms,3,0.001
2867,944836149,Valkyria Chronicles 4,3,0.001
2868,1980974265,Vambrace: Cold Soul,3,0.001
2869,133113455,Voodoo Vince: Remastered,3,0.001
2870,563485628,War Planet Online: Global Conquest,3,0.001
2871,2078235268,"Warhammer 40,000: Shootas, Blood & Teef",3,0.001
2872,1933726959,Warhammer Age of Sigmar: Storm Ground,3,0.001
2873,474535578,WARRIORS OROCHI 4,3,0.001
2874,1932886665,Warzone 2100 for Windows,3,0.001
2875,1788936172,We Were Here Too,3,0.001
2876,2030769510,Werewolf: The Apocalypse - Earthblood Xbox One,3,0.001
2877,147618136,White Noise 2,3,0.001
2878,1851310927,Who Wants to Be a Millionaire?,3,0.001
2879,2125765747,Windbound,3,0.001
2880,2023196561,Witch It,3,0.001
2881,1480657355,Wolfenstein 3D,3,0.001
2882,1740791682,Word Stacker - Word Game 2019,3,0.001
2883,521446567,WORLD OF FINAL FANTASY MAXIMA,3,0.001
2884,547690837,World of Van Helsing: Deathtrap,3,0.001
2885,1683514281,World of Warships,3,0.001
2886,775457902,WRC 5 FIA World Rally Championship,3,0.001
2887,1788295676,Yakuza 4 Remastered,3,0.001
2888,1803165746,Yet Another Zombie Survivors Demo,3,0.001
2889,1903621817,Yooka-Replaylee,3,0.001
2890,1002820120,Youtubers Life - OMG Edition,3,0.001
2891,1639870043,Youtubers Life 2,3,0.001
2892,1859395867,Z0mb1es! Remastered,3,0.001
2893,1765567475,Ziggy,3,0.001
2894,1752291141,Zombie Derby,3,0.001
2895,386160977,Zombie Vikings,3,0.001
2896,1695141626,Zombies Ate My Neighbors and Ghoul Patrol,3,0.001
2897,1989279553,Zoochosis,3,0.001
2898,1875818022,1 Square,2,0.0007
2899,1646810031,3D Don't Die Mr. Robot,2,0.0007
2900,1714878640,60 Seconds!,2,0.0007
2901,544527071,911 Operator,2,0.0007
2902,88086791,A KING'S TALE: FINAL FANTASY XV,2,0.0007
2903,758556857,A Knight's Quest,2,0.0007
2904,1060271764,ACA NEOGEO AERO FIGHTERS 2,2,0.0007
2905,398132983,ACA NEOGEO METAL SLUG 2,2,0.0007
2906,983914761,ACA NEOGEO METAL SLUG 3,2,0.0007
2907,731026222,ACA NEOGEO METAL SLUG X,2,0.0007
2908,420401391,ACA NEOGEO THE KING OF FIGHTERS 2000,2,0.0007
2909,650424753,ACA NEOGEO THE LAST BLADE 2,2,0.0007
2910,1903197276,Ace Attorney Investigations Collection DEMO,2,0.0007
2911,585188640,Aces of the Luftwaffe - Squadron,2,0.0007
2912,1791497779,Agatha Christie - Death on the Nile,2,0.0007
2913,1635676165,Agatha Christie - Hercule Poirot: The First Cases,2,0.0007
2914,2084317224,Age of Empires Mobile: PC Edition,2,0.0007
2915,2099005661,AI: THE SOMNIUM FILES Nirvana Initiative,2,0.0007
2916,1859288114,AirportSim,2,0.0007
2917,2036577806,Akane,2,0.0007
2918,1480659507,Alan Wake's American Nightmare ®,2,0.0007
2919,1096157148,Alaskan Adventures,2,0.0007
2920,1974484353,Alchemy Garden,2,0.0007
2921,1910091538,Alfred Hitchcock - Vertigo,2,0.0007
2922,2000460393,Alien Hominid Invasion,2,0.0007
2923,1626416341,Alisa Developer's Cut,2,0.0007
2924,1668560043,Alisa Developer's Cut: Demo,2,0.0007
2925,1997651308,All You Need is Help,2,0.0007
2926,1649996690,Alone in the Dark Prologue,2,0.0007
2927,1628251712,Amazing Maze,2,0.0007
2928,2075295469,Amber Alert Director's cut,2,0.0007
2929,2021205208,Ancestors Legacy,2,0.0007
2930,2082514516,Angry Birds Star Wars,2,0.0007
2931,2038311787,Anima: Gate of Memories I&II Remaster,2,0.0007
2932,2066750369,APG: A Plane Game,2,0.0007
2933,1744307136,Aquarist,2,0.0007
2934,2083321391,Arachnophobic Kyle,2,0.0007
2935,1975212690,Arcade Archives 2 ROC'N ROPE,2,0.0007
2936,2081200138,Arcade Classics Anniversary Collection,2,0.0007
2937,1836455102,Arcade Hysteria,2,0.0007
2938,1714994601,Architect Life: A House Design Simulator,2,0.0007
2939,1877455960,art of rally,2,0.0007
2940,1480659964,Assassin's Creed III: Liberation HD,2,0.0007
2941,1762779465,Asterigos: Curse of the Stars,2,0.0007
2942,1910615612,Asterix & Obelix Slap Them All!,2,0.0007
2943,1946604107,Asteroids: Recharged,2,0.0007
2944,1631238072,Astro Miner,2,0.0007
2945,1949426934,AVICII Invector,2,0.0007
2946,2078107330,Bad Cheese,2,0.0007
2947,1859435059,BAD END THEATER,2,0.0007
2948,1833100190,Baldur's Gate: Dark Alliance II,2,0.0007
2949,1869321523,Ballotron Oceans,2,0.0007
2950,892299738,Bard's Gold,2,0.0007
2951,1887376501,Bartender Hustle,2,0.0007
2952,1737338210,Barton Lynch Pro Surfing,2,0.0007
2953,465259992,Battle Chasers: Nightwar,2,0.0007
2954,1863651407,Battleborn,2,0.0007
2955,1480657278,Battlefield 1943™,2,0.0007
2956,443831560,Battlestar Galactica Deadlock™,2,0.0007
2957,1396901849,Battlestations: Midway,2,0.0007
2958,1902480256,BATTLETECH,2,0.0007
2959,2073050659,Beacon Pines,2,0.0007
2960,1834315926,Beautiful Sakura: Fashion Club,2,0.0007
2961,2109383928,Beautiful Sakura: Surfing Club 2 (Windows),2,0.0007
2962,1819720760,Bee Simulator: The Hive,2,0.0007
2963,2140460499,Before We Leave,2,0.0007
2964,139697962,Beholder Complete Edition,2,0.0007
2965,1864828194,Bendy: Lone Wolf,2,0.0007
2966,1626037552,Betomis (PC),2,0.0007
2967,1848533188,Between Time: Escape Room,2,0.0007
2968,1831245668,Beyond the Ice Palace 2,2,0.0007
2969,1397033052,BINARY DOMAIN,2,0.0007
2970,1414793309,BioShock Infinite,2,0.0007
2971,1631604623,Biped 2,2,0.0007
2972,366165352,Blacksad - Under the Skin (Xbox One),2,0.0007
2973,2039195750,Blacksad - Under the Skin (Xbox Series),2,0.0007
2974,1947615757,Blacksmith of the Sand Kingdom,2,0.0007
2975,1827374020,Blades of Fire Demo,2,0.0007
2976,2028748673,Bleak Faith,2,0.0007
2977,2020362302,BlockJump,2,0.0007
2978,1480659651,Blood Knights,2,0.0007
2979,591630310,Bloodstained: Curse of the Moon,2,0.0007
2980,1892026097,Bloodwash,2,0.0007
2981,1959362900,Bonk 'N Bash (Xbox Series X/S),2,0.0007
2982,1480657002,Boom Boom Rocket,2,0.0007
2983,2092220937,Borderlands 3,2,0.0007
2984,1744072621,Bratz™: Flaunt your fashion,2,0.0007
2985,1827158254,Brawlout Demo,2,0.0007
2986,1907372052,BROK the InvestiGator,2,0.0007
2987,1961812834,BROK: The Brawl Bar,2,0.0007
2988,2133362762,Broken Sword - Shadow of the Templars: Reforged,2,0.0007
2989,364252200,Broken Sword 5 - the Serpent’s Curse,2,0.0007
2990,1950881463,Bum Simulator,2,0.0007
2991,82519866,Bush Hockey League,2,0.0007
2992,1955736581,Butterfly,2,0.0007
2993,1633674805,Butterfly (for Windows 10),2,0.0007
2994,649881449,Call of Duty®: Modern Warfare® Remastered,2,0.0007
2995,1683453689,Call of War,2,0.0007
2996,1696049385,Carnivores: Dinosaur Hunt,2,0.0007
2997,1855158493,Cartel Tycoon,2,0.0007
2998,1263405133,Castlevania: LoS 2,2,0.0007
2999,2111860697,Cat Pipes,2,0.0007
3000,1793953524,Catnigma (Xbox One),2,0.0007
3001,1754604823,Cats and Seek : Dino Park,2,0.0007
3002,1619256516,Cave Digger,2,0.0007
3003,1962218680,Cel Damage HD,2,0.0007
3004,2122185005,Chains of Freedom,2,0.0007
3005,1644979601,Chernobylite Complete Edition,2,0.0007
3006,1972973669,Chippy's Stash (Xbox One),2,0.0007
3007,1777046800,Cipher Monk,2,0.0007
3008,1618799257,CityDriver,2,0.0007
3009,1775964743,Click the cookie!,2,0.0007
3010,348040448,Clouds & Sheep 2,2,0.0007
3011,1610974574,Cocoon,2,0.0007
3012,1964815108,Coffee Talk Tokyo Demo,2,0.0007
3013,1640341352,College Bowl,2,0.0007
3014,1641287197,Collie Call (Xbox One),2,0.0007
3015,1922833847,Color Pals,2,0.0007
3016,1813980988,Commandos 3 - HD Remaster,2,0.0007
3017,1923495076,Concept Destruction,2,0.0007
3018,2100141985,Contra: Operation Galuga Demo,2,0.0007
3019,1794699728,CONVERGENCE: A League of Legends Story™,2,0.0007
3020,2079295420,Crash Team Rumble™,2,0.0007
3021,1642616316,Crescent Tower,2,0.0007
3022,1971702433,Cris Tales,2,0.0007
3023,1959321814,CUBERS: ARENA,2,0.0007
3024,1946372542,Cubic Odyssey,2,0.0007
3025,1819129417,Cursed Feed,2,0.0007
3026,942640100,DAKAR 18,2,0.0007
3027,694107204,Dance Central Spotlight,2,0.0007
3028,1705868586,Dangerous Driving,2,0.0007
3029,1934165017,DARKGEMS (Xbox Series),2,0.0007
3030,1724663837,Daymare: 1994 Sandcastle_SGD23,2,0.0007
3031,1805903409,Daymare: 1998,2,0.0007
3032,1480657531,Dead Space™ Ignition,2,0.0007
3033,1480657756,Deadliest Warrior: Legends,2,0.0007
3034,1959842755,Death's Door,2,0.0007
3035,1667166711,Deathless. The Hero Quest,2,0.0007
3036,1480657099,Defense Grid,2,0.0007
3037,1779096288,Deliver At All Costs,2,0.0007
3038,1946661047,Delivery of Us (Windows),2,0.0007
3039,1613018343,Delivery of Us (Xbox One),2,0.0007
3040,1892943931,Delivery of Us (Xbox Series),2,0.0007
3041,710337025,Demo Middle-earth™: Shadow of War™,2,0.0007
3042,2073798996,Demon's Tier+,2,0.0007
3043,1821772596,DEMON'S TILT,2,0.0007
3044,382896606,Desperados III,2,0.0007
3045,1628098590,Destroy All Humans! 2 Reprobed,2,0.0007
3046,1826248460,DETECTIVE - Rainy Night,2,0.0007
3047,1821472434,Disciples: Liberation,2,0.0007
3048,268236555,Disney Infinity [2.0],2,0.0007
3049,1112934403,Disney Universe,2,0.0007
3050,63030352,Disneyland Adventures Demo,2,0.0007
3051,2144573002,Doctor Cat,2,0.0007
3052,1640354133,Doodle God: Ultimate Edition,2,0.0007
3053,576050592,DOOM Demo,2,0.0007
3054,1747235781,DoubleDragon Advance,2,0.0007
3055,178797566,Doughlings: Arcade,2,0.0007
3056,1682154324,DPS Idle (Windows 10),2,0.0007
3057,2044234749,Dragon's Dogma 2 Character Creator & Storage,2,0.0007
3058,1036415414,DRAGON BALL FIGHTERZ - Open Beta,2,0.0007
3059,215313834,Draw a Stickman: EPIC,2,0.0007
3060,2079836196,DreadHaunt,2,0.0007
3061,168101896,Dreamfall Chapters,2,0.0007
3062,1855780914,DreamWorks Gabby’s Dollhouse: Ready to Party,2,0.0007
3063,1397819381,Dungeon Siege III,2,0.0007
3064,1480659907,Dungeons & Dragons: Chronicles of Mystara,2,0.0007
3065,1891307332,Dustborn,2,0.0007
3066,571156610,Earthfall,2,0.0007
3067,1146095595,Eat Lead,2,0.0007
3068,866704492,eFootball PES 2020 DEMO,2,0.0007
3069,1668213515,Egg Game,2,0.0007
3070,1851467390,Egg Game 2,2,0.0007
3071,1706704659,Eldest Souls,2,0.0007
3072,809464104,Elex,2,0.0007
3073,1725427493,Elon and the Divine Proof (Xbox One),2,0.0007
3074,2033761546,Endling - Extinction is Forever Demo,2,0.0007
3075,2049241881,Entropy Survivors,2,0.0007
3076,2104673159,Epic Astro Story,2,0.0007
3077,2102487155,Escape Game Fort Boyard,2,0.0007
3078,1972593972,Escape Sequence (Xbox One),2,0.0007
3079,1877665788,Esophaguys Demo,2,0.0007
3080,2130707522,Everafter Falls,2,0.0007
3081,2012825026,Eville,2,0.0007
3082,1983964158,Exodus: Creepy Time (Xbox One),2,0.0007
3083,1949165391,Eyes: The Horror Game,2,0.0007
3084,974041664,Fade to Silence,2,0.0007
3085,1856095222,FAITH: The Unholy Trinity Demo,2,0.0007
3086,1649971201,Fallout,2,0.0007
3087,1480659903,Far Cry® 3 Blood Dragon,2,0.0007
3088,2036551350,FAR: Lone Sails,2,0.0007
3089,1620530433,Farming Simulator 18,2,0.0007
3090,2031716263,Farming Simulator 19 (Windows 10),2,0.0007
3091,2129257709,Fast Gear Demo,2,0.0007
3092,1431504860,FC Instincts Predator,2,0.0007
3093,2113943936,Fernz Gate,2,0.0007
3094,332903703,Fibbage: The Hilarious Bluffing Party Game,2,0.0007
3095,1480657373,Final Fight: DblImpact,2,0.0007
3096,2082350956,Fishing Sim World: Bass Pro Shops Edition,2,0.0007
3097,2089457960,Fishing: Barents Sea,2,0.0007
3098,1691539579,Flappy Fly,2,0.0007
3099,1792158880,Flappy Frog,2,0.0007
3100,2102939252,Flynn: Son of Crimson,2,0.0007
3101,1634118154,Football Manager 2021 Xbox Edition,2,0.0007
3102,2099258504,Football Manager 2023 Console,2,0.0007
3103,1975562587,Forgive Me Father,2,0.0007
3104,1674898447,Formula Legends Demo,2,0.0007
3105,79963387,Forsaken Remastered,2,0.0007
3106,643698720,Forza Horizon 2 Demo,2,0.0007
3107,1980291965,FPV Simulator,2,0.0007
3108,1480656915,Frogger,2,0.0007
3109,1976337452,Froggy Hates Snow Demo,2,0.0007
3110,2043607614,Frontier Pilot Simulator,2,0.0007
3111,1776085745,Fruitbus,2,0.0007
3112,1129121805,FUEL™,2,0.0007
3113,212246852,Furi,2,0.0007
3114,1627281209,FUSER™,2,0.0007
3115,1880707155,G.I. Joe: Operation Blackout,2,0.0007
3116,1870314278,G.I. JOE: WRATH OF COBRA,2,0.0007
3117,1977293287,Galactic Force X Ultimate,2,0.0007
3118,1480656914,GALAGA,2,0.0007
3119,1856172970,Game of Thrones - Episode 1: Iron from Ice,2,0.0007
3120,1750796861,Garden Simulator,2,0.0007
3121,1618662965,Garfield Kart Furious Racing,2,0.0007
3122,2101650920,Geometry Jump - Impossible Dash,2,0.0007
3123,1925360122,Gex Trilogy,2,0.0007
3124,2045688705,Giana Sisters: Twisted Dreams - Director's Cut,2,0.0007
3125,1935789173,Gigantic: Rampage Edition,2,0.0007
3126,1776470461,GIGASWORD Demo,2,0.0007
3127,1480659514,Girl Fight,2,0.0007
3128,1876649087,Gnome Rampage - The Killer Gnome FPS,2,0.0007
3129,886146124,Goat Simulator: Mmore Goatz Edition,2,0.0007
3130,1770092694,Going Under,2,0.0007
3131,2094693316,Golfing in Aether,2,0.0007
3132,1906239956,Grand Prix Racing Formula One,2,0.0007
3133,1785738076,Grandia HD Collection,2,0.0007
3134,2083459521,Greak: Memories of Azur,2,0.0007
3135,1981717681,Grey Skies: A War of the Worlds Story,2,0.0007
3136,1712385617,Greyhill Incident - Abducted Edition,2,0.0007
3137,671675837,GRIP,2,0.0007
3138,1958071699,Guacamelee! Super Turbo Championship Edition,2,0.0007
3139,2016338546,Gun Free To Fire - shooting games,2,0.0007
3140,1769592885,GUNDAM EVOLUTION,2,0.0007
3141,1936375380,Gungrave G.O.R.E,2,0.0007
3142,766737132,Halo 5: Forge,2,0.0007
3143,485144549,Halo Wars 2 Demo,2,0.0007
3144,1297292194,Halo: Spartan Strike,2,0.0007
3145,1640358223,Hammerwatch Anniversary Edition,2,0.0007
3146,2038958977,Hand of Fate 2,2,0.0007
3147,1704654963,Happy's Humble Burger Farm,2,0.0007
3148,1480657432,Hard Corps: Uprising,2,0.0007
3149,1871556035,Hard West Ultimate Edition,2,0.0007
3150,1480656866,Hardwood Backgammon,2,0.0007
3151,1879237097,Harvest Moon: Home Sweet Home Special Edition,2,0.0007
3152,1846305208,Hearts Deluxe,2,0.0007
3153,1928193169,Heavenly Bodies,2,0.0007
3154,2041012214,Hero of Fate,2,0.0007
3155,2098333090,Hexa Chippy (Windows),2,0.0007
3156,2000004108,Hidden Cats in Berlin,2,0.0007
3157,1839911748,Hidden Cats in Santa's Realm,2,0.0007
3158,1669048701,Hidden Cats in Spooky Town,2,0.0007
3159,1941459361,Highway Driving 2023 Demo,2,0.0007
3160,758563081,Horizon Chase Turbo,2,0.0007
3161,2111451812,Horror Adventure : Zombie Edition (Demo),2,0.0007
3162,948876029,Hover,2,0.0007
3163,722916288,Hue,2,0.0007
3164,1972151748,Humanity,2,0.0007
3165,1829828400,HUMANKIND™,2,0.0007
3166,1693450318,Hunt: Showdown,2,0.0007
3167,720702755,Hyper Light Drifter,2,0.0007
3168,1793634692,I'm on Observation Duty 6,2,0.0007
3169,1622108683,I Am Your President,2,0.0007
3170,1859409710,INDIKA,2,0.0007
3171,1065119651,Industry Giant 2,2,0.0007
3172,909182696,Infinite Minigolf,2,0.0007
3173,1758510297,Infinity Strash: DRAGON QUEST The Adventure of Dai,2,0.0007
3174,718096579,Insane Robots,2,0.0007
3175,1644577583,Ion Fury,2,0.0007
3176,1759196295,ISLANDERS: New Shores,2,0.0007
3177,1923804355,Jet Kave Adventure,2,0.0007
3178,1776716222,Jewel Fever 3,2,0.0007
3179,1691514153,JoJo Siwa: Worldwide Party,2,0.0007
3180,1480660105,JUJU,2,0.0007
3181,65384566,Jumanji: The Video Game,2,0.0007
3182,1982477375,Jumanji: Wild Adventures,2,0.0007
3183,829401578,JUMP FORCE - Open Beta,2,0.0007
3184,683015573,JumpJet Rex,2,0.0007
3185,1789366577,Junkyard Builder,2,0.0007
3186,1752507315,Jurassic Park: Survival,2,0.0007
3187,1716785936,Jusant,2,0.0007
3188,1206122062,Just Dance 2016,2,0.0007
3189,611794133,Just Dance 2019®,2,0.0007
3190,2057958746,Just Dance® 2021,2,0.0007
3191,1645652626,Kena: Bridge of Spirits,2,0.0007
3192,2039051531,Kentum,2,0.0007
3193,2026758005,Keypybara,2,0.0007
3194,2004313785,KILL KNIGHT,2,0.0007
3195,2072806887,King Arthur: Knight's Tale,2,0.0007
3196,1161890110,Kingdoms of Amalur: Reckoning,2,0.0007
3197,1892832276,Kitaria Fables,2,0.0007
3198,1809430288,Kitten Island,2,0.0007
3199,2008175655,Knights of Pen and Paper +1 Deluxier Edition,2,0.0007
3200,1718892809,Knockout City™,2,0.0007
3201,2147212200,"Knowledge, or know Lady",2,0.0007
3202,2134355886,Kong: Survivor Instinct,2,0.0007
3203,1632716739,Kvark,2,0.0007
3204,1794920029,Laika: Aged Through Blood,2,0.0007
3205,1654316252,Lakeview Cabin Collection,2,0.0007
3206,2121317693,LEGO® Builder's Journey,2,0.0007
3207,1848238632,Leisure Suit Larry - Wet Dreams Don't Dry,2,0.0007
3208,1759373796,Leisure Suit Larry - Wet Dreams Dry Twice,2,0.0007
3209,1724587895,Lemon Cake,2,0.0007
3210,1615197965,Let's Build a Zoo,2,0.0007
3211,1775456726,Let's Sing 2023,2,0.0007
3212,1848425529,Let's Sing 2025,2,0.0007
3213,1910465791,Limbot Demo,2,0.0007
3214,1780556395,LISA: The Painful - Definitive Edition,2,0.0007
3215,1999941762,Little Nightmares 3 - Demo,2,0.0007
3216,1877421008,Little Orpheus,2,0.0007
3217,1480656987,Lode Runner™,2,0.0007
3218,1886840872,Loop Hero,2,0.0007
3219,1995532377,Lost Chiko 2,2,0.0007
3220,1971740518,Lotsa Slots - Casino Games,2,0.0007
3221,1795081986,Luck be a Landlord,2,0.0007
3222,1661797981,M.A.U.S,2,0.0007
3223,1727624929,Mage and Monsters,2,0.0007
3224,1480659475,Magic 2013,2,0.0007
3225,1977505997,Maid of Sker,2,0.0007
3226,2021132620,Mandragora: Whispers of the Witch Tree,2,0.0007
3227,2072178531,Manifold Garden,2,0.0007
3228,1004777721,Marble Void,2,0.0007
3229,1480659904,Mars: War Logs,2,0.0007
3230,2116714436,Marvel's Avengers BETA,2,0.0007
3231,350075261,Marvel Heroes Omega,2,0.0007
3232,2005529169,Mayhem Heroes,2,0.0007
3233,1911247850,Meet Your Maker,2,0.0007
3234,2049706995,Meg's Monster,2,0.0007
3235,1999249377,MegaJogos,2,0.0007
3236,1632270119,Megaton Rainfall,2,0.0007
3237,2025888877,METAL EDEN Demo,2,0.0007
3238,1979916310,METAL GEAR & METAL GEAR 2: Solid Snake,2,0.0007
3239,1766280986,METAL SLUG ATTACK RELOADED,2,0.0007
3240,2090925193,Metal Slug Tactics,2,0.0007
3241,1953382311,Metro Redux,2,0.0007
3242,1983992803,Miasma Chronicles,2,0.0007
3243,470697695,Micro Machines World Series,2,0.0007
3244,2099446354,Midnight Fight Express,2,0.0007
3245,1396901860,MINI NINJAS™,2,0.0007
3246,2028249570,MIO: Memories in Orbit,2,0.0007
3247,2004795446,Miraculous - Paris Under Siege,2,0.0007
3248,1790559387,Miraculous: Rise of the Sphinx,2,0.0007
3249,1828150818,Mist: Evolution,2,0.0007
3250,1958464992,Mob Control,2,0.0007
3251,1744505425,Modern Combat 5: Blackout,2,0.0007
3252,1480659607,Monaco: What's Yours is Mine,2,0.0007
3253,1480657301,Monkey Island: SE,2,0.0007
3254,2038013659,Monster High™‎ Skulltimate Secrets™,2,0.0007
3255,2070782109,Monster Prom: XXL,2,0.0007
3256,1885214293,Moo & Move: Extra Grazing Grounds,2,0.0007
3257,1979213200,Moons of Madness,2,0.0007
3258,1847551904,Morbid: The Seven Acolytes,2,0.0007
3259,1679505567,Moto Rush GT,2,0.0007
3260,1766907656,MotoGP™21 - Xbox Series X|S,2,0.0007
3261,1887595548,Mountain Racing Demo,2,0.0007
3262,1830752927,MouseCraft,2,0.0007
3263,1908222793,Mr Trials,2,0.0007
3264,1834840157,Murder House,2,0.0007
3265,1678390358,Mushroom Savior,2,0.0007
3266,1894122921,My Singing Monsters Playground,2,0.0007
3267,1794231119,My Time at Sandrock (Demo),2,0.0007
3268,2125268591,Mystic Academy: Escape Room,2,0.0007
3269,2070906964,NAMCO MUSEUM® ARCHIVES Vol 1,2,0.0007
3270,1882866745,NBA BOUNCE,2,0.0007
3271,631368453,Necropolis,2,0.0007
3272,1740300956,Neighbours back From Hell,2,0.0007
3273,1703518315,Neoverse,2,0.0007
3274,910593568,Never Alone (Kisima Ingitchuna),2,0.0007
3275,2112950649,Nicktoons & The Dice of Destiny,2,0.0007
3276,125341318,Night in the Woods,2,0.0007
3277,1647467336,Nikoderiko: The Magical World - Director's Cut,2,0.0007
3278,1661259138,NINJA KIDZ: TIME MASTERS,2,0.0007
3279,25830915,Ninjin: Clash of Carrots,2,0.0007
3280,1732084298,No Puedes Escapar,2,0.0007
3281,1980658153,NO THING,2,0.0007
3282,1819944286,Nun Massacre,2,0.0007
3283,2034276683,Oddsparks: An Automation Adventure,2,0.0007
3284,2074956981,Oddworld: Soulstorm Enhanced Edition,2,0.0007
3285,2058598171,Oddworld: Soulstorm Enhanced Edition Demo,2,0.0007
3286,2035271018,Offroad Masters: Motocross Races,2,0.0007
3287,1820510942,Oh Balls Merge,2,0.0007
3288,2097999949,One Button Games 5-in-1 (for Windows 10),2,0.0007
3289,1707083836,One Military Camp,2,0.0007
3290,1792460602,Onimusha 2: Samurai's Destiny Demo,2,0.0007
3291,1129121848,Operation Flashpoint: Red River,2,0.0007
3292,1794026365,Order of Battle: World War II,2,0.0007
3293,1958257709,Overpass 2,2,0.0007
3294,2002349228,OVERPASS™,2,0.0007
3295,1949523812,Override 2: Super Mech League,2,0.0007
3296,1161365458,P4A,2,0.0007
3297,2089042924,Paleo Pines,2,0.0007
3298,1916305445,Palindrome Syndrome: Escape Room,2,0.0007
3299,1666984047,Parcel Corps,2,0.0007
3300,1713821027,Park Beyond,2,0.0007
3301,1981398452,Peaky Blinders: Mastermind,2,0.0007
3302,2090177606,PERISH,2,0.0007
3303,1836794259,Phantom Breaker: Battle Grounds Ultimate,2,0.0007
3304,577843491,Phar Lap - Horse Racing Challenge,2,0.0007
3305,1731213835,Pickup Driving - Free,2,0.0007
3306,1644028139,Pillars of Eternity 2: Deadfire - Ultimate Edition (PC),2,0.0007
3307,2025856880,Pilot Sports,2,0.0007
3308,1818736509,Pinball FX2 Windows 10 Edition,2,0.0007
3309,2060380149,Pirate Bloopers,2,0.0007
3310,926240545,Planet of the Apes: Last Frontier,2,0.0007
3311,1972300274,Police Stories,2,0.0007
3312,1264125919,Port Royale 3,2,0.0007
3313,2071988780,Port Royale 4,2,0.0007
3314,1659566323,Praey for the Gods,2,0.0007
3315,2011061477,PRAGMATA,2,0.0007
3316,1805003112,Prey,2,0.0007
3317,1738616875,Primal Survivors,2,0.0007
3318,1882609569,Prison Simulator,2,0.0007
3319,153810321,Pro Evolution Soccer 2015,2,0.0007
3320,172112677,PRO EVOLUTION SOCCER 2018 DEMO,2,0.0007
3321,1897198063,Promise Mascot Agency,2,0.0007
3322,248901393,Punch Club,2,0.0007
3323,848477962,Pure Chess,2,0.0007
3324,993540759,Pure Hold'em™,2,0.0007
3325,1480657006,Puzzle Fighter HD,2,0.0007
3326,1480657046,Puzzle Quest,2,0.0007
3327,1712756366,PuzzlePet - Feed Your Cat,2,0.0007
3328,1665717493,R-Type Delta: HD Boosted,2,0.0007
3329,1919758296,Ra Ra BOOM,2,0.0007
3330,1733215481,Race with Ryan,2,0.0007
3331,2119032549,Radio Commander,2,0.0007
3332,2058870984,Radioactive Dwarfs: Evil From the Sewers,2,0.0007
3333,1958527888,Rain World Demo,2,0.0007
3334,1657564986,Ratshaker,2,0.0007
3335,2020485838,RC Rush,2,0.0007
3336,1805490295,ReactorX 2,2,0.0007
3337,1926182660,Redeemer - Enhanced Edition,2,0.0007
3338,1751333235,Resident Evil Village Gold Edition Gameplay Demo,2,0.0007
3339,1978470275,Restless Night,2,0.0007
3340,1748326860,RetroMania Wrestling,2,0.0007
3341,1628140410,Rewind or Die,2,0.0007
3342,1414596725,Rio,2,0.0007
3343,2099119493,Rise of the Triad: Ludicrous Edition,2,0.0007
3344,1859130505,Risen,2,0.0007
3345,1783825549,Road 96: Mile 0,2,0.0007
3346,1813567768,Roadside Research (Game Preview),2,0.0007
3347,669503806,Rock of Ages 2: Bigger & Boulder™,2,0.0007
3348,2136108787,Rogue Waters,2,0.0007
3349,2140018399,RollerCoaster Tycoon Adventures Deluxe,2,0.0007
3350,1850415990,"Rolling Hills: Make Sushi, Make Friends",2,0.0007
3351,1651162386,Rookie Knight (Xbox Series X|S),2,0.0007
3352,2001626208,Roots of Pacha,2,0.0007
3353,1913639555,Ruined King: A League of Legends Story™,2,0.0007
3354,378040902,Salt and Sanctuary,2,0.0007
3355,2020514432,SBK™22,2,0.0007
3356,52620879,Scribblenauts Showdown,2,0.0007
3357,2139098715,Section 13,2,0.0007
3358,285659276,Shadow Complex Remastered,2,0.0007
3359,944809057,Shadows: Awakening,2,0.0007
3360,1933595910,Shaolin vs Wutang 2,2,0.0007
3361,903306295,Shining Resonance Refrain,2,0.0007
3362,1480657316,Shinobi,2,0.0007
3363,1834153031,Shy Cats Hidden Orchestra,2,0.0007
3364,1877673822,Sight Words: Reading Games for Kids Ages 4 to 8,2,0.0007
3365,1783788045,SILENT HILL f - Bonus Content,2,0.0007
3366,1263405091,Silent Hill:  Downpour,2,0.0007
3367,1774643293,Silver Screen Story,2,0.0007
3368,1673805558,SIMULACRA,2,0.0007
3369,1480659508,SINE MORA™,2,0.0007
3370,1720807506,Skibidi Sandbox,2,0.0007
3371,1619226313,Sky Rogue,2,0.0007
3372,1619682648,Slaycation Paradise,2,0.0007
3373,1623473898,Slots Casino: Gambino Games - Casino Slots Machines,2,0.0007
3374,1736697479,Smart Moves,2,0.0007
3375,1690743773,Sokolab,2,0.0007
3376,1480656957,Soltrio Solitaire,2,0.0007
3377,60656359,SOMA,2,0.0007
3378,1709290644,Somber Echoes Demo,2,0.0007
3379,2112770120,Songs of Conquest,2,0.0007
3380,1480659441,Sonic CD,2,0.0007
3381,1624587951,Sorry We're Closed,2,0.0007
3382,1951068366,Soulstice: Artbook and Soundtrack,2,0.0007
3383,1613171538,Spacelines from the Far Out,2,0.0007
3384,1414793283,Spec Ops: The Line,2,0.0007
3385,2033340677,Speed Car Fighter : Remastered Demo,2,0.0007
3386,196851457,Spike Volleyball,2,0.0007
3387,2045695664,SpongeBob: Krusty Cook-Off Extra Krusty Edition,2,0.0007
3388,1693360685,Spot Challenge Vol. 3,2,0.0007
3389,1831134835,Stacky Dash,2,0.0007
3390,1635978548,Star Ores Inc.,2,0.0007
3391,2088823549,Star Trek: Legends,2,0.0007
3392,1663285336,STAR WARS™: Bounty Hunter™,2,0.0007
3393,1928799402,StarCraft® Remastered,2,0.0007
3394,1015961921,Starpoint Gemini Warlords,2,0.0007
3395,1328778537,SteamWorld Dig,2,0.0007
3396,325295891,Steredenn: Binary Stars,2,0.0007
3397,1016114215,Steven Universe: Save the Light,2,0.0007
3398,2027854331,STORY OF SEASONS: A Wonderful Life,2,0.0007
3399,1876484566,STORY OF SEASONS: Friends of Mineral Town,2,0.0007
3400,1640774133,Strange Horticulture,2,0.0007
3401,1934391570,Street Power Soccer,2,0.0007
3402,1794869036,Strike Force Heroes,2,0.0007
3403,2120109308,STUFFED,2,0.0007
3404,2119021593,Subnautica 2 (Game Preview),2,0.0007
3405,1959074113,Suika And Dragons (Xbox Series X/S),2,0.0007
3406,1375034638,Super Dungeon Bros,2,0.0007
3407,2020086658,Super Engine GT Turbo SPEC,2,0.0007
3408,2059797788,Super Meat Boy Forever,2,0.0007
3409,2052867319,Super Snake Block DX (Windows),2,0.0007
3410,1628468632,Super Tennis Blast,2,0.0007
3411,1537932598,Super Toy Cars,2,0.0007
3412,1775967989,Surviving Mars,2,0.0007
3413,1804098370,Swimsanity!,2,0.0007
3414,1480657001,SWOS,2,0.0007
3415,2033236943,Tales of Arise Demo Version (Xbox One),2,0.0007
3416,2124647331,Tchia,2,0.0007
3417,29770197,Teenage Mutant Ninja Turtles™: Mutants in Manhattan,2,0.0007
3418,1037418183,Tennis World Tour,2,0.0007
3419,851304780,Tetraminos,2,0.0007
3420,1841233360,The Alto Collection,2,0.0007
3421,157772240,The Bard's Tale IV: Director's Cut,2,0.0007
3422,2076835000,"THE CASINO COLLECTION: Ruleta, Vídeo Póker, Tragaperras, Craps, Baccarat, Five-Card Draw Poker, Texas hold 'em, Blackjack and Page One",2,0.0007
3423,1825231131,The Chess Lv.100,2,0.0007
3424,1843180778,The Coma 2: Vicious Sisters,2,0.0007
3425,1833761430,The Cursed Hotel,2,0.0007
3426,1654357885,The DioField Chronicle,2,0.0007
3427,1878548249,The End Of The Age (XBOX SERIES),2,0.0007
3428,2007236764,The Excrawlers (Windows 10),2,0.0007
3429,1966508044,The Golf Club,2,0.0007
3430,2067501401,The Good Life,2,0.0007
3431,2142793070,The Grinch: Christmas Adventures,2,0.0007
3432,1842073109,The Isle Tide Hotel,2,0.0007
3433,1772965835,The Last Stand: Aftermath,2,0.0007
3434,2116788151,The Mound: Omen of Cthulhu,2,0.0007
3435,1816960683,The Nightmares At The Krusty Krab,2,0.0007
3436,1814704445,The Outer Worlds 2 – Digital Artbook & Soundtrack,2,0.0007
3437,1933187511,The Vale: Shadow of the Crown,2,0.0007
3438,572033429,The Walking Dead: Michonne,2,0.0007
3439,1967005422,The Wandering Village,2,0.0007
3440,1480657132,Ticket to Ride™,2,0.0007
3441,1448413146,TimeShift,2,0.0007
3442,1826137247,Tiny Little Farm,2,0.0007
3443,1982117283,Tiny Little Farm (Xbox Series),2,0.0007
3444,2103668444,Tiny Troopers: Global Ops,2,0.0007
3445,2068094397,To the Moon and Beyond,2,0.0007
3446,1691955008,TOKI Juju Densetsu,2,0.0007
3447,1396901844,Tomb Raider:Legend,2,0.0007
3448,2080427416,Tony Hawk's™ Pro Skater™ 3 + 4 - Foundry Demo,2,0.0007
3449,1480657534,Torchlight,2,0.0007
3450,1610985256,Torchlight III,2,0.0007
3451,1760551143,Touhou Luna Nights,2,0.0007
3452,1630747846,Tour de France 2025,2,0.0007
3453,1112934425,Toy Story Mania!,2,0.0007
3454,1804852983,Train Station Renovation,2,0.0007
3455,2075433959,Training Shooter FPS,2,0.0007
3456,1917641293,Treasure Hunter Simulator,2,0.0007
3457,1112934381,Tron: Evolution,2,0.0007
3458,2078968222,Truck Driver: The American Dream,2,0.0007
3459,1879353165,TT Isle of Man Ride on the Edge 2,2,0.0007
3460,911120656,Tumblestone,2,0.0007
3461,1959159088,Tunguska: The Visitation - Complete Edition,2,0.0007
3462,1987230441,Turmoil,2,0.0007
3463,1762420024,Twitch Marble,2,0.0007
3464,1749676903,Two Point Campus,2,0.0007
3465,1629100331,Ultra Foodmess 2,2,0.0007
3466,1622119739,Urban Flow,2,0.0007
3467,1620954305,Vagante,2,0.0007
3468,1828894151,Valiant Hearts: Coming Home,2,0.0007
3469,1397033025,VANQUISH,2,0.0007
3470,2087811937,Venture Towns,2,0.0007
3471,1824702779,Verlet Swing,2,0.0007
3472,1704529510,Vzerthos: The Heir of Thunder,2,0.0007
3473,1898630086,Wall World,2,0.0007
3474,1871561416,War Hospital,2,0.0007
3475,1975267359,"Warhammer 40,000: Mechanicus",2,0.0007
3476,405657081,Warhammer: End Times - Vermintide,2,0.0007
3477,1892485156,We Were Here Expeditions: The FriendShip,2,0.0007
3478,1666548378,Weedcraft Inc,2,0.0007
3479,1837745362,When the Past was Around,2,0.0007
3480,1663897592,White Day: A Labyrinth Named School,2,0.0007
3481,1850965631,Wildermyth: Console Edition,2,0.0007
3482,1960103311,Windjammers 2,2,0.0007
3483,2082173433,Winterlight - Where silence says it all,2,0.0007
3484,1829649419,Withering Rooms,2,0.0007
3485,1861858143,Wolfenstein: Youngblood (PC),2,0.0007
3486,1646935671,Word Search - Puzzles,2,0.0007
3487,2043844326,Word Web by POWGI,2,0.0007
3488,2050127330,World Conqueror 4,2,0.0007
3489,1985239734,World of Tanks Blitz (legacy),2,0.0007
3490,2141363036,Worldless,2,0.0007
3491,1657689138,Worms W.M.D,2,0.0007
3492,1696945475,WrestleQuest,2,0.0007
3493,1067887228,Xenon Valkyrie+,2,0.0007
3494,1849794999,Xuan Yuan Sword 7,2,0.0007
3495,1917938753,Yakuza 0 for Windows 10,2,0.0007
3496,1777058720,Yakuza 5 Remastered,2,0.0007
3497,1773431897,Yakuza 6: The Song of Life,2,0.0007
3498,1681608901,Yooka-Replaylee Demo,2,0.0007
3499,1907198556,Zombie Derby: Pixel Survival,2,0.0007
3500,711381438,Zoo Tycoon,2,0.0007
3501,1955180046,Zoo Tycoon Demo,2,0.0007
3502,1760929748,1 Square (Windows 10),1,0.0003
3503,191750219,101 Ways To Die,1,0.0003
3504,1768499765,112th Seed,1,0.0003
3505,1907798532,15in1 Solitaire,1,0.0003
3506,309062877,1979 Revolution: Black Friday,1,0.0003
3507,2041634175,2048 Maniac,1,0.0003
3508,1855137956,2URVIVE,1,0.0003
3509,1970931118,3 Player Battle,1,0.0003
3510,1683372355,30 Birds,1,0.0003
3511,2076132310,502's Arcade,1,0.0003
3512,2099527901,63 Days,1,0.0003
3513,1689292278,63 Days Demo,1,0.0003
3514,2126592570,8-Ball Pocket,1,0.0003
3515,570085654,8-Bit RTS Series,1,0.0003
3516,2084495004,8Doors: Arum's Afterlife Adventure,1,0.0003
3517,1983088228,9 Lives To Defend,1,0.0003
3518,1970463169,9 Monkeys of Shaolin Demo,1,0.0003
3519,1791707434,A Castle Full of Cats,1,0.0003
3520,873292631,A Hole New World,1,0.0003
3521,1845248290,A Juggler's Tale,1,0.0003
3522,2115929793,A Memoir Blue,1,0.0003
3523,2119251688,A Night on the Farm,1,0.0003
3524,1915348035,A Pizza Delivery Demo,1,0.0003
3525,1686368600,A Plague Tale: Innocence - Windows 10,1,0.0003
3526,1728966870,A Summer with the Shiba Inu,1,0.0003
3527,1824287216,Aaero2,1,0.0003
3528,1922036527,Aaero2 Demo,1,0.0003
3529,1883982986,ABC Spelling - Spell and Phonics,1,0.0003
3530,159107312,ACA NEOGEO AERO FIGHTERS 3,1,0.0003
3531,2101461383,ACA NEOGEO METAL SLUG for Windows,1,0.0003
3532,1028912261,ACA NEOGEO Money Puzzle Exchanger,1,0.0003
3533,398726065,ACA NEOGEO NINJA COMBAT,1,0.0003
3534,895307472,ACA NEOGEO PUZZLE BOBBLE,1,0.0003
3535,311788161,ACA NEOGEO RIDING HERO,1,0.0003
3536,922642042,ACA NEOGEO SAMURAI SHODOWN II,1,0.0003
3537,716607571,ACA NEOGEO SAMURAI SHODOWN V,1,0.0003
3538,537999743,ACA NEOGEO STREET HOOP,1,0.0003
3539,347840480,ACA NEOGEO SUPER SIDEKICKS 3 : THE NEXT GLORY,1,0.0003
3540,300527443,ACA NEOGEO THE KING OF FIGHTERS '94,1,0.0003
3541,605012161,ACA NEOGEO THE KING OF FIGHTERS '95,1,0.0003
3542,983906598,ACA NEOGEO THE KING OF FIGHTERS '99,1,0.0003
3543,442527816,ACA NEOGEO THE KING OF FIGHTERS 2001,1,0.0003
3544,931272630,ACA NEOGEO THE LAST BLADE,1,0.0003
3545,1660341261,ACA2NEOGEO THE KING OF FIGHTERS '98,1,0.0003
3546,1480657030,Aces of the Galaxy,1,0.0003
3547,1624731258,ACRES,1,0.0003
3548,1939634325,Action Arcade Wrestling,1,0.0003
3549,1776750293,Active Soccer 2019,1,0.0003
3550,1790739309,Ad Infinitum,1,0.0003
3551,219620906,ADIOS Amigos,1,0.0003
3552,1923017469,Adrian's Tale,1,0.0003
3553,592146950,Adventure Pop,1,0.0003
3554,1480656956,Aegis Wing,1,0.0003
3555,1784931030,Aerial_Knight's Never Yield,1,0.0003
3556,2095341139,Agatha Christie - Hercule Poirot: The London Case,1,0.0003
3557,1629096088,Agatha Christie - Murder on the Orient Express,1,0.0003
3558,2088234021,Agatha Christie - The ABC Murders (Xbox Series),1,0.0003
3559,897067440,Age of Empires: Definitive Edition,1,0.0003
3560,1993017321,"Ah, Love!",1,0.0003
3561,1704834214,Aim Assist,1,0.0003
3562,1796559648,Aircraft Carrier Survival,1,0.0003
3563,2116588551,Airoheart,1,0.0003
3564,1867923436,Airport Crash Landing 3D,1,0.0003
3565,1973954835,Akai Katana Shin,1,0.0003
3566,1846694005,Akuto: Showdown,1,0.0003
3567,1765947167,Alan Wake,1,0.0003
3568,2004931484,Alan Wake's American Nightmare,1,0.0003
3569,1817202060,Alba: A Wildlife Adventure,1,0.0003
3570,1614822065,Alchemist: The Potion Monger,1,0.0003
3571,1758633519,Alien Hominid HD,1,0.0003
3572,1991230055,Alpacapaca Dash,1,0.0003
3573,1725954584,Alpacapaca Dash (Windows),1,0.0003
3574,1777869653,Alpacapaca Dash 2 - Windows,1,0.0003
3575,2123487067,Alphadia Genesis 2,1,0.0003
3576,2073670181,Alphadia I & II,1,0.0003
3577,1885975476,Alphaset by POWGI,1,0.0003
3578,1698247129,Aly The Alligator in Space Trouble (XBox Series),1,0.0003
3579,2063583240,Amelia's Diner,1,0.0003
3580,1711302343,Amerzone - The Explorer's Legacy,1,0.0003
3581,1645524603,Amerzone - The Explorer's Legacy - Demo,1,0.0003
3582,1671043316,Ancient Ants Adventure,1,0.0003
3583,1896977997,Ancient Ants Adventure (Windows),1,0.0003
3584,1691093219,Ancient Ants Adventure (Xbox One),1,0.0003
3585,2093965833,Angry Birds Friends,1,0.0003
3586,2089856457,Angry Video Game Nerd 8-bit,1,0.0003
3587,1912581219,Anima Flux Demo,1,0.0003
3588,46350781,Animal Super Squad,1,0.0003
3589,2088379065,Another Dawn,1,0.0003
3590,1975875846,Antro Demo,1,0.0003
3591,1952936764,Apex Particle Shooter,1,0.0003
3592,1480657349,Aqua,1,0.0003
3593,2134460770,Aqua fortis aqua valis,1,0.0003
3594,2087906718,Aquarun,1,0.0003
3595,2115300051,Arcade Archives 2 SCION,1,0.0003
3596,1879960829,Arcade Spirits,1,0.0003
3597,2072809305,Arcadia Fallen,1,0.0003
3598,1814475633,Archaica: The Path Of Light,1,0.0003
3599,1963187474,ArcRunner,1,0.0003
3600,1870601915,Arietta of Spirits,1,0.0003
3601,490460723,Arise: A Simple Story,1,0.0003
3602,1743279702,Arma Reforger - Experimental,1,0.0003
3603,1929297581,Armature Invasion,1,0.0003
3604,2052723094,Armatus,1,0.0003
3605,1660373251,Around The World in 80 Days: Hidden Objects,1,0.0003
3606,1920845520,Arzette: The Jewel of Faramore,1,0.0003
3607,1882672514,Asdivine Saga,1,0.0003
3608,1891225930,Ash of Gods Redemption,1,0.0003
3609,1846786072,Asphalt 8: Airborne,1,0.0003
3610,1841822482,Asterix & Obelix XXL3: The Crystal Menhir,1,0.0003
3611,1916260772,Asteroids Origin and Geometry Warp,1,0.0003
3612,1865619206,Astro Flame Starfighter (Xbox Series X|S),1,0.0003
3613,1992960588,Atelier Yumia: The Alchemist of Memories & the Envisioned Land - Demo (Xbox Series X|S),1,0.0003
3614,1931314313,Atelier Yumia: The Alchemist of Memories & the Envisioned Land (Xbox One),1,0.0003
3615,1835249581,ATOM RPG: Post-apocalyptic indie game,1,0.0003
3616,2034601407,Atrio: The Dark Wild,1,0.0003
3617,1743742587,Attack At Dawn: North Africa,1,0.0003
3618,401543003,ATV Renegades,1,0.0003
3619,1484426675,Awesomenauts Assemble!,1,0.0003
3620,1052246602,Awkward,1,0.0003
3621,55549300,Axiom Verge,1,0.0003
3622,1764971843,Axis Football 2023,1,0.0003
3623,1812964567,Aztech Forgotten Gods,1,0.0003
3624,2110628034,Backgammon - Board Game,1,0.0003
3625,1923940226,Backrooms : Lights Out,1,0.0003
3626,1958897628,Backrooms: Partygoers,1,0.0003
3627,1152151422,BADLAND: Game of the Year Edition,1,0.0003
3628,1730080779,Bakery Simulator,1,0.0003
3629,1619305462,Baki Hanma: Blood Arena,1,0.0003
3630,1618019161,Ballotron Coolbox,1,0.0003
3631,1664978629,Bang-On Balls: Chronicles,1,0.0003
3632,1795554480,Barbie™ Horse Trails,1,0.0003
3633,2134975734,Basquetebol Kid,1,0.0003
3634,2019892927,Batora: Lost Haven,1,0.0003
3635,1737614331,BATSUGUN Saturn Tribute Boosted,1,0.0003
3636,2006171548,Battle Brothers,1,0.0003
3637,366603565,BATTLE GAREGGA Rev.2016,1,0.0003
3638,314572000,Battle Knights,1,0.0003
3639,1804603673,Battle Puzzle 2048 - Wicked Witches,1,0.0003
3640,1136549309,Battlefield 4™ Community Test Environment,1,0.0003
3641,1161889785,Battlefield: Bad Company,1,0.0003
3642,2009443764,BBQ Simulator: The Squad,1,0.0003
3643,1096353751,BCFx,1,0.0003
3644,1313671132,Beautiful Katamari,1,0.0003
3645,1777486086,Beautiful Sakura: Running Club,1,0.0003
3646,2029173027,Beautiful Sakura: Volleyball Club (Windows),1,0.0003
3647,1863389993,Bee Flowers,1,0.0003
3648,2113490163,Bee Flowers (Windows),1,0.0003
3649,1614199038,Before Exit : Gas Station,1,0.0003
3650,1480659459,Bellator: MMA Onslaught,1,0.0003
3651,1798776797,Bendy and the Dark Revival (Xbox Series X|S),1,0.0003
3652,2106780142,Beneath,1,0.0003
3653,1854871799,Beneath Oresa,1,0.0003
3654,1809976918,Bermuda Adventures: Farm Games,1,0.0003
3655,1895665603,Beyond Border,1,0.0003
3656,1671883571,Beyond Enemy Lines 2 - Enhanced Edition,1,0.0003
3657,1480657658,Beyond Good & Evil HD,1,0.0003
3658,1618388364,Beyond Hanwell,1,0.0003
3659,2008389504,Big Helmet Heroes,1,0.0003
3660,1927815372,Big Helmet Heroes Demo,1,0.0003
3661,2099876954,Big Rumble Boxing: Creed Champions,1,0.0003
3662,2040960903,BigChick,1,0.0003
3663,2109727492,Billy’s Game Show (Xbox Series X|S),1,0.0003
3664,1672240848,Bingo Blitz™️ - Bingo Games,1,0.0003
3665,1964310416,Bio Inc. Redemption,1,0.0003
3666,918284490,BIOHAZARD RE:2 Z Version,1,0.0003
3667,420309331,BIOHAZARD RE:3 Z Version for Windows,1,0.0003
3668,1414793250,BioShock,1,0.0003
3669,2111261259,Biped,1,0.0003
3670,1662123102,Biped 2 DEMO,1,0.0003
3671,1827284830,Birth,1,0.0003
3672,372310074,Bit Dungeon Plus,1,0.0003
3673,552332062,Black Mirror,1,0.0003
3674,1815844482,Blackberry Honey,1,0.0003
3675,2096495551,Blackjack Master 2 Free,1,0.0003
3676,1649892883,Blackjackist,1,0.0003
3677,2061970650,BLACKTAIL,1,0.0003
3678,1714151217,Blair Witch,1,0.0003
3679,2041877435,Blaster Master Zero,1,0.0003
3680,1431504859,Blazing Angels,1,0.0003
3681,1850970705,Blazing Chrome,1,0.0003
3682,1994890238,Blazing Strike,1,0.0003
3683,1621798082,Block Blast Gem Find Puzzle,1,0.0003
3684,2037855727,Block Puzzle Jewels Classic,1,0.0003
3685,2066959475,Block Tower TD (Windows),1,0.0003
3686,2018808087,Blocky Blast Series X|S,1,0.0003
3687,1739622609,Blood West,1,0.0003
3688,1854025914,Bloons TD Battles,1,0.0003
3689,1686320597,bloxd.io,1,0.0003
3690,1664817482,Blue Fire,1,0.0003
3691,1025825049,Blue Rider,1,0.0003
3692,1745314944,Bō: Path of the Teal Lotus,1,0.0003
3693,1414793318,Borderlands (JP),1,0.0003
3694,1914610578,BORIS THE ROCKET,1,0.0003
3695,2133147977,Botty Bird,1,0.0003
3696,1782830545,BOUNCY BREAD,1,0.0003
3697,2083232660,Boxes Wizard,1,0.0003
3698,1973937079,Boxes: Lost Fragments Demo,1,0.0003
3699,1480657102,Braid,1,0.0003
3700,607618494,"Braid, Anniversary Edition",1,0.0003
3701,1480657070,Brain Challenge™,1,0.0003
3702,1810155690,"Brass: A Peaceful, Cozy Adventure",1,0.0003
3703,1857651157,Brawl Chess - Gambit,1,0.0003
3704,1879813340,Breathedge,1,0.0003
3705,1754913361,Brewmaster: Beer Brewing Simulator,1,0.0003
3706,854374790,Brick Breaker,1,0.0003
3707,58039508,Bridge Constructor Portal,1,0.0003
3708,2038940671,Bridge Race,1,0.0003
3709,2119626913,Bridges & Docks,1,0.0003
3710,2067110068,Bright Memory,1,0.0003
3711,1972740153,Bright Memory: Infinite Platinum Edition,1,0.0003
3712,1890575892,BROKEN MIND,1,0.0003
3713,73782745,Brothers: a Tale of Two Sons,1,0.0003
3714,1789207567,Bubble Witch 3 Saga,1,0.0003
3715,1801600178,BucketCrusher,1,0.0003
3716,720192428,Bud Spencer & Terence Hill - Slaps And Beans,1,0.0003
3717,1923745417,Bug Fables: The Everlasting Sapling,1,0.0003
3718,1180043254,Bullet Soul -Infinite Burst-,1,0.0003
3719,1864061555,Bunker Hunter X 1.0,1,0.0003
3720,1759582408,Bunker Hunter X Demo,1,0.0003
3721,2063001025,Bunninjutsu (Xbox One),1,0.0003
3722,1904033271,Bunninjutsu (Xbox Series),1,0.0003
3723,1912531214,Bunny Battle Nemesis,1,0.0003
3724,2114128708,Bunny Park,1,0.0003
3725,1827508365,Burger Bistro Story,1,0.0003
3726,2061327473,Burger Master,1,0.0003
3727,1932669016,Burst Hero,1,0.0003
3728,723100070,BUTCHER,1,0.0003
3729,1762067709,Butterfly 2 (for Windows 10),1,0.0003
3730,1696578695,Button City SG-Demo,1,0.0003
3731,1679962490,Bye Sweet Carole,1,0.0003
3732,1096157403,Cabela's Dangerous Hunts 2013,1,0.0003
3733,1813758775,Cabernet,1,0.0003
3734,1734099181,Caesars Slots,1,0.0003
3735,1759090078,Cafe Master Story,1,0.0003
3736,2097501391,Cakey's Twisted Bakery,1,0.0003
3737,363359276,Call of Duty®: Black Ops 4 Blackout Private Beta,1,0.0003
3738,754791096,Call of Duty®: Infinite Warfare,1,0.0003
3739,1676384121,Call of Duty®: Modern Warfare® II - Open Beta,1,0.0003
3740,1824708710,Call of Duty®: World at War (2008),1,0.0003
3741,140280380,Call of Duty®: WWII - Private Beta,1,0.0003
3742,2125808616,Call of Heroes: Tower Defense,1,0.0003
3743,2034716130,CAN ANDROIDS PRAY: BLUE,1,0.0003
3744,1886639947,Candy Crush Jelly Saga,1,0.0003
3745,1773632861,Canine,1,0.0003
3746,2093835198,Capes,1,0.0003
3747,1843053682,Captain Blood,1,0.0003
3748,1677710402,Captain Bones,1,0.0003
3749,1734360416,Captain Cat,1,0.0003
3750,1807592900,Car Mechanic Simulator Classic,1,0.0003
3751,1936285316,Card-en-Ciel,1,0.0003
3752,2016139001,Card Collector Trading Shop,1,0.0003
3753,908734579,Carmageddon: Max Damage,1,0.0003
3754,1762233576,Carrot Crusade - Mimika's Reckoning (Xbox Series X/S),1,0.0003
3755,1959977695,Carrot Smash (Xbox Series),1,0.0003
3756,521255269,Casey Powell Lacrosse 16,1,0.0003
3757,310521611,Cast of the Seven Godsends - Redux,1,0.0003
3758,1827619931,Castle Heroes,1,0.0003
3759,214668692,Castles,1,0.0003
3760,1480659610,CastleStorm,1,0.0003
3761,1676808749,Cat in Rain (Xbox Series),1,0.0003
3762,1987803377,Cat Quest II,1,0.0003
3763,1646378646,Cat Quest III,1,0.0003
3764,1918846023,Cat Rescue Story,1,0.0003
3765,1702161241,Catapult Quest,1,0.0003
3766,1744298534,Catlateral Damage: Remeowstered,1,0.0003
3767,1686916889,Cats and Seek : Kyoto,1,0.0003
3768,1692828729,Cats and Seek : Osaka,1,0.0003
3769,1715577372,Chained Echoes,1,0.0003
3770,1285127818,Chariot,1,0.0003
3771,1995880869,Charon's Staircase,1,0.0003
3772,1976364432,Chasm: The Rift,1,0.0003
3773,1828479966,Checkers XBox,1,0.0003
3774,1988589680,Checkers+ : Draughts Game For PC & XBOX,1,0.0003
3775,2131265825,Chenso Club,1,0.0003
3776,1827739583,Chess Infinity,1,0.0003
3777,2080509026,Chess Online +,1,0.0003
3778,1810648866,Chickens Madness,1,0.0003
3779,2005154977,Children of Morta,1,0.0003
3780,310307954,Chivalry: Medieval Warfare,1,0.0003
3781,1749756360,Chocolate Factory Simulator,1,0.0003
3782,1789455212,Christmas Coloring Book for Kids +,1,0.0003
3783,1841886812,Christmas Massacre,1,0.0003
3784,2087558820,Christmas Mutilator,1,0.0003
3785,1834558328,Chrome Wolf,1,0.0003
3786,1738598619,Cinderella Story for Kids,1,0.0003
3787,2031143591,Cipher Monk (Windows),1,0.0003
3788,2143923367,Cipher Monk (Xbox One),1,0.0003
3789,1627160129,Circuit Superstars,1,0.0003
3790,1060634614,Circuits Demo,1,0.0003
3791,728813194,Citadel: Forged with Fire,1,0.0003
3792,1620282693,City Island 6: Building Town,1,0.0003
3793,100768843,City of Brass,1,0.0003
3794,1963865580,Claim the Forest (Windows),1,0.0003
3795,1630378431,Classic Card Games 3D,1,0.0003
3796,1756546018,Classic Pixel Marioboy Adventures,1,0.0003
3797,1880988322,Classic Pool,1,0.0003
3798,1896803486,Classic Wood Block Puzzle,1,0.0003
3799,2057723777,Classified: France '44,1,0.0003
3800,1827212919,CLAWPUNK,1,0.0003
3801,2046892842,Clock Tower: Rewind,1,0.0003
3802,2041989451,Clockwork Revolution,1,0.0003
3803,1839636294,Cloudpunk - XBS/X,1,0.0003
3804,188783392,Cobalt,1,0.0003
3805,1732400170,Cobra Kai 2: Dojos Rising,1,0.0003
3806,2059289856,CODE SHIFTER,1,0.0003
3807,2087025872,CODE VEIN Trial Edition,1,0.0003
3808,1941723837,Coffee Talk Episode 2: Hibiscus and Butterfly,1,0.0003
3809,164052911,Coffin Dodgers,1,0.0003
3810,1640352819,Collect Baby Oil,1,0.0003
3811,1724133517,Collie Call,1,0.0003
3812,1774676042,Color Water Sort,1,0.0003
3813,1953800252,Colorful Boi Series X|S,1,0.0003
3814,1713543499,Colossus Down,1,0.0003
3815,1480657440,Comic Jumper,1,0.0003
3816,2124623269,Commandos 3 - HD Remaster | DEMO,1,0.0003
3817,1793147094,Completely Lar Lar,1,0.0003
3818,1738930252,ComputerHead: Springloaded,1,0.0003
3819,1824458896,ComputerHead: Springloaded (Xbox One),1,0.0003
3820,1414596570,Conan,1,0.0003
3821,1867541216,Connect 4 - Classics,1,0.0003
3822,1841498671,CONSCRIPT,1,0.0003
3823,1052111080,Constructor,1,0.0003
3824,1629794135,Constructor Plus,1,0.0003
3825,1642942095,CONTRA: ROGUE CORPS,1,0.0003
3826,1653280174,CONTROL Resonant,1,0.0003
3827,1829250188,Cook Serve Forever,1,0.0003
3828,2097032200,"Cook, Serve, Delicious! 2!!",1,0.0003
3829,1903918497,"Cook, Serve, Delicious! 3?!",1,0.0003
3830,2118279493,Cookie Cutter,1,0.0003
3831,1954250236,Cooking Companions,1,0.0003
3832,1790053994,Cooking Fever,1,0.0003
3833,1809115559,Corpse Party,1,0.0003
3834,1878227371,Cotton 100%,1,0.0003
3835,1956966221,Cradle of Maya: Match 3 Adventure,1,0.0003
3836,1642353875,Craftopia (Game Preview),1,0.0003
3837,1808911215,Crashlands,1,0.0003
3838,963702216,Crayola Scoot,1,0.0003
3839,2074622046,Crazy Cats vs. Crazy Cyborgs,1,0.0003
3840,1631412500,Crazy Trucks,1,0.0003
3841,2026017924,Creaks,1,0.0003
3842,1859298823,Creepy Shift: Roadside Diner,1,0.0003
3843,2061979446,Creepy Tale,1,0.0003
3844,1709106662,Cricket 19 Windows 10,1,0.0003
3845,2059817887,Crime Opera Fandisk: The Caterpillar Candids,1,0.0003
3846,1874117127,Criminal Case,1,0.0003
3847,1754076455,Crimson Desert,1,0.0003
3848,461173340,Crimson Dragon,1,0.0003
3849,706918470,Crimsonland,1,0.0003
3850,1766171641,Croc's World,1,0.0003
3851,1886383393,Croc's World 3 (Xbox-Edition),1,0.0003
3852,1692395829,Croc's World 4,1,0.0003
3853,2081343259,CrossfireX Beta,1,0.0003
3854,1928991032,Crossovers by POWGI,1,0.0003
3855,1860524163,Crossy Road,1,0.0003
3856,1705962055,Crowd City,1,0.0003
3857,1753293863,CrushBorgs (Xbox One),1,0.0003
3858,2010857968,Cruz Brothers,1,0.0003
3859,429288038,Crypt of the NecroDancer,1,0.0003
3860,1689376479,Crypt of the Serpent King Remastered 4K Edition,1,0.0003
3861,1707233763,Cryptmaster,1,0.0003
3862,1480657289,CRYSTAL DEFENDERS,1,0.0003
3863,1941196551,Cube Airport,1,0.0003
3864,123880378,Cubot - The Complexity of Simplicity,1,0.0003
3865,1684821663,Cuisineer,1,0.0003
3866,1824007949,Curious Cases,1,0.0003
3867,1886223481,Curious Expedition,1,0.0003
3868,1878422436,Cut Fruit With A Samurai Sword,1,0.0003
3869,1782034980,Cute Kitty Care,1,0.0003
3870,2021467978,Cyanide & Happiness - Freakpocalypse (Episode 1),1,0.0003
3871,1719811824,CyberCorp,1,0.0003
3872,1743082490,Cybo War,1,0.0003
3873,1638548722,Cyi3leritas,1,0.0003
3874,1967247017,Cynthia: Hidden in the Moonshadow,1,0.0003
3875,1033012343,D4: Dark Dreams Don't Die,1,0.0003
3876,1823511639,Dadish 2,1,0.0003
3877,1837368114,Dagon: Complete Edition,1,0.0003
3878,1723656651,Dance of Cards,1,0.0003
3879,822567888,Danger Zone,1,0.0003
3880,178127013,Danger Zone 2,1,0.0003
3881,1929985407,Daniel in Danger (Xbox Series),1,0.0003
3882,1798666879,Dark Deception: Monsters & Mortals,1,0.0003
3883,1972031627,Dark Deity 2,1,0.0003
3884,1985624416,Dark Nights with Poe and Munro,1,0.0003
3885,1959927913,Dark Quest 4,1,0.0003
3886,2072002724,Darkestville Castle Demo(n) Version,1,0.0003
3887,1840798387,DARKLAND III,1,0.0003
3888,2104321712,Dart World Tour,1,0.0003
3889,1707942446,Date Z,1,0.0003
3890,2038696401,Daymare: 1994 Sandcastle (Xbox one version),1,0.0003
3891,1611718894,DC League of Super-Pets: The Adventures of Krypto and Ace,1,0.0003
3892,327419539,de Blob,1,0.0003
3893,1798643426,Dead Age II,1,0.0003
3894,1872065352,Dead Dungeon,1,0.0003
3895,2025192986,Dead Dust,1,0.0003
3896,435507461,Dead Effect 2,1,0.0003
3897,1639461269,Dead End City,1,0.0003
3898,2109456271,Dead Man´s Diary,1,0.0003
3899,2055117989,Dead of Darkness,1,0.0003
3900,1989197819,Dead Pets Unleashed Demo,1,0.0003
3901,2075268737,Deadliest Catch: The Game,1,0.0003
3902,1480657513,Deadliest Warrior,1,0.0003
3903,1684075016,Deadlink,1,0.0003
3904,1837096770,Death's Gambit: Afterlife,1,0.0003
3905,1629199569,Death in the Water,1,0.0003
3906,1661364835,Death Kid,1,0.0003
3907,1909022139,Death Park: 4k Remaster,1,0.0003
3908,1480657547,DeathSpank: T.O.V.,1,0.0003
3909,1990927330,Debris Infinity,1,0.0003
3910,1966406017,Deceive Inc.,1,0.0003
3911,2077720221,Deep Deep Deep Nightmare,1,0.0003
3912,1625540177,Deep Immersion,1,0.0003
3913,1889204779,Deep Space Anomaly,1,0.0003
3914,1971145739,Deepest Trench,1,0.0003
3915,1743151630,Deiland: Pocket Planet,1,0.0003
3916,1697112419,Deliver Us Mars,1,0.0003
3917,1748074579,Delivery Driver Massacre,1,0.0003
3918,1729622594,Democracy 4: Console Edition,1,0.0003
3919,2088918777,Demolish & Build,1,0.0003
3920,2037049699,Demolish & Build 3,1,0.0003
3921,1864806620,Demon Hunter: Ascendance,1,0.0003
3922,1891294325,Demon Skin,1,0.0003
3923,1632750108,Demonschool,1,0.0003
3924,2095254091,Depth of Extinction,1,0.0003
3925,1786474570,Desert Quest,1,0.0003
3926,1829928670,Destroy All Humans! Demo,1,0.0003
3927,1929887286,Detail Detective,1,0.0003
3928,1735927363,DETECTIVE - Stella Porta case,1,0.0003
3929,1723600568,DETECTIVE - The Motel,1,0.0003
3930,1625099025,Detective Dotson Demo,1,0.0003
3931,1852909326,DeviLevel: Try Again,1,0.0003
3932,1901219549,Diablo® IV - Server Slam,1,0.0003
3933,1624344529,Diesel Legacy: The Brazen Age,1,0.0003
3934,1848024903,Dig Deep,1,0.0003
3935,1636827856,DiRT Rally 2.0,1,0.0003
3936,2144329170,Discolored,1,0.0003
3937,1974043980,Disney Classic Games: Aladdin and The Lion King,1,0.0003
3938,1981785404,Disney Illusion Island Starring Mickey and Friends,1,0.0003
3939,1980683662,DISORDER for Xbox,1,0.0003
3940,1962697172,Divekick,1,0.0003
3941,1915281423,DIY Fashion Star,1,0.0003
3942,2034093267,Doctor Who: The Edge of Reality,1,0.0003
3943,1935690934,Dog Man: Mission Impawsible,1,0.0003
3944,1669414236,Domino Royale,1,0.0003
3945,1860933161,Don't Touch this Button!,1,0.0003
3946,1087781956,Don Bradman Cricket,1,0.0003
3947,1842333247,Doodle God: Crime City Demo,1,0.0003
3948,1628599213,Doodle Mafia: Crime City,1,0.0003
3949,1858950011,Doodle Taxi,1,0.0003
3950,1112737777,DOOM 3 BFG Edition,1,0.0003
3951,2078926688,DOOM II (Classic),1,0.0003
3952,2100206304,DOOM: The Dark Ages Digital Artbook and Soundtrack,1,0.0003
3953,1793469167,Dorfromantik,1,0.0003
3954,2010409612,DOUBLE DRAGON,1,0.0003
3955,1884638750,DOUBLE DRAGON Ⅲ: The Sacred Stones,1,0.0003
3956,1641402901,Double Dragon Gaiden: Rise of the Dragons,1,0.0003
3957,1480659538,Double Dragon Neon,1,0.0003
3958,1921797214,Draconic Resurgence,1,0.0003
3959,2084687312,Dragon's Lair Trilogy,1,0.0003
3960,1864812821,Dragon Prana,1,0.0003
3961,1829106294,DRAGON QUEST® XI S: Echoes of an Elusive Age™ - Definitive Edition DEMO,1,0.0003
3962,2113273842,Dragon Ruins II,1,0.0003
3963,2013142116,Dragon Sinker: Descendants of Legend,1,0.0003
3964,1626229535,Dragon Snack (Xbox Series),1,0.0003
3965,2074456500,DragonFangZ - The Rose＆Dungeon of Time,1,0.0003
3966,1853020483,Draw a Stickman: EPIC 2 Xbox,1,0.0003
3967,1813766894,Draw a Stickman: EPIC 3,1,0.0003
3968,1787884301,Drawing Games: Draw & Color For Kids,1,0.0003
3969,1921123976,Dream Park Story,1,0.0003
3970,1616084661,Dreamcore Demo,1,0.0003
3971,1622387282,DreamWorks Dragons: Legends of The Nine Realms,1,0.0003
3972,2027359366,DreamWorks Spirit Lucky's Big Adventure,1,0.0003
3973,437034138,Drive On Moscow,1,0.0003
3974,1632079813,Drizzlepath: Picturae,1,0.0003
3975,1947615527,Drova - Forsaken Kin,1,0.0003
3976,1698843377,DUAL PATHS,1,0.0003
3977,1811960656,Duck Detective: The Ghost of Glamping,1,0.0003
3978,1861826241,Duck Simulator 2,1,0.0003
3979,1844836316,Dune: Imperium,1,0.0003
3980,1965615595,Dungeon Hunter 5,1,0.0003
3981,2131434126,Dungeon Minesweeper,1,0.0003
3982,1911906130,Dungeon Village 2,1,0.0003
3983,1771234675,Dungeons 4,1,0.0003
3984,2095638156,Duthie Hill Sim,1,0.0003
3985,170534167,Dying Light Demo,1,0.0003
3986,117434960,Dynamite Fishing - World Games,1,0.0003
3987,109913787,EARTHLOCK,1,0.0003
3988,1260456400,Earthlock: Festival of Magic,1,0.0003
3989,1480657378,Earthworm Jim HD,1,0.0003
3990,2035278481,Ed-0: Zombie Uprising,1,0.0003
3991,1874135365,EDENS ZERO,1,0.0003
3992,2044409240,Edgar Poe: Hidden Objects Game,1,0.0003
3993,1648619937,Edge of Eternity,1,0.0003
3994,1996027459,Educational Games for Kids (Cross-Buy),1,0.0003
3995,1754599828,Edward (The Game) Sh... Don't tell nobody.,1,0.0003
3996,2143134995,"El Paso, Elsewhere",1,0.0003
3997,2096194619,Electronics Puzzle Lab 2,1,0.0003
3998,1893352474,Elemental War 2,1,0.0003
3999,1931870677,Elon and the Divine Proof,1,0.0003
4000,1954570917,Emergency Ambulance Simulator,1,0.0003
4001,1813682828,Emerland Solitaire 2 Card Game,1,0.0003
4002,651709478,Emily Wants to Play Too,1,0.0003
4003,2129002058,ENDER MAGNOLIA: Bloom in the Mist,1,0.0003
4004,1799391615,Endless Fables: Dark Moor (Xbox One Version),1,0.0003
4005,1985585702,Endzone - A World Apart: Survivor Edition,1,0.0003
4006,2090245519,Eriksholm: The Stolen Dream,1,0.0003
4007,1263339518,Escape Dead Island,1,0.0003
4008,1937905739,Espresso Tycoon,1,0.0003
4009,1753276383,Eternal Evil,1,0.0003
4010,1930739017,Eternity: The Last Unicorn,1,0.0003
4011,2113194722,Eternum Ex',1,0.0003
4012,919003597,Ethan: Meteor Hunter,1,0.0003
4013,1648906760,Everdream Valley,1,0.0003
4014,1835039546,Everhood: Eternity Edition,1,0.0003
4015,968775939,EVERSPACE™,1,0.0003
4016,1828736918,Evil Nun: The Broken Mask,1,0.0003
4017,1998107412,ExitMan Deluxe,1,0.0003
4018,1614221632,ExoCross,1,0.0003
4019,2039495553,EXODUS,1,0.0003
4020,1843945719,Exodus: Creepy Time,1,0.0003
4021,1983090774,Extreme Bowling Challenge,1,0.0003
4022,1872513199,Extreme Jogging,1,0.0003
4023,2011233781,F1® 2019 PC,1,0.0003
4024,2034535389,F1® Manager 2023,1,0.0003
4025,750338097,Fable Fortune,1,0.0003
4026,1928112883,Fabledom,1,0.0003
4027,1846550336,Factory Escape,1,0.0003
4028,1983258838,Fae Tactics,1,0.0003
4029,1836570582,Faeria,1,0.0003
4030,2012695026,Faircroft's Antiques: The Mountaneer's Legacy Collector's Edition,1,0.0003
4031,1895194085,Fallout 2,1,0.0003
4032,1651975869,FANTASIAN Neo Dimension,1,0.0003
4033,1941040153,Farm for your Life demo,1,0.0003
4034,1861337590,Farmer's Life,1,0.0003
4035,1624886259,Farming Simulator 14,1,0.0003
4036,1725433374,Farming Simulator 16,1,0.0003
4037,495246139,FAST & FURIOUS CROSSROADS,1,0.0003
4038,1666273703,Fast & Furious: Spy Racers Rise of SH1FT3R,1,0.0003
4039,1680223788,FATAL FRAME II: Crimson Butterfly REMAKE,1,0.0003
4040,1837221982,FATAL FURY: City of the Wolves OPEN β TEST,1,0.0003
4041,1775857297,FatalZone,1,0.0003
4042,1882395273,Fear the Spotlight,1,0.0003
4043,144125902,Fearful Symmetry & the Cursed Prince,1,0.0003
4044,1672045983,Feather,1,0.0003
4045,1976977433,Fell Seal: Arbiter's Mark,1,0.0003
4046,2041914388,Fight'N Rage,1,0.0003
4047,1942567098,Fight Time,1,0.0003
4048,719720294,Figment: Journey Into the Mind,1,0.0003
4049,1889880451,FINAL FANTASY XIII,1,0.0003
4050,748221219,FINAL FANTASY XV EPISODE DUSCAE,1,0.0003
4051,982272847,FINAL FANTASY XV POCKET EDITION HD,1,0.0003
4052,1708948752,Finding America: The Heartland Collector's Edition,1,0.0003
4053,1779729826,Fire Engine Simulator,1,0.0003
4054,1962339231,Firegirl: Hack 'n Splash Rescue DX,1,0.0003
4055,1752960308,Fishdom,1,0.0003
4056,1918596466,Fit and Fry (Windows),1,0.0003
4057,1639648322,Fit My Cat,1,0.0003
4058,1811171522,FIVE NIGHTS WITH CREG,1,0.0003
4059,1848301012,Flaskoman,1,0.0003
4060,2094243825,Flaws in the People We Love,1,0.0003
4061,2093758729,Fling to the Finish,1,0.0003
4062,1623391709,Flock,1,0.0003
4063,2084886611,Flowers - Color by Numbers,1,0.0003
4064,1791067482,Flowers by POWGI,1,0.0003
4065,1711202314,Flying Fish,1,0.0003
4066,1757667844,Food Truck Simulator,1,0.0003
4067,1674804687,Football Cup 2022,1,0.0003
4068,1893921184,Football Guy,1,0.0003
4069,1712769195,Football Manager 2022 Xbox Edition,1,0.0003
4070,1636389490,Football Mini Stars,1,0.0003
4071,1944745268,"Football, Tactics & Glory",1,0.0003
4072,2021894836,Forbidden Forgiveness Demo,1,0.0003
4073,1855976859,Forest Camp Story,1,0.0003
4074,2034240306,Forest Escape,1,0.0003
4075,1882538785,Forgive Me Father 2,1,0.0003
4076,2056182958,Forklift Extreme: Deluxe Edition,1,0.0003
4077,1997091659,Forspoken,1,0.0003
4078,1862175573,Fort Triumph,1,0.0003
4079,981972052,Forza Motorsport 6: Apex,1,0.0003
4080,2101199514,Fragmented time (DEMO),1,0.0003
4081,1738410270,Free Baccarat,1,0.0003
4082,1895328701,FreeCell Solitaire!!,1,0.0003
4083,1677365393,Fresh Start,1,0.0003
4084,1480657553,From Dust™,1,0.0003
4085,1701705707,From Space,1,0.0003
4086,1816166604,FRONT MISSION 1st: Remake,1,0.0003
4087,2055192299,FRONT MISSION 2: Remake,1,0.0003
4088,1741490588,Fruit Adventure (Windows 10),1,0.0003
4089,1864738769,Fruit Adventure (Xbox Series),1,0.0003
4090,1670249614,Fruit Adventure Returns (Windows),1,0.0003
4091,1724850380,Fruit Adventure Returns (Xbox Series),1,0.0003
4092,1900462811,FTL: Faster Than Light,1,0.0003
4093,2090461480,Fuga: Melodies of Steel,1,0.0003
4094,1978204673,Full Metal Furies,1,0.0003
4095,1686694199,Full Metal Sergeant,1,0.0003
4096,2116769488,Funny Animal Cafe,1,0.0003
4097,1748273304,Funtoon's World Demo,1,0.0003
4098,2027986430,Fury Unleashed,1,0.0003
4099,1769451351,Gabriels Worlds The Adventure,1,0.0003
4100,1643768709,Gabriels Worlds The Adventure (Xbox Series),1,0.0003
4101,1670160457,Gaijin Charenji 1 : Kiss or Kill,1,0.0003
4102,1480657083,Galaga Legions,1,0.0003
4103,1908509778,Galaxy Champions TV,1,0.0003
4104,1961460766,Galaxy Kingdoms,1,0.0003
4105,1922924876,Galaxy Shooter DX,1,0.0003
4106,1674087678,Gangs of Sherwood,1,0.0003
4107,2007728129,Gangsta Paradise,1,0.0003
4108,1629973687,Garden Life: A Cozy Simulator,1,0.0003
4109,1992947450,Garden Story,1,0.0003
4110,2099142878,Gav-Gav Odyssey,1,0.0003
4111,1977271237,Gears of War: Reloaded Beta,1,0.0003
4112,1480660051,Geometry Wars™ 3: Dimensions Evolved,1,0.0003
4113,1802905643,Ghost Files: The Face of Guilt (Xbox Version),1,0.0003
4114,1881258316,Ghost Song,1,0.0003
4115,1480657545,Ghostbusters: Sanctum of Slime,1,0.0003
4116,1734964144,Ghosts 'n Goblins Resurrection,1,0.0003
4117,1764179402,Ghoulie's Garden,1,0.0003
4118,1296697304,GHP2,1,0.0003
4119,1868247544,Gigantosaurus The Game,1,0.0003
4120,1989416528,Gimmick! 2,1,0.0003
4121,1768725797,Girls of the Tower,1,0.0003
4122,1941242183,Glass Masquerade 2,1,0.0003
4123,1767909920,Glyphs of Gitzan,1,0.0003
4124,873668700,Gnomes Garden,1,0.0003
4125,951744180,Gnomes Garden 2,1,0.0003
4126,1696012554,Goat Simulator Windows 10,1,0.0003
4127,317243501,God's Trigger,1,0.0003
4128,1995619397,God of Rock,1,0.0003
4129,1703059239,God of Weapons,1,0.0003
4130,1649219414,Golazo! 2,1,0.0003
4131,1960569547,Gold Chest Hunter,1,0.0003
4132,1763005721,Golden Tee Arcade Classics,1,0.0003
4133,2058395991,Golf Guys,1,0.0003
4134,1764365251,Golf Up,1,0.0003
4135,1723935469,Golf vs Zombies,1,0.0003
4136,1480657057,Golf: Tee It Up!,1,0.0003
4137,2079183119,Gord,1,0.0003
4138,1977804752,Gothic Classic,1,0.0003
4139,1297287358,Grabbed by the Ghoulies™,1,0.0003
4140,1696466008,GRAVEN,1,0.0003
4141,930854245,Grim Legends 2: Song of the Dark Swan,1,0.0003
4142,373947424,Grim Legends 3: The Dark City,1,0.0003
4143,275687140,Grim Legends: The Forsaken Bride,1,0.0003
4144,1759027413,Grim Legends: The Forsaken Bride (Xbox Series Edition),1,0.0003
4145,1737875841,GRIME,1,0.0003
4146,1863069160,Grindstone,1,0.0003
4147,1480657054,GripShift,1,0.0003
4148,1821397642,GRIS,1,0.0003
4149,2012856537,Grotto,1,0.0003
4150,1744600653,Grow: Song of the Evertree,1,0.0003
4151,2139862020,GT Racing 2: The Real Car Experience,1,0.0003
4152,2018425452,Guacamelee! 2,1,0.0003
4153,1973819083,Guards,1,0.0003
4154,2066265419,Gummy Paradise: Match 3 Games,1,0.0003
4155,1974461978,GUNBIRD 2,1,0.0003
4156,27466162,Gunscape,1,0.0003
4157,1746098330,GUNVOLT RECORDS: Cychronicle,1,0.0003
4158,1687529145,Gvina's Space Adventure,1,0.0003
4159,606152324,GWENT: The Witcher Card Game,1,0.0003
4160,1763286098,Habitat Shapes (Xbox One),1,0.0003
4161,1813853909,Habitat Shapes (Xbox Series),1,0.0003
4162,1685452800,Hairdresser Simulator,1,0.0003
4163,1928525856,Halo: MCC Insider,1,0.0003
4164,2122543949,Halo: Spartan Strike,1,0.0003
4165,1779148468,Hand in Hand,1,0.0003
4166,1822336858,Hand of Fate,1,0.0003
4167,811328231,Handball 17,1,0.0003
4168,1635138763,Hannah,1,0.0003
4169,1668145960,Happi Basudei,1,0.0003
4170,446096627,Hard Reset Redux,1,0.0003
4171,1731861322,Harmony's Odyssey,1,0.0003
4172,1780268897,Harvest Moon: Light of Hope SE Complete,1,0.0003
4173,1683854838,Harvest Moon: The Winds of Anthos,1,0.0003
4174,1744137265,Hatsune Miku Logic Paint S,1,0.0003
4175,1792377572,Hauntii,1,0.0003
4176,2032390046,Hearts Free !,1,0.0003
4177,1782845794,Hearts of Iron IV,1,0.0003
4178,2125426064,Heavy Metal Machines,1,0.0003
4179,1779326597,Heidelberg 1693,1,0.0003
4180,1670362756,Heliborne,1,0.0003
4181,1742067174,Hell is Us - Art Pack,1,0.0003
4182,1928781153,Hellboy Web of Wyrd,1,0.0003
4183,2092983847,Hello Neighbor 2 Alpha 1,1,0.0003
4184,1986686957,Hello Zombies,1,0.0003
4185,1950272122,Hellpoint,1,0.0003
4186,1760815176,Hero's Hour,1,0.0003
4187,395401839,Hero Defense,1,0.0003
4188,2003316298,Hexa River,1,0.0003
4189,2124184622,Hidden City: Hidden Object Adventure,1,0.0003
4190,1667810067,Hidden Kittens: Kingdom of Cats,1,0.0003
4191,1762620596,Hidden Shapes: Cat Realm + Trick or Cats,1,0.0003
4192,1740086827,Hide 'N Seek!,1,0.0003
4193,1649498400,Highwater,1,0.0003
4194,1750899109,Highway Racer,1,0.0003
4195,446981050,Hitman: Absolution HD,1,0.0003
4196,331529974,Hitman: Blood Money HD,1,0.0003
4197,2056748167,Home Sheep Home: Farmageddon Party Edition,1,0.0003
4198,1069384604,Home Sweet Home,1,0.0003
4199,1657530068,Homescapes,1,0.0003
4200,1966804514,Homestead Arcana,1,0.0003
4201,2097297067,Hooked Inc - Fishing Idle,1,0.0003
4202,1876649278,HordeCore Console Edition,1,0.0003
4203,1775797026,Horizon Chase 2,1,0.0003
4204,1884310436,Hot Springs Story,1,0.0003
4205,1842354344,Hot Wheels Let's Race™: Ultimate Speed,1,0.0003
4206,2005647110,Hot.Pursuit,1,0.0003
4207,2032696661,Hotel: A Resort Simulator,1,0.0003
4208,1691373298,House Fighters: Total Mess,1,0.0003
4209,1641368913,House Fighters: Total Mess Demo,1,0.0003
4210,1827075606,Human Zoo Tycoon,1,0.0003
4211,1498810322,Hunter: The Reckoning,1,0.0003
4212,1480657391,Hydrophobia,1,0.0003
4213,1935779345,HyperDot,1,0.0003
4214,1753433222,Hyposphere 2 Free,1,0.0003
4215,2121552083,I'm in Love With Your Dead Grandmother,1,0.0003
4216,1986217968,"I, AI",1,0.0003
4217,299988825,Ice Age Scrat's Nutty Adventure,1,0.0003
4218,2111610579,Icebound Secrets: The Frostwood Bane,1,0.0003
4219,1714846648,Icy Gifts,1,0.0003
4220,1910949734,Icy Gifts (Xbox One),1,0.0003
4221,1480657016,Ikaruga,1,0.0003
4222,1866860885,Imposter Sort Puzzle,1,0.0003
4223,2062963051,In rays of the Light,1,0.0003
4224,1672730245,In Sound Mind,1,0.0003
4225,2073364771,In The Abyss,1,0.0003
4226,1944855646,Incantation Demo,1,0.0003
4227,1654140051,Indiana Jones and the Great Circle™: Digital Artbook,1,0.0003
4228,1686154202,Indoor Kickball,1,0.0003
4229,1910781215,Industria,1,0.0003
4230,1779354193,Infernax,1,0.0003
4231,364529562,Infinite Air with Mark McMorris,1,0.0003
4232,1882806784,Infinite Survival (Land / Sea / Space) Demo,1,0.0003
4233,1981290513,Instant War: Ultimate Warfare,1,0.0003
4234,2084260042,Insurmountable,1,0.0003
4235,1743879153,Inukari - Chase of Deception,1,0.0003
4236,2128134067,INVECTOR: RHYTHM GALAXY,1,0.0003
4237,2120617189,Invincible VS,1,0.0003
4238,2100171650,ION Shift,1,0.0003
4239,2054032545,Iris Fall,1,0.0003
4240,1866354476,Iron Harvest (Windows),1,0.0003
4241,1816222485,Iron Heart,1,0.0003
4242,2062191225,Iron Meat,1,0.0003
4243,1916274144,Iron Sea Defenders,1,0.0003
4244,1824926910,Iron Snout,1,0.0003
4245,2106995952,Island Cities - Jigsaw Puzzle,1,0.0003
4246,1757844217,Islanders,1,0.0003
4247,1684439879,Islets,1,0.0003
4248,2144202179,Jackpot Wins -Slots Casino,1,0.0003
4249,1750788653,Jagged Alliance 3,1,0.0003
4250,718727066,Jagged Alliance: Rage!,1,0.0003
4251,1759236304,Jewel Match Solitaire 2 Collector's Edition,1,0.0003
4252,1480656874,Jewel Quest,1,0.0003
4253,1670239880,Jewels of the Wild West: Match 3 Puzzle Game,1,0.0003
4254,1980550650,Jigsaw Puzzle Mania,1,0.0003
4255,1938009533,Jigsaw Puzzles Blocks,1,0.0003
4256,1694319285,Jigsaw Puzzles Hexa,1,0.0003
4257,2011185783,Jigsaw Puzzles Pro - Jigsaw Puzzle Games,1,0.0003
4258,1853152783,Jitsu Squad,1,0.0003
4259,1480659446,Joe Danger 2: The Movie,1,0.0003
4260,1480659445,Joe Danger Special Edition,1,0.0003
4261,668950127,Joe Dever’s Lone Wolf Console Edition,1,0.0003
4262,786868977,Jotun: Valhalla Edition,1,0.0003
4263,1802732353,Jumbo Airport Story,1,0.0003
4264,1649883054,Jump Man,1,0.0003
4265,1656041877,Just a Little Purr Suit (Xbox One),1,0.0003
4266,1981325639,Just a Little Purr Suit (Xbox Series),1,0.0003
4267,1396901845,Just Cause,1,0.0003
4268,1006362568,Just Dance 2014,1,0.0003
4269,101636728,Just Dance 2017® Demo,1,0.0003
4270,1847331312,Just Dance® 2020 Demo,1,0.0003
4271,2121049988,Just Dance® 2021 (Xbox Series X|S),1,0.0003
4272,1805643411,Justice Chronicles,1,0.0003
4273,1873447830,KAKU - Ancient Seal,1,0.0003
4274,1849548443,Kamikaze Lassplanes,1,0.0003
4275,1833296585,Kanjozoku Game - レーサーCar Racing & Highway Driving Simulator Games,1,0.0003
4276,1871788890,Kao the Kangaroo,1,0.0003
4277,1673712997,KARMA: The Dark World,1,0.0003
4278,1869923276,Katana ZERO,1,0.0003
4279,1799169782,Kawaii Girls Panic,1,0.0003
4280,1751090642,Kaze and the Wild Masks,1,0.0003
4281,1647262896,Kevin,1,0.0003
4282,646403599,Kholat,1,0.0003
4283,2100315886,KIBORG DEMO,1,0.0003
4284,1617275027,Kids Bingo,1,0.0003
4285,2122482173,Kids Games: For Toddlers 3-5,1,0.0003
4286,1849860727,Kids Learn Demo,1,0.0003
4287,1817077599,Kill The Brickman,1,0.0003
4288,1448544214,KILLER IS DEAD,1,0.0003
4289,2060680883,King Arthur: Legion IX,1,0.0003
4290,1431504851,King Kong,1,0.0003
4291,1703270586,Kingdom Come: Deliverance,1,0.0003
4292,1712709524,KINGDOM HEARTS Melody of Memory (International),1,0.0003
4293,1992283783,Kingdom Rush Origins,1,0.0003
4294,1858227815,Kiting Cat,1,0.0003
4295,1745241155,Kitten Island (Xbox Series),1,0.0003
4296,1716222897,Kitty's Adventure for XBox One,1,0.0003
4297,973293235,Kitty Powers' Matchmaker,1,0.0003
4298,1636503815,Klondike Solitaire PLUS,1,0.0003
4299,2090287182,KLONOA Phantasy Reverie Series,1,0.0003
4300,1772590269,Knight with Tactics,1,0.0003
4301,1674517129,Knights of Pen & Paper 2 Deluxiest Edition,1,0.0003
4302,1954010860,Knock on the Coffin Lid,1,0.0003
4303,1039363526,Kona,1,0.0003
4304,1619851133,Kraken Odyssey,1,0.0003
4305,1835972815,KungFu Kickball Demo,1,0.0003
4306,1886388305,Kunitsu-Gami: Path of the Goddess,1,0.0003
4307,1890415328,Lab Crisis (for Windows 10),1,0.0003
4308,1933617285,Labyrinth Of The Demon King,1,0.0003
4309,1642491282,Lamentum,1,0.0003
4310,1998770794,Landnama,1,0.0003
4311,2085483269,Lawn Mowing Simulator: Xbox Summer Game Demo,1,0.0003
4312,2107556397,Layers of Fear 2,1,0.0003
4313,2118709517,Legend of Keepers: Career of a Dungeon Manager,1,0.0003
4314,1959526427,Legendary Tales 1: Stolen Life,1,0.0003
4315,1721208918,Legends Aligned: Minis in Conflict (Windows),1,0.0003
4316,1992528067,Let's Cook Together,1,0.0003
4317,1615612677,Let's Cook Together 2,1,0.0003
4318,1616802859,Let's Sing 2026 with German Hits,1,0.0003
4319,1733855853,Let's Sing Country,1,0.0003
4320,2051461804,Lethal Honor - Order of the Apocalypse,1,0.0003
4321,257790124,Lethal League,1,0.0003
4322,443209874,Lichdom: Battlemage,1,0.0003
4323,1715583830,Light-It Up,1,0.0003
4324,1397819419,LIGHTNING RETURNS FFXIII,1,0.0003
4325,1625997162,Liminal Department,1,0.0003
4326,1900298867,Little Bear,1,0.0003
4327,1632174576,Little Big Adventure - Twinsen's Quest - Demo,1,0.0003
4328,1689936313,Little Big Workshop,1,0.0003
4329,1648532653,Little Droid,1,0.0003
4330,1970089130,Little Helper Cafe,1,0.0003
4331,1689956904,Little Helper Cafe (Xbox One),1,0.0003
4332,1947329701,Little Kingdom RTS,1,0.0003
4333,1973854583,Little Kite Demo,1,0.0003
4334,1936213191,Little Nightmares Enhanced Edition,1,0.0003
4335,1778148060,Little Witch in the Woods,1,0.0003
4336,779348826,Livelock,1,0.0003
4337,1708765298,Local Multiplayer Squares,1,0.0003
4338,1907201549,Lonely Guardian (Xbox Series),1,0.0003
4339,1661176840,Long Ago: A Puzzle Tale,1,0.0003
4340,1763868009,Long Gone Days,1,0.0003
4341,1815123311,Loop8: Summer of Gods,1,0.0003
4342,1927206867,Lornsword Winter Chronicle,1,0.0003
4343,1798206513,Lost Eidolons,1,0.0003
4344,1648660389,Lost Eidolons: Veil of the Witch,1,0.0003
4345,1876590974,lost in that room,1,0.0003
4346,2061418277,Lost Ruins,1,0.0003
4347,1693943612,Lost Snowmen,1,0.0003
4348,2104061721,Lovecraft's Untold Stories,1,0.0003
4349,1480656888,LUMINES LIVE!,1,0.0003
4350,1939311511,Lunacy: Saint Rhodes,1,0.0003
4351,2095111834,Luto,1,0.0003
4352,1480656909,Luxor 2,1,0.0003
4353,2082382492,Machinarium,1,0.0003
4354,1675504069,Mafia: Definitive Edition (Windows PC),1,0.0003
4355,1771692983,Magazine Mogul,1,0.0003
4356,1480657727,Magic 2012,1,0.0003
4357,1480659653,Magic 2014 — Duels of the Planeswalkers,1,0.0003
4358,1851150269,Magic of Runes: Hidden Object Games,1,0.0003
4359,1480656992,Magic: The Gathering,1,0.0003
4360,1963895710,Magical Delicacy,1,0.0003
4361,2037391049,Magical Girls vs Cat Aliens,1,0.0003
4362,1681372004,Magnin Casino Challenge,1,0.0003
4363,1899935781,Mahjong Free !,1,0.0003
4364,1773723817,Maiden Cops,1,0.0003
4365,32489944,Maize,1,0.0003
4366,1313086303,Make it Rain: The Love of Money,1,0.0003
4367,1635974926,Malachite: Temple of the Sun,1,0.0003
4368,1673627940,Manor Matters,1,0.0003
4369,1921177861,Marathon,1,0.0003
4370,1773704351,Marble It Up! Ultra - Demo,1,0.0003
4371,1760575146,Marble Mission,1,0.0003
4372,2109651079,March of Empires: War of Lords,1,0.0003
4373,2106143929,Marfusha,1,0.0003
4374,1776434181,Marine Survivors (Xbox Series),1,0.0003
4375,908941238,Mark of the Ninja: Remastered,1,0.0003
4376,1918742857,Mars Horizon,1,0.0003
4377,2135914716,Marshmallow Marvin: Greenwood (Xbox One),1,0.0003
4378,1691007666,Marshmallow Marvin: Timberfall (Xbox One),1,0.0003
4379,2117648871,Martha Is Dead,1,0.0003
4380,1029188769,Marvel’s Guardians of the Galaxy: The Telltale Series - Episode 1,1,0.0003
4381,2070387189,Massi,1,0.0003
4382,433988710,MASSIVE CHALICE,1,0.0003
4383,1935548464,Master Detective Archives: RAIN CODE Plus,1,0.0003
4384,1955271286,Master of BOOM,1,0.0003
4385,2067424673,MasterChef: Learn to Cook!,1,0.0003
4386,1698192470,Matchbox™ Driving Adventures,1,0.0003
4387,2128750028,Math Games: Math for Kids,1,0.0003
4388,1960412432,Math Kids: Math Games For Kids,1,0.0003
4389,1760739818,Mato Anomalies,1,0.0003
4390,1737564745,Matsuro Palette,1,0.0003
4391,217420079,Maximum Football 2018,1,0.0003
4392,1635154692,Maximum Football 2019,1,0.0003
4393,1749356989,Maximum Football 2020,1,0.0003
4394,1883267131,Mecha BREAK demo,1,0.0003
4395,2100895881,Mechstermination Force,1,0.0003
4396,1480657194,MEGA MAN 9,1,0.0003
4397,1749440700,Mekorama,1,0.0003
4398,1638903610,Meow Moments: Celebrating Beats & Books,1,0.0003
4399,1625774388,Meow Moments: Celebrating Renewal & Romance,1,0.0003
4400,1897867844,Meowsterpiece Museum,1,0.0003
4401,1772597205,METAL GEAR SOLID: MASTER COLLECTION Vol.1 BONUS CONTENT,1,0.0003
4402,2038862929,Metal Mind,1,0.0003
4403,2098975173,Metal Wolf Chaos XD,1,0.0003
4404,1886592223,Metal: Hellsinger (Xbox One),1,0.0003
4405,1660733075,Metro Exodus (Windows),1,0.0003
4406,1637283983,METRO QUESTER,1,0.0003
4407,2089740731,Metro: Last Light Redux,1,0.0003
4408,1297290225,Microsoft Mahjong,1,0.0003
4409,1630329125,Miden Tower,1,0.0003
4410,1848425097,Mighty Goose,1,0.0003
4411,813999960,Milanoir,1,0.0003
4412,2102539628,Milli & Greg,1,0.0003
4413,2091473091,Mimi the Cat: Mimi's Scratcher,1,0.0003
4414,1708501931,Mimi the Cat: New Friends,1,0.0003
4415,1816010482,MindSeize (Xbox Series X|S),1,0.0003
4416,2008278077,Mine & Build: Factory Management,1,0.0003
4417,2051473600,Mineko's Night Market,1,0.0003
4418,2098711695,Mini Words,1,0.0003
4419,1954760880,Minigolf Adventure,1,0.0003
4420,1834838234,Mining farm Beta,1,0.0003
4421,284143677,Momodora: Reverie Under the Moonlight,1,0.0003
4422,1480657469,Monday Night Combat,1,0.0003
4423,2128075254,Monica e a Guarda dos Coelhos,1,0.0003
4424,1480657491,Monkey Island 2: SE,1,0.0003
4425,1001994417,Monkey King Saga,1,0.0003
4426,2009391240,MONOPOLY Poker,1,0.0003
4427,458470194,Monster Boy and the Cursed Kingdom,1,0.0003
4428,2037531309,Monster Crown,1,0.0003
4429,1699829016,Monster Hunter Stories 3: Twisted Reflection,1,0.0003
4430,1908333103,Monster Hunter Wilds Beta test,1,0.0003
4431,703886774,Monster Jam: Crush It!,1,0.0003
4432,2025687845,Monster Prom 3: Monster Roadtrip XXL,1,0.0003
4433,2128710093,Monster Sanctuary (Windows Version),1,0.0003
4434,2131173467,Monster Survivors,1,0.0003
4435,1983830877,Monster Truck Championship Xbox Series X|S,1,0.0003
4436,1806886066,Monument Valley,1,0.0003
4437,1884399750,Monument Valley 3,1,0.0003
4438,688816924,Moon Hunters,1,0.0003
4439,2139970300,Moonglow Bay,1,0.0003
4440,1960491525,Morbid: The Lords of Ire,1,0.0003
4441,1766988078,Morkredd,1,0.0003
4442,868634651,Mortal Kombat 11 Beta,1,0.0003
4443,1842719397,Mothership Forever,1,0.0003
4444,1423533994,MotoGP™15,1,0.0003
4445,284212046,MotoGP™18,1,0.0003
4446,2079227086,MotoGP™20,1,0.0003
4447,1685476854,Motorcycle Mechanic Simulator 2021,1,0.0003
4448,1718758540,Moving Out Demo,1,0.0003
4449,1827932620,Mr Jumper !,1,0.0003
4450,1854983612,Mr. Brocco and Co.,1,0.0003
4451,2069437644,Mr. DRILLER DrillLand Demo,1,0.0003
4452,1856726040,Mr. Massagy: Mayo Edition,1,0.0003
4453,1959884647,Mr.Slime in Dungeon,1,0.0003
4454,1640711877,MUDANG: Two Hearts,1,0.0003
4455,115698273,Mulaka,1,0.0003
4456,1663499633,Mushroom Quest,1,0.0003
4457,475230186,MX Nitro,1,0.0003
4458,1696839999,MXGP 24: The Official Game,1,0.0003
4459,1713297760,My Brother Rabbit,1,0.0003
4460,444406800,My Little Riding Champion,1,0.0003
4461,2078262992,My Time at Sandrock Online,1,0.0003
4462,1870551425,My Universe - My Baby,1,0.0003
4463,1893545198,MySims™ Kingdom,1,0.0003
4464,1875292753,Mystery of the Opera: The Phantom's Secret,1,0.0003
4465,1653598311,Mystic Pathways (Windows),1,0.0003
4466,2108394919,Mystic Thief - Elemental Conquest (Xbox Series X/S),1,0.0003
4467,2092209274,Mystical Mixing,1,0.0003
4468,1653999253,MythForce,1,0.0003
4469,1825993656,MyWhoosh HD,1,0.0003
4470,1651407582,Naheulbeuk's Dungeon Master,1,0.0003
4471,1862035245,NAMCO MUSEUM® ARCHIVES Vol 2,1,0.0003
4472,2134452185,Napoleon Maiden Episode.1 A maiden without the word impossible,1,0.0003
4473,591141110,Narcos: Rise of the Cartels,1,0.0003
4474,1759805434,Narita Boy,1,0.0003
4475,1756150140,NBA 2K21 Demo,1,0.0003
4476,368028447,NBA LIVE 18 DEMO,1,0.0003
4477,2016822482,Neckbreak,1,0.0003
4478,1480657439,NEOGEO BATTLE COLISEUM,1,0.0003
4479,1713716935,Neon Block Adventure,1,0.0003
4480,1978748343,Neon Chrome Overseer Edition,1,0.0003
4481,2093020385,Neon Inferno Demo,1,0.0003
4482,1813201689,Neptunia: Sisters VS Sisters,1,0.0003
4483,157973080,NeuroVoider,1,0.0003
4484,2086432768,Neva,1,0.0003
4485,1480656949,NEW RALLY-X,1,0.0003
4486,772540041,Next Up Hero,1,0.0003
4487,1453931824,NHL® 15 Downloadable Demo,1,0.0003
4488,1619386237,Nick Jr. Party Adventure,1,0.0003
4489,594585699,Nidhogg 2,1,0.0003
4490,1397819368,NIER,1,0.0003
4491,1813525377,Night Ranger,1,0.0003
4492,1745491441,Nikoderiko: The Magical World - Demo,1,0.0003
4493,1722783618,Ninja Escape Danger,1,0.0003
4494,2013083896,NINJA GAIDEN: Ragebound,1,0.0003
4495,1768552103,Ninja Village,1,0.0003
4496,2043833523,Nippon Marathon,1,0.0003
4497,1614603315,NO LAW,1,0.0003
4498,1814825729,No More Heroes 3,1,0.0003
4499,1991040607,No Place Like Home,1,0.0003
4500,1779217161,No Son Of Mine,1,0.0003
4501,1725452465,No Sun To Worship,1,0.0003
4502,1910835207,No Time to Relax,1,0.0003
4503,1705964057,Nongunz: Doppelganger Edition,1,0.0003
4504,1835223085,Not For Broadcast,1,0.0003
4505,1480656873,Novadrome,1,0.0003
4506,1856761311,Oakbound Quest,1,0.0003
4507,1802716291,Oakbound Quest (Windows),1,0.0003
4508,1693043906,Oakbound Quest (Xbox One),1,0.0003
4509,54254179,Oceanhorn - Monster of Uncharted Seas,1,0.0003
4510,1849931750,Offroad Mechanic Simulator,1,0.0003
4511,1868901412,Offroad Racing - Buggy X ATV X Moto,1,0.0003
4512,202265903,Oh...Sir! The Hollywood Roast,1,0.0003
4513,1764133092,OlliOlli World,1,0.0003
4514,1681858755,OMORI,1,0.0003
4515,1989157631,Once Human,1,0.0003
4516,2091966671,Once Upon a Jester,1,0.0003
4517,1756731867,One Step From Eden,1,0.0003
4518,1964152695,OneShot: World Machine Edition,1,0.0003
4519,1207405244,Onigiri,1,0.0003
4520,926156714,Onimusha: Warlords,1,0.0003
4521,524055637,ONRUSH BETA,1,0.0003
4522,118591686,ONRUSH™,1,0.0003
4523,1793239917,Ooblets,1,0.0003
4524,2074508136,Open Country,1,0.0003
4525,1762554040,Open Roads,1,0.0003
4526,1810897784,OpenTTD (official),1,0.0003
4527,2128728875,Operation: Tango,1,0.0003
4528,1900144841,Orbital Industries,1,0.0003
4529,1480659435,Orcs Must Die!,1,0.0003
4530,1930773857,OurSweeper,1,0.0003
4531,1904294237,Outcast - A New Beginning,1,0.0003
4532,1480657413,Outland,1,0.0003
4533,2088993727,Outlaws + Handful of Missions: Remaster,1,0.0003
4534,2096627692,Overdrive Blaster,1,0.0003
4535,1869570692,Overdrive Blaster (Xbox Series X|S),1,0.0003
4536,2007566467,Overdrive City,1,0.0003
4537,24798620,Overload,1,0.0003
4538,35717019,Oxenfree,1,0.0003
4539,2068089031,PACMAN#,1,0.0003
4540,1872909609,Pad Quad (Xbox Series),1,0.0003
4541,2008358711,Painkiller,1,0.0003
4542,1694192867,Paint the Town Red SGDemo,1,0.0003
4543,1889135706,Panda Bamboo Adventure (Windows),1,0.0003
4544,1820804101,Panda Bamboo Adventure (Xbox One),1,0.0003
4545,348018268,Pang Adventures,1,0.0003
4546,2115269293,Panzer Dragoon: Remake,1,0.0003
4547,2038137251,Paper Cut Mansion,1,0.0003
4548,2041098926,Paper Glider,1,0.0003
4549,1654902688,Parkitect: Deluxe Edition,1,0.0003
4550,1909664745,ParkourLand Elite 2,1,0.0003
4551,2000145726,Party Arcade,1,0.0003
4552,1627505072,Party Arcade Enhanced Edition,1,0.0003
4553,916339986,Party Hard,1,0.0003
4554,1664180760,Passage 4 free Live,1,0.0003
4555,823436626,Path of Exile (Beta),1,0.0003
4556,1986472488,PAW Patrol™ Rescue Wheels™: Championship,1,0.0003
4557,1775966138,PBA Pro Bowling 2021,1,0.0003
4558,1739902381,PBA Pro Bowling 2026,1,0.0003
4559,1949535961,Peepaw's Farm,1,0.0003
4560,1691501118,Peglin,1,0.0003
4561,1881287055,Perennial Order,1,0.0003
4562,1990620316,Persona 4 Revival,1,0.0003
4563,1642978235,Pet Show,1,0.0003
4564,2019497377,Petite Adventure,1,0.0003
4565,1924033897,Pets Hidden In The Office,1,0.0003
4566,1480659549,Phantom Breaker:Battle Grounds,1,0.0003
4567,1032585022,Phantom Doctrine,1,0.0003
4568,267248679,Phantom Dust,1,0.0003
4569,1706040396,Phantom Fury,1,0.0003
4570,1828315114,Physics Sandbox X,1,0.0003
4571,1760385479,Pile Up! Box by Box,1,0.0003
4572,2000755196,Pinball Star,1,0.0003
4573,1738748704,Pipe Dream Xbox Edition,1,0.0003
4574,1809846199,Pirate Bloopers (Windows),1,0.0003
4575,1764927079,Pirates Pinball,1,0.0003
4576,1890622702,Pixel Gladiator,1,0.0003
4577,1776549840,Pizza Possum,1,0.0003
4578,1911968632,PJ Masks Power Heroes: Mighty Alliance,1,0.0003
4579,1710968984,Planescape: Torment and Icewind Dale: Enhanced Editions,1,0.0003
4580,340271216,Planet Alpha,1,0.0003
4581,650235919,Planet of the Eyes,1,0.0003
4582,341793932,Plants vs. Zombies™ Garden Warfare 2 - Multiplayer Beta,1,0.0003
4583,1888324616,Please Be Happy (Xbox Series X|S),1,0.0003
4584,1841689454,Plumber Hero,1,0.0003
4585,2138276496,Pneuma: Breath of Life,1,0.0003
4586,1627618281,POKE-PAINT,1,0.0003
4587,2034805164,Polar Bear is Hungry (Xbox One),1,0.0003
4588,2134612267,Polterguys: Possession Party Demo,1,0.0003
4589,2146567943,Popcorn Rocket,1,0.0003
4590,1998926137,Popyes House Mission,1,0.0003
4591,2042086551,Porkshire Hero,1,0.0003
4592,2114465392,Possessions Demo,1,0.0003
4593,1634056145,Potrick Garage Mystery,1,0.0003
4594,1431504908,Prince of Persia,1,0.0003
4595,2102601227,Prison Architect PC,1,0.0003
4596,2131056255,Prizma Puzzle Prime,1,0.0003
4597,1988040864,Prizma Puzzle Prime (Windows),1,0.0003
4598,2116922454,Prodeus,1,0.0003
4599,2093251542,Project 13: Taxidermy,1,0.0003
4600,1965359820,Psychonauts (Windows 10),1,0.0003
4601,1846662502,Puppet House,1,0.0003
4602,2143360506,Puzzle Bobble™2X/BUST-A-MOVE™2 Arcade Edition & Puzzle Bobble™3/BUST-A-MOVE™3 S-Tribute,1,0.0003
4603,1480657468,Puzzle Quest 2,1,0.0003
4604,1890189073,Q.U.B.E. 10th Anniversary,1,0.0003
4605,2108413062,Quake 4,1,0.0003
4606,1697847173,Quake III Arena,1,0.0003
4607,1480659455,Quantum Conundrum,1,0.0003
4608,1801662160,Queen's Quest 2: Stories of Forgotten Past (Xbox One Version),1,0.0003
4609,2013411783,Quick Whiskers (Xbox One),1,0.0003
4610,1788558004,Quick Whiskers (Xbox Series),1,0.0003
4611,1664110632,R-Type® Final 2,1,0.0003
4612,1412270296,R.B.I. Baseball 15,1,0.0003
4613,1998043773,R.B.I. Baseball 19,1,0.0003
4614,1677277800,Rabbit Samurai,1,0.0003
4615,2138534542,Raccoon is Hungry (Windows),1,0.0003
4616,319577309,RAD,1,0.0003
4617,1480657492,Radiant Silvergun,1,0.0003
4618,1801319768,Rag-Fu,1,0.0003
4619,909166762,RAID: World War II,1,0.0003
4620,1738916410,Railbound,1,0.0003
4621,1673787135,Rain on Your Parade,1,0.0003
4622,1855912718,RainCity,1,0.0003
4623,1480657184,Raskulls,1,0.0003
4624,1963384435,Ratopia,1,0.0003
4625,1731294228,Rattyvity Lab,1,0.0003
4626,1800747068,Ravenous Devils,1,0.0003
4627,2112436302,Rayland,1,0.0003
4628,1781479823,Rayland 2 (Xbox),1,0.0003
4629,1431504883,Rayman Raving Rabbids,1,0.0003
4630,1887400508,RE:CALL,1,0.0003
4631,1940062862,Re:Turn - One Way Trip,1,0.0003
4632,1992379571,ReactorX (for Windows 10),1,0.0003
4633,1761751232,ReactorX 2 (PC),1,0.0003
4634,2070616988,ReactorX 3 (PC),1,0.0003
4635,1757856075,Realm of Ink Xbox Demo,1,0.0003
4636,2132278444,Realpolitiks New Power,1,0.0003
4637,1982760735,Rebel Cops,1,0.0003
4638,126264108,Rebel Galaxy,1,0.0003
4639,1792602168,Recipe of Love,1,0.0003
4640,893913055,Red Faction II,1,0.0003
4641,1660886813,Red Pippy,1,0.0003
4642,1637512046,Red Solstice 2: Survivors Ultimate Edition,1,0.0003
4643,1190858142,Redout: Lightspeed Edition,1,0.0003
4644,1737514117,Reed Remastered,1,0.0003
4645,2075129284,Reef Defense Demo,1,0.0003
4646,2107522520,Reel Fishing: Days of Summer,1,0.0003
4647,1618309410,Relicta,1,0.0003
4648,2091620971,Remains,1,0.0003
4649,1927790109,Rememoried,1,0.0003
4650,2134899668,Remorse: The List,1,0.0003
4651,655708836,Rento Fortune,1,0.0003
4652,1869454578,Reposition Defense (Xbox One),1,0.0003
4653,1884102336,Return of the Obra Dinn,1,0.0003
4654,1775421758,Return to Castle Wolfenstein,1,0.0003
4655,1814618059,Return to Monkey Island,1,0.0003
4656,738113083,Reus,1,0.0003
4657,1854284145,Reus 2,1,0.0003
4658,2125614925,reverse Snake,1,0.0003
4659,773588741,RICO,1,0.0003
4660,1223839444,RIDE,1,0.0003
4661,2021825958,RIDE 6,1,0.0003
4662,1710190632,RiMS Racing Xbox Series X|S,1,0.0003
4663,1619865604,Ring of Pain,1,0.0003
4664,2133397409,Riptide GP2,1,0.0003
4665,1263339480,Risen,1,0.0003
4666,2052495425,RIVATTO DRIFTER,1,0.0003
4667,1763166362,Road Defense: Outsiders,1,0.0003
4668,826442297,Road Rage,1,0.0003
4669,1875887673,ROAD TO EXOTICS,1,0.0003
4670,1787135558,Roarr! Jurassic Edition,1,0.0003
4671,1776370994,Robotry!,1,0.0003
4672,1965047716,Rock 'N Racing Off Road,1,0.0003
4673,2142930915,Rocket Arena,1,0.0003
4674,1888207061,Rogue Lords,1,0.0003
4675,1972996505,Rogue Raccoon (Xbox One),1,0.0003
4676,2009472127,RogueCube,1,0.0003
4677,565584615,ROMANCE OF THE THREE KINGDOMS XIII (Chinese Ver.),1,0.0003
4678,1617329535,Romancing SaGa 2: Revenge of the Seven Demo,1,0.0003
4679,1611214808,Romancing SaGa 3,1,0.0003
4680,1676061582,Rooten,1,0.0003
4681,1711534896,Roundguard,1,0.0003
4682,1702363847,Rover Mechanic Simulator,1,0.0003
4683,2056964790,Rubber Hose Rampage,1,0.0003
4684,93901068,Ruiner,1,0.0003
4685,1998378167,Ruinverse,1,0.0003
4686,2134890759,Rummi,1,0.0003
4687,1727550181,Rustler,1,0.0003
4688,520010865,RWBY: Grimm Eclipse,1,0.0003
4689,293466353,Saban’s Mighty Morphin Power Rangers: Mega Battle,1,0.0003
4690,2085974219,Sable,1,0.0003
4691,2126853715,Sagebrush,1,0.0003
4692,1716433734,Saints Row IV: Re-Elected,1,0.0003
4693,1480657277,Sam&Max Save the World,1,0.0003
4694,2106443199,Samsara,1,0.0003
4695,1480657104,Samurai Shodown II,1,0.0003
4696,2039022488,Sanicball xbox\windows free version,1,0.0003
4697,1810802925,Saturnalia,1,0.0003
4698,1911939961,Save Christmas With Santa,1,0.0003
4699,2010124610,Save Your Nuts,1,0.0003
4700,1904355931,Sayonara Wild Hearts,1,0.0003
4701,1743795092,Schedule I - Drug Dealer,1,0.0003
4702,2046480698,SCHiM,1,0.0003
4703,1652981346,ScourgeBringer,1,0.0003
4704,1726263021,SCP CodeRed,1,0.0003
4705,1947157200,ScreamRide Demo,1,0.0003
4706,282721798,Screencheat,1,0.0003
4707,2053701653,SD GUNDAM BATTLE ALLIANCE Demo,1,0.0003
4708,1814920352,Sea of Stars Demo,1,0.0003
4709,2054684848,Second Extinction™ (Game Preview),1,0.0003
4710,1902674094,Secret Paws - Cozy Offices,1,0.0003
4711,2022500245,SEDAP! A Culinary Adventure (Demo),1,0.0003
4712,1839592310,Seekers Notes: Hidden Objects,1,0.0003
4713,1767095703,Selma and the Wisp X,1,0.0003
4714,809710057,Serial Cleaner,1,0.0003
4715,1641777228,Serious Sam 4,1,0.0003
4716,1849896748,SETTRIS,1,0.0003
4717,1480657142,Shadow Complex,1,0.0003
4718,1945317756,Shadow Labyrinth,1,0.0003
4719,2080903004,Shadow of Loot Box,1,0.0003
4720,2046851303,Shadow of the Ninja - Reborn,1,0.0003
4721,1679773474,Shadow of the Ninja - Reborn Demo,1,0.0003
4722,584036319,Shadow Tactics: Blades of the Shogun,1,0.0003
4723,1882598345,Shadow Warrior,1,0.0003
4724,2000442171,Shadow Warrior 3: Definitive Edition,1,0.0003
4725,1297287126,Shadowrun,1,0.0003
4726,1161890090,Shadows of the Damned,1,0.0003
4727,1706860378,Shaman's Mask of the Rune Magic (Xbox One),1,0.0003
4728,1856870909,Shantae Advance: Risky Revolution,1,0.0003
4729,2093075517,Shantae and the Seven Sirens,1,0.0003
4730,1870842512,She's Leaving,1,0.0003
4731,2125030606,She Sees Red Interactive Movie,1,0.0003
4732,1713136402,She Wants Me Dead,1,0.0003
4733,21560138,Sheltered,1,0.0003
4734,2145390992,Sherlock Holmes: Crimes and Punishments Redux,1,0.0003
4735,722694197,Sherlock Holmes: The Devil's Daughter,1,0.0003
4736,1679830701,Shing!,1,0.0003
4737,2011396183,SHINOBI NON GRATA,1,0.0003
4738,1710148072,Ship Graveyard Simulator,1,0.0003
4739,1931780556,Shisen-Sho-10,1,0.0003
4740,2106821597,Shogun Showdown,1,0.0003
4741,1722302711,Shogun Showdown Demo,1,0.0003
4742,1654809752,Shotgun King: The Final Checkmate,1,0.0003
4743,1740491486,Shovel Knight Dig,1,0.0003
4744,2048329805,Shred It!,1,0.0003
4745,1898291368,Shy Cats Hidden Tracks - Vol. 1,1,0.0003
4746,2044118581,Shy Dogs Hidden Orchestra,1,0.0003
4747,2129043429,Silly Polly Beast,1,0.0003
4748,1876367056,Simon the Sorcerer Origins,1,0.0003
4749,1627145602,Sisters Royale: Five Sisters Under Fire,1,0.0003
4750,1809691326,Sixty Second Shooter Prime,1,0.0003
4751,2060306864,SkateBIRD,1,0.0003
4752,1881456167,Skeletal Avenger,1,0.0003
4753,1830917724,Skelethrone: The Chronicles of Ericona,1,0.0003
4754,1937184860,Skeljump,1,0.0003
4755,2075310489,Sker Ritual Demo,1,0.0003
4756,1993501974,Skull and Bones Open Beta,1,0.0003
4757,1480659419,Skullgirls,1,0.0003
4758,1816848556,Sky of Destruction (Xbox Series X|S),1,0.0003
4759,1480659656,Skydive,1,0.0003
4760,112459691,Skydrift Infinity,1,0.0003
4761,104681353,SKYHILL,1,0.0003
4762,2008860920,Skyline Bowling,1,0.0003
4763,2016262671,Slayers X: Terminal Aftermath: Vengance of the Slayer,1,0.0003
4764,1781300625,SLEEP AWAKE,1,0.0003
4765,1620391316,Sleepin' Guy Deluxe Edition,1,0.0003
4766,783711501,Slime-san Superslime Edition,1,0.0003
4767,1838648944,Slipstream,1,0.0003
4768,1786573857,Smart Moves 2,1,0.0003
4769,1915054567,Smile For Me,1,0.0003
4770,1647572836,SMITE 2 Demo,1,0.0003
4771,1836043414,Snow Squall,1,0.0003
4772,1657010226,Snufkin: Melody of Moominvalley,1,0.0003
4773,1758230818,Soccer Power Hero,1,0.0003
4774,2044941056,Sokobalien (Windows),1,0.0003
4775,1757469201,SokoBunny,1,0.0003
4776,1973251556,Sokocat: Dungeon - Remastered,1,0.0003
4777,2029790380,Sokomage (Windows),1,0.0003
4778,1661096222,SokoNature,1,0.0003
4779,738783242,Solar Shifter EX,1,0.0003
4780,138528408,Solitaire,1,0.0003
4781,1818417101,Solitaire,1,0.0003
4782,1618794811,Solitaire 3D,1,0.0003
4783,1623767702,Solstice Chronicles: MIA,1,0.0003
4784,2119197579,Somerville,1,0.0003
4785,1897725373,Song of Horror,1,0.0003
4786,543798221,Song of the Deep,1,0.0003
4787,2126502173,Songs of Silence,1,0.0003
4788,2139967680,Sonic Racing: CrossWorlds – Open Network Test,1,0.0003
4789,1813197692,SOS OPS!,1,0.0003
4790,1984977630,Souldiers,1,0.0003
4791,2123190381,Soundtrack and The Art of Cronos: The New Dawn,1,0.0003
4792,2067620720,South of the Circle,1,0.0003
4793,2057206252,Space Adventure : Mercury,1,0.0003
4794,1621251738,Space Adventure : Mercury (Xbox One),1,0.0003
4795,1612781245,Space Frontier (Xbox One),1,0.0003
4796,1718103769,Space Gladiators,1,0.0003
4797,1764556918,Space Moves (Windows),1,0.0003
4798,1867036629,Space Warlord Organ Trading Simulator,1,0.0003
4799,1744487921,Spacebase Startopia,1,0.0003
4800,12477344,Spectrum,1,0.0003
4801,1895347830,Speed Factor,1,0.0003
4802,2015317909,Speedway Racing,1,0.0003
4803,1794398757,Spell Disk,1,0.0003
4804,1630371775,SpellForce: Conquest of Eo,1,0.0003
4805,1688571860,Spells & Secrets,1,0.0003
4806,1868478213,Sphere Game Legendary,1,0.0003
4807,1773079172,Spirit Of The Island,1,0.0003
4808,1734092917,Spirit of the North: Enhanced Edition,1,0.0003
4809,1719161140,Spiritfall,1,0.0003
4810,1480657295,Splosion Man,1,0.0003
4811,1617924752,Spot Challenge 3D,1,0.0003
4812,1896376911,Spot The Differences! Party,1,0.0003
4813,1937973534,Spot The Pup (Xbox One),1,0.0003
4814,1645862163,SpotCat vs The Cheddar Mafia In Asia,1,0.0003
4815,2114614966,SpotCat vs The Cheddar Mafia In Europe,1,0.0003
4816,1757195793,SpotCat vs The Cheddar Mafia In Space,1,0.0003
4817,1910694934,SpotCat vs The Cheddar Mafia In The Americas,1,0.0003
4818,1641212101,Sprawl,1,0.0003
4819,2037835570,Square Enix Digital Content Viewer,1,0.0003
4820,2029971390,SSC Tech2,1,0.0003
4821,1912029217,STAB STAB STAB!,1,0.0003
4822,1480657523,Stacking,1,0.0003
4823,1826083440,Star Trek Prodigy: Supernova,1,0.0003
4824,1733929983,STAR WARS Zero Company™,1,0.0003
4825,337437378,Star Wars™ Battlefront™ Beta,1,0.0003
4826,1961172653,Starfield Digital Artbook & Original Soundtrack,1,0.0003
4827,1434175066,Starpoint Gemini 2,1,0.0003
4828,1938588110,STARSEEKER: Astroneer Expeditions (Game Preview),1,0.0003
4829,1745610503,Steampunch,1,0.0003
4830,1968761430,Steampunk Tower 2,1,0.0003
4831,1833403666,SteamWorld Dig 2,1,0.0003
4832,1180043240,Steins;Gate FD,1,0.0003
4833,1180043224,STEINS;GATE(オリジナル版),1,0.0003
4834,2040979596,Steven Universe: Unleash the Light,1,0.0003
4835,1048629103,Stikbold! A Dodgeball Adventure,1,0.0003
4836,2019891659,Story of a Gladiator,1,0.0003
4837,2146285435,Stranded Deep,1,0.0003
4838,1880766379,Stranded Sails - Explorers of the Cursed Islands,1,0.0003
4839,2051766968,STRANGER OF PARADISE FINAL FANTASY ORIGIN DEMO VERSION,1,0.0003
4840,1763122581,Stranger Things 3: The Game,1,0.0003
4841,1978884303,Strategic Mind: Fight for Freedom,1,0.0003
4842,1804635654,Strategic Mind: Spectre of Communism,1,0.0003
4843,1952333239,Strategic Mind: Spirit of Liberty,1,0.0003
4844,1896598798,Street Outlaws 2: Winner Takes All,1,0.0003
4845,1622218170,Street Outlaws: The List,1,0.0003
4846,2000556137,Street Race Kings Demo - Xbox Series S | X,1,0.0003
4847,2029929513,Strider,1,0.0003
4848,2108848036,Strike Force 3,1,0.0003
4849,1646935799,Strike Mission XS,1,0.0003
4850,1795934800,STRIKERS 1945 II,1,0.0003
4851,1675190546,Stunt Paradise (Windows),1,0.0003
4852,748886361,Styx: Shards of Darkness - Demo,1,0.0003
4853,1889897703,Submarine Patrol,1,0.0003
4854,1678941366,Submarine Patrol 3D,1,0.0003
4855,1746879934,Submerged: Hidden Depths,1,0.0003
4856,1880166267,Sudoku Classic X,1,0.0003
4857,1815065288,Sugardew Island,1,0.0003
4858,1911312095,Suika And Dragons (Windows),1,0.0003
4859,2108244443,Suika Game: Cats,1,0.0003
4860,1845393429,Suika Nyaa (Xbox Series X/S),1,0.0003
4861,1980176822,Suikaiju (Windows),1,0.0003
4862,1892393976,Sundered®: Eldritch Edition,1,0.0003
4863,1777692734,Super Arcade Football,1,0.0003
4864,2057080763,Super Astro Cat,1,0.0003
4865,1646558960,Super Blood Hockey,1,0.0003
4866,1841866029,Super Bomberman R Online,1,0.0003
4867,2084457373,Super Double Dragon,1,0.0003
4868,1926467835,Super Forklift 3000,1,0.0003
4869,1827598868,Super Forklift 3000 (Windows),1,0.0003
4870,1935418833,Super Hero Demolition,1,0.0003
4871,1830126483,Super Kids Racing : Remastered Demo,1,0.0003
4872,1897083570,Super Mariot Jumpman Adventures,1,0.0003
4873,900300132,Super Night Riders,1,0.0003
4874,2075500594,Super Onion Boy+,1,0.0003
4875,1245536437,Super Party Sports: Football,1,0.0003
4876,1894737128,Super Sami Roll,1,0.0003
4877,1812793649,Super Soccer Blast: America vs Europe,1,0.0003
4878,1914281401,Super Volley Blast,1,0.0003
4879,1777228920,Super Woden GP II,1,0.0003
4880,1655214141,Super World Run - Adventure Game,1,0.0003
4881,1726195966,Supermarket Shopping Simulator 2024,1,0.0003
4882,1784891077,Supernatural Super Squad Fight!,1,0.0003
4883,1839740207,Supraland,1,0.0003
4884,1733990238,Supraland: Six Inches Under,1,0.0003
4885,253235216,Surf World Series,1,0.0003
4886,1949756621,Surgeon Simulator 2,1,0.0003
4887,1982740887,Surviving Mars: Relaunched (PC),1,0.0003
4888,1905767367,Swim Out Demo,1,0.0003
4889,1963116645,SWORD ART ONLINE Fractured Daydream DEMO,1,0.0003
4890,2135176928,Sword of Elpisia,1,0.0003
4891,1650305856,Swordbreaker: Origins,1,0.0003
4892,2029264286,Swords & Bones,1,0.0003
4893,2078558781,Swordship,1,0.0003
4894,1921935939,Synchro Hedgehogs,1,0.0003
4895,1161890083,Syndicate,1,0.0003
4896,1788803547,Tankoom ORION,1,0.0003
4897,1431504927,TC's RainbowSix Vegas2,1,0.0003
4898,1689317374,TCG Card Shop Simulator,1,0.0003
4899,1831596609,Tears of Avia,1,0.0003
4900,2124220599,Techwars Global Conflict,1,0.0003
4901,2133660608,Temari Trials (Xbox One),1,0.0003
4902,2137169995,Tenebris Somnia Demo,1,0.0003
4903,2094388606,Tennis Club Story,1,0.0003
4904,2101116288,Tennis Elbow 4,1,0.0003
4905,1970353365,Terminal 81 (Xbox Series X|S),1,0.0003
4906,1984687290,Terra Invicta,1,0.0003
4907,188910190,Tesla vs Lovecraft,1,0.0003
4908,1881824137,Tetris® Forever,1,0.0003
4909,278122515,The Adventure Pals,1,0.0003
4910,1899803218,The Adventures of Ally The Alligator (XBox Series),1,0.0003
4911,2051496245,The Alien Adventure,1,0.0003
4912,1777077492,The Alien Adventure 2,1,0.0003
4913,1822205071,The Anacrusis (Game Preview),1,0.0003
4914,2024145056,The Artful Escape,1,0.0003
4915,1774362586,The Backrooms 1998,1,0.0003
4916,1863725667,The Backrooms Midnight Shift,1,0.0003
4917,1733173772,The Bard's Tale Trilogy,1,0.0003
4918,1596231580,The Book of Unwritten Tales 2,1,0.0003
4919,2000790611,"THE CARD Perfect Collection Plus: Texas Hold 'em, Solitaire and others",1,0.0003
4920,1637035694,The Chant,1,0.0003
4921,2134619510,The Colonists,1,0.0003
4922,2020516215,The Cute Whale (Xbox Series),1,0.0003
4923,2044149254,The Darkest Tales,1,0.0003
4924,231381248,The Deer God,1,0.0003
4925,1804974104,The Devil Is In The Details,1,0.0003
4926,2089995861,The Devil Lands (Game Preview),1,0.0003
4927,1663248231,The DioField Chronicle DEMO,1,0.0003
4928,2092675376,The Elder Scrolls III: Morrowind Game of the Year Edition (PC),1,0.0003
4929,1623138447,The Elder Scrolls: Arena,1,0.0003
4930,2055759763,The Elf on the Shelf®: Christmas Heroes,1,0.0003
4931,1675325285,The End Of The Age,1,0.0003
4932,1649386760,The Entropy Centre,1,0.0003
4933,125965001,The Escapists: The Walking Dead,1,0.0003
4934,1647672528,The Eternal Cylinder Demo,1,0.0003
4935,1982021747,The Experiment: Escape Room,1,0.0003
4936,1787193429,The First Berserker: Khazan DEMO,1,0.0003
4937,29720212,The Flame in the Flood,1,0.0003
4938,1835878377,The Gardens Between,1,0.0003
4939,1670023665,The Good Life Demo,1,0.0003
4940,255325426,The Grand Tour Game,1,0.0003
4941,2065321036,The guard of dungeon,1,0.0003
4942,1983245965,The House of Da Vinci,1,0.0003
4943,483182712,The Incredible Adventures of Van Helsing II,1,0.0003
4944,740275617,The Inner World - The Last Wind Monk,1,0.0003
4945,1813250517,The Inquisitor,1,0.0003
4946,1862814041,The Inquisitor - Demo,1,0.0003
4947,2052100489,The Invincible,1,0.0003
4948,2105596480,The Jackbox Party Pack 11 Demo,1,0.0003
4949,2115010340,The Knightling,1,0.0003
4950,2048481228,The Last Camp,1,0.0003
4951,1813357660,The Last Shot (Xbox Series X|S),1,0.0003
4952,2048574450,The Life and Suffering of Sir Brante,1,0.0003
4953,1854696468,The Lord of the Rings: Adventure Card Game - Definitive Edition,1,0.0003
4954,1480657090,The Maw,1,0.0003
4955,266212283,The Mean Greens - Plastic Warfare,1,0.0003
4956,2112388320,The Mobius Machine,1,0.0003
4957,698904373,The Park,1,0.0003
4958,1741878550,The Pathless,1,0.0003
4959,1909279725,The Procession to Calvary,1,0.0003
4960,1729900071,The Rabbit Crazy Adventure,1,0.0003
4961,2147017544,The Rumble Fish +,1,0.0003
4962,1894317724,The Serpent Rogue,1,0.0003
4963,464969042,The Solus Project,1,0.0003
4964,1767752604,The SpeedRun Game (2021),1,0.0003
4965,1710509324,The Spy Who Shot Me,1,0.0003
4966,1641481652,The Stone of Madness,1,0.0003
4967,702634063,The Swapper,1,0.0003
4968,94098725,The Town of Light,1,0.0003
4969,1946097722,The Tribez,1,0.0003
4970,2119405603,The Tyrannical Toilet and The Battle of the Beans,1,0.0003
4971,54480103,The Vanishing of Ethan Carter,1,0.0003
4972,1781089938,The VideoKid,1,0.0003
4973,1015066519,The Walking Dead: Season 2,1,0.0003
4974,2114854453,The World Hardest Game,1,0.0003
4975,1406389095,Thief Demo - The Lockdown,1,0.0003
4976,29206755,Think of the Children,1,0.0003
4977,470808875,This is the Police 2,1,0.0003
4978,1279330262,Thrillville: OTR,1,0.0003
4979,1941546606,Tides of Annihilation,1,0.0003
4980,2002692571,Timberman VS,1,0.0003
4981,2127161322,Time Machine: Hidden Object Game,1,0.0003
4982,2038942908,Tintin Reporter - Cigars of the Pharaoh,1,0.0003
4983,1313086299,Tiny Troopers,1,0.0003
4984,1727379133,Tinykin,1,0.0003
4985,1688296832,Toca Life World,1,0.0003
4986,1870620198,Toca World Adventure,1,0.0003
4987,32122245,Tony Hawk's® Pro Skater™ 5,1,0.0003
4988,1804899462,Tools Up - Ultimate Edition,1,0.0003
4989,1613151355,Tools Up! Demo,1,0.0003
4990,1961294826,Top Racer Collection,1,0.0003
4991,2002175613,Torchlight II Demo,1,0.0003
4992,1773017403,Torii,1,0.0003
4993,1962802003,Tormented Souls 2 Demo,1,0.0003
4994,770334303,TorqueL -Physics Modified Edition-,1,0.0003
4995,1960960830,Tortuga - A Pirate's Tale,1,0.0003
4996,1743835404,Total War: Warhammer II,1,0.0003
4997,1747264891,Totally Reliable Delivery Service BETA,1,0.0003
4998,1651850203,Tour de France 2024,1,0.0003
4999,1702020699,Tourist Bus Simulator,1,0.0003
5000,1480657310,Toy Soldiers,1,0.0003
5001,974917521,Train Sim World® 2020,1,0.0003
5002,1669996905,Train Sim World® 3,1,0.0003
5003,1729848569,Trainz Simulator: World Tour,1,0.0003
5004,2021123644,Tram Simulator Urban Transit,1,0.0003
5005,1646334101,TramSim: Console Edition,1,0.0003
5006,1642785895,TRANSFORMERS: EARTHSPARK - Expedition,1,0.0003
5007,2109003457,TRANSIRUBY,1,0.0003
5008,1989609295,Trash is Fun,1,0.0003
5009,1862562162,Treasure Drop,1,0.0003
5010,1480657032,Triggerheart Exelica,1,0.0003
5011,1635020727,Trine 3: The Artifacts of Power,1,0.0003
5012,1913216462,Trine Enchanted Edition,1,0.0003
5013,1701821008,Trivia: Knowledge Trainer - the Quiz Game,1,0.0003
5014,1771327779,Truck Driver - Gold Edition,1,0.0003
5015,1797134693,TRUDOGRAD,1,0.0003
5016,1841969017,True Fear: Forsaken Souls Part 2 Demo,1,0.0003
5017,1634272791,Trust No One Demo,1,0.0003
5018,1799638183,Turbo Overkill,1,0.0003
5019,2035251227,Turnip Boy Commits Tax Evasion,1,0.0003
5020,1866559372,Turnip Boy Robs a Bank,1,0.0003
5021,2093112005,Turok 3: Shadow of Oblivion Remastered,1,0.0003
5022,1990982209,UFL Open Beta,1,0.0003
5023,1480657763,Ugly Americans: Apocalypsegeddon,1,0.0003
5024,2074316990,Ultimate General: Gettysburg,1,0.0003
5025,2065525433,Ultimate Solitaire Collection,1,0.0003
5026,1617989368,Ultimate Zombie Defense,1,0.0003
5027,2010231457,Ultra Foodmess,1,0.0003
5028,1721756099,Ultros,1,0.0003
5029,248990079,Unbox: Newbie's Adventure,1,0.0003
5030,1896690467,Uncle Chop's Rocket Shop,1,0.0003
5031,1611809839,Undead Horde,1,0.0003
5032,1625709491,Undead Horde 2: Necropolis,1,0.0003
5033,1815810056,Under The Waves,1,0.0003
5034,1480657011,Undertow,1,0.0003
5035,2106233933,United Assault - Normandy '44,1,0.0003
5036,2093604131,Unruly Heroes,1,0.0003
5037,1952793430,Unsolved Case: Above the Law CE Xbox,1,0.0003
5038,1750002115,Unsolved Case: Murderous Script CE Xbox,1,0.0003
5039,1683805376,Unwording Demo,1,0.0003
5040,1992263643,Urbek City Builder,1,0.0003
5041,496060715,Use Your Words,1,0.0003
5042,2046150115,Use Your Words 2,1,0.0003
5043,1700372911,uVolley,1,0.0003
5044,131540426,Valentino Rossi The Game,1,0.0003
5045,1622859130,Valfaris,1,0.0003
5046,2084379503,ValiDate: Struggling Singles in your Area,1,0.0003
5047,1615561029,Valkyria Chronicles,1,0.0003
5048,80525889,Valley,1,0.0003
5049,1964791683,Vampire's Fall: Origins,1,0.0003
5050,2024636675,Vampire: The Masquerade - Coteries of New York,1,0.0003
5051,1957172115,Vampire: The Masquerade - Swansong Xbox One,1,0.0003
5052,2079180287,Vanity Fair: The Pursuit,1,0.0003
5053,1868653077,VED,1,0.0003
5054,1673258664,Venatrix Game,1,0.0003
5055,2073438212,Venba,1,0.0003
5056,2139071220,Vera Blanc: Full Moon,1,0.0003
5057,2037408485,Vera Blanc: Ghost In The Castle,1,0.0003
5058,848645857,Vertical Drop Heroes HD,1,0.0003
5059,61090031,Victor Vran,1,0.0003
5060,1621488506,Vigour,1,0.0003
5061,1480659612,Virtua Fighter 2,1,0.0003
5062,1865031496,Virtua Fighter 5 R.E.V.O. World Stage Open Beta Test,1,0.0003
5063,1731762544,Virtual Villagers Origins 2,1,0.0003
5064,2018869457,Visions of Mana Demo,1,0.0003
5065,369299403,Volgarr the Viking,1,0.0003
5066,1666550470,Volleyball Tournament in Paradise,1,0.0003
5067,1622460124,Vostok 2061,1,0.0003
5068,1668558799,Wander Stars,1,0.0003
5069,1996349957,Wanderstop,1,0.0003
5070,1651691355,Wanted: Dead,1,0.0003
5071,2049402208,WarDogs: Red's Return,1,0.0003
5072,1732740414,Wargroove,1,0.0003
5073,1769772134,Wargroove 2,1,0.0003
5074,1884265285,Warparty,1,0.0003
5075,328245964,WARRIORS OROCHI 3 Ultimate (Japanese Ver.),1,0.0003
5076,1923839306,Wasteland 3 (PC),1,0.0003
5077,2039837995,We Were Here Forever,1,0.0003
5078,2026516560,Webbed,1,0.0003
5079,1880521273,Webgeon Speedrun Edition,1,0.0003
5080,2028584511,Weeping Willow (Xbox Series X|S),1,0.0003
5081,2016076229,Weird West: Definitive Edition,1,0.0003
5082,1798375126,Welcome to ParadiZe,1,0.0003
5083,1832240087,Westland Survival,1,0.0003
5084,1805720206,Whacking Hell!,1,0.0003
5085,947593055,What the Box?,1,0.0003
5086,1662257169,What The Dub?!,1,0.0003
5087,2046252470,While We Wait Here,1,0.0003
5088,1765418731,WildCross: Dirt Domination,1,0.0003
5089,2141688284,Wildmender,1,0.0003
5090,1889539152,Wildshade: Unicorn Champions,1,0.0003
5091,2044343586,WildTrax Racing,1,0.0003
5092,1802601276,Will of the Hope Demo,1,0.0003
5093,1644613252,Winkeltje: The Little Shop,1,0.0003
5094,2005327229,Winter Games 2023,1,0.0003
5095,1738666347,Wizardry: Proving Grounds of the Mad Overlord,1,0.0003
5096,1762701724,Wizards Never Say Die,1,0.0003
5097,1941570025,Wolcen: Lords of Mayhem,1,0.0003
5098,1707905497,Wolfenstein 3D,1,0.0003
5099,2137985485,WONDER BOY ASHA in Monster World,1,0.0003
5100,237580797,Wonder Boy: The Dragon's Trap,1,0.0003
5101,1853101236,Wooden Block Puzzle Game,1,0.0003
5102,852417661,Woodle Tree Adventures,1,0.0003
5103,1705162302,Word Search - Word Puzzle Game,1,0.0003
5104,1637716278,Word Search +,1,0.0003
5105,2032572519,Wordsweeper by POWGI,1,0.0003
5106,1650279595,World Cruise Story,1,0.0003
5107,2106982681,World Of Solitaire,1,0.0003
5108,2090009012,World of Tanks BETA,1,0.0003
5109,1834145283,World of Tennis: Roaring ’20s,1,0.0003
5110,1763118869,Worldless Demo,1,0.0003
5111,1888276522,Worshippers of Cthulhu Demo,1,0.0003
5112,1480657067,WOTB: Commando 3,1,0.0003
5113,721302698,WRC 5 FIA World Rally Championship – Demo,1,0.0003
5114,1783911946,Wrestling Trivia,1,0.0003
5115,1663377800,WSOP,1,0.0003
5116,1863906666,Wulverblade,1,0.0003
5117,1858270096,Wylde Flowers,1,0.0003
5118,1864964873,Wytchwood,1,0.0003
5119,1727687773,X-Force Genesis,1,0.0003
5120,333251915,X-Morph: Defense,1,0.0003
5121,858615632,Xbox Fitness,1,0.0003
5122,736600356,Xbox One,1,0.0003
5123,247373574,Xenon Racer,1,0.0003
5124,1755180052,Yakuza 3 Remastered,1,0.0003
5125,1958112313,YAKUZA: Shadows of New York,1,0.0003
5126,601877820,Yesterday Origins,1,0.0003
5127,2044178335,Ynglet,1,0.0003
5128,555542903,Yoku's Island Express,1,0.0003
5129,1990116831,Yooka-Laylee and the Impossible Lair,1,0.0003
5130,1905856995,You Suck at Parking® Complete Edition,1,0.0003
5131,1786776587,Yum Yum Cookstar,1,0.0003
5132,1622515242,ZenTile Mahjong for PC & XBOX,1,0.0003
5133,1971898235,Ziggurat,1,0.0003
5134,2105437858,Ziggurat 2,1,0.0003
5135,1263405122,ZOE HD ,1,0.0003
5136,2001814192,Zombie Derby 2,1,0.0003
5137,820078969,Zombie Driver Ultimate Edition,1,0.0003
5138,1720731458,Zombie Hill Racing,1,0.0003
5139,2044141925,Zombie Survivors Series Edition,1,0.0003
5140,1630662193,Zombieland: Double Tap- Road Trip,1,0.0003
5141,1628545700,Zombies ruined my day Demo,1,0.0003
5142,1881124350,Zoo Life: Animal Park Game,1,0.0003
5143,1891811268,Zumba - Marble Zombie Invasion,1,0.0003
5144,2117754035,Zumba World - The Lost Marble Island,1,0.0003
5145,1785200333,МЕХИ. Земля - Войны роботов онлайн MMORPG,1,0.0003
