rank,title_id,title,players,percentage
1,342226876,Roblox - Xbox,31144,17.014
2,2001700854,Call of Duty®,31085,16.9818
3,267695549,Fortnite,30955,16.9108
4,1828326430,Minecraft,17773,9.7094
5,926771636,Tom Clancy's Rainbow Six Siege,15612,8.5289
6,972249091,Grand Theft Auto V (Xbox One),10020,5.4739
7,558797228,Rocket League®,9690,5.2937
8,1794767034,NBA 2K25 for Xbox Series X|S,9674,5.2849
9,1794906646,Marvel Rivals,9467,5.1718
10,1877908426,Tony Hawk's™ Pro Skater™ 3 + 4,9044,4.9408
11,1778348973,Grand Theft Auto Online (Xbox Series X|S),8687,4.7457
12,1653663875,EA SPORTS FC™ 25 Xbox Series X|S,7435,4.0618
13,1634930870,REMATCH,7351,4.0159
14,175227487,Apex Legends™,7231,3.9503
15,2118102995,EA SPORTS™ College Football 26,6610,3.6111
16,2030093255,Forza Horizon 5,6314,3.4493
17,102425831,Dead by Daylight,5353,2.9244
18,1794566092,Minecraft Launcher,5122,2.7982
19,94618376,Overwatch®,4381,2.3933
20,545844082,Call of Duty®: WWII,4306,2.3524
21,591405932,Red Dead Redemption 2,3750,2.0486
22,144389848,Destiny 2,3636,1.9864
23,833960563,STAR WARS™ Battlefront™ II,3628,1.982
24,1759802069,EA SPORTS™ College Football 25,3597,1.965
25,2043073184,Halo Infinite,3466,1.8935
26,896928775,Minecraft for Windows,3195,1.7454
27,2072546746,Madden NFL 25 Xbox Series X|S,3032,1.6564
28,1993685552,UFC® 5,2966,1.6203
29,1669427955,ELDEN RING NIGHTREIGN,2930,1.6007
30,950328474,PUBG: BATTLEGROUNDS,2717,1.4843
31,1144039928,Halo: The Master Chief Collection,2638,1.4411
32,1766989558,MLB® The Show™ 25,2611,1.4264
33,1812294496,Mecha BREAK,2575,1.4067
34,453395486,Ultimate Chicken Horse,2476,1.3526
35,1882096658,EA SPORTS FC™ 25 Xbox One,2422,1.3231
36,893395429,Rust Console Edition X|S,2401,1.3117
37,374923716,Gears 5,2149,1.174
38,629270283,Gang Beasts,2138,1.168
39,777107394,DayZ,2032,1.1101
40,1953759531,Phasmophobia (Game Preview),2008,1.097
41,2105342780,Grounded,1951,1.0658
42,352040487,Tom Clancy’s The Division 2,1949,1.0647
43,1797327516,Palworld,1933,1.056
44,1198088771,FOR HONOR,1898,1.0369
45,80579825,Call of Duty: Black Ops III,1889,1.032
46,1482870140,Warframe,1876,1.0249
47,1161890022,Skate 3,1860,1.0161
48,2139646219,VALORANT,1853,1.0123
49,1717113201,Sea of Thieves: 2026 Edition,1850,1.0107
50,1096157379,COD: Black Ops II,1844,1.0074
51,1928988061,ARK: Survival Ascended,1800,0.9833
52,687339341,Brawlhalla,1691,0.9238
53,1892245301,ELDEN RING,1671,0.9129
54,2013614379,Fall Guys,1610,0.8795
55,1769971395,Clair Obscur: Expedition 33,1488,0.8129
56,1992453063,Among Us,1397,0.7632
57,1696147865,Zenless Zone Zero,1369,0.7479
58,1973901376,Diablo® IV,1366,0.7462
59,1855024215,"Warhammer 40,000: Space Marine 2",1366,0.7462
60,171869406,War Thunder,1360,0.743
61,285358298,Mortal Kombat 11,1313,0.7173
62,332913499,Fallout 76,1264,0.6905
63,1842668909,Forza Motorsport,1247,0.6812
64,222473492,Cyberpunk 2077,1239,0.6769
65,1902585111,DOOM: The Dark Ages,1221,0.667
66,1646963350,NHL® 25 Xbox Series X|S,1197,0.6539
67,2099828114,THE FINALS,1176,0.6425
68,2143033449,Monster Hunter Wilds,1105,0.6037
69,1843596190,SPLITGATE: Arena Reloaded,1102,0.602
70,1965191913,F1® 24,1099,0.6004
71,627891457,Little Nightmares II Enhanced Edition,1034,0.5649
72,1256782258,Fallout 4,1008,0.5507
73,2106872096,Battlefield™ 2042 Xbox Series X|S,1005,0.549
74,1646978734,Police Simulator: Patrol Officers,1003,0.5479
75,1019460860,DRAGON BALL XENOVERSE 2,983,0.537
76,2073302268,Ready or Not,966,0.5277
77,1852502655,EA SPORTS FC™ 24 Xbox Series X|S,958,0.5234
78,2111829961,Hell Let Loose,954,0.5212
79,1699459210,DRAGON BALL Sparking! ZERO,921,0.5031
80,1695979902,The Elder Scrolls IV: Oblivion Remastered,920,0.5026
81,1874191487,High On Life,917,0.501
82,836165876,The Ascent,908,0.496
83,1730971667,7 Days to Die - Console Edition (Game Preview),901,0.4922
84,1792830437,Balatro,891,0.4868
85,756981192,Borderlands 3,889,0.4857
86,552499398,Gears of War 4,879,0.4802
87,1720309872,Arma Reforger,867,0.4736
88,983730484,ARK: Survival Evolved,864,0.472
89,1975246356,Baldur's Gate 3,861,0.4704
90,252034287,The Elder Scrolls V: Skyrim Special Edition,843,0.4605
91,2098741842,EA SPORTS FC™ 24 Xbox One,801,0.4376
92,207015551,theHunter: Call of the Wild™,801,0.4376
93,1657391528,NBA 2K25 for Xbox One,795,0.4343
94,2069980568,The First Descendant,794,0.4338
95,1938834516,State of Decay 2: Juggernaut Edition,791,0.4321
96,346683864,Tom Clancy's Ghost Recon Wildlands,791,0.4321
97,1998069249,WWE 2K25 for Xbox Series X|S,788,0.4305
98,321656011,The Sims™ 4,771,0.4212
99,465979625,UFC® 4,764,0.4174
100,638965135,Descenders,758,0.4141
101,2053080068,Genshin Impact,750,0.4097
102,1730755212,Mortal Kombat™ 1,739,0.4037
103,491582364,Need for Speed™ Heat,718,0.3922
104,1096157269,Call of Duty®: Black Ops,712,0.389
105,2135594829,Jurassic World Evolution 2,707,0.3862
106,1790482525,Call of Duty®: Black Ops Cold War - Xbox Series X|S,706,0.3857
107,964706972,No Man's Sky,699,0.3819
108,1843269941,Chivalry 2,697,0.3808
109,2021110805,Roblox - Not Supported,692,0.378
110,1684508835,"Warhammer 40,000: Darktide",682,0.3726
111,256364670,Battlefield™ V,667,0.3644
112,1386529057,Battlefield™ 1,661,0.3611
113,306230746,Stardew Valley,652,0.3562
114,609700427,Call of Duty®: Modern Warfare®,649,0.3545
115,623325843,Cuphead,648,0.354
116,961090289,Tom Clancy's Ghost Recon Breakpoint,641,0.3502
117,1479758055,Batman™: Arkham Knight,640,0.3496
118,1825113946,PowerWash Simulator,632,0.3453
119,728655825,Plants vs. Zombies™ Garden Warfare 2,626,0.342
120,1965142613,Golf With Your Friends,619,0.3382
121,85494077,Microsoft Solitaire Collection,619,0.3382
122,1938832846,STAR WARS Jedi: Survivor™,619,0.3382
123,1285166951,The Elder Scrolls Online,619,0.3382
124,1297287339,Gears of War 3,616,0.3365
125,2054716369,It Takes Two,613,0.3349
126,1894513996,CarX Street,612,0.3343
127,2090892978,Farming Simulator 22,608,0.3322
128,1161890069,FIGHT NIGHT CHAMPION,602,0.3289
129,45083076,Injustice™ 2,602,0.3289
130,1738914043,Assassin's Creed Shadows,601,0.3283
131,783973363,Dead Island 2,598,0.3267
132,2138304024,Rec Room,597,0.3261
133,1848421257,eFootball™,588,0.3212
134,1993741445,SMITE 2 (Game Preview),588,0.3212
135,339148107,Insurgency: Sandstorm (Windows),584,0.319
136,2068980019,CarX Drift Racing Online,583,0.3185
137,389597738,Terraria,574,0.3136
138,830649354,Dying Light,564,0.3081
139,1841062643,Hunt: Showdown 1896,560,0.3059
140,1857595573,The Crew Motorfest - Xbox Series X|S,552,0.3016
141,219630713,Halo 5: Guardians,546,0.2983
142,2103516179,The Outlast Trials,543,0.2966
143,1876694512,Madden NFL 25 Xbox One,534,0.2917
144,1616563209,FragPunk,533,0.2912
145,1667928394,Halo Wars 2,533,0.2912
146,2053555152,Yu-Gi-Oh! Master Duel,530,0.2895
147,1928512137,FBC: Firebreak,520,0.2841
148,1145574011,Titanfall® 2,520,0.2841
149,792158305,Call of Duty®: Black Ops 4,517,0.2824
150,2079828144,Holdfast: Nations At War,516,0.2819
151,2079794073,Starfield,515,0.2813
152,1484511986,Battlefield 4,514,0.2808
153,1985019983,Crash Bandicoot™ 4: It’s About Time,514,0.2808
154,1693340366,Hogwarts Legacy,511,0.2792
155,1728105232,Assassin's Creed Valhalla,510,0.2786
156,308654313,Overcooked! 2,510,0.2786
157,374621264,RESIDENT EVIL 2,507,0.277
158,1671990131,MY HERO ULTRA RUMBLE,494,0.2699
159,1878915001,SnowRunner,486,0.2655
160,840116976,World of Tanks Modern Armor,482,0.2633
161,964818375,Assassin's Creed Odyssey,478,0.2611
162,940594756,World War Z,471,0.2573
163,642156375,Crash™ Team Racing Nitro-Fueled,470,0.2568
164,283303390,Wreckfest,463,0.2529
165,2005028938,S.T.A.L.K.E.R. 2: Heart of Chornobyl - Windows Edition,461,0.2518
166,1830948067,EA SPORTS™ PGA TOUR™,460,0.2513
167,478449077,World of Warships: Legends,460,0.2513
168,1985701699,Forza Horizon 4,459,0.2508
169,1739375565,Minecraft Dungeons,457,0.2497
170,1779135141,Riders Republic™,454,0.248
171,1852916479,Resident Evil 4,451,0.2464
172,2008767227,Brotato,447,0.2442
173,1774692913,Goat Simulator 3,447,0.2442
174,1805568255,Trailmakers,443,0.242
175,1615644955,Microsoft Flight Simulator 2024,441,0.2409
176,1679027058,Stumble Guys,441,0.2409
177,447911394,Far Cry® 5,432,0.236
178,1475571605,Gears of War: Ultimate Edition,432,0.236
179,1620704918,Minami Lane,429,0.2344
180,1046363979,Rise of the Tomb Raider,428,0.2338
181,308190374,LEGO® Star Wars™: The Skywalker Saga,425,0.2322
182,834001943,Dying Light 2: Stay Human - Reloaded Edition,424,0.2316
183,1008687929,Mortal Kombat X,418,0.2284
184,2106583887,TEKKEN 8,414,0.2262
185,837917131,Deep Rock Galactic,406,0.2218
186,1671080157,Minecraft Preview,397,0.2169
187,1925947069,FARCRY 6,394,0.2152
188,415619002,Watch Dogs®2,394,0.2152
189,1720075101,Mafia: Definitive Edition for XBOX One,391,0.2136
190,1611895213,Disney Dreamlight Valley,390,0.2131
191,312881568,Human Fall Flat,390,0.2131
192,2013541297,"Warhammer 40,000: Space Marine - Master Crafted Edition",389,0.2125
193,1977690926,Farming Simulator 25,386,0.2109
194,1726497855,PGA TOUR 2K25,384,0.2098
195,1414793202,GTA IV,382,0.2087
196,1961305648,Totally Accurate Battle Simulator,382,0.2087
197,1832051520,Crime Scene Cleaner,379,0.207
198,1161890004,Left 4 Dead 2,378,0.2065
199,1731202267,Need for Speed™ Unbound,371,0.2027
200,1970218801,Dead by Daylight Windows,370,0.2021
201,1715349030,Asphalt Legends,368,0.201
202,2059211995,Hollow Knight: Voidheart Edition,368,0.201
203,1889714780,Lords of the Fallen,366,0.1999
204,72159092,Crash Bandicoot™ N. Sane Trilogy,361,0.1972
205,2014590773,Car Mechanic Simulator 2021,358,0.1956
206,1850827024,F1® 25,358,0.1956
207,2067705319,NBA 2K24 for Xbox Series X|S,358,0.1956
208,1134837784,SMITE,354,0.1934
209,1041486048,DARK SOULS™ III,353,0.1928
210,1976117247,Path of Titans (Game Preview),351,0.1918
211,2128602192,Bluey: The Videogame,349,0.1907
212,15959542,DRAGON BALL FIGHTERZ (Xbox Series X|S),347,0.1896
213,869175187,A Way Out,339,0.1852
214,1367952835,Far Cry® 4,337,0.1841
215,1204533074,Borderlands 2,334,0.1825
216,1112737760,Fallout: New Vegas,334,0.1825
217,1096157207,Modern Warfare® 2,334,0.1825
218,1701108859,HITMAN 3,332,0.1814
219,1479895282,PAYDAY 2: CRIMEWAVE EDITION,321,0.1754
220,1028735742,NARUTO SHIPPUDEN™: Ultimate Ninja® STORM 4,315,0.1721
221,1096157387,Modern Warfare® 3,314,0.1715
222,2132429347,Risk of Rain 2,314,0.1715
223,1912862912,Sniper Elite: Resistance,314,0.1715
224,796798669,Call of Duty®: Infinite Warfare,310,0.1694
225,1714434521,Firefighting Simulator - The Squad,309,0.1688
226,880031210,NBA LIVE 19,309,0.1688
227,320504455,Middle-earth™: Shadow of War™,300,0.1639
228,1703229686,Split Fiction,299,0.1633
229,1719923985,Undisputed,298,0.1628
230,1793309125,WWE 2K24,298,0.1628
231,1972063516,Sifu,297,0.1623
232,2043906033,MX vs ATV Legends,291,0.159
233,790047319,Sekiro™: Shadows Die Twice - GOTY Edition,291,0.159
234,490838306,Fishing Planet,289,0.1579
235,1297287213,Gears of War 2,289,0.1579
236,2064168993,Age of Empires II: Definitive Edition,288,0.1573
237,2098787950,Age of Empires IV: Anniversary Edition,286,0.1562
238,1971845611,Mount & Blade II: Bannerlord,285,0.1557
239,502034863,Assassin's Creed Origins,281,0.1535
240,1744726864,Enlisted,281,0.1535
241,1792227428,Indiana Jones and the Great Circle,281,0.1535
242,680942588,STAR WARS Jedi: Fallen Order™,279,0.1524
243,165599118,Prominence Poker,277,0.1513
244,1918441274,MONOPOLY PLUS,273,0.1491
245,1706610063,The Alters,273,0.1491
246,872826607,Vigor,273,0.1491
247,568182861,ASTRONEER,272,0.1486
248,504085184,The Crew® 2,272,0.1486
249,183968596,UNO™,272,0.1486
250,1777860928,Microsoft Flight Simulator (2020),271,0.148
251,749311689,Plants vs. Zombies: Battle for Neighborville™,271,0.148
252,1633340711,Spray Paint Simulator,271,0.148
253,345903534,Minecraft: Xbox One Edition,265,0.1448
254,770775860,RESIDENT EVIL 3 for Windows,262,0.1431
255,1753744295,"Little Kitty, Big City",261,0.1426
256,1952300170,Battlefield™ 2042 Xbox One,260,0.142
257,568218779,Resident Evil 5,260,0.142
258,331135949,DOOM Eternal (BATTLEMODE),258,0.1409
259,1837410971,NARAKA: BLADEPOINT,258,0.1409
260,1922695178,PlateUp!,258,0.1409
261,2067022016,Call of the Wild: The Angler™,254,0.1388
262,1846145161,Metaphor: ReFantazio,254,0.1388
263,1687588412,Street Fighter™ 6,251,0.1371
264,1623704813,DEATH STRANDING DIRECTOR'S CUT,249,0.136
265,2111261461,NBA 2K24 for Xbox One,248,0.1355
266,1874517142,Retro Classics,246,0.1344
267,2083870981,Who's Your Daddy?!,245,0.1338
268,1695638358,Vampire Survivors,240,0.1311
269,422207632,Castle Crashers Remastered,239,0.1306
270,125226722,DARK SOULS™: REMASTERED,239,0.1306
271,1096157212,Call of Duty®: WaW,237,0.1295
272,1480657407,Plants vs. Zombies,231,0.1262
273,794552001,The Binding of Isaac: Rebirth,231,0.1262
274,1994003829,EA SPORTS™ FIFA 23 Standard Edition Xbox One,230,0.1256
275,84790147,Watch Dogs®: Legion,227,0.124
276,2046562785,Avowed,225,0.1229
277,945909358,Subnautica,224,0.1224
278,1030018025,Halo Wars: Definitive Edition (PC),223,0.1218
279,1924639289,HELLDIVERS™ 2,223,0.1218
280,2108722049,Resident Evil Village,222,0.1213
281,988203152,Stellaris: Console Edition,220,0.1202
282,2051503466,The Callisto Protocol,219,0.1196
283,1907796436,DREDGE,217,0.1185
284,2080427416,Tony Hawk's™ Pro Skater™ 3 + 4 - Foundry Demo,217,0.1185
285,556718860,Assassin's Creed IV Black Flag,216,0.118
286,1880561613,Madden NFL 24 Xbox Series X|S,216,0.118
287,1414793259,Red Dead Redemption,214,0.1169
288,1693391830,SpongeBob SquarePants™: The Patrick Star Game,212,0.1158
289,1745661457,Valheim,212,0.1158
290,1863849961,Palia,210,0.1147
291,913783821,Shadow of the Tomb Raider,206,0.1125
292,2077953041,Clone Drone in the Danger Zone,205,0.112
293,2043859430,Revenge of the Savage Planet,205,0.112
294,401515813,Enter The Gungeon,204,0.1114
295,1997252569,Need for Speed™ Hot Pursuit Remastered,202,0.1104
296,921016611,Crossout,201,0.1098
297,1670311038,Persona 3 Reload,201,0.1098
298,1619985048,Deadside,200,0.1093
299,2011136108,Medieval Dynasty,200,0.1093
300,1711563707,House Flipper,198,0.1082
301,1749127985,Madden NFL 24 Xbox One,197,0.1076
302,1631329360,Pixel Strike 3D,197,0.1076
303,739464821,South Park™: The Fractured but Whole™,197,0.1076
304,2004071321,Black Desert - XBOX Series X|S Upgrade Install Pack,195,0.1065
305,1936845110,Cities: Skylines - Remastered,195,0.1065
306,2008403666,Dead Space,195,0.1065
307,1700051314,Deceit 2,193,0.1054
308,148020354,METAL GEAR SOLID V: THE PHANTOM PAIN,193,0.1054
309,828985924,Resident Evil 6,192,0.1049
310,2035456122,Grand Theft Auto VI,190,0.1038
311,1065708874,Skull and Bones,188,0.1027
312,625948041,Slime Rancher,188,0.1027
313,341687485,3on3 FreeStyle,187,0.1022
314,572802557,Call of Duty®: Ghosts,187,0.1022
315,2117764661,Diablo III: Reaper of Souls – Ultimate Evil Edition,187,0.1022
316,1663711933,FINAL FANTASY XVI,187,0.1022
317,860666361,Plants vs. Zombies Garden Warfare,185,0.1011
318,56347639,Spyro™ Reignited Trilogy,185,0.1011
319,1740172423,Totally Reliable Delivery Service,182,0.0994
320,1994868821,Predecessor,181,0.0989
321,826545257,Tomb Raider: Definitive Edition,180,0.0983
322,1880835530,Atomfall,179,0.0978
323,1013969466,NARUTO TO BORUTO: SHINOBI STRIKER,179,0.0978
324,831224608,Need for Speed™ Payback,178,0.0972
325,1652862446,Super Mega Baseball™ 4,178,0.0972
326,247546985,Destiny,176,0.0961
327,655591242,Far Cry® New Dawn,175,0.0956
328,2081039845,Lost in Random: The Eternal Die,175,0.0956
329,810101074,Dead Cells,173,0.0945
330,2054685746,Mass Effect™ Legendary Edition,173,0.0945
331,2106683993,skate.™ (Game Preview),173,0.0945
332,1768081511,Crusader Kings III,171,0.0934
333,2113731956,Disney Speedstorm,171,0.0934
334,980944365,Need for Speed™,171,0.0934
335,1676173709,Wizard101,171,0.0934
336,226054795,MONSTER HUNTER: WORLD™,170,0.0929
337,791545701,Goat Simulator,169,0.0923
338,651668093,RESIDENT EVIL 7 biohazard,169,0.0923
339,2065981028,Rooftops & Alleys: The Parkour Game,168,0.0918
340,1814675537,Grand Theft Auto: San Andreas – The Definitive Edition,167,0.0912
341,1818602982,RoadCraft,167,0.0912
342,2057463803,The Texas Chain Saw Massacre,167,0.0912
343,1953745880,Roboquest,166,0.0907
344,1192666733,Mafia III,162,0.0885
345,74304278,Tom Clancy’s The Division,162,0.0885
346,1852580050,Barbie Project Friendship™,161,0.088
347,2053707080,NINJA GAIDEN 2 Black,161,0.088
348,1988609509,PGA TOUR 2K23,160,0.0874
349,1879115757,Trackmania®,160,0.0874
350,1972007641,Kingdom Come: Deliverance II,159,0.0869
351,2143306487,NBA 2K23 for Xbox One,159,0.0869
352,1669281297,War Robots: Frontiers,159,0.0869
353,1414793208,MCLA: Complete,157,0.0858
354,1865076226,MLB® The Show™ 24 Xbox One,157,0.0858
355,2097945335,F1® 23,156,0.0852
356,1933718863,SUPERHOT: MIND CONTROL DELETE,155,0.0847
357,1112737749,Fallout 3,153,0.0836
358,1540549950,DARK SOULS™ II: Scholar of the First Sin,152,0.083
359,2071061510,Lies of P,152,0.083
360,1808064759,FIFA 22 Xbox One,151,0.0825
361,2083429980,Nickelodeon All-Star Brawl 2,151,0.0825
362,1007715169,Warhammer: Vermintide 2,151,0.0825
363,1795379754,The Walking Dead: The Complete First Season,150,0.0819
364,1873615541,Pool Blitz,149,0.0814
365,1465674891,Assetto Corsa,148,0.0809
366,1327376519,DOOM,148,0.0809
367,1998461943,Assassin's Creed Unity,147,0.0803
368,1815914144,Grand Theft Auto V Enhanced (PC),147,0.0803
369,1756421327,Teenage Mutant Ninja Turtles: Shredder's Revenge,147,0.0803
370,1758796660,Wobbly Life,147,0.0803
371,1682363458,Avatar: Frontiers of Pandora™,145,0.0792
372,2089461712,Expeditions: A MudRunner Game,145,0.0792
373,1770590742,Football Manager 2024 Console,145,0.0792
374,1911508378,RoboCop: Rogue City,145,0.0792
375,1877522801,Age of Mythology: Retold,143,0.0781
376,875417719,Call of Duty®: Advanced Warfare,143,0.0781
377,49709880,Anthem™,142,0.0776
378,2083780130,Against the Storm,141,0.077
379,210179407,Back 4 Blood,141,0.077
380,2093153073,Party Animals,141,0.077
381,530462567,The Witcher 3: Wild Hunt – Complete Edition,140,0.0765
382,514006173,Batman: Return to Arkham - Arkham City,139,0.0759
383,58472989,Killer Instinct,137,0.0748
384,470244957,LEGO Marvel Super Heroes,137,0.0748
385,1684896411,Off The Grid (Game Preview),137,0.0748
386,1750701033,Tiny Tina's Wonderlands for Xbox Series X|S,137,0.0748
387,366337421,Borderlands: Game of the Year Edition,136,0.0743
388,2141212892,33 Immortals,135,0.0738
389,850118036,Generation Zero®,135,0.0738
390,2041142160,Maximum Football,135,0.0738
391,1941663847,Starship Troopers: Extermination,135,0.0738
392,1793764669,Zombie Army 4: Dead War,135,0.0738
393,2093000869,Slay The Spire,134,0.0732
394,2154930,Call of Duty®: Modern Warfare® Remastered,133,0.0727
395,1811494560,Demon Slayer -Kimetsu no Yaiba- The Hinokami Chronicles,133,0.0727
396,1989106096,Sid Meier’s Civilization® VI (Windows PC),133,0.0727
397,618537566,The Outer Worlds,133,0.0727
398,1846016063,"Warhammer 40,000: Rogue Trader",133,0.0727
399,1947812162,WWE 2K25 for Xbox One,133,0.0727
400,801251286,Stick Fight: The Game,132,0.0721
401,1682965706,Another Crab's Treasure,131,0.0716
402,2119739112,Monster Train 2,131,0.0716
403,1289871275,Forza Horizon 3,129,0.0705
404,2142076307,Anno 1800™,128,0.0699
405,830718665,DRAGON BALL Z: KAKAROT,128,0.0699
406,956568979,Need for Speed Rivals,128,0.0699
407,1681220621,STAR WARS™ Battlefront™,128,0.0699
408,384396065,Unravel Two,127,0.0694
409,1999574456,Forza Motorsport 7,126,0.0688
410,1733257076,Teardown,126,0.0688
411,531437752,Rogue Company,124,0.0677
412,1766089184,GoldenEye 007,123,0.0672
413,20391045,Batman: Return to Arkham - Arkham Asylum,122,0.0666
414,2085228810,EA SPORTS™ WRC,122,0.0666
415,1714795112,DOOM + DOOM II,120,0.0656
416,1297287125,Gears of War,120,0.0656
417,1678459920,Towerborne,120,0.0656
418,2142027917,Fallout Shelter,119,0.065
419,1801842805,Throne and Liberty,119,0.065
420,2097321401,Blue Prince,118,0.0645
421,1414596604,Saints Row 2,118,0.0645
422,2041941014,Diablo® II: Resurrected™,117,0.0639
423,2029805012,MultiVersus,117,0.0639
424,1903313113,Orcs Must Die! Deathtrap,116,0.0634
425,2021412862,Raft,116,0.0634
426,1297287718,Gears of War: Judgment,115,0.0628
427,572268056,Little Nightmares,115,0.0628
428,300763685,ACE COMBAT™ 7: SKIES UNKNOWN,114,0.0623
429,2038330799,Aimlabs,114,0.0623
430,1771989345,Lightyear Frontier (Game Preview),114,0.0623
431,1805770178,PAW Patrol Mighty Pups Save Adventure Bay,114,0.0623
432,1745852530,RollerCoaster Tycoon 3 Complete Edition,114,0.0623
433,608369389,FAR CRY PRIMAL,113,0.0617
434,1704490079,South of Midnight,113,0.0617
435,93105265,Friday the 13th: The Game,112,0.0612
436,1970734247,NHL® 24 Xbox One,112,0.0612
437,1000604311,Resident Evil Revelations 2 (Episode One),112,0.0612
438,945976112,Rush: A DisneyPixar Adventure,112,0.0612
439,1767703473,Tony Hawk's™ Pro Skater™ 1 + 2,112,0.0612
440,217258585,Killing Floor 2,111,0.0606
441,1251455286,Metro 2033 Redux,111,0.0606
442,1653442250,ROUNDS,111,0.0606
443,1963141187,Crypt Custodian,110,0.0601
444,1977271237,Gears of War: Reloaded Beta,110,0.0601
445,1931936981,Goat Simulator: Remastered (Windows Edition),110,0.0601
446,2058683262,Teenage Mutant Ninja Turtles: Mutants Unleashed,110,0.0601
447,1037514907,Burnout™ Paradise Remastered,108,0.059
448,1880727250,Unpacking,107,0.0585
449,1929807318,Call of Duty®: Vanguard - Xbox Series X|S,106,0.0579
450,1029888556,LEGO® Jurassic World™,106,0.0579
451,1694250070,Super Animal Royale,106,0.0579
452,1855426799,FINAL FANTASY XIV Online,105,0.0574
453,1813085990,Road 96,105,0.0574
454,767263759,Rock Band 4,105,0.0574
455,1976275779,ARMORED CORE™ VI FIRES OF RUBICON™,104,0.0568
456,868192693,Gotham Knights,104,0.0568
457,1674901200,Inscryption,104,0.0568
458,1870487792,NBA 2K26 for Xbox Series X|S,104,0.0568
459,939455454,resident evil 4 (2005),104,0.0568
460,367254866,Sleeping Dogs™ Definitive Edition,104,0.0568
461,585771792,WATCH_DOGS™,104,0.0568
462,1246613109,Borderlands: The Pre-Sequel,103,0.0563
463,1414793242,Bully Scholarship Ed.,103,0.0563
464,927474846,Firewatch,103,0.0563
465,819720203,JUMP FORCE,103,0.0563
466,2125557798,Still Wakes the Deep,103,0.0563
467,1660320477,Undertale,103,0.0563
468,245236582,Celeste,102,0.0557
469,1799887933,The Witcher 3: Wild Hunt,102,0.0557
470,1922283524,Goat Simulator 3: Xbox One Edition,101,0.0552
471,1708767297,Ryse: Son of Rome,101,0.0552
472,1946484624,Session: Skate Sim,101,0.0552
473,895890707,ULTIMATE MARVEL VS. CAPCOM 3,101,0.0552
474,1981403899,Wolfenstein: The New Order,101,0.0552
475,1984504844,Bleach: Brave Souls Anime Game,100,0.0546
476,2024220276,Phantasy Star Online 2 New Genesis,100,0.0546
477,407534069,Neverwinter,99,0.0541
478,144439061,The Evil Within,99,0.0541
479,415563833,DiRT Rally 2.0,98,0.0535
480,1754663581,MULLET MADJACK,98,0.0535
481,196423588,Outlast,98,0.0535
482,1651188120,Path of Exile 2 (Game Preview),98,0.0535
483,2019012309,Star Wars Outlaws,98,0.0535
484,1560034050,Assassin's Creed Syndicate,97,0.053
485,2041731932,Cult of the Lamb,97,0.053
486,1414793323,Max Payne 3,97,0.053
487,256913032,TEKKEN 7,97,0.053
488,514291876,Assassin's Creed® The Ezio Collection,96,0.0524
489,748474487,Cities: Skylines - Windows 10 Edition,96,0.0524
490,2081484036,Superliminal,95,0.0519
491,1687693597,Assetto Corsa Competizione,94,0.0514
492,1989637637,Cooking Simulator,94,0.0514
493,813411968,LEGO® Marvel Super Heroes 2,94,0.0514
494,2093066399,Carrion,93,0.0508
495,199746733,Conan Exiles,93,0.0508
496,5433956,Dead Island Definitive Edition,93,0.0508
497,1814244511,Nine Sols,93,0.0508
498,2132785815,Wolfenstein® II: The New Colossus™,93,0.0508
499,1611051325,Grand Theft Auto: Vice City – The Definitive Edition,92,0.0503
500,903593533,Path of Exile,92,0.0503
501,290870045,SpeedRunners,92,0.0503
502,2128546794,NARUTO X BORUTO Ultimate Ninja STORM CONNECTIONS,91,0.0497
503,682404126,Paladins,91,0.0497
504,645502086,The Four Kings Casino and Slots,90,0.0492
505,2140283055,Baldur's Gate and Baldur's Gate II: Enhanced Editions,89,0.0486
506,1691448998,Farm Together 2,89,0.0486
507,1908796053,NASCAR Heat 5,88,0.0481
508,1754564226,Atlas Fallen: Reign of Sand (Windows),87,0.0475
509,1175562227,Just Cause 3,86,0.047
510,2042287543,Aliens: Dark Descent,85,0.0464
511,59903186,Call of Duty®: Modern Warfare® 2 Campaign Remastered,85,0.0464
512,1715766926,New World: Aeternum,85,0.0464
513,25952469,Kingdom Two Crowns,84,0.0459
514,1480657033,Peggle,84,0.0459
515,2080211397,Stardew Valley,84,0.0459
516,591371027,Trove,84,0.0459
517,859011533,Assassin's Creed® III Remastered,83,0.0453
518,1161889811,skate.,83,0.0453
519,1774685333,Volcano Princess,83,0.0453
520,1033937373,Don't Starve Together: Console Edition,82,0.0448
521,2047911802,For The King II,82,0.0448
522,1962559957,KINGDOM HEARTS - HD 1.5+2.5 ReMIX -,82,0.0448
523,2029730324,Mad Max,82,0.0448
524,2046531735,Predator: Hunting Grounds,82,0.0448
525,1935604508,Train Sim World® 5: Free Starter Pack,82,0.0448
526,1822990481,BLEACH Rebirth of Souls,81,0.0443
527,848717329,Peggle 2,81,0.0443
528,1667881927,Redfall,81,0.0443
529,1161890070,Alice: Madness Returns,80,0.0437
530,1931947471,Persona 5 Royal,80,0.0437
531,1916758859,Donut County,79,0.0432
532,1841790832,Little Nightmares II Enhanced Edition - Windows,79,0.0432
533,1848367053,Star Trucker,79,0.0432
534,1890581353,Blasphemous,78,0.0426
535,1414793189,Civilization Revolution,78,0.0426
536,1621683201,Dragon's Dogma 2,78,0.0426
537,1964043658,Mafia II: Definitive Edition,78,0.0426
538,1613480279,NBA 2K20,78,0.0426
539,583749034,SOULCALIBUR VI,78,0.0426
540,1880089265,Guilty Gear -Strive-,77,0.0421
541,1882357148,Lonely Mountains: Snow Riders,77,0.0421
542,1616307670,PAYDAY 3,77,0.0421
543,1112934455,Star Wars Battlefront II,77,0.0421
544,1961670808,UFL,77,0.0421
545,1480657456,BattleBlock Theater,76,0.0415
546,924775200,Devil May Cry 5,76,0.0415
547,1777477395,MLB® The Show™ 21 Xbox Series X | S,76,0.0415
548,1985144601,Stranded Deep,76,0.0415
549,108727346,Suicide Squad: Kill the Justice League,76,0.0415
550,1161890128,Battlefield 3™,75,0.041
551,301917535,Battlefield™ Hardline,75,0.041
552,1161889999,Dante's Inferno™,75,0.041
553,34441781,Saints Row The Third Remastered,75,0.041
554,1161889784,Army of Two™,74,0.0404
555,1790537707,Core Keeper,74,0.0404
556,1480657521,Doritos Crash Course,74,0.0404
557,196631666,EA SPORTS™ FIFA 20,74,0.0404
558,1694054782,Forza Motorsport 6,74,0.0404
559,975846135,LEGO® DC Super-Villains,74,0.0404
560,2132291580,NBA 2K22 for Xbox One,74,0.0404
561,597771444,Gems of War,73,0.0399
562,1045960524,Metro Exodus,73,0.0399
563,1096157158,Modern Warfare®,73,0.0399
564,666757656,Rayman Legends,73,0.0399
565,1848088335,Subnautica: Below Zero,73,0.0399
566,2104181770,The First Berserker: Khazan,73,0.0399
567,60633334,7 Days to Die,72,0.0393
568,1949704395,Green Hell Xbox Series X|S,72,0.0393
569,2119541613,Paint the Town Red,72,0.0393
570,265691378,STEEP,72,0.0393
571,640703885,LEGO® Marvel's Avengers,71,0.0388
572,1973635123,Mad Streets,71,0.0388
573,1781344339,Control Ultimate Edition - Xbox Series X|S,70,0.0382
574,1616046491,Gears Tactics - Base Game,70,0.0382
575,398011207,LIMBO,70,0.0382
576,346797032,MX vs ATV All Out,70,0.0382
577,1297287815,Fable Anniversary,69,0.0377
578,1835926818,Hellblade II: Senua's Saga,69,0.0377
579,101393300,LEGO® Batman™ 3: Beyond Gotham,69,0.0377
580,1590411380,Mass Effect™: Andromeda,69,0.0377
581,862712929,Star Trek Online,69,0.0377
582,1885511808,Date Everything!,68,0.0371
583,433376346,FIFA 18,68,0.0371
584,1161890157,SSX,68,0.0371
585,690285705,The Long Dark,68,0.0371
586,2010328709,Assassin's Creed® Mirage,67,0.0366
587,1777668222,GRID Legends,67,0.0366
588,1639060910,Minecraft Legends - Windows,67,0.0366
589,856376259,NBA 2K19,67,0.0366
590,1995576035,Remnant II® - Standard Edition,67,0.0366
591,1882004205,Neon Abyss,66,0.0361
592,1278031123,Resident Evil,66,0.0361
593,1682965190,Stray,66,0.0361
594,759485819,The Escapists 2,66,0.0361
595,33936946,Zoo Tycoon: Ultimate Animal Collection,66,0.0361
596,2071676002,EA SPORTS™ FIFA 23 Standard Edition Xbox Series X|S,65,0.0355
597,446059611,Forza Horizon 2,65,0.0355
598,1297287259,Halo: Reach,65,0.0355
599,1785898011,Sid Meier’s Civilization® VII,65,0.0355
600,231674300,The Walking Dead: Season Two,65,0.0355
601,367004125,BioShock Remastered,64,0.035
602,976905576,Dragon Age™: Inquisition,64,0.035
603,1715352825,Five Nights at Freddy's 2,64,0.035
604,1803141715,Football Manager 2024,64,0.035
605,885488152,INSIDE,64,0.035
606,1736384528,Ben 10: Power Trip,63,0.0344
607,1414793400,Grand Theft Auto: San Andreas,63,0.0344
608,1464993833,Injustice: Gods Among Us,63,0.0344
609,1279330263,LEGO Star Wars: TCS,63,0.0344
610,724369121,Saints Row,63,0.0344
611,964214247,Saints Row IV: Re-Elected,63,0.0344
612,1632796682,DC Universe Online for Xbox Series X|S,62,0.0339
613,1884682689,Five Nights at Freddy's: Security Breach,62,0.0339
614,5117102,HITMAN™ 2,62,0.0339
615,705006443,Jurassic World Evolution,62,0.0339
616,2103789015,Monster Hunter Rise,62,0.0339
617,821136798,DC Universe Online for Xbox One,61,0.0333
618,2123297300,JoJo's Bizarre Adventure: All-Star Battle R,61,0.0333
619,1777116945,Moving Out 2,61,0.0333
620,871098991,STAR WARS™: Squadrons,61,0.0333
621,1861545287,Tainted Grail: The Fall of Avalon,61,0.0333
622,2028925271,Trepang2,61,0.0333
623,1625569842,Choo-Choo Charles,60,0.0328
624,2128853757,Cricket 24,60,0.0328
625,1161890205,Dead Space™ 3,60,0.0328
626,143716413,Dragon Age™: The Veilguard,60,0.0328
627,1680544459,Dying Light: The Beast,60,0.0328
628,1940322572,Five Nights at Freddy's,60,0.0328
629,1751973977,Gears of War: Ultimate Edition for Windows 10,60,0.0328
630,1860089403,Ghostwire: Tokyo,60,0.0328
631,1955542194,Grand Theft Auto III – The Definitive Edition,60,0.0328
632,68553410,Kingdom Come: Deliverance,60,0.0328
633,1645572933,Starlit Kart Racing,60,0.0328
634,1793267614,Techtonica (Game Preview),60,0.0328
635,1936930219,Tell Me Why,60,0.0328
636,2030752353,The Binding of Isaac: Repentance,60,0.0328
637,212680242,DEAD OR ALIVE 6: Core Fighters,59,0.0322
638,504827243,Life Is Strange,59,0.0322
639,2030027058,Wartales,59,0.0322
640,1854680102,Delta Force,58,0.0317
641,528369592,Devil May Cry HD Collection,58,0.0317
642,69094388,EA SPORTS™ FIFA 17,58,0.0317
643,1790217657,Five Nights at Freddy's 4,58,0.0317
644,1297287142,Halo 3,58,0.0317
645,1904044383,Minecraft Preview for Windows,58,0.0317
646,1705990324,Space Engineers,58,0.0317
647,1579532320,Sunset Overdrive,58,0.0317
648,31939361,The Walking Dead: The Final Season,58,0.0317
649,1756919443,WWE 2K23 for Xbox One,58,0.0317
650,1668430766,Cities: Skylines II - PC Edition,57,0.0311
651,1263405066,METAL GEAR RISING: REVENGEANCE,57,0.0311
652,2051131113,TopSpin 2K25,57,0.0311
653,244291844,Far Cry 3 Classic Edition,56,0.0306
654,1022544763,HITMAN™,56,0.0306
655,1128466428,SUPER STREETFIGHTER IV ARCADE EDITION,56,0.0306
656,909545209,Ashen,55,0.03
657,423941531,LEGO® Harry Potter™ Collection,55,0.03
658,1824138520,Mirror's Edge™ Catalyst,55,0.03
659,1809107273,NHL® 24 Xbox Series X|S,55,0.03
660,847310458,South Park™: The Stick of Truth ™,55,0.03
661,1911932812,DIRT 5,54,0.0295
662,995095203,Warface: Clutch,54,0.0295
663,2109806164,World of Outlaws: Dirt Racing 24,54,0.0295
664,1297287625,Forza Horizon,53,0.029
665,1993022209,Hi-Fi RUSH,53,0.029
666,2113515818,MLB® The Show™ 23 Xbox Series X|S,53,0.029
667,1874376911,Splitgate,52,0.0284
668,1762703770,The Lord of the Rings: Return to Moria™,52,0.0284
669,1480659422,The Walking Dead,52,0.0284
670,1100121502,Dishonored® Definitive Edition,51,0.0279
671,791051466,Disneyland Adventures,51,0.0279
672,1297287382,Fable III,51,0.0279
673,1753087315,Fallout 76 (PC),51,0.0279
674,2067126551,Forza Motorsport 5,51,0.0279
675,1464993815,LEGO® Batman™ 2,51,0.0279
676,333628240,Quantum Break,51,0.0279
677,1613348546,Sea of Stars: Sunset Edition,51,0.0279
678,1938336894,Sledders,51,0.0279
679,2004428777,WILD HEARTS™ Standard Edition,51,0.0279
680,2030524086,As Dusk Falls,50,0.0273
681,482947130,Clicker Heroes,50,0.0273
682,1297287254,Fuzion Frenzy®,50,0.0273
683,1161890066,Portal 2,50,0.0273
684,548623535,SpongeBob SquarePants: Battle for Bikini Bottom - Rehydrated,50,0.0273
685,1618827907,Starbound,50,0.0273
686,1431504903,TC's RainbowSix Vegas2,50,0.0273
687,1712074146,WUCHANG: Fallen Feathers,50,0.0273
688,1693830737,Alan Wake 2,49,0.0268
689,1997201494,Aliens: Fireteam Elite,49,0.0268
690,1923160643,Dead Rising 3,49,0.0268
691,722006140,EA SPORTS™ UFC® 3,49,0.0268
692,1297287153,Fable II,49,0.0268
693,1161889840,Left 4 Dead,49,0.0268
694,1803631176,MechWarrior 5: Mercenaries,49,0.0268
695,1480657103,Metal Slug 3,49,0.0268
696,1735182051,SONIC X SHADOW GENERATIONS,49,0.0268
697,119262432,The Jackbox Party Pack 3,49,0.0268
698,282062756,The Walking Dead: A New Frontier - Episode 1,49,0.0268
699,1479999542,Unravel,49,0.0268
700,2089483628,A Plague Tale: Requiem,48,0.0262
701,1161889896,BLACK™,48,0.0262
702,1161890015,Dead Space™ 2,48,0.0262
703,1464993751,LEGO Batman,48,0.0262
704,1263405125,Silent Hill:  HD Collection,48,0.0262
705,974586226,We Happy Few,48,0.0262
706,2092220937,Borderlands 3,47,0.0257
707,935319545,FIFA 19,47,0.0257
708,964019698,Immortals Fenyx Rising™,47,0.0257
709,1012216522,Just Cause 4,47,0.0257
710,2037558339,My Friend Peppa Pig,47,0.0257
711,1480659458,Sonic Adventure™ 2 ,47,0.0257
712,1903138273,Sonic Frontiers,47,0.0257
713,1768536074,Symphonia 𝄞,47,0.0257
714,1265757851,Trials Fusion,47,0.0257
715,824378203,Crackdown 3: Campaign,46,0.0251
716,1777438490,Devil May Cry 5 Special Edition,46,0.0251
717,1720633196,Minecraft Dungeons for Windows,46,0.0251
718,2039473401,NINJA GAIDEN Σ,46,0.0251
719,1718697574,OCTOPATH TRAVELER,46,0.0251
720,2106204901,ONE PIECE: PIRATE WARRIORS 4(Xbox One),46,0.0251
721,1713510228,RIDE 5,46,0.0251
722,1884079219,Slime Rancher 2,46,0.0251
723,515050978,Rare Replay,45,0.0246
724,1112934373,Toy Story 3,45,0.0246
725,1161889782, Medal of Honor Airborne,44,0.024
726,593828894,Absolver,44,0.024
727,1983212679,Bloons TD 6,44,0.024
728,2101636955,Grand Theft Auto V Legacy (PC),44,0.024
729,1906370210,Minecraft: Java Edition,44,0.024
730,2107898177,NBA 2K21,44,0.024
731,1799461557,NBA 2K23 for Xbox Series X|S,44,0.024
732,1659804324,Ori and the Will of the Wisps,44,0.024
733,2011093308,Pacify,44,0.024
734,100764563,Sniper Elite 4,44,0.024
735,1997535850,SpiderHeck,44,0.024
736,1279330258,Star Wars: The Force Unleashed,44,0.024
737,2040766801,Test Drive Unlimited Solar Crown,44,0.024
738,1997651308,All You Need is Help,43,0.0235
739,1724847740,Dead Island 2 (Windows),43,0.0235
740,1761289795,FIFA 21 Xbox One,43,0.0235
741,427070178,FINAL FANTASY X/X-2 HD Remaster,43,0.0235
742,1790216132,Hades,43,0.0235
743,2081060870,Maneater,43,0.0235
744,105831487,NARUTO SHIPPUDEN™: Ultimate Ninja® STORM 3 Full Burst,43,0.0235
745,2006710939,Skater XL,43,0.0235
746,409741425,Worms W.M.D,43,0.0235
747,2012953823,WWE 2K22 for Xbox One,43,0.0235
748,793598300,CODE VEIN,42,0.0229
749,527255540,Dishonored 2,42,0.0229
750,859843286,Hellblade: Senua's Sacrifice,42,0.0229
751,1654542558,Hotline Miami,42,0.0229
752,102287491,Marvel's Avengers Definitive Edition,42,0.0229
753,2110974782,MARVEL vs. CAPCOM Fighting Collection: Arcade Classics,42,0.0229
754,852732437,State of Decay: Year-One,42,0.0229
755,1159891781,Wolfenstein: The Old Blood,42,0.0229
756,2136041956,DOOM 64,41,0.0224
757,1817185896,Easy Red 2,41,0.0224
758,136002788,Farming Simulator 19,41,0.0224
759,1725517447,House Flipper 2,41,0.0224
760,1464993789,Mortal Kombat,41,0.0224
761,2077764934,Crysis Remastered,40,0.0219
762,1984358909,Expansion for Explorers Pack 1,40,0.0219
763,1480659550,Joy Ride Turbo,40,0.0219
764,1653696130,Microsoft Mahjong,40,0.0219
765,717702870,OUTRIDERS,40,0.0219
766,1414596717,Saints Row®: The Third™ ,40,0.0219
767,1853160773,STAR WARS™: Battlefront Classic Collection,40,0.0219
768,2017944493,Super Mega Baseball 3,40,0.0219
769,170773198,The Evil Within® 2,40,0.0219
770,1634720918,Ultimate Custom Night,40,0.0219
771,271965907,Wasteland 3,40,0.0219
772,1161889989,Brütal Legend,39,0.0213
773,1761060600,Happy Wars,39,0.0213
774,1676550189,MY HERO ONE'S JUSTICE 2,39,0.0213
775,1700516900,NINJA GAIDEN 3: Razor's Edge,39,0.0213
776,2090474684,Poppy Playtime: Chapter 1,39,0.0213
777,804980065,Sea of Thieves Insider,39,0.0213
778,1313671257,TEKKEN TAG TOURNAMENT 2,39,0.0213
779,1688839217,The Elder Scrolls V: Skyrim Special Edition (PC),39,0.0213
780,1793645165,THE KING OF FIGHTERS XV Standard Edition,39,0.0213
781,659391373,WWE 2K16,39,0.0213
782,951560105,Control,38,0.0208
783,907587004,Dead Island: Riptide Definitive Edition,38,0.0208
784,1161889879,Dead Space™,38,0.0208
785,1161889984,Dragon Age: Origins,38,0.0208
786,1880744816,Farming Simulator 22 (PC),38,0.0208
787,2082961842,Jujutsu Kaisen Cursed Clash,38,0.0208
788,2019267377,Madden NFL 23 Xbox One,38,0.0208
789,217831213,RISK,38,0.0208
790,1649097896,SnowRunner - Windows,38,0.0208
791,1628869222,Soulstone Survivors,38,0.0208
792,1874881573,Tales of Kenzera™: ZAU,38,0.0208
793,551688870,XCOM® 2,38,0.0208
794,1777786002,Commandos: Origins,37,0.0202
795,504518218,L.A. Noire,37,0.0202
796,1542414577,Plague Inc: Evolved,37,0.0202
797,1414596561,Saints Row,37,0.0202
798,1397033053,Sonic & All-Stars Racing Transformed,37,0.0202
799,1397032978,SONIC UNLEASHED,37,0.0202
800,1431505078,Tom Clancy’s Splinter Cell® Blacklist™,37,0.0202
801,1707142453,WWE 2K23 for Xbox Series X|S,37,0.0202
802,1678543324,Aragami 2,36,0.0197
803,1812456871,Battletoads,36,0.0197
804,2068802336,Drift Legends 2,36,0.0197
805,2109344129,FINAL FANTASY XV WINDOWS EDITION,36,0.0197
806,2063170939,Frostpunk: Console Edition,36,0.0197
807,1900564739,New Super Lucky's Tale,36,0.0197
808,587488276,Outlast 2,36,0.0197
809,1698508835,PGA TOUR 2K25 First Look,36,0.0197
810,2098044337,Poppy Playtime: Chapter 4,36,0.0197
811,869628338,Attack on Titan 2,35,0.0191
812,760882151,CRSED: F.O.A.D.,35,0.0191
813,1313671226,Dark Souls™,35,0.0191
814,1089570315,Devil May Cry 4 Special Edition,35,0.0191
815,1719118099,Manor Lords (Game Preview),35,0.0191
816,369157937,MARVEL VS. CAPCOM: INFINITE,35,0.0191
817,511110146,Metro: Last Light Redux,35,0.0191
818,1009393042,Middle-earth™: Shadow of Mordor™ - Game of the Year Edition,35,0.0191
819,2037306921,Poppy Playtime: Chapter 3,35,0.0191
820,1935747145,Prototype®2,35,0.0191
821,884612576,Sonic Mania,35,0.0191
822,1785174857,Spelunky 2,35,0.0191
823,155936527,Street Fighter 30th Anniversary Collection,35,0.0191
824,1819798709,Tetris® Effect: Connected,35,0.0191
825,1755825192,The LEGO Movie Videogame,35,0.0191
826,273290529,Idle Champions of the Forgotten Realms,34,0.0186
827,2005346857,Idle Wizard,34,0.0186
828,1693050229,Madden NFL 22 Xbox One,34,0.0186
829,2014650813,Minecraft: Story Mode - Episode 1: The Order of the Stone,34,0.0186
830,2098944426,MXGP 2021 - The Official Motocross Videogame,34,0.0186
831,285742376,NBA 2K16,34,0.0186
832,340920273,Overcooked,34,0.0186
833,278981929,[PROTOTYPE®],33,0.018
834,1397033002,Aliens vs Predator,33,0.018
835,1267471686,DEAD OR ALIVE 5 Last Round: Core Fighters,33,0.018
836,1957968654,Destroy All Humans! - Clone Carnage,33,0.018
837,1782579390,DPS Idle,33,0.018
838,2052426459,EA SPORTS™ FIFA 16,33,0.018
839,552778408,EA SPORTS™ UFC® 2,33,0.018
840,1653679338,Flintlock: The Siege of Dawn,33,0.018
841,1886388305,Kunitsu-Gami: Path of the Goddess,33,0.018
842,971220532,NBA 2K Playgrounds 2,33,0.018
843,1999452651,Polterguys: Possession Party,33,0.018
844,907086072,Prey,33,0.018
845,699731308,BioShock Infinite: The Complete Edition,32,0.0175
846,1747946954,Construction Simulator,32,0.0175
847,439107693,Dungeon Defenders II,32,0.0175
848,2084133512,Forza Horizon 4 Demo,32,0.0175
849,1855217179,Golf With Your Friends (Windows Version),32,0.0175
850,1279330291,LEGO Star Wars III ,32,0.0175
851,87350449,NieR:Automata™ BECOME AS GODS Edition,32,0.0175
852,559544937,Ori and the Blind Forest: Definitive Edition,32,0.0175
853,1771004118,Sniper Elite 5,32,0.0175
854,1279330290,Star Wars: The Force Unleashed II,32,0.0175
855,1480657498,Super Meat Boy,32,0.0175
856,1616326452,Arcadegeddon,31,0.0169
857,1662474270,Eternal Strands,31,0.0169
858,1712655251,Garten of Banban 1,31,0.0169
859,1431505028,Rayman® Origins,31,0.0169
860,434412541,Rise of the Tomb Raider,31,0.0169
861,1798733099,Teenage Mutant Ninja Turtles: Splintered Fate,31,0.0169
862,1848191014,TUNIC,31,0.0169
863,1744345373,WWE 2K22 for Xbox Series X|S,31,0.0169
864,1480656879,Zuma,31,0.0169
865,1777027693,Adv File Explorer (FullTrust),30,0.0164
866,1480657236,Banjo-Kazooie,30,0.0164
867,1480659414,Bejeweled 3,30,0.0164
868,1297287356,Crackdown 2,30,0.0164
869,1161890190,Crysis® 3,30,0.0164
870,605932637,Hello Neighbor,30,0.0164
871,2003863742,Microsoft Jigsaw,30,0.0164
872,1703086168,Microsoft Sudoku,30,0.0164
873,1688832803,Monster Energy Supercross - The Official Videogame 6,30,0.0164
874,2029650168,Overthrown,30,0.0164
875,1128466461,Resident Evil Operation Raccoon City,30,0.0164
876,472512000,Resident Evil Revelations,30,0.0164
877,978050046,ShellShock Live,30,0.0164
878,1397033032,Sonic Generations,30,0.0164
879,1843694822,The Quarry for Xbox Series X|S,30,0.0164
880,1115757811,Alien: Isolation,29,0.0158
881,1096157436,Call of Duty®: Ghosts,29,0.0158
882,2096821037,DOOM 3,29,0.0158
883,1673998520,F1® Manager 2024,29,0.0158
884,1851718938,FANTASY LIFE i: The Girl Who Steals Time,29,0.0158
885,1480657258,Hydro Thunder,29,0.0158
886,2047199918,Isonzo (Windows),29,0.0158
887,1716785936,Jusant,29,0.0158
888,2105228747,Killer Klowns From Outer Space: The Game,29,0.0158
889,2036125374,Neon White,29,0.0158
890,1864882669,Persona 4 Golden,29,0.0158
891,1893542225,PIPE by BMX Streets,29,0.0158
892,1469186547,Resident Evil 0,29,0.0158
893,1868826586,RimWorld Console Edition,29,0.0158
894,1889456287,Roller Champions™,29,0.0158
895,2068415611,Rust Console Edition - Public Test Branch,29,0.0158
896,1431504907,SplinterCellConviction,29,0.0158
897,1957310205,Streets of Rage 4,29,0.0158
898,309834943,Wheel Of Fortune®,29,0.0158
899,1827287476,World of Outlaws: Dirt Racing,29,0.0158
900,1792749432,Alan Wake Remastered,28,0.0153
901,274976276,ARCADE GAME SERIES: PAC-MAN,28,0.0153
902,2146688994,Fallout 4 (PC),28,0.0153
903,1692871917,Frozen Free Fall: Snowball Fight,28,0.0153
904,1898092029,Inops,28,0.0153
905,564131151,Kerbal Space Program Enhanced Edition,28,0.0153
906,575414105,Life is Strange 2 - Episode 1,28,0.0153
907,1919875042,MLB® The Show™ 22 Xbox Series X | S,28,0.0153
908,374430704,NBA 2K17,28,0.0153
909,1987587652,Overcooked! All You Can Eat,28,0.0153
910,1768466312,Poppy Playtime: Chapter 2,28,0.0153
911,2031266067,Sker Ritual,28,0.0153
912,240091546,SUPERHOT,28,0.0153
913,1649441503,The Game of Life 2,28,0.0153
914,19060482,Trials® Rising,28,0.0153
915,402049843,Black Desert,27,0.0148
916,1865197952,Boomerang Fu,27,0.0148
917,1414793340,Borderlands 2,27,0.0148
918,849613404,Dragon's Dogma: Dark Arisen,27,0.0148
919,1991431474,Grim Idle,27,0.0148
920,1926053898,Hunt: Showdown 1896 (Windows),27,0.0148
921,357858858,KINGDOM HEARTS Ⅲ,27,0.0148
922,693381002,LEGO® The Incredibles,27,0.0148
923,506903100,Madden NFL 18,27,0.0148
924,1970109802,Madden NFL 21 Xbox One,27,0.0148
925,1997603662,Minion Masters,27,0.0148
926,1957255658,MORDHAU,27,0.0148
927,914276891,RAGE 2,27,0.0148
928,2052095073,Ravenswatch,27,0.0148
929,1696173302,RIDE 4,27,0.0148
930,2032369368,Scott Pilgrim vs. The World™: The Game – Complete Edition,27,0.0148
931,1983809908,The Precinct,27,0.0148
932,2089424131,This War of Mine: Final Cut,27,0.0148
933,1995157831,Wildfrost,27,0.0148
934,8769689,Ancestors: The Humankind Odyssey,26,0.0142
935,954605110,Assassin’s Creed® Rogue Remastered,26,0.0142
936,1297287149,Banjo Kazooie: N n B,26,0.0142
937,996030243,BioShock 2 Remastered,26,0.0142
938,1096157153,Call of Duty® 3,26,0.0142
939,386788672,Cars 3: Driven to Win,26,0.0142
940,1880193218,Century: Age of Ashes,26,0.0142
941,1871238901,Crime Boss: Rockay City,26,0.0142
942,1906143168,Crusader Kings III,26,0.0142
943,1690468494,DEATHLOOP,26,0.0142
944,2013511408,DOOM Eternal (BATTLEMODE - PC),26,0.0142
945,1050025307,Grand Theft Auto V,26,0.0142
946,1828807544,Harry Potter: Quidditch Champions,26,0.0142
947,1970836204,Hotline Miami 2: Wrong Number,26,0.0142
948,1678225803,Idle Wizard (Xbox One),26,0.0142
949,2094642688,Just Shapes & Beats,26,0.0142
950,668438210,LEGO® CITY Undercover,26,0.0142
951,867642949,LEGO® Worlds,26,0.0142
952,1161889872,Mirror's Edge™,26,0.0142
953,2086200115,OCTOPATH TRAVELER II,26,0.0142
954,1727613823,Overcooked! 2,26,0.0142
955,1843641391,Quake,26,0.0142
956,2056655762,Remnant: From the Ashes,26,0.0142
957,1931911684,Shredders,26,0.0142
958,1397819363,Supreme Commander 2,26,0.0142
959,1025057816,Battle Ages,25,0.0137
960,1965711939,Capcom Fighting Collection 2,25,0.0137
961,2109350810,Dungeons Of Hinterberg,25,0.0137
962,1659464109,Elite Dangerous Core,25,0.0137
963,2103079736,Hamster Playground,25,0.0137
964,1917135799,HYPERCHARGE Unboxed,25,0.0137
965,2043794712,Kingdoms and Castles,25,0.0137
966,1112934402,LEGO Pirates of the Caribbean: The Video Game,25,0.0137
967,148078765,Madden NFL 20,25,0.0137
968,1675504069,Mafia: Definitive Edition (Windows PC),25,0.0137
969,1414596731,MX vs. ATV Alive,25,0.0137
970,200732952,Project CARS 2,25,0.0137
971,2147115693,Project Wingman,25,0.0137
972,2124647331,Tchia,25,0.0137
973,1161889807,The Orange Box,25,0.0137
974,1297287154,Viva Piñata,25,0.0137
975,1811697311,World War Z,25,0.0137
976,1431505070,Assassin's Creed® III ,24,0.0131
977,337857707,Bendy and the Ink Machine,24,0.0131
978,293785190,Bloons TD 5,24,0.0131
979,2079414802,CATAN® - Console Edition,24,0.0131
980,1297287892,Conker: Live and Reloaded,24,0.0131
981,1794039305,Coral Island,24,0.0131
982,1297287132,Crackdown,24,0.0131
983,1705150859,Greedland,24,0.0131
984,1963174058,Green Hell,24,0.0131
985,1984491277,Grim Idle (Xbox One),24,0.0131
986,530599647,Homefront®: The Revolution,24,0.0131
987,1279330271,LEGO Indiana Jones,24,0.0131
988,1955779192,MechWarrior 5: Clans,24,0.0131
989,1656145947,Moonlighter,24,0.0131
990,2028520097,My Friend Pedro,24,0.0131
991,1909911128,NASCAR Heat 4,24,0.0131
992,521893123,ONE PIECE World Seeker,24,0.0131
993,2030792699,PGA TOUR 2K21,24,0.0131
994,1864659895,Sniper Ghost Warrior Contracts 2,24,0.0131
995,1806542452,theHunter: Call of the Wild™ - Windows 10,24,0.0131
996,2145202828,Tricking 0,24,0.0131
997,1651691355,Wanted: Dead,24,0.0131
998,1307429766,Worms Battlegrounds,24,0.0131
999,2116409537,Yu-Gi-Oh! Legacy of the Duelist : Link Evolution,24,0.0131
1000,1850945804,Age of Empires III: Definitive Edition,23,0.0126
1001,1723836102,Cookie Clicker,23,0.0126
1002,1270951403,Dead Rising 4,23,0.0126
1003,2028637067,Drug Dealer Simulator,23,0.0126
1004,1628280816,Faaast Penguin,23,0.0126
1005,1623391709,Flock,23,0.0126
1006,1911404173,Immortals of Aveum™,23,0.0126
1007,1891684356,Lost in Random™,23,0.0126
1008,2055522726,Madden NFL 23 Xbox Series X|S,23,0.0126
1009,2092112354,Monster Jam™ Showdown,23,0.0126
1010,1776537169,NINJA GAIDEN Σ2,23,0.0126
1011,192928167,Rocksmith 2014,23,0.0126
1012,1847402697,ScreamRide,23,0.0126
1013,1112934454,Star Wars Battlefront,23,0.0126
1014,2000011414,Starlit Adventures,23,0.0126
1015,1313671164,TEKKEN 6,23,0.0126
1016,1047413393,TERA,23,0.0126
1017,2040239934,XDefiant,23,0.0126
1018,2024046503,60 Seconds! Reatomized,22,0.012
1019,1431504852,Assassin's Creed,22,0.012
1020,1480657079,Castle Crashers,22,0.012
1021,1940736818,Darkest Dungeon II,22,0.012
1022,320506923,Dead Rising 2,22,0.012
1023,1954227024,DRAGON BALL: THE BREAKERS,22,0.012
1024,1902463615,EDENS ZERO TRIAL VERSION (DEMO),22,0.012
1025,1802207786,HOT WHEELS UNLEASHED™ - Windows Edition,22,0.012
1026,1414596649,MX vs ATV Reflex,22,0.012
1027,1873450782,MXGP 2020 - The Official Motocross Videogame,22,0.012
1028,1112737745,Oblivion,22,0.012
1029,1726129713,Planet Coaster: Console Edition,22,0.012
1030,818066257,Rugby League Live 4,22,0.012
1031,1734582052,S.T.A.L.K.E.R.: Shadow of Chornobyl - Enhanced Edition,22,0.012
1032,1691013379,Secret Neighbor,22,0.012
1033,1060097466,Serious Sam Collection,22,0.012
1034,1947725080,Skul: The Hero Slayer,22,0.012
1035,1112934452,STAR WARS KOTOR,22,0.012
1036,597690024,SWORD ART ONLINE: FATAL BULLET,22,0.012
1037,2098462228,The Jackbox Party Pack 7,22,0.012
1038,2021058326,Way of the Hunter,22,0.012
1039,1751360232,AAA Dynamic Scenes,21,0.0115
1040,588577476,ARCADE GAME SERIES: GALAGA,21,0.0115
1041,1955966351,Black Myth: Wukong,21,0.0115
1042,2017702583,Dauntless,21,0.0115
1043,406842057,Dead Rising,21,0.0115
1044,1952256197,F1 2020,21,0.0115
1045,1824003155,Family Feud®,21,0.0115
1046,1689264723,FIFA 15,21,0.0115
1047,1847979820,FIFA 22 Xbox Series X|S,21,0.0115
1048,1720478789,Gas Station Simulator,21,0.0115
1049,42119495,Killer Instinct Classic,21,0.0115
1050,1947900602,Like a Dragon: Infinite Wealth,21,0.0115
1051,1923279922,Marvel's Guardians of the Galaxy,21,0.0115
1052,650249872,Metal Gear Solid V: Ground Zeroes,21,0.0115
1053,1867295360,Monster Sanctuary,21,0.0115
1054,1679589975,Mortal Shell: Enhanced Edition,21,0.0115
1055,1696456823,NBA 2K22 for Xbox Series X|S,21,0.0115
1056,1615991113,New MONOPOLY®,21,0.0115
1057,1747676401,Planet Coaster 2,21,0.0115
1058,487177805,Prison Architect: Xbox One Edition,21,0.0115
1059,1866950192,Shady Part of Me,21,0.0115
1060,1726756158,Spiritfarer®: Farewell Edition,21,0.0115
1061,1112934459,Star Wars Republic Commando,21,0.0115
1062,1941370105,Supermarket Owner Simulator: Business,21,0.0115
1063,1749629863,The Case of the Golden Idol,21,0.0115
1064,2013672301,The Gunk,21,0.0115
1065,422246343,Tom Clancy’s Rainbow Six® Extraction,21,0.0115
1066,1945435013,TRIVIAL PURSUIT Live! 2,21,0.0115
1067,496534680,Wolfenstein: Youngblood,21,0.0115
1068,1849227144,WWE 2K20,21,0.0115
1069,972461615,Battle Islands,20,0.0109
1070,1414793191,Borderlands,20,0.0109
1071,1914086330,Broforce,20,0.0109
1072,1161890152,Crysis,20,0.0109
1073,1480657036,Feeding Frenzy 2,20,0.0109
1074,1774172067,HOT WHEELS UNLEASHED™ 2 - Turbocharged,20,0.0109
1075,2090925193,Metal Slug Tactics,20,0.0109
1076,2036178233,Monster Energy Supercross 25 - The Official Video Game,20,0.0109
1077,311896559,Mount & Blade: Warband,20,0.0109
1078,643918998,NARUTO SHIPPUDEN™: Ultimate Ninja® STORM 4 Demo,20,0.0109
1079,469309830,NARUTO™: Ultimate Ninja® STORM,20,0.0109
1080,2128854962,One Lonely Outpost,20,0.0109
1081,1702524932,Power Rangers: Battle for the Grid,20,0.0109
1082,852431422,ReCore,20,0.0109
1083,1947938436,Shotgun Farmers,20,0.0109
1084,1128640842,The Escapists,20,0.0109
1085,1879711255,The Outer Worlds 2,20,0.0109
1086,1480659987,The Walking Dead: Season Two,20,0.0109
1087,2047601430,Truck and Logistics Simulator,20,0.0109
1088,1760893557,Warlander,20,0.0109
1089,1953589006,Yakuza 0,20,0.0109
1090,1755599316,Age of Empires Definitive Edition,19,0.0104
1091,1431505090,Assassin’s Creed® IV,19,0.0104
1092,1480657237,Banjo-Tooie,19,0.0104
1093,1396901865,Battlestations Pacific,19,0.0104
1094,1662853043,Blasphemous 2,19,0.0104
1095,1617823540,Bomb Rush Cyberfunk,19,0.0104
1096,84648031,Bulletstorm: Full Clip Edition,19,0.0104
1097,2035296401,Capcom Arcade 2nd Stadium,19,0.0104
1098,856892583,Darksiders II Deathinitive Edition,19,0.0104
1099,1622132960,Dead Cells,19,0.0104
1100,1161890059,Dragon Age™ 2,19,0.0104
1101,1799540443,Dungeons & Dragons Neverwinter Nights 2: Enhanced Edition,19,0.0104
1102,1146095621,Earth Defense Force 2025,19,0.0104
1103,1736752782,Expansion for Explorers,19,0.0104
1104,1873893114,Just Die Already,19,0.0104
1105,1279330285,LEGO® Indiana Jones™ 2,19,0.0104
1106,1889321756,Microsoft Minesweeper,19,0.0104
1107,893913058,MX Unleashed,19,0.0104
1108,1413679064,Ninja Gaiden Black,19,0.0104
1109,1822591938,Revenge of the Savage Planet PC,19,0.0104
1110,1161889919,Skate 2,19,0.0104
1111,1633458467,SteamWorld Build,19,0.0104
1112,912691842,Sudden Strike 4 - European Battlefields Edition,19,0.0104
1113,90400189,SUPER BOMBERMAN R,19,0.0104
1114,1748769487,The Jackbox Party Pack 6,19,0.0104
1115,1464993832,Batman: Arkham Origins,18,0.0098
1116,1161889756,Burnout Revenge,18,0.0098
1117,1096157137,Call of Duty® 2,18,0.0098
1118,1852853299,Call of Duty®: WWII (Windows),18,0.0098
1119,1729654407,Company of Heroes 3,18,0.0098
1120,2113258996,Core Keeper,18,0.0098
1121,2123216194,Crysis 2 Remastered,18,0.0098
1122,1739392581,Dungeons of Sundaria,18,0.0098
1123,1431505036,Far Cry 3,18,0.0098
1124,1678270415,Farm Together,18,0.0098
1125,1885859783,FATAL FURY: City of the Wolves,18,0.0098
1126,1756167397,FINAL FANTASY XVI DEMO,18,0.0098
1127,1480656849,Hexic HD,18,0.0098
1128,2071372034,Lawn Mowing Simulator,18,0.0098
1129,2028627076,Marvel's Midnight Suns for Xbox Series X|S,18,0.0098
1130,1781365913,Monster Train,18,0.0098
1131,1112737785,Morrowind,18,0.0098
1132,1414596574,MX vs. ATV: Untamed,18,0.0098
1133,1871994086,Planet Zoo: Console Edition,18,0.0098
1134,1789091683,Rain World,18,0.0098
1135,1889657958,S.T.A.L.K.E.R.: Call of Prypiat - Enhanced Edition,18,0.0098
1136,1169551644,Saints Row: Gat out of Hell,18,0.0098
1137,1955054478,Smalland: Survive the Wilds,18,0.0098
1138,1128466401,STREET FIGHTER IV,18,0.0098
1139,1397622748,THE KING OF FIGHTERS XIII,18,0.0098
1140,635298240,"The Walking Dead: Michonne - Ep. 1, In Too Deep",18,0.0098
1141,1278892798,TRIVIAL PURSUIT LIVE!,18,0.0098
1142,1658477123,Unturned,18,0.0098
1143,531971604,WWE 2K19,18,0.0098
1144,1148805248,Yu-Gi-Oh! Legacy of the Duelist,18,0.0098
1145,1920996408,Age of Wonders 4,17,0.0093
1146,2070921614,Bayonetta,17,0.0093
1147,230716687,Biomutant,17,0.0093
1148,1802600743,Capcom Arcade Stadium,17,0.0093
1149,1112934398,Cars 2: The Video Game,17,0.0093
1150,1822577333,Dead Rising Deluxe Remaster,17,0.0093
1151,1112934422,Disney Epic Mickey 2: The Power of Two,17,0.0093
1152,1801537563,F1® 2021,17,0.0093
1153,1480656881,Feeding Frenzy,17,0.0093
1154,1646082476,Galacticare,17,0.0093
1155,1663990634,GigaBash,17,0.0093
1156,476517807,Gravel,17,0.0093
1157,387693234,Hawken,17,0.0093
1158,1668424649,Kulebra and the Souls of Limbo: Closure Edition,17,0.0093
1159,286851285,LEGO Marvel Super Heroes Demo,17,0.0093
1160,2017169801,LOLLIPOP CHAINSAW RePOP,17,0.0093
1161,1128466413,LOST PLANET 2,17,0.0093
1162,1091024470,Magic Duels,17,0.0093
1163,1161890141,Mass Effect™ 3,17,0.0093
1164,2049727100,METAL GEAR SOLID - Master Collection Version,17,0.0093
1165,1973367334,MindsEye,17,0.0093
1166,485601591,NARUTO SHIPPUDEN™: Ultimate Ninja® STORM 2,17,0.0093
1167,162448742,Outer Wilds,17,0.0093
1168,1698989872,PICO PARK 2,17,0.0093
1169,1606375163,Pinball FX3,17,0.0093
1170,1480657248,Portal: Still Alive,17,0.0093
1171,1743049130,Quake II,17,0.0093
1172,802418004,RESIDENT EVIL RESISTANCE,17,0.0093
1173,275132544,SEGA® Genesis Classics™,17,0.0093
1174,1762712365,Stellaris,17,0.0093
1175,1704201327,System Shock 2: 25th Anniversary Remaster,17,0.0093
1176,1788169756,Taxi Life: A City Driving Simulator,17,0.0093
1177,1731548634,The Dark Pictures Anthology: Little Hope,17,0.0093
1178,610345881,The Jackbox Party Pack,17,0.0093
1179,449890085,The Jackbox Party Pack 4,17,0.0093
1180,886895461,The Jackbox Party Pack 5,17,0.0093
1181,1615232474,The Walking Dead: The Telltale Definitive Series,17,0.0093
1182,62572131,The Wolf Among Us,17,0.0093
1183,2070685355,to a T,17,0.0093
1184,1480657242,Trials HD,17,0.0093
1185,1910952414,TRIALS of MANA,17,0.0093
1186,1866559372,Turnip Boy Robs a Bank,17,0.0093
1187,1297287263,Viva Piñata: TIP,17,0.0093
1188,1781945767,Wizard of Legend 2,17,0.0093
1189,1741728886,Arcade Paradise,16,0.0087
1190,1628688048,Atomic Heart,16,0.0087
1191,1823385601,Bassmaster® Fishing,16,0.0087
1192,1634898195,Darkwood,16,0.0087
1193,1736409202,DEEEER Simulator: Your Average Everyday Deer Game,16,0.0087
1194,1797553917,DYNASTY WARRIORS: ORIGINS,16,0.0087
1195,12206284,eFootball PES 2020,16,0.0087
1196,1464993747,F.E.A.R. 2,16,0.0087
1197,1804401706,F1® 22 Xbox Series X|S,16,0.0087
1198,1431504912,Far Cry® 2,16,0.0087
1199,416597888,Hungry Shark® World,16,0.0087
1200,1343080382,LEGO® Batman™ 3: Beyond Gotham Demo,16,0.0087
1201,1414793190,Mafia II,16,0.0087
1202,1984680366,Medieval Dynasty (Xbox One),16,0.0087
1203,1869122946,MONOPOLY DEAL,16,0.0087
1204,650779126,NBA 2K18,16,0.0087
1205,1480659436,NBA JAM: On Fire Edition,16,0.0087
1206,1902591469,Outward: Definitive Edition,16,0.0087
1207,386601590,Project CARS 2 Demo,16,0.0087
1208,474501413,RIDE 3,16,0.0087
1209,1928322650,Snooker Blitz,16,0.0087
1210,1112934456,Star Wars Jedi Knight: Jedi Academy,16,0.0087
1211,2060188345,Street Fighter™ 6 Demo,16,0.0087
1212,19615130,Super Mega Baseball: Extra Innings,16,0.0087
1213,1181281124,Thief,16,0.0087
1214,716478832,TT Isle of Man,16,0.0087
1215,449394673,Vampyr,16,0.0087
1216,1983962095,"Warhammer 40,000: Battlesector",16,0.0087
1217,2075589952,"Warhammer 40,000: Boltgun - Windows",16,0.0087
1218,940586683,Wizard of Legend,16,0.0087
1219,1480659433,Zuma's Revenge!,16,0.0087
1220,1745806870,7 Days to Die (Game Preview),15,0.0082
1221,2016203684,Alaskan Road Truckers: Highway Edition,15,0.0082
1222,77840650,Among the Sleep - Enhanced Edition,15,0.0082
1223,1431505017,Assassin's Creed Revelations,15,0.0082
1224,23570566,Batman - The Telltale Series - Episode 1: Realm of Shadows,15,0.0082
1225,1841011808,Blizzard® Arcade Collection,15,0.0082
1226,2003473581,Citizen Sleeper,15,0.0082
1227,1480657460,Crazy Taxi,15,0.0082
1228,1297287249,Crimson Skies®: High Road to Revenge™,15,0.0082
1229,1678781072,DayZ - Experimental,15,0.0082
1230,1728448413,DmC Devil May Cry: Definitive Edition,15,0.0082
1231,1983248568,Eiyuden Chronicle: Hundred Heroes,15,0.0082
1232,1989956835,Evolve,15,0.0082
1233,607966981,FINAL FANTASY VII,15,0.0082
1234,1480656868,Hardwood Spades,15,0.0082
1235,1397819396,Hitman: Absolution,15,0.0082
1236,399942284,LEGO® Jurassic World™ Demo,15,0.0082
1237,894121859,LEGO® MARVEL's Avengers DEMO,15,0.0082
1238,717669198,Madden NFL 19,15,0.0082
1239,1733044130,Madden NFL 22 Xbox Series X|S,15,0.0082
1240,1963895710,Magical Delicacy,15,0.0082
1241,1414793292,Max Payne,15,0.0082
1242,2051631747,Spectre Divide,15,0.0082
1243,1112934375,Split/Second,15,0.0082
1244,213257000,TerraTech,15,0.0082
1245,1005415207,The Golf Club 2019 featuring PGA TOUR,15,0.0082
1246,20605635,The Surge,15,0.0082
1247,1905434171,TRAIL OUT,15,0.0082
1248,792914248,Tricky Towers,15,0.0082
1249,1629004246,We Love Katamari REROLL+ Royal Reverie,15,0.0082
1250,1690524168,Wo Long: Fallen Dynasty,15,0.0082
1251,1880818134,AFL 26,14,0.0076
1252,232457702,Broken Age,14,0.0076
1253,1161889798,Burnout Paradise,14,0.0076
1254,1693676973,Clue,14,0.0076
1255,1096157460,COD: Advanced Warfare,14,0.0076
1256,1618801140,CRISIS CORE –FINAL FANTASY VII– REUNION,14,0.0076
1257,725442241,Darksiders Warmastered Edition,14,0.0076
1258,696196977,DRAGON BALL XENOVERSE,14,0.0076
1259,1867148258,eFootball PES 2021 SEASON UPDATE,14,0.0076
1260,1989971377,Exit the Gungeon,14,0.0076
1261,1692950358,Exoprimal,14,0.0076
1262,1814325409,Fantasy Dash,14,0.0076
1263,2137885631,FIFA 21 Xbox Series X|S,14,0.0076
1264,1613695074,Five Nights at Freddy's 3,14,0.0076
1265,1702196563,Frostpunk 2,14,0.0076
1266,159583079,Gear.Club Unlimited 2 - Ultimate Edition,14,0.0076
1267,1431504947,Ghost Recon: Future Soldier™,14,0.0076
1268,1669831089,Gold Mining Simulator,14,0.0076
1269,488156801,GreedFall,14,0.0076
1270,1297287449,Halo 4,14,0.0076
1271,1044501532,Jeopardy!,14,0.0076
1272,1757959613,Jujutsu Kaisen Cursed Clash DEMO,14,0.0076
1273,850034103,Killer Instinct 2 Classic,14,0.0076
1274,1876744786,Killing Floor 3,14,0.0076
1275,2006666244,NBA 2K21 Next Generation,14,0.0076
1276,2076732337,Necromunda: Hired Gun (Windows),14,0.0076
1277,1757462338,Ni no Kuni Wrath of the White Witch™ Remastered,14,0.0076
1278,1059087507,Octodad: Dadliest Catch,14,0.0076
1279,1010226785,One Piece: Burning Blood,14,0.0076
1280,1480657346,Perfect Dark,14,0.0076
1281,2072176568,Pinball FX,14,0.0076
1282,1848728299,Pinball FX Midnight,14,0.0076
1283,2117095676,Planet of Lana,14,0.0076
1284,838726055,PRO EVOLUTION SOCCER 2018,14,0.0076
1285,1745314691,Psychonauts 2,14,0.0076
1286,1480657445,Sonic Adventure,14,0.0076
1287,129325438,SONIC FORCES,14,0.0076
1288,1663285336,STAR WARS™: Bounty Hunter™,14,0.0076
1289,2079765251,Streets of Rogue,14,0.0076
1290,1772965835,The Last Stand: Aftermath,14,0.0076
1291,1292135256,Titanfall,14,0.0076
1292,1860058296,TT Isle Of Man: Ride on the Edge 3,14,0.0076
1293,981110874,WWE 2K18,14,0.0076
1294,71300661,ACA NEOGEO THE KING OF FIGHTERS 2002,13,0.0071
1295,433738637,Adventure Time: Pirates of the Enchiridion,13,0.0071
1296,1128466455,ASURA'S WRATH,13,0.0071
1297,370169912,Contrast,13,0.0071
1298,1129121853,DiRT 3,13,0.0071
1299,1941057630,Empire of the Ants,13,0.0071
1300,1397819364,FINAL FANTASY XIII,13,0.0071
1301,1683674669,Ghostbusters: Spirits Unleashed Ecto Edition,13,0.0071
1302,2020032940,HAWKED,13,0.0071
1303,1900811986,Kingdoms of Amalur: Re-Reckoning,13,0.0071
1304,1480657325,KOF2002UM,13,0.0071
1305,565406974,LEGO® STAR WARS™: The Force Awakens,13,0.0071
1306,1764536463,LEGO® The Hobbit™,13,0.0071
1307,2119300209,Life is Strange: Double Exposure,13,0.0071
1308,1249526091,Madden NFL 16,13,0.0071
1309,333701857,Mega Man X Legacy Collection,13,0.0071
1310,1632270119,Megaton Rainfall,13,0.0071
1311,2025840804,METAL GEAR SOLID 3: Snake Eater - Master Collection Version,13,0.0071
1312,293003647,Microsoft Wordament,13,0.0071
1313,1480657433,Might & Magic Clash of Heroes™,13,0.0071
1314,731662901,Monster Energy Supercross - The Official Videogame,13,0.0071
1315,1742982949,MotoGP™24,13,0.0071
1316,1693003201,MotoGP™25 - Xbox One,13,0.0071
1317,1343920370,NBA 2K15,13,0.0071
1318,484684099,PAC-MAN 256,13,0.0071
1319,1297287123,Perfect Dark Zero,13,0.0071
1320,1302301894,Powerstar Golf,13,0.0071
1321,2028530104,Prince of Persia The Lost Crown,13,0.0071
1322,1431505091,Rayman® Legends,13,0.0071
1323,1263339510,Saints Row IV,13,0.0071
1324,2100312943,SCARLET NEXUS,13,0.0071
1325,1906073826,Skullgirls 2nd Encore,13,0.0071
1326,1740860919,Sniper Ghost Warrior Contracts,13,0.0071
1327,1480657342,Spelunky,13,0.0071
1328,1414596688,SpongeBob: Truth-Sq.,13,0.0071
1329,2002882362,Squirrel with a Gun,13,0.0071
1330,1618733759,Star Wars Outlaws - Free Demo,13,0.0071
1331,1040009086,Super Lucky's Tale,13,0.0071
1332,225007476,Team Sonic Racing™,13,0.0071
1333,2036345770,The Dark Pictures Anthology House of Ashes,13,0.0071
1334,39069682,The Jackbox Party Pack 2,13,0.0071
1335,1633778685,The Stanley Parable: Ultra Deluxe,13,0.0071
1336,901516198,The Surge 2,13,0.0071
1337,1628698678,Thief Simulator,13,0.0071
1338,1022548859,Truck Driver,13,0.0071
1339,995443207,Verdun,13,0.0071
1340,1791400679,Yakuza: Like a Dragon,13,0.0071
1341,1520322998,Zombie Army Trilogy,13,0.0071
1342,1630807758,Age of Water,12,0.0066
1343,1719440805,Alone in the Dark,12,0.0066
1344,759471095,ARCADE GAME SERIES: Ms. PAC-MAN,12,0.0066
1345,364804937,BATTLESHIP®,12,0.0066
1346,1297287893,Blinx: The Time Sweeper,12,0.0066
1347,1928228122,Borderlands®4,12,0.0066
1348,2026693193,Bus Simulator 21 Next Stop,12,0.0066
1349,768615691,Chess Ultra,12,0.0066
1350,1161890019,Crysis 2,12,0.0066
1351,2004939306,Crysis 3 Remastered,12,0.0066
1352,2102421406,Day of the Tentacle Remastered,12,0.0066
1353,1748951836,Disco Elysium - The Final Cut,12,0.0066
1354,686783342,Divinity: Original Sin 2 - Definitive Edition,12,0.0066
1355,1751733247,Doki Doki Literature Club Plus!,12,0.0066
1356,152270586,FINAL FANTASY XII THE ZODIAC AGE,12,0.0066
1357,2109927239,Five Nights at Freddy's: Sister Location,12,0.0066
1358,344311848,For The King,12,0.0066
1359,1755179727,Grim Fandango Remastered,12,0.0066
1360,1480657557,Iron Brigade,12,0.0066
1361,1640763780,KIBORG,12,0.0066
1362,1279330257,LEGO Star Wars II,12,0.0066
1363,1687910025,Mahjong by Microsoft,12,0.0066
1364,1649675719,Max: The Curse of Brotherhood,12,0.0066
1365,2017826215,METAL GEAR SOLID 2: Sons of Liberty - Master Collection Version,12,0.0066
1366,778400368,NBA 2K14,12,0.0066
1367,2132252311,Olympic Games Tokyo 2020 – The Official Video Game™,12,0.0066
1368,1752331738,One Leaves,12,0.0066
1369,676432066,PAC-MAN™ CHAMPIONSHIP EDITION 2,12,0.0066
1370,2035760753,PAW Patrol World,12,0.0066
1371,1715636420,Pummel Party,12,0.0066
1372,1648684496,Sonic Origins,12,0.0066
1373,1646985614,Space Jam: A New Legacy - The Game,12,0.0066
1374,1883232264,STAR WARS™ Episode I Racer,12,0.0066
1375,2141647881,Tales from the Borderlands - Episode 1: Zer0 Sum,12,0.0066
1376,1997447389,The Dark Pictures Anthology: The Devil in Me,12,0.0066
1377,654883159,The LEGO® NINJAGO® Movie Video Game,12,0.0066
1378,2101138430,The Matrix Awakens: An Unreal Engine 5 Experience,12,0.0066
1379,1649660694,The Texas Chain Saw Massacre - PC Edition,12,0.0066
1380,1905686946,Tropico 6 - Next Gen Edition,12,0.0066
1381,861949148,What Remains of Edith Finch,12,0.0066
1382,1807181865,Wizard with a Gun,12,0.0066
1383,1803165746,Yet Another Zombie Survivors Demo,12,0.0066
1384,1742707305,Ambulance Life: A Paramedic Simulator,11,0.006
1385,1950164627,Antstream Arcade - Annual,11,0.006
1386,338995079,Batman: The Enemy Within - Episode 1,11,0.006
1387,233177124,Battle Islands: Commanders,11,0.006
1388,1431504874,Brothers in Arms: HH,11,0.006
1389,1610974574,Cocoon,11,0.006
1390,2078793582,DYSMANTLE,11,0.006
1391,374274123,EA SPORTS™ NHL® 19,11,0.006
1392,1966202553,Fishing: North Atlantic Enhanced Edition,11,0.006
1393,1864215620,Five Nights at Freddy's: Help Wanted,11,0.006
1394,1975562587,Forgive Me Father,11,0.006
1395,1935789173,Gigantic: Rampage Edition,11,0.006
1396,1844195280,Go Mecha Ball,11,0.006
1397,2093028006,Hole io,11,0.006
1398,90991576,How To Survive 2,11,0.006
1399,1997835037,I Am Your Beast,11,0.006
1400,1840565677,Island Saver,11,0.006
1401,1396901863,Just Cause 2,11,0.006
1402,70112963,Knight Squad,11,0.006
1403,2045704503,Metaball,11,0.006
1404,534004979,Microsoft Ultimate Word Games,11,0.006
1405,2118184557,Monster Jam Steel Titans 2,11,0.006
1406,1986349001,NHL® 23 Xbox One,11,0.006
1407,1785122378,Omega Strikers,11,0.006
1408,1941002186,ON THE ROAD - The Truck Simulator,11,0.006
1409,1432033734,Pinball Arcade,11,0.006
1410,1907381044,Project Cars,11,0.006
1411,1431504886,R.U.S.E.,11,0.006
1412,1112737772,RAGE,11,0.006
1413,1813984116,Resident Evil 4 Chainsaw Demo,11,0.006
1414,2065674944,Resident Evil Re:Verse,11,0.006
1415,1166935255,Slender: The Arrival (2015),11,0.006
1416,1907729638,Solasta: Crown of the Magister,11,0.006
1417,1813223937,SongPop Party,11,0.006
1418,1836687833,Sonic Colors: Ultimate,11,0.006
1419,1917594775,Stampede: Racing Royale (Game Preview),11,0.006
1420,1112934458,STAR WARS KOTOR II,11,0.006
1421,1933264626,Survivalist: Invisible Strain,11,0.006
1422,1649102497,SWORD ART ONLINE Fractured Daydream,11,0.006
1423,2002977221,Tails of Iron,11,0.006
1424,1624769204,Talisman: Digital Edition,11,0.006
1425,605741753,The LEGO Movie 2 Videogame,11,0.006
1426,1431504921,Tom Clancy's Splinter Cell® Chaos Theory™,11,0.006
1427,1518572426,Trackmania® Turbo,11,0.006
1428,2073119116,Trials® Rising Demo,11,0.006
1429,1851490214,Tribes of Midgard,11,0.006
1430,1840411466,Untitled Goose Game,11,0.006
1431,1892485156,We Were Here Expeditions: The FriendShip,11,0.006
1432,2091194104,Wreckfest,11,0.006
1433,1717071867,ZOMBI,11,0.006
1434,1783702427,AEW: Fight Forever,10,0.0055
1435,1480656966,Alien Hominid HD,10,0.0055
1436,1975041917,Amnesia: The Bunker,10,0.0055
1437,1431504955,Assassin's Creed II,10,0.0055
1438,810050544,Beach Buggy Racing,10,0.0055
1439,1663573292,Bendy and the Dark Revival,10,0.0055
1440,1639963506,BlackJack 21 Pro!,10,0.0055
1441,1161889888,C&C Red Alert 3,10,0.0055
1442,2144913935,Castlevania Anniversary Collection,10,0.0055
1443,1263405065,Castlevania LoS,10,0.0055
1444,206503430,Clustertruck,10,0.0055
1445,1699595315,Copycat Demo,10,0.0055
1446,1480659546,Counter-Strike: GO,10,0.0055
1447,217802058,Darkest Dungeon®,10,0.0055
1448,524859112,Darksiders III,10,0.0055
1449,852849518,Digimon Survive,10,0.0055
1450,1788513791,DRAGON BALL Z: KAKAROT Demo Version,10,0.0055
1451,1874135365,EDENS ZERO,10,0.0055
1452,1906937527,Far Cry 3 Blood Dragon Classic Edition,10,0.0055
1453,408481962,FIFA 18 Demo,10,0.0055
1454,2021453818,FINAL FANTASY VIII Remastered,10,0.0055
1455,1877135456,Freddy Fazbear's Pizzeria Simulator,10,0.0055
1456,1296697298,Full Game - Psychonauts,10,0.0055
1457,1719232621,Hello Guest: Hello Neighbor 2 pre-alpha,10,0.0055
1458,2004666712,Journey To The Savage Planet: Employee Of The Month,10,0.0055
1459,1645652626,Kena: Bridge of Spirits,10,0.0055
1460,1708233397,LEGO® Harry Potter™ Collection,10,0.0055
1461,1935490407,Little Nightmares Enhanced Edition,10,0.0055
1462,2014880780,Madden NFL 17,10,0.0055
1463,2020925735,Make Way,10,0.0055
1464,1297287144,Mass Effect,10,0.0055
1465,1893250709,Matchpoint - Tennis Championships | DEMO,10,0.0055
1466,1885214293,Moo & Move: Extra Grazing Grounds,10,0.0055
1467,576433659,Moto Racer 4,10,0.0055
1468,1891931390,MXGP 2021 - The Official Motocross Videogame - Xbox Series X|S,10,0.0055
1469,2040686890,My Time at Sandrock,10,0.0055
1470,1708079118,NASCAR 21: Ignition,10,0.0055
1471,664898642,NASCAR Heat 3,10,0.0055
1472,1802006334,Neon Abyss,10,0.0055
1473,961593710,NHL® 20,10,0.0055
1474,304932652,NHL® 21,10,0.0055
1475,1685135803,NHL® 22 Xbox One,10,0.0055
1476,2105140633,NieR Replicant ver.1.22474487139...,10,0.0055
1477,1778851260,Oddworld: Stranger's Wrath HD,10,0.0055
1478,737714383,ONE PIECE BURNING BLOOD - DEMO,10,0.0055
1479,1632843296,Pillars of Eternity II: Deadfire - Ultimate Edition,10,0.0055
1480,269677862,PING REDUX,10,0.0055
1481,757817533,PRO EVOLUTION SOCCER 2019,10,0.0055
1482,2002584553,Puzzle Quest 3,10,0.0055
1483,1641566497,Railroads Online,10,0.0055
1484,1128466466,RESIDENT EVIL CODE: Veronica X,10,0.0055
1485,2048545274,Rubber Bandits,10,0.0055
1486,93901068,Ruiner,10,0.0055
1487,1781047490,Shin Megami Tensei V: Vengeance,10,0.0055
1488,1263405029,Silent Hill Homecoming,10,0.0055
1489,288915516,Skyforge,10,0.0055
1490,1633152429,SONIC SUPERSTARS,10,0.0055
1491,1480656995,Sonic The Hedgehog 2,10,0.0055
1492,1911065365,Stunt Paradise,10,0.0055
1493,1431504855,TC's SC Double Agent,10,0.0055
1494,1719207328,TERMINATOR: RESISTANCE - COMPLETE EDITION,10,0.0055
1495,1701212022,The Jackbox Party Pack 8,10,0.0055
1496,689916261,"Warhammer 40,000: Inquisitor - Martyr Ultimate Edition",10,0.0055
1497,1679106504,WARRIORS: Abyss,10,0.0055
1498,2142309066,WWE 2K Battlegrounds,10,0.0055
1499,1679168855,A Quiet Place: The Road Ahead,9,0.0049
1500,846846419,Attack on Titan 2 Demo,9,0.0049
1501,1946485937,Besiege Console,9,0.0049
1502,1024154899,Boggle,9,0.0049
1503,2038940671,Bridge Race,9,0.0049
1504,1676653592,Citizen Sleeper 2: Starward Vector,9,0.0049
1505,1859542622,Contra Anniversary Collection,9,0.0049
1506,400142602,Costume Quest 2,9,0.0049
1507,1727909174,Crossy Road Castle Demo,9,0.0049
1508,1867293778,Darwin Project,9,0.0049
1509,1619542068,Dawn of Man,9,0.0049
1510,376779456,Death Road to Canada,9,0.0049
1511,1397819386,DEUS EX: HUMAN REVOLUTION,9,0.0049
1512,1650442817,Deus Ex: Mankind Divided™,9,0.0049
1513,1951675244,DJMAX RESPECT V,9,0.0049
1514,572417720,Emily Wants To Play,9,0.0049
1515,2015929879,Evil Dead: The Game,9,0.0049
1516,1464993792,F.E.A.R. 3,9,0.0049
1517,363774594,Farming Simulator 17,9,0.0049
1518,1727396789,FINAL FANTASY,9,0.0049
1519,1926605815,Funko Fusion,9,0.0049
1520,2027986430,Fury Unleashed,9,0.0049
1521,2126757651,Ghostrunner,9,0.0049
1522,1955982965,Gunfire Reborn,9,0.0049
1523,1131124715,"Guns, Gore and Cannoli",9,0.0049
1524,341719186,"Guns, Gore and Cannoli 2",9,0.0049
1525,682562723,Halo: Spartan Assault,9,0.0049
1526,1964820394,Hotline Miami Collection,9,0.0049
1527,1480657722,I Am Alive™,9,0.0049
1528,2037481046,Inertial Drift,9,0.0049
1529,1775780452,Just Dance Free Experience,9,0.0049
1530,1679509385,Kill It With Fire,9,0.0049
1531,1833447683,Legacy of Kain™ Soul Reaver 1&2 Remastered,9,0.0049
1532,28152906,Lovers in a Dangerous Spacetime,9,0.0049
1533,1844460632,Metro Exodus Enhanced Edition,9,0.0049
1534,1906672574,Middle-earth™: Shadow of Mordor™,9,0.0049
1535,380023945,Monster Energy Supercross - The Official Videogame 2,9,0.0049
1536,505222320,Monster Jam Steel Titans,9,0.0049
1537,582279671,Moto Racer 4 Demo,9,0.0049
1538,1480657679,Motocross Madness,9,0.0049
1539,385764340,MX vs. ATV Supercross Encore,9,0.0049
1540,94171386,MXGP3,9,0.0049
1541,1691152104,MY HERO ONE'S JUSTICE 2 Demo,9,0.0049
1542,1634565765,NHL® 94 REWIND,9,0.0049
1543,1624572870,Ni no Kuni™ II: Revenant Kingdom - The Prince's Edition,9,0.0049
1544,1413679061,NINJA GAIDEN II,9,0.0049
1545,1624743884,Persona 3 Portable,9,0.0049
1546,1702914632,Poker Club,9,0.0049
1547,827416995,Pure Pool,9,0.0049
1548,1912444422,RAIDOU Remastered: The Mystery of the Soulless Army,9,0.0049
1549,1823082250,Sally Face,9,0.0049
1550,1979417101,SD GUNDAM BATTLE ALLIANCE,9,0.0049
1551,2128705961,Solitaire HD,9,0.0049
1552,1431504864,TC's EndWar,9,0.0049
1553,1431504854,TC's RainbowSix Vegas,9,0.0049
1554,1664251645,TEKKEN 8 - DEMO,9,0.0049
1555,890454034,The Dark Pictures Anthology: Man Of Medan,9,0.0049
1556,1675176110,The Outer Worlds,9,0.0049
1557,1731121397,The Quarry for Xbox One,9,0.0049
1558,1889167057,The Walking Dead: Destinies,9,0.0049
1559,1673810447,Tony Stewart's All-American Racing,9,0.0049
1560,580901123,Tropico 6,9,0.0049
1561,2019181131,Wasteland 2: Director's Cut,9,0.0049
1562,1926154049,Wasteland Remastered,9,0.0049
1563,2026783353,Wayfinder,9,0.0049
1564,2016076229,Weird West: Definitive Edition,9,0.0049
1565,2007033271,80's OVERDRIVE,8,0.0044
1566,1672129931,Across the Obelisk,8,0.0044
1567,1958267791,AK-xolotl: Together,8,0.0044
1568,670545608,Armored Warfare,8,0.0044
1569,2076917277,Army of Ruin,8,0.0044
1570,524641908,Assassin's Creed® Chronicles: China,8,0.0044
1571,1431505102,Assassin's Creed® Rogue,8,0.0044
1572,487844727,Assault Android Cactus,8,0.0044
1573,634298669,Bad North: Jotunn Edition,8,0.0044
1574,1969372075,BlazBlue: Cross Tag Battle Special Edition,8,0.0044
1575,1736678881,Bleeding Edge,8,0.0044
1576,1161889806,C&C3,8,0.0044
1577,2077036451,Cake Bash,8,0.0044
1578,2008066354,Car Mechanic Simulator,8,0.0044
1579,1480656967,Castlevania: SOTN,8,0.0044
1580,2107339353,Control Standard Edition,8,0.0044
1581,1843804163,Cooking Simulator Windows,8,0.0044
1582,429288038,Crypt of the NecroDancer,8,0.0044
1583,1691794314,Dark Deception Demo,8,0.0044
1584,1734943461,Daymare: 1994 Sandcastle (Xbox Series X|S Version),8,0.0044
1585,402672897,Death Squared,8,0.0044
1586,1669682262,Defense Grid 2,8,0.0044
1587,893913056,Destroy All Humans (2005),8,0.0044
1588,106901580,Destroy All Humans!,8,0.0044
1589,2096544989,Divine Knockout (DKO),8,0.0044
1590,1953182469,DRAGON QUEST® XI S: Echoes of an Elusive Age™ - Definitive Edition,8,0.0044
1591,548464799,EA SPORTS™ UFC®,8,0.0044
1592,461914906,FIFA 19 Demo,8,0.0044
1593,1997023214,FINAL FANTASY IX,8,0.0044
1594,1804966091,Forager,8,0.0044
1595,2093936173,Fossilfuel 2,8,0.0044
1596,1700344676,Ghostbusters: The Video Game Remastered,8,0.0044
1597,1129121860,GRID 2,8,0.0044
1598,1297287601,Halo: Combat Evolved Anniversary,8,0.0044
1599,1952945858,Hello Engineer Demo,8,0.0044
1600,1977008263,JoJo's Bizarre Adventure: All-Star Battle R Demo Version,8,0.0044
1601,333457553,Just Dance® 2020,8,0.0044
1602,901962824,KartRider: Drift,8,0.0044
1603,1898106366,Little Ralph - Trial,8,0.0044
1604,908941238,Mark of the Ninja: Remastered,8,0.0044
1605,1414793291,Max Payne® 2: The Fall of Max Payne,8,0.0044
1606,1112934453,Mercenaries,8,0.0044
1607,1948147176,Moving Out,8,0.0044
1608,1070680307,MudRunner,8,0.0044
1609,303799945,Nickelodeon Kart Racers,8,0.0044
1610,1819944286,Nun Massacre,8,0.0044
1611,1977174786,ONE PIECE ODYSSEY,8,0.0044
1612,308514854,Outward,8,0.0044
1613,2048381683,PAC-MAN WORLD Re-PAC,8,0.0044
1614,1894365262,PAW Patrol: Grand Prix,8,0.0044
1615,1960926264,Phoenix Point,8,0.0044
1616,275673036,Pillars of Eternity: Complete Edition,8,0.0044
1617,671807457,Portal Knights,8,0.0044
1618,848477962,Pure Chess,8,0.0044
1619,1743961068,Race The Sun,8,0.0044
1620,967641964,Realm Royale Reforged,8,0.0044
1621,950358266,Ride 2,8,0.0044
1622,779253028,RIDE Demo,8,0.0044
1623,1738390204,Rivals of Aether,8,0.0044
1624,2045526445,S.T.A.L.K.E.R.: Clear Sky - Enhanced Edition,8,0.0044
1625,1263339520,Saints Row: Gat Out of Hell   ,8,0.0044
1626,2073736638,Scrabble,8,0.0044
1627,269700535,Sniper Elite 3,8,0.0044
1628,1692656490,SNIPER Ghost Warrior 3,8,0.0044
1629,1161890298,SSX 3,8,0.0044
1630,2120109308,STUFFED,8,0.0044
1631,585971749,Super Mega Baseball 2,8,0.0044
1632,405775731,Surviving Mars,8,0.0044
1633,1873939850,Teenage Mutant Ninja Turtles Arcade: Wrath of the Mutants,8,0.0044
1634,2142487375,Teenage Mutant Ninja Turtles: The Cowabunga Collection,8,0.0044
1635,1651647141,The Boat Grandma,8,0.0044
1636,1480659512,The Cave,8,0.0044
1637,1987184613,The Jackbox Party Pack 9,8,0.0044
1638,1777341064,The Outer Worlds: Spacer's Choice Edition,8,0.0044
1639,2108611710,TIEBREAK – GRAND SLAM EDITION,8,0.0044
1640,1937610303,Two Point Museum,8,0.0044
1641,983914761,ACA NEOGEO METAL SLUG 3,7,0.0038
1642,701037441,Age of Wonders: Planetfall,7,0.0038
1643,1042452848,Aven Colony,7,0.0038
1644,100154526,Baja: Edge of Control HD,7,0.0038
1645,2099876954,Big Rumble Boxing: Creed Champions,7,0.0038
1646,1414793309,BioShock Infinite,7,0.0038
1647,1297287135,Blue Dragon,7,0.0038
1648,1906603484,Bravery and Greed,7,0.0038
1649,189838548,Bus Simulator,7,0.0038
1650,1480659632,Call of Juarez® Gunslinger,7,0.0038
1651,1936376749,Capcom Fighting Collection,7,0.0038
1652,2032548938,Cassette Beasts,7,0.0038
1653,35820305,Crackdown 3: Wrecking Zone,7,0.0038
1654,1642353875,Craftopia (Game Preview),7,0.0038
1655,1755920678,Creatures of Ava,7,0.0038
1656,1414596582,Darksiders,7,0.0038
1657,274219762,Dead Rising 2 Off the Record,7,0.0038
1658,1680662849,Destroy All Humans! 2 - Reprobed,7,0.0038
1659,94911754,Devil May Cry 5 Demo,7,0.0038
1660,137510457,Dishonored®: Death of the Outsider™,7,0.0038
1661,1621285366,DOOM (1993),7,0.0038
1662,2109921570,DYNASTY WARRIORS: ORIGINS Demo,7,0.0038
1663,536104326,EA SPORTS™ UFC® Demo,7,0.0038
1664,1958827848,Eternal Card Game,7,0.0038
1665,172017893,F1® 2019,7,0.0038
1666,1480659903,Far Cry® 3 Blood Dragon,7,0.0038
1667,1813362885,FIFA 14,7,0.0038
1668,1727852104,FINAL FANTASY VI,7,0.0038
1669,885797626,Fishing Sim World®: Pro Tour,7,0.0038
1670,1519874468,Forza Horizon 2 Presents Fast & Furious,7,0.0038
1671,1711556027,Garten of Banban 2,7,0.0038
1672,1702713376,Genesis Noir,7,0.0038
1673,1730221723,Ghostrunner 2,7,0.0038
1674,1764179402,Ghoulie's Garden,7,0.0038
1675,1703059239,God of Weapons,7,0.0038
1676,620831719,GROW UP,7,0.0038
1677,1829337400,Have a Nice Death,7,0.0038
1678,642353763,Injustice™ 2 - Standard Edition,7,0.0038
1679,1906459372,Judgment,7,0.0038
1680,1396901880,Kane & Lynch 2,7,0.0038
1681,1973808452,Last Oasis (Game Preview),7,0.0038
1682,2016417527,Life is Strange Remastered,7,0.0038
1683,1297287162,Lost Odyssey,7,0.0038
1684,1886514325,Marble It Up! Ultra,7,0.0038
1685,196597117,Mega Man X Legacy Collection 2,7,0.0038
1686,1535750831,Mega Man® Legacy Collection,7,0.0038
1687,1464993839,Midway Arcade Origins,7,0.0038
1688,1998994208,Monster Energy Supercross - The Official Videogame 3,7,0.0038
1689,2022357971,Monster Energy Supercross - The Official Videogame 4,7,0.0038
1690,1931921361,Monster Energy Supercross - The Official Videogame 5,7,0.0038
1691,1297549289,Mortal Kombat vs. DCU,7,0.0038
1692,1944950992,MotoGP™22 - Windows Edition,7,0.0038
1693,1884949649,Mythwrecked: Ambrosia Island,7,0.0038
1694,2085418848,Nexomon,7,0.0038
1695,1846760960,Nickelodeon Kart Racers 3: Slime Speedway,7,0.0038
1696,2137110442,Path of Titans - Insider,7,0.0038
1697,2046628793,PixARK,7,0.0038
1698,544561028,Shadow Warrior 2,7,0.0038
1699,1811169840,Slay The Spire,7,0.0038
1700,1957476784,Sniper Elite V2 Remastered,7,0.0038
1701,1898652037,SOUTH PARK: SNOW DAY!,7,0.0038
1702,1940217918,SquadBlast (Game Preview),7,0.0038
1703,1636452571,SRX: The Game,7,0.0038
1704,2119021593,Subnautica 2 (Game Preview),7,0.0038
1705,1770175521,Surviving the Aftermath,7,0.0038
1706,2070375454,SYNDUALITY Echo of Ada,7,0.0038
1707,1981157496,System Shock,7,0.0038
1708,2058090036,Tainted Grail: The Fall of Avalon DEMO,7,0.0038
1709,1825800558,Temtem,7,0.0038
1710,1999803984,The Amazing Spider-Man 2™,7,0.0038
1711,157772240,The Bard's Tale IV: Director's Cut,7,0.0038
1712,1890789689,The Casting of Frank Stone™,7,0.0038
1713,1916261316,The Crackpet Show: Happy Tree Friends Edition,7,0.0038
1714,1979014977,The Crew,7,0.0038
1715,1414793198,The Darkness,7,0.0038
1716,1668285033,The Exit 8,7,0.0038
1717,2048481228,The Last Camp,7,0.0038
1718,1748167956,The Riftbreaker,7,0.0038
1719,996619018,The Sinking City,7,0.0038
1720,1619933938,The Survivalists,7,0.0038
1721,1841510170,Tony Stewart's Sprint Car Racing,7,0.0038
1722,1737329553,Total War: Warhammer III (Old Version),7,0.0038
1723,2102312061,Unrailed!,7,0.0038
1724,2078235268,"Warhammer 40,000: Shootas, Blood & Teef",7,0.0038
1725,912199926,Yet Another Zombie Defense HD,7,0.0038
1726,1828682259,9th Dawn III,6,0.0033
1727,2002870555,A Little to the Left,6,0.0033
1728,2041767726,Angry Birds 2,6,0.0033
1729,1798477678,AO Tennis 2,6,0.0033
1730,244952910,Aragami: Shadow Edition,6,0.0033
1731,1431504989,Assassin's Creed Brotherhood,6,0.0033
1732,1771834186,ATLAS (Game Preview),6,0.0033
1733,1861014614,Autonauts,6,0.0033
1734,2120976389,Banishers: Ghosts of New Eden,6,0.0033
1735,2006171548,Battle Brothers,6,0.0033
1736,1161889960,Battlefield Bad Company 2,6,0.0033
1737,1480657658,Beyond Good & Evil HD,6,0.0033
1738,2111261259,Biped,6,0.0033
1739,1812873797,Blades of Fire,6,0.0033
1740,1661717515,Blood Bowl 3,6,0.0033
1741,1698796012,Bloons TD 6,6,0.0033
1742,231858691,Bomber Crew,6,0.0033
1743,1480657330,Bomberman Battlefest,6,0.0033
1744,311085527,Brawlout,6,0.0033
1745,1972740153,Bright Memory: Infinite Platinum Edition,6,0.0033
1746,2136950563,Bugsnax,6,0.0033
1747,1161889850,C&C3: Kane's Wrath,6,0.0033
1748,1793054097,Carrion,6,0.0033
1749,1872307318,Chef Life: A Restaurant Simulator,6,0.0033
1750,1889886349,Chess Royal,6,0.0033
1751,1413679057,DEAD OR ALIVE 4,6,0.0033
1752,629798227,Deadpool,6,0.0033
1753,1959842755,Death's Door,6,0.0033
1754,1129121861,DiRT Showdown,6,0.0033
1755,1627819535,Dishonored® Definitive Edition (PC),6,0.0033
1756,2061746629,Don't Starve: Giant Edition,6,0.0033
1757,1894948980,Dreamcore,6,0.0033
1758,1712105499,DRIFTCE,6,0.0033
1759,1880860626,Escape Academy,6,0.0033
1760,1480659518,Far Cry Classic,6,0.0033
1761,548611852,FIFA 20 Demo,6,0.0033
1762,1920237746,FINAL FANTASY II,6,0.0033
1763,1691849278,FINAL FANTASY IV,6,0.0033
1764,136671143,FINAL FANTASY XV MULTIPLAYER: COMRADES,6,0.0033
1765,1850924057,Fishing: North Atlantic,6,0.0033
1766,1480660120,Goat Simulator,6,0.0033
1767,984363462,Graveyard Keeper,6,0.0033
1768,1297287287,Halo 3: ODST Campaign Edition,6,0.0033
1769,766737132,Halo 5: Forge,6,0.0033
1770,1704654963,Happy's Humble Burger Farm,6,0.0033
1771,1480657520,Harms Way,6,0.0033
1772,1958841023,Horror Adventure Demo,6,0.0033
1773,1026512979,How to Survive: Storm Warning Edition,6,0.0033
1774,944228222,Journey to the Savage Planet,6,0.0033
1775,1297287122,Kameo,6,0.0033
1776,1749806231,Keep Talking and Nobody Explodes,6,0.0033
1777,1970962100,King of Seas,6,0.0033
1778,522988823,LA Cops,6,0.0033
1779,1843760263,LEGO® 2K Drive for Xbox Series X|S,6,0.0033
1780,2002613703,Lethal League Blaze,6,0.0033
1781,542819315,Life is Strange: Before the Storm Episode 1,6,0.0033
1782,1655517847,Like a Dragon Gaiden: The Man Who Erased His Name,6,0.0033
1783,2045560230,LIMBO,6,0.0033
1784,1987951399,Lonely Mountains: Downhill,6,0.0033
1785,1886840872,Loop Hero,6,0.0033
1786,1994181526,Madden NFL 21 Xbox Series X|S,6,0.0033
1787,1926489287,Marvel's Midnight Suns for Xbox One,6,0.0033
1788,322384131,Marvel: Ultimate Alliance,6,0.0033
1789,1161889998,Mass Effect 2,6,0.0033
1790,1651248133,Metal: Hellsinger (Xbox Series X|S & PC),6,0.0033
1791,1834840157,Murder House,6,0.0033
1792,803175056,MXGP PRO,6,0.0033
1793,83029588,NBA LIVE 18: The One Edition,6,0.0033
1794,2126543080,New Star™ GP Demo,6,0.0033
1795,1820656575,NHL® 23 Xbox Series X|S,6,0.0033
1796,1696832928,NHRA Championship Drag Racing: Speed For All,6,0.0033
1797,301029247,Oddworld: New 'n' Tasty,6,0.0033
1798,2074956981,Oddworld: Soulstorm Enhanced Edition,6,0.0033
1799,1831668171,Opus Castle,6,0.0033
1800,2034484895,Out of Space: Couch Edition,6,0.0033
1801,1297287193,Party Animals,6,0.0033
1802,1712366974,PC Building Simulator,6,0.0033
1803,2100880776,Pentiment,6,0.0033
1804,838746653,Phoenix Wright: Ace Attorney Trilogy,6,0.0033
1805,1375792807,Pool Nation FX,6,0.0033
1806,116849471,Pro Evolution Soccer 2017,6,0.0033
1807,2011990367,Project Winter,6,0.0033
1808,1480659519,Rayman 3 HD,6,0.0033
1809,1431504883,Rayman Raving Rabbids,6,0.0033
1810,753024882,Red Faction Guerrilla Re-Mars-tered,6,0.0033
1811,1414596703,Red Faction: Armageddon,6,0.0033
1812,1005790042,Resident Evil 7 Teaser: Beginning Hour,6,0.0033
1813,326835485,Rise of Nations: Extended Edition,6,0.0033
1814,731167015,RUSH: A Disney • PIXAR Adventure Demo,6,0.0033
1815,1916393313,SIGNALIS,6,0.0033
1816,1179584488,Sniper Elite V2,6,0.0033
1817,1480659985,SOULCALIBUR II HD,6,0.0033
1818,1887836492,Soulstone Survivors Demo,6,0.0033
1819,1015961921,Starpoint Gemini Warlords,6,0.0033
1820,2039224282,Super Monkey Ball Banana Mania,6,0.0033
1821,1431504880,TC's GRAW2,6,0.0033
1822,1733855657,Tech Glitch,6,0.0033
1823,1915523932,Tempopo,6,0.0033
1824,1811248495,The Jackbox Party Pack 10,6,0.0033
1825,2073554022,The Jackbox Party Starter,6,0.0033
1826,1776537730,The Sinking City Remastered,6,0.0033
1827,1967005422,The Wandering Village,6,0.0033
1828,1464993828,The Witcher 2: Assassins of Kings,6,0.0033
1829,1674783293,Thunder Ray,6,0.0033
1830,1396901868,Tomb Raider Underworld,6,0.0033
1831,1297287134,Too Human,6,0.0033
1832,1480657534,Torchlight,6,0.0033
1833,1630747846,Tour de France 2025,6,0.0033
1834,1661098733,Turbo Golf Racing,6,0.0033
1835,1754770560,Unicorn Overlord,6,0.0033
1836,1211542442,Valiant Hearts: The Great War,6,0.0033
1837,1895560154,Virtual Villagers Origins 2 Xbox,6,0.0033
1838,1884076770,Visage,6,0.0033
1839,147618136,White Noise 2,6,0.0033
1840,1677025209,Wolfenstein: The New Order (PC),6,0.0033
1841,566278,WWE 2K17,6,0.0033
1842,1019936697,#IDARB,5,0.0027
1843,1722019576,9th Dawn Remake,5,0.0027
1844,969381141,A Plague Tale: Innocence,5,0.0027
1845,1528308274,Aaero,5,0.0027
1846,537908737,Absolute Drift: Zen Edition,5,0.0027
1847,552749870,ACA NEOGEO THE KING OF FIGHTERS '98,5,0.0027
1848,1313671121,ACE COMBAT 6,5,0.0027
1849,1480656956,Aegis Wing,5,0.0027
1850,1835497756,Agents of Mayhem,5,0.0027
1851,946215144,AirMech® Arena,5,0.0027
1852,2021205208,Ancestors Legacy,5,0.0027
1853,2072863941,Animal Shelter Simulator,5,0.0027
1854,1841708162,Anno 117: Pax Romana - Closed Beta,5,0.0027
1855,2118292977,ARC Raiders,5,0.0027
1856,1708780346,Are You Smarter Than A 5th Grader?,5,0.0027
1857,1743279702,Arma Reforger - Experimental,5,0.0027
1858,975485641,Back to the Future: The Game - 30th Anniversary Edition,5,0.0027
1859,1397032979,BAYONETTA,5,0.0027
1860,1955832684,Beyond Good & Evil 20th Anniversary Edition,5,0.0027
1861,1618388364,Beyond Hanwell,5,0.0027
1862,1082339580,BLAZBLUE CHRONOPHANTASMA EXTEND,5,0.0027
1863,1480657530,Castlevania HD,5,0.0027
1864,728813194,Citadel: Forged with Fire,5,0.0027
1865,1842022716,Colt Canyon,5,0.0027
1866,1480657529,Costume Quest ,5,0.0027
1867,1771581366,Croc Legend of the Gobbos,5,0.0027
1868,1753293863,CrushBorgs (Xbox One),5,0.0027
1869,1128466400,Dark Void,5,0.0027
1870,1414596758,Darksiders II,5,0.0027
1871,1805903409,Daymare: 1998,5,0.0027
1872,1154802774,Dead Rising 3 Demo,5,0.0027
1873,125143641,Deadlight: Director's Cut,5,0.0027
1874,1713897069,Dog Man: Mission Impawsible Demo,5,0.0027
1875,2100206304,DOOM: The Dark Ages Digital Artbook and Soundtrack,5,0.0027
1876,1641402901,Double Dragon Gaiden: Rise of the Dragons,5,0.0027
1877,1757950833,DreamWorks All-Star Kart Racing,5,0.0027
1878,1234432164,EA SPORTS™ Rory McIlroy PGA TOUR®,5,0.0027
1879,1760050791,Fae Farm,5,0.0027
1880,1655237678,Fallout: New Vegas Ultimate Edition,5,0.0027
1881,2075703134,Frostpunk,5,0.0027
1882,1618662965,Garfield Kart Furious Racing,5,0.0027
1883,2094693316,Golfing in Aether,5,0.0027
1884,2018425452,Guacamelee! 2,5,0.0027
1885,1769592885,GUNDAM EVOLUTION,5,0.0027
1886,1297287176,Halo Wars,5,0.0027
1887,485144549,Halo Wars 2 Demo,5,0.0027
1888,1654652604,Heavy Cargo - The Truck Simulator,5,0.0027
1889,1480656912,Heavy Weapon,5,0.0027
1890,1396901851,Hitman: Blood Money,5,0.0027
1891,1715426744,Hyper Panda,5,0.0027
1892,447331588,I Am Bread,5,0.0027
1893,1960955312,I Am Fish,5,0.0027
1894,1950367076,In rays of the Light (Xbox Series X|S),5,0.0027
1895,1982219874,Insects: An Xbox One X Enhanced Experience,5,0.0027
1896,2144211794,Iron Harvest Complete Edition,5,0.0027
1897,1922993793,Jalopy,5,0.0027
1898,1832432939,Johnny Trigger,5,0.0027
1899,2004313785,KILL KNIGHT,5,0.0027
1900,1431504851,King Kong,5,0.0027
1901,1873492766,KINGDOM HEARTS HD 2.8 Final Chapter Prologue,5,0.0027
1902,1857859131,Lara Croft and the Temple of Osiris,5,0.0027
1903,2028645063,Legend of Mana,5,0.0027
1904,1464993821,LEGO® Lord of the Rings™,5,0.0027
1905,1925242158,Library Of Ruina,5,0.0027
1906,1651525052,Life is Strange: Before the Storm Remastered,5,0.0027
1907,1764400723,Like a Dragon: Ishin!,5,0.0027
1908,1716203548,Like a Dragon: Pirate Yakuza in Hawaii Demo,5,0.0027
1909,1128466398,LOST PLANET COLONIES,5,0.0027
1910,1014379144,Marvel: Ultimate Alliance 2,5,0.0027
1911,1941838752,MELTY BLOOD: TYPE LUMINA,5,0.0027
1912,1263405120,METAL GEAR SOLID HD: 2 & 3,5,0.0027
1913,888477147,METAL GEAR SURVIVE,5,0.0027
1914,1766280986,METAL SLUG ATTACK RELOADED,5,0.0027
1915,1263405116,MGS PW HD,5,0.0027
1916,1958464992,Mob Control,5,0.0027
1917,1839786246,Murdered: Soul Suspect,5,0.0027
1918,905842411,Mutant Football League,5,0.0027
1919,1548866781,MXGP2,5,0.0027
1920,53175238,MXGP2 - Demo,5,0.0027
1921,1991467401,My Little Universe,5,0.0027
1922,607267025,N++ (NPLUSPLUS),5,0.0027
1923,594585699,Nidhogg 2,5,0.0027
1924,1732084298,No Puedes Escapar,5,0.0027
1925,1868841248,Nobody Saves the World,5,0.0027
1926,1727273780,Observation,5,0.0027
1927,1793335544,ONE PIECE ODYSSEY Demo,5,0.0027
1928,2025399821,ONE PUNCH MAN: A HERO NOBODY KNOWS,5,0.0027
1929,806794764,Override: Mech City Brawl,5,0.0027
1930,1893912101,Party Panic,5,0.0027
1931,1802714933,Pathfinder: Wrath of the Righteous,5,0.0027
1932,1827996338,PBA Pro Bowling 2023,5,0.0027
1933,1691501118,Peglin,5,0.0027
1934,1641334275,Phantom Breaker: Omnia,5,0.0027
1935,267248679,Phantom Dust,5,0.0027
1936,1991248961,PHOGS!,5,0.0027
1937,1932565641,Pikuniku,5,0.0027
1938,1697635406,Post Trauma,5,0.0027
1939,1751333235,Resident Evil Village Gold Edition Gameplay Demo,5,0.0027
1940,1853277604,RetroRealms Arcade,5,0.0027
1941,522156478,Riddled Corpses EX,5,0.0027
1942,1914565485,Risk of Rain,5,0.0027
1943,227770627,Riverbond,5,0.0027
1944,806435492,Road Redemption,5,0.0027
1945,1693521674,Rumbleverse,5,0.0027
1946,764522213,Runbow,5,0.0027
1947,2054178211,SAMURAI SHODOWN (Standard Ver.),5,0.0027
1948,303584158,Sea of Solitude,5,0.0027
1949,1726081569,Seal: WHAT the FUN,5,0.0027
1950,1882598345,Shadow Warrior,5,0.0027
1951,1774500212,Shantae: Risky's Revenge - Director's Cut,5,0.0027
1952,2100742349,Sir Whoopass: Immortal Death,5,0.0027
1953,1480659419,Skullgirls,5,0.0027
1954,842462247,Slayaway Camp: Butcher's Cut,5,0.0027
1955,2111887267,Sonic Racing: CrossWorlds,5,0.0027
1956,1809689134,Space Adventure Cobra - The Awakening - Demo,5,0.0027
1957,1613171538,Spacelines from the Far Out,5,0.0027
1958,778803087,Spacelords,5,0.0027
1959,1414793283,Spec Ops: The Line,5,0.0027
1960,1859601917,Spellbreak,5,0.0027
1961,2073359006,Spirittea,5,0.0027
1962,2032251921,Spot Challenge Vol. 2,5,0.0027
1963,1974921711,STAR WARS™: Episode I: Jedi Power Battles™,5,0.0027
1964,1016114215,Steven Universe: Save the Light,5,0.0027
1965,1995931888,Sunderfolk,5,0.0027
1966,412423425,SWORD ART ONLINE Alicization Lycoris,5,0.0027
1967,1940337295,Taiko no Tatsujin: Rhythm Festival,5,0.0027
1968,1872765418,Tales of Arise (Xbox Series X|S),5,0.0027
1969,1977179260,TES IV: Oblivion Remastered - Digital Artbook & Original Soundtrack,5,0.0027
1970,706437546,The Awesome Adventures of Captain Spirit,5,0.0027
1971,247774493,The Incredible Adventures of Van Helsing,5,0.0027
1972,1892179113,The Last Faith,5,0.0027
1973,1842335063,The Mortuary Assistant,5,0.0027
1974,1785417254,The Oregon Trail,5,0.0027
1975,2031756340,They Are Billions,5,0.0027
1976,2127247278,Thief Simulator 2,5,0.0027
1977,467118163,Titan Quest,5,0.0027
1978,1946103240,Tomb Raider I-III Remastered Starring Lara Croft,5,0.0027
1979,1961294826,Top Racer Collection,5,0.0027
1980,1480657580,Toy Soldiers: Cold War,5,0.0027
1981,1763653276,Transport Fever 2: Console Edition,5,0.0027
1982,239008106,Tropico 5 - Penultimate Edition,5,0.0027
1983,1620954305,Vagante,5,0.0027
1984,1777656573,Vanquish,5,0.0027
1985,405657081,Warhammer: End Times - Vermintide,5,0.0027
1986,1926895632,We Were Here,5,0.0027
1987,1894333860,WRC 8 FIA World Rally Championship Xbox One,5,0.0027
1988,1696868991,WRC Generations - The FIA WRC Official Game,5,0.0027
1989,181948997,WWE 2K15,5,0.0027
1990,2094867598,XIII,5,0.0027
1991,1845646569,Yakuza Kiwami 2,5,0.0027
1992,518528069,Yooka-Laylee,5,0.0027
1993,2146391417,60 Seconds! Reatomized Demo,4,0.0022
1994,1682735559,9 Monkeys of Shaolin,4,0.0022
1995,1937335069,A Gummy's Life,4,0.0022
1996,731026222,ACA NEOGEO METAL SLUG X,4,0.0022
1997,579423182,Agony,4,0.0022
1998,2000460393,Alien Hominid Invasion,4,0.0022
1999,1991230055,Alpacapaca Dash,4,0.0022
2000,1846786072,Asphalt 8: Airborne,4,0.0022
2001,2042945112,Atomicrops,4,0.0022
2002,1720903665,Autopsy Simulator,4,0.0022
2003,1614240330,Baldur's Gate: Dark Alliance,4,0.0022
2004,1833100190,Baldur's Gate: Dark Alliance II,4,0.0022
2005,1480656850,Bejeweled 2,4,0.0022
2006,1414793176,BioShock,4,0.0022
2007,883799031,Bless Unleashed,4,0.0022
2008,1952427486,Bloodstained: Ritual of the Night,4,0.0022
2009,1896582181,Bramble: The Mountain King,4,0.0022
2010,1179846636,Breakdown,4,0.0022
2011,1955736581,Butterfly,4,0.0022
2012,2102100337,Cake Bash Demo,4,0.0022
2013,1793467642,Captain Blood Demo,4,0.0022
2014,870299798,Carnival Games®,4,0.0022
2015,1855158493,Cartel Tycoon,4,0.0022
2016,287508507,Casey Powell Lacrosse 18,4,0.0022
2017,1501266033,CastleStorm - Definitive Edition,4,0.0022
2018,2012135933,Castlevania Dominus Collection,4,0.0022
2019,1263405133,Castlevania: LoS 2,4,0.0022
2020,1858000832,Caterpillar,4,0.0022
2021,1962218680,Cel Damage HD,4,0.0022
2022,1967883584,Chorus,4,0.0022
2023,1719811824,CyberCorp,4,0.0022
2024,1730984142,Danganronpa 2: Goodbye Despair Anniversary Edition,4,0.0022
2025,2135417967,Day of the Shell Demo,4,0.0022
2026,1798643426,Dead Age II,4,0.0022
2027,502883447,Dead Island Retro Revenge,4,0.0022
2028,1671934405,Dead Rising Deluxe Remaster Demo,4,0.0022
2029,419349778,Defiance 2050,4,0.0022
2030,1480657049,Domino Master,4,0.0022
2031,1682154324,DPS Idle (Windows 10),4,0.0022
2032,1909957148,Dragon City,4,0.0022
2033,1629928134,DRAGON QUEST III HD-2D Remake,4,0.0022
2034,147604411,Dungeons 3,4,0.0022
2035,1640323097,DYNASTY WARRIORS 9 Empires,4,0.0022
2036,468454494,EA SPORTS™ FIFA 17 Downloadable Demo,4,0.0022
2037,2086101209,ELDERBORN,4,0.0022
2038,1748036661,Electrician Simulator,4,0.0022
2039,809464104,Elex,4,0.0022
2040,2046176982,Empire of Sin,4,0.0022
2041,1835039546,Everhood: Eternity Edition,4,0.0022
2042,2131572088,Evil West,4,0.0022
2043,2107704310,Extreme Bike Racing (Demo),4,0.0022
2044,481925121,F1® 2018,4,0.0022
2045,942676443,F1™ 2016,4,0.0022
2046,180750187,F1™ 2017,4,0.0022
2047,1766088016,Farming Simulator 25 (PC),4,0.0022
2048,1661863954,FATE: Reawakened,4,0.0022
2049,2089457960,Fishing: Barents Sea,4,0.0022
2050,1835944487,Five Nights at Freddy's Into the Pit,4,0.0022
2051,1899291024,Fran Bow,4,0.0022
2052,1694490701,FuzzBall,4,0.0022
2053,1480657265,GAROU MOW,4,0.0022
2054,2022597828,Garten of Banban 0,4,0.0022
2055,1690204019,Garten of Banban 3,4,0.0022
2056,1705113845,Garten of Banban 6,4,0.0022
2057,1480656877,Geometry Wars Evolved,4,0.0022
2058,1784112295,Godfall,4,0.0022
2059,2058395991,Golf Guys,4,0.0022
2060,488865290,Gravel Demo,4,0.0022
2061,1737319607,Griffin,4,0.0022
2062,2020925056,Grim Dawn: Definitive Edition,4,0.0022
2063,1668145960,Happi Basudei,4,0.0022
2064,2028516160,Hardspace: Shipbreaker - Windows,4,0.0022
2065,1928193169,Heavenly Bodies,4,0.0022
2066,1670362756,Heliborne,4,0.0022
2067,1704351342,Hello Neighbor 2,4,0.0022
2068,1880214966,Hello Neighbor: Hide and Seek,4,0.0022
2069,1968550256,Hobo: Tough Life,4,0.0022
2070,758563081,Horizon Chase Turbo,4,0.0022
2071,722916288,Hue,4,0.0022
2072,1480657391,Hydrophobia,4,0.0022
2073,1828499225,Hyper Panda (Xbox Series),4,0.0022
2074,1859409710,INDIKA,4,0.0022
2075,1759196295,ISLANDERS: New Shores,4,0.0022
2076,829401578,JUMP FORCE - Open Beta,4,0.0022
2077,1144391632,Jurassic Park: The Game,4,0.0022
2078,1206122062,Just Dance 2016,4,0.0022
2079,2057958746,Just Dance® 2021,4,0.0022
2080,1966310183,Just Dance® 2022,4,0.0022
2081,1833296585,Kanjozoku Game - レーサーCar Racing & Highway Driving Simulator Games,4,0.0022
2082,1841198850,Keeper's Toll,4,0.0022
2083,1712709524,KINGDOM HEARTS Melody of Memory (International),4,0.0022
2084,1055556936,Kingdom New Lands,4,0.0022
2085,1161890110,Kingdoms of Amalur: Reckoning,4,0.0022
2086,1660823717,LEGO® Brawls,4,0.0022
2087,149149959,Lies Of Astaroth,4,0.0022
2088,1694487955,Life is Strange: True Colors,4,0.0022
2089,1962388658,Like a Dragon: Pirate Yakuza in Hawaii,4,0.0022
2090,2036022873,Little Misfortune,4,0.0022
2091,1777243206,Lost Judgment,4,0.0022
2092,1792638437,Lost Records: Bloom & Rage,4,0.0022
2093,1795081986,Luck be a Landlord,4,0.0022
2094,2021132620,Mandragora: Whispers of the Witch Tree,4,0.0022
2095,1060304103,Marooners,4,0.0022
2096,2016530186,Marsupilami: Hoobadventure,4,0.0022
2097,645046198,Marvel vs. Capcom: Infinite Demo,4,0.0022
2098,1480657266,Metal Slug XX,4,0.0022
2099,2057143104,MetroLand,4,0.0022
2100,14233261,Minecraft: Story Mode - Season Two - Episode 1,4,0.0022
2101,1480660055,MONOPOLY PLUS,4,0.0022
2102,1833175061,MXGP 2019 - The Official Motocross Videogame,4,0.0022
2103,593565047,MY HERO ONE’S JUSTICE,4,0.0022
2104,1480656988,N+,4,0.0022
2105,878282273,NBA 2K17: The Prelude,4,0.0022
2106,113198981,NBA 2K18: The Prelude,4,0.0022
2107,2123370628,NBA 2K20 Demo,4,0.0022
2108,37469967,NBA Playgrounds,4,0.0022
2109,1480657439,NEOGEO BATTLE COLISEUM,4,0.0022
2110,910593568,Never Alone (Kisima Ingitchuna),4,0.0022
2111,1690896049,New Tales from the Borderlands,4,0.0022
2112,1706007518,Nexomon: Extinction,4,0.0022
2113,1844719399,Nobody Wants to Die,4,0.0022
2114,1764133092,OlliOlli World,4,0.0022
2115,1480657015,Pac-Man C.E.,4,0.0022
2116,2142624894,PHOGS! Demo,4,0.0022
2117,912254227,Pit People,4,0.0022
2118,104182544,Pro Evolution Soccer 2016,4,0.0022
2119,605857900,Quiplash,4,0.0022
2120,1957137539,Rabbids®: Party of Legends,4,0.0022
2121,1970834532,RAGE 2 (PC),4,0.0022
2122,1657564986,Ratshaker,4,0.0022
2123,1190858142,Redout: Lightspeed Edition,4,0.0022
2124,1781025707,RESIDENT EVIL 2 R.P.D. Demo,4,0.0022
2125,1814618059,Return to Monkey Island,4,0.0022
2126,1769121996,River City Girls 2,4,0.0022
2127,1785385145,Rock of Ages 3: Make & Break,4,0.0022
2128,1685686710,Rogue Legacy 2,4,0.0022
2129,1850415990,"Rolling Hills: Make Sushi, Make Friends",4,0.0022
2130,1804278141,Rugby 22 Xbox One,4,0.0022
2131,2138535394,Rugby League Live 3,4,0.0022
2132,1708768275,Saints Row Boss Factory,4,0.0022
2133,1480657104,Samurai Shodown II,4,0.0022
2134,2010400708,Sausage Wars,4,0.0022
2135,2139098715,Section 13,4,0.0022
2136,1480657539,SEGA Bass Fishing,4,0.0022
2137,1852363353,Shadow Gambit: The Cursed Crew,4,0.0022
2138,1297287126,Shadowrun,4,0.0022
2139,1953391836,Shadowrun Returns,4,0.0022
2140,21560138,Sheltered,4,0.0022
2141,247124088,Shovel Knight: Treasure Trove,4,0.0022
2142,1414793256,Sid Meier's Pirates!,4,0.0022
2143,1657758963,Slay the Princess - The Pristine Cut,4,0.0022
2144,1480656996,Sonic The Hedgehog,4,0.0022
2145,1967529255,SpongeBob SquarePants: The Cosmic Shake,4,0.0022
2146,1693360685,Spot Challenge Vol. 3,4,0.0022
2147,1611656661,Starbound,4,0.0022
2148,1835454890,Stay Out of the House,4,0.0022
2149,605317845,Stern Pinball Arcade,4,0.0022
2150,2104502032,Stories Untold,4,0.0022
2151,2023806716,Styx: Master of Shadows,4,0.0022
2152,300578609,Styx: Shards of Darkness,4,0.0022
2153,1684612075,Super Forklift 3000 (Xbox Series),4,0.0022
2154,1624264477,Taiko no Tatsujin: The Drum Master!,4,0.0022
2155,1906078054,TERMINATOR: RESISTANCE,4,0.0022
2156,972022825,Tetris® Ultimate,4,0.0022
2157,977514341,The Culling,4,0.0022
2158,2095867988,The Evil Within (PC),4,0.0022
2159,2047811112,The Last Hero of Nostalgaia,4,0.0022
2160,1431505093,The Stick of Truth™,4,0.0022
2161,193310209,The Witness,4,0.0022
2162,2125289543,TRANSFORMERS™: Devastation,4,0.0022
2163,1480657581,Trials Evolution,4,0.0022
2164,2050010864,Two Point Hospital™,4,0.0022
2165,1871105054,TY the Tasmanian Tiger HD,4,0.0022
2166,80525889,Valley,4,0.0022
2167,2110882357,Warp Bot (Xbox Series),4,0.0022
2168,586255311,WARRIORS OROCHI 3 Ultimate,4,0.0022
2169,474535578,WARRIORS OROCHI 4,4,0.0022
2170,1923839306,Wasteland 3 (PC),4,0.0022
2171,1955199870,We Were Here Together,4,0.0022
2172,1788936172,We Were Here Too,4,0.0022
2173,2144997626,West of Dead,4,0.0022
2174,2129059621,Wobbledogs Console Edition,4,0.0022
2175,1909396590,Wolfenstein: The Old Blood (PC),4,0.0022
2176,1900124001,WRC 10 FIA World Rally Championship Xbox One,4,0.0022
2177,1998643149,Yakuza Kiwami,4,0.0022
2178,1695141626,Zombies Ate My Neighbors and Ghoul Patrol,4,0.0022
2179,1892576814,#Blud,3,0.0016
2180,1707619874,2 Synchro Hedgehogs,3,0.0016
2181,1855137956,2URVIVE,3,0.0016
2182,1480656961,3D Ultra™ Minigolf,3,0.0016
2183,2146388451,3XTINCTION,3,0.0016
2184,767105780,8 To Glory - The Official Game of the PBR,3,0.0016
2185,544527071,911 Operator,3,0.0016
2186,524849647,99Vidas,3,0.0016
2187,1038499153,A Hat in Time,3,0.0016
2188,1480657115,A Kingdom for Keflings,3,0.0016
2189,1480657371,A World of Keflings ,3,0.0016
2190,304633817,ACA NEOGEO METAL SLUG 4,3,0.0016
2191,983906598,ACA NEOGEO THE KING OF FIGHTERS '99,3,0.0016
2192,1915969143,AFL 23,3,0.0016
2193,1859288114,AirportSim,3,0.0016
2194,1297287173,Alan Wake,3,0.0016
2195,1835471088,Alchemist: Journey of The Soul Demo,3,0.0016
2196,652901378,APB Reloaded,3,0.0016
2197,1611092700,Ara History Untold: Anniversary Edition,3,0.0016
2198,2083321391,Arachnophobic Kyle,3,0.0016
2199,2837772,Arcade Islands: Volume One,3,0.0016
2200,682100179,Armello,3,0.0016
2201,1161889868,Army of Two™ (EU),3,0.0016
2202,1877455960,art of rally,3,0.0016
2203,1480657278,Battlefield 1943™,3,0.0016
2204,1136549309,Battlefield 4™ Community Test Environment,3,0.0016
2205,443831560,Battlestar Galactica Deadlock™,3,0.0016
2206,2024847837,Bee Simulator,3,0.0016
2207,531923308,Bike Mayhem 2,3,0.0016
2208,1414793313,BioShock 2,3,0.0016
2209,1810704602,Bish Bash Bots,3,0.0016
2210,1827374020,Blades of Fire Demo,3,0.0016
2211,1988745404,Blazing Beaks,3,0.0016
2212,1801017437,Blightbound,3,0.0016
2213,2088197793,Block Tower TD,3,0.0016
2214,869267607,Bloody Zombies,3,0.0016
2215,1112934366,Bolt,3,0.0016
2216,1726388890,Busway Islands - Puzzle,3,0.0016
2217,2051749659,Butterfly 2,3,0.0016
2218,171879377,Call of Cthulhu,3,0.0016
2219,1960391873,Call of Duty®: Black Ops III (Windows),3,0.0016
2220,435779585,Capcom Beat 'Em Up Bundle,3,0.0016
2221,1480659655,Castle of Illusion,3,0.0016
2222,2027163640,Castle Walker,3,0.0016
2223,2117573270,Cats with Guns (Xbox),3,0.0016
2224,1881867920,Choice of Life: Wild Islands,3,0.0016
2225,1737803796,Clone Drone in the Danger Zone Demo,3,0.0016
2226,1872936107,Cobra Kai: The Karate Kid Saga Continues,3,0.0016
2227,2102465429,Coffee Talk,3,0.0016
2228,1841498671,CONSCRIPT,3,0.0016
2229,1954997644,Construction Simulator 3 - Console Edition,3,0.0016
2230,1790053994,Cooking Fever,3,0.0016
2231,1916543336,Croc's World (Xbox-Edition),3,0.0016
2232,1921002833,Crossy Road Castle,3,0.0016
2233,1689376479,Crypt of the Serpent King Remastered 4K Edition,3,0.0016
2234,1946372542,Cubic Odyssey,3,0.0016
2235,1914646696,Curse of the Dead Gods,3,0.0016
2236,1798666879,Dark Deception: Monsters & Mortals,3,0.0016
2237,1480657693,DAYTONA USA,3,0.0016
2238,1480657664,DEAD RISING 2: CASE WEST,3,0.0016
2239,1480657531,Dead Space™ Ignition,3,0.0016
2240,1779096288,Deliver At All Costs,3,0.0016
2241,245548143,Destiny 2 - Beta,3,0.0016
2242,2116371080,Dicey Dungeons,3,0.0016
2243,338090394,Dirt Rally,3,0.0016
2244,1756491555,Dishonored 2,3,0.0016
2245,1981785404,Disney Illusion Island Starring Mickey and Friends,3,0.0016
2246,153292310,Disney Infinity 3.0 Edition,3,0.0016
2247,63030352,Disneyland Adventures Demo,3,0.0016
2248,1980683662,DISORDER for Xbox,3,0.0016
2249,1062046240,Divinity: Original Sin - Enhanced Edition,3,0.0016
2250,2078926688,DOOM II (Classic),3,0.0016
2251,2125974437,Door Kickers: Action Squad,3,0.0016
2252,2082494703,DOUBLE DRAGON Ⅱ: The Revenge,3,0.0016
2253,534038970,Dovetail Games Euro Fishing,3,0.0016
2254,1036415414,DRAGON BALL FIGHTERZ - Open Beta,3,0.0016
2255,532569395,Drawful 2,3,0.0016
2256,1431505022,Driver San Francisco,3,0.0016
2257,1480659910,DuckTales: Remastered,3,0.0016
2258,886999858,Duke Nukem 3D: 20th Anniversary World Tour,3,0.0016
2259,1995684972,Dune: Spice Wars,3,0.0016
2260,531404425,DYNASTY WARRIORS 9,3,0.0016
2261,1831247908,EA SPORTS™ FIFA 16 Downloadable Demo,3,0.0016
2262,1146095609,Earth Defense Force: IA,3,0.0016
2263,1706704659,Eldest Souls,3,0.0016
2264,651709478,Emily Wants to Play Too,3,0.0016
2265,2129002058,ENDER MAGNOLIA: Bloom in the Mist,3,0.0016
2266,1997600803,Epic Landscapes Jigsaw for PC & XBOX,3,0.0016
2267,1700180810,Escape First,3,0.0016
2268,1877665788,Esophaguys Demo,3,0.0016
2269,2094317541,Extreme Cycling Demo,3,0.0016
2270,1448413145,F.E.A.R.,3,0.0016
2271,1887182103,F1® Manager 2022,3,0.0016
2272,1895194085,Fallout 2,3,0.0016
2273,1640889440,Farmer Survivors,3,0.0016
2274,918516972,Farming Simulator 15,3,0.0016
2275,1431504860,FC Instincts Predator,3,0.0016
2276,184042097,Fe,3,0.0016
2277,2062455421,Fernbus Simulator,3,0.0016
2278,1805284872,Five Nights at Freddy's: Help Wanted 2,3,0.0016
2279,1612963482,Fly Punch Boom!,3,0.0016
2280,338690930,Forgotton Anne,3,0.0016
2281,564985242,Forza Horizon 3 Demo,3,0.0016
2282,1616852724,Full Throttle Remastered,3,0.0016
2283,1644860924,Gato Roboto,3,0.0016
2284,1480657151,Geometry Wars Evolved²,3,0.0016
2285,2054890337,Get To Work,3,0.0016
2286,1925360122,Gex Trilogy,3,0.0016
2287,1641056892,Gloomhaven,3,0.0016
2288,1770092694,Going Under,3,0.0016
2289,1712385617,Greyhill Incident - Abducted Edition,3,0.0016
2290,1129121873,GRID Autosport,3,0.0016
2291,1754509768,Griftlands,3,0.0016
2292,453673951,Guitar Hero Live,3,0.0016
2293,1657474153,Hades' Star: DARK NEBULA,3,0.0016
2294,1928525856,Halo: MCC Insider,3,0.0016
2295,1695499346,Headbangers: Rhythm Royale,3,0.0016
2296,1821898678,Hexa Road,3,0.0016
2297,1796297550,Hidden Cats in New York,3,0.0016
2298,2113165348,Hoa,3,0.0016
2299,1069384604,Home Sweet Home,3,0.0016
2300,1880956881,Hot Wheels Monster Trucks: Stunt Mayhem™,3,0.0016
2301,1972151748,Humanity,3,0.0016
2302,1693450318,Hunt: Showdown,3,0.0016
2303,390164739,Hunting Simulator,3,0.0016
2304,1622108683,I Am Your President,3,0.0016
2305,1945528318,Idle Devils,3,0.0016
2306,2129874876,Indivisible,3,0.0016
2307,2062191225,Iron Meat,3,0.0016
2308,1480659527,Jet Set Radio,3,0.0016
2309,1480656891,Jetpac Refuelled,3,0.0016
2310,1925586579,Jump King,3,0.0016
2311,251796387,Just Dance 2018®,3,0.0016
2312,611794133,Just Dance 2019®,3,0.0016
2313,2100315886,KIBORG DEMO,3,0.0016
2314,1966101577,Killing Floor 3 Beta,3,0.0016
2315,1840996916,Kinect Sports Rivals,3,0.0016
2316,649279273,King's Quest™,3,0.0016
2317,1672473394,King K Roller,3,0.0016
2318,1957464297,King K Roller 2,3,0.0016
2319,1939494382,KINGDOM HEARTS Ⅲ DEMO Version,3,0.0016
2320,1871178585,Kingdom Rush,3,0.0016
2321,1892832276,Kitaria Fables,3,0.0016
2322,2090287182,KLONOA Phantasy Reverie Series,3,0.0016
2323,1480657105,KOF98UM,3,0.0016
2324,1003487612,Korgan,3,0.0016
2325,240478325,Layers of Fear (2016),3,0.0016
2326,389571069,LEGO® Dimensions™,3,0.0016
2327,1128466480,Lost Planet 3,3,0.0016
2328,1788077915,Love is all around (Xbox),3,0.0016
2329,2120073413,M26 Madden Test Realm,3,0.0016
2330,2147358433,Madden NFL 15,3,0.0016
2331,1853524575,Mafia: The Old Country,3,0.0016
2332,1480657727,Magic 2012,3,0.0016
2333,1480659653,Magic 2014 — Duels of the Planeswalkers,3,0.0016
2334,1636466973,Maniac,3,0.0016
2335,2106143929,Marfusha,3,0.0016
2336,433988710,MASSIVE CHALICE,3,0.0016
2337,2028075036,Mayhem Brawler,3,0.0016
2338,1911247850,Meet Your Maker,3,0.0016
2339,523468027,Mega Man 11,3,0.0016
2340,956590734,Mega Man Legacy Collection 2,3,0.0016
2341,2025888877,METAL EDEN Demo,3,0.0016
2342,2142315481,Mighty Morphin Power Rangers: Rita's Rewind,3,0.0016
2343,1983830877,Monster Truck Championship Xbox Series X|S,3,0.0016
2344,1150103050,Mordheim: City of the Damned,3,0.0016
2345,1480656951,MS.PAC-MAN,3,0.0016
2346,1866194138,Murder Miners,3,0.0016
2347,2031634495,Mutant Football League 2,3,0.0016
2348,1670201710,My Little Universe Demo,3,0.0016
2349,952250438,NBA LIVE 19 Demo,3,0.0016
2350,2086432768,Neva,3,0.0016
2351,1737346272,Neverwinter Nights: Enhanced Edition,3,0.0016
2352,1907337607,NHL® 15 Full Game,3,0.0016
2353,1263929316,NINJA GAIDEN 3: RE,3,0.0016
2354,1957424962,No Straight Roads,3,0.0016
2355,54254179,Oceanhorn - Monster of Uncharted Seas,3,0.0016
2356,1129121809,OF: Dragon Rising,3,0.0016
2357,1146095594,Onechanbara,3,0.0016
2358,1207405244,Onigiri,3,0.0016
2359,1847106181,Oppidum,3,0.0016
2360,1661545526,Orcs Must Die! 3,3,0.0016
2361,1129121801,Overlord II,3,0.0016
2362,1941542362,Oxide Room 104,3,0.0016
2363,1480657548,PAC-MAN CE DX+,3,0.0016
2364,2013199752,PAC-MAN Mega Tunnel Battle: Chomp Champs,3,0.0016
2365,1906677498,PAC-MAN MUSEUM+,3,0.0016
2366,939615894,Paw Patrol: On a Roll,3,0.0016
2367,1926352092,PBA Pro Bowling,3,0.0016
2368,2090177606,PERISH,3,0.0016
2369,1731213835,Pickup Driving - Free,3,0.0016
2370,884526952,Planetbase,3,0.0016
2371,1903469961,PlateUp! Demo,3,0.0016
2372,1972300274,Police Stories,3,0.0016
2373,993540759,Pure Hold'em™,3,0.0016
2374,1712756366,PuzzlePet - Feed Your Cat,3,0.0016
2375,1784625849,Queen's Quest 5: Symphony of Death (Xbox Version),3,0.0016
2376,1648318558,Quriocity Demo,3,0.0016
2377,811152542,R.B.I. Baseball 17,3,0.0016
2378,2099711760,R.B.I. Baseball 20,3,0.0016
2379,1859203717,Rabio,3,0.0016
2380,1738916410,Railbound,3,0.0016
2381,24524637,Railway Empire,3,0.0016
2382,1901782415,Railway Empire 2 (Win),3,0.0016
2383,1623187954,Rally Arcade Classics,3,0.0016
2384,957250252,Rapala Fishing: Pro Series,3,0.0016
2385,1616835035,Rayland 2 (PC),3,0.0016
2386,676489959,Remothered: Tormented Fathers,3,0.0016
2387,1818899854,Resident Evil 3: Raccoon City Demo,3,0.0016
2388,1313671123,Ridge Racer 6,3,0.0016
2389,1791949165,Robin Hood - Sherwood Builders,3,0.0016
2390,1709856057,RoboCop: Rogue City - Unfinished Business,3,0.0016
2391,35048352,ROMANCE OF THE THREE KINGDOMS XIII: Fame and Strategy Expansion Pack Bundle,3,0.0016
2392,2025898879,Rugby 22 Xbox Series X|S,3,0.0016
2393,1727550181,Rustler,3,0.0016
2394,2124983718,SAND LAND,3,0.0016
2395,1753316980,Sanicball Xbox version,3,0.0016
2396,1779343248,Sclash,3,0.0016
2397,1652981346,ScourgeBringer,3,0.0016
2398,282721798,Screencheat,3,0.0016
2399,365310947,Scribblenauts Mega Pack,3,0.0016
2400,2053701653,SD GUNDAM BATTLE ALLIANCE Demo,3,0.0016
2401,1990492211,Sea Salt,3,0.0016
2402,2125030606,She Sees Red Interactive Movie,3,0.0016
2403,2129620077,Sherlock Holmes The Awakened,3,0.0016
2404,2145390992,Sherlock Holmes: Crimes and Punishments Redux,3,0.0016
2405,1654530968,Shieldwall,3,0.0016
2406,2018103228,Ship of Fools,3,0.0016
2407,1654809752,Shotgun King: The Final Checkmate,3,0.0016
2408,1967979978,Shy Cats Hidden Tracks - Vol. 2,3,0.0016
2409,1805105433,Skycadia,3,0.0016
2410,844274714,Skylanders Imaginators,3,0.0016
2411,1147123126,Skylanders Trap Team,3,0.0016
2412,2021025006,Slender: The Arrival,3,0.0016
2413,1736697479,Smart Moves,3,0.0016
2414,1810724870,Sokmeal Time (Xbox One),3,0.0016
2415,60656359,SOMA,3,0.0016
2416,1480659442,SONIC 4 Episode II,3,0.0016
2417,1480659441,Sonic CD,3,0.0016
2418,1480659614,Sonic the Fighters,3,0.0016
2419,2140840644,Soundfall,3,0.0016
2420,1718103769,Space Gladiators,3,0.0016
2421,1480657485,Space Invaders: IG,3,0.0016
2422,1480657295,Splosion Man,3,0.0016
2423,2045695664,SpongeBob: Krusty Cook-Off Extra Krusty Edition,3,0.0016
2424,1676037121,Spooky's Jump Scare Mansion: HD Renovation,3,0.0016
2425,1645584645,Spot Challenge Vol. 4,3,0.0016
2426,2009073182,Steelrising - Standard Edition,3,0.0016
2427,2002404032,Stranded: Alien Dawn,3,0.0016
2428,903098188,Strange Brigade,3,0.0016
2429,2050520287,STRANGER OF PARADISE FINAL FANTASY ORIGIN,3,0.0016
2430,1646935799,Strike Mission XS,3,0.0016
2431,1895471502,Stubbs the Zombie in Rebel Without a Pulse,3,0.0016
2432,1926467835,Super Forklift 3000,3,0.0016
2433,1998740916,Super Kids Racing : Mini Edition Demo,3,0.0016
2434,1777228920,Super Woden GP II,3,0.0016
2435,2136865616,Sword of the Necromancer,3,0.0016
2436,1955122958,Taboo Trial,3,0.0016
2437,1978334388,Tank Mechanic Simulator,3,0.0016
2438,1480657504,Tecmo Bowl Throwback®,3,0.0016
2439,1774362586,The Backrooms 1998,3,0.0016
2440,1891258006,The Bard's Tale ARPG : Remastered and Resnarkled,3,0.0016
2441,1733173772,The Bard's Tale Trilogy,3,0.0016
2442,1790921256,The Evil Within® 2 (PC),3,0.0016
2443,337067464,The Fisherman - Fishing Planet,3,0.0016
2444,2052100489,The Invincible,3,0.0016
2445,2079588618,The Last Campfire,3,0.0016
2446,1648318214,The Lord of the Rings: Gollum™,3,0.0016
2447,1962688125,The Messenger,3,0.0016
2448,1816960683,The Nightmares At The Krusty Krab,3,0.0016
2449,1414596562,The Outfit,3,0.0016
2450,1921488037,The Settlers®: New Allies,3,0.0016
2451,1858859325,The Thing: Remastered,3,0.0016
2452,2128187549,The Walking Zombie 2,3,0.0016
2453,2002692571,Timberman VS,3,0.0016
2454,1807962365,Tiny Tina's Assault on Dragon Keep: A Wonderlands One-shot Adventure,3,0.0016
2455,2116487770,TOEM,3,0.0016
2456,1396901866,Tomb Raider: Anniv.,3,0.0016
2457,1396901844,Tomb Raider:Legend,3,0.0016
2458,1651850203,Tour de France 2024,3,0.0016
2459,1721366178,Toy Soldiers HD,3,0.0016
2460,1112934381,Tron: Evolution,3,0.0016
2461,1264125916,Tropico 4,3,0.0016
2462,644829211,Turok 2: Seeds of Evil,3,0.0016
2463,1882728475,TY the Tasmanian Tiger™ 2: Bush Rescue™ HD,3,0.0016
2464,1683451145,Ultra Foodmess Deluxe,3,0.0016
2465,1625709491,Undead Horde 2: Necropolis,3,0.0016
2466,1066906675,Vikings - Wolves of Midgard,3,0.0016
2467,563485628,War Planet Online: Global Conquest,3,0.0016
2468,1769772134,Wargroove 2,3,0.0016
2469,1704142080,Warhammer: Chaosbane Slayer Edition Xbox Series X|S,3,0.0016
2470,1698802403,Warp Bot,3,0.0016
2471,1798375126,Welcome to ParadiZe,3,0.0016
2472,2030769510,Werewolf: The Apocalypse - Earthblood Xbox One,3,0.0016
2473,1851310927,Who Wants to Be a Millionaire?,3,0.0016
2474,2069636428,WINGSPAN,3,0.0016
2475,1941570025,Wolcen: Lords of Mayhem,3,0.0016
2476,2008811924,Wolfenstein II: The New Colossus,3,0.0016
2477,1861858143,Wolfenstein: Youngblood (PC),3,0.0016
2478,1922758426,WRC 9 FIA World Rally Championship,3,0.0016
2479,1414793390,XCOM®: Enemy Within,3,0.0016
2480,1788295676,Yakuza 4 Remastered,3,0.0016
2481,1777058720,Yakuza 5 Remastered,3,0.0016
2482,2081112709,Zaccaria Pinball,3,0.0016
2483,1825102531,Ziggy (Windows),3,0.0016
2484,2069056165,Zombie Survivors XONE Edition,3,0.0016
2485,711381438,Zoo Tycoon,3,0.0016
2486,473358447,Zoo Tycoon: Ultimate Animal Collection Demo,3,0.0016
2487,2140131389,[REDACTED],2,0.0011
2488,1611397130,20XX,2,0.0011
2489,1970931118,3 Player Battle,2,0.0011
2490,1736391553,30 Sport Games in 1,2,0.0011
2491,2073237270,60 Parsecs!,2,0.0011
2492,1714878640,60 Seconds!,2,0.0011
2493,323834939,88 Heroes,2,0.0011
2494,1837458997,911: Cannibal,2,0.0011
2495,88086791,A KING'S TALE: FINAL FANTASY XV,2,0.0011
2496,949699803,ABZU,2,0.0011
2497,398132983,ACA NEOGEO METAL SLUG 2,2,0.0011
2498,895307472,ACA NEOGEO PUZZLE BOBBLE,2,0.0011
2499,419725624,ACA NEOGEO THE KING OF FIGHTERS '97,2,0.0011
2500,442527816,ACA NEOGEO THE KING OF FIGHTERS 2001,2,0.0011
2501,1790739309,Ad Infinitum,2,0.0011
2502,1628334164,Adventures of a Cat In Space Demo,2,0.0011
2503,1784931030,Aerial_Knight's Never Yield,2,0.0011
2504,1664723386,Afterimage,2,0.0011
2505,1635676165,Agatha Christie - Hercule Poirot: The First Cases,2,0.0011
2506,36718263,Agatha Knife,2,0.0011
2507,1838321370,Ages of Mages: the last keeper,2,0.0011
2508,2080141972,Aground,2,0.0011
2509,1064538690,Air Missions: HIND,2,0.0011
2510,1992121948,Airline Manager,2,0.0011
2511,1480660006,AirMech Arena,2,0.0011
2512,2036577806,Akane,2,0.0011
2513,1480659507,Alan Wake's American Nightmare ®,2,0.0011
2514,1725954584,Alpacapaca Dash (Windows),2,0.0011
2515,1712068512,Amanda the Adventurer,2,0.0011
2516,189808036,American Fugitive,2,0.0011
2517,880413309,Amnesia: Collection,2,0.0011
2518,1630490243,Ampersat,2,0.0011
2519,1828567307,Angry Video Game Nerd I & II Deluxe,2,0.0011
2520,1799950478,Aniimo,2,0.0011
2521,1733454261,ANNIE:Last Hope Demo,2,0.0011
2522,1808134657,ANNO : Mutationem,2,0.0011
2523,2072805138,APICO,2,0.0011
2524,2130794071,Apollo Justice: Ace Attorney Trilogy,2,0.0011
2525,1630751753,Aquarium Land,2,0.0011
2526,416307002,ARCADE GAME SERIES: DIG DUG,2,0.0011
2527,2029448252,ASMR Slicing,2,0.0011
2528,132590840,Assassin's Creed® Chronicles: India,2,0.0011
2529,1865619206,Astro Flame Starfighter (Xbox Series X|S),2,0.0011
2530,1744435907,Atelier Yumia: The Alchemist of Memories & the Envisioned Land (Xbox Series X|S),2,0.0011
2531,267850304,ATV Drift & Tricks Definitive Edition,2,0.0011
2532,1694852268,Avatar The Last Airbender: Quest for Balance,2,0.0011
2533,55549300,Axiom Verge,2,0.0011
2534,1618019161,Ballotron Coolbox,2,0.0011
2535,1664978629,Bang-On Balls: Chronicles,2,0.0011
2536,122277778,Bastion,2,0.0011
2537,465259992,Battle Chasers: Nightwar,2,0.0011
2538,1902480256,BATTLETECH,2,0.0011
2539,1844143156,Beach Buggy Racing 2: Island Adventure,2,0.0011
2540,1623175865,Bee Flowers: Save the Garden,2,0.0011
2541,1696098157,Bee Flowers: Save the Garden (Xbox One),2,0.0011
2542,2037703927,Beyond Blue,2,0.0011
2543,1882814863,Beyond Doors,2,0.0011
2544,1021034070,Big Buck Hunter Arcade,2,0.0011
2545,1397033052,BINARY DOMAIN,2,0.0011
2546,1787759076,Blade of Darkness,2,0.0011
2547,2080382748,Blade Runner Enhanced Edition,2,0.0011
2548,1535814857,BLADESTORM: Nightmare,2,0.0011
2549,188693730,BLADESTORM: Nightmare Demo,2,0.0011
2550,1892026097,Bloodwash,2,0.0011
2551,1178929117,Bound by Flame,2,0.0011
2552,1857914892,Boyfriend Dungeon,2,0.0011
2553,1744072621,Bratz™: Flaunt your fashion,2,0.0011
2554,1668214490,BREAKING BRICKS,2,0.0011
2555,1857840975,Breakout: Recharged,2,0.0011
2556,73782745,Brothers: a Tale of Two Sons,2,0.0011
2557,1899809649,Bubble Shooter Viking Pop!,2,0.0011
2558,1831505036,Buddy Garden (Xbox Series X|S),2,0.0011
2559,1618115231,Bullet Beat,2,0.0011
2560,1897248641,Bullets and Brains,2,0.0011
2561,1950881463,Bum Simulator,2,0.0011
2562,1650593751,Calico,2,0.0011
2563,2101621133,Call of Duty®: Black Ops II (2012),2,0.0011
2564,754791096,Call of Duty®: Infinite Warfare,2,0.0011
2565,1676384121,Call of Duty®: Modern Warfare® II - Open Beta,2,0.0011
2566,1431504924,Call of Juarez: Bound in Blood,2,0.0011
2567,2098202394,Candy Crush Saga,2,0.0011
2568,2018993706,Candy Crush Soda Saga,2,0.0011
2569,1807592900,Car Mechanic Simulator Classic,2,0.0011
2570,293403523,Cartoon Network: Battle Crashers,2,0.0011
2571,1480659976,Castlevania: LoS - Mirror of Fate HD,2,0.0011
2572,1640965998,Cat in Rain,2,0.0011
2573,1757862533,Cat in Rain (Windows),2,0.0011
2574,1646378646,Cat Quest III,2,0.0011
2575,1827739583,Chess Infinity,2,0.0011
2576,1512517621,Child of Light,2,0.0011
2577,1951821095,Cities: Skylines II,2,0.0011
2578,1703939860,Clash: Artifacts of Chaos,2,0.0011
2579,1775964743,Click the cookie!,2,0.0011
2580,1480657343,Commander's Challenge,2,0.0011
2581,1397032914,Condemned,2,0.0011
2582,1480656920,Contra,2,0.0011
2583,1872937240,Copycat,2,0.0011
2584,2079295420,Crash Team Rumble™,2,0.0011
2585,694139546,Crawl,2,0.0011
2586,1620274602,Cricket 19,2,0.0011
2587,1886383393,Croc's World 3 (Xbox-Edition),2,0.0011
2588,1846285148,CrossfireX,2,0.0011
2589,1721970293,Crow Country,2,0.0011
2590,1705139809,CrushBorgs (for Windows 10),2,0.0011
2591,1480657289,CRYSTAL DEFENDERS,2,0.0011
2592,1959321814,CUBERS: ARENA,2,0.0011
2593,215134312,Dandara: Trials of Fear Edition,2,0.0011
2594,1705868586,Dangerous Driving,2,0.0011
2595,1991801140,Dark Light,2,0.0011
2596,367230746,Darksiders Genesis,2,0.0011
2597,1762192861,DC's Justice League: Cosmic Chaos,2,0.0011
2598,2055117989,Dead of Darkness,2,0.0011
2599,1880055889,DEADCRAFT,2,0.0011
2600,893913045,Deadfall Adventures,2,0.0011
2601,1480657513,Deadliest Warrior,2,0.0011
2602,1480657756,Deadliest Warrior: Legends,2,0.0011
2603,1684075016,Deadlink,2,0.0011
2604,1833777134,Deadly Days Demo,2,0.0011
2605,1966406017,Deceive Inc.,2,0.0011
2606,1620621787,Deep Diving Adventures,2,0.0011
2607,3469638,Degrees of Separation,2,0.0011
2608,2037049699,Demolish & Build 3,2,0.0011
2609,1866841877,Demon Slayer -Kimetsu no Yaiba- Sweep the Board!,2,0.0011
2610,1848024903,Dig Deep,2,0.0011
2611,1974043980,Disney Classic Games: Aladdin and The Lion King,2,0.0011
2612,1112934403,Disney Universe,2,0.0011
2613,667003203,Dogos,2,0.0011
2614,576050592,DOOM Demo,2,0.0011
2615,1480657334,DOOM II (Classic),2,0.0011
2616,1480659538,Double Dragon Neon,2,0.0011
2617,1480657549,DR2: CASE ZERO,2,0.0011
2618,2044234749,Dragon's Dogma 2 Character Creator & Storage,2,0.0011
2619,1858681275,Dragon Mania Legends,2,0.0011
2620,1721217822,Drake Hollow,2,0.0011
2621,141638183,DreamWorks Dragons Dawn of New Riders,2,0.0011
2622,1036815571,Drift Zone,2,0.0011
2623,1414793294,Duke Nukem Forever,2,0.0011
2624,1847263549,Dungeon Defenders: Awakened,2,0.0011
2625,1480659907,Dungeons & Dragons: Chronicles of Mystara,2,0.0011
2626,1771234675,Dungeons 4,2,0.0011
2627,1666801480,Dunk Lords,2,0.0011
2628,1558010571,DYNASTY WARRIORS 8 Empires,2,0.0011
2629,1941812534,Dyson Sphere Program (Game Preview),2,0.0011
2630,242301355,EA SPORTS™ NHL® 16,2,0.0011
2631,492699383,EA SPORTS™ NHL® 17,2,0.0011
2632,571156610,Earthfall,2,0.0011
2633,1146095571,EDF 2017,2,0.0011
2634,866704492,eFootball PES 2020 DEMO,2,0.0011
2635,2143134995,"El Paso, Elsewhere",2,0.0011
2636,1739313000,Enclave HD,2,0.0011
2637,1773142063,ENDER LILIES: Quietus of the Knights,2,0.0011
2638,1706225842,ENDLESS Dungeon™,2,0.0011
2639,1985585702,Endzone - A World Apart: Survivor Edition,2,0.0011
2640,1263339518,Escape Dead Island,2,0.0011
2641,1997758007,Escape First 2,2,0.0011
2642,1879452548,Exhausted Man Demo,2,0.0011
2643,1639220334,Exo One,2,0.0011
2644,1614221632,ExoCross,2,0.0011
2645,1480657527,Faery: Legends of Avalon,2,0.0011
2646,1649971201,Fallout,2,0.0011
2647,2018435270,Fantasy Tower Defense,2,0.0011
2648,2036551350,FAR: Lone Sails,2,0.0011
2649,1828557775,FarmVille 2: Country Escape,2,0.0011
2650,1629487179,FATAL FRAME: Maiden of Black Water,2,0.0011
2651,2104363067,Fatum Betula,2,0.0011
2652,332903703,Fibbage: The Hilarious Bluffing Party Game,2,0.0011
2653,2071782725,FINAL FANTASY III,2,0.0011
2654,1799236568,FINAL FANTASY V,2,0.0011
2655,1397819398,FINAL FANTASY XIII-2,2,0.0011
2656,1733492292,Finding Frankie,2,0.0011
2657,2147124607,Fit And Fry: Organized Chef,2,0.0011
2658,1848301012,Flaskoman,2,0.0011
2659,1782426167,Flat Heroes,2,0.0011
2660,67961945,FlatOut 4 : Total Insanity,2,0.0011
2661,2079526391,Fluffy Cubed,2,0.0011
2662,1890880304,Fobia - St. Dinfna Hotel,2,0.0011
2663,1634118154,Football Manager 2021 Xbox Edition,2,0.0011
2664,2054071455,For The Warp,2,0.0011
2665,643698720,Forza Horizon 2 Demo,2,0.0011
2666,321736949,Forza Motorsport 6 Demo,2,0.0011
2667,2054354492,Fruit Ninja Kinect 2,2,0.0011
2668,1978204673,Full Metal Furies,2,0.0011
2669,893913057,Full Spectrum Warrior,2,0.0011
2670,212246852,Furi,2,0.0011
2671,1769451351,Gabriels Worlds The Adventure,2,0.0011
2672,1661034431,Gal Guardians: Demon Purge,2,0.0011
2673,1480656914,GALAGA,2,0.0011
2674,1717888621,Galaxy Control: Arena,2,0.0011
2675,1674087678,Gangs of Sherwood,2,0.0011
2676,1992947450,Garden Story,2,0.0011
2677,21230315,Genesis Alpha One,2,0.0011
2678,945174237,Geometry Wars™ 3: Dimensions Evolved,2,0.0011
2679,1734964144,Ghosts 'n Goblins Resurrection,2,0.0011
2680,2045688705,Giana Sisters: Twisted Dreams - Director's Cut,2,0.0011
2681,529515303,Gone Home,2,0.0011
2682,2043449905,Gori: Cuddly Carnage,2,0.0011
2683,1297287358,Grabbed by the Ghoulies™,2,0.0011
2684,1785738076,Grandia HD Collection,2,0.0011
2685,1981717681,Grey Skies: A War of the Worlds Story,2,0.0011
2686,1973021624,Greyhill Incident,2,0.0011
2687,943719970,GRID,2,0.0011
2688,671675837,GRIP,2,0.0011
2689,1958071699,Guacamelee! Super Turbo Championship Edition,2,0.0011
2690,121960285,Guts & Glory,2,0.0011
2691,1297292194,Halo: Spartan Strike,2,0.0011
2692,1822336858,Hand of Fate,2,0.0011
2693,928096970,Happy Dungeons,2,0.0011
2694,1480657432,Hard Corps: Uprising,2,0.0011
2695,1480656866,Hardwood Backgammon,2,0.0011
2696,1924130173,Haven,2,0.0011
2697,1760815176,Hero's Hour,2,0.0011
2698,1880774720,Heroes of Hammerwatch - Ultimate Edition,2,0.0011
2699,1967527679,Hidden Cat Outlaws,2,0.0011
2700,1822597971,Hidden Cats in London,2,0.0011
2701,1941459361,Highway Driving 2023 Demo,2,0.0011
2702,1698046377,Highway Police Simulator,2,0.0011
2703,2058317945,Hotel Renovator,2,0.0011
2704,2032696661,Hotel: A Resort Simulator,2,0.0011
2705,939695563,Hotshot Racing,2,0.0011
2706,948876029,Hover,2,0.0011
2707,2097175965,How 2 Escape,2,0.0011
2708,2067804489,How 2 Escape: Lost Submarine,2,0.0011
2709,1702750733,Huntdown,2,0.0011
2710,2010890559,Hunting Simulator 2 Xbox Series X|S,2,0.0011
2711,2129720796,"I Have No Mouth, and I Must Scream",2,0.0011
2712,1480657016,Ikaruga,2,0.0011
2713,720995386,Immortal Redneck,2,0.0011
2714,1480657692,Insanely Twisted Shadow Planet,2,0.0011
2715,2054032545,Iris Fall,2,0.0011
2716,1684439879,Islets,2,0.0011
2717,21051553,It's Quiz Time,2,0.0011
2718,1297287250,Jade Empire™,2,0.0011
2719,1776716222,Jewel Fever 3,2,0.0011
2720,1633770627,Jigsaw Woof for PC & Xbox,2,0.0011
2721,1480660105,JUJU,2,0.0011
2722,65384566,Jumanji: The Video Game,2,0.0011
2723,1003093254,Just Dance 2017®,2,0.0011
2724,1869923276,Katana ZERO,2,0.0011
2725,1849860727,Kids Learn Demo,2,0.0011
2726,1809430288,Kitten Island,2,0.0011
2727,1718892809,Knockout City™,2,0.0011
2728,1039363526,Kona,2,0.0011
2729,2002405450,Kung Fu Fighting,2,0.0011
2730,985429182,L.A. Noire,2,0.0011
2731,1885571558,Lab Crisis,2,0.0011
2732,1920167136,Layers of Fear (2023),2,0.0011
2733,1073523542,LEGO® STAR WARS™: The Force Awakens Demo,2,0.0011
2734,191432544,LEGO® The Hobbit™ Demo,2,0.0011
2735,1397819419,LIGHTNING RETURNS FFXIII,2,0.0011
2736,1929376326,Lil Gator Game,2,0.0011
2737,1689936313,Little Big Workshop,2,0.0011
2738,1741206400,Little Nightmares III,2,0.0011
2739,2056027793,Little Strays,2,0.0011
2740,1900726271,Lord of the Click 4,2,0.0011
2741,2020175737,Lord of the Click 4 (Xbox One),2,0.0011
2742,1271641024,Lords of the Fallen (2014),2,0.0011
2743,1631490723,Lost Islands,2,0.0011
2744,2051707990,Lynked: Banner of the Spark,2,0.0011
2745,142841733,Madden NFL 25,2,0.0011
2746,1700020315,MADiSON,2,0.0011
2747,746718051,Mafia III Demo,2,0.0011
2748,1537894068,Magic 2015,2,0.0011
2749,350075261,Marvel Heroes Omega,2,0.0011
2750,2039573071,Merge & Blade,2,0.0011
2751,1751185882,METAL GEAR SOLID Δ: SNAKE EATER,2,0.0011
2752,1772597205,METAL GEAR SOLID: MASTER COLLECTION Vol.1 BONUS CONTENT,2,0.0011
2753,1886592223,Metal: Hellsinger (Xbox One),2,0.0011
2754,2091473091,Mimi the Cat: Mimi's Scratcher,2,0.0011
2755,2130592951,Mimi the Cat: New Friends (Windows),2,0.0011
2756,1396901860,MINI NINJAS™,2,0.0011
2757,1753107898,Missing Banban,2,0.0011
2758,1480659607,Monaco: What's Yours is Mine,2,0.0011
2759,2070782109,Monster Prom: XXL,2,0.0011
2760,186591858,Monstrum,2,0.0011
2761,1423533994,MotoGP™15,2,0.0011
2762,284212046,MotoGP™18,2,0.0011
2763,1698746853,MotoGP™23,2,0.0011
2764,1685476854,Motorcycle Mechanic Simulator 2021,2,0.0011
2765,1782148011,Moves,2,0.0011
2766,1848739938,Moves (Xbox Series),2,0.0011
2767,1925609034,Mr. T-Shirt,2,0.0011
2768,1959884647,Mr.Slime in Dungeon,2,0.0011
2769,2091286911,Mudness Offroad - 4x4 Truck Car Simulator,2,0.0011
2770,115698273,Mulaka,2,0.0011
2771,1696839999,MXGP 24: The Official Game,2,0.0011
2772,446256697,My Time At Portia,2,0.0011
2773,2078262992,My Time at Sandrock Online,2,0.0011
2774,1907685879,Mystic Pathways: Crystal Quest (Xbox One),2,0.0011
2775,1653999253,MythForce,2,0.0011
2776,1950723029,NAIAD,2,0.0011
2777,765155065,NARUTO TO BORUTO: SHINOBI STRIKER Open Beta,2,0.0011
2778,1985582126,National Saloons,2,0.0011
2779,1756150140,NBA 2K21 Demo,2,0.0011
2780,1616270757,NBA LIVE 14,2,0.0011
2781,2003762766,Neon City Riders,2,0.0011
2782,1755993580,Nerd Survivors,2,0.0011
2783,157973080,NeuroVoider,2,0.0011
2784,2137651733,New Super Lucky's Tale Demo,2,0.0011
2785,1816592098,Niche - a genetics survival game,2,0.0011
2786,1887596214,Nickelodeon All-Star Brawl,2,0.0011
2787,2021405472,Nickelodeon Kart Racers 2: Grand Prix,2,0.0011
2788,125341318,Night in the Woods,2,0.0011
2789,156829627,No Time To Explain,2,0.0011
2790,1993181112,Northgard,2,0.0011
2791,2041914938,Nuclear Throne,2,0.0011
2792,303740234,Oh...Sir! The Insult Simulator,2,0.0011
2793,469262489,OlliOlli2: XL Edition,2,0.0011
2794,1756731867,One Step From Eden,2,0.0011
2795,2081394706,Onimusha 2: Samurai's Destiny,2,0.0011
2796,2128728875,Operation: Tango,2,0.0011
2797,264259050,Ori and the Blind Forest,2,0.0011
2798,1480656913,PAC-MAN,2,0.0011
2799,1828865417,PAC-PAC,2,0.0011
2800,2089042924,Paleo Pines,2,0.0011
2801,1616365132,Papa's Quiz,2,0.0011
2802,2035666683,Paper Bad,2,0.0011
2803,1815686049,Paper io 2,2,0.0011
2804,1836785866,ParkourLand Elite: Playground,2,0.0011
2805,1828315114,Physics Sandbox X,2,0.0011
2806,1894255361,Placid Plastic Duck Simulator,2,0.0011
2807,926240545,Planet of the Apes: Last Frontier,2,0.0011
2808,1859436735,"Please, Don't Touch Anything",2,0.0011
2809,1628806449,Potion Craft: Alchemist Simulator,2,0.0011
2810,1695271858,PowerWash Simulator Demo,2,0.0011
2811,1919133963,Praetorians - HD Remaster,2,0.0011
2812,1755544820,Pro Gymnast Simulator,2,0.0011
2813,2116922454,Prodeus,2,0.0011
2814,965890138,Project Highrise: Architect's Edition,2,0.0011
2815,670498748,Pumped BMX +,2,0.0011
2816,248901393,Punch Club,2,0.0011
2817,1112934361,Pure,2,0.0011
2818,2101274114,Pure Mini Golf,2,0.0011
2819,1684904215,Purrfect Rescue,2,0.0011
2820,1480657006,Puzzle Fighter HD,2,0.0011
2821,1480657096,Quake Arena Arcade,2,0.0011
2822,1480659455,Quantum Conundrum,2,0.0011
2823,2117633627,Quiplash 2 InterLASHional: The Say Anything Party Game!,2,0.0011
2824,1984205216,R.B.I. Baseball 21,2,0.0011
2825,2119938423,Raid: Shadow Legends,2,0.0011
2826,1843263319,Railway Islands - Puzzle,2,0.0011
2827,1958527888,Rain World Demo,2,0.0011
2828,1966810654,Ramp Bike Racing,2,0.0011
2829,893913055,Red Faction II,2,0.0011
2830,1997388850,Resident Evil Operation Raccoon City,2,0.0011
2831,1996943027,Revhead,2,0.0011
2832,1223839444,RIDE,2,0.0011
2833,1930767830,RiffTrax: The Game,2,0.0011
2834,1783825549,Road 96: Mile 0,2,0.0011
2835,322450727,Rogue Legacy,2,0.0011
2836,1888207061,Rogue Lords,2,0.0011
2837,1820242486,Roguebook Xbox Series X|S,2,0.0011
2838,1644975436,Rollerdrome,2,0.0011
2839,2028931904,Rugby 20,2,0.0011
2840,1704562600,Rugby 25,2,0.0011
2841,1861374778,Rugby Challenge 3,2,0.0011
2842,1759610497,Rush Rally Origins,2,0.0011
2843,520010865,RWBY: Grimm Eclipse,2,0.0011
2844,293466353,Saban’s Mighty Morphin Power Rangers: Mega Battle,2,0.0011
2845,1263339495,Sacred 3,2,0.0011
2846,2104908468,SAMURAI WARRIORS 5,2,0.0011
2847,1944780994,Scars Above,2,0.0011
2848,52620879,Scribblenauts Showdown,2,0.0011
2849,2044653846,ScubaBoys,2,0.0011
2850,1532956420,Sébastien Loeb Rally EVO,2,0.0011
2851,1480657777,Sega Vintage Collection: Streets of Rage,2,0.0011
2852,1641777228,Serious Sam 4,2,0.0011
2853,2030118025,Serious Sam: Siberian Mayhem,2,0.0011
2854,180637000,SEUM: Speedrunners from Hell,2,0.0011
2855,2120089695,Severed Steel,2,0.0011
2856,2077320849,Shadow Man Remastered,2,0.0011
2857,584036319,Shadow Tactics: Blades of the Shogun,2,0.0011
2858,1939956128,Shadowrun: Dragonfall - Director's Cut PC,2,0.0011
2859,1619485722,Shadows of Doubt,2,0.0011
2860,1908885199,Shadows of the Damned: Hella Remastered,2,0.0011
2861,865750499,Shantae: Half-Genie Hero,2,0.0011
2862,114172147,Shenmue,2,0.0011
2863,1963476984,Sherlock Holmes Chapter One,2,0.0011
2864,1689409064,Shield King,2,0.0011
2865,643894778,Shiness: The Lightning Kingdom,2,0.0011
2866,1709151881,Ship Graveyard Simulator 2,2,0.0011
2867,1740491486,Shovel Knight Dig,2,0.0011
2868,1834153031,Shy Cats Hidden Orchestra,2,0.0011
2869,1898291368,Shy Cats Hidden Tracks - Vol. 1,2,0.0011
2870,2044118581,Shy Dogs Hidden Orchestra,2,0.0011
2871,2063272043,Sky Roll!,2,0.0011
2872,687576060,Skylanders SuperChargers Portal Owner's Pack,2,0.0011
2873,1705787144,Slime 3K: Rise Against Despot,2,0.0011
2874,1786573857,Smart Moves 2,2,0.0011
2875,1002731481,Snooker Nation Championship,2,0.0011
2876,2024976700,Sokmeal Time (Xbox Series X|S),2,0.0011
2877,1977811296,Sokomage,2,0.0011
2878,2029790380,Sokomage (Windows),2,0.0011
2879,1992608598,Solar Ash,2,0.0011
2880,1865488656,Somber Echoes,2,0.0011
2881,1480657348,Sonic & Knuckles,2,0.0011
2882,1624587951,Sorry We're Closed,2,0.0011
2883,2109986102,Space Crew: Legendary Edition,2,0.0011
2884,2139029288,Space Station Sprint,2,0.0011
2885,1943663664,SpellForce III Reforced,2,0.0011
2886,2017067425,Spot Challenge Vol. 1,2,0.0011
2887,2063855906,STAR OCEAN THE DIVINE FORCE,2,0.0011
2888,1112934457,STAR WARS Jedi Starfighter,2,0.0011
2889,82653045,Starlink: Battle for Atlas,2,0.0011
2890,1434175066,Starpoint Gemini 2,2,0.0011
2891,1328778537,SteamWorld Dig,2,0.0011
2892,1833403666,SteamWorld Dig 2,2,0.0011
2893,2039717133,Stock Cars Unleashed 2023,2,0.0011
2894,1876484566,STORY OF SEASONS: Friends of Mineral Town,2,0.0011
2895,1763122581,Stranger Things 3: The Game,2,0.0011
2896,1896598798,Street Outlaws 2: Winner Takes All,2,0.0011
2897,1934391570,Street Power Soccer,2,0.0011
2898,1675190546,Stunt Paradise (Windows),2,0.0011
2899,1414596596,Stuntman: Ignition,2,0.0011
2900,1841866029,Super Bomberman R Online,2,0.0011
2901,1654363896,Super Woden GP,2,0.0011
2902,1949756621,Surgeon Simulator 2,2,0.0011
2903,1704200304,Sword of the Necromancer: Resurrection,2,0.0011
2904,1937629264,Tainted Grail: Conquest,2,0.0011
2905,990373231,Tales of Arise (Xbox One),2,0.0011
2906,308135722,Tales of Vesperia™: Definitive Edition,2,0.0011
2907,1718047845,Tannenberg,2,0.0011
2908,1431504853,TC's GRAW,2,0.0011
2909,2124220599,Techwars Global Conflict,2,0.0011
2910,1090851408,TEMBO THE BADASS ELEPHANT,2,0.0011
2911,1824005920,Temple Dash: Jungle Adventure,2,0.0011
2912,1037418183,Tennis World Tour,2,0.0011
2913,2068379623,That s a thing,2,0.0011
2914,1414793181,The Bureau,2,0.0011
2915,2016552136,The Catch: Carp & Coarse Fishing,2,0.0011
2916,1637035694,The Chant,2,0.0011
2917,1414793357,The Darkness II,2,0.0011
2918,2115998347,The Drone Racing League Simulator,2,0.0011
2919,1685158190,The Expanse: A Telltale Series,2,0.0011
2920,1761411767,THE HOUSE OF THE DEAD: Remake,2,0.0011
2921,483182712,The Incredible Adventures of Van Helsing II,2,0.0011
2922,1058433943,The Incredible Adventures of Van Helsing III,2,0.0011
2923,518483923,The Infectious Madness of Doctor Dekker,2,0.0011
2924,1668095237,The Jackbox Naughty Pack,2,0.0011
2925,1637976314,The Jackbox Survey Scramble,2,0.0011
2926,1930789000,The Last Oricru - Final Cut,2,0.0011
2927,1781023780,The Medium,2,0.0011
2928,1940410619,The StoryTale,2,0.0011
2929,2105623196,The Tenants,2,0.0011
2930,333693662,The Walking Dead: A New Frontier,2,0.0011
2931,1279330262,Thrillville: OTR,2,0.0011
2932,2099988016,Ticket to Ride®,2,0.0011
2933,1480657132,Ticket to Ride™,2,0.0011
2934,1941546606,Tides of Annihilation,2,0.0011
2935,1448413146,TimeShift,2,0.0011
2936,1982117283,Tiny Little Farm (Xbox Series),2,0.0011
2937,650880404,Titanfall ®2 Open Multiplayer Tech Test,2,0.0011
2938,2068094397,To the Moon and Beyond,2,0.0011
2939,1984458321,ToeJam and Earl: Back in the Groove!,2,0.0011
2940,1683840789,Tomb Raider IV-VI Remastered,2,0.0011
2941,32122245,Tony Hawk's® Pro Skater™ 5,2,0.0011
2942,2024662880,Tour de France 2020,2,0.0011
2943,1691312526,Tour de France 2023,2,0.0011
2944,1702020699,Tourist Bus Simulator,2,0.0011
2945,1887639245,Tracks - The Train Set Game,2,0.0011
2946,286890904,TRANSFORMERS: Fall of Cybertron,2,0.0011
2947,1917641293,Treasure Hunter Simulator,2,0.0011
2948,52523189,Trials of the Blood Dragon,2,0.0011
2949,75584766,Trine 4: The Nightmare Prince,2,0.0011
2950,1913216462,Trine Enchanted Edition,2,0.0011
2951,2142053337,Trüberbrook,2,0.0011
2952,2078968222,Truck Driver: The American Dream,2,0.0011
2953,1878739850,Truck Simulator Cargo Driver 2025 - USA,2,0.0011
2954,1879353165,TT Isle of Man Ride on the Edge 2,2,0.0011
2955,911120656,Tumblestone,2,0.0011
2956,495493033,Turok,2,0.0011
2957,1944807356,Twelve Minutes,2,0.0011
2958,1762420024,Twitch Marble,2,0.0011
2959,2074316990,Ultimate General: Gettysburg,2,0.0011
2960,2059671191,Ultimate Racing 2D,2,0.0011
2961,1726842035,Unichrome: A 1-bit Unicorn Adventure,2,0.0011
2962,1297549275,Unreal Tournament III,2,0.0011
2963,103629720,V-Rally 4,2,0.0011
2964,1828894151,Valiant Hearts: Coming Home,2,0.0011
2965,944836149,Valkyria Chronicles 4,2,0.0011
2966,1654418819,Vampire Hunters,2,0.0011
2967,1480659454,Virtua Fighter 5 Final Showdown,2,0.0011
2968,1664766972,Void Gore,2,0.0011
2969,2022059922,Walk Around And Do Nothing,2,0.0011
2970,1682770291,"Warhammer 40,000: Chaos Gate - Daemonhunters",2,0.0011
2971,1975267359,"Warhammer 40,000: Mechanicus",2,0.0011
2972,648298719,Warhammer: Chaosbane Xbox One,2,0.0011
2973,2065674058,Wavetale,2,0.0011
2974,2039837995,We Were Here Forever,2,0.0011
2975,2026516560,Webbed,2,0.0011
2976,1807860559,Werewolf: The Apocalypse - Earthblood Xbox Series X|S,2,0.0011
2977,1837745362,When the Past was Around,2,0.0011
2978,1834893426,Wildgate Summer Preview,2,0.0011
2979,2125765747,Windbound,2,0.0011
2980,1480657355,Wolfenstein 3D,2,0.0011
2981,1711900823,World Championship Boxing Manager™ 2,2,0.0011
2982,521446567,WORLD OF FINAL FANTASY MAXIMA,2,0.0011
2983,2141363036,Worldless,2,0.0011
2984,1786776587,Yum Yum Cookstar,2,0.0011
2985,1848677374,ZDQ Island Engagement,2,0.0011
2986,1971898235,Ziggurat,2,0.0011
2987,1263405122,ZOE HD ,2,0.0011
2988,2001814192,Zombie Derby 2,2,0.0011
2989,820078969,Zombie Driver Ultimate Edition,2,0.0011
2990,2044141925,Zombie Survivors Series Edition,2,0.0011
2991,1628545700,Zombies ruined my day Demo,2,0.0011
2992,1955180046,Zoo Tycoon Demo,2,0.0011
2993,1938780553,#SinucaAttack,1,0.0005
2994,1626046949,1-Bit Dungeon (Xbox One),1,0.0005
2995,1977624399,10 Seconds to Win!,1,0.0005
2996,1907798532,15in1 Solitaire,1,0.0005
2997,2087236440,1971 Project Helios,1,0.0005
2998,1668379163,2 Synchro Hedgehogs (for Windows 10),1,0.0005
2999,2134233392,33 Immortals Beta,1,0.0005
3000,1612838382,39 Days to Mars,1,0.0005
3001,1765279855,3D Billiards - Pool & Snooker - Remastered,1,0.0005
3002,1414596667,50 Cent: BotS,1,0.0005
3003,1480657152,5th Grader,1,0.0005
3004,570085654,8-Bit RTS Series,1,0.0005
3005,1970463169,9 Monkeys of Shaolin Demo,1,0.0005
3006,1806866056,A Building Full of Cats,1,0.0005
3007,2005478922,A Frog's Job,1,0.0005
3008,1824287216,Aaero2,1,0.0005
3009,2047037846,Abathor,1,0.0005
3010,1976630039,ACA NEOGEO ART OF FIGHTING 3 for Windows,1,0.0005
3011,955101050,ACA NEOGEO BASEBALL STARS 2,1,0.0005
3012,732054872,ACA NEOGEO BIG TOURNAMENT GOLF,1,0.0005
3013,213848957,ACA NEOGEO KIZUNA ENCOUNTER,1,0.0005
3014,390641336,ACA NEOGEO METAL SLUG,1,0.0005
3015,1839622239,ACA NEOGEO METAL SLUG 2,1,0.0005
3016,70786264,ACA NEOGEO METAL SLUG 5,1,0.0005
3017,414115213,ACA NEOGEO REAL BOUT FATAL FURY 2,1,0.0005
3018,241082371,ACA NEOGEO SAMURAI SHODOWN,1,0.0005
3019,428977306,ACA NEOGEO SAMURAI SHODOWN V SPECIAL,1,0.0005
3020,537999743,ACA NEOGEO STREET HOOP,1,0.0005
3021,300527443,ACA NEOGEO THE KING OF FIGHTERS '94,1,0.0005
3022,426534329,ACA NEOGEO THE KING OF FIGHTERS '96,1,0.0005
3023,420401391,ACA NEOGEO THE KING OF FIGHTERS 2000,1,0.0005
3024,1902503932,ACA NEOGEO THE KING OF FIGHTERS 2002 for Windows,1,0.0005
3025,678033734,ACA NEOGEO THE KING OF FIGHTERS 2003,1,0.0005
3026,1719226996,ACA NEOGEO THE KING OF FIGHTERS 2003 for Windows,1,0.0005
3027,1072246689,ACA NEOGEO WORLD HEROES PERFECT,1,0.0005
3028,1660341261,ACA2NEOGEO THE KING OF FIGHTERS '98,1,0.0005
3029,2094098726,Ace Attorney Investigations Collection,1,0.0005
3030,2132000502,ACL Pro Cornhole,1,0.0005
3031,1939634325,Action Arcade Wrestling,1,0.0005
3032,219620906,ADIOS Amigos,1,0.0005
3033,592146950,Adventure Pop,1,0.0005
3034,1801290087,Adventures of Bertram Fiddle: Episode 2: A Bleaker Predicklement,1,0.0005
3035,263635664,AeternoBlade,1,0.0005
3036,1976429884,AeternoBlade II Demo,1,0.0005
3037,411985913,AFL Evolution,1,0.0005
3038,1763236945,AFL Evolution 2,1,0.0005
3039,2076405066,Agarta,1,0.0005
3040,1629096088,Agatha Christie - Murder on the Orient Express,1,0.0005
3041,897067440,Age of Empires: Definitive Edition,1,0.0005
3042,1996921369,Age of Wonders 4 (PC),1,0.0005
3043,1777571402,Age of Wonders: Planetfall,1,0.0005
3044,1818962020,Agent Intercept,1,0.0005
3045,1651580938,Aggelos,1,0.0005
3046,1922741539,AI: THE SOMNIUM FILES,1,0.0005
3047,1796559648,Aircraft Carrier Survival,1,0.0005
3048,2023667384,Airport City,1,0.0005
3049,1616416590,Akinakes (Windows),1,0.0005
3050,1694926512,Akinofa,1,0.0005
3051,1817202060,Alba: A Wildlife Adventure,1,0.0005
3052,2031115652,Alchemist Adventure,1,0.0005
3053,1653884944,Alchemist Simulator,1,0.0005
3054,1614822065,Alchemist: The Potion Monger,1,0.0005
3055,1847254069,Alex Kidd in Miracle World DX,1,0.0005
3056,1793639036,Alice in Wonderland - A jigsaw puzzle tale,1,0.0005
3057,173777692,Alto's Adventure,1,0.0005
3058,1628251712,Amazing Maze,1,0.0005
3059,1728656016,Amnesia: Collection,1,0.0005
3060,1694657478,Amnesia: Rebirth,1,0.0005
3061,438766205,Anarcute,1,0.0005
3062,1671043316,Ancient Ants Adventure,1,0.0005
3063,1691093219,Ancient Ants Adventure (Xbox One),1,0.0005
3064,1757356654,Andro Dunos 2,1,0.0005
3065,2093965833,Angry Birds Friends,1,0.0005
3066,2082514516,Angry Birds Star Wars,1,0.0005
3067,884197146,Anima: Gate of Memories,1,0.0005
3068,1863916271,Anime Girls Jigsaw Puzzles - The Waifu Experience,1,0.0005
3069,1941033112,Anno 117: Pax Romana,1,0.0005
3070,1032556391,Anode,1,0.0005
3071,1818579429,Anomaly Agent,1,0.0005
3072,2143113399,Anthology of Fear,1,0.0005
3073,1898733883,Anuchard,1,0.0005
3074,2066750369,APG: A Plane Game,1,0.0005
3075,1480657349,Aqua,1,0.0005
3076,395362154,Aqua Moto Racing Utopia,1,0.0005
3077,2106029435,Aquarun (Windows),1,0.0005
3078,1908300140,ARC Raiders - Server Slam,1,0.0005
3079,2081200138,Arcade Classics Anniversary Collection,1,0.0005
3080,1836455102,Arcade Hysteria,1,0.0005
3081,1714994601,Architect Life: A House Design Simulator,1,0.0005
3082,2099466588,Archvale,1,0.0005
3083,1963187474,ArcRunner,1,0.0005
3084,1663331063,Arena Renovation,1,0.0005
3085,490460723,Arise: A Simple Story,1,0.0005
3086,1756488270,Arkanoid Eternal Battle,1,0.0005
3087,1891225930,Ash of Gods Redemption,1,0.0005
3088,2125220778,Ashina: The Red Witch,1,0.0005
3089,1841822482,Asterix & Obelix XXL3: The Crystal Menhir,1,0.0005
3090,2116401396,Astrea: Six-Sided Oracles,1,0.0005
3091,547436161,Atari Flashback Classics Vol. 2,1,0.0005
3092,1992960588,Atelier Yumia: The Alchemist of Memories & the Envisioned Land - Demo (Xbox Series X|S),1,0.0005
3093,1931314313,Atelier Yumia: The Alchemist of Memories & the Envisioned Land (Xbox One),1,0.0005
3094,2051565788,Atomicrops,1,0.0005
3095,2034601407,Atrio: The Dark Wild,1,0.0005
3096,1878010125,Attack of the Toy Tanks (Xbox Series X|S),1,0.0005
3097,433520651,Attack on Titan,1,0.0005
3098,1626184316,Aureole - Wings of Hope,1,0.0005
3099,1414596577,Avatar: TLA: TBE,1,0.0005
3100,2005620545,Awesome Pea 3 (Xbox Series X|S),1,0.0005
3101,1989717874,Axis Football 2024,1,0.0005
3102,1632006220,Azure Striker GUNVOLT 2,1,0.0005
3103,1958897628,Backrooms: Partygoers,1,0.0005
3104,1859435059,BAD END THEATER,1,0.0005
3105,1152151422,BADLAND: Game of the Year Edition,1,0.0005
3106,1922639286,Bag Hero,1,0.0005
3107,1730080779,Bakery Simulator,1,0.0005
3108,2074298673,Ball Race 3: Jump DEMO,1,0.0005
3109,1772059556,Ballotron,1,0.0005
3110,1653039105,Ballotron (for Windows 10),1,0.0005
3111,1630676646,Ballotron Coolbox (Windows),1,0.0005
3112,1895683438,Ballotron Galaxy (Windows),1,0.0005
3113,1843898695,Bangers Unlimited,1,0.0005
3114,1480656876,Bankshot Billiards 2,1,0.0005
3115,1995697239,Banner of the Maid,1,0.0005
3116,1939312830,Barista Simulator,1,0.0005
3117,1854415183,Barn Finders,1,0.0005
3118,1887376501,Bartender Hustle,1,0.0005
3119,1737338210,Barton Lynch Pro Surfing,1,0.0005
3120,2085907029,Baseball League,1,0.0005
3121,366603565,BATTLE GAREGGA Rev.2016,1,0.0005
3122,1863651407,Battleborn,1,0.0005
3123,1161889755,Battlefield 2: MC,1,0.0005
3124,1161889785,Battlefield: Bad Company,1,0.0005
3125,823930413,Battlefield™ Hardline Beta,1,0.0005
3126,106983280,Battlefield™ V Open Beta,1,0.0005
3127,1937867850,Battleship Tactica: Sea Wars 3D,1,0.0005
3128,1634873070,Bear Knight Honey Quest (Windows),1,0.0005
3129,1613592776,Beat Souls,1,0.0005
3130,211501762,Beatbuddy: Tale of the Guardians,1,0.0005
3131,1313671132,Beautiful Katamari,1,0.0005
3132,1773544303,Beautiful Sakura: Running Club (Windows),1,0.0005
3133,1056122017,Bedlam - The Game By Christopher Brookmyre,1,0.0005
3134,1863389993,Bee Flowers,1,0.0005
3135,2113490163,Bee Flowers (Windows),1,0.0005
3136,1657573799,Bee Flowers (Xbox One),1,0.0005
3137,1748114593,Before I Forget,1,0.0005
3138,2140460499,Before We Leave,1,0.0005
3139,1698840007,Beholder 2,1,0.0005
3140,1480659459,Bellator: MMA Onslaught,1,0.0005
3141,965872275,Ben 10,1,0.0005
3142,1798776797,Bendy and the Dark Revival (Xbox Series X|S),1,0.0005
3143,1809976918,Bermuda Adventures: Farm Games,1,0.0005
3144,1895665603,Beyond Border,1,0.0005
3145,1626084065,Beyond Border (Windows),1,0.0005
3146,2146803891,Beyond Eyes,1,0.0005
3147,1657892923,Big Buck Hunter: Ultimate Trophy,1,0.0005
3148,621760503,Big Crown: Showdown,1,0.0005
3149,2008389504,Big Helmet Heroes,1,0.0005
3150,918284490,BIOHAZARD RE:2 Z Version,1,0.0005
3151,420309331,BIOHAZARD RE:3 Z Version for Windows,1,0.0005
3152,1827284830,Birth,1,0.0005
3153,338768437,Black The Fall,1,0.0005
3154,1689997111,Blackjack Solitaire,1,0.0005
3155,2039195750,Blacksad - Under the Skin (Xbox Series),1,0.0005
3156,1947615757,Blacksmith of the Sand Kingdom,1,0.0005
3157,2061970650,BLACKTAIL,1,0.0005
3158,1942559937,Blackwind,1,0.0005
3159,1714151217,Blair Witch,1,0.0005
3160,2041877435,Blaster Master Zero,1,0.0005
3161,1972410679,Blaze and the Monster Machines: Axle City Racers,1,0.0005
3162,1850970705,Blazing Chrome,1,0.0005
3163,2028748673,Bleak Faith,1,0.0005
3164,1984097921,Block Color Flex,1,0.0005
3165,2037855727,Block Puzzle Jewels Classic,1,0.0005
3166,2066959475,Block Tower TD (Windows),1,0.0005
3167,173291706,Blood Bowl 2,1,0.0005
3168,1864246714,Blood Waves,1,0.0005
3169,1723799507,BloodRayne 2: ReVamped,1,0.0005
3170,1862346957,BloodRayne: ReVamped,1,0.0005
3171,1854025914,Bloons TD Battles,1,0.0005
3172,1875067511,Blossom Tales II: The Minotaur Prince,1,0.0005
3173,1664817482,Blue Fire,1,0.0005
3174,1745314944,Bō: Path of the Teal Lotus,1,0.0005
3175,2037324694,Bool Capture (Windows),1,0.0005
3176,480844745,Boom Ball for Kinect,1,0.0005
3177,1984334078,Boom Robots,1,0.0005
3178,1914610578,BORIS THE ROCKET,1,0.0005
3179,1783499523,Boundland (Xbox One),1,0.0005
3180,1838564294,Boxing Gym Story,1,0.0005
3181,1715428789,Boxville 2 Demo,1,0.0005
3182,1661462436,Boxville Demo,1,0.0005
3183,2021444410,BPM: Bullets Per Minute,1,0.0005
3184,1112934423,Brave: The Video Game,1,0.0005
3185,178624005,Breach & Clear: Deadline,1,0.0005
3186,1906254371,Breakers Collection (Demo),1,0.0005
3187,1751295845,BREAKING BRICKS (XBOX SERIES),1,0.0005
3188,854374790,Brick Breaker,1,0.0005
3189,1802035090,Bricks Breaker Puzzle,1,0.0005
3190,465277350,Bridge Constructor,1,0.0005
3191,58039508,Bridge Constructor Portal,1,0.0005
3192,918727784,Bridge Constructor Stunts,1,0.0005
3193,2079844264,Bright Side: Quiz,1,0.0005
3194,1895935708,Broken Roads,1,0.0005
3195,364252200,Broken Sword 5 - the Serpent’s Curse,1,0.0005
3196,1810243569,Brothers: A Tale of Two Sons Remake,1,0.0005
3197,720192428,Bud Spencer & Terence Hill - Slaps And Beans,1,0.0005
3198,1730283762,Bud Spencer & Terence Hill - Slaps and Beans 2,1,0.0005
3199,1828672240,Buddy Garden (Xbox One),1,0.0005
3200,1414793266,Bully,1,0.0005
3201,1648491052,Bulwark Evolution: Falconeer Chronicles,1,0.0005
3202,1801586594,Bumblebee - Search for Happiness,1,0.0005
3203,1633674805,Butterfly (for Windows 10),1,0.0005
3204,1762067709,Butterfly 2 (for Windows 10),1,0.0005
3205,2022947683,BVOVB - Bruising Vengeance of the Vintage Boxer,1,0.0005
3206,1734099181,Caesars Slots,1,0.0005
3207,2083615890,Cafe Owner Simulator,1,0.0005
3208,1944957710,Call of Duty®: Modern Warfare® 2 (2009),1,0.0005
3209,1431505012,Call of Juarez Cartel,1,0.0005
3210,2035169483,Call of Sentinels,1,0.0005
3211,2113057830,Candivity,1,0.0005
3212,52417526,Candleman,1,0.0005
3213,1773632861,Canine,1,0.0005
3214,2133956464,Cannibal Abduction,1,0.0005
3215,2052867986,Cards We're Dealt,1,0.0005
3216,2116095486,Care Bears: To The Rescue,1,0.0005
3217,1696049385,Carnivores: Dinosaur Hunt,1,0.0005
3218,1869939070,Carrier Deck,1,0.0005
3219,1414596609,Cars MN,1,0.0005
3220,2140021544,CASE: Animatronics,1,0.0005
3221,1725514902,Castle Renovator,1,0.0005
3222,1897474813,Castle Walker (Windows 10),1,0.0005
3223,1480659610,CastleStorm,1,0.0005
3224,1739606934,Castlevania Advance Collection,1,0.0005
3225,1676808749,Cat in Rain (Xbox Series),1,0.0005
3226,2111860697,Cat Pipes,1,0.0005
3227,1987803377,Cat Quest II,1,0.0005
3228,1714744209,Catacomb Master,1,0.0005
3229,1702161241,Catapult Quest,1,0.0005
3230,1692828729,Cats and Seek : Osaka,1,0.0005
3231,1802087394,Cats With Guns (Windows),1,0.0005
3232,1480656972,Centipede & Millipede,1,0.0005
3233,1715577372,Chained Echoes,1,0.0005
3234,1631654404,Chants of Sennaar (Windows),1,0.0005
3235,1976364432,Chasm: The Rift,1,0.0005
3236,1630714833,Chess Brain: Dark Troops,1,0.0005
3237,2005154977,Children of Morta,1,0.0005
3238,310307954,Chivalry: Medieval Warfare,1,0.0005
3239,1993552093,Choice of Life: Middle Ages,1,0.0005
3240,2144360818,Chornobyl Liquidators,1,0.0005
3241,1787753235,Chorus DEMO,1,0.0005
3242,1717544750,Christmas Coloring Book for Kids,1,0.0005
3243,357771563,ChromaGun,1,0.0005
3244,2122125189,Chronicles of the Wolf,1,0.0005
3245,1717280173,CHRONO CROSS: THE RADICAL DREAMERS EDITION,1,0.0005
3246,1944985876,Cinders,1,0.0005
3247,1777046800,Cipher Monk,1,0.0005
3248,2031143591,Cipher Monk (Windows),1,0.0005
3249,2143923367,Cipher Monk (Xbox One),1,0.0005
3250,1627160129,Circuit Superstars,1,0.0005
3251,2057723777,Classified: France '44,1,0.0005
3252,1780184182,Clea 2,1,0.0005
3253,2028230323,Clea 2 Demo,1,0.0005
3254,2041989451,Clockwork Revolution,1,0.0005
3255,1480656871,Cloning Clyde,1,0.0005
3256,2106826312,Close to the Sun,1,0.0005
3257,1959439919,Cloud Gardens,1,0.0005
3258,1980358797,Cloudpunk,1,0.0005
3259,1963790042,Club Vegas Slots - Casino Games,1,0.0005
3260,2035194488,Clunky Hero,1,0.0005
3261,188783392,Cobalt,1,0.0005
3262,2019436031,Coffee Plis XS Edition,1,0.0005
3263,1941723837,Coffee Talk Episode 2: Hibiscus and Butterfly,1,0.0005
3264,1964815108,Coffee Talk Tokyo Demo,1,0.0005
3265,1783710489,"Coffee, Plis",1,0.0005
3266,1724133517,Collie Call,1,0.0005
3267,1641287197,Collie Call (Xbox One),1,0.0005
3268,1709128124,Collie Call: Farm of Tomorrow,1,0.0005
3269,2134049853,Collie Call: Farm of Tomorrow (Windows),1,0.0005
3270,1737711768,Collie Call: Farm of Tomorrow (Xbox One),1,0.0005
3271,1922833847,Color Pals,1,0.0005
3272,226280978,Color Symphony 2,1,0.0005
3273,1950416460,Colorful Boi,1,0.0005
3274,2040404955,Colorful Colore,1,0.0005
3275,1713543499,Colossus Down,1,0.0005
3276,1480657440,Comic Jumper,1,0.0005
3277,1480657313,Comix Zone,1,0.0005
3278,1959694083,ComputerHead: Leapbound (Xbox One),1,0.0005
3279,1619365016,ComputerHead: Recoil (Windows),1,0.0005
3280,1414596570,Conan,1,0.0005
3281,1923495076,Concept Destruction,1,0.0005
3282,1692234207,ConnecTank,1,0.0005
3283,2114482717,Conquistadorio,1,0.0005
3284,54541475,Construction Simulator 2 US - Console Edition,1,0.0005
3285,2011564314,Contra: Operation Galuga,1,0.0005
3286,2100141985,Contra: Operation Galuga Demo,1,0.0005
3287,2097032200,"Cook, Serve, Delicious! 2!!",1,0.0005
3288,2118279493,Cookie Cutter,1,0.0005
3289,1794726280,Cooking,1,0.0005
3290,1809115559,Corpse Party,1,0.0005
3291,1781425798,Cozy Designer,1,0.0005
3292,1767974553,Cozy Grove,1,0.0005
3293,2137208120,Crate Fang,1,0.0005
3294,2121565894,Crawlers And Brawlers,1,0.0005
3295,1869086987,Creatura,1,0.0005
3296,1931878195,Cricket 24: The Official Game Of The Ashes,1,0.0005
3297,1874117127,Criminal Case,1,0.0005
3298,2028975220,Criminal Expert,1,0.0005
3299,461173340,Crimson Dragon,1,0.0005
3300,706918470,Crimsonland,1,0.0005
3301,1763402795,Croc's World 2 (Xbox-Edition),1,0.0005
3302,1897666111,Cross Tails,1,0.0005
3303,2041763016,CrossCode,1,0.0005
3304,1991637540,Crossroads Inn,1,0.0005
3305,1812286558,Crown Trick,1,0.0005
3306,1696763703,Crown Wars: The Black Prince,1,0.0005
3307,1735754897,CrushBorgs (Xbox Series),1,0.0005
3308,989689010,Crypt of the Serpent King,1,0.0005
3309,1684821663,Cuisineer,1,0.0005
3310,2014565837,Curse of the Sea Rats,1,0.0005
3311,1620273661,Cute Puppy Academy,1,0.0005
3312,2021467978,Cyanide & Happiness - Freakpocalypse (Episode 1),1,0.0005
3313,1865117547,Cyber Tank (Xbox One version),1,0.0005
3314,1720909720,Cyber Tank (Xbox Series),1,0.0005
3315,1705627827,CYGNI: All Guns Blazing,1,0.0005
3316,1939160486,Dakar Desert Rally,1,0.0005
3317,2026477830,Dandy Ace,1,0.0005
3318,2065869943,Danganronpa V3: Killing Harmony Anniversary Edition,1,0.0005
3319,822567888,Danger Zone,1,0.0005
3320,1841290462,Dark Alliance,1,0.0005
3321,1643246182,Dark Burial: Enhanced Edition,1,0.0005
3322,2011748419,Dark Burial: Enhanced Edition (Windows 10),1,0.0005
3323,1919541930,Dark Grim Mariupolis,1,0.0005
3324,2091768100,Dark Ping Pong 3D,1,0.0005
3325,2076735443,Darkest Dungeon PC,1,0.0005
3326,1934165017,DARKGEMS (Xbox Series),1,0.0005
3327,1661865075,Dawn of the Monsters,1,0.0005
3328,2075137582,Daydream: Forgotten Sorrow,1,0.0005
3329,1724663837,Daymare: 1994 Sandcastle_SGD23,1,0.0005
3330,1842049989,DCL-The Game,1,0.0005
3331,1003504679,Dead Age,1,0.0005
3332,514032111,Dead Alliance™: Multiplayer Edition,1,0.0005
3333,435507461,Dead Effect 2,1,0.0005
3334,1951298086,Dead End Job,1,0.0005
3335,1825135275,Deadly Days,1,0.0005
3336,1229916116,DEADLY PREMONITION,1,0.0005
3337,903716936,Dear Esther: Landmark Edition,1,0.0005
3338,1847180415,Death and Taxes,1,0.0005
3339,1838535275,Death Come True,1,0.0005
3340,2029303740,Death Elevator,1,0.0005
3341,1629199569,Death in the Water,1,0.0005
3342,1949177747,Death Park,1,0.0005
3343,1642907564,DEATH STRANDING,1,0.0005
3344,1708301909,Deathchron,1,0.0005
3345,1928643561,Deathsmiles I・II,1,0.0005
3346,1990927330,Debris Infinity,1,0.0005
3347,1746442190,Defend the Rook,1,0.0005
3348,1679835971,Deliver Us The Moon,1,0.0005
3349,2073798996,Demon's Tier+,1,0.0005
3350,1821772596,DEMON'S TILT,1,0.0005
3351,382896606,Desperados III,1,0.0005
3352,2014312535,Despot's Game,1,0.0005
3353,1628098590,Destroy All Humans! 2 Reprobed,1,0.0005
3354,554958871,Devil May Cry 5 Xbox Exclusive Demo,1,0.0005
3355,1901219549,Diablo® IV - Server Slam,1,0.0005
3356,858411141,Die for Valhalla!,1,0.0005
3357,1995864592,DINOSAURS: Mission Dino Camp,1,0.0005
3358,1799432498,Disc Room,1,0.0005
3359,1697327394,Disjunction,1,0.0005
3360,1743219650,Disney Epic Mickey: Rebrushed,1,0.0005
3361,714214153,Disney Fantasia: Music Evolved,1,0.0005
3362,1096026072,Divinity II - DKS,1,0.0005
3363,1178929110,Divinity II - DKS,1,0.0005
3364,1823452826,Dodgeball Academia,1,0.0005
3365,1764101235,Dodgeball Championship League,1,0.0005
3366,1889137420,Doggy Up!,1,0.0005
3367,1744516403,Dolmen,1,0.0005
3368,1755206522,Don't Be Afraid,1,0.0005
3369,1877331117,Doodle God: Evolution,1,0.0005
3370,1690951976,Doodle God: Evolution Demo,1,0.0005
3371,1480656932,DOOM,1,0.0005
3372,1112737777,DOOM 3 BFG Edition,1,0.0005
3373,2120326849,DOOM Open Beta,1,0.0005
3374,1841794712,Dordogne,1,0.0005
3375,1626267222,Double Dragon 4,1,0.0005
3376,2135476507,Doughlings: Invasion,1,0.0005
3377,1968767199,Dragon's Blade II FX,1,0.0005
3378,2084687312,Dragon's Lair Trilogy,1,0.0005
3379,1701653588,Dragon Age™: The Veilguard Character Creator,1,0.0005
3380,1983421352,DRAGON BALL THE BREAKERS Beta,1,0.0005
3381,2014953501,Dragon Bobby,1,0.0005
3382,215313834,Draw a Stickman: EPIC,1,0.0005
3383,2079836196,DreadHaunt,1,0.0005
3384,168101896,Dreamfall Chapters,1,0.0005
3385,1776664428,Dreamland Solitaire: Dragon's Fury,1,0.0005
3386,1781025496,Dreamless,1,0.0005
3387,1907892230,Dreamwalker: Never Fall Asleep (Xbox One Version),1,0.0005
3388,1622387282,DreamWorks Dragons: Legends of The Nine Realms,1,0.0005
3389,2104125318,DreamWorks Trolls Remix Rescue,1,0.0005
3390,2026145066,Drink 'Em,1,0.0005
3391,1983354229,Drunken Fist 2: Zombie Hangover,1,0.0005
3392,776943591,DUCATI - 90th Anniversary,1,0.0005
3393,1811960656,Duck Detective: The Ghost of Glamping,1,0.0005
3394,2106108993,Duck Souls+,1,0.0005
3395,1844836316,Dune: Imperium,1,0.0005
3396,429018095,Dungeon of the Endless,1,0.0005
3397,1911906130,Dungeon Village 2,1,0.0005
3398,1962853207,Dungeons of Paint,1,0.0005
3399,1663221903,Dynacat (Demo),1,0.0005
3400,117434960,Dynamite Fishing - World Games,1,0.0005
3401,1480657010,E4,1,0.0005
3402,419391420,EA SPORTS™ NBA LIVE 15,1,0.0005
3403,2067761315,EA SPORTS™ NBA LIVE 16,1,0.0005
3404,134413498,EA SPORTS™ NHL® 18,1,0.0005
3405,109913787,EARTHLOCK,1,0.0005
3406,1260456400,Earthlock: Festival of Magic,1,0.0005
3407,2067906581,Eden Genesis Demo,1,0.0005
3408,1852593656,Egg Head,1,0.0005
3409,1856524616,Egg Head to the rescue,1,0.0005
3410,1963912042,Eiyuden Chronicle: Rising,1,0.0005
3411,1931870677,Elon and the Divine Proof,1,0.0005
3412,1944979900,EMPTY SHELL,1,0.0005
3413,1704101432,Empyreal,1,0.0005
3414,2033761546,Endling - Extinction is Forever Demo,1,0.0005
3415,1930656280,Enotria: The Last Song,1,0.0005
3416,2049241881,Entropy Survivors,1,0.0005
3417,2125095346,Epic World Demo,1,0.0005
3418,2090245519,Eriksholm: The Stolen Dream,1,0.0005
3419,2102487155,Escape Game Fort Boyard,1,0.0005
3420,1972593972,Escape Sequence (Xbox One),1,0.0005
3421,1648906760,Everdream Valley,1,0.0005
3422,2134693780,EVERSPACE™ 2,1,0.0005
3423,524284397,Extinction,1,0.0005
3424,1888694361,Extreme Formula Championship (Demo),1,0.0005
3425,1949165391,Eyes: The Horror Game,1,0.0005
3426,2011233781,F1® 2019 PC,1,0.0005
3427,2034535389,F1® Manager 2023,1,0.0005
3428,1129121874,F1™ 2014,1,0.0005
3429,1480657798,Fable Heroes,1,0.0005
3430,1631666106,Faces of Illusion: The Twin Phantoms (Xbox Version),1,0.0005
3431,1866455351,Fallout 3: Game of the Year Edition,1,0.0005
3432,569128992,Fallout 76 B.E.T.A.,1,0.0005
3433,1651975869,FANTASIAN Neo Dimension,1,0.0005
3434,2058013886,Fantasy Blacksmith,1,0.0005
3435,1911829644,Farewell North,1,0.0005
3436,2045720355,Farlands Journey,1,0.0005
3437,1861337590,Farmer's Life,1,0.0005
3438,1734069370,Farming Simulator 17 - Windows 10,1,0.0005
3439,1912037728,Fashion Police Squad,1,0.0005
3440,1709057471,FATAL FRAME: Mask of the Lunar Eclipse,1,0.0005
3441,1912365934,Felix The Reaper PC,1,0.0005
3442,686647649,Feral Fury,1,0.0005
3443,1479130986,FIFA 15 Downloadable Demo,1,0.0005
3444,2041914388,Fight'N Rage,1,0.0005
3445,1886228033,Fight the Horror,1,0.0005
3446,1480659613,Fighting Vipers,1,0.0005
3447,719720294,Figment: Journey Into the Mind,1,0.0005
3448,1079518187,FINAL FANTASY TYPE-0 HD,1,0.0005
3449,2023314060,FINAL FANTASY XII THE ZODIAC AGE,1,0.0005
3450,1889880451,FINAL FANTASY XIII,1,0.0005
3451,2127834966,FINAL FANTASY XIII-2,1,0.0005
3452,2092610424,Final Shot,1,0.0005
3453,1956402951,Final Vendetta,1,0.0005
3454,2082350956,Fishing Sim World: Bass Pro Shops Edition,1,0.0005
3455,2022302627,Fit and Fry,1,0.0005
3456,1935356319,Fit and Fry (Xbox One),1,0.0005
3457,1685119785,Fit And Fry: Organized Chef (Xbox One),1,0.0005
3458,1691539579,Flappy Fly,1,0.0005
3459,1480659966,Flashback,1,0.0005
3460,774459605,Flashback,1,0.0005
3461,1747042673,Flat Heroes Demo,1,0.0005
3462,2094243825,Flaws in the People We Love,1,0.0005
3463,1342586931,Flockers,1,0.0005
3464,2109036777,Floor Kids,1,0.0005
3465,2098505152,Floppy Knights,1,0.0005
3466,2084886611,Flowers - Color by Numbers,1,0.0005
3467,1711202314,Flying Fish,1,0.0005
3468,386153688,FLYING TIGERS: SHADOWS OVER CHINA,1,0.0005
3469,1631937859,Food Boy,1,0.0005
3470,1636389490,Football Mini Stars,1,0.0005
3471,1698823019,Force of Warships: Naval Battles,1,0.0005
3472,1716454905,Forge of Empires,1,0.0005
3473,2056182958,Forklift Extreme: Deluxe Edition,1,0.0005
3474,1830452855,Forklift Simulator,1,0.0005
3475,226561674,Fortified,1,0.0005
3476,1766398216,Forza Motorsport 7 Demo,1,0.0005
3477,1980291965,FPV Simulator,1,0.0005
3478,1765633807,Free the Animation,1,0.0005
3479,2087926896,Freedom Finger,1,0.0005
3480,2019110997,Freedom Planet 2,1,0.0005
3481,1926405394,Friday the 13th: Killer Puzzle,1,0.0005
3482,1945489665,Frog Detective: The Entire Mystery,1,0.0005
3483,1480656915,Frogger,1,0.0005
3484,1480657553,From Dust™,1,0.0005
3485,1816166604,FRONT MISSION 1st: Remake,1,0.0005
3486,1878229730,Frostpunk 2,1,0.0005
3487,2122656550,Frozen Axe,1,0.0005
3488,1881743193,Fruit Adventure Returns,1,0.0005
3489,2090461480,Fuga: Melodies of Steel,1,0.0005
3490,1627281209,FUSER™,1,0.0005
3491,1880707155,G.I. Joe: Operation Blackout,1,0.0005
3492,1887193859,Gal Guardians: Servants of the Dark,1,0.0005
3493,1480657657,Galaga Legions DX,1,0.0005
3494,2070041345,Garden City,1,0.0005
3495,1898042382,Gargoyles Remastered,1,0.0005
3496,2077809328,Garten of Banban 4,1,0.0005
3497,2005313515,Garten of Banban 7,1,0.0005
3498,798673829,Gas Guzzlers Extreme,1,0.0005
3499,2134096675,Gatewalkers,1,0.0005
3500,711335666,Gene Rain Wind Tower,1,0.0005
3501,756192965,Get Even,1,0.0005
3502,1855360714,Ghostrunner 2 Demo,1,0.0005
3503,1960379668,Ghostrunner Demo,1,0.0005
3504,1798390769,Ghoulboy,1,0.0005
3505,1614017709,Gigantosaurus: Dino Kart,1,0.0005
3506,1845982020,Gigapocalypse,1,0.0005
3507,1480657167,Gin Rummy,1,0.0005
3508,1730751108,Giraffe Town,1,0.0005
3509,1941242183,Glass Masquerade 2,1,0.0005
3510,1862382947,Gleaner Heights,1,0.0005
3511,1657835461,Gods Will Fall,1,0.0005
3512,1772606443,Godsvivors (Windows),1,0.0005
3513,1788626737,Golazo!,1,0.0005
3514,1649219414,Golazo! 2,1,0.0005
3515,886842480,Goosebumps: The Game,1,0.0005
3516,2079183119,Gord,1,0.0005
3517,1802254427,Gori: Cuddly Carnage Demo,1,0.0005
3518,1992263470,Gothic 1 Remake,1,0.0005
3519,2021851205,Grand Theft Auto VI.,1,0.0005
3520,1984734869,Grapple Dog,1,0.0005
3521,1634652601,Gray Dawn,1,0.0005
3522,2083459521,Greak: Memories of Azur,1,0.0005
3523,1670699153,Greed 2: Forbidden Experiments,1,0.0005
3524,2021421406,Green Soldiers Heroes,1,0.0005
3525,1863069160,Grindstone,1,0.0005
3526,1821397642,GRIS,1,0.0005
3527,1744600653,Grow: Song of the Evertree,1,0.0005
3528,382500216,Growtopia,1,0.0005
3529,1480657707,GUARDIAN HEROES (TM),1,0.0005
3530,1896946960,Guardian of the Water Altar,1,0.0005
3531,1845419881,Guazu: The Rescue,1,0.0005
3532,1680625806,GUNBIRD,1,0.0005
3533,1936375380,Gungrave G.O.R.E,1,0.0005
3534,2003107771,Gunma's Ambition -You and me are Gunma- Reiwa 2nd national census edition,1,0.0005
3535,1825036772,Gunvolt Chronicles: Luminous Avenger iX,1,0.0005
3536,2028000233,Guts 'n Grunts,1,0.0005
3537,606152324,GWENT: The Witcher Card Game,1,0.0005
3538,1685452800,Hairdresser Simulator,1,0.0005
3539,2014654365,Halloween - Color by Numbers,1,0.0005
3540,2096818168,Halo Infinite - Insider,1,0.0005
3541,1297292157,Halo: Spartan Assault,1,0.0005
3542,2012036466,Hammerwatch II,1,0.0005
3543,1952949687,Happi Basudei (for Windows 10),1,0.0005
3544,1480656851,Hardwood Hearts,1,0.0005
3545,1669177732,Harold Halibut,1,0.0005
3546,1780268897,Harvest Moon: Light of Hope SE Complete,1,0.0005
3547,1683854838,Harvest Moon: The Winds of Anthos,1,0.0005
3548,229669525,Heart&Slash,1,0.0005
3549,1782845794,Hearts of Iron IV,1,0.0005
3550,1766317194,Helix Jump,1,0.0005
3551,2068868707,Hell Warders,1,0.0005
3552,1785862913,Hellblade: Senua's Sacrifice,1,0.0005
3553,1713009181,Hero Survival,1,0.0005
3554,2003316298,Hexa River,1,0.0005
3555,1838798461,Hexologic,1,0.0005
3556,1702609951,Hidden Cats in Paris,1,0.0005
3557,2129389078,High Sea Saga DX,1,0.0005
3558,1835568548,Himno,1,0.0005
3559,1397819420,Hitman HD Pack,1,0.0005
3560,446981050,Hitman: Absolution HD,1,0.0005
3561,331529974,Hitman: Blood Money HD,1,0.0005
3562,2018171320,Home Design Makeover,1,0.0005
3563,1666334166,HoneyLand,1,0.0005
3564,498017453,HoPiKo,1,0.0005
3565,1865476865,Horse Club Adventures,1,0.0005
3566,1665613490,Horse Club Adventures 2: Hazelwood Stories,1,0.0005
3567,346098390,Hotel Transylvania 3: Monsters Overboard,1,0.0005
3568,1646312420,House Builder,1,0.0005
3569,1863103292,House of Golf 2,1,0.0005
3570,1638973441,Human: Fall Flat Legacy,1,0.0005
3571,1829828400,HUMANKIND™,1,0.0005
3572,147852436,Hunter's Legacy,1,0.0005
3573,1498810322,Hunter: The Reckoning,1,0.0005
3574,1297290211,Hydro Thunder Hurricane,1,0.0005
3575,1038862451,HYPER SCAPE,1,0.0005
3576,1784847115,Hypnospace Outlaw,1,0.0005
3577,236834307,"I, Zombie",1,0.0005
3578,1856807409,IceLine,1,0.0005
3579,2052247651,Idle Mars Colony: Farm Tycoon,1,0.0005
3580,2129836595,IIN,1,0.0005
3581,1480657435,ilomilo ,1,0.0005
3582,1970667393,Immortal Realms: Vampire Wars,1,0.0005
3583,1864507489,ImmortalLegacy:TheJadeCipherConsoleEdition,1,0.0005
3584,1866860885,Imposter Sort Puzzle,1,0.0005
3585,2073364771,In The Abyss,1,0.0005
3586,1639666819,INAZUMA ELEVEN: Victory Road,1,0.0005
3587,1773043121,inbento,1,0.0005
3588,1679388877,Infernitos: Fiery Dishes (Xbox One),1,0.0005
3589,1890032211,Infestor,1,0.0005
3590,1692808041,Infinite Survival (Land / Sea / Space),1,0.0005
3591,649884307,InkSplosion,1,0.0005
3592,2006015347,International Checkers - Draughts For PC & XBOX,1,0.0005
3593,1742985601,Into the Restless Ruins,1,0.0005
3594,2120617189,Invincible VS,1,0.0005
3595,1703750979,Island Trouble,1,0.0005
3596,1807793173,Island Trouble Series X|S,1,0.0005
3597,1757844217,Islanders,1,0.0005
3598,1878933278,Jack 'n' Hat,1,0.0005
3599,1750788653,Jagged Alliance 3,1,0.0005
3600,1923804355,Jet Kave Adventure,1,0.0005
3601,1712474538,Jewel Match Twilight Solitaire,1,0.0005
3602,1938551589,Jewels of Egypt: Match 3 Puzzle Game,1,0.0005
3603,2014648095,Jigsaw Paws: Kitten Edition for PC & XBOX,1,0.0005
3604,1805677746,Jigsaw Wild: Animal Edition,1,0.0005
3605,1480659446,Joe Danger 2: The Movie,1,0.0005
3606,786868977,Jotun: Valhalla Edition,1,0.0005
3607,1982477375,Jumanji: Wild Adventures,1,0.0005
3608,1752507315,Jurassic Park: Survival,1,0.0005
3609,1396901845,Just Cause,1,0.0005
3610,1117499725,JUST DANCE® 2015,1,0.0005
3611,1855729960,Just Dance® 2021,1,0.0005
3612,2121049988,Just Dance® 2021 (Xbox Series X|S),1,0.0005
3613,1003423280,Just Dance® Disney Party 2,1,0.0005
3614,1783708757,Kaichu: The Kaiju Dating Sim,1,0.0005
3615,1674561712,KALIMBA,1,0.0005
3616,1871788890,Kao the Kangaroo,1,0.0005
3617,1995913309,Katamari Damacy REROLL,1,0.0005
3618,1751090642,Kaze and the Wild Masks,1,0.0005
3619,1870230779,Keylocker,1,0.0005
3620,1816678719,KeyWe,1,0.0005
3621,1974645006,Killer Frequency,1,0.0005
3622,1874892322,Kinda Heroes RPG: Rescue the Princess!,1,0.0005
3623,1668528786,Kinduo 2 - Frostbite,1,0.0005
3624,1098760098,Kinect Sports Rivals Demo,1,0.0005
3625,330034505,Kinect Sports Rivals Hub,1,0.0005
3626,690974671,King's Heir: Rise to the Throne (Xbox One Version),1,0.0005
3627,2072806887,King Arthur: Knight's Tale,1,0.0005
3628,298717939,King Oddball,1,0.0005
3629,1815601187,Kingdom Eighties,1,0.0005
3630,1794442596,KINGDOM HEARTS Melody of Memory DEMO Version (International),1,0.0005
3631,1674297685,Kingdom Rush Frontiers,1,0.0005
3632,1700273919,KinnikuNeko: SUPER MUSCLE CAT,1,0.0005
3633,1716222897,Kitty's Adventure for XBox One,1,0.0005
3634,973293235,Kitty Powers' Matchmaker,1,0.0005
3635,1989445813,Knight Squad 2,1,0.0005
3636,2008175655,Knights of Pen and Paper +1 Deluxier Edition,1,0.0005
3637,1954010860,Knock on the Coffin Lid,1,0.0005
3638,2012303112,Kodu_Game_Lab,1,0.0005
3639,1625296037,Krut: The Mythic Wings,1,0.0005
3640,1900505119,Kung Fu Panda Showdown of Legendary Legends,1,0.0005
3641,1835972815,KungFu Kickball Demo,1,0.0005
3642,1615382054,L.O.L. Surprise! B.B.s BORN TO TRAVEL™,1,0.0005
3643,1933617285,Labyrinth Of The Demon King,1,0.0005
3644,1642491282,Lamentum,1,0.0005
3645,1480657497,Lara Croft: GoL,1,0.0005
3646,930893366,Late Shift,1,0.0005
3647,1743756133,LAVA JUMP 2D,1,0.0005
3648,2107556397,Layers of Fear 2,1,0.0005
3649,2005013689,LEGO® Bricktales,1,0.0005
3650,2121317693,LEGO® Builder's Journey,1,0.0005
3651,1848238632,Leisure Suit Larry - Wet Dreams Don't Dry,1,0.0005
3652,1759373796,Leisure Suit Larry - Wet Dreams Dry Twice,1,0.0005
3653,1615197965,Let's Build a Zoo,1,0.0005
3654,1992528067,Let's Cook Together,1,0.0005
3655,1848425529,Let's Sing 2025,1,0.0005
3656,257790124,Lethal League,1,0.0005
3657,1716669263,Levelhead,1,0.0005
3658,2082943224,Lichtspeer: Double Speer Edition,1,0.0005
3659,2096549844,Liftoff: Drone Racing,1,0.0005
3660,1712757078,Light Fairytale Episode 1,1,0.0005
3661,1782717140,Light Fairytale Episode 2,1,0.0005
3662,2049994218,LISA: The Joyful - Definitive Edition,1,0.0005
3663,1780556395,LISA: The Painful - Definitive Edition,1,0.0005
3664,1685569245,Listeria Wars,1,0.0005
3665,1945490956,Little Mouse's Encyclopedia,1,0.0005
3666,1699337652,Little Nightmares II DEMO,1,0.0005
3667,779348826,Livelock,1,0.0005
3668,532957328,Lock's Quest,1,0.0005
3669,1998295089,Lord of the Click 5,1,0.0005
3670,1813695902,Lord of the Click 5 (Xbox One),1,0.0005
3671,2066718815,Lords of Exile,1,0.0005
3672,1798206513,Lost Eidolons,1,0.0005
3673,1650518258,Lost in Random: The Eternal Die Demo,1,0.0005
3674,1941485304,Lost Lands 1: Dark Overlord,1,0.0005
3675,1940777796,Lost Lands 3: The Golden Curse,1,0.0005
3676,735446928,LOST ORBIT: Terminal Velocity,1,0.0005
3677,1693943612,Lost Snowmen,1,0.0005
3678,1996884292,Lost Snowmen (Windows),1,0.0005
3679,1919266957,Love is all around (Demo),1,0.0005
3680,2125308381,Lumberjack's Dynasty,1,0.0005
3681,2133754272,Lumberjack Simulator,1,0.0005
3682,1843517603,Lushfoil Photography Sim,1,0.0005
3683,1480656909,Luxor 2,1,0.0005
3684,1631559726,Mad Ball Racer,1,0.0005
3685,1727624929,Mage and Monsters,1,0.0005
3686,1480659475,Magic 2013,1,0.0005
3687,1851150269,Magic of Runes: Hidden Object Games,1,0.0005
3688,1480656992,Magic: The Gathering,1,0.0005
3689,1978173427,Magical Drop VI,1,0.0005
3690,1678552815,Mahjong Adventure DX,1,0.0005
3691,1977505997,Maid of Sker,1,0.0005
3692,2076336302,Make it Rain: The Love of Money,1,0.0005
3693,798834281,Manual Samuel Last Tuesday Edition,1,0.0005
3694,1921177861,Marathon,1,0.0005
3695,2109651079,March of Empires: War of Lords,1,0.0005
3696,1654028464,Mars Survivor,1,0.0005
3697,2061258786,Marshmallow Marvin,1,0.0005
3698,1727798084,Marshmallow Marvin: Grimvault,1,0.0005
3699,1826543088,Marshmallow Marvin: Grimvault (Xbox One),1,0.0005
3700,2117648871,Martha Is Dead,1,0.0005
3701,2116714436,Marvel's Avengers BETA,1,0.0005
3702,1717132136,Mary's Mahjong: Renovate the town and Match tiles,1,0.0005
3703,1955271286,Master of BOOM,1,0.0005
3704,2067424673,MasterChef: Learn to Cook!,1,0.0005
3705,1746829401,Match Village,1,0.0005
3706,2130574527,Matchpoint - Tennis Championships,1,0.0005
3707,1634530395,MathLand,1,0.0005
3708,1635154692,Maximum Football 2019,1,0.0005
3709,2005529169,Mayhem Heroes,1,0.0005
3710,1684797055,McPixel 3,1,0.0005
3711,1861781965,Mech Armada,1,0.0005
3712,699525164,Mega Man 11 Demo Version,1,0.0005
3713,2114703539,Memories of Mars,1,0.0005
3714,1625774388,Meow Moments: Celebrating Renewal & Romance,1,0.0005
3715,1724248771,METAGAL,1,0.0005
3716,1979916310,METAL GEAR & METAL GEAR 2: Solid Snake,1,0.0005
3717,639411963,Metropolis: Lux Obscura,1,0.0005
3718,1939654144,Mia and the Dragon Princess,1,0.0005
3719,1983992803,Miasma Chronicles,1,0.0005
3720,1297290226,Microsoft Minesweeper,1,0.0005
3721,1747564672,Microsoft Treasure Hunt,1,0.0005
3722,2099446354,Midnight Fight Express,1,0.0005
3723,2039666903,Mika and The Witch's Mountain,1,0.0005
3724,1962940345,Millionaire Trivia,1,0.0005
3725,1624492880,Minesweeper Classic Challenge,1,0.0005
3726,1685398815,Minoria,1,0.0005
3727,1812825461,Minos Dungeon,1,0.0005
3728,1886336151,Minos Dungeon (Xbox One),1,0.0005
3729,2004795446,Miraculous - Paris Under Siege,1,0.0005
3730,1804464387,Missile Command: Recharged,1,0.0005
3731,284143677,Momodora: Reverie Under the Moonlight,1,0.0005
3732,1480657301,Monkey Island: SE,1,0.0005
3733,2136035101,Monopoly Madness,1,0.0005
3734,2079275443,MONOPOLY® MADNESS DEMO,1,0.0005
3735,458470194,Monster Boy and the Cursed Kingdom,1,0.0005
3736,1908333103,Monster Hunter Wilds Beta test,1,0.0005
3737,591995659,Monster Hunter World: Iceborne Beta,1,0.0005
3738,703886774,Monster Jam: Crush It!,1,0.0005
3739,2128710093,Monster Sanctuary (Windows Version),1,0.0005
3740,1806886066,Monument Valley,1,0.0005
3741,1960491525,Morbid: The Lords of Ire,1,0.0005
3742,199170438,MOTHERGUNSHIP,1,0.0005
3743,819262220,MotoGP™17,1,0.0005
3744,634240708,MotoGP™19,1,0.0005
3745,1766907656,MotoGP™21 - Xbox Series X|S,1,0.0005
3746,1674141109,Moves (Windows),1,0.0005
3747,2059695506,Moving Houses,1,0.0005
3748,1718758540,Moving Out Demo,1,0.0005
3749,1908222793,Mr Trials,1,0.0005
3750,1885048343,Mr. Bomber,1,0.0005
3751,1856726040,Mr. Massagy: Mayo Edition,1,0.0005
3752,1638883999,Mr.Slime in Dungeon (Windows),1,0.0005
3753,1957331976,Mr.Slime in Dungeon (Xbox Series X|S),1,0.0005
3754,1480657689,Ms. Splosion Man™,1,0.0005
3755,1640711877,MUDANG: Two Hearts,1,0.0005
3756,448463130,Mugsters,1,0.0005
3757,1663499633,Mushroom Quest,1,0.0005
3758,1678390358,Mushroom Savior,1,0.0005
3759,1894839841,Mustache In Hell,1,0.0005
3760,1819478229,My Bakery Empire,1,0.0005
3761,1747605739,My Child Lebensborn Remastered,1,0.0005
3762,1995701809,My Cozy Room,1,0.0005
3763,1804357116,My Fantastic Ranch: Unicorn & Dragons,1,0.0005
3764,1655054632,My Friendly Neighborhood,1,0.0005
3765,1781008619,MY LITTLE PONY: A Maretime Bay Adventure,1,0.0005
3766,2130751187,Mystery Detective Adventure,1,0.0005
3767,1676327454,Mystery Hotel: Hidden Objects,1,0.0005
3768,1653598311,Mystic Pathways (Windows),1,0.0005
3769,1709039725,Mystic Pathways (Xbox One),1,0.0005
3770,1787805157,Mystic Pathways: Crystal Quest,1,0.0005
3771,1990203795,Mystic Pathways: Crystal Quest (Windows),1,0.0005
3772,1722589574,Mystic Thief - Elemental Conquest (Windows),1,0.0005
3773,1629697304,NanoApostle,1,0.0005
3774,1693654641,Narcissus,1,0.0005
3775,498956148,NASCAR Heat 2,1,0.0005
3776,368028447,NBA LIVE 18 DEMO,1,0.0005
3777,2016822482,Neckbreak,1,0.0005
3778,1646491435,Neko Rescue Tale,1,0.0005
3779,617479290,Neon Chrome,1,0.0005
3780,1910679107,Neon Noodles,1,0.0005
3781,1823720127,Neon Souls,1,0.0005
3782,1703518315,Neoverse,1,0.0005
3783,1796129951,New World: Aeternum Open Beta,1,0.0005
3784,1637601167,Nexoria: Dungeon Rogue Heroes,1,0.0005
3785,1651367915,Nico Saves The State,1,0.0005
3786,1397819368,NIER,1,0.0005
3787,2070801878,NieR:Automata BECOME AS GODS Edition,1,0.0005
3788,2104142109,Night Slashers: Remake,1,0.0005
3789,2000514300,Nightmare Reaper,1,0.0005
3790,1480659560,NiGHTS into dreams...,1,0.0005
3791,1647467336,Nikoderiko: The Magical World - Director's Cut,1,0.0005
3792,1733283310,Ninja Warrior Epic Quest,1,0.0005
3793,1746727265,Ninja Wars,1,0.0005
3794,2043833523,Nippon Marathon,1,0.0005
3795,1814825729,No More Heroes 3,1,0.0005
3796,1991040607,No Place Like Home,1,0.0005
3797,1980658153,NO THING,1,0.0005
3798,1910835207,No Time to Relax,1,0.0005
3799,1915865634,Nowhere Prophet,1,0.0005
3800,2081999852,Observer: System Redux,1,0.0005
3801,2024512616,Obsurity,1,0.0005
3802,940721262,Oceanhorn - Monster of Uncharted Seas (Demo),1,0.0005
3803,1750039382,Oceanhorn 2 - Knights of the Lost Realm,1,0.0005
3804,2034276683,Oddsparks: An Automation Adventure,1,0.0005
3805,1849931750,Offroad Mechanic Simulator,1,0.0005
3806,2137228830,Oirbo,1,0.0005
3807,933693396,ŌKAMI HD,1,0.0005
3808,1382263737,OlliOlli,1,0.0005
3809,1729593698,Omno,1,0.0005
3810,1681858755,OMORI,1,0.0005
3811,1808857974,On A Roll 3D,1,0.0005
3812,1989157631,Once Human,1,0.0005
3813,2102979513,One Step After Fall,1,0.0005
3814,1878673024,One Step After Fall (Xbox Series X|S),1,0.0005
3815,1774669257,Oneiros,1,0.0005
3816,1964152695,OneShot: World Machine Edition,1,0.0005
3817,926156714,Onimusha: Warlords,1,0.0005
3818,118591686,ONRUSH™,1,0.0005
3819,2057527949,Operencia: The Stolen Sun,1,0.0005
3820,1480659435,Orcs Must Die!,1,0.0005
3821,1759814886,Outbreak: Shades of Horror Chromatic Split,1,0.0005
3822,1772875348,Outbreak: The Nightmare Chronicles Definitive Edition,1,0.0005
3823,1842520099,Outlaw 8s,1,0.0005
3824,2096627692,Overdrive Blaster,1,0.0005
3825,1707434871,Overdrive Blaster (Windows),1,0.0005
3826,1129121749,Overlord,1,0.0005
3827,1958257709,Overpass 2,1,0.0005
3828,1161365458,P4A,1,0.0005
3829,175738476,PAC-MAN™ CHAMPIONSHIP EDITION 2 DEMO,1,0.0005
3830,1397033068,Panzer Dragoon Orta,1,0.0005
3831,2115269293,Panzer Dragoon: Remake,1,0.0005
3832,1825388207,Paper Dash - Las Vegas,1,0.0005
3833,2041098926,Paper Glider,1,0.0005
3834,2030700835,Paper Trail,1,0.0005
3835,1713821027,Park Beyond,1,0.0005
3836,2000145726,Party Arcade,1,0.0005
3837,843014522,Pathfinder: Kingmaker - Definitive Edition,1,0.0005
3838,1798400755,Pathologic 2,1,0.0005
3839,1912801032,PAW Patrol The Movie: Adventure City Calls,1,0.0005
3840,1760424877,Penguin Dash!,1,0.0005
3841,302632690,Perception,1,0.0005
3842,1867683926,Persona 5 Tactica,1,0.0005
3843,1480657317,Phantasy Star II,1,0.0005
3844,1836794259,Phantom Breaker: Battle Grounds Ultimate,1,0.0005
3845,2051615807,Phantom Breaker: Battle Grounds Ultimate Demo,1,0.0005
3846,1032585022,Phantom Doctrine,1,0.0005
3847,1706040396,Phantom Fury,1,0.0005
3848,577843491,Phar Lap - Horse Racing Challenge,1,0.0005
3849,2080732462,Pickle-Pocalypse,1,0.0005
3850,2114369983,Pickleball Smash,1,0.0005
3851,1760385479,Pile Up! Box by Box,1,0.0005
3852,1746852899,Pill Mania HD (Xbox-Edition),1,0.0005
3853,1644028139,Pillars of Eternity 2: Deadfire - Ultimate Edition (PC),1,0.0005
3854,1914519751,Pillars of Eternity: Hero Edition,1,0.0005
3855,2005343544,Pinball Deluxe Reloaded 3D,1,0.0005
3856,1818736509,Pinball FX2 Windows 10 Edition,1,0.0005
3857,1690147077,Pirate Trails (Xbox One),1,0.0005
3858,1663428955,Pirates Outlaws,1,0.0005
3859,1710968984,Planescape: Torment and Icewind Dale: Enhanced Editions,1,0.0005
3860,340271216,Planet Alpha,1,0.0005
3861,341793932,Plants vs. Zombies™ Garden Warfare 2 - Multiplayer Beta,1,0.0005
3862,2036993892,Plastomorphosis,1,0.0005
3863,172342998,PLAYERUNKNOWN’S BATTLEGROUNDS – Public Test Server,1,0.0005
3864,1888324616,Please Be Happy (Xbox Series X|S),1,0.0005
3865,2113655508,Police Simulator - Gun Shooting Games,1,0.0005
3866,1990193950,Poop Match 3,1,0.0005
3867,2007252653,Poppy Kart,1,0.0005
3868,1790425501,PopSlinger,1,0.0005
3869,1264125919,Port Royale 3,1,0.0005
3870,1804397214,Possum is Hungry (Xbox Series X/S),1,0.0005
3871,1699612058,Potionomics: Masterwork Edition,1,0.0005
3872,1794659226,PowerSlave Exhumed,1,0.0005
3873,1659566323,Praey for the Gods,1,0.0005
3874,1805003112,Prey,1,0.0005
3875,1414793184,Prey,1,0.0005
3876,1431504958,Prince of Persia The Forgotten Sands™,1,0.0005
3877,1882609569,Prison Simulator,1,0.0005
3878,2131056255,Prizma Puzzle Prime,1,0.0005
3879,307808103,Pro Fishing Simulator,1,0.0005
3880,1642088148,PROJECT 13,1,0.0005
3881,572054432,Project CARS 3,1,0.0005
3882,1952431977,Project Snaqe,1,0.0005
3883,1857354336,Project Starship,1,0.0005
3884,1740970769,Project Starship X,1,0.0005
3885,1841294814,Project Warlock,1,0.0005
3886,1897198063,Promise Mascot Agency,1,0.0005
3887,1696261466,Property Brothers Home Design,1,0.0005
3888,2133619629,Punch Club 2: Fast Forward,1,0.0005
3889,1846662502,Puppet House,1,0.0005
3890,2028187854,PUSS!,1,0.0005
3891,1655939920,Puyo Puyo Champions,1,0.0005
3892,1798310078,Q-YO Blaster,1,0.0005
3893,1480657069,R-Type Dimensions™,1,0.0005
3894,1664110632,R-Type® Final 2,1,0.0005
3895,99185600,R.B.I. Baseball 18,1,0.0005
3896,1998043773,R.B.I. Baseball 19,1,0.0005
3897,1694200362,Rabio (Windows 10),1,0.0005
3898,2138534542,Raccoon is Hungry (Windows),1,0.0005
3899,1733215481,Race with Ryan,1,0.0005
3900,319577309,RAD,1,0.0005
3901,523071548,Rad Rodgers,1,0.0005
3902,1480657492,Radiant Silvergun,1,0.0005
3903,2058870984,Radioactive Dwarfs: Evil From the Sewers,1,0.0005
3904,1841771506,Raging Bytes,1,0.0005
3905,1785274424,Raiden IV x MIKADO remix,1,0.0005
3906,1645357835,RAINBOW HIGH™: RUNWAY RUSH,1,0.0005
3907,2006984089,Ralph The Buddy 3,1,0.0005
3908,1480657184,Raskulls,1,0.0005
3909,1800747068,Ravenous Devils,1,0.0005
3910,1897447749,ReactorX,1,0.0005
3911,1805490295,ReactorX 2,1,0.0005
3912,1660728,Reagan Gorbachev,1,0.0005
3913,126264108,Rebel Galaxy,1,0.0005
3914,1850415513,Rebel Galaxy Outlaw,1,0.0005
3915,1637512046,Red Solstice 2: Survivors Ultimate Edition,1,0.0005
3916,1926182660,Redeemer - Enhanced Edition,1,0.0005
3917,2011859970,Redout 2,1,0.0005
3918,1755678829,RedRaptor,1,0.0005
3919,1618309410,Relicta,1,0.0005
3920,2091620971,Remains,1,0.0005
3921,1927790109,Rememoried,1,0.0005
3922,2045008370,Remothered: Broken Porcelain,1,0.0005
3923,1883914934,RENNSPORT,1,0.0005
3924,1687084892,REPLAY BOYS,1,0.0005
3925,2044312508,REPLAY BOYS Demo,1,0.0005
3926,1921110273,Resident Evil Resistance Open Beta,1,0.0005
3927,1984346962,Retrace: Memories of Death,1,0.0005
3928,1748326860,RetroMania Wrestling,1,0.0005
3929,738113083,Reus,1,0.0005
3930,1989019995,Revenant Dogma,1,0.0005
3931,1654474348,Rhythm Towers Demo,1,0.0005
3932,773588741,RICO,1,0.0005
3933,1710190632,RiMS Racing Xbox Series X|S,1,0.0005
3934,1619865604,Ring of Pain,1,0.0005
3935,695693557,Riptide GP: Renegade,1,0.0005
3936,2003553101,Rise Eterna War,1,0.0005
3937,1773817392,Rise of Insanity,1,0.0005
3938,2099119493,Rise of the Triad: Ludicrous Edition,1,0.0005
3939,1263339480,Risen,1,0.0005
3940,1672051495,Rising Hell,1,0.0005
3941,816351210,Risk: Urban Assault,1,0.0005
3942,1867496283,Road Maintenance Simulator 2 + Winter Services,1,0.0005
3943,1787135558,Roarr! Jurassic Edition,1,0.0005
3944,1868177916,Robo Revenge Squad,1,0.0005
3945,1480657410,Rocket Knight®,1,0.0005
3946,1863410798,Rocket Rats,1,0.0005
3947,2039794673,Rocket Rats Windows,1,0.0005
3948,1832424764,Rocket Rats Xbox One,1,0.0005
3949,1414793183,Rockstar Table Tennis,1,0.0005
3950,189853082,Rogue Trooper Redux,1,0.0005
3951,2131113207,Röki,1,0.0005
3952,2140018399,RollerCoaster Tycoon Adventures Deluxe,1,0.0005
3953,1867563048,Rollerdrome (2022),1,0.0005
3954,2001626208,Roots of Pacha,1,0.0005
3955,2075424114,Roulette 2018,1,0.0005
3956,1780050552,RUFFY AND THE RIVERSIDE,1,0.0005
3957,920951865,Rugby 18,1,0.0005
3958,1887216960,Ruku's Heart Balloon,1,0.0005
3959,1263405009,Rumble Roses XX,1,0.0005
3960,1977071411,Rummy 500!,1,0.0005
3961,1480659510,Sacred Citadel,1,0.0005
3962,1900639066,Sail Forth,1,0.0005
3963,1414596662,Saints Row 2 BRD,1,0.0005
3964,429066719,Saints Row IV: Re-Elected,1,0.0005
3965,378040902,Salt and Sanctuary,1,0.0005
3966,1923734860,Samurai Aces,1,0.0005
3967,2106675045,Samurai Jack: Battle Through Time,1,0.0005
3968,1966276493,Satisfactory,1,0.0005
3969,2010124610,Save Your Nuts,1,0.0005
3970,1952805019,Save Your Nuts DEMO,1,0.0005
3971,1936146608,Scorn,1,0.0005
3972,1725498463,Screw Master,1,0.0005
3973,1844809370,Screw Master Series X|S,1,0.0005
3974,1814920352,Sea of Stars Demo,1,0.0005
3975,1015878400,Sébastien Loeb Rally EVO Demo Mexico,1,0.0005
3976,1772648111,Secret Night Maze World,1,0.0005
3977,1839592310,Seekers Notes: Hidden Objects,1,0.0005
3978,2099681630,SENSHI SOKOBAN QUEST,1,0.0005
3979,1814784440,SENSHI SOKOBAN QUEST (Windows 10),1,0.0005
3980,2000442171,Shadow Warrior 3: Definitive Edition,1,0.0005
3981,1685514435,Shalnor Legends: Sacred Lands,1,0.0005
3982,1480659468,Shank™2,1,0.0005
3983,2093075517,Shantae and the Seven Sirens,1,0.0005
3984,1901019717,Shaolin vs Wutang,1,0.0005
3985,1933595910,Shaolin vs Wutang 2,1,0.0005
3986,1715496714,Shark Adventure,1,0.0005
3987,1713136402,She Wants Me Dead,1,0.0005
3988,36217198,Sherlock Holmes: Crimes and Punishments,1,0.0005
3989,722694197,Sherlock Holmes: The Devil's Daughter,1,0.0005
3990,903306295,Shining Resonance Refrain,1,0.0005
3991,1480657316,Shinobi,1,0.0005
3992,1763456265,Ship Fight,1,0.0005
3993,1632941844,SHMUP Mania,1,0.0005
3994,1635033134,Shoulders of Giants: Ultimate,1,0.0005
3995,1883977094,Sigi - A Fart for Melusina,1,0.0005
3996,1880975663,Simple Solitaire,1,0.0005
3997,1480659508,SINE MORA™,1,0.0005
3998,1967793188,Sir Lovelot,1,0.0005
3999,2066580949,Sissa's Path,1,0.0005
4000,2060306864,SkateBIRD,1,0.0005
4001,1830917724,Skelethrone: The Chronicles of Ericona,1,0.0005
4002,1720807506,Skibidi Sandbox,1,0.0005
4003,1870475503,Skinny and Franko: Fists of Violence,1,0.0005
4004,2073240970,Skull Island: Rise of Kong,1,0.0005
4005,902608,Sky Force Reloaded,1,0.0005
4006,1619226313,Sky Rogue,1,0.0005
4007,112459691,Skydrift Infinity,1,0.0005
4008,1613869684,Skylanders SWAP Force,1,0.0005
4009,708889423,Slain: Back from Hell,1,0.0005
4010,2095143790,Slasher: Origins,1,0.0005
4011,1619682648,Slaycation Paradise,1,0.0005
4012,1480660016,Slender: The Arrival,1,0.0005
4013,1838648944,Slipstream,1,0.0005
4014,1761117688,Slitcher.io - Wormate Snake,1,0.0005
4015,1950703681,Slitterhead Demo,1,0.0005
4016,1860838147,Slotmania Casino Game Party,1,0.0005
4017,1645030778,Smart Moves (for Windows 10),1,0.0005
4018,1647572836,SMITE 2 Demo,1,0.0005
4019,1979172109,Smoots Summer Games II,1,0.0005
4020,595091631,Snake Pass,1,0.0005
4021,1886433006,Snake vs Snake,1,0.0005
4022,1885214706,Snooker 19,1,0.0005
4023,1864392004,Snow Tanks,1,0.0005
4024,2047898532,Snowboard Legends Demo,1,0.0005
4025,1716567990,Sokmeal Time (Windows),1,0.0005
4026,2044941056,Sokobalien (Windows),1,0.0005
4027,1691570797,Sokocrab,1,0.0005
4028,1914712372,SokoFrog,1,0.0005
4029,1690743773,Sokolab,1,0.0005
4030,1941640742,Sokolab (Windows),1,0.0005
4031,2026505751,Sokomonster,1,0.0005
4032,1798927805,SokoWinter,1,0.0005
4033,1818417101,Solitaire,1,0.0005
4034,1618794811,Solitaire 3D,1,0.0005
4035,1699452285,Solitaire Classic Seaside TriPeaks Card Game,1,0.0005
4036,2112770120,Songs of Conquest,1,0.0005
4037,1480657315,Sonic The Hedgehog 3,1,0.0005
4038,1480657415,SONIC THE HEDGEHOG™ 4 Episode I,1,0.0005
4039,2116209805,Soul Hackers 2,1,0.0005
4040,2098784475,Soulstice,1,0.0005
4041,1839499082,South of Midnight - Digital Extras,1,0.0005
4042,1849010458,Soviet Project,1,0.0005
4043,1697835764,SOVIET TIDE ARISING !,1,0.0005
4044,2054119958,Space Engineers Beta,1,0.0005
4045,827319667,Space Hulk: Tactics,1,0.0005
4046,1653039783,Space Invader 7 Trial,1,0.0005
4047,1763680989,Space Science Investigations,1,0.0005
4048,1867036629,Space Warlord Organ Trading Simulator,1,0.0005
4049,1656294382,Spacepunk Survival,1,0.0005
4050,2081715802,Spartan Firefight,1,0.0005
4051,2110528847,Spartan Runner,1,0.0005
4052,1927094471,Speed Limit Demo,1,0.0005
4053,2003460558,Speed Truck Racing,1,0.0005
4054,1643624971,Spellagis,1,0.0005
4055,1630371775,SpellForce: Conquest of Eo,1,0.0005
4056,1688571860,Spells & Secrets,1,0.0005
4057,2077780985,SpiderHeck Demo,1,0.0005
4058,1790958152,Spinner Mania,1,0.0005
4059,1712871656,Spirit Hunters: Infinite Horde,1,0.0005
4060,2120222634,Spirit of the North 2,1,0.0005
4061,1734092917,Spirit of the North: Enhanced Edition,1,0.0005
4062,1991757213,Spirit Roots,1,0.0005
4063,1719161140,Spiritfall,1,0.0005
4064,1906961742,Splitgate 2 - Alpha,1,0.0005
4065,1910694934,SpotCat vs The Cheddar Mafia In The Americas,1,0.0005
4066,2028704735,Squad Killer,1,0.0005
4067,86184092,Squid Hero for Kinect,1,0.0005
4068,1480657523,Stacking,1,0.0005
4069,278827885,Star Hammer: The Vanguard Prophecy,1,0.0005
4070,1397819357,Star Ocean: The Last Hope,1,0.0005
4071,1855370155,Star Overdrive,1,0.0005
4072,2088823549,Star Trek: Legends,1,0.0005
4073,2071323777,Star Trek: Resurgence,1,0.0005
4074,44910517,STAR WARS™ Battlefront™ II Multiplayer Beta,1,0.0005
4075,1992651140,STAR WARS™: Dark Forces Remaster,1,0.0005
4076,1860810612,Starlight Legacy,1,0.0005
4077,687953907,STARWHAL,1,0.0005
4078,1922470106,Stasis,1,0.0005
4079,688529719,STAY,1,0.0005
4080,2040979596,Steven Universe: Unleash the Light,1,0.0005
4081,1048629103,Stikbold! A Dodgeball Adventure,1,0.0005
4082,1752123697,Stock Racing,1,0.0005
4083,2146285435,Stranded Deep,1,0.0005
4084,1622218170,Street Outlaws: The List,1,0.0005
4085,2029929513,Strider,1,0.0005
4086,1839147962,Strike Team Gladius,1,0.0005
4087,1644555235,STRIKERS 1945,1,0.0005
4088,1835041076,STRIKERS 1945 III,1,0.0005
4089,1859111730,Struggling,1,0.0005
4090,1646079824,Submarine Survivor,1,0.0005
4091,1746879934,Submerged: Hidden Depths,1,0.0005
4092,1783498244,Sudoku,1,0.0005
4093,1880166267,Sudoku Classic X,1,0.0005
4094,2099479433,Sugarbound (Windows),1,0.0005
4095,2057573435,Suikoden I&II HD Remaster Gate Rune and Dunan Unification Wars,1,0.0005
4096,1679953167,Sunbeam Feast,1,0.0005
4097,1718545023,Sunset Overdrive,1,0.0005
4098,1633973784,Super Cyborg,1,0.0005
4099,1958529503,Super Dark Deception,1,0.0005
4100,2118278143,Super Dark Deception Demo,1,0.0005
4101,1375034638,Super Dungeon Bros,1,0.0005
4102,1827598868,Super Forklift 3000 (Windows),1,0.0005
4103,405971334,Super Hydorah,1,0.0005
4104,2143345099,Super Impossible Road,1,0.0005
4105,1897083570,Super Mariot Jumpman Adventures,1,0.0005
4106,1866825187,Super Monkey Ball: Banana Blitz HD,1,0.0005
4107,900300132,Super Night Riders,1,0.0005
4108,2058904438,Super Ninja Miner,1,0.0005
4109,1900125201,Super Ninja Miner (Windows Edition),1,0.0005
4110,1635135792,Super Pixel Kid Adventure,1,0.0005
4111,2052867319,Super Snake Block DX (Windows),1,0.0005
4112,1907108430,Super Space Club,1,0.0005
4113,2142819136,Super US Football,1,0.0005
4114,1914281401,Super Volley Blast,1,0.0005
4115,1655214141,Super World Run - Adventure Game,1,0.0005
4116,93258382,SUPERBEAT: XONiC,1,0.0005
4117,253235216,Surf World Series,1,0.0005
4118,1689702773,Survive on Raft,1,0.0005
4119,1775967989,Surviving Mars,1,0.0005
4120,1656836695,Sweet Bakery Tycoon,1,0.0005
4121,1722901011,Sweet Survivors,1,0.0005
4122,1480656944,Switchball,1,0.0005
4123,1931854950,Sword and Fairy: Together Forever,1,0.0005
4124,1963116645,SWORD ART ONLINE Fractured Daydream DEMO,1,0.0005
4125,1908989621,SWORD ART ONLINE Last Recollection,1,0.0005
4126,1918884435,Sword of the Vagrant,1,0.0005
4127,2029264286,Swords & Bones,1,0.0005
4128,1480657001,SWOS,1,0.0005
4129,950753176,Syberia 3,1,0.0005
4130,1921935939,Synchro Hedgehogs,1,0.0005
4131,1773956150,Synchro Hedgehogs (for Windows 10),1,0.0005
4132,1954148004,SYNESTHESIA,1,0.0005
4133,2132478540,Tails of Iron 2: Whiskers of Winter,1,0.0005
4134,1879459921,Takotan,1,0.0005
4135,2033236943,Tales of Arise Demo Version (Xbox One),1,0.0005
4136,1969180565,Tales of Graces f Remastered,1,0.0005
4137,680174875,Tango Fiesta,1,0.0005
4138,1974709729,Tanuki Sunset,1,0.0005
4139,1969293314,Task Force Kampas,1,0.0005
4140,1975996205,Taxi Chaos,1,0.0005
4141,1981399438,Tenebris Pictura,1,0.0005
4142,1984687290,Terra Invicta,1,0.0005
4143,1621365103,Terror of Hemasaurus,1,0.0005
4144,851304780,Tetraminos,1,0.0005
4145,1480656886,Texas Hold'em,1,0.0005
4146,2051496245,The Alien Adventure,1,0.0005
4147,1863725667,The Backrooms Midnight Shift,1,0.0005
4148,1949662682,The Beast Inside (Console Version),1,0.0005
4149,1923294740,The Big Con,1,0.0005
4150,57328250,The Blackout Club,1,0.0005
4151,1596231580,The Book of Unwritten Tales 2,1,0.0005
4152,1825231131,The Chess Lv.100,1,0.0005
4153,2134619510,The Colonists,1,0.0005
4154,939155231,The Council - Episode 1: The Mad Ones,1,0.0005
4155,518619593,The Crew® 2 Open Beta,1,0.0005
4156,1833761430,The Cursed Hotel,1,0.0005
4157,1872080395,The Dark Side of the Moon: An Interactive FMV Thriller,1,0.0005
4158,2133505848,The Emoji Game,1,0.0005
4159,1649386760,The Entropy Centre,1,0.0005
4160,125965001,The Escapists: The Walking Dead,1,0.0005
4161,2103186667,The Explorer Of Night,1,0.0005
4162,2084032984,The Explorer Of Night (for Windows 10),1,0.0005
4163,875174887,The Final Station,1,0.0005
4164,1787193429,The First Berserker: Khazan DEMO,1,0.0005
4165,29720212,The Flame in the Flood,1,0.0005
4166,1996972255,The Gap,1,0.0005
4167,1966508044,The Golf Club,1,0.0005
4168,575803834,The Golf Club 2™,1,0.0005
4169,2007018418,The Hong Kong Massacre,1,0.0005
4170,740275617,The Inner World - The Last Wind Monk,1,0.0005
4171,1696036019,The Innsmouth Case,1,0.0005
4172,1842073109,The Isle Tide Hotel,1,0.0005
4173,1582065954,The LEGO Movie Videogame DEMO,1,0.0005
4174,1705741501,The Letter: A Horror Visual Novel,1,0.0005
4175,702883504,The Long Reach,1,0.0005
4176,1480657090,The Maw,1,0.0005
4177,266212283,The Mean Greens - Plastic Warfare,1,0.0005
4178,186907511,The Metronomicon: Slay the Dance Floor,1,0.0005
4179,2117248384,The Mildew Children,1,0.0005
4180,2116788151,The Mound: Omen of Cthulhu,1,0.0005
4181,1865341179,The MUSYNX,1,0.0005
4182,1927439419,The Myth Seekers 2: The Sunken City (Xbox Version),1,0.0005
4183,1705967942,The NBA Trivia Challenge,1,0.0005
4184,698904373,The Park,1,0.0005
4185,1947609579,The Pedestrian,1,0.0005
4186,1909279725,The Procession to Calvary,1,0.0005
4187,1890091569,The Psychoduck,1,0.0005
4188,1729900071,The Rabbit Crazy Adventure,1,0.0005
4189,1703407158,The Red Exile - Survival Horror,1,0.0005
4190,2147017544,The Rumble Fish +,1,0.0005
4191,1864185316,The Sinking City Xbox Series X|S,1,0.0005
4192,2010719250,The Smurfs - Mission Vileaf,1,0.0005
4193,1675731009,The Spuddy System,1,0.0005
4194,1675444836,The Talos Principle 2,1,0.0005
4195,1161955801,The Technomancer,1,0.0005
4196,2086031333,The Thaumaturge,1,0.0005
4197,94098725,The Town of Light,1,0.0005
4198,307442698,The Turing Test,1,0.0005
4199,1781089938,The VideoKid,1,0.0005
4200,946930585,The Walking Dead Collection - The Telltale Series,1,0.0005
4201,572033429,The Walking Dead: Michonne,1,0.0005
4202,1015066519,The Walking Dead: Season 2,1,0.0005
4203,1782146850,The Wild Eight,1,0.0005
4204,2081069616,The Witch's House MV,1,0.0005
4205,1313671253,The Witcher 2,1,0.0005
4206,1683044366,Thea 2: The Shattering,1,0.0005
4207,217265459,Thea: The Awakening,1,0.0005
4208,1921896806,Them Bombs,1,0.0005
4209,1015340672,Thimbleweed Park,1,0.0005
4210,2016470925,This Bed We Made,1,0.0005
4211,424855892,This Is the Police,1,0.0005
4212,874691210,This War of Mine: The Little Ones,1,0.0005
4213,1607468796,Thomas Was Alone,1,0.0005
4214,1700624625,Three Minutes To Eight,1,0.0005
4215,2129809110,Through the Darkest of Times,1,0.0005
4216,1836863501,Through the Nightmares (Demo),1,0.0005
4217,600509688,Thumper,1,0.0005
4218,1703402830,Tilesweeper,1,0.0005
4219,1685342709,Timespinner,1,0.0005
4220,1826137247,Tiny Little Farm,1,0.0005
4221,1854122175,Tiny Little Farm (Windows),1,0.0005
4222,1738090093,Toca Girls World,1,0.0005
4223,1613641139,Toca World Life,1,0.0005
4224,1691955008,TOKI Juju Densetsu,1,0.0005
4225,916605047,Tom Clancy's Ghost Recon Wildlands Open Beta,1,0.0005
4226,1810026094,Tony Hawk's™ Pro Skater™ 1 + 2,1,0.0005
4227,1613151355,Tools Up! Demo,1,0.0005
4228,2106346082,Top Gun Air Combat,1,0.0005
4229,21471625,Torchlight II,1,0.0005
4230,1610985256,Torchlight III,1,0.0005
4231,519443170,Torment: Tides of Numenera,1,0.0005
4232,1951465965,Torment: Tides of Numenera,1,0.0005
4233,1695392136,Tormented Souls,1,0.0005
4234,1723626363,Tour de France 2022 Xbox One,1,0.0005
4235,1761882488,Towaga: Among Shadows,1,0.0005
4236,1480657310,Toy Soldiers,1,0.0005
4237,2088019910,Train Life: A Railway Simulator,1,0.0005
4238,974917521,Train Sim World® 2020,1,0.0005
4239,1669996905,Train Sim World® 3,1,0.0005
4240,1646334101,TramSim: Console Edition,1,0.0005
4241,383880849,Transference™,1,0.0005
4242,2089745138,TRANSFORMERS: BATTLEGROUNDS,1,0.0005
4243,1642785895,TRANSFORMERS: EARTHSPARK - Expedition,1,0.0005
4244,1726945595,TRANSFORMERS: Galactic Trials,1,0.0005
4245,2129267140,TriMatch Puzzle : PC & Xbox,1,0.0005
4246,1635020727,Trine 3: The Artifacts of Power,1,0.0005
4247,1938279207,Troublemaker: Raise Your Gang,1,0.0005
4248,1735843094,Trover Saves the Universe,1,0.0005
4249,1771327779,Truck Driver - Gold Edition,1,0.0005
4250,547734537,Truck Racing Championship,1,0.0005
4251,1679462217,True Fear: Forsaken Souls Part 1 Demo,1,0.0005
4252,1848612022,True Fear: Forsaken Souls Part 2,1,0.0005
4253,1841969017,True Fear: Forsaken Souls Part 2 Demo,1,0.0005
4254,1634272791,Trust No One Demo,1,0.0005
4255,1959159088,Tunguska: The Visitation - Complete Edition,1,0.0005
4256,1799638183,Turbo Overkill,1,0.0005
4257,1824896079,Turbo Overkill Demo,1,0.0005
4258,1987230441,Turmoil,1,0.0005
4259,2035251227,Turnip Boy Commits Tax Evasion,1,0.0005
4260,2093112005,Turok 3: Shadow of Oblivion Remastered,1,0.0005
4261,846759462,Twin Mirror,1,0.0005
4262,1749676903,Two Point Campus,1,0.0005
4263,837159338,Typoman,1,0.0005
4264,1990982209,UFL Open Beta,1,0.0005
4265,2089989279,UFO ROBOT GRENDIZER – The Feast of the Wolves,1,0.0005
4266,823524527,UglyDolls: An Imperfect Adventure,1,0.0005
4267,1659161283,Ultimate Massage,1,0.0005
4268,2037675910,Ultimate Ski Jumping 2020,1,0.0005
4269,2065525433,Ultimate Solitaire Collection,1,0.0005
4270,2010231457,Ultra Foodmess,1,0.0005
4271,1721756099,Ultros,1,0.0005
4272,1896690467,Uncle Chop's Rocket Shop,1,0.0005
4273,1611809839,Undead Horde,1,0.0005
4274,2117776820,UnderMine,1,0.0005
4275,2034901256,Unholy,1,0.0005
4276,2118758715,Unknown 9: Awakening,1,0.0005
4277,2107781873,Unspottable (Demo),1,0.0005
4278,496060715,Use Your Words,1,0.0005
4279,1700372911,uVolley,1,0.0005
4280,131540426,Valentino Rossi The Game,1,0.0005
4281,1622859130,Valfaris,1,0.0005
4282,1964791683,Vampire's Fall: Origins,1,0.0005
4283,1989137413,Vampire: The Masquerade - Reckoning of New York,1,0.0005
4284,1915757611,Vampire: The Masquerade - Shadows of New York,1,0.0005
4285,1957172115,Vampire: The Masquerade - Swansong Xbox One,1,0.0005
4286,1480657268,Vandal Hearts: FoJ,1,0.0005
4287,1397033025,VANQUISH,1,0.0005
4288,1906609238,VASARA Collection,1,0.0005
4289,1951151775,Vicious Attack Llama Apocalypse,1,0.0005
4290,61090031,Victor Vran,1,0.0005
4291,1480659612,Virtua Fighter 2,1,0.0005
4292,1777774126,Visions of Mana,1,0.0005
4293,1778298055,Void Bastards,1,0.0005
4294,1630163029,Volgarr the Viking II,1,0.0005
4295,2034956980,Warface: Breakout,1,0.0005
4296,1933726959,Warhammer Age of Sigmar: Storm Ground,1,0.0005
4297,1830033435,Warm Snow,1,0.0005
4298,1860293080,Warp Bot (Windows),1,0.0005
4299,2093853666,Warp Drive,1,0.0005
4300,1884265285,Warparty,1,0.0005
4301,1794639484,WARTILE,1,0.0005
4302,1869095486,Washing Dishes for the People We Love,1,0.0005
4303,1894999989,Wave Break Demo,1,0.0005
4304,1880521273,Webgeon Speedrun Edition,1,0.0005
4305,1876224290,Welcome to Hanwell,1,0.0005
4306,1642652271,Welcome to ParadiZe - Demo,1,0.0005
4307,1740517029,West of Dead,1,0.0005
4308,947593055,What the Box?,1,0.0005
4309,603518600,Where Are My Friends?,1,0.0005
4310,2046252470,While We Wait Here,1,0.0005
4311,1724902545,Whipseey and the Lost Atlas,1,0.0005
4312,1663897592,White Day: A Labyrinth Named School,1,0.0005
4313,1763125243,Wild Card Football,1,0.0005
4314,2141688284,Wildmender,1,0.0005
4315,1960103311,Windjammers 2,1,0.0005
4316,1644613252,Winkeltje: The Little Shop,1,0.0005
4317,1645479343,Wizard of Legend,1,0.0005
4318,1738666347,Wizardry: Proving Grounds of the Mad Overlord,1,0.0005
4319,1853101236,Wooden Block Puzzle Game,1,0.0005
4320,852417661,Woodle Tree Adventures,1,0.0005
4321,322886724,Worbital,1,0.0005
4322,2090009012,World of Tanks BETA,1,0.0005
4323,1985239734,World of Tanks Blitz (legacy),1,0.0005
4324,1834145283,World of Tennis: Roaring ’20s,1,0.0005
4325,547690837,World of Van Helsing: Deathtrap,1,0.0005
4326,1763118869,Worldless Demo,1,0.0005
4327,1817743267,WRATH: Aeon of Ruin,1,0.0005
4328,775457902,WRC 5 FIA World Rally Championship,1,0.0005
4329,1048549433,WRC 6 FIA World Rally Championship,1,0.0005
4330,333251915,X-Morph: Defense,1,0.0005
4331,1953673867,XBET_Test_Product_4,1,0.0005
4332,1067887228,Xenon Valkyrie+,1,0.0005
4333,1849794999,Xuan Yuan Sword 7,1,0.0005
4334,1773431897,Yakuza 6: The Song of Life,1,0.0005
4335,555542903,Yoku's Island Express,1,0.0005
4336,1990116831,Yooka-Laylee and the Impossible Lair,1,0.0005
4337,2116894335,Yooperlite (Xbox One),1,0.0005
4338,1905856995,You Suck at Parking® Complete Edition,1,0.0005
4339,1708373881,Your Computer Might Be At Risk,1,0.0005
4340,1002820120,Youtubers Life - OMG Edition,1,0.0005
4341,1639870043,Youtubers Life 2,1,0.0005
4342,984203469,Ys Origin,1,0.0005
4343,1859395867,Z0mb1es! Remastered,1,0.0005
4344,916812232,ZHEROS,1,0.0005
4345,1924883586,ZombCube,1,0.0005
4346,1752291141,Zombie Derby,1,0.0005
4347,1907198556,Zombie Derby: Pixel Survival,1,0.0005
4348,1720731458,Zombie Hill Racing,1,0.0005
4349,1621365013,Zombie Watch,1,0.0005
4350,1630662193,Zombieland: Double Tap- Road Trip,1,0.0005
4351,2063029153,Zombies Overloaded,1,0.0005
4352,1995775345,"Zombies, Aliens and Guns",1,0.0005
4353,418575746,Zumba Fitness World Party,1,0.0005
