# 2026-08-30 17:09:56 ; Found 702319 viable session entries from 233558 unique users.
rank,title_id,title,players,percentage
1,267695549,Fortnite,56760,24.3023
2,342226876,Roblox - Xbox,50877,21.7835
3,1828326430,Minecraft,31368,13.4305
4,2001700854,Call of Duty®,23170,9.9204
5,2079757188,Forza Horizon 6,21004,8.9931
6,558797228,Rocket League®,20028,8.5752
7,1909324253,EA SPORTS FC™ 26 Xbox Series X|S,16107,6.8964
8,1870487792,NBA 2K26 for Xbox Series X|S,16045,6.8698
9,926771636,Tom Clancy's Rainbow Six Siege,15659,6.7045
10,972249091,Grand Theft Auto V (Xbox One),12431,5.3224
11,1778348973,Grand Theft Auto Online (Xbox Series X|S),11063,4.7367
12,1794906646,Marvel Rivals,8794,3.7652
13,94618376,Overwatch®,8217,3.5182
14,175227487,Apex Legends™,7820,3.3482
15,102425831,Dead by Daylight,7548,3.2317
16,1795790912,Escape the Backrooms,7271,3.1131
17,1840884885,Battlefield™,6043,2.5874
18,1631143456,EA SPORTS™ Madden NFL 26,5394,2.3095
19,591405932,Red Dead Redemption 2,4701,2.0128
20,144389848,Destiny 2,4344,1.8599
21,2118102995,EA SPORTS™ College Football 26,4081,1.7473
22,629270283,Gang Beasts,4061,1.7388
23,1852068331,EA SPORTS FC™ 26 Xbox One,3873,1.6583
24,1791650399,MLB® The Show™ 26,3848,1.6476
25,2030093255,Forza Horizon 5,3817,1.6343
26,1993685552,UFC® 5,3716,1.591
27,1929807318,Call of Duty®: Vanguard - Xbox Series X|S,3310,1.4172
28,2118292977,ARC Raiders,3290,1.4086
29,1924639289,HELLDIVERS™ 2,3285,1.4065
30,1901146690,Abyssus,3039,1.3012
31,2035456122,Grand Theft Auto VI,3014,1.2905
32,1992453063,Among Us,2918,1.2494
33,1144039928,Halo: The Master Chief Collection,2811,1.2036
34,2106683993,skate.™ (Game Preview),2747,1.1762
35,1719923985,Undisputed,2730,1.1689
36,1862431175,UFC® 6,2725,1.1667
37,222473492,Cyberpunk 2077,2564,1.0978
38,1096157379,COD: Black Ops II,2437,1.0434
39,80579825,Call of Duty: Black Ops III,2392,1.0242
40,2139646219,VALORANT,2349,1.0057
41,1794566092,Minecraft Launcher,2345,1.004
42,2013614379,Fall Guys,2312,0.9899
43,833960563,STAR WARS™ Battlefront™ II,2251,0.9638
44,1653663875,EA SPORTS FC™ 25 Xbox Series X|S,2239,0.9586
45,1482870140,Warframe,2221,0.9509
46,2003727579,Call of Duty®: Modern Warfare® III,2146,0.9188
47,687339341,Brawlhalla,2125,0.9098
48,1658822323,Where Winds Meet,2113,0.9047
49,171869406,War Thunder,2086,0.8931
50,2043073184,Halo Infinite,2059,0.8816
51,1977690926,Farming Simulator 25,2051,0.8782
52,1848421257,eFootball™,1995,0.8542
53,777107394,DayZ,1976,0.846
54,2119939858,NHL® 26 Xbox Series X|S,1967,0.8422
55,374923716,Gears 5,1930,0.8263
56,1730755212,Mortal Kombat™ 1,1904,0.8152
57,950328474,PUBG: BATTLEGROUNDS,1884,0.8067
58,1717113201,Sea of Thieves: 2026 Edition,1859,0.7959
59,1892245301,ELDEN RING,1852,0.793
60,2073302268,Ready or Not,1832,0.7844
61,2119021593,Subnautica 2 (Game Preview),1800,0.7707
62,207015551,theHunter: Call of the Wild™,1750,0.7493
63,1198088771,FOR HONOR,1724,0.7381
64,893395429,Rust Console Edition X|S,1705,0.73
65,1959007243,Call of Duty®: Modern Warfare® II,1658,0.7099
66,252034287,The Elder Scrolls V: Skyrim Special Edition,1644,0.7039
67,1855024215,"Warhammer 40,000: Space Marine 2",1603,0.6863
68,1256782258,Fallout 4,1585,0.6786
69,332913499,Fallout 76,1536,0.6577
70,638965135,Descenders,1535,0.6572
71,1707431222,Jurassic World Evolution 3,1535,0.6572
72,1696697876,NBA 2K26 for Xbox One,1496,0.6405
73,1928988061,ARK: Survival Ascended,1485,0.6358
74,1634930870,REMATCH,1484,0.6354
75,609700427,Call of Duty®: Modern Warfare®,1425,0.6101
76,1746894998,Roblox - Windows,1331,0.5699
77,1797327516,Palworld,1325,0.5673
78,896928775,Minecraft for Windows,1314,0.5626
79,1882096658,EA SPORTS FC™ 25 Xbox One,1241,0.5313
80,1758796660,Wobbly Life,1210,0.5181
81,285358298,Mortal Kombat 11,1200,0.5138
82,321656011,The Sims™ 4,1185,0.5074
83,1973901376,Diablo® IV,1180,0.5052
84,545844082,Call of Duty®: WWII,1176,0.5035
85,1096157269,Call of Duty®: Black Ops,1166,0.4992
86,623325843,Cuphead,1163,0.4979
87,1684508835,"Warhammer 40,000: Darktide",1126,0.4821
88,2105342780,Grounded,1113,0.4765
89,1938834516,State of Decay 2: Juggernaut Edition,1101,0.4714
90,1479758055,Batman™: Arkham Knight,1096,0.4693
91,1732013402,Grounded 2 (Game Preview),1090,0.4667
92,1693340366,Hogwarts Legacy,1077,0.4611
93,1850827024,F1® 25,1072,0.459
94,1975246356,Baldur's Gate 3,1055,0.4517
95,2099828114,THE FINALS,1055,0.4517
96,1754076455,Crimson Desert,1054,0.4513
97,352040487,Tom Clancy’s The Division 2,1053,0.4509
98,1953759531,Phasmophobia (Game Preview),1052,0.4504
99,1696147865,Zenless Zone Zero,1010,0.4324
100,1948986948,007 First Light,1009,0.432
101,1297287339,Gears of War 3,953,0.408
102,1161890022,Skate 3,952,0.4076
103,2022801826,WWE 2K26 Standard Edition,928,0.3973
104,1790482525,Call of Duty®: Black Ops Cold War - Xbox Series X|S,918,0.3931
105,306230746,Stardew Valley,903,0.3866
106,1766989558,MLB® The Show™ 25,888,0.3802
107,1774692913,Goat Simulator 3,883,0.3781
108,1739375565,Minecraft Dungeons,882,0.3776
109,1671990131,MY HERO ULTRA RUMBLE,882,0.3776
110,1679027058,Stumble Guys,875,0.3746
111,1715349030,Asphalt Legends,868,0.3716
112,1878915001,SnowRunner,862,0.3691
113,983730484,ARK: Survival Evolved,860,0.3682
114,961090289,Tom Clancy's Ghost Recon Breakpoint,856,0.3665
115,1161890069,FIGHT NIGHT CHAMPION,844,0.3614
116,465979625,UFC® 4,833,0.3567
117,1852916479,Resident Evil 4,826,0.3537
118,2053080068,Genshin Impact,825,0.3532
119,1857595573,The Crew Motorfest - Xbox Series X|S,825,0.3532
120,1726497855,PGA TOUR 2K25,824,0.3528
121,1759802069,EA SPORTS™ College Football 25,807,0.3455
122,1722781084,LEGO® Batman™: Legacy of the Dark Knight,804,0.3442
123,1720309872,Arma Reforger,803,0.3438
124,728655825,Plants vs. Zombies™ Garden Warfare 2,803,0.3438
125,964706972,No Man's Sky,799,0.3421
126,346683864,Tom Clancy's Ghost Recon Wildlands,797,0.3412
127,1965142613,Golf With Your Friends,791,0.3387
128,1843269941,Chivalry 2,787,0.337
129,1414793202,GTA IV,787,0.337
130,1928228122,Borderlands®4,778,0.3331
131,964818375,Assassin's Creed Odyssey,776,0.3323
132,1019460860,DRAGON BALL XENOVERSE 2,772,0.3305
133,1008687929,Mortal Kombat X,767,0.3284
134,2054716369,It Takes Two,762,0.3263
135,1805568255,Trailmakers,761,0.3258
136,1669427955,ELDEN RING NIGHTREIGN,753,0.3224
137,491582364,Need for Speed™ Heat,739,0.3164
138,1699459210,DRAGON BALL Sparking! ZERO,733,0.3138
139,1852502655,EA SPORTS FC™ 24 Xbox Series X|S,723,0.3096
140,552499398,Gears of War 4,720,0.3083
141,389597738,Terraria,718,0.3074
142,1611895213,Disney Dreamlight Valley,717,0.307
143,1701108859,HITMAN 3,716,0.3066
144,312881568,Human Fall Flat,712,0.3048
145,1658810016,Resident Evil Requiem,703,0.301
146,1961305648,Totally Accurate Battle Simulator,703,0.301
147,1687693597,Assetto Corsa Competizione,694,0.2971
148,1779135141,Riders Republic™,694,0.2971
149,2008767227,Brotato,692,0.2963
150,447911394,Far Cry® 5,692,0.2963
151,2069221794,Solarpunk,681,0.2916
152,478449077,World of Warships: Legends,673,0.2882
153,1682363458,Avatar: Frontiers of Pandora™,670,0.2869
154,1842668909,Forza Motorsport,666,0.2852
155,1671080157,Minecraft Preview,665,0.2847
156,1829869520,Gears of War: Reloaded,664,0.2843
157,1615644955,Microsoft Flight Simulator 2024,663,0.2839
158,1728105232,Assassin's Creed Valhalla,659,0.2822
159,783973363,Dead Island 2,657,0.2813
160,2079794073,Starfield,657,0.2813
161,2043906033,MX vs ATV Legends,648,0.2774
162,1285166951,The Elder Scrolls Online,643,0.2753
163,2110784425,Frog Sqwad,642,0.2749
164,490838306,Fishing Planet,635,0.2719
165,1825113946,PowerWash Simulator,629,0.2693
166,374621264,RESIDENT EVIL 2,626,0.268
167,2143033449,Monster Hunter Wilds,621,0.2659
168,283303390,Wreckfest,616,0.2637
169,1297287213,Gears of War 2,612,0.262
170,840116976,World of Tanks Modern Armor,612,0.262
171,1931947471,Persona 5 Royal,611,0.2616
172,1993741445,SMITE 2 (Game Preview),608,0.2603
173,1631010499,GOALS,601,0.2573
174,2063087945,PowerWash Simulator 2,589,0.2522
175,1830948067,EA SPORTS™ PGA TOUR™,588,0.2518
176,2059211995,Hollow Knight: Voidheart Edition,588,0.2518
177,1985701699,Forza Horizon 4,586,0.2509
178,415619002,Watch Dogs®2,583,0.2496
179,1938832846,STAR WARS Jedi: Survivor™,582,0.2492
180,1730971667,7 Days to Die - Console Edition (Game Preview),573,0.2453
181,2069980568,The First Descendant,567,0.2428
182,1794767034,NBA 2K25 for Xbox Series X|S,561,0.2402
183,1738914043,Assassin's Creed Shadows,552,0.2363
184,1668241504,Hollow Knight: Silksong,549,0.2351
185,2056732620,Escape Simulator,547,0.2342
186,2098741842,EA SPORTS FC™ 24 Xbox One,546,0.2338
187,1925947069,FARCRY 6,543,0.2325
188,1725517447,House Flipper 2,543,0.2325
189,2128602192,Bluey: The Videogame,542,0.2321
190,2111829961,Hell Let Loose,541,0.2316
191,1972007641,Kingdom Come: Deliverance II,528,0.2261
192,1145574011,Titanfall® 2,528,0.2261
193,1386529057,Battlefield™ 1,526,0.2252
194,792158305,Call of Duty®: Black Ops 4,526,0.2252
195,308190374,LEGO® Star Wars™: The Skywalker Saga,509,0.2179
196,940594756,World War Z,509,0.2179
197,453395486,Ultimate Chicken Horse,508,0.2175
198,308654313,Overcooked! 2,507,0.2171
199,2108722049,Resident Evil Village,505,0.2162
200,2068980019,CarX Drift Racing Online,501,0.2145
201,1744726864,Enlisted,500,0.2141
202,1690524168,Wo Long: Fallen Dynasty,499,0.2137
203,556718860,Assassin's Creed IV Black Flag,495,0.2119
204,219630713,Halo 5: Guardians,495,0.2119
205,1876694512,Madden NFL 25 Xbox One,486,0.2081
206,2103516179,The Outlast Trials,486,0.2081
207,339148107,Insurgency: Sandstorm (Windows),484,0.2072
208,651668093,RESIDENT EVIL 7 biohazard,484,0.2072
209,1792830437,Balatro,481,0.2059
210,85494077,Microsoft Solitaire Collection,476,0.2038
211,2053555152,Yu-Gi-Oh! Master Duel,474,0.2029
212,256364670,Battlefield™ V,469,0.2008
213,1902585111,DOOM: The Dark Ages,468,0.2004
214,2072546746,Madden NFL 25 Xbox Series X|S,468,0.2004
215,1112737760,Fallout: New Vegas,466,0.1995
216,1689317374,TCG Card Shop Simulator (Game Preview),463,0.1982
217,530462567,The Witcher 3: Wild Hunt – Complete Edition,463,0.1982
218,2078275456,Content Warning,462,0.1978
219,1891953464,CloverPit,459,0.1965
220,1651188120,Path of Exile 2 (Game Preview),459,0.1965
221,1646978734,Police Simulator: Patrol Officers,457,0.1957
222,642156375,Crash™ Team Racing Nitro-Fueled,455,0.1948
223,1892502964,Hades II,455,0.1948
224,183968596,UNO™,455,0.1948
225,2138304024,Rec Room,453,0.194
226,1813567768,Roadside Research (Game Preview),448,0.1918
227,1096157387,Modern Warfare® 3,440,0.1884
228,1667928394,Halo Wars 2,439,0.188
229,345903534,Minecraft: Xbox One Edition,438,0.1875
230,1733257076,Teardown,437,0.1871
231,2106583887,TEKKEN 8,437,0.1871
232,1976117247,Path of Titans (Game Preview),427,0.1828
233,45083076,Injustice™ 2,426,0.1824
234,794552001,The Binding of Isaac: Rebirth,425,0.182
235,1921177861,Marathon,414,0.1773
236,1971845611,Mount & Blade II: Bannerlord,411,0.176
237,830649354,Dying Light,409,0.1751
238,1753744295,"Little Kitty, Big City",404,0.173
239,1615991113,New MONOPOLY®,401,0.1717
240,1702731390,Supermarket Simulator,401,0.1717
241,869175187,A Way Out,392,0.1678
242,1769971395,Clair Obscur: Expedition 33,390,0.167
243,1695979902,The Elder Scrolls IV: Oblivion Remastered,390,0.167
244,1096157207,Modern Warfare® 2,387,0.1657
245,1912862912,Sniper Elite: Resistance,383,0.164
246,1814675537,Grand Theft Auto: San Andreas – The Definitive Edition,381,0.1631
247,2031971566,A Game About Digging A Hole™,378,0.1618
248,72159092,Crash Bandicoot™ N. Sane Trilogy,375,0.1606
249,1938588110,STARSEEKER: Astroneer Expeditions (Game Preview),375,0.1606
250,1854680102,Delta Force,372,0.1593
251,1792405589,Sledding Game,366,0.1567
252,2014590773,Car Mechanic Simulator 2021,365,0.1563
253,1679564487,Outbound,363,0.1554
254,1936845110,Cities: Skylines - Remastered,358,0.1533
255,2077953041,Clone Drone in the Danger Zone,353,0.1511
256,1994003829,EA SPORTS™ FIFA 23 Standard Edition Xbox One,353,0.1511
257,2083870981,Who's Your Daddy?!,353,0.1511
258,504085184,The Crew® 2,351,0.1503
259,666757656,Rayman Legends,348,0.149
260,341687485,3on3 FreeStyle,347,0.1486
261,1821999049,High On Life 2,344,0.1473
262,1998461943,Assassin's Creed Unity,343,0.1469
263,1998069249,WWE 2K25 for Xbox Series X|S,343,0.1469
264,2090892978,Farming Simulator 22,342,0.1464
265,1161890004,Left 4 Dead 2,342,0.1464
266,15959542,DRAGON BALL FIGHTERZ (Xbox Series X|S),340,0.1456
267,1770956743,Echoes of Aincrad DEMO Version,339,0.1451
268,1096157212,Call of Duty®: WaW,338,0.1447
269,1841062643,Hunt: Showdown 1896,338,0.1447
270,2019012309,Star Wars Outlaws,337,0.1443
271,1695638358,Vampire Survivors,337,0.1443
272,945909358,Subnautica,334,0.143
273,2068332202,Abiotic Factor,333,0.1426
274,502034863,Assassin's Creed Origins,333,0.1426
275,1951198596,NBA THE RUN,333,0.1426
276,680942588,STAR WARS Jedi: Fallen Order™,333,0.1426
277,1657391528,NBA 2K25 for Xbox One,329,0.1409
278,608369389,FAR CRY PRIMAL,328,0.1404
279,1028735742,NARUTO SHIPPUDEN™: Ultimate Ninja® STORM 4,325,0.1392
280,1484511986,Battlefield 4,324,0.1387
281,749311689,Plants vs. Zombies: Battle for Neighborville™,320,0.137
282,1857530883,NASCAR 25,318,0.1362
283,1747946954,Construction Simulator,314,0.1344
284,1479895282,PAYDAY 2: CRIMEWAVE EDITION,314,0.1344
285,568218779,Resident Evil 5,314,0.1344
286,1631329360,Pixel Strike 3D,312,0.1336
287,1832051520,Crime Scene Cleaner,311,0.1332
288,1995576035,Remnant II® - Standard Edition,308,0.1319
289,1465674891,Assetto Corsa,305,0.1306
290,1367952835,Far Cry® 4,303,0.1297
291,1041486048,DARK SOULS™ III,301,0.1289
292,834001943,Dying Light 2: Stay Human - Reloaded Edition,298,0.1276
293,1687588412,Street Fighter™ 6,298,0.1276
294,796798669,Call of Duty®: Infinite Warfare,297,0.1272
295,422207632,Castle Crashers Remastered,297,0.1272
296,568182861,ASTRONEER,293,0.1255
297,1777567504,Backrooms: Escape Together,293,0.1255
298,790047319,Sekiro™: Shadows Die Twice - GOTY Edition,293,0.1255
299,1297287125,Gears of War,292,0.125
300,2067022016,Call of the Wild: The Angler™,290,0.1242
301,2132429347,Risk of Rain 2,290,0.1242
302,2133578420,FINAL FANTASY VII REBIRTH,286,0.1225
303,1480657407,Plants vs. Zombies,286,0.1225
304,1972063516,Sifu,285,0.122
305,1204533074,Borderlands 2,282,0.1207
306,1936930219,Tell Me Why,281,0.1203
307,837917131,Deep Rock Galactic,278,0.119
308,1616563209,FragPunk,278,0.119
309,2098787950,Age of Empires IV: Anniversary Edition,275,0.1177
310,56347639,Spyro™ Reignited Trilogy,275,0.1177
311,1702245509,Junkster,274,0.1173
312,801251286,Stick Fight: The Game,274,0.1173
313,1740172423,Totally Reliable Delivery Service,274,0.1173
314,2028925271,Trepang2,274,0.1173
315,226054795,MONSTER HUNTER: WORLD™,271,0.116
316,165599118,Prominence Poker,269,0.1152
317,828985924,Resident Evil 6,269,0.1152
318,1649064189,World of Tanks: HEAT,268,0.1147
319,1783517095,Beatdown City Survivors,267,0.1143
320,1965191913,F1® 24,267,0.1143
321,514006173,Batman: Return to Arkham - Arkham City,262,0.1122
322,2011136108,Medieval Dynasty,262,0.1122
323,1985019983,Crash Bandicoot™ 4: It’s About Time,260,0.1113
324,1652862446,Super Mega Baseball™ 4,258,0.1105
325,1808064759,FIFA 22 Xbox One,257,0.11
326,770775860,RESIDENT EVIL 3 for Windows,257,0.11
327,1611051325,Grand Theft Auto: Vice City – The Definitive Edition,256,0.1096
328,470244957,LEGO Marvel Super Heroes,255,0.1092
329,2083429980,Nickelodeon All-Star Brawl 2,253,0.1083
330,2111887267,Sonic Racing: CrossWorlds,249,0.1066
331,2031804130,Red Dead Redemption,248,0.1062
332,1777860928,Microsoft Flight Simulator (2020),247,0.1058
333,1873615541,Pool Blitz,247,0.1058
334,1693391830,SpongeBob SquarePants™: The Patrick Star Game,247,0.1058
335,1745661457,Valheim (Game Preview),243,0.104
336,1641858093,Albion Online,242,0.1036
337,1711563707,House Flipper,241,0.1032
338,1680544459,Dying Light: The Beast,240,0.1028
339,1289871275,Forza Horizon 3,240,0.1028
340,1922283524,Goat Simulator 3: Xbox One Edition,240,0.1028
341,2064168993,Age of Empires II: Definitive Edition,239,0.1023
342,1812873797,Blades of Fire,239,0.1023
343,1646963350,NHL® 25 Xbox Series X|S,238,0.1019
344,1894513996,CarX Street,237,0.1015
345,2113731956,Disney Speedstorm,237,0.1015
346,244291844,Far Cry 3 Classic Edition,237,0.1015
347,859011533,Assassin's Creed® III Remastered,236,0.101
348,2106872096,Battlefield™ 2042 Xbox Series X|S,236,0.101
349,2093000869,Slay The Spire,236,0.101
350,756981192,Borderlands 3,233,0.0998
351,1790216132,Hades,233,0.0998
352,2117764661,Diablo III: Reaper of Souls – Ultimate Evil Edition,232,0.0993
353,1703229686,Split Fiction,232,0.0993
354,1297287718,Gears of War: Judgment,231,0.0989
355,1475571605,Gears of War: Ultimate Edition,231,0.0989
356,1877908426,Tony Hawk's™ Pro Skater™ 3 + 4,228,0.0976
357,1689241275,Black Jacket,227,0.0972
358,331135949,DOOM Eternal (BATTLEMODE),227,0.0972
359,2054685746,Mass Effect™ Legendary Edition,227,0.0972
360,2010328709,Assassin's Creed® Mirage,225,0.0963
361,1030018025,Halo Wars: Definitive Edition (PC),225,0.0963
362,1747676401,Planet Coaster 2,225,0.0963
363,514291876,Assassin's Creed® The Ezio Collection,224,0.0959
364,68553410,Kingdom Come: Deliverance,222,0.0951
365,872826607,Vigor,222,0.0951
366,125226722,DARK SOULS™: REMASTERED,221,0.0946
367,1911989187,Football Manager 26 Console,221,0.0946
368,1731202267,Need for Speed™ Unbound,221,0.0946
369,2093153073,Party Animals,221,0.0946
370,1922695178,PlateUp!,221,0.0946
371,913783821,Shadow of the Tomb Raider,221,0.0946
372,810101074,Dead Cells,220,0.0942
373,1818602982,RoadCraft,219,0.0938
374,1623704813,DEATH STRANDING DIRECTOR'S CUT,218,0.0933
375,247546985,Destiny,218,0.0933
376,1865076226,MLB® The Show™ 24 Xbox One,217,0.0929
377,1879115757,Trackmania®,216,0.0925
378,1880727250,Unpacking,214,0.0916
379,1794989506,Crashout Crew,213,0.0912
380,585771792,WATCH_DOGS™,213,0.0912
381,831224608,Need for Speed™ Payback,210,0.0899
382,1833503116,MARVEL Cosmic Invasion,209,0.0895
383,860666361,Plants vs. Zombies Garden Warfare,209,0.0895
384,1768256893,FINAL FANTASY VII REMAKE INTERGRADE,206,0.0882
385,1874191487,High On Life,206,0.0882
386,1933718863,SUPERHOT: MIND CONTROL DELETE,206,0.0882
387,1653442250,ROUNDS,205,0.0878
388,1621683201,Dragon's Dogma 2,204,0.0873
389,2041941014,Diablo® II: Resurrected™,203,0.0869
390,572802557,Call of Duty®: Ghosts,202,0.0865
391,945976112,Rush: A DisneyPixar Adventure,201,0.0861
392,1947812162,WWE 2K25 for Xbox One,201,0.0861
393,1768081511,Crusader Kings III,200,0.0856
394,1931679945,2XKO,199,0.0852
395,826545257,Tomb Raider: Definitive Edition,199,0.0852
396,1966276493,Satisfactory,198,0.0848
397,2037558339,My Friend Peppa Pig,197,0.0843
398,2079828144,Holdfast: Nations At War,196,0.0839
399,1863849961,Palia,196,0.0839
400,2054602571,Luna Abyss,195,0.0835
401,2041731932,Cult of the Lamb,194,0.0831
402,1792227428,Indiana Jones and the Great Circle,193,0.0826
403,320504455,Middle-earth™: Shadow of War™,192,0.0822
404,830718665,DRAGON BALL Z: KAKAROT,191,0.0818
405,2008403666,Dead Space,190,0.0814
406,1840066568,Pigeon Simulator,190,0.0814
407,1046363979,Rise of the Tomb Raider,190,0.0814
408,625948041,Slime Rancher,190,0.0814
409,1766089184,GoldenEye 007,189,0.0809
410,20391045,Batman: Return to Arkham - Arkham Asylum,188,0.0805
411,2110891029,KILL IT WITH FIRE! 2,188,0.0805
412,1192666733,Mafia III,186,0.0796
413,939455454,resident evil 4 (2005),186,0.0796
414,1414793242,Bully Scholarship Ed.,182,0.0779
415,980944365,Need for Speed™,182,0.0779
416,1414793259,Red Dead Redemption,182,0.0779
417,2075317023,Absolum,180,0.0771
418,1698419011,Stellaris: Console Edition (X|S),180,0.0771
419,1879711255,The Outer Worlds 2,179,0.0766
420,84790147,Watch Dogs®: Legion,179,0.0766
421,1736384528,Ben 10: Power Trip,178,0.0762
422,1989106096,Sid Meier’s Civilization® VI (Windows PC),178,0.0762
423,1414793208,MCLA: Complete,177,0.0758
424,1045960524,Metro Exodus,177,0.0758
425,1560034050,Assassin's Creed Syndicate,175,0.0749
426,690285705,The Long Dark,175,0.0749
427,1134837784,SMITE,173,0.0741
428,1297287815,Fable Anniversary,172,0.0736
429,868192693,Gotham Knights,172,0.0736
430,1994868821,Predecessor,172,0.0736
431,1777341064,The Outer Worlds: Spacer's Choice Edition,172,0.0736
432,1112737749,Fallout 3,171,0.0732
433,1988609509,PGA TOUR 2K23,171,0.0732
434,300763685,ACE COMBAT™ 7: SKIES UNKNOWN,170,0.0728
435,2041142160,Maximum Football,170,0.0728
436,58472989,Killer Instinct,168,0.0719
437,1935490407,Little Nightmares Enhanced Edition,168,0.0719
438,1795379754,The Walking Dead: The Complete First Season,168,0.0719
439,1728296368,Vampire Crawlers: The Turbo Wildcard from Vampire Survivors,166,0.0711
440,1793309125,WWE 2K24,166,0.0711
441,2141212892,33 Immortals,165,0.0706
442,1952300170,Battlefield™ 2042 Xbox One,165,0.0706
443,921016611,Crossout,164,0.0702
444,2120617189,Invincible VS,164,0.0702
445,2135594829,Jurassic World Evolution 2,164,0.0702
446,1962559957,KINGDOM HEARTS - HD 1.5+2.5 ReMIX -,164,0.0702
447,1961670808,UFL,164,0.0702
448,1065708874,Skull and Bones,163,0.0698
449,1297287382,Fable III,162,0.0694
450,1855780914,DreamWorks Gabby’s Dollhouse: Ready to Party,161,0.0689
451,1949641254,TerraTech Legion,161,0.0689
452,384396065,Unravel Two,161,0.0689
453,1997252569,Need for Speed™ Hot Pursuit Remastered,160,0.0685
454,1681220621,STAR WARS™ Battlefront™,160,0.0685
455,2135464087,Bellwright,159,0.0681
456,1000604311,Resident Evil Revelations 2 (Episode One),159,0.0681
457,74304278,Tom Clancy’s The Division,159,0.0681
458,1997201494,Aliens: Fireteam Elite,158,0.0676
459,2032762484,Descenders Next (Game Preview),158,0.0676
460,655591242,Far Cry® New Dawn,157,0.0672
461,367254866,Sleeping Dogs™ Definitive Edition,157,0.0672
462,2038330799,Aimlabs,155,0.0664
463,2052376111,Beastro,155,0.0664
464,2057463803,The Texas Chain Saw Massacre,155,0.0664
465,2136186351,MOTORSLICE,154,0.0659
466,2154930,Call of Duty®: Modern Warfare® Remastered,152,0.0651
467,605932637,Hello Neighbor,152,0.0651
468,1251455286,Metro 2033 Redux,152,0.0651
469,748474487,Cities: Skylines - Windows 10 Edition,151,0.0647
470,813411968,LEGO® Marvel Super Heroes 2,151,0.0647
471,1037514907,Burnout™ Paradise Remastered,150,0.0642
472,1999574456,Forza Motorsport 7,150,0.0642
473,739464821,South Park™: The Fractured but Whole™,150,0.0642
474,2120287235,Truck World: Australia - First Haul,150,0.0642
475,1013969466,NARUTO TO BORUTO: SHINOBI STRIKER,149,0.0638
476,924775200,Devil May Cry 5,148,0.0634
477,1327376519,DOOM,148,0.0634
478,1907796436,DREDGE,148,0.0634
479,1848927238,BALL x PIT,147,0.0629
480,791545701,Goat Simulator,147,0.0629
481,1112934373,Toy Story 3,147,0.0629
482,1689096270,Active Matter Demo,145,0.0621
483,1414596604,Saints Row 2,145,0.0621
484,847310458,South Park™: The Stick of Truth ™,145,0.0621
485,309834943,Wheel Of Fortune®,145,0.0621
486,875417719,Call of Duty®: Advanced Warfare,144,0.0617
487,415563833,DiRT Rally 2.0,144,0.0617
488,210179407,Back 4 Blood,143,0.0612
489,1297287153,Fable II,143,0.0612
490,1989637637,Cooking Simulator,142,0.0608
491,2081484036,Superliminal,142,0.0608
492,2046562785,Avowed,141,0.0604
493,627891457,Little Nightmares II Enhanced Edition,141,0.0604
494,1918441274,MONOPOLY PLUS,141,0.0604
495,2008623143,NINJA GAIDEN 4,141,0.0604
496,927474846,Firewatch,140,0.0599
497,2071676002,EA SPORTS™ FIFA 23 Standard Edition Xbox Series X|S,139,0.0595
498,1741206400,Little Nightmares III,139,0.0595
499,531437752,Rogue Company,138,0.0591
500,407534069,Neverwinter,136,0.0582
501,245236582,Celeste,135,0.0578
502,1414793189,Civilization Revolution,135,0.0578
503,1955542194,Grand Theft Auto III – The Definitive Edition,135,0.0578
504,956568979,Need for Speed Rivals,135,0.0578
505,1955966351,Black Myth: Wukong,134,0.0574
506,1175562227,Just Cause 3,134,0.0574
507,1676173709,Wizard101,134,0.0574
508,2085228810,EA SPORTS™ WRC,132,0.0565
509,2047911802,For The King II,132,0.0565
510,1743309413,Super Meat Boy 3D,132,0.0565
511,1877522801,Age of Mythology: Retold,130,0.0557
512,954605110,Assassin’s Creed® Rogue Remastered,130,0.0557
513,1770110484,EMPULSE (Game Preview),130,0.0557
514,640703885,LEGO® Marvel's Avengers,130,0.0557
515,1846016063,"Warhammer 40,000: Rogue Trader",130,0.0557
516,2045404355,Dome Keeper,129,0.0552
517,1679434571,John Carpenter's Toxic Commando,129,0.0552
518,416597888,Hungry Shark® World,128,0.0548
519,2090474684,Poppy Playtime: Chapter 1,128,0.0548
520,1128466455,ASURA'S WRATH,127,0.0544
521,1793764669,Zombie Army 4: Dead War,127,0.0544
522,1714434521,Firefighting Simulator - The Squad,126,0.0539
523,2021412862,Raft,126,0.0539
524,1540549950,DARK SOULS™ II: Scholar of the First Sin,125,0.0535
525,1950263247,Mixtape,125,0.0535
526,1670026911,BMX Streets,124,0.0531
527,850118036,Generation Zero®,124,0.0531
528,1660320477,Undertale,124,0.0531
529,143716413,Dragon Age™: The Veilguard,123,0.0527
530,2056728314,inKONBINI: One Store. Many Stories,123,0.0527
531,1970734247,NHL® 24 Xbox One,123,0.0527
532,1843596190,SPLITGATE: Arena Reloaded,123,0.0527
533,265691378,STEEP,123,0.0527
534,2142027917,Fallout Shelter,122,0.0522
535,433376346,FIFA 18,122,0.0522
536,1886320845,DAVE THE DIVER,121,0.0518
537,1981403899,Wolfenstein: The New Order,121,0.0518
538,199746733,Conan Exiles,118,0.0505
539,1837410971,NARAKA: BLADEPOINT,118,0.0505
540,19060482,Trials® Rising,118,0.0505
541,1749127985,Madden NFL 24 Xbox One,117,0.0501
542,1799887933,The Witcher 3: Wild Hunt,117,0.0501
543,1714795112,DOOM + DOOM II,116,0.0497
544,196631666,EA SPORTS™ FIFA 20,116,0.0497
545,1953745880,Roboquest,116,0.0497
546,895890707,ULTIMATE MARVEL VS. CAPCOM 3,115,0.0492
547,2123297300,JoJo's Bizarre Adventure: All-Star Battle R,114,0.0488
548,2114772019,Poppy Playtime: Chapter 5,114,0.0488
549,1911508378,RoboCop: Rogue City,114,0.0488
550,1708767297,Ryse: Son of Rome,114,0.0488
551,1812294496,Mecha BREAK,113,0.0484
552,1984504844,Bleach: Brave Souls Anime Game,111,0.0475
553,1700051314,Deceit 2,111,0.0475
554,1876942993,Gladio Mori Demo,111,0.0475
555,2143306487,NBA 2K23 for Xbox One,111,0.0475
556,1880835530,Atomfall,110,0.0471
557,482947130,Clicker Heroes,110,0.0471
558,196423588,Outlast,110,0.0471
559,1874517142,Retro Classics,110,0.0471
560,1792306481,Starsand Island,110,0.0471
561,256913032,TEKKEN 7,110,0.0471
562,1720075101,Mafia: Definitive Edition for XBOX One,109,0.0467
563,2111261461,NBA 2K24 for Xbox One,109,0.0467
564,862712929,Star Trek Online,109,0.0467
565,1916758859,Donut County,108,0.0462
566,1279330263,LEGO Star Wars: TCS,108,0.0462
567,148020354,METAL GEAR SOLID V: THE PHANTOM PAIN,108,0.0462
568,1670311038,Persona 3 Reload,108,0.0462
569,1938336894,Sledders,108,0.0462
570,1756421327,Teenage Mutant Ninja Turtles: Shredder's Revenge,108,0.0462
571,1265757851,Trials Fusion,108,0.0462
572,2076120890,Deep Rock Galactic: Survivor,107,0.0458
573,1659464109,Elite Dangerous Core,107,0.0458
574,935319545,FIFA 19,107,0.0458
575,1616046491,Gears Tactics - Base Game,107,0.0458
576,1785898011,Sid Meier’s Civilization® VII,107,0.0458
577,1970218801,Dead by Daylight Windows,106,0.0454
578,1813184195,Easy Delivery Co.,106,0.0454
579,1480657033,Peggle,106,0.0454
580,724369121,Saints Row,106,0.0454
581,1855426799,FINAL FANTASY XIV Online,105,0.045
582,1795554480,Barbie™ Horse Trails,104,0.0445
583,69094388,EA SPORTS™ FIFA 17,104,0.0445
584,597771444,Gems of War,104,0.0445
585,2029730324,Mad Max,104,0.0445
586,2083118773,REPLACED,104,0.0445
587,1884079219,Slime Rancher 2,104,0.0445
588,1682965706,Another Crab's Treasure,103,0.0441
589,1681140332,Aphelion,103,0.0441
590,93105265,Friday the 13th: The Game,103,0.0441
591,1992263470,Gothic 1 Remake,103,0.0441
592,346797032,MX vs ATV All Out,103,0.0441
593,1845885580,RV There Yet?,103,0.0441
594,108727346,Suicide Squad: Kill the Justice League,103,0.0441
595,144439061,The Evil Within,103,0.0441
596,1414793400,Grand Theft Auto: San Andreas,102,0.0437
597,2115352193,Pacific Drive,102,0.0437
598,1616307670,PAYDAY 3,102,0.0437
599,2037306921,Poppy Playtime: Chapter 3,102,0.0437
600,2011061477,PRAGMATA,102,0.0437
601,995095203,Warface: Clutch,102,0.0437
602,1712074146,WUCHANG: Fallen Feathers,102,0.0437
603,5433956,Dead Island Definitive Edition,101,0.0432
604,1029888556,LEGO® Jurassic World™,101,0.0432
605,682404126,Paladins,101,0.0432
606,2005028938,S.T.A.L.K.E.R. 2: Heart of Chornobyl - Windows Edition,101,0.0432
607,1949242128,SILENT HILL 2,101,0.0432
608,401515813,Enter The Gungeon,100,0.0428
609,1727852104,FINAL FANTASY VI,100,0.0428
610,1964043658,Mafia II: Definitive Edition,100,0.0428
611,1777477395,MLB® The Show™ 21 Xbox Series X | S,100,0.0428
612,2128546794,NARUTO X BORUTO Ultimate Ninja STORM CONNECTIONS,100,0.0428
613,2131572088,Evil West,99,0.0424
614,2029805012,MultiVersus,99,0.0424
615,1112934455,Star Wars Battlefront II,99,0.0424
616,101393300,LEGO® Batman™ 3: Beyond Gotham,98,0.042
617,1947900602,Like a Dragon: Infinite Wealth,98,0.042
618,1781344339,Control Ultimate Edition - Xbox Series X|S,97,0.0415
619,1889714780,Lords of the Fallen,97,0.0415
620,791051466,Disneyland Adventures,96,0.0411
621,1635275279,ICARUS: Console Edition,96,0.0411
622,767263759,Rock Band 4,96,0.0411
623,1007715169,Warhammer: Vermintide 2,96,0.0411
624,33936946,Zoo Tycoon: Ultimate Animal Collection,96,0.0411
625,2097321401,Blue Prince,95,0.0407
626,1480657521,Doritos Crash Course,95,0.0407
627,1674901200,Inscryption,95,0.0407
628,1803631176,MechWarrior 5: Mercenaries,95,0.0407
629,1771004118,Sniper Elite 5,95,0.0407
630,2030752353,The Binding of Isaac: Repentance,94,0.0402
631,1673618851,Egging On,93,0.0398
632,1684896411,Off The Grid (Game Preview),93,0.0398
633,1645572933,Starlit Kart Racing,93,0.0398
634,2004071321,Black Desert - XBOX Series X|S Upgrade Install Pack,92,0.0394
635,1654542558,Hotline Miami,92,0.0394
636,100764563,Sniper Elite 4,92,0.0394
637,1735182051,SONIC X SHADOW GENERATIONS,92,0.0394
638,1997535850,SpiderHeck,92,0.0394
639,1161890070,Alice: Madness Returns,91,0.039
640,367004125,BioShock Remastered,91,0.039
641,1012216522,Just Cause 4,91,0.039
642,1944915755,Once Human Beta,91,0.039
643,645502086,The Four Kings Casino and Slots,91,0.039
644,976905576,Dragon Age™: Inquisition,90,0.0385
645,975846135,LEGO® DC Super-Villains,90,0.0385
646,2113515818,MLB® The Show™ 23 Xbox Series X|S,90,0.0385
647,59903186,Call of Duty®: Modern Warfare® 2 Campaign Remastered,89,0.0381
648,819720203,JUMP FORCE,89,0.0381
649,2024220276,Phantasy Star Online 2 New Genesis,89,0.0381
650,1768466312,Poppy Playtime: Chapter 2,89,0.0381
651,290870045,SpeedRunners,89,0.0381
652,2089483628,A Plague Tale: Requiem,88,0.0377
653,1246613109,Borderlands: The Pre-Sequel,88,0.0377
654,1880561613,Madden NFL 24 Xbox Series X|S,88,0.0377
655,2067705319,NBA 2K24 for Xbox Series X|S,88,0.0377
656,848717329,Peggle 2,88,0.0377
657,528369592,Devil May Cry HD Collection,87,0.0372
658,1464993751,LEGO Batman,87,0.0372
659,511110146,Metro: Last Light Redux,87,0.0372
660,1096157158,Modern Warfare®,87,0.0372
661,119262432,The Jackbox Party Pack 3,87,0.0372
662,1890581353,Blasphemous,86,0.0368
663,366337421,Borderlands: Game of the Year Edition,86,0.0368
664,527255540,Dishonored 2,86,0.0368
665,446059611,Forza Horizon 2,86,0.0368
666,504518218,L.A. Noire,86,0.0368
667,1642635984,DEAD OR ALIVE 6 Last Round Core Fighters,85,0.0364
668,1940322572,Five Nights at Freddy's,85,0.0364
669,1884682689,Five Nights at Freddy's: Security Breach,85,0.0364
670,1946419297,Jump Space (Game Preview),85,0.0364
671,2103789015,Monster Hunter Rise,85,0.0364
672,2119541613,Paint the Town Red,85,0.0364
673,988203152,Stellaris: Console Edition,85,0.0364
674,1985144601,Stranded Deep,85,0.0364
675,1912255927,Ultimate Sheep Raccoon,85,0.0364
676,2109806164,World of Outlaws: Dirt Racing 24,85,0.0364
677,2068802336,Drift Legends 2,84,0.036
678,722006140,EA SPORTS™ UFC® 3,84,0.036
679,2084133512,Forza Horizon 4 Demo,84,0.036
680,286851285,LEGO Marvel Super Heroes Demo,84,0.036
681,1464993815,LEGO® Batman™ 2,84,0.036
682,2098044337,Poppy Playtime: Chapter 4,84,0.036
683,2042908226,Rugby League 26,84,0.036
684,1480659458,Sonic Adventure™ 2 ,84,0.036
685,1694054782,Forza Motorsport 6,83,0.0355
686,1480659550,Joy Ride Turbo,83,0.0355
687,1655054632,My Friendly Neighborhood,83,0.0355
688,1947019474,ScootX,83,0.0355
689,301917535,Battlefield™ Hardline,82,0.0351
690,1617248429,REANIMAL,82,0.0351
691,884612576,Sonic Mania,82,0.0351
692,583749034,SOULCALIBUR VI,82,0.0351
693,1767703473,Tony Hawk's™ Pro Skater™ 1 + 2,82,0.0351
694,1984358909,Expansion for Explorers Pack 1,81,0.0347
695,1639060910,Minecraft Legends - Windows,81,0.0347
696,2087575977,MOUSE: P.I. For Hire,81,0.0347
697,1908796053,NASCAR Heat 5,81,0.0347
698,1693830737,Alan Wake 2,80,0.0343
699,1812456871,Battletoads,80,0.0343
700,1675226093,Blindfire,80,0.0343
701,5117102,HITMAN™ 2,80,0.0343
702,2071061510,Lies of P,80,0.0343
703,369157937,MARVEL VS. CAPCOM: INFINITE,80,0.0343
704,1590411380,Mass Effect™: Andromeda,80,0.0343
705,1814244511,Nine Sols,80,0.0343
706,1161890066,Portal 2,80,0.0343
707,1957137539,Rabbids®: Party of Legends,80,0.0343
708,1619985048,Deadside,79,0.0338
709,2042794389,Demon Slayer -Kimetsu no Yaiba- The Hinokami Chronicles 2,79,0.0338
710,1033937373,Don't Starve Together: Console Edition,79,0.0338
711,1297287259,Halo: Reach,79,0.0338
712,2103079736,Hamster Playground,79,0.0338
713,885488152,INSIDE,79,0.0338
714,1882004205,Neon Abyss,79,0.0338
715,1801842805,Throne and Liberty,79,0.0338
716,1632796682,DC Universe Online for Xbox Series X|S,78,0.0334
717,1663711933,FINAL FANTASY XVI,78,0.0334
718,1464993833,Injustice: Gods Among Us,78,0.0334
719,1903138273,Sonic Frontiers,78,0.0334
720,1848088335,Subnautica: Below Zero,78,0.0334
721,1921196301,Drug Dealer Simulator 2,77,0.033
722,564131151,Kerbal Space Program Enhanced Edition,77,0.033
723,2142076307,Anno 1800™,76,0.0325
724,1480657236,Banjo-Kazooie,76,0.0325
725,386788672,Cars 3: Driven to Win,76,0.0325
726,212680242,DEAD OR ALIVE 6: Core Fighters,76,0.0325
727,357858858,KINGDOM HEARTS Ⅲ,76,0.0325
728,1161889999,Dante's Inferno™,75,0.0321
729,2026288209,Kabuto Park,75,0.0321
730,1754564226,Atlas Fallen: Reign of Sand (Windows),74,0.0317
731,2056583125,BlazBlue Entropy Effect X,74,0.0317
732,1727396789,FINAL FANTASY,74,0.0317
733,423941531,LEGO® Harry Potter™ Collection,74,0.0317
734,1864882669,Persona 4 Golden,74,0.0317
735,2065981028,Rooftops & Alleys: The Parkour Game,74,0.0317
736,1431504903,TC's RainbowSix Vegas2,74,0.0317
737,1669281297,War Robots: Frontiers,74,0.0317
738,1911743947,wormer,74,0.0317
739,1715352825,Five Nights at Freddy's 2,73,0.0313
740,1761802913,Total Chaos,73,0.0313
741,1161889784,Army of Two™,72,0.0308
742,422246343,Tom Clancy’s Rainbow Six® Extraction,72,0.0308
743,1880089265,Guilty Gear -Strive-,71,0.0304
744,1835926818,Hellblade II: Senua's Saga,71,0.0304
745,504827243,Life Is Strange,71,0.0304
746,1668054382,Tiny Bookshop,71,0.0304
747,1976275779,ARMORED CORE™ VI FIRES OF RUBICON™,70,0.03
748,821136798,DC Universe Online for Xbox One,70,0.03
749,1962388658,Like a Dragon: Pirate Yakuza in Hawaii,70,0.03
750,398011207,LIMBO,70,0.03
751,964214247,Saints Row IV: Re-Elected,70,0.03
752,34441781,Saints Row The Third Remastered,70,0.03
753,1480659422,The Walking Dead,70,0.03
754,859843286,Hellblade: Senua's Sacrifice,69,0.0295
755,1279330258,Star Wars: The Force Unleashed,69,0.0295
756,1890789689,The Casting of Frank Stone™,69,0.0295
757,231674300,The Walking Dead: Season Two,69,0.0295
758,2132291580,NBA 2K22 for Xbox One,68,0.0291
759,903593533,Path of Exile,68,0.0291
760,1161890128,Battlefield 3™,67,0.0287
761,2128853757,Cricket 24,67,0.0287
762,136002788,Farming Simulator 19,67,0.0287
763,1811494560,Demon Slayer -Kimetsu no Yaiba- The Hinokami Chronicles,66,0.0283
764,1100121502,Dishonored® Definitive Edition,66,0.0283
765,1297287625,Forza Horizon,66,0.0283
766,1815914144,Grand Theft Auto V Enhanced (PC),66,0.0283
767,1997835037,I Am Your Beast,66,0.0283
768,1830825388,SILENT HILL f,66,0.0283
769,1397032978,SONIC UNLEASHED,66,0.0283
770,31939361,The Walking Dead: The Final Season,66,0.0283
771,1822990481,BLEACH Rebirth of Souls,65,0.0278
772,1794039305,Coral Island,65,0.0278
773,705006443,Jurassic World Evolution,65,0.0278
774,2071372034,Lawn Mowing Simulator,65,0.0278
775,102287491,Marvel's Avengers Definitive Edition,65,0.0278
776,1302301894,Powerstar Golf,65,0.0278
777,1278031123,Resident Evil,65,0.0278
778,1694250070,Super Animal Royale,65,0.0278
779,759485819,The Escapists 2,65,0.0278
780,1750701033,Tiny Tina's Wonderlands for Xbox Series X|S,65,0.0278
781,2051131113,TopSpin 2K25,65,0.0278
782,1935604508,Train Sim World® 5: Free Starter Pack,65,0.0278
783,591371027,Trove,65,0.0278
784,1797047526,Voidtrain,65,0.0278
785,760882151,CRSED: F.O.A.D.,64,0.0274
786,1748951836,Disco Elysium - The Final Cut,64,0.0274
787,1817185896,Easy Red 2,64,0.0274
788,1790217657,Five Nights at Freddy's 4,64,0.0274
789,1641465936,Kiln,64,0.0274
790,1414793323,Max Payne 3,64,0.0274
791,1704490079,South of Midnight,64,0.0274
792,1518572426,Trackmania® Turbo,64,0.0274
793,2067126551,Forza Motorsport 5,63,0.027
794,1702196563,Frostpunk 2,63,0.027
795,1161889840,Left 4 Dead,63,0.027
796,693381002,LEGO® The Incredibles,63,0.027
797,1705990324,Space Engineers,63,0.027
798,1479999542,Unravel,63,0.027
799,1662853043,Blasphemous 2,62,0.0265
800,25952469,Kingdom Two Crowns,62,0.0265
801,1009393042,Middle-earth™: Shadow of Mordor™ - Game of the Year Edition,62,0.0265
802,2106204901,ONE PIECE: PIRATE WARRIORS 4(Xbox One),62,0.0265
803,1659804324,Ori and the Will of the Wisps,62,0.0265
804,1684061010,SWORN,62,0.0265
805,2008301104,Wildgate,62,0.0265
806,2132785815,Wolfenstein® II: The New Colossus™,62,0.0265
807,1777438490,Devil May Cry 5 Special Edition,61,0.0261
808,1761289795,FIFA 21 Xbox One,61,0.0261
809,1022544763,HITMAN™,61,0.0261
810,1343080382,LEGO® Batman™ 3: Beyond Gotham Demo,61,0.0261
811,2016984284,Onimusha: Way of the Sword DEMO,61,0.0261
812,2027691162,Resident Evil Requiem - Demo,61,0.0261
813,1848367053,Star Trucker,61,0.0261
814,1941663847,Starship Troopers: Extermination,61,0.0261
815,1661063529,The Adventures of Elliot: The Millennium Tales,61,0.0261
816,2024046503,60 Seconds! Reatomized,60,0.0257
817,1480657456,BattleBlock Theater,60,0.0257
818,1911932812,DIRT 5,60,0.0257
819,2136041956,DOOM 64,60,0.0257
820,1297287254,Fuzion Frenzy®,60,0.0257
821,2019267377,Madden NFL 23 Xbox One,60,0.0257
822,1648684496,Sonic Origins,60,0.0257
823,551688870,XCOM® 2,60,0.0257
824,60633334,7 Days to Die,59,0.0253
825,2120976389,Banishers: Ghosts of New Eden,59,0.0253
826,1161889896,BLACK™,59,0.0253
827,1923160643,Dead Rising 3,59,0.0253
828,1675325475,Drop Duchy - Complete Edition,59,0.0253
829,1431505028,Rayman® Origins,59,0.0253
830,1946484624,Session: Skate Sim,59,0.0253
831,1397033032,Sonic Generations,59,0.0253
832,1920996408,Age of Wonders 4,58,0.0248
833,1865197952,Boomerang Fu,58,0.0248
834,1161890205,Dead Space™ 3,58,0.0248
835,1712655251,Garten of Banban 1,58,0.0248
836,1853524575,Mafia: The Old Country,58,0.0248
837,2081060870,Maneater,58,0.0248
838,1263405066,METAL GEAR RISING: REVENGEANCE,58,0.0248
839,2107898177,NBA 2K21,58,0.0248
840,2053707080,NINJA GAIDEN 2 Black,58,0.0248
841,333628240,Quantum Break,58,0.0248
842,1935095398,星之翼(Starward),58,0.0248
843,1823385601,Bassmaster® Fishing,57,0.0244
844,2032937393,Cup Heroes,57,0.0244
845,1824138520,Mirror's Edge™ Catalyst,57,0.0244
846,1161889811,skate.,57,0.0244
847,1579532320,Sunset Overdrive,57,0.0244
848,2021058326,Way of the Hunter,57,0.0244
849,1827287476,World of Outlaws: Dirt Racing,57,0.0244
850,189838548,Bus Simulator,56,0.024
851,849613404,Dragon's Dogma: Dark Arisen,56,0.024
852,1777668222,GRID Legends,56,0.024
853,964019698,Immortals Fenyx Rising™,56,0.024
854,2136035101,Monopoly Madness,56,0.024
855,1777116945,Moving Out 2,56,0.024
856,1789091683,Rain World,56,0.024
857,1128466428,SUPER STREETFIGHTER IV ARCADE EDITION,56,0.024
858,1673398628,Echo Generation 2,55,0.0235
859,1949704395,Green Hell Xbox Series X|S,55,0.0235
860,217258585,Killing Floor 2,55,0.0235
861,1112737745,Oblivion,55,0.0235
862,1698508835,PGA TOUR 2K25 First Look,55,0.0235
863,871098991,STAR WARS™: Squadrons,55,0.0235
864,170773198,The Evil Within® 2,55,0.0235
865,1649441503,The Game of Life 2,55,0.0235
866,2052426459,EA SPORTS™ FIFA 16,54,0.0231
867,2109344129,FINAL FANTASY XV WINDOWS EDITION,54,0.0231
868,2000897177,Mortal Kombat: Legacy Kollection,54,0.0231
869,1987587652,Overcooked! All You Can Eat,54,0.0231
870,1128466466,RESIDENT EVIL CODE: Veronica X,54,0.0231
871,1805523441,Call of the Elder Gods,53,0.0227
872,1267471686,DEAD OR ALIVE 5 Last Round: Core Fighters,53,0.0227
873,1613480279,NBA 2K20,53,0.0227
874,1900564739,New Super Lucky's Tale,53,0.0227
875,2072176568,Pinball FX,53,0.0227
876,1621567212,ROUTINE,53,0.0227
877,1159891781,Wolfenstein: The Old Blood,53,0.0227
878,8769689,Ancestors: The Humankind Odyssey,52,0.0223
879,320506923,Dead Rising 2,52,0.0223
880,1943631392,Digimon Story Time Stranger,52,0.0223
881,1867148258,eFootball PES 2021 SEASON UPDATE,52,0.0223
882,668438210,LEGO® CITY Undercover,52,0.0223
883,1713510228,RIDE 5,52,0.0223
884,2017944493,Super Mega Baseball 3,52,0.0223
885,2042287543,Aliens: Dark Descent,51,0.0218
886,1690468494,DEATHLOOP,51,0.0218
887,1161889984,Dragon Age: Origins,51,0.0218
888,1112934402,LEGO Pirates of the Caribbean: The Video Game,51,0.0218
889,2110974782,MARVEL vs. CAPCOM Fighting Collection: Arcade Classics,51,0.0218
890,852732437,State of Decay: Year-One,51,0.0218
891,155936527,Street Fighter 30th Anniversary Collection,51,0.0218
892,2145202828,Tricking 0,51,0.0218
893,1668430766,Cities: Skylines II - PC Edition,50,0.0214
894,951560105,Control,50,0.0214
895,1754663581,MULLET MADJACK,50,0.0214
896,856376259,NBA 2K19,50,0.0214
897,1414596561,Saints Row,50,0.0214
898,2119739112,Monster Train 2,49,0.021
899,2098944426,MXGP 2021 - The Official Motocross Videogame,49,0.021
900,472512000,Resident Evil Revelations,49,0.021
901,1785174857,Spelunky 2,49,0.021
902,282062756,The Walking Dead: A New Frontier - Episode 1,49,0.021
903,2030027058,Wartales,49,0.021
904,1885859783,FATAL FURY: City of the Wolves,48,0.0206
905,1970836204,Hotline Miami 2: Wrong Number,48,0.0206
906,867642949,LEGO® Worlds,48,0.0206
907,1874376911,Splitgate,48,0.0206
908,1919875042,MLB® The Show™ 22 Xbox Series X | S,47,0.0201
909,1739902381,PBA Pro Bowling 2026,47,0.0201
910,1414596717,Saints Row®: The Third™ ,47,0.0201
911,2140283055,Baldur's Gate and Baldur's Gate II: Enhanced Editions,46,0.0197
912,1480659414,Bejeweled 3,46,0.0197
913,552778408,EA SPORTS™ UFC® 2,46,0.0197
914,273290529,Idle Champions of the Forgotten Realms,46,0.0197
915,1757959613,Jujutsu Kaisen Cursed Clash DEMO,46,0.0197
916,87350449,NieR:Automata™ BECOME AS GODS Edition,46,0.0197
917,515050978,Rare Replay,46,0.0197
918,1921488037,The Settlers®: New Allies,46,0.0197
919,2063484815,Train Sim World® 6: Free Starter Pack,46,0.0197
920,1115757811,Alien: Isolation,45,0.0193
921,12206284,eFootball PES 2020,45,0.0193
922,1766088016,Farming Simulator 25 (PC),45,0.0193
923,1928512137,FBC: Firebreak,45,0.0193
924,1480657258,Hydro Thunder,45,0.0193
925,1397033053,Sonic & All-Stars Racing Transformed,45,0.0193
926,974586226,We Happy Few,45,0.0193
927,1480656879,Zuma,45,0.0193
928,1480657237,Banjo-Tooie,44,0.0188
929,996030243,BioShock 2 Remastered,44,0.0188
930,699731308,BioShock Infinite: The Complete Edition,44,0.0188
931,1863597561,Coloring Book,44,0.0188
932,1161889879,Dead Space™,44,0.0188
933,1713885313,DPS IDLE 2,44,0.0188
934,1962870476,EA SPORTS™ Madden NFL 27,44,0.0188
935,1804966091,Forager,44,0.0188
936,1993022209,Hi-Fi RUSH,44,0.0188
937,1688832803,Monster Energy Supercross - The Official Videogame 6,44,0.0188
938,1650588295,OddBallers™,44,0.0188
939,2029650168,Overthrown,44,0.0188
940,1833883015,Rust Console Edition X|S - Public Test Branch,44,0.0188
941,409741425,Worms W.M.D,44,0.0188
942,1161889782, Medal of Honor Airborne,43,0.0184
943,274976276,ARCADE GAME SERIES: PAC-MAN,43,0.0184
944,869628338,Attack on Titan 2,43,0.0184
945,1847979820,FIFA 22 Xbox Series X|S,43,0.0184
946,1279330291,LEGO Star Wars III ,43,0.0184
947,1699829016,Monster Hunter Stories 3: Twisted Reflection,43,0.0184
948,1464993789,Mortal Kombat,43,0.0184
949,1480657445,Sonic Adventure,43,0.0184
950,548623535,SpongeBob SquarePants: Battle for Bikini Bottom - Rehydrated,43,0.0184
951,1682965190,Stray,43,0.0184
952,1755825192,The LEGO Movie Videogame,43,0.0184
953,1723509320,Amazing Frog? (Game Preview),42,0.018
954,2030524086,As Dusk Falls,42,0.018
955,1741940049,Bag Fight,42,0.018
956,1161890015,Dead Space™ 2,42,0.018
957,427070178,FINAL FANTASY X/X-2 HD Remaster,42,0.018
958,1860089403,Ghostwire: Tokyo,42,0.018
959,1898092029,Inops,42,0.018
960,1944276274,Little Rocket Lab,42,0.018
961,1693050229,Madden NFL 22 Xbox One,42,0.018
962,1728022534,Plants vs. Zombies™: Replanted,42,0.018
963,1868826586,RimWorld Console Edition,42,0.018
964,1263405125,Silent Hill:  HD Collection,42,0.018
965,2075142437,Sonic Racing: CrossWorlds Demo,42,0.018
966,1798733099,Teenage Mutant Ninja Turtles: Splintered Fate,42,0.018
967,2122392131,Winter Burrow,42,0.018
968,2012953823,WWE 2K22 for Xbox One,42,0.018
969,1941033112,Anno 117: Pax Romana,41,0.0176
970,1480659632,Call of Juarez® Gunslinger,41,0.0176
971,1910114469,Deadzone: Rogue,41,0.0176
972,1957968654,Destroy All Humans! - Clone Carnage,41,0.0176
973,1089570315,Devil May Cry 4 Special Edition,41,0.0176
974,1970109802,Madden NFL 21 Xbox One,41,0.0176
975,1846145161,Metaphor: ReFantazio,41,0.0176
976,1982609664,Mistfall Hunter Open Beta,41,0.0176
977,731662901,Monster Energy Supercross - The Official Videogame,41,0.0176
978,2147115693,Project Wingman,41,0.0176
979,1678459920,Towerborne,41,0.0176
980,1634720918,Ultimate Custom Night,41,0.0176
981,1431504874,Brothers in Arms: HH,40,0.0171
982,1751733247,Doki Doki Literature Club Plus!,40,0.0171
983,1782579390,DPS Idle,40,0.0171
984,2137885631,FIFA 21 Xbox Series X|S,40,0.0171
985,1705097731,Halls of Torment,40,0.0171
986,2062957237,Hell Let Loose: Vietnam,40,0.0171
987,2082961842,Jujutsu Kaisen Cursed Clash,40,0.0171
988,575414105,Life is Strange 2 - Episode 1,40,0.0171
989,148078765,Madden NFL 20,40,0.0171
990,1480657103,Metal Slug 3,40,0.0171
991,1871994086,Planet Zoo: Console Edition,40,0.0171
992,907086072,Prey,40,0.0171
993,1431505078,Tom Clancy’s Splinter Cell® Blacklist™,40,0.0171
994,1756919443,WWE 2K23 for Xbox One,40,0.0171
995,1025057816,Battle Ages,39,0.0167
996,2000221001,Blizzard® Arcade Collection PC,39,0.0167
997,1096157436,Call of Duty®: Ghosts,39,0.0167
998,1814325409,Fantasy Dash,39,0.0167
999,1689264723,FIFA 15,39,0.0167
1000,1692871917,Frozen Free Fall: Snowball Fight,39,0.0167
1001,1761060600,Happy Wars,39,0.0167
1002,572268056,Little Nightmares,39,0.0167
1003,1751185882,METAL GEAR SOLID Δ: SNAKE EATER,39,0.0167
1004,2092112354,Monster Jam™ Showdown,39,0.0167
1005,1414596649,MX vs ATV Reflex,39,0.0167
1006,643918998,NARUTO SHIPPUDEN™: Ultimate Ninja® STORM 4 Demo,39,0.0167
1007,1702869784,Project Motor Racing,39,0.0167
1008,1667881927,Redfall,39,0.0167
1009,1762703770,The Lord of the Rings: Return to Moria™,39,0.0167
1010,618537566,The Outer Worlds,39,0.0167
1011,1946103240,Tomb Raider I-III Remastered Starring Lara Croft,39,0.0167
1012,2004428777,WILD HEARTS™ Standard Edition,39,0.0167
1013,1914086330,Broforce,38,0.0163
1014,824378203,Crackdown 3: Campaign,38,0.0163
1015,686783342,Divinity: Original Sin 2 - Definitive Edition,38,0.0163
1016,2096821037,DOOM 3,38,0.0163
1017,1960955312,I Am Fish,38,0.0163
1018,1984680366,Medieval Dynasty (Xbox One),38,0.0163
1019,1619790969,Minishoot' Adventures,38,0.0163
1020,893913058,MX Unleashed,38,0.0163
1021,105831487,NARUTO SHIPPUDEN™: Ultimate Ninja® STORM 3 Full Burst,38,0.0163
1022,340920273,Overcooked,38,0.0163
1023,2080211397,Stardew Valley,38,0.0163
1024,1840411466,Untitled Goose Game,38,0.0163
1025,337857707,Bendy and the Ink Machine,37,0.0158
1026,1161889989,Brütal Legend,37,0.0158
1027,1764318423,Call of Duty®: Vanguard - Standard Edition,37,0.0158
1028,439107693,Dungeon Defenders II,37,0.0158
1029,1691448998,Farm Together 2,37,0.0158
1030,1774172067,HOT WHEELS UNLEASHED™ 2 - Turbocharged,37,0.0158
1031,1840565677,Island Saver,37,0.0158
1032,1792638437,Lost Records: Bloom & Rage,37,0.0158
1033,2014650813,Minecraft: Story Mode - Episode 1: The Order of the Stone,37,0.0158
1034,386601590,Project CARS 2 Demo,37,0.0158
1035,914276891,RAGE 2,37,0.0158
1036,2040766801,Test Drive Unlimited Solar Crown,37,0.0158
1037,271965907,Wasteland 3,37,0.0158
1038,1763444345,Aerial_Knight's DropShot,36,0.0154
1039,1096157137,Call of Duty® 2,36,0.0154
1040,907587004,Dead Island: Riptide Definitive Edition,36,0.0154
1041,1906937527,Far Cry 3 Blood Dragon Classic Edition,36,0.0154
1042,1991431474,Grim Idle,36,0.0154
1043,1969906662,MY HERO ACADEMIA: All’s Justice,36,0.0154
1044,1935747145,Prototype®2,36,0.0154
1045,2021825958,RIDE 6,36,0.0154
1046,129325438,SONIC FORCES,36,0.0154
1047,1128466401,STREET FIGHTER IV,36,0.0154
1048,2104181770,The First Berserker: Khazan,36,0.0154
1049,2098462228,The Jackbox Party Pack 7,36,0.0154
1050,278981929,[PROTOTYPE®],35,0.015
1051,1297287149,Banjo Kazooie: N n B,35,0.015
1052,1802600743,Capcom Arcade Stadium,35,0.015
1053,1270951403,Dead Rising 4,35,0.015
1054,1480656881,Feeding Frenzy,35,0.015
1055,1663990634,GigaBash,35,0.015
1056,1050025307,Grand Theft Auto V,35,0.015
1057,2094642688,Just Shapes & Beats,35,0.015
1058,1764536463,LEGO® The Hobbit™,35,0.015
1059,971220532,NBA 2K Playgrounds 2,35,0.015
1060,374430704,NBA 2K17,35,0.015
1061,2019117069,NBA 2K26 Standard Edition (Windows PC),35,0.015
1062,1480659436,NBA JAM: On Fire Edition,35,0.015
1063,1932565641,Pikuniku,35,0.015
1064,2065674944,Resident Evil Re:Verse,35,0.015
1065,1931911684,Shredders,35,0.015
1066,1431504907,SplinterCellConviction,35,0.015
1067,2086031333,The Thaumaturge,35,0.015
1068,1808134657,ANNO : Mutationem,34,0.0146
1069,1983212679,Bloons TD 6,34,0.0146
1070,1736409202,DEEEER Simulator: Your Average Everyday Deer Game,34,0.0146
1071,1664487314,Football Manager 26,34,0.0146
1072,1931936981,Goat Simulator: Remastered (Windows Edition),34,0.0146
1073,894121859,LEGO® MARVEL's Avengers DEMO,34,0.0146
1074,285742376,NBA 2K16,34,0.0146
1075,162448742,Outer Wilds,34,0.0146
1076,1112934459,Star Wars Republic Commando,34,0.0146
1077,2040514027,Terminull Brigade™,34,0.0146
1078,1480657242,Trials HD,34,0.0146
1079,1717071867,ZOMBI,34,0.0146
1080,1792749432,Alan Wake Remastered,33,0.0141
1081,1297287132,Crackdown,33,0.0141
1082,1867652631,Firefighting Simulator: Ignite,33,0.0141
1083,42119495,Killer Instinct Classic,33,0.0141
1084,94171386,MXGP3,33,0.0141
1085,1676550189,MY HERO ONE'S JUSTICE 2,33,0.0141
1086,1469186547,Resident Evil 0,33,0.0141
1087,1128466461,Resident Evil Operation Raccoon City,33,0.0141
1088,217831213,RISK,33,0.0141
1089,1112934452,STAR WARS KOTOR,33,0.0141
1090,1843694822,The Quarry for Xbox Series X|S,33,0.0141
1091,1848191014,TUNIC,33,0.0141
1092,1886146911,Yet Another Zombie Survivors,33,0.0141
1093,972461615,Battle Islands,32,0.0137
1094,1414793340,Borderlands 2,32,0.0137
1095,1801055182,Bounty Star,32,0.0137
1096,1112934398,Cars 2: The Video Game,32,0.0137
1097,1625569842,Choo-Choo Charles,32,0.0137
1098,1878376737,Contraband Police Demo,32,0.0137
1099,274219762,Dead Rising 2 Off the Record,32,0.0137
1100,1864660438,Dead Static Drive,32,0.0137
1101,1801537563,F1® 2021,32,0.0137
1102,2097945335,F1® 23,32,0.0137
1103,1616852724,Full Throttle Remastered,32,0.0137
1104,1669831089,Gold Mining Simulator,32,0.0137
1105,1297287142,Halo 3,32,0.0137
1106,2036178233,Monster Energy Supercross 25 - The Official Video Game,32,0.0137
1107,1414596574,MX vs. ATV: Untamed,32,0.0137
1108,1799461557,NBA 2K23 for Xbox Series X|S,32,0.0137
1109,275132544,SEGA® Genesis Classics™,32,0.0137
1110,1633152429,SONIC SUPERSTARS,32,0.0137
1111,1161890157,SSX,32,0.0137
1112,1853160773,STAR WARS™: Battlefront Classic Collection,32,0.0137
1113,2000011414,Starlit Adventures,32,0.0137
1114,1040009086,Super Lucky's Tale,32,0.0137
1115,1480657498,Super Meat Boy,32,0.0137
1116,240091546,SUPERHOT,32,0.0137
1117,593828894,Absolver,31,0.0133
1118,1161889756,Burnout Revenge,31,0.0133
1119,1880193218,Century: Age of Ashes,31,0.0133
1120,1480659910,DuckTales: Remastered,31,0.0133
1121,1662474270,Eternal Strands,31,0.0133
1122,1691849278,FINAL FANTASY IV,31,0.0133
1123,2028516160,Hardspace: Shipbreaker - Windows,31,0.0133
1124,1802207786,HOT WHEELS UNLEASHED™ - Windows Edition,31,0.0133
1125,2139519684,Hydroneer,31,0.0133
1126,399942284,LEGO® Jurassic World™ Demo,31,0.0133
1127,1653696130,Microsoft Mahjong,31,0.0133
1128,1656145947,Moonlighter,31,0.0133
1129,559544937,Ori and the Blind Forest: Definitive Edition,31,0.0133
1130,587488276,Outlast 2,31,0.0133
1131,717702870,OUTRIDERS,31,0.0133
1132,1805770178,PAW Patrol Mighty Pups Save Adventure Bay,31,0.0133
1133,1696173302,RIDE 4,31,0.0133
1134,978050046,ShellShock Live,31,0.0133
1135,1928322650,Snooker Blitz,31,0.0133
1136,1726756158,Spiritfarer®: Farewell Edition,31,0.0133
1137,1112934458,STAR WARS KOTOR II,31,0.0133
1138,2028975703,Superball,31,0.0133
1139,1161889807,The Orange Box,31,0.0133
1140,1211542442,Valiant Hearts: The Great War,31,0.0133
1141,1986852796,Brews & Bastards,30,0.0128
1142,2079414802,CATAN® - Console Edition,30,0.0128
1143,1631581287,Cronos: The New Dawn,30,0.0128
1144,1161890059,Dragon Age™ 2,30,0.0128
1145,1788513791,DRAGON BALL Z: KAKAROT Demo Version,30,0.0128
1146,1902411725,Hell is Us,30,0.0128
1147,530599647,Homefront®: The Revolution,30,0.0128
1148,1279330271,LEGO Indiana Jones,30,0.0128
1149,469309830,NARUTO™: Ultimate Ninja® STORM,30,0.0128
1150,961593710,NHL® 20,30,0.0128
1151,1809107273,NHL® 24 Xbox Series X|S,30,0.0128
1152,1480657346,Perfect Dark,30,0.0128
1153,2028530104,Prince of Persia The Lost Crown,30,0.0128
1154,1615232474,The Walking Dead: The Telltale Definitive Series,30,0.0128
1155,1937610303,Two Point Museum,30,0.0128
1156,1431504852,Assassin's Creed,29,0.0124
1157,1480656967,Castlevania: SOTN,29,0.0124
1158,1871238901,Crime Boss: Rockay City,29,0.0124
1159,1431504947,Ghost Recon: Future Soldier™,29,0.0124
1160,984363462,Graveyard Keeper,29,0.0124
1161,1720633196,Minecraft Dungeons for Windows,29,0.0124
1162,1909911128,NASCAR Heat 4,29,0.0124
1163,1685135803,NHL® 22 Xbox One,29,0.0124
1164,2013083896,NINJA GAIDEN: Ragebound,29,0.0124
1165,757817533,PRO EVOLUTION SOCCER 2019,29,0.0124
1166,2021110805,Roblox - Not Supported,29,0.0124
1167,1642757300,SpongeBob SquarePants: Titans of the Tide Demo,29,0.0124
1168,1279330290,Star Wars: The Force Unleashed II,29,0.0124
1169,1957310205,Streets of Rage 4,29,0.0124
1170,1788169756,Taxi Life: A City Driving Simulator,29,0.0124
1171,1793267614,Techtonica (Game Preview),29,0.0124
1172,1313671257,TEKKEN TAG TOURNAMENT 2,29,0.0124
1173,1945435013,TRIVIAL PURSUIT Live! 2,29,0.0124
1174,1983962095,"Warhammer 40,000: Battlesector",29,0.0124
1175,1707142453,WWE 2K23 for Xbox Series X|S,29,0.0124
1176,1715865995,Back to the Dawn,28,0.012
1177,2026693193,Bus Simulator 21 Next Stop,28,0.012
1178,1723836102,Cookie Clicker,28,0.012
1179,1297287356,Crackdown 2,28,0.012
1180,2131786732,Directive 8020,28,0.012
1181,1894948980,Dreamcore,28,0.012
1182,1952256197,F1 2020,28,0.012
1183,1873893114,Just Die Already,28,0.012
1184,1161889872,Mirror's Edge™,28,0.012
1185,485601591,NARUTO SHIPPUDEN™: Ultimate Ninja® STORM 2,28,0.012
1186,1986349001,NHL® 23 Xbox One,28,0.012
1187,1726129713,Planet Coaster: Console Edition,28,0.012
1188,2006710939,Skater XL,28,0.012
1189,1646985614,Space Jam: A New Legacy - The Game,28,0.012
1190,597690024,SWORD ART ONLINE: FATAL BULLET,28,0.012
1191,1313671164,TEKKEN 6,28,0.012
1192,62572131,The Wolf Among Us,28,0.012
1193,2047601430,Truck and Logistics Simulator,28,0.012
1194,1148805248,Yu-Gi-Oh! Legacy of the Duelist,28,0.012
1195,1480659433,Zuma's Revenge!,28,0.012
1196,1615431074,1000xRESIST,27,0.0116
1197,2035296401,Capcom Arcade 2nd Stadium,27,0.0116
1198,1768031432,Car Dealer Simulator,27,0.0116
1199,1628280816,Faaast Penguin,27,0.0116
1200,1397819396,Hitman: Absolution,27,0.0116
1201,2017169801,LOLLIPOP CHAINSAW RePOP,27,0.0116
1202,1867295360,Monster Sanctuary,27,0.0116
1203,2046531735,Predator: Hunting Grounds,27,0.0116
1204,1843641391,Quake,27,0.0116
1205,1691013379,Secret Neighbor,27,0.0116
1206,1864659895,Sniper Ghost Warrior Contracts 2,27,0.0116
1207,383880849,Transference™,27,0.0116
1208,1860058296,TT Isle Of Man: Ride on the Edge 3,27,0.0116
1209,1654418819,Vampire Hunters,27,0.0116
1210,1307429766,Worms Battlegrounds,27,0.0116
1211,1628688048,Atomic Heart,26,0.0111
1212,1313671226,Dark Souls™,26,0.0111
1213,2109350810,Dungeons Of Hinterberg,26,0.0111
1214,1920237746,FINAL FANTASY II,26,0.0111
1215,387693234,Hawken,26,0.0111
1216,1859409710,INDIKA,26,0.0111
1217,1876744786,Killing Floor 3,26,0.0111
1218,1900811986,Kingdoms of Amalur: Re-Reckoning,26,0.0111
1219,1091024470,Magic Duels,26,0.0111
1220,1923279922,Marvel's Guardians of the Galaxy,26,0.0111
1221,2028249570,MIO: Memories in Orbit,26,0.0111
1222,2118184557,Monster Jam Steel Titans 2,26,0.0111
1223,880031210,NBA LIVE 19,26,0.0111
1224,1010226785,One Piece: Burning Blood,26,0.0111
1225,1690934635,Planet of Lana II,26,0.0111
1226,1480657248,Portal: Still Alive,26,0.0111
1227,1861545287,Tainted Grail: The Fall of Avalon,26,0.0111
1228,1983809908,The Precinct,26,0.0111
1229,1297287154,Viva Piñata,26,0.0111
1230,1774685333,Volcano Princess,26,0.0111
1231,1880818134,AFL 26,25,0.0107
1232,1480657079,Castle Crashers,25,0.0107
1233,1297287892,Conker: Live and Reloaded,25,0.0107
1234,1775878547,DPS IDLE 2 (Xbox One),25,0.0107
1235,751766205,EA Play Hub,25,0.0107
1236,1673998520,F1® Manager 2024,25,0.0107
1237,1799236568,FINAL FANTASY V,25,0.0107
1238,607966981,FINAL FANTASY VII,25,0.0107
1239,1044501532,Jeopardy!,25,0.0107
1240,505222320,Monster Jam Steel Titans,25,0.0107
1241,1112737785,Morrowind,25,0.0107
1242,2030792699,PGA TOUR 2K21,25,0.0107
1243,1740314317,ScooterFlow,25,0.0107
1244,1664251645,TEKKEN 8 - DEMO,25,0.0107
1245,449890085,The Jackbox Party Pack 4,25,0.0107
1246,654883159,The LEGO® NINJAGO® Movie Video Game,25,0.0107
1247,531971604,WWE 2K19,25,0.0107
1248,1791400679,Yakuza: Like a Dragon,25,0.0107
1249,1680433621,Young Suns (Game Preview),25,0.0107
1250,969381141,A Plague Tale: Innocence,24,0.0103
1251,588577476,ARCADE GAME SERIES: GALAGA,24,0.0103
1252,524641908,Assassin's Creed® Chronicles: China,24,0.0103
1253,1431505090,Assassin’s Creed® IV,24,0.0103
1254,1464993832,Batman: Arkham Origins,24,0.0103
1255,1777786002,Commandos: Origins,24,0.0103
1256,2077764934,Crysis Remastered,24,0.0103
1257,1822577333,Dead Rising Deluxe Remaster,24,0.0103
1258,696196977,DRAGON BALL XENOVERSE,24,0.0103
1259,1613695074,Five Nights at Freddy's 3,24,0.0103
1260,1480656849,Hexic HD,24,0.0103
1261,2047199918,Isonzo (Windows),24,0.0103
1262,1775780452,Just Dance Free Experience,24,0.0103
1263,1708233397,LEGO® Harry Potter™ Collection,24,0.0103
1264,2028627076,Marvel's Midnight Suns for Xbox Series X|S,24,0.0103
1265,1714660110,Microsoft Bubble,24,0.0103
1266,1414596731,MX vs. ATV Alive,24,0.0103
1267,2048545274,Rubber Bandits,24,0.0103
1268,1819798709,Tetris® Effect: Connected,24,0.0103
1269,659391373,WWE 2K16,24,0.0103
1270,1744345373,WWE 2K22 for Xbox Series X|S,24,0.0103
1271,2116409537,Yu-Gi-Oh! Legacy of the Duelist : Link Evolution,24,0.0103
1272,1414793191,Borderlands,23,0.0098
1273,1480657664,DEAD RISING 2: CASE WEST,23,0.0098
1274,1797553917,DYNASTY WARRIORS: ORIGINS,23,0.0098
1275,1431505036,Far Cry 3,23,0.0098
1276,1128466413,LOST PLANET 2,23,0.0098
1277,1703086168,Microsoft Sudoku,23,0.0098
1278,1931921361,Monster Energy Supercross - The Official Videogame 5,23,0.0098
1279,1070680307,MudRunner,23,0.0098
1280,1960926264,Phoenix Point,23,0.0098
1281,1740860919,Sniper Ghost Warrior Contracts,23,0.0098
1282,39069682,The Jackbox Party Pack 2,23,0.0098
1283,1748769487,The Jackbox Party Pack 6,23,0.0098
1284,1793645165,THE KING OF FIGHTERS XV Standard Edition,23,0.0098
1285,1628698678,Thief Simulator,23,0.0098
1286,2093066399,Carrion,22,0.0094
1287,1161890190,Crysis® 3,22,0.0094
1288,1146095621,Earth Defense Force 2025,22,0.0094
1289,1997023214,FINAL FANTASY IX,22,0.0094
1290,682562723,Halo: Spartan Assault,22,0.0094
1291,1911404173,Immortals of Aveum™,22,0.0094
1292,1639666819,INAZUMA ELEVEN: Victory Road,22,0.0094
1293,2028723617,LEGO® Party!,22,0.0094
1294,1249526091,Madden NFL 16,22,0.0094
1295,2020925735,Make Way,22,0.0094
1296,1941002186,ON THE ROAD - The Truck Simulator,22,0.0094
1297,1752331738,One Leaves,22,0.0094
1298,1542414577,Plague Inc: Evolved,22,0.0094
1299,1431505091,Rayman® Legends,22,0.0094
1300,1532956420,Sébastien Loeb Rally EVO,22,0.0094
1301,1480657485,Space Invaders: IG,22,0.0094
1302,1938484197,The Adventures of Elliot: The Millennium Tales Prologue Demo,22,0.0094
1303,2013541297,"Warhammer 40,000: Space Marine - Master Crafted Edition",22,0.0094
1304,1431505070,Assassin's Creed® III ,21,0.009
1305,1480656850,Bejeweled 2,21,0.009
1306,1161889798,Burnout Paradise,21,0.009
1307,1724411039,Card Storm Idle,21,0.009
1308,206503430,Clustertruck,21,0.009
1309,793598300,CODE VEIN,21,0.009
1310,1859542622,Contra Anniversary Collection,21,0.009
1311,1727909174,Crossy Road Castle Demo,21,0.009
1312,1161890152,Crysis,21,0.009
1313,2123216194,Crysis 2 Remastered,21,0.009
1314,856892583,Darksiders II Deathinitive Edition,21,0.009
1315,1885511808,Date Everything!,21,0.009
1316,1757807931,FINAL FANTASY TACTICS - The Ivalice Chronicles,21,0.009
1317,1955982965,Gunfire Reborn,21,0.009
1318,1977008263,JoJo's Bizarre Adventure: All-Star Battle R Demo Version,21,0.009
1319,717669198,Madden NFL 19,21,0.009
1320,650249872,Metal Gear Solid V: Ground Zeroes,21,0.009
1321,2109269529,Mina The Hollower,21,0.009
1322,2143308729,Monster Hunter Stories,21,0.009
1323,1679589975,Mortal Shell: Enhanced Edition,21,0.009
1324,1873450782,MXGP 2020 - The Official Motocross Videogame,21,0.009
1325,1297287123,Perfect Dark Zero,21,0.009
1326,487177805,Prison Architect: Xbox One Edition,21,0.009
1327,816351210,Risk: Urban Assault,21,0.009
1328,1889456287,Roller Champions™,21,0.009
1329,1060097466,Serious Sam Collection,21,0.009
1330,1947725080,Skul: The Hero Slayer,21,0.009
1331,1112934454,Star Wars Battlefront,21,0.009
1332,1883232264,STAR WARS™ Episode I Racer,21,0.009
1333,2060188345,Street Fighter™ 6 Demo,21,0.009
1334,19615130,Super Mega Baseball: Extra Innings,21,0.009
1335,23570566,Batman - The Telltale Series - Episode 1: Realm of Shadows,20,0.0086
1336,2019604779,Cricket 26 - The Official Game of the Ashes,20,0.0086
1337,725442241,Darksiders Warmastered Edition,20,0.0086
1338,1954227024,DRAGON BALL: THE BREAKERS,20,0.0086
1339,2109927239,Five Nights at Freddy's: Sister Location,20,0.0086
1340,1927102516,Herdling,20,0.0086
1341,1649675719,Max: The Curse of Brotherhood,20,0.0086
1342,521893123,ONE PIECE World Seeker,20,0.0086
1343,2011093308,Pacify,20,0.0086
1344,1986472488,PAW Patrol™ Rescue Wheels™: Championship,20,0.0086
1345,1624743884,Persona 3 Portable,20,0.0086
1346,1432033734,Pinball Arcade,20,0.0086
1347,1893542225,PIPE by BMX Streets,20,0.0086
1348,1743049130,Quake II,20,0.0086
1349,1734582052,S.T.A.L.K.E.R.: Shadow of Chornobyl - Enhanced Edition,20,0.0086
1350,2112462799,Sengoku Dynasty,20,0.0086
1351,2083038530,STRANGER THAN HEAVEN,20,0.0086
1352,585971749,Super Mega Baseball 2,20,0.0086
1353,1933264626,Survivalist: Invisible Strain,20,0.0086
1354,1431504854,TC's RainbowSix Vegas,20,0.0086
1355,1688839217,The Elder Scrolls V: Skyrim Special Edition (PC),20,0.0086
1356,1480659987,The Walking Dead: Season Two,20,0.0086
1357,1816197116,Wheel World,20,0.0086
1358,496534680,Wolfenstein: Youngblood,20,0.0086
1359,759471095,ARCADE GAME SERIES: Ms. PAC-MAN,19,0.0081
1360,2070921614,Bayonetta,19,0.0081
1361,1096157153,Call of Duty® 3,19,0.0081
1362,1965711939,Capcom Fighting Collection 2,19,0.0081
1363,1729654407,Company of Heroes 3,19,0.0081
1364,406842057,Dead Rising,19,0.0081
1365,374274123,EA SPORTS™ NHL® 19,19,0.0081
1366,1804401706,F1® 22 Xbox Series X|S,19,0.0081
1367,1753087315,Fallout 76 (PC),19,0.0081
1368,1824003155,Family Feud®,19,0.0081
1369,1480657036,Feeding Frenzy 2,19,0.0081
1370,885797626,Fishing Sim World®: Pro Tour,19,0.0081
1371,344311848,For The King,19,0.0081
1372,1720478789,Gas Station Simulator,19,0.0081
1373,1719232621,Hello Guest: Hello Neighbor 2 pre-alpha,19,0.0081
1374,2122788273,Keeper,19,0.0081
1375,1750584112,Lacrosse 26,19,0.0081
1376,1414793190,Mafia II,19,0.0081
1377,1889321756,Microsoft Minesweeper,19,0.0081
1378,1998994208,Monster Energy Supercross - The Official Videogame 3,19,0.0081
1379,1948147176,Moving Out,19,0.0081
1380,304932652,NHL® 21,19,0.0081
1381,303799945,Nickelodeon Kart Racers,19,0.0081
1382,1698989872,PICO PARK 2,19,0.0081
1383,1606375163,Pinball FX3,19,0.0081
1384,1745314691,Psychonauts 2,19,0.0081
1385,2002584553,Puzzle Quest 3,19,0.0081
1386,93901068,Ruiner,19,0.0081
1387,2015499676,SAND: Raiders of Sophie,19,0.0081
1388,1836687833,Sonic Colors: Ultimate,19,0.0081
1389,1112934375,Split/Second,19,0.0081
1390,2037196689,SpongeBob SquarePants: Titans of the Tide,19,0.0081
1391,213257000,TerraTech,19,0.0081
1392,1128640842,The Escapists,19,0.0081
1393,610345881,The Jackbox Party Pack,19,0.0081
1394,635298240,"The Walking Dead: Michonne - Ep. 1, In Too Deep",19,0.0081
1395,1431504921,Tom Clancy's Splinter Cell® Chaos Theory™,19,0.0081
1396,1754770560,Unicorn Overlord,19,0.0081
1397,1774337609,Vampire: The Masquerade® - Bloodlines™ 2,19,0.0081
1398,1849227144,WWE 2K20,19,0.0081
1399,1397033002,Aliens vs Predator,18,0.0077
1400,1678543324,Aragami 2,18,0.0077
1401,1431505102,Assassin's Creed® Rogue,18,0.0077
1402,338995079,Batman: The Enemy Within - Episode 1,18,0.0077
1403,1946485937,Besiege Console,18,0.0077
1404,1297287893,Blinx: The Time Sweeper,18,0.0077
1405,231858691,Bomber Crew,18,0.0077
1406,1263405065,Castlevania LoS,18,0.0077
1407,1864028566,Dark Hours,18,0.0077
1408,2017702583,Dauntless,18,0.0077
1409,1780788060,Dune: Awakening,18,0.0077
1410,850034103,Killer Instinct 2 Classic,18,0.0077
1411,1799885509,Labyrinthine - Console Edition,18,0.0077
1412,1843760263,LEGO® 2K Drive for Xbox Series X|S,18,0.0077
1413,1753941224,Life is Strange: Reunion,18,0.0077
1414,2045704503,Metaball,18,0.0077
1415,2015790908,Microsoft Jewel,18,0.0077
1416,1620704918,Minami Lane,18,0.0077
1417,1997603662,Minion Masters,18,0.0077
1418,1693003201,MotoGP™25 - Xbox One,18,0.0077
1419,385764340,MX vs. ATV Supercross Encore,18,0.0077
1420,778400368,NBA 2K14,18,0.0077
1421,1696456823,NBA 2K22 for Xbox Series X|S,18,0.0077
1422,1778851260,Oddworld: Stranger's Wrath HD,18,0.0077
1423,2128854962,One Lonely Outpost,18,0.0077
1424,2035760753,PAW Patrol World,18,0.0077
1425,1990620316,Persona 4 Revival,18,0.0077
1426,838746653,Phoenix Wright: Ace Attorney Trilogy,18,0.0077
1427,838726055,PRO EVOLUTION SOCCER 2018,18,0.0077
1428,192928167,Rocksmith 2014,18,0.0077
1429,1704562600,Rugby 25,18,0.0077
1430,2032369368,Scott Pilgrim vs. The World™: The Game – Complete Edition,18,0.0077
1431,1947938436,Shotgun Farmers,18,0.0077
1432,1414596688,SpongeBob: Truth-Sq.,18,0.0077
1433,225007476,Team Sonic Racing™,18,0.0077
1434,1706610063,The Alters,18,0.0077
1435,1651647141,The Boat Grandma,18,0.0077
1436,1737329553,Total War: Warhammer III (Old Version),18,0.0077
1437,2050010864,Two Point Hospital™,18,0.0077
1438,1777774126,Visions of Mana,18,0.0077
1439,71300661,ACA NEOGEO THE KING OF FIGHTERS 2002,17,0.0073
1440,1783702427,AEW: Fight Forever,17,0.0073
1441,810050544,Beach Buggy Racing,17,0.0073
1442,2136950563,Bugsnax,17,0.0073
1443,1480657460,Crazy Taxi,17,0.0073
1444,1161890019,Crysis 2,17,0.0073
1445,2004939306,Crysis 3 Remastered,17,0.0073
1446,137510457,Dishonored®: Death of the Outsider™,17,0.0073
1447,1112934422,Disney Epic Mickey 2: The Power of Two,17,0.0073
1448,1758952227,Gothic 1 Remake - Demo,17,0.0073
1449,1963174058,Green Hell,17,0.0073
1450,1297287449,Halo 4,17,0.0073
1451,1480656868,Hardwood Spades,17,0.0073
1452,2093028006,Hole io,17,0.0073
1453,2105228747,Killer Klowns From Outer Space: The Game,17,0.0073
1454,506903100,Madden NFL 18,17,0.0073
1455,1297287144,Mass Effect,17,0.0073
1456,1161890141,Mass Effect™ 3,17,0.0073
1457,582279671,Moto Racer 4 Demo,17,0.0073
1458,2021005220,MotoGP™26,17,0.0073
1459,1877956827,Peppa Pig: World Adventures,17,0.0073
1460,950358266,Ride 2,17,0.0073
1461,1847402697,ScreamRide,17,0.0073
1462,804980065,Sea of Thieves Insider,17,0.0073
1463,269700535,Sniper Elite 3,17,0.0073
1464,1940560837,Sudden Strike 5,17,0.0073
1465,90400189,SUPER BOMBERMAN R,17,0.0073
1466,1047413393,TERA,17,0.0073
1467,792914248,Tricky Towers,17,0.0073
1468,449394673,Vampyr,17,0.0073
1469,1777974087,"Warhammer 40,000: Speed Freeks",17,0.0073
1470,1431504955,Assassin's Creed II,16,0.0069
1471,230716687,Biomutant,16,0.0069
1472,1841011808,Blizzard® Arcade Collection,16,0.0069
1473,2008066354,Car Mechanic Simulator,16,0.0069
1474,1688996321,Chameleon Dummy Hunt,16,0.0069
1475,1858883035,CODE VEIN II,16,0.0069
1476,1624755708,Contraband Police,16,0.0069
1477,1935688591,Daemon X Machina: Titanic Scion,16,0.0069
1478,1680662849,Destroy All Humans! 2 - Reprobed,16,0.0069
1479,363774594,Farming Simulator 17,16,0.0069
1480,1813362885,FIFA 14,16,0.0069
1481,1615690100,FINAL FANTASY VII REBIRTH DEMO,16,0.0069
1482,2021453818,FINAL FANTASY VIII Remastered,16,0.0069
1483,152270586,FINAL FANTASY XII THE ZODIAC AGE,16,0.0069
1484,1984491277,Grim Idle (Xbox One),16,0.0069
1485,2102232082,Heretic + Hexen,16,0.0069
1486,1682140320,House Flipper Remastered Collection,16,0.0069
1487,1678225803,Idle Wizard (Xbox One),16,0.0069
1488,1480657557,Iron Brigade,16,0.0069
1489,1279330257,LEGO Star Wars II,16,0.0069
1490,565406974,LEGO® STAR WARS™: The Force Awakens,16,0.0069
1491,1128466398,LOST PLANET COLONIES,16,0.0069
1492,1994181526,Madden NFL 21 Xbox Series X|S,16,0.0069
1493,1698746853,MotoGP™23,16,0.0069
1494,311896559,Mount & Blade: Warband,16,0.0069
1495,650779126,NBA 2K18,16,0.0069
1496,1848728299,Pinball FX Midnight,16,0.0069
1497,1658941037,PRAGMATA Sketchbook - DEMO,16,0.0069
1498,2019100575,Puzzle Galaxy Xbox Edition,16,0.0069
1499,2052095073,Ravenswatch,16,0.0069
1500,1005790042,Resident Evil 7 Teaser: Beginning Hour,16,0.0069
1501,779253028,RIDE Demo,16,0.0069
1502,1480657342,Spelunky,16,0.0069
1503,1161890298,SSX 3,16,0.0069
1504,1112934456,Star Wars Jedi Knight: Jedi Academy,16,0.0069
1505,82653045,Starlink: Battle for Atlas,16,0.0069
1506,1397819363,Supreme Commander 2,16,0.0069
1507,1297287263,Viva Piñata: TIP,16,0.0069
1508,2016076229,Weird West: Definitive Edition,16,0.0069
1509,1915969143,AFL 23,15,0.0064
1510,1708780346,Are You Smarter Than A 5th Grader?,15,0.0064
1511,100154526,Baja: Edge of Control HD,15,0.0064
1512,1161889806,C&C3,15,0.0064
1513,1790537707,Core Keeper,15,0.0064
1514,1480657529,Costume Quest ,15,0.0064
1515,1678781072,DayZ - Experimental,15,0.0064
1516,1893812325,Digital Story & Art Collection - Halo: Campaign Evolved,15,0.0064
1517,886999858,Duke Nukem 3D: 20th Anniversary World Tour,15,0.0064
1518,1678270415,Farm Together,15,0.0064
1519,1397819364,FINAL FANTASY XIII,15,0.0064
1520,2063170939,Frostpunk: Console Edition,15,0.0064
1521,1711556027,Garten of Banban 2,15,0.0064
1522,1917135799,HYPERCHARGE Unboxed,15,0.0064
1523,1396901863,Just Cause 2,15,0.0064
1524,2055522726,Madden NFL 23 Xbox Series X|S,15,0.0064
1525,1955779192,MechWarrior 5: Clans,15,0.0064
1526,333701857,Mega Man X Legacy Collection,15,0.0064
1527,2049727100,METAL GEAR SOLID - Master Collection Version,15,0.0064
1528,1685499852,Monster Hunter Stories 2: Wings of Ruin,15,0.0064
1529,1891931390,MXGP 2021 - The Official Motocross Videogame - Xbox Series X|S,15,0.0064
1530,269677862,PING REDUX,15,0.0064
1531,200732952,Project CARS 2,15,0.0064
1532,1480659519,Rayman 3 HD,15,0.0064
1533,474501413,RIDE 3,15,0.0064
1534,731167015,RUSH: A Disney • PIXAR Adventure Demo,15,0.0064
1535,1263339510,Saints Row IV,15,0.0064
1536,2018103228,Ship of Fools,15,0.0064
1537,1768536074,Symphonia 𝄞,15,0.0064
1538,1431504880,TC's GRAW2,15,0.0064
1539,1731121397,The Quarry for Xbox One,15,0.0064
1540,2058227981,Thomas & Friends™: Wonders of Sodor,15,0.0064
1541,1683840789,Tomb Raider IV-VI Remastered,15,0.0064
1542,1910952414,TRIALS of MANA,15,0.0064
1543,1278892798,TRIVIAL PURSUIT LIVE!,15,0.0064
1544,716478832,TT Isle of Man,15,0.0064
1545,2075589952,"Warhammer 40,000: Boltgun - Windows",15,0.0064
1546,1979514848,"Warhammer 40,000: Mechanicus II",15,0.0064
1547,2040239934,XDefiant,15,0.0064
1548,2146391417,60 Seconds! Reatomized Demo,14,0.006
1549,1480656966,Alien Hominid HD,14,0.006
1550,1790332447,Alien: Rogue Incursion Evolved Edition,14,0.006
1551,189808036,American Fugitive,14,0.006
1552,416307002,ARCADE GAME SERIES: DIG DUG,14,0.006
1553,1616326452,Arcadegeddon,14,0.006
1554,1431505017,Assassin's Creed Revelations,14,0.006
1555,1396901865,Battlestations Pacific,14,0.006
1556,293785190,Bloons TD 5,14,0.006
1557,1936376749,Capcom Fighting Collection,14,0.006
1558,1898707353,Card Storm Idle (Xbox One),14,0.006
1559,2144913935,Castlevania Anniversary Collection,14,0.006
1560,1512517621,Child of Light,14,0.006
1561,2004944930,Crime Simulator,14,0.006
1562,2102421406,Day of the Tentacle Remastered,14,0.006
1563,1992367075,Death Howl,14,0.006
1564,1480657049,Domino Master,14,0.006
1565,2071782725,FINAL FANTASY III,14,0.006
1566,1683674669,Ghostbusters: Spirits Unleashed Ecto Edition,14,0.006
1567,1812810851,Haste,14,0.006
1568,1611225628,JDM: Japanese Drift Master,14,0.006
1569,1297287122,Kameo,14,0.006
1570,1679509385,Kill It With Fire,14,0.006
1571,1112934453,Mercenaries,14,0.006
1572,2003863742,Microsoft Jigsaw,14,0.006
1573,1906370210,Minecraft: Java Edition,14,0.006
1574,1742982949,MotoGP™24,14,0.006
1575,53175238,MXGP2 - Demo,14,0.006
1576,1691152104,MY HERO ONE'S JUSTICE 2 Demo,14,0.006
1577,1343920370,NBA 2K15,14,0.006
1578,1715766926,New World: Aeternum,14,0.006
1579,737714383,ONE PIECE BURNING BLOOD - DEMO,14,0.006
1580,1815686049,Paper io 2,14,0.006
1581,1802714933,Pathfinder: Wrath of the Righteous,14,0.006
1582,1112737772,RAGE,14,0.006
1583,852431422,ReCore,14,0.006
1584,1613348546,Sea of Stars: Sunset Edition,14,0.006
1585,844274714,Skylanders Imaginators,14,0.006
1586,1955054478,Smalland: Survive the Wilds,14,0.006
1587,2051503466,The Callisto Protocol,14,0.006
1588,890454034,The Dark Pictures Anthology: Man Of Medan,14,0.006
1589,1668285033,The Exit 8,14,0.006
1590,1701212022,The Jackbox Party Pack 8,14,0.006
1591,605741753,The LEGO Movie 2 Videogame,14,0.006
1592,1675444836,The Talos Principle 2,14,0.006
1593,1292135256,Titanfall,14,0.006
1594,2073119116,Trials® Rising Demo,14,0.006
1595,1905686946,Tropico 6 - Next Gen Edition,14,0.006
1596,644829211,Turok 2: Seeds of Evil,14,0.006
1597,1777656573,Vanquish,14,0.006
1598,1807181865,Wizard with a Gun,14,0.006
1599,981110874,WWE 2K18,14,0.006
1600,2069910424,Yakuza 0 Director's Cut,14,0.006
1601,544527071,911 Operator,13,0.0056
1602,433738637,Adventure Time: Pirates of the Enchiridion,13,0.0056
1603,2016203684,Alaskan Road Truckers: Highway Edition,13,0.0056
1604,1762831513,Amazing Frog? Demo,13,0.0056
1605,1161889868,Army of Two™ (EU),13,0.0056
1606,1720903665,Autopsy Simulator,13,0.0056
1607,84648031,Bulletstorm: Full Clip Edition,13,0.0056
1608,1161889850,C&C3: Kane's Wrath,13,0.0056
1609,1885205020,Cash Cleaner Simulator,13,0.0056
1610,370169912,Contrast,13,0.0056
1611,1906143168,Crusader Kings III,13,0.0056
1612,217802058,Darkest Dungeon®,13,0.0056
1613,524859112,Darksiders III,13,0.0056
1614,1650442817,Deus Ex: Mankind Divided™,13,0.0056
1615,2028637067,Drug Dealer Simulator,13,0.0056
1616,1692950358,Exoprimal,13,0.0056
1617,1519874468,Forza Horizon 2 Presents Fast & Furious,13,0.0056
1618,1700344676,Ghostbusters: The Video Game Remastered,13,0.0056
1619,1828807544,Harry Potter: Quidditch Champions,13,0.0056
1620,1777243206,Lost Judgment,13,0.0056
1621,1464993839,Midway Arcade Origins,13,0.0056
1622,2028520097,My Friend Pedro,13,0.0056
1623,2095724117,Nice Day for Fishing,13,0.0056
1624,926156714,Onimusha: Warlords,13,0.0056
1625,1831668171,Opus Castle,13,0.0056
1626,2056655762,Remnant: From the Ashes,13,0.0056
1627,802418004,RESIDENT EVIL RESISTANCE,13,0.0056
1628,1790707834,Resonance: A Plague Tale Legacy,13,0.0056
1629,1169551644,Saints Row: Gat out of Hell,13,0.0056
1630,1823082250,Sally Face,13,0.0056
1631,2073736638,Scrabble,13,0.0056
1632,247124088,Shovel Knight: Treasure Trove,13,0.0056
1633,2031266067,Sker Ritual,13,0.0056
1634,1628869222,Soulstone Survivors,13,0.0056
1635,2002882362,Squirrel with a Gun,13,0.0056
1636,1414596596,Stuntman: Ignition,13,0.0056
1637,1746975118,The Jackbox Party Pack 11,13,0.0056
1638,1987184613,The Jackbox Party Pack 9,13,0.0056
1639,1397622748,THE KING OF FIGHTERS XIII,13,0.0056
1640,2029175168,The Plucky Squire,13,0.0056
1641,2108611710,TIEBREAK – GRAND SLAM EDITION,13,0.0056
1642,2070685355,to a T,13,0.0056
1643,1396901868,Tomb Raider Underworld,13,0.0056
1644,1673810447,Tony Stewart's All-American Racing,13,0.0056
1645,580901123,Tropico 6,13,0.0056
1646,1658477123,Unturned,13,0.0056
1647,1682770291,"Warhammer 40,000: Chaos Gate - Daemonhunters",13,0.0056
1648,49709880,Anthem™,12,0.0051
1649,1445607414,Assassin's Creed® Chronicles: Russia,12,0.0051
1650,1397032979,BAYONETTA,12,0.0051
1651,1263405133,Castlevania: LoS 2,12,0.0051
1652,1693676973,Clue,12,0.0051
1653,1940736818,Darkest Dungeon II,12,0.0051
1654,355178688,DiRT 4,12,0.0051
1655,1621285366,DOOM (1993),12,0.0051
1656,1767994732,Dragonkin: The Banished,12,0.0051
1657,2078793582,DYSMANTLE,12,0.0051
1658,2089461712,Expeditions: A MudRunner Game,12,0.0051
1659,1431504912,Far Cry® 2,12,0.0051
1660,461914906,FIFA 19 Demo,12,0.0051
1661,1850924057,Fishing: North Atlantic,12,0.0051
1662,1864215620,Five Nights at Freddy's: Help Wanted,12,0.0051
1663,1743565876,Five Nights at Freddy's: Secret of the Mimic,12,0.0051
1664,1297287287,Halo 3: ODST Campaign Edition,12,0.0051
1665,1297287601,Halo: Combat Evolved Anniversary,12,0.0051
1666,1964820394,Hotline Miami Collection,12,0.0051
1667,1728837206,KLETKA,12,0.0051
1668,2119300209,Life is Strange: Double Exposure,12,0.0051
1669,1764400723,Like a Dragon: Ishin!,12,0.0051
1670,1898106366,Little Ralph - Trial,12,0.0051
1671,1891684356,Lost in Random™,12,0.0051
1672,1733044130,Madden NFL 22 Xbox Series X|S,12,0.0051
1673,1893250709,Matchpoint - Tennis Championships | DEMO,12,0.0051
1674,803175056,MXGP PRO,12,0.0051
1675,2105140633,NieR Replicant ver.1.22474487139...,12,0.0051
1676,1902591469,Outward: Definitive Edition,12,0.0051
1677,1813984116,Resident Evil 4 Chainsaw Demo,12,0.0051
1678,1813085990,Road 96,12,0.0051
1679,806435492,Road Redemption,12,0.0051
1680,2040578587,SHINOBI: Art of Vengeance,12,0.0051
1681,2051631747,Spectre Divide,12,0.0051
1682,1633340711,Spray Paint Simulator,12,0.0051
1683,1663285336,STAR WARS™: Bounty Hunter™,12,0.0051
1684,2142487375,Teenage Mutant Ninja Turtles: The Cowabunga Collection,12,0.0051
1685,1414793181,The Bureau,12,0.0051
1686,1997447389,The Dark Pictures Anthology: The Devil in Me,12,0.0051
1687,1464993828,The Witcher 2: Assassins of Kings,12,0.0051
1688,1806542452,theHunter: Call of the Wild™ - Windows 10,12,0.0051
1689,1611397404,UBOAT,12,0.0051
1690,995443207,Verdun,12,0.0051
1691,1895560154,Virtual Villagers Origins 2 Xbox,12,0.0051
1692,689916261,"Warhammer 40,000: Inquisitor - Martyr Ultimate Edition",12,0.0051
1693,2008415720,Wild West Supermarket Simulator,12,0.0051
1694,1902493145,Word Quest: Nature,12,0.0051
1695,1975041917,Amnesia: The Bunker,11,0.0047
1696,1042452848,Aven Colony,11,0.0047
1697,233177124,Battle Islands: Commanders,11,0.0047
1698,1414793309,BioShock Infinite,11,0.0047
1699,2029431164,Bus Bound,11,0.0047
1700,2077036451,Cake Bash,11,0.0047
1701,768615691,Chess Ultra,11,0.0047
1702,1618801140,CRISIS CORE –FINAL FANTASY VII– REUNION,11,0.0047
1703,1963141187,Crypt Custodian,11,0.0047
1704,2065869943,Danganronpa V3: Killing Harmony Anniversary Edition,11,0.0047
1705,1691794314,Dark Deception Demo,11,0.0047
1706,1867293778,Darwin Project,11,0.0047
1707,1619542068,Dawn of Man,11,0.0047
1708,94911754,Devil May Cry 5 Demo,11,0.0047
1709,1953182469,DRAGON QUEST® XI S: Echoes of an Elusive Age™ - Definitive Edition,11,0.0047
1710,1989971377,Exit the Gungeon,11,0.0047
1711,1736752782,Expansion for Explorers,11,0.0047
1712,1877135456,Freddy Fazbear's Pizzeria Simulator,11,0.0047
1713,1705113845,Garten of Banban 6,11,0.0047
1714,1480656912,Heavy Weapon,11,0.0047
1715,1396901880,Kane & Lynch 2,11,0.0047
1716,1939494382,KINGDOM HEARTS Ⅲ DEMO Version,11,0.0047
1717,1857859131,Lara Croft and the Temple of Osiris,11,0.0047
1718,2028645063,Legend of Mana,11,0.0047
1719,1464993821,LEGO® Lord of the Rings™,11,0.0047
1720,2014880780,Madden NFL 17,11,0.0047
1721,1719118099,Manor Lords (Game Preview),11,0.0047
1722,1904044383,Minecraft Preview for Windows,11,0.0047
1723,2022357971,Monster Energy Supercross - The Official Videogame 4,11,0.0047
1724,664898642,NASCAR Heat 3,11,0.0047
1725,1887596214,Nickelodeon All-Star Brawl,11,0.0047
1726,1059087507,Octodad: Dadliest Catch,11,0.0047
1727,2100880776,Pentiment,11,0.0047
1728,275673036,Pillars of Eternity: Complete Edition,11,0.0047
1729,671807457,Portal Knights,11,0.0047
1730,1882609569,Prison Simulator,11,0.0047
1731,1827805096,Relic Hunters Legend,11,0.0047
1732,818066257,Rugby League Live 4,11,0.0047
1733,1693521674,Rumbleverse,11,0.0047
1734,2100312943,SCARLET NEXUS,11,0.0047
1735,1161889919,Skate 2,11,0.0047
1736,1179584488,Sniper Elite V2,11,0.0047
1737,1692656490,SNIPER Ghost Warrior 3,11,0.0047
1738,1753146034,STORY OF SEASONS: Grand Bazaar,11,0.0047
1739,1999803984,The Amazing Spider-Man 2™,11,0.0047
1740,706437546,The Awesome Adventures of Captain Spirit,11,0.0047
1741,2036345770,The Dark Pictures Anthology House of Ashes,11,0.0047
1742,886895461,The Jackbox Party Pack 5,11,0.0047
1743,1582065954,The LEGO Movie Videogame DEMO,11,0.0047
1744,2101138430,The Matrix Awakens: An Unreal Engine 5 Experience,11,0.0047
1745,1785417254,The Oregon Trail,11,0.0047
1746,2127247278,Thief Simulator 2,11,0.0047
1747,1022548859,Truck Driver,11,0.0047
1748,495493033,Turok,11,0.0047
1749,2002870555,A Little to the Left,10,0.0043
1750,1679168855,A Quiet Place: The Road Ahead,10,0.0043
1751,1161889960,Battlefield Bad Company 2,10,0.0043
1752,1736678881,Bleeding Edge,10,0.0043
1753,232457702,Broken Age,10,0.0043
1754,1431504924,Call of Juarez: Bound in Blood,10,0.0043
1755,2012135933,Castlevania Dominus Collection,10,0.0043
1756,35820305,Crackdown 3: Wrecking Zone,10,0.0043
1757,1730984142,Danganronpa 2: Goodbye Despair Anniversary Edition,10,0.0043
1758,106901580,Destroy All Humans!,10,0.0043
1759,1628098590,Destroy All Humans! 2 Reprobed,10,0.0043
1760,1769729445,Dice A Million,10,0.0043
1761,153292310,Disney Infinity 3.0 Edition,10,0.0043
1762,1062046240,Divinity: Original Sin - Enhanced Edition,10,0.0043
1763,1728448413,DmC Devil May Cry: Definitive Edition,10,0.0043
1764,2061746629,Don't Starve: Giant Edition,10,0.0043
1765,2125974437,Door Kickers: Action Squad,10,0.0043
1766,1802647542,DRAGON QUEST VII Reimagined,10,0.0043
1767,2050929089,DUCKSIDE (Game Preview),10,0.0043
1768,1414793294,Duke Nukem Forever,10,0.0043
1769,1891276362,Dungeon Clawler,10,0.0043
1770,548464799,EA SPORTS™ UFC®,10,0.0043
1771,968775939,EVERSPACE™,10,0.0043
1772,2134693780,EVERSPACE™ 2,10,0.0043
1773,172017893,F1® 2019,10,0.0043
1774,1680223788,FATAL FRAME II: Crimson Butterfly REMAKE,10,0.0043
1775,184042097,Fe,10,0.0043
1776,408481962,FIFA 18 Demo,10,0.0043
1777,2089457960,Fishing: Barents Sea,10,0.0043
1778,1703928788,Fool's Pub,10,0.0043
1779,1946693572,Freestyle Football 2 - OBT Demo,10,0.0043
1780,1694490701,FuzzBall,10,0.0043
1781,2036291363,Garten of Banban 8: Anti Devil,10,0.0043
1782,488156801,GreedFall,10,0.0043
1783,447331588,I Am Bread,10,0.0043
1784,1480656891,Jetpac Refuelled,10,0.0043
1785,2028720746,Junkyard Simulator,10,0.0043
1786,70112963,Knight Squad,10,0.0043
1787,1480657325,KOF2002UM,10,0.0043
1788,1480657497,Lara Croft: GoL,10,0.0043
1789,1819998160,LEGO® Voyagers,10,0.0043
1790,2016417527,Life is Strange Remastered,10,0.0043
1791,1651525052,Life is Strange: Before the Storm Remastered,10,0.0043
1792,1886840872,Loop Hero,10,0.0043
1793,28152906,Lovers in a Dangerous Spacetime,10,0.0043
1794,433988710,MASSIVE CHALICE,10,0.0043
1795,1535750831,Mega Man® Legacy Collection,10,0.0043
1796,293003647,Microsoft Wordament,10,0.0043
1797,14233261,Minecraft: Story Mode - Season Two - Episode 1,10,0.0043
1798,380023945,Monster Energy Supercross - The Official Videogame 2,10,0.0043
1799,634240708,MotoGP™19,10,0.0043
1800,593565047,MY HERO ONE’S JUSTICE,10,0.0043
1801,1817032347,My Little Pony: A Zephyr Heights Mystery,10,0.0043
1802,1653999253,MythForce,10,0.0043
1803,1634565765,NHL® 94 REWIND,10,0.0043
1804,1732084298,No Puedes Escapar,10,0.0043
1805,2081394706,Onimusha 2: Samurai's Destiny,10,0.0043
1806,2048381683,PAC-MAN WORLD Re-PAC,10,0.0043
1807,939615894,Paw Patrol: On a Roll,10,0.0043
1808,1632843296,Pillars of Eternity II: Deadfire - Ultimate Edition,10,0.0043
1809,1702524932,Power Rangers: Battle for the Grid,10,0.0043
1810,116849471,Pro Evolution Soccer 2017,10,0.0043
1811,827416995,Pure Pool,10,0.0043
1812,2114908664,Quarantine Zone: The Last Check,10,0.0043
1813,1641566497,Railroads Online,10,0.0043
1814,1804278141,Rugby 22 Xbox One,10,0.0043
1815,1414793256,Sid Meier's Pirates!,10,0.0043
1816,1907729638,Solasta: Crown of the Magister,10,0.0043
1817,1984977630,Souldiers,10,0.0043
1818,1967529255,SpongeBob SquarePants: The Cosmic Shake,10,0.0043
1819,912691842,Sudden Strike 4 - European Battlefields Edition,10,0.0043
1820,1958529503,Super Dark Deception,10,0.0043
1821,1872765418,Tales of Arise (Xbox Series X|S),10,0.0043
1822,1731548634,The Dark Pictures Anthology: Little Hope,10,0.0043
1823,1414793198,The Darkness,10,0.0043
1824,2110168941,The Rogue Prince of Persia™,10,0.0043
1825,1619933938,The Survivalists,10,0.0043
1826,1297287134,Too Human,10,0.0043
1827,1763653276,Transport Fever 2: Console Edition,10,0.0043
1828,1715513058,Wrap House Simulator Demo,10,0.0043
1829,1696868991,WRC Generations - The FIA WRC Official Game,10,0.0043
1830,1414793390,XCOM®: Enemy Within,10,0.0043
1831,1520322998,Zombie Army Trilogy,10,0.0043
1832,1779788068,9 Kings (Game Preview),9,0.0039
1833,1937335069,A Gummy's Life,9,0.0039
1834,390641336,ACA NEOGEO METAL SLUG,9,0.0039
1835,1313671121,ACE COMBAT 6,9,0.0039
1836,1755599316,Age of Empires Definitive Edition,9,0.0039
1837,1835497756,Agents of Mayhem,9,0.0039
1838,946215144,AirMech® Arena,9,0.0039
1839,1950164627,Antstream Arcade - Annual,9,0.0039
1840,652901378,APB Reloaded,9,0.0039
1841,1896704456,Arcade Archives 2 TEKKEN,9,0.0039
1842,1741728886,Arcade Paradise,9,0.0039
1843,1844143156,Beach Buggy Racing 2: Island Adventure,9,0.0039
1844,2049111049,Bendy and the Ink Machine (Xbox Series X|S),9,0.0039
1845,1661717515,Blood Bowl 3,9,0.0039
1846,1852853299,Call of Duty®: WWII (Windows),9,0.0039
1847,2032548938,Cassette Beasts,9,0.0039
1848,1480659655,Castle of Illusion,9,0.0039
1849,1737803796,Clone Drone in the Danger Zone Demo,9,0.0039
1850,1096157460,COD: Advanced Warfare,9,0.0039
1851,1622132960,Dead Cells,9,0.0039
1852,1431505022,Driver San Francisco,9,0.0039
1853,531404425,DYNASTY WARRIORS 9,9,0.0039
1854,242301355,EA SPORTS™ NHL® 16,9,0.0039
1855,1234432164,EA SPORTS™ Rory McIlroy PGA TOUR®,9,0.0039
1856,2015929879,Evil Dead: The Game,9,0.0039
1857,2062455421,Fernbus Simulator,9,0.0039
1858,1770590742,Football Manager 2024 Console,9,0.0039
1859,2125839408,Formula Legends,9,0.0039
1860,564985242,Forza Horizon 3 Demo,9,0.0039
1861,1925360122,Gex Trilogy,9,0.0039
1862,488865290,Gravel Demo,9,0.0039
1863,620831719,GROW UP,9,0.0039
1864,1692943563,Halloween: The Game,9,0.0039
1865,1480657520,Harms Way,9,0.0039
1866,1952945858,Hello Engineer Demo,9,0.0039
1867,1704351342,Hello Neighbor 2,9,0.0039
1868,939695563,Hotshot Racing,9,0.0039
1869,2144211794,Iron Harvest Complete Edition,9,0.0039
1870,1906459372,Judgment,9,0.0039
1871,1749806231,Keep Talking and Nobody Explodes,9,0.0039
1872,2043794712,Kingdoms and Castles,9,0.0039
1873,1925242158,Library Of Ruina,9,0.0039
1874,1771989345,Lightyear Frontier (Game Preview),9,0.0039
1875,1128466480,Lost Planet 3,9,0.0039
1876,1884916396,MARVEL MaXimum Collection,9,0.0039
1877,1414793291,Max Payne® 2: The Fall of Max Payne,9,0.0039
1878,1480657433,Might & Magic Clash of Heroes™,9,0.0039
1879,1944950992,MotoGP™22 - Windows Edition,9,0.0039
1880,2031634495,Mutant Football League 2,9,0.0039
1881,1903313113,Orcs Must Die! Deathtrap,9,0.0039
1882,806794764,Override: Mech City Brawl,9,0.0039
1883,676432066,PAC-MAN™ CHAMPIONSHIP EDITION 2,9,0.0039
1884,104182544,Pro Evolution Soccer 2016,9,0.0039
1885,1715636420,Pummel Party,9,0.0039
1886,1112934361,Pure,9,0.0039
1887,1743961068,Race The Sun,9,0.0039
1888,967641964,Realm Royale Reforged,9,0.0039
1889,1824086117,REANIMAL - Demo,9,0.0039
1890,1738390204,Rivals of Aether,9,0.0039
1891,1709856057,RoboCop: Rogue City - Unfinished Business,9,0.0039
1892,1726081569,Seal: WHAT the FUN,9,0.0039
1893,1641777228,Serious Sam 4,9,0.0039
1894,1781047490,Shin Megami Tensei V: Vengeance,9,0.0039
1895,1147123126,Skylanders Trap Team,9,0.0039
1896,1480657415,SONIC THE HEDGEHOG™ 4 Episode I,9,0.0039
1897,1649102497,SWORD ART ONLINE Fractured Daydream,9,0.0039
1898,1691117579,Terminator 2D: NO FATE,9,0.0039
1899,1719207328,TERMINATOR: RESISTANCE - COMPLETE EDITION,9,0.0039
1900,1968679051,The Cabin Factory,9,0.0039
1901,2116788151,The Mound: Omen of Cthulhu,9,0.0039
1902,1749676903,Two Point Campus,9,0.0039
1903,2012594000,US Conflict — Tank Battles,9,0.0039
1904,1900124001,WRC 10 FIA World Rally Championship Xbox One,9,0.0039
1905,2142309066,WWE 2K Battlegrounds,9,0.0039
1906,1839962476,Yakuza Kiwami,9,0.0039
1907,1926334123,Yakuza Kiwami 3 & Dark Ties,9,0.0039
1908,912199926,Yet Another Zombie Defense HD,9,0.0039
1909,2144204141,Achilles: Survivor,8,0.0034
1910,579423182,Agony,8,0.0034
1911,2072863941,Animal Shelter Simulator,8,0.0034
1912,2042945112,Atomicrops,8,0.0034
1913,1852580050,Barbie Project Friendship™,8,0.0034
1914,1925965033,Battlefield™ 6 Open Beta,8,0.0034
1915,1798776797,Bendy and the Dark Revival (Xbox Series X|S),8,0.0034
1916,1639963506,BlackJack 21 Pro!,8,0.0034
1917,1297287135,Blue Dragon,8,0.0034
1918,1024154899,Boggle,8,0.0034
1919,1650593751,Calico,8,0.0034
1920,1951821095,Cities: Skylines II,8,0.0034
1921,1858458524,Crisol: Theater of Idols,8,0.0034
1922,2055582442,Danganronpa: Trigger Happy Havoc Anniversary Edition,8,0.0034
1923,1951675244,DJMAX RESPECT V,8,0.0034
1924,1629928134,DRAGON QUEST III HD-2D Remake,8,0.0034
1925,1558010571,DYNASTY WARRIORS 8 Empires,8,0.0034
1926,134413498,EA SPORTS™ NHL® 18,8,0.0034
1927,536104326,EA SPORTS™ UFC® Demo,8,0.0034
1928,1941057630,Empire of the Ants,8,0.0034
1929,1989956835,Evolve,8,0.0034
1930,1464993747,F.E.A.R. 2,8,0.0034
1931,481925121,F1® 2018,8,0.0034
1932,918516972,Farming Simulator 15,8,0.0034
1933,1661863954,FATE: Reawakened,8,0.0034
1934,1479130986,FIFA 15 Downloadable Demo,8,0.0034
1935,1296697298,Full Game - Psychonauts,8,0.0034
1936,1690204019,Garten of Banban 3,8,0.0034
1937,2005313515,Garten of Banban 7,8,0.0034
1938,1696603875,Gas Station Simulator (Xbox Series),8,0.0034
1939,1480660120,Goat Simulator,8,0.0034
1940,476517807,Gravel,8,0.0034
1941,2143007580,Great God Grove,8,0.0034
1942,1129121860,GRID 2,8,0.0034
1943,1836942975,Grind Survivors,8,0.0034
1944,1131124715,"Guns, Gore and Cannoli",8,0.0034
1945,121960285,Guts & Glory,8,0.0034
1946,1396901851,Hitman: Blood Money,8,0.0034
1947,2010890559,Hunting Simulator 2 Xbox Series X|S,8,0.0034
1948,1982219874,Insects: An Xbox One X Enhanced Experience,8,0.0034
1949,1760791354,Invincible VS Open Beta,8,0.0034
1950,1966310183,Just Dance® 2022,8,0.0034
1951,1279330285,LEGO® Indiana Jones™ 2,8,0.0034
1952,746718051,Mafia III Demo,8,0.0034
1953,1687910025,Mahjong by Microsoft,8,0.0034
1954,1926489287,Marvel's Midnight Suns for Xbox One,8,0.0034
1955,1161889998,Mass Effect 2,8,0.0034
1956,2038093666,MAVRIX by Matt Jones,8,0.0034
1957,196597117,Mega Man X Legacy Collection 2,8,0.0034
1958,534004979,Microsoft Ultimate Word Games,8,0.0034
1959,1906672574,Middle-earth™: Shadow of Mordor™,8,0.0034
1960,1480657679,Motocross Madness,8,0.0034
1961,83029588,NBA LIVE 18: The One Edition,8,0.0034
1962,2126543080,New Star™ GP Demo,8,0.0034
1963,1820656575,NHL® 23 Xbox Series X|S,8,0.0034
1964,1757462338,Ni no Kuni Wrath of the White Witch™ Remastered,8,0.0034
1965,1624572870,Ni no Kuni™ II: Revenant Kingdom - The Prince's Edition,8,0.0034
1966,1413679064,Ninja Gaiden Black,8,0.0034
1967,1718697574,OCTOPATH TRAVELER,8,0.0034
1968,1692022171,OCTOPATH TRAVELER 0,8,0.0034
1969,1707083836,One Military Camp,8,0.0034
1970,2025399821,ONE PUNCH MAN: A HERO NOBODY KNOWS,8,0.0034
1971,1906677498,PAC-MAN MUSEUM+,8,0.0034
1972,1731213835,Pickup Driving - Free,8,0.0034
1973,1818736509,Pinball FX2 Windows 10 Edition,8,0.0034
1974,912254227,Pit People,8,0.0034
1975,153810321,Pro Evolution Soccer 2015,8,0.0034
1976,1789157539,Puyo Puyo™ Tetris® 2,8,0.0034
1977,605857900,Quiplash,8,0.0034
1978,2099711760,R.B.I. Baseball 20,8,0.0034
1979,24524637,Railway Empire,8,0.0034
1980,1883914934,RENNSPORT,8,0.0034
1981,1781025707,RESIDENT EVIL 2 R.P.D. Demo,8,0.0034
1982,2043859430,Revenge of the Savage Planet,8,0.0034
1983,1910888016,Rival Stars Horse Racing,8,0.0034
1984,1685686710,Rogue Legacy 2,8,0.0034
1985,2025898879,Rugby 22 Xbox Series X|S,8,0.0034
1986,282721798,Screencheat,8,0.0034
1987,303584158,Sea of Solitude,8,0.0034
1988,1963476984,Sherlock Holmes Chapter One,8,0.0034
1989,1906073826,Skullgirls 2nd Encore,8,0.0034
1990,1166935255,Slender: The Arrival (2015),8,0.0034
1991,1649097896,SnowRunner - Windows,8,0.0034
1992,1480656995,Sonic The Hedgehog 2,8,0.0034
1993,1835454890,Stay Out of the House,8,0.0034
1994,2050520287,STRANGER OF PARADISE FINAL FANTASY ORIGIN,8,0.0034
1995,1688544029,Tales of Berseria Remastered,8,0.0034
1996,1431504853,TC's GRAW,8,0.0034
1997,1733855657,Tech Glitch,8,0.0034
1998,1979014977,The Crew,8,0.0034
1999,2013672301,The Gunk,8,0.0034
2000,1748167956,The Riftbreaker,8,0.0034
2001,2068094397,To the Moon and Beyond,8,0.0034
2002,1841510170,Tony Stewart's Sprint Car Racing,8,0.0034
2003,1842878873,Tour de France 2026,8,0.0034
2004,2061866976,Trek to Yomi,8,0.0034
2005,405657081,Warhammer: End Times - Vermintide,8,0.0034
2006,1926895632,We Were Here,8,0.0034
2007,1807860559,Werewolf: The Apocalypse - Earthblood Xbox Series X|S,8,0.0034
2008,861949148,What Remains of Edith Finch,8,0.0034
2009,1851310927,Who Wants to Be a Millionaire?,8,0.0034
2010,1480657355,Wolfenstein 3D,8,0.0034
2011,1888936506,Worms Armageddon: Anniversary Edition,8,0.0034
2012,566278,WWE 2K17,8,0.0034
2013,1970931118,3 Player Battle,7,0.003
2014,2073237270,60 Parsecs!,7,0.003
2015,1751360232,AAA Dynamic Scenes,7,0.003
2016,1777027693,Adv File Explorer (FullTrust),7,0.003
2017,1297287173,Alan Wake,7,0.003
2018,77840650,Among the Sleep - Enhanced Edition,7,0.003
2019,132590840,Assassin's Creed® Chronicles: India,7,0.003
2020,487844727,Assault Android Cactus,7,0.003
2021,1771834186,ATLAS (Game Preview),7,0.003
2022,846846419,Attack on Titan 2 Demo,7,0.003
2023,2006171548,Battle Brothers,7,0.003
2024,364804937,BATTLESHIP®,7,0.003
2025,1969372075,BlazBlue: Cross Tag Battle Special Edition,7,0.003
2026,1739622609,Blood West,7,0.003
2027,1950881463,Bum Simulator,7,0.003
2028,1431505012,Call of Juarez Cartel,7,0.003
2029,1711468581,Carry The Glass Demo,7,0.003
2030,1480659976,Castlevania: LoS - Mirror of Fate HD,7,0.003
2031,1850252450,Chef's Journey: Cooking Adventures,7,0.003
2032,1967883584,Chorus,7,0.003
2033,2107339353,Control Standard Edition,7,0.003
2034,400142602,Costume Quest 2,7,0.003
2035,1916543336,Croc's World (Xbox-Edition),7,0.003
2036,1634898195,Darkwood,7,0.003
2037,1413679057,DEAD OR ALIVE 4,7,0.003
2038,629798227,Deadpool,7,0.003
2039,1959842755,Death's Door,7,0.003
2040,852849518,Digimon Survive,7,0.003
2041,1671685084,Disney Epic Mickey: Rebrushed - Demo,7,0.003
2042,2145964960,Dispatch,7,0.003
2043,2013511408,DOOM Eternal (BATTLEMODE - PC),7,0.003
2044,2100206304,DOOM: The Dark Ages Digital Artbook and Soundtrack,7,0.003
2045,1480657549,DR2: CASE ZERO,7,0.003
2046,1977810583,DUSK,7,0.003
2047,1756983532,Evil Genius 2: World Domination,7,0.003
2048,2107704310,Extreme Bike Racing (Demo),7,0.003
2049,1464993792,F.E.A.R. 3,7,0.003
2050,1851718938,FANTASY LIFE i: The Girl Who Steals Time,7,0.003
2051,1480659903,Far Cry® 3 Blood Dragon,7,0.003
2052,2043510457,Friends vs Friends,7,0.003
2053,1618662965,Garfield Kart Furious Racing,7,0.003
2054,1480657151,Geometry Wars Evolved²,7,0.003
2055,2054890337,Get To Work,7,0.003
2056,2101636955,Grand Theft Auto V Legacy (PC),7,0.003
2057,2020032940,HAWKED,7,0.003
2058,1654652604,Heavy Cargo - The Truck Simulator,7,0.003
2059,1946353878,Highguard,7,0.003
2060,2037481046,Inertial Drift,7,0.003
2061,1297287250,Jade Empire™,7,0.003
2062,1750788653,Jagged Alliance 3,7,0.003
2063,333457553,Just Dance® 2020,7,0.003
2064,191432544,LEGO® The Hobbit™ Demo,7,0.003
2065,542819315,Life is Strange: Before the Storm Episode 1,7,0.003
2066,1271641024,Lords of the Fallen (2014),7,0.003
2067,645046198,Marvel vs. Capcom: Infinite Demo,7,0.003
2068,1414793292,Max Payne,7,0.003
2069,523468027,Mega Man 11,7,0.003
2070,2017826215,METAL GEAR SOLID 2: Sons of Liberty - Master Collection Version,7,0.003
2071,2025840804,METAL GEAR SOLID 3: Snake Eater - Master Collection Version,7,0.003
2072,1973367334,MindsEye,7,0.003
2073,1957255658,MORDHAU,7,0.003
2074,1885048343,Mr. Bomber,7,0.003
2075,1548866781,MXGP2,7,0.003
2076,1670201710,My Little Universe Demo,7,0.003
2077,2036125374,Neon White,7,0.003
2078,1696832928,NHRA Championship Drag Racing: Speed For All,7,0.003
2079,2021405472,Nickelodeon Kart Racers 2: Grand Prix,7,0.003
2080,1263929316,NINJA GAIDEN 3: RE,7,0.003
2081,1413679061,NINJA GAIDEN II,7,0.003
2082,1776537169,NINJA GAIDEN Σ2,7,0.003
2083,1819944286,Nun Massacre,7,0.003
2084,1977174786,ONE PIECE ODYSSEY,7,0.003
2085,484684099,PAC-MAN 256,7,0.003
2086,1480657548,PAC-MAN CE DX+,7,0.003
2087,1759144821,PAC-MAN WORLD 2 Re-PAC,7,0.003
2088,1893912101,Party Panic,7,0.003
2089,1926352092,PBA Pro Bowling,7,0.003
2090,884526952,Planetbase,7,0.003
2091,1375792807,Pool Nation FX,7,0.003
2092,1907381044,Project Cars,7,0.003
2093,1853277604,RetroRealms Arcade,7,0.003
2094,1861374778,Rugby Challenge 3,7,0.003
2095,2068415611,Rust Console Edition - Public Test Branch,7,0.003
2096,2045526445,S.T.A.L.K.E.R.: Clear Sky - Enhanced Edition,7,0.003
2097,1979417101,SD GUNDAM BATTLE ALLIANCE,7,0.003
2098,1657758963,Slay the Princess - The Pristine Cut,7,0.003
2099,1885214706,Snooker 19,7,0.003
2100,2128705961,Solitaire HD,7,0.003
2101,1813223937,SongPop Party,7,0.003
2102,1480657295,Splosion Man,7,0.003
2103,1618827907,Starbound,7,0.003
2104,2125557798,Still Wakes the Deep,7,0.003
2105,2002404032,Stranded: Alien Dawn,7,0.003
2106,300578609,Styx: Shards of Darkness,7,0.003
2107,1998740916,Super Kids Racing : Mini Edition Demo,7,0.003
2108,405775731,Surviving Mars,7,0.003
2109,412423425,SWORD ART ONLINE Alicization Lycoris,7,0.003
2110,2141647881,Tales from the Borderlands - Episode 1: Zer0 Sum,7,0.003
2111,1431504864,TC's EndWar,7,0.003
2112,1431504855,TC's SC Double Agent,7,0.003
2113,1915523932,Tempopo,7,0.003
2114,1977179260,TES IV: Oblivion Remastered - Digital Artbook & Original Soundtrack,7,0.003
2115,1480656886,Texas Hold'em,7,0.003
2116,1891258006,The Bard's Tale ARPG : Remastered and Resnarkled,7,0.003
2117,2119970550,The Bus,7,0.003
2118,939155231,The Council - Episode 1: The Mad Ones,7,0.003
2119,129773809,The Disney Afternoon Collection,7,0.003
2120,1761411767,THE HOUSE OF THE DEAD: Remake,7,0.003
2121,1668095237,The Jackbox Naughty Pack,7,0.003
2122,1633778685,The Stanley Parable: Ultra Deluxe,7,0.003
2123,1181281124,Thief,7,0.003
2124,2089424131,This War of Mine: Final Cut,7,0.003
2125,1279330262,Thrillville: OTR,7,0.003
2126,1480657581,Trials Evolution,7,0.003
2127,1620095408,Until Then,7,0.003
2128,1959830280,Virtua Fighter 5 R.E.V.O. World Stage,7,0.003
2129,2119315223,Void Crew,7,0.003
2130,1975267359,"Warhammer 40,000: Mechanicus",7,0.003
2131,1926154049,Wasteland Remastered,7,0.003
2132,1996371924,WitchSpring R,7,0.003
2133,940586683,Wizard of Legend,7,0.003
2134,2129059621,Wobbledogs Console Edition,7,0.003
2135,181948997,WWE 2K15,7,0.003
2136,2094867598,XIII,7,0.003
2137,1963899312,Yakuza Kiwami 2,7,0.003
2138,711381438,Zoo Tycoon,7,0.003
2139,1955180046,Zoo Tycoon Demo,7,0.003
2140,2146388451,3XTINCTION,6,0.0026
2141,1038499153,A Hat in Time,6,0.0026
2142,88086791,A KING'S TALE: FINAL FANTASY XV,6,0.0026
2143,1850945804,Age of Empires III: Definitive Edition,6,0.0026
2144,1958267791,AK-xolotl: Together,6,0.0026
2145,1972898737,AMAZE!,6,0.0026
2146,433520651,Attack on Titan,6,0.0026
2147,975485641,Back to the Future: The Game - 30th Anniversary Edition,6,0.0026
2148,1854415183,Barn Finders,6,0.0026
2149,965872275,Ben 10,6,0.0026
2150,1663573292,Bendy and the Dark Revival,6,0.0026
2151,1414793176,BioShock,6,0.0026
2152,1082339580,BLAZBLUE CHRONOPHANTASMA EXTEND,6,0.0026
2153,1952427486,Bloodstained: Ritual of the Night,6,0.0026
2154,1633682783,BODYCAM 2026,6,0.0026
2155,1965847665,BRAVELY DEFAULT FLYING FAIRY HD Remaster,6,0.0026
2156,1906603484,Bravery and Greed,6,0.0026
2157,171879377,Call of Cthulhu,6,0.0026
2158,435779585,Capcom Beat 'Em Up Bundle,6,0.0026
2159,1739606934,Castlevania Advance Collection,6,0.0026
2160,1480657530,Castlevania HD,6,0.0026
2161,1872307318,Chef Life: A Restaurant Simulator,6,0.0026
2162,2102465429,Coffee Talk,6,0.0026
2163,1297287249,Crimson Skies®: High Road to Revenge™,6,0.0026
2164,893913056,Destroy All Humans (2005),6,0.0026
2165,1974043980,Disney Classic Games: Aladdin and The Lion King,6,0.0026
2166,1743219650,Disney Epic Mickey: Rebrushed,6,0.0026
2167,1836115301,Docked,6,0.0026
2168,1776382481,Dodo Duckie Demo,6,0.0026
2169,2044234749,Dragon's Dogma 2 Character Creator & Storage,6,0.0026
2170,1674575880,EA SPORTS™ College Football 27,6,0.0026
2171,1831247908,EA SPORTS™ FIFA 16 Downloadable Demo,6,0.0026
2172,492699383,EA SPORTS™ NHL® 17,6,0.0026
2173,1146095609,Earth Defense Force: IA,6,0.0026
2174,1817638967,Echoes of the End: Enhanced Edition,6,0.0026
2175,1146095571,EDF 2017,6,0.0026
2176,1880860626,Escape Academy,6,0.0026
2177,548611852,FIFA 20 Demo,6,0.0026
2178,1977040687,FINAL FANTASY VII REMAKE INTERGRADE DEMO,6,0.0026
2179,1397819398,FINAL FANTASY XIII-2,6,0.0026
2180,1691539579,Flappy Fly,6,0.0026
2181,1858731712,Froggy Hates Snow,6,0.0026
2182,1414596568,Frontlines:Fuel of War,6,0.0026
2183,1926605815,Funko Fusion,6,0.0026
2184,2077809328,Garten of Banban 4,6,0.0026
2185,1702713376,Genesis Noir,6,0.0026
2186,1755179727,Grim Fandango Remastered,6,0.0026
2187,2022315423,Gunsmith Simulator,6,0.0026
2188,485144549,Halo Wars 2 Demo,6,0.0026
2189,2111451812,Horror Adventure : Zombie Edition (Demo),6,0.0026
2190,1880956881,Hot Wheels Monster Trucks: Stunt Mayhem™,6,0.0026
2191,1660075534,Hunting Simulator 2 Xbox One,6,0.0026
2192,2005346857,Idle Wizard,6,0.0026
2193,1832432939,Johnny Trigger,6,0.0026
2194,1480660105,JUJU,6,0.0026
2195,251796387,Just Dance 2018®,6,0.0026
2196,1055556936,Kingdom New Lands,6,0.0026
2197,1973808452,Last Oasis (Game Preview),6,0.0026
2198,1833447683,Legacy of Kain™ Soul Reaver 1&2 Remastered,6,0.0026
2199,1660823717,LEGO® Brawls,6,0.0026
2200,149149959,Lies Of Astaroth,6,0.0026
2201,1699337652,Little Nightmares II DEMO,6,0.0026
2202,1882357148,Lonely Mountains: Snow Riders,6,0.0026
2203,1297287162,Lost Odyssey,6,0.0026
2204,1634336729,LUNAR Remastered Collection,6,0.0026
2205,322384131,Marvel: Ultimate Alliance,6,0.0026
2206,1014379144,Marvel: Ultimate Alliance 2,6,0.0026
2207,2099448535,Mega Man Star Force Legacy Collection,6,0.0026
2208,1926628202,Moonbrella Demo,6,0.0026
2209,2079227086,MotoGP™20,6,0.0026
2210,1839786246,Murdered: Soul Suspect,6,0.0026
2211,1833175061,MXGP 2019 - The Official Motocross Videogame,6,0.0026
2212,1708079118,NASCAR 21: Ignition,6,0.0026
2213,2076732337,Necromunda: Hired Gun (Windows),6,0.0026
2214,2041914938,Nuclear Throne,6,0.0026
2215,1819981071,Old Market Simulator,6,0.0026
2216,1785122378,Omega Strikers,6,0.0026
2217,1989157631,Once Human,6,0.0026
2218,2121532136,Once Upon A KATAMARI,6,0.0026
2219,2034484895,Out of Space: Couch Edition,6,0.0026
2220,308514854,Outward,6,0.0026
2221,1480657015,Pac-Man C.E.,6,0.0026
2222,2008358711,Painkiller,6,0.0026
2223,1712366974,PC Building Simulator,6,0.0026
2224,1661809575,PC Building Simulator 2,6,0.0026
2225,1901782415,Railway Empire 2 (Win),6,0.0026
2226,1958527888,Rain World Demo,6,0.0026
2227,753024882,Red Faction Guerrilla Re-Mars-tered,6,0.0026
2228,1414596703,Red Faction: Armageddon,6,0.0026
2229,1996943027,Revhead,6,0.0026
2230,227770627,Riverbond,6,0.0026
2231,1791949165,Robin Hood - Sherwood Builders,6,0.0026
2232,1652661000,Rugby Challenge 4,6,0.0026
2233,1690094100,Run Sausage Run!,6,0.0026
2234,764522213,Runbow,6,0.0026
2235,1480657104,Samurai Shodown II,6,0.0026
2236,1779343248,Sclash,6,0.0026
2237,1953391836,Shadowrun Returns,6,0.0026
2238,1654530968,Shieldwall,6,0.0026
2239,1263405029,Silent Hill Homecoming,6,0.0026
2240,1957476784,Sniper Elite V2 Remastered,6,0.0026
2241,1480659614,Sonic the Fighters,6,0.0026
2242,1480659985,SOULCALIBUR II HD,6,0.0026
2243,1718103769,Space Gladiators,6,0.0026
2244,2033340677,Speed Car Fighter : Remastered Demo,6,0.0026
2245,1636452571,SRX: The Game,6,0.0026
2246,605317845,Stern Pinball Arcade,6,0.0026
2247,919503560,Super Destronaut DX,6,0.0026
2248,2039224282,Super Monkey Ball Banana Mania,6,0.0026
2249,1940337295,Taiko no Tatsujin: Rhythm Festival,6,0.0026
2250,1718047845,Tannenberg,6,0.0026
2251,2016552136,The Catch: Carp & Coarse Fishing,6,0.0026
2252,1480659512,The Cave,6,0.0026
2253,1414793357,The Darkness II,6,0.0026
2254,1962688125,The Messenger,6,0.0026
2255,20605635,The Surge,6,0.0026
2256,901516198,The Surge 2,6,0.0026
2257,1889167057,The Walking Dead: Destinies,6,0.0026
2258,681500618,The Walking Dead: The Final Season - Demo,6,0.0026
2259,1986869957,Them's Fightin' Herds,6,0.0026
2260,2031756340,They Are Billions,6,0.0026
2261,1480657580,Toy Soldiers: Cold War,6,0.0026
2262,2008180842,Ultimate General: Civil War,6,0.0026
2263,944836149,Valkyria Chronicles 4,6,0.0026
2264,1884076770,Visage,6,0.0026
2265,1778298055,Void Bastards,6,0.0026
2266,2019181131,Wasteland 2: Director's Cut,6,0.0026
2267,2008811924,Wolfenstein II: The New Colossus,6,0.0026
2268,1414793346,XCOM®: Enemy Unknown,6,0.0026
2269,1953589006,Yakuza 0,6,0.0026
2270,1998643149,Yakuza Kiwami,6,0.0026
2271,1019936697,#IDARB,5,0.0021
2272,2023402980,Achilles: Legends Untold,5,0.0021
2273,1742707305,Ambulance Life: A Paramedic Simulator,5,0.0021
2274,1878021400,Aquapark io,5,0.0021
2275,682100179,Armello,5,0.0021
2276,670545608,Armored Warfare,5,0.0021
2277,1744435907,Atelier Yumia: The Alchemist of Memories & the Envisioned Land (Xbox Series X|S),5,0.0021
2278,1861014614,Autonauts,5,0.0021
2279,634298669,Bad North: Jotunn Edition,5,0.0021
2280,1619305462,Baki Hanma: Blood Arena,5,0.0021
2281,1614240330,Baldur's Gate: Dark Alliance,5,0.0021
2282,1136549309,Battlefield 4™ Community Test Environment,5,0.0021
2283,2024847837,Bee Simulator,5,0.0021
2284,1748114593,Before I Forget,5,0.0021
2285,2008389504,Big Helmet Heroes,5,0.0021
2286,1414793313,BioShock 2,5,0.0021
2287,2111261259,Biped,5,0.0021
2288,1698796012,Bloons TD 6,5,0.0021
2289,1617823540,Bomb Rush Cyberfunk,5,0.0021
2290,1942358188,Born Of Bread,5,0.0021
2291,1161889888,C&C Red Alert 3,5,0.0021
2292,1636606847,Call of Duty®: Modern Warfare® - Digital Standard Edition (Windows),5,0.0021
2293,1931470162,Car Driving School Simulator,5,0.0021
2294,1696049385,Carnivores: Dinosaur Hunt,5,0.0021
2295,1414596609,Cars MN,5,0.0021
2296,1655404846,City Transport Simulator 2026,5,0.0021
2297,2057723777,Classified: France '44,5,0.0021
2298,1480659546,Counter-Strike: GO,5,0.0021
2299,1642353875,Craftopia,5,0.0021
2300,2079295420,Crash Team Rumble™,5,0.0021
2301,694139546,Crawl,5,0.0021
2302,1414596582,Darksiders,5,0.0021
2303,1414596758,Darksiders II,5,0.0021
2304,376779456,Death Road to Canada,5,0.0021
2305,402672897,Death Squared,5,0.0021
2306,1866841877,Demon Slayer -Kimetsu no Yaiba- Sweep the Board!,5,0.0021
2307,1397819386,DEUS EX: HUMAN REVOLUTION,5,0.0021
2308,1941545430,Dinosaur Fossil Hunter - Paleontology Simulator,5,0.0021
2309,1129121853,DiRT 3,5,0.0021
2310,1713897069,Dog Man: Mission Impawsible Demo,5,0.0021
2311,2078926688,DOOM II (Classic),5,0.0021
2312,2146119244,Double Dragon Revive,5,0.0021
2313,1651415071,DRAGON BALL XENOVERSE 3,5,0.0021
2314,1847263549,Dungeon Defenders: Awakened,5,0.0021
2315,147604411,Dungeons 3,5,0.0021
2316,809464104,Elex,5,0.0021
2317,572417720,Emily Wants To Play,5,0.0021
2318,2046176982,Empire of Sin,5,0.0021
2319,942676443,F1™ 2016,5,0.0021
2320,1868018491,Find The Cats,5,0.0021
2321,1826390129,Find The Cats (Xbox One),5,0.0021
2322,1966202553,Fishing: North Atlantic Enhanced Edition,5,0.0021
2323,1835944487,Five Nights at Freddy's Into the Pit,5,0.0021
2324,1975562587,Forgive Me Father,5,0.0021
2325,2108921213,FREE FIRE ULTIMATE,5,0.0021
2326,1480656914,GALAGA,5,0.0021
2327,1856172970,Game of Thrones - Episode 1: Iron from Ice,5,0.0021
2328,2022597828,Garten of Banban 0,5,0.0021
2329,159583079,Gear.Club Unlimited 2 - Ultimate Edition,5,0.0021
2330,1751973977,Gears of War: Ultimate Edition for Windows 10,5,0.0021
2331,21230315,Genesis Alpha One,5,0.0021
2332,1480656877,Geometry Wars Evolved,5,0.0021
2333,1784112295,Godfall,5,0.0021
2334,1785738076,Grandia HD Collection,5,0.0021
2335,2020925056,Grim Dawn: Definitive Edition,5,0.0021
2336,1923234340,GRIME II,5,0.0021
2337,1297287176,Halo Wars,5,0.0021
2338,1829337400,Have a Nice Death,5,0.0021
2339,1668637606,High On Life 2 Demo,5,0.0021
2340,1698046377,Highway Police Simulator,5,0.0021
2341,1397819420,Hitman HD Pack,5,0.0021
2342,1480657391,Hydrophobia,5,0.0021
2343,1480657722,I Am Alive™,5,0.0021
2344,1480656874,Jewel Quest,5,0.0021
2345,901962824,KartRider: Drift,5,0.0021
2346,2145258670,Kiosk,5,0.0021
2347,1718892809,Knockout City™,5,0.0021
2348,240478325,Layers of Fear (2016),5,0.0021
2349,2002613703,Lethal League Blaze,5,0.0021
2350,1694487955,Life is Strange: True Colors,5,0.0021
2351,1798206513,Lost Eidolons,5,0.0021
2352,2081039845,Lost in Random: The Eternal Die,5,0.0021
2353,2147358433,Madden NFL 15,5,0.0021
2354,142841733,Madden NFL 25,5,0.0021
2355,1480659475,Magic 2013,5,0.0021
2356,1480659653,Magic 2014 — Duels of the Planeswalkers,5,0.0021
2357,2021132620,Mandragora: Whispers of the Witch Tree,5,0.0021
2358,350075261,Marvel Heroes Omega,5,0.0021
2359,23963413,Mega Man Zero/ZX Legacy Collection,5,0.0021
2360,1941838752,MELTY BLOOD: TYPE LUMINA,5,0.0021
2361,1790559387,Miraculous: Rise of the Sphinx,5,0.0021
2362,1297549289,Mortal Kombat vs. DCU,5,0.0021
2363,1887595548,Mountain Racing Demo,5,0.0021
2364,2019203468,Mr. Prepper,5,0.0021
2365,905842411,Mutant Football League,5,0.0021
2366,1991467401,My Little Universe,5,0.0021
2367,498956148,NASCAR Heat 2,5,0.0021
2368,2123370628,NBA 2K20 Demo,5,0.0021
2369,2006666244,NBA 2K21 Next Generation,5,0.0021
2370,1882866745,NBA BOUNCE,5,0.0021
2371,1706007518,Nexomon: Extinction,5,0.0021
2372,1961823263,NHL® 22 Xbox Series X|S,5,0.0021
2373,1846760960,Nickelodeon Kart Racers 3: Slime Speedway,5,0.0021
2374,1700516900,NINJA GAIDEN 3: Razor's Edge,5,0.0021
2375,1868841248,Nobody Saves the World,5,0.0021
2376,301029247,Oddworld: New 'n' Tasty,5,0.0021
2377,933693396,ŌKAMI HD,5,0.0021
2378,1734289672,"ONYX-PRO, Inside the Game: Grounded 2 Artbook and Soundtrack",5,0.0021
2379,1129121801,Overlord II,5,0.0021
2380,1480656913,PAC-MAN,5,0.0021
2381,175738476,PAC-MAN™ CHAMPIONSHIP EDITION 2 DEMO,5,0.0021
2382,864368287,Pankapu,5,0.0021
2383,843014522,Pathfinder: Kingmaker - Definitive Edition,5,0.0021
2384,2074120545,Pax Dei,5,0.0021
2385,1660076539,PIT OF GOBLIN Demo,5,0.0021
2386,2046628793,PixARK,5,0.0021
2387,1624350228,Project Spark,5,0.0021
2388,2011990367,Project Winter,5,0.0021
2389,1480657006,Puzzle Fighter HD,5,0.0021
2390,1784625849,Queen's Quest 5: Symphony of Death (Xbox Version),5,0.0021
2391,1629830364,Rayman: 30th Anniversary Edition,5,0.0021
2392,126264108,Rebel Galaxy,5,0.0021
2393,893913055,Red Faction II,5,0.0021
2394,2122057393,Relooted,5,0.0021
2395,773588741,RICO,5,0.0021
2396,1914565485,Risk of Rain,5,0.0021
2397,1806655067,RollerCoaster Tycoon Classic,5,0.0021
2398,1704946873,Romancing SaGa 2: Revenge of the Seven,5,0.0021
2399,2001626208,Roots of Pacha,5,0.0021
2400,1770389828,Rune Factory: Guardians of Azuma,5,0.0021
2401,1836380058,Salvation: Echoes of War Demo,5,0.0021
2402,2054178211,SAMURAI SHODOWN (Standard Ver.),5,0.0021
2403,2124983718,SAND LAND,5,0.0021
2404,1860783828,Shoot The Wall,5,0.0021
2405,1916393313,SIGNALIS,5,0.0021
2406,1785888386,Snake.io,5,0.0021
2407,1640533721,Sodaman Demo,5,0.0021
2408,1480656996,Sonic The Hedgehog,5,0.0021
2409,1480657315,Sonic The Hedgehog 3,5,0.0021
2410,1813197692,SOS OPS!,5,0.0021
2411,1898652037,SOUTH PARK: SNOW DAY!,5,0.0021
2412,1414793283,Spec Ops: The Line,5,0.0021
2413,1676037121,Spooky's Jump Scare Mansion: HD Renovation,5,0.0021
2414,2088823549,Star Trek: Legends,5,0.0021
2415,2027854331,STORY OF SEASONS: A Wonderful Life,5,0.0021
2416,1876484566,STORY OF SEASONS: Friends of Mineral Town,5,0.0021
2417,1760369741,SULFUR Demo,5,0.0021
2418,1841866029,Super Bomberman R Online,5,0.0021
2419,1770175521,Surviving the Aftermath,5,0.0021
2420,1908989621,SWORD ART ONLINE Last Recollection,5,0.0021
2421,1981157496,System Shock,5,0.0021
2422,1874881573,Tales of Kenzera™: ZAU,5,0.0021
2423,308135722,Tales of Vesperia™: Definitive Edition,5,0.0021
2424,1624769204,Talisman: Digital Edition,5,0.0021
2425,2124220599,Techwars Global Conflict,5,0.0021
2426,1906078054,TERMINATOR: RESISTANCE,5,0.0021
2427,836165876,The Ascent,5,0.0021
2428,157772240,The Bard's Tale IV: Director's Cut,5,0.0021
2429,1005415207,The Golf Club 2019 featuring PGA TOUR,5,0.0021
2430,1842335063,The Mortuary Assistant,5,0.0021
2431,1858859325,The Thing: Remastered,5,0.0021
2432,1313671253,The Witcher 2,5,0.0021
2433,874691210,This War of Mine: The Little Ones,5,0.0021
2434,1630747846,Tour de France 2025,5,0.0021
2435,1832512217,Townscaper,5,0.0021
2436,1529724759,Transformers: The Dark Spark,5,0.0021
2437,2125289543,TRANSFORMERS™: Devastation,5,0.0021
2438,239008106,Tropico 5 - Penultimate Edition,5,0.0021
2439,1629100331,Ultra Foodmess 2,5,0.0021
2440,1758041918,UNBEATABLE,5,0.0021
2441,1297549275,Unreal Tournament III,5,0.0021
2442,1066906675,Vikings - Wolves of Midgard,5,0.0021
2443,2026783353,Wayfinder,5,0.0021
2444,1995157831,Wildfrost,5,0.0021
2445,1770084088,Wreckfest 2,5,0.0021
2446,1777058720,Yakuza 5 Remastered,5,0.0021
2447,28833378,10 Second Ninja X,4,0.0017
2448,1855137956,2URVIVE,4,0.0017
2449,1714878640,60 Seconds!,4,0.0017
2450,1745806870,7 Days to Die (Game Preview),4,0.0017
2451,1627615213,70s-style Robot Anime Geppy-X DEMO,4,0.0017
2452,1682735559,9 Monkeys of Shaolin,4,0.0017
2453,949699803,ABZU,4,0.0017
2454,983914761,ACA NEOGEO METAL SLUG 3,4,0.0017
2455,983906598,ACA NEOGEO THE KING OF FIGHTERS '99,4,0.0017
2456,2094098726,Ace Attorney Investigations Collection,4,0.0017
2457,1480656956,Aegis Wing,4,0.0017
2458,1664723386,Afterimage,4,0.0017
2459,2083780130,Against the Storm,4,0.0017
2460,2084317224,Age of Empires Mobile: PC Edition,4,0.0017
2461,1817202060,Alba: A Wildlife Adventure,4,0.0017
2462,1712068512,Amanda the Adventurer,4,0.0017
2463,880413309,Amnesia: Collection,4,0.0017
2464,1798477678,AO Tennis 2,4,0.0017
2465,2083321391,Arachnophobic Kyle,4,0.0017
2466,244952910,Aragami: Shadow Edition,4,0.0017
2467,2076917277,Army of Ruin,4,0.0017
2468,267850304,ATV Drift & Tricks Definitive Edition,4,0.0017
2469,1854172310,AWAKEN - Astral Blade Demo,4,0.0017
2470,1480656876,Bankshot Billiards 2,4,0.0017
2471,1864828194,Bendy: Lone Wolf,4,0.0017
2472,2099876954,Big Rumble Boxing: Creed Champions,4,0.0017
2473,531923308,Bike Mayhem 2,4,0.0017
2474,402049843,Black Desert,4,0.0017
2475,1178929117,Bound by Flame,4,0.0017
2476,2021444410,BPM: Bullets Per Minute,4,0.0017
2477,1879813340,Breathedge,4,0.0017
2478,1899809649,Bubble Shooter Viking Pop!,4,0.0017
2479,2102100337,Cake Bash Demo,4,0.0017
2480,1960391873,Call of Duty®: Black Ops III (Windows),4,0.0017
2481,2098202394,Candy Crush Saga,4,0.0017
2482,870299798,Carnival Games®,4,0.0017
2483,293403523,Cartoon Network: Battle Crashers,4,0.0017
2484,1872936107,Cobra Kai: The Karate Kid Saga Continues,4,0.0017
2485,1397032914,Condemned,4,0.0017
2486,54541475,Construction Simulator 2 US - Console Edition,4,0.0017
2487,2011564314,Contra: Operation Galuga,4,0.0017
2488,1843804163,Cooking Simulator Windows,4,0.0017
2489,1763402795,Croc's World 2 (Xbox-Edition),4,0.0017
2490,1886383393,Croc's World 3 (Xbox-Edition),4,0.0017
2491,1921002833,Crossy Road Castle,4,0.0017
2492,1946372542,Cubic Odyssey,4,0.0017
2493,1798666879,Dark Deception: Monsters & Mortals,4,0.0017
2494,1128466400,Dark Void,4,0.0017
2495,1724847740,Dead Island 2 (Windows),4,0.0017
2496,125143641,Deadlight: Director's Cut,4,0.0017
2497,1684075016,Deadlink,4,0.0017
2498,1966406017,Deceive Inc.,4,0.0017
2499,1704427307,Deer & Boy,4,0.0017
2500,419349778,Defiance 2050,4,0.0017
2501,710337025,Demo Middle-earth™: Shadow of War™,4,0.0017
2502,1754131742,Diamond Painting ASMR,4,0.0017
2503,338090394,Dirt Rally,4,0.0017
2504,1821472434,Disciples: Liberation,4,0.0017
2505,1480656932,DOOM,4,0.0017
2506,1480657802,Dragon's Lair,4,0.0017
2507,1743457512,DRAGON QUEST BUILDERS 2,4,0.0017
2508,1757950833,DreamWorks All-Star Kart Racing,4,0.0017
2509,1712105499,DRIFTCE,4,0.0017
2510,776943591,DUCATI - 90th Anniversary,4,0.0017
2511,1480659907,Dungeons & Dragons: Chronicles of Mystara,4,0.0017
2512,419391420,EA SPORTS™ NBA LIVE 15,4,0.0017
2513,1748036661,Electrician Simulator,4,0.0017
2514,1958827848,Eternal Card Game,4,0.0017
2515,180750187,F1™ 2017,4,0.0017
2516,1431504860,FC Instincts Predator,4,0.0017
2517,332903703,Fibbage: The Hilarious Bluffing Party Game,4,0.0017
2518,386153688,FLYING TIGERS: SHADOWS OVER CHINA,4,0.0017
2519,321736949,Forza Motorsport 6 Demo,4,0.0017
2520,1480656915,Frogger,4,0.0017
2521,1229391860,Ghostbusters,4,0.0017
2522,1641056892,Gloomhaven,4,0.0017
2523,2006900752,Grand Vegas Casino,4,0.0017
2524,1823111797,GreedFall: The Dying World,4,0.0017
2525,671675837,GRIP,4,0.0017
2526,341719186,"Guns, Gore and Cannoli 2",4,0.0017
2527,1928193169,Heavenly Bodies,4,0.0017
2528,1670362756,Heliborne,4,0.0017
2529,1880214966,Hello Neighbor: Hide and Seek,4,0.0017
2530,1669048701,Hidden Cats in Spooky Town,4,0.0017
2531,446981050,Hitman: Absolution HD,4,0.0017
2532,1968550256,Hobo: Tough Life,4,0.0017
2533,1698597039,Hokko Life,4,0.0017
2534,758563081,Horizon Chase Turbo,4,0.0017
2535,1958841023,Horror Adventure Demo,4,0.0017
2536,1842354344,Hot Wheels Let's Race™: Ultimate Speed,4,0.0017
2537,1641368913,House Fighters: Total Mess Demo,4,0.0017
2538,1829828400,HUMANKIND™,4,0.0017
2539,1644577583,Ion Fury,4,0.0017
2540,1922993793,Jalopy,4,0.0017
2541,1944442924,Jet Battle : Remastered Demo,4,0.0017
2542,1741183625,Juiced Fruit Racing Demo,4,0.0017
2543,1003093254,Just Dance 2017®,4,0.0017
2544,1849860727,Kids Learn Demo,4,0.0017
2545,1840996916,Kinect Sports Rivals,4,0.0017
2546,2072806887,King Arthur: Knight's Tale,4,0.0017
2547,1957464297,King K Roller 2,4,0.0017
2548,1989445813,Knight Squad 2,4,0.0017
2549,1003487612,Korgan,4,0.0017
2550,2055909129,Legacy of Kain: Defiance Remastered,4,0.0017
2551,389571069,LEGO® Dimensions™,4,0.0017
2552,1615197965,Let's Build a Zoo,4,0.0017
2553,1655517847,Like a Dragon Gaiden: The Man Who Erased His Name,4,0.0017
2554,2045560230,LIMBO,4,0.0017
2555,1973635123,Mad Streets,4,0.0017
2556,956590734,Mega Man Legacy Collection 2,4,0.0017
2557,1651248133,Metal: Hellsinger (Xbox Series X|S & PC),4,0.0017
2558,1953382311,Metro Redux,4,0.0017
2559,1263405116,MGS PW HD,4,0.0017
2560,1480659607,Monaco: What's Yours is Mine,4,0.0017
2561,1869122946,MONOPOLY DEAL,4,0.0017
2562,1947752727,Monster Hunter Stories 3: Twisted Reflection Trial Version,4,0.0017
2563,576433659,Moto Racer 4,4,0.0017
2564,1423533994,MotoGP™15,4,0.0017
2565,2091286911,Mudness Offroad - 4x4 Truck Car Simulator,4,0.0017
2566,1834840157,Murder House,4,0.0017
2567,1866194138,Murder Miners,4,0.0017
2568,2040686890,My Time at Sandrock,4,0.0017
2569,1911275658,MyMaitê,4,0.0017
2570,1955393584,MyMaitê (Xbox Series),4,0.0017
2571,607267025,N++ (NPLUSPLUS),4,0.0017
2572,1950723029,NAIAD,4,0.0017
2573,113198981,NBA 2K18: The Prelude,4,0.0017
2574,1802006334,Neon Abyss,4,0.0017
2575,1690896049,New Tales from the Borderlands,4,0.0017
2576,1844719399,Nobody Wants to Die,4,0.0017
2577,303740234,Oh...Sir! The Insult Simulator,4,0.0017
2578,1297287193,Party Animals,4,0.0017
2579,1894365262,PAW Patrol: Grand Prix,4,0.0017
2580,1901009298,Pawbay,4,0.0017
2581,1641334275,Phantom Breaker: Omnia,4,0.0017
2582,267248679,Phantom Dust,4,0.0017
2583,1991248961,PHOGS!,4,0.0017
2584,1800431998,Pipes Master,4,0.0017
2585,172342998,PLAYERUNKNOWN’S BATTLEGROUNDS – Public Test Server,4,0.0017
2586,1731967517,Prison Escape Simulator,4,0.0017
2587,1841294814,Project Warlock,4,0.0017
2588,1431504886,R.U.S.E.,4,0.0017
2589,1618892988,Rally Car Mechanic Simulator,4,0.0017
2590,957250252,Rapala Fishing: Pro Series,4,0.0017
2591,1480657184,Raskulls,4,0.0017
2592,2133414343,Recycling Center Simulator,4,0.0017
2593,1818899854,Resident Evil 3: Raccoon City Demo,4,0.0017
2594,1223839444,RIDE,4,0.0017
2595,326835485,Rise of Nations: Extended Edition,4,0.0017
2596,1785385145,Rock of Ages 3: Make & Break,4,0.0017
2597,322450727,Rogue Legacy,4,0.0017
2598,2087135005,Royal Revolt Survivors,4,0.0017
2599,2138535394,Rugby League Live 3,4,0.0017
2600,1723211080,Rune Dice,4,0.0017
2601,365310947,Scribblenauts Mega Pack,4,0.0017
2602,1480657777,Sega Vintage Collection: Streets of Rage,4,0.0017
2603,1882598345,Shadow Warrior,4,0.0017
2604,1297287126,Shadowrun,4,0.0017
2605,902608,Sky Force Reloaded,4,0.0017
2606,687576060,Skylanders SuperChargers Portal Owner's Pack,4,0.0017
2607,1650484516,Sokobalien,4,0.0017
2608,2098784475,Soulstice,4,0.0017
2609,778803087,Spacelords,4,0.0017
2610,1507365602,Sparkle Unleashed,4,0.0017
2611,1989398033,Speed Dates Summer Edition,4,0.0017
2612,1480657523,Stacking,4,0.0017
2613,2063855906,STAR OCEAN THE DIVINE FORCE,4,0.0017
2614,2010543124,Star Trek: Voyager - Across the Unknown,4,0.0017
2615,1733929983,STAR WARS Zero Company™,4,0.0017
2616,2009073182,Steelrising - Standard Edition,4,0.0017
2617,1016114215,Steven Universe: Save the Light,4,0.0017
2618,903098188,Strange Brigade,4,0.0017
2619,1896598798,Street Outlaws 2: Winner Takes All,4,0.0017
2620,2079765251,Streets of Rogue,4,0.0017
2621,2120109308,STUFFED,4,0.0017
2622,2023806716,Styx: Master of Shadows,4,0.0017
2623,1768994193,Summer Seaside Search,4,0.0017
2624,1830126483,Super Kids Racing : Remastered Demo,4,0.0017
2625,1949756621,Surgeon Simulator 2,4,0.0017
2626,1987589092,Surviving Mars: Relaunched,4,0.0017
2627,2132478540,Tails of Iron 2: Whiskers of Winter,4,0.0017
2628,1873939850,Teenage Mutant Ninja Turtles Arcade: Wrath of the Mutants,4,0.0017
2629,29770197,Teenage Mutant Ninja Turtles™: Mutants in Manhattan,4,0.0017
2630,1090851408,TEMBO THE BADASS ELEPHANT,4,0.0017
2631,1825800558,Temtem,4,0.0017
2632,972022825,Tetris® Ultimate,4,0.0017
2633,2065439517,That Time I Got Reincarnated as a Slime ISEKAI Chronicles,4,0.0017
2634,1774362586,The Backrooms 1998,4,0.0017
2635,2107926266,The Backrooms: Forsaken,4,0.0017
2636,1733173772,The Bard's Tale Trilogy,4,0.0017
2637,2115998347,The Drone Racing League Simulator,4,0.0017
2638,2062398513,The Dungeon Of Naheulbeuk: The Amulet Of Chaos - Chicken Edition,4,0.0017
2639,1771770355,The Forgotten City,4,0.0017
2640,1892179113,The Last Faith,4,0.0017
2641,1721383054,The Outer Worlds: Spacer’s Choice Edition,4,0.0017
2642,1776537730,The Sinking City Remastered,4,0.0017
2643,1875984690,The Sisters - Party of the Year,4,0.0017
2644,491421892,The Talos Principle,4,0.0017
2645,1967005422,The Wandering Village,4,0.0017
2646,2099988016,Ticket to Ride®,4,0.0017
2647,1807962365,Tiny Tina's Assault on Dragon Keep: A Wonderlands One-shot Adventure,4,0.0017
2648,467118163,Titan Quest,4,0.0017
2649,1396901866,Tomb Raider: Anniv.,4,0.0017
2650,1480657534,Torchlight,4,0.0017
2651,1863466810,Tormented Souls 2,4,0.0017
2652,1651850203,Tour de France 2024,4,0.0017
2653,703997631,TowerFall Ascension,4,0.0017
2654,1480657310,Toy Soldiers,4,0.0017
2655,1480660067,Toybox Turbos,4,0.0017
2656,1887639245,Tracks - The Train Set Game,4,0.0017
2657,1763742865,Train Sim World® 2,4,0.0017
2658,2147214039,TRIANGLE STRATEGY,4,0.0017
2659,2078968222,Truck Driver: The American Dream,4,0.0017
2660,1661098733,Turbo Golf Racing,4,0.0017
2661,1683451145,Ultra Foodmess Deluxe,4,0.0017
2662,1397033025,VANQUISH,4,0.0017
2663,2039837995,We Were Here Forever,4,0.0017
2664,1955199870,We Were Here Together,4,0.0017
2665,1798375126,Welcome to ParadiZe,4,0.0017
2666,2069636428,WINGSPAN,4,0.0017
2667,1811697311,World War Z,4,0.0017
2668,1894333860,WRC 8 FIA World Rally Championship Xbox One,4,0.0017
2669,1845646569,Yakuza Kiwami 2,4,0.0017
2670,1905856995,You Suck at Parking® Complete Edition,4,0.0017
2671,1695141626,Zombies Ate My Neighbors and Ghoul Patrol,4,0.0017
2672,1993670577,#DRIVE Rally,3,0.0013
2673,1480657371,A World of Keflings ,3,0.0013
2674,1528308274,Aaero,3,0.0013
2675,552749870,ACA NEOGEO THE KING OF FIGHTERS '98,3,0.0013
2676,1660341261,ACA2NEOGEO THE KING OF FIGHTERS '98,3,0.0013
2677,585188640,Aces of the Luftwaffe - Squadron,3,0.0013
2678,219620906,ADIOS Amigos,3,0.0013
2679,701037441,Age of Wonders: Planetfall,3,0.0013
2680,2080141972,Aground,3,0.0013
2681,1880279778,Airplane Racing Championship Demo,3,0.0013
2682,1945227815,Akatori Demo,3,0.0013
2683,1480659507,Alan Wake's American Nightmare ®,3,0.0013
2684,2000460393,Alien Hominid Invasion,3,0.0013
2685,1637535340,Alt Girl for Skoof - ALTiversary Edition,3,0.0013
2686,2021205208,Ancestors Legacy,3,0.0013
2687,1740207992,Andromeda Survivors,3,0.0013
2688,2130794071,Apollo Justice: Ace Attorney Trilogy,3,0.0013
2689,1743279702,Arma Reforger - Experimental,3,0.0013
2690,1877455960,art of rally,3,0.0013
2691,1431504989,Assassin's Creed Brotherhood,3,0.0013
2692,1841822482,Asterix & Obelix XXL3: The Crystal Menhir,3,0.0013
2693,1902834375,Autobahn Police Simulator 3,3,0.0013
2694,1807479023,Backyard Baseball,3,0.0013
2695,1833100190,Baldur's Gate: Dark Alliance II,3,0.0013
2696,2021090436,Baptiste Demo,3,0.0013
2697,1161889785,Battlefield: Bad Company,3,0.0013
2698,1396901849,Battlestations: Midway,3,0.0013
2699,2140460499,Before We Leave,3,0.0013
2700,139697962,Beholder Complete Edition,3,0.0013
2701,1955832684,Beyond Good & Evil 20th Anniversary Edition,3,0.0013
2702,1964310416,Bio Inc. Redemption,3,0.0013
2703,2015751229,Bioweaver,3,0.0013
2704,2109985750,Blood: Refreshed Supply,3,0.0013
2705,2038811741,Blue Estate,3,0.0013
2706,1722069710,Bobobby 3D: Stranded Rush (Xbox Series),3,0.0013
2707,124742016,Boiling Bolt,3,0.0013
2708,2034968114,Bomb Bowling X,3,0.0013
2709,1941549925,Bomb Bowling X (Xbox One),3,0.0013
2710,1480657330,Bomberman Battlefest,3,0.0013
2711,1480657002,Boom Boom Rocket,3,0.0013
2712,1844418156,Botany Manor,3,0.0013
2713,2122418461,Bratz® Rhythm & Style,3,0.0013
2714,311085527,Brawlout,3,0.0013
2715,1827158254,Brawlout Demo,3,0.0013
2716,2038940671,Bridge Race,3,0.0013
2717,1972740153,Bright Memory: Infinite Platinum Edition,3,0.0013
2718,1697279233,Bubsy 4D,3,0.0013
2719,723100070,BUTCHER,3,0.0013
2720,1955736581,Butterfly,3,0.0013
2721,2022947683,BVOVB - Bruising Vengeance of the Vintage Boxer,3,0.0013
2722,2113057830,Candivity,3,0.0013
2723,2115124995,Card Storm Idle (Windows),3,0.0013
2724,1855158493,Cartel Tycoon,3,0.0013
2725,287508507,Casey Powell Lacrosse 18,3,0.0013
2726,1501266033,CastleStorm - Definitive Edition,3,0.0013
2727,1858000832,Caterpillar,3,0.0013
2728,2055495747,Cats and Seek : Tokyo,3,0.0013
2729,1889886349,Chess Royal,3,0.0013
2730,1749756360,Chocolate Factory Simulator,3,0.0013
2731,1841886812,Christmas Massacre,3,0.0013
2732,1717280173,CHRONO CROSS: THE RADICAL DREAMERS EDITION,3,0.0013
2733,2015839152,Citadelum,3,0.0013
2734,2129250549,Clean Up Earth,3,0.0013
2735,1480656871,Cloning Clyde,3,0.0013
2736,1841498671,CONSCRIPT,3,0.0013
2737,1954997644,Construction Simulator 3 - Console Edition,3,0.0013
2738,1480656920,Contra,3,0.0013
2739,2100141985,Contra: Operation Galuga Demo,3,0.0013
2740,1872937240,Copycat,3,0.0013
2741,1767974553,Cozy Grove,3,0.0013
2742,2041763016,CrossCode,3,0.0013
2743,942640100,DAKAR 18,3,0.0013
2744,502883447,Dead Island Retro Revenge,3,0.0013
2745,1154802774,Dead Rising 3 Demo,3,0.0013
2746,1480657513,Deadliest Warrior,3,0.0013
2747,1480657099,Defense Grid,3,0.0013
2748,1669682262,Defense Grid 2,3,0.0013
2749,1779096288,Deliver At All Costs,3,0.0013
2750,2116371080,Dicey Dungeons,3,0.0013
2751,1848024903,Dig Deep,3,0.0013
2752,1825676269,Digimon Story Time Stranger Demo,3,0.0013
2753,1799432498,Disc Room,3,0.0013
2754,63030352,Disneyland Adventures Demo,3,0.0013
2755,1751561017,Dollmare,3,0.0013
2756,1480657334,DOOM II (Classic),3,0.0013
2757,1793469167,Dorfromantik,3,0.0013
2758,1721217822,Drake Hollow,3,0.0013
2759,532569395,Drawful 2,3,0.0013
2760,141638183,DreamWorks Dragons Dawn of New Riders,3,0.0013
2761,1861826241,Duck Simulator 2,3,0.0013
2762,1397819381,Dungeon Siege III,3,0.0013
2763,1799540443,Dungeons & Dragons Neverwinter Nights 2: Enhanced Edition,3,0.0013
2764,1771234675,Dungeons 4,3,0.0013
2765,1739392581,Dungeons of Sundaria,3,0.0013
2766,468454494,EA SPORTS™ FIFA 17 Downloadable Demo,3,0.0013
2767,1913788849,Echoes of Aincrad Unanswered//butterfly Bonus Contents App,3,0.0013
2768,1935118065,Echoes of the Plum Grove,3,0.0013
2769,1874135365,EDENS ZERO,3,0.0013
2770,1648619937,Edge of Eternity,3,0.0013
2771,1983248568,Eiyuden Chronicle: Hundred Heroes,3,0.0013
2772,1805594701,Ember Knights : Heroes of the Nexus Edition,3,0.0013
2773,2096319922,Embr,3,0.0013
2774,1944979900,EMPTY SHELL,3,0.0013
2775,1704101432,Empyreal,3,0.0013
2776,1997527592,Endling - Extinction is Forever,3,0.0013
2777,1263339518,Escape Dead Island,3,0.0013
2778,2094317541,Extreme Cycling Demo,3,0.0013
2779,1448413145,F.E.A.R.,3,0.0013
2780,1760050791,Fae Farm,3,0.0013
2781,1644983795,Faeland Demo,3,0.0013
2782,1480659518,Far Cry Classic,3,0.0013
2783,1880744816,Farming Simulator 22 (PC),3,0.0013
2784,1079518187,FINAL FANTASY TYPE-0 HD,3,0.0013
2785,136671143,FINAL FANTASY XV MULTIPLAYER: COMRADES,3,0.0013
2786,1733492292,Finding Frankie,3,0.0013
2787,1805284872,Five Nights at Freddy's: Help Wanted 2,3,0.0013
2788,67961945,FlatOut 4 : Total Insanity,3,0.0013
2789,1890880304,Fobia - St. Dinfna Hotel,3,0.0013
2790,1882538785,Forgive Me Father 2,3,0.0013
2791,1830452855,Forklift Simulator,3,0.0013
2792,1899291024,Fran Bow,3,0.0013
2793,893913057,Full Spectrum Warrior,3,0.0013
2794,2119664712,Galactic Loader (Xbox One),3,0.0013
2795,1717888621,Galaxy Control: Arena,3,0.0013
2796,1644860924,Gato Roboto,3,0.0013
2797,945174237,Geometry Wars™ 3: Dimensions Evolved,3,0.0013
2798,2126757651,Ghostrunner,3,0.0013
2799,2045688705,Giana Sisters: Twisted Dreams - Director's Cut,3,0.0013
2800,1788626737,Golazo!,3,0.0013
2801,1855217179,Golf With Your Friends (Windows Version),3,0.0013
2802,943719970,GRID,3,0.0013
2803,1129121873,GRID Autosport,3,0.0013
2804,1769592885,GUNDAM EVOLUTION,3,0.0013
2805,1869837377,Hacked: The Streamer Demo,3,0.0013
2806,1822336858,Hand of Fate,3,0.0013
2807,1683854838,Harvest Moon: The Winds of Anthos,3,0.0013
2808,1795078354,Hazard Levels Demo,3,0.0013
2809,1839911748,Hidden Cats in Santa's Realm,3,0.0013
2810,1890778408,Hidden Cats in Tokyo,3,0.0013
2811,2058317945,Hotel Renovator,3,0.0013
2812,90991576,How To Survive 2,3,0.0013
2813,1827075606,Human Zoo Tycoon,3,0.0013
2814,1693450318,Hunt: Showdown,3,0.0013
2815,1038862451,HYPER SCAPE,3,0.0013
2816,2121552083,I'm in Love With Your Dead Grandmother,3,0.0013
2817,2129720796,"I Have No Mouth, and I Must Scream",3,0.0013
2818,1672730245,In Sound Mind,3,0.0013
2819,2136871363,Indoor Baseball,3,0.0013
2820,21051553,It's Quiz Time,3,0.0013
2821,1925571425,Jay and Silent Bob: Chronic Blunt Punch,3,0.0013
2822,1761650717,Jewel Fever (Xbox-Edition),3,0.0013
2823,944228222,Journey to the Savage Planet,3,0.0013
2824,2004666712,Journey To The Savage Planet: Employee Of The Month,3,0.0013
2825,65384566,Jumanji: The Video Game,3,0.0013
2826,1396901845,Just Cause,3,0.0013
2827,1206122062,Just Dance 2016,3,0.0013
2828,2057958746,Just Dance® 2021,3,0.0013
2829,1636507073,K-pop Idol Stories: Road to Debut - Demo,3,0.0013
2830,1995913309,Katamari Damacy REROLL,3,0.0013
2831,1974645006,Killer Frequency,3,0.0013
2832,649279273,King's Quest™,3,0.0013
2833,1873492766,KINGDOM HEARTS HD 2.8 Final Chapter Prologue,3,0.0013
2834,1775896577,Kitsune Kaeru (Xbox One),3,0.0013
2835,2135008252,Kitten Island (Windows),3,0.0013
2836,1883121287,Kitten Island 2 (Xbox Series),3,0.0013
2837,2008175655,Knights of Pen and Paper +1 Deluxier Edition,3,0.0013
2838,1480657105,KOF98UM,3,0.0013
2839,1703986144,Kristala,3,0.0013
2840,1735842687,Kristala Demo,3,0.0013
2841,2041063925,Lake,3,0.0013
2842,1912466607,Laundry Store Simulator,3,0.0013
2843,1647023800,Legend Bowl,3,0.0013
2844,1073523542,LEGO® STAR WARS™: The Force Awakens Demo,3,0.0013
2845,1775456726,Let's Sing 2023,3,0.0013
2846,2096549844,Liftoff: Drone Racing,3,0.0013
2847,1615223185,Liquor Store Simulator,3,0.0013
2848,779348826,Livelock,3,0.0013
2849,2111359330,Loan Shark,3,0.0013
2850,1987951399,Lonely Mountains: Downhill,3,0.0013
2851,1700020315,MADiSON,3,0.0013
2852,1480656990,Marathon: Durandal,3,0.0013
2853,1886514325,Marble It Up! Ultra,3,0.0013
2854,2016530186,Marsupilami: Hoobadventure,3,0.0013
2855,1627771857,Marvel Cosmic Invasion Demo,3,0.0013
2856,1029188769,Marvel’s Guardians of the Galaxy: The Telltale Series - Episode 1,3,0.0013
2857,1684797055,McPixel 3,3,0.0013
2858,699525164,Mega Man 11 Demo Version,3,0.0013
2859,1687585446,MENACE (Game Preview),3,0.0013
2860,1263405120,METAL GEAR SOLID HD: 2 & 3,3,0.0013
2861,1864843444,Monopoly: Star Wars™ Heroes vs. Villains,3,0.0013
2862,2078832385,Monster Energy Supercross 4 - Xbox Series X|S,3,0.0013
2863,2070782109,Monster Prom: XXL,3,0.0013
2864,1960491525,Morbid: The Lords of Ire,3,0.0013
2865,1150103050,Mordheim: City of the Damned,3,0.0013
2866,1718758540,Moving Out Demo,3,0.0013
2867,1480656951,MS.PAC-MAN,3,0.0013
2868,446256697,My Time At Portia,3,0.0013
2869,952250438,NBA LIVE 19 Demo,3,0.0013
2870,37469967,NBA Playgrounds,3,0.0013
2871,1846221159,NBA THE RUN - OPEN BETA,3,0.0013
2872,1480657439,NEOGEO BATTLE COLISEUM,3,0.0013
2873,157973080,NeuroVoider,3,0.0013
2874,910593568,Never Alone (Kisima Ingitchuna),3,0.0013
2875,1907337607,NHL® 15 Full Game,3,0.0013
2876,1745491441,Nikoderiko: The Magical World - Demo,3,0.0013
2877,2020671042,NIMRODS Demo,3,0.0013
2878,1814825729,No More Heroes 3,3,0.0013
2879,2074956981,Oddworld: Soulstorm Enhanced Edition,3,0.0013
2880,1129121809,OF: Dragon Rising,3,0.0013
2881,1849931750,Offroad Mechanic Simulator,3,0.0013
2882,1681858755,OMORI,3,0.0013
2883,1928108930,One More Dungeon 2,3,0.0013
2884,1792460602,Onimusha 2: Samurai's Destiny Demo,3,0.0013
2885,1793239917,Ooblets,3,0.0013
2886,2074508136,Open Country,3,0.0013
2887,2128728875,Operation: Tango,3,0.0013
2888,1847106181,Oppidum,3,0.0013
2889,1727613823,Overcooked! 2,3,0.0013
2890,1949523812,Override 2: Super Mech League,3,0.0013
2891,916339986,Party Hard,3,0.0013
2892,2083704738,Phantom Abyss,3,0.0013
2893,577843491,Phar Lap - Horse Racing Challenge,3,0.0013
2894,2142624894,PHOGS! Demo,3,0.0013
2895,1480656948,Pinball FX,3,0.0013
2896,1776549840,Pizza Possum,3,0.0013
2897,1894255361,Placid Plastic Duck Simulator,3,0.0013
2898,2117095676,Planet of Lana,3,0.0013
2899,1999452651,Polterguys: Possession Party,3,0.0013
2900,1628806449,Potion Craft: Alchemist Simulator,3,0.0013
2901,1695271858,PowerWash Simulator Demo,3,0.0013
2902,1431504958,Prince of Persia The Forgotten Sands™,3,0.0013
2903,307808103,Pro Fishing Simulator,3,0.0013
2904,572054432,Project CARS 3,3,0.0013
2905,965890138,Project Highrise: Architect's Edition,3,0.0013
2906,670498748,Pumped BMX +,3,0.0013
2907,248901393,Punch Club,3,0.0013
2908,2049279350,Puzzle Quest: Immortal Edition,3,0.0013
2909,2117633627,Quiplash 2 InterLASHional: The Say Anything Party Game!,3,0.0013
2910,1664110632,R-Type® Final 2,3,0.0013
2911,137470980,R.B.I. Baseball 14,3,0.0013
2912,1919758296,Ra Ra BOOM,3,0.0013
2913,1431504883,Rayman Raving Rabbids,3,0.0013
2914,1628140410,Rewind or Die,3,0.0013
2915,1619865604,Ring of Pain,3,0.0013
2916,695693557,Riptide GP: Renegade,3,0.0013
2917,1629043783,River City Girls,3,0.0013
2918,1769121996,River City Girls 2,3,0.0013
2919,1820242486,Roguebook Xbox Series X|S,3,0.0013
2920,920951865,Rugby 18,3,0.0013
2921,2028931904,Rugby 20,3,0.0013
2922,1759610497,Rush Rally Origins,3,0.0013
2923,520010865,RWBY: Grimm Eclipse,3,0.0013
2924,1889657958,S.T.A.L.K.E.R.: Call of Prypiat - Enhanced Edition,3,0.0013
2925,1808022278,Sacred 2 Remaster,3,0.0013
2926,1263339520,Saints Row: Gat Out of Hell   ,3,0.0013
2927,1480657277,Sam&Max Save the World,3,0.0013
2928,2104908468,SAMURAI WARRIORS 5,3,0.0013
2929,1921109185,Say Cheese!,3,0.0013
2930,1936146608,Scorn,3,0.0013
2931,1726263021,SCP CodeRed,3,0.0013
2932,1480657778,Sega Vintage Collection: Monster World,3,0.0013
2933,1945317756,Shadow Labyrinth,3,0.0013
2934,2077320849,Shadow Man Remastered,3,0.0013
2935,544561028,Shadow Warrior 2,3,0.0013
2936,1935829261,Shadowrun: Hong Kong - Extended Edition,3,0.0013
2937,1901019717,Shaolin vs Wutang,3,0.0013
2938,2145390992,Sherlock Holmes: Crimes and Punishments Redux,3,0.0013
2939,2106821597,Shogun Showdown,3,0.0013
2940,1654809752,Shotgun King: The Final Checkmate,3,0.0013
2941,2100742349,Sir Whoopass: Immortal Death,3,0.0013
2942,288915516,Skyforge,3,0.0013
2943,1911536653,Slots & Daggers,3,0.0013
2944,1794725870,Smurfs Kart,3,0.0013
2945,1002731481,Snooker Nation Championship,3,0.0013
2946,16468936,So Many Me,3,0.0013
2947,1758230818,Soccer Power Hero,3,0.0013
2948,1480659442,SONIC 4 Episode II,3,0.0013
2949,1480659441,Sonic CD,3,0.0013
2950,1940217918,SquadBlast (Game Preview),3,0.0013
2951,1112934457,STAR WARS Jedi Starfighter,3,0.0013
2952,1618733759,Star Wars Outlaws - Free Demo,3,0.0013
2953,1992651140,STAR WARS™: Dark Forces Remaster,3,0.0013
2954,2087817898,Starlit World - Demo,3,0.0013
2955,1762712365,Stellaris,3,0.0013
2956,1681653389,Stray Gods: The Roleplaying Musical,3,0.0013
2957,1895471502,Stubbs the Zombie in Rebel Without a Pulse,3,0.0013
2958,1911065365,Stunt Paradise,3,0.0013
2959,1804560104,Sudoku Relax,3,0.0013
2960,2057573435,Suikoden I&II HD Remaster Gate Rune and Dunan Unification Wars,3,0.0013
2961,1617919722,SUPER BOMBERMAN COLLECTION,3,0.0013
2962,1866825187,Super Monkey Ball: Banana Blitz HD,3,0.0013
2963,2058904438,Super Ninja Miner,3,0.0013
2964,1941370105,Supermarket Owner Simulator: Business,3,0.0013
2965,2003002635,Survival: Foutain of Youth - Captain's Edition,3,0.0013
2966,1792046205,SWORD ART ONLINE Last Recollection DEMO,3,0.0013
2967,1918884435,Sword of the Vagrant,3,0.0013
2968,1480657001,SWOS,3,0.0013
2969,2070375454,SYNDUALITY Echo of Ada,3,0.0013
2970,1803471862,Taiko no Tatsujin: Rhythm Festival Demo,3,0.0013
2971,1624264477,Taiko no Tatsujin: The Drum Master!,3,0.0013
2972,990373231,Tales of Arise (Xbox One),3,0.0013
2973,1969180565,Tales of Graces f Remastered,3,0.0013
2974,1671975688,Tales of Xillia Remastered,3,0.0013
2975,1978334388,Tank Mechanic Simulator,3,0.0013
2976,1480657504,Tecmo Bowl Throwback®,3,0.0013
2977,2101116288,Tennis Elbow 4,3,0.0013
2978,2094819475,Thank Goodness You're Here!,3,0.0013
2979,1058433943,The Incredible Adventures of Van Helsing III,3,0.0013
2980,1865341179,The MUSYNX,3,0.0013
2981,1816960683,The Nightmares At The Krusty Krab,3,0.0013
2982,1414596562,The Outfit,3,0.0013
2983,1895861577,The Slormancer Demo,3,0.0013
2984,1431505093,The Stick of Truth™,3,0.0013
2985,2128187549,The Walking Zombie 2,3,0.0013
2986,600509688,Thumper,3,0.0013
2987,1902996251,Tides of Tomorrow,3,0.0013
2988,1657526037,Tomb Raider: Legacy of Atlantis,3,0.0013
2989,1396901844,Tomb Raider:Legend,3,0.0013
2990,2080427416,Tony Hawk's™ Pro Skater™ 3 + 4 - Foundry Demo,3,0.0013
2991,21471625,Torchlight II,3,0.0013
2992,519443170,Torment: Tides of Numenera,3,0.0013
2993,2088019910,Train Life: A Railway Simulator,3,0.0013
2994,974917521,Train Sim World® 2020,3,0.0013
2995,1686524250,Train Sim World® 4,3,0.0013
2996,2075433959,Training Shooter FPS,3,0.0013
2997,1646334101,TramSim: Console Edition,3,0.0013
2998,286890904,TRANSFORMERS: Fall of Cybertron,3,0.0013
2999,1917641293,Treasure Hunter Simulator,3,0.0013
3000,52523189,Trials of the Blood Dragon,3,0.0013
3001,1851490214,Tribes of Midgard,3,0.0013
3002,75584766,Trine 4: The Nightmare Prince,3,0.0013
3003,1878739850,Truck Simulator Cargo Driver 2025 - USA,3,0.0013
3004,1879353165,TT Isle of Man Ride on the Edge 2,3,0.0013
3005,911120656,Tumblestone,3,0.0013
3006,1970179717,Twisted Fate,3,0.0013
3007,1721756099,Ultros,3,0.0013
3008,2117776820,UnderMine,3,0.0013
3009,2118758715,Unknown 9: Awakening,3,0.0013
3010,2102312061,Unrailed!,3,0.0013
3011,1480659454,Virtua Fighter 5 Final Showdown,3,0.0013
3012,586255311,WARRIORS OROCHI 3 Ultimate,3,0.0013
3013,474535578,WARRIORS OROCHI 4,3,0.0013
3014,1892485156,We Were Here Expeditions: The FriendShip,3,0.0013
3015,1788936172,We Were Here Too,3,0.0013
3016,2030769510,Werewolf: The Apocalypse - Earthblood Xbox One,3,0.0013
3017,2023196561,Witch It,3,0.0013
3018,1631055981,Worms Rumble,3,0.0013
3019,1048549433,WRC 6 FIA World Rally Championship,3,0.0013
3020,1922758426,WRC 9 FIA World Rally Championship,3,0.0013
3021,1848677374,ZDQ Island Engagement,3,0.0013
3022,1752291141,Zombie Derby,3,0.0013
3023,1989279553,Zoochosis,3,0.0013
3024,1894932889,'Cozy Grove: Camp Spirit' Demo,2,0.0009
3025,2140131389,[REDACTED],2,0.0009
3026,1611397130,20XX,2,0.0009
3027,1480656961,3D Ultra™ Minigolf,2,0.0009
3028,767105780,8 To Glory - The Official Game of the PBR,2,0.0009
3029,2007033271,80's OVERDRIVE,2,0.0009
3030,1733816673,9Ball Pocket,2,0.0009
3031,1722019576,9th Dawn Remake,2,0.0009
3032,1806866056,A Building Full of Cats,2,0.0009
3033,1791707434,A Castle Full of Cats,2,0.0009
3034,758556857,A Knight's Quest,2,0.0009
3035,2084418502,A Nice Drive,2,0.0009
3036,2122751230,A Short Hike,2,0.0009
3037,304633817,ACA NEOGEO METAL SLUG 4,2,0.0009
3038,70786264,ACA NEOGEO METAL SLUG 5,2,0.0009
3039,419725624,ACA NEOGEO THE KING OF FIGHTERS '97,2,0.0009
3040,1672129931,Across the Obelisk,2,0.0009
3041,1763236945,AFL Evolution 2,2,0.0009
3042,1630807758,Age of Water,2,0.0009
3043,545851415,All-Star Fruit Racing,2,0.0009
3044,1719440805,Alone in the Dark,2,0.0009
3045,173777692,Alto's Adventure,2,0.0009
3046,1871850764,Amanda the Adventurer 2,2,0.0009
3047,2075295469,Amber Alert Director's cut,2,0.0009
3048,2041767726,Angry Birds 2,2,0.0009
3049,1480657349,Aqua,2,0.0009
3050,1630751753,Aquarium Land,2,0.0009
3051,1727835390,Arkham Horror: Mother’s Embrace,2,0.0009
3052,909545209,Ashen,2,0.0009
3053,2029448252,ASMR Slicing,2,0.0009
3054,1749623628,Asterix & Obelix XXL: Romastered,2,0.0009
3055,686748290,Atari Flashback Classics Vol. 1,2,0.0009
3056,1746366899,Attack of the Earthlings,2,0.0009
3057,1734440333,Avatar Legends: The Fighting Game,2,0.0009
3058,1414596577,Avatar: TLA: TBE,2,0.0009
3059,1764971843,Axis Football 2023,2,0.0009
3060,1989717874,Axis Football 2024,2,0.0009
3061,1825231591,Backrooms,2,0.0009
3062,1859435059,BAD END THEATER,2,0.0009
3063,1730080779,Bakery Simulator,2,0.0009
3064,1833187714,Ball Blast,2,0.0009
3065,1795036563,Ballotron Galaxy,2,0.0009
3066,1895683438,Ballotron Galaxy (Windows),2,0.0009
3067,1939312830,Barista Simulator,2,0.0009
3068,1480657278,Battlefield 1943™,2,0.0009
3069,1161889755,Battlefield 2: MC,2,0.0009
3070,1480657374,BC - Rearmed 2,2,0.0009
3071,2138218417,Becastled,2,0.0009
3072,1615723224,Beetle Shock (Xbox One),2,0.0009
3073,1480659459,Bellator: MMA Onslaught,2,0.0009
3074,1913455981,Beyond a Steel Sky,2,0.0009
3075,1480657658,Beyond Good & Evil HD,2,0.0009
3076,1618388364,Beyond Hanwell,2,0.0009
3077,1631604623,Biped 2,2,0.0009
3078,1689997111,Blackjack Solitaire,2,0.0009
3079,2039195750,Blacksad - Under the Skin (Xbox Series),2,0.0009
3080,1827374020,Blades of Fire Demo,2,0.0009
3081,1535814857,BLADESTORM: Nightmare,2,0.0009
3082,1714151217,Blair Witch,2,0.0009
3083,2028748673,Bleak Faith,2,0.0009
3084,883799031,Bless Unleashed,2,0.0009
3085,1656826744,Blocc,2,0.0009
3086,2066959475,Block Tower TD (Windows),2,0.0009
3087,1937934563,Blood Waves (Xbox Series X|S),2,0.0009
3088,1800572506,Bloodshed,2,0.0009
3089,591630310,Bloodstained: Curse of the Moon,2,0.0009
3090,1892026097,Bloodwash,2,0.0009
3091,1942570697,Blow it up,2,0.0009
3092,1664817482,Blue Fire,2,0.0009
3093,1933262495,Bluey's Quest for the Gold Pen,2,0.0009
3094,1945566164,Boat Grandma,2,0.0009
3095,2067577252,Bomb Bowling X (Windows),2,0.0009
3096,1480657070,Brain Challenge™,2,0.0009
3097,1744072621,Bratz™: Flaunt your fashion,2,0.0009
3098,1112934423,Brave: The Video Game,2,0.0009
3099,465277350,Bridge Constructor,2,0.0009
3100,58039508,Bridge Constructor Portal,2,0.0009
3101,364252200,Broken Sword 5 - the Serpent’s Curse,2,0.0009
3102,1730283762,Bud Spencer & Terence Hill - Slaps and Beans 2,2,0.0009
3103,1813758775,Cabernet,2,0.0009
3104,1807592900,Car Mechanic Simulator Classic,2,0.0009
3105,1480659610,CastleStorm,2,0.0009
3106,1825273416,Cat Souls,2,0.0009
3107,1096026071,Catherine,2,0.0009
3108,2071309475,Cattle Country,2,0.0009
3109,1838474785,Charlatan Demo,2,0.0009
3110,1644979601,Chernobylite Complete Edition,2,0.0009
3111,1944645448,Chess Battle,2,0.0009
3112,2137663855,Chip ‘n Clawz vs. The Brainioids,2,0.0009
3113,1618799257,CityDriver,2,0.0009
3114,1775964743,Click the cookie!,2,0.0009
3115,1610974574,Cocoon,2,0.0009
3116,1941723837,Coffee Talk Episode 2: Hibiscus and Butterfly,2,0.0009
3117,2145430901,Coffee Talk Tokyo,2,0.0009
3118,1842022716,Colt Canyon,2,0.0009
3119,1480657313,Comix Zone,2,0.0009
3120,1480657343,Commander's Challenge,2,0.0009
3121,1414596570,Conan,2,0.0009
3122,2021959782,Conan Chop Chop,2,0.0009
3123,1731932733,Constance,2,0.0009
3124,1699595315,Copycat Demo,2,0.0009
3125,1809115559,Corpse Party,2,0.0009
3126,1789418618,Creepy Shift: House For Sale,2,0.0009
3127,1985791411,Cricket 22,2,0.0009
3128,2032430553,Crime Opera: The Butterfly Effect,2,0.0009
3129,2020595605,Critter Dash,2,0.0009
3130,1771581366,Croc Legend of the Gobbos,2,0.0009
3131,1846285148,CrossfireX,2,0.0009
3132,1689376479,Crypt of the Serpent King Remastered 4K Edition,2,0.0009
3133,2134518491,Curious Copy Cats (Windows),2,0.0009
3134,1914646696,Curse of the Dead Gods,2,0.0009
3135,1620273661,Cute Puppy Academy,2,0.0009
3136,1719811824,CyberCorp,2,0.0009
3137,694107204,Dance Central Spotlight,2,0.0009
3138,2083781212,Dark Mystery : Remastered Demo,2,0.0009
3139,367230746,Darksiders Genesis,2,0.0009
3140,2094503132,Darwin's Paradox!,2,0.0009
3141,1762192861,DC's Justice League: Cosmic Chaos,2,0.0009
3142,149500505,de Blob 2,2,0.0009
3143,1414596709,de Blob 2 (2014),2,0.0009
3144,480553167,Dead Ahead: Zombie Warfare,2,0.0009
3145,1646597747,Dead Reset Demo,2,0.0009
3146,1671934405,Dead Rising Deluxe Remaster Demo,2,0.0009
3147,1880055889,DEADCRAFT,2,0.0009
3148,893913045,Deadfall Adventures,2,0.0009
3149,2075268737,Deadliest Catch: The Game,2,0.0009
3150,1480657756,Deadliest Warrior: Legends,2,0.0009
3151,1667166711,Deathless. The Hero Quest,2,0.0009
3152,2069220628,Decision: Red Daze,2,0.0009
3153,3469638,Degrees of Separation,2,0.0009
3154,382896606,Desperados III,2,0.0009
3155,1636827856,DiRT Rally 2.0 (Windows),2,0.0009
3156,268236555,Disney Infinity [2.0],2,0.0009
3157,1112934403,Disney Universe,2,0.0009
3158,1766801198,Doki Monsters: Quest,2,0.0009
3159,1877331117,Doodle God: Evolution,2,0.0009
3160,1649891267,Doom & Destiny Worlds,2,0.0009
3161,576050592,DOOM Demo,2,0.0009
3162,1641402901,Double Dragon Gaiden: Rise of the Dragons,2,0.0009
3163,1480659538,Double Dragon Neon,2,0.0009
3164,1747235781,DoubleDragon Advance,2,0.0009
3165,1897378754,Dragon Pinball,2,0.0009
3166,2016193671,DRAGON QUEST VII Reimagined Demo,2,0.0009
3167,1891372981,Duck Simulator Lite,2,0.0009
3168,1844836316,Dune: Imperium,2,0.0009
3169,1995684972,Dune: Spice Wars,2,0.0009
3170,1984755838,Dwarf Journey,2,0.0009
3171,1640323097,DYNASTY WARRIORS 9 Empires,2,0.0009
3172,2109921570,DYNASTY WARRIORS: ORIGINS Demo,2,0.0009
3173,1741300205,Earthion,2,0.0009
3174,1713169340,Easter Bunny EggVenture (Windows),2,0.0009
3175,2076671886,Easter Bunny EggVenture (Xbox One),2,0.0009
3176,1621792721,EBOLA VILLAGE,2,0.0009
3177,866704492,eFootball PES 2020 DEMO,2,0.0009
3178,2086101209,ELDERBORN,2,0.0009
3179,1706704659,Eldest Souls,2,0.0009
3180,1852617445,ELEX II,2,0.0009
3181,1773142063,ENDER LILIES: Quietus of the Knights,2,0.0009
3182,2033761546,Endling - Extinction is Forever Demo,2,0.0009
3183,1930656280,Enotria: The Last Song,2,0.0009
3184,2049241881,Entropy Survivors,2,0.0009
3185,1972593972,Escape Sequence (Xbox One),2,0.0009
3186,2039495553,EXODUS™,2,0.0009
3187,1888694361,Extreme Formula Championship (Demo),2,0.0009
3188,2034535389,F1® Manager 2023,2,0.0009
3189,1480657798,Fable Heroes,2,0.0009
3190,974041664,Fade to Silence,2,0.0009
3191,1480657527,Faery: Legends of Avalon,2,0.0009
3192,1866455351,Fallout 3: Game of the Year Edition,2,0.0009
3193,1651975869,FANTASIAN Neo Dimension,2,0.0009
3194,1814653009,FAR: Changing Tides,2,0.0009
3195,1911829644,Farewell North,2,0.0009
3196,82367207,Farmer's Dynasty,2,0.0009
3197,1629487179,FATAL FRAME: Maiden of Black Water,2,0.0009
3198,1904677517,Fight Freaks,2,0.0009
3199,2104575927,Fights in Tight Spaces,2,0.0009
3200,1756167397,FINAL FANTASY XVI DEMO,2,0.0009
3201,1861635890,Find My Frogs,2,0.0009
3202,2129555002,FIRE AND ASHES - DEMO,2,0.0009
3203,2018987965,FlatWarriors,2,0.0009
3204,1712769195,Football Manager 2022 Xbox Edition,2,0.0009
3205,1859010384,Fort Solis,2,0.0009
3206,2049264161,Forty Thieves - Solitaire Collection,2,0.0009
3207,1480657553,From Dust™,2,0.0009
3208,1701705707,From Space,2,0.0009
3209,1881743193,Fruit Adventure Returns,2,0.0009
3210,1724850380,Fruit Adventure Returns (Xbox Series),2,0.0009
3211,2054354492,Fruit Ninja Kinect 2,2,0.0009
3212,1748273304,Funtoon's World Demo,2,0.0009
3213,2061301296,Gaelic Football Laochra,2,0.0009
3214,1661034431,Gal Guardians: Demon Purge,2,0.0009
3215,1901524420,Galactic Loader,2,0.0009
3216,1646082476,Galacticare,2,0.0009
3217,1776831831,Game Dev Story,2,0.0009
3218,1674087678,Gangs of Sherwood,2,0.0009
3219,1480657265,GAROU MOW,2,0.0009
3220,1901501792,GHOST at DAWN,2,0.0009
3221,1730221723,Ghostrunner 2,2,0.0009
3222,1868247544,Gigantosaurus The Game,2,0.0009
3223,1672998639,Glover (QUByte Classics),2,0.0009
3224,1844195280,Go Mecha Ball,2,0.0009
3225,1657835461,Gods Will Fall,2,0.0009
3226,1480657057,Golf: Tee It Up!,2,0.0009
3227,886842480,Goosebumps: The Game,2,0.0009
3228,2021421406,Green Soldiers Heroes,2,0.0009
3229,1863069160,Grindstone,2,0.0009
3230,1480657707,GUARDIAN HEROES (TM),2,0.0009
3231,453673951,Guitar Hero Live,2,0.0009
3232,606152324,GWENT: The Witcher Card Game,2,0.0009
3233,1639551294,GYLT,2,0.0009
3234,766737132,Halo 5: Forge,2,0.0009
3235,2096818168,Halo Infinite - Insider,2,0.0009
3236,1704654963,Happy's Humble Burger Farm,2,0.0009
3237,928096970,Happy Dungeons,2,0.0009
3238,1480657432,Hard Corps: Uprising,2,0.0009
3239,1480656866,Hardwood Backgammon,2,0.0009
3240,1879237097,Harvest Moon: Home Sweet Home Special Edition,2,0.0009
3241,1667008262,Harvest Moon: One World,2,0.0009
3242,1695499346,Headbangers: Rhythm Royale,2,0.0009
3243,229669525,Heart&Slash,2,0.0009
3244,2026289722,Heroes of Might and Magic: Olden Era (Game Preview),2,0.0009
3245,2000004108,Hidden Cats in Berlin,2,0.0009
3246,1618000323,Hidden Cats in Christmas,2,0.0009
3247,1797639733,Hidden Cats in Spooky Village,2,0.0009
3248,2113165348,Hoa,2,0.0009
3249,1829965405,Home Safety Hotline,2,0.0009
3250,1775797026,Horizon Chase 2,2,0.0009
3251,722916288,Hue,2,0.0009
3252,1972151748,Humanity,2,0.0009
3253,2017392648,Humans Gone,2,0.0009
3254,1626128211,Hunt Ducks,2,0.0009
3255,1702750733,Huntdown,2,0.0009
3256,390164739,Hunting Simulator,2,0.0009
3257,1762910874,I AM THE HERO,2,0.0009
3258,1622108683,I Am Your President,2,0.0009
3259,299988825,Ice Age Scrat's Nutty Adventure,2,0.0009
3260,1945528318,Idle Devils,2,0.0009
3261,1480657016,Ikaruga,2,0.0009
3262,2129874876,Indivisible,2,0.0009
3263,1686154202,Indoor Kickball,2,0.0009
3264,1882806784,Infinite Survival (Land / Sea / Space) Demo,2,0.0009
3265,1879992349,Initial2: New Stage,2,0.0009
3266,642353763,Injustice™ 2 - Standard Edition,2,0.0009
3267,2062191225,Iron Meat,2,0.0009
3268,1835790896,Isekai Rondo,2,0.0009
3269,1613291134,Isekai Villain,2,0.0009
3270,2041573360,Island of Winds Demo,2,0.0009
3271,2127254728,Jonah Lomu Rugby Challenge 4,2,0.0009
3272,1930132661,Jotunnslayer: Hordes of Hel,2,0.0009
3273,829401578,JUMP FORCE - Open Beta,2,0.0009
3274,1925586579,Jump King,2,0.0009
3275,1789366577,Junkyard Builder,2,0.0009
3276,1773156258,Jurassic Park Classic Games Collection,2,0.0009
3277,1716785936,Jusant,2,0.0009
3278,1006362568,Just Dance 2014,2,0.0009
3279,611794133,Just Dance 2019®,2,0.0009
3280,1117499725,JUST DANCE® 2015,2,0.0009
3281,2121049988,Just Dance® 2021 (Xbox Series X|S),2,0.0009
3282,1833296585,Kanjozoku Game - レーサーCar Racing & Highway Driving Simulator Games,2,0.0009
3283,1989914964,KarmaZoo,2,0.0009
3284,1869923276,Katana ZERO,2,0.0009
3285,1841198850,Keeper's Toll,2,0.0009
3286,1645652626,Kena: Bridge of Spirits,2,0.0009
3287,1640763780,KIBORG,2,0.0009
3288,2100315886,KIBORG DEMO,2,0.0009
3289,2004313785,KILL KNIGHT,2,0.0009
3290,1817077599,Kill The Brickman,2,0.0009
3291,1431504851,King Kong,2,0.0009
3292,1760526104,Kingdom's Return: Time-Eating Fruit and the Ancient Monster,2,0.0009
3293,1703270586,Kingdom Come: Deliverance,2,0.0009
3294,1794442596,KINGDOM HEARTS Melody of Memory DEMO Version (International),2,0.0009
3295,1161890110,Kingdoms of Amalur: Reckoning,2,0.0009
3296,1645882991,Kitten Island 2,2,0.0009
3297,1716222897,Kitty's Adventure for XBox One,2,0.0009
3298,2090287182,KLONOA Phantasy Reverie Series,2,0.0009
3299,1954010860,Knock on the Coffin Lid,2,0.0009
3300,2092303758,Kona II: Brume,2,0.0009
3301,1885571558,Lab Crisis,2,0.0009
3302,1701683366,Let's Sing 2020 mit deutschen Hits,2,0.0009
3303,1653931031,Let's Sing 2021 mit deutschen Hits,2,0.0009
3304,1716669263,Levelhead,2,0.0009
3305,2096401139,Like a Dragon: Ishin! Combat Demo,2,0.0009
3306,1929376326,Lil Gator Game,2,0.0009
3307,1689936313,Little Big Workshop,2,0.0009
3308,2004232535,Little Ralph,2,0.0009
3309,2051631353,Little Strays 2,2,0.0009
3310,1778148060,Little Witch in the Woods (Game Preview),2,0.0009
3311,2066718815,Lords of Exile,2,0.0009
3312,1648660389,Lost Eidolons: Veil of the Witch,2,0.0009
3313,1899103981,Lost Ember: Rekindled Edition,2,0.0009
3314,1128466387,LOST PLANET,2,0.0009
3315,1788077915,Love is all around (Xbox),2,0.0009
3316,1915632823,Love is all around 2,2,0.0009
3317,798834281,Manual Samuel Last Tuesday Edition,2,0.0009
3318,1951643252,Marsupilami 2 - Salsa Palombia - Demo,2,0.0009
3319,2067424673,MasterChef: Learn to Cook!,2,0.0009
3320,2130574527,Matchpoint - Tennis Championships,2,0.0009
3321,2071877964,Menace from the Deep: Complete Edition,2,0.0009
3322,2039573071,Merge & Blade,2,0.0009
3323,1979916310,METAL GEAR & METAL GEAR 2: Solid Snake,2,0.0009
3324,1772597205,METAL GEAR SOLID: MASTER COLLECTION Vol.1 BONUS CONTENT,2,0.0009
3325,888477147,METAL GEAR SURVIVE,2,0.0009
3326,1886592223,Metal: Hellsinger (Xbox One),2,0.0009
3327,1866333429,METRO 2039,2,0.0009
3328,2057143104,MetroLand,2,0.0009
3329,2142315481,Mighty Morphin Power Rangers: Rita's Rewind,2,0.0009
3330,1808667646,Mighty No. 9,2,0.0009
3331,1480656973,Missile Command,2,0.0009
3332,1958464992,Mob Control,2,0.0009
3333,284143677,Momodora: Reverie Under the Moonlight,2,0.0009
3334,1480657301,Monkey Island: SE,2,0.0009
3335,2079275443,MONOPOLY® MADNESS DEMO,2,0.0009
3336,284212046,MotoGP™18,2,0.0009
3337,1480657689,Ms. Splosion Man™,2,0.0009
3338,1796379923,Murder on the Disorient Express,2,0.0009
3339,1678390358,Mushroom Savior,2,0.0009
3340,1759781700,Musical Memory: Cats Matching Band,2,0.0009
3341,1937457147,Mutant Year Zero: Road to Eden,2,0.0009
3342,1756205157,MySims™,2,0.0009
3343,1893545198,MySims™ Kingdom,2,0.0009
3344,1480656988,N+,2,0.0009
3345,2070906964,NAMCO MUSEUM® ARCHIVES Vol 1,2,0.0009
3346,591141110,Narcos: Rise of the Cartels,2,0.0009
3347,1756150140,NBA 2K21 Demo,2,0.0009
3348,1737346272,Neverwinter Nights: Enhanced Edition,2,0.0009
3349,1910350587,New Star™ GP,2,0.0009
3350,2085418848,Nexomon,2,0.0009
3351,1637601167,Nexoria: Dungeon Rogue Heroes,2,0.0009
3352,1816592098,Niche - a genetics survival game,2,0.0009
3353,1619386237,Nick Jr. Party Adventure,2,0.0009
3354,1397819368,NIER,2,0.0009
3355,1866853742,Night at the Gates of Hell,2,0.0009
3356,1647467336,Nikoderiko: The Magical World - Director's Cut,2,0.0009
3357,2039473401,NINJA GAIDEN Σ,2,0.0009
3358,25830915,Ninjin: Clash of Carrots,2,0.0009
3359,1957424962,No Straight Roads,2,0.0009
3360,1725452465,No Sun To Worship,2,0.0009
3361,156829627,No Time To Explain,2,0.0009
3362,1744612607,Nova Roma (Game Preview),2,0.0009
3363,1843080071,Ocean Keeper,2,0.0009
3364,2034276683,Oddsparks: An Automation Adventure,2,0.0009
3365,2132252311,Olympic Games Tokyo 2020 – The Official Video Game™,2,0.0009
3366,1799175961,One Button Games 5-in-1 vol. 7,2,0.0009
3367,1793335544,ONE PIECE ODYSSEY Demo,2,0.0009
3368,118591686,ONRUSH™,2,0.0009
3369,1661545526,Orcs Must Die! 3,2,0.0009
3370,1480657413,Outland,2,0.0009
3371,1893882441,OUTRIDERS Demo,2,0.0009
3372,1129121749,Overlord,2,0.0009
3373,2002349228,OVERPASS™,2,0.0009
3374,1161365458,P4A,2,0.0009
3375,1828865417,PAC-PAC,2,0.0009
3376,2089042924,Paleo Pines,2,0.0009
3377,2073287258,Paratopic,2,0.0009
3378,1912801032,PAW Patrol The Movie: Adventure City Calls,2,0.0009
3379,1867683926,Persona 5 Tactica,2,0.0009
3380,1729522353,Pet Shop Simulator,2,0.0009
3381,2140273725,Petey Pedro unBEETable Adventure Demo,2,0.0009
3382,1924033897,Pets Hidden In The Office,2,0.0009
3383,1836794259,Phantom Breaker: Battle Grounds Ultimate,2,0.0009
3384,1952634707,Pirates on Target,2,0.0009
3385,1665792263,Pixel Skater Demo,2,0.0009
3386,1710968984,Planescape: Torment and Icewind Dale: Enhanced Editions,2,0.0009
3387,1903469961,PlateUp! Demo,2,0.0009
3388,1859436735,"Please, Don't Touch Anything",2,0.0009
3389,1804015757,Pocket Minigolf,2,0.0009
3390,1627618281,POKE-PAINT,2,0.0009
3391,1702914632,Poker Club,2,0.0009
3392,1869662675,Poko's Arctic Quest (Xbox Series),2,0.0009
3393,2071988780,Port Royale 4,2,0.0009
3394,1697635406,Post Trauma,2,0.0009
3395,1414793184,Prey,2,0.0009
3396,1755544820,Pro Gymnast Simulator,2,0.0009
3397,481098309,Pure Farming 2018,2,0.0009
3398,1480657069,R-Type Dimensions™,2,0.0009
3399,99185600,R.B.I. Baseball 18,2,0.0009
3400,1859203717,Rabio,2,0.0009
3401,319577309,RAD,2,0.0009
3402,1480657492,Radiant Silvergun,2,0.0009
3403,932899639,Raiden V,2,0.0009
3404,2039042163,Raptor Boyfriend: A High School Romance,2,0.0009
3405,1616835035,Rayland 2 (PC),2,0.0009
3406,1679987069,Real Heroes: Firefighter HD,2,0.0009
3407,2132278444,Realpolitiks New Power,2,0.0009
3408,2076466454,Red Dead Redemption (PC),2,0.0009
3409,1677911053,Red Wings: Aces of the Sky,2,0.0009
3410,2011859970,Redout 2,2,0.0009
3411,1751333235,Resident Evil Village Gold Edition Gameplay Demo,2,0.0009
3412,2004585287,Revenge On Gold Diggers Demo,2,0.0009
3413,1710190632,RiMS Racing Xbox Series X|S,2,0.0009
3414,434412541,Rise of the Tomb Raider,2,0.0009
3415,1859130505,Risen,2,0.0009
3416,1263339494,Risen 2™: Dark Waters ,2,0.0009
3417,1787135558,Roarr! Jurassic Edition,2,0.0009
3418,669503806,Rock of Ages 2: Bigger & Boulder™,2,0.0009
3419,1480657410,Rocket Knight®,2,0.0009
3420,1414793183,Rockstar Table Tennis,2,0.0009
3421,12734978,Roman Rumble in Las Vegum - Asterix & Obelix XXL 2,2,0.0009
3422,2028872815,ROMEO IS A DEAD MAN,2,0.0009
3423,1913639555,Ruined King: A League of Legends Story™,2,0.0009
3424,1263405009,Rumble Roses XX,2,0.0009
3425,1654990488,Rune Factory 4 Special,2,0.0009
3426,1788292351,RUSHING BEAT X: Return Of Brawl Brothers,2,0.0009
3427,2085974219,Sable,2,0.0009
3428,1263339473,Sacred 2 Fallen Angel,2,0.0009
3429,1628932021,Scott Pilgrim EX,2,0.0009
3430,2055678343,Screamer,2,0.0009
3431,2019850068,Screamer - Demo,2,0.0009
3432,52620879,Scribblenauts Showdown,2,0.0009
3433,2139098715,Section 13,2,0.0009
3434,1480657539,SEGA Bass Fishing,2,0.0009
3435,1480657775,Sega Vintage Collection: Golden Axe,2,0.0009
3436,809710057,Serial Cleaner,2,0.0009
3437,2030118025,Serious Sam: Siberian Mayhem,2,0.0009
3438,1939956128,Shadowrun: Dragonfall - Director's Cut PC,2,0.0009
3439,1619485722,Shadows of Doubt,2,0.0009
3440,1908885199,Shadows of the Damned: Hella Remastered,2,0.0009
3441,1933595910,Shaolin vs Wutang 2,2,0.0009
3442,114172147,Shenmue,2,0.0009
3443,2129620077,Sherlock Holmes The Awakened,2,0.0009
3444,1710148072,Ship Graveyard Simulator,2,0.0009
3445,1709151881,Ship Graveyard Simulator 2,2,0.0009
3446,1678445062,Shop & Spot Avenue,2,0.0009
3447,1882281206,Shop & Spot Avenue (Xbox One),2,0.0009
3448,2144724056,Short Track Showdown,2,0.0009
3449,1944499569,Showgunners,2,0.0009
3450,1811056861,Shred! 2 - ft Sam Pilgrim,2,0.0009
3451,1871000687,Shroomageddon (Xbox One),2,0.0009
3452,2127868325,Shy Dogs Hidden Orchestra 2,2,0.0009
3453,1720807506,Skibidi Sandbox,2,0.0009
3454,2063272043,Sky Roll!,2,0.0009
3455,1613869684,Skylanders SWAP Force,2,0.0009
3456,842462247,Slayaway Camp: Butcher's Cut,2,0.0009
3457,1480660016,Slender: The Arrival,2,0.0009
3458,1480656853,Small Arms,2,0.0009
3459,1480656957,Soltrio Solitaire,2,0.0009
3460,60656359,SOMA,2,0.0009
3461,1480657348,Sonic & Knuckles,2,0.0009
3462,2016279503,SOPA - Tale of the Stolen Potato,2,0.0009
3463,2116209805,Soul Hackers 2,2,0.0009
3464,2034485385,Souls-Rush,2,0.0009
3465,2109986102,Space Crew: Legendary Edition,2,0.0009
3466,827319667,Space Hulk: Tactics,2,0.0009
3467,1763680989,Space Science Investigations,2,0.0009
3468,1733255949,Speedball,2,0.0009
3469,1943663664,SpellForce III Reforced,2,0.0009
3470,1712871656,Spirit Hunters: Infinite Horde,2,0.0009
3471,1773079172,Spirit Of The Island,2,0.0009
3472,1734092917,Spirit of the North: Enhanced Edition,2,0.0009
3473,2073359006,Spirittea,2,0.0009
3474,2045695664,SpongeBob: Krusty Cook-Off Extra Krusty Edition,2,0.0009
3475,2017067425,Spot Challenge Vol. 1,2,0.0009
3476,2037835570,Square Enix Digital Content Viewer,2,0.0009
3477,1917594775,Stampede: Racing Royale (Game Preview),2,0.0009
3478,2103902874,STAR WARS: Galactic Racer™,2,0.0009
3479,337437378,Star Wars™ Battlefront™ Beta,2,0.0009
3480,1974921711,STAR WARS™: Episode I: Jedi Power Battles™,2,0.0009
3481,1813336489,Starship Troopers: Ultimate Bug War!,2,0.0009
3482,325295891,Steredenn: Binary Stars,2,0.0009
3483,1048629103,Stikbold! A Dodgeball Adventure,2,0.0009
3484,1752123697,Stock Racing,2,0.0009
3485,2104502032,Stories Untold,2,0.0009
3486,1794869036,Strike Force Heroes,2,0.0009
3487,1859111730,Struggling,2,0.0009
3488,1925739927,SubwaySim 2,2,0.0009
3489,1880166267,Sudoku Classic X,2,0.0009
3490,1886639392,Summer Seaside Search (Xbox One),2,0.0009
3491,1995931888,Sunderfolk,2,0.0009
3492,1849290790,Super Scooter,2,0.0009
3493,1880907442,Super Soccer Blast,2,0.0009
3494,1839740207,Supraland,2,0.0009
3495,1689702773,Survive on Raft,2,0.0009
3496,1716409839,Tacticool Champs,2,0.0009
3497,1937629264,Tainted Grail: Conquest,2,0.0009
3498,2058090036,Tainted Grail: The Fall of Avalon DEMO,2,0.0009
3499,2001451314,Tale of Dark Lands (Xbox Series X|S),2,0.0009
3500,1619109702,Tales of Symphonia Remastered,2,0.0009
3501,1699999089,Talisman: Digital 5th Edition,2,0.0009
3502,2058683262,Teenage Mutant Ninja Turtles: Mutants Unleashed,2,0.0009
3503,1638676912,Tennis 2600,2,0.0009
3504,1037418183,Tennis World Tour,2,0.0009
3505,1771626735,Terminal 81,2,0.0009
3506,1970353365,Terminal 81 (Xbox Series X|S),2,0.0009
3507,1851032928,Terraformers,2,0.0009
3508,1866686081,The 7th Guest Remake,2,0.0009
3509,720980405,The Banner Saga 2,2,0.0009
3510,1949662682,The Beast Inside (Console Version),2,0.0009
3511,1821165740,The Eternal Cylinder,2,0.0009
3512,2095867988,The Evil Within (PC),2,0.0009
3513,875174887,The Final Station,2,0.0009
3514,1969470092,The Fine Art of Murder,2,0.0009
3515,337067464,The Fisherman - Fishing Planet,2,0.0009
3516,1983245965,The House of Da Vinci,2,0.0009
3517,247774493,The Incredible Adventures of Van Helsing,2,0.0009
3518,1811248495,The Jackbox Party Pack 10,2,0.0009
3519,2073554022,The Jackbox Party Starter,2,0.0009
3520,1860938757,The Last Case of John Morley,2,0.0009
3521,2047811112,The Last Hero of Nostalgaia,2,0.0009
3522,2055782857,The Last Kids on Earth and the Staff of Doom,2,0.0009
3523,1930789000,The Last Oricru - Final Cut,2,0.0009
3524,1772965835,The Last Stand: Aftermath,2,0.0009
3525,1832298111,THE LAST TRAIN: Baquedano,2,0.0009
3526,1854696468,The Lord of the Rings: Adventure Card Game - Definitive Edition,2,0.0009
3527,1978376107,The Occultist,2,0.0009
3528,698904373,The Park,2,0.0009
3529,1864185316,The Sinking City Xbox Series X|S,2,0.0009
3530,2094547688,The Sinking Forest - 沈んだ森,2,0.0009
3531,1685731966,The Smurfs – Dreams,2,0.0009
3532,1161955801,The Technomancer,2,0.0009
3533,1649660694,The Texas Chain Saw Massacre - PC Edition,2,0.0009
3534,2100711254,The Unknown City (Horror Begins Now.....Episode 1) Demo,2,0.0009
3535,1933187511,The Vale: Shadow of the Crown,2,0.0009
3536,2126754224,They Always Run,2,0.0009
3537,1607468796,Thomas Was Alone,2,0.0009
3538,544772182,Thronebreaker: The Witcher Tales,2,0.0009
3539,1963849763,Thymesia,2,0.0009
3540,916605047,Tom Clancy's Ghost Recon Wildlands Open Beta,2,0.0009
3541,1633686108,Tomb of the Dash,2,0.0009
3542,1613151355,Tools Up! Demo,2,0.0009
3543,1961294826,Top Racer Collection,2,0.0009
3544,1962802003,Tormented Souls 2 Demo,2,0.0009
3545,2119382094,Total War: Warhammer III,2,0.0009
3546,1702020699,Tourist Bus Simulator,2,0.0009
3547,1480657238,Tower Bloxx Deluxe,2,0.0009
3548,1721366178,Toy Soldiers HD,2,0.0009
3549,1752070610,Toy Soldiers: War Chest,2,0.0009
3550,1729848569,Trainz Simulator: World Tour,2,0.0009
3551,2089745138,TRANSFORMERS: BATTLEGROUNDS,2,0.0009
3552,1817067023,Trine 5: A Clockwork Conspiracy,2,0.0009
3553,1112934381,Tron: Evolution,2,0.0009
3554,1264125916,Tropico 4,2,0.0009
3555,1735843094,Trover Saves the Universe,2,0.0009
3556,2142053337,Trüberbrook,2,0.0009
3557,547734537,Truck Racing Championship,2,0.0009
3558,1679462217,True Fear: Forsaken Souls Part 1 Demo,2,0.0009
3559,2035251227,Turnip Boy Commits Tax Evasion,2,0.0009
3560,1866559372,Turnip Boy Robs a Bank,2,0.0009
3561,1882728475,TY the Tasmanian Tiger™ 2: Bush Rescue™ HD,2,0.0009
3562,2089989279,UFO ROBOT GRENDIZER – The Feast of the Wolves,2,0.0009
3563,823524527,UglyDolls: An Imperfect Adventure,2,0.0009
3564,1964788774,Ultimate Fishing Simulator,2,0.0009
3565,1760673470,Ultimate General: Civil War - Demo,2,0.0009
3566,1659161283,Ultimate Massage,2,0.0009
3567,2106233933,United Assault - Normandy '44,2,0.0009
3568,2123218936,Unmourned Demo,2,0.0009
3569,2060146885,Unspottable,2,0.0009
3570,496060715,Use Your Words,2,0.0009
3571,103629720,V-Rally 4,2,0.0009
3572,1620954305,Vagante,2,0.0009
3573,1640379056,Vagrus - The Riven Realms,2,0.0009
3574,131540426,Valentino Rossi The Game,2,0.0009
3575,1957172115,Vampire: The Masquerade - Swansong Xbox One,2,0.0009
3576,1814663170,Veggie Warfare - Feast of Fury,2,0.0009
3577,61090031,Victor Vran,2,0.0009
3578,1776829795,Virtua Fighter 5 R.E.V.O. World Stage - Demo,2,0.0009
3579,1947656141,Voidwrought,2,0.0009
3580,369299403,Volgarr the Viking,2,0.0009
3581,133113455,Voodoo Vince: Remastered,2,0.0009
3582,1759773134,Walking Simulator,2,0.0009
3583,1732740414,Wargroove,2,0.0009
3584,2078235268,"Warhammer 40,000: Shootas, Blood & Teef",2,0.0009
3585,1704142080,Warhammer: Chaosbane Slayer Edition Xbox Series X|S,2,0.0009
3586,1760893557,Warlander,2,0.0009
3587,1679106504,WARRIORS: Abyss,2,0.0009
3588,2117988744,"What have you done, Father?",2,0.0009
3589,1837745362,When the Past was Around,2,0.0009
3590,2102173616,Whiskerwood (Game Preview),2,0.0009
3591,1780460930,Wild Bastards,2,0.0009
3592,1960103311,Windjammers 2,2,0.0009
3593,1813766726,Winds of Arcana: Ruination Demo,2,0.0009
3594,1738666347,Wizardry: Proving Grounds of the Mad Overlord,2,0.0009
3595,1909396590,Wolfenstein: The Old Blood (PC),2,0.0009
3596,1861858143,Wolfenstein: Youngblood (PC),2,0.0009
3597,1891490306,Woodo Demo,2,0.0009
3598,1708238224,Word Quest Fantasy,2,0.0009
3599,2082469716,Word Quest: Horror,2,0.0009
3600,1981961526,Word Quest: Medival,2,0.0009
3601,1920409697,Word Search Brain Game,2,0.0009
3602,1740791682,Word Stacker - Word Game 2019,2,0.0009
3603,547690837,World of Van Helsing: Deathtrap,2,0.0009
3604,721302698,WRC 5 FIA World Rally Championship – Demo,2,0.0009
3605,2091194104,Wreckfest,2,0.0009
3606,1649362500,Xmas Survivors,2,0.0009
3607,1755180052,Yakuza 3 Remastered,2,0.0009
3608,1874529388,Yakuza Kiwami 3 & Dark Ties Demo,2,0.0009
3609,2035057372,"Yes, Your Grace",2,0.0009
3610,1803165746,Yet Another Zombie Survivors Demo,2,0.0009
3611,555542903,Yoku's Island Express,2,0.0009
3612,1903621817,Yooka-Replaylee,2,0.0009
3613,2044141925,Zombie Survivors Series Edition,2,0.0009
3614,386160977,Zombie Vikings,2,0.0009
3615,2028108587,Zombie Wackers Lite,2,0.0009
3616,473358447,Zoo Tycoon: Ultimate Animal Collection Demo,2,0.0009
3617,1923978466,'DESOLUS' Demo,1,0.0004
3618,2083639018,1-Bit Dungeon (Windows),1,0.0004
3619,1935769758,100 Doors - Escape from Prison,1,0.0004
3620,1870088706,112 Operator,1,0.0004
3621,1652150415,2048 odd numbers 3+3 max,1,0.0004
3622,150940660,2Dark,1,0.0004
3623,2126315332,3°C: Sand Puzzle,1,0.0004
3624,1736391553,30 Sport Games in 1,1,0.0004
3625,2094746370,34 Sports Games - World Edition,1,0.0004
3626,1993684846,3D Chess Game,1,0.0004
3627,1930048258,41 Hours,1,0.0004
3628,2101174985,50 Years (for Windows 10),1,0.0004
3629,1480657152,5th Grader,1,0.0004
3630,2099527901,63 Days,1,0.0004
3631,1689292278,63 Days Demo,1,0.0004
3632,2126592570,8-Ball Pocket,1,0.0004
3633,570085654,8-Bit RTS Series,1,0.0004
3634,1829023299,A Frog's Job 2: Froggina,1,0.0004
3635,1845248290,A Juggler's Tale,1,0.0004
3636,1480657115,A Kingdom for Keflings,1,0.0004
3637,1697676059,A Space for the Unbound,1,0.0004
3638,1692343738,A.I.L.A,1,0.0004
3639,1824287216,Aaero2,1,0.0004
3640,2047037846,Abathor,1,0.0004
3641,1060271764,ACA NEOGEO AERO FIGHTERS 2,1,0.0004
3642,1052909776,ACA NEOGEO ART OF FIGHTING 3,1,0.0004
3643,955101050,ACA NEOGEO BASEBALL STARS 2,1,0.0004
3644,732054872,ACA NEOGEO BIG TOURNAMENT GOLF,1,0.0004
3645,444344386,ACA NEOGEO BLAZING STAR,1,0.0004
3646,793248549,ACA NEOGEO BURNING FIGHT,1,0.0004
3647,398132983,ACA NEOGEO METAL SLUG 2,1,0.0004
3648,356219446,ACA NEOGEO REAL BOUT FATAL FURY,1,0.0004
3649,241082371,ACA NEOGEO SAMURAI SHODOWN,1,0.0004
3650,922642042,ACA NEOGEO SAMURAI SHODOWN II,1,0.0004
3651,483389840,ACA NEOGEO STRIKERS 1945 PLUS,1,0.0004
3652,426534329,ACA NEOGEO THE KING OF FIGHTERS '96,1,0.0004
3653,420401391,ACA NEOGEO THE KING OF FIGHTERS 2000,1,0.0004
3654,678033734,ACA NEOGEO THE KING OF FIGHTERS 2003,1,0.0004
3655,1790739309,Ad Infinitum,1,0.0004
3656,1849400719,Adios,1,0.0004
3657,2105457739,Adorable Adventures,1,0.0004
3658,592146950,Adventure Pop,1,0.0004
3659,1668258620,Aero The Acro-Bat,1,0.0004
3660,2105635738,Aery - A New Frontier,1,0.0004
3661,1956029545,Aeterna Noctis,1,0.0004
3662,411985913,AFL Evolution,1,0.0004
3663,1629096088,Agatha Christie - Murder on the Orient Express,1,0.0004
3664,711714069,Agatha Christie - The ABC Murders (Xbox One),1,0.0004
3665,1480657136,Age of Booty,1,0.0004
3666,1710195375,Age of Solitaire : Build Civilization,1,0.0004
3667,1838321370,Ages of Mages: the last keeper,1,0.0004
3668,1651580938,Aggelos,1,0.0004
3669,1993017321,"Ah, Love!",1,0.0004
3670,2055514030,"Ah, Love! (Xbox One)",1,0.0004
3671,1942395876,"Ah, Love! Season 2",1,0.0004
3672,1922741539,AI: THE SOMNIUM FILES,1,0.0004
3673,1718032869,Airborne Kingdom,1,0.0004
3674,1796559648,Aircraft Carrier Survival,1,0.0004
3675,1892031884,Airplane Flight Simulator : Combat Zone,1,0.0004
3676,2114143751,Akatsuki: Lord of the Dawn,1,0.0004
3677,2057042819,Akimbot,1,0.0004
3678,1676607943,Akinakes,1,0.0004
3679,1835342321,Akinakes (Xbox Series),1,0.0004
3680,1846694005,Akuto: Showdown,1,0.0004
3681,1653884944,Alchemist Simulator,1,0.0004
3682,1643964549,Alchemist: Journey of The Soul,1,0.0004
3683,1835471088,Alchemist: Journey of The Soul Demo,1,0.0004
3684,1614822065,Alchemist: The Potion Monger,1,0.0004
3685,1847254069,Alex Kidd in Miracle World DX,1,0.0004
3686,1910091538,Alfred Hitchcock - Vertigo,1,0.0004
3687,1710668906,Alien Cat 2 - Retro Collection,1,0.0004
3688,2077540326,Alina of the Arena,1,0.0004
3689,1997651308,All You Need is Help,1,0.0004
3690,1649996690,Alone in the Dark Prologue,1,0.0004
3691,1804940594,Alpacapaca Dash 2,1,0.0004
3692,1643509318,Alter Age,1,0.0004
3693,1480657314,Altered Beast,1,0.0004
3694,1728054958,Amanda the Adventurer 3,1,0.0004
3695,1628251712,Amazing Maze,1,0.0004
3696,1905197072,American Theft 80s,1,0.0004
3697,1711302343,Amerzone - The Explorer's Legacy,1,0.0004
3698,1694657478,Amnesia: Rebirth,1,0.0004
3699,1688666438,Among Ashes,1,0.0004
3700,1757356654,Andro Dunos 2,1,0.0004
3701,1655595028,Andromeda Survivors (Windows),1,0.0004
3702,1659178052,Angry Video Game Nerd 8-bit Demo,1,0.0004
3703,1799950478,Aniimo,1,0.0004
3704,811324103,Anima: Gate of Memories - The Nameless Chronicles,1,0.0004
3705,2038311787,Anima: Gate of Memories I&II Remaster,1,0.0004
3706,2032975288,ANIMAL WELL,1,0.0004
3707,1863916271,Anime Girls Jigsaw Puzzles - The Waifu Experience,1,0.0004
3708,1976106790,Anime Studio Story,1,0.0004
3709,1692559022,Animus - Stand Alone,1,0.0004
3710,1733454261,ANNIE:Last Hope Demo,1,0.0004
3711,1701001802,Anvil Saga,1,0.0004
3712,880418401,AO International Tennis,1,0.0004
3713,2066750369,APG: A Plane Game,1,0.0004
3714,1744307136,Aquarist,1,0.0004
3715,1908300140,ARC Raiders - Server Slam,1,0.0004
3716,2134995520,Arcade Archives 2 MOON SHUTTLE,1,0.0004
3717,1693474019,Arcade Archives 2 Mr.Do!,1,0.0004
3718,1888422077,Arcade Archives 2 TAG TEAM WRESTLING,1,0.0004
3719,1836455102,Arcade Hysteria,1,0.0004
3720,2099466588,Archvale,1,0.0004
3721,1663331063,Arena Renovation,1,0.0004
3722,1846788797,ARIDA: Backland's Awakening,1,0.0004
3723,1870601915,Arietta of Spirits,1,0.0004
3724,1756488270,Arkanoid Eternal Battle,1,0.0004
3725,1920845520,Arzette: The Jewel of Faramore,1,0.0004
3726,1897858878,Asdivine Hearts,1,0.0004
3727,1891225930,Ash of Gods Redemption,1,0.0004
3728,423441812,Ashes Cricket,1,0.0004
3729,1913936706,Ashland Dossier,1,0.0004
3730,1480659964,Assassin's Creed III: Liberation HD,1,0.0004
3731,1762779465,Asterigos: Curse of the Stars,1,0.0004
3732,1819507591,Asterix & Obelix: Heroes,1,0.0004
3733,1946604107,Asteroids: Recharged,1,0.0004
3734,1926653926,Astria Ascending,1,0.0004
3735,2005753939,Astro Duel,1,0.0004
3736,1865619206,Astro Flame Starfighter (Xbox Series X|S),1,0.0004
3737,1631238072,Astro Miner,1,0.0004
3738,1869032232,Astro Rangers,1,0.0004
3739,1814125090,Astronite - Demo,1,0.0004
3740,1664245882,Atari 50: The Anniversary Celebration,1,0.0004
3741,2058605218,Attack of the Toy Tanks,1,0.0004
3742,1920745954,Aurion: Legacy of the Kori-Odan,1,0.0004
3743,1725237513,Autobahn Police Simulator 2,1,0.0004
3744,1694852268,Avatar The Last Airbender: Quest for Balance,1,0.0004
3745,1949426934,AVICII Invector,1,0.0004
3746,1484426675,Awesomenauts Assemble!,1,0.0004
3747,1052246602,Awkward,1,0.0004
3748,1731201258,Axiom Verge 2,1,0.0004
3749,1656426851,Axis Football 2026,1,0.0004
3750,1662748361,Axobubble,1,0.0004
3751,2122284384,AXONVOLT (Xbox Series X/S),1,0.0004
3752,1805978609,Baby Shark™: Sing & Swim Party,1,0.0004
3753,2110628034,Backgammon - Board Game,1,0.0004
3754,1889059808,Backpack Hero,1,0.0004
3755,1680129182,Backrooms Level X,1,0.0004
3756,2078107330,Bad Cheese,1,0.0004
3757,1670910658,Baking Time,1,0.0004
3758,2074298673,Ball Race 3: Jump DEMO,1,0.0004
3759,1807844328,Ball Race 4: Goal! DEMO,1,0.0004
3760,1758411793,Ball Race 5: Volleyball DEMO,1,0.0004
3761,1618019161,Ballotron Coolbox,1,0.0004
3762,1780001013,Ballotron Galaxy (Xbox One),1,0.0004
3763,1995697239,Banner of the Maid,1,0.0004
3764,1737338210,Barton Lynch Pro Surfing,1,0.0004
3765,2053266203,Base Attack,1,0.0004
3766,1866129970,Baseball - Breakthrough Gaming Arcade (Xbox Version),1,0.0004
3767,626624492,Baseball Riot,1,0.0004
3768,1852136408,Basketball Pinball,1,0.0004
3769,465259992,Battle Chasers: Nightwar,1,0.0004
3770,823930413,Battlefield™ Hardline Beta,1,0.0004
3771,443831560,Battlestar Galactica Deadlock™,1,0.0004
3772,1737916926,Bay Breaker,1,0.0004
3773,2074299699,Beautiful Sakura: Fitness Club,1,0.0004
3774,1836853409,Beautiful Sakura: Surfing Club 2 (Xbox One),1,0.0004
3775,2127399021,Beautiful Sakura: Volleyball Club 2,1,0.0004
3776,2074980389,Beautiful Sakura: Volleyball Club 2 (Xbox One),1,0.0004
3777,2124539331,Become the wild,1,0.0004
3778,1863389993,Bee Flowers,1,0.0004
3779,1711597179,Bee Flowers: Royal Garden,1,0.0004
3780,1729381234,Beetle Shock (Windows),1,0.0004
3781,2064872888,Beetle Shock (Xbox Series),1,0.0004
3782,2106780142,Beneath,1,0.0004
3783,1854871799,Beneath Oresa,1,0.0004
3784,1658762775,Best Month Ever!,1,0.0004
3785,1848533188,Between Time: Escape Room,1,0.0004
3786,1831245668,Beyond the Ice Palace 2,1,0.0004
3787,1776284292,Beyond Words,1,0.0004
3788,1021034070,Big Buck Hunter Arcade,1,0.0004
3789,621760503,Big Crown: Showdown,1,0.0004
3790,1686912808,Bigfoot Hunting,1,0.0004
3791,2140624229,BINGO Hall,1,0.0004
3792,298354887,BIOHAZARD 7 resident evil グロテスクVer.,1,0.0004
3793,1854828947,BIOHAZARD VILLAGE Z Version,1,0.0004
3794,1886435586,Bird Game +,1,0.0004
3795,1810704602,Bish Bash Bots,1,0.0004
3796,1939860114,Bit ESC,1,0.0004
3797,1755045975,Black Mamba VS the JI-TAN - Special Edition,1,0.0004
3798,1772714405,Black Skylands,1,0.0004
3799,730766332,Blackguards 2,1,0.0004
3800,2080382748,Blade Runner Enhanced Edition,1,0.0004
3801,1635661974,Bladed Fury,1,0.0004
3802,2005971285,Blast'N Bounty,1,0.0004
3803,2041877435,Blaster Master Zero,1,0.0004
3804,1890497870,Blaster Master Zero 2,1,0.0004
3805,1794186726,Blaster Master Zero 3,1,0.0004
3806,1988745404,Blazing Beaks,1,0.0004
3807,1994890238,Blazing Strike,1,0.0004
3808,192956104,BLEED,1,0.0004
3809,941698858,Bleed 2,1,0.0004
3810,1801017437,Blightbound,1,0.0004
3811,1938139131,Blind as a Bat,1,0.0004
3812,2037855727,Block Puzzle Jewels Classic,1,0.0004
3813,1765782859,Block Tower TD 2,1,0.0004
3814,1669165537,Block Tower TD 2 (Windows),1,0.0004
3815,2062694112,Block Tower TD 2 (Xbox One),1,0.0004
3816,2020362302,BlockJump,1,0.0004
3817,173291706,Blood Bowl 2,1,0.0004
3818,1864246714,Blood Waves,1,0.0004
3819,1802136145,BloodRayne Betrayal: Fresh Bites,1,0.0004
3820,1862346957,BloodRayne: ReVamped,1,0.0004
3821,1717828260,Bloodstained: Curse of the Moon 2,1,0.0004
3822,1880934555,Bloomtown: A Different Story Demo,1,0.0004
3823,1975889493,Blue Dasher,1,0.0004
3824,1745314944,Bō: Path of the Teal Lotus,1,0.0004
3825,2028861406,Bobobby 3D: Stranded Rush,1,0.0004
3826,1694557830,Bonds of the Skies,1,0.0004
3827,2086335869,Boti: Byteland Overclocked,1,0.0004
3828,593651872,Bounce Rescue!,1,0.0004
3829,1621106631,Boundland (Windows),1,0.0004
3830,1857914892,Boyfriend Dungeon,1,0.0004
3831,607618494,"Braid, Anniversary Edition",1,0.0004
3832,1896582181,Bramble: The Mountain King,1,0.0004
3833,2091426729,Bread & Fred,1,0.0004
3834,1715821518,Breakers Collection,1,0.0004
3835,1668214490,BREAKING BRICKS,1,0.0004
3836,1751295845,BREAKING BRICKS (XBOX SERIES),1,0.0004
3837,2057334924,Brick Breaker: Shoot Puzzle,1,0.0004
3838,1771762853,BricksPlus,1,0.0004
3839,2143317425,Bridge Constructor Studio,1,0.0004
3840,1890575892,BROKEN MIND,1,0.0004
3841,1895935708,Broken Roads,1,0.0004
3842,2133362762,Broken Sword - Shadow of the Templars: Reforged,1,0.0004
3843,1689815489,Broken Universe - Tower Defense,1,0.0004
3844,1801882769,BrokenLore: DON'T WATCH,1,0.0004
3845,73782745,Brothers: a Tale of Two Sons,1,0.0004
3846,2114927250,Brunswick Pro Billiards,1,0.0004
3847,2043895065,Builder Simulator,1,0.0004
3848,2044192216,Buildings Have Feelings Too,1,0.0004
3849,1618115231,Bullet Beat,1,0.0004
3850,1759582408,Bunker Hunter X Demo,1,0.0004
3851,1948747389,Bunny Crunch (XBOX ONE),1,0.0004
3852,1842205605,Bunny Crunch (XBOX XSX),1,0.0004
3853,1908871844,Bunny Parking,1,0.0004
3854,1861130054,Bunny Pit Stop: Vegas Rush (Xbox Series),1,0.0004
3855,82519866,Bush Hockey League,1,0.0004
3856,2051749659,Butterfly 2,1,0.0004
3857,1751576553,Call of Duty®: Black Ops Cold War - Open Beta,1,0.0004
3858,649881449,Call of Duty®: Modern Warfare® Remastered,1,0.0004
3859,1673223107,Call of the Sea,1,0.0004
3860,1916243879,Camping Simulator: The Squad,1,0.0004
3861,2016517320,Candy Match Kiddies,1,0.0004
3862,2133956464,Cannibal Abduction,1,0.0004
3863,1793467642,Captain Blood Demo,1,0.0004
3864,1758661630,Captain Puff MacFly,1,0.0004
3865,1861822793,Car Detailing Simulator,1,0.0004
3866,1480656960,Carcassonne,1,0.0004
3867,1670545964,Cards We're Dealt Demo,1,0.0004
3868,2116095486,Care Bears: To The Rescue,1,0.0004
3869,908734579,Carmageddon: Max Damage,1,0.0004
3870,2122614052,Carmageddon: Rogue Shift,1,0.0004
3871,1615345863,Carmen Sandiego,1,0.0004
3872,2104571236,CASE 2: Animatronics Survival,1,0.0004
3873,2140021544,CASE: Animatronics,1,0.0004
3874,521255269,Casey Powell Lacrosse 16,1,0.0004
3875,607002526,Castaway Paradise,1,0.0004
3876,2082736316,Castle Crumble,1,0.0004
3877,2144835387,Castle of no Escape,1,0.0004
3878,1973612237,Castle of no Escape 2,1,0.0004
3879,2096887122,Castle on the Coast,1,0.0004
3880,1725514902,Castle Renovator,1,0.0004
3881,2027163640,Castle Walker,1,0.0004
3882,1897474813,Castle Walker (Windows 10),1,0.0004
3883,2070449681,Casual Sport Series: Boxing,1,0.0004
3884,1801180387,Cat From Hell,1,0.0004
3885,1640965998,Cat in Rain,1,0.0004
3886,1757862533,Cat in Rain (Windows),1,0.0004
3887,1760562614,Cat President: A More Purrfect Union,1,0.0004
3888,1987803377,Cat Quest II,1,0.0004
3889,1646378646,Cat Quest III,1,0.0004
3890,2054164358,Catnigma,1,0.0004
3891,1793953524,Catnigma (Xbox One),1,0.0004
3892,1754604823,Cats and Seek : Dino Park,1,0.0004
3893,1686916889,Cats and Seek : Kyoto,1,0.0004
3894,1975108272,Cats Around Us: Giant Cat,1,0.0004
3895,1793169392,Cattle Country Demo,1,0.0004
3896,443026101,Caveman Warriors,1,0.0004
3897,1480656972,Centipede & Millipede,1,0.0004
3898,2122185005,Chains of Freedom,1,0.0004
3899,2035562205,ChainStaff,1,0.0004
3900,1992686266,ChainStaff Demo,1,0.0004
3901,1690003636,Chants of Sennaar - Demo,1,0.0004
3902,1631654404,Chants of Sennaar (Windows),1,0.0004
3903,497019090,Chasm,1,0.0004
3904,1976364432,Chasm: The Rift,1,0.0004
3905,2145216504,Chemically Bonded,1,0.0004
3906,1827739583,Chess Infinity,1,0.0004
3907,1946055466,Chicken Climber,1,0.0004
3908,1658611962,Chico's Delivery (Xbox Series),1,0.0004
3909,1749856679,Chippy's Stash,1,0.0004
3910,310307954,Chivalry: Medieval Warfare,1,0.0004
3911,2087558820,Christmas Mutilator,1,0.0004
3912,2043889286,Chroma Quaternion,1,0.0004
3913,1802005257,Chronus Arc,1,0.0004
3914,2003473581,Citizen Sleeper,1,0.0004
3915,1676653592,Citizen Sleeper 2: Starward Vector,1,0.0004
3916,1783440636,City Bus Manager,1,0.0004
3917,1168490333,Claire: Extended Cut,1,0.0004
3918,1703939860,Clash: Artifacts of Chaos,1,0.0004
3919,1756546018,Classic Pixel Marioboy Adventures,1,0.0004
3920,2090351305,Clay Skeet Shooting,1,0.0004
3921,2079449748,Clive Barker's Hellraiser: Revival,1,0.0004
3922,2124727327,Clockwork Aquario,1,0.0004
3923,1980358797,Cloudpunk,1,0.0004
3924,1839636294,Cloudpunk - XBS/X,1,0.0004
3925,348040448,Clouds & Sheep 2,1,0.0004
3926,188783392,Cobalt,1,0.0004
3927,1732400170,Cobra Kai 2: Dojos Rising,1,0.0004
3928,2030563304,CODE VEIN II - Character Creator Demo,1,0.0004
3929,2087025872,CODE VEIN Trial Edition,1,0.0004
3930,1734469605,COGEN: Sword of Rewind,1,0.0004
3931,1922833847,Color Pals,1,0.0004
3932,2107467778,Colorful Colore (for Windows 10),1,0.0004
3933,1480657440,Comic Jumper,1,0.0004
3934,1663080705,Concept Coaster Craft 2,1,0.0004
3935,1642942095,CONTRA: ROGUE CORPS,1,0.0004
3936,2121511766,CONTRA: ROGUE CORPS DEMO,1,0.0004
3937,1653280174,CONTROL Resonant,1,0.0004
3938,1903918497,"Cook, Serve, Delicious! 3?!",1,0.0004
3939,1954250236,Cooking Companions,1,0.0004
3940,1943534281,Copa City,1,0.0004
3941,2113258996,Core Keeper,1,0.0004
3942,1988991827,Corner Kitchen Fast Food Simulator,1,0.0004
3943,1878227371,Cotton 100%,1,0.0004
3944,1888416582,Countryside Farm Clues,1,0.0004
3945,1918389229,Countryside Farm Clues (Windows),1,0.0004
3946,1753200143,Crack The Egg!,1,0.0004
3947,1808911215,Crashlands,1,0.0004
3948,1699928394,Crate Fang (Xbox Series X|S),1,0.0004
3949,1611852495,Crazy Chicken Kart 2,1,0.0004
3950,1631412500,Crazy Trucks,1,0.0004
3951,2026017924,Creaks,1,0.0004
3952,1755174608,Creature Lab,1,0.0004
3953,1620274602,Cricket 19,1,0.0004
3954,461173340,Crimson Dragon,1,0.0004
3955,706918470,Crimsonland,1,0.0004
3956,1692395829,Croc's World 4,1,0.0004
3957,1897666111,Cross Tails,1,0.0004
3958,1812286558,Crown Trick,1,0.0004
3959,1696763703,Crown Wars: The Black Prince,1,0.0004
3960,1705139809,CrushBorgs (for Windows 10),1,0.0004
3961,1753293863,CrushBorgs (Xbox One),1,0.0004
3962,1735754897,CrushBorgs (Xbox Series),1,0.0004
3963,429288038,Crypt of the NecroDancer,1,0.0004
3964,2008530313,Cryptid Coffeehouse,1,0.0004
3965,1707233763,Cryptmaster,1,0.0004
3966,1767097660,Cthulhu: The Cosmic Abyss,1,0.0004
3967,2024070259,Cube Railway,1,0.0004
3968,2003918395,Cubic 2 3 4 Player Games,1,0.0004
3969,1788111391,Cultist Simulator: Initiate Edition,1,0.0004
3970,1802226567,Curious Copy Cats,1,0.0004
3971,1680691785,Curious Copy Cats (Xbox One),1,0.0004
3972,2126586531,Daemon X Machina: Titanic Scion Demo,1,0.0004
3973,1939160486,Dakar Desert Rally,1,0.0004
3974,1620054122,Danger Scavenger,1,0.0004
3975,125598351,Dangerous Golf,1,0.0004
3976,1643246182,Dark Burial: Enhanced Edition,1,0.0004
3977,1698720748,Dark Elven Legacy (Windows),1,0.0004
3978,1919541930,Dark Grim Mariupolis,1,0.0004
3979,1991801140,Dark Light,1,0.0004
3980,1639343843,Dark Quest 3,1,0.0004
3981,1959927913,Dark Quest 4,1,0.0004
3982,1968164879,Darkness and Flame 1: Born of Fire,1,0.0004
3983,1661865075,Dawn of the Monsters,1,0.0004
3984,1842049989,DCL-The Game,1,0.0004
3985,327419539,de Blob,1,0.0004
3986,1830776376,Dead Dragons,1,0.0004
3987,435507461,Dead Effect 2,1,0.0004
3988,1951298086,Dead End Job,1,0.0004
3989,2055117989,Dead of Darkness,1,0.0004
3990,1922125818,Dead Reset,1,0.0004
3991,1480657531,Dead Space™ Ignition,1,0.0004
3992,1229916116,DEADLY PREMONITION,1,0.0004
3993,1714959554,Deadzone: Rogue Demo,1,0.0004
3994,1806584687,Death By Scrolling,1,0.0004
3995,1909022139,Death Park: 4k Remaster,1,0.0004
3996,1887450239,Death Run - Round 1,1,0.0004
3997,1480657547,DeathSpank: T.O.V.,1,0.0004
3998,2027027841,Debtor: Enhanced Edition,1,0.0004
3999,1747417205,Deep Combat,1,0.0004
4000,1889204779,Deep Space Anomaly,1,0.0004
4001,1814299019,Defense Zone 3 Ultra HD,1,0.0004
4002,1697112419,Deliver Us Mars,1,0.0004
4003,1679835971,Deliver Us The Moon,1,0.0004
4004,1748074579,Delivery Driver Massacre,1,0.0004
4005,1729622594,Democracy 4: Console Edition,1,0.0004
4006,2037049699,Demolish & Build 3,1,0.0004
4007,1632750108,Demonschool,1,0.0004
4008,1951916716,Deponia,1,0.0004
4009,2014312535,Despot's Game,1,0.0004
4010,1640712753,Despotism 3k,1,0.0004
4011,245548143,Destiny 2 - Beta,1,0.0004
4012,1829928670,Destroy All Humans! Demo,1,0.0004
4013,1760093250,DETECTIVE - The Test,1,0.0004
4014,554958871,Devil May Cry 5 Xbox Exclusive Demo,1,0.0004
4015,1866199497,Dieselpunk Wars,1,0.0004
4016,1942060976,Digitris,1,0.0004
4017,2137543335,Dino Kid: Island Platformer Adventure,1,0.0004
4018,1129121861,DiRT Showdown,1,0.0004
4019,1770625509,Disciples: Domination,1,0.0004
4020,1743819957,Disco Simulator,1,0.0004
4021,1737926681,Discounty,1,0.0004
4022,1627819535,Dishonored® Definitive Edition (PC),1,0.0004
4023,1981785404,Disney Illusion Island Starring Mickey and Friends,1,0.0004
4024,1980683662,DISORDER for Xbox,1,0.0004
4025,1712707936,Divine Dynamo Flamefrit,1,0.0004
4026,2096544989,Divine Knockout (DKO),1,0.0004
4027,1178929110,Divinity II - DKS,1,0.0004
4028,2144573002,Doctor Cat,1,0.0004
4029,1935690934,Dog Man: Mission Impawsible,1,0.0004
4030,1889137420,Doggy Up!,1,0.0004
4031,249733426,Don't Knock Twice,1,0.0004
4032,1819731227,Don't Mess With Bober,1,0.0004
4033,607497985,Don Bradman Cricket 17,1,0.0004
4034,1690951976,Doodle God: Evolution Demo,1,0.0004
4035,1825944429,Dora™: Rainforest Rescue,1,0.0004
4036,1841794712,Dordogne,1,0.0004
4037,2010409612,DOUBLE DRAGON,1,0.0004
4038,2082494703,DOUBLE DRAGON Ⅱ: The Revenge,1,0.0004
4039,1884638750,DOUBLE DRAGON Ⅲ: The Sacred Stones,1,0.0004
4040,534038970,Dovetail Games Euro Fishing,1,0.0004
4041,1743873119,Down Among the Dead Men,1,0.0004
4042,1751239168,Down in Bermuda,1,0.0004
4043,1682154324,DPS Idle (Windows 10),1,0.0004
4044,2071863914,Draconic Resurgence (Xbox Series),1,0.0004
4045,2084687312,Dragon's Lair Trilogy,1,0.0004
4046,1036415414,DRAGON BALL FIGHTERZ - Open Beta,1,0.0004
4047,1909957148,Dragon City,1,0.0004
4048,1858681275,Dragon Mania Legends,1,0.0004
4049,2071918696,DRAGON QUEST I & II HD-2D Remake,1,0.0004
4050,1916775416,Dragon Takers,1,0.0004
4051,1853020483,Draw a Stickman: EPIC 2 Xbox,1,0.0004
4052,1733486308,Dread Delusion,1,0.0004
4053,1926960164,DreadOut 2,1,0.0004
4054,1616084661,Dreamcore Demo,1,0.0004
4055,168101896,Dreamfall Chapters,1,0.0004
4056,1669152064,Dreamscaper,1,0.0004
4057,2027359366,DreamWorks Spirit Lucky's Big Adventure,1,0.0004
4058,1036815571,Drift Zone,1,0.0004
4059,1947615527,Drova - Forsaken Kin,1,0.0004
4060,1993091289,Drug Dealer Empire,1,0.0004
4061,1480657463,Duke Nukem - Manhattan,1,0.0004
4062,1710719518,Dungeon Escape: Console Edition,1,0.0004
4063,2133243699,Dungeon Scoundrel: Solitaire,1,0.0004
4064,1666801480,Dunk Lords,1,0.0004
4065,1833286656,Dustland Delivery,1,0.0004
4066,2019685251,Dustwind: Resistance,1,0.0004
4067,170534167,Dying Light Demo,1,0.0004
4068,2109577659,Dyna Bomb,1,0.0004
4069,117434960,Dynamite Fishing - World Games,1,0.0004
4070,1612675912,DYNASTY WARRIORS 9 Empires Demo,1,0.0004
4071,1480657010,E4,1,0.0004
4072,2067761315,EA SPORTS™ NBA LIVE 16,1,0.0004
4073,571156610,Earthfall,1,0.0004
4074,1480657378,Earthworm Jim HD,1,0.0004
4075,1947658323,Easter Bunny EggVenture,1,0.0004
4076,1973165271,Eastshade,1,0.0004
4077,1664621917,Easy Flight Simulator,1,0.0004
4078,1730596263,Echo Generation: Midnight Edition,1,0.0004
4079,1744223714,Echoes of Light: Child of the Balance,1,0.0004
4080,2035278481,Ed-0: Zombie Uprising,1,0.0004
4081,1741237286,EDENGATE: The Edge of Life,1,0.0004
4082,1996027459,Educational Games for Kids (Cross-Buy),1,0.0004
4083,1963912042,Eiyuden Chronicle: Rising,1,0.0004
4084,1750555114,El Hijo - A Wild West Tale,1,0.0004
4085,2132340426,Element Space,1,0.0004
4086,1833460510,Elevator Action™ -Returns- S-Tribute,1,0.0004
4087,1931870677,Elon and the Divine Proof,1,0.0004
4088,1725427493,Elon and the Divine Proof (Xbox One),1,0.0004
4089,651709478,Emily Wants to Play Too,1,0.0004
4090,1693383438,Emoji Battlefield - Island Warfare,1,0.0004
4091,1735535941,Emoji Battlefield - Summer Vacation,1,0.0004
4092,2129002058,ENDER MAGNOLIA: Bloom in the Mist,1,0.0004
4093,1706225842,ENDLESS Dungeon™,1,0.0004
4094,1690575171,Endoparasitic,1,0.0004
4095,1785702077,Energy Cycle (Xbox Series X|S),1,0.0004
4096,1313671153,Enslaved,1,0.0004
4097,1997600803,Epic Landscapes Jigsaw for PC & XBOX,1,0.0004
4098,2036619771,Escape First 3 Multiplayer,1,0.0004
4099,1835142714,Escape First Alchemist,1,0.0004
4100,1644483863,Escape From The Dark,1,0.0004
4101,2102487155,Escape Game Fort Boyard,1,0.0004
4102,1933591811,Escape Sequence (Xbox Series),1,0.0004
4103,2130707522,Everafter Falls,1,0.0004
4104,1648906760,Everdream Valley,1,0.0004
4105,1828736918,Evil Nun: The Broken Mask,1,0.0004
4106,1702241488,Evil Wizard(Xbox),1,0.0004
4107,911650903,Evoland Legendary Edition,1,0.0004
4108,1973801477,Exhausted Man,1,0.0004
4109,1879452548,Exhausted Man Demo,1,0.0004
4110,1998107412,ExitMan Deluxe,1,0.0004
4111,1639220334,Exo One,1,0.0004
4112,1614221632,ExoCross,1,0.0004
4113,1843945719,Exodus: Creepy Time,1,0.0004
4114,1983964158,Exodus: Creepy Time (Xbox One),1,0.0004
4115,524284397,Extinction,1,0.0004
4116,1983090774,Extreme Bowling Challenge,1,0.0004
4117,1949165391,Eyes: The Horror Game,1,0.0004
4118,1887182103,F1® Manager 2022,1,0.0004
4119,1129121874,F1™ 2014,1,0.0004
4120,1198695408,F1™ 2015,1,0.0004
4121,1995180163,Fable Digital Artbook & Soundtrack,1,0.0004
4122,1480657181,Fable® II Pub Games,1,0.0004
4123,1928112883,Fabledom,1,0.0004
4124,1631666106,Faces of Illusion: The Twin Phantoms (Xbox Version),1,0.0004
4125,1983258838,Fae Tactics,1,0.0004
4126,1836570582,Faeria,1,0.0004
4127,1856095222,FAITH: The Unholy Trinity Demo,1,0.0004
4128,1630729439,Fallen Legion Revenants,1,0.0004
4129,2008847554,Fallen Legion: Rise to Glory,1,0.0004
4130,2146688994,Fallout 4 (PC),1,0.0004
4131,1655237678,Fallout: New Vegas Ultimate Edition,1,0.0004
4132,1645447317,Farm Manager 2022,1,0.0004
4133,1731736563,Farm Manager World,1,0.0004
4134,1861337590,Farmer's Life,1,0.0004
4135,1640889440,Farmer Survivors,1,0.0004
4136,1846024820,Farmer Survivors (Windows),1,0.0004
4137,1734069370,Farming Simulator 17 - Windows 10,1,0.0004
4138,2063398545,Farworld Pioneers,1,0.0004
4139,495246139,FAST & FURIOUS CROSSROADS,1,0.0004
4140,1682676286,Fast Food Master 2025,1,0.0004
4141,2129257709,Fast Gear Demo,1,0.0004
4142,2058322661,FATAL FRAME II: Crimson Butterfly REMAKE Demo,1,0.0004
4143,1971377551,FATAL FRAME II: Crimson Butterfly REMAKE Digital Art Book & Digital Soundtrack,1,0.0004
4144,2104363067,Fatum Betula,1,0.0004
4145,1942567098,Fight Time,1,0.0004
4146,1956402951,Final Vendetta,1,0.0004
4147,2114567052,Find The Cats (Windows),1,0.0004
4148,1832263068,Fire & Water,1,0.0004
4149,119096754,Firefighters – The Simulation,1,0.0004
4150,1962339231,Firegirl: Hack 'n Splash Rescue DX,1,0.0004
4151,1639648322,Fit My Cat,1,0.0004
4152,1792158880,Flappy Frog,1,0.0004
4153,1725078223,Flashback 2,1,0.0004
4154,1848301012,Flaskoman,1,0.0004
4155,1791966220,Flaskoman for Windows 10,1,0.0004
4156,1747042673,Flat Heroes Demo,1,0.0004
4157,1748527690,Flight Attendant Simulator: Onboard Tasks,1,0.0004
4158,2093758729,Fling to the Finish,1,0.0004
4159,1939082963,Flint - The Treasure of Oblivion - Demo,1,0.0004
4160,1623391709,Flock,1,0.0004
4161,1480657209,FLOCK!,1,0.0004
4162,1612600408,Floralis Demo,1,0.0004
4163,1776812595,Flower Shop: Summer In Fairbrook,1,0.0004
4164,2035989570,Fluffy Milo (PC Version),1,0.0004
4165,1839143466,Fluffy Milo (Xbox Version),1,0.0004
4166,1796337570,Fly Corp,1,0.0004
4167,1711202314,Flying Fish,1,0.0004
4168,1757667844,Food Truck Simulator,1,0.0004
4169,1711665703,Foot Clinic,1,0.0004
4170,1634118154,Football Manager 2021 Xbox Edition,1,0.0004
4171,1803141715,Football Manager 2024,1,0.0004
4172,1636389490,Football Mini Stars,1,0.0004
4173,2054071455,For The Warp,1,0.0004
4174,2021894836,Forbidden Forgiveness Demo,1,0.0004
4175,1658326809,Forgotlings,1,0.0004
4176,338690930,Forgotton Anne,1,0.0004
4177,79963387,Forsaken Remastered,1,0.0004
4178,1997091659,Forspoken,1,0.0004
4179,643698720,Forza Horizon 2 Demo,1,0.0004
4180,1720533230,Forza Street,1,0.0004
4181,2093936173,Fossilfuel 2,1,0.0004
4182,1980291965,FPV Simulator,1,0.0004
4183,655366314,Fractured Minds,1,0.0004
4184,1689950312,Freediving Hunter: Spearfishing the World,1,0.0004
4185,2033987728,FreeStyle Football 2,1,0.0004
4186,1677365393,Fresh Start,1,0.0004
4187,1926405394,Friday the 13th: Killer Puzzle,1,0.0004
4188,1945489665,Frog Detective: The Entire Mystery,1,0.0004
4189,1976337452,Froggy Hates Snow Demo,1,0.0004
4190,1637733007,FRONT MISSION 3: Remake,1,0.0004
4191,2043607614,Frontier Pilot Simulator,1,0.0004
4192,1856401271,Frozen Gauntlet,1,0.0004
4193,1644634019,Fruits Slot Machine HD,1,0.0004
4194,2067683732,FS Sandbox,1,0.0004
4195,2090461480,Fuga: Melodies of Steel,1,0.0004
4196,2113260286,Fuga: Melodies of Steel - Demo,1,0.0004
4197,1763229627,Fuga: Melodies of Steel 2,1,0.0004
4198,1857915695,Fuga: Melodies of Steel 3,1,0.0004
4199,2116769488,Funny Animal Cafe,1,0.0004
4200,1627281209,FUSER™,1,0.0004
4201,1870314278,G.I. JOE: WRATH OF COBRA,1,0.0004
4202,1887193859,Gal Guardians: Servants of the Dark,1,0.0004
4203,1810736784,Galactic Loader (Windows 10),1,0.0004
4204,1908509778,Galaxy Champions TV,1,0.0004
4205,1629020242,Game Builder Tycoon,1,0.0004
4206,2007728129,Gangsta Paradise,1,0.0004
4207,1629973687,Garden Life: A Cozy Simulator,1,0.0004
4208,1898042382,Gargoyles Remastered,1,0.0004
4209,711335666,Gene Rain Wind Tower,1,0.0004
4210,1804953387,Genso Chronicles,1,0.0004
4211,1806388236,Geometry Survivor,1,0.0004
4212,756192965,Get Even,1,0.0004
4213,1968773087,Get Packed,1,0.0004
4214,2004896584,Ghost Trick: Phantom Detective,1,0.0004
4215,1734964144,Ghosts 'n Goblins Resurrection,1,0.0004
4216,1296697304,GHP2,1,0.0004
4217,1776470461,GIGASWORD Demo,1,0.0004
4218,1768725797,Girls of the Tower,1,0.0004
4219,1876649087,Gnome Rampage - The Killer Gnome FPS,1,0.0004
4220,1643243659,Gnomes Garden 7: Christmas Story,1,0.0004
4221,1824794947,GNOSIA,1,0.0004
4222,2049725828,GOALS Beta,1,0.0004
4223,317243501,God's Trigger,1,0.0004
4224,1703059239,God of Weapons,1,0.0004
4225,1772606443,Godsvivors (Windows),1,0.0004
4226,1770092694,Going Under,1,0.0004
4227,2058395991,Golf Guys,1,0.0004
4228,1870022767,Golf Rival - Multiplayer Game,1,0.0004
4229,2094693316,Golfing in Aether,1,0.0004
4230,2079183119,Gord,1,0.0004
4231,1802254427,Gori: Cuddly Carnage Demo,1,0.0004
4232,1977804752,Gothic Classic,1,0.0004
4233,1884601303,Grab 50 Coins,1,0.0004
4234,1629480703,GRADIUS ORIGINS,1,0.0004
4235,2116972340,Grand Tanks: WW2 Tank Shooter Game,1,0.0004
4236,1928735157,Grand Theft Auto VIㅤ,1,0.0004
4237,2080856071,Green Soldiers Heroes: Extreme Bikers,1,0.0004
4238,1973021624,Greyhill Incident,1,0.0004
4239,1754509768,Griftlands,1,0.0004
4240,1737875841,GRIME,1,0.0004
4241,1821397642,GRIS,1,0.0004
4242,2086871459,Ground Zero,1,0.0004
4243,1668009445,Grow in the Hole,1,0.0004
4244,1744600653,Grow: Song of the Evertree,1,0.0004
4245,1996881299,Grumpy Cars,1,0.0004
4246,1958071699,Guacamelee! Super Turbo Championship Edition,1,0.0004
4247,1653389515,Guidus Zero,1,0.0004
4248,1974461978,GUNBIRD 2,1,0.0004
4249,1934747265,GUNDAM ROGUE ORBIT,1,0.0004
4250,1698736128,Guts 'N Goals,1,0.0004
4251,1934460823,Gym Simulator 26,1,0.0004
4252,1618632140,Hacked: The Streamer,1,0.0004
4253,1480659986,Halo: Spartan Assault,1,0.0004
4254,1297292157,Halo: Spartan Assault,1,0.0004
4255,812065290,Halo: The Master Chief Collection,1,0.0004
4256,1818252125,HammerHelm,1,0.0004
4257,2012036466,Hammerwatch II,1,0.0004
4258,2038958977,Hand of Fate 2,1,0.0004
4259,1668145960,Happi Basudei,1,0.0004
4260,1844595807,Hard Racing - Car Driving Game,1,0.0004
4261,446096627,Hard Reset Redux,1,0.0004
4262,1871556035,Hard West Ultimate Edition,1,0.0004
4263,1890858421,Harvest Cafe,1,0.0004
4264,2023604348,Hatsune Miku Logic Paint S+,1,0.0004
4265,1924130173,Haven,1,0.0004
4266,2125426064,Heavy Metal Machines,1,0.0004
4267,1961155872,Hegzis,1,0.0004
4268,1645524408,Helicopter Money DEMO,1,0.0004
4269,1646097714,Hell is Us - Demo,1,0.0004
4270,1645583042,Hello Neighbor 2 Beta,1,0.0004
4271,1950272122,Hellpoint,1,0.0004
4272,2098937400,Help Will Come Tomorrow,1,0.0004
4273,1992858848,Heretic's Fork,1,0.0004
4274,1617375650,Hero Seekers,1,0.0004
4275,1870007286,Heroes Battle Awakening,1,0.0004
4276,1880774720,Heroes of Hammerwatch - Ultimate Edition,1,0.0004
4277,1766113023,Heroine Anthem Zero 2 : Scalescars Oath,1,0.0004
4278,1480656934,Hexic 2,1,0.0004
4279,1838798461,Hexologic,1,0.0004
4280,1967527679,Hidden Cat Outlaws,1,0.0004
4281,1822597971,Hidden Cats in London,1,0.0004
4282,1796297550,Hidden Cats in New York,1,0.0004
4283,1702609951,Hidden Cats in Paris,1,0.0004
4284,1789922063,Hidden Cats in Rome,1,0.0004
4285,2114661204,Hidden in Plain Sight,1,0.0004
4286,1667810067,Hidden Kittens: Kingdom of Cats,1,0.0004
4287,1678726548,Hidden Legends,1,0.0004
4288,2143521417,Hidden Shapes: Animals + Lovely Cats,1,0.0004
4289,1750865272,Hidden Shapes: Black Skull + Old West,1,0.0004
4290,1740086827,Hide 'N Seek!,1,0.0004
4291,1956165320,High Velocity,1,0.0004
4292,1941459361,Highway Driving 2023 Demo,1,0.0004
4293,2021447825,Hole Digging Master,1,0.0004
4294,1708171739,Holy Roller,1,0.0004
4295,1700671760,Hoof and Seek,1,0.0004
4296,2120617919,Horror Tale 1: Kidnapper,1,0.0004
4297,2065808119,Horror Tale 2: Samantha,1,0.0004
4298,1820782808,Horror Tale 3: The Witch,1,0.0004
4299,1684613875,HORROR TALES: The Wine,1,0.0004
4300,1665613490,Horse Club Adventures 2: Hazelwood Stories,1,0.0004
4301,1755930585,Hot Stakes Casino - American Roulette,1,0.0004
4302,346098390,Hotel Transylvania 3: Monsters Overboard,1,0.0004
4303,2032696661,Hotel: A Resort Simulator,1,0.0004
4304,1646312420,House Builder,1,0.0004
4305,1707666494,House Builder Overtime,1,0.0004
4306,1863103292,House of Golf 2,1,0.0004
4307,948876029,Hover,1,0.0004
4308,2097175965,How 2 Escape,1,0.0004
4309,1026512979,How to Survive: Storm Warning Edition,1,0.0004
4310,1926053898,Hunt: Showdown 1896 (Windows),1,0.0004
4311,1498810322,Hunter: The Reckoning,1,0.0004
4312,720702755,Hyper Light Drifter,1,0.0004
4313,1920095215,HYPERWIRED - Demo,1,0.0004
4314,1784847115,Hypnospace Outlaw,1,0.0004
4315,1636841513,I Am Dead,1,0.0004
4316,1909903901,I Am Future: Cozy Apocalypse Survival,1,0.0004
4317,1480657435,ilomilo ,1,0.0004
4318,1970667393,Immortal Realms: Vampire Wars,1,0.0004
4319,720995386,Immortal Redneck,1,0.0004
4320,2082203967,INAYAH - Life after Gods,1,0.0004
4321,1988654358,Incantation,1,0.0004
4322,1944855646,Incantation Demo,1,0.0004
4323,1065119651,Industry Giant 2,1,0.0004
4324,2062871798,Infantry Attack,1,0.0004
4325,1947684112,Infinite Adventures,1,0.0004
4326,364529562,Infinite Air with Mark McMorris,1,0.0004
4327,909182696,Infinite Minigolf,1,0.0004
4328,1758510297,Infinity Strash: DRAGON QUEST The Adventure of Dai,1,0.0004
4329,1635790563,Infliction: Extended Cut,1,0.0004
4330,1762402005,"Injection π23 'No Name, No Number'",1,0.0004
4331,1696861740,Inspector Waffles,1,0.0004
4332,1797613403,Into the Pit,1,0.0004
4333,1611479189,Irem Collection Volume 1,1,0.0004
4334,2146875421,Irem Collection Volume 2,1,0.0004
4335,1702178095,Irem Collection Volume 3,1,0.0004
4336,914589261,Ironcast,1,0.0004
4337,2106995952,Island Cities - Jigsaw Puzzle,1,0.0004
4338,1757844217,Islanders,1,0.0004
4339,2045674504,It's Kooky,1,0.0004
4340,1827103364,Jackpot World™ - Slots Casino,1,0.0004
4341,2143076844,Jay and Silent Bob - Mall Brawl,1,0.0004
4342,1970733378,Jelly Brawl,1,0.0004
4343,2021270728,Jerry's Adventure 2 Demo,1,0.0004
4344,1681999465,Jewel Fever 2 (Xbox-Edition),1,0.0004
4345,1939709588,Jewel Match Solitaire: Winterscapes 2 Collector's Edition,1,0.0004
4346,2027111980,Jigsaw Saga for PC & XBOX,1,0.0004
4347,1480659446,Joe Danger 2: The Movie,1,0.0004
4348,1953728881,John Fart : Text-iverse of Crazyness,1,0.0004
4349,1691514153,JoJo Siwa: Worldwide Party,1,0.0004
4350,1992271028,Jotunnslayer: Hordes of Hel Demo,1,0.0004
4351,1480656856,Joust,1,0.0004
4352,1691551544,Jujutsu Kaisen Cursed Clash - Jujusta 2024,1,0.0004
4353,1799202116,Jumper Maria,1,0.0004
4354,2142151190,Jurassic Differences (Windows),1,0.0004
4355,1816119728,Just Crow Things,1,0.0004
4356,1847331312,Just Dance® 2020 Demo,1,0.0004
4357,1003423280,Just Dance® Disney Party 2,1,0.0004
4358,1761239368,Juufuutei Raden™'s Guide for Pixel Museum,1,0.0004
4359,2117949914,Kaiju Wars,1,0.0004
4360,1849548443,Kamikaze Lassplanes,1,0.0004
4361,1799169782,Kawaii Girls Panic,1,0.0004
4362,1816678719,KeyWe,1,0.0004
4363,1694347727,Kiddy Memory,1,0.0004
4364,2060680883,King Arthur: Legion IX,1,0.0004
4365,1970962100,King of Seas,1,0.0004
4366,2035409423,King of the Arcade,1,0.0004
4367,1815601187,Kingdom Eighties,1,0.0004
4368,131518145,KINGDOM HEARTS Ⅲ,1,0.0004
4369,1871178585,Kingdom Rush,1,0.0004
4370,1674297685,Kingdom Rush Frontiers,1,0.0004
4371,1992283783,Kingdom Rush Origins,1,0.0004
4372,1641318352,Kinki Spiritual Affairs Bureau,1,0.0004
4373,2095960464,Kitsune Kaeru,1,0.0004
4374,1656989818,Kitsune Kaeru (Windows),1,0.0004
4375,1809430288,Kitten Island,1,0.0004
4376,973293235,Kitty Powers' Matchmaker,1,0.0004
4377,1646833187,Knight's Quest (Windows),1,0.0004
4378,2012339516,Knight's Quest (Xbox One),1,0.0004
4379,1772590269,Knight with Tactics,1,0.0004
4380,2147212200,"Knowledge, or know Lady",1,0.0004
4381,1039363526,Kona,1,0.0004
4382,1668424649,Kulebra and the Souls of Limbo: Closure Edition,1,0.0004
4383,1900505119,Kung Fu Panda Showdown of Legendary Legends,1,0.0004
4384,1886388305,Kunitsu-Gami: Path of the Goddess,1,0.0004
4385,1759703903,Kusan: City of Wolves Demo,1,0.0004
4386,2035715866,Kuznetsk 1997: Detective Visual Novel,1,0.0004
4387,522988823,LA Cops,1,0.0004
4388,1654316252,Lakeview Cabin Collection,1,0.0004
4389,1642491282,Lamentum,1,0.0004
4390,441676955,Laserlife,1,0.0004
4391,1670060467,Last Labyrinth -Lucidity Lost-,1,0.0004
4392,930893366,Late Shift,1,0.0004
4393,1920167136,Layers of Fear (2023),1,0.0004
4394,1909593680,Legends BMX,1,0.0004
4395,2005013689,LEGO® Bricktales,1,0.0004
4396,2121317693,LEGO® Builder's Journey,1,0.0004
4397,1760260002,Leila,1,0.0004
4398,1848238632,Leisure Suit Larry - Wet Dreams Don't Dry,1,0.0004
4399,1759373796,Leisure Suit Larry - Wet Dreams Dry Twice,1,0.0004
4400,1954000337,Leo: The Firefighter Cat,1,0.0004
4401,1992528067,Let's Cook Together,1,0.0004
4402,2066797371,Let's Sing 13,1,0.0004
4403,970068637,Let's Sing 2017 Hits français et internationaux,1,0.0004
4404,2010017776,Let's Sing 2020,1,0.0004
4405,1809365330,Let's Sing 2020 Hits Français et Internationaux,1,0.0004
4406,2146442135,Let's Sing 2021,1,0.0004
4407,1804998414,Let's Sing 2021 Hits Français et Internationaux,1,0.0004
4408,2046118756,Let's Sing 2022,1,0.0004
4409,2020192287,Let's Sing 2024,1,0.0004
4410,1957230512,Let's Sing 2026,1,0.0004
4411,1733855853,Let's Sing Country,1,0.0004
4412,1984921092,Let's Sing Queen,1,0.0004
4413,1983415936,Let’s Sing 2021 中文版,1,0.0004
4414,1938294390,Lia: Hacking Destiny,1,0.0004
4415,443209874,Lichdom: Battlemage,1,0.0004
4416,1761905942,Lifeless Planet: Premier Edition,1,0.0004
4417,1715583830,Light-It Up,1,0.0004
4418,1712757078,Light Fairytale Episode 1,1,0.0004
4419,1782717140,Light Fairytale Episode 2,1,0.0004
4420,1397819419,LIGHTNING RETURNS FFXIII,1,0.0004
4421,1480657361,LIMBO,1,0.0004
4422,1626359755,Liquid Cat,1,0.0004
4423,2123210503,Liquid Cat (Xbox Series),1,0.0004
4424,1780556395,LISA: The Painful - Definitive Edition,1,0.0004
4425,1900298867,Little Bear,1,0.0004
4426,2095219699,Little League World Series Baseball 2022,1,0.0004
4427,2117235022,Little Legs,1,0.0004
4428,1841790832,Little Nightmares II Enhanced Edition - Windows,1,0.0004
4429,2038341591,Little Noah: Scion of Paradise,1,0.0004
4430,1877421008,Little Orpheus,1,0.0004
4431,1721636964,LocoCycle,1,0.0004
4432,1815123311,Loop8: Summer of Gods,1,0.0004
4433,1900726271,Lord of the Click 4,1,0.0004
4434,2066402580,Lord of the Click 4 (Windows),1,0.0004
4435,2020175737,Lord of the Click 4 (Xbox One),1,0.0004
4436,1940777796,Lost Lands 3: The Golden Curse,1,0.0004
4437,1830770780,Lost Lands 4: The Wanderer,1,0.0004
4438,2091004051,Lost Lands 5: Ice Spell,1,0.0004
4439,2038072759,Lost Lands 6: Mistakes of the Past,1,0.0004
4440,1746921766,LSI Baseball Win 756,1,0.0004
4441,1795081986,Luck be a Landlord,1,0.0004
4442,2133754272,Lumberjack Simulator,1,0.0004
4443,217450018,LUMINES REMASTERED,1,0.0004
4444,1480656909,Luxor 2,1,0.0004
4445,1414793341,Mafia II,1,0.0004
4446,1480657727,Magic 2012,1,0.0004
4447,1480656992,Magic: The Gathering,1,0.0004
4448,1716201384,Magicians: The Devil's Deal,1,0.0004
4449,1977505997,Maid of Sker,1,0.0004
4450,2136010505,Manny's,1,0.0004
4451,1949737492,Mans & Mighties,1,0.0004
4452,1925076302,Marathon Server Slam,1,0.0004
4453,2106143929,Marfusha,1,0.0004
4454,1776434181,Marine Survivors (Xbox Series),1,0.0004
4455,1918742857,Mars Horizon,1,0.0004
4456,1480659904,Mars: War Logs,1,0.0004
4457,2061258786,Marshmallow Marvin,1,0.0004
4458,1938421246,Marshmallow Marvin: Greenwood,1,0.0004
4459,2135914716,Marshmallow Marvin: Greenwood (Xbox One),1,0.0004
4460,1826543088,Marshmallow Marvin: Grimvault (Xbox One),1,0.0004
4461,1699441638,Marshmallow Marvin: Templestone,1,0.0004
4462,1641505677,Marshmallow Marvin: Templestone (Xbox One),1,0.0004
4463,2116714436,Marvel's Avengers BETA,1,0.0004
4464,2061946653,Math & Match,1,0.0004
4465,1873226648,Math Fun : Remastered,1,0.0004
4466,1737564745,Matsuro Palette,1,0.0004
4467,1861781965,Mech Armada,1,0.0004
4468,1918737361,Mech Mechanic Simulator,1,0.0004
4469,1996003013,Mechs V Kaijus,1,0.0004
4470,1112934356,Meet the Robinsons,1,0.0004
4471,1480657390,MEGA MAN 10,1,0.0004
4472,1632270119,Megaton Rainfall,1,0.0004
4473,1805228039,Memotest Animal Memory,1,0.0004
4474,1889275388,Metal Eden,1,0.0004
4475,1743064739,METAL GEAR SOLID: MASTER COLLECTION Vol.2 BONUS CONTENT,1,0.0004
4476,2090925193,Metal Slug Tactics,1,0.0004
4477,1480657266,Metal Slug XX,1,0.0004
4478,1777690290,Metal: Hellsinger Demo,1,0.0004
4479,2091037333,Metro 2033 Redux,1,0.0004
4480,1660733075,Metro Exodus (Windows),1,0.0004
4481,1844460632,Metro Exodus Enhanced Edition,1,0.0004
4482,1712988828,Metro Simulator 2,1,0.0004
4483,1939654144,Mia and the Dragon Princess,1,0.0004
4484,1904531043,MiceGard (Windows),1,0.0004
4485,470697695,Micro Machines World Series,1,0.0004
4486,1630329125,Miden Tower,1,0.0004
4487,2099446354,Midnight Fight Express,1,0.0004
4488,1639243170,Midnight Swamp (Xbox Series X|S),1,0.0004
4489,2023608003,Midway Supermarket Simulator: Grocery Store Tycoon,1,0.0004
4490,2039666903,Mika and The Witch's Mountain,1,0.0004
4491,2016521636,Military Logistics Simulator Demo,1,0.0004
4492,2032641223,Milo Paws and Buoys,1,0.0004
4493,1867341407,Mini Golf Club,1,0.0004
4494,1396901860,MINI NINJAS™,1,0.0004
4495,970011336,MINIT,1,0.0004
4496,1614140148,Miracle Snack Shop,1,0.0004
4497,1753107898,Missing Banban,1,0.0004
4498,2005154607,Mister Monser's Shooter,1,0.0004
4499,1888647486,MLB® The Show™ 22 Xbox One Tech Test,1,0.0004
4500,1480657469,Monday Night Combat,1,0.0004
4501,2128075254,Monica e a Guarda dos Coelhos,1,0.0004
4502,1480657491,Monkey Island 2: SE,1,0.0004
4503,1991869272,Monochrome Order,1,0.0004
4504,1480660055,MONOPOLY PLUS,1,0.0004
4505,2037531309,Monster Crown,1,0.0004
4506,1682174654,Monster Harvest,1,0.0004
4507,703886774,Monster Jam: Crush It!,1,0.0004
4508,1685995944,Monster Legends,1,0.0004
4509,1899878313,Monster Panic,1,0.0004
4510,2050785251,Monster Prom 2: Monster Camp XXL,1,0.0004
4511,1963210540,Monster Rush Survivors,1,0.0004
4512,1807714585,Monster Truck Championship Xbox One,1,0.0004
4513,1983830877,Monster Truck Championship Xbox Series X|S,1,0.0004
4514,1932591611,Monsters Killers,1,0.0004
4515,186591858,Monstrum,1,0.0004
4516,1806886066,Monument Valley,1,0.0004
4517,1792557898,Moonlighter 2: The Endless Vault (Game Preview),1,0.0004
4518,1939351470,Moonshine Inc.,1,0.0004
4519,1731493706,Mori Carta demo,1,0.0004
4520,1766988078,Morkredd,1,0.0004
4521,868634651,Mortal Kombat 11 Beta,1,0.0004
4522,199170438,MOTHERGUNSHIP,1,0.0004
4523,1726606591,Moto Rush Reborn,1,0.0004
4524,819262220,MotoGP™17,1,0.0004
4525,1679173794,MotoGP™21,1,0.0004
4526,1766907656,MotoGP™21 - Xbox Series X|S,1,0.0004
4527,1685476854,Motorcycle Mechanic Simulator 2021,1,0.0004
4528,1724678032,Mousebusters,1,0.0004
4529,1830752927,MouseCraft,1,0.0004
4530,1901758542,MOUTHOLE (Xbox Series X|S),1,0.0004
4531,1782148011,Moves,1,0.0004
4532,2059695506,Moving Houses,1,0.0004
4533,1744376007,Mr Maker 3D Level Editor Xbox Edition,1,0.0004
4534,1908222793,Mr Trials,1,0.0004
4535,1749577828,Mr. DRILLER DrillLand,1,0.0004
4536,1856726040,Mr. Massagy: Mayo Edition,1,0.0004
4537,488941359,Mr. Shifty,1,0.0004
4538,1638883999,Mr.Slime in Dungeon (Windows),1,0.0004
4539,1957331976,Mr.Slime in Dungeon (Xbox Series X|S),1,0.0004
4540,115698273,Mulaka,1,0.0004
4541,1894745655,Murder Mystery Machine,1,0.0004
4542,1652829137,Mushroom Savior (For Windows 10),1,0.0004
4543,1681715185,Music Racer: Ultimate,1,0.0004
4544,1958263726,Music Racer: Ultimate (Xbox Series X|S),1,0.0004
4545,157756945,MX Nitro,1,0.0004
4546,1696839999,MXGP 24: The Official Game,1,0.0004
4547,1781008619,MY LITTLE PONY: A Maretime Bay Adventure,1,0.0004
4548,444406800,My Little Riding Champion,1,0.0004
4549,2045736222,My Recycling Center,1,0.0004
4550,1894122921,My Singing Monsters Playground,1,0.0004
4551,1794231119,My Time at Sandrock (Demo),1,0.0004
4552,2078262992,My Time at Sandrock Online,1,0.0004
4553,2092209274,Mystical Mixing,1,0.0004
4554,1629697304,NanoApostle,1,0.0004
4555,693693640,NASCAR Heat Evolution,1,0.0004
4556,2016822482,Neckbreak,1,0.0004
4557,631368453,Necropolis,1,0.0004
4558,617479290,Neon Chrome,1,0.0004
4559,1777345011,Neon Inferno,1,0.0004
4560,1850366663,Neon Vault Rush,1,0.0004
4561,2072943886,Nephenthesys,1,0.0004
4562,2137651733,New Super Lucky's Tale Demo,1,0.0004
4563,1739308504,Next Space Rebels,1,0.0004
4564,1453931824,NHL® 15 Downloadable Demo,1,0.0004
4565,2104142109,Night Slashers: Remake,1,0.0004
4566,731920389,Nightmare Boy,1,0.0004
4567,2000514300,Nightmare Reaper,1,0.0004
4568,1661259138,NINJA KIDZ: TIME MASTERS,1,0.0004
4569,1981338612,NITRO GEN OMEGA,1,0.0004
4570,1980658153,NO THING,1,0.0004
4571,1910835207,No Time to Relax,1,0.0004
4572,1709081298,Nocturnal,1,0.0004
4573,2049381647,NORCO,1,0.0004
4574,1993181112,Northgard,1,0.0004
4575,113676173,NOT A HERO: SUPER SNAZZY EDITION,1,0.0004
4576,1737854273,Not Not 2 - A Brain Challenge,1,0.0004
4577,585159237,Now That’s What I Call Sing,1,0.0004
4578,2081999852,Observer: System Redux,1,0.0004
4579,2047189315,Ocean Oddities (Windows),1,0.0004
4580,1750039382,Oceanhorn 2 - Knights of the Lost Realm,1,0.0004
4581,1894864113,Octo Killer,1,0.0004
4582,2105152828,OCTOPATH TRAVELER 0 Prologue Demo,1,0.0004
4583,2086200115,OCTOPATH TRAVELER II,1,0.0004
4584,1820510942,Oh Balls Merge,1,0.0004
4585,202265903,Oh...Sir! The Hollywood Roast,1,0.0004
4586,1382263737,OlliOlli,1,0.0004
4587,1764133092,OlliOlli World,1,0.0004
4588,2097999949,One Button Games 5-in-1 (for Windows 10),1,0.0004
4589,2061744663,One Button Games 5-in-1 (Xbox One),1,0.0004
4590,1979323707,One Button Games 5-in-1 (Xbox Series),1,0.0004
4591,1858286641,One Button Games 5-in-1 vol. 7 (Xbox One),1,0.0004
4592,1935021255,One Move Away,1,0.0004
4593,2102979513,One Step After Fall,1,0.0004
4594,1146095594,Onechanbara,1,0.0004
4595,1964152695,OneShot: World Machine Edition,1,0.0004
4596,1207405244,Onigiri,1,0.0004
4597,1129121848,Operation Flashpoint: Red River,1,0.0004
4598,1875889584,OPUS: Echo of Starsong - Full Bloom Edition,1,0.0004
4599,1995657870,Orange Season,1,0.0004
4600,1480659435,Orcs Must Die!,1,0.0004
4601,2113498820,Order 13,1,0.0004
4602,1956623472,Order Automatica Demo,1,0.0004
4603,1794026365,Order of Battle: World War II,1,0.0004
4604,264259050,Ori and the Blind Forest,1,0.0004
4605,1693393910,Othercide,1,0.0004
4606,1709997248,Our Adventurer Guild,1,0.0004
4607,1930773857,OurSweeper,1,0.0004
4608,2016428656,Out of Words,1,0.0004
4609,1629612470,Outbreak: Epidemic Definitive Edition,1,0.0004
4610,1480656859,Outpost Kaloki X,1,0.0004
4611,2096531354,Overpowered 1 - Mars Infestation,1,0.0004
4612,1941542362,Oxide Room 104,1,0.0004
4613,2013199752,PAC-MAN Mega Tunnel Battle: Chomp Champs,1,0.0004
4614,2059236272,Paint by Numbers - Dinosaurs +,1,0.0004
4615,1616512451,Paintball 3 - Candy Match Factory,1,0.0004
4616,348018268,Pang Adventures,1,0.0004
4617,2041098926,Paper Glider,1,0.0004
4618,1761857668,Paradise Killer,1,0.0004
4619,1810564207,Paratrooper Classic,1,0.0004
4620,1713821027,Park Beyond,1,0.0004
4621,1953593267,Parking World,1,0.0004
4622,2035560000,ParkourLand Elite,1,0.0004
4623,1909664745,ParkourLand Elite 2,1,0.0004
4624,2000145726,Party Arcade,1,0.0004
4625,1761315097,Party Friends,1,0.0004
4626,1952969635,Party Hard 2,1,0.0004
4627,1798400755,Pathologic 2,1,0.0004
4628,1775966138,PBA Pro Bowling 2021,1,0.0004
4629,1827996338,PBA Pro Bowling 2023,1,0.0004
4630,1981398452,Peaky Blinders: Mastermind,1,0.0004
4631,1949535961,Peepaw's Farm,1,0.0004
4632,1480660022,Peggle ® 2,1,0.0004
4633,1691501118,Peglin,1,0.0004
4634,1760424877,Penguin Dash!,1,0.0004
4635,2116319841,Penny's Big Breakaway,1,0.0004
4636,2053207805,PENTOMINON Transctiption,1,0.0004
4637,1715204609,People of Note,1,0.0004
4638,2056610317,Pepper Grinder,1,0.0004
4639,1948342595,Perfect Ninja Painter 4,1,0.0004
4640,2090177606,PERISH,1,0.0004
4641,2080732462,Pickle-Pocalypse,1,0.0004
4642,1914519751,Pillars of Eternity: Hero Edition,1,0.0004
4643,1820467524,Pinchimono: The Videogame Demo,1,0.0004
4644,943525768,Pinstripe,1,0.0004
4645,2060380149,Pirate Bloopers,1,0.0004
4646,1890622702,Pixel Gladiator,1,0.0004
4647,2024485825,PJ Masks: Heroes of the Night,1,0.0004
4648,340271216,Planet Alpha,1,0.0004
4649,1818064600,Planet of Lana II Demo,1,0.0004
4650,926240545,Planet of the Apes: Last Frontier,1,0.0004
4651,650235919,Planet of the Eyes,1,0.0004
4652,1784999896,Planet Zoo 2,1,0.0004
4653,1965089591,Platform X: Fight for your Life,1,0.0004
4654,1686731853,Please Fix The Road,1,0.0004
4655,1841689454,Plumber Hero,1,0.0004
4656,2050176579,Plumbers Don't Wear Ties: Definitive Edition,1,0.0004
4657,1949782736,Plunder Panic Demo,1,0.0004
4658,2043277826,Pocket Bravery,1,0.0004
4659,2055325149,Pocket Bravery Demo,1,0.0004
4660,1825171879,Pocky & Rocky Reshrined,1,0.0004
4661,1617556299,Poko's Arctic Quest (Xbox One),1,0.0004
4662,1725204742,Poko's Artic Quest (Windows),1,0.0004
4663,1972300274,Police Stories,1,0.0004
4664,2043431174,Pong by Yesser Studios,1,0.0004
4665,2113285802,PONG Quest,1,0.0004
4666,2071193131,Ponpu,1,0.0004
4667,1665781593,Pool Slide Story,1,0.0004
4668,1876469266,Pop Candy: Gold Quest,1,0.0004
4669,2007252653,Poppy Kart,1,0.0004
4670,1264125919,Port Royale 3,1,0.0004
4671,2114465392,Possessions Demo,1,0.0004
4672,2106226816,Potion Permit,1,0.0004
4673,1794659226,PowerSlave Exhumed,1,0.0004
4674,1919133963,Praetorians - HD Remaster,1,0.0004
4675,1659566323,Praey for the Gods,1,0.0004
4676,1701369421,Preserve,1,0.0004
4677,1771464652,Presidential Beatdown,1,0.0004
4678,1829584517,Prison of Illusion (Xbox One),1,0.0004
4679,1731606141,Prison of Illusion (Xbox Series),1,0.0004
4680,2131056255,Prizma Puzzle Prime,1,0.0004
4681,1988040864,Prizma Puzzle Prime (Windows),1,0.0004
4682,172112677,PRO EVOLUTION SOCCER 2018 DEMO,1,0.0004
4683,428921688,PRO EVOLUTION SOCCER 2019 DEMO,1,0.0004
4684,158555809,Professional Farmer 2017,1,0.0004
4685,1642088148,PROJECT 13,1,0.0004
4686,1844264596,Project Songbird,1,0.0004
4687,2073884063,Project Walker,1,0.0004
4688,1676570198,Protodroid DeLTA,1,0.0004
4689,834721358,Psycho-Pass: Mandatory Happiness ,1,0.0004
4690,1820097728,PULMO (Xbox Series X|S),1,0.0004
4691,606673599,Pumped BMX Pro,1,0.0004
4692,1962369921,Pumpkin Jack,1,0.0004
4693,2133619629,Punch Club 2: Fast Forward,1,0.0004
4694,1827042455,Punch Monk,1,0.0004
4695,1836437615,Punch Monk (Windows),1,0.0004
4696,1763923263,Punch Monk (Xbox One),1,0.0004
4697,848477962,Pure Chess,1,0.0004
4698,993540759,Pure Hold'em™,1,0.0004
4699,2101274114,Pure Mini Golf,1,0.0004
4700,1655939920,Puyo Puyo Champions,1,0.0004
4701,1625339022,Puzzle Ramp,1,0.0004
4702,1679725857,PuzzleCar,1,0.0004
4703,2059160684,Pyramid Quest 2,1,0.0004
4704,753341513,Q*bert REBOOTED: The XBOX One @!#?@! Edition,1,0.0004
4705,453783733,Q.U.B.E. 2,1,0.0004
4706,1649833794,Quadroids Demo,1,0.0004
4707,2108413062,Quake 4,1,0.0004
4708,1802682965,Quake Champions,1,0.0004
4709,1665717493,R-Type Delta: HD Boosted,1,0.0004
4710,1689852285,R-Type Dimensions III,1,0.0004
4711,2024733377,R-Type Tactics I • II Cosmos,1,0.0004
4712,1637924698,R-TYPE TACTICS I・II COSMOS,1,0.0004
4713,562694050,R.B.I. Baseball 16,1,0.0004
4714,811152542,R.B.I. Baseball 17,1,0.0004
4715,1694200362,Rabio (Windows 10),1,0.0004
4716,1733215481,Race with Ryan,1,0.0004
4717,1953378897,Racing Champions,1,0.0004
4718,1801319768,Rag-Fu,1,0.0004
4719,1989383438,Rag Guys,1,0.0004
4720,1644961199,Rage Of The Dragons NEO,1,0.0004
4721,1902587499,Rage Swarm,1,0.0004
4722,822866352,Raging Justice,1,0.0004
4723,1833216095,Raiden III x MIKADO MANIAX,1,0.0004
4724,1785274424,Raiden IV x MIKADO remix,1,0.0004
4725,1940929809,Rainbow Billy: The Curse of the Leviathan,1,0.0004
4726,1623187954,Rally Arcade Classics,1,0.0004
4727,1966810654,Ramp Bike Racing,1,0.0004
4728,1689677342,Re:Re:Ghosted,1,0.0004
4729,1897447749,ReactorX,1,0.0004
4730,1805490295,ReactorX 2,1,0.0004
4731,1927701400,ReactorX 3,1,0.0004
4732,300650813,Real Farm,1,0.0004
4733,1621094214,Realm of Ink,1,0.0004
4734,1966796335,Red Panda is Hungry,1,0.0004
4735,1802262547,Red Panda is Hungry (Windows),1,0.0004
4736,1637512046,Red Solstice 2: Survivors Ultimate Edition,1,0.0004
4737,1926182660,Redeemer - Enhanced Edition,1,0.0004
4738,1190858142,Redout: Lightspeed Edition,1,0.0004
4739,1690272430,Regalia: Of Men and Monarchs - Royal Edition,1,0.0004
4740,1621063405,Regular Factory: Escape Room,1,0.0004
4741,1618309410,Relicta,1,0.0004
4742,655708836,Rento Fortune,1,0.0004
4743,2020647309,Reposition Defense,1,0.0004
4744,1869454578,Reposition Defense (Xbox One),1,0.0004
4745,1631877043,Resident Evil Operation Raccoon City,1,0.0004
4746,2144966560,Resident Evil Village Gameplay Demo,1,0.0004
4747,1789351909,Retro Punch,1,0.0004
4748,1748326860,RetroMania Wrestling,1,0.0004
4749,1884102336,Return of the Obra Dinn,1,0.0004
4750,1775421758,Return to Castle Wolfenstein,1,0.0004
4751,1843920119,Rhythm of the Gods,1,0.0004
4752,2122723938,Rhythm Sprout,1,0.0004
4753,1756438152,Rick Henderson,1,0.0004
4754,1720079154,Riders Republic - Trial Week,1,0.0004
4755,1313671123,Ridge Racer 6,1,0.0004
4756,1623503769,RiMS Racing Xbox One,1,0.0004
4757,460630685,Rise & Shine,1,0.0004
4758,1263339480,Risen,1,0.0004
4759,1935887689,Riven,1,0.0004
4760,2135898119,River City Ransom,1,0.0004
4761,1783825549,Road 96: Mile 0,1,0.0004
4762,1965222301,Roads of Time,1,0.0004
4763,2115184857,Rob (game),1,0.0004
4764,1480657562,Rock of Ages,1,0.0004
4765,2142930915,Rocket Arena,1,0.0004
4766,873887021,Rogue Stormers,1,0.0004
4767,1816384641,RollCats Demo,1,0.0004
4768,1745852530,RollerCoaster Tycoon 3 Complete Edition,1,0.0004
4769,1850415990,"Rolling Hills: Make Sushi, Make Friends",1,0.0004
4770,35048352,ROMANCE OF THE THREE KINGDOMS XIII: Fame and Strategy Expansion Pack Bundle,1,0.0004
4771,2120787743,Roommates Visual Novel,1,0.0004
4772,1702363847,Rover Mechanic Simulator,1,0.0004
4773,2025885075,Rudolph The Red Nosed Reindeer,1,0.0004
4774,2084191664,Rue Valley,1,0.0004
4775,2057579327,Rugby League Legends '23,1,0.0004
4776,1691892209,Ruinarch,1,0.0004
4777,2058690651,Rune Dice DEMO,1,0.0004
4778,2003142157,Runny Bunny - Console Edition,1,0.0004
4779,1953030770,RUST DREAD REVENGE,1,0.0004
4780,1742041321,Sable's Grimoire,1,0.0004
4781,1263339495,Sacred 3,1,0.0004
4782,1926602092,Sacrifice For Sale (Xbox Series X|S),1,0.0004
4783,2126853715,Sagebrush,1,0.0004
4784,1879154882,Saint Kotar,1,0.0004
4785,1414596662,Saints Row 2 BRD,1,0.0004
4786,1708768275,Saints Row Boss Factory,1,0.0004
4787,429066719,Saints Row IV: Re-Elected,1,0.0004
4788,378040902,Salt and Sanctuary,1,0.0004
4789,1743311963,Sam & Max Save the World,1,0.0004
4790,1871144658,Sam & Max: The Devil's Playhouse,1,0.0004
4791,1753316980,Sanicball Xbox version,1,0.0004
4792,2039022488,Sanicball xbox\windows free version,1,0.0004
4793,2010400708,Sausage Wars,1,0.0004
4794,1948714522,Savara,1,0.0004
4795,1911939961,Save Christmas With Santa,1,0.0004
4796,2021436247,Save My Scrap,1,0.0004
4797,1787532491,Save Room - The Merchant,1,0.0004
4798,2010124610,Save Your Nuts,1,0.0004
4799,2020514432,SBK™22,1,0.0004
4800,1853642628,Scarlet Wolf,1,0.0004
4801,1720462396,Scarlett Mysteries: Cursed Child (Xbox One Version),1,0.0004
4802,1944780994,Scars Above,1,0.0004
4803,1652981346,ScourgeBringer,1,0.0004
4804,1297287846,ScreamRide,1,0.0004
4805,2053701653,SD GUNDAM BATTLE ALLIANCE Demo,1,0.0004
4806,2139960605,Sea of Dreams,1,0.0004
4807,1990492211,Sea Salt,1,0.0004
4808,816667289,Seasons after Fall,1,0.0004
4809,1772648111,Secret Night Maze World,1,0.0004
4810,1824125632,Secret Paws - Cozy Apartments,1,0.0004
4811,1799773408,Security Booth: Director's Cut,1,0.0004
4812,2022500245,SEDAP! A Culinary Adventure (Demo),1,0.0004
4813,2136460296,Seek Hearts,1,0.0004
4814,1729553161,Sektori,1,0.0004
4815,1725474679,Sense - A Cyberpunk Ghost Story,1,0.0004
4816,2120089695,Severed Steel,1,0.0004
4817,1480657142,Shadow Complex,1,0.0004
4818,1867499227,Shadow of the orient,1,0.0004
4819,2000442171,Shadow Warrior 3: Definitive Edition,1,0.0004
4820,1896773226,Shadowgate (remake),1,0.0004
4821,1161890090,Shadows of the Damned,1,0.0004
4822,944809057,Shadows: Awakening,1,0.0004
4823,1685514435,Shalnor Legends: Sacred Lands,1,0.0004
4824,1753113291,Shaman's Mask of the Rune Magic,1,0.0004
4825,1658192345,Shaman's Mask of the Rune Magic (Windows),1,0.0004
4826,1706860378,Shaman's Mask of the Rune Magic (Xbox One),1,0.0004
4827,1480659468,Shank™2,1,0.0004
4828,871256460,Shantae: Half-Genie Hero Ultimate Edition,1,0.0004
4829,1774500212,Shantae: Risky's Revenge - Director's Cut,1,0.0004
4830,1147540192,Shape Up,1,0.0004
4831,2104483569,Shark Pinball,1,0.0004
4832,36217198,Sherlock Holmes: Crimes and Punishments,1,0.0004
4833,722694197,Sherlock Holmes: The Devil's Daughter,1,0.0004
4834,1744177032,Sherlock: Detective Hidden Object & Match 3 Game,1,0.0004
4835,597321826,Shining Resonance Refrain Demo,1,0.0004
4836,1480657316,Shinobi,1,0.0004
4837,2129748278,SHINOBI: Art of Vengeance Demo,1,0.0004
4838,1632941844,SHMUP Mania,1,0.0004
4839,1658221505,SHMUP Mania (Windows),1,0.0004
4840,1722302711,Shogun Showdown Demo,1,0.0004
4841,1636215411,Shroomageddon (Xbox Series X/S),1,0.0004
4842,1834153031,Shy Cats Hidden Orchestra,1,0.0004
4843,1666530622,Shy Cats Hidden Orchestra 2,1,0.0004
4844,2044118581,Shy Dogs Hidden Orchestra,1,0.0004
4845,1883977094,Sigi - A Fart for Melusina,1,0.0004
4846,124770239,Silence - The Whispered World 2,1,0.0004
4847,1906892417,Silenced: The House (Xbox Series X|S),1,0.0004
4848,1948388283,Silver Nornir,1,0.0004
4849,1774643293,Silver Screen Story,1,0.0004
4850,1793492538,SimAirport,1,0.0004
4851,1673805558,SIMULACRA,1,0.0004
4852,528264958,Sine Mora EX,1,0.0004
4853,1480659508,SINE MORA™,1,0.0004
4854,2086562024,Sintropia Fruits Together (Xbox One),1,0.0004
4855,1826666564,Skautfold: Usurper,1,0.0004
4856,2075310489,Sker Ritual Demo,1,0.0004
4857,1942055330,Skinwalker 3D,1,0.0004
4858,1480659419,Skullgirls,1,0.0004
4859,972210258,Sky Force Anniversary,1,0.0004
4860,1619226313,Sky Rogue,1,0.0004
4861,1626739731,Sky Survivors,1,0.0004
4862,1805105433,Skycadia,1,0.0004
4863,112459691,Skydrift Infinity,1,0.0004
4864,2008860920,Skyline Bowling,1,0.0004
4865,1915217933,Slave Zero X,1,0.0004
4866,1811169840,Slay The Spire,1,0.0004
4867,2016262671,Slayers X: Terminal Aftermath: Vengance of the Slayer,1,0.0004
4868,1781300625,SLEEP AWAKE,1,0.0004
4869,2021025006,Slender: The Arrival,1,0.0004
4870,1909253431,Smart Hat,1,0.0004
4871,1736697479,Smart Moves,1,0.0004
4872,1979172109,Smoots Summer Games II,1,0.0004
4873,1805664212,Snack and Quack: Duckling Steps (Windows),1,0.0004
4874,1633036635,Snack and Quack: Duckling Steps (Xbox One),1,0.0004
4875,595091631,Snake Pass,1,0.0004
4876,1671676860,Snakeybus,1,0.0004
4877,1866835346,Snoopy & The Great Mystery Club,1,0.0004
4878,1836043414,Snow Squall,1,0.0004
4879,1708383800,So Much Stuff Collector's Edition,1,0.0004
4880,2143488853,Soccer Story,1,0.0004
4881,1368358394,Soda Drinker Pro,1,0.0004
4882,1757469201,SokoBunny,1,0.0004
4883,1977811296,Sokomage,1,0.0004
4884,2074273970,Sokorobot,1,0.0004
4885,1818417101,Solitaire,1,0.0004
4886,1618794811,Solitaire 3D,1,0.0004
4887,1965996577,Solitaire 40 cards,1,0.0004
4888,2047590834,Solitaire Crime Stories Chapter 1,1,0.0004
4889,1732062836,Solo Leveling: ARISE OVERDRIVE,1,0.0004
4890,2139967680,Sonic Racing: CrossWorlds – Open Network Test,1,0.0004
4891,1480657156,SOULCALIBUR,1,0.0004
4892,2123190381,Soundtrack and The Art of Cronos: The New Dawn,1,0.0004
4893,1669686444,Source of Madness,1,0.0004
4894,2067620720,South of the Circle,1,0.0004
4895,1948201207,Space Cat!,1,0.0004
4896,1811108941,Space Filler (Windows),1,0.0004
4897,1838518432,Space Hulk®: Deathwing™ - Enhanced Edition (Windows 10),1,0.0004
4898,1924348629,Space Invader 7,1,0.0004
4899,1945826524,Space Warlord Baby Trading Simulator,1,0.0004
4900,2110528847,Spartan Runner,1,0.0004
4901,1907482514,Speed dates - Winter edition,1,0.0004
4902,1859601917,Spellbreak,1,0.0004
4903,1630371775,SpellForce: Conquest of Eo,1,0.0004
4904,1828954590,Spider Solitaire F,1,0.0004
4905,196851457,Spike Volleyball,1,0.0004
4906,1824506323,Spirit Swap: Lofi Beats to Match-3 To,1,0.0004
4907,1719161140,Spiritfall,1,0.0004
4908,1480657055,SpongeBob SquarePants Underpants Slam!,1,0.0004
4909,2084531649,SPORTAL,1,0.0004
4910,1746694892,Sports Renovations,1,0.0004
4911,2032251921,Spot Challenge Vol. 2,1,0.0004
4912,2031880308,Spot Stories Vol. 1,1,0.0004
4913,1896376911,Spot The Differences! Party,1,0.0004
4914,1645862163,SpotCat vs The Cheddar Mafia In Asia,1,0.0004
4915,1912029217,STAB STAB STAB!,1,0.0004
4916,2071323777,Star Trek: Resurgence,1,0.0004
4917,1866412321,Star Trek: Voyager - Across the Unknown Demo,1,0.0004
4918,1928799402,StarCraft® Remastered,1,0.0004
4919,1961172653,Starfield Digital Artbook & Original Soundtrack,1,0.0004
4920,1685363365,Starlight Shores,1,0.0004
4921,1015961921,Starpoint Gemini Warlords,1,0.0004
4922,1998711029,STARSEEKER: Astroneer Expeditions [Network Test],1,0.0004
4923,687953907,STARWHAL,1,0.0004
4924,1745610503,Steampunch,1,0.0004
4925,2138726693,Steampunch (Xbox One),1,0.0004
4926,1633458467,SteamWorld Build,1,0.0004
4927,1328778537,SteamWorld Dig,1,0.0004
4928,1833403666,SteamWorld Dig 2,1,0.0004
4929,2078811113,Steel Seed,1,0.0004
4930,2135799767,STELLATUM,1,0.0004
4931,1674315166,Sticky Business,1,0.0004
4932,2026520862,Stillbone (Windows),1,0.0004
4933,2123908125,Stillbone (Xbox One),1,0.0004
4934,1763778713,Stillbone (Xbox Series X|S),1,0.0004
4935,1692236270,Stolen Realm,1,0.0004
4936,1640774133,Strange Horticulture,1,0.0004
4937,231477271,Stranger of Sword City,1,0.0004
4938,1763122581,Stranger Things 3: The Game,1,0.0004
4939,1754799250,Strategic Mind: Fight for Dominance,1,0.0004
4940,1978884303,Strategic Mind: Fight for Freedom,1,0.0004
4941,1622218170,Street Outlaws: The List,1,0.0004
4942,1934391570,Street Power Soccer,1,0.0004
4943,2000556137,Street Race Kings Demo - Xbox Series S | X,1,0.0004
4944,2029929513,Strider,1,0.0004
4945,1822584880,Stumble Guys - Beta,1,0.0004
4946,1615800494,Stunt Kite Party,1,0.0004
4947,1770044397,Stylist Girl,1,0.0004
4948,1978396801,Styx: Blades of Greed,1,0.0004
4949,748886361,Styx: Shards of Darkness - Demo,1,0.0004
4950,754617166,Subterrain,1,0.0004
4951,1627862029,Sudocats,1,0.0004
4952,1676611974,Suika 3D Fruits (XBOX SERIES),1,0.0004
4953,1980176822,Suikaiju (Windows),1,0.0004
4954,1777639349,Sunbeam Feast (Windows),1,0.0004
4955,1821207324,SunnySide,1,0.0004
4956,1830432553,Sunset Bike Racing Pro,1,0.0004
4957,1718545023,Sunset Overdrive,1,0.0004
4958,1972174450,Super Cube: Ad-Free,1,0.0004
4959,1375034638,Super Dungeon Bros,1,0.0004
4960,2020086658,Super Engine GT Turbo SPEC,1,0.0004
4961,1899691698,Super Fantasy Kingdom (Game Preview),1,0.0004
4962,1684612075,Super Forklift 3000 (Xbox Series),1,0.0004
4963,1948141872,Super kart Car - Racing Tour,1,0.0004
4964,1897083570,Super Mariot Jumpman Adventures,1,0.0004
4965,2059797788,Super Meat Boy Forever,1,0.0004
4966,1785098854,Super Mombo Quest,1,0.0004
4967,900300132,Super Night Riders,1,0.0004
4968,1900125201,Super Ninja Miner (Windows Edition),1,0.0004
4969,1245536437,Super Party Sports: Football,1,0.0004
4970,1963013137,Super Snake Block DX,1,0.0004
4971,323257300,Super Street: The Game,1,0.0004
4972,1628468632,Super Tennis Blast,1,0.0004
4973,1914281401,Super Volley Blast,1,0.0004
4974,1654363896,Super Woden GP,1,0.0004
4975,2128008108,Super XYX,1,0.0004
4976,1845322433,Suzerain,1,0.0004
4977,1931854950,Sword and Fairy: Together Forever,1,0.0004
4978,2015998604,Syberia - The World Before,1,0.0004
4979,2023655054,Syberia - The World Before - DEMO,1,0.0004
4980,1921935939,Synchro Hedgehogs,1,0.0004
4981,1704201327,System Shock 2: 25th Anniversary Remaster,1,0.0004
4982,462214672,Table Top Racing: World Tour,1,0.0004
4983,1629734223,Tale of Dark Lands,1,0.0004
4984,1829876281,Tales of Arise Demo Version (Xbox Series X|S),1,0.0004
4985,1684875806,Tales Of Brevis: A Beast Called God,1,0.0004
4986,1984077720,Tales of the Shire: A The Lord of The Rings™ Game,1,0.0004
4987,1991993415,Tallowmere 2: Curse of the Kittens (Xbox),1,0.0004
4988,1722525153,Tank Brawl 2: Armor Fury,1,0.0004
4989,1431504918,TC’s H.A.W.X,1,0.0004
4990,1612438163,Techno Banter,1,0.0004
4991,1964033151,Ten Dates,1,0.0004
4992,2137169995,Tenebris Somnia Demo,1,0.0004
4993,2095791088,Tennis Story,1,0.0004
4994,1761788696,Tennis World Tour 2,1,0.0004
4995,1899756257,Tents & Trees,1,0.0004
4996,1670845812,Terrinoth®: Heroes of Descent,1,0.0004
4997,1621365103,Terror of Hemasaurus,1,0.0004
4998,2019592943,Tesla Force,1,0.0004
4999,1948376851,Tesla vs Lovecraft Game of the Year Edition,1,0.0004
5000,2078918979,Teslagrad 2,1,0.0004
5001,1881824137,Tetris® Forever,1,0.0004
5002,1940659256,The 9th Charnel - Demo,1,0.0004
5003,1783815373,The Addams Family: Mansion Mayhem,1,0.0004
5004,278122515,The Adventure Pals,1,0.0004
5005,1841233360,The Alto Collection,1,0.0004
5006,2024145056,The Artful Escape,1,0.0004
5007,1854327039,The Banner Saga,1,0.0004
5008,1878828344,The Bible Trivia Challenge,1,0.0004
5009,57328250,The Blackout Club,1,0.0004
5010,2076835000,"THE CASINO COLLECTION: Ruleta, Vídeo Póker, Tragaperras, Craps, Baccarat, Five-Card Draw Poker, Texas hold 'em, Blackjack and Page One",1,0.0004
5011,1637035694,The Chant,1,0.0004
5012,1628737049,The Childs Sight,1,0.0004
5013,1749701057,The Christmas Game,1,0.0004
5014,1777903168,The Clocker,1,0.0004
5015,1733938741,The Coin Game,1,0.0004
5016,2134619510,The Colonists,1,0.0004
5017,1969027482,The Complex,1,0.0004
5018,1916261316,The Crackpet Show: Happy Tree Friends Edition,1,0.0004
5019,2080688657,The Crimson Maid Demo,1,0.0004
5020,2019118756,The Cub,1,0.0004
5021,977514341,The Culling,1,0.0004
5022,1699141319,The Curse 404 Demo,1,0.0004
5023,2034732816,The Dark Book: Hack n Slash,1,0.0004
5024,1713037584,The Dark Zone 3D Demo,1,0.0004
5025,1414793220,The Darkness [German],1,0.0004
5026,231381248,The Deer God,1,0.0004
5027,1654357885,The DioField Chronicle,1,0.0004
5028,1735767920,The Elder Scrolls II: Daggerfall,1,0.0004
5029,2133505848,The Emoji Game,1,0.0004
5030,1685158190,The Expanse: A Telltale Series,1,0.0004
5031,1621936599,The Expanse: Osiris Reborn - Beta,1,0.0004
5032,2136723382,The Fast Journey,1,0.0004
5033,29720212,The Flame in the Flood,1,0.0004
5034,1966508044,The Golf Club,1,0.0004
5035,2067501401,The Good Life,1,0.0004
5036,1759275046,The Great Perhaps,1,0.0004
5037,2142793070,The Grinch: Christmas Adventures,1,0.0004
5038,2116740682,The Grinch: Christmas Adventures - Merry & Mischievous Edition,1,0.0004
5039,2007018418,The Hong Kong Massacre,1,0.0004
5040,2095260903,The House of Da Vinci 2,1,0.0004
5041,1918006946,The Inheritance of Crimson Manor,1,0.0004
5042,1862814041,The Inquisitor - Demo,1,0.0004
5043,2052100489,The Invincible,1,0.0004
5044,1988354836,The Karate Kid: Street Rumble,1,0.0004
5045,1908824731,The Lamplighters League,1,0.0004
5046,1971538670,The Land Beneath Us,1,0.0004
5047,1948960688,The Legend of Bum-bo,1,0.0004
5048,2059763744,The Legend of Tianding,1,0.0004
5049,266212283,The Mean Greens - Plastic Warfare,1,0.0004
5050,1781023780,The Medium,1,0.0004
5051,1822313704,The Necromancer's Tale,1,0.0004
5052,1814704445,The Outer Worlds 2 – Digital Artbook & Soundtrack,1,0.0004
5053,2054602409,The Persistence,1,0.0004
5054,1984127659,The Planet Crafter,1,0.0004
5055,1859422712,The Quiet Things,1,0.0004
5056,2140111917,The Shapeshifting Detective,1,0.0004
5057,996619018,The Sinking City,1,0.0004
5058,1614289552,The Sisters 2 - Road to Fame,1,0.0004
5059,2043228555,The Smile Alchemist,1,0.0004
5060,2010719250,The Smurfs - Mission Vileaf,1,0.0004
5061,464969042,The Solus Project,1,0.0004
5062,1837177276,The Sports Trivia Challenge,1,0.0004
5063,1702440591,The Stairwell,1,0.0004
5064,2113780632,The Super Penguboy,1,0.0004
5065,702634063,The Swapper,1,0.0004
5066,1375399089,The Swindle,1,0.0004
5067,1652470061,"THE Table Game Deluxe Pack -Mahjong, Go, Shogi, Tsume Shogi, Othello, Card, Hanafuda, Shisen Mahjong Solitaire, Chess, Backgammon-",1,0.0004
5068,1857523735,The Talos Principle: Reawakened,1,0.0004
5069,1695336703,The Town of The Lost Witch,1,0.0004
5070,307442698,The Turing Test,1,0.0004
5071,2119405603,The Tyrannical Toilet and The Battle of the Beans,1,0.0004
5072,1935873929,The Unknown City (Horror Begins Now.......Episode 1),1,0.0004
5073,2075337806,The Valiant,1,0.0004
5074,1781089938,The VideoKid,1,0.0004
5075,946930585,The Walking Dead Collection - The Telltale Series,1,0.0004
5076,572033429,The Walking Dead: Michonne,1,0.0004
5077,1480660146,The Walking Dead: Michonne - Episode 1,1,0.0004
5078,193310209,The Witness,1,0.0004
5079,217265459,Thea: The Awakening,1,0.0004
5080,1849530125,Theme Park Jam,1,0.0004
5081,1406389095,Thief Demo - The Lockdown,1,0.0004
5082,1015340672,Thimbleweed Park,1,0.0004
5083,470808875,This is the Police 2,1,0.0004
5084,1674783293,Thunder Ray,1,0.0004
5085,2002692571,Timberman VS,1,0.0004
5086,1448413146,TimeShift,1,0.0004
5087,2039224994,Tiny Lands 2,1,0.0004
5088,1826137247,Tiny Little Farm,1,0.0004
5089,1982117283,Tiny Little Farm (Xbox Series),1,0.0004
5090,1727379133,Tinykin,1,0.0004
5091,1672719761,Tinykin Demo,1,0.0004
5092,650880404,Titanfall ®2 Open Multiplayer Tech Test,1,0.0004
5093,1984458321,ToeJam and Earl: Back in the Groove!,1,0.0004
5094,2025852578,Tools Up!,1,0.0004
5095,2078427659,Top That: Wanna Pizza Me?,1,0.0004
5096,1610985256,Torchlight III,1,0.0004
5097,1695392136,Tormented Souls,1,0.0004
5098,1760551143,Touhou Luna Nights,1,0.0004
5099,1024441064,Tour de France 2017,1,0.0004
5100,223188831,Tour de France 2019,1,0.0004
5101,2024662880,Tour de France 2020,1,0.0004
5102,1723626363,Tour de France 2022 Xbox One,1,0.0004
5103,1691312526,Tour de France 2023,1,0.0004
5104,1752529058,Towa and the Guardians of the Sacred Tree,1,0.0004
5105,1112934425,Toy Story Mania!,1,0.0004
5106,1977352090,Toy Town Mayhem,1,0.0004
5107,1905434171,TRAIL OUT,1,0.0004
5108,2021123644,Tram Simulator Urban Transit,1,0.0004
5109,1642785895,TRANSFORMERS: EARTHSPARK - Expedition,1,0.0004
5110,1726945595,TRANSFORMERS: Galactic Trials,1,0.0004
5111,1719099042,Trash Goblin,1,0.0004
5112,2054353805,Treetop Trials,1,0.0004
5113,1927036825,Treetop Trials (Windows),1,0.0004
5114,2100124426,Treetop Trials (Xbox Series),1,0.0004
5115,1185249228,Trials Fusion,1,0.0004
5116,1706700044,Trident's Tale,1,0.0004
5117,1845231868,Trine 2: Complete Story,1,0.0004
5118,2080462334,Trinity Fusion Demo,1,0.0004
5119,1760149971,Troopers,1,0.0004
5120,2098755454,Tropical Resort Story,1,0.0004
5121,1938279207,Troublemaker: Raise Your Gang,1,0.0004
5122,1771327779,Truck Driver Gold Edition,1,0.0004
5123,1848612022,True Fear: Forsaken Souls Part 2,1,0.0004
5124,1978845859,Tunche,1,0.0004
5125,1959159088,Tunguska: The Visitation - Complete Edition,1,0.0004
5126,1987230441,Turmoil,1,0.0004
5127,2093112005,Turok 3: Shadow of Oblivion Remastered,1,0.0004
5128,1944807356,Twelve Minutes,1,0.0004
5129,1701791264,Twinshot Air Hockey: Instant 2-Player Action,1,0.0004
5130,1952170881,Two Strikes,1,0.0004
5131,1834233615,Tycoon Business Simulator,1,0.0004
5132,2061551458,Tyd wag vir Niemand - Demo,1,0.0004
5133,2074316990,Ultimate General: Gettysburg,1,0.0004
5134,2010231457,Ultra Foodmess,1,0.0004
5135,248990079,Unbox: Newbie's Adventure,1,0.0004
5136,1625709491,Undead Horde 2: Necropolis,1,0.0004
5137,2061154621,Under Par Golf Architect,1,0.0004
5138,1685707252,Under The Island,1,0.0004
5139,1815810056,Under The Waves,1,0.0004
5140,1896443736,Undernauts: Labyrinth of Yomi,1,0.0004
5141,1726842035,Unichrome: A 1-bit Unicorn Adventure,1,0.0004
5142,1633465482,Unicorn Overlord DEMO,1,0.0004
5143,1935081325,United Assault - Battle of the Bulge,1,0.0004
5144,1890458248,UnMetal,1,0.0004
5145,2093604131,Unruly Heroes,1,0.0004
5146,2046150115,Use Your Words 2,1,0.0004
5147,1622859130,Valfaris,1,0.0004
5148,1828894151,Valiant Hearts: Coming Home,1,0.0004
5149,1615561029,Valkyria Chronicles,1,0.0004
5150,706892097,Valkyria Revolution,1,0.0004
5151,80525889,Valley,1,0.0004
5152,1980974265,Vambrace: Cold Soul,1,0.0004
5153,1964791683,Vampire's Fall: Origins,1,0.0004
5154,1989137413,Vampire: The Masquerade - Reckoning of New York,1,0.0004
5155,2084680545,Vapor World: Over The Mind,1,0.0004
5156,2073438212,Venba,1,0.0004
5157,848645857,Vertical Drop Heroes HD,1,0.0004
5158,2051281908,Viajante do Espaço,1,0.0004
5159,1951151775,Vicious Attack Llama Apocalypse,1,0.0004
5160,1623987807,Viewfinder,1,0.0004
5161,1667124140,Village of the Curse (Xbox Series X|S),1,0.0004
5162,1704529510,Vzerthos: The Heir of Thunder,1,0.0004
5163,2062577971,"Walden, a game",1,0.0004
5164,1996349957,Wanderstop,1,0.0004
5165,1651691355,Wanted: Dead,1,0.0004
5166,1871561416,War Hospital,1,0.0004
5167,563485628,War Planet Online: Global Conquest,1,0.0004
5168,2034956980,Warface: Breakout,1,0.0004
5169,2113105582,Warhammer Age of Sigmar: Realms of Ruin,1,0.0004
5170,1884265285,Warparty,1,0.0004
5171,1619935626,WarpDrive,1,0.0004
5172,1923839306,Wasteland 3 (PC),1,0.0004
5173,1894999989,Wave Break Demo,1,0.0004
5174,2110764382,Way of the Hunter 2,1,0.0004
5175,930102652,We Sing Pop,1,0.0004
5176,1753346763,We. The Revolution,1,0.0004
5177,1880521273,Webgeon Speedrun Edition,1,0.0004
5178,947593055,What the Box?,1,0.0004
5179,1662257169,What The Dub?!,1,0.0004
5180,2059119705,Wheelox,1,0.0004
5181,1663897592,White Day: A Labyrinth Named School,1,0.0004
5182,147618136,White Noise 2,1,0.0004
5183,1966091620,Wife Quest,1,0.0004
5184,2000887001,Wild American Hunt,1,0.0004
5185,1850965631,Wildermyth: Console Edition,1,0.0004
5186,2072339833,Willy's Wonderland - The Game,1,0.0004
5187,1817881785,Windborn - Echoes of the Night,1,0.0004
5188,2131885100,Windborn - Wings of Fate,1,0.0004
5189,2125765747,Windbound,1,0.0004
5190,2005327229,Winter Games 2023,1,0.0004
5191,1781945767,Wizard of Legend 2,1,0.0004
5192,1743460039,Wizordum,1,0.0004
5193,1686351118,Wolf Pack - Howling Spirits,1,0.0004
5194,1677025209,Wolfenstein: The New Order (PC),1,0.0004
5195,1723064655,Word Quest Space,1,0.0004
5196,1709000658,Word Quest: Cyberpunk,1,0.0004
5197,2032572519,Wordsweeper by POWGI,1,0.0004
5198,1711900823,World Championship Boxing Manager™ 2,1,0.0004
5199,2060086474,World Geography Trivia Quiz,1,0.0004
5200,602349928,World II:Hunting Boss,1,0.0004
5201,521446567,WORLD OF FINAL FANTASY MAXIMA,1,0.0004
5202,1834145283,World of Tennis: Roaring ’20s,1,0.0004
5203,1763118869,Worldless Demo,1,0.0004
5204,1943343947,WorldNeverland - Elnea Kingdom,1,0.0004
5205,1708649485,WORLDS Builder: Farm & Craft,1,0.0004
5206,1781754560,Worshippers of Cthulhu,1,0.0004
5207,2056599614,Wreckreation,1,0.0004
5208,2116610948,WW2: Bunker Simulator,1,0.0004
5209,1858270096,Wylde Flowers,1,0.0004
5210,1791601996,X-Force Genesis X|S Edition,1,0.0004
5211,2141778943,Xeno Crisis,1,0.0004
5212,1961974447,XIII A Final Game of Tarot (Xbox One),1,0.0004
5213,2092055351,Yakuza 3 Remastered for Windows 10,1,0.0004
5214,1773431897,Yakuza 6: The Song of Life,1,0.0004
5215,1905464530,Yello Adventures,1,0.0004
5216,1821933434,YOHANE THE PARHELION -BLAZE in the DEEPBLUE-,1,0.0004
5217,1799413239,Yomi 2,1,0.0004
5218,518528069,Yooka-Laylee,1,0.0004
5219,1681608901,Yooka-Replaylee Demo,1,0.0004
5220,1002820120,Youtubers Life - OMG Edition,1,0.0004
5221,1639870043,Youtubers Life 2,1,0.0004
5222,2022203558,Yuppie Psycho,1,0.0004
5223,1859395867,Z0mb1es! Remastered,1,0.0004
5224,916812232,ZHEROS,1,0.0004
5225,1263405122,ZOE HD ,1,0.0004
5226,2001814192,Zombie Derby 2,1,0.0004
5227,1907198556,Zombie Derby: Pixel Survival,1,0.0004
5228,820078969,Zombie Driver Ultimate Edition,1,0.0004
5229,1814846007,Zombie Dungeon Crawler,1,0.0004
5230,2069056165,Zombie Survivors XONE Edition,1,0.0004
5231,1793677128,Zombs Royale,1,0.0004
5232,2017407966,Zoo Clues (Xbox One),1,0.0004
5233,1698518232,Zoo Orbs: Safari (Xbox Series),1,0.0004
5234,1761591874,Zooparasite,1,0.0004
5235,1739126120,Zorro The Chronicles Xbox Series X|S,1,0.0004
5236,1703114306,Zumania,1,0.0004
5237,418575746,Zumba Fitness World Party,1,0.0004
5238,528098260,Zumba Fitness World Party Demo,1,0.0004
5239,1924808216,Zumba World - The Marble Monster Adventure,1,0.0004
5240,1812497537,ズンバ フィットネス ワールドパーティ,1,0.0004
