rank,title_id,title,players,percentage
1,267695549,Fortnite,48563,23.3846
2,342226876,Roblox - Xbox,42375,20.4049
3,1828326430,Minecraft,24338,11.7195
4,2001700854,Call of Duty®,18726,9.0171
5,558797228,Rocket League®,17696,8.5212
6,926771636,Tom Clancy's Rainbow Six Siege,13609,6.5532
7,2079757188,Forza Horizon 6,8565,4.1243
8,1731722945,NBA 2K27,8494,4.0901
9,1909324253,EA SPORTS FC™ 26 Xbox Series X|S,8303,3.9982
10,2047118660,EA SPORTS FC™ 27 XBOX Series X|S,8227,3.9616
11,972249091,Grand Theft Auto V (Xbox One),8141,3.9201
12,1794906646,Marvel Rivals,7222,3.4776
13,1778348973,Grand Theft Auto Online (Xbox Series X|S),6861,3.3038
14,175227487,Apex Legends™,6624,3.1897
15,94618376,Overwatch®,6468,3.1145
16,1780788060,Dune: Awakening,6003,2.8906
17,1840884885,Battlefield™,5254,2.53
18,1924639289,HELLDIVERS™ 2,4337,2.0884
19,591405932,Red Dead Redemption 2,4314,2.0773
20,1962870476,EA SPORTS™ Madden NFL 27,4220,2.0321
21,2116052231,RuneScape: Dragonwilds,4144,1.9955
22,1674575880,EA SPORTS™ College Football 27,4092,1.9704
23,1799950478,Aniimo,3919,1.8871
24,1631143456,EA SPORTS™ Madden NFL 26,3553,1.7109
25,102425831,Dead by Daylight,3139,1.5115
26,1870487792,NBA 2K26 for Xbox Series X|S,2923,1.4075
27,2106683993,skate.™ (Game Preview),2793,1.3449
28,1852068331,EA SPORTS FC™ 26 Xbox One,2630,1.2664
29,144389848,Destiny 2,2623,1.2631
30,2030093255,Forza Horizon 5,2483,1.1956
31,2118102995,EA SPORTS™ College Football 26,2475,1.1918
32,629270283,Gang Beasts,2419,1.1648
33,2118292977,ARC Raiders,2358,1.1354
34,2139646219,VALORANT,2199,1.0589
35,80579825,Call of Duty: Black Ops III,2122,1.0218
36,171869406,War Thunder,2089,1.0059
37,1822992790,Call of Duty®: Black Ops 6 - Launcher,2032,0.9785
38,1993685552,UFC® 5,1995,0.9607
39,1096157379,COD: Black Ops II,1985,0.9558
40,1794566092,Minecraft Launcher,1961,0.9443
41,1797327516,Palworld,1961,0.9443
42,2003727579,Call of Duty®: Modern Warfare® III,1938,0.9332
43,1791650399,MLB® The Show™ 26,1882,0.9062
44,1790482525,Call of Duty®: Black Ops Cold War - Xbox Series X|S,1853,0.8923
45,1692943563,Halloween: The Game,1845,0.8884
46,1989157631,Once Human,1815,0.874
47,1977690926,Farming Simulator 25,1780,0.8571
48,1848421257,eFootball™,1763,0.8489
49,1198088771,FOR HONOR,1740,0.8379
50,1973901376,Diablo® IV,1738,0.8369
51,950328474,PUBG: BATTLEGROUNDS,1656,0.7974
52,1482870140,Warframe,1642,0.7907
53,222473492,Cyberpunk 2077,1622,0.781
54,1144039928,Halo: The Master Chief Collection,1622,0.781
55,1992453063,Among Us,1572,0.757
56,1634930870,REMATCH,1563,0.7526
57,252034287,The Elder Scrolls V: Skyrim Special Edition,1528,0.7358
58,1675858627,EA SPORTS FC™ 27 XBOX One,1515,0.7295
59,207015551,theHunter: Call of the Wild™,1499,0.7218
60,2013614379,Fall Guys,1464,0.705
61,777107394,DayZ,1428,0.6876
62,687339341,Brawlhalla,1418,0.6828
63,2073302268,Ready or Not,1404,0.6761
64,2043073184,Halo Infinite,1387,0.6679
65,332913499,Fallout 76,1386,0.6674
66,2082978535,Halo: Campaign Evolved,1366,0.6578
67,1256782258,Fallout 4,1338,0.6443
68,1892245301,ELDEN RING,1297,0.6245
69,964706972,No Man's Sky,1259,0.6062
70,1855024215,"Warhammer 40,000: Space Marine 2",1227,0.5908
71,1732013402,Grounded 2 (Game Preview),1209,0.5822
72,1959007243,Call of Duty®: Modern Warfare® II,1205,0.5802
73,374923716,Gears 5,1191,0.5735
74,1795790912,Escape the Backrooms,1161,0.5591
75,1730755212,Mortal Kombat™ 1,1156,0.5566
76,1805509784,Minecraft Dungeons II,1138,0.548
77,1746894998,Roblox - Windows,1138,0.548
78,1717113201,Sea of Thieves: 2026 Edition,1120,0.5393
79,638965135,Descenders,1117,0.5379
80,1862431175,UFC® 6,1086,0.5229
81,896928775,Minecraft for Windows,1076,0.5181
82,833960563,STAR WARS™ Battlefront™ II,1059,0.5099
83,346683864,Tom Clancy's Ghost Recon Wildlands,1059,0.5099
84,893395429,Rust Console Edition X|S,1050,0.5056
85,2062957237,Hell Let Loose: Vietnam,1044,0.5027
86,2053080068,Genshin Impact,1042,0.5018
87,1928228122,Borderlands®4,1036,0.4989
88,352040487,Tom Clancy’s The Division 2,1025,0.4936
89,1739375565,Minecraft Dungeons,1006,0.4844
90,1653663875,EA SPORTS FC™ 25 Xbox Series X|S,994,0.4786
91,1928988061,ARK: Survival Ascended,975,0.4695
92,1693340366,Hogwarts Legacy,968,0.4661
93,1758796660,Wobbly Life,952,0.4584
94,545844082,Call of Duty®: WWII,946,0.4555
95,1677483390,Shape of Dreams,922,0.444
96,609700427,Call of Duty®: Modern Warfare®,916,0.4411
97,1682153445,Well Dweller,915,0.4406
98,1696147865,Zenless Zone Zero,900,0.4334
99,321656011,The Sims™ 4,893,0.43
100,1759802069,EA SPORTS™ College Football 25,881,0.4242
101,1745661457,Valheim,880,0.4237
102,1913537621,Mad King Redemption,878,0.4228
103,1700133950,NHL® 27 XBOX Series X|S,868,0.418
104,1850827024,F1® 25,852,0.4103
105,2099828114,THE FINALS,837,0.403
106,2022801826,WWE 2K26 Standard Edition,833,0.4011
107,1479758055,Batman™: Arkham Knight,827,0.3982
108,2119939858,NHL® 26 Xbox Series X|S,823,0.3963
109,1161890022,Skate 3,805,0.3876
110,1975246356,Baldur's Gate 3,804,0.3872
111,1096157269,Call of Duty®: Black Ops,799,0.3847
112,1719923985,Undisputed,771,0.3713
113,1953759531,Phasmophobia (Game Preview),769,0.3703
114,374621264,RESIDENT EVIL 2,767,0.3693
115,964818375,Assassin's Creed Odyssey,763,0.3674
116,1414793202,GTA IV,758,0.365
117,1611895213,Disney Dreamlight Valley,748,0.3602
118,1882096658,EA SPORTS FC™ 25 Xbox One,747,0.3597
119,285358298,Mortal Kombat 11,742,0.3573
120,1857595573,The Crew Motorfest - Xbox Series X|S,740,0.3563
121,1960998926,Buckshot Roulette,729,0.351
122,306230746,Stardew Valley,727,0.3501
123,1878915001,SnowRunner,726,0.3496
124,2143033449,Monster Hunter Wilds,715,0.3443
125,1845885580,RV There Yet?,711,0.3424
126,961090289,Tom Clancy's Ghost Recon Breakpoint,704,0.339
127,389597738,Terraria,702,0.338
128,1689317374,TCG Card Shop Simulator,671,0.3231
129,1615644955,Microsoft Flight Simulator 2024,669,0.3221
130,1699459210,DRAGON BALL Sparking! ZERO,663,0.3193
131,1715349030,Asphalt Legends,655,0.3154
132,491582364,Need for Speed™ Heat,646,0.3111
133,1774692913,Goat Simulator 3,645,0.3106
134,530462567,The Witcher 3: Wild Hunt — Remastered,645,0.3106
135,1852916479,Resident Evil 4,643,0.3096
136,623325843,Cuphead,634,0.3053
137,1726497855,PGA TOUR 2K25,627,0.3019
138,2050201640,Shift At Midnight,621,0.299
139,1842668909,Forza Motorsport,609,0.2933
140,1720309872,Arma Reforger,607,0.2923
141,1843269941,Chivalry 2,585,0.2817
142,1805568255,Trailmakers,584,0.2812
143,1671990131,MY HERO ULTRA RUMBLE,581,0.2798
144,283303390,Wreckfest,572,0.2754
145,1993741445,SMITE 2 (Game Preview),571,0.275
146,1982295121,The Blood of Dawnwalker,569,0.274
147,1161890069,FIGHT NIGHT CHAMPION,566,0.2725
148,2008767227,Brotato,564,0.2716
149,2054716369,It Takes Two,563,0.2711
150,1661962317,Assassin's Creed Black Flag Resynced,562,0.2706
151,1733257076,Teardown,561,0.2701
152,1728105232,Assassin's Creed Valhalla,559,0.2692
153,1386529057,Battlefield™ 1,559,0.2692
154,840116976,World of Tanks Modern Armor,557,0.2682
155,1754076455,Crimson Desert,555,0.2672
156,1779135141,Riders Republic™,555,0.2672
157,447911394,Far Cry® 5,550,0.2648
158,1679027058,Stumble Guys,543,0.2615
159,728655825,Plants vs. Zombies™ Garden Warfare 2,542,0.261
160,2105342780,Grounded,541,0.2605
161,478449077,World of Warships: Legends,536,0.2581
162,1019460860,DRAGON BALL XENOVERSE 2,532,0.2562
163,2063087945,PowerWash Simulator 2,532,0.2562
164,983730484,ARK: Survival Evolved,523,0.2518
165,2043906033,MX vs ATV Legends,522,0.2514
166,312881568,Human Fall Flat,515,0.248
167,1938834516,State of Decay 2: Juggernaut Edition,514,0.2475
168,1961305648,Totally Accurate Battle Simulator,514,0.2475
169,2079794073,Starfield,513,0.247
170,1701108859,HITMAN 3,505,0.2432
171,1790707834,Resonance: A Plague Tale Legacy,501,0.2412
172,783973363,Dead Island 2,499,0.2403
173,85494077,Microsoft Solitaire Collection,498,0.2398
174,465979625,UFC® 4,487,0.2345
175,1925947069,FARCRY 6,484,0.2331
176,830649354,Dying Light,469,0.2258
177,552499398,Gears of War 4,467,0.2249
178,2119021593,Subnautica 2 (Game Preview),464,0.2234
179,1985701699,Forza Horizon 4,462,0.2225
180,1876694512,Madden NFL 25 Xbox One,461,0.222
181,2069980568,The First Descendant,461,0.222
182,1297287339,Gears of War 3,458,0.2205
183,2072546746,Madden NFL 25 Xbox Series X|S,458,0.2205
184,1671080157,Minecraft Preview,452,0.2177
185,1658810016,Resident Evil Requiem,442,0.2128
186,651668093,RESIDENT EVIL 7 biohazard,440,0.2119
187,2128602192,Bluey: The Videogame,438,0.2109
188,1285166951,The Elder Scrolls Online,438,0.2109
189,72159092,Crash Bandicoot™ N. Sane Trilogy,434,0.209
190,1669427955,ELDEN RING NIGHTREIGN,432,0.208
191,490838306,Fishing Planet,431,0.2075
192,1696697876,NBA 2K26 for Xbox One,430,0.2071
193,1008687929,Mortal Kombat X,428,0.2061
194,1830948067,EA SPORTS™ PGA TOUR™,426,0.2051
195,2059211995,Hollow Knight: Voidheart Edition,426,0.2051
196,1145574011,Titanfall® 2,425,0.2047
197,940594756,World War Z,423,0.2037
198,1929807318,Call of Duty®: Vanguard - Xbox Series X|S,419,0.2018
199,2108722049,Resident Evil Village,418,0.2013
200,2068980019,CarX Drift Racing Online,417,0.2008
201,1634088961,No More Room in Hell 2,413,0.1989
202,1682363458,Avatar: Frontiers of Pandora™,408,0.1965
203,1668241504,Hollow Knight: Silksong,408,0.1965
204,415619002,Watch Dogs®2,404,0.1945
205,2098741842,EA SPORTS FC™ 24 Xbox One,401,0.1931
206,2103516179,The Outlast Trials,401,0.1931
207,792158305,Call of Duty®: Black Ops 4,399,0.1921
208,1707431222,Jurassic World Evolution 3,397,0.1912
209,1744726864,Enlisted,394,0.1897
210,1112737760,Fallout: New Vegas,392,0.1888
211,339148107,Insurgency: Sandstorm (Windows),389,0.1873
212,256364670,Battlefield™ V,386,0.1859
213,1792830437,Balatro,381,0.1835
214,2053555152,Yu-Gi-Oh! Master Duel,381,0.1835
215,1984127659,The Planet Crafter,377,0.1815
216,45083076,Injustice™ 2,376,0.1811
217,1852502655,EA SPORTS FC™ 24 Xbox Series X|S,375,0.1806
218,642156375,Crash™ Team Racing Nitro-Fueled,374,0.1801
219,1766989558,MLB® The Show™ 25,373,0.1796
220,1854680102,Delta Force,371,0.1786
221,1972007641,Kingdom Come: Deliverance II,369,0.1777
222,1976117247,Path of Titans (Game Preview),368,0.1772
223,1733929983,STAR WARS Zero Company™,355,0.1709
224,219630713,Halo 5: Guardians,353,0.17
225,1667928394,Halo Wars 2,345,0.1661
226,794552001,The Binding of Isaac: Rebirth,343,0.1652
227,796798669,Call of Duty®: Infinite Warfare,338,0.1628
228,308654313,Overcooked! 2,338,0.1628
229,1730971667,7 Days to Die - Console Edition (Game Preview),335,0.1613
230,1096157387,Modern Warfare® 3,335,0.1613
231,1738914043,Assassin's Creed Shadows,332,0.1599
232,1028735742,NARUTO SHIPPUDEN™: Ultimate Ninja® STORM 4,331,0.1594
233,2131196662,Onimusha: Way of the Sword,331,0.1594
234,1722781084,LEGO® Batman™: Legacy of the Dark Knight,329,0.1584
235,1680544459,Dying Light: The Beast,327,0.1575
236,1702731390,Supermarket Simulator,327,0.1575
237,345903534,Minecraft: Xbox One Edition,325,0.1565
238,2106583887,TEKKEN 8,325,0.1565
239,1680003655,Call of Duty®: Modern Warfare® 4 - Beta,324,0.156
240,1959830280,Virtua Fighter 5 R.E.V.O. World Stage,318,0.1531
241,2059212977,Beast of Reincarnation,316,0.1522
242,1769729445,Dice A Million,315,0.1517
243,1684508835,"Warhammer 40,000: Darktide",314,0.1512
244,1753744295,"Little Kitty, Big City",313,0.1507
245,1204533074,Borderlands 2,309,0.1488
246,1653280174,CONTROL Resonant,307,0.1478
247,183968596,UNO™,307,0.1478
248,308190374,LEGO® Star Wars™: The Skywalker Saga,305,0.1469
249,1936845110,Cities: Skylines - Remastered,304,0.1464
250,1695979902,The Elder Scrolls IV: Oblivion Remastered,302,0.1454
251,2025121273,Wuthering Waves,301,0.1449
252,1646978734,Police Simulator: Patrol Officers,300,0.1445
253,556718860,Assassin's Creed IV Black Flag,295,0.1421
254,1096157207,Modern Warfare® 2,293,0.1411
255,1841062643,Hunt: Showdown 1896,291,0.1401
256,1931947471,Persona 5 Royal,291,0.1401
257,2014590773,Car Mechanic Simulator 2021,289,0.1392
258,470244957,LEGO Marvel Super Heroes,288,0.1387
259,1658822323,Where Winds Meet,288,0.1387
260,504085184,The Crew® 2,287,0.1382
261,1096157212,Call of Duty®: WaW,285,0.1372
262,502034863,Assassin's Creed Origins,284,0.1368
263,2111829961,Hell Let Loose,280,0.1348
264,1803410566,SpeedRunners 2: King of Speed,280,0.1348
265,1938832846,STAR WARS Jedi: Survivor™,280,0.1348
266,1829869520,Gears of War: Reloaded,279,0.1343
267,756981192,Borderlands 3,278,0.1339
268,1814675537,Grand Theft Auto: San Andreas – The Definitive Edition,277,0.1334
269,1891953464,CloverPit,274,0.1319
270,2090892978,Farming Simulator 22,273,0.1315
271,739464821,South Park™: The Fractured but Whole™,273,0.1315
272,1161890004,Left 4 Dead 2,269,0.1295
273,1769971395,Clair Obscur: Expedition 33,267,0.1286
274,1877397841,Kernel Hearts,267,0.1286
275,1484511986,Battlefield 4,266,0.1281
276,1615991113,New MONOPOLY®,266,0.1281
277,759485819,The Escapists 2,266,0.1281
278,1619206606,Active Matter,263,0.1266
279,1794767034,NBA 2K25 for Xbox Series X|S,263,0.1266
280,15959542,DRAGON BALL FIGHTERZ (Xbox Series X|S),262,0.1262
281,2132429347,Risk of Rain 2,261,0.1257
282,770775860,RESIDENT EVIL 3 for Windows,255,0.1228
283,1902585111,DOOM: The Dark Ages,253,0.1218
284,869175187,A Way Out,250,0.1204
285,1480657407,Plants vs. Zombies,250,0.1204
286,608369389,FAR CRY PRIMAL,249,0.1199
287,1998461943,Assassin's Creed Unity,248,0.1194
288,1799887933,The Witcher 3: Wild Hunt,246,0.1185
289,834001943,Dying Light 2: Stay Human - Reloaded Edition,241,0.116
290,1965142613,Golf With Your Friends,241,0.116
291,1890326099,Mistfall Hunter,241,0.116
292,56347639,Spyro™ Reignited Trilogy,239,0.1151
293,2114908664,Quarantine Zone: The Last Check,238,0.1146
294,1994003829,EA SPORTS™ FIFA 23 Standard Edition Xbox One,237,0.1141
295,1367952835,Far Cry® 4,237,0.1141
296,1695638358,Vampire Survivors,237,0.1141
297,2064168993,Age of Empires II: Definitive Edition,236,0.1136
298,1041486048,DARK SOULS™ III,236,0.1136
299,1985019983,Crash Bandicoot™ 4: It’s About Time,234,0.1127
300,1297287213,Gears of War 2,234,0.1127
301,1623704813,DEATH STRANDING DIRECTOR'S CUT,232,0.1117
302,2098787950,Age of Empires IV: Anniversary Edition,231,0.1112
303,514006173,Batman: Return to Arkham - Arkham City,231,0.1112
304,1768256893,FINAL FANTASY VII REMAKE INTERGRADE,230,0.1108
305,1631329360,Pixel Strike 3D,229,0.1103
306,1972063516,Sifu,229,0.1103
307,568218779,Resident Evil 5,228,0.1098
308,847310458,South Park™: The Stick of Truth ™,227,0.1093
309,226054795,MONSTER HUNTER: WORLD™,226,0.1088
310,165599118,Prominence Poker,226,0.1088
311,2031971566,A Game About Digging A Hole™,225,0.1083
312,2093153073,Party Animals,225,0.1083
313,1890942970,NASCAR 26,224,0.1079
314,2106872096,Battlefield™ 2042 Xbox Series X|S,222,0.1069
315,422207632,Castle Crashers Remastered,222,0.1069
316,125226722,DARK SOULS™: REMASTERED,222,0.1069
317,1873615541,Pool Blitz,222,0.1069
318,2041941014,Diablo® II: Resurrected™,221,0.1064
319,1833503116,MARVEL Cosmic Invasion,220,0.1059
320,1777860928,Microsoft Flight Simulator (2020),220,0.1059
321,341687485,3on3 FreeStyle,218,0.105
322,2077953041,Clone Drone in the Danger Zone,218,0.105
323,1781344339,Control Ultimate Edition - Xbox Series X|S,215,0.1035
324,828985924,Resident Evil 6,215,0.1035
325,1877908426,Tony Hawk's™ Pro Skater™ 3 + 4,215,0.1035
326,666757656,Rayman Legends,213,0.1026
327,1731202267,Need for Speed™ Unbound,211,0.1016
328,1747946954,Construction Simulator,207,0.0997
329,837917131,Deep Rock Galactic,207,0.0997
330,1948986948,007 First Light,204,0.0982
331,300763685,ACE COMBAT™ 7: SKIES UNKNOWN,204,0.0982
332,2113731956,Disney Speedstorm,203,0.0978
333,1962559957,KINGDOM HEARTS - HD 1.5+2.5 ReMIX -,203,0.0978
334,1813567768,Roadside Research (Game Preview),203,0.0978
335,1739902381,PBA Pro Bowling 2026,202,0.0973
336,1693391830,SpongeBob SquarePants™: The Patrick Star Game,201,0.0968
337,1792557898,Moonlighter 2: The Endless Vault,200,0.0963
338,872826607,Vigor,199,0.0958
339,2011136108,Medieval Dynasty,197,0.0949
340,585771792,WATCH_DOGS™,197,0.0949
341,1998069249,WWE 2K25 for Xbox Series X|S,197,0.0949
342,1192666733,Mafia III,195,0.0939
343,2005028938,S.T.A.L.K.E.R. 2: Heart of Chornobyl - Windows Edition,195,0.0939
344,20391045,Batman: Return to Arkham - Arkham Asylum,194,0.0934
345,1965191913,F1® 24,194,0.0934
346,790047319,Sekiro™: Shadows Die Twice - GOTY Edition,193,0.0929
347,320504455,Middle-earth™: Shadow of War™,190,0.0915
348,749311689,Plants vs. Zombies: Battle for Neighborville™,189,0.091
349,367254866,Sleeping Dogs™ Definitive Edition,189,0.091
350,1687588412,Street Fighter™ 6,189,0.091
351,247546985,Destiny,187,0.09
352,1821999049,High On Life 2,187,0.09
353,1740172423,Totally Reliable Delivery Service,187,0.09
354,2038093666,MAVRIX by Matt Jones,186,0.0896
355,1892502964,Hades II,185,0.0891
356,1879115757,Trackmania®,185,0.0891
357,572802557,Call of Duty®: Ghosts,184,0.0886
358,1832051520,Crime Scene Cleaner,184,0.0886
359,1808064759,FIFA 22 Xbox One,183,0.0881
360,1876942993,Gladio Mori Demo,183,0.0881
361,2008403666,Dead Space,182,0.0876
362,680942588,STAR WARS Jedi: Fallen Order™,182,0.0876
363,1289871275,Forza Horizon 3,179,0.0862
364,2078275456,Content Warning,178,0.0857
365,2138304024,Rec Room,178,0.0857
366,2083870981,Who's Your Daddy?!,178,0.0857
367,1112737749,Fallout 3,177,0.0852
368,244291844,Far Cry 3 Classic Edition,177,0.0852
369,1894513996,CarX Street,176,0.0847
370,1921177861,Marathon,176,0.0847
371,2031804130,Red Dead Redemption,176,0.0847
372,1703229686,Split Fiction,175,0.0843
373,514291876,Assassin's Creed® The Ezio Collection,174,0.0838
374,1479895282,PAYDAY 2: CRIMEWAVE EDITION,174,0.0838
375,2019012309,Star Wars Outlaws,173,0.0833
376,1885511808,Date Everything!,172,0.0828
377,331135949,DOOM Eternal (BATTLEMODE),171,0.0823
378,1690524168,Wo Long: Fallen Dynasty,171,0.0823
379,1621683201,Dragon's Dogma 2,170,0.0819
380,1645215415,Mortal Shell II,170,0.0819
381,2067022016,Call of the Wild: The Angler™,169,0.0814
382,1631010499,GOALS,169,0.0814
383,1651188120,Path of Exile 2 (Game Preview),169,0.0814
384,939455454,resident evil 4 (2005),167,0.0804
385,2083429980,Nickelodeon All-Star Brawl 2,165,0.0795
386,831224608,Need for Speed™ Payback,164,0.079
387,2010328709,Assassin's Creed® Mirage,163,0.0785
388,1687693597,Assetto Corsa Competizione,162,0.078
389,1971845611,Mount & Blade II: Bannerlord,162,0.078
390,2129637901,Shelldiver,162,0.078
391,980944365,Need for Speed™,160,0.077
392,1997252569,Need for Speed™ Hot Pursuit Remastered,160,0.077
393,84790147,Watch Dogs®: Legion,159,0.0766
394,68553410,Kingdom Come: Deliverance,158,0.0761
395,74304278,Tom Clancy’s The Division,158,0.0761
396,2054685746,Mass Effect™ Legendary Edition,157,0.0756
397,1013969466,NARUTO TO BORUTO: SHINOBI STRIKER,157,0.0756
398,1711563707,House Flipper,156,0.0751
399,1747676401,Planet Coaster 2,156,0.0751
400,1922695178,PlateUp!,156,0.0751
401,1657391528,NBA 2K25 for Xbox One,155,0.0746
402,1989106096,Sid Meier’s Civilization® VI (Windows PC),155,0.0746
403,1465674891,Assetto Corsa,154,0.0742
404,830718665,DRAGON BALL Z: KAKAROT,154,0.0742
405,1175562227,Just Cause 3,153,0.0737
406,1414793259,Red Dead Redemption,153,0.0737
407,1030018025,Halo Wars: Definitive Edition (PC),151,0.0727
408,1792227428,Indiana Jones and the Great Circle,151,0.0727
409,1955966351,Black Myth: Wukong,150,0.0722
410,1790216132,Hades,150,0.0722
411,265691378,STEEP,150,0.0722
412,1901146690,Abyssus,149,0.0717
413,875417719,Call of Duty®: Advanced Warfare,149,0.0717
414,148020354,METAL GEAR SOLID V: THE PHANTOM PAIN,149,0.0717
415,415563833,DiRT Rally 2.0,148,0.0713
416,2056732620,Escape Simulator,148,0.0713
417,1611051325,Grand Theft Auto: Vice City – The Definitive Edition,148,0.0713
418,1994868821,Predecessor,148,0.0713
419,1560034050,Assassin's Creed Syndicate,147,0.0708
420,2117764661,Diablo III: Reaper of Souls – Ultimate Evil Edition,147,0.0708
421,2133578420,FINAL FANTASY VII REBIRTH,147,0.0708
422,1922283524,Goat Simulator 3: Xbox One Edition,147,0.0708
423,1946103811,Aliens: Fireteam Elite 2,146,0.0703
424,568182861,ASTRONEER,146,0.0703
425,1911989187,Football Manager 26 Console,146,0.0703
426,1676173709,Wizard101,146,0.0703
427,813411968,LEGO® Marvel Super Heroes 2,145,0.0698
428,860666361,Plants vs. Zombies Garden Warfare,145,0.0698
429,1643147108,Blood Dungeon,143,0.0689
430,1678781072,DayZ - Experimental,143,0.0689
431,1414793208,MCLA: Complete,142,0.0684
432,1652862446,Super Mega Baseball™ 4,142,0.0684
433,2068332202,Abiotic Factor,141,0.0679
434,625948041,Slime Rancher,141,0.0679
435,1660320477,Undertale,141,0.0679
436,416597888,Hungry Shark® World,140,0.0674
437,1947812162,WWE 2K25 for Xbox One,140,0.0674
438,1037514907,Burnout™ Paradise Remastered,139,0.0669
439,945976112,Rush: A DisneyPixar Adventure,139,0.0669
440,1414596604,Saints Row 2,139,0.0669
441,801251286,Stick Fight: The Game,139,0.0669
442,2037558339,My Friend Peppa Pig,137,0.066
443,1646963350,NHL® 25 Xbox Series X|S,137,0.066
444,1616307670,PAYDAY 3,137,0.066
445,2019604779,Cricket 26 - The Official Game of the Ashes,136,0.0655
446,1818602982,RoadCraft,136,0.0655
447,1134837784,SMITE,136,0.0655
448,1933718863,SUPERHOT: MIND CONTROL DELETE,136,0.0655
449,1616563209,FragPunk,135,0.065
450,1874191487,High On Life,135,0.065
451,2154930,Call of Duty®: Modern Warfare® Remastered,134,0.0645
452,2041142160,Maximum Football,134,0.0645
453,1540549950,DARK SOULS™ II: Scholar of the First Sin,133,0.064
454,2008623143,NINJA GAIDEN 4,133,0.064
455,2092327513,Gladio Mori,132,0.0636
456,58472989,Killer Instinct,132,0.0636
457,1000604311,Resident Evil Revelations 2 (Episode One),131,0.0631
458,2111887267,Sonic Racing: CrossWorlds,131,0.0631
459,859011533,Assassin's Creed® III Remastered,130,0.0626
460,1414793242,Bully Scholarship Ed.,130,0.0626
461,655591242,Far Cry® New Dawn,130,0.0626
462,895890707,ULTIMATE MARVEL VS. CAPCOM 3,130,0.0626
463,2085228810,EA SPORTS™ WRC,129,0.0621
464,640703885,LEGO® Marvel's Avengers,128,0.0616
465,1045960524,Metro Exodus,128,0.0616
466,1857530883,NASCAR 25,128,0.0616
467,1961670808,UFL,128,0.0616
468,2128546794,NARUTO X BORUTO Ultimate Ninja STORM CONNECTIONS,127,0.0612
469,2057463803,The Texas Chain Saw Massacre,126,0.0607
470,1902411725,Hell is Us,125,0.0602
471,945909358,Subnautica,125,0.0602
472,1793309125,WWE 2K24,125,0.0602
473,1988609509,PGA TOUR 2K23,124,0.0597
474,1855780914,DreamWorks Gabby’s Dollhouse: Ready to Party,123,0.0592
475,1766089184,GoldenEye 007,123,0.0592
476,1949242128,SILENT HILL 2,121,0.0583
477,1907796436,DREDGE,120,0.0578
478,1653442250,ROUNDS,120,0.0578
479,1792405589,Sledding Game,120,0.0578
480,690285705,The Long Dark,120,0.0578
481,1641858093,Albion Online,119,0.0573
482,2075317023,Absolum,118,0.0568
483,1952300170,Battlefield™ 2042 Xbox One,118,0.0568
484,384396065,Unravel Two,118,0.0568
485,1855426799,FINAL FANTASY XIV Online,117,0.0563
486,1840066568,Pigeon Simulator,117,0.0563
487,862712929,Star Trek Online,117,0.0563
488,1880561613,Madden NFL 24 Xbox Series X|S,116,0.0559
489,2130778777,Train Sim World® 7: Free Starter Edition,116,0.0559
490,1938336894,Sledders,115,0.0554
491,1414793189,Civilization Revolution,113,0.0544
492,921016611,Crossout,113,0.0544
493,1327376519,DOOM,113,0.0544
494,1918441274,MONOPOLY PLUS,113,0.0544
495,2028925271,Trepang2,113,0.0544
496,357858858,KINGDOM HEARTS Ⅲ,112,0.0539
497,1999574456,Forza Motorsport 7,111,0.0534
498,1995576035,Remnant II® - Standard Edition,111,0.0534
499,1297287125,Gears of War,108,0.052
500,1475571605,Gears of War: Ultimate Edition,108,0.052
501,1935490407,Little Nightmares Enhanced Edition,108,0.052
502,1877522801,Age of Mythology: Retold,107,0.0515
503,1297287815,Fable Anniversary,107,0.0515
504,2120287235,Truck World: Australia - First Haul,106,0.051
505,2123297300,JoJo's Bizarre Adventure: All-Star Battle R,105,0.0506
506,1749127985,Madden NFL 24 Xbox One,105,0.0506
507,531437752,Rogue Company,105,0.0506
508,2038330799,Aimlabs,104,0.0501
509,1848927238,BALL x PIT,104,0.0501
510,627891457,Little Nightmares II Enhanced Edition,104,0.0501
511,144439061,The Evil Within,104,0.0501
512,2110784425,Frog Sqwad,103,0.0496
513,1795379754,The Walking Dead: The Complete First Season,103,0.0496
514,453395486,Ultimate Chicken Horse,102,0.0491
515,748474487,Cities: Skylines - Windows 10 Edition,101,0.0486
516,1966276493,Satisfactory,101,0.0486
517,597771444,Gems of War,100,0.0482
518,868192693,Gotham Knights,100,0.0482
519,1874517142,Retro Classics,100,0.0482
520,1681220621,STAR WARS™ Battlefront™,100,0.0482
521,366337421,Borderlands: Game of the Year Edition,99,0.0477
522,433376346,FIFA 18,99,0.0477
523,956568979,Need for Speed Rivals,98,0.0472
524,2089483628,A Plague Tale: Requiem,97,0.0467
525,2041731932,Cult of the Lamb,97,0.0467
526,1297287718,Gears of War: Judgment,97,0.0467
527,1989637637,Cooking Simulator,96,0.0462
528,1793764669,Zombie Army 4: Dead War,96,0.0462
529,954605110,Assassin’s Creed® Rogue Remastered,95,0.0457
530,2046562785,Avowed,95,0.0457
531,1297287892,Conker: Live and Reloaded,95,0.0457
532,1480657033,Peggle,95,0.0457
533,1947019474,ScootX,95,0.0457
534,1785898011,Sid Meier’s Civilization® VII,95,0.0457
535,256913032,TEKKEN 7,95,0.0457
536,1981403899,Wolfenstein: The New Order,95,0.0457
537,1714795112,DOOM + DOOM II,94,0.0453
538,2142027917,Fallout Shelter,94,0.0453
539,1012216522,Just Cause 4,94,0.0453
540,1708767297,Ryse: Son of Rome,94,0.0453
541,2030752353,The Binding of Isaac: Repentance,94,0.0453
542,2131572088,Evil West,93,0.0448
543,1806088999,Monsters are Coming!,93,0.0448
544,1863849961,Palia,93,0.0448
545,309834943,Wheel Of Fortune®,93,0.0448
546,143716413,Dragon Age™: The Veilguard,92,0.0443
547,2123584275,Graveyard Keeper 2,92,0.0443
548,1865076226,MLB® The Show™ 24 Xbox One,92,0.0443
549,1649064189,World of Tanks: HEAT,92,0.0443
550,528369592,Devil May Cry HD Collection,91,0.0438
551,196631666,EA SPORTS™ FIFA 20,91,0.0438
552,2029730324,Mad Max,91,0.0438
553,1984504844,Bleach: Brave Souls Anime Game,90,0.0433
554,2032762484,Descenders Next (Game Preview),90,0.0433
555,1480657521,Doritos Crash Course,90,0.0433
556,935319545,FIFA 19,90,0.0433
557,605932637,Hello Neighbor,90,0.0433
558,1679564487,Outbound,90,0.0433
559,1278031123,Resident Evil,90,0.0433
560,1911508378,RoboCop: Rogue City,90,0.0433
561,1065708874,Skull and Bones,90,0.0433
562,1887897476,Waterpark Simulator,90,0.0433
563,1768081511,Crusader Kings III,89,0.0429
564,69094388,EA SPORTS™ FIFA 17,89,0.0429
565,1279330263,LEGO Star Wars: TCS,89,0.0429
566,1879711255,The Outer Worlds 2,89,0.0429
567,1480659550,Joy Ride Turbo,88,0.0424
568,1830806796,METAL GEAR SOLID 4: Guns of the Patriots - Master Collection Version,88,0.0424
569,682404126,Paladins,88,0.0424
570,1046363979,Rise of the Tomb Raider,88,0.0424
571,1884079219,Slime Rancher 2,88,0.0424
572,1112934455,Star Wars Battlefront II,88,0.0424
573,1912255927,Ultimate Sheep Raccoon,88,0.0424
574,1714434521,Firefighting Simulator - The Squad,86,0.0414
575,1964043658,Mafia II: Definitive Edition,86,0.0414
576,1970734247,NHL® 24 Xbox One,86,0.0414
577,767263759,Rock Band 4,86,0.0414
578,2146443604,Samson - A Tyndalston Story,86,0.0414
579,810101074,Dead Cells,85,0.0409
580,1916758859,Donut County,85,0.0409
581,1673618851,Egging On,85,0.0409
582,1953745880,Roboquest,85,0.0409
583,1700051314,Deceit 2,83,0.04
584,1297287382,Fable III,83,0.04
585,407534069,Neverwinter,83,0.04
586,1736384528,Ben 10: Power Trip,82,0.0395
587,791545701,Goat Simulator,82,0.0395
588,2004071321,Black Desert - XBOX Series X|S Upgrade Install Pack,81,0.039
589,527255540,Dishonored 2,81,0.039
590,975846135,LEGO® DC Super-Villains,81,0.039
591,1265757851,Trials Fusion,81,0.039
592,19060482,Trials® Rising,81,0.039
593,1246613109,Borderlands: The Pre-Sequel,80,0.0385
594,1161889999,Dante's Inferno™,80,0.0385
595,1464993751,LEGO Batman,80,0.0385
596,1251455286,Metro 2033 Redux,80,0.0385
597,2042908226,Rugby League 26,80,0.0385
598,2079193177,The Lord of the Rings: War in the North™ - Legacy Edition,80,0.0385
599,210179407,Back 4 Blood,79,0.038
600,1297287153,Fable II,79,0.038
601,850118036,Generation Zero®,79,0.038
602,2019267377,Madden NFL 23 Xbox One,79,0.038
603,2090474684,Poppy Playtime: Chapter 1,79,0.038
604,1900324293,Wo Long 2: Wings of Ember Alpha Demo,79,0.038
605,2132785815,Wolfenstein® II: The New Colossus™,79,0.038
606,1795554480,Barbie™ Horse Trails,78,0.0376
607,1670026911,BMX Streets,78,0.0376
608,5433956,Dead Island Definitive Edition,78,0.0376
609,2045404355,Dome Keeper,78,0.0376
610,1805657529,Dumb Ways to Build,78,0.0376
611,1814244511,Nine Sols,78,0.0376
612,924775200,Devil May Cry 5,77,0.0371
613,1725517447,House Flipper 2,77,0.0371
614,1029888556,LEGO® Jurassic World™,77,0.0371
615,2037306298,Mafia: Definitive Edition for XBOX Series X|S,77,0.0371
616,2029805012,MultiVersus,77,0.0371
617,1659804324,Ori and the Will of the Wisps,77,0.0371
618,1161890066,Portal 2,77,0.0371
619,2071676002,EA SPORTS™ FIFA 23 Standard Edition Xbox Series X|S,76,0.0366
620,346797032,MX vs ATV All Out,76,0.0366
621,409741425,Worms W.M.D,76,0.0366
622,59903186,Call of Duty®: Modern Warfare® 2 Campaign Remastered,75,0.0361
623,1803631176,MechWarrior 5: Mercenaries,75,0.0361
624,1096157158,Modern Warfare®,75,0.0361
625,1684896411,Off The Grid (Game Preview),75,0.0361
626,1670311038,Persona 3 Reload,75,0.0361
627,2103789015,Monster Hunter Rise,74,0.0356
628,1621567212,ROUTINE,74,0.0356
629,1792306481,Starsand Island,74,0.0356
630,1712139951,The Royal Writ,74,0.0356
631,1712074146,WUCHANG: Fallen Feathers,74,0.0356
632,367004125,BioShock Remastered,73,0.0352
633,1674901200,Inscryption,73,0.0352
634,1911743947,wormer,73,0.0352
635,1813184195,Easy Delivery Co.,72,0.0347
636,102287491,Marvel's Avengers Definitive Edition,72,0.0347
637,1590411380,Mass Effect™: Andromeda,72,0.0347
638,1161890070,Alice: Madness Returns,71,0.0342
639,1976275779,ARMORED CORE™ VI FIRES OF RUBICON™,71,0.0342
640,1100121502,Dishonored® Definitive Edition,71,0.0342
641,1663711933,FINAL FANTASY XVI,71,0.0342
642,1810111157,Gears of War: E-Day,71,0.0342
643,913783821,Shadow of the Tomb Raider,71,0.0342
644,2069221794,Solarpunk,71,0.0342
645,1903138273,Sonic Frontiers,71,0.0342
646,1645572933,Starlit Kart Racing,71,0.0342
647,2042794389,Demon Slayer -Kimetsu no Yaiba- The Hinokami Chronicles 2,70,0.0337
648,2142076307,Anno 1800™,69,0.0332
649,1923160643,Dead Rising 3,69,0.0332
650,1694054782,Forza Motorsport 6,69,0.0332
651,196423588,Outlast,69,0.0332
652,2109806164,World of Outlaws: Dirt Racing 24,69,0.0332
653,1689241275,Black Jacket,68,0.0327
654,2097321401,Blue Prince,68,0.0327
655,1955542194,Grand Theft Auto III – The Definitive Edition,68,0.0327
656,2110891029,KILL IT WITH FIRE! 2,68,0.0327
657,867642949,LEGO® Worlds,68,0.0327
658,1837410971,NARAKA: BLADEPOINT,68,0.0327
659,1825113946,PowerWash Simulator,68,0.0327
660,2021412862,Raft,68,0.0327
661,33936946,Zoo Tycoon: Ultimate Animal Collection,68,0.0327
662,2068802336,Drift Legends 2,67,0.0323
663,1687742728,DYNASTY WARRIORS 3: Complete Edition Remastered Demo,67,0.0323
664,286851285,LEGO Marvel Super Heroes Demo,67,0.0323
665,423941531,LEGO® Harry Potter™ Collection,67,0.0323
666,1741206400,Little Nightmares III,67,0.0323
667,1414793323,Max Payne 3,67,0.0323
668,645502086,The Four Kings Casino and Slots,67,0.0323
669,1693830737,Alan Wake 2,66,0.0318
670,136002788,Farming Simulator 19,66,0.0318
671,148078765,Madden NFL 20,66,0.0318
672,1639060910,Minecraft Legends - Windows,66,0.0318
673,1957137539,Rabbids®: Party of Legends,66,0.0318
674,951560105,Control,65,0.0313
675,964019698,Immortals Fenyx Rising™,65,0.0313
676,819720203,JUMP FORCE,65,0.0313
677,25952469,Kingdom Two Crowns,65,0.0313
678,1693050229,Madden NFL 22 Xbox One,65,0.0313
679,1263405066,METAL GEAR RISING: REVENGEANCE,65,0.0313
680,2024220276,Phantasy Star Online 2 New Genesis,65,0.0313
681,964214247,Saints Row IV: Re-Elected,65,0.0313
682,884612576,Sonic Mania,65,0.0313
683,1698419011,Stellaris: Console Edition (X|S),65,0.0313
684,119262432,The Jackbox Party Pack 3,65,0.0313
685,2051131113,TopSpin 2K25,65,0.0313
686,1940322572,Five Nights at Freddy's,64,0.0308
687,885488152,INSIDE,64,0.0308
688,34441781,Saints Row The Third Remastered,64,0.0308
689,1830825388,SILENT HILL f,64,0.0308
690,504518218,L.A. Noire,63,0.0303
691,583749034,SOULCALIBUR VI,63,0.0303
692,1911932812,DIRT 5,62,0.0299
693,1691448998,Farm Together 2,62,0.0299
694,422246343,Tom Clancy’s Rainbow Six® Extraction,62,0.0299
695,1480657236,Banjo-Kazooie,61,0.0294
696,2047911802,For The King II,61,0.0294
697,724369121,Saints Row,61,0.0294
698,1743309413,Super Meat Boy 3D,61,0.0294
699,1750701033,Tiny Tina's Wonderlands for Xbox Series X|S,61,0.0294
700,1860967704,ACE COMBAT 8: WINGS OF THEVE,60,0.0289
701,1880835530,Atomfall,60,0.0289
702,1822990481,BLEACH Rebirth of Souls,60,0.0289
703,401515813,Enter The Gungeon,60,0.0289
704,1616046491,Gears Tactics - Base Game,60,0.0289
705,2079828144,Holdfast: Nations At War,60,0.0289
706,1480659458,Sonic Adventure™ 2 ,60,0.0289
707,1997535850,SpiderHeck,60,0.0289
708,2040766801,Test Drive Unlimited Solar Crown,60,0.0289
709,1767703473,Tony Hawk's™ Pro Skater™ 1 + 2,60,0.0289
710,551688870,XCOM® 2,60,0.0289
711,2145964960,Dispatch,59,0.0284
712,1161889840,Left 4 Dead,59,0.0284
713,2021058326,Way of the Hunter,59,0.0284
714,1931679945,2XKO,58,0.0279
715,2038033103,ACE COMBAT ZERO: THE BELKAN WAR (Xbox Series X|S Version),58,0.0279
716,1632796682,DC Universe Online for Xbox Series X|S,58,0.0279
717,1161890015,Dead Space™ 2,58,0.0279
718,217258585,Killing Floor 2,58,0.0279
719,101393300,LEGO® Batman™ 3: Beyond Gotham,58,0.0279
720,1947900602,Like a Dragon: Infinite Wealth,58,0.0279
721,2081060870,Maneater,58,0.0279
722,1751185882,METAL GEAR SOLID Δ: SNAKE EATER,58,0.0279
723,1397032978,SONIC UNLEASHED,58,0.0279
724,170773198,The Evil Within® 2,58,0.0279
725,2145202828,Tricking 0,58,0.0279
726,1007715169,Warhammer: Vermintide 2,58,0.0279
727,482947130,Clicker Heroes,57,0.0274
728,976905576,Dragon Age™: Inquisition,57,0.0274
729,1715352825,Five Nights at Freddy's 2,57,0.0274
730,93105265,Friday the 13th: The Game,57,0.0274
731,1414793400,Grand Theft Auto: San Andreas,57,0.0274
732,1464993833,Injustice: Gods Among Us,57,0.0274
733,1464993815,LEGO® Batman™ 2,57,0.0274
734,511110146,Metro: Last Light Redux,57,0.0274
735,2111261461,NBA 2K24 for Xbox One,57,0.0274
736,2115352193,Pacific Drive,57,0.0274
737,2114772019,Poppy Playtime: Chapter 5,57,0.0274
738,1480659422,The Walking Dead,57,0.0274
739,1669281297,War Robots: Frontiers,57,0.0274
740,699731308,BioShock Infinite: The Complete Edition,56,0.027
741,1830077453,FINAL FANTASY RESONANCE DEMO,56,0.027
742,907086072,Prey,56,0.027
743,2083118773,REPLACED,56,0.027
744,1713510228,RIDE 5,56,0.027
745,1946484624,Session: Skate Sim,56,0.027
746,2093000869,Slay The Spire,56,0.027
747,1777341064,The Outer Worlds: Spacer's Choice Edition,56,0.027
748,826545257,Tomb Raider: Definitive Edition,56,0.027
749,2056583125,BlazBlue Entropy Effect X,55,0.0265
750,1943631392,Digimon Story Time Stranger,55,0.0265
751,1884682689,Five Nights at Freddy's: Security Breach,55,0.0265
752,1880089265,Guilty Gear -Strive-,55,0.0265
753,2071061510,Lies of P,55,0.0265
754,1853524575,Mafia: The Old Country,55,0.0265
755,2072176568,Pinball FX,55,0.0265
756,1735182051,SONIC X SHADOW GENERATIONS,55,0.0265
757,290870045,SpeedRunners,55,0.0265
758,1817185896,Easy Red 2,54,0.026
759,1161889784,Army of Two™,53,0.0255
760,1734440333,Avatar Legends: The Fighting Game,53,0.0255
761,1480657456,BattleBlock Theater,53,0.0255
762,386788672,Cars 3: Driven to Win,53,0.0255
763,199746733,Conan Exiles,53,0.0255
764,1022544763,HITMAN™,53,0.0255
765,5117102,HITMAN™ 2,53,0.0255
766,2110974782,MARVEL vs. CAPCOM Fighting Collection: Arcade Classics,53,0.0255
767,2106204901,ONE PIECE: PIRATE WARRIORS 4(Xbox One),53,0.0255
768,2011061477,PRAGMATA,53,0.0255
769,333628240,Quantum Break,53,0.0255
770,1617248429,REANIMAL,53,0.0255
771,446059611,Forza Horizon 2,52,0.025
772,2146838759,Gears of War: E-Day Multiplayer Beta,52,0.025
773,1815914144,Grand Theft Auto V Enhanced (PC),52,0.025
774,859843286,Hellblade: Senua's Sacrifice,52,0.025
775,398011207,LIMBO,52,0.025
776,848717329,Peggle 2,52,0.025
777,2037306921,Poppy Playtime: Chapter 3,52,0.025
778,548623535,SpongeBob SquarePants: Battle for Bikini Bottom - Rehydrated,52,0.025
779,996030243,BioShock 2 Remastered,51,0.0246
780,2120617189,Invincible VS,51,0.0246
781,1923279922,Marvel's Guardians of the Galaxy,51,0.0246
782,1705990324,Space Engineers,51,0.0246
783,1128466428,SUPER STREETFIGHTER IV ARCADE EDITION,51,0.0246
784,282062756,The Walking Dead: A New Frontier - Episode 1,51,0.0246
785,1801842805,Throne and Liberty,51,0.0246
786,1112934373,Toy Story 3,51,0.0246
787,274976276,ARCADE GAME SERIES: PAC-MAN,50,0.0241
788,1812456871,Battletoads,50,0.0241
789,1889714780,Lords of the Fallen,50,0.0241
790,1777477395,MLB® The Show™ 21 Xbox Series X | S,50,0.0241
791,2132291580,NBA 2K22 for Xbox One,50,0.0241
792,1951198596,NBA THE RUN,50,0.0241
793,559544937,Ori and the Blind Forest: Definitive Edition,50,0.0241
794,1843641391,Quake,50,0.0241
795,2065981028,Rooftops & Alleys: The Parkour Game,50,0.0241
796,1771004118,Sniper Elite 5,50,0.0241
797,1985144601,Stranded Deep,50,0.0241
798,1161889782, Medal of Honor Airborne,49,0.0236
799,278981929,[PROTOTYPE®],49,0.0236
800,1748951836,Disco Elysium - The Final Cut,49,0.0236
801,2052426459,EA SPORTS™ FIFA 16,49,0.0236
802,1867148258,eFootball PES 2021 SEASON UPDATE,49,0.0236
803,1949704395,Green Hell Xbox Series X|S,49,0.0236
804,2143306487,NBA 2K23 for Xbox One,49,0.0236
805,1033937373,Don't Starve Together: Console Edition,48,0.0231
806,722006140,EA SPORTS™ UFC® 3,48,0.0231
807,1761289795,FIFA 21 Xbox One,48,0.0231
808,1790217657,Five Nights at Freddy's 4,48,0.0231
809,1720075101,Mafia: Definitive Edition for XBOX One,48,0.0231
810,1836827624,Mortal Shell II Open Beta,48,0.0231
811,2098944426,MXGP 2021 - The Official Motocross Videogame,48,0.0231
812,2016984284,Onimusha: Way of the Sword DEMO,48,0.0231
813,2119541613,Paint the Town Red,48,0.0231
814,1694250070,Super Animal Royale,48,0.0231
815,231674300,The Walking Dead: Season Two,48,0.0231
816,995095203,Warface: Clutch,48,0.0231
817,2141212892,33 Immortals,47,0.0226
818,2120976389,Banishers: Ghosts of New Eden,47,0.0226
819,1983212679,Bloons TD 6,47,0.0226
820,1659464109,Elite Dangerous Core,47,0.0226
821,1777668222,GRID Legends,47,0.0226
822,1297287259,Halo: Reach,47,0.0226
823,2113515818,MLB® The Show™ 23 Xbox Series X|S,47,0.0226
824,1161889811,skate.,47,0.0226
825,1912862912,Sniper Elite: Resistance,47,0.0226
826,1785174857,Spelunky 2,47,0.0226
827,1846016063,"Warhammer 40,000: Rogue Trader",47,0.0226
828,1480659414,Bejeweled 3,46,0.0222
829,2032937393,Cup Heroes,46,0.0222
830,1297287254,Fuzion Frenzy®,46,0.0222
831,1009393042,Middle-earth™: Shadow of Mordor™ - Game of the Year Edition,46,0.0222
832,1613480279,NBA 2K20,46,0.0222
833,1768466312,Poppy Playtime: Chapter 2,46,0.0222
834,1302301894,Powerstar Golf,46,0.0222
835,1431505028,Rayman® Origins,46,0.0222
836,1397033032,Sonic Generations,46,0.0222
837,1756421327,Teenage Mutant Ninja Turtles: Shredder's Revenge,46,0.0222
838,1890789689,The Casting of Frank Stone™,46,0.0222
839,1668285033,The Exit 8,46,0.0222
840,1794989506,Crashout Crew,45,0.0217
841,1297287625,Forza Horizon,45,0.0217
842,1397033053,Sonic & All-Stars Racing Transformed,45,0.0217
843,1843694822,The Quarry for Xbox Series X|S,45,0.0217
844,1728296368,Vampire Crawlers: The Turbo Wildcard from Vampire Survivors,45,0.0217
845,1797047526,Voidtrain,45,0.0217
846,301917535,Battlefield™ Hardline,44,0.0212
847,2135464087,Bellwright,44,0.0212
848,1811494560,Demon Slayer -Kimetsu no Yaiba- The Hinokami Chronicles,44,0.0212
849,791051466,Disneyland Adventures,44,0.0212
850,1727396789,FINAL FANTASY,44,0.0212
851,2109344129,FINAL FANTASY XV WINDOWS EDITION,44,0.0212
852,2111369051,Fortress Merge,44,0.0212
853,1860089403,Ghostwire: Tokyo,44,0.0212
854,564131151,Kerbal Space Program Enhanced Edition,44,0.0212
855,2054602571,Luna Abyss,44,0.0212
856,1973065679,METAL GEAR SOLID: Peace Walker - Master Collection Version,44,0.0212
857,2053707080,NINJA GAIDEN 2 Black,44,0.0212
858,1112737745,Oblivion,44,0.0212
859,100764563,Sniper Elite 4,44,0.0212
860,1848367053,Star Trucker,44,0.0212
861,852732437,State of Decay: Year-One,44,0.0212
862,1957310205,Streets of Rage 4,44,0.0212
863,2094668331,Tamashika,44,0.0212
864,1431504903,TC's RainbowSix Vegas2,44,0.0212
865,2116409537,Yu-Gi-Oh! Legacy of the Duelist : Link Evolution,44,0.0212
866,1941033112,Anno 117: Pax Romana,43,0.0207
867,1161890128,Battlefield 3™,43,0.0207
868,760882151,CRSED: F.O.A.D.,43,0.0207
869,1751733247,Doki Doki Literature Club Plus!,43,0.0207
870,530599647,Homefront®: The Revolution,43,0.0207
871,1112934402,LEGO Pirates of the Caribbean: The Video Game,43,0.0207
872,668438210,LEGO® CITY Undercover,43,0.0207
873,1748418988,Mewgenics,43,0.0207
874,1414596561,Saints Row,43,0.0207
875,1159891781,Wolfenstein: The Old Blood,43,0.0207
876,1687712929,Echoes of Aincrad,42,0.0202
877,2084133512,Forza Horizon 4 Demo,42,0.0202
878,2103079736,Hamster Playground,42,0.0202
879,1835926818,Hellblade II: Senua's Saga,42,0.0202
880,1970109802,Madden NFL 21 Xbox One,42,0.0202
881,1112737785,Morrowind,42,0.0202
882,1464993789,Mortal Kombat,42,0.0202
883,2067705319,NBA 2K24 for Xbox Series X|S,42,0.0202
884,60633334,7 Days to Die,41,0.0197
885,2042287543,Aliens: Dark Descent,41,0.0197
886,1783517095,Beatdown City Survivors,41,0.0197
887,1096157436,Call of Duty®: Ghosts,41,0.0197
888,2092402415,Gallipoli,41,0.0197
889,1712655251,Garten of Banban 1,41,0.0197
890,504827243,Life Is Strange,41,0.0197
891,1720633196,Minecraft Dungeons for Windows,41,0.0197
892,1861545287,Tainted Grail: The Fall of Avalon,41,0.0197
893,31939361,The Walking Dead: The Final Season,41,0.0197
894,2030027058,Wartales,41,0.0197
895,1161889989,Brütal Legend,40,0.0193
896,1161889879,Dead Space™,40,0.0193
897,1675325475,Drop Duchy - Complete Edition,40,0.0193
898,12206284,eFootball PES 2020,40,0.0193
899,1984358909,Expansion for Explorers Pack 1,40,0.0193
900,1867652631,Firefighting Simulator: Ignite,40,0.0193
901,2136186351,MOTORSLICE,40,0.0193
902,1777116945,Moving Out 2,40,0.0193
903,643918998,NARUTO SHIPPUDEN™: Ultimate Ninja® STORM 4 Demo,40,0.0193
904,1987587652,Overcooked! All You Can Eat,40,0.0193
905,903593533,Path of Exile,40,0.0193
906,1648684496,Sonic Origins,40,0.0193
907,155936527,Street Fighter 30th Anniversary Collection,40,0.0193
908,1921488037,The Settlers®: New Allies,40,0.0193
909,1761802913,Total Chaos,40,0.0193
910,1480657355,Wolfenstein 3D,40,0.0193
911,1777567504,Backrooms: Escape Together,39,0.0188
912,1619985048,Deadside,39,0.0188
913,1689264723,FIFA 15,39,0.0188
914,1824138520,Mirror's Edge™ Catalyst,39,0.0188
915,1908796053,NASCAR Heat 5,39,0.0188
916,717702870,OUTRIDERS,39,0.0188
917,1728022534,Plants vs. Zombies™: Replanted,39,0.0188
918,1935747145,Prototype®2,39,0.0188
919,1128466466,RESIDENT EVIL CODE: Veronica X,39,0.0188
920,2075142437,Sonic Racing: CrossWorlds Demo,39,0.0188
921,1874376911,Splitgate,39,0.0188
922,1579532320,Sunset Overdrive,39,0.0188
923,1480657237,Banjo-Tooie,38,0.0183
924,1692871917,Frozen Free Fall: Snowball Fight,38,0.0183
925,1812294496,Mecha BREAK,38,0.0183
926,1619790969,Minishoot' Adventures,38,0.0183
927,2119739112,Monster Train 2,38,0.0183
928,87350449,NieR:Automata™ BECOME AS GODS Edition,38,0.0183
929,1480656879,Zuma,38,0.0183
930,1997201494,Aliens: Fireteam Elite,37,0.0178
931,1161890205,Dead Space™ 3,37,0.0178
932,1089570315,Devil May Cry 4 Special Edition,37,0.0178
933,1727852104,FINAL FANTASY VI,37,0.0178
934,1664487314,Football Manager 26,37,0.0178
935,2082961842,Jujutsu Kaisen Cursed Clash,37,0.0178
936,1279330291,LEGO Star Wars III ,37,0.0178
937,369157937,MARVEL VS. CAPCOM: INFINITE,37,0.0178
938,1984680366,Medieval Dynasty (Xbox One),37,0.0178
939,2092112354,Monster Jam™ Showdown,37,0.0178
940,374430704,NBA 2K17,37,0.0178
941,2080479328,The Legend of Fireball,37,0.0178
942,1431505078,Tom Clancy’s Splinter Cell® Blacklist™,37,0.0178
943,1518572426,Trackmania® Turbo,37,0.0178
944,1967707787,War Robots,37,0.0178
945,1025057816,Battle Ages,36,0.0173
946,1161889896,BLACK™,36,0.0173
947,1858883035,CODE VEIN II,36,0.0173
948,1690468494,DEATHLOOP,36,0.0173
949,1161889984,Dragon Age: Origins,36,0.0173
950,1766088016,Farming Simulator 25 (PC),36,0.0173
951,2135594829,Jurassic World Evolution 2,36,0.0173
952,506903100,Madden NFL 18,36,0.0173
953,1414596731,MX vs. ATV Alive,36,0.0173
954,1873450782,MXGP 2020 - The Official Motocross Videogame,36,0.0173
955,105831487,NARUTO SHIPPUDEN™: Ultimate Ninja® STORM 3 Full Burst,36,0.0173
956,1900564739,New Super Lucky's Tale,36,0.0173
957,2046531735,Predator: Hunting Grounds,36,0.0173
958,2028530104,Prince of Persia The Lost Crown,36,0.0173
959,1702869784,Project Motor Racing,36,0.0173
960,1931911684,Shredders,36,0.0173
961,108727346,Suicide Squad: Kill the Justice League,36,0.0173
962,591371027,Trove,36,0.0173
963,974586226,We Happy Few,36,0.0173
964,1680433621,Young Suns,36,0.0173
965,1431504852,Assassin's Creed,35,0.0169
966,1431504874,Brothers in Arms: HH,35,0.0169
967,245236582,Celeste,35,0.0169
968,2055582442,Danganronpa: Trigger Happy Havoc Anniversary Edition,35,0.0169
969,1886320845,DAVE THE DIVER,35,0.0169
970,1757959613,Jujutsu Kaisen Cursed Clash DEMO,35,0.0169
971,1950263247,Mixtape,35,0.0169
972,2107898177,NBA 2K21,35,0.0169
973,1650588295,OddBallers™,35,0.0169
974,340920273,Overcooked,35,0.0169
975,1871994086,Planet Zoo: Console Edition,35,0.0169
976,2021825958,RIDE 6,35,0.0169
977,1755825192,The LEGO Movie Videogame,35,0.0169
978,2116788151,The Mound: Omen of Cthulhu,35,0.0169
979,1756919443,WWE 2K23 for Xbox One,35,0.0169
980,1886146911,Yet Another Zombie Survivors,35,0.0169
981,1681140332,Aphelion,34,0.0164
982,2030524086,As Dusk Falls,34,0.0164
983,1414793340,Borderlands 2,34,0.0164
984,2079414802,CATAN® - Console Edition,34,0.0164
985,1777438490,Devil May Cry 5 Special Edition,34,0.0164
986,1928512137,FBC: Firebreak,34,0.0164
987,984363462,Graveyard Keeper,34,0.0164
988,469309830,NARUTO™: Ultimate Ninja® STORM,34,0.0164
989,2098044337,Poppy Playtime: Chapter 4,34,0.0164
990,1128466461,Resident Evil Operation Raccoon City,34,0.0164
991,1843596190,SPLITGATE: Arena Reloaded,34,0.0164
992,1279330258,Star Wars: The Force Unleashed,34,0.0164
993,1684061010,SWORN,34,0.0164
994,1313671257,TEKKEN TAG TOURNAMENT 2,34,0.0164
995,1949641254,TerraTech Legion,34,0.0164
996,1737329553,Total War: Warhammer III (Old Version),34,0.0164
997,2012953823,WWE 2K22 for Xbox One,34,0.0164
998,1723425473,Arkheron Insider,33,0.0159
999,821136798,DC Universe Online for Xbox One,33,0.0159
1000,1270951403,Dead Rising 4,33,0.0159
1001,1855894998,Denshattack!,33,0.0159
1002,2136041956,DOOM 64,33,0.0159
1003,1673998520,F1® Manager 2024,33,0.0159
1004,1847979820,FIFA 22 Xbox Series X|S,33,0.0159
1005,427070178,FINAL FANTASY X/X-2 HD Remaster,33,0.0159
1006,2067126551,Forza Motorsport 5,33,0.0159
1007,1663990634,GigaBash,33,0.0159
1008,1480657258,Hydro Thunder,33,0.0159
1009,2056728314,inKONBINI: One Store. Many Stories,33,0.0159
1010,1946419297,Jump Space (Game Preview),33,0.0159
1011,856376259,NBA 2K19,33,0.0159
1012,1864882669,Persona 4 Golden,33,0.0159
1013,515050978,Rare Replay,33,0.0159
1014,472512000,Resident Evil Revelations,33,0.0159
1015,1868826586,RimWorld Console Edition,33,0.0159
1016,217831213,RISK,33,0.0159
1017,1414596717,Saints Row®: The Third™ ,33,0.0159
1018,1263405125,Silent Hill:  HD Collection,33,0.0159
1019,1974027100,Splash of Color,33,0.0159
1020,1479999542,Unravel,33,0.0159
1021,1827287476,World of Outlaws: Dirt Racing,33,0.0159
1022,1707142453,WWE 2K23 for Xbox Series X|S,33,0.0159
1023,2024046503,60 Seconds! Reatomized,32,0.0154
1024,8769689,Ancestors: The Humankind Odyssey,32,0.0154
1025,1794039305,Coral Island,32,0.0154
1026,1297287356,Crackdown 2,32,0.0154
1027,1906937527,Far Cry 3 Blood Dragon Classic Edition,32,0.0154
1028,1993022209,Hi-Fi RUSH,32,0.0154
1029,1654542558,Hotline Miami,32,0.0154
1030,1898092029,Inops,32,0.0154
1031,693381002,LEGO® The Incredibles,32,0.0154
1032,1962388658,Like a Dragon: Pirate Yakuza in Hawaii,32,0.0154
1033,2136035101,Monopoly Madness,32,0.0154
1034,1480657445,Sonic Adventure,32,0.0154
1035,1161890157,SSX,32,0.0154
1036,988203152,Stellaris: Console Edition,32,0.0154
1037,1634720918,Ultimate Custom Night,32,0.0154
1038,1890581353,Blasphemous,31,0.0149
1039,1161889756,Burnout Revenge,31,0.0149
1040,1112934398,Cars 2: The Video Game,31,0.0149
1041,2076120890,Deep Rock Galactic: Survivor,31,0.0149
1042,1297287142,Halo 3,31,0.0149
1043,1480657103,Metal Slug 3,31,0.0149
1044,1688832803,Monster Energy Supercross - The Official Videogame 6,31,0.0149
1045,2000897177,Mortal Kombat: Legacy Kollection,31,0.0149
1046,1704490079,South of Midnight,31,0.0149
1047,1040009086,Super Lucky's Tale,31,0.0149
1048,1615232474,The Walking Dead: The Telltale Definitive Series,31,0.0149
1049,2063484815,Train Sim World® 6: Free Starter Pack,31,0.0149
1050,1880818134,AFL 26,30,0.0144
1051,1115757811,Alien: Isolation,30,0.0144
1052,1464993832,Batman: Arkham Origins,30,0.0144
1053,1802600743,Capcom Arcade Stadium,30,0.0144
1054,1668430766,Cities: Skylines II - PC Edition,30,0.0144
1055,824378203,Crackdown 3: Campaign,30,0.0144
1056,1970218801,Dead by Daylight Windows,30,0.0144
1057,212680242,DEAD OR ALIVE 6: Core Fighters,30,0.0144
1058,2137885631,FIFA 21 Xbox Series X|S,30,0.0144
1059,1764536463,LEGO® The Hobbit™,30,0.0144
1060,2055522726,Madden NFL 23 Xbox Series X|S,30,0.0144
1061,2028627076,Marvel's Midnight Suns for Xbox Series X|S,30,0.0144
1062,650249872,Metal Gear Solid V: Ground Zeroes,30,0.0144
1063,1070680307,MudRunner,30,0.0144
1064,1469186547,Resident Evil 0,30,0.0144
1065,1720808392,Seafarer: The Ship Sim,30,0.0144
1066,2017944493,Super Mega Baseball 3,30,0.0144
1067,2104181770,The First Berserker: Khazan,30,0.0144
1068,449394673,Vampyr,30,0.0144
1069,2140283055,Baldur's Gate and Baldur's Gate II: Enhanced Editions,29,0.014
1070,2083389920,Crimson Moon,29,0.014
1071,2096821037,DOOM 3,29,0.014
1072,849613404,Dragon's Dogma: Dark Arisen,29,0.014
1073,552778408,EA SPORTS™ UFC® 2,29,0.014
1074,1480657036,Feeding Frenzy 2,29,0.014
1075,607966981,FINAL FANTASY VII,29,0.014
1076,1774172067,HOT WHEELS UNLEASHED™ 2 - Turbocharged,29,0.014
1077,2115682077,HOT WHEELS™ Infinite Rush,29,0.014
1078,2026288209,Kabuto Park,29,0.014
1079,1857799122,Lawn Mowing Simulator 2,29,0.014
1080,575414105,Life is Strange 2 - Episode 1,29,0.014
1081,1987153350,Meccha Paint (Free),29,0.014
1082,275132544,SEGA® Genesis Classics™,29,0.014
1083,1112934452,STAR WARS KOTOR,29,0.014
1084,1682965190,Stray,29,0.014
1085,1793645165,THE KING OF FIGHTERS XV Standard Edition,29,0.014
1086,1480657242,Trials HD,29,0.014
1087,1128466455,ASURA'S WRATH,28,0.0135
1088,1297287149,Banjo Kazooie: N n B,28,0.0135
1089,23570566,Batman - The Telltale Series - Episode 1: Realm of Shadows,28,0.0135
1090,1662853043,Blasphemous 2,28,0.0135
1091,1414793191,Borderlands,28,0.0135
1092,1768031432,Car Dealer Simulator,28,0.0135
1093,1297287132,Crackdown,28,0.0135
1094,1910114469,Deadzone: Rogue,28,0.0135
1095,1967861303,Demeo x Dungeons & Dragons: Battlemarked,28,0.0135
1096,1161890059,Dragon Age™ 2,28,0.0135
1097,1480656881,Feeding Frenzy,28,0.0135
1098,1655760290,FEROCIOUS,28,0.0135
1099,1668037164,FixForce,28,0.0135
1100,1635275279,ICARUS: Console Edition,28,0.0135
1101,1679434571,John Carpenter's Toxic Commando,28,0.0135
1102,1343080382,LEGO® Batman™ 3: Beyond Gotham Demo,28,0.0135
1103,2049727100,METAL GEAR SOLID - Master Collection Version,28,0.0135
1104,1464993839,Midway Arcade Origins,28,0.0135
1105,2118184557,Monster Jam Steel Titans 2,28,0.0135
1106,1969906662,MY HERO ACADEMIA: All’s Justice,28,0.0135
1107,1809107273,NHL® 24 Xbox Series X|S,28,0.0135
1108,1010226785,One Piece: Burning Blood,28,0.0135
1109,1690934635,Planet of Lana II,28,0.0135
1110,1667881927,Redfall,28,0.0135
1111,1928322650,Snooker Blitz,28,0.0135
1112,1431504907,SplinterCellConviction,28,0.0135
1113,871098991,STAR WARS™: Squadrons,28,0.0135
1114,2080211397,Stardew Valley,28,0.0135
1115,1128466401,STREET FIGHTER IV,28,0.0135
1116,1649441503,The Game of Life 2,28,0.0135
1117,1307429766,Worms Battlegrounds,28,0.0135
1118,1865197952,Boomerang Fu,27,0.013
1119,374274123,EA SPORTS™ NHL® 19,27,0.013
1120,1431504912,Far Cry® 2,27,0.013
1121,1885859783,FATAL FURY: City of the Wolves,27,0.013
1122,1876744786,Killing Floor 3,27,0.013
1123,1414596649,MX vs ATV Reflex,27,0.013
1124,1414596574,MX vs. ATV: Untamed,27,0.013
1125,521893123,ONE PIECE World Seeker,27,0.013
1126,2040514027,Terminull Brigade™,27,0.013
1127,1763653276,Transport Fever 2: Console Edition,27,0.013
1128,1297287154,Viva Piñata,27,0.013
1129,659391373,WWE 2K16,27,0.013
1130,1792749432,Alan Wake Remastered,26,0.0125
1131,869628338,Attack on Titan 2,26,0.0125
1132,1096157137,Call of Duty® 2,26,0.0125
1133,1880193218,Century: Age of Ashes,26,0.0125
1134,1723836102,Cookie Clicker,26,0.0125
1135,273290529,Idle Champions of the Forgotten Realms,26,0.0125
1136,1792638437,Lost Records: Bloom & Rage,26,0.0125
1137,2014650813,Minecraft: Story Mode - Episode 1: The Order of the Stone,26,0.0125
1138,1882004205,Neon Abyss,26,0.0125
1139,1698508835,PGA TOUR 2K25 First Look,26,0.0125
1140,1480657485,Space Invaders: IG,26,0.0125
1141,1941663847,Starship Troopers: Extermination,26,0.0125
1142,618537566,The Outer Worlds,26,0.0125
1143,1848191014,TUNIC,26,0.0125
1144,1880727250,Unpacking,26,0.0125
1145,531971604,WWE 2K19,26,0.0125
1146,1792094560,Bus Simulator 27,25,0.012
1147,1480656967,Castlevania: SOTN,25,0.012
1148,1313671226,Dark Souls™,25,0.012
1149,1267471686,DEAD OR ALIVE 5 Last Round: Core Fighters,25,0.012
1150,1736409202,DEEEER Simulator: Your Average Everyday Deer Game,25,0.012
1151,137510457,Dishonored®: Death of the Outsider™,25,0.012
1152,686783342,Divinity: Original Sin 2 - Definitive Edition,25,0.012
1153,1728448413,DmC Devil May Cry: Definitive Edition,25,0.012
1154,363774594,Farming Simulator 17,25,0.012
1155,1705097731,Halls of Torment,25,0.012
1156,894121859,LEGO® MARVEL's Avengers DEMO,25,0.012
1157,1944276274,Little Rocket Lab,25,0.012
1158,1656145947,Moonlighter,25,0.012
1159,2147115693,Project Wingman,25,0.012
1160,1743049130,Quake II,25,0.012
1161,914276891,RAGE 2,25,0.012
1162,1833883015,Rust Console Edition X|S - Public Test Branch,25,0.012
1163,1848088335,Subnautica: Below Zero,25,0.012
1164,1480657498,Super Meat Boy,25,0.012
1165,1788169756,Taxi Life: A City Driving Simulator,25,0.012
1166,2098462228,The Jackbox Party Pack 7,25,0.012
1167,1762703770,The Lord of the Rings: Return to Moria™,25,0.012
1168,1161889807,The Orange Box,25,0.012
1169,2122392131,Winter Burrow,25,0.012
1170,1480659433,Zuma's Revenge!,25,0.012
1171,1628688048,Atomic Heart,24,0.0116
1172,1675226093,Blindfire,24,0.0116
1173,1480659632,Call of Juarez® Gunslinger,24,0.0116
1174,1790537707,Core Keeper,24,0.0116
1175,1957968654,Destroy All Humans! - Clone Carnage,24,0.0116
1176,439107693,Dungeon Defenders II,24,0.0116
1177,2097945335,F1® 23,24,0.0116
1178,1761060600,Happy Wars,24,0.0116
1179,2087575977,MOUSE: P.I. For Hire,24,0.0116
1180,2027691162,Resident Evil Requiem - Demo,24,0.0116
1181,2048545274,Rubber Bandits,24,0.0116
1182,978050046,ShellShock Live,24,0.0116
1183,1819798709,Tetris® Effect: Connected,24,0.0116
1184,654883159,The LEGO® NINJAGO® Movie Video Game,24,0.0116
1185,1668054382,Tiny Bookshop,24,0.0116
1186,969381141,A Plague Tale: Innocence,23,0.0111
1187,1763444345,Aerial_Knight's DropShot,23,0.0111
1188,1920996408,Age of Wonders 4,23,0.0111
1189,588577476,ARCADE GAME SERIES: GALAGA,23,0.0111
1190,1863597561,Coloring Book,23,0.0111
1191,217802058,Darkest Dungeon®,23,0.0111
1192,696196977,DRAGON BALL XENOVERSE,23,0.0111
1193,1970836204,Hotline Miami 2: Wrong Number,23,0.0111
1194,705006443,Jurassic World Evolution,23,0.0111
1195,333701857,Mega Man X Legacy Collection,23,0.0111
1196,2015790908,Microsoft Jewel,23,0.0111
1197,2028249570,MIO: Memories in Orbit,23,0.0111
1198,1161889872,Mirror's Edge™,23,0.0111
1199,1676550189,MY HERO ONE'S JUSTICE 2,23,0.0111
1200,1986349001,NHL® 23 Xbox One,23,0.0111
1201,2056563967,ONE MAP - Never Ending Battle Royale BETA,23,0.0111
1202,1848728299,Pinball FX Midnight,23,0.0111
1203,386601590,Project CARS 2 Demo,23,0.0111
1204,1864659895,Sniper Ghost Warrior Contracts 2,23,0.0111
1205,129325438,SONIC FORCES,23,0.0111
1206,1112934375,Split/Second,23,0.0111
1207,2081484036,Superliminal,23,0.0111
1208,39069682,The Jackbox Party Pack 2,23,0.0111
1209,449890085,The Jackbox Party Pack 4,23,0.0111
1210,2004428777,WILD HEARTS™ Standard Edition,23,0.0111
1211,1431504955,Assassin's Creed II,22,0.0106
1212,1741940049,Bag Fight,22,0.0106
1213,1096157153,Call of Duty® 3,22,0.0106
1214,1702196563,Frostpunk 2,22,0.0106
1215,1050025307,Grand Theft Auto V,22,0.0106
1216,1955982965,Gunfire Reborn,22,0.0106
1217,387693234,Hawken,22,0.0106
1218,1840565677,Island Saver,22,0.0106
1219,1900811986,Kingdoms of Amalur: Re-Reckoning,22,0.0106
1220,2028723617,LEGO® Party!,22,0.0106
1221,572268056,Little Nightmares,22,0.0106
1222,2014880780,Madden NFL 17,22,0.0106
1223,717669198,Madden NFL 19,22,0.0106
1224,1703086168,Microsoft Sudoku,22,0.0106
1225,2021005220,MotoGP™26,22,0.0106
1226,605857900,Quiplash,22,0.0106
1227,1789091683,Rain World,22,0.0106
1228,2065674944,Resident Evil Re:Verse,22,0.0106
1229,2006710939,Skater XL,22,0.0106
1230,2000011414,Starlit Adventures,22,0.0106
1231,1945435013,TRIVIAL PURSUIT Live! 2,22,0.0106
1232,1717071867,ZOMBI,22,0.0106
1233,1679168855,A Quiet Place: The Road Ahead,21,0.0101
1234,2027362653,Ascend to ZERO,21,0.0101
1235,1823385601,Bassmaster® Fishing,21,0.0101
1236,337857707,Bendy and the Ink Machine,21,0.0101
1237,793598300,CODE VEIN,21,0.0101
1238,856892583,Darksiders II Deathinitive Edition,21,0.0101
1239,1864660438,Dead Static Drive,21,0.0101
1240,1713885313,DPS IDLE 2,21,0.0101
1241,1628280816,Faaast Penguin,21,0.0101
1242,1814325409,Fantasy Dash,21,0.0101
1243,1719232621,Hello Guest: Hello Neighbor 2 pre-alpha,21,0.0101
1244,1279330257,LEGO Star Wars II,21,0.0101
1245,2017826215,METAL GEAR SOLID 2: Sons of Liberty - Master Collection Version,21,0.0101
1246,1919875042,MLB® The Show™ 22 Xbox Series X | S,21,0.0101
1247,1693003201,MotoGP™25 - Xbox One,21,0.0101
1248,893913058,MX Unleashed,21,0.0101
1249,587488276,Outlast 2,21,0.0101
1250,2035760753,PAW Patrol World,21,0.0101
1251,1745314691,Psychonauts 2,21,0.0101
1252,1704562600,Rugby 25,21,0.0101
1253,1414596688,SpongeBob: Truth-Sq.,21,0.0101
1254,1112934454,Star Wars Battlefront,21,0.0101
1255,1798733099,Teenage Mutant Ninja Turtles: Splintered Fate,21,0.0101
1256,1905686946,Tropico 6 - Next Gen Edition,21,0.0101
1257,1860058296,TT Isle Of Man: Ride on the Edge 3,21,0.0101
1258,496534680,Wolfenstein: Youngblood,21,0.0101
1259,1744345373,WWE 2K22 for Xbox Series X|S,21,0.0101
1260,1397033002,Aliens vs Predator,20,0.0096
1261,972461615,Battle Islands,20,0.0096
1262,2070921614,Bayonetta,20,0.0096
1263,1801055182,Bounty Star,20,0.0096
1264,1625569842,Choo-Choo Charles,20,0.0096
1265,1782579390,DPS Idle,20,0.0096
1266,1801537563,F1® 2021,20,0.0096
1267,1799236568,FINAL FANTASY V,20,0.0096
1268,1700344676,Ghostbusters: The Video Game Remastered,20,0.0096
1269,1669831089,Gold Mining Simulator,20,0.0096
1270,1091024470,Magic Duels,20,0.0096
1271,731662901,Monster Energy Supercross - The Official Videogame,20,0.0096
1272,2036178233,Monster Energy Supercross 25 - The Official Video Game,20,0.0096
1273,485601591,NARUTO SHIPPUDEN™: Ultimate Ninja® STORM 2,20,0.0096
1274,1606375163,Pinball FX3,20,0.0096
1275,1480657248,Portal: Still Alive,20,0.0096
1276,838726055,PRO EVOLUTION SOCCER 2018,20,0.0096
1277,1947725080,Skul: The Hero Slayer,20,0.0096
1278,1313671164,TEKKEN 6,20,0.0096
1279,1936930219,Tell Me Why,20,0.0096
1280,1706610063,The Alters,20,0.0096
1281,1688839217,The Elder Scrolls V: Skyrim Special Edition (PC),20,0.0096
1282,1480659987,The Walking Dead: Season Two,20,0.0096
1283,2047601430,Truck and Logistics Simulator,20,0.0096
1284,271965907,Wasteland 3,20,0.0096
1285,1313671121,ACE COMBAT 6,19,0.0091
1286,1633682783,BODYCAM 2026,19,0.0091
1287,2136950563,Bugsnax,19,0.0091
1288,725442241,Darksiders Warmastered Edition,19,0.0091
1289,406842057,Dead Rising,19,0.0091
1290,320506923,Dead Rising 2,19,0.0091
1291,1788513791,DRAGON BALL Z: KAKAROT Demo Version,19,0.0091
1292,1797553917,DYNASTY WARRIORS: ORIGINS,19,0.0091
1293,1928193169,Heavenly Bodies,19,0.0091
1294,1480656849,Hexic HD,19,0.0091
1295,1802207786,HOT WHEELS UNLEASHED™ - Windows Edition,19,0.0091
1296,42119495,Killer Instinct Classic,19,0.0091
1297,1641465936,Kiln,19,0.0091
1298,1279330271,LEGO Indiana Jones,19,0.0091
1299,399942284,LEGO® Jurassic World™ Demo,19,0.0091
1300,2016417527,Life is Strange Remastered,19,0.0091
1301,1777243206,Lost Judgment,19,0.0091
1302,1997603662,Minion Masters,19,0.0091
1303,1998994208,Monster Energy Supercross - The Official Videogame 3,19,0.0091
1304,385764340,MX vs. ATV Supercross Encore,19,0.0091
1305,1112737772,RAGE,19,0.0091
1306,1740314317,ScooterFlow,19,0.0091
1307,1279330290,Star Wars: The Force Unleashed II,19,0.0091
1308,886895461,The Jackbox Party Pack 5,19,0.0091
1309,1464993828,The Witcher 2: Assassins of Kings,19,0.0091
1310,1431504921,Tom Clancy's Splinter Cell® Chaos Theory™,19,0.0091
1311,1278892798,TRIVIAL PURSUIT LIVE!,19,0.0091
1312,495493033,Turok,19,0.0091
1313,1840411466,Untitled Goose Game,19,0.0091
1314,1791400679,Yakuza: Like a Dragon,19,0.0091
1315,1615431074,1000xRESIST,18,0.0087
1316,433738637,Adventure Time: Pirates of the Enchiridion,18,0.0087
1317,1914086330,Broforce,18,0.0087
1318,1805523441,Call of the Elder Gods,18,0.0087
1319,2035296401,Capcom Arcade 2nd Stadium,18,0.0087
1320,2144913935,Castlevania Anniversary Collection,18,0.0087
1321,1642635984,DEAD OR ALIVE 6 Last Round Core Fighters,18,0.0087
1322,1996309372,Deconstruction Simulator,18,0.0087
1323,1804401706,F1® 22 Xbox Series X|S,18,0.0087
1324,1931936981,Goat Simulator: Remastered (Windows Edition),18,0.0087
1325,1480656868,Hardwood Spades,18,0.0087
1326,2102232082,Heretic + Hexen,18,0.0087
1327,1397819396,Hitman: Absolution,18,0.0087
1328,2122788273,Keeper,18,0.0087
1329,1161890141,Mass Effect™ 3,18,0.0087
1330,1699829016,Monster Hunter Stories 3: Twisted Reflection,18,0.0087
1331,505222320,Monster Jam Steel Titans,18,0.0087
1332,1867295360,Monster Sanctuary,18,0.0087
1333,285742376,NBA 2K16,18,0.0087
1334,1799461557,NBA 2K23 for Xbox Series X|S,18,0.0087
1335,1685135803,NHL® 22 Xbox One,18,0.0087
1336,162448742,Outer Wilds,18,0.0087
1337,2029650168,Overthrown,18,0.0087
1338,1726129713,Planet Coaster: Console Edition,18,0.0087
1339,757817533,PRO EVOLUTION SOCCER 2019,18,0.0087
1340,2056655762,Remnant: From the Ashes,18,0.0087
1341,1696173302,RIDE 4,18,0.0087
1342,1947938436,Shotgun Farmers,18,0.0087
1343,1853160773,STAR WARS™: Battlefront Classic Collection,18,0.0087
1344,240091546,SUPERHOT,18,0.0087
1345,1128640842,The Escapists,18,0.0087
1346,1731121397,The Quarry for Xbox One,18,0.0087
1347,1678459920,Towerborne,18,0.0087
1348,2110764382,Way of the Hunter 2,18,0.0087
1349,1297287893,Blinx: The Time Sweeper,17,0.0082
1350,1841011808,Blizzard® Arcade Collection,17,0.0082
1351,293785190,Bloons TD 5,17,0.0082
1352,1161889806,C&C3,17,0.0082
1353,1297287249,Crimson Skies®: High Road to Revenge™,17,0.0082
1354,629798227,Deadpool,17,0.0082
1355,1146095621,Earth Defense Force 2025,17,0.0082
1356,1920237746,FINAL FANTASY II,17,0.0082
1357,1997023214,FINAL FANTASY IX,17,0.0082
1358,1859409710,INDIKA,17,0.0082
1359,2071372034,Lawn Mowing Simulator,17,0.0082
1360,1843760263,LEGO® 2K Drive for Xbox Series X|S,17,0.0082
1361,1708233397,LEGO® Harry Potter™ Collection,17,0.0082
1362,1733044130,Madden NFL 22 Xbox Series X|S,17,0.0082
1363,1846145161,Metaphor: ReFantazio,17,0.0082
1364,1714660110,Microsoft Bubble,17,0.0082
1365,1679589975,Mortal Shell: Enhanced Edition,17,0.0082
1366,1833175061,MXGP 2019 - The Official Motocross Videogame,17,0.0082
1367,1757462338,Ni no Kuni Wrath of the White Witch™ Remastered,17,0.0082
1368,676432066,PAC-MAN™ CHAMPIONSHIP EDITION 2,17,0.0082
1369,275673036,Pillars of Eternity: Complete Edition,17,0.0082
1370,2052095073,Ravenswatch,17,0.0082
1371,1642757300,SpongeBob SquarePants: Titans of the Tide Demo,17,0.0082
1372,1112934459,Star Wars Republic Commando,17,0.0082
1373,1938588110,STARSEEKER: Astroneer Expeditions (Game Preview),17,0.0082
1374,1675444836,The Talos Principle 2,17,0.0082
1375,2086031333,The Thaumaturge,17,0.0082
1376,1628698678,Thief Simulator,17,0.0082
1377,1297287134,Too Human,17,0.0082
1378,1211542442,Valiant Hearts: The Great War,17,0.0082
1379,981110874,WWE 2K18,17,0.0082
1380,1148805248,Yu-Gi-Oh! Legacy of the Duelist,17,0.0082
1381,1808134657,ANNO : Mutationem,16,0.0077
1382,1431505090,Assassin’s Creed® IV,16,0.0077
1383,810050544,Beach Buggy Racing,16,0.0077
1384,1882659430,Call of Duty®: Black Ops Cold War (Windows),16,0.0077
1385,1878376737,Contraband Police Demo,16,0.0077
1386,1940736818,Darkest Dungeon II,16,0.0077
1387,106901580,Destroy All Humans!,16,0.0077
1388,1775878547,DPS IDLE 2 (Xbox One),16,0.0077
1389,1894948980,Dreamcore,16,0.0077
1390,1431505036,Far Cry 3,16,0.0077
1391,885797626,Fishing Sim World®: Pro Tour,16,0.0077
1392,1613695074,Five Nights at Freddy's 3,16,0.0077
1393,2109927239,Five Nights at Freddy's: Sister Location,16,0.0077
1394,2043794712,Kingdoms and Castles,16,0.0077
1395,1480657497,Lara Croft: GoL,16,0.0077
1396,565406974,LEGO® STAR WARS™: The Force Awakens,16,0.0077
1397,2017169801,LOLLIPOP CHAINSAW RePOP,16,0.0077
1398,1994181526,Madden NFL 21 Xbox Series X|S,16,0.0077
1399,1535750831,Mega Man® Legacy Collection,16,0.0077
1400,1653696130,Microsoft Mahjong,16,0.0077
1401,94171386,MXGP3,16,0.0077
1402,1909911128,NASCAR Heat 4,16,0.0077
1403,2013083896,NINJA GAIDEN: Ragebound,16,0.0077
1404,1480657346,Perfect Dark,16,0.0077
1405,2030792699,PGA TOUR 2K21,16,0.0077
1406,1432033734,Pinball Arcade,16,0.0077
1407,1893542225,PIPE by BMX Streets,16,0.0077
1408,1169551644,Saints Row: Gat out of Hell,16,0.0077
1409,2060188345,Street Fighter™ 6 Demo,16,0.0077
1410,19615130,Super Mega Baseball: Extra Innings,16,0.0077
1411,1431504854,TC's RainbowSix Vegas,16,0.0077
1412,1983809908,The Precinct,16,0.0077
1413,716478832,TT Isle of Man,16,0.0077
1414,71300661,ACA NEOGEO THE KING OF FIGHTERS 2002,15,0.0072
1415,759471095,ARCADE GAME SERIES: Ms. PAC-MAN,15,0.0072
1416,2029431164,Bus Bound,15,0.0072
1417,1480657079,Castle Crashers,15,0.0072
1418,1727909174,Crossy Road Castle Demo,15,0.0072
1419,1161890190,Crysis® 3,15,0.0072
1420,524859112,Darksiders III,15,0.0072
1421,2013511408,DOOM Eternal (BATTLEMODE - PC),15,0.0072
1422,1953182469,DRAGON QUEST® XI S: Echoes of an Elusive Age™ - Definitive Edition,15,0.0072
1423,1691849278,FINAL FANTASY IV,15,0.0072
1424,927474846,Firewatch,15,0.0072
1425,1992263470,Gothic 1 Remake,15,0.0072
1426,2094642688,Just Shapes & Beats,15,0.0072
1427,2003863742,Microsoft Jigsaw,15,0.0072
1428,1948147176,Moving Out,15,0.0072
1429,803175056,MXGP PRO,15,0.0072
1430,1343920370,NBA 2K15,15,0.0072
1431,1891759317,NEIGHBORS: Suburban Warfare,15,0.0072
1432,1752331738,One Leaves,15,0.0072
1433,1902591469,Outward: Definitive Edition,15,0.0072
1434,1698989872,PICO PARK 2,15,0.0072
1435,474501413,RIDE 3,15,0.0072
1436,818066257,Rugby League Live 4,15,0.0072
1437,1263339510,Saints Row IV,15,0.0072
1438,1646985614,Space Jam: A New Legacy - The Game,15,0.0072
1439,1112934458,STAR WARS KOTOR II,15,0.0072
1440,1664251645,TEKKEN 8 - DEMO,15,0.0072
1441,1748769487,The Jackbox Party Pack 6,15,0.0072
1442,383880849,Transference™,15,0.0072
1443,1754770560,Unicorn Overlord,15,0.0072
1444,1935095398,星之翼(Starward),15,0.0072
1445,267850304,ATV Drift & Tricks Definitive Edition,14,0.0067
1446,233177124,Battle Islands: Commanders,14,0.0067
1447,1480656850,Bejeweled 2,14,0.0067
1448,2026693193,Bus Simulator 21 Next Stop,14,0.0067
1449,2008066354,Car Mechanic Simulator,14,0.0067
1450,206503430,Clustertruck,14,0.0067
1451,1729654407,Company of Heroes 3,14,0.0067
1452,1480657460,Crazy Taxi,14,0.0067
1453,1871238901,Crime Boss: Rockay City,14,0.0067
1454,907587004,Dead Island: Riptide Definitive Edition,14,0.0067
1455,1770956743,Echoes of Aincrad DEMO Version,14,0.0067
1456,172017893,F1® 2019,14,0.0067
1457,1824003155,Family Feud®,14,0.0067
1458,1813362885,FIFA 14,14,0.0067
1459,1757807931,FINAL FANTASY TACTICS - The Ivalice Chronicles,14,0.0067
1460,159583079,Gear.Club Unlimited 2 - Ultimate Edition,14,0.0067
1461,682562723,Halo: Spartan Assault,14,0.0067
1462,1639666819,INAZUMA ELEVEN: Victory Road,14,0.0067
1463,1748165994,iRacing Arcade,14,0.0067
1464,1249526091,Madden NFL 16,14,0.0067
1465,1414793190,Mafia II,14,0.0067
1466,1414793292,Max Payne,14,0.0067
1467,1649675719,Max: The Curse of Brotherhood,14,0.0067
1468,2025840804,METAL GEAR SOLID 3: Snake Eater - Master Collection Version,14,0.0067
1469,534004979,Microsoft Ultimate Word Games,14,0.0067
1470,582279671,Moto Racer 4 Demo,14,0.0067
1471,664898642,NASCAR Heat 3,14,0.0067
1472,961593710,NHL® 20,14,0.0067
1473,1941002186,ON THE ROAD - The Truck Simulator,14,0.0067
1474,1802714933,Pathfinder: Wrath of the Righteous,14,0.0067
1475,1960926264,Phoenix Point,14,0.0067
1476,1702524932,Power Rangers: Battle for the Grid,14,0.0067
1477,487177805,Prison Architect: Xbox One Edition,14,0.0067
1478,116849471,Pro Evolution Soccer 2017,14,0.0067
1479,200732952,Project CARS 2,14,0.0067
1480,827416995,Pure Pool,14,0.0067
1481,816351210,Risk: Urban Assault,14,0.0067
1482,1813085990,Road 96,14,0.0067
1483,1823082250,Sally Face,14,0.0067
1484,1691013379,Secret Neighbor,14,0.0067
1485,1161889919,Skate 2,14,0.0067
1486,1633152429,SONIC SUPERSTARS,14,0.0067
1487,1480657342,Spelunky,14,0.0067
1488,1883232264,STAR WARS™ Episode I Racer,14,0.0067
1489,597690024,SWORD ART ONLINE: FATAL BULLET,14,0.0067
1490,1701212022,The Jackbox Party Pack 8,14,0.0067
1491,1161955801,The Technomancer,14,0.0067
1492,635298240,"The Walking Dead: Michonne - Ep. 1, In Too Deep",14,0.0067
1493,2108611710,TIEBREAK – GRAND SLAM EDITION,14,0.0067
1494,1297287263,Viva Piñata: TIP,14,0.0067
1495,1414793390,XCOM®: Enemy Within,14,0.0067
1496,1850945804,Age of Empires III: Definitive Edition,13,0.0063
1497,1723509320,Amazing Frog? (Game Preview),13,0.0063
1498,1844143156,Beach Buggy Racing 2: Island Adventure,13,0.0063
1499,2052376111,Beastro,13,0.0063
1500,230716687,Biomutant,13,0.0063
1501,1161889850,C&C3: Kane's Wrath,13,0.0063
1502,1512517621,Child of Light,13,0.0063
1503,370169912,Contrast,13,0.0063
1504,1480657529,Costume Quest ,13,0.0063
1505,1631581287,Cronos: The New Dawn,13,0.0063
1506,1822577333,Dead Rising Deluxe Remaster,13,0.0063
1507,1112934422,Disney Epic Mickey 2: The Power of Two,13,0.0063
1508,1989956835,Evolve,13,0.0063
1509,2063170939,Frostpunk: Console Edition,13,0.0063
1510,2020925056,Grim Dawn: Definitive Edition,13,0.0063
1511,1755179727,Grim Fandango Remastered,13,0.0063
1512,1911404173,Immortals of Aveum™,13,0.0063
1513,1396901863,Just Cause 2,13,0.0063
1514,1775780452,Just Dance Free Experience,13,0.0063
1515,1396901880,Kane & Lynch 2,13,0.0063
1516,1857859131,Lara Croft and the Temple of Osiris,13,0.0063
1517,1926489287,Marvel's Midnight Suns for Xbox One,13,0.0063
1518,322384131,Marvel: Ultimate Alliance,13,0.0063
1519,1893250709,Matchpoint - Tennis Championships | DEMO,13,0.0063
1520,1715766926,New World: Aeternum,13,0.0063
1521,1831668171,Opus Castle,13,0.0063
1522,1986472488,PAW Patrol™ Rescue Wheels™: Championship,13,0.0063
1523,1624743884,Persona 3 Portable,13,0.0063
1524,1632843296,Pillars of Eternity II: Deadfire - Ultimate Edition,13,0.0063
1525,1431504958,Prince of Persia The Forgotten Sands™,13,0.0063
1526,1431505091,Rayman® Legends,13,0.0063
1527,852431422,ReCore,13,0.0063
1528,950358266,Ride 2,13,0.0063
1529,2032369368,Scott Pilgrim vs. The World™: The Game – Complete Edition,13,0.0063
1530,1047413393,TERA,13,0.0063
1531,2119970550,The Bus,13,0.0063
1532,1397622748,THE KING OF FIGHTERS XIII,13,0.0063
1533,605741753,The LEGO Movie 2 Videogame,13,0.0063
1534,1313671253,The Witcher 2,13,0.0063
1535,2012594000,US Conflict — Tank Battles,13,0.0063
1536,1721482157,WARDOGS,13,0.0063
1537,1816197116,Wheel World,13,0.0063
1538,1849227144,WWE 2K20,13,0.0063
1539,1480656966,Alien Hominid HD,12,0.0058
1540,1682965706,Another Crab's Treasure,12,0.0058
1541,634298669,Bad North: Jotunn Edition,12,0.0058
1542,1952427486,Bloodstained: Ritual of the Night,12,0.0058
1543,1178929117,Bound by Flame,12,0.0058
1544,2093066399,Carrion,12,0.0058
1545,1693676973,Clue,12,0.0058
1546,1624755708,Contraband Police,12,0.0058
1547,1618801140,CRISIS CORE –FINAL FANTASY VII– REUNION,12,0.0058
1548,2065869943,Danganronpa V3: Killing Harmony Anniversary Edition,12,0.0058
1549,2102421406,Day of the Tentacle Remastered,12,0.0058
1550,274219762,Dead Rising 2 Off the Record,12,0.0058
1551,1704388492,DRAGON QUEST MONSTERS: The Withered World DEMO,12,0.0058
1552,886999858,Duke Nukem 3D: 20th Anniversary World Tour,12,0.0058
1553,1753087315,Fallout 76 (PC),12,0.0058
1554,1480659518,Far Cry Classic,12,0.0058
1555,1397819364,FINAL FANTASY XIII,12,0.0058
1556,1616852724,Full Throttle Remastered,12,0.0058
1557,1431504947,Ghost Recon: Future Soldier™,12,0.0058
1558,1683674669,Ghostbusters: Spirits Unleashed Ecto Edition,12,0.0058
1559,1129121860,GRID 2,12,0.0058
1560,1654652604,Heavy Cargo - The Truck Simulator,12,0.0058
1561,1678225803,Idle Wizard (Xbox One),12,0.0058
1562,1611225628,JDM: Japanese Drift Master,12,0.0058
1563,1044501532,Jeopardy!,12,0.0058
1564,1297287122,Kameo,12,0.0058
1565,1974645006,Killer Frequency,12,0.0058
1566,1939494382,KINGDOM HEARTS Ⅲ DEMO Version,12,0.0058
1567,1873492766,KINGDOM HEARTS HD 2.8 Final Chapter Prologue,12,0.0058
1568,1742982949,MotoGP™24,12,0.0058
1569,650779126,NBA 2K18,12,0.0058
1570,484684099,PAC-MAN 256,12,0.0058
1571,2048381683,PAC-MAN WORLD Re-PAC,12,0.0058
1572,1805770178,PAW Patrol Mighty Pups Save Adventure Bay,12,0.0058
1573,2100880776,Pentiment,12,0.0058
1574,1297287123,Perfect Dark Zero,12,0.0058
1575,1932565641,Pikuniku,12,0.0058
1576,1375792807,Pool Nation FX,12,0.0058
1577,2002584553,Puzzle Quest 3,12,0.0058
1578,1818899854,Resident Evil 3: Raccoon City Demo,12,0.0058
1579,192928167,Rocksmith 2014,12,0.0058
1580,1734582052,S.T.A.L.K.E.R.: Shadow of Chornobyl - Enhanced Edition,12,0.0058
1581,2054178211,SAMURAI SHODOWN (Standard Ver.),12,0.0058
1582,1847402697,ScreamRide,12,0.0058
1583,2112462799,Sengoku Dynasty,12,0.0058
1584,1955054478,Smalland: Survive the Wilds,12,0.0058
1585,269700535,Sniper Elite 3,12,0.0058
1586,1836687833,Sonic Colors: Ultimate,12,0.0058
1587,1967529255,SpongeBob SquarePants: The Cosmic Shake,12,0.0058
1588,1112934456,Star Wars Jedi Knight: Jedi Academy,12,0.0058
1589,82653045,Starlink: Battle for Atlas,12,0.0058
1590,90400189,SUPER BOMBERMAN R,12,0.0058
1591,2028975703,Superball,12,0.0058
1592,2142487375,Teenage Mutant Ninja Turtles: The Cowabunga Collection,12,0.0058
1593,1719207328,TERMINATOR: RESISTANCE - COMPLETE EDITION,12,0.0058
1594,1651647141,The Boat Grandma,12,0.0058
1595,1806542452,theHunter: Call of the Wild™ - Windows 10,12,0.0058
1596,2058227981,Thomas & Friends™: Wonders of Sodor,12,0.0058
1597,1774337609,Vampire: The Masquerade® - Bloodlines™ 2,12,0.0058
1598,2075589952,"Warhammer 40,000: Boltgun - Windows",12,0.0058
1599,1888936506,Worms Armageddon: Anniversary Edition,12,0.0058
1600,2069910424,Yakuza 0 Director's Cut,12,0.0058
1601,1783702427,AEW: Fight Forever,11,0.0053
1602,1915969143,AFL 23,11,0.0053
1603,416307002,ARCADE GAME SERIES: DIG DUG,11,0.0053
1604,524641908,Assassin's Creed® Chronicles: China,11,0.0053
1605,1414793176,BioShock,11,0.0053
1606,1414793309,BioShock Infinite,11,0.0053
1607,84648031,Bulletstorm: Full Clip Edition,11,0.0053
1608,189838548,Bus Simulator,11,0.0053
1609,1965711939,Capcom Fighting Collection 2,11,0.0053
1610,1161890152,Crysis,11,0.0053
1611,1992367075,Death Howl,11,0.0053
1612,2078793582,DYSMANTLE,11,0.0053
1613,1234432164,EA SPORTS™ Rory McIlroy PGA TOUR®,11,0.0053
1614,1662474270,Eternal Strands,11,0.0053
1615,2062455421,Fernbus Simulator,11,0.0053
1616,461914906,FIFA 19 Demo,11,0.0053
1617,2071782725,FINAL FANTASY III,11,0.0053
1618,2021453818,FINAL FANTASY VIII Remastered,11,0.0053
1619,1877135456,Freddy Fazbear's Pizzeria Simulator,11,0.0053
1620,21230315,Genesis Alpha One,11,0.0053
1621,1297287449,Halo 4,11,0.0053
1622,1480657520,Harms Way,11,0.0053
1623,1952945858,Hello Engineer Demo,11,0.0053
1624,2139519684,Hydroneer,11,0.0053
1625,1843104013,Infection Free Zone,11,0.0053
1626,522988823,LA Cops,11,0.0053
1627,1464993821,LEGO® Lord of the Rings™,11,0.0053
1628,1819998160,LEGO® Voyagers,11,0.0053
1629,1128466413,LOST PLANET 2,11,0.0053
1630,1687910025,Mahjong by Microsoft,11,0.0053
1631,1884916396,MARVEL MaXimum Collection,11,0.0053
1632,1297287144,Mass Effect,11,0.0053
1633,1955779192,MechWarrior 5: Clans,11,0.0053
1634,1263405120,METAL GEAR SOLID HD: 2 & 3,11,0.0053
1635,1904044383,Minecraft Preview for Windows,11,0.0053
1636,1931921361,Monster Energy Supercross - The Official Videogame 5,11,0.0053
1637,1548866781,MXGP2,11,0.0053
1638,2028520097,My Friend Pedro,11,0.0053
1639,880031210,NBA LIVE 19,11,0.0053
1640,737714383,ONE PIECE BURNING BLOOD - DEMO,11,0.0053
1641,1815686049,Paper io 2,11,0.0053
1642,1990620316,Persona 4 Revival,11,0.0053
1643,1743961068,Race The Sun,11,0.0053
1644,1889456287,Roller Champions™,11,0.0053
1645,2045526445,S.T.A.L.K.E.R.: Clear Sky - Enhanced Edition,11,0.0053
1646,2100312943,SCARLET NEXUS,11,0.0053
1647,2073736638,Scrabble,11,0.0053
1648,1692656490,SNIPER Ghost Warrior 3,11,0.0053
1649,1480659614,Sonic the Fighters,11,0.0053
1650,1726756158,Spiritfarer®: Farewell Edition,11,0.0053
1651,2009073182,Steelrising - Standard Edition,11,0.0053
1652,2002404032,Stranded: Alien Dawn,11,0.0053
1653,1397819363,Supreme Commander 2,11,0.0053
1654,1933264626,Survivalist: Invisible Strain,11,0.0053
1655,2036345770,The Dark Pictures Anthology House of Ashes,11,0.0053
1656,1997447389,The Dark Pictures Anthology: The Devil in Me,11,0.0053
1657,1005415207,The Golf Club 2019 featuring PGA TOUR,11,0.0053
1658,610345881,The Jackbox Party Pack,11,0.0053
1659,901516198,The Surge 2,11,0.0053
1660,62572131,The Wolf Among Us,11,0.0053
1661,1292135256,Titanfall,11,0.0053
1662,2070685355,to a T,11,0.0053
1663,1777774126,Visions of Mana,11,0.0053
1664,1839073348,Ancient Farm,10,0.0048
1665,1950164627,Antstream Arcade - Annual,10,0.0048
1666,1396901865,Battlestations Pacific,10,0.0048
1667,231858691,Bomber Crew,10,0.0048
1668,171879377,Call of Cthulhu,10,0.0048
1669,2012135933,Castlevania Dominus Collection,10,0.0048
1670,2128853757,Cricket 24,10,0.0048
1671,1619542068,Dawn of Man,10,0.0048
1672,1650442817,Deus Ex: Mankind Divided™,10,0.0048
1673,1673398628,Echo Generation 2,10,0.0048
1674,1678270415,Farm Together,10,0.0048
1675,408481962,FIFA 18 Demo,10,0.0048
1676,152270586,FINAL FANTASY XII THE ZODIAC AGE,10,0.0048
1677,1804966091,Forager,10,0.0048
1678,1618662965,Garfield Kart Furious Racing,10,0.0048
1679,1720478789,Gas Station Simulator,10,0.0048
1680,1963174058,Green Hell,10,0.0048
1681,1991431474,Grim Idle,10,0.0048
1682,1480656912,Heavy Weapon,10,0.0048
1683,1927102516,Herdling,10,0.0048
1684,90991576,How To Survive 2,10,0.0048
1685,2005346857,Idle Wizard,10,0.0048
1686,1480657557,Iron Brigade,10,0.0048
1687,1702245509,Junkster,10,0.0048
1688,1679509385,Kill It With Fire,10,0.0048
1689,850034103,Killer Instinct 2 Classic,10,0.0048
1690,1889321756,Microsoft Minesweeper,10,0.0048
1691,293003647,Microsoft Wordament,10,0.0048
1692,1906370210,Minecraft: Java Edition,10,0.0048
1693,2022357971,Monster Energy Supercross - The Official Videogame 4,10,0.0048
1694,2143308729,Monster Hunter Stories,10,0.0048
1695,311896559,Mount & Blade: Warband,10,0.0048
1696,1839786246,Murdered: Soul Suspect,10,0.0048
1697,1708079118,NASCAR 21: Ignition,10,0.0048
1698,971220532,NBA 2K Playgrounds 2,10,0.0048
1699,1480659436,NBA JAM: On Fire Edition,10,0.0048
1700,303799945,Nickelodeon Kart Racers,10,0.0048
1701,1413679064,Ninja Gaiden Black,10,0.0048
1702,2019100575,Puzzle Galaxy Xbox Edition,10,0.0048
1703,779253028,RIDE Demo,10,0.0048
1704,2021110805,Roblox - Not Supported,10,0.0048
1705,1781047490,Shin Megami Tensei V: Vengeance,10,0.0048
1706,1957476784,Sniper Elite V2 Remastered,10,0.0048
1707,1480656995,Sonic The Hedgehog 2,10,0.0048
1708,2016279503,SOPA - Tale of the Stolen Potato,10,0.0048
1709,2037196689,SpongeBob SquarePants: Titans of the Tide,10,0.0048
1710,2051503466,The Callisto Protocol,10,0.0048
1711,890454034,The Dark Pictures Anthology: Man Of Medan,10,0.0048
1712,1746975118,The Jackbox Party Pack 11,10,0.0048
1713,1582065954,The LEGO Movie Videogame DEMO,10,0.0048
1714,2101138430,The Matrix Awakens: An Unreal Engine 5 Experience,10,0.0048
1715,2110168941,The Rogue Prince of Persia™,10,0.0048
1716,1753283788,The Sinking City 2,10,0.0048
1717,1946103240,Tomb Raider I-III Remastered Starring Lara Croft,10,0.0048
1718,1935604508,Train Sim World® 5: Free Starter Pack,10,0.0048
1719,2073119116,Trials® Rising Demo,10,0.0048
1720,792914248,Tricky Towers,10,0.0048
1721,1937610303,Two Point Museum,10,0.0048
1722,1611397404,UBOAT,10,0.0048
1723,2019181131,Wasteland 2: Director's Cut,10,0.0048
1724,2008301104,Wildgate,10,0.0048
1725,2048748295,Wo Long 2: Wings of Ember,10,0.0048
1726,1900124001,WRC 10 FIA World Rally Championship Xbox One,10,0.0048
1727,2094867598,XIII,10,0.0048
1728,2146391417,60 Seconds! Reatomized Demo,9,0.0043
1729,1480657371,A World of Keflings ,9,0.0043
1730,2144204141,Achilles: Survivor,9,0.0043
1731,1431505070,Assassin's Creed® III ,9,0.0043
1732,2042945112,Atomicrops,9,0.0043
1733,1042452848,Aven Colony,9,0.0043
1734,338995079,Batman: The Enemy Within - Episode 1,9,0.0043
1735,364804937,BATTLESHIP®,9,0.0043
1736,1297287135,Blue Dragon,9,0.0043
1737,1617823540,Bomb Rush Cyberfunk,9,0.0043
1738,1161889798,Burnout Paradise,9,0.0043
1739,1161889888,C&C Red Alert 3,9,0.0043
1740,435779585,Capcom Beat 'Em Up Bundle,9,0.0043
1741,1480656960,Carcassonne,9,0.0043
1742,768615691,Chess Ultra,9,0.0043
1743,2057723777,Classified: France '44,9,0.0043
1744,2079449748,Clive Barker's Hellraiser: Revival,9,0.0043
1745,1096157460,COD: Advanced Warfare,9,0.0043
1746,1161890019,Crysis 2,9,0.0043
1747,1939160486,Dakar Desert Rally,9,0.0043
1748,1730984142,Danganronpa 2: Goodbye Despair Anniversary Edition,9,0.0043
1749,1680662849,Destroy All Humans! 2 - Reprobed,9,0.0043
1750,1397819386,DEUS EX: HUMAN REVOLUTION,9,0.0043
1751,2028637067,Drug Dealer Simulator,9,0.0043
1752,751766205,EA Play Hub,9,0.0043
1753,1743565876,Five Nights at Freddy's: Secret of the Mimic,9,0.0043
1754,344311848,For The King,9,0.0043
1755,1694490701,FuzzBall,9,0.0043
1756,1131124715,"Guns, Gore and Cannoli",9,0.0043
1757,1397819420,Hitman HD Pack,9,0.0043
1758,2093028006,Hole io,9,0.0043
1759,1960955312,I Am Fish,9,0.0043
1760,1916046476,Incremental Epic Hero 2,9,0.0043
1761,1480656891,Jetpac Refuelled,9,0.0043
1762,1728837206,KLETKA,9,0.0043
1763,1480657325,KOF2002UM,9,0.0043
1764,28152906,Lovers in a Dangerous Spacetime,9,0.0043
1765,2147358433,Madden NFL 15,9,0.0043
1766,1719118099,Manor Lords (Game Preview),9,0.0043
1767,645046198,Marvel vs. Capcom: Infinite Demo,9,0.0043
1768,1414793291,Max Payne® 2: The Fall of Max Payne,9,0.0043
1769,1979916310,METAL GEAR & METAL GEAR 2: Solid Snake,9,0.0043
1770,1691152104,MY HERO ONE'S JUSTICE 2 Demo,9,0.0043
1771,778400368,NBA 2K14,9,0.0043
1772,1413679061,NINJA GAIDEN II,9,0.0043
1773,838746653,Phoenix Wright: Ace Attorney Trilogy,9,0.0043
1774,2046628793,PixARK,9,0.0043
1775,1702914632,Poker Club,9,0.0043
1776,1789157539,Puyo Puyo™ Tetris® 2,9,0.0043
1777,1005790042,Resident Evil 7 Teaser: Beginning Hour,9,0.0043
1778,806435492,Road Redemption,9,0.0043
1779,1709856057,RoboCop: Rogue City - Unfinished Business,9,0.0043
1780,1804278141,Rugby 22 Xbox One,9,0.0043
1781,731167015,RUSH: A Disney • PIXAR Adventure Demo,9,0.0043
1782,1889657958,S.T.A.L.K.E.R.: Call of Prypiat - Enhanced Edition,9,0.0043
1783,2018103228,Ship of Fools,9,0.0043
1784,1885214706,Snooker 19,9,0.0043
1785,1813223937,SongPop Party,9,0.0043
1786,1628869222,Soulstone Survivors,9,0.0043
1787,1898652037,SOUTH PARK: SNOW DAY!,9,0.0043
1788,2002882362,Squirrel with a Gun,9,0.0043
1789,1161890298,SSX 3,9,0.0043
1790,1617919722,SUPER BOMBERMAN COLLECTION,9,0.0043
1791,2039224282,Super Monkey Ball Banana Mania,9,0.0043
1792,1431504855,TC's SC Double Agent,9,0.0043
1793,2013672301,The Gunk,9,0.0043
1794,1181281124,Thief,9,0.0043
1795,1805514538,Together: Moon Escape,9,0.0043
1796,2125289543,TRANSFORMERS™: Devastation,9,0.0043
1797,644829211,Turok 2: Seeds of Evil,9,0.0043
1798,2050010864,Two Point Hospital™,9,0.0043
1799,1777656573,Vanquish,9,0.0043
1800,566278,WWE 2K17,9,0.0043
1801,1978872277,2D How to Fish,8,0.0039
1802,1779788068,9 Kings (Game Preview),8,0.0039
1803,1751360232,AAA Dynamic Scenes,8,0.0039
1804,2016203684,Alaskan Road Truckers: Highway Edition,8,0.0039
1805,1712068512,Amanda the Adventurer,8,0.0039
1806,1616326452,Arcadegeddon,8,0.0039
1807,100154526,Baja: Edge of Control HD,8,0.0039
1808,965872275,Ben 10,8,0.0039
1809,1663573292,Bendy and the Dark Revival,8,0.0039
1810,1946485937,Besiege Console,8,0.0039
1811,1720764822,Brainrot Kart,8,0.0039
1812,2077036451,Cake Bash,8,0.0039
1813,1936376749,Capcom Fighting Collection,8,0.0039
1814,2004415551,CAPTAIN TSUBASA 2: WORLD FIGHTERS,8,0.0039
1815,2032548938,Cassette Beasts,8,0.0039
1816,1480659655,Castle of Illusion,8,0.0039
1817,1263405065,Castlevania LoS,8,0.0039
1818,400142602,Costume Quest 2,8,0.0039
1819,1669682262,Defense Grid 2,8,0.0039
1820,1893812325,Digital Story & Art Collection - Halo: Campaign Evolved,8,0.0039
1821,2131786732,Directive 8020,8,0.0039
1822,1743219650,Disney Epic Mickey: Rebrushed,8,0.0039
1823,1480657049,Domino Master,8,0.0039
1824,2061746629,Don't Starve: Giant Edition,8,0.0039
1825,2044234749,Dragon's Dogma 2 Character Creator & Storage,8,0.0039
1826,1802647542,DRAGON QUEST VII Reimagined,8,0.0039
1827,1712105499,DRIFTCE,8,0.0039
1828,1558010571,DYNASTY WARRIORS 8 Empires,8,0.0039
1829,531404425,DYNASTY WARRIORS 9,8,0.0039
1830,1736752782,Expansion for Explorers,8,0.0039
1831,1464993792,F.E.A.R. 3,8,0.0039
1832,1952256197,F1 2020,8,0.0039
1833,1680223788,FATAL FRAME II: Crimson Butterfly REMAKE,8,0.0039
1834,1890880304,Fobia - St. Dinfna Hotel,8,0.0039
1835,1770590742,Football Manager 2024 Console,8,0.0039
1836,1519874468,Forza Horizon 2 Presents Fast & Furious,8,0.0039
1837,1296697298,Full Game - Psychonauts,8,0.0039
1838,1711556027,Garten of Banban 2,8,0.0039
1839,476517807,Gravel,8,0.0039
1840,488156801,GreedFall,8,0.0039
1841,1297287287,Halo 3: ODST Campaign Edition,8,0.0039
1842,1828807544,Harry Potter: Quidditch Champions,8,0.0039
1843,1760815176,Hero's Hour,8,0.0039
1844,2144211794,Iron Harvest Complete Edition,8,0.0039
1845,1873893114,Just Die Already,8,0.0039
1846,901962824,KartRider: Drift,8,0.0039
1847,1799885509,Labyrinthine - Console Edition,8,0.0039
1848,2020925735,Make Way,8,0.0039
1849,523468027,Mega Man 11,8,0.0039
1850,956590734,Mega Man Legacy Collection 2,8,0.0039
1851,1480657433,Might & Magic Clash of Heroes™,8,0.0039
1852,1957255658,MORDHAU,8,0.0039
1853,1698746853,MotoGP™23,8,0.0039
1854,1983023791,Moving Simulator,8,0.0039
1855,1891931390,MXGP 2021 - The Official Motocross Videogame - Xbox Series X|S,8,0.0039
1856,2006666244,NBA 2K21 Next Generation,8,0.0039
1857,304932652,NHL® 21,8,0.0039
1858,1634565765,NHL® 94 REWIND,8,0.0039
1859,1059087507,Octodad: Dadliest Catch,8,0.0039
1860,1977174786,ONE PIECE ODYSSEY,8,0.0039
1861,1146095594,Onechanbara,8,0.0039
1862,2034484895,Out of Space: Couch Edition,8,0.0039
1863,2011093308,Pacify,8,0.0039
1864,843014522,Pathfinder: Kingmaker - Definitive Edition,8,0.0039
1865,269677862,PING REDUX,8,0.0039
1866,1894255361,Placid Plastic Duck Simulator,8,0.0039
1867,1542414577,Plague Inc: Evolved,8,0.0039
1868,671807457,Portal Knights,8,0.0039
1869,1658941037,PRAGMATA Sketchbook - DEMO,8,0.0039
1870,1641566497,Railroads Online,8,0.0039
1871,1901782415,Railway Empire 2 (Win),8,0.0039
1872,1480659519,Rayman 3 HD,8,0.0039
1873,967641964,Realm Royale Reforged,8,0.0039
1874,1883914934,RENNSPORT,8,0.0039
1875,1853277604,RetroRealms Arcade,8,0.0039
1876,1652661000,Rugby Challenge 4,8,0.0039
1877,303584158,Sea of Solitude,8,0.0039
1878,804980065,Sea of Thieves Insider,8,0.0039
1879,1480657777,Sega Vintage Collection: Streets of Rage,8,0.0039
1880,1740860919,Sniper Ghost Warrior Contracts,8,0.0039
1881,1414793283,Spec Ops: The Line,8,0.0039
1882,2010543124,Star Trek: Voyager - Across the Unknown,8,0.0039
1883,2050520287,STRANGER OF PARADISE FINAL FANTASY ORIGIN,8,0.0039
1884,2083038530,STRANGER THAN HEAVEN,8,0.0039
1885,912691842,Sudden Strike 4 - European Battlefields Edition,8,0.0039
1886,585971749,Super Mega Baseball 2,8,0.0039
1887,1915523932,Tempopo,8,0.0039
1888,1842335063,The Mortuary Assistant,8,0.0039
1889,1910952414,TRIALS of MANA,8,0.0039
1890,1658477123,Unturned,8,0.0039
1891,2013541297,"Warhammer 40,000: Space Marine - Master Crafted Edition",8,0.0039
1892,1807860559,Werewolf: The Apocalypse - Earthblood Xbox Series X|S,8,0.0039
1893,181948997,WWE 2K15,8,0.0039
1894,593828894,Absolver,7,0.0034
1895,1664723386,Afterimage,7,0.0034
1896,1755599316,Age of Empires Definitive Edition,7,0.0034
1897,1897918694,Airport Baggage Sim,7,0.0034
1898,1762831513,Amazing Frog? Demo,7,0.0034
1899,1742707305,Ambulance Life: A Paramedic Simulator,7,0.0034
1900,1975041917,Amnesia: The Bunker,7,0.0034
1901,1678543324,Aragami 2,7,0.0034
1902,1431505017,Assassin's Creed Revelations,7,0.0034
1903,1431505102,Assassin's Creed® Rogue,7,0.0034
1904,1865619206,Astro Flame Starfighter (Xbox Series X|S),7,0.0034
1905,1807479023,Backyard Baseball,7,0.0034
1906,1639963506,BlackJack 21 Pro!,7,0.0034
1907,1024154899,Boggle,7,0.0034
1908,870299798,Carnival Games®,7,0.0034
1909,1885205020,Cash Cleaner Simulator,7,0.0034
1910,1480659976,Castlevania: LoS - Mirror of Fate HD,7,0.0034
1911,2123216194,Crysis 2 Remastered,7,0.0034
1912,1935688591,Daemon X Machina: Titanic Scion,7,0.0034
1913,1864028566,Dark Hours,7,0.0034
1914,1414596582,Darksiders,7,0.0034
1915,1634898195,Darkwood,7,0.0034
1916,1413679057,DEAD OR ALIVE 4,7,0.0034
1917,376779456,Death Road to Canada,7,0.0034
1918,402672897,Death Squared,7,0.0034
1919,710337025,Demo Middle-earth™: Shadow of War™,7,0.0034
1920,1129121853,DiRT 3,7,0.0034
1921,153292310,Disney Infinity 3.0 Edition,7,0.0034
1922,1954227024,DRAGON BALL: THE BREAKERS,7,0.0034
1923,1431505022,Driver San Francisco,7,0.0034
1924,1414793294,Duke Nukem Forever,7,0.0034
1925,548464799,EA SPORTS™ UFC®,7,0.0034
1926,1930656280,Enotria: The Last Song,7,0.0034
1927,2015929879,Evil Dead: The Game,7,0.0034
1928,2089461712,Expeditions: A MudRunner Game,7,0.0034
1929,1480659903,Far Cry® 3 Blood Dragon,7,0.0034
1930,184042097,Fe,7,0.0034
1931,1479130986,FIFA 15 Downloadable Demo,7,0.0034
1932,1835944487,Five Nights at Freddy's Into the Pit,7,0.0034
1933,1480657265,GAROU MOW,7,0.0034
1934,1480656877,Geometry Wars Evolved,7,0.0034
1935,2126757651,Ghostrunner,7,0.0034
1936,488865290,Gravel Demo,7,0.0034
1937,1984491277,Grim Idle (Xbox One),7,0.0034
1938,341719186,"Guns, Gore and Cannoli 2",7,0.0034
1939,2026289722,Heroes of Might and Magic: Olden Era (Game Preview),7,0.0034
1940,1682140320,House Flipper Remastered Collection,7,0.0034
1941,2010890559,Hunting Simulator 2 Xbox Series X|S,7,0.0034
1942,447331588,I Am Bread,7,0.0034
1943,1982219874,Insects: An Xbox One X Enhanced Experience,7,0.0034
1944,2047199918,Isonzo (Windows),7,0.0034
1945,2105228747,Killer Klowns From Outer Space: The Game,7,0.0034
1946,1750584112,Lacrosse 26,7,0.0034
1947,1279330285,LEGO® Indiana Jones™ 2,7,0.0034
1948,1753941224,Life is Strange: Reunion,7,0.0034
1949,1891684356,Lost in Random™,7,0.0034
1950,196597117,Mega Man X Legacy Collection 2,7,0.0034
1951,1743064739,METAL GEAR SOLID: MASTER COLLECTION Vol.2 BONUS CONTENT,7,0.0034
1952,1263405116,MGS PW HD,7,0.0034
1953,1696839999,MXGP 24: The Official Game,7,0.0034
1954,1674229576,MXGP 26 - The Official Game,7,0.0034
1955,2040686890,My Time at Sandrock,7,0.0034
1956,1696832928,NHRA Championship Drag Racing: Speed For All,7,0.0034
1957,2095724117,Nice Day for Fishing,7,0.0034
1958,2105140633,NieR Replicant ver.1.22474487139...,7,0.0034
1959,2025399821,ONE PUNCH MAN: A HERO NOBODY KNOWS,7,0.0034
1960,2008358711,Painkiller,7,0.0034
1961,939615894,Paw Patrol: On a Roll,7,0.0034
1962,1971028549,PAW Patrol™: Dino World,7,0.0034
1963,1691501118,Peglin,7,0.0034
1964,1731967517,Prison Escape Simulator,7,0.0034
1965,1907381044,Project Cars,7,0.0034
1966,1770386582,Pure Pool Pro,7,0.0034
1967,1431504886,R.U.S.E.,7,0.0034
1968,24524637,Railway Empire,7,0.0034
1969,1414596703,Red Faction: Armageddon,7,0.0034
1970,1685686710,Rogue Legacy 2,7,0.0034
1971,1806655067,RollerCoaster Tycoon Classic,7,0.0034
1972,2001626208,Roots of Pacha,7,0.0034
1973,2025898879,Rugby 22 Xbox Series X|S,7,0.0034
1974,1693521674,Rumbleverse,7,0.0034
1975,1727426017,Sandustry (Game Preview),7,0.0034
1976,1060097466,Serious Sam Collection,7,0.0034
1977,1916393313,SIGNALIS,7,0.0034
1978,2031266067,Sker Ritual,7,0.0034
1979,1657758963,Slay the Princess - The Pristine Cut,7,0.0034
1980,2051631747,Spectre Divide,7,0.0034
1981,2037835570,Square Enix Digital Content Viewer,7,0.0034
1982,1636452571,SRX: The Game,7,0.0034
1983,1940560837,Sudden Strike 5,7,0.0034
1984,1987589092,Surviving Mars: Relaunched,7,0.0034
1985,1872765418,Tales of Arise (Xbox Series X|S),7,0.0034
1986,225007476,Team Sonic Racing™,7,0.0034
1987,1873939850,Teenage Mutant Ninja Turtles Arcade: Wrath of the Mutants,7,0.0034
1988,2058683262,Teenage Mutant Ninja Turtles: Mutants Unleashed,7,0.0034
1989,213257000,TerraTech,7,0.0034
1990,1731548634,The Dark Pictures Anthology: Little Hope,7,0.0034
1991,1633778685,The Stanley Parable: Ultra Deluxe,7,0.0034
1992,20605635,The Surge,7,0.0034
1993,1619933938,The Survivalists,7,0.0034
1994,544772182,Thronebreaker: The Witcher Tales,7,0.0034
1995,1683840789,Tomb Raider IV-VI Remastered,7,0.0034
1996,1480657581,Trials Evolution,7,0.0034
1997,1851490214,Tribes of Midgard,7,0.0034
1998,547734537,Truck Racing Championship,7,0.0034
1999,1749676903,Two Point Campus,7,0.0034
2000,995443207,Verdun,7,0.0034
2001,1884076770,Visage,7,0.0034
2002,1983962095,"Warhammer 40,000: Battlesector",7,0.0034
2003,689916261,"Warhammer 40,000: Inquisitor - Martyr Ultimate Edition",7,0.0034
2004,940586683,Wizard of Legend,7,0.0034
2005,2142309066,WWE 2K Battlegrounds,7,0.0034
2006,1414793346,XCOM®: Enemy Unknown,7,0.0034
2007,398132983,ACA NEOGEO METAL SLUG 2,6,0.0029
2008,552749870,ACA NEOGEO THE KING OF FIGHTERS '98,6,0.0029
2009,946215144,AirMech® Arena,6,0.0029
2010,2130794071,Apollo Justice: Ace Attorney Trilogy,6,0.0029
2011,909545209,Ashen,6,0.0029
2012,1445607414,Assassin's Creed® Chronicles: Russia,6,0.0029
2013,1754564226,Atlas Fallen: Reign of Sand (Windows),6,0.0029
2014,1833100190,Baldur's Gate: Dark Alliance II,6,0.0029
2015,2006171548,Battle Brothers,6,0.0029
2016,2028367316,Beer Manufacture Simulator,6,0.0029
2017,1736678881,Bleeding Edge,6,0.0029
2018,1661717515,Blood Bowl 3,6,0.0029
2019,1480657330,Bomberman Battlefest,6,0.0029
2020,2014729842,Car For Sale Simulator 2023,6,0.0029
2021,1850252450,Chef's Journey: Cooking Adventures,6,0.0029
2022,54541475,Construction Simulator 2 US - Console Edition,6,0.0029
2023,1916543336,Croc's World (Xbox-Edition),6,0.0029
2024,2077764934,Crysis Remastered,6,0.0029
2025,367230746,Darksiders Genesis,6,0.0029
2026,1867293778,Darwin Project,6,0.0029
2027,2017702583,Dauntless,6,0.0029
2028,1154802774,Dead Rising 3 Demo,6,0.0029
2029,1974043980,Disney Classic Games: Aladdin and The Lion King,6,0.0029
2030,1951675244,DJMAX RESPECT V,6,0.0029
2031,576050592,DOOM Demo,6,0.0029
2032,1921196301,Drug Dealer Simulator 2,6,0.0029
2033,2050929089,DUCKSIDE (Game Preview),6,0.0029
2034,134413498,EA SPORTS™ NHL® 18,6,0.0029
2035,2046176982,Empire of Sin,6,0.0029
2036,1644006979,ENDLESS Legend™ 2,6,0.0029
2037,2043510457,Friends vs Friends,6,0.0029
2038,1926605815,Funko Fusion,6,0.0029
2039,1690204019,Garten of Banban 3,6,0.0029
2040,1480660120,Goat Simulator,6,0.0029
2041,2020032940,HAWKED,6,0.0029
2042,1704351342,Hello Neighbor 2,6,0.0029
2043,2111451812,Horror Adventure : Zombie Edition (Demo),6,0.0029
2044,1964820394,Hotline Miami Collection,6,0.0029
2045,1660075534,Hunting Simulator 2 Xbox One,6,0.0029
2046,1997835037,I Am Your Beast,6,0.0029
2047,1977008263,JoJo's Bizarre Adventure: All-Star Battle R Demo Version,6,0.0029
2048,1966310183,Just Dance® 2022,6,0.0029
2049,1660823717,LEGO® Brawls,6,0.0029
2050,2005013689,LEGO® Bricktales,6,0.0029
2051,542819315,Life is Strange: Before the Storm Episode 1,6,0.0029
2052,1297287162,Lost Odyssey,6,0.0029
2053,1128466480,Lost Planet 3,6,0.0029
2054,1480659475,Magic 2013,6,0.0029
2055,1161889998,Mass Effect 2,6,0.0029
2056,1935548464,Master Detective Archives: RAIN CODE Plus,6,0.0029
2057,2045704503,Metaball,6,0.0029
2058,1973367334,MindsEye,6,0.0029
2059,14233261,Minecraft: Story Mode - Season Two - Episode 1,6,0.0029
2060,1423533994,MotoGP™15,6,0.0029
2061,1885048343,Mr. Bomber,6,0.0029
2062,1754663581,MULLET MADJACK,6,0.0029
2063,1887596214,Nickelodeon All-Star Brawl,6,0.0029
2064,2021405472,Nickelodeon Kart Racers 2: Grand Prix,6,0.0029
2065,1718697574,OCTOPATH TRAVELER,6,0.0029
2066,2132252311,Olympic Games Tokyo 2020 – The Official Video Game™,6,0.0029
2067,2121532136,Once Upon A KATAMARI,6,0.0029
2068,1894365262,PAW Patrol: Grand Prix,6,0.0029
2069,1712366974,PC Building Simulator,6,0.0029
2070,172342998,PLAYERUNKNOWN’S BATTLEGROUNDS – Public Test Server,6,0.0029
2071,1715636420,Pummel Party,6,0.0029
2072,1480657006,Puzzle Fighter HD,6,0.0029
2073,2043859430,Revenge of the Savage Planet,6,0.0029
2074,1738390204,Rivals of Aether,6,0.0029
2075,1861374778,Rugby Challenge 3,6,0.0029
2076,365310947,Scribblenauts Mega Pack,6,0.0029
2077,2123131012,Serious Sam: Shatterverse,6,0.0029
2078,2100742349,Sir Whoopass,6,0.0029
2079,1833325369,Sniper Dan,6,0.0029
2080,60656359,SOMA,6,0.0029
2081,1480657415,SONIC THE HEDGEHOG™ 4 Episode I,6,0.0029
2082,778803087,Spacelords,6,0.0029
2083,1940217918,SquadBlast (Game Preview),6,0.0029
2084,1618733759,Star Wars Outlaws - Free Demo,6,0.0029
2085,2079765251,Streets of Rogue,6,0.0029
2086,2141647881,Tales from the Borderlands - Episode 1: Zer0 Sum,6,0.0029
2087,1624769204,Talisman: Digital Edition,6,0.0029
2088,1431504880,TC's GRAW2,6,0.0029
2089,1480657504,Tecmo Bowl Throwback®,6,0.0029
2090,157772240,The Bard's Tale IV: Director's Cut,6,0.0029
2091,1968679051,The Cabin Factory,6,0.0029
2092,1668095237,The Jackbox Naughty Pack,6,0.0029
2093,1772965835,The Last Stand: Aftermath,6,0.0029
2094,1781023780,The Medium,6,0.0029
2095,193310209,The Witness,6,0.0029
2096,467118163,Titan Quest,6,0.0029
2097,1396901868,Tomb Raider Underworld,6,0.0029
2098,286890904,TRANSFORMERS: Fall of Cybertron,6,0.0029
2099,1970219979,Used Cars Simulator,6,0.0029
2100,103629720,V-Rally 4,6,0.0029
2101,1895560154,Virtual Villagers Origins 2 Xbox,6,0.0029
2102,405657081,Warhammer: End Times - Vermintide,6,0.0029
2103,586255311,WARRIORS OROCHI 3 Ultimate,6,0.0029
2104,474535578,WARRIORS OROCHI 4,6,0.0029
2105,1926154049,Wasteland Remastered,6,0.0029
2106,1926895632,We Were Here,6,0.0029
2107,1892485156,We Were Here Expeditions: The FriendShip,6,0.0029
2108,1894333860,WRC 8 FIA World Rally Championship Xbox One,6,0.0029
2109,2040239934,XDefiant,6,0.0029
2110,1839962476,Yakuza Kiwami,6,0.0029
2111,1963899312,Yakuza Kiwami 2,6,0.0029
2112,701037441,Age of Wonders: Planetfall,5,0.0024
2113,1835497756,Agents of Mayhem,5,0.0024
2114,652901378,APB Reloaded,5,0.0024
2115,2083321391,Arachnophobic Kyle,5,0.0024
2116,244952910,Aragami: Shadow Edition,5,0.0024
2117,1741728886,Arcade Paradise,5,0.0024
2118,1756488270,Arkanoid Eternal Battle,5,0.0024
2119,1743279702,Arma Reforger - Experimental,5,0.0024
2120,670545608,Armored Warfare,5,0.0024
2121,1431504989,Assassin's Creed Brotherhood,5,0.0024
2122,1744435907,Atelier Yumia: The Alchemist of Memories & the Envisioned Land (Xbox Series X|S),5,0.0024
2123,433520651,Attack on Titan,5,0.0024
2124,975485641,Back to the Future: The Game - 30th Anniversary Edition,5,0.0024
2125,1161889960,Battlefield Bad Company 2,5,0.0024
2126,2024847837,Bee Simulator,5,0.0024
2127,1798776797,Bendy and the Dark Revival (Xbox Series X|S),5,0.0024
2128,2099876954,Big Rumble Boxing: Creed Champions,5,0.0024
2129,1714151217,Blair Witch,5,0.0024
2130,1082339580,BLAZBLUE CHRONOPHANTASMA EXTEND,5,0.0024
2131,1112934366,Bolt,5,0.0024
2132,1179846636,Breakdown,5,0.0024
2133,1986852796,Brews & Bastards,5,0.0024
2134,232457702,Broken Age,5,0.0024
2135,720192428,Bud Spencer & Terence Hill - Slaps And Beans,5,0.0024
2136,1950881463,Bum Simulator,5,0.0024
2137,1852853299,Call of Duty®: WWII (Windows),5,0.0024
2138,1724411039,Card Storm Idle,5,0.0024
2139,1414596609,Cars MN,5,0.0024
2140,1480657530,Castlevania HD,5,0.0024
2141,1263405133,Castlevania: LoS 2,5,0.0024
2142,1737803796,Clone Drone in the Danger Zone Demo,5,0.0024
2143,1859542622,Contra Anniversary Collection,5,0.0024
2144,2107339353,Control Standard Edition,5,0.0024
2145,1935260193,Corsair Cove,5,0.0024
2146,1480659546,Counter-Strike: GO,5,0.0024
2147,2079295420,Crash Team Rumble™,5,0.0024
2148,2004944930,Crime Simulator,5,0.0024
2149,2004939306,Crysis 3 Remastered,5,0.0024
2150,1691794314,Dark Deception Demo,5,0.0024
2151,2094503132,Darwin's Paradox!,5,0.0024
2152,1671934405,Dead Rising Deluxe Remaster Demo,5,0.0024
2153,893913056,Destroy All Humans (2005),5,0.0024
2154,1112934403,Disney Universe,5,0.0024
2155,1062046240,Divinity: Original Sin - Enhanced Edition,5,0.0024
2156,2125974437,Door Kickers: Action Squad,5,0.0024
2157,532569395,Drawful 2,5,0.0024
2158,1757950833,DreamWorks All-Star Kart Racing,5,0.0024
2159,1480659910,DuckTales: Remastered,5,0.0024
2160,1640323097,DYNASTY WARRIORS 9 Empires,5,0.0024
2161,2109921570,DYNASTY WARRIORS: ORIGINS Demo,5,0.0024
2162,1817638967,Echoes of the End: Enhanced Edition,5,0.0024
2163,1639220334,Exo One,5,0.0024
2164,180750187,F1™ 2017,5,0.0024
2165,1629487179,FATAL FRAME: Maiden of Black Water,5,0.0024
2166,548611852,FIFA 20 Demo,5,0.0024
2167,1807778636,Garfield - Escape From Monday,5,0.0024
2168,1696603875,Gas Station Simulator (Xbox Series),5,0.0024
2169,945174237,Geometry Wars™ 3: Dimensions Evolved,5,0.0024
2170,1730221723,Ghostrunner 2,5,0.0024
2171,2041780296,Gothic II Complete Classic,5,0.0024
2172,2009282091,Graveyard Keeper 2 Demo,5,0.0024
2173,2143007580,Great God Grove,5,0.0024
2174,453673951,Guitar Hero Live,5,0.0024
2175,1936375380,Gungrave G.O.R.E,5,0.0024
2176,1297287176,Halo Wars,5,0.0024
2177,2028516160,Hardspace: Shipbreaker - Windows,5,0.0024
2178,1880214966,Hello Neighbor: Hide and Seek,5,0.0024
2179,1297287250,Jade Empire™,5,0.0024
2180,1741183625,Juiced Fruit Racing Demo,5,0.0024
2181,1003093254,Just Dance 2017®,5,0.0024
2182,1749806231,Keep Talking and Nobody Explodes,5,0.0024
2183,1849860727,Kids Learn Demo,5,0.0024
2184,1840996916,Kinect Sports Rivals,5,0.0024
2185,1956902009,Kynseed,5,0.0024
2186,1750950186,Laundering Simulator,5,0.0024
2187,1912466607,Laundry Store Simulator,5,0.0024
2188,2028645063,Legend of Mana,5,0.0024
2189,1651525052,Life is Strange: Before the Storm Remastered,5,0.0024
2190,2119300209,Life is Strange: Double Exposure,5,0.0024
2191,1841790832,Little Nightmares II Enhanced Edition - Windows,5,0.0024
2192,1898106366,Little Ralph - Trial,5,0.0024
2193,1480659653,Magic 2014 — Duels of the Planeswalkers,5,0.0024
2194,1537894068,Magic 2015,5,0.0024
2195,1014379144,Marvel: Ultimate Alliance 2,5,0.0024
2196,23963413,Mega Man Zero/ZX Legacy Collection,5,0.0024
2197,1941838752,MELTY BLOOD: TYPE LUMINA,5,0.0024
2198,1906672574,Middle-earth™: Shadow of Mordor™,5,0.0024
2199,1869122946,MONOPOLY DEAL,5,0.0024
2200,1864843444,Monopoly: Star Wars™ Heroes vs. Villains,5,0.0024
2201,1685499852,Monster Hunter Stories 2: Wings of Ruin,5,0.0024
2202,1150103050,Mordheim: City of the Damned,5,0.0024
2203,576433659,Moto Racer 4,5,0.0024
2204,1480657679,Motocross Madness,5,0.0024
2205,1866194138,Murder Miners,5,0.0024
2206,113198981,NBA 2K18: The Prelude,5,0.0024
2207,1696456823,NBA 2K22 for Xbox Series X|S,5,0.0024
2208,37469967,NBA Playgrounds,5,0.0024
2209,1961823263,NHL® 22 Xbox Series X|S,5,0.0024
2210,1820656575,NHL® 23 Xbox Series X|S,5,0.0024
2211,1624572870,Ni no Kuni™ II: Revenant Kingdom - The Prince's Edition,5,0.0024
2212,1846760960,Nickelodeon Kart Racers 3: Slime Speedway,5,0.0024
2213,1819944286,Nun Massacre,5,0.0024
2214,1692022171,OCTOPATH TRAVELER 0,5,0.0024
2215,1903313113,Orcs Must Die! Deathtrap,5,0.0024
2216,1727613823,Overcooked! 2,5,0.0024
2217,1480657548,PAC-MAN CE DX+,5,0.0024
2218,1877956827,Peppa Pig: World Adventures,5,0.0024
2219,912254227,Pit People,5,0.0024
2220,2117095676,Planet of Lana,5,0.0024
2221,1628806449,Potion Craft: Alchemist Simulator,5,0.0024
2222,1112934361,Pure,5,0.0024
2223,753024882,Red Faction Guerrilla Re-Mars-tered,5,0.0024
2224,1827805096,Relic Hunters Legend,5,0.0024
2225,2122057393,Relooted,5,0.0024
2226,1813984116,Resident Evil 4 Chainsaw Demo,5,0.0024
2227,1751333235,Resident Evil Village Gold Edition Gameplay Demo,5,0.0024
2228,1619865604,Ring of Pain,5,0.0024
2229,1820242486,Roguebook Xbox Series X|S,5,0.0024
2230,1704946873,Romancing SaGa 2: Revenge of the Seven,5,0.0024
2231,1263339520,Saints Row: Gat Out of Hell   ,5,0.0024
2232,1628932021,Scott Pilgrim EX,5,0.0024
2233,2019850068,Screamer - Demo,5,0.0024
2234,1532956420,Sébastien Loeb Rally EVO,5,0.0024
2235,2000442171,Shadow Warrior 3: Definitive Edition,5,0.0024
2236,865750499,Shantae: Half-Genie Hero,5,0.0024
2237,1963476984,Sherlock Holmes Chapter One,5,0.0024
2238,1414793256,Sid Meier's Pirates!,5,0.0024
2239,1263405029,Silent Hill Homecoming,5,0.0024
2240,1920296991,SiN Reloaded,5,0.0024
2241,902608,Sky Force Reloaded,5,0.0024
2242,844274714,Skylanders Imaginators,5,0.0024
2243,1147123126,Skylanders Trap Team,5,0.0024
2244,1179584488,Sniper Elite V2,5,0.0024
2245,1649097896,SnowRunner - Windows,5,0.0024
2246,2098784475,Soulstice,5,0.0024
2247,1859601917,Spellbreak,5,0.0024
2248,1912029217,STAB STAB STAB!,5,0.0024
2249,1112934457,STAR WARS Jedi Starfighter,5,0.0024
2250,1663285336,STAR WARS™: Bounty Hunter™,5,0.0024
2251,1328778537,SteamWorld Dig,5,0.0024
2252,2125557798,Still Wakes the Deep,5,0.0024
2253,1876484566,STORY OF SEASONS: Friends of Mineral Town,5,0.0024
2254,1770175521,Surviving the Aftermath,5,0.0024
2255,1619109702,Tales of Symphonia Remastered,5,0.0024
2256,1431504864,TC's EndWar,5,0.0024
2257,1431504853,TC's GRAW,5,0.0024
2258,1480656886,Texas Hold'em,5,0.0024
2259,2065439517,That Time I Got Reincarnated as a Slime ISEKAI Chronicles,5,0.0024
2260,1891258006,The Bard's Tale ARPG : Remastered and Resnarkled,5,0.0024
2261,1987184613,The Jackbox Party Pack 9,5,0.0024
2262,1648318214,The Lord of the Rings: Gollum™,5,0.0024
2263,1748167956,The Riftbreaker,5,0.0024
2264,1776537730,The Sinking City Remastered,5,0.0024
2265,1431505093,The Stick of Truth™,5,0.0024
2266,1858859325,The Thing: Remastered,5,0.0024
2267,2128187549,The Walking Zombie 2,5,0.0024
2268,2031756340,They Are Billions,5,0.0024
2269,1480657534,Torchlight,5,0.0024
2270,1891146321,Tower Dominion,5,0.0024
2271,1480657580,Toy Soldiers: Cold War,5,0.0024
2272,1905434171,TRAIL OUT,5,0.0024
2273,1763742865,Train Sim World® 2,5,0.0024
2274,239008106,Tropico 5 - Penultimate Edition,5,0.0024
2275,1879353165,TT Isle of Man Ride on the Edge 2,5,0.0024
2276,2008180842,Ultimate General: Civil War,5,0.0024
2277,2092757077,Ultra Kingdoms Beta April-2026,5,0.0024
2278,1851310927,Who Wants to Be a Millionaire?,5,0.0024
2279,1738666347,Wizardry: Proving Grounds of the Mad Overlord,5,0.0024
2280,1696868991,WRC Generations - The FIA WRC Official Game,5,0.0024
2281,1953589006,Yakuza 0,5,0.0024
2282,1777058720,Yakuza 5 Remastered,5,0.0024
2283,1926334123,Yakuza Kiwami 3 & Dark Ties,5,0.0024
2284,555542903,Yoku's Island Express,5,0.0024
2285,984203469,Ys Origin,5,0.0024
2286,1520322998,Zombie Army Trilogy,5,0.0024
2287,88086791,A KING'S TALE: FINAL FANTASY XV,4,0.0019
2288,1480657115,A Kingdom for Keflings,4,0.0019
2289,2002870555,A Little to the Left,4,0.0019
2290,1528308274,Aaero,4,0.0019
2291,390641336,ACA NEOGEO METAL SLUG,4,0.0019
2292,983914761,ACA NEOGEO METAL SLUG 3,4,0.0019
2293,731026222,ACA NEOGEO METAL SLUG X,4,0.0019
2294,419725624,ACA NEOGEO THE KING OF FIGHTERS '97,4,0.0019
2295,2023402980,Achilles: Legends Untold,4,0.0019
2296,592146950,Adventure Pop,4,0.0019
2297,1763236945,AFL Evolution 2,4,0.0019
2298,1480659507,Alan Wake's American Nightmare ®,4,0.0019
2299,1161889868,Army of Two™ (EU),4,0.0019
2300,1664245882,Atari 50: The Anniversary Celebration,4,0.0019
2301,1859435059,BAD END THEATER,4,0.0019
2302,1480656876,Bankshot Billiards 2,4,0.0019
2303,443831560,Battlestar Galactica Deadlock™,4,0.0019
2304,1396901849,Battlestations: Midway,4,0.0019
2305,1834315926,Beautiful Sakura: Fashion Club,4,0.0019
2306,2139111044,Beautiful Sakura: Fighting Club,4,0.0019
2307,2005330027,Beautiful Sakura: Fighting Club (Xbox One),4,0.0019
2308,1685830632,Beautiful Sakura: Football Club,4,0.0019
2309,1772771071,Beautiful Sakura: Football Club (Xbox One),4,0.0019
2310,1611175987,Beautiful Sakura: Racing Club,4,0.0019
2311,1755765217,Beautiful Sakura: Racing Club (Xbox One),4,0.0019
2312,2049111049,Bendy and the Ink Machine (Xbox Series X|S),4,0.0019
2313,1812873797,Blades of Fire,4,0.0019
2314,883799031,Bless Unleashed,4,0.0019
2315,1739622609,Blood West,4,0.0019
2316,1933262495,Bluey's Quest for the Gold Pen,4,0.0019
2317,1896582181,Bramble: The Mountain King,4,0.0019
2318,1431504924,Call of Juarez: Bound in Blood,4,0.0019
2319,1898707353,Card Storm Idle (Xbox One),4,0.0019
2320,293403523,Cartoon Network: Battle Crashers,4,0.0019
2321,1480659610,CastleStorm,4,0.0019
2322,1739606934,Castlevania Advance Collection,4,0.0019
2323,1715577372,Chained Echoes,4,0.0019
2324,1648747431,Chained Together,4,0.0019
2325,1872307318,Chef Life: A Restaurant Simulator,4,0.0019
2326,1480656871,Cloning Clyde,4,0.0019
2327,1842022716,Colt Canyon,4,0.0019
2328,2124623269,Commandos 3 - HD Remaster | DEMO,4,0.0019
2329,1777786002,Commandos: Origins,4,0.0019
2330,1397032914,Condemned,4,0.0019
2331,694139546,Crawl,4,0.0019
2332,1620274602,Cricket 19,4,0.0019
2333,1858458524,Crisol: Theater of Idols,4,0.0019
2334,1921002833,Crossy Road Castle,4,0.0019
2335,1414596758,Darksiders II,4,0.0019
2336,1724847740,Dead Island 2 (Windows),4,0.0019
2337,1480657664,DEAD RISING 2: CASE WEST,4,0.0019
2338,1959842755,Death's Door,4,0.0019
2339,1480657099,Defense Grid,4,0.0019
2340,94911754,Devil May Cry 5 Demo,4,0.0019
2341,355178688,DiRT 4,4,0.0019
2342,1671685084,Disney Epic Mickey: Rebrushed - Demo,4,0.0019
2343,2096544989,Divine Knockout (DKO),4,0.0019
2344,1836115301,Docked,4,0.0019
2345,1713897069,Dog Man: Mission Impawsible Demo,4,0.0019
2346,1751561017,Dollmare,4,0.0019
2347,2146119244,Double Dragon Revive,4,0.0019
2348,1480657549,DR2: CASE ZERO,4,0.0019
2349,2071918696,DRAGON QUEST I & II HD-2D Remake,4,0.0019
2350,1629928134,DRAGON QUEST III HD-2D Remake,4,0.0019
2351,1480659907,Dungeons & Dragons: Chronicles of Mystara,4,0.0019
2352,147604411,Dungeons 3,4,0.0019
2353,1146095571,EDF 2017,4,0.0019
2354,1880860626,Escape Academy,4,0.0019
2355,1263339518,Escape Dead Island,4,0.0019
2356,1958827848,Eternal Card Game,4,0.0019
2357,1989971377,Exit the Gungeon,4,0.0019
2358,1692950358,Exoprimal,4,0.0019
2359,2107704310,Extreme Bike Racing (Demo),4,0.0019
2360,1888694361,Extreme Formula Championship (Demo),4,0.0019
2361,1448413145,F.E.A.R.,4,0.0019
2362,1198695408,F1™ 2015,4,0.0019
2363,1615690100,FINAL FANTASY VII REBIRTH DEMO,4,0.0019
2364,1397819398,FINAL FANTASY XIII-2,4,0.0019
2365,2089457960,Fishing: Barents Sea,4,0.0019
2366,1850924057,Fishing: North Atlantic,4,0.0019
2367,1966202553,Fishing: North Atlantic Enhanced Edition,4,0.0019
2368,1864215620,Five Nights at Freddy's: Help Wanted,4,0.0019
2369,67961945,FlatOut 4 : Total Insanity,4,0.0019
2370,2125839408,Formula Legends,4,0.0019
2371,1480657553,From Dust™,4,0.0019
2372,1702713376,Genesis Noir,4,0.0019
2373,2054890337,Get To Work,4,0.0019
2374,1229391860,Ghostbusters,4,0.0019
2375,1734964144,Ghosts 'n Goblins Resurrection,4,0.0019
2376,1952262999,Gods With Guns,4,0.0019
2377,1758952227,Gothic 1 Remake - Demo,4,0.0019
2378,1765168642,Grand Poker Casino,4,0.0019
2379,1823111797,GreedFall: The Dying World,4,0.0019
2380,1737875841,GRIME,4,0.0019
2381,1958071699,Guacamelee! Super Turbo Championship Edition,4,0.0019
2382,485144549,Halo Wars 2 Demo,4,0.0019
2383,1297287601,Halo: Combat Evolved Anniversary,4,0.0019
2384,1877051178,Hidden Cats in Barcelona,4,0.0019
2385,1946353878,Highguard,4,0.0019
2386,1941459361,Highway Driving 2023 Demo,4,0.0019
2387,1396901851,Hitman: Blood Money,4,0.0019
2388,1968550256,Hobo: Tough Life,4,0.0019
2389,1958841023,Horror Adventure Demo,4,0.0019
2390,2058317945,Hotel Renovator,4,0.0019
2391,1822775483,How To Catch Fish,4,0.0019
2392,1829828400,HUMANKIND™,4,0.0019
2393,1038862451,HYPER SCAPE,4,0.0019
2394,1917135799,HYPERCHARGE Unboxed,4,0.0019
2395,1480660105,JUJU,4,0.0019
2396,333457553,Just Dance® 2020,4,0.0019
2397,70112963,Knight Squad,4,0.0019
2398,1480657105,KOF98UM,4,0.0019
2399,240478325,Layers of Fear (2016),4,0.0019
2400,191432544,LEGO® The Hobbit™ Demo,4,0.0019
2401,1694487955,Life is Strange: True Colors,4,0.0019
2402,2096549844,Liftoff: Drone Racing,4,0.0019
2403,1771989345,Lightyear Frontier (Game Preview),4,0.0019
2404,1764400723,Like a Dragon: Ishin!,4,0.0019
2405,1973635123,Mad Streets,4,0.0019
2406,142841733,Madden NFL 25,4,0.0019
2407,746718051,Mafia III Demo,4,0.0019
2408,1480659904,Mars: War Logs,4,0.0019
2409,350075261,Marvel Heroes Omega,4,0.0019
2410,433988710,MASSIVE CHALICE,4,0.0019
2411,1112934453,Mercenaries,4,0.0019
2412,1772597205,METAL GEAR SOLID: MASTER COLLECTION Vol.1 BONUS CONTENT,4,0.0019
2413,1480657266,Metal Slug XX,4,0.0019
2414,1953382311,Metro Redux,4,0.0019
2415,2099446354,Midnight Fight Express,4,0.0019
2416,1790559387,Miraculous: Rise of the Sphinx,4,0.0019
2417,1480657301,Monkey Island: SE,4,0.0019
2418,1480660055,MONOPOLY PLUS,4,0.0019
2419,1297549289,Mortal Kombat vs. DCU,4,0.0019
2420,2079227086,MotoGP™20,4,0.0019
2421,2031634495,Mutant Football League 2,4,0.0019
2422,593565047,MY HERO ONE’S JUSTICE,4,0.0019
2423,446256697,My Time At Portia,4,0.0019
2424,1480656988,N+,4,0.0019
2425,607267025,N++ (NPLUSPLUS),4,0.0019
2426,693693640,NASCAR Heat Evolution,4,0.0019
2427,83029588,NBA LIVE 18: The One Edition,4,0.0019
2428,2126543080,New Star™ GP Demo,4,0.0019
2429,1690896049,New Tales from the Borderlands,4,0.0019
2430,1706007518,Nexomon: Extinction,4,0.0019
2431,2041914938,Nuclear Throne,4,0.0019
2432,2086200115,OCTOPATH TRAVELER II,4,0.0019
2433,1129121809,OF: Dragon Rising,4,0.0019
2434,1764133092,OlliOlli World,4,0.0019
2435,1793335544,ONE PIECE ODYSSEY Demo,4,0.0019
2436,1792460602,Onimusha 2: Samurai's Destiny Demo,4,0.0019
2437,1661545526,Orcs Must Die! 3,4,0.0019
2438,1480656913,PAC-MAN,4,0.0019
2439,1480657015,Pac-Man C.E.,4,0.0019
2440,1616365132,Papa's Quiz,4,0.0019
2441,1867683926,Persona 5 Tactica,4,0.0019
2442,1818736509,Pinball FX2 Windows 10 Edition,4,0.0019
2443,1784999896,Planet Zoo 2,4,0.0019
2444,104182544,Pro Evolution Soccer 2016,4,0.0019
2445,1784625849,Queen's Quest 5: Symphony of Death (Xbox Version),4,0.0019
2446,2117633627,Quiplash 2 InterLASHional: The Say Anything Party Game!,4,0.0019
2447,1958527888,Rain World Demo,4,0.0019
2448,1824086117,REANIMAL - Demo,4,0.0019
2449,802418004,RESIDENT EVIL RESISTANCE,4,0.0019
2450,1930767830,RiffTrax: The Game,4,0.0019
2451,1914565485,Risk of Rain,4,0.0019
2452,1686655508,Rivage,4,0.0019
2453,2104908468,SAMURAI WARRIORS 5,4,0.0019
2454,1944780994,Scars Above,4,0.0019
2455,282721798,Screencheat,4,0.0019
2456,1613348546,Sea of Stars: Sunset Edition,4,0.0019
2457,1953391836,Shadowrun Returns,4,0.0019
2458,1619485722,Shadows of Doubt,4,0.0019
2459,1906073826,Skullgirls 2nd Encore,4,0.0019
2460,687576060,Skylanders SuperChargers Portal Owner's Pack,4,0.0019
2461,1480660016,Slender: The Arrival,4,0.0019
2462,2128705961,Solitaire HD,4,0.0019
2463,1813197692,SOS OPS!,4,0.0019
2464,1480659985,SOULCALIBUR II HD,4,0.0019
2465,1719161140,Spiritfall,4,0.0019
2466,1480657295,Splosion Man,4,0.0019
2467,1480657523,Stacking,4,0.0019
2468,2088823549,Star Trek: Legends,4,0.0019
2469,1753146034,STORY OF SEASONS: Grand Bazaar,4,0.0019
2470,300578609,Styx: Shards of Darkness,4,0.0019
2471,1760369741,SULFUR Demo,4,0.0019
2472,1849290790,Super Scooter,4,0.0019
2473,405775731,Surviving Mars,4,0.0019
2474,1918884435,Sword of the Vagrant,4,0.0019
2475,1624264477,Taiko no Tatsujin: The Drum Master!,4,0.0019
2476,2002977221,Tails of Iron,4,0.0019
2477,1718047845,Tannenberg,4,0.0019
2478,1733855657,Tech Glitch,4,0.0019
2479,1906078054,TERMINATOR: RESISTANCE,4,0.0019
2480,1977179260,TES IV: Oblivion Remastered - Digital Artbook & Original Soundtrack,4,0.0019
2481,1999803984,The Amazing Spider-Man 2™,4,0.0019
2482,836165876,The Ascent,4,0.0019
2483,2016552136,The Catch: Carp & Coarse Fishing,4,0.0019
2484,1480659512,The Cave,4,0.0019
2485,939155231,The Council - Episode 1: The Mad Ones,4,0.0019
2486,1979014977,The Crew,4,0.0019
2487,1821165740,The Eternal Cylinder,4,0.0019
2488,2116740682,The Grinch: Christmas Adventures - Merry & Mischievous Edition,4,0.0019
2489,1811248495,The Jackbox Party Pack 10,4,0.0019
2490,1865341179,The MUSYNX,4,0.0019
2491,2010719250,The Smurfs - Mission Vileaf,4,0.0019
2492,1900056095,The Walking Dead: Streets of Survival,4,0.0019
2493,1967005422,The Wandering Village,4,0.0019
2494,874691210,This War of Mine: The Little Ones,4,0.0019
2495,1674783293,Thunder Ray,4,0.0019
2496,1963849763,Thymesia,4,0.0019
2497,1396901866,Tomb Raider: Anniv.,4,0.0019
2498,1841510170,Tony Stewart's Sprint Car Racing,4,0.0019
2499,1610985256,Torchlight III,4,0.0019
2500,1832512217,Townscaper,4,0.0019
2501,1480657310,Toy Soldiers,4,0.0019
2502,1686524250,Train Sim World® 4,4,0.0019
2503,1529724759,Transformers: The Dark Spark,4,0.0019
2504,1264125916,Tropico 4,4,0.0019
2505,1022548859,Truck Driver,4,0.0019
2506,1760673470,Ultimate General: Civil War - Demo,4,0.0019
2507,1654418819,Vampire Hunters,4,0.0019
2508,1397033025,VANQUISH,4,0.0019
2509,1777974087,"Warhammer 40,000: Speed Freeks",4,0.0019
2510,1798375126,Welcome to ParadiZe,4,0.0019
2511,1739513454,What's Different?,4,0.0019
2512,861949148,What Remains of Edith Finch,4,0.0019
2513,1812653624,Winds of Arcana: Ruination,4,0.0019
2514,2091194104,Wreckfest,4,0.0019
2515,1773431897,Yakuza 6: The Song of Life,4,0.0019
2516,1998643149,Yakuza Kiwami,4,0.0019
2517,1859395867,Z0mb1es! Remastered,4,0.0019
2518,1695141626,Zombies Ate My Neighbors and Ghoul Patrol,4,0.0019
2519,1019936697,#IDARB,3,0.0014
2520,1480656961,3D Ultra™ Minigolf,3,0.0014
2521,1414596667,50 Cent: BotS,3,0.0014
2522,1682735559,9 Monkeys of Shaolin,3,0.0014
2523,1722019576,9th Dawn Remake,3,0.0014
2524,1038499153,A Hat in Time,3,0.0014
2525,161766155,ACA NEOGEO ART OF FIGHTING 2,3,0.0014
2526,70786264,ACA NEOGEO METAL SLUG 5,3,0.0014
2527,2094098726,Ace Attorney Investigations Collection,3,0.0014
2528,219620906,ADIOS Amigos,3,0.0014
2529,2083780130,Against the Storm,3,0.0014
2530,2099005661,AI: THE SOMNIUM FILES Nirvana Initiative,3,0.0014
2531,1796559648,Aircraft Carrier Survival,3,0.0014
2532,1859288114,AirportSim,3,0.0014
2533,1847254069,Alex Kidd in Miracle World DX,3,0.0014
2534,1910091538,Alfred Hitchcock - Vertigo,3,0.0014
2535,1790332447,Alien: Rogue Incursion Evolved Edition,3,0.0014
2536,1480657314,Altered Beast,3,0.0014
2537,2075295469,Amber Alert Director's cut,3,0.0014
2538,77840650,Among the Sleep - Enhanced Edition,3,0.0014
2539,1757356654,Andro Dunos 2,3,0.0014
2540,49709880,Anthem™,3,0.0014
2541,1798477678,AO Tennis 2,3,0.0014
2542,1714994601,Architect Life: A House Design Simulator,3,0.0014
2543,682100179,Armello,3,0.0014
2544,1877455960,art of rally,3,0.0014
2545,1841822482,Asterix & Obelix XXL3: The Crystal Menhir,3,0.0014
2546,686748290,Atari Flashback Classics Vol. 1,3,0.0014
2547,547436161,Atari Flashback Classics Vol. 2,3,0.0014
2548,1771834186,ATLAS (Game Preview),3,0.0014
2549,1861014614,Autonauts,3,0.0014
2550,1614240330,Baldur's Gate: Dark Alliance,3,0.0014
2551,1843898695,Bangers Unlimited,3,0.0014
2552,1480657278,Battlefield 1943™,3,0.0014
2553,1161889785,Battlefield: Bad Company,3,0.0014
2554,1925965033,Battlefield™ 6 Open Beta,3,0.0014
2555,1397032979,BAYONETTA,3,0.0014
2556,2142468457,Beautiful Sakura: Fighting Club (Windows),3,0.0014
2557,2074299699,Beautiful Sakura: Fitness Club,3,0.0014
2558,2081352224,Beautiful Sakura: Fitness Club (Windows),3,0.0014
2559,1777486086,Beautiful Sakura: Running Club,3,0.0014
2560,1414793313,BioShock 2,3,0.0014
2561,1969372075,BlazBlue: Cross Tag Battle Special Edition,3,0.0014
2562,1710121709,Brave Escape,3,0.0014
2563,1112934423,Brave: The Video Game,3,0.0014
2564,1827158254,Brawlout Demo,3,0.0014
2565,2091426729,Bread & Fred,3,0.0014
2566,2038940671,Bridge Race,3,0.0014
2567,1810243569,Brothers: A Tale of Two Sons Remake,3,0.0014
2568,1730283762,Bud Spencer & Terence Hill - Slaps and Beans 2,3,0.0014
2569,2102100337,Cake Bash Demo,3,0.0014
2570,1431505012,Call of Juarez Cartel,3,0.0014
2571,2098202394,Candy Crush Saga,3,0.0014
2572,1615345863,Carmen Sandiego,3,0.0014
2573,1644979601,Chernobylite Complete Edition,3,0.0014
2574,1889886349,Chess Royal,3,0.0014
2575,2137663855,Chip ‘n Clawz vs. The Brainioids,3,0.0014
2576,728813194,Citadel: Forged with Fire,3,0.0014
2577,1703939860,Clash: Artifacts of Chaos,3,0.0014
2578,1732400170,Cobra Kai 2: Dojos Rising,3,0.0014
2579,2102465429,Coffee Talk,3,0.0014
2580,1480657343,Commander's Challenge,3,0.0014
2581,1954997644,Construction Simulator 3 - Console Edition,3,0.0014
2582,1699595315,Copycat Demo,3,0.0014
2583,2113258996,Core Keeper,3,0.0014
2584,1642353875,Craftopia (Game Preview),3,0.0014
2585,2101159611,Crazy Taxi: World Tour,3,0.0014
2586,2020595605,Critter Dash,3,0.0014
2587,1886383393,Croc's World 3 (Xbox-Edition),3,0.0014
2588,1846285148,CrossfireX,3,0.0014
2589,1695323712,Darwin's Paradox! Tactical Octopus Action Demo,3,0.0014
2590,1480657693,DAYTONA USA,3,0.0014
2591,502883447,Dead Island Retro Revenge,3,0.0014
2592,1480657513,Deadliest Warrior,3,0.0014
2593,1480657756,Deadliest Warrior: Legends,3,0.0014
2594,1928643561,Deathsmiles I・II,3,0.0014
2595,1966406017,Deceive Inc.,3,0.0014
2596,419349778,Defiance 2050,3,0.0014
2597,2116371080,Dicey Dungeons,3,0.0014
2598,1825676269,Digimon Story Time Stranger Demo,3,0.0014
2599,852849518,Digimon Survive,3,0.0014
2600,338090394,Dirt Rally,3,0.0014
2601,1769286836,Dog Man: Bark in Action Demo,3,0.0014
2602,1621285366,DOOM (1993),3,0.0014
2603,1480657334,DOOM II (Classic),3,0.0014
2604,1983421352,DRAGON BALL THE BREAKERS Beta,3,0.0014
2605,1743457512,DRAGON QUEST BUILDERS 2,3,0.0014
2606,1721217822,Drake Hollow,3,0.0014
2607,2026145066,Drink 'Em,3,0.0014
2608,776943591,DUCATI - 90th Anniversary,3,0.0014
2609,1995684972,Dune: Spice Wars,3,0.0014
2610,1771234675,Dungeons 4,3,0.0014
2611,1977810583,DUSK,3,0.0014
2612,468454494,EA SPORTS™ FIFA 17 Downloadable Demo,3,0.0014
2613,242301355,EA SPORTS™ NHL® 16,3,0.0014
2614,492699383,EA SPORTS™ NHL® 17,3,0.0014
2615,1146095609,Earth Defense Force: IA,3,0.0014
2616,1983248568,Eiyuden Chronicle: Hundred Heroes,3,0.0014
2617,1805594701,Ember Knights : Heroes of the Nexus Edition,3,0.0014
2618,2096319922,Embr,3,0.0014
2619,1941057630,Empire of the Ants,3,0.0014
2620,2016442908,Empire of the Ants - Demo,3,0.0014
2621,2094317541,Extreme Cycling Demo,3,0.0014
2622,1464993747,F.E.A.R. 2,3,0.0014
2623,481925121,F1® 2018,3,0.0014
2624,1129121874,F1™ 2014,3,0.0014
2625,1480657527,Faery: Legends of Avalon,3,0.0014
2626,2099731423,Farming Camp Demo,3,0.0014
2627,2058322661,FATAL FRAME II: Crimson Butterfly REMAKE Demo,3,0.0014
2628,1661863954,FATE: Reawakened,3,0.0014
2629,136671143,FINAL FANTASY XV MULTIPLAYER: COMRADES,3,0.0014
2630,1733492292,Finding Frankie,3,0.0014
2631,1752031475,Flamecraft,3,0.0014
2632,1782426167,Flat Heroes,3,0.0014
2633,1645941300,Footoys League World Soccer,3,0.0014
2634,1975562587,Forgive Me Father,3,0.0014
2635,1980291965,FPV Simulator,3,0.0014
2636,1480656915,Frogger,3,0.0014
2637,2027986430,Fury Unleashed,3,0.0014
2638,2061301296,Gaelic Football Laochra,3,0.0014
2639,1784112295,Godfall,3,0.0014
2640,1770092694,Going Under,3,0.0014
2641,529515303,Gone Home,3,0.0014
2642,2079183119,Gord,3,0.0014
2643,1977804752,Gothic Classic,3,0.0014
2644,2101636955,Grand Theft Auto V Legacy (PC),3,0.0014
2645,1923234340,GRIME II,3,0.0014
2646,1821397642,GRIS,3,0.0014
2647,121960285,Guts & Glory,3,0.0014
2648,1631946139,Gym Manager,3,0.0014
2649,1685452800,Hairdresser Simulator,3,0.0014
2650,1822336858,Hand of Fate,3,0.0014
2651,1704654963,Happy's Humble Burger Farm,3,0.0014
2652,1829337400,Have a Nice Death,3,0.0014
2653,1627601214,Heading Out,3,0.0014
2654,1766317194,Helix Jump,3,0.0014
2655,1785862913,Hellblade: Senua's Sacrifice,3,0.0014
2656,1825883295,Hidden Cats in Rio de Janeiro,3,0.0014
2657,2021447825,Hole Digging Master,3,0.0014
2658,1666334166,HoneyLand,3,0.0014
2659,1787271899,House,3,0.0014
2660,1702750733,Huntdown,3,0.0014
2661,1843279556,I'm on Observation Duty 7,3,0.0014
2662,1480657722,I Am Alive™,3,0.0014
2663,1945528318,Idle Devils,3,0.0014
2664,2037481046,Inertial Drift,3,0.0014
2665,909182696,Infinite Minigolf,3,0.0014
2666,1922993793,Jalopy,3,0.0014
2667,1751090642,Kaze and the Wild Masks,3,0.0014
2668,2000254635,King's Blade (Xbox Series X|S),3,0.0014
2669,1712709524,KINGDOM HEARTS Melody of Memory (International),3,0.0014
2670,1161890110,Kingdoms of Amalur: Reckoning,3,0.0014
2671,1989445813,Knight Squad 2,3,0.0014
2672,1967544348,Knightica,3,0.0014
2673,1003487612,Korgan,3,0.0014
2674,1794920029,Laika: Aged Through Blood,3,0.0014
2675,1920167136,Layers of Fear (2023),3,0.0014
2676,1833447683,Legacy of Kain™ Soul Reaver 1&2 Remastered,3,0.0014
2677,2002613703,Lethal League Blaze,3,0.0014
2678,1925242158,Library Of Ruina,3,0.0014
2679,2045560230,LIMBO,3,0.0014
2680,2056027793,Little Strays,3,0.0014
2681,2051631353,Little Strays 2,3,0.0014
2682,1778148060,Little Witch in the Woods,3,0.0014
2683,1128466398,LOST PLANET COLONIES,3,0.0014
2684,1795081986,Luck be a Landlord,3,0.0014
2685,1480656909,Luxor 2,3,0.0014
2686,1675504069,Mafia: Definitive Edition (Windows PC),3,0.0014
2687,1480657727,Magic 2012,3,0.0014
2688,1693628077,MALL: Tidy UP,3,0.0014
2689,2021132620,Mandragora: Whispers of the Witch Tree,3,0.0014
2690,2106143929,Marfusha,3,0.0014
2691,1060304103,Marooners,3,0.0014
2692,1994706436,Marsupilami 2 – Salsa Palombia,3,0.0014
2693,2016530186,Marsupilami: Hoobadventure,3,0.0014
2694,1480657194,MEGA MAN 9,3,0.0014
2695,1632270119,Megaton Rainfall,3,0.0014
2696,888477147,METAL GEAR SURVIVE,3,0.0014
2697,1747564672,Microsoft Treasure Hunt,3,0.0014
2698,380023945,Monster Energy Supercross - The Official Videogame 2,3,0.0014
2699,1947752727,Monster Hunter Stories 3: Twisted Reflection Trial Version,3,0.0014
2700,2070782109,Monster Prom: XXL,3,0.0014
2701,1944950992,MotoGP™22 - Windows Edition,3,0.0014
2702,1718758540,Moving Out Demo,3,0.0014
2703,1991467401,My Little Universe,3,0.0014
2704,1670201710,My Little Universe Demo,3,0.0014
2705,2078262992,My Time at Sandrock Online,3,0.0014
2706,919412218,Necromunda: Underhive Wars,3,0.0014
2707,1740300956,Neighbours back From Hell,3,0.0014
2708,2104142109,Night Slashers: Remake,3,0.0014
2709,1700516900,NINJA GAIDEN 3: Razor's Edge,3,0.0014
2710,1776537169,NINJA GAIDEN Σ2,3,0.0014
2711,1814825729,No More Heroes 3,3,0.0014
2712,1844719399,Nobody Wants to Die,3,0.0014
2713,301029247,Oddworld: New 'n' Tasty,3,0.0014
2714,2081394706,Onimusha 2: Samurai's Destiny,3,0.0014
2715,1734289672,"ONYX-PRO, Inside the Game: Grounded 2 Artbook and Soundtrack",3,0.0014
2716,264259050,Ori and the Blind Forest,3,0.0014
2717,1914026967,Outcast - A New Beginning - Demo,3,0.0014
2718,1893882441,OUTRIDERS Demo,3,0.0014
2719,308514854,Outward,3,0.0014
2720,1129121801,Overlord II,3,0.0014
2721,1828865417,PAC-PAC,3,0.0014
2722,1297287193,Party Animals,3,0.0014
2723,916339986,Party Hard,3,0.0014
2724,1912801032,PAW Patrol The Movie: Adventure City Calls,3,0.0014
2725,1480660022,Peggle ® 2,3,0.0014
2726,2090177606,PERISH,3,0.0014
2727,1664709987,Persona 3 Reload - Demo,3,0.0014
2728,267248679,Phantom Dust,3,0.0014
2729,1991248961,PHOGS!,3,0.0014
2730,1731213835,Pickup Driving - Free,3,0.0014
2731,1660076539,PIT OF GOBLIN Demo,3,0.0014
2732,2024485825,PJ Masks: Heroes of the Night,3,0.0014
2733,884526952,Planetbase,3,0.0014
2734,965890138,Project Highrise: Architect's Edition,3,0.0014
2735,1844264596,Project Songbird,3,0.0014
2736,2049279350,Puzzle Quest: Immortal Edition,3,0.0014
2737,1480657184,Raskulls,3,0.0014
2738,1480659438,RAW,3,0.0014
2739,2132278444,Realpolitiks New Power,3,0.0014
2740,2133414343,Recycling Center Simulator,3,0.0014
2741,893913055,Red Faction II,3,0.0014
2742,1997388850,Resident Evil Operation Raccoon City,3,0.0014
2743,1313671123,Ridge Racer 6,3,0.0014
2744,227770627,Riverbond,3,0.0014
2745,1785385145,Rock of Ages 3: Make & Break,3,0.0014
2746,2028931904,Rugby 20,3,0.0014
2747,2138535394,Rugby League Live 3,3,0.0014
2748,93901068,Ruiner,3,0.0014
2749,1263405009,Rumble Roses XX,3,0.0014
2750,1723211080,Rune Dice,3,0.0014
2751,1654990488,Rune Factory 4 Special,3,0.0014
2752,2068415611,Rust Console Edition - Public Test Branch,3,0.0014
2753,1979417101,SD GUNDAM BATTLE ALLIANCE,3,0.0014
2754,1726081569,Seal: WHAT the FUN,3,0.0014
2755,816667289,Seasons after Fall,3,0.0014
2756,1641777228,Serious Sam 4,3,0.0014
2757,1297287126,Shadowrun,3,0.0014
2758,1939956128,Shadowrun: Dragonfall - Director's Cut PC,3,0.0014
2759,2093075517,Shantae and the Seven Sirens,3,0.0014
2760,871256460,Shantae: Half-Genie Hero Ultimate Edition,3,0.0014
2761,21560138,Sheltered,3,0.0014
2762,1818062089,Sherlock Purr 2,3,0.0014
2763,1654530968,Shieldwall,3,0.0014
2764,1480657316,Shinobi,3,0.0014
2765,2040578587,SHINOBI: Art of Vengeance,3,0.0014
2766,1166935255,Slender: The Arrival (2015),3,0.0014
2767,1642104324,SlimeFlip (Xbox One),3,0.0014
2768,1732434510,SlimeFlip (Xbox Series X/S),3,0.0014
2769,1785888386,Snake.io,3,0.0014
2770,1764701974,Sniper Dan - Demo,3,0.0014
2771,1480656957,Soltrio Solitaire,3,0.0014
2772,1480656996,Sonic The Hedgehog,3,0.0014
2773,827319667,Space Hulk: Tactics,3,0.0014
2774,1763680989,Space Science Investigations,3,0.0014
2775,2033340677,Speed Car Fighter : Remastered Demo,3,0.0014
2776,2073359006,Spirittea,3,0.0014
2777,1671640490,SPRAWL zero,3,0.0014
2778,1866412321,Star Trek: Voyager - Across the Unknown Demo,3,0.0014
2779,1928799402,StarCraft® Remastered,3,0.0014
2780,1633458467,SteamWorld Build,3,0.0014
2781,2116409833,Stick Infinite Kingdom - Demo,3,0.0014
2782,2027854331,STORY OF SEASONS: A Wonderful Life,3,0.0014
2783,1934391570,Street Power Soccer,3,0.0014
2784,2057573435,Suikoden I&II HD Remaster Gate Rune and Dunan Unification Wars,3,0.0014
2785,1995931888,Sunderfolk,3,0.0014
2786,1780525037,Sunset Motel,3,0.0014
2787,2118278143,Super Dark Deception Demo,3,0.0014
2788,1684612075,Super Forklift 3000 (Xbox Series),3,0.0014
2789,1866825187,Super Monkey Ball: Banana Blitz HD,3,0.0014
2790,1941370105,Supermarket Owner Simulator: Business,3,0.0014
2791,412423425,SWORD ART ONLINE Alicization Lycoris,3,0.0014
2792,1649102497,SWORD ART ONLINE Fractured Daydream,3,0.0014
2793,2070375454,SYNDUALITY Echo of Ada,3,0.0014
2794,990373231,Tales of Arise (Xbox One),3,0.0014
2795,1688544029,Tales of Berseria Remastered,3,0.0014
2796,1874881573,Tales of Kenzera™: ZAU,3,0.0014
2797,1984077720,Tales of the Shire: A The Lord of The Rings™ Game,3,0.0014
2798,1793267614,Techtonica (Game Preview),3,0.0014
2799,2124220599,Techwars Global Conflict,3,0.0014
2800,29770197,Teenage Mutant Ninja Turtles™: Mutants in Manhattan,3,0.0014
2801,1037418183,Tennis World Tour,3,0.0014
2802,1691117579,Terminator 2D: NO FATE,3,0.0014
2803,1881824137,Tetris® Forever,3,0.0014
2804,972022825,Tetris® Ultimate,3,0.0014
2805,1661063529,The Adventures of Elliot: The Millennium Tales,3,0.0014
2806,706437546,The Awesome Adventures of Captain Spirit,3,0.0014
2807,1774362586,The Backrooms 1998,3,0.0014
2808,1837466690,THE BATHROOMS,3,0.0014
2809,1414793198,The Darkness,3,0.0014
2810,2089995861,The Devil Lands (Game Preview),3,0.0014
2811,2115998347,The Drone Racing League Simulator,3,0.0014
2812,2007018418,The Hong Kong Massacre,3,0.0014
2813,1761411767,THE HOUSE OF THE DEAD: Remake,3,0.0014
2814,1637976314,The Jackbox Survey Scramble,3,0.0014
2815,1785417254,The Oregon Trail,3,0.0014
2816,1647730203,The Relic: First Guardian,3,0.0014
2817,996619018,The Sinking City,3,0.0014
2818,1702440591,The Stairwell,3,0.0014
2819,1889167057,The Walking Dead: Destinies,3,0.0014
2820,681500618,The Walking Dead: The Final Season - Demo,3,0.0014
2821,2089424131,This War of Mine: Final Cut,3,0.0014
2822,1279330262,Thrillville: OTR,3,0.0014
2823,2099988016,Ticket to Ride®,3,0.0014
2824,1691955008,TOKI Juju Densetsu,3,0.0014
2825,1673810447,Tony Stewart's All-American Racing,3,0.0014
2826,21471625,Torchlight II,3,0.0014
2827,519443170,Torment: Tides of Numenera,3,0.0014
2828,1695392136,Tormented Souls,3,0.0014
2829,1630747846,Tour de France 2025,3,0.0014
2830,1669996905,Train Sim World® 3,3,0.0014
2831,1642785895,TRANSFORMERS: EARTHSPARK - Expedition,3,0.0014
2832,1985991719,Transport Fever 3,3,0.0014
2833,2147214039,TRIANGLE STRATEGY,3,0.0014
2834,580901123,Tropico 6,3,0.0014
2835,1987230441,Turmoil,3,0.0014
2836,1765034784,Two Point Hospital: Full Health Collection,3,0.0014
2837,2117776820,UnderMine,3,0.0014
2838,1620095408,Until Then,3,0.0014
2839,131540426,Valentino Rossi The Game,3,0.0014
2840,1480659454,Virtua Fighter 5 Final Showdown,3,0.0014
2841,2022059922,Walk Around And Do Nothing,3,0.0014
2842,1933726959,Warhammer Age of Sigmar: Storm Ground,3,0.0014
2843,2026783353,Wayfinder,3,0.0014
2844,1629004246,We Love Katamari REROLL+ Royal Reverie,3,0.0014
2845,2030769510,Werewolf: The Apocalypse - Earthblood Xbox One,3,0.0014
2846,1837745362,When the Past was Around,3,0.0014
2847,1995157831,Wildfrost,3,0.0014
2848,2069636428,WINGSPAN,3,0.0014
2849,1781945767,Wizard of Legend 2,3,0.0014
2850,1743460039,Wizordum,3,0.0014
2851,2129059621,Wobbledogs Console Edition,3,0.0014
2852,1631055981,Worms Rumble,3,0.0014
2853,1715513058,Wrap House Simulator Demo,3,0.0014
2854,775457902,WRC 5 FIA World Rally Championship,3,0.0014
2855,2141778943,Xeno Crisis,3,0.0014
2856,518528069,Yooka-Laylee,3,0.0014
2857,1263405122,ZOE HD ,3,0.0014
2858,473358447,Zoo Tycoon: Ultimate Animal Collection Demo,3,0.0014
2859,188225844,11-11 Memories Retold,2,0.001
2860,1611397130,20XX,2,0.001
2861,1970931118,3 Player Battle,2,0.001
2862,2126315332,3°C: Sand Puzzle,2,0.001
2863,1689292278,63 Days Demo,2,0.001
2864,2007033271,80's OVERDRIVE,2,0.001
2865,795498692,A Boy and His Blob,2,0.001
2866,2122751230,A Short Hike,2,0.001
2867,53958575,ACA NEOGEO SHOCK TROOPERS 2nd Squad,2,0.001
2868,605012161,ACA NEOGEO THE KING OF FIGHTERS '95,2,0.001
2869,983906598,ACA NEOGEO THE KING OF FIGHTERS '99,2,0.001
2870,1660341261,ACA2NEOGEO THE KING OF FIGHTERS '98,2,0.001
2871,1480656956,Aegis Wing,2,0.001
2872,411985913,AFL Evolution,2,0.001
2873,1791497779,Agatha Christie - Death on the Nile,2,0.001
2874,1843393925,Agefield High: Rock the School,2,0.001
2875,2080141972,Aground,2,0.001
2876,1064538690,Air Missions: HIND,2,0.001
2877,2116588551,Airoheart,2,0.001
2878,1958267791,AK-xolotl: Together,2,0.001
2879,2057042819,Akimbot,2,0.001
2880,1297287173,Alan Wake,2,0.001
2881,1643964549,Alchemist: Journey of The Soul,2,0.001
2882,1938903999,Alien Breed 35th Anniversary,2,0.001
2883,1758633519,Alien Hominid HD,2,0.001
2884,1871850764,Amanda the Adventurer 2,2,0.001
2885,2029190868,Amazing Blocks Classic,2,0.001
2886,1741135504,American Mafia,2,0.001
2887,1711302343,Amerzone - The Explorer's Legacy,2,0.001
2888,880413309,Amnesia: Collection,2,0.001
2889,1694657478,Amnesia: Rebirth,2,0.001
2890,2021205208,Ancestors Legacy,2,0.001
2891,2013124674,Angle Of Attack,2,0.001
2892,880418401,AO International Tennis,2,0.001
2893,1480657349,Aqua,2,0.001
2894,1708196061,Arcade Archives 2 AIR COMBAT 22,2,0.001
2895,2099466588,Archvale,2,0.001
2896,490460723,Arise: A Simple Story,2,0.001
2897,2076917277,Army of Ruin,2,0.001
2898,2029448252,ASMR Slicing,2,0.001
2899,1480659964,Assassin's Creed III: Liberation HD,2,0.001
2900,487844727,Assault Android Cactus,2,0.001
2901,1910615612,Asterix & Obelix Slap Them All!,2,0.001
2902,1749623628,Asterix & Obelix XXL: Romastered,2,0.001
2903,2116401396,Astrea: Six-Sided Oracles,2,0.001
2904,846846419,Attack on Titan 2 Demo,2,0.001
2905,1902834375,Autobahn Police Simulator 3,2,0.001
2906,1949426934,AVICII Invector,2,0.001
2907,1656426851,Axis Football 2026,2,0.001
2908,1805978609,Baby Shark™: Sing & Swim Party,2,0.001
2909,1664978629,Bang-On Balls: Chronicles,2,0.001
2910,1852580050,Barbie Project Friendship™,2,0.001
2911,465259992,Battle Chasers: Nightwar,2,0.001
2912,1136549309,Battlefield 4™ Community Test Environment,2,0.001
2913,1480657374,BC - Rearmed 2,2,0.001
2914,1901796364,Beam Stunt Racing,2,0.001
2915,1768116334,Beat 'Em Up Collection (QUByte Classics),2,0.001
2916,1313671132,Beautiful Katamari,2,0.001
2917,2081405391,Beautiful Sakura: Fashion Club (Windows),2,0.001
2918,1671961498,Beautiful Sakura: Football Club (Windows),2,0.001
2919,1731966120,Beautiful Sakura: Racing Club (Windows),2,0.001
2920,1773544303,Beautiful Sakura: Running Club (Windows),2,0.001
2921,2138218417,Becastled,2,0.001
2922,1864828194,Bendy: Lone Wolf,2,0.001
2923,1723972808,Berry Bury Berry,2,0.001
2924,1914859283,Best Served Cold,2,0.001
2925,1895665603,Beyond Border,2,0.001
2926,1671588981,Bible Trivia­,2,0.001
2927,1397033052,BINARY DOMAIN,2,0.001
2928,2015751229,Bioweaver,2,0.001
2929,2111261259,Biped,2,0.001
2930,338768437,Black The Fall,2,0.001
2931,1850970705,Blazing Chrome,2,0.001
2932,2000221001,Blizzard® Arcade Collection PC,2,0.001
2933,1806285135,Blocky Farm,2,0.001
2934,173291706,Blood Bowl 2,2,0.001
2935,1480659651,Blood Knights,2,0.001
2936,2109985750,Blood: Refreshed Supply,2,0.001
2937,1723799507,BloodRayne 2: ReVamped,2,0.001
2938,1975889493,Blue Dasher,2,0.001
2939,1480657002,Boom Boom Rocket,2,0.001
2940,1935728690,Boxes: Lost Fragments,2,0.001
2941,1661462436,Boxville Demo,2,0.001
2942,1480657102,Braid,2,0.001
2943,311085527,Brawlout,2,0.001
2944,2033008967,BrokenLore: DON'T LIE,2,0.001
2945,1801600178,BucketCrusher,2,0.001
2946,2051749659,Butterfly 2,2,0.001
2947,1650593751,Calico,2,0.001
2948,1636606847,Call of Duty®: Modern Warfare® - Digital Standard Edition (Windows),2,0.001
2949,1764318423,Call of Duty®: Vanguard - Standard Edition,2,0.001
2950,1673223107,Call of the Sea,2,0.001
2951,1480659545,CAPCOM ARCADE CABINET,2,0.001
2952,1843053682,Captain Blood,2,0.001
2953,1955794744,CARD SHOP GAME STORE SIMULATOR,2,0.001
2954,2116095486,Care Bears: To The Rescue,2,0.001
2955,1696049385,Carnivores: Dinosaur Hunt,2,0.001
2956,2027163640,Castle Walker,2,0.001
2957,2070449681,Casual Sport Series: Boxing,2,0.001
2958,1987803377,Cat Quest II,2,0.001
2959,1714744209,Catacomb Master,2,0.001
2960,2055495747,Cats and Seek : Tokyo,2,0.001
2961,2010415651,Cats Around Us: Black Cat,2,0.001
2962,1808224088,Cave Bad,2,0.001
2963,1652994741,Centipede: Recharged,2,0.001
2964,1787753235,Chorus DEMO,2,0.001
2965,1717280173,CHRONO CROSS: THE RADICAL DREAMERS EDITION,2,0.001
2966,2015839152,Citadelum,2,0.001
2967,1731093976,Clothing Supermarket Store Simulator,2,0.001
2968,1941723837,Coffee Talk Episode 2: Hibiscus and Butterfly,2,0.001
2969,2145430901,Coffee Talk Tokyo,2,0.001
2970,1841498671,CONSCRIPT,2,0.001
2971,1480656920,Contra,2,0.001
2972,1872937240,Copycat,2,0.001
2973,1988991827,Corner Kitchen Fast Food Simulator,2,0.001
2974,2135982180,Cozy Grove: Camp Spirit,2,0.001
2975,35820305,Crackdown 3: Wrecking Zone,2,0.001
2976,1763638559,Crash Drive 3,2,0.001
2977,1771581366,Croc Legend of the Gobbos,2,0.001
2978,2041763016,CrossCode,2,0.001
2979,1696763703,Crown Wars: The Black Prince,2,0.001
2980,1906143168,Crusader Kings III,2,0.001
2981,1753293863,CrushBorgs (Xbox One),2,0.001
2982,2087531472,Cry Babies Magic Tears: The Big Game,2,0.001
2983,1963141187,Crypt Custodian,2,0.001
2984,429288038,Crypt of the NecroDancer,2,0.001
2985,1808506079,Cryptic Realm,2,0.001
2986,2003918395,Cubic 2 3 4 Player Games,2,0.001
2987,1946372542,Cubic Odyssey,2,0.001
2988,1702263299,CULTIC,2,0.001
2989,1878422436,Cut Fruit With A Samurai Sword,2,0.001
2990,2021467978,Cyanide & Happiness - Freakpocalypse (Episode 1),2,0.001
2991,1033012343,D4: Dark Dreams Don't Die,2,0.001
2992,1643246182,Dark Burial: Enhanced Edition,2,0.001
2993,1798666879,Dark Deception: Monsters & Mortals,2,0.001
2994,1762192861,DC's Justice League: Cosmic Chaos,2,0.001
2995,1842049989,DCL-The Game,2,0.001
2996,1313671278,Dead to Rights,2,0.001
2997,1880055889,DEADCRAFT,2,0.001
2998,893913045,Deadfall Adventures,2,0.001
2999,125143641,Deadlight: Director's Cut,2,0.001
3000,2108921213,Deadlock Reign,2,0.001
3001,1837096770,Death's Gambit: Afterlife,2,0.001
3002,1480657547,DeathSpank: T.O.V.,2,0.001
3003,1821772596,DEMON'S TILT,2,0.001
3004,382896606,Desperados III,2,0.001
3005,1906653442,Detective Inspector: Mysterious Clues,2,0.001
3006,1017462859,Dex,2,0.001
3007,1848024903,Dig Deep,2,0.001
3008,2029024541,Dino Escape (Windows),2,0.001
3009,1129121861,DiRT Showdown,2,0.001
3010,1480656932,DOOM,2,0.001
3011,2078926688,DOOM II (Classic),2,0.001
3012,1641402901,Double Dragon Gaiden: Rise of the Dragons,2,0.001
3013,534038970,Dovetail Games Euro Fishing,2,0.001
3014,2084687312,Dragon's Lair Trilogy,2,0.001
3015,2016193671,DRAGON QUEST VII Reimagined Demo,2,0.001
3016,1767994732,Dragonkin: The Banished,2,0.001
3017,1891372981,Duck Simulator Lite,2,0.001
3018,1891276362,Dungeon Clawler,2,0.001
3019,1847263549,Dungeon Defenders: Awakened,2,0.001
3020,429018095,Dungeon of the Endless,2,0.001
3021,1397819381,Dungeon Siege III,2,0.001
3022,1799540443,Dungeons & Dragons Neverwinter Nights 2: Enhanced Edition,2,0.001
3023,1692013692,Duskfade,2,0.001
3024,117434960,Dynamite Fishing - World Games,2,0.001
3025,419391420,EA SPORTS™ NBA LIVE 15,2,0.001
3026,536104326,EA SPORTS™ UFC® Demo,2,0.001
3027,1741300205,Earthion,2,0.001
3028,1874135365,EDENS ZERO,2,0.001
3029,1996027459,Educational Games for Kids (Cross-Buy),2,0.001
3030,866704492,eFootball PES 2020 DEMO,2,0.001
3031,2143134995,"El Paso, Elsewhere",2,0.001
3032,809464104,Elex,2,0.001
3033,572417720,Emily Wants To Play,2,0.001
3034,1770110484,EMPULSE (Game Preview),2,0.001
3035,1704101432,Empyreal,2,0.001
3036,1773142063,ENDER LILIES: Quietus of the Knights,2,0.001
3037,2049241881,Entropy Survivors,2,0.001
3038,2134693780,EVERSPACE™ 2,2,0.001
3039,1756983532,Evil Genius 2: World Domination,2,0.001
3040,1879452548,Exhausted Man Demo,2,0.001
3041,1655237678,Fallout: New Vegas Ultimate Edition,2,0.001
3042,1814653009,FAR: Changing Tides,2,0.001
3043,918516972,Farming Simulator 15,2,0.001
3044,1880744816,Farming Simulator 22 (PC),2,0.001
3045,1431504860,FC Instincts Predator,2,0.001
3046,1893842455,Fear The Timeloop,2,0.001
3047,332903703,Fibbage: The Hilarious Bluffing Party Game,2,0.001
3048,1480657373,Final Fight: DblImpact,2,0.001
3049,774459605,Flashback,2,0.001
3050,1747042673,Flat Heroes Demo,2,0.001
3051,1480657209,FLOCK!,2,0.001
3052,386153688,FLYING TIGERS: SHADOWS OVER CHINA,2,0.001
3053,1878177674,Fogpiercer,2,0.001
3054,1803141715,Football Manager 2024,2,0.001
3055,2112426479,Forensics: Crime Scene Detective,2,0.001
3056,564985242,Forza Horizon 3 Demo,2,0.001
3057,2055192299,FRONT MISSION 2: Remake,2,0.001
3058,893913057,Full Spectrum Warrior,2,0.001
3059,2052173475,Funguys Swarm,2,0.001
3060,1480656914,GALAGA,2,0.001
3061,1480657083,Galaga Legions,2,0.001
3062,1629020242,Game Builder Tycoon,2,0.001
3063,2036291363,Garten of Banban 8: Anti Devil,2,0.001
3064,1751973977,Gears of War: Ultimate Edition for Windows 10,2,0.001
3065,1480657151,Geometry Wars Evolved²,2,0.001
3066,1901501792,GHOST at DAWN,2,0.001
3067,2004896584,Ghost Trick: Phantom Detective,2,0.001
3068,1480657545,Ghostbusters: Sanctum of Slime,2,0.001
3069,571417442,Gigantic Closed Beta,2,0.001
3070,1935789173,Gigantic: Rampage Edition,2,0.001
3071,1868247544,Gigantosaurus The Game,2,0.001
3072,1703059239,God of Weapons,2,0.001
3073,1657835461,Gods Will Fall,2,0.001
3074,1855217179,Golf With Your Friends (Windows Version),2,0.001
3075,1480657057,Golf: Tee It Up!,2,0.001
3076,2094693316,Golfing in Aether,2,0.001
3077,2048825105,Goosebumps Dead of Night,2,0.001
3078,1832133926,Goosebumps: Terror in Little Creek,2,0.001
3079,1629480703,GRADIUS ORIGINS,2,0.001
3080,2127482510,Graze Counter GM,2,0.001
3081,1705150859,Greedland,2,0.001
3082,1836942975,Grind Survivors,2,0.001
3083,671675837,GRIP,2,0.001
3084,620831719,GROW UP,2,0.001
3085,2018425452,Guacamelee! 2,2,0.001
3086,2022315423,Gunsmith Simulator,2,0.001
3087,606152324,GWENT: The Witcher Card Game,2,0.001
3088,1618632140,Hacked: The Streamer,2,0.001
3089,1683854838,Harvest Moon: The Winds of Anthos,2,0.001
3090,1812810851,Haste,2,0.001
3091,1638356846,Haunted House Renovator,2,0.001
3092,1695499346,Headbangers: Rhythm Royale,2,0.001
3093,1782845794,Hearts of Iron IV,2,0.001
3094,1928781153,Hellboy Web of Wyrd,2,0.001
3095,1880774720,Heroes of Hammerwatch - Ultimate Edition,2,0.001
3096,2000004108,Hidden Cats in Berlin,2,0.001
3097,1822597971,Hidden Cats in London,2,0.001
3098,1796297550,Hidden Cats in New York,2,0.001
3099,1890778408,Hidden Cats in Tokyo,2,0.001
3100,1667810067,Hidden Kittens: Kingdom of Cats,2,0.001
3101,1668637606,High On Life 2 Demo,2,0.001
3102,446981050,Hitman: Absolution HD,2,0.001
3103,1698597039,Hokko Life,2,0.001
3104,1735401164,Honeycomb: The World Beyond,2,0.001
3105,722916288,Hue,2,0.001
3106,1827075606,Human Zoo Tycoon,2,0.001
3107,1972151748,Humanity,2,0.001
3108,1693450318,Hunt: Showdown,2,0.001
3109,2121552083,I'm in Love With Your Dead Grandmother,2,0.001
3110,1785313161,I'm on Observation Duty 8,2,0.001
3111,1622108683,I Am Your President,2,0.001
3112,1840241137,I Hear Them (Xbox Series X|S),2,0.001
3113,2058044275,"I, AI (Xbox Series X|S)",2,0.001
3114,236834307,"I, Zombie",2,0.001
3115,299988825,Ice Age Scrat's Nutty Adventure,2,0.001
3116,1944855646,Incantation Demo,2,0.001
3117,2129874876,Indivisible,2,0.001
3118,1397819355,Infinite Undiscovery,2,0.001
3119,1644577583,Ion Fury,2,0.001
3120,2062191225,Iron Meat,2,0.001
3121,1759196295,ISLANDERS: New Shores,2,0.001
3122,1684439879,Islets,2,0.001
3123,1925571425,Jay and Silent Bob: Chronic Blunt Punch,2,0.001
3124,1944442924,Jet Battle : Remastered Demo,2,0.001
3125,1480659445,Joe Danger Special Edition,2,0.001
3126,1832432939,Johnny Trigger,2,0.001
3127,1815280218,Jonah Lomu Rugby Challenge 4 Remastered,2,0.001
3128,1480656856,Joust,2,0.001
3129,1906459372,Judgment,2,0.001
3130,2028720746,Junkyard Simulator,2,0.001
3131,251796387,Just Dance 2018®,2,0.001
3132,2057958746,Just Dance® 2021,2,0.001
3133,2121049988,Just Dance® 2021 (Xbox Series X|S),2,0.001
3134,1995913309,Katamari Damacy REROLL,2,0.001
3135,649279273,King's Quest™,2,0.001
3136,1957464297,King K Roller 2,2,0.001
3137,1970962100,King of Seas,2,0.001
3138,1871178585,Kingdom Rush,2,0.001
3139,2145258670,Kiosk,2,0.001
3140,1674517129,Knights of Pen & Paper 2 Deluxiest Edition,2,0.001
3141,1718892809,Knockout City™,2,0.001
3142,1917136506,"Knowledge, or know Lady Demo",2,0.001
3143,2041063925,Lake,2,0.001
3144,1642491282,Lamentum,2,0.001
3145,930893366,Late Shift,2,0.001
3146,2055909129,Legacy of Kain: Defiance Remastered,2,0.001
3147,1073523542,LEGO® STAR WARS™: The Force Awakens Demo,2,0.001
3148,257790124,Lethal League,2,0.001
3149,149149959,Lies Of Astaroth,2,0.001
3150,1761905942,Lifeless Planet: Premier Edition,2,0.001
3151,1655517847,Like a Dragon Gaiden: The Man Who Erased His Name,2,0.001
3152,1808985417,Lil Gator Game: Gator of the Year Edition,2,0.001
3153,1615223185,Liquor Store Simulator,2,0.001
3154,1900298867,Little Bear,2,0.001
3155,1987951399,Lonely Mountains: Downhill,2,0.001
3156,2095305487,Lootbound,2,0.001
3157,1271641024,Lords of the Fallen (2014),2,0.001
3158,1631490723,Lost Islands,2,0.001
3159,1480656888,LUMINES LIVE!,2,0.001
3160,217450018,LUMINES REMASTERED,2,0.001
3161,1700020315,MADiSON,2,0.001
3162,1625265143,MageQuit,2,0.001
3163,1886514325,Marble It Up! Ultra,2,0.001
3164,1480659971,Marlow Briggs,2,0.001
3165,1627771857,Marvel Cosmic Invasion Demo,2,0.001
3166,1029188769,Marvel’s Guardians of the Galaxy: The Telltale Series - Episode 1,2,0.001
3167,2067424673,MasterChef: Learn to Cook!,2,0.001
3168,2122561474,Mate'Morphosis,2,0.001
3169,1635154692,Maximum Football 2019,2,0.001
3170,1684797055,McPixel 3,2,0.001
3171,699525164,Mega Man 11 Demo Version,2,0.001
3172,1766280986,METAL SLUG ATTACK RELOADED,2,0.001
3173,1651248133,Metal: Hellsinger (Xbox Series X|S & PC),2,0.001
3174,1844460632,Metro Exodus Enhanced Edition,2,0.001
3175,2142315481,Mighty Morphin Power Rangers: Rita's Rewind,2,0.001
3176,1396901860,MINI NINJAS™,2,0.001
3177,1480656973,Missile Command,2,0.001
3178,284143677,Momodora: Reverie Under the Moonlight,2,0.001
3179,1991869272,Monochrome Order,2,0.001
3180,2078832385,Monster Energy Supercross 4 - Xbox Series X|S,2,0.001
3181,1899878313,Monster Panic,2,0.001
3182,2128710093,Monster Sanctuary (Windows Version),2,0.001
3183,1885214293,Moo & Move: Extra Grazing Grounds,2,0.001
3184,634240708,MotoGP™19,2,0.001
3185,1679173794,MotoGP™21,2,0.001
3186,1766907656,MotoGP™21 - Xbox Series X|S,2,0.001
3187,1887595548,Mountain Racing Demo,2,0.001
3188,1908222793,Mr Trials,2,0.001
3189,1959884647,Mr.Slime in Dungeon,2,0.001
3190,1480657689,Ms. Splosion Man™,2,0.001
3191,2126139968,Murky Divers,2,0.001
3192,1678390358,Mushroom Savior,2,0.001
3193,905842411,Mutant Football League,2,0.001
3194,53175238,MXGP2 - Demo,2,0.001
3195,1817032347,My Little Pony: A Zephyr Heights Mystery,2,0.001
3196,1774925138,My Little Pony: Magic Princess,2,0.001
3197,2045736222,My Recycling Center,2,0.001
3198,1870551425,My Universe - My Baby,2,0.001
3199,1759805434,Narita Boy,2,0.001
3200,498956148,NASCAR Heat 2,2,0.001
3201,878282273,NBA 2K17: The Prelude,2,0.001
3202,2123370628,NBA 2K20 Demo,2,0.001
3203,368028447,NBA LIVE 18 DEMO,2,0.001
3204,952250438,NBA LIVE 19 Demo,2,0.001
3205,631368453,Necropolis,2,0.001
3206,1480657439,NEOGEO BATTLE COLISEUM,2,0.001
3207,2036125374,Neon White,2,0.001
3208,2086432768,Neva,2,0.001
3209,1737346272,Neverwinter Nights: Enhanced Edition,2,0.001
3210,125341318,Night in the Woods,2,0.001
3211,1480659560,NiGHTS into dreams...,2,0.001
3212,1263929316,NINJA GAIDEN 3: RE,2,0.001
3213,1915865634,Nowhere Prophet,2,0.001
3214,1736276958,O.W.L Projekt,2,0.001
3215,2074956981,Oddworld: Soulstorm Enhanced Edition,2,0.001
3216,2058598171,Oddworld: Soulstorm Enhanced Edition Demo,2,0.001
3217,303740234,Oh...Sir! The Insult Simulator,2,0.001
3218,933693396,ŌKAMI HD,2,0.001
3219,1785122378,Omega Strikers,2,0.001
3220,1638190340,One Button Games 5-in-1 vol. 2 (Xbox One),2,0.001
3221,2038764460,One Button Games 5-in-1 vol. 4,2,0.001
3222,1680665389,One Button Games 5-in-1 vol. 9 (Xbox One),2,0.001
3223,926156714,Onimusha: Warlords,2,0.001
3224,118591686,ONRUSH™,2,0.001
3225,1480659435,Orcs Must Die!,2,0.001
3226,1869570692,Overdrive Blaster (Xbox Series X|S),2,0.001
3227,2002349228,OVERPASS™,2,0.001
3228,2128015370,Owlen and the Starbound Mountain,2,0.001
3229,1480659984,PAC-MAN MUSEUM,2,0.001
3230,2089042924,Paleo Pines,2,0.001
3231,348018268,Pang Adventures,2,0.001
3232,2041098926,Paper Glider,2,0.001
3233,1836785866,ParkourLand Elite: Playground,2,0.001
3234,1893912101,Party Panic,2,0.001
3235,1926352092,PBA Pro Bowling,2,0.001
3236,1775966138,PBA Pro Bowling 2021,2,0.001
3237,1760424877,Penguin Dash!,2,0.001
3238,2076010707,Perfect Ninja Painter 2,2,0.001
3239,2142624894,PHOGS! Demo,2,0.001
3240,1877310417,Pixapple Adventure (Xbox Series),2,0.001
3241,1890622702,Pixel Gladiator,2,0.001
3242,1662154584,Platypus Reclayed,2,0.001
3243,1999115581,Poetic Trio (Xbox Series X|S),2,0.001
3244,1431504908,Prince of Persia,2,0.001
3245,1480656997,Prince of Persia,2,0.001
3246,2131056255,Prizma Puzzle Prime,2,0.001
3247,2011990367,Project Winter,2,0.001
3248,481098309,Pure Farming 2018,2,0.001
3249,993540759,Pure Hold'em™,2,0.001
3250,1655939920,Puyo Puyo Champions,2,0.001
3251,562694050,R.B.I. Baseball 16,2,0.001
3252,2099711760,R.B.I. Baseball 20,2,0.001
3253,1733215481,Race with Ryan,2,0.001
3254,1902587499,Rage Swarm,2,0.001
3255,2119938423,Raid: Shadow Legends,2,0.001
3256,957250252,Rapala Fishing: Pro Series,2,0.001
3257,1677630070,Rayman Legends Retold,2,0.001
3258,1700983074,Rayman Origins: Enhanced Edition,2,0.001
3259,1431504883,Rayman Raving Rabbids,2,0.001
3260,1897447749,ReactorX,2,0.001
3261,126264108,Rebel Galaxy,2,0.001
3262,1775353777,RESEARCH and DESTROY,2,0.001
3263,1714928281,Resident Evil Veronica,2,0.001
3264,1935966231,Restaurant Tycoon: My Cooking Empire,2,0.001
3265,1748326860,RetroMania Wrestling,2,0.001
3266,1223839444,RIDE,2,0.001
3267,434412541,Rise of the Tomb Raider,2,0.001
3268,1910888016,Rival Stars Horse Racing,2,0.001
3269,1769121996,River City Girls 2,2,0.001
3270,1480657562,Rock of Ages,2,0.001
3271,2140018399,RollerCoaster Tycoon Adventures Deluxe,2,0.001
3272,1850415990,"Rolling Hills: Make Sushi, Make Friends",2,0.001
3273,2028872815,ROMEO IS A DEAD MAN,2,0.001
3274,1674115906,Roots (Xbox One),2,0.001
3275,2057579327,Rugby League Legends '23,2,0.001
3276,764522213,Runbow,2,0.001
3277,1788292351,RUSHING BEAT X: Return Of Brawl Brothers,2,0.001
3278,1263339473,Sacred 2 Fallen Angel,2,0.001
3279,1263339495,Sacred 3,2,0.001
3280,1480659510,Sacred Citadel,2,0.001
3281,1708768275,Saints Row Boss Factory,2,0.001
3282,1480657104,Samurai Shodown II,2,0.001
3283,2124983718,SAND LAND,2,0.001
3284,1779343248,Sclash,2,0.001
3285,2055678343,Screamer,2,0.001
3286,2053701653,SD GUNDAM BATTLE ALLIANCE Demo,2,0.001
3287,1480657775,Sega Vintage Collection: Golden Axe,2,0.001
3288,1480657142,Shadow Complex,2,0.001
3289,2077320849,Shadow Man Remastered,2,0.001
3290,1882598345,Shadow Warrior,2,0.001
3291,544561028,Shadow Warrior 2,2,0.001
3292,1480659468,Shank™2,2,0.001
3293,1689409064,Shield King,2,0.001
3294,1709151881,Ship Graveyard Simulator 2,2,0.001
3295,247124088,Shovel Knight: Treasure Trove,2,0.001
3296,1263405091,Silent Hill:  Downpour,2,0.001
3297,1480659508,SINE MORA™,2,0.001
3298,972210258,Sky Force Anniversary,2,0.001
3299,1626739731,Sky Survivors,2,0.001
3300,1613869684,Skylanders SWAP Force,2,0.001
3301,2067325374,SlimeFlip (Windows),2,0.001
3302,1736697479,Smart Moves,2,0.001
3303,1671676860,Snakeybus,2,0.001
3304,16468936,So Many Me,2,0.001
3305,1736234663,Soccer Arena Differences,2,0.001
3306,1907729638,Solasta: Crown of the Magister,2,0.001
3307,1480657348,Sonic & Knuckles,2,0.001
3308,1480659442,SONIC 4 Episode II,2,0.001
3309,1480659441,Sonic CD,2,0.001
3310,2116209805,Soul Hackers 2,2,0.001
3311,1480657156,SOULCALIBUR,2,0.001
3312,2109986102,Space Crew: Legendary Edition,2,0.001
3313,1718103769,Space Gladiators,2,0.001
3314,1945826524,Space Warlord Baby Trading Simulator,2,0.001
3315,196851457,Spike Volleyball,2,0.001
3316,1712871656,Spirit Hunters: Infinite Horde,2,0.001
3317,1734092917,Spirit of the North: Enhanced Edition,2,0.001
3318,2032251921,Spot Challenge Vol. 2,2,0.001
3319,1633340711,Spray Paint Simulator,2,0.001
3320,1917594775,Stampede: Racing Royale (Game Preview),2,0.001
3321,2063855906,STAR OCEAN THE DIVINE FORCE,2,0.001
3322,2071323777,Star Trek: Resurgence,2,0.001
3323,1992651140,STAR WARS™: Dark Forces Remaster,2,0.001
3324,1015961921,Starpoint Gemini Warlords,2,0.001
3325,1692236270,Stolen Realm,2,0.001
3326,903098188,Strange Brigade,2,0.001
3327,1896598798,Street Outlaws 2: Winner Takes All,2,0.001
3328,1949684868,Streetdog BMX,2,0.001
3329,2112291702,STUFFED Demo,2,0.001
3330,1911065365,Stunt Paradise,2,0.001
3331,1978396801,Styx: Blades of Greed,2,0.001
3332,2023806716,Styx: Master of Shadows,2,0.001
3333,1880166267,Sudoku Classic X,2,0.001
3334,1718545023,Sunset Overdrive,2,0.001
3335,1958529503,Super Dark Deception,2,0.001
3336,1926467835,Super Forklift 3000,2,0.001
3337,1998740916,Super Kids Racing : Mini Edition Demo,2,0.001
3338,1830126483,Super Kids Racing : Remastered Demo,2,0.001
3339,2059797788,Super Meat Boy Forever,2,0.001
3340,1998863142,Super Pixel Kid 2,2,0.001
3341,1914281401,Super Volley Blast,2,0.001
3342,1733990238,Supraland: Six Inches Under,2,0.001
3343,2003002635,Survival: Foutain of Youth - Captain's Edition,2,0.001
3344,1689702773,Survive on Raft,2,0.001
3345,1845322433,Suzerain,2,0.001
3346,1480659532,SVC: ToeJam & Earl,2,0.001
3347,1908989621,SWORD ART ONLINE Last Recollection,2,0.001
3348,779561878,Sword Coast Legends™,2,0.001
3349,1480657001,SWOS,2,0.001
3350,1768536074,Symphonia 𝄞,2,0.001
3351,1940337295,Taiko no Tatsujin: Rhythm Festival,2,0.001
3352,1879459921,Takotan,2,0.001
3353,1699999089,Talisman: Digital 5th Edition,2,0.001
3354,1978334388,Tank Mechanic Simulator,2,0.001
3355,2076626607,Tank Mechanic Simulator - Reinforced,2,0.001
3356,1779181957,Tavern Manager Simulator,2,0.001
3357,1780641172,TCG Emporium Card Shop Simulator,2,0.001
3358,2026036902,Tears of Metal (Game Preview),2,0.001
3359,2137169995,Tenebris Somnia Demo,2,0.001
3360,2101116288,Tennis Elbow 4,2,0.001
3361,1621365103,Terror of Hemasaurus,2,0.001
3362,2019592943,Tesla Force,2,0.001
3363,188910190,Tesla vs Lovecraft,2,0.001
3364,1866686081,The 7th Guest Remake,2,0.001
3365,1938484197,The Adventures of Elliot: The Millennium Tales Prologue Demo,2,0.001
3366,1733173772,The Bard's Tale Trilogy,2,0.001
3367,2076835000,"THE CASINO COLLECTION: Ruleta, Vídeo Póker, Tragaperras, Craps, Baccarat, Five-Card Draw Poker, Texas hold 'em, Blackjack and Page One",2,0.001
3368,1637035694,The Chant,2,0.001
3369,129773809,The Disney Afternoon Collection,2,0.001
3370,125965001,The Escapists: The Walking Dead,2,0.001
3371,1685158190,The Expanse: A Telltale Series,2,0.001
3372,29720212,The Flame in the Flood,2,0.001
3373,1771716407,The Grinch 2: Saving Christmas,2,0.001
3374,247774493,The Incredible Adventures of Van Helsing,2,0.001
3375,1918006946,The Inheritance of Crimson Manor,2,0.001
3376,2052100489,The Invincible,2,0.001
3377,1988354836,The Karate Kid: Street Rumble,2,0.001
3378,1860938757,The Last Case of John Morley,2,0.001
3379,1892179113,The Last Faith,2,0.001
3380,1414596562,The Outfit,2,0.001
3381,2029175168,The Plucky Squire,2,0.001
3382,1895861577,The Slormancer Demo,2,0.001
3383,2120497068,The Smurfs - Village Party,2,0.001
3384,1965003400,The Unicorn Princess,2,0.001
3385,946930585,The Walking Dead Collection - The Telltale Series,2,0.001
3386,1921896806,Them Bombs,2,0.001
3387,2127247278,Thief Simulator 2,2,0.001
3388,1893820784,Threes!,2,0.001
3389,2002692571,Timberman VS,2,0.001
3390,1807962365,Tiny Tina's Assault on Dragon Keep: A Wonderlands One-shot Adventure,2,0.001
3391,1646531438,To the Moon,2,0.001
3392,199663598,Tom Clancy’s The Division 2 - Open Beta,2,0.001
3393,1657526037,Tomb Raider: Legacy of Atlantis,2,0.001
3394,1645311014,Tony and Clyde,2,0.001
3395,1863466810,Tormented Souls 2,2,0.001
3396,1480657238,Tower Bloxx Deluxe,2,0.001
3397,1887639245,Tracks - The Train Set Game,2,0.001
3398,974917521,Train Sim World® 2020,2,0.001
3399,2061866976,Trek to Yomi,2,0.001
3400,1112934381,Tron: Evolution,2,0.001
3401,2143164145,Truck Simulator Cargo Driver 2025 - EURO,2,0.001
3402,1841969017,True Fear: Forsaken Souls Part 2 Demo,2,0.001
3403,1661098733,Turbo Golf Racing,2,0.001
3404,1871105054,TY the Tasmanian Tiger HD,2,0.001
3405,2074316990,Ultimate General: Gettysburg,2,0.001
3406,1940948486,Ultimate Trivia,2,0.001
3407,1629100331,Ultra Foodmess 2,2,0.001
3408,1683451145,Ultra Foodmess Deluxe,2,0.001
3409,1721756099,Ultros,2,0.001
3410,2062523547,Unbox the Room,2,0.001
3411,1815810056,Under The Waves,2,0.001
3412,2102312061,Unrailed!,2,0.001
3413,2060146885,Unspottable,2,0.001
3414,1620954305,Vagante,2,0.001
3415,1066906675,Vikings - Wolves of Midgard,2,0.001
3416,1480659612,Virtua Fighter 2,2,0.001
3417,133113455,Voodoo Vince: Remastered,2,0.001
3418,1930544338,VORON: Raven’s Story (Xbox Series X|S),2,0.001
3419,1651691355,Wanted: Dead,2,0.001
3420,1672389327,Warcraft® II: Remastered,2,0.001
3421,1682770291,"Warhammer 40,000: Chaos Gate - Daemonhunters",2,0.001
3422,1975267359,"Warhammer 40,000: Mechanicus",2,0.001
3423,1979514848,"Warhammer 40,000: Mechanicus II",2,0.001
3424,2078235268,"Warhammer 40,000: Shootas, Blood & Teef",2,0.001
3425,1760893557,Warlander,2,0.001
3426,2145627498,Warshift 2: Machines of Madness,2,0.001
3427,2039837995,We Were Here Forever,2,0.001
3428,1788936172,We Were Here Too,2,0.001
3429,1918361672,Werewolf Pinball,2,0.001
3430,1998334767,Wild Blue Skies,2,0.001
3431,1746223055,Wild West Legacy,2,0.001
3432,1889539152,Wildshade: Unicorn Champions,2,0.001
3433,2125765747,Windbound,2,0.001
3434,1677025209,Wolfenstein: The New Order (PC),2,0.001
3435,237580797,Wonder Boy: The Dragon's Trap,2,0.001
3436,1752292722,World Enduro Rally,2,0.001
3437,2090009012,World of Tanks BETA,2,0.001
3438,1985239734,World of Tanks Blitz (legacy),2,0.001
3439,1480657067,WOTB: Commando 3,2,0.001
3440,1048549433,WRC 6 FIA World Rally Championship,2,0.001
3441,2056599614,Wreckreation,2,0.001
3442,858615632,Xbox Fitness,2,0.001
3443,1755180052,Yakuza 3 Remastered,2,0.001
3444,1788295676,Yakuza 4 Remastered,2,0.001
3445,1845646569,Yakuza Kiwami 2,2,0.001
3446,2035057372,"Yes, Your Grace",2,0.001
3447,2116894335,Yooperlite (Xbox One),2,0.001
3448,1753658946,Yooperlite (Xbox Series X|S),2,0.001
3449,1002820120,Youtubers Life - OMG Edition,2,0.001
3450,1848677374,ZDQ Island Engagement,2,0.001
3451,1622515242,ZenTile Mahjong for PC & XBOX,2,0.001
3452,916812232,ZHEROS,2,0.001
3453,1781910183,Zombie Graveyard Simulator,2,0.001
3454,2069056165,Zombie Survivors XONE Edition,2,0.001
3455,711381438,Zoo Tycoon,2,0.001
3456,1892576814,#Blud,1,0.0005
3457,1860622778,#Freshly Frosted Demo,1,0.0005
3458,1657880578,#WarGames,1,0.0005
3459,253370787,>observer_,1,0.0005
3460,1626046949,1-Bit Dungeon (Xbox One),1,0.0005
3461,1875818022,1 Square,1,0.0005
3462,1907798532,15in1 Solitaire,1,0.0005
3463,1869731177,16-Bit Soccer,1,0.0005
3464,1653986363,1f y0u're a gh0st ca11 me here!,1,0.0005
3465,1663223292,2048 Battles - Sylvan Sirens,1,0.0005
3466,2041634175,2048 Maniac,1,0.0005
3467,1855137956,2URVIVE,1,0.0005
3468,2094746370,34 Sports Games - World Edition,1,0.0005
3469,1765279855,3D Billiards - Pool & Snooker - Remastered,1,0.0005
3470,2146388451,3XTINCTION,1,0.0005
3471,1928837910,5 in 1 Arcade Vault (Windows),1,0.0005
3472,1980412525,50 Years,1,0.0005
3473,2073237270,60 Parsecs!,1,0.0005
3474,1627615213,70s-style Robot Anime Geppy-X DEMO,1,0.0005
3475,570085654,8-Bit RTS Series,1,0.0005
3476,323834939,88 Heroes,1,0.0005
3477,1983088228,9 Lives To Defend,1,0.0005
3478,1970463169,9 Monkeys of Shaolin Demo,1,0.0005
3479,1845248290,A Juggler's Tale,1,0.0005
3480,758556857,A Knight's Quest,1,0.0005
3481,369070271,A Pixel Story,1,0.0005
3482,1643586123,A Tower Full of Cats,1,0.0005
3483,1824287216,Aaero2,1,0.0005
3484,2047037846,Abathor,1,0.0005
3485,2040415843,ABRISS - build to destroy,1,0.0005
3486,949699803,ABZU,1,0.0005
3487,1060271764,ACA NEOGEO AERO FIGHTERS 2,1,0.0005
3488,732054872,ACA NEOGEO BIG TOURNAMENT GOLF,1,0.0005
3489,254946653,ACA NEOGEO FATAL FURY SPECIAL,1,0.0005
3490,742489013,ACA NEOGEO LEAGUE BOWLING,1,0.0005
3491,1847786076,ACA NEOGEO METAL SLUG 5 for Windows,1,0.0005
3492,511809777,ACA NEOGEO NAM-1975,1,0.0005
3493,483384785,ACA NEOGEO PUZZLE BOBBLE 2,1,0.0005
3494,418426882,ACA NEOGEO REAL BOUT FATAL FURY SPECIAL,1,0.0005
3495,922642042,ACA NEOGEO SAMURAI SHODOWN II,1,0.0005
3496,716586524,ACA NEOGEO SAVAGE REIGN,1,0.0005
3497,625867999,ACA NEOGEO SHOCK TROOPERS,1,0.0005
3498,537999743,ACA NEOGEO STREET HOOP,1,0.0005
3499,483389840,ACA NEOGEO STRIKERS 1945 PLUS,1,0.0005
3500,300527443,ACA NEOGEO THE KING OF FIGHTERS '94,1,0.0005
3501,426534329,ACA NEOGEO THE KING OF FIGHTERS '96,1,0.0005
3502,1733288013,ACA NEOGEO THE KING OF FIGHTERS '98,1,0.0005
3503,420401391,ACA NEOGEO THE KING OF FIGHTERS 2000,1,0.0005
3504,743775769,ACA NEOGEO TOP HUNTER RODDY & CATHY,1,0.0005
3505,15605529,ACA NEOGEO WORLD HEROES 2 JET,1,0.0005
3506,1072246689,ACA NEOGEO WORLD HEROES PERFECT,1,0.0005
3507,585188640,Aces of the Luftwaffe - Squadron,1,0.0005
3508,2132000502,ACL Pro Cornhole,1,0.0005
3509,1949370509,Acre Crisis,1,0.0005
3510,1689096270,Active Matter Demo,1,0.0005
3511,1849400719,Adios,1,0.0005
3512,1923017469,Adrian's Tale,1,0.0005
3513,1777027693,Adv File Explorer (FullTrust),1,0.0005
3514,344925310,Adventure Time: Finn and Jake Investigations,1,0.0005
3515,926156758,Adventure Time: Secret (2014),1,0.0005
3516,1628334164,Adventures of a Cat In Space Demo,1,0.0005
3517,1640203944,AER - Memories of Old,1,0.0005
3518,1828488326,Aery - Dreamscape,1,0.0005
3519,2120715413,After Us,1,0.0005
3520,1629096088,Agatha Christie - Murder on the Orient Express,1,0.0005
3521,711714069,Agatha Christie - The ABC Murders (Xbox One),1,0.0005
3522,2088234021,Agatha Christie - The ABC Murders (Xbox Series),1,0.0005
3523,1480657136,Age of Booty,1,0.0005
3524,2084317224,Age of Empires Mobile: PC Edition,1,0.0005
3525,1630807758,Age of Water,1,0.0005
3526,1858896649,"Ah, Love! (Windows)",1,0.0005
3527,1798393583,Air Aces,1,0.0005
3528,1972154344,Air Climb Racing 2,1,0.0005
3529,1480660006,AirMech Arena,1,0.0005
3530,1880279778,Airplane Racing Championship Demo,1,0.0005
3531,1973954835,Akai Katana Shin,1,0.0005
3532,2036577806,Akane,1,0.0005
3533,1835342321,Akinakes (Xbox Series),1,0.0005
3534,1817202060,Alba: A Wildlife Adventure,1,0.0005
3535,350859148,Alekhine's Gun,1,0.0005
3536,1811930896,Alexandria IV DEMO,1,0.0005
3537,1897859596,Alice Sisters,1,0.0005
3538,1965256422,Alice Through the Looking Glass: Hidden Objects,1,0.0005
3539,2000460393,Alien Hominid Invasion,1,0.0005
3540,1736454335,Alien: Isolation,1,0.0005
3541,2077540326,Alina of the Arena,1,0.0005
3542,1791296322,All of Us Are Dead...,1,0.0005
3543,1719440805,Alone in the Dark,1,0.0005
3544,2064485632,Alphadia Genesis,1,0.0005
3545,173777692,Alto's Adventure,1,0.0005
3546,1728054958,Amanda the Adventurer 3,1,0.0005
3547,189808036,American Fugitive,1,0.0005
3548,1905197072,American Theft 80s,1,0.0005
3549,1671043316,Ancient Ants Adventure,1,0.0005
3550,1740207992,Andromeda Survivors,1,0.0005
3551,2041767726,Angry Birds 2,1,0.0005
3552,1659178052,Angry Video Game Nerd 8-bit Demo,1,0.0005
3553,1828567307,Angry Video Game Nerd I & II Deluxe,1,0.0005
3554,1912581219,Anima Flux Demo,1,0.0005
3555,811324103,Anima: Gate of Memories - The Nameless Chronicles,1,0.0005
3556,2072863941,Animal Shelter Simulator,1,0.0005
3557,2032975288,ANIMAL WELL,1,0.0005
3558,1733454261,ANNIE:Last Hope Demo,1,0.0005
3559,1480659481,Anomaly Warzone Earth,1,0.0005
3560,1717172856,Another Sight,1,0.0005
3561,426214704,Anthem™ Demo,1,0.0005
3562,1701001802,Anvil Saga,1,0.0005
3563,2068205998,Apex Heroines,1,0.0005
3564,2066750369,APG: A Plane Game,1,0.0005
3565,2072805138,APICO,1,0.0005
3566,1878021400,Aquapark io,1,0.0005
3567,1825903159,Arashi Gaiden,1,0.0005
3568,1762082517,Arcade Archives 2 KARNOV,1,0.0005
3569,1708043314,Arcade Archives 2 Rave Racer,1,0.0005
3570,2081200138,Arcade Classics Anniversary Collection,1,0.0005
3571,1836455102,Arcade Hysteria,1,0.0005
3572,2111445117,Arcade Spirits: The New Challengers,1,0.0005
3573,2123334640,Arcadian Atlas,1,0.0005
3574,1708780346,Are You Smarter Than A 5th Grader?,1,0.0005
3575,1161889871,Army of Two™ (Asia),1,0.0005
3576,1818664728,Asdivine Cross,1,0.0005
3577,132590840,Assassin's Creed® Chronicles: India,1,0.0005
3578,1762779465,Asterigos: Curse of the Stars,1,0.0005
3579,1946604107,Asteroids: Recharged,1,0.0005
3580,1903637795,Astro Flame Starfighter,1,0.0005
3581,1631238072,Astro Miner,1,0.0005
3582,1480656882,Astropop,1,0.0005
3583,1992960588,Atelier Yumia: The Alchemist of Memories & the Envisioned Land - Demo (Xbox Series X|S),1,0.0005
3584,1976727993,Au Revoir,1,0.0005
3585,1720903665,Autopsy Simulator,1,0.0005
3586,1702244274,Autumn's Journey,1,0.0005
3587,1414596577,Avatar: TLA: TBE,1,0.0005
3588,1854172310,AWAKEN - Astral Blade Demo,1,0.0005
3589,2101231180,Away : The Survival Series,1,0.0005
3590,2110575175,Awesome Pea (Demo),1,0.0005
3591,1699886412,Axis Football 2027,1,0.0005
3592,2114307100,Bad Dream: Coma,1,0.0005
3593,2022506951,Bakery Shop Simulator - Cake Bakery Simulator,1,0.0005
3594,1730080779,Bakery Simulator,1,0.0005
3595,1619305462,Baki Hanma: Blood Arena,1,0.0005
3596,1624083933,BALAN WONDERWORLD,1,0.0005
3597,1778964678,Balloball - Ribbit & Rescue (Xbox One),1,0.0005
3598,1689314666,Balloon Rescue,1,0.0005
3599,1795036563,Ballotron Galaxy,1,0.0005
3600,1869321523,Ballotron Oceans,1,0.0005
3601,2021090436,Baptiste Demo,1,0.0005
3602,1899605529,Barbarous: Survivor's Quest,1,0.0005
3603,892299738,Bard's Gold,1,0.0005
3604,1854415183,Barn Finders,1,0.0005
3605,1641330093,Basketball Classics,1,0.0005
3606,1679847034,Batbarian: Testament of the Primordials,1,0.0005
3607,1737614331,BATSUGUN Saturn Tribute Boosted,1,0.0005
3608,350348742,Battle Worlds: Kronos,1,0.0005
3609,1161889755,Battlefield 2: MC,1,0.0005
3610,2009443764,BBQ Simulator: The Squad,1,0.0005
3611,1096353751,BCFx,1,0.0005
3612,1927567306,Bear Escape Mission (XBOX SERIES),1,0.0005
3613,1926846922,Bear Mage Honey Sage,1,0.0005
3614,1936375555,Bear Mage Honey Sage (Xbox Series),1,0.0005
3615,1863389993,Bee Flowers,1,0.0005
3616,1727042316,Bee Flowers: Save the Garden (Windows),1,0.0005
3617,1977288437,Behold Battle,1,0.0005
3618,1480659459,Bellator: MMA Onslaught,1,0.0005
3619,1854871799,Beneath Oresa,1,0.0005
3620,1913455981,Beyond a Steel Sky,1,0.0005
3621,2037703927,Beyond Blue,1,0.0005
3622,2008389504,Big Helmet Heroes,1,0.0005
3623,1686912808,Bigfoot Hunting,1,0.0005
3624,531923308,Bike Mayhem 2,1,0.0005
3625,1769201615,Bioprototype,1,0.0005
3626,1414793247,BioShock,1,0.0005
3627,1873040721,Black Spades,1,0.0005
3628,730766332,Blackguards 2,1,0.0005
3629,2039195750,Blacksad - Under the Skin (Xbox Series),1,0.0005
3630,2061970650,BLACKTAIL,1,0.0005
3631,1787759076,Blade of Darkness,1,0.0005
3632,1827374020,Blades of Fire Demo,1,0.0005
3633,1535814857,BLADESTORM: Nightmare,1,0.0005
3634,188693730,BLADESTORM: Nightmare Demo,1,0.0005
3635,2041877435,Blaster Master Zero,1,0.0005
3636,1890497870,Blaster Master Zero 2,1,0.0005
3637,1431504859,Blazing Angels,1,0.0005
3638,941698858,Bleed 2,1,0.0005
3639,2037855727,Block Puzzle Jewels Classic,1,0.0005
3640,1827427361,Blockman 1988,1,0.0005
3641,2134519157,Blood of Mehran,1,0.0005
3642,1480657786,Bloodforge,1,0.0005
3643,1682481186,Bloodhound,1,0.0005
3644,1296697338,BloodRayne 2,1,0.0005
3645,1800572506,Bloodshed,1,0.0005
3646,1892026097,Bloodwash,1,0.0005
3647,869267607,Bloody Zombies,1,0.0005
3648,1648681486,Bloomwalker,1,0.0005
3649,1698796012,Bloons TD 6,1,0.0005
3650,1664817482,Blue Fire,1,0.0005
3651,2028861406,Bobobby 3D: Stranded Rush,1,0.0005
3652,1722069710,Bobobby 3D: Stranded Rush (Xbox Series),1,0.0005
3653,1695618656,Book of Demons,1,0.0005
3654,1414793318,Borderlands (JP),1,0.0005
3655,2092220937,Borderlands 3,1,0.0005
3656,1942358188,Born Of Bread,1,0.0005
3657,1947937751,Born Of Bread Demo,1,0.0005
3658,2133147977,Botty Bird,1,0.0005
3659,1896669689,Boxed Beasts (Xbox One),1,0.0005
3660,2031963723,Boxed Beasts (Xbox Series X/S),1,0.0005
3661,1715428789,Boxville 2 Demo,1,0.0005
3662,2021444410,BPM: Bullets Per Minute,1,0.0005
3663,1936300879,BQM - BlockQuest Maker,1,0.0005
3664,1480657070,Brain Challenge™,1,0.0005
3665,2008100335,Brain simulator,1,0.0005
3666,1744072621,Bratz™: Flaunt your fashion,1,0.0005
3667,1965847665,BRAVELY DEFAULT FLYING FAIRY HD Remaster,1,0.0005
3668,178624005,Breach & Clear: Deadline,1,0.0005
3669,1751295845,BREAKING BRICKS (XBOX SERIES),1,0.0005
3670,1857840975,Breakout: Recharged,1,0.0005
3671,1879813340,Breathedge,1,0.0005
3672,1754913361,Brewmaster: Beer Brewing Simulator,1,0.0005
3673,854374790,Brick Breaker,1,0.0005
3674,1771762853,BricksPlus,1,0.0005
3675,58039508,Bridge Constructor Portal,1,0.0005
3676,1750660486,BRIGANDINE ABYSS,1,0.0005
3677,2067110068,Bright Memory,1,0.0005
3678,1972740153,Bright Memory: Infinite Platinum Edition,1,0.0005
3679,364252200,Broken Sword 5 - the Serpent’s Curse,1,0.0005
3680,1899809649,Bubble Shooter Viking Pop!,1,0.0005
3681,1883382068,Bubsy 4D Demo,1,0.0005
3682,2092197904,Bubsy in: The Purrfect Collection,1,0.0005
3683,1828672240,Buddy Garden (Xbox One),1,0.0005
3684,1923745417,Bug Fables: The Everlasting Sapling,1,0.0005
3685,1864061555,Bunker Hunter X 1.0,1,0.0005
3686,1908871844,Bunny Parking,1,0.0005
3687,1675322677,Burn in Health,1,0.0005
3688,1901508105,Burn in Health (Xbox Series),1,0.0005
3689,1733243424,Bus Driving Simulator : EVO,1,0.0005
3690,723100070,BUTCHER,1,0.0005
3691,1955736581,Butterfly,1,0.0005
3692,2022947683,BVOVB - Bruising Vengeance of the Vintage Boxer,1,0.0005
3693,363359276,Call of Duty®: Black Ops 4 Blackout Private Beta,1,0.0005
3694,1751576553,Call of Duty®: Black Ops Cold War - Open Beta,1,0.0005
3695,1960391873,Call of Duty®: Black Ops III (Windows),1,0.0005
3696,1724764656,Call of Duty®: Ghosts (Windows),1,0.0005
3697,1944957710,Call of Duty®: Modern Warfare® 2 (2009),1,0.0005
3698,1676384121,Call of Duty®: Modern Warfare® II - Open Beta,1,0.0005
3699,1748943662,Call of Duty®: Vanguard - Xbox Series X|S Open Beta,1,0.0005
3700,1948697209,Can't wait to die,1,0.0005
3701,943602230,Canadian Football 2017,1,0.0005
3702,2113057830,Candivity,1,0.0005
3703,1037026807,Candle Man,1,0.0005
3704,1898911506,Car Clean Day,1,0.0005
3705,1972377758,Car Cops,1,0.0005
3706,2115124995,Card Storm Idle (Windows),1,0.0005
3707,1711468581,Carry The Glass Demo,1,0.0005
3708,1855158493,Cartel Tycoon,1,0.0005
3709,2140021544,CASE: Animatronics,1,0.0005
3710,287508507,Casey Powell Lacrosse 18,1,0.0005
3711,1501266033,CastleStorm - Definitive Edition,1,0.0005
3712,1733505304,Castlevania: Belmont's Curse,1,0.0005
3713,1998437509,Casual Sport Series: Hockey,1,0.0005
3714,1801180387,Cat From Hell,1,0.0005
3715,1660920487,Cat From Hell 2,1,0.0005
3716,1640965998,Cat in Rain,1,0.0005
3717,2111860697,Cat Pipes,1,0.0005
3718,1646378646,Cat Quest III,1,0.0005
3719,1987577452,Catch Up,1,0.0005
3720,1096026071,Catherine,1,0.0005
3721,1263339498,Catherine,1,0.0005
3722,1986085404,Cats On Duty Demo,1,0.0005
3723,2117573270,Cats with Guns (Xbox),1,0.0005
3724,1688996321,Chameleon Dummy Hunt,1,0.0005
3725,1631654404,Chants of Sennaar (Windows),1,0.0005
3726,1838474785,Charlatan Demo,1,0.0005
3727,1944645448,Chess Battle,1,0.0005
3728,1634099282,Chess Champion,1,0.0005
3729,1827739583,Chess Infinity,1,0.0005
3730,1697386135,Chicken Police - Paint it RED!,1,0.0005
3731,2005154977,Children of Morta,1,0.0005
3732,1993552093,Choice of Life: Middle Ages,1,0.0005
3733,1967883584,Chorus,1,0.0005
3734,880657099,Chronos: Before the Ashes,1,0.0005
3735,1893065886,Cipher Monk: Cassette Equation (Xbox Series),1,0.0005
3736,1627160129,Circuit Superstars,1,0.0005
3737,1974674655,Circus Electrique,1,0.0005
3738,1951821095,Cities: Skylines II,1,0.0005
3739,2003473581,Citizen Sleeper,1,0.0005
3740,1783440636,City Bus Manager,1,0.0005
3741,1655404846,City Transport Simulator 2026,1,0.0005
3742,1618799257,CityDriver,1,0.0005
3743,1974519115,Clash Force,1,0.0005
3744,1880988322,Classic Pool,1,0.0005
3745,1677354959,Clea Demo,1,0.0005
3746,2053080893,Clicker Bugs Attack,1,0.0005
3747,1610974574,Cocoon,1,0.0005
3748,2087025872,CODE VEIN Trial Edition,1,0.0005
3749,1923326984,Coffee Shop Simulator,1,0.0005
3750,1964815108,Coffee Talk Tokyo Demo,1,0.0005
3751,1640341352,College Bowl,1,0.0005
3752,1709128124,Collie Call: Farm of Tomorrow,1,0.0005
3753,1915028166,Collie Call: The Future is Calling (Xbox Series),1,0.0005
3754,2040404955,Colorful Colore,1,0.0005
3755,1782658315,Commander Keen in Keen Dreams Definitive Edition,1,0.0005
3756,1615170842,Common'hood,1,0.0005
3757,1923495076,Concept Destruction,1,0.0005
3758,1755515004,Concordia: Digital Edition - GOTY,1,0.0005
3759,1906275446,Connect In A Row Puzzle Solver,1,0.0005
3760,1941827560,Connect It!,1,0.0005
3761,1731932733,Constance,1,0.0005
3762,2011564314,Contra: Operation Galuga,1,0.0005
3763,1642942095,CONTRA: ROGUE CORPS,1,0.0005
3764,2121511766,CONTRA: ROGUE CORPS DEMO,1,0.0005
3765,2041760605,"Cook, Serve, Delicious!",1,0.0005
3766,2097032200,"Cook, Serve, Delicious! 2!!",1,0.0005
3767,1903918497,"Cook, Serve, Delicious! 3?!",1,0.0005
3768,1809115559,Corpse Party,1,0.0005
3769,1719044568,Cosmos Bit,1,0.0005
3770,1480660050,Costume Quest 2,1,0.0005
3771,1918389229,Countryside Farm Clues (Windows),1,0.0005
3772,1895803095,Cozy Fireplace,1,0.0005
3773,1729386185,Crash The Fox Bandi,1,0.0005
3774,963702216,Crayola Scoot,1,0.0005
3775,2074622046,Crazy Cats vs. Crazy Cyborgs,1,0.0005
3776,1793068898,Crazy Cats vs. Crazy Cyborgs (Xbox Series X|S),1,0.0005
3777,1859298823,Creepy Shift: Roadside Diner,1,0.0005
3778,1985791411,Cricket 22,1,0.0005
3779,2109434372,Cricket: Jae's Really Peculiar Game (Demo),1,0.0005
3780,1692395829,Croc's World 4,1,0.0005
3781,1956748538,Cross the Moon,1,0.0005
3782,1735754897,CrushBorgs (Xbox Series),1,0.0005
3783,989689010,Crypt of the Serpent King,1,0.0005
3784,536814041,Crypt of the Serpent King Demo,1,0.0005
3785,1480657289,CRYSTAL DEFENDERS,1,0.0005
3786,2093569775,Culdcept The First Saturn Tribute,1,0.0005
3787,1914646696,Curse of the Dead Gods,1,0.0005
3788,2041076002,Curse of the Dead Gods (PC),1,0.0005
3789,1888959270,Cyber Citizen Shockman,1,0.0005
3790,1719811824,CyberCorp,1,0.0005
3791,1705627827,CYGNI: All Guns Blazing,1,0.0005
3792,1935925981,D.U.M.B. Ducks,1,0.0005
3793,2126586531,Daemon X Machina: Titanic Scion Demo,1,0.0005
3794,942640100,DAKAR 18,1,0.0005
3795,215134312,Dandara: Trials of Fear Edition,1,0.0005
3796,2026477830,Dandy Ace,1,0.0005
3797,1620054122,Danger Scavenger,1,0.0005
3798,822567888,Danger Zone,1,0.0005
3799,1966774103,Dark Atlas: Infernum,1,0.0005
3800,1972031627,Dark Deity 2,1,0.0005
3801,2056835760,Dark Farts: Parody Smell Edition,1,0.0005
3802,1128466400,Dark Void,1,0.0005
3803,1691547506,Darkness and Flame 4: Enemy in Reflection,1,0.0005
3804,1480656930,Darwinia+,1,0.0005
3805,1692675045,DayD: Tower Rush,1,0.0005
3806,1611718894,DC League of Super-Pets: The Adventures of Krypto and Ace,1,0.0005
3807,1414596709,de Blob 2 (2014),1,0.0005
3808,1622132960,Dead Cells,1,0.0005
3809,435507461,Dead Effect 2,1,0.0005
3810,1480657531,Dead Space™ Ignition,1,0.0005
3811,2075268737,Deadliest Catch: The Game,1,0.0005
3812,1833777134,Deadly Days Demo,1,0.0005
3813,2013010455,Death Park 2,1,0.0005
3814,1909022139,Death Park: 4k Remaster,1,0.0005
3815,1728907592,Deathbulge: Battle of the Bands,1,0.0005
3816,1643012526,Decollate Decoration,1,0.0005
3817,2042245331,Deep Beyond,1,0.0005
3818,1620621787,Deep Diving Adventures,1,0.0005
3819,1864026340,Deep Sea Delivery & Co.,1,0.0005
3820,1971145739,Deepest Trench,1,0.0005
3821,1814299019,Defense Zone 3 Ultra HD,1,0.0005
3822,923296121,Defunct,1,0.0005
3823,1779096288,Deliver At All Costs,1,0.0005
3824,2073798996,Demon's Tier+,1,0.0005
3825,1866841877,Demon Slayer -Kimetsu no Yaiba- Sweep the Board!,1,0.0005
3826,2014312535,Despot's Game,1,0.0005
3827,245548143,Destiny 2 - Beta,1,0.0005
3828,2130889323,Destroy All Humans! 2 - Reprobed: Single Player (X1),1,0.0005
3829,1628098590,Destroy All Humans! 2 Reprobed,1,0.0005
3830,1754131742,Diamond Painting ASMR,1,0.0005
3831,1683435765,Dino Odyssey,1,0.0005
3832,1697516444,Dinosaur RPG - Dino Survival Simulator Survivor,1,0.0005
3833,1821472434,Disciples: Liberation,1,0.0005
3834,1737926681,Discounty,1,0.0005
3835,252379691,Disintegration,1,0.0005
3836,1981785404,Disney Illusion Island Starring Mickey and Friends,1,0.0005
3837,268236555,Disney Infinity [2.0],1,0.0005
3838,1864875251,Disney Magic Kingdoms,1,0.0005
3839,63030352,Disneyland Adventures Demo,1,0.0005
3840,1096026072,Divinity II - DKS,1,0.0005
3841,2144573002,Doctor Cat,1,0.0005
3842,1823452826,Dodgeball Academia,1,0.0005
3843,1935690934,Dog Man: Mission Impawsible,1,0.0005
3844,667003203,Dogos,1,0.0005
3845,1886148324,Dollhouse: Behind the Broken Mirror,1,0.0005
3846,1744516403,Dolmen,1,0.0005
3847,1949209537,Dominus Mahjong Arcana (XBOX SERIES),1,0.0005
3848,249733426,Don't Knock Twice,1,0.0005
3849,1860933161,Don't Touch this Button!,1,0.0005
3850,607497985,Don Bradman Cricket 17,1,0.0005
3851,1842333247,Doodle God: Crime City Demo,1,0.0005
3852,1112737777,DOOM 3 BFG Edition,1,0.0005
3853,743569110,Doom and Destiny,1,0.0005
3854,2100206304,DOOM: The Dark Ages Digital Artbook and Soundtrack,1,0.0005
3855,1825944429,Dora™: Rainforest Rescue,1,0.0005
3856,1793469167,Dorfromantik,1,0.0005
3857,2010409612,DOUBLE DRAGON,1,0.0005
3858,2082494703,DOUBLE DRAGON Ⅱ: The Revenge,1,0.0005
3859,1682154324,DPS Idle (Windows 10),1,0.0005
3860,120934966,DragoDino,1,0.0005
3861,1480657802,Dragon's Lair,1,0.0005
3862,1701653588,Dragon Age™: The Veilguard Character Creator,1,0.0005
3863,1648958347,Dragon Quest Heroes: Torneko‘s Mystery Dungeon -Classic HD-,1,0.0005
3864,2113273842,Dragon Ruins II,1,0.0005
3865,2013142116,Dragon Sinker: Descendants of Legend,1,0.0005
3866,1853020483,Draw a Stickman: EPIC 2 Xbox,1,0.0005
3867,2131696465,Drawngeon: Dungeons of Ink and Paper,1,0.0005
3868,1733486308,Dread Delusion,1,0.0005
3869,141638183,DreamWorks Dragons Dawn of New Riders,1,0.0005
3870,1622387282,DreamWorks Dragons: Legends of The Nine Realms,1,0.0005
3871,1947615527,Drova - Forsaken Kin,1,0.0005
3872,1993091289,Drug Dealer Empire,1,0.0005
3873,945282628,Drunk-Fu: Wasted Masters,1,0.0005
3874,1861826241,Duck Simulator 2,1,0.0005
3875,1729123469,Ducky Dash,1,0.0005
3876,1844836316,Dune: Imperium,1,0.0005
3877,1868102294,Dungeon Drafters,1,0.0005
3878,1911906130,Dungeon Village 2,1,0.0005
3879,1929330307,Dungeonoid 2 Awakening,1,0.0005
3880,2143168843,Dungeons 4 Demo (Win),1,0.0005
3881,2109350810,Dungeons Of Hinterberg,1,0.0005
3882,1891307332,Dustborn,1,0.0005
3883,1833286656,Dustland Delivery,1,0.0005
3884,1612675912,DYNASTY WARRIORS 9 Empires Demo,1,0.0005
3885,1831247908,EA SPORTS™ FIFA 16 Downloadable Demo,1,0.0005
3886,1437370825,EA SPORTS™ NBA LIVE 14 Demo,1,0.0005
3887,2067761315,EA SPORTS™ NBA LIVE 16,1,0.0005
3888,1041680241,EA SPORTS™ UFC® 3 Beta,1,0.0005
3889,571156610,Earthfall,1,0.0005
3890,2076671886,Easter Bunny EggVenture (Xbox One),1,0.0005
3891,1977284905,Eastward,1,0.0005
3892,1621792721,EBOLA VILLAGE,1,0.0005
3893,1902353069,Echo Weaver,1,0.0005
3894,1754599828,Edward (The Game) Sh... Don't tell nobody.,1,0.0005
3895,1873469617,Egg Game Easter,1,0.0005
3896,1963912042,Eiyuden Chronicle: Rising,1,0.0005
3897,2086101209,ELDERBORN,1,0.0005
3898,1706704659,Eldest Souls,1,0.0005
3899,1748036661,Electrician Simulator,1,0.0005
3900,1837925251,Electronics Supermarket Simulator,1,0.0005
3901,1852617445,ELEX II,1,0.0005
3902,2109412601,Emergency Call - The Attack Squad,1,0.0005
3903,2123616524,Emergency Room Simulator,1,0.0005
3904,651709478,Emily Wants to Play Too,1,0.0005
3905,1709327934,Empire in Decay Demo,1,0.0005
3906,1431504870,Enchanted Arms,1,0.0005
3907,1928222638,Enchantment 2 Sun’s Tear,1,0.0005
3908,1739030286,End of Abyss,1,0.0005
3909,2129002058,ENDER MAGNOLIA: Bloom in the Mist,1,0.0005
3910,2033761546,Endling - Extinction is Forever Demo,1,0.0005
3911,1840144233,Ereban: Shadow Legacy,1,0.0005
3912,2090245519,Eriksholm: The Stolen Dream,1,0.0005
3913,2070822248,Escape Game - FORT BOYARD 2022,1,0.0005
3914,2102487155,Escape Game Fort Boyard,1,0.0005
3915,1972593972,Escape Sequence (Xbox One),1,0.0005
3916,2130707522,Everafter Falls,1,0.0005
3917,968775939,EVERSPACE™,1,0.0005
3918,911650903,Evoland Legendary Edition,1,0.0005
3919,1645917629,Explosive Jake,1,0.0005
3920,1983090774,Extreme Bowling Challenge,1,0.0005
3921,2020213967,ExZeus: The Complete Collection,1,0.0005
3922,1448413160,F.E.A.R. Files,1,0.0005
3923,1887182103,F1® Manager 2022,1,0.0005
3924,2034535389,F1® Manager 2023,1,0.0005
3925,942676443,F1™ 2016,1,0.0005
3926,750338097,Fable Fortune,1,0.0005
3927,1928112883,Fabledom,1,0.0005
3928,1760050791,Fae Farm,1,0.0005
3929,1644983795,Faeland Demo,1,0.0005
3930,2146688994,Fallout 4 (PC),1,0.0005
3931,1650889663,Family Roadshow: Hidden Adventures Collector's Edition,1,0.0005
3932,1651975869,FANTASIAN Neo Dimension,1,0.0005
3933,1726007892,Fantasy General II: Invasion,1,0.0005
3934,1851718938,FANTASY LIFE i: The Girl Who Steals Time,1,0.0005
3935,2036551350,FAR: Lone Sails,1,0.0005
3936,1911829644,Farewell North,1,0.0005
3937,1769629692,Farm Builder,1,0.0005
3938,1941040153,Farm for your Life demo,1,0.0005
3939,1645447317,Farm Manager 2022,1,0.0005
3940,1731736563,Farm Manager World,1,0.0005
3941,1775112361,Farm Tycoon,1,0.0005
3942,82367207,Farmer's Dynasty,1,0.0005
3943,1640889440,Farmer Survivors,1,0.0005
3944,1620530433,Farming Simulator 18,1,0.0005
3945,1828557775,FarmVille 2: Country Escape,1,0.0005
3946,1911770674,Fast & Furious: Arcade Edition,1,0.0005
3947,1709057471,FATAL FRAME: Mask of the Lunar Eclipse,1,0.0005
3948,1775857297,FatalZone,1,0.0005
3949,2104363067,Fatum Betula,1,0.0005
3950,144125902,Fearful Symmetry & the Cursed Prince,1,0.0005
3951,1672045983,Feather,1,0.0005
3952,1976977433,Fell Seal: Arbiter's Mark,1,0.0005
3953,2041914388,Fight'N Rage,1,0.0005
3954,1792854484,Fight For America,1,0.0005
3955,1942567098,Fight Time,1,0.0005
3956,2104575927,Fights in Tight Spaces,1,0.0005
3957,1079518187,FINAL FANTASY TYPE-0 HD,1,0.0005
3958,585022010,FINAL FANTASY TYPE-0™ HD,1,0.0005
3959,1614339529,FINAL FANTASY X/X-2 HD Remaster,1,0.0005
3960,1756167397,FINAL FANTASY XVI DEMO,1,0.0005
3961,1956402951,Final Vendetta,1,0.0005
3962,1868018491,Find The Cats,1,0.0005
3963,2041609242,Find The Cats 2,1,0.0005
3964,1952087287,Find The Cats 2 (Windows),1,0.0005
3965,2019945628,Find the Needle: One in Ten Million,1,0.0005
3966,1976166421,Finding Paradise,1,0.0005
3967,2129555002,FIRE AND ASHES - DEMO,1,0.0005
3968,1833491079,Fireball 2,1,0.0005
3969,2137993682,Firefighting Rescue Simulator,1,0.0005
3970,1752960308,Fishdom,1,0.0005
3971,1940140715,Flamecraft Demo,1,0.0005
3972,1691539579,Flappy Fly,1,0.0005
3973,1792158880,Flappy Frog,1,0.0005
3974,1725078223,Flashback 2,1,0.0005
3975,1848301012,Flaskoman,1,0.0005
3976,1653679338,Flintlock: The Siege of Dawn,1,0.0005
3977,1805134071,FlipCat,1,0.0005
3978,2093622667,FlipCat (Windows),1,0.0005
3979,2026236016,Floor 9,1,0.0005
3980,1711202314,Flying Fish,1,0.0005
3981,1649733312,Food Truck Tycoon,1,0.0005
3982,1703928788,Fool's Pub,1,0.0005
3983,1711665703,Foot Clinic,1,0.0005
3984,1893921184,Football Guy,1,0.0005
3985,1634118154,Football Manager 2021 Xbox Edition,1,0.0005
3986,2120627175,Football Manager 2023,1,0.0005
3987,1917006388,"Football, Tactics & Glory – Treble Deluxe Edition",1,0.0005
3988,1795251061,Forager,1,0.0005
3989,1795518228,Forever Skies,1,0.0005
3990,1716454905,Forge of Empires,1,0.0005
3991,1830452855,Forklift Simulator,1,0.0005
3992,643698720,Forza Horizon 2 Demo,1,0.0005
3993,321736949,Forza Motorsport 6 Demo,1,0.0005
3994,981972052,Forza Motorsport 6: Apex,1,0.0005
3995,1720533230,Forza Street,1,0.0005
3996,2032709937,Four in a Row Connect+ : PC & XBOX,1,0.0005
3997,1899291024,Fran Bow,1,0.0005
3998,1677365393,Fresh Start,1,0.0005
3999,1926405394,Friday the 13th: Killer Puzzle,1,0.0005
4000,2052101935,Frog Spit Duels,1,0.0005
4001,1976337452,Froggy Hates Snow Demo,1,0.0005
4002,1965346667,FROGUN,1,0.0005
4003,1816166604,FRONT MISSION 1st: Remake,1,0.0005
4004,1637733007,FRONT MISSION 3: Remake,1,0.0005
4005,2043607614,Frontier Pilot Simulator,1,0.0005
4006,1892848210,Frontline 1942: World War 2 Online Shooter,1,0.0005
4007,1414596568,Frontlines:Fuel of War,1,0.0005
4008,1864738769,Fruit Adventure (Xbox Series),1,0.0005
4009,1129121805,FUEL™,1,0.0005
4010,107791275,FullBlast,1,0.0005
4011,2065299126,Funtasia,1,0.0005
4012,1480657202,FunTown Mahjong,1,0.0005
4013,212246852,Furi,1,0.0005
4014,1627281209,FUSER™,1,0.0005
4015,1870314278,G.I. JOE: WRATH OF COBRA,1,0.0005
4016,1643768709,Gabriels Worlds The Adventure (Xbox Series),1,0.0005
4017,1661034431,Gal Guardians: Demon Purge,1,0.0005
4018,1717888621,Galaxy Control: Arena,1,0.0005
4019,1856172970,Game of Thrones - Episode 1: Iron from Ice,1,0.0005
4020,2077809328,Garten of Banban 4,1,0.0005
4021,1705113845,Garten of Banban 6,1,0.0005
4022,2005313515,Garten of Banban 7,1,0.0005
4023,1644860924,Gato Roboto,1,0.0005
4024,1807197846,Gearshifters,1,0.0005
4025,975783814,Gekido Kintaro's Revenge,1,0.0005
4026,1855775027,Genigods : NEZHA,1,0.0005
4027,1711848972,Geometric Sniper Z,1,0.0005
4028,2101650920,Geometry Jump - Impossible Dash,1,0.0005
4029,1925360122,Gex Trilogy,1,0.0005
4030,518374761,Ghost of a Tale,1,0.0005
4031,1296697304,GHP2,1,0.0005
4032,2045688705,Giana Sisters: Twisted Dreams - Director's Cut,1,0.0005
4033,1927133466,Gigantosaurus: Dino Sports,1,0.0005
4034,1768725797,Girls of the Tower,1,0.0005
4035,1933095188,GladMort,1,0.0005
4036,1641056892,Gloomhaven,1,0.0005
4037,2044959390,GO Fish Classic Cards Play,1,0.0005
4038,1972381256,Go Home Annie: An SCP Game,1,0.0005
4039,1844195280,Go Mecha Ball,1,0.0005
4040,886146124,Goat Simulator: Mmore Goatz Edition,1,0.0005
4041,317243501,God's Trigger,1,0.0005
4042,1984588613,Godsvivors,1,0.0005
4043,2115263340,Goodnight Universe,1,0.0005
4044,2043449905,Gori: Cuddly Carnage,1,0.0005
4045,639447070,Grand Prix Rock 'N Racing,1,0.0005
4046,2006900752,Grand Vegas Casino,1,0.0005
4047,1785738076,Grandia HD Collection,1,0.0005
4048,1696466008,GRAVEN,1,0.0005
4049,2083459521,Greak: Memories of Azur,1,0.0005
4050,2057291007,Great Conqueror 2: Shogun,1,0.0005
4051,2080856071,Green Soldiers Heroes: Extreme Bikers,1,0.0005
4052,1973021624,Greyhill Incident,1,0.0005
4053,943719970,GRID,1,0.0005
4054,1957032705,Grim Trials,1,0.0005
4055,1863069160,Grindstone,1,0.0005
4056,2086871459,Ground Zero,1,0.0005
4057,2039794466,Ground Zero Hero,1,0.0005
4058,1668009445,Grow in the Hole,1,0.0005
4059,1744600653,Grow: Song of the Evertree,1,0.0005
4060,2045910196,Guilty Gear -Strive- Team of 3 Network Open Beta Test,1,0.0005
4061,1769592885,GUNDAM EVOLUTION,1,0.0005
4062,1480657318,Gunstar Heroes,1,0.0005
4063,1700604072,Gunstoppable,1,0.0005
4064,1825036772,Gunvolt Chronicles: Luminous Avenger iX,1,0.0005
4065,1480656919,Gyruss,1,0.0005
4066,1869837377,Hacked: The Streamer Demo,1,0.0005
4067,2014654365,Halloween - Color by Numbers,1,0.0005
4068,1672000867,Halloween Jumper,1,0.0005
4069,1802675093,Halloween Pinball,1,0.0005
4070,766737132,Halo 5: Forge,1,0.0005
4071,1297292157,Halo: Spartan Assault,1,0.0005
4072,1297292194,Halo: Spartan Strike,1,0.0005
4073,2038958977,Hand of Fate 2,1,0.0005
4074,1919864396,Handball 21,1,0.0005
4075,928096970,Happy Dungeons,1,0.0005
4076,1480657432,Hard Corps: Uprising,1,0.0005
4077,446096627,Hard Reset Redux,1,0.0005
4078,1480656866,Hardwood Backgammon,1,0.0005
4079,1669177732,Harold Halibut,1,0.0005
4080,2078759375,Harvest Days,1,0.0005
4081,1879237097,Harvest Moon: Home Sweet Home Special Edition,1,0.0005
4082,1744137265,Hatsune Miku Logic Paint S,1,0.0005
4083,2023604348,Hatsune Miku Logic Paint S+,1,0.0005
4084,1792377572,Hauntii,1,0.0005
4085,1924130173,Haven,1,0.0005
4086,1940198155,Headliner: NoviNews,1,0.0005
4087,1956343500,Heaven Dust,1,0.0005
4088,1613107993,Hela: of Mice & Magic,1,0.0005
4089,1670362756,Heliborne,1,0.0005
4090,1974771778,Hell Clock,1,0.0005
4091,1742067174,Hell is Us - Art Pack,1,0.0005
4092,1834401069,Hell Let Loose: Vietnam - Playtest,1,0.0005
4093,2041012214,Hero of Fate,1,0.0005
4094,1747038956,Heroes of Magic & Cards,1,0.0005
4095,1967527679,Hidden Cat Outlaws,1,0.0005
4096,1618000323,Hidden Cats in Christmas,1,0.0005
4097,1702609951,Hidden Cats in Paris,1,0.0005
4098,1789922063,Hidden Cats in Rome,1,0.0005
4099,1839911748,Hidden Cats in Santa's Realm,1,0.0005
4100,1669048701,Hidden Cats in Spooky Town,1,0.0005
4101,1797639733,Hidden Cats in Spooky Village,1,0.0005
4102,1997691917,Hidden Paws,1,0.0005
4103,1762620596,Hidden Shapes: Cat Realm + Trick or Cats,1,0.0005
4104,1698046377,Highway Police Simulator,1,0.0005
4105,331529974,Hitman: Blood Money HD,1,0.0005
4106,1916835570,Hockey Beasts,1,0.0005
4107,1727719097,Hole Theory,1,0.0005
4108,2056748167,Home Sheep Home: Farmageddon Party Edition,1,0.0005
4109,1069384604,Home Sweet Home,1,0.0005
4110,1638732917,HOP'N'HOARD,1,0.0005
4111,1754094418,HOP'N'HOARD (XBOX SERIES),1,0.0005
4112,758563081,Horizon Chase Turbo,1,0.0005
4113,1965970678,Horripilant,1,0.0005
4114,1865476865,Horse Club Adventures,1,0.0005
4115,1880956881,Hot Wheels Monster Trucks: Stunt Mayhem™,1,0.0005
4116,1713780480,HOTEL BARCELONA,1,0.0005
4117,346098390,Hotel Transylvania 3: Monsters Overboard,1,0.0005
4118,1938281910,Hotel Transylvania: Scary-Tale Adventures,1,0.0005
4119,939695563,Hotshot Racing,1,0.0005
4120,1646312420,House Builder,1,0.0005
4121,1691373298,House Fighters: Total Mess,1,0.0005
4122,1641368913,House Fighters: Total Mess Demo,1,0.0005
4123,1026512979,How to Survive: Storm Warning Edition,1,0.0005
4124,2017392648,Humans Gone,1,0.0005
4125,1626128211,Hunt Ducks,1,0.0005
4126,2119249637,Hunt Ducks 4,1,0.0005
4127,1498810322,Hunter: The Reckoning,1,0.0005
4128,390164739,Hunting Simulator,1,0.0005
4129,1825844502,HYAKKI YAKO Survivors,1,0.0005
4130,1616900566,Hyper Jam,1,0.0005
4131,1935779345,HyperDot,1,0.0005
4132,577753036,HyperParasite,1,0.0005
4133,2129720796,"I Have No Mouth, and I Must Scream",1,0.0005
4134,2014034809,I Wanna Be Car,1,0.0005
4135,1744552935,iDigging,1,0.0005
4136,1480657016,Ikaruga,1,0.0005
4137,1480657435,ilomilo ,1,0.0005
4138,1297290212,ilomilo plus,1,0.0005
4139,1882715306,Immersed,1,0.0005
4140,1899836942,Immortals Fenyx Rising™ - Demo,1,0.0005
4141,506926504,Impact Winter,1,0.0005
4142,1820536352,In Celebration of Violence,1,0.0005
4143,1672730245,In Sound Mind,1,0.0005
4144,2073364771,In The Abyss,1,0.0005
4145,2136871363,Indoor Baseball,1,0.0005
4146,1686154202,Indoor Kickball,1,0.0005
4147,1779354193,Infernax,1,0.0005
4148,2032388189,Infinite war,1,0.0005
4149,1645656675,Infinos,1,0.0005
4150,1914111453,INK ENIGMA: Hidden Object Challenges,1,0.0005
4151,1734151260,Inspector Gadget - MAD Time Party,1,0.0005
4152,1805474854,Instruments of Destruction,1,0.0005
4153,1760791354,Invincible VS Open Beta,1,0.0005
4154,2054032545,Iris Fall,1,0.0005
4155,606230808,Jack N' Jill DX,1,0.0005
4156,718727066,Jagged Alliance: Rage!,1,0.0005
4157,2143076844,Jay and Silent Bob - Mall Brawl,1,0.0005
4158,1629080596,JellyCar Worlds,1,0.0005
4159,1761650717,Jewel Fever (Xbox-Edition),1,0.0005
4160,1794257863,Jewel Fever 2,1,0.0005
4161,1980398174,Jewel Match Solitaire X,1,0.0005
4162,1480656874,Jewel Quest,1,0.0005
4163,1805677746,Jigsaw Wild: Animal Edition,1,0.0005
4164,668950127,Joe Dever’s Lone Wolf Console Edition,1,0.0005
4165,1823446322,John Wick Hex,1,0.0005
4166,1930132661,Jotunnslayer: Hordes of Hel,1,0.0005
4167,1992271028,Jotunnslayer: Hordes of Hel Demo,1,0.0005
4168,2051835217,Journey of Johann: Grasslands,1,0.0005
4169,944228222,Journey to the Savage Planet,1,0.0005
4170,65384566,Jumanji: The Video Game,1,0.0005
4171,829401578,JUMP FORCE - Open Beta,1,0.0005
4172,1925586579,Jump King,1,0.0005
4173,1776389142,Junkyard Fury,1,0.0005
4174,1934415151,Jurassic Pinball,1,0.0005
4175,1006362568,Just Dance 2014,1,0.0005
4176,611794133,Just Dance 2019®,1,0.0005
4177,1117499725,JUST DANCE® 2015,1,0.0005
4178,696971555,Just Dance® 2019 Demo,1,0.0005
4179,1674561712,KALIMBA,1,0.0005
4180,1871788890,Kao the Kangaroo,1,0.0005
4181,1869923276,Katana ZERO,1,0.0005
4182,1773155860,Keep Driving,1,0.0005
4183,1975182918,Ken's Pub Quiz,1,0.0005
4184,203593443,Ken Follett's The Pillars of the Earth,1,0.0005
4185,1645652626,Kena: Bridge of Spirits,1,0.0005
4186,2039051531,Kentum,1,0.0005
4187,632819091,Kerbal Space Program,1,0.0005
4188,1647262896,Kevin,1,0.0005
4189,2083101616,Keypybara (Xbox Series),1,0.0005
4190,1816678719,KeyWe,1,0.0005
4191,1640763780,KIBORG,1,0.0005
4192,1694347727,Kiddy Memory,1,0.0005
4193,1817077599,Kill The Brickman,1,0.0005
4194,2120517852,Killing Time: Resurrected,1,0.0005
4195,2124401256,King's Bounty II,1,0.0005
4196,2088669511,King's Justice,1,0.0005
4197,1672473394,King K Roller,1,0.0005
4198,1431504851,King Kong,1,0.0005
4199,2047676968,King of Tokyo,1,0.0005
4200,1703270586,Kingdom Come: Deliverance,1,0.0005
4201,1815601187,Kingdom Eighties,1,0.0005
4202,1794442596,KINGDOM HEARTS Melody of Memory DEMO Version (International),1,0.0005
4203,1055556936,Kingdom New Lands,1,0.0005
4204,1641318352,Kinki Spiritual Affairs Bureau,1,0.0005
4205,1700273919,KinnikuNeko: SUPER MUSCLE CAT,1,0.0005
4206,1892832276,Kitaria Fables,1,0.0005
4207,1809430288,Kitten Island,1,0.0005
4208,2044046713,Kitten Island 2 (Windows),1,0.0005
4209,973293235,Kitty Powers' Matchmaker,1,0.0005
4210,2090287182,KLONOA Phantasy Reverie Series,1,0.0005
4211,2111216421,KLONOA Phantasy Reverie Series Demo Version,1,0.0005
4212,263319091,Knock-Knock,1,0.0005
4213,1954010860,Knock on the Coffin Lid,1,0.0005
4214,1397622750,KOF NEOWAVE,1,0.0005
4215,1771623848,Komorebi: A Furry Visual Novel,1,0.0005
4216,1619851133,Kraken Odyssey,1,0.0005
4217,1900505119,Kung Fu Panda Showdown of Legendary Legends,1,0.0005
4218,1632716739,Kvark,1,0.0005
4219,1615382054,L.O.L. Surprise! B.B.s BORN TO TRAVEL™,1,0.0005
4220,1933617285,Labyrinth Of The Demon King,1,0.0005
4221,1902038615,Lara Croft and the Guardian of Light (PC),1,0.0005
4222,1973808452,Last Oasis (Game Preview),1,0.0005
4223,1622751657,Leafy Corner,1,0.0005
4224,1872323363,Legal Dungeon,1,0.0005
4225,1647023800,Legend Bowl,1,0.0005
4226,2105432358,Legends Aligned (Xbox One),1,0.0005
4227,1712931552,Legends of Heropolis DX,1,0.0005
4228,389571069,LEGO® Dimensions™,1,0.0005
4229,1848238632,Leisure Suit Larry - Wet Dreams Don't Dry,1,0.0005
4230,831141864,Leo's Fortune,1,0.0005
4231,1615612677,Let's Cook Together 2,1,0.0005
4232,1957230512,Let's Sing 2026,1,0.0005
4233,443209874,Lichdom: Battlemage,1,0.0005
4234,1715583830,Light-It Up,1,0.0005
4235,1397819419,LIGHTNING RETURNS FFXIII,1,0.0005
4236,1929376326,Lil Gator Game,1,0.0005
4237,1625997162,Liminal Department,1,0.0005
4238,2049994218,LISA: The Joyful - Definitive Edition,1,0.0005
4239,1780556395,LISA: The Painful - Definitive Edition,1,0.0005
4240,1980532115,Little Ant Adventure (Xbox One),1,0.0005
4241,2111501553,Little Bear (Xbox Series),1,0.0005
4242,1832721360,Little Big Adventure - Twinsen's Quest,1,0.0005
4243,1699337652,Little Nightmares II DEMO,1,0.0005
4244,779348826,Livelock,1,0.0005
4245,2111359330,Loan Shark,1,0.0005
4246,1737524193,Loop Dash (Xbox Series),1,0.0005
4247,1815123311,Loop8: Summer of Gods,1,0.0005
4248,2066402580,Lord of the Click 4 (Windows),1,0.0005
4249,2020175737,Lord of the Click 4 (Xbox One),1,0.0005
4250,1798206513,Lost Eidolons,1,0.0005
4251,1648660389,Lost Eidolons: Veil of the Witch,1,0.0005
4252,1758013531,Lost Eidolons: Veil of the Witch Demo,1,0.0005
4253,2081039845,Lost in Random: The Eternal Die,1,0.0005
4254,1128466387,LOST PLANET,1,0.0005
4255,2061418277,Lost Ruins,1,0.0005
4256,1715085609,LoveChoice,1,0.0005
4257,2104061721,Lovecraft's Untold Stories,1,0.0005
4258,2064180733,Low Story,1,0.0005
4259,2125308381,Lumberjack's Dynasty,1,0.0005
4260,1634336729,LUNAR Remastered Collection,1,0.0005
4261,2095111834,Luto,1,0.0005
4262,2012446698,Machine Gun Fury,1,0.0005
4263,1977505997,Maid of Sker,1,0.0005
4264,1784496768,Mandragora: Whispers of the Witch Tree - Demo,1,0.0005
4265,798834281,Manual Samuel Last Tuesday Edition,1,0.0005
4266,1925076302,Marathon Server Slam,1,0.0005
4267,908941238,Mark of the Ninja: Remastered,1,0.0005
4268,1918742857,Mars Horizon,1,0.0005
4269,1654028464,Mars Survivor,1,0.0005
4270,1727798084,Marshmallow Marvin: Grimvault,1,0.0005
4271,1699441638,Marshmallow Marvin: Templestone,1,0.0005
4272,2033961495,Marshmallow Marvin: Templestone (Windows),1,0.0005
4273,1641505677,Marshmallow Marvin: Templestone (Xbox One),1,0.0005
4274,1726662426,Marshmallow Marvin: Timberfall (Windows),1,0.0005
4275,2117648871,Martha Is Dead,1,0.0005
4276,2101763619,Master Brick Breaker XBox,1,0.0005
4277,1897568253,Math Fun : Remastered Demo,1,0.0005
4278,1760739818,Mato Anomalies,1,0.0005
4279,629912263,Mayan Death Robots: Arena,1,0.0005
4280,2028075036,Mayhem Brawler,1,0.0005
4281,1678654139,Mediterranea Inferno,1,0.0005
4282,1112934356,Meet the Robinsons,1,0.0005
4283,1911247850,Meet Your Maker,1,0.0005
4284,1670603819,Megabattle Demo,1,0.0005
4285,2114703539,Memories of Mars,1,0.0005
4286,2071877964,Menace from the Deep: Complete Edition,1,0.0005
4287,1638903610,Meow Moments: Celebrating Beats & Books,1,0.0005
4288,2089892273,Meow Moments: Celebrating Frost & Flora,1,0.0005
4289,1625774388,Meow Moments: Celebrating Renewal & Romance,1,0.0005
4290,614678319,METAL GEAR RISING: REVENGEANCE,1,0.0005
4291,2090925193,Metal Slug Tactics,1,0.0005
4292,2098975173,Metal Wolf Chaos XD,1,0.0005
4293,1886592223,Metal: Hellsinger (Xbox One),1,0.0005
4294,1793912360,Metaphor: ReFantazio - Prologue Demo,1,0.0005
4295,2091037333,Metro 2033 Redux,1,0.0005
4296,1866333429,METRO 2039,1,0.0005
4297,1660733075,Metro Exodus (Windows),1,0.0005
4298,2089740731,Metro: Last Light Redux,1,0.0005
4299,1939654144,Mia and the Dragon Princess,1,0.0005
4300,2023707212,MiceGard,1,0.0005
4301,2023608003,Midway Supermarket Simulator: Grocery Store Tycoon,1,0.0005
4302,1848425097,Mighty Goose,1,0.0005
4303,2136356568,Mighty Switch Force! Collection,1,0.0005
4304,2039666903,Mika and The Witch's Mountain,1,0.0005
4305,1480657048,Military Madness,1,0.0005
4306,1871640896,MILKY WAY TD SURVIVORS AUTOBATTLER,1,0.0005
4307,1889232588,MILKY WAY TD SURVIVORS AUTOBATTLER (Xbox One),1,0.0005
4308,2091473091,Mimi the Cat: Mimi's Scratcher,1,0.0005
4309,2109269529,Mina The Hollower,1,0.0005
4310,1620704918,Minami Lane,1,0.0005
4311,1954760880,Minigolf Adventure,1,0.0005
4312,2137239411,Minute of Islands,1,0.0005
4313,1958464992,Mob Control,1,0.0005
4314,1751444938,Modern War Partner: Agent on Call,1,0.0005
4315,1639126188,Mole Mine Boom (Windows),1,0.0005
4316,1636564978,Momento,1,0.0005
4317,1480659607,Monaco: What's Yours is Mine,1,0.0005
4318,1480657491,Monkey Island 2: SE,1,0.0005
4319,1480660056,MONOPOLY DEAL,1,0.0005
4320,2079275443,MONOPOLY® MADNESS DEMO,1,0.0005
4321,2037531309,Monster Crown,1,0.0005
4322,1635916195,Monster Hunter Wilds Prologue Demo,1,0.0005
4323,2050785251,Monster Prom 2: Monster Camp XXL,1,0.0005
4324,1963210540,Monster Rush Survivors,1,0.0005
4325,2131173467,Monster Survivors,1,0.0005
4326,1781365913,Monster Train,1,0.0005
4327,1807714585,Monster Truck Championship Xbox One,1,0.0005
4328,1983830877,Monster Truck Championship Xbox Series X|S,1,0.0005
4329,186591858,Monstrum,1,0.0005
4330,1874811177,Moon Runner: XBOX Edition,1,0.0005
4331,2136659595,Moonbringer,1,0.0005
4332,2139970300,Moonglow Bay,1,0.0005
4333,1719308136,Moonlight Chess,1,0.0005
4334,1982688757,Moonlight Chess (Windows),1,0.0005
4335,2128077671,Moonlight Chess (Xbox One),1,0.0005
4336,1884090207,Moonscars,1,0.0005
4337,1960491525,Morbid: The Lords of Ire,1,0.0005
4338,2046411883,Moss: The Forgotten Relic,1,0.0005
4339,1679505567,Moto Rush GT,1,0.0005
4340,819262220,MotoGP™17,1,0.0005
4341,1685476854,Motorcycle Mechanic Simulator 2021,1,0.0005
4342,1652060390,Mouse Dreams,1,0.0005
4343,1937850928,MouseBot: Escape from CatLab,1,0.0005
4344,2069437644,Mr. DRILLER DrillLand Demo,1,0.0005
4345,1957331976,Mr.Slime in Dungeon (Xbox Series X|S),1,0.0005
4346,1480656951,MS.PAC-MAN,1,0.0005
4347,448463130,Mugsters,1,0.0005
4348,1894745655,Murder Mystery Machine,1,0.0005
4349,1796379923,Murder on the Disorient Express,1,0.0005
4350,1851246495,Mushbroom,1,0.0005
4351,1763148276,Mushroom Wars 2,1,0.0005
4352,1958263726,Music Racer: Ultimate (Xbox Series X|S),1,0.0005
4353,1656798442,Musical Vibes RX,1,0.0005
4354,1937457147,Mutant Year Zero: Road to Eden,1,0.0005
4355,1773001173,My Horse: Bonded Spirits,1,0.0005
4356,2014511480,My Life: Farm Vet,1,0.0005
4357,1781008619,MY LITTLE PONY: A Maretime Bay Adventure,1,0.0005
4358,1756205157,MySims™,1,0.0005
4359,1731520158,Myst,1,0.0005
4360,1762183733,Mystery Detective Adventure 2,1,0.0005
4361,1653999253,MythForce,1,0.0005
4362,2084735474,Nachtmahr,1,0.0005
4363,2070906964,NAMCO MUSEUM® ARCHIVES Vol 1,1,0.0005
4364,765155065,NARUTO TO BORUTO: SHINOBI STRIKER Open Beta,1,0.0005
4365,1985582126,National Saloons,1,0.0005
4366,1629612918,Natural Instincts,1,0.0005
4367,1756150140,NBA 2K21 Demo,1,0.0005
4368,1882866745,NBA BOUNCE,1,0.0005
4369,1846221159,NBA THE RUN - OPEN BETA,1,0.0005
4370,2076732337,Necromunda: Hired Gun (Windows),1,0.0005
4371,1957871614,Necrophosis: Full Consciousness,1,0.0005
4372,1703518315,Neoverse,1,0.0005
4373,1635653833,NeuroBloxs,1,0.0005
4374,157973080,NeuroVoider,1,0.0005
4375,910593568,Never Alone (Kisima Ingitchuna),1,0.0005
4376,1910350587,New Star™ GP,1,0.0005
4377,2085418848,Nexomon,1,0.0005
4378,1637601167,Nexoria: Dungeon Rogue Heroes,1,0.0005
4379,1453931824,NHL® 15 Downloadable Demo,1,0.0005
4380,1907337607,NHL® 15 Full Game,1,0.0005
4381,594585699,Nidhogg 2,1,0.0005
4382,1866853742,Night at the Gates of Hell,1,0.0005
4383,2053849921,Nightmare Circus Demo,1,0.0005
4384,1647467336,Nikoderiko: The Magical World - Director's Cut,1,0.0005
4385,2020671042,NIMRODS Demo,1,0.0005
4386,2039473401,NINJA GAIDEN Σ,1,0.0005
4387,1661259138,NINJA KIDZ: TIME MASTERS,1,0.0005
4388,1779001328,Ninja Nightfall,1,0.0005
4389,1648813544,No One Lives Under the Lighthouse,1,0.0005
4390,1732084298,No Puedes Escapar,1,0.0005
4391,1980658153,NO THING,1,0.0005
4392,1868841248,Nobody Saves the World,1,0.0005
4393,1626766666,Noob - The Factionless,1,0.0005
4394,1993181112,Northgard,1,0.0005
4395,113676173,NOT A HERO: SUPER SNAZZY EDITION,1,0.0005
4396,1711091007,Nox Dash,1,0.0005
4397,1962935355,Nox Dash (Windows),1,0.0005
4398,1727273780,Observation,1,0.0005
4399,500760956,OCCULTIC;NINE,1,0.0005
4400,2105152828,OCTOPATH TRAVELER 0 Prologue Demo,1,0.0005
4401,2034276683,Oddsparks: An Automation Adventure,1,0.0005
4402,1778851260,Oddworld: Stranger's Wrath HD,1,0.0005
4403,1820510942,Oh Balls Merge,1,0.0005
4404,352829845,OK K.O.! Let's Play Heroes,1,0.0005
4405,1819981071,Old Market Simulator,1,0.0005
4406,2061744663,One Button Games 5-in-1 (Xbox One),1,0.0005
4407,1812726723,One Button Games 5-in-1 vol. 3,1,0.0005
4408,1629371144,One Button Games 5-in-1 vol. 3 (Xbox One),1,0.0005
4409,1802464934,One Button Games 5-in-1 vol. 5,1,0.0005
4410,1790384943,One Button Games 5-in-1 vol. 8 (Xbox One),1,0.0005
4411,2017166129,One Button Games 5-in-1 vol. 9,1,0.0005
4412,1835474968,One Button Games 5-in-1 vol. 9 (Windows),1,0.0005
4413,1881526368,One Finger Death Punch 2,1,0.0005
4414,1928108930,One More Dungeon 2,1,0.0005
4415,1964152695,OneShot: World Machine Edition,1,0.0005
4416,1923321130,Onimusha: Way of the Sword DEMO,1,0.0005
4417,1620604447,Only Up Rush,1,0.0005
4418,1793239917,Ooblets,1,0.0005
4419,2074508136,Open Country,1,0.0005
4420,1129121848,Operation Flashpoint: Red River,1,0.0005
4421,1847106181,Oppidum,1,0.0005
4422,1995657870,Orange Season,1,0.0005
4423,1925002026,Order Automatica,1,0.0005
4424,1794026365,Order of Battle: World War II,1,0.0005
4425,2027066829,Ori and the Blind Forest: Definitive Edition - Nintendo Switch,1,0.0005
4426,2006910211,Orion Haste,1,0.0005
4427,1709997248,Our Adventurer Guild,1,0.0005
4428,1930773857,OurSweeper,1,0.0005
4429,1991686682,Outbound Demo,1,0.0005
4430,2096627692,Overdrive Blaster,1,0.0005
4431,1129121749,Overlord,1,0.0005
4432,85448872,Overlord: Fellowship of Evil,1,0.0005
4433,1958257709,Overpass 2,1,0.0005
4434,1949523812,Override 2: Super Mech League,1,0.0005
4435,806794764,Override: Mech City Brawl,1,0.0005
4436,1794356574,Owlbound Tomes (Xbox One),1,0.0005
4437,1706920324,Owlbound Tomes (Xbox Series),1,0.0005
4438,1941542362,Oxide Room 104,1,0.0005
4439,1906677498,PAC-MAN MUSEUM+,1,0.0005
4440,1759144821,PAC-MAN WORLD 2 Re-PAC,1,0.0005
4441,175738476,PAC-MAN™ CHAMPIONSHIP EDITION 2 DEMO,1,0.0005
4442,1927563697,Parasol Stars: The Story of Bubble Bobble III,1,0.0005
4443,2017428565,ParkingJam,1,0.0005
4444,2000145726,Party Arcade,1,0.0005
4445,1761315097,Party Friends,1,0.0005
4446,1798400755,Pathologic 2,1,0.0005
4447,1690880486,Pathos,1,0.0005
4448,1995803508,Pato Box,1,0.0005
4449,1901009298,Pawbay,1,0.0005
4450,2074120545,Pax Dei,1,0.0005
4451,1661809575,PC Building Simulator 2,1,0.0005
4452,1715204609,People of Note,1,0.0005
4453,2041907684,Perfect Ninja Painter,1,0.0005
4454,2077266941,Perfect Ninja Painter (Windows),1,0.0005
4455,1617653473,Perfect Ninja Painter 3,1,0.0005
4456,1242182706,Perfect Woman,1,0.0005
4457,1836794259,Phantom Breaker: Battle Grounds Ultimate,1,0.0005
4458,1032585022,Phantom Doctrine,1,0.0005
4459,577843491,Phar Lap - Horse Racing Challenge,1,0.0005
4460,2080732462,Pickle-Pocalypse,1,0.0005
4461,2114369983,Pickleball Smash,1,0.0005
4462,1760385479,Pile Up! Box by Box,1,0.0005
4463,1480656948,Pinball FX,1,0.0005
4464,1820467524,Pinchimono: The Videogame Demo,1,0.0005
4465,1809846199,Pirate Bloopers (Windows),1,0.0005
4466,1652494707,Pit Panic,1,0.0005
4467,1788227153,Pity Pit,1,0.0005
4468,1665792263,Pixel Skater Demo,1,0.0005
4469,340271216,Planet Alpha,1,0.0005
4470,1842045021,PlanetCraft: Block Craft Games,1,0.0005
4471,1903469961,PlateUp! Demo,1,0.0005
4472,1965089591,Platform X: Fight for your Life,1,0.0005
4473,2050176579,Plumbers Don't Wear Ties: Definitive Edition,1,0.0005
4474,1632074385,Plunder Panic,1,0.0005
4475,2138276496,Pneuma: Breath of Life,1,0.0005
4476,1627618281,POKE-PAINT,1,0.0005
4477,1999452651,Polterguys: Possession Party,1,0.0005
4478,1633252910,Poly Party Demo,1,0.0005
4479,1915210914,Poly Puzzle - Anime Girls,1,0.0005
4480,1927547835,Polyfury Demo,1,0.0005
4481,2043431174,Pong by Yesser Studios,1,0.0005
4482,1639635315,Pool Blitz 8 Ball and Snooker Pool,1,0.0005
4483,1906114996,Pool Cleaning Simulator,1,0.0005
4484,1794659226,PowerSlave Exhumed,1,0.0005
4485,1919133963,Praetorians - HD Remaster,1,0.0005
4486,1414793184,Prey,1,0.0005
4487,1738616875,Primal Survivors,1,0.0005
4488,2103772615,Prince of Persia™: The Lost Crown Demo,1,0.0005
4489,1731606141,Prison of Illusion (Xbox Series),1,0.0005
4490,153810321,Pro Evolution Soccer 2015,1,0.0005
4491,933500953,Pro Evolution Soccer 2017 DEMO,1,0.0005
4492,428921688,PRO EVOLUTION SOCCER 2019 DEMO,1,0.0005
4493,307808103,Pro Fishing Simulator,1,0.0005
4494,2042442887,Pro Flight Simulator,1,0.0005
4495,1690692770,Pro Jank Footy,1,0.0005
4496,2116922454,Prodeus,1,0.0005
4497,1624350228,Project Spark,1,0.0005
4498,1857354336,Project Starship,1,0.0005
4499,1676570198,Protodroid DeLTA,1,0.0005
4500,670498748,Pumped BMX +,1,0.0005
4501,1846662502,Puppet House,1,0.0005
4502,2028187854,PUSS!,1,0.0005
4503,2143360506,Puzzle Bobble™2X/BUST-A-MOVE™2 Arcade Edition & Puzzle Bobble™3/BUST-A-MOVE™3 S-Tribute,1,0.0005
4504,1797474847,PuzzMiX,1,0.0005
4505,753341513,Q*bert REBOOTED: The XBOX One @!#?@! Edition,1,0.0005
4506,1890189073,Q.U.B.E. 10th Anniversary,1,0.0005
4507,1480657096,Quake Arena Arcade,1,0.0005
4508,1697847173,Quake III Arena,1,0.0005
4509,1480659455,Quantum Conundrum,1,0.0005
4510,1940556661,Quiz Time,1,0.0005
4511,1480657069,R-Type Dimensions™,1,0.0005
4512,1664110632,R-Type® Final 2,1,0.0005
4513,1837564150,Ragdoll Fighter,1,0.0005
4514,1644961199,Rage Of The Dragons NEO,1,0.0005
4515,1841771506,Raging Bytes,1,0.0005
4516,822866352,Raging Justice,1,0.0005
4517,1785274424,Raiden IV x MIKADO remix,1,0.0005
4518,1912444422,RAIDOU Remastered: The Mystery of the Soulless Army,1,0.0005
4519,1843263319,Railway Islands - Puzzle,1,0.0005
4520,1939174273,Railway Islands 2,1,0.0005
4521,1623187954,Rally Arcade Classics,1,0.0005
4522,1859852248,Ram Simulator,1,0.0005
4523,1616835035,Rayland 2 (PC),1,0.0005
4524,2020485838,RC Rush,1,0.0005
4525,1987026938,Real Cake Maker,1,0.0005
4526,300650813,Real Farm,1,0.0005
4527,1679987069,Real Heroes: Firefighter HD,1,0.0005
4528,1982760735,Rebel Cops,1,0.0005
4529,1848162876,Reckless Racing Ultimate LITE,1,0.0005
4530,2014256843,Red Death,1,0.0005
4531,1637512046,Red Solstice 2: Survivors Ultimate Edition,1,0.0005
4532,1926182660,Redeemer - Enhanced Edition,1,0.0005
4533,1755678829,RedRaptor,1,0.0005
4534,1807038516,Relooted Demo,1,0.0005
4535,2045008370,Remothered: Broken Porcelain,1,0.0005
4536,1869863863,REPLICA（レプリカ）,1,0.0005
4537,1775673786,Republic of Pirates,1,0.0005
4538,1781025707,RESIDENT EVIL 2 R.P.D. Demo,1,0.0005
4539,2134814963,Resident Evil Re:Verse Beta,1,0.0005
4540,2144966560,Resident Evil Village Gameplay Demo,1,0.0005
4541,2027400906,Retro Cube Slider,1,0.0005
4542,1912535362,Retro Cube Slider (Xbox Series),1,0.0005
4543,1884102336,Return of the Obra Dinn,1,0.0005
4544,1775421758,Return to Castle Wolfenstein,1,0.0005
4545,1814618059,Return to Monkey Island,1,0.0005
4546,1854284145,Reus 2,1,0.0005
4547,2050544295,Reversi Ultra+ for PC & XBOX,1,0.0005
4548,1996943027,Revhead,1,0.0005
4549,1920135375,Rhythm Doctor,1,0.0005
4550,773588741,RICO,1,0.0005
4551,761259973,RiME,1,0.0005
4552,1623503769,RiMS Racing Xbox One,1,0.0005
4553,1710190632,RiMS Racing Xbox Series X|S,1,0.0005
4554,695693557,Riptide GP: Renegade,1,0.0005
4555,2099119493,Rise of the Triad: Ludicrous Edition,1,0.0005
4556,1263339480,Risen,1,0.0005
4557,1263339494,Risen 2™: Dark Waters ,1,0.0005
4558,1629043783,River City Girls,1,0.0005
4559,2135898119,River City Ransom,1,0.0005
4560,1837362362,Road Kings,1,0.0005
4561,826442297,Road Rage,1,0.0005
4562,1791949165,Robin Hood - Sherwood Builders,1,0.0005
4563,669503806,Rock of Ages 2: Bigger & Boulder™,1,0.0005
4564,1480657410,Rocket Knight®,1,0.0005
4565,1414793183,Rockstar Table Tennis,1,0.0005
4566,1723464141,Rogue Flight,1,0.0005
4567,322450727,Rogue Legacy,1,0.0005
4568,1888207061,Rogue Lords,1,0.0005
4569,873887021,Rogue Stormers,1,0.0005
4570,189853082,Rogue Trooper Redux,1,0.0005
4571,2136108787,Rogue Waters,1,0.0005
4572,1745852530,RollerCoaster Tycoon 3 Complete Edition,1,0.0005
4573,35048352,ROMANCE OF THE THREE KINGDOMS XIII: Fame and Strategy Expansion Pack Bundle,1,0.0005
4574,1617329535,Romancing SaGa 2: Revenge of the Seven Demo,1,0.0005
4575,1720537047,Roots,1,0.0005
4576,2025885075,Rudolph The Red Nosed Reindeer,1,0.0005
4577,920951865,Rugby 18,1,0.0005
4578,1770389828,Rune Factory: Guardians of Azuma,1,0.0005
4579,1869996068,Runes Quest,1,0.0005
4580,1896146843,Runes Quest (Windows),1,0.0005
4581,1947338420,Runes Quest (Xbox One),1,0.0005
4582,1759610497,Rush Rally Origins,1,0.0005
4583,520010865,RWBY: Grimm Eclipse,1,0.0005
4584,2130893948,Ryan's Rescue Squad,1,0.0005
4585,293466353,Saban’s Mighty Morphin Power Rangers: Mega Battle,1,0.0005
4586,2085974219,Sable,1,0.0005
4587,1945270822,Saga of the Moon Priestess,1,0.0005
4588,1667098395,Sailing the Winds,1,0.0005
4589,1414596662,Saints Row 2 BRD,1,0.0005
4590,429066719,Saints Row IV: Re-Elected,1,0.0005
4591,1743311963,Sam & Max Save the World,1,0.0005
4592,1753316980,Sanicball Xbox version,1,0.0005
4593,1771555773,Santa's Winter Wonders,1,0.0005
4594,2010400708,Sausage Wars,1,0.0005
4595,1936020458,SCARLET NEXUS Story Demo,1,0.0005
4596,1922162357,Scholar Adventure: Mystery of Silence,1,0.0005
4597,52620879,Scribblenauts Showdown,1,0.0005
4598,1990492211,Sea Salt,1,0.0005
4599,2054684848,Second Extinction™ (Game Preview),1,0.0005
4600,1480657776,Sega Vintage Collection: Alex Kidd & Co.,1,0.0005
4601,1480657778,Sega Vintage Collection: Monster World,1,0.0005
4602,2099681630,SENSHI SOKOBAN QUEST,1,0.0005
4603,2030118025,Serious Sam: Siberian Mayhem,1,0.0005
4604,180637000,SEUM: Speedrunners from Hell,1,0.0005
4605,1727514428,Seven Days Until Morning,1,0.0005
4606,285659276,Shadow Complex Remastered,1,0.0005
4607,2040520199,Shadow Samurai Revenge,1,0.0005
4608,584036319,Shadow Tactics: Blades of the Shogun,1,0.0005
4609,1161890090,Shadows of the Damned,1,0.0005
4610,944809057,Shadows: Awakening,1,0.0005
4611,2062444881,Shakes on a Plane,1,0.0005
4612,1856870909,Shantae Advance: Risky Revolution,1,0.0005
4613,161766595,Shantae and the Pirate's Curse,1,0.0005
4614,1774500212,Shantae: Risky's Revenge - Director's Cut,1,0.0005
4615,1901019717,Shaolin vs Wutang,1,0.0005
4616,1933595910,Shaolin vs Wutang 2,1,0.0005
4617,1649165999,ShapeHero Factory,1,0.0005
4618,2125030606,She Sees Red Interactive Movie,1,0.0005
4619,1849665143,Sheepo,1,0.0005
4620,114172147,Shenmue,1,0.0005
4621,2129620077,Sherlock Holmes The Awakened,1,0.0005
4622,36217198,Sherlock Holmes: Crimes and Punishments,1,0.0005
4623,2145390992,Sherlock Holmes: Crimes and Punishments Redux,1,0.0005
4624,722694197,Sherlock Holmes: The Devil's Daughter,1,0.0005
4625,2123021352,Sherlock Holmes: The Devil's Daughter Redux,1,0.0005
4626,1902371088,Shikaku Room,1,0.0005
4627,643894778,Shiness: The Lightning Kingdom,1,0.0005
4628,1710148072,Ship Graveyard Simulator,1,0.0005
4629,1753769822,SHIP SIMULATOR OCEAN FISHING,1,0.0005
4630,2030110989,Shoe it All!,1,0.0005
4631,2106821597,Shogun Showdown,1,0.0005
4632,1722302711,Shogun Showdown Demo,1,0.0005
4633,1894632879,Shoot 1UP DX,1,0.0005
4634,1678445062,Shop & Spot Avenue,1,0.0005
4635,1635033134,Shoulders of Giants: Ultimate,1,0.0005
4636,1775188550,Showgunners DEMO,1,0.0005
4637,1480657017,Shred Nebula,1,0.0005
4638,1811056861,Shred! 2 - ft Sam Pilgrim,1,0.0005
4639,2044118581,Shy Dogs Hidden Orchestra,1,0.0005
4640,1783788045,SILENT HILL f - Bonus Content,1,0.0005
4641,1944507069,SimRail - The Railway Simulator,1,0.0005
4642,1645103025,Sin Slayers: Reign of The 8th,1,0.0005
4643,1967793188,Sir Lovelot,1,0.0005
4644,1627145602,Sisters Royale: Five Sisters Under Fire,1,0.0005
4645,1926756376,Sizeable,1,0.0005
4646,2021629395,Skautfold: Shrouded in Sanity,1,0.0005
4647,1826666564,Skautfold: Usurper,1,0.0005
4648,1643530242,SKIBIDI BACKROOMS,1,0.0005
4649,1720807506,Skibidi Sandbox,1,0.0005
4650,2073240970,Skull Island: Rise of Kong,1,0.0005
4651,1480659419,Skullgirls,1,0.0005
4652,2109783092,Sky Ball Rolling 3D,1,0.0005
4653,288915516,Skyforge,1,0.0005
4654,1620391316,Sleepin' Guy Deluxe Edition,1,0.0005
4655,1952303041,Slenderman Online,1,0.0005
4656,1823252534,Slide Viking (Xbox One),1,0.0005
4657,1667073833,Slide Viking (Xbox Series),1,0.0005
4658,1950703681,Slitterhead Demo,1,0.0005
4659,1911536653,Slots & Daggers,1,0.0005
4660,1480656853,Small Arms,1,0.0005
4661,1915054567,Smile For Me,1,0.0005
4662,1079996858,SMITE Public Test Server,1,0.0005
4663,2100981618,Snaky Snakes,1,0.0005
4664,2127936272,Sneak Cheese (Windows),1,0.0005
4665,1002731481,Snooker Nation Championship,1,0.0005
4666,1615555170,Soccer Arena Differences (Xbox One),1,0.0005
4667,1758230818,Soccer Power Hero,1,0.0005
4668,1875557727,Sociable Soccer 25,1,0.0005
4669,1368358394,Soda Drinker Pro,1,0.0005
4670,1947447256,Sodaman,1,0.0005
4671,1661096222,SokoNature,1,0.0005
4672,1818417101,Solitaire,1,0.0005
4673,1618794811,Solitaire 3D,1,0.0005
4674,1732062836,Solo Leveling: ARISE OVERDRIVE,1,0.0005
4675,1709290644,Somber Echoes Demo,1,0.0005
4676,1897725373,Song of Horror,1,0.0005
4677,543798221,Song of the Deep,1,0.0005
4678,2112770120,Songs of Conquest,1,0.0005
4679,1480657315,Sonic The Hedgehog 3,1,0.0005
4680,1624587951,Sorry We're Closed,1,0.0005
4681,1699406552,Space Accident,1,0.0005
4682,2057206252,Space Adventure : Mercury,1,0.0005
4683,1613162036,Space Drone,1,0.0005
4684,1838518432,Space Hulk®: Deathwing™ - Enhanced Edition (Windows 10),1,0.0005
4685,1930212330,Space Moves,1,0.0005
4686,1798356406,Space Tail: Definitive Edition - Demo,1,0.0005
4687,1744487921,Spacebase Startopia,1,0.0005
4688,450682088,Sparkle 2,1,0.0005
4689,1507365602,Sparkle Unleashed,1,0.0005
4690,1927094471,Speed Limit Demo,1,0.0005
4691,1733255949,Speedball,1,0.0005
4692,1630371775,SpellForce: Conquest of Eo,1,0.0005
4693,1688571860,Spells & Secrets,1,0.0005
4694,1828954590,Spider Solitaire F,1,0.0005
4695,2077780985,SpiderHeck Demo,1,0.0005
4696,2120222634,Spirit of the North 2,1,0.0005
4697,678502136,Splasher,1,0.0005
4698,1480657055,SpongeBob SquarePants Underpants Slam!,1,0.0005
4699,2017067425,Spot Challenge Vol. 1,1,0.0005
4700,1693360685,Spot Challenge Vol. 3,1,0.0005
4701,1645584645,Spot Challenge Vol. 4,1,0.0005
4702,1737462111,Spot The Pup,1,0.0005
4703,2028704735,Squad Killer,1,0.0005
4704,1831134835,Stacky Dash,1,0.0005
4705,1772442243,Star Hunter DX,1,0.0005
4706,1397819357,Star Ocean: The Last Hope,1,0.0005
4707,2042119715,Star Renegades,1,0.0005
4708,1826083440,Star Trek Prodigy: Supernova,1,0.0005
4709,1974921711,STAR WARS™: Episode I: Jedi Power Battles™,1,0.0005
4710,1611656661,Starbound,1,0.0005
4711,1961172653,Starfield Digital Artbook & Original Soundtrack,1,0.0005
4712,2111756480,Starliner Evolved,1,0.0005
4713,1813336489,Starship Troopers: Ultimate Bug War!,1,0.0005
4714,436767821,State of Mind,1,0.0005
4715,1835454890,Stay Out of the House,1,0.0005
4716,1745610503,Steampunch,1,0.0005
4717,1968761430,Steampunk Tower 2,1,0.0005
4718,1732155244,SteamWorld Heist II,1,0.0005
4719,2135799767,STELLATUM,1,0.0005
4720,325295891,Steredenn: Binary Stars,1,0.0005
4721,1016114215,Steven Universe: Save the Light,1,0.0005
4722,504562343,Stick it To The Man,1,0.0005
4723,1995773697,Stickventure Fighter Fury Demo,1,0.0005
4724,1674315166,Sticky Business,1,0.0005
4725,2001173735,Sticky Twig DASH!,1,0.0005
4726,1048629103,Stikbold! A Dodgeball Adventure,1,0.0005
4727,2104502032,Stories Untold,1,0.0005
4728,1874994133,Stray Blade,1,0.0005
4729,1622218170,Street Outlaws: The List,1,0.0005
4730,2029929513,Strider,1,0.0005
4731,1644555235,STRIKERS 1945,1,0.0005
4732,1795934800,STRIKERS 1945 II,1,0.0005
4733,1835041076,STRIKERS 1945 III,1,0.0005
4734,1895471502,Stubbs the Zombie in Rebel Without a Pulse,1,0.0005
4735,2120109308,STUFFED,1,0.0005
4736,1414596596,Stuntman: Ignition,1,0.0005
4737,1706812340,SturmFront - The Mutant War: Ubel Edition,1,0.0005
4738,1746879934,Submerged: Hidden Depths,1,0.0005
4739,1627862029,Sudocats,1,0.0005
4740,1906191710,Sudoku PRO+ : PC & XBOX,1,0.0005
4741,1893963317,Sugar Box (Xbox One),1,0.0005
4742,2143077030,Sugarbound 2 (Xbox One),1,0.0005
4743,2104908182,Sugarbound 2 (Xbox Series X/S),1,0.0005
4744,2057080763,Super Astro Cat,1,0.0005
4745,2037941256,SUPER BOMBERMAN R 2,1,0.0005
4746,1841866029,Super Bomberman R Online,1,0.0005
4747,1798675306,Super Box Delivery: Beyond the Horizon,1,0.0005
4748,1375034638,Super Dungeon Bros,1,0.0005
4749,2099919133,Super Mining Mechs,1,0.0005
4750,900300132,Super Night Riders,1,0.0005
4751,1245536437,Super Party Sports: Football,1,0.0005
4752,1708138487,Super Toy Cars 2,1,0.0005
4753,1667615573,Super Weekend Mode,1,0.0005
4754,1654363896,Super Woden GP,1,0.0005
4755,1648312485,Super Woden Rally Edge,1,0.0005
4756,1879429925,Super World Run 2 - Adventure Game,1,0.0005
4757,1847130448,Supermarket Simulator - Cozy Game,1,0.0005
4758,253235216,Surf World Series,1,0.0005
4759,1949756621,Surgeon Simulator 2,1,0.0005
4760,1775967989,Surviving Mars,1,0.0005
4761,1827356638,Survivor - Castaway Island,1,0.0005
4762,2106445152,Sushi Duel,1,0.0005
4763,1696439887,Swamp TD 2,1,0.0005
4764,1722901011,Sweet Survivors,1,0.0005
4765,1804098370,Swimsanity!,1,0.0005
4766,1813433265,Sword and Fairy: Together Forever(Demo),1,0.0005
4767,1681761783,Syberia - Remastered,1,0.0005
4768,2015998604,Syberia - The World Before,1,0.0005
4769,2023655054,Syberia - The World Before - DEMO,1,0.0005
4770,1981157496,System Shock,1,0.0005
4771,1932850884,Table Tennis Pro,1,0.0005
4772,2132478540,Tails of Iron 2: Whiskers of Winter,1,0.0005
4773,1937629264,Tainted Grail: Conquest,1,0.0005
4774,2058090036,Tainted Grail: The Fall of Avalon DEMO,1,0.0005
4775,1829876281,Tales of Arise Demo Version (Xbox Series X|S),1,0.0005
4776,308135722,Tales of Vesperia™: Definitive Edition,1,0.0005
4777,1671975688,Tales of Xillia Remastered,1,0.0005
4778,2089482946,Tanky Tanks - Reloaded,1,0.0005
4779,2110974536,Tell Me Your Story,1,0.0005
4780,1090851408,TEMBO THE BADASS ELEPHANT,1,0.0005
4781,2095791088,Tennis Story,1,0.0005
4782,759274989,TERA (Open Beta),1,0.0005
4783,1771626735,Terminal 81,1,0.0005
4784,1815332041,Terminal Velocity™: Boosted Edition,1,0.0005
4785,1670845812,Terrinoth®: Heroes of Descent,1,0.0005
4786,2047813877,Tetraminos - Xbox Series X|S,1,0.0005
4787,2094819475,Thank Goodness You're Here!,1,0.0005
4788,278122515,The Adventure Pals,1,0.0005
4789,2024145056,The Artful Escape,1,0.0005
4790,1854327039,The Banner Saga,1,0.0005
4791,57328250,The Blackout Club,1,0.0005
4792,2000790611,"THE CARD Perfect Collection Plus: Texas Hold 'em, Solitaire and others",1,0.0005
4793,2040556094,The Chess+ : PC & XBOX,1,0.0005
4794,1733938741,The Coin Game,1,0.0005
4795,1969027482,The Complex,1,0.0005
4796,977514341,The Culling,1,0.0005
4797,2044149254,The Darkest Tales,1,0.0005
4798,1414793357,The Darkness II,1,0.0005
4799,231381248,The Deer God,1,0.0005
4800,2055759763,The Elf on the Shelf®: Christmas Heroes,1,0.0005
4801,1678789545,The Eternal Life of Goldman Demo,1,0.0005
4802,1790921256,The Evil Within® 2 (PC),1,0.0005
4803,1782608966,The Excrawlers,1,0.0005
4804,2020422759,The Falconeer,1,0.0005
4805,875174887,The Final Station,1,0.0005
4806,1969470092,The Fine Art of Murder,1,0.0005
4807,337067464,The Fisherman - Fishing Planet,1,0.0005
4808,1966508044,The Golf Club,1,0.0005
4809,575803834,The Golf Club 2™,1,0.0005
4810,1670023665,The Good Life Demo,1,0.0005
4811,1759275046,The Great Perhaps,1,0.0005
4812,2011673728,THE HOUSE OF THE DEAD 2: Remake,1,0.0005
4813,1805011202,The Immortal John Triptych,1,0.0005
4814,518483923,The Infectious Madness of Doctor Dekker,1,0.0005
4815,1696036019,The Innsmouth Case,1,0.0005
4816,2073554022,The Jackbox Party Starter,1,0.0005
4817,1852093214,The King is Watching,1,0.0005
4818,2115010340,The Knightling,1,0.0005
4819,2079588618,The Last Campfire,1,0.0005
4820,2055782857,The Last Kids on Earth and the Staff of Doom,1,0.0005
4821,1832298111,THE LAST TRAIN: Baquedano,1,0.0005
4822,1948960688,The Legend of Bum-bo,1,0.0005
4823,1480657090,The Maw,1,0.0005
4824,266212283,The Mean Greens - Plastic Warfare,1,0.0005
4825,2112388320,The Mobius Machine,1,0.0005
4826,482654991,The Mummy Demastered,1,0.0005
4827,1816960683,The Nightmares At The Krusty Krab,1,0.0005
4828,1931055008,The Race Factory,1,0.0005
4829,1069677406,The Raven Remastered,1,0.0005
4830,2140111917,The Shapeshifting Detective,1,0.0005
4831,1864185316,The Sinking City Xbox Series X|S,1,0.0005
4832,1811878866,The Sleepy Cat Knight,1,0.0005
4833,1767752604,The SpeedRun Game (2021),1,0.0005
4834,1940410619,The StoryTale,1,0.0005
4835,1691924451,The Strange Story Of Brian Fisher: Chapter 2,1,0.0005
4836,1839607296,The Surge 2 - Windows 10,1,0.0005
4837,702634063,The Swapper,1,0.0005
4838,2081464071,The Thaumaturge: Demo,1,0.0005
4839,1946097722,The Tribez,1,0.0005
4840,2100711254,The Unknown City (Horror Begins Now.....Episode 1) Demo,1,0.0005
4841,1933187511,The Vale: Shadow of the Crown,1,0.0005
4842,1480660146,The Walking Dead: Michonne - Episode 1,1,0.0005
4843,2062283589,The World After,1,0.0005
4844,1986869957,Them's Fightin' Herds,1,0.0005
4845,1923406183,There Are No Ghosts at the Grand,1,0.0005
4846,1406389095,Thief Demo - The Lockdown,1,0.0005
4847,1015340672,Thimbleweed Park,1,0.0005
4848,424855892,This Is the Police,1,0.0005
4849,2129809110,Through the Darkest of Times,1,0.0005
4850,600509688,Thumper,1,0.0005
4851,1921002071,Ticket to Ride: Classic Edition,1,0.0005
4852,1480657132,Ticket to Ride™,1,0.0005
4853,1941546606,Tides of Annihilation,1,0.0005
4854,1902996251,Tides of Tomorrow,1,0.0005
4855,2132465202,Tile Jong Series X|S,1,0.0005
4856,1613100184,Timberman: The Big Adventure,1,0.0005
4857,1448413146,TimeShift,1,0.0005
4858,2063021282,Tin Can,1,0.0005
4859,2096669648,Tintle's Great Colorful Adventure,1,0.0005
4860,1996480016,Tintle's Great Colorful Adventure (Windows),1,0.0005
4861,1933265108,Tintle's Great Colorful Adventure (Xbox One),1,0.0005
4862,1701495257,Tiny Tanks Showdown,1,0.0005
4863,2103668444,Tiny Troopers: Global Ops,1,0.0005
4864,1924171101,To Farm Lands,1,0.0005
4865,1991035326,To the Basement: Before,1,0.0005
4866,2068094397,To the Moon and Beyond,1,0.0005
4867,1906715057,To The Sky,1,0.0005
4868,1738090093,Toca Girls World,1,0.0005
4869,1984458321,ToeJam and Earl: Back in the Groove!,1,0.0005
4870,2116487770,TOEM,1,0.0005
4871,1951375424,Together We Live,1,0.0005
4872,916605047,Tom Clancy's Ghost Recon Wildlands Open Beta,1,0.0005
4873,32122245,Tony Hawk's® Pro Skater™ 5,1,0.0005
4874,2080427416,Tony Hawk's™ Pro Skater™ 3 + 4 - Foundry Demo,1,0.0005
4875,1961294826,Top Racer Collection,1,0.0005
4876,2002175613,Torchlight II Demo,1,0.0005
4877,223188831,Tour de France 2019,1,0.0005
4878,1723626363,Tour de France 2022 Xbox One,1,0.0005
4879,1691312526,Tour de France 2023,1,0.0005
4880,1651850203,Tour de France 2024,1,0.0005
4881,1842878873,Tour de France 2026,1,0.0005
4882,1752529058,Towa and the Guardians of the Sacred Tree,1,0.0005
4883,1761882488,Towaga: Among Shadows,1,0.0005
4884,703997631,TowerFall Ascension,1,0.0005
4885,1721366178,Toy Soldiers HD,1,0.0005
4886,1977352090,Toy Town Mayhem,1,0.0005
4887,1480660067,Toybox Turbos,1,0.0005
4888,1726945595,TRANSFORMERS: Galactic Trials,1,0.0005
4889,1646787217,Treachery in Beatdown City: Ultra Remix,1,0.0005
4890,1917641293,Treasure Hunter Simulator,1,0.0005
4891,52523189,Trials of the Blood Dragon,1,0.0005
4892,1632272109,Tribe: Primitive Builder,1,0.0005
4893,1845231868,Trine 2: Complete Story,1,0.0005
4894,1817067023,Trine 5: A Clockwork Conspiracy,1,0.0005
4895,1701821008,Trivia: Knowledge Trainer - the Quiz Game,1,0.0005
4896,1676268108,Trollhunters: Defenders of Arcadia,1,0.0005
4897,89165390,TRON RUN/r,1,0.0005
4898,1760149971,Troopers,1,0.0005
4899,1984314388,Trophy,1,0.0005
4900,1735843094,Trover Saves the Universe,1,0.0005
4901,1901813773,Truck-kun is Supporting Me from Another World?!,1,0.0005
4902,2078968222,Truck Driver: The American Dream,1,0.0005
4903,1998195902,Truck Driver: The Dutch Connection,1,0.0005
4904,1679462217,True Fear: Forsaken Souls Part 1 Demo,1,0.0005
4905,1912034062,True Fear: Forsaken Souls Part 3 Demo,1,0.0005
4906,1929543936,Truxton Extreme,1,0.0005
4907,911120656,Tumblestone,1,0.0005
4908,1959159088,Tunguska: The Visitation - Complete Edition,1,0.0005
4909,1927856480,Turbo Dash Kart 2024 Racing,1,0.0005
4910,1944807356,Twelve Minutes,1,0.0005
4911,846759462,Twin Mirror,1,0.0005
4912,1297292136,TY the Tasmanian Tiger™,1,0.0005
4913,87240795,Tyler: Model 005,1,0.0005
4914,837159338,Typoman,1,0.0005
4915,1990982209,UFL Open Beta,1,0.0005
4916,1639077434,UFOPHILIA,1,0.0005
4917,1480657763,Ugly Americans: Apocalypsegeddon,1,0.0005
4918,1964788774,Ultimate Fishing Simulator,1,0.0005
4919,2059671191,Ultimate Racing 2D,1,0.0005
4920,2117297604,UNABLES,1,0.0005
4921,1758041918,UNBEATABLE,1,0.0005
4922,1618087966,Under the Jolly Roger,1,0.0005
4923,1726842035,Unichrome: A 1-bit Unicorn Adventure,1,0.0005
4924,1935081325,United Assault - Battle of the Bulge,1,0.0005
4925,2031615580,Universe For Sale WGF24 Demo,1,0.0005
4926,1890458248,UnMetal,1,0.0005
4927,2078938412,Unmourned,1,0.0005
4928,2123218936,Unmourned Demo,1,0.0005
4929,1297549275,Unreal Tournament III,1,0.0005
4930,2046150115,Use Your Words 2,1,0.0005
4931,1828894151,Valiant Hearts: Coming Home,1,0.0005
4932,80525889,Valley,1,0.0005
4933,1982861109,Valor Mortis,1,0.0005
4934,1989137413,Vampire: The Masquerade - Reckoning of New York,1,0.0005
4935,2079180287,Vanity Fair: The Pursuit,1,0.0005
4936,1699734131,Vaporum: Lockdown,1,0.0005
4937,2026071792,Verdict Guilty,1,0.0005
4938,1778298055,Void Bastards,1,0.0005
4939,2119315223,Void Crew,1,0.0005
4940,2125266757,Volley Pals,1,0.0005
4941,1666550470,Volleyball Tournament in Paradise,1,0.0005
4942,812664807,Vostok Inc.,1,0.0005
4943,1704529510,Vzerthos: The Heir of Thunder,1,0.0005
4944,1759773134,Walking Simulator,1,0.0005
4945,1871561416,War Hospital,1,0.0005
4946,1852023164,War Mongrels,1,0.0005
4947,1697395364,War of Pirate Ships,1,0.0005
4948,2144534939,"War Tanks: Online Tank Warfare Game, Tanks Simulator",1,0.0005
4949,2051276947,War Tech Fighters,1,0.0005
4950,1732740414,Wargroove,1,0.0005
4951,1704142080,Warhammer: Chaosbane Slayer Edition Xbox Series X|S,1,0.0005
4952,648298719,Warhammer: Chaosbane Xbox One,1,0.0005
4953,2110882357,Warp Bot (Xbox Series),1,0.0005
4954,2093853666,Warp Drive,1,0.0005
4955,1619935626,WarpDrive,1,0.0005
4956,1717020143,Warplanes: WW2 Dogfight,1,0.0005
4957,1679106504,WARRIORS: Abyss,1,0.0005
4958,1894999989,Wave Break Demo,1,0.0005
4959,2114003529,Wax Heads,1,0.0005
4960,1955199870,We Were Here Together,1,0.0005
4961,2026516560,Webbed,1,0.0005
4962,1666548378,Weedcraft Inc,1,0.0005
4963,2016076229,Weird West: Definitive Edition,1,0.0005
4964,1642652271,Welcome to ParadiZe - Demo,1,0.0005
4965,1740517029,West of Dead,1,0.0005
4966,2144997626,West of Dead,1,0.0005
4967,1888551831,What's Different? (Xbox One),1,0.0005
4968,1662257169,What The Dub?!,1,0.0005
4969,2033734302,while True: learn(),1,0.0005
4970,1643960804,Whisper Of The House,1,0.0005
4971,1780460930,Wild Bastards,1,0.0005
4972,1763125243,Wild Card Football,1,0.0005
4973,1850965631,Wildermyth: Console Edition,1,0.0005
4974,1929637600,Wildkeepers Rising,1,0.0005
4975,2044343586,WildTrax Racing,1,0.0005
4976,2015433008,WILL: Follow The Light,1,0.0005
4977,1960103311,Windjammers 2,1,0.0005
4978,1633456292,Wings of Beyond (Xbox One),1,0.0005
4979,2023196561,Witch It,1,0.0005
4980,1996371924,WitchSpring R,1,0.0005
4981,1807181865,Wizard with a Gun,1,0.0005
4982,1707398569,WolfFang SkullFang Saturn Tribute Boosted,1,0.0005
4983,1786507059,Woodo,1,0.0005
4984,1649877246,Woot Woot Game,1,0.0005
4985,2001937488,Word Chef Master : Word Search Puzzles,1,0.0005
4986,1709000658,Word Quest: Cyberpunk,1,0.0005
4987,1919399595,WORD SEARCH BY JGABRIB,1,0.0005
4988,1834161889,Word Search INFINITE+ : PC & XBOX,1,0.0005
4989,1740791682,Word Stacker - Word Game 2019,1,0.0005
4990,2029326179,Word Wheel by POWGI,1,0.0005
4991,1711900823,World Championship Boxing Manager™ 2,1,0.0005
4992,2060086474,World Geography Trivia Quiz,1,0.0005
4993,521446567,WORLD OF FINAL FANTASY MAXIMA,1,0.0005
4994,1834145283,World of Tennis: Roaring ’20s,1,0.0005
4995,1811697311,World War Z,1,0.0005
4996,1772830356,Wrack: Reclamation,1,0.0005
4997,1751765267,Wrap House Simulator,1,0.0005
4998,912832008,WRC 7 FIA World Rally Championship,1,0.0005
4999,1922758426,WRC 9 FIA World Rally Championship,1,0.0005
5000,1645505906,Wreck Runners,1,0.0005
5001,1663377800,WSOP,1,0.0005
5002,1687514084,WW2 Flight Simulator,1,0.0005
5003,1858270096,Wylde Flowers,1,0.0005
5004,1864964873,Wytchwood,1,0.0005
5005,2057514067,X-Out: Resurfaced,1,0.0005
5006,1874529388,Yakuza Kiwami 3 & Dark Ties Demo,1,0.0005
5007,2132101695,Yars: Recharged,1,0.0005
5008,912199926,Yet Another Zombie Defense HD,1,0.0005
5009,1803165746,Yet Another Zombie Survivors Demo,1,0.0005
5010,1990116831,Yooka-Laylee and the Impossible Lair,1,0.0005
5011,1681608901,Yooka-Replaylee Demo,1,0.0005
5012,2022203558,Yuppie Psycho,1,0.0005
5013,2081112709,Zaccaria Pinball,1,0.0005
5014,1997965582,Zero Escape: The Nonary Games,1,0.0005
5015,1753265343,Zero Escape: Zero Time Dilemma,1,0.0005
5016,1714978774,Zeroptian Invasion,1,0.0005
5017,1924883586,ZombCube,1,0.0005
5018,1752291141,Zombie Derby,1,0.0005
5019,2001814192,Zombie Derby 2,1,0.0005
5020,1907198556,Zombie Derby: Pixel Survival,1,0.0005
5021,820078969,Zombie Driver Ultimate Edition,1,0.0005
5022,386160977,Zombie Vikings,1,0.0005
5023,1644398698,"Zombies, Aliens and Guns DEMO",1,0.0005
5024,1887036168,Zombuffoonery,1,0.0005
5025,2017407966,Zoo Clues (Xbox One),1,0.0005
5026,2052049423,Zoo Simulator,1,0.0005
5027,1955180046,Zoo Tycoon Demo,1,0.0005
5028,1989279553,Zoochosis,1,0.0005
5029,1718981556,ドラゴンクエストXI 過ぎ去りし時を求めて S,1,0.0005
5030,1146095613,地球防衛軍４,1,0.0005
5031,2006789741,黄泉ヲ裂ク華,1,0.0005
