rank,title_id,title,players,percentage
1,267695549,Fortnite,71189,23.1715
2,342226876,Roblox - Xbox,60787,19.7857
3,1828326430,Minecraft,34527,11.2383
4,2001700854,Call of Duty®,26607,8.6604
5,558797228,Rocket League®,23172,7.5423
6,926771636,Tom Clancy's Rainbow Six Siege,20564,6.6934
7,1909324253,EA SPORTS FC™ 26 Xbox Series X|S,16539,5.3833
8,1731722945,NBA 2K27,13500,4.3941
9,972249091,Grand Theft Auto V (Xbox One),13200,4.2965
10,2079757188,Forza Horizon 6,12778,4.1591
11,1794906646,Marvel Rivals,11796,3.8395
12,1778348973,Grand Theft Auto Online (Xbox Series X|S),10661,3.4701
13,94618376,Overwatch®,10418,3.391
14,175227487,Apex Legends™,9706,3.1592
15,1840884885,Battlefield™,8107,2.6388
16,2116052231,RuneScape: Dragonwilds,7488,2.4373
17,591405932,Red Dead Redemption 2,6656,2.1665
18,1962870476,EA SPORTS™ Madden NFL 27,6376,2.0753
19,1674575880,EA SPORTS™ College Football 27,5691,1.8524
20,1924639289,HELLDIVERS™ 2,5590,1.8195
21,1799950478,Aniimo,5378,1.7505
22,102425831,Dead by Daylight,5159,1.6792
23,1870487792,NBA 2K26 for Xbox Series X|S,4745,1.5445
24,1631143456,EA SPORTS™ Madden NFL 26,4733,1.5406
25,2047118660,EA SPORTS FC™ 27 XBOX Series X|S,4474,1.4563
26,2106683993,skate.™ (Game Preview),4404,1.4335
27,1852068331,EA SPORTS FC™ 26 Xbox One,4287,1.3954
28,1989157631,Once Human,4089,1.3309
29,1790482525,Call of Duty®: Black Ops Cold War - Xbox Series X|S,3828,1.246
30,1692943563,Halloween: The Game,3786,1.2323
31,2030093255,Forza Horizon 5,3708,1.2069
32,1797327516,Palworld,3684,1.1991
33,2118102995,EA SPORTS™ College Football 26,3417,1.1122
34,629270283,Gang Beasts,3409,1.1096
35,1096157379,COD: Black Ops II,3240,1.0546
36,80579825,Call of Duty: Black Ops III,3207,1.0439
37,222473492,Cyberpunk 2077,3087,1.0048
38,2003727579,Call of Duty®: Modern Warfare® III,2995,0.9748
39,1822992790,Call of Duty®: Black Ops 6 - Launcher,2904,0.9452
40,2139646219,VALORANT,2845,0.926
41,1791650399,MLB® The Show™ 26,2815,0.9163
42,1993685552,UFC® 5,2805,0.913
43,2118292977,ARC Raiders,2798,0.9107
44,1928228122,Borderlands®4,2778,0.9042
45,171869406,War Thunder,2750,0.8951
46,1794566092,Minecraft Launcher,2708,0.8814
47,1198088771,FOR HONOR,2686,0.8743
48,252034287,The Elder Scrolls V: Skyrim Special Edition,2610,0.8495
49,2082978535,Halo: Campaign Evolved,2496,0.8124
50,1848421257,eFootball™,2495,0.8121
51,1144039928,Halo: The Master Chief Collection,2490,0.8105
52,1977690926,Farming Simulator 25,2487,0.8095
53,2062957237,Hell Let Loose: Vietnam,2432,0.7916
54,144389848,Destiny 2,2402,0.7818
55,2073302268,Ready or Not,2379,0.7743
56,1973901376,Diablo® IV,2363,0.7691
57,964706972,No Man's Sky,2363,0.7691
58,950328474,PUBG: BATTLEGROUNDS,2327,0.7574
59,1992453063,Among Us,2261,0.7359
60,777107394,DayZ,2259,0.7353
61,1892245301,ELDEN RING,2231,0.7262
62,687339341,Brawlhalla,2191,0.7132
63,332913499,Fallout 76,2162,0.7037
64,2013614379,Fall Guys,2133,0.6943
65,2043073184,Halo Infinite,2082,0.6777
66,207015551,theHunter: Call of the Wild™,1977,0.6435
67,1482870140,Warframe,1938,0.6308
68,374923716,Gears 5,1933,0.6292
69,1256782258,Fallout 4,1918,0.6243
70,1732013402,Grounded 2 (Game Preview),1889,0.6149
71,1959007243,Call of Duty®: Modern Warfare® II,1846,0.6009
72,1795790912,Escape the Backrooms,1803,0.5869
73,893395429,Rust Console Edition X|S,1774,0.5774
74,346683864,Tom Clancy's Ghost Recon Wildlands,1710,0.5566
75,1730755212,Mortal Kombat™ 1,1646,0.5358
76,1855024215,"Warhammer 40,000: Space Marine 2",1646,0.5358
77,1717113201,Sea of Thieves: 2026 Edition,1619,0.527
78,1693340366,Hogwarts Legacy,1600,0.5208
79,1746894998,Roblox - Windows,1600,0.5208
80,833960563,STAR WARS™ Battlefront™ II,1596,0.5195
81,1862431175,UFC® 6,1587,0.5166
82,638965135,Descenders,1559,0.5074
83,896928775,Minecraft for Windows,1512,0.4921
84,1696147865,Zenless Zone Zero,1507,0.4905
85,1850827024,F1® 25,1494,0.4863
86,609700427,Call of Duty®: Modern Warfare®,1492,0.4856
87,1653663875,EA SPORTS FC™ 25 Xbox Series X|S,1492,0.4856
88,1745661457,Valheim,1470,0.4785
89,1928988061,ARK: Survival Ascended,1441,0.469
90,545844082,Call of Duty®: WWII,1390,0.4524
91,1700133950,NHL® 27 XBOX Series X|S,1378,0.4485
92,1096157269,Call of Duty®: Black Ops,1372,0.4466
93,1758796660,Wobbly Life,1353,0.4404
94,1414793202,GTA IV,1325,0.4313
95,1161890022,Skate 3,1320,0.4296
96,352040487,Tom Clancy’s The Division 2,1309,0.4261
97,1759802069,EA SPORTS™ College Football 25,1273,0.4144
98,2022801826,WWE 2K26 Standard Edition,1263,0.4111
99,321656011,The Sims™ 4,1257,0.4091
100,2099828114,THE FINALS,1239,0.4033
101,1634930870,REMATCH,1225,0.3987
102,2119939858,NHL® 26 Xbox Series X|S,1217,0.3961
103,1719923985,Undisputed,1217,0.3961
104,285358298,Mortal Kombat 11,1214,0.3951
105,964818375,Assassin's Creed Odyssey,1213,0.3948
106,1975246356,Baldur's Gate 3,1210,0.3938
107,2053080068,Genshin Impact,1206,0.3925
108,1845885580,RV There Yet?,1205,0.3922
109,2050201640,Shift At Midnight,1184,0.3854
110,1959830280,Virtua Fighter 5 R.E.V.O. World Stage,1167,0.3798
111,1982295121,The Blood of Dawnwalker,1163,0.3785
112,1479758055,Batman™: Arkham Knight,1149,0.374
113,1790707834,Resonance: A Plague Tale Legacy,1142,0.3717
114,1953759531,Phasmophobia (Game Preview),1118,0.3639
115,1960998926,Buckshot Roulette,1106,0.36
116,306230746,Stardew Valley,1090,0.3548
117,961090289,Tom Clancy's Ghost Recon Breakpoint,1088,0.3541
118,1882096658,EA SPORTS FC™ 25 Xbox One,1049,0.3414
119,1739375565,Minecraft Dungeons,1038,0.3379
120,491582364,Need for Speed™ Heat,1027,0.3343
121,2143033449,Monster Hunter Wilds,1013,0.3297
122,1878915001,SnowRunner,1013,0.3297
123,1689317374,TCG Card Shop Simulator,1012,0.3294
124,1677483390,Shape of Dreams,993,0.3232
125,389597738,Terraria,981,0.3193
126,1661962317,Assassin's Creed Black Flag Resynced,971,0.3161
127,1754076455,Crimson Desert,958,0.3118
128,623325843,Cuphead,950,0.3092
129,1611895213,Disney Dreamlight Valley,950,0.3092
130,830649354,Dying Light,939,0.3056
131,1615644955,Microsoft Flight Simulator 2024,932,0.3034
132,1857595573,The Crew Motorfest - Xbox Series X|S,932,0.3034
133,1671990131,MY HERO ULTRA RUMBLE,931,0.303
134,1726497855,PGA TOUR 2K25,923,0.3004
135,1715349030,Asphalt Legends,909,0.2959
136,2068980019,CarX Drift Racing Online,908,0.2955
137,1161890069,FIGHT NIGHT CHAMPION,903,0.2939
138,1720309872,Arma Reforger,888,0.289
139,1699459210,DRAGON BALL Sparking! ZERO,880,0.2864
140,1774692913,Goat Simulator 3,875,0.2848
141,1728105232,Assassin's Creed Valhalla,874,0.2845
142,1842668909,Forza Motorsport,870,0.2832
143,283303390,Wreckfest,870,0.2832
144,447911394,Far Cry® 5,863,0.2809
145,1843269941,Chivalry 2,856,0.2786
146,1680003655,Call of Duty®: Modern Warfare® 4 - Beta,854,0.278
147,1733257076,Teardown,844,0.2747
148,2105342780,Grounded,830,0.2702
149,1852916479,Resident Evil 4,824,0.2682
150,983730484,ARK: Survival Evolved,821,0.2672
151,728655825,Plants vs. Zombies™ Garden Warfare 2,815,0.2653
152,2054716369,It Takes Two,810,0.2636
153,1679027058,Stumble Guys,810,0.2636
154,2035456122,Grand Theft Auto VI,807,0.2627
155,1019460860,DRAGON BALL XENOVERSE 2,805,0.262
156,1634088961,No More Room in Hell 2,802,0.261
157,1733929983,STAR WARS Zero Company™,801,0.2607
158,1938834516,State of Decay 2: Juggernaut Edition,798,0.2597
159,1984127659,The Planet Crafter,790,0.2571
160,840116976,World of Tanks Modern Armor,784,0.2552
161,1701108859,HITMAN 3,781,0.2542
162,2008767227,Brotato,780,0.2539
163,478449077,World of Warships: Legends,778,0.2532
164,1297287339,Gears of War 3,777,0.2529
165,2069980568,The First Descendant,770,0.2506
166,1803410566,SpeedRunners 2: King of Speed,766,0.2493
167,783973363,Dead Island 2,764,0.2487
168,552499398,Gears of War 4,760,0.2474
169,312881568,Human Fall Flat,756,0.2461
170,374621264,RESIDENT EVIL 2,747,0.2431
171,1386529057,Battlefield™ 1,744,0.2422
172,1805568255,Trailmakers,744,0.2422
173,2079794073,Starfield,736,0.2396
174,2063087945,PowerWash Simulator 2,723,0.2353
175,1285166951,The Elder Scrolls Online,717,0.2334
176,1696697876,NBA 2K26 for Xbox One,716,0.2331
177,1925947069,FARCRY 6,712,0.2318
178,1993741445,SMITE 2 (Game Preview),706,0.2298
179,1929807318,Call of Duty®: Vanguard - Xbox Series X|S,705,0.2295
180,85494077,Microsoft Solitaire Collection,700,0.2278
181,2043906033,MX vs ATV Legends,699,0.2275
182,1961305648,Totally Accurate Battle Simulator,697,0.2269
183,642156375,Crash™ Team Racing Nitro-Fueled,685,0.223
184,1779135141,Riders Republic™,684,0.2226
185,2119021593,Subnautica 2 (Game Preview),682,0.222
186,465979625,UFC® 4,677,0.2204
187,792158305,Call of Duty®: Black Ops 4,672,0.2187
188,1008687929,Mortal Kombat X,672,0.2187
189,1669427955,ELDEN RING NIGHTREIGN,666,0.2168
190,490838306,Fishing Planet,650,0.2116
191,1985701699,Forza Horizon 4,640,0.2083
192,2103516179,The Outlast Trials,640,0.2083
193,415619002,Watch Dogs®2,639,0.208
194,1675858627,EA SPORTS FC™ 27 XBOX One,635,0.2067
195,2059211995,Hollow Knight: Voidheart Edition,631,0.2054
196,1972007641,Kingdom Come: Deliverance II,628,0.2044
197,45083076,Injustice™ 2,623,0.2028
198,1668241504,Hollow Knight: Silksong,611,0.1989
199,1830948067,EA SPORTS™ PGA TOUR™,608,0.1979
200,940594756,World War Z,608,0.1979
201,2059212977,Beast of Reincarnation,607,0.1976
202,1682363458,Avatar: Frontiers of Pandora™,602,0.1959
203,2072546746,Madden NFL 25 Xbox Series X|S,601,0.1956
204,1876694512,Madden NFL 25 Xbox One,599,0.195
205,72159092,Crash Bandicoot™ N. Sane Trilogy,596,0.194
206,1671080157,Minecraft Preview,595,0.1937
207,1877397841,Kernel Hearts,587,0.1911
208,1792830437,Balatro,584,0.1901
209,1658810016,Resident Evil Requiem,582,0.1894
210,1112737760,Fallout: New Vegas,580,0.1888
211,1145574011,Titanfall® 2,580,0.1888
212,2098741842,EA SPORTS FC™ 24 Xbox One,579,0.1885
213,2128602192,Bluey: The Videogame,576,0.1875
214,1769729445,Dice A Million,570,0.1855
215,1976117247,Path of Titans (Game Preview),566,0.1842
216,1707431222,Jurassic World Evolution 3,565,0.1839
217,2131196662,Onimusha: Way of the Sword,565,0.1839
218,308654313,Overcooked! 2,557,0.1813
219,1744726864,Enlisted,555,0.1806
220,2053555152,Yu-Gi-Oh! Master Duel,546,0.1777
221,256364670,Battlefield™ V,543,0.1767
222,1854680102,Delta Force,536,0.1745
223,219630713,Halo 5: Guardians,534,0.1738
224,339148107,Insurgency: Sandstorm (Windows),534,0.1738
225,2108722049,Resident Evil Village,534,0.1738
226,1722781084,LEGO® Batman™: Legacy of the Dark Knight,532,0.1732
227,651668093,RESIDENT EVIL 7 biohazard,531,0.1728
228,1096157387,Modern Warfare® 3,525,0.1709
229,1702731390,Supermarket Simulator,518,0.1686
230,530462567,The Witcher 3: Wild Hunt — Remastered,517,0.1683
231,1766989558,MLB® The Show™ 25,515,0.1676
232,1852502655,EA SPORTS FC™ 24 Xbox Series X|S,507,0.165
233,1667928394,Halo Wars 2,505,0.1644
234,1730971667,7 Days to Die - Console Edition (Game Preview),500,0.1627
235,2025121273,Wuthering Waves,500,0.1627
236,1792557898,Moonlighter 2: The Endless Vault,498,0.1621
237,183968596,UNO™,498,0.1621
238,2106583887,TEKKEN 8,497,0.1618
239,1780788060,Dune: Awakening,494,0.1608
240,345903534,Minecraft: Xbox One Edition,489,0.1592
241,1684508835,"Warhammer 40,000: Darktide",489,0.1592
242,1096157207,Modern Warfare® 2,486,0.1582
243,796798669,Call of Duty®: Infinite Warfare,483,0.1572
244,470244957,LEGO Marvel Super Heroes,481,0.1566
245,1658822323,Where Winds Meet,480,0.1562
246,794552001,The Binding of Isaac: Rebirth,479,0.1559
247,1890326099,Mistfall Hunter,474,0.1543
248,1712139951,The Royal Writ,473,0.154
249,1938832846,STAR WARS Jedi: Survivor™,470,0.153
250,308190374,LEGO® Star Wars™: The Skywalker Saga,468,0.1523
251,556718860,Assassin's Creed IV Black Flag,461,0.1501
252,1738914043,Assassin's Creed Shadows,460,0.1497
253,1096157212,Call of Duty®: WaW,456,0.1484
254,1829869520,Gears of War: Reloaded,456,0.1484
255,502034863,Assassin's Creed Origins,448,0.1458
256,1204533074,Borderlands 2,446,0.1452
257,1769971395,Clair Obscur: Expedition 33,444,0.1445
258,1814675537,Grand Theft Auto: San Andreas – The Definitive Edition,436,0.1419
259,1028735742,NARUTO SHIPPUDEN™: Ultimate Ninja® STORM 4,434,0.1413
260,1794767034,NBA 2K25 for Xbox Series X|S,433,0.1409
261,1646978734,Police Simulator: Patrol Officers,433,0.1409
262,1695979902,The Elder Scrolls IV: Oblivion Remastered,425,0.1383
263,1484511986,Battlefield 4,421,0.137
264,1753744295,"Little Kitty, Big City",418,0.1361
265,2090892978,Farming Simulator 22,413,0.1344
266,2114908664,Quarantine Zone: The Last Check,413,0.1344
267,1891953464,CloverPit,412,0.1341
268,2014590773,Car Mechanic Simulator 2021,404,0.1315
269,1841062643,Hunt: Showdown 1896,404,0.1315
270,1936845110,Cities: Skylines - Remastered,403,0.1312
271,1161890004,Left 4 Dead 2,403,0.1312
272,1902585111,DOOM: The Dark Ages,402,0.1308
273,1615991113,New MONOPOLY®,399,0.1299
274,504085184,The Crew® 2,397,0.1292
275,1695638358,Vampire Survivors,396,0.1289
276,756981192,Borderlands 3,395,0.1286
277,869175187,A Way Out,393,0.1279
278,1297287213,Gears of War 2,390,0.1269
279,56347639,Spyro™ Reignited Trilogy,385,0.1253
280,1985019983,Crash Bandicoot™ 4: It’s About Time,382,0.1243
281,1680544459,Dying Light: The Beast,381,0.124
282,1739902381,PBA Pro Bowling 2026,376,0.1224
283,15959542,DRAGON BALL FIGHTERZ (Xbox Series X|S),375,0.1221
284,1876942993,Gladio Mori Demo,371,0.1208
285,1768256893,FINAL FANTASY VII REMAKE INTERGRADE,366,0.1191
286,608369389,FAR CRY PRIMAL,364,0.1185
287,1931947471,Persona 5 Royal,363,0.1182
288,226054795,MONSTER HUNTER: WORLD™,362,0.1178
289,2098787950,Age of Empires IV: Anniversary Edition,353,0.1149
290,666757656,Rayman Legends,353,0.1149
291,1998461943,Assassin's Creed Unity,349,0.1136
292,2111829961,Hell Let Loose,347,0.1129
293,1623704813,DEATH STRANDING DIRECTOR'S CUT,346,0.1126
294,1777860928,Microsoft Flight Simulator (2020),344,0.112
295,1645215415,Mortal Shell II,344,0.112
296,2132429347,Risk of Rain 2,344,0.112
297,1833503116,MARVEL Cosmic Invasion,343,0.1116
298,1480657407,Plants vs. Zombies,343,0.1116
299,2041941014,Diablo® II: Resurrected™,342,0.1113
300,568218779,Resident Evil 5,340,0.1107
301,2019012309,Star Wars Outlaws,340,0.1107
302,2106872096,Battlefield™ 2042 Xbox Series X|S,336,0.1094
303,1892502964,Hades II,336,0.1094
304,790047319,Sekiro™: Shadows Die Twice - GOTY Edition,335,0.109
305,834001943,Dying Light 2: Stay Human - Reloaded Edition,333,0.1084
306,2129637901,Shelldiver,333,0.1084
307,2005028938,S.T.A.L.K.E.R. 2: Heart of Chornobyl - Windows Edition,332,0.1081
308,1894513996,CarX Street,331,0.1077
309,2113731956,Disney Speedstorm,330,0.1074
310,1994003829,EA SPORTS™ FIFA 23 Standard Edition Xbox One,330,0.1074
311,1948986948,007 First Light,327,0.1064
312,422207632,Castle Crashers Remastered,326,0.1061
313,165599118,Prominence Poker,326,0.1061
314,2031971566,A Game About Digging A Hole™,325,0.1058
315,1631329360,Pixel Strike 3D,325,0.1058
316,828985924,Resident Evil 6,325,0.1058
317,1747946954,Construction Simulator,322,0.1048
318,1367952835,Far Cry® 4,321,0.1045
319,2077953041,Clone Drone in the Danger Zone,320,0.1042
320,1965142613,Golf With Your Friends,317,0.1032
321,125226722,DARK SOULS™: REMASTERED,315,0.1025
322,1857530883,NASCAR 25,314,0.1022
323,1832051520,Crime Scene Cleaner,313,0.1019
324,1902411725,Hell is Us,311,0.1012
325,872826607,Vigor,311,0.1012
326,1998069249,WWE 2K25 for Xbox Series X|S,311,0.1012
327,1813567768,Roadside Research (Game Preview),308,0.1003
328,1687588412,Street Fighter™ 6,308,0.1003
329,2064168993,Age of Empires II: Definitive Edition,307,0.0999
330,1821999049,High On Life 2,304,0.0989
331,1873615541,Pool Blitz,304,0.0989
332,341687485,3on3 FreeStyle,303,0.0986
333,1965191913,F1® 24,303,0.0986
334,2031804130,Red Dead Redemption,303,0.0986
335,770775860,RESIDENT EVIL 3 for Windows,303,0.0986
336,1877908426,Tony Hawk's™ Pro Skater™ 3 + 4,303,0.0986
337,1192666733,Mafia III,302,0.0983
338,1731202267,Need for Speed™ Unbound,302,0.0983
339,1041486048,DARK SOULS™ III,301,0.098
340,1651188120,Path of Exile 2 (Game Preview),300,0.0976
341,1911989187,Football Manager 26 Console,299,0.0973
342,2093153073,Party Animals,298,0.097
343,2054685746,Mass Effect™ Legendary Edition,297,0.0967
344,1962559957,KINGDOM HEARTS - HD 1.5+2.5 ReMIX -,294,0.0957
345,1972063516,Sifu,292,0.095
346,514006173,Batman: Return to Arkham - Arkham City,290,0.0944
347,2117764661,Diablo III: Reaper of Souls – Ultimate Evil Edition,290,0.0944
348,2078275456,Content Warning,289,0.0941
349,749311689,Plants vs. Zombies: Battle for Neighborville™,289,0.0941
350,1808064759,FIFA 22 Xbox One,288,0.0937
351,1946103811,Aliens: Fireteam Elite 2,287,0.0934
352,1643147108,Blood Dungeon,287,0.0934
353,2083870981,Who's Your Daddy?!,286,0.0931
354,585771792,WATCH_DOGS™,283,0.0921
355,68553410,Kingdom Come: Deliverance,282,0.0918
356,2057463803,The Texas Chain Saw Massacre,282,0.0918
357,1901146690,Abyssus,281,0.0915
358,837917131,Deep Rock Galactic,281,0.0915
359,1112737749,Fallout 3,281,0.0915
360,1703229686,Split Fiction,281,0.0915
361,1465674891,Assetto Corsa,278,0.0905
362,572802557,Call of Duty®: Ghosts,278,0.0905
363,320504455,Middle-earth™: Shadow of War™,273,0.0889
364,980944365,Need for Speed™,273,0.0889
365,1922283524,Goat Simulator 3: Xbox One Edition,271,0.0882
366,1711563707,House Flipper,271,0.0882
367,1414793208,MCLA: Complete,271,0.0882
368,680942588,STAR WARS Jedi: Fallen Order™,271,0.0882
369,367254866,Sleeping Dogs™ Definitive Edition,270,0.0879
370,2038093666,MAVRIX by Matt Jones,269,0.0876
371,1687693597,Assetto Corsa Competizione,265,0.0863
372,1885511808,Date Everything!,264,0.0859
373,1631010499,GOALS,264,0.0859
374,813411968,LEGO® Marvel Super Heroes 2,264,0.0859
375,514291876,Assassin's Creed® The Ezio Collection,262,0.0853
376,1621683201,Dragon's Dogma 2,260,0.0846
377,1740172423,Totally Reliable Delivery Service,260,0.0846
378,244291844,Far Cry 3 Classic Edition,259,0.0843
379,831224608,Need for Speed™ Payback,259,0.0843
380,1657391528,NBA 2K25 for Xbox One,258,0.084
381,810101074,Dead Cells,257,0.0837
382,1879115757,Trackmania®,257,0.0837
383,20391045,Batman: Return to Arkham - Arkham Asylum,255,0.083
384,1289871275,Forza Horizon 3,255,0.083
385,2067022016,Call of the Wild: The Angler™,254,0.0827
386,739464821,South Park™: The Fractured but Whole™,253,0.0823
387,1806088999,Monsters are Coming!,252,0.082
388,2010328709,Assassin's Creed® Mirage,246,0.0801
389,1890942970,NASCAR 26,245,0.0797
390,945976112,Rush: A DisneyPixar Adventure,245,0.0797
391,247546985,Destiny,244,0.0794
392,1955966351,Black Myth: Wukong,243,0.0791
393,1874191487,High On Life,243,0.0791
394,2083429980,Nickelodeon All-Star Brawl 2,243,0.0791
395,1693391830,SpongeBob SquarePants™: The Patrick Star Game,243,0.0791
396,300763685,ACE COMBAT™ 7: SKIES UNKNOWN,240,0.0781
397,1013969466,NARUTO TO BORUTO: SHINOBI STRIKER,240,0.0781
398,2068332202,Abiotic Factor,238,0.0775
399,331135949,DOOM Eternal (BATTLEMODE),238,0.0775
400,1616563209,FragPunk,236,0.0768
401,2011136108,Medieval Dynasty,236,0.0768
402,1790216132,Hades,234,0.0762
403,1799887933,The Witcher 3: Wild Hunt,234,0.0762
404,640703885,LEGO® Marvel's Avengers,233,0.0758
405,2008403666,Dead Space,232,0.0755
406,1652862446,Super Mega Baseball™ 4,232,0.0755
407,895890707,ULTIMATE MARVEL VS. CAPCOM 3,232,0.0755
408,2056732620,Escape Simulator,231,0.0752
409,1479895282,PAYDAY 2: CRIMEWAVE EDITION,231,0.0752
410,1690524168,Wo Long: Fallen Dynasty,231,0.0752
411,830718665,DRAGON BALL Z: KAKAROT,230,0.0749
412,1660320477,Undertale,229,0.0745
413,1971845611,Mount & Blade II: Bannerlord,228,0.0742
414,860666361,Plants vs. Zombies Garden Warfare,227,0.0739
415,875417719,Call of Duty®: Advanced Warfare,223,0.0726
416,1297287892,Conker: Live and Reloaded,223,0.0726
417,1611051325,Grand Theft Auto: Vice City – The Definitive Edition,223,0.0726
418,1997252569,Need for Speed™ Hot Pursuit Remastered,222,0.0723
419,2138304024,Rec Room,222,0.0723
420,625948041,Slime Rancher,222,0.0723
421,1676173709,Wizard101,222,0.0723
422,1030018025,Halo Wars: Definitive Edition (PC),221,0.0719
423,1560034050,Assassin's Creed Syndicate,219,0.0713
424,1921177861,Marathon,219,0.0713
425,1414793242,Bully Scholarship Ed.,216,0.0703
426,148020354,METAL GEAR SOLID V: THE PHANTOM PAIN,216,0.0703
427,1947812162,WWE 2K25 for Xbox One,214,0.0697
428,1922695178,PlateUp!,213,0.0693
429,1134837784,SMITE,213,0.0693
430,1792227428,Indiana Jones and the Great Circle,212,0.069
431,1175562227,Just Cause 3,212,0.069
432,1045960524,Metro Exodus,212,0.069
433,655591242,Far Cry® New Dawn,210,0.0684
434,1863849961,Palia,210,0.0684
435,1747676401,Planet Coaster 2,210,0.0684
436,1961670808,UFL,210,0.0684
437,84790147,Watch Dogs®: Legion,210,0.0684
438,415563833,DiRT Rally 2.0,208,0.0677
439,859011533,Assassin's Creed® III Remastered,207,0.0674
440,1818602982,RoadCraft,207,0.0674
441,1646963350,NHL® 25 Xbox Series X|S,204,0.0664
442,1414793189,Civilization Revolution,202,0.0657
443,2008623143,NINJA GAIDEN 4,201,0.0654
444,568182861,ASTRONEER,200,0.0651
445,2154930,Call of Duty®: Modern Warfare® Remastered,199,0.0648
446,921016611,Crossout,199,0.0648
447,2133578420,FINAL FANTASY VII REBIRTH,199,0.0648
448,2037558339,My Friend Peppa Pig,199,0.0648
449,939455454,resident evil 4 (2005),199,0.0648
450,265691378,STEEP,199,0.0648
451,1999574456,Forza Motorsport 7,196,0.0638
452,2041142160,Maximum Football,196,0.0638
453,801251286,Stick Fight: The Game,196,0.0638
454,1037514907,Burnout™ Paradise Remastered,195,0.0635
455,2128546794,NARUTO X BORUTO Ultimate Ninja STORM CONNECTIONS,195,0.0635
456,1855426799,FINAL FANTASY XIV Online,193,0.0628
457,847310458,South Park™: The Stick of Truth ™,193,0.0628
458,1988609509,PGA TOUR 2K23,192,0.0625
459,1995576035,Remnant II® - Standard Edition,191,0.0622
460,1848927238,BALL x PIT,190,0.0618
461,1989106096,Sid Meier’s Civilization® VI (Windows PC),189,0.0615
462,945909358,Subnautica,188,0.0612
463,74304278,Tom Clancy’s The Division,188,0.0612
464,1952300170,Battlefield™ 2042 Xbox One,187,0.0609
465,1414596604,Saints Row 2,186,0.0605
466,1766089184,GoldenEye 007,184,0.0599
467,1327376519,DOOM,182,0.0592
468,690285705,The Long Dark,182,0.0592
469,2085228810,EA SPORTS™ WRC,181,0.0589
470,868192693,Gotham Knights,181,0.0589
471,2089483628,A Plague Tale: Requiem,180,0.0586
472,1619206606,Active Matter,180,0.0586
473,2028925271,Trepang2,180,0.0586
474,1641858093,Albion Online,179,0.0583
475,384396065,Unravel Two,179,0.0583
476,2019604779,Cricket 26 - The Official Game of the Ashes,178,0.0579
477,1855780914,DreamWorks Gabby’s Dollhouse: Ready to Party,178,0.0579
478,1933718863,SUPERHOT: MIND CONTROL DELETE,178,0.0579
479,1877522801,Age of Mythology: Retold,177,0.0576
480,1749127985,Madden NFL 24 Xbox One,177,0.0576
481,1414793259,Red Dead Redemption,177,0.0576
482,2111887267,Sonic Racing: CrossWorlds,175,0.057
483,862712929,Star Trek Online,174,0.0566
484,1966276493,Satisfactory,173,0.0563
485,58472989,Killer Instinct,172,0.056
486,1065708874,Skull and Bones,171,0.0557
487,1887897476,Waterpark Simulator,171,0.0557
488,2075317023,Absolum,169,0.055
489,1865076226,MLB® The Show™ 24 Xbox One,169,0.055
490,1994868821,Predecessor,168,0.0547
491,1793309125,WWE 2K24,168,0.0547
492,1297287125,Gears of War,167,0.0544
493,1781344339,Control Ultimate Edition - Xbox Series X|S,166,0.054
494,531437752,Rogue Company,166,0.054
495,1935490407,Little Nightmares Enhanced Edition,165,0.0537
496,143716413,Dragon Age™: The Veilguard,163,0.0531
497,2142027917,Fallout Shelter,163,0.0531
498,1475571605,Gears of War: Ultimate Edition,163,0.0531
499,2079193177,The Lord of the Rings: War in the North™ - Legacy Edition,163,0.0531
500,2046562785,Avowed,162,0.0527
501,627891457,Little Nightmares II Enhanced Edition,162,0.0527
502,1000604311,Resident Evil Revelations 2 (Episode One),162,0.0527
503,69094388,EA SPORTS™ FIFA 17,161,0.0524
504,935319545,FIFA 19,159,0.0518
505,1938336894,Sledders,157,0.0511
506,1981403899,Wolfenstein: The New Order,157,0.0511
507,433376346,FIFA 18,156,0.0508
508,1918441274,MONOPOLY PLUS,156,0.0508
509,1879711255,The Outer Worlds 2,156,0.0508
510,1679564487,Outbound,155,0.0505
511,1840066568,Pigeon Simulator,155,0.0505
512,1955542194,Grand Theft Auto III – The Definitive Edition,154,0.0501
513,1414793323,Max Payne 3,154,0.0501
514,1953745880,Roboquest,154,0.0501
515,1880561613,Madden NFL 24 Xbox Series X|S,153,0.0498
516,1681220621,STAR WARS™ Battlefront™,153,0.0498
517,2038330799,Aimlabs,152,0.0495
518,1297287718,Gears of War: Judgment,151,0.0491
519,1649064189,World of Tanks: HEAT,151,0.0491
520,1793764669,Zombie Army 4: Dead War,151,0.0491
521,954605110,Assassin’s Creed® Rogue Remastered,150,0.0488
522,196631666,EA SPORTS™ FIFA 20,150,0.0488
523,2130778777,Train Sim World® 7: Free Starter Edition,150,0.0488
524,748474487,Cities: Skylines - Windows 10 Edition,149,0.0485
525,309834943,Wheel Of Fortune®,149,0.0485
526,1907796436,DREDGE,148,0.0482
527,956568979,Need for Speed Rivals,148,0.0482
528,1708767297,Ryse: Son of Rome,148,0.0482
529,1792405589,Sledding Game,148,0.0482
530,407534069,Neverwinter,147,0.0478
531,2081484036,Superliminal,147,0.0478
532,210179407,Back 4 Blood,146,0.0475
533,2004071321,Black Desert - XBOX Series X|S Upgrade Install Pack,146,0.0475
534,1480657521,Doritos Crash Course,146,0.0475
535,1012216522,Just Cause 4,146,0.0475
536,975846135,LEGO® DC Super-Villains,146,0.0475
537,1964043658,Mafia II: Definitive Edition,146,0.0475
538,1785898011,Sid Meier’s Civilization® VII,146,0.0475
539,597771444,Gems of War,145,0.0472
540,1297287815,Fable Anniversary,144,0.0469
541,1653442250,ROUNDS,144,0.0469
542,1795379754,The Walking Dead: The Complete First Season,144,0.0469
543,1251455286,Metro 2033 Redux,143,0.0465
544,453395486,Ultimate Chicken Horse,143,0.0465
545,1949242128,SILENT HILL 2,142,0.0462
546,1830806796,METAL GEAR SOLID 4: Guns of the Patriots - Master Collection Version,141,0.0459
547,1540549950,DARK SOULS™ II: Scholar of the First Sin,140,0.0456
548,346797032,MX vs ATV All Out,140,0.0456
549,2041731932,Cult of the Lamb,139,0.0452
550,1714795112,DOOM + DOOM II,139,0.0452
551,1297287382,Fable III,139,0.0452
552,416597888,Hungry Shark® World,139,0.0452
553,1984504844,Bleach: Brave Souls Anime Game,138,0.0449
554,1265757851,Trials Fusion,138,0.0449
555,2110784425,Frog Sqwad,137,0.0446
556,1736384528,Ben 10: Power Trip,136,0.0443
557,366337421,Borderlands: Game of the Year Edition,135,0.0439
558,791545701,Goat Simulator,135,0.0439
559,583749034,SOULCALIBUR VI,134,0.0436
560,2037306298,Mafia: Definitive Edition for XBOX Series X|S,133,0.0433
561,1670311038,Persona 3 Reload,133,0.0433
562,1768081511,Crusader Kings III,132,0.043
563,1297287153,Fable II,131,0.0426
564,1947019474,ScootX,131,0.0426
565,2029730324,Mad Max,130,0.0423
566,1874517142,Retro Classics,130,0.0423
567,2132785815,Wolfenstein® II: The New Colossus™,130,0.0423
568,1880835530,Atomfall,129,0.042
569,1046363979,Rise of the Tomb Raider,129,0.042
570,1911508378,RoboCop: Rogue City,129,0.042
571,5433956,Dead Island Definitive Edition,128,0.0417
572,357858858,KINGDOM HEARTS Ⅲ,128,0.0417
573,1112934455,Star Wars Battlefront II,128,0.0417
574,1645572933,Starlit Kart Racing,128,0.0417
575,2120287235,Truck World: Australia - First Haul,128,0.0417
576,1674901200,Inscryption,127,0.0413
577,199746733,Conan Exiles,126,0.041
578,2032762484,Descenders Next (Game Preview),126,0.041
579,2071676002,EA SPORTS™ FIFA 23 Standard Edition Xbox Series X|S,126,0.041
580,1414793400,Grand Theft Auto: San Andreas,126,0.041
581,1825113946,PowerWash Simulator,126,0.041
582,724369121,Saints Row,126,0.041
583,1792306481,Starsand Island,126,0.041
584,2021412862,Raft,125,0.0407
585,2030752353,The Binding of Isaac: Repentance,125,0.0407
586,1795554480,Barbie™ Horse Trails,124,0.0404
587,1700051314,Deceit 2,124,0.0404
588,256913032,TEKKEN 7,124,0.0404
589,2131572088,Evil West,123,0.04
590,913783821,Shadow of the Tomb Raider,123,0.04
591,2069221794,Solarpunk,123,0.04
592,645502086,The Four Kings Casino and Slots,123,0.04
593,1989637637,Cooking Simulator,122,0.0397
594,2103789015,Monster Hunter Rise,122,0.0397
595,2045404355,Dome Keeper,121,0.0394
596,1830077453,FINAL FANTASY RESONANCE DEMO,121,0.0394
597,1714434521,Firefighting Simulator - The Squad,121,0.0394
598,34441781,Saints Row The Third Remastered,121,0.0394
599,1029888556,LEGO® Jurassic World™,120,0.0391
600,19060482,Trials® Rising,120,0.0391
601,59903186,Call of Duty®: Modern Warfare® 2 Campaign Remastered,119,0.0387
602,1673618851,Egging On,119,0.0387
603,976905576,Dragon Age™: Inquisition,118,0.0384
604,1698419011,Stellaris: Console Edition (X|S),118,0.0384
605,2109806164,World of Outlaws: Dirt Racing 24,118,0.0384
606,1911743947,wormer,118,0.0384
607,1161889999,Dante's Inferno™,117,0.0381
608,1970734247,NHL® 24 Xbox One,117,0.0381
609,682404126,Paladins,117,0.0381
610,144439061,The Evil Within,117,0.0381
611,551688870,XCOM® 2,117,0.0381
612,1689241275,Black Jacket,116,0.0378
613,1670026911,BMX Streets,116,0.0378
614,924775200,Devil May Cry 5,116,0.0378
615,1837410971,NARAKA: BLADEPOINT,116,0.0378
616,1734440333,Avatar Legends: The Fighting Game,115,0.0374
617,1279330263,LEGO Star Wars: TCS,115,0.0374
618,826545257,Tomb Raider: Definitive Edition,115,0.0374
619,2076120890,Deep Rock Galactic: Survivor,114,0.0371
620,1817185896,Easy Red 2,114,0.0371
621,850118036,Generation Zero®,114,0.0371
622,1684896411,Off The Grid (Game Preview),114,0.0371
623,196423588,Outlast,114,0.0371
624,964214247,Saints Row IV: Re-Elected,114,0.0371
625,2145202828,Tricking 0,114,0.0371
626,93105265,Friday the 13th: The Game,113,0.0368
627,2016984284,Onimusha: Way of the Sword DEMO,113,0.0368
628,1712074146,WUCHANG: Fallen Feathers,113,0.0368
629,1161890070,Alice: Madness Returns,111,0.0361
630,530599647,Homefront®: The Revolution,111,0.0361
631,1803631176,MechWarrior 5: Mercenaries,111,0.0361
632,1096157158,Modern Warfare®,111,0.0361
633,2040766801,Test Drive Unlimited Solar Crown,111,0.0361
634,367004125,BioShock Remastered,109,0.0355
635,2123297300,JoJo's Bizarre Adventure: All-Star Battle R,109,0.0355
636,1903138273,Sonic Frontiers,109,0.0355
637,1678781072,DayZ - Experimental,108,0.0352
638,528369592,Devil May Cry HD Collection,108,0.0352
639,2081060870,Maneater,108,0.0352
640,1278031123,Resident Evil,108,0.0352
641,2042794389,Demon Slayer -Kimetsu no Yaiba- The Hinokami Chronicles 2,107,0.0348
642,1480657033,Peggle,106,0.0345
643,2145964960,Dispatch,105,0.0342
644,102287491,Marvel's Avengers Definitive Edition,105,0.0342
645,2111261461,NBA 2K24 for Xbox One,105,0.0342
646,1694054782,Forza Motorsport 6,104,0.0339
647,2092327513,Gladio Mori,104,0.0339
648,1725517447,House Flipper 2,104,0.0339
649,101393300,LEGO® Batman™ 3: Beyond Gotham,104,0.0339
650,1621567212,ROUTINE,104,0.0339
651,1112934373,Toy Story 3,104,0.0339
652,2142076307,Anno 1800™,103,0.0335
653,511110146,Metro: Last Light Redux,103,0.0335
654,848717329,Peggle 2,103,0.0335
655,2051131113,TopSpin 2K25,103,0.0335
656,819720203,JUMP FORCE,102,0.0332
657,2029805012,MultiVersus,102,0.0332
658,2042908226,Rugby League 26,102,0.0332
659,767263759,Rock Band 4,101,0.0329
660,1161890128,Battlefield 3™,100,0.0325
661,1246613109,Borderlands: The Pre-Sequel,100,0.0325
662,2068802336,Drift Legends 2,100,0.0325
663,1761289795,FIFA 21 Xbox One,100,0.0325
664,423941531,LEGO® Harry Potter™ Collection,100,0.0325
665,1912255927,Ultimate Sheep Raccoon,100,0.0325
666,482947130,Clicker Heroes,99,0.0322
667,1880089265,Guilty Gear -Strive-,99,0.0322
668,605932637,Hello Neighbor,99,0.0322
669,286851285,LEGO Marvel Super Heroes Demo,99,0.0322
670,1947900602,Like a Dragon: Infinite Wealth,99,0.0322
671,148078765,Madden NFL 20,99,0.0322
672,2090474684,Poppy Playtime: Chapter 1,99,0.0322
673,409741425,Worms W.M.D,99,0.0322
674,1480659550,Joy Ride Turbo,98,0.0319
675,290870045,SpeedRunners,98,0.0319
676,278981929,[PROTOTYPE®],97,0.0316
677,301917535,Battlefield™ Hardline,97,0.0316
678,1480659632,Call of Juarez® Gunslinger,97,0.0316
679,1923160643,Dead Rising 3,97,0.0316
680,1884682689,Five Nights at Freddy's: Security Breach,97,0.0316
681,1949704395,Green Hell Xbox Series X|S,97,0.0316
682,527255540,Dishonored 2,96,0.0312
683,1916758859,Donut County,96,0.0312
684,1940322572,Five Nights at Freddy's,96,0.0312
685,2110891029,KILL IT WITH FIRE! 2,96,0.0312
686,1480659458,Sonic Adventure™ 2 ,96,0.0312
687,1900324293,Wo Long 2: Wings of Ember Alpha Demo,96,0.0312
688,1720075101,Mafia: Definitive Edition for XBOX One,95,0.0309
689,1590411380,Mass Effect™: Andromeda,95,0.0309
690,1735182051,SONIC X SHADOW GENERATIONS,95,0.0309
691,1777668222,GRID Legends,94,0.0306
692,1957137539,Rabbids®: Party of Legends,94,0.0306
693,884612576,Sonic Mania,94,0.0306
694,2083389920,Crimson Moon,93,0.0303
695,504518218,L.A. Noire,93,0.0303
696,1853524575,Mafia: The Old Country,93,0.0303
697,1777477395,MLB® The Show™ 21 Xbox Series X | S,93,0.0303
698,1617248429,REANIMAL,93,0.0303
699,1669281297,War Robots: Frontiers,93,0.0303
700,1679168855,A Quiet Place: The Road Ahead,92,0.0299
701,1480657456,BattleBlock Theater,92,0.0299
702,1632796682,DC Universe Online for Xbox Series X|S,92,0.0299
703,1805657529,Dumb Ways to Build,92,0.0299
704,2047911802,For The King II,92,0.0299
705,1297287254,Fuzion Frenzy®,92,0.0299
706,1748418988,Mewgenics,92,0.0299
707,885488152,INSIDE,91,0.0296
708,1777341064,The Outer Worlds: Spacer's Choice Edition,91,0.0296
709,2056583125,BlazBlue Entropy Effect X,90,0.0293
710,1464993833,Injustice: Gods Among Us,90,0.0293
711,1009393042,Middle-earth™: Shadow of Mordor™ - Game of the Year Edition,90,0.0293
712,1912862912,Sniper Elite: Resistance,90,0.0293
713,1743309413,Super Meat Boy 3D,90,0.0293
714,119262432,The Jackbox Party Pack 3,90,0.0293
715,2109344129,FINAL FANTASY XV WINDOWS EDITION,89,0.029
716,1663711933,FINAL FANTASY XVI,89,0.029
717,1889714780,Lords of the Fallen,89,0.029
718,2143306487,NBA 2K23 for Xbox One,89,0.029
719,1931679945,2XKO,88,0.0286
720,1693830737,Alan Wake 2,88,0.0286
721,2079828144,Holdfast: Nations At War,88,0.0286
722,1464993815,LEGO® Batman™ 2,88,0.0286
723,1997535850,SpiderHeck,88,0.0286
724,759485819,The Escapists 2,88,0.0286
725,422246343,Tom Clancy’s Rainbow Six® Extraction,88,0.0286
726,1846016063,"Warhammer 40,000: Rogue Trader",88,0.0286
727,1814244511,Nine Sols,87,0.0283
728,33936946,Zoo Tycoon: Ultimate Animal Collection,87,0.0283
729,791051466,Disneyland Adventures,86,0.028
730,5117102,HITMAN™ 2,86,0.028
731,2019267377,Madden NFL 23 Xbox One,86,0.028
732,1884079219,Slime Rancher 2,86,0.028
733,1397032978,SONIC UNLEASHED,86,0.028
734,2097321401,Blue Prince,85,0.0277
735,1923279922,Marvel's Guardians of the Galaxy,85,0.0277
736,136002788,Farming Simulator 19,84,0.0273
737,446059611,Forza Horizon 2,84,0.0273
738,1616046491,Gears Tactics - Base Game,83,0.027
739,1263405066,METAL GEAR RISING: REVENGEANCE,83,0.027
740,1616307670,PAYDAY 3,83,0.027
741,2011061477,PRAGMATA,83,0.027
742,1767703473,Tony Hawk's™ Pro Skater™ 1 + 2,83,0.027
743,1480657236,Banjo-Kazooie,82,0.0267
744,1161889840,Left 4 Dead,82,0.0267
745,1464993751,LEGO Batman,82,0.0267
746,2115352193,Pacific Drive,82,0.0267
747,1694250070,Super Animal Royale,82,0.0267
748,1007715169,Warhammer: Vermintide 2,82,0.0267
749,2135464087,Bellwright,81,0.0264
750,1659464109,Elite Dangerous Core,81,0.0264
751,1100121502,Dishonored® Definitive Edition,80,0.026
752,504827243,Life Is Strange,80,0.026
753,903593533,Path of Exile,80,0.026
754,2083118773,REPLACED,80,0.026
755,1771004118,Sniper Elite 5,80,0.026
756,1822990481,BLEACH Rebirth of Souls,79,0.0257
757,1161890015,Dead Space™ 2,79,0.0257
758,1727396789,FINAL FANTASY,79,0.0257
759,1297287625,Forza Horizon,79,0.0257
760,108727346,Suicide Squad: Kill the Justice League,79,0.0257
761,2094668331,Tamashika,79,0.0257
762,1639060910,Minecraft Legends - Windows,78,0.0254
763,1997201494,Aliens: Fireteam Elite,77,0.0251
764,401515813,Enter The Gungeon,77,0.0251
765,2103079736,Hamster Playground,77,0.0251
766,859843286,Hellblade: Senua's Sacrifice,77,0.0251
767,2110974782,MARVEL vs. CAPCOM Fighting Collection: Arcade Classics,77,0.0251
768,1751185882,METAL GEAR SOLID Δ: SNAKE EATER,77,0.0251
769,1112737785,Morrowind,77,0.0251
770,2053707080,NINJA GAIDEN 2 Black,77,0.0251
771,1579532320,Sunset Overdrive,77,0.0251
772,1935604508,Train Sim World® 5: Free Starter Pack,77,0.0251
773,1911932812,DIRT 5,76,0.0247
774,1691448998,Farm Together 2,76,0.0247
775,1908796053,NASCAR Heat 5,76,0.0247
776,1957310205,Streets of Rage 4,76,0.0247
777,25952469,Kingdom Two Crowns,75,0.0244
778,2136186351,MOTORSLICE,75,0.0244
779,1659804324,Ori and the Will of the Wisps,75,0.0244
780,2114772019,Poppy Playtime: Chapter 5,75,0.0244
781,1985144601,Stranded Deep,75,0.0244
782,2042287543,Aliens: Dark Descent,74,0.0241
783,1794989506,Crashout Crew,74,0.0241
784,333628240,Quantum Break,74,0.0241
785,100764563,Sniper Elite 4,74,0.0241
786,1886146911,Yet Another Zombie Survivors,74,0.0241
787,2141212892,33 Immortals,73,0.0238
788,1161889896,BLACK™,73,0.0238
789,1161889984,Dragon Age: Origins,73,0.0238
790,722006140,EA SPORTS™ UFC® 3,73,0.0238
791,1867148258,eFootball PES 2021 SEASON UPDATE,73,0.0238
792,1984358909,Expansion for Explorers Pack 1,73,0.0238
793,1297287259,Halo: Reach,73,0.0238
794,2056728314,inKONBINI: One Store. Many Stories,73,0.0238
795,2071061510,Lies of P,73,0.0238
796,1693050229,Madden NFL 22 Xbox One,73,0.0238
797,1480657103,Metal Slug 3,73,0.0238
798,1824138520,Mirror's Edge™ Catalyst,73,0.0238
799,1777116945,Moving Out 2,73,0.0238
800,2093000869,Slay The Spire,73,0.0238
801,1397033053,Sonic & All-Stars Racing Transformed,73,0.0238
802,821136798,DC Universe Online for Xbox One,72,0.0234
803,1813184195,Easy Delivery Co.,72,0.0234
804,2111369051,Fortress Merge,72,0.0234
805,693381002,LEGO® The Incredibles,72,0.0234
806,1713510228,RIDE 5,72,0.0234
807,2030027058,Wartales,72,0.0234
808,1161889784,Army of Two™,71,0.0231
809,1768466312,Poppy Playtime: Chapter 2,71,0.0231
810,907086072,Prey,71,0.0231
811,170773198,The Evil Within® 2,71,0.0231
812,1827287476,World of Outlaws: Dirt Racing,71,0.0231
813,1976275779,ARMORED CORE™ VI FIRES OF RUBICON™,70,0.0228
814,2052426459,EA SPORTS™ FIFA 16,70,0.0228
815,564131151,Kerbal Space Program Enhanced Edition,70,0.0228
816,1112934402,LEGO Pirates of the Caribbean: The Video Game,70,0.0228
817,398011207,LIMBO,70,0.0228
818,1946484624,Session: Skate Sim,70,0.0228
819,1983212679,Bloons TD 6,69,0.0225
820,1022544763,HITMAN™,69,0.0225
821,1741206400,Little Nightmares III,69,0.0225
822,1970109802,Madden NFL 21 Xbox One,69,0.0225
823,87350449,NieR:Automata™ BECOME AS GODS Edition,69,0.0225
824,2024220276,Phantasy Star Online 2 New Genesis,69,0.0225
825,1302301894,Powerstar Golf,69,0.0225
826,1397033032,Sonic Generations,69,0.0225
827,1480659422,The Walking Dead,69,0.0225
828,591371027,Trove,69,0.0225
829,1161890205,Dead Space™ 3,68,0.0221
830,1815914144,Grand Theft Auto V Enhanced (PC),68,0.0221
831,1112737745,Oblivion,68,0.0221
832,1414596561,Saints Row,68,0.0221
833,1728296368,Vampire Crawlers: The Turbo Wildcard from Vampire Survivors,68,0.0221
834,1480657355,Wolfenstein 3D,68,0.0221
835,1858883035,CODE VEIN II,67,0.0218
836,1033937373,Don't Starve Together: Console Edition,67,0.0218
837,12206284,eFootball PES 2020,67,0.0218
838,654883159,The LEGO® NINJAGO® Movie Video Game,67,0.0218
839,1518572426,Trackmania® Turbo,67,0.0218
840,1159891781,Wolfenstein: The Old Blood,67,0.0218
841,2120976389,Banishers: Ghosts of New Eden,66,0.0215
842,386788672,Cars 3: Driven to Win,66,0.0215
843,2032937393,Cup Heroes,66,0.0215
844,1943631392,Digimon Story Time Stranger,66,0.0215
845,2067126551,Forza Motorsport 5,66,0.0215
846,217258585,Killing Floor 2,66,0.0215
847,2065981028,Rooftops & Alleys: The Parkour Game,66,0.0215
848,1161889811,skate.,66,0.0215
849,1797047526,Voidtrain,66,0.0215
850,217802058,Darkest Dungeon®,65,0.0212
851,1700344676,Ghostbusters: The Video Game Remastered,65,0.0212
852,1679434571,John Carpenter's Toxic Commando,65,0.0212
853,894121859,LEGO® MARVEL's Avengers DEMO,65,0.0212
854,1836827624,Mortal Shell II Open Beta,65,0.0212
855,2067705319,NBA 2K24 for Xbox Series X|S,65,0.0212
856,515050978,Rare Replay,65,0.0212
857,1801842805,Throne and Liberty,65,0.0212
858,1161889782, Medal of Honor Airborne,64,0.0208
859,1812456871,Battletoads,64,0.0208
860,760882151,CRSED: F.O.A.D.,64,0.0208
861,867642949,LEGO® Worlds,64,0.0208
862,105831487,NARUTO SHIPPUDEN™: Ultimate Ninja® STORM 3 Full Burst,64,0.0208
863,1161890066,Portal 2,64,0.0208
864,1935747145,Prototype®2,64,0.0208
865,1756421327,Teenage Mutant Ninja Turtles: Shredder's Revenge,64,0.0208
866,2012953823,WWE 2K22 for Xbox One,64,0.0208
867,60633334,7 Days to Die,63,0.0205
868,1970218801,Dead by Daylight Windows,63,0.0205
869,1855894998,Denshattack!,63,0.0205
870,1748951836,Disco Elysium - The Final Cut,63,0.0205
871,2137885631,FIFA 21 Xbox Series X|S,63,0.0205
872,1847979820,FIFA 22 Xbox Series X|S,63,0.0205
873,1727852104,FINAL FANTASY VI,63,0.0205
874,2120617189,Invincible VS,63,0.0205
875,1950263247,Mixtape,63,0.0205
876,231674300,The Walking Dead: Season Two,63,0.0205
877,31939361,The Walking Dead: The Final Season,63,0.0205
878,2021058326,Way of the Hunter,63,0.0205
879,1681140332,Aphelion,62,0.0202
880,1664487314,Football Manager 26,62,0.0202
881,1702196563,Frostpunk 2,62,0.0202
882,1712655251,Garten of Banban 1,62,0.0202
883,2054602571,Luna Abyss,62,0.0202
884,369157937,MARVEL VS. CAPCOM: INFINITE,62,0.0202
885,1464993789,Mortal Kombat,62,0.0202
886,852732437,State of Decay: Year-One,62,0.0202
887,1684061010,SWORN,62,0.0202
888,969381141,A Plague Tale: Innocence,61,0.0199
889,1715352825,Five Nights at Freddy's 2,61,0.0199
890,1668037164,FixForce,61,0.0199
891,668438210,LEGO® CITY Undercover,61,0.0199
892,856376259,NBA 2K19,61,0.0199
893,2107898177,NBA 2K21,61,0.0199
894,1900564739,New Super Lucky's Tale,61,0.0199
895,1949641254,TerraTech Legion,61,0.0199
896,1750701033,Tiny Tina's Wonderlands for Xbox Series X|S,61,0.0199
897,1967707787,War Robots,61,0.0199
898,699731308,BioShock Infinite: The Complete Edition,60,0.0195
899,951560105,Control,60,0.0195
900,1675325475,Drop Duchy - Complete Edition,60,0.0195
901,1835926818,Hellblade II: Senua's Saga,60,0.0195
902,1864882669,Persona 4 Golden,60,0.0195
903,1843641391,Quake,60,0.0195
904,1263405125,Silent Hill:  HD Collection,60,0.0195
905,2063484815,Train Sim World® 6: Free Starter Pack,60,0.0195
906,1115757811,Alien: Isolation,59,0.0192
907,1480659414,Bejeweled 3,59,0.0192
908,1096157436,Call of Duty®: Ghosts,59,0.0192
909,1619985048,Deadside,59,0.0192
910,1777438490,Devil May Cry 5 Special Edition,59,0.0192
911,1885859783,FATAL FURY: City of the Wolves,59,0.0192
912,1867652631,Firefighting Simulator: Ignite,59,0.0192
913,2084133512,Forza Horizon 4 Demo,59,0.0192
914,1812294496,Mecha BREAK,59,0.0192
915,2119739112,Monster Train 2,59,0.0192
916,1705990324,Space Engineers,59,0.0192
917,1974027100,Splash of Color,59,0.0192
918,1682965190,Stray,59,0.0192
919,1783517095,Beatdown City Survivors,58,0.0189
920,427070178,FINAL FANTASY X/X-2 HD Remaster,58,0.0189
921,964019698,Immortals Fenyx Rising™,58,0.0189
922,2028627076,Marvel's Midnight Suns for Xbox Series X|S,58,0.0189
923,1973065679,METAL GEAR SOLID: Peace Walker - Master Collection Version,58,0.0189
924,1613480279,NBA 2K20,58,0.0189
925,1667881927,Redfall,58,0.0189
926,1886320845,DAVE THE DIVER,57,0.0186
927,1860089403,Ghostwire: Tokyo,57,0.0186
928,1946419297,Jump Space (Game Preview),57,0.0186
929,1785174857,Spelunky 2,57,0.0186
930,1941663847,Starship Troopers: Extermination,57,0.0186
931,1128466428,SUPER STREETFIGHTER IV ARCADE EDITION,57,0.0186
932,1987589092,Surviving Mars: Relaunched,57,0.0186
933,282062756,The Walking Dead: A New Frontier - Episode 1,57,0.0186
934,1761802913,Total Chaos,57,0.0186
935,1890581353,Blasphemous,56,0.0182
936,1414793340,Borderlands 2,56,0.0182
937,2136041956,DOOM 64,56,0.0182
938,2113515818,MLB® The Show™ 23 Xbox Series X|S,56,0.0182
939,2119541613,Paint the Town Red,56,0.0182
940,1648684496,Sonic Origins,56,0.0182
941,1843596190,SPLITGATE: Arena Reloaded,56,0.0182
942,548623535,SpongeBob SquarePants: Battle for Bikini Bottom - Rehydrated,56,0.0182
943,1279330258,Star Wars: The Force Unleashed,56,0.0182
944,2116788151,The Mound: Omen of Cthulhu,56,0.0182
945,1777567504,Backrooms: Escape Together,55,0.0179
946,1690468494,DEATHLOOP,55,0.0179
947,1811494560,Demon Slayer -Kimetsu no Yaiba- The Hinokami Chronicles,55,0.0179
948,1687712929,Echoes of Aincrad,55,0.0179
949,2146838759,Gears of War: E-Day Multiplayer Beta,55,0.0179
950,2135594829,Jurassic World Evolution 2,55,0.0179
951,2092112354,Monster Jam™ Showdown,55,0.0179
952,2037306921,Poppy Playtime: Chapter 3,55,0.0179
953,1414596717,Saints Row®: The Third™ ,55,0.0179
954,1313671257,TEKKEN TAG TOURNAMENT 2,55,0.0179
955,1880818134,AFL 26,54,0.0176
956,1635275279,ICARUS: Console Edition,54,0.0176
957,2049727100,METAL GEAR SOLID - Master Collection Version,54,0.0176
958,643918998,NARUTO SHIPPUDEN™: Ultimate Ninja® STORM 4 Demo,54,0.0176
959,2104181770,The First Berserker: Khazan,54,0.0176
960,1843694822,The Quarry for Xbox Series X|S,54,0.0176
961,1479999542,Unravel,54,0.0176
962,995095203,Warface: Clutch,54,0.0176
963,974586226,We Happy Few,54,0.0176
964,2030524086,As Dusk Falls,53,0.0173
965,996030243,BioShock 2 Remastered,53,0.0173
966,1790217657,Five Nights at Freddy's 4,53,0.0173
967,506903100,Madden NFL 18,53,0.0173
968,1619790969,Minishoot' Adventures,53,0.0173
969,2098944426,MXGP 2021 - The Official Motocross Videogame,53,0.0173
970,2106204901,ONE PIECE: PIRATE WARRIORS 4(Xbox One),53,0.0173
971,472512000,Resident Evil Revelations,53,0.0173
972,1931911684,Shredders,53,0.0173
973,871098991,STAR WARS™: Squadrons,53,0.0173
974,1649441503,The Game of Life 2,53,0.0173
975,2079414802,CATAN® - Console Edition,52,0.0169
976,1270951403,Dead Rising 4,52,0.0169
977,1713885313,DPS IDLE 2,52,0.0169
978,1480657258,Hydro Thunder,52,0.0169
979,2098044337,Poppy Playtime: Chapter 4,52,0.0169
980,1128466461,Resident Evil Operation Raccoon City,52,0.0169
981,1704490079,South of Midnight,52,0.0169
982,1861545287,Tainted Grail: The Fall of Avalon,52,0.0169
983,1615232474,The Walking Dead: The Telltale Definitive Series,52,0.0169
984,1089570315,Devil May Cry 4 Special Edition,51,0.0166
985,1751733247,Doki Doki Literature Club Plus!,51,0.0166
986,1689264723,FIFA 15,51,0.0166
987,1050025307,Grand Theft Auto V,51,0.0166
988,1874376911,Splitgate,51,0.0166
989,1848367053,Star Trucker,51,0.0166
990,1941033112,Anno 117: Pax Romana,50,0.0163
991,274976276,ARCADE GAME SERIES: PAC-MAN,50,0.0163
992,869628338,Attack on Titan 2,50,0.0163
993,1633682783,BODYCAM 2026,50,0.0163
994,1161889989,Brütal Legend,50,0.0163
995,1668430766,Cities: Skylines II - PC Edition,50,0.0163
996,1297287132,Crackdown,50,0.0163
997,1898092029,Inops,50,0.0163
998,1951198596,NBA THE RUN,50,0.0163
999,1469186547,Resident Evil 0,50,0.0163
1000,155936527,Street Fighter 30th Anniversary Collection,50,0.0163
1001,2140283055,Baldur's Gate and Baldur's Gate II: Enhanced Editions,49,0.0159
1002,1096157137,Call of Duty® 2,49,0.0159
1003,1297287142,Halo 3,49,0.0159
1004,575414105,Life is Strange 2 - Episode 1,49,0.0159
1005,2132291580,NBA 2K22 for Xbox One,49,0.0159
1006,1830825388,SILENT HILL f,49,0.0159
1007,1928322650,Snooker Blitz,49,0.0159
1008,1480657445,Sonic Adventure,49,0.0159
1009,1480657498,Super Meat Boy,49,0.0159
1010,1910114469,Deadzone: Rogue,48,0.0156
1011,2097945335,F1® 23,48,0.0156
1012,1655760290,FEROCIOUS,48,0.0156
1013,1692871917,Frozen Free Fall: Snowball Fight,48,0.0156
1014,1070680307,MudRunner,48,0.0156
1015,1754663581,MULLET MADJACK,48,0.0156
1016,559544937,Ori and the Blind Forest: Definitive Edition,48,0.0156
1017,340920273,Overcooked,48,0.0156
1018,2072176568,Pinball FX,48,0.0156
1019,914276891,RAGE 2,48,0.0156
1020,2000011414,Starlit Adventures,48,0.0156
1021,1480656879,Zuma,48,0.0156
1022,1768031432,Car Dealer Simulator,47,0.0153
1023,1279330291,LEGO Star Wars III ,47,0.0153
1024,1656145947,Moonlighter,47,0.0153
1025,2087575977,MOUSE: P.I. For Hire,47,0.0153
1026,1987587652,Overcooked! All You Can Eat,47,0.0153
1027,1480657485,Space Invaders: IG,47,0.0153
1028,1726756158,Spiritfarer®: Farewell Edition,47,0.0153
1029,1890789689,The Casting of Frank Stone™,47,0.0153
1030,1297287154,Viva Piñata,47,0.0153
1031,1675226093,Blindfire,46,0.015
1032,1161889756,Burnout Revenge,46,0.015
1033,333701857,Mega Man X Legacy Collection,46,0.015
1034,2136035101,Monopoly Madness,46,0.015
1035,2000897177,Mortal Kombat: Legacy Kollection,46,0.015
1036,1650588295,OddBallers™,46,0.015
1037,521893123,ONE PIECE World Seeker,46,0.015
1038,717702870,OUTRIDERS,46,0.015
1039,1690934635,Planet of Lana II,46,0.015
1040,8769689,Ancestors: The Humankind Odyssey,45,0.0146
1041,1128466455,ASURA'S WRATH,45,0.0146
1042,1480657237,Banjo-Tooie,45,0.0146
1043,1943249498,Bluey's Happy Snaps,45,0.0146
1044,245236582,Celeste,45,0.0146
1045,1880193218,Century: Age of Ashes,45,0.0146
1046,1957968654,Destroy All Humans! - Clone Carnage,45,0.0146
1047,686783342,Divinity: Original Sin 2 - Definitive Edition,45,0.0146
1048,1775878547,DPS IDLE 2 (Xbox One),45,0.0146
1049,2092402415,Gallipoli,45,0.0146
1050,2014650813,Minecraft: Story Mode - Episode 1: The Order of the Stone,45,0.0146
1051,1414596731,MX vs. ATV Alive,45,0.0146
1052,587488276,Outlast 2,45,0.0146
1053,1728022534,Plants vs. Zombies™: Replanted,45,0.0146
1054,2028530104,Prince of Persia The Lost Crown,45,0.0146
1055,2075142437,Sonic Racing: CrossWorlds Demo,45,0.0146
1056,1848088335,Subnautica: Below Zero,45,0.0146
1057,1798733099,Teenage Mutant Ninja Turtles: Splintered Fate,45,0.0146
1058,1480657242,Trials HD,45,0.0146
1059,449394673,Vampyr,45,0.0146
1060,2094867598,XIII,45,0.0146
1061,1763444345,Aerial_Knight's DropShot,44,0.0143
1062,2027362653,Ascend to ZERO,44,0.0143
1063,907587004,Dead Island: Riptide Definitive Edition,44,0.0143
1064,1480656849,Hexic HD,44,0.0143
1065,1931921361,Monster Energy Supercross - The Official Videogame 5,44,0.0143
1066,1867295360,Monster Sanctuary,44,0.0143
1067,1696173302,RIDE 4,44,0.0143
1068,1431504903,TC's RainbowSix Vegas2,44,0.0143
1069,1668285033,The Exit 8,44,0.0143
1070,1793645165,THE KING OF FIGHTERS XV Standard Edition,44,0.0143
1071,1431505078,Tom Clancy’s Splinter Cell® Blacklist™,44,0.0143
1072,1634720918,Ultimate Custom Night,44,0.0143
1073,1431504852,Assassin's Creed,43,0.014
1074,1865197952,Boomerang Fu,43,0.014
1075,1723836102,Cookie Clicker,43,0.014
1076,1794039305,Coral Island,43,0.014
1077,1161889879,Dead Space™,43,0.014
1078,849613404,Dragon's Dogma: Dark Arisen,43,0.014
1079,696196977,DRAGON BALL XENOVERSE,43,0.014
1080,607966981,FINAL FANTASY VII,43,0.014
1081,2028249570,MIO: Memories in Orbit,43,0.014
1082,2046531735,Predator: Hunting Grounds,43,0.014
1083,2027691162,Resident Evil Requiem - Demo,43,0.014
1084,1161890157,SSX,43,0.014
1085,240091546,SUPERHOT,43,0.014
1086,2080479328,The Legend of Fireball,43,0.014
1087,1756919443,WWE 2K23 for Xbox One,43,0.014
1088,1741940049,Bag Fight,42,0.0137
1089,1414793191,Borderlands,42,0.0137
1090,212680242,DEAD OR ALIVE 6: Core Fighters,42,0.0137
1091,2096821037,DOOM 3,42,0.0137
1092,705006443,Jurassic World Evolution,42,0.0137
1093,1962388658,Like a Dragon: Pirate Yakuza in Hawaii,42,0.0137
1094,1873450782,MXGP 2020 - The Official Motocross Videogame,42,0.0137
1095,1112934454,Star Wars Battlefront,42,0.0137
1096,1935095398,星之翼(Starward),42,0.0137
1097,1025057816,Battle Ages,41,0.0133
1098,1662853043,Blasphemous 2,41,0.0133
1099,1766088016,Farming Simulator 25 (PC),41,0.0133
1100,1705097731,Halls of Torment,41,0.0133
1101,1774172067,HOT WHEELS UNLEASHED™ 2 - Turbocharged,41,0.0133
1102,1343080382,LEGO® Batman™ 3: Beyond Gotham Demo,41,0.0133
1103,374430704,NBA 2K17,41,0.0133
1104,1128466466,RESIDENT EVIL CODE: Veronica X,41,0.0133
1105,1128466401,STREET FIGHTER IV,41,0.0133
1106,1921488037,The Settlers®: New Allies,41,0.0133
1107,271965907,Wasteland 3,41,0.0133
1108,1096157153,Call of Duty® 3,40,0.013
1109,1297287356,Crackdown 2,40,0.013
1110,1313671226,Dark Souls™,40,0.013
1111,856892583,Darksiders II Deathinitive Edition,40,0.013
1112,1761060600,Happy Wars,40,0.013
1113,1654542558,Hotline Miami,40,0.013
1114,1984680366,Medieval Dynasty (Xbox One),40,0.013
1115,1414596649,MX vs ATV Reflex,40,0.013
1116,1819798709,Tetris® Effect: Connected,40,0.013
1117,496534680,Wolfenstein: Youngblood,40,0.013
1118,267850304,ATV Drift & Tricks Definitive Edition,39,0.0127
1119,1297287149,Banjo Kazooie: N n B,39,0.0127
1120,1928512137,FBC: Firebreak,39,0.0127
1121,1846145161,Metaphor: ReFantazio,39,0.0127
1122,1986349001,NHL® 23 Xbox One,39,0.0127
1123,988203152,Stellaris: Console Edition,39,0.0127
1124,1945435013,TRIVIAL PURSUIT Live! 2,39,0.0127
1125,1882659430,Call of Duty®: Black Ops Cold War (Windows),38,0.0124
1126,1112934398,Cars 2: The Video Game,38,0.0124
1127,1782579390,DPS Idle,38,0.0124
1128,552778408,EA SPORTS™ UFC® 2,38,0.0124
1129,1998994208,Monster Energy Supercross - The Official Videogame 3,38,0.0124
1130,1688832803,Monster Energy Supercross - The Official Videogame 6,38,0.0124
1131,1871994086,Planet Zoo: Console Edition,38,0.0124
1132,386601590,Project CARS 2 Demo,38,0.0124
1133,1702869784,Project Motor Racing,38,0.0124
1134,1864659895,Sniper Ghost Warrior Contracts 2,38,0.0124
1135,1431504907,SplinterCellConviction,38,0.0124
1136,1112934452,STAR WARS KOTOR,38,0.0124
1137,1755825192,The LEGO Movie Videogame,38,0.0124
1138,1848191014,TUNIC,38,0.0124
1139,1823385601,Bassmaster® Fishing,37,0.012
1140,824378203,Crackdown 3: Campaign,37,0.012
1141,1993022209,Hi-Fi RUSH,37,0.012
1142,1840565677,Island Saver,37,0.012
1143,1757959613,Jujutsu Kaisen Cursed Clash DEMO,37,0.012
1144,1876744786,Killing Floor 3,37,0.012
1145,572268056,Little Nightmares,37,0.012
1146,1833883015,Rust Console Edition X|S - Public Test Branch,37,0.012
1147,1646985614,Space Jam: A New Legacy - The Game,37,0.012
1148,1279330290,Star Wars: The Force Unleashed II,37,0.012
1149,2024046503,60 Seconds! Reatomized,36,0.0117
1150,1464993832,Batman: Arkham Origins,36,0.0117
1151,1802600743,Capcom Arcade Stadium,36,0.0117
1152,984363462,Graveyard Keeper,36,0.0117
1153,1161889872,Mirror's Edge™,36,0.0117
1154,1919875042,MLB® The Show™ 22 Xbox Series X | S,36,0.0117
1155,1414596574,MX vs. ATV: Untamed,36,0.0117
1156,469309830,NARUTO™: Ultimate Ninja® STORM,36,0.0117
1157,1799461557,NBA 2K23 for Xbox Series X|S,36,0.0117
1158,1809107273,NHL® 24 Xbox Series X|S,36,0.0117
1159,1112934459,Star Wars Republic Commando,36,0.0117
1160,1762703770,The Lord of the Rings: Return to Moria™,36,0.0117
1161,1678459920,Towerborne,36,0.0117
1162,1680433621,Young Suns,36,0.0117
1163,1148805248,Yu-Gi-Oh! Legacy of the Duelist,36,0.0117
1164,1717071867,ZOMBI,36,0.0117
1165,1682965706,Another Crab's Treasure,35,0.0114
1166,23570566,Batman - The Telltale Series - Episode 1: Realm of Shadows,35,0.0114
1167,972461615,Battle Islands,35,0.0114
1168,2070921614,Bayonetta,35,0.0114
1169,337857707,Bendy and the Ink Machine,35,0.0114
1170,1642635984,DEAD OR ALIVE 6 Last Round Core Fighters,35,0.0114
1171,320506923,Dead Rising 2,35,0.0114
1172,439107693,Dungeon Defenders II,35,0.0114
1173,1691849278,FINAL FANTASY IV,35,0.0114
1174,1678225803,Idle Wizard (Xbox One),35,0.0114
1175,1859409710,INDIKA,35,0.0114
1176,2082961842,Jujutsu Kaisen Cursed Clash,35,0.0114
1177,2026288209,Kabuto Park,35,0.0114
1178,1653696130,Microsoft Mahjong,35,0.0114
1179,731662901,Monster Energy Supercross - The Official Videogame,35,0.0114
1180,1726129713,Planet Coaster: Console Edition,35,0.0114
1181,2006710939,Skater XL,35,0.0114
1182,1853160773,STAR WARS™: Battlefront Classic Collection,35,0.0114
1183,2080211397,Stardew Valley,35,0.0114
1184,618537566,The Outer Worlds,35,0.0114
1185,1668054382,Tiny Bookshop,35,0.0114
1186,1920996408,Age of Wonders 4,34,0.0111
1187,1792749432,Alan Wake Remastered,34,0.0111
1188,1792094560,Bus Simulator 27,34,0.0111
1189,1267471686,DEAD OR ALIVE 5 Last Round: Core Fighters,34,0.0111
1190,1996309372,Deconstruction Simulator,34,0.0111
1191,717669198,Madden NFL 19,34,0.0111
1192,2118184557,Monster Jam Steel Titans 2,34,0.0111
1193,1848728299,Pinball FX Midnight,34,0.0111
1194,1431505028,Rayman® Origins,34,0.0111
1195,2021825958,RIDE 6,34,0.0111
1196,217831213,RISK,34,0.0111
1197,1112934458,STAR WARS KOTOR II,34,0.0111
1198,2017944493,Super Mega Baseball 3,34,0.0111
1199,1936930219,Tell Me Why,34,0.0111
1200,2040514027,Terminull Brigade™,34,0.0111
1201,2086031333,The Thaumaturge,34,0.0111
1202,1397033002,Aliens vs Predator,33,0.0107
1203,1801055182,Bounty Star,33,0.0107
1204,1480657079,Castle Crashers,33,0.0107
1205,1992263470,Gothic 1 Remake,33,0.0107
1206,2115682077,HOT WHEELS™ Infinite Rush,33,0.0107
1207,1900811986,Kingdoms of Amalur: Re-Reckoning,33,0.0107
1208,1414793190,Mafia II,33,0.0107
1209,1698508835,PGA TOUR 2K25 First Look,33,0.0107
1210,200732952,Project CARS 2,33,0.0107
1211,1743049130,Quake II,33,0.0107
1212,474501413,RIDE 3,33,0.0107
1213,1161889807,The Orange Box,33,0.0107
1214,1707142453,WWE 2K23 for Xbox Series X|S,33,0.0107
1215,2116409537,Yu-Gi-Oh! Legacy of the Duelist : Link Evolution,33,0.0107
1216,1480659433,Zuma's Revenge!,33,0.0107
1217,1480656850,Bejeweled 2,32,0.0104
1218,2035296401,Capcom Arcade 2nd Stadium,32,0.0104
1219,1650442817,Deus Ex: Mankind Divided™,32,0.0104
1220,1801537563,F1® 2021,32,0.0104
1221,1480656881,Feeding Frenzy,32,0.0104
1222,1757807931,FINAL FANTASY TACTICS - The Ivalice Chronicles,32,0.0104
1223,1397819396,Hitman: Absolution,32,0.0104
1224,1792638437,Lost Records: Bloom & Rage,32,0.0104
1225,650249872,Metal Gear Solid V: Ground Zeroes,32,0.0104
1226,2003863742,Microsoft Jigsaw,32,0.0104
1227,1703086168,Microsoft Sudoku,32,0.0104
1228,1679589975,Mortal Shell: Enhanced Edition,32,0.0104
1229,2030792699,PGA TOUR 2K21,32,0.0104
1230,1789091683,Rain World,32,0.0104
1231,1938588110,STARSEEKER: Astroneer Expeditions (Game Preview),32,0.0104
1232,2098462228,The Jackbox Party Pack 7,32,0.0104
1233,1983809908,The Precinct,32,0.0104
1234,2047601430,Truck and Logistics Simulator,32,0.0104
1235,1721482157,WARDOGS,32,0.0104
1236,2122392131,Winter Burrow,32,0.0104
1237,1615431074,1000xRESIST,31,0.0101
1238,2008066354,Car Mechanic Simulator,31,0.0101
1239,1297287249,Crimson Skies®: High Road to Revenge™,31,0.0101
1240,406842057,Dead Rising,31,0.0101
1241,1952256197,F1 2020,31,0.0101
1242,1628280816,Faaast Penguin,31,0.0101
1243,159583079,Gear.Club Unlimited 2 - Ultimate Edition,31,0.0101
1244,387693234,Hawken,31,0.0101
1245,1970836204,Hotline Miami 2: Wrong Number,31,0.0101
1246,1044501532,Jeopardy!,31,0.0101
1247,2094642688,Just Shapes & Beats,31,0.0101
1248,1944276274,Little Rocket Lab,31,0.0101
1249,311896559,Mount & Blade: Warband,31,0.0101
1250,893913058,MX Unleashed,31,0.0101
1251,1969906662,MY HERO ACADEMIA: All’s Justice,31,0.0101
1252,285742376,NBA 2K16,31,0.0101
1253,1882004205,Neon Abyss,31,0.0101
1254,2013083896,NINJA GAIDEN: Ragebound,31,0.0101
1255,1010226785,One Piece: Burning Blood,31,0.0101
1256,162448742,Outer Wilds,31,0.0101
1257,757817533,PRO EVOLUTION SOCCER 2019,31,0.0101
1258,1688839217,The Elder Scrolls V: Skyrim Special Edition (PC),31,0.0101
1259,495493033,Turok,31,0.0101
1260,2004428777,WILD HEARTS™ Standard Edition,31,0.0101
1261,1808134657,ANNO : Mutationem,30,0.0098
1262,1841011808,Blizzard® Arcade Collection,30,0.0098
1263,1431504874,Brothers in Arms: HH,30,0.0098
1264,84648031,Bulletstorm: Full Clip Edition,30,0.0098
1265,1161889798,Burnout Paradise,30,0.0098
1266,1863597561,Coloring Book,30,0.0098
1267,1788513791,DRAGON BALL Z: KAKAROT Demo Version,30,0.0098
1268,1814325409,Fantasy Dash,30,0.0098
1269,1906937527,Far Cry 3 Blood Dragon Classic Edition,30,0.0098
1270,1802207786,HOT WHEELS UNLEASHED™ - Windows Edition,30,0.0098
1271,1889321756,Microsoft Minesweeper,30,0.0098
1272,1693003201,MotoGP™25 - Xbox One,30,0.0098
1273,485601591,NARUTO SHIPPUDEN™: Ultimate Ninja® STORM 2,30,0.0098
1274,1480659436,NBA JAM: On Fire Edition,30,0.0098
1275,1606375163,Pinball FX3,30,0.0098
1276,2048545274,Rubber Bandits,30,0.0098
1277,1740860919,Sniper Ghost Warrior Contracts,30,0.0098
1278,2009073182,Steelrising - Standard Edition,30,0.0098
1279,1313671164,TEKKEN 6,30,0.0098
1280,1628698678,Thief Simulator,30,0.0098
1281,1880727250,Unpacking,30,0.0098
1282,71300661,ACA NEOGEO THE KING OF FIGHTERS 2002,29,0.0094
1283,1431505090,Assassin’s Creed® IV,29,0.0094
1284,1628688048,Atomic Heart,29,0.0094
1285,1736409202,DEEEER Simulator: Your Average Everyday Deer Game,29,0.0094
1286,1728448413,DmC Devil May Cry: Definitive Edition,29,0.0094
1287,2055522726,Madden NFL 23 Xbox Series X|S,29,0.0094
1288,1833175061,MXGP 2019 - The Official Motocross Videogame,29,0.0094
1289,2147115693,Project Wingman,29,0.0094
1290,1745314691,Psychonauts 2,29,0.0094
1291,1740314317,ScooterFlow,29,0.0094
1292,129325438,SONIC FORCES,29,0.0094
1293,2055582442,Danganronpa: Trigger Happy Havoc Anniversary Edition,28,0.0091
1294,1864660438,Dead Static Drive,28,0.0091
1295,1431505036,Far Cry 3,28,0.0091
1296,1431504912,Far Cry® 2,28,0.0091
1297,1279330271,LEGO Indiana Jones,28,0.0091
1298,565406974,LEGO® STAR WARS™: The Force Awakens,28,0.0091
1299,2029650168,Overthrown,28,0.0091
1300,275132544,SEGA® Genesis Classics™,28,0.0091
1301,1414596688,SpongeBob: Truth-Sq.,28,0.0091
1302,90400189,SUPER BOMBERMAN R,28,0.0091
1303,1788169756,Taxi Life: A City Driving Simulator,28,0.0091
1304,1748769487,The Jackbox Party Pack 6,28,0.0091
1305,1840411466,Untitled Goose Game,28,0.0091
1306,1774337609,Vampire: The Masquerade® - Bloodlines™ 2,28,0.0091
1307,2052376111,Beastro,27,0.0088
1308,206503430,Clustertruck,27,0.0088
1309,1161890059,Dragon Age™ 2,27,0.0088
1310,1673998520,F1® Manager 2024,27,0.0088
1311,1813362885,FIFA 14,27,0.0088
1312,1911404173,Immortals of Aveum™,27,0.0088
1313,1857859131,Lara Croft and the Temple of Osiris,27,0.0088
1314,1279330257,LEGO Star Wars II,27,0.0088
1315,1720633196,Minecraft Dungeons for Windows,27,0.0088
1316,961593710,NHL® 20,27,0.0088
1317,1112737772,RAGE,27,0.0088
1318,816351210,Risk: Urban Assault,27,0.0088
1319,1823082250,Sally Face,27,0.0088
1320,1791400679,Yakuza: Like a Dragon,27,0.0088
1321,1431504955,Assassin's Creed II,26,0.0085
1322,1871238901,Crime Boss: Rockay City,26,0.0085
1323,629798227,Deadpool,26,0.0085
1324,1921196301,Drug Dealer Simulator 2,26,0.0085
1325,1797553917,DYNASTY WARRIORS: ORIGINS,26,0.0085
1326,1799236568,FINAL FANTASY V,26,0.0085
1327,273290529,Idle Champions of the Forgotten Realms,26,0.0085
1328,1396901863,Just Cause 2,26,0.0085
1329,1939494382,KINGDOM HEARTS Ⅲ DEMO Version,26,0.0085
1330,2028723617,LEGO® Party!,26,0.0085
1331,2017826215,METAL GEAR SOLID 2: Sons of Liberty - Master Collection Version,26,0.0085
1332,2036178233,Monster Energy Supercross 25 - The Official Video Game,26,0.0085
1333,1802714933,Pathfinder: Wrath of the Righteous,26,0.0085
1334,1805770178,PAW Patrol Mighty Pups Save Adventure Bay,26,0.0085
1335,1542414577,Plague Inc: Evolved,26,0.0085
1336,1480657248,Portal: Still Alive,26,0.0085
1337,487177805,Prison Architect: Xbox One Edition,26,0.0085
1338,2021110805,Roblox - Not Supported,26,0.0085
1339,1706610063,The Alters,26,0.0085
1340,1128640842,The Escapists,26,0.0085
1341,1464993828,The Witcher 2: Assassins of Kings,26,0.0085
1342,62572131,The Wolf Among Us,26,0.0085
1343,1905686946,Tropico 6 - Next Gen Edition,26,0.0085
1344,1307429766,Worms Battlegrounds,26,0.0085
1345,531971604,WWE 2K19,26,0.0085
1346,1850945804,Age of Empires III: Definitive Edition,25,0.0081
1347,363774594,Farming Simulator 17,25,0.0081
1348,1480657036,Feeding Frenzy 2,25,0.0081
1349,1720478789,Gas Station Simulator,25,0.0081
1350,1963174058,Green Hell,25,0.0081
1351,2071372034,Lawn Mowing Simulator,25,0.0081
1352,1714660110,Microsoft Bubble,25,0.0081
1353,1676550189,MY HERO ONE'S JUSTICE 2,25,0.0081
1354,2056563967,ONE MAP - Never Ending Battle Royale BETA,25,0.0081
1355,838726055,PRO EVOLUTION SOCCER 2018,25,0.0081
1356,804980065,Sea of Thieves Insider,25,0.0081
1357,1112934375,Split/Second,25,0.0081
1358,1642757300,SpongeBob SquarePants: Titans of the Tide Demo,25,0.0081
1359,1397622748,THE KING OF FIGHTERS XIII,25,0.0081
1360,1297287263,Viva Piñata: TIP,25,0.0081
1361,1983962095,"Warhammer 40,000: Battlesector",25,0.0081
1362,588577476,ARCADE GAME SERIES: GALAGA,24,0.0078
1363,1986852796,Brews & Bastards,24,0.0078
1364,2029431164,Bus Bound,24,0.0078
1365,189838548,Bus Simulator,24,0.0078
1366,2026693193,Bus Simulator 21 Next Stop,24,0.0078
1367,2004415551,CAPTAIN TSUBASA 2: WORLD FIGHTERS,24,0.0078
1368,1777786002,Commandos: Origins,24,0.0078
1369,1480657529,Costume Quest ,24,0.0078
1370,400142602,Costume Quest 2,24,0.0078
1371,2128853757,Cricket 24,24,0.0078
1372,274219762,Dead Rising 2 Off the Record,24,0.0078
1373,374274123,EA SPORTS™ NHL® 19,24,0.0078
1374,1663990634,GigaBash,24,0.0078
1375,1931936981,Goat Simulator: Remastered (Windows Edition),24,0.0078
1376,2102232082,Heretic + Hexen,24,0.0078
1377,1760815176,Hero's Hour,24,0.0078
1378,1611225628,JDM: Japanese Drift Master,24,0.0078
1379,1750584112,Lacrosse 26,24,0.0078
1380,1480657497,Lara Croft: GoL,24,0.0078
1381,399942284,LEGO® Jurassic World™ Demo,24,0.0078
1382,1764536463,LEGO® The Hobbit™,24,0.0078
1383,2016417527,Life is Strange Remastered,24,0.0078
1384,1994181526,Madden NFL 21 Xbox Series X|S,24,0.0078
1385,1091024470,Magic Duels,24,0.0078
1386,1997603662,Minion Masters,24,0.0078
1387,304932652,NHL® 21,24,0.0078
1388,1685135803,NHL® 22 Xbox One,24,0.0078
1389,1297287123,Perfect Dark Zero,24,0.0078
1390,1932565641,Pikuniku,24,0.0078
1391,1893542225,PIPE by BMX Streets,24,0.0078
1392,2002584553,Puzzle Quest 3,24,0.0078
1393,2065674944,Resident Evil Re:Verse,24,0.0078
1394,192928167,Rocksmith 2014,24,0.0078
1395,1847402697,ScreamRide,24,0.0078
1396,2018103228,Ship of Fools,24,0.0078
1397,1955054478,Smalland: Survive the Wilds,24,0.0078
1398,1692656490,SNIPER Ghost Warrior 3,24,0.0078
1399,1633152429,SONIC SUPERSTARS,24,0.0078
1400,1040009086,Super Lucky's Tale,24,0.0078
1401,39069682,The Jackbox Party Pack 2,24,0.0078
1402,635298240,"The Walking Dead: Michonne - Ep. 1, In Too Deep",24,0.0078
1403,1946103240,Tomb Raider I-III Remastered Starring Lara Croft,24,0.0078
1404,1777774126,Visions of Mana,24,0.0078
1405,1744345373,WWE 2K22 for Xbox Series X|S,24,0.0078
1406,1664723386,Afterimage,23,0.0075
1407,293785190,Bloons TD 5,23,0.0075
1408,1161889806,C&C3,23,0.0075
1409,1940736818,Darkest Dungeon II,23,0.0075
1410,1822577333,Dead Rising Deluxe Remaster,23,0.0075
1411,2044234749,Dragon's Dogma 2 Character Creator & Storage,23,0.0075
1412,1146095621,Earth Defense Force 2025,23,0.0075
1413,1662474270,Eternal Strands,23,0.0075
1414,1989956835,Evolve,23,0.0075
1415,172017893,F1® 2019,23,0.0075
1416,1804401706,F1® 22 Xbox Series X|S,23,0.0075
1417,1955982965,Gunfire Reborn,23,0.0075
1418,1480656868,Hardwood Spades,23,0.0075
1419,2005346857,Idle Wizard,23,0.0075
1420,1843104013,Infection Free Zone,23,0.0075
1421,42119495,Killer Instinct Classic,23,0.0075
1422,2105228747,Killer Klowns From Outer Space: The Game,23,0.0075
1423,1708233397,LEGO® Harry Potter™ Collection,23,0.0075
1424,1955779192,MechWarrior 5: Clans,23,0.0075
1425,1535750831,Mega Man® Legacy Collection,23,0.0075
1426,1112934453,Mercenaries,23,0.0075
1427,576433659,Moto Racer 4,23,0.0075
1428,1742982949,MotoGP™24,23,0.0075
1429,2028520097,My Friend Pedro,23,0.0075
1430,1480657346,Perfect Dark,23,0.0075
1431,2019100575,Puzzle Galaxy Xbox Edition,23,0.0075
1432,1263339510,Saints Row IV,23,0.0075
1433,1691013379,Secret Neighbor,23,0.0075
1434,1781047490,Shin Megami Tensei V: Vengeance,23,0.0075
1435,19615130,Super Mega Baseball: Extra Innings,23,0.0075
1436,1292135256,Titanfall,23,0.0075
1437,1763653276,Transport Fever 2: Console Edition,23,0.0075
1438,792914248,Tricky Towers,23,0.0075
1439,659391373,WWE 2K16,23,0.0075
1440,981110874,WWE 2K18,23,0.0075
1441,1431504924,Call of Juarez: Bound in Blood,22,0.0072
1442,1727909174,Crossy Road Castle Demo,22,0.0072
1443,1920237746,FINAL FANTASY II,22,0.0072
1444,1613695074,Five Nights at Freddy's 3,22,0.0072
1445,1431504947,Ghost Recon: Future Soldier™,22,0.0072
1446,488156801,GreedFall,22,0.0072
1447,1927102516,Herdling,22,0.0072
1448,1775780452,Just Dance Free Experience,22,0.0072
1449,1249526091,Madden NFL 16,22,0.0072
1450,1423533994,MotoGP™15,22,0.0072
1451,1941002186,ON THE ROAD - The Truck Simulator,22,0.0072
1452,1960926264,Phoenix Point,22,0.0072
1453,1698989872,PICO PARK 2,22,0.0072
1454,2052095073,Ravenswatch,22,0.0072
1455,779253028,RIDE Demo,22,0.0072
1456,1169551644,Saints Row: Gat out of Hell,22,0.0072
1457,1112934456,Star Wars Jedi Knight: Jedi Academy,22,0.0072
1458,1397819363,Supreme Commander 2,22,0.0072
1459,1664251645,TEKKEN 8 - DEMO,22,0.0072
1460,610345881,The Jackbox Party Pack,22,0.0072
1461,605741753,The LEGO Movie 2 Videogame,22,0.0072
1462,1278892798,TRIVIAL PURSUIT LIVE!,22,0.0072
1463,1211542442,Valiant Hearts: The Great War,22,0.0072
1464,1783702427,AEW: Fight Forever,21,0.0068
1465,1723509320,Amazing Frog? (Game Preview),21,0.0068
1466,233177124,Battle Islands: Commanders,21,0.0068
1467,1161889888,C&C Red Alert 3,21,0.0068
1468,1885205020,Cash Cleaner Simulator,21,0.0068
1469,524859112,Darksiders III,21,0.0068
1470,725442241,Darksiders Warmastered Edition,21,0.0068
1471,1753087315,Fallout 76 (PC),21,0.0068
1472,2071782725,FINAL FANTASY III,21,0.0068
1473,2139519684,Hydroneer,21,0.0068
1474,2025840804,METAL GEAR SOLID 3: Snake Eater - Master Collection Version,21,0.0068
1475,2021005220,MotoGP™26,21,0.0068
1476,2035760753,PAW Patrol World,21,0.0068
1477,605857900,Quiplash,21,0.0068
1478,950358266,Ride 2,21,0.0068
1479,269700535,Sniper Elite 3,21,0.0068
1480,1885214706,Snooker 19,21,0.0068
1481,1836687833,Sonic Colors: Ultimate,21,0.0068
1482,1883232264,STAR WARS™ Episode I Racer,21,0.0068
1483,1431504854,TC's RainbowSix Vegas,21,0.0068
1484,449890085,The Jackbox Party Pack 4,21,0.0068
1485,1731121397,The Quarry for Xbox One,21,0.0068
1486,1181281124,Thief,21,0.0068
1487,383880849,Transference™,21,0.0068
1488,1816197116,Wheel World,21,0.0068
1489,524641908,Assassin's Creed® Chronicles: China,20,0.0065
1490,230716687,Biomutant,20,0.0065
1491,1297287893,Blinx: The Time Sweeper,20,0.0065
1492,1914086330,Broforce,20,0.0065
1493,1096157460,COD: Advanced Warfare,20,0.0065
1494,793598300,CODE VEIN,20,0.0065
1495,1619542068,Dawn of Man,20,0.0065
1496,2089461712,Expeditions: A MudRunner Game,20,0.0065
1497,2021453818,FINAL FANTASY VIII Remastered,20,0.0065
1498,885797626,Fishing Sim World®: Pro Tour,20,0.0065
1499,1669831089,Gold Mining Simulator,20,0.0065
1500,1297287449,Halo 4,20,0.0065
1501,1828807544,Harry Potter: Quidditch Champions,20,0.0065
1502,1719118099,Manor Lords (Game Preview),20,0.0065
1503,650779126,NBA 2K18,20,0.0065
1504,880031210,NBA LIVE 19,20,0.0065
1505,1632843296,Pillars of Eternity II: Deadfire - Ultimate Edition,20,0.0065
1506,671807457,Portal Knights,20,0.0065
1507,1431505091,Rayman® Legends,20,0.0065
1508,2056655762,Remnant: From the Ashes,20,0.0065
1509,1868826586,RimWorld Console Edition,20,0.0065
1510,978050046,ShellShock Live,20,0.0065
1511,1947938436,Shotgun Farmers,20,0.0065
1512,2142487375,Teenage Mutant Ninja Turtles: The Cowabunga Collection,20,0.0065
1513,1860058296,TT Isle Of Man: Ride on the Edge 3,20,0.0065
1514,995443207,Verdun,20,0.0065
1515,2075589952,"Warhammer 40,000: Boltgun - Windows",20,0.0065
1516,2144204141,Achilles: Survivor,19,0.0062
1517,1915969143,AFL 23,19,0.0062
1518,579423182,Agony,19,0.0062
1519,759471095,ARCADE GAME SERIES: Ms. PAC-MAN,19,0.0062
1520,1431505070,Assassin's Creed® III ,19,0.0062
1521,2136950563,Bugsnax,19,0.0062
1522,171879377,Call of Cthulhu,19,0.0062
1523,1805523441,Call of the Elder Gods,19,0.0062
1524,1693676973,Clue,19,0.0062
1525,1624755708,Contraband Police,19,0.0062
1526,1618801140,CRISIS CORE –FINAL FANTASY VII– REUNION,19,0.0062
1527,1161890152,Crysis,19,0.0062
1528,1161890190,Crysis® 3,19,0.0062
1529,1864028566,Dark Hours,19,0.0062
1530,137510457,Dishonored®: Death of the Outsider™,19,0.0062
1531,1954227024,DRAGON BALL: THE BREAKERS,19,0.0062
1532,2028637067,Drug Dealer Simulator,19,0.0062
1533,1997023214,FINAL FANTASY IX,19,0.0062
1534,1991431474,Grim Idle,19,0.0062
1535,1639666819,INAZUMA ELEVEN: Victory Road,19,0.0062
1536,1916046476,Incremental Epic Hero 2,19,0.0062
1537,1641465936,Kiln,19,0.0062
1538,1753941224,Life is Strange: Reunion,19,0.0062
1539,1777243206,Lost Judgment,19,0.0062
1540,1987153350,Meccha Paint (Free),19,0.0062
1541,1464993839,Midway Arcade Origins,19,0.0062
1542,582279671,Moto Racer 4 Demo,19,0.0062
1543,838746653,Phoenix Wright: Ace Attorney Trilogy,19,0.0062
1544,1432033734,Pinball Arcade,19,0.0062
1545,852431422,ReCore,19,0.0062
1546,1161890298,SSX 3,19,0.0062
1547,2028975703,Superball,19,0.0062
1548,2051503466,The Callisto Protocol,19,0.0062
1549,2036345770,The Dark Pictures Anthology House of Ashes,19,0.0062
1550,2013541297,"Warhammer 40,000: Space Marine - Master Crafted Edition",19,0.0062
1551,2146391417,60 Seconds! Reatomized Demo,18,0.0059
1552,2042945112,Atomicrops,18,0.0059
1553,2093066399,Carrion,18,0.0059
1554,1512517621,Child of Light,18,0.0059
1555,2004944930,Crime Simulator,18,0.0059
1556,1631581287,Cronos: The New Dawn,18,0.0059
1557,1673398628,Echo Generation 2,18,0.0059
1558,927474846,Firewatch,18,0.0059
1559,2109927239,Five Nights at Freddy's: Sister Location,18,0.0059
1560,1296697298,Full Game - Psychonauts,18,0.0059
1561,1960955312,I Am Fish,18,0.0059
1562,2047199918,Isonzo (Windows),18,0.0059
1563,1297287122,Kameo,18,0.0059
1564,1679509385,Kill It With Fire,18,0.0059
1565,2014880780,Madden NFL 17,18,0.0059
1566,1926489287,Marvel's Midnight Suns for Xbox One,18,0.0059
1567,1649675719,Max: The Curse of Brotherhood,18,0.0059
1568,534004979,Microsoft Ultimate Word Games,18,0.0059
1569,1480657433,Might & Magic Clash of Heroes™,18,0.0059
1570,380023945,Monster Energy Supercross - The Official Videogame 2,18,0.0059
1571,385764340,MX vs. ATV Supercross Encore,18,0.0059
1572,1909911128,NASCAR Heat 4,18,0.0059
1573,778400368,NBA 2K14,18,0.0059
1574,1757462338,Ni no Kuni Wrath of the White Witch™ Remastered,18,0.0059
1575,1752331738,One Leaves,18,0.0059
1576,2048381683,PAC-MAN WORLD Re-PAC,18,0.0059
1577,1986472488,PAW Patrol™ Rescue Wheels™: Championship,18,0.0059
1578,1889456287,Roller Champions™,18,0.0059
1579,1704562600,Rugby 25,18,0.0059
1580,2100312943,SCARLET NEXUS,18,0.0059
1581,365310947,Scribblenauts Mega Pack,18,0.0059
1582,1947725080,Skul: The Hero Slayer,18,0.0059
1583,1480657342,Spelunky,18,0.0059
1584,1967529255,SpongeBob SquarePants: The Cosmic Shake,18,0.0059
1585,1933264626,Survivalist: Invisible Strain,18,0.0059
1586,890454034,The Dark Pictures Anthology: Man Of Medan,18,0.0059
1587,1753283788,The Sinking City 2,18,0.0059
1588,1776537730,The Sinking City Remastered,18,0.0059
1589,2012594000,US Conflict — Tank Battles,18,0.0059
1590,1900124001,WRC 10 FIA World Rally Championship Xbox One,18,0.0059
1591,1520322998,Zombie Army Trilogy,18,0.0059
1592,433738637,Adventure Time: Pirates of the Enchiridion,17,0.0055
1593,1042452848,Aven Colony,17,0.0055
1594,1161889850,C&C3: Kane's Wrath,17,0.0055
1595,1724411039,Card Storm Idle,17,0.0055
1596,1790537707,Core Keeper,17,0.0055
1597,1112934422,Disney Epic Mickey 2: The Power of Two,17,0.0055
1598,2015929879,Evil Dead: The Game,17,0.0055
1599,1755179727,Grim Fandango Remastered,17,0.0055
1600,1719232621,Hello Guest: Hello Neighbor 2 pre-alpha,17,0.0055
1601,1906459372,Judgment,17,0.0055
1602,1702245509,Junkster,17,0.0055
1603,1297287144,Mass Effect,17,0.0055
1604,2015790908,Microsoft Jewel,17,0.0055
1605,94171386,MXGP3,17,0.0055
1606,1902591469,Outward: Definitive Edition,17,0.0055
1607,1161889919,Skate 2,17,0.0055
1608,1671640490,SPRAWL zero,17,0.0055
1609,1047413393,TERA,17,0.0055
1610,213257000,TerraTech,17,0.0055
1611,1005415207,The Golf Club 2019 featuring PGA TOUR,17,0.0055
1612,1761411767,THE HOUSE OF THE DEAD: Remake,17,0.0055
1613,886895461,The Jackbox Party Pack 5,17,0.0055
1614,2101138430,The Matrix Awakens: An Unreal Engine 5 Experience,17,0.0055
1615,1785417254,The Oregon Trail,17,0.0055
1616,1675444836,The Talos Principle 2,17,0.0055
1617,1431504921,Tom Clancy's Splinter Cell® Chaos Theory™,17,0.0055
1618,1762831513,Amazing Frog? Demo,16,0.0052
1619,1431505102,Assassin's Creed® Rogue,16,0.0052
1620,1414793176,BioShock,16,0.0052
1621,1965711939,Capcom Fighting Collection 2,16,0.0052
1622,1263405065,Castlevania LoS,16,0.0052
1623,370169912,Contrast,16,0.0052
1624,1730984142,Danganronpa 2: Goodbye Despair Anniversary Edition,16,0.0052
1625,1992367075,Death Howl,16,0.0052
1626,94911754,Devil May Cry 5 Demo,16,0.0052
1627,852849518,Digimon Survive,16,0.0052
1628,1802647542,DRAGON QUEST VII Reimagined,16,0.0052
1629,1953182469,DRAGON QUEST® XI S: Echoes of an Elusive Age™ - Definitive Edition,16,0.0052
1630,2078793582,DYSMANTLE,16,0.0052
1631,481925121,F1® 2018,16,0.0052
1632,461914906,FIFA 19 Demo,16,0.0052
1633,1397819364,FINAL FANTASY XIII,16,0.0052
1634,1480656877,Geometry Wars Evolved,16,0.0052
1635,2009282091,Graveyard Keeper 2 Demo,16,0.0052
1636,1704351342,Hello Neighbor 2,16,0.0052
1637,2093028006,Hole io,16,0.0052
1638,1748165994,iRacing Arcade,16,0.0052
1639,1396901880,Kane & Lynch 2,16,0.0052
1640,2122788273,Keeper,16,0.0052
1641,1279330285,LEGO® Indiana Jones™ 2,16,0.0052
1642,1941838752,MELTY BLOOD: TYPE LUMINA,16,0.0052
1643,1699829016,Monster Hunter Stories 3: Twisted Reflection,16,0.0052
1644,1343920370,NBA 2K15,16,0.0052
1645,1624572870,Ni no Kuni™ II: Revenant Kingdom - The Prince's Edition,16,0.0052
1646,1413679064,Ninja Gaiden Black,16,0.0052
1647,2008358711,Painkiller,16,0.0052
1648,1375792807,Pool Nation FX,16,0.0052
1649,827416995,Pure Pool,16,0.0052
1650,1005790042,Resident Evil 7 Teaser: Beginning Hour,16,0.0052
1651,2032369368,Scott Pilgrim vs. The World™: The Game – Complete Edition,16,0.0052
1652,2112462799,Sengoku Dynasty,16,0.0052
1653,1813223937,SongPop Party,16,0.0052
1654,2060188345,Street Fighter™ 6 Demo,16,0.0052
1655,2013672301,The Gunk,16,0.0052
1656,1480659987,The Walking Dead: Season Two,16,0.0052
1657,1910952414,TRIALS of MANA,16,0.0052
1658,689916261,"Warhammer 40,000: Inquisitor - Martyr Ultimate Edition",16,0.0052
1659,1779788068,9 Kings (Game Preview),15,0.0049
1660,1038499153,A Hat in Time,15,0.0049
1661,49709880,Anthem™,15,0.0049
1662,1950164627,Antstream Arcade - Annual,15,0.0049
1663,100154526,Baja: Edge of Control HD,15,0.0049
1664,1161889960,Battlefield Bad Company 2,15,0.0049
1665,1178929117,Bound by Flame,15,0.0049
1666,1480656967,Castlevania: SOTN,15,0.0049
1667,1625569842,Choo-Choo Charles,15,0.0049
1668,367230746,Darksiders Genesis,15,0.0049
1669,1680662849,Destroy All Humans! 2 - Reprobed,15,0.0049
1670,1129121853,DiRT 3,15,0.0049
1671,152270586,FINAL FANTASY XII THE ZODIAC AGE,15,0.0049
1672,2063170939,Frostpunk: Console Edition,15,0.0049
1673,1683674669,Ghostbusters: Spirits Unleashed Ecto Edition,15,0.0049
1674,1480660120,Goat Simulator,15,0.0049
1675,1984491277,Grim Idle (Xbox One),15,0.0049
1676,90991576,How To Survive 2,15,0.0049
1677,1974645006,Killer Frequency,15,0.0049
1678,1728837206,KLETKA,15,0.0049
1679,1819998160,LEGO® Voyagers,15,0.0049
1680,1651525052,Life is Strange: Before the Storm Remastered,15,0.0049
1681,1898106366,Little Ralph - Trial,15,0.0049
1682,2017169801,LOLLIPOP CHAINSAW RePOP,15,0.0049
1683,196597117,Mega Man X Legacy Collection 2,15,0.0049
1684,1263405120,METAL GEAR SOLID HD: 2 & 3,15,0.0049
1685,1297549289,Mortal Kombat vs. DCU,15,0.0049
1686,803175056,MXGP PRO,15,0.0049
1687,1548866781,MXGP2,15,0.0049
1688,1820656575,NHL® 23 Xbox Series X|S,15,0.0049
1689,1696832928,NHRA Championship Drag Racing: Speed For All,15,0.0049
1690,1146095594,Onechanbara,15,0.0049
1691,1831668171,Opus Castle,15,0.0049
1692,676432066,PAC-MAN™ CHAMPIONSHIP EDITION 2,15,0.0049
1693,275673036,Pillars of Eternity: Complete Edition,15,0.0049
1694,116849471,Pro Evolution Soccer 2017,15,0.0049
1695,1813085990,Road 96,15,0.0049
1696,1804278141,Rugby 22 Xbox One,15,0.0049
1697,818066257,Rugby League Live 4,15,0.0049
1698,1734582052,S.T.A.L.K.E.R.: Shadow of Chornobyl - Enhanced Edition,15,0.0049
1699,912691842,Sudden Strike 4 - European Battlefields Edition,15,0.0049
1700,597690024,SWORD ART ONLINE: FATAL BULLET,15,0.0049
1701,2141647881,Tales from the Borderlands - Episode 1: Zer0 Sum,15,0.0049
1702,1619109702,Tales of Symphonia Remastered,15,0.0049
1703,225007476,Team Sonic Racing™,15,0.0049
1704,1582065954,The LEGO Movie Videogame DEMO,15,0.0049
1705,2108611710,TIEBREAK – GRAND SLAM EDITION,15,0.0049
1706,1805514538,Together: Moon Escape,15,0.0049
1707,1841510170,Tony Stewart's Sprint Car Racing,15,0.0049
1708,1754770560,Unicorn Overlord,15,0.0049
1709,1658477123,Unturned,15,0.0049
1710,416307002,ARCADE GAME SERIES: DIG DUG,14,0.0046
1711,1396901865,Battlestations Pacific,14,0.0046
1712,2039195750,Blacksad - Under the Skin (Xbox Series),14,0.0046
1713,1952427486,Bloodstained: Ritual of the Night,14,0.0046
1714,2144913935,Castlevania Anniversary Collection,14,0.0046
1715,2010415651,Cats Around Us: Black Cat,14,0.0046
1716,1634898195,Darkwood,14,0.0046
1717,2017702583,Dauntless,14,0.0046
1718,1894948980,Dreamcore,14,0.0046
1719,1480659910,DuckTales: Remastered,14,0.0046
1720,751766205,EA Play Hub,14,0.0046
1721,1692950358,Exoprimal,14,0.0046
1722,1824003155,Family Feud®,14,0.0046
1723,1661863954,FATE: Reawakened,14,0.0046
1724,2062455421,Fernbus Simulator,14,0.0046
1725,2126757651,Ghostrunner,14,0.0046
1726,682562723,Halo: Spartan Assault,14,0.0046
1727,1928193169,Heavenly Bodies,14,0.0046
1728,850034103,Killer Instinct 2 Classic,14,0.0046
1729,2043794712,Kingdoms and Castles,14,0.0046
1730,389571069,LEGO® Dimensions™,14,0.0046
1731,1733044130,Madden NFL 22 Xbox Series X|S,14,0.0046
1732,1893250709,Matchpoint - Tennis Championships | DEMO,14,0.0046
1733,1414793291,Max Payne® 2: The Fall of Max Payne,14,0.0046
1734,523468027,Mega Man 11,14,0.0046
1735,1979916310,METAL GEAR & METAL GEAR 2: Solid Snake,14,0.0046
1736,2022357971,Monster Energy Supercross - The Official Videogame 4,14,0.0046
1737,1839786246,Murdered: Soul Suspect,14,0.0046
1738,1624743884,Persona 3 Portable,14,0.0046
1739,1990620316,Persona 4 Revival,14,0.0046
1740,1743961068,Race The Sun,14,0.0046
1741,967641964,Realm Royale Reforged,14,0.0046
1742,806435492,Road Redemption,14,0.0046
1743,1648318214,The Lord of the Rings: Gollum™,14,0.0046
1744,1673810447,Tony Stewart's All-American Racing,14,0.0046
1745,2073119116,Trials® Rising Demo,14,0.0046
1746,644829211,Turok 2: Seeds of Evil,14,0.0046
1747,1937610303,Two Point Museum,14,0.0046
1748,566278,WWE 2K17,14,0.0046
1749,1649362500,Xmas Survivors,14,0.0046
1750,1953589006,Yakuza 0,14,0.0046
1751,338995079,Batman: The Enemy Within - Episode 1,13,0.0042
1752,810050544,Beach Buggy Racing,13,0.0042
1753,1480657530,Castlevania HD,13,0.0042
1754,1850252450,Chef's Journey: Cooking Adventures,13,0.0042
1755,1743457512,DRAGON QUEST BUILDERS 2,13,0.0042
1756,2071918696,DRAGON QUEST I & II HD-2D Remake,13,0.0042
1757,1704388492,DRAGON QUEST MONSTERS: The Withered World DEMO,13,0.0042
1758,942676443,F1™ 2016,13,0.0042
1759,1678270415,Farm Together,13,0.0042
1760,2125839408,Formula Legends,13,0.0042
1761,1877135456,Freddy Fazbear's Pizzeria Simulator,13,0.0042
1762,1297287176,Halo Wars,13,0.0042
1763,1877051178,Hidden Cats in Barcelona,13,0.0042
1764,2010890559,Hunting Simulator 2 Xbox Series X|S,13,0.0042
1765,1480656891,Jetpac Refuelled,13,0.0042
1766,70112963,Knight Squad,13,0.0042
1767,1480657325,KOF2002UM,13,0.0042
1768,2028645063,Legend of Mana,13,0.0042
1769,1843760263,LEGO® 2K Drive for Xbox Series X|S,13,0.0042
1770,2119300209,Life is Strange: Double Exposure,13,0.0042
1771,1687910025,Mahjong by Microsoft,13,0.0042
1772,505222320,Monster Jam Steel Titans,13,0.0042
1773,971220532,NBA 2K Playgrounds 2,13,0.0042
1774,1696456823,NBA 2K22 for Xbox Series X|S,13,0.0042
1775,303799945,Nickelodeon Kart Racers,13,0.0042
1776,1718697574,OCTOPATH TRAVELER,13,0.0042
1777,1692022171,OCTOPATH TRAVELER 0,13,0.0042
1778,2132252311,Olympic Games Tokyo 2020 – The Official Video Game™,13,0.0042
1779,753024882,Red Faction Guerrilla Re-Mars-tered,13,0.0042
1780,1813984116,Resident Evil 4 Chainsaw Demo,13,0.0042
1781,802418004,RESIDENT EVIL RESISTANCE,13,0.0042
1782,2073736638,Scrabble,13,0.0042
1783,303584158,Sea of Solitude,13,0.0042
1784,1654530968,Shieldwall,13,0.0042
1785,2098784475,Soulstice,13,0.0042
1786,2002404032,Stranded: Alien Dawn,13,0.0042
1787,1872765418,Tales of Arise (Xbox Series X|S),13,0.0042
1788,1624769204,Talisman: Digital Edition,13,0.0042
1789,1999803984,The Amazing Spider-Man 2™,13,0.0042
1790,1997447389,The Dark Pictures Anthology: The Devil in Me,13,0.0042
1791,1842335063,The Mortuary Assistant,13,0.0042
1792,2010719250,The Smurfs - Mission Vileaf,13,0.0042
1793,1633778685,The Stanley Parable: Ultra Deluxe,13,0.0042
1794,2058227981,Thomas & Friends™: Wonders of Sodor,13,0.0042
1795,1737329553,Total War: Warhammer III (Old Version),13,0.0042
1796,2125289543,TRANSFORMERS™: Devastation,13,0.0042
1797,1611397404,UBOAT,13,0.0042
1798,1815810056,Under The Waves,13,0.0042
1799,1414793346,XCOM®: Enemy Unknown,13,0.0042
1800,1414793390,XCOM®: Enemy Within,13,0.0042
1801,1926334123,Yakuza Kiwami 3 & Dark Ties,13,0.0042
1802,1751360232,AAA Dynamic Scenes,12,0.0039
1803,419725624,ACA NEOGEO THE KING OF FIGHTERS '97,12,0.0039
1804,1835497756,Agents of Mayhem,12,0.0039
1805,1445607414,Assassin's Creed® Chronicles: Russia,12,0.0039
1806,1397032979,BAYONETTA,12,0.0039
1807,1720764822,Brainrot Kart,12,0.0039
1808,1950881463,Bum Simulator,12,0.0039
1809,1859542622,Contra Anniversary Collection,12,0.0039
1810,1480657460,Crazy Taxi,12,0.0039
1811,1161890019,Crysis 2,12,0.0039
1812,2102421406,Day of the Tentacle Remastered,12,0.0039
1813,1669682262,Defense Grid 2,12,0.0039
1814,1397819386,DEUS EX: HUMAN REVOLUTION,12,0.0039
1815,153292310,Disney Infinity 3.0 Edition,12,0.0039
1816,886999858,Duke Nukem 3D: 20th Anniversary World Tour,12,0.0039
1817,1770956743,Echoes of Aincrad DEMO Version,12,0.0039
1818,1629487179,FATAL FRAME: Maiden of Black Water,12,0.0039
1819,1864215620,Five Nights at Freddy's: Help Wanted,12,0.0039
1820,1618662965,Garfield Kart Furious Racing,12,0.0039
1821,2020925056,Grim Dawn: Definitive Edition,12,0.0039
1822,1480657520,Harms Way,12,0.0039
1823,1997835037,I Am Your Beast,12,0.0039
1824,1480657557,Iron Brigade,12,0.0039
1825,1873893114,Just Die Already,12,0.0039
1826,1891684356,Lost in Random™,12,0.0039
1827,1128466413,LOST PLANET 2,12,0.0039
1828,28152906,Lovers in a Dangerous Spacetime,12,0.0039
1829,2020925735,Make Way,12,0.0039
1830,1161890141,Mass Effect™ 3,12,0.0039
1831,956590734,Mega Man Legacy Collection 2,12,0.0039
1832,293003647,Microsoft Wordament,12,0.0039
1833,1885048343,Mr. Bomber,12,0.0039
1834,53175238,MXGP2 - Demo,12,0.0039
1835,1715766926,New World: Aeternum,12,0.0039
1836,2105140633,NieR Replicant ver.1.22474487139...,12,0.0039
1837,1129121809,OF: Dragon Rising,12,0.0039
1838,1977174786,ONE PIECE ODYSSEY,12,0.0039
1839,2025399821,ONE PUNCH MAN: A HERO NOBODY KNOWS,12,0.0039
1840,939615894,Paw Patrol: On a Roll,12,0.0039
1841,172342998,PLAYERUNKNOWN’S BATTLEGROUNDS – Public Test Server,12,0.0039
1842,2054178211,SAMURAI SHODOWN (Standard Ver.),12,0.0039
1843,1480657777,Sega Vintage Collection: Streets of Rage,12,0.0039
1844,2050520287,STRANGER OF PARADISE FINAL FANTASY ORIGIN,12,0.0039
1845,1431504880,TC's GRAW2,12,0.0039
1846,2119970550,The Bus,12,0.0039
1847,1748167956,The Riftbreaker,12,0.0039
1848,20605635,The Surge,12,0.0039
1849,2031756340,They Are Billions,12,0.0039
1850,1297287134,Too Human,12,0.0039
1851,716478832,TT Isle of Man,12,0.0039
1852,2050010864,Two Point Hospital™,12,0.0039
1853,1480659454,Virtua Fighter 5 Final Showdown,12,0.0039
1854,1895560154,Virtual Villagers Origins 2 Xbox,12,0.0039
1855,586255311,WARRIORS OROCHI 3 Ultimate,12,0.0039
1856,2142309066,WWE 2K Battlegrounds,12,0.0039
1857,1849227144,WWE 2K20,12,0.0039
1858,1755599316,Age of Empires Definitive Edition,11,0.0036
1859,1616326452,Arcadegeddon,11,0.0036
1860,1639963506,BlackJack 21 Pro!,11,0.0036
1861,231858691,Bomber Crew,11,0.0036
1862,232457702,Broken Age,11,0.0036
1863,1431505012,Call of Juarez Cartel,11,0.0036
1864,1655404846,City Transport Simulator 2026,11,0.0036
1865,1729654407,Company of Heroes 3,11,0.0036
1866,1878376737,Contraband Police Demo,11,0.0036
1867,1935260193,Corsair Cove,11,0.0036
1868,1743219650,Disney Epic Mickey: Rebrushed,11,0.0036
1869,1480657049,Domino Master,11,0.0036
1870,1621285366,DOOM (1993),11,0.0036
1871,1146095571,EDF 2017,11,0.0036
1872,1464993792,F.E.A.R. 3,11,0.0036
1873,136671143,FINAL FANTASY XV MULTIPLAYER: COMRADES,11,0.0036
1874,1743565876,Five Nights at Freddy's: Secret of the Mimic,11,0.0036
1875,2043510457,Friends vs Friends,11,0.0036
1876,1694490701,FuzzBall,11,0.0036
1877,476517807,Gravel,11,0.0036
1878,488865290,Gravel Demo,11,0.0036
1879,2021447825,Hole Digging Master,11,0.0036
1880,1982219874,Insects: An Xbox One X Enhanced Experience,11,0.0036
1881,1873492766,KINGDOM HEARTS HD 2.8 Final Chapter Prologue,11,0.0036
1882,191432544,LEGO® The Hobbit™ Demo,11,0.0036
1883,1771989345,Lightyear Frontier (Game Preview),11,0.0036
1884,1297287162,Lost Odyssey,11,0.0036
1885,1014379144,Marvel: Ultimate Alliance 2,11,0.0036
1886,1957255658,MORDHAU,11,0.0036
1887,1944950992,MotoGP™22 - Windows Edition,11,0.0036
1888,737714383,ONE PIECE BURNING BLOOD - DEMO,11,0.0036
1889,348018268,Pang Adventures,11,0.0036
1890,1877956827,Peppa Pig: World Adventures,11,0.0036
1891,1660076539,PIT OF GOBLIN Demo,11,0.0036
1892,1658941037,PRAGMATA Sketchbook - DEMO,11,0.0036
1893,24524637,Railway Empire,11,0.0036
1894,1853277604,RetroRealms Arcade,11,0.0036
1895,1709856057,RoboCop: Rogue City - Unfinished Business,11,0.0036
1896,2025898879,Rugby 22 Xbox Series X|S,11,0.0036
1897,731167015,RUSH: A Disney • PIXAR Adventure Demo,11,0.0036
1898,1727426017,Sandustry (Game Preview),11,0.0036
1899,2031266067,Sker Ritual,11,0.0036
1900,1628869222,Soulstone Survivors,11,0.0036
1901,2037196689,SpongeBob SquarePants: Titans of the Tide,11,0.0036
1902,2037835570,Square Enix Digital Content Viewer,11,0.0036
1903,585971749,Super Mega Baseball 2,11,0.0036
1904,1651647141,The Boat Grandma,11,0.0036
1905,1683840789,Tomb Raider IV-VI Remastered,11,0.0036
1906,1396901868,Tomb Raider Underworld,11,0.0036
1907,1480657581,Trials Evolution,11,0.0036
1908,580901123,Tropico 6,11,0.0036
1909,2048748295,Wo Long 2: Wings of Ember,11,0.0036
1910,1963899312,Yakuza Kiwami 2,11,0.0036
1911,1297287173,Alan Wake,10,0.0033
1912,1807479023,Backyard Baseball,10,0.0033
1913,364804937,BATTLESHIP®,10,0.0033
1914,1946485937,Besiege Console,10,0.0033
1915,1480659651,Blood Knights,10,0.0033
1916,1112934423,Brave: The Video Game,10,0.0033
1917,1921002833,Crossy Road Castle,10,0.0033
1918,2004939306,Crysis 3 Remastered,10,0.0033
1919,1939160486,Dakar Desert Rally,10,0.0033
1920,1414596758,Darksiders II,10,0.0033
1921,1724847740,Dead Island 2 (Windows),10,0.0033
1922,106901580,Destroy All Humans!,10,0.0033
1923,2131786732,Directive 8020,10,0.0033
1924,355178688,DiRT 4,10,0.0033
1925,2061746629,Don't Starve: Giant Edition,10,0.0033
1926,548464799,EA SPORTS™ UFC®,10,0.0033
1927,1817638967,Echoes of the End: Enhanced Edition,10,0.0033
1928,2046176982,Empire of Sin,10,0.0033
1929,1680223788,FATAL FRAME II: Crimson Butterfly REMAKE,10,0.0033
1930,344311848,For The King,10,0.0033
1931,1804966091,Forager,10,0.0033
1932,1926605815,Funko Fusion,10,0.0033
1933,1702713376,Genesis Noir,10,0.0033
1934,1297287601,Halo: Combat Evolved Anniversary,10,0.0033
1935,1480656912,Heavy Weapon,10,0.0033
1936,1952945858,Hello Engineer Demo,10,0.0033
1937,1682140320,House Flipper Remastered Collection,10,0.0033
1938,2144211794,Iron Harvest Complete Edition,10,0.0033
1939,333457553,Just Dance® 2020,10,0.0033
1940,649279273,King's Quest™,10,0.0033
1941,1694487955,Life is Strange: True Colors,10,0.0033
1942,1480659475,Magic 2013,10,0.0033
1943,645046198,Marvel vs. Capcom: Infinite Demo,10,0.0033
1944,2045704503,Metaball,10,0.0033
1945,1906672574,Middle-earth™: Shadow of Mordor™,10,0.0033
1946,1904044383,Minecraft Preview for Windows,10,0.0033
1947,14233261,Minecraft: Story Mode - Season Two - Episode 1,10,0.0033
1948,1685499852,Monster Hunter Stories 2: Wings of Ruin,10,0.0033
1949,2136659595,Moonbringer,10,0.0033
1950,1948147176,Moving Out,10,0.0033
1951,664898642,NASCAR Heat 3,10,0.0033
1952,2039473401,NINJA GAIDEN Σ,10,0.0033
1953,1844719399,Nobody Wants to Die,10,0.0033
1954,1785122378,Omega Strikers,10,0.0033
1955,926156714,Onimusha: Warlords,10,0.0033
1956,484684099,PAC-MAN 256,10,0.0033
1957,1759144821,PAC-MAN WORLD 2 Re-PAC,10,0.0033
1958,269677862,PING REDUX,10,0.0033
1959,1894255361,Placid Plastic Duck Simulator,10,0.0033
1960,1702524932,Power Rangers: Battle for the Grid,10,0.0033
1961,1480659519,Rayman 3 HD,10,0.0033
1962,2043859430,Revenge of the Savage Planet,10,0.0033
1963,1806655067,RollerCoaster Tycoon Classic,10,0.0033
1964,93901068,Ruiner,10,0.0033
1965,1613348546,Sea of Stars: Sunset Edition,10,0.0033
1966,1414793256,Sid Meier's Pirates!,10,0.0033
1967,1906073826,Skullgirls 2nd Encore,10,0.0033
1968,1657758963,Slay the Princess - The Pristine Cut,10,0.0033
1969,1166935255,Slender: The Arrival (2015),10,0.0033
1970,60656359,SOMA,10,0.0033
1971,1480657415,SONIC THE HEDGEHOG™ 4 Episode I,10,0.0033
1972,2016279503,SOPA - Tale of the Stolen Potato,10,0.0033
1973,1898652037,SOUTH PARK: SNOW DAY!,10,0.0033
1974,1414793283,Spec Ops: The Line,10,0.0033
1975,2125557798,Still Wakes the Deep,10,0.0033
1976,412423425,SWORD ART ONLINE Alicization Lycoris,10,0.0033
1977,1768536074,Symphonia 𝄞,10,0.0033
1978,1691117579,Terminator 2D: NO FATE,10,0.0033
1979,1906078054,TERMINATOR: RESISTANCE,10,0.0033
1980,1661063529,The Adventures of Elliot: The Millennium Tales,10,0.0033
1981,706437546,The Awesome Adventures of Captain Spirit,10,0.0033
1982,1746975118,The Jackbox Party Pack 11,10,0.0033
1983,1619933938,The Survivalists,10,0.0033
1984,1313671253,The Witcher 2,10,0.0033
1985,1806542452,theHunter: Call of the Wild™ - Windows 10,10,0.0033
1986,1963849763,Thymesia,10,0.0033
1987,2070685355,to a T,10,0.0033
1988,1396901866,Tomb Raider: Anniv.,10,0.0033
1989,2019181131,Wasteland 2: Director's Cut,10,0.0033
1990,1812653624,Winds of Arcana: Ruination,10,0.0033
1991,593828894,Absolver,9,0.0029
1992,2016203684,Alaskan Road Truckers: Highway Edition,9,0.0029
1993,1975041917,Amnesia: The Bunker,9,0.0029
1994,1678543324,Aragami 2,9,0.0029
1995,1431505017,Assassin's Creed Revelations,9,0.0029
1996,1754564226,Atlas Fallen: Reign of Sand (Windows),9,0.0029
1997,1844143156,Beach Buggy Racing 2: Island Adventure,9,0.0029
1998,1414793313,BioShock 2,9,0.0029
1999,1969372075,BlazBlue: Cross Tag Battle Special Edition,9,0.0029
2000,1736678881,Bleeding Edge,9,0.0029
2001,1297287135,Blue Dragon,9,0.0029
2002,1711468581,Carry The Glass Demo,9,0.0029
2003,2032548938,Cassette Beasts,9,0.0029
2004,1739606934,Castlevania Advance Collection,9,0.0029
2005,1263405133,Castlevania: LoS 2,9,0.0029
2006,2079449748,Clive Barker's Hellraiser: Revival,9,0.0029
2007,2011564314,Contra: Operation Galuga,9,0.0029
2008,1632107263,Crazy Taxi: World Tour - Multiplayer Closed Network Test,9,0.0029
2009,2123216194,Crysis 2 Remastered,9,0.0029
2010,1414596582,Darksiders,9,0.0029
2011,376779456,Death Road to Canada,9,0.0029
2012,1062046240,Divinity: Original Sin - Enhanced Edition,9,0.0029
2013,1712105499,DRIFTCE,9,0.0029
2014,2050929089,DUCKSIDE (Game Preview),9,0.0029
2015,134413498,EA SPORTS™ NHL® 18,9,0.0029
2016,1234432164,EA SPORTS™ Rory McIlroy PGA TOUR®,9,0.0029
2017,2134693780,EVERSPACE™ 2,9,0.0029
2018,1736752782,Expansion for Explorers,9,0.0029
2019,2094317541,Extreme Cycling Demo,9,0.0029
2020,1464993747,F.E.A.R. 2,9,0.0029
2021,918516972,Farming Simulator 15,9,0.0029
2022,408481962,FIFA 18 Demo,9,0.0029
2023,548611852,FIFA 20 Demo,9,0.0029
2024,1616852724,Full Throttle Remastered,9,0.0029
2025,945174237,Geometry Wars™ 3: Dimensions Evolved,9,0.0029
2026,1968550256,Hobo: Tough Life,9,0.0029
2027,1917135799,HYPERCHARGE Unboxed,9,0.0029
2028,944228222,Journey to the Savage Planet,9,0.0029
2029,1925242158,Library Of Ruina,9,0.0029
2030,149149959,Lies Of Astaroth,9,0.0029
2031,1480656909,Luxor 2,9,0.0029
2032,2147358433,Madden NFL 15,9,0.0029
2033,1906370210,Minecraft: Java Edition,9,0.0029
2034,1983023791,Moving Simulator,9,0.0029
2035,1655054632,My Friendly Neighborhood,9,0.0029
2036,607267025,N++ (NPLUSPLUS),9,0.0029
2037,933693396,ŌKAMI HD,9,0.0029
2038,1893912101,Party Panic,9,0.0029
2039,1641566497,Railroads Online,9,0.0029
2040,1060097466,Serious Sam Collection,9,0.0029
2041,844274714,Skylanders Imaginators,9,0.0029
2042,1649097896,SnowRunner - Windows,9,0.0029
2043,1907729638,Solasta: Crown of the Magister,9,0.0029
2044,1480659985,SOULCALIBUR II HD,9,0.0029
2045,2039224282,Super Monkey Ball Banana Mania,9,0.0029
2046,1770175521,Surviving the Aftermath,9,0.0029
2047,1431504864,TC's EndWar,9,0.0029
2048,1480656886,Texas Hold'em,9,0.0029
2049,1979014977,The Crew,9,0.0029
2050,2007018418,The Hong Kong Massacre,9,0.0029
2051,2110168941,The Rogue Prince of Persia™,9,0.0029
2052,1112934381,Tron: Evolution,9,0.0029
2053,1022548859,Truck Driver,9,0.0029
2054,181948997,WWE 2K15,9,0.0029
2055,1019936697,#IDARB,8,0.0026
2056,390641336,ACA NEOGEO METAL SLUG,8,0.0026
2057,552749870,ACA NEOGEO THE KING OF FIGHTERS '98,8,0.0026
2058,1480656966,Alien Hominid HD,8,0.0026
2059,2072863941,Animal Shelter Simulator,8,0.0026
2060,1161889868,Army of Two™ (EU),8,0.0026
2061,1841822482,Asterix & Obelix XXL3: The Crystal Menhir,8,0.0026
2062,634298669,Bad North: Jotunn Edition,8,0.0026
2063,965872275,Ben 10,8,0.0026
2064,1663573292,Bendy and the Dark Revival,8,0.0026
2065,1723972808,Berry Bury Berry,8,0.0026
2066,1850970705,Blazing Chrome,8,0.0026
2067,1617823540,Bomb Rush Cyberfunk,8,0.0026
2068,2077036451,Cake Bash,8,0.0026
2069,2102100337,Cake Bash Demo,8,0.0026
2070,1852853299,Call of Duty®: WWII (Windows),8,0.0026
2071,1480659655,Castle of Illusion,8,0.0026
2072,2012135933,Castlevania Dominus Collection,8,0.0026
2073,1480656871,Cloning Clyde,8,0.0026
2074,1642353875,Craftopia (Game Preview),8,0.0026
2075,502883447,Dead Island Retro Revenge,8,0.0026
2076,1836115301,Docked,8,0.0026
2077,2125974437,Door Kickers: Action Squad,8,0.0026
2078,1629928134,DRAGON QUEST III HD-2D Remake,8,0.0026
2079,1431505022,Driver San Francisco,8,0.0026
2080,1692013692,Duskfade,8,0.0026
2081,1558010571,DYNASTY WARRIORS 8 Empires,8,0.0026
2082,1930656280,Enotria: The Last Song,8,0.0026
2083,1480659903,Far Cry® 3 Blood Dragon,8,0.0026
2084,1733492292,Finding Frankie,8,0.0026
2085,1770590742,Football Manager 2024 Console,8,0.0026
2086,1795518228,Forever Skies,8,0.0026
2087,1480656915,Frogger,8,0.0026
2088,21230315,Genesis Alpha One,8,0.0026
2089,1730221723,Ghostrunner 2,8,0.0026
2090,341719186,"Guns, Gore and Cannoli 2",8,0.0026
2091,2028516160,Hardspace: Shipbreaker - Windows,8,0.0026
2092,1812810851,Haste,8,0.0026
2093,1735401164,Honeycomb: The World Beyond,8,0.0026
2094,1666334166,HoneyLand,8,0.0026
2095,1958841023,Horror Adventure Demo,8,0.0026
2096,1964820394,Hotline Miami Collection,8,0.0026
2097,1026512979,How to Survive: Storm Warning Edition,8,0.0026
2098,1498810322,Hunter: The Reckoning,8,0.0026
2099,1944442924,Jet Battle : Remastered Demo,8,0.0026
2100,1632716739,Kvark,8,0.0026
2101,1128466480,Lost Planet 3,8,0.0026
2102,1263405116,MGS PW HD,8,0.0026
2103,1973367334,MindsEye,8,0.0026
2104,1679173794,MotoGP™21,8,0.0026
2105,2031634495,Mutant Football League 2,8,0.0026
2106,1480656988,N+,8,0.0026
2107,498956148,NASCAR Heat 2,8,0.0026
2108,113198981,NBA 2K18: The Prelude,8,0.0026
2109,1634565765,NHL® 94 REWIND,8,0.0026
2110,1263929316,NINJA GAIDEN 3: RE,8,0.0026
2111,1793335544,ONE PIECE ODYSSEY Demo,8,0.0026
2112,1734289672,"ONYX-PRO, Inside the Game: Grounded 2 Artbook and Soundtrack",8,0.0026
2113,806794764,Override: Mech City Brawl,8,0.0026
2114,1894365262,PAW Patrol: Grand Prix,8,0.0026
2115,1641334275,Phantom Breaker: Omnia,8,0.0026
2116,2046628793,PixARK,8,0.0026
2117,1715636420,Pummel Party,8,0.0026
2118,1770386582,Pure Pool Pro,8,0.0026
2119,1480657006,Puzzle Fighter HD,8,0.0026
2120,1824086117,REANIMAL - Demo,8,0.0026
2121,1820242486,Roguebook Xbox Series X|S,8,0.0026
2122,2138535394,Rugby League Live 3,8,0.0026
2123,2045526445,S.T.A.L.K.E.R.: Clear Sky - Enhanced Edition,8,0.0026
2124,1263339473,Sacred 2 Fallen Angel,8,0.0026
2125,1628932021,Scott Pilgrim EX,8,0.0026
2126,1726081569,Seal: WHAT the FUN,8,0.0026
2127,2123131012,Serious Sam: Shatterverse,8,0.0026
2128,1263405029,Silent Hill Homecoming,8,0.0026
2129,2100742349,Sir Whoopass,8,0.0026
2130,1147123126,Skylanders Trap Team,8,0.0026
2131,1785888386,Snake.io,8,0.0026
2132,1480659442,SONIC 4 Episode II,8,0.0026
2133,1480656995,Sonic The Hedgehog 2,8,0.0026
2134,1859601917,Spellbreak,8,0.0026
2135,2002882362,Squirrel with a Gun,8,0.0026
2136,1940560837,Sudden Strike 5,8,0.0026
2137,2003002635,Survival: Foutain of Youth - Captain's Edition,8,0.0026
2138,1431504855,TC's SC Double Agent,8,0.0026
2139,2016552136,The Catch: Carp & Coarse Fishing,8,0.0026
2140,1480659512,The Cave,8,0.0026
2141,939155231,The Council - Episode 1: The Mad Ones,8,0.0026
2142,1731548634,The Dark Pictures Anthology: Little Hope,8,0.0026
2143,2099988016,Ticket to Ride®,8,0.0026
2144,467118163,Titan Quest,8,0.0026
2145,2147214039,TRIANGLE STRATEGY,8,0.0026
2146,2008180842,Ultimate General: Civil War,8,0.0026
2147,103629720,V-Rally 4,8,0.0026
2148,1654418819,Vampire Hunters,8,0.0026
2149,1995157831,Wildfrost,8,0.0026
2150,2008301104,Wildgate,8,0.0026
2151,1888936506,Worms Armageddon: Anniversary Edition,8,0.0026
2152,1839962476,Yakuza Kiwami,8,0.0026
2153,1263405122,ZOE HD ,8,0.0026
2154,1955180046,Zoo Tycoon Demo,8,0.0026
2155,2002870555,A Little to the Left,7,0.0023
2156,1313671121,ACE COMBAT 6,7,0.0023
2157,1689096270,Active Matter Demo,7,0.0023
2158,701037441,Age of Wonders: Planetfall,7,0.0023
2159,1897918694,Airport Baggage Sim,7,0.0023
2160,1708780346,Are You Smarter Than A 5th Grader?,7,0.0023
2161,1743279702,Arma Reforger - Experimental,7,0.0023
2162,1805978609,Baby Shark™: Sing & Swim Party,7,0.0023
2163,2049111049,Bendy and the Ink Machine (Xbox Series X|S),7,0.0023
2164,1414793309,BioShock Infinite,7,0.0023
2165,1112934366,Bolt,7,0.0023
2166,1636606847,Call of Duty®: Modern Warfare® - Digital Standard Edition (Windows),7,0.0023
2167,1414596609,Cars MN,7,0.0023
2168,768615691,Chess Ultra,7,0.0023
2169,2005154977,Children of Morta,7,0.0023
2170,694139546,Crawl,7,0.0023
2171,2077764934,Crysis Remastered,7,0.0023
2172,1702263299,CULTIC,7,0.0023
2173,1935688591,Daemon X Machina: Titanic Scion,7,0.0023
2174,2065869943,Danganronpa V3: Killing Harmony Anniversary Edition,7,0.0023
2175,2094503132,Darwin's Paradox!,7,0.0023
2176,1413679057,DEAD OR ALIVE 4,7,0.0023
2177,1893812325,Digital Story & Art Collection - Halo: Campaign Evolved,7,0.0023
2178,1129121861,DiRT Showdown,7,0.0023
2179,1974043980,Disney Classic Games: Aladdin and The Lion King,7,0.0023
2180,2013511408,DOOM Eternal (BATTLEMODE - PC),7,0.0023
2181,1641402901,Double Dragon Gaiden: Rise of the Dragons,7,0.0023
2182,1767994732,Dragonkin: The Banished,7,0.0023
2183,1640323097,DYNASTY WARRIORS 9 Empires,7,0.0023
2184,1770110484,EMPULSE (Game Preview),7,0.0023
2185,1644006979,ENDLESS Legend™ 2,7,0.0023
2186,1958827848,Eternal Card Game,7,0.0023
2187,180750187,F1™ 2017,7,0.0023
2188,1480657527,Faery: Legends of Avalon,7,0.0023
2189,1850924057,Fishing: North Atlantic,7,0.0023
2190,1966202553,Fishing: North Atlantic Enhanced Edition,7,0.0023
2191,1890880304,Fobia - St. Dinfna Hotel,7,0.0023
2192,1645941300,Footoys League World Soccer,7,0.0023
2193,321736949,Forza Motorsport 6 Demo,7,0.0023
2194,1480657265,GAROU MOW,7,0.0023
2195,2005313515,Garten of Banban 7,7,0.0023
2196,2036291363,Garten of Banban 8: Anti Devil,7,0.0023
2197,1734964144,Ghosts 'n Goblins Resurrection,7,0.0023
2198,1784112295,Godfall,7,0.0023
2199,943719970,GRID,7,0.0023
2200,1836942975,Grind Survivors,7,0.0023
2201,1829337400,Have a Nice Death,7,0.0023
2202,2026289722,Heroes of Might and Magic: Olden Era (Game Preview),7,0.0023
2203,1660075534,Hunting Simulator 2 Xbox One,7,0.0023
2204,1977008263,JoJo's Bizarre Adventure: All-Star Battle R Demo Version,7,0.0023
2205,1749806231,Keep Talking and Nobody Explodes,7,0.0023
2206,1640763780,KIBORG,7,0.0023
2207,1794442596,KINGDOM HEARTS Melody of Memory DEMO Version (International),7,0.0023
2208,1464993821,LEGO® Lord of the Rings™,7,0.0023
2209,542819315,Life is Strange: Before the Storm Episode 1,7,0.0023
2210,1778148060,Little Witch in the Woods,7,0.0023
2211,1128466398,LOST PLANET COLONIES,7,0.0023
2212,1973635123,Mad Streets,7,0.0023
2213,142841733,Madden NFL 25,7,0.0023
2214,746718051,Mafia III Demo,7,0.0023
2215,2021132620,Mandragora: Whispers of the Witch Tree,7,0.0023
2216,1886514325,Marble It Up! Ultra,7,0.0023
2217,350075261,Marvel Heroes Omega,7,0.0023
2218,322384131,Marvel: Ultimate Alliance,7,0.0023
2219,23963413,Mega Man Zero/ZX Legacy Collection,7,0.0023
2220,1743064739,METAL GEAR SOLID: MASTER COLLECTION Vol.2 BONUS CONTENT,7,0.0023
2221,2143308729,Monster Hunter Stories,7,0.0023
2222,1698746853,MotoGP™23,7,0.0023
2223,1891931390,MXGP 2021 - The Official Motocross Videogame - Xbox Series X|S,7,0.0023
2224,1696839999,MXGP 24: The Official Game,7,0.0023
2225,1817032347,My Little Pony: A Zephyr Heights Mystery,7,0.0023
2226,2040686890,My Time at Sandrock,7,0.0023
2227,1744612607,Nova Roma (Game Preview),7,0.0023
2228,1059087507,Octodad: Dadliest Catch,7,0.0023
2229,1847106181,Oppidum,7,0.0023
2230,2034484895,Out of Space: Couch Edition,7,0.0023
2231,1912801032,PAW Patrol The Movie: Adventure City Calls,7,0.0023
2232,1971028549,PAW Patrol™: Dino World,7,0.0023
2233,2100880776,Pentiment,7,0.0023
2234,1991248961,PHOGS!,7,0.0023
2235,2142624894,PHOGS! Demo,7,0.0023
2236,1731213835,Pickup Driving - Free,7,0.0023
2237,1818736509,Pinball FX2 Windows 10 Edition,7,0.0023
2238,1907381044,Project Cars,7,0.0023
2239,1112934361,Pure,7,0.0023
2240,1431504886,R.U.S.E.,7,0.0023
2241,1901782415,Railway Empire 2 (Win),7,0.0023
2242,1414596703,Red Faction: Armageddon,7,0.0023
2243,773588741,RICO,7,0.0023
2244,1914565485,Risk of Rain,7,0.0023
2245,1414793183,Rockstar Table Tennis,7,0.0023
2246,1704946873,Romancing SaGa 2: Revenge of the Seven,7,0.0023
2247,2028931904,Rugby 20,7,0.0023
2248,1263405009,Rumble Roses XX,7,0.0023
2249,1693521674,Rumbleverse,7,0.0023
2250,1779343248,Sclash,7,0.0023
2251,1979417101,SD GUNDAM BATTLE ALLIANCE,7,0.0023
2252,1953391836,Shadowrun Returns,7,0.0023
2253,1619485722,Shadows of Doubt,7,0.0023
2254,2040578587,SHINOBI: Art of Vengeance,7,0.0023
2255,1613869684,Skylanders SWAP Force,7,0.0023
2256,1764701974,Sniper Dan - Demo,7,0.0023
2257,1179584488,Sniper Elite V2,7,0.0023
2258,1480656996,Sonic The Hedgehog,7,0.0023
2259,1930212330,Space Moves,7,0.0023
2260,82653045,Starlink: Battle for Atlas,7,0.0023
2261,1414596596,Stuntman: Ignition,7,0.0023
2262,1949756621,Surgeon Simulator 2,7,0.0023
2263,2002977221,Tails of Iron,7,0.0023
2264,308135722,Tales of Vesperia™: Definitive Edition,7,0.0023
2265,1915523932,Tempopo,7,0.0023
2266,1733173772,The Bard's Tale Trilogy,7,0.0023
2267,2047811112,The Last Hero of Nostalgaia,7,0.0023
2268,2120497068,The Smurfs - Village Party,7,0.0023
2269,1900056095,The Walking Dead: Streets of Survival,7,0.0023
2270,874691210,This War of Mine: The Little Ones,7,0.0023
2271,1279330262,Thrillville: OTR,7,0.0023
2272,1807962365,Tiny Tina's Assault on Dragon Keep: A Wonderlands One-shot Adventure,7,0.0023
2273,1891146321,Tower Dominion,7,0.0023
2274,1480657580,Toy Soldiers: Cold War,7,0.0023
2275,1905434171,TRAIL OUT,7,0.0023
2276,1642785895,TRANSFORMERS: EARTHSPARK - Expedition,7,0.0023
2277,52523189,Trials of the Blood Dragon,7,0.0023
2278,1926154049,Wasteland Remastered,7,0.0023
2279,1696868991,WRC Generations - The FIA WRC Official Game,7,0.0023
2280,2091194104,Wreckfest,7,0.0023
2281,518528069,Yooka-Laylee,7,0.0023
2282,1480657371,A World of Keflings ,6,0.002
2283,731026222,ACA NEOGEO METAL SLUG X,6,0.002
2284,420401391,ACA NEOGEO THE KING OF FIGHTERS 2000,6,0.002
2285,1672129931,Across the Obelisk,6,0.002
2286,1758633519,Alien Hominid HD,6,0.002
2287,652901378,APB Reloaded,6,0.002
2288,2076917277,Army of Ruin,6,0.002
2289,132590840,Assassin's Creed® Chronicles: India,6,0.002
2290,2006171548,Battle Brothers,6,0.002
2291,1480657278,Battlefield 1943™,6,0.002
2292,2024847837,Bee Simulator,6,0.002
2293,1021034070,Big Buck Hunter Arcade,6,0.002
2294,2111261259,Biped,6,0.002
2295,402049843,Black Desert,6,0.002
2296,1714151217,Blair Witch,6,0.002
2297,1896582181,Bramble: The Mountain King,6,0.002
2298,435779585,Capcom Beat 'Em Up Bundle,6,0.002
2299,1936376749,Capcom Fighting Collection,6,0.002
2300,1480656960,Carcassonne,6,0.002
2301,1898707353,Card Storm Idle (Xbox One),6,0.002
2302,1872307318,Chef Life: A Restaurant Simulator,6,0.002
2303,1889886349,Chess Royal,6,0.002
2304,1717280173,CHRONO CROSS: THE RADICAL DREAMERS EDITION,6,0.002
2305,2102465429,Coffee Talk,6,0.002
2306,1414596570,Conan,6,0.002
2307,1480659546,Counter-Strike: GO,6,0.002
2308,35820305,Crackdown 3: Wrecking Zone,6,0.002
2309,1793068898,Crazy Cats vs. Crazy Cyborgs (Xbox Series X|S),6,0.002
2310,893913056,Destroy All Humans (2005),6,0.002
2311,1480656932,DOOM,6,0.002
2312,2109921570,DYNASTY WARRIORS: ORIGINS Demo,6,0.002
2313,1748036661,Electrician Simulator,6,0.002
2314,1756983532,Evil Genius 2: World Domination,6,0.002
2315,1480659518,Far Cry Classic,6,0.002
2316,2058322661,FATAL FRAME II: Crimson Butterfly REMAKE Demo,6,0.002
2317,1775857297,FatalZone,6,0.002
2318,1079518187,FINAL FANTASY TYPE-0 HD,6,0.002
2319,1756167397,FINAL FANTASY XVI DEMO,6,0.002
2320,1835944487,Five Nights at Freddy's Into the Pit,6,0.002
2321,1882538785,Forgive Me Father 2,6,0.002
2322,1519874468,Forza Horizon 2 Presents Fast & Furious,6,0.002
2323,1980291965,FPV Simulator,6,0.002
2324,1856172970,Game of Thrones - Episode 1: Iron from Ice,6,0.002
2325,1229391860,Ghostbusters,6,0.002
2326,2101636955,Grand Theft Auto V Legacy (PC),6,0.002
2327,2123584275,Graveyard Keeper 2,6,0.002
2328,2143007580,Great God Grove,6,0.002
2329,1129121860,GRID 2,6,0.002
2330,1297287287,Halo 3: ODST Campaign Edition,6,0.002
2331,1654652604,Heavy Cargo - The Truck Simulator,6,0.002
2332,2058317945,Hotel Renovator,6,0.002
2333,1945528318,Idle Devils,6,0.002
2334,1966310183,Just Dance® 2022,6,0.002
2335,1055556936,Kingdom New Lands,6,0.002
2336,1480657105,KOF98UM,6,0.002
2337,522988823,LA Cops,6,0.002
2338,1799885509,Labyrinthine - Console Edition,6,0.002
2339,2055909129,Legacy of Kain: Defiance Remastered,6,0.002
2340,2096549844,Liftoff: Drone Racing,6,0.002
2341,2045560230,LIMBO,6,0.002
2342,1987951399,Lonely Mountains: Downhill,6,0.002
2343,1271641024,Lords of the Fallen (2014),6,0.002
2344,433988710,MASSIVE CHALICE,6,0.002
2345,1839762073,Meccha Paint,6,0.002
2346,1480660055,MONOPOLY PLUS,6,0.002
2347,1671144891,New Joe & Mac - Caveman Ninja,6,0.002
2348,1961823263,NHL® 22 Xbox Series X|S,6,0.002
2349,1846760960,Nickelodeon Kart Racers 3: Slime Speedway,6,0.002
2350,594585699,Nidhogg 2,6,0.002
2351,1700516900,NINJA GAIDEN 3: Razor's Edge,6,0.002
2352,1413679061,NINJA GAIDEN II,6,0.002
2353,1776537169,NINJA GAIDEN Σ2,6,0.002
2354,1814825729,No More Heroes 3,6,0.002
2355,1903313113,Orcs Must Die! Deathtrap,6,0.002
2356,1480657015,Pac-Man C.E.,6,0.002
2357,2089042924,Paleo Pines,6,0.002
2358,1712366974,PC Building Simulator,6,0.002
2359,1480660022,Peggle ® 2,6,0.002
2360,1664709987,Persona 3 Reload - Demo,6,0.002
2361,1789157539,Puyo Puyo™ Tetris® 2,6,0.002
2362,1781025707,RESIDENT EVIL 2 R.P.D. Demo,6,0.002
2363,1818899854,Resident Evil 3: Raccoon City Demo,6,0.002
2364,1313671123,Ridge Racer 6,6,0.002
2365,1910888016,Rival Stars Horse Racing,6,0.002
2366,826442297,Road Rage,6,0.002
2367,1685686710,Rogue Legacy 2,6,0.002
2368,1652661000,Rugby Challenge 4,6,0.002
2369,764522213,Runbow,6,0.002
2370,1935829261,Shadowrun: Hong Kong - Extended Edition,6,0.002
2371,1866950192,Shady Part of Me,6,0.002
2372,21560138,Sheltered,6,0.002
2373,902608,Sky Force Reloaded,6,0.002
2374,288915516,Skyforge,6,0.002
2375,2128705961,Solitaire HD,6,0.002
2376,1480657315,Sonic The Hedgehog 3,6,0.002
2377,1719161140,Spiritfall,6,0.002
2378,1663285336,STAR WARS™: Bounty Hunter™,6,0.002
2379,2116409833,Stick Infinite Kingdom - Demo,6,0.002
2380,2083038530,STRANGER THAN HEAVEN,6,0.002
2381,2023806716,Styx: Master of Shadows,6,0.002
2382,1841866029,Super Bomberman R Online,6,0.002
2383,1655214141,Super World Run - Adventure Game,6,0.002
2384,1624264477,Taiko no Tatsujin: The Drum Master!,6,0.002
2385,1984077720,Tales of the Shire: A The Lord of The Rings™ Game,6,0.002
2386,972022825,Tetris® Ultimate,6,0.002
2387,1968679051,The Cabin Factory,6,0.002
2388,129773809,The Disney Afternoon Collection,6,0.002
2389,1811248495,The Jackbox Party Pack 10,6,0.002
2390,1701212022,The Jackbox Party Pack 8,6,0.002
2391,1987184613,The Jackbox Party Pack 9,6,0.002
2392,1781023780,The Medium,6,0.002
2393,1431505093,The Stick of Truth™,6,0.002
2394,1858859325,The Thing: Remastered,6,0.002
2395,2089424131,This War of Mine: Final Cut,6,0.002
2396,1842878873,Tour de France 2026,6,0.002
2397,1669996905,Train Sim World® 3,6,0.002
2398,286890904,TRANSFORMERS: Fall of Cybertron,6,0.002
2399,2061866976,Trek to Yomi,6,0.002
2400,1987230441,Turmoil,6,0.002
2401,1749676903,Two Point Campus,6,0.002
2402,2123218936,Unmourned Demo,6,0.002
2403,1297549275,Unreal Tournament III,6,0.002
2404,1926895632,We Were Here,6,0.002
2405,1892485156,We Were Here Expeditions: The FriendShip,6,0.002
2406,1781945767,Wizard of Legend 2,6,0.002
2407,1751765267,Wrap House Simulator,6,0.002
2408,1715513058,Wrap House Simulator Demo,6,0.002
2409,1048549433,WRC 6 FIA World Rally Championship,6,0.002
2410,2040239934,XDefiant,6,0.002
2411,2069910424,Yakuza 0 Director's Cut,6,0.002
2412,1788295676,Yakuza 4 Remastered,6,0.002
2413,2081112709,Zaccaria Pinball,6,0.002
2414,473358447,Zoo Tycoon: Ultimate Animal Collection Demo,6,0.002
2415,570085654,8-Bit RTS Series,5,0.0016
2416,1828682259,9th Dawn III,5,0.0016
2417,1643586123,A Tower Full of Cats,5,0.0016
2418,1528308274,Aaero,5,0.0016
2419,983914761,ACA NEOGEO METAL SLUG 3,5,0.0016
2420,678033734,ACA NEOGEO THE KING OF FIGHTERS 2003,5,0.0016
2421,2023402980,Achilles: Legends Untold,5,0.0016
2422,1480656956,Aegis Wing,5,0.0016
2423,2099005661,AI: THE SOMNIUM FILES Nirvana Initiative,5,0.0016
2424,1480660006,AirMech Arena,5,0.0016
2425,1798477678,AO Tennis 2,5,0.0016
2426,1741728886,Arcade Paradise,5,0.0016
2427,1431504989,Assassin's Creed Brotherhood,5,0.0016
2428,1744435907,Atelier Yumia: The Alchemist of Memories & the Envisioned Land (Xbox Series X|S),5,0.0016
2429,433520651,Attack on Titan,5,0.0016
2430,1949426934,AVICII Invector,5,0.0016
2431,975485641,Back to the Future: The Game - 30th Anniversary Edition,5,0.0016
2432,1614240330,Baldur's Gate: Dark Alliance,5,0.0016
2433,1480656876,Bankshot Billiards 2,5,0.0016
2434,1798776797,Bendy and the Dark Revival (Xbox Series X|S),5,0.0016
2435,366165352,Blacksad - Under the Skin (Xbox One),5,0.0016
2436,1988745404,Blazing Beaks,5,0.0016
2437,1661717515,Blood Bowl 3,5,0.0016
2438,2109985750,Blood: Refreshed Supply,5,0.0016
2439,1024154899,Boggle,5,0.0016
2440,1984334078,Boom Robots,5,0.0016
2441,1906603484,Bravery and Greed,5,0.0016
2442,1879813340,Breathedge,5,0.0016
2443,2038940671,Bridge Race,5,0.0016
2444,2116095486,Care Bears: To The Rescue,5,0.0016
2445,1480659976,Castlevania: LoS - Mirror of Fate HD,5,0.0016
2446,2137663855,Chip ‘n Clawz vs. The Brainioids,5,0.0016
2447,1842022716,Colt Canyon,5,0.0016
2448,1397032914,Condemned,5,0.0016
2449,54541475,Construction Simulator 2 US - Console Edition,5,0.0016
2450,2079295420,Crash Team Rumble™,5,0.0016
2451,2074622046,Crazy Cats vs. Crazy Cyborgs,5,0.0016
2452,1916543336,Croc's World (Xbox-Edition),5,0.0016
2453,1691794314,Dark Deception Demo,5,0.0016
2454,1798666879,Dark Deception: Monsters & Mortals,5,0.0016
2455,1867293778,Darwin Project,5,0.0016
2456,1622132960,Dead Cells,5,0.0016
2457,1480657513,Deadliest Warrior,5,0.0016
2458,1480657756,Deadliest Warrior: Legends,5,0.0016
2459,419349778,Defiance 2050,5,0.0016
2460,2116371080,Dicey Dungeons,5,0.0016
2461,338090394,Dirt Rally,5,0.0016
2462,1951675244,DJMAX RESPECT V,5,0.0016
2463,576050592,DOOM Demo,5,0.0016
2464,2078926688,DOOM II (Classic),5,0.0016
2465,1480657549,DR2: CASE ZERO,5,0.0016
2466,1648958347,Dragon Quest Heroes: Torneko‘s Mystery Dungeon -Classic HD-,5,0.0016
2467,1757950833,DreamWorks All-Star Kart Racing,5,0.0016
2468,1771234675,Dungeons 4,5,0.0016
2469,1891307332,Dustborn,5,0.0016
2470,468454494,EA SPORTS™ FIFA 17 Downloadable Demo,5,0.0016
2471,492699383,EA SPORTS™ NHL® 17,5,0.0016
2472,1146095609,Earth Defense Force: IA,5,0.0016
2473,1983248568,Eiyuden Chronicle: Hundred Heroes,5,0.0016
2474,572417720,Emily Wants To Play,5,0.0016
2475,2107704310,Extreme Bike Racing (Demo),5,0.0016
2476,1448413145,F.E.A.R.,5,0.0016
2477,1479130986,FIFA 15 Downloadable Demo,5,0.0016
2478,1615690100,FINAL FANTASY VII REBIRTH DEMO,5,0.0016
2479,1975562587,Forgive Me Father,5,0.0016
2480,564985242,Forza Horizon 3 Demo,5,0.0016
2481,1976337452,Froggy Hates Snow Demo,5,0.0016
2482,1414596568,Frontlines:Fuel of War,5,0.0016
2483,1717888621,Galaxy Control: Arena,5,0.0016
2484,2079183119,Gord,5,0.0016
2485,1758952227,Gothic 1 Remake - Demo,5,0.0016
2486,1705150859,Greedland,5,0.0016
2487,1924130173,Haven,5,0.0016
2488,1880214966,Hello Neighbor: Hide and Seek,5,0.0016
2489,446981050,Hitman: Absolution HD,5,0.0016
2490,758563081,Horizon Chase Turbo,5,0.0016
2491,939695563,Hotshot Racing,5,0.0016
2492,1822775483,How To Catch Fish,5,0.0016
2493,1480657722,I Am Alive™,5,0.0016
2494,1480657435,ilomilo ,5,0.0016
2495,2037481046,Inertial Drift,5,0.0016
2496,1779354193,Infernax,5,0.0016
2497,1480660105,JUJU,5,0.0016
2498,1206122062,Just Dance 2016,5,0.0016
2499,1840996916,Kinect Sports Rivals,5,0.0016
2500,1956902009,Kynseed,5,0.0016
2501,1912466607,Laundry Store Simulator,5,0.0016
2502,1833447683,Legacy of Kain™ Soul Reaver 1&2 Remastered,5,0.0016
2503,1615223185,Liquor Store Simulator,5,0.0016
2504,1480657727,Magic 2012,5,0.0016
2505,1537894068,Magic 2015,5,0.0016
2506,1884916396,MARVEL MaXimum Collection,5,0.0016
2507,1414793292,Max Payne,5,0.0016
2508,1772597205,METAL GEAR SOLID: MASTER COLLECTION Vol.1 BONUS CONTENT,5,0.0016
2509,888477147,METAL GEAR SURVIVE,5,0.0016
2510,1766280986,METAL SLUG ATTACK RELOADED,5,0.0016
2511,284143677,Momodora: Reverie Under the Moonlight,5,0.0016
2512,2078832385,Monster Energy Supercross 4 - Xbox Series X|S,5,0.0016
2513,1480657679,Motocross Madness,5,0.0016
2514,634240708,MotoGP™19,5,0.0016
2515,2079227086,MotoGP™20,5,0.0016
2516,593565047,MY HERO ONE’S JUSTICE,5,0.0016
2517,1670201710,My Little Universe Demo,5,0.0016
2518,1737346272,Neverwinter Nights: Enhanced Edition,5,0.0016
2519,125341318,Night in the Woods,5,0.0016
2520,1980658153,NO THING,5,0.0016
2521,2041914938,Nuclear Throne,5,0.0016
2522,1819944286,Nun Massacre,5,0.0016
2523,2086200115,OCTOPATH TRAVELER II,5,0.0016
2524,301029247,Oddworld: New 'n' Tasty,5,0.0016
2525,303740234,Oh...Sir! The Insult Simulator,5,0.0016
2526,1129121801,Overlord II,5,0.0016
2527,1161365458,P4A,5,0.0016
2528,1906677498,PAC-MAN MUSEUM+,5,0.0016
2529,175738476,PAC-MAN™ CHAMPIONSHIP EDITION 2 DEMO,5,0.0016
2530,1815686049,Paper io 2,5,0.0016
2531,884526952,Planetbase,5,0.0016
2532,2071988780,Port Royale 4,5,0.0016
2533,1414793184,Prey,5,0.0016
2534,1431504958,Prince of Persia The Forgotten Sands™,5,0.0016
2535,104182544,Pro Evolution Soccer 2016,5,0.0016
2536,1690692770,Pro Jank Footy,5,0.0016
2537,572054432,Project CARS 3,5,0.0016
2538,965890138,Project Highrise: Architect's Edition,5,0.0016
2539,993540759,Pure Hold'em™,5,0.0016
2540,1996943027,Revhead,5,0.0016
2541,1619865604,Ring of Pain,5,0.0016
2542,1263339520,Saints Row: Gat Out of Hell   ,5,0.0016
2543,1532956420,Sébastien Loeb Rally EVO,5,0.0016
2544,1939956128,Shadowrun: Dragonfall - Director's Cut PC,5,0.0016
2545,1709151881,Ship Graveyard Simulator 2,5,0.0016
2546,247124088,Shovel Knight: Treasure Trove,5,0.0016
2547,1916393313,SIGNALIS,5,0.0016
2548,842462247,Slayaway Camp: Butcher's Cut,5,0.0016
2549,1957476784,Sniper Elite V2 Remastered,5,0.0016
2550,1480659614,Sonic the Fighters,5,0.0016
2551,2116209805,Soul Hackers 2,5,0.0016
2552,2033340677,Speed Car Fighter : Remastered Demo,5,0.0016
2553,1633340711,Spray Paint Simulator,5,0.0016
2554,1917594775,Stampede: Racing Royale (Game Preview),5,0.0016
2555,1618827907,Starbound,5,0.0016
2556,1928799402,StarCraft® Remastered,5,0.0016
2557,1876484566,STORY OF SEASONS: Friends of Mineral Town,5,0.0016
2558,2079765251,Streets of Rogue,5,0.0016
2559,1995931888,Sunderfolk,5,0.0016
2560,1798675306,Super Box Delivery: Beyond the Horizon,5,0.0016
2561,1958529503,Super Dark Deception,5,0.0016
2562,1830126483,Super Kids Racing : Remastered Demo,5,0.0016
2563,2059797788,Super Meat Boy Forever,5,0.0016
2564,1648312485,Super Woden Rally Edge,5,0.0016
2565,405775731,Surviving Mars,5,0.0016
2566,1649102497,SWORD ART ONLINE Fractured Daydream,5,0.0016
2567,2015998604,Syberia - The World Before,5,0.0016
2568,2070375454,SYNDUALITY Echo of Ada,5,0.0016
2569,1981157496,System Shock,5,0.0016
2570,1431504853,TC's GRAW,5,0.0016
2571,2026036902,Tears of Metal (Game Preview),5,0.0016
2572,1733855657,Tech Glitch,5,0.0016
2573,1480657504,Tecmo Bowl Throwback®,5,0.0016
2574,1873939850,Teenage Mutant Ninja Turtles Arcade: Wrath of the Mutants,5,0.0016
2575,29770197,Teenage Mutant Ninja Turtles™: Mutants in Manhattan,5,0.0016
2576,1037418183,Tennis World Tour,5,0.0016
2577,1719207328,TERMINATOR: RESISTANCE - COMPLETE EDITION,5,0.0016
2578,1938484197,The Adventures of Elliot: The Millennium Tales Prologue Demo,5,0.0016
2579,836165876,The Ascent,5,0.0016
2580,1774362586,The Backrooms 1998,5,0.0016
2581,1414793357,The Darkness II,5,0.0016
2582,2142793070,The Grinch: Christmas Adventures,5,0.0016
2583,2011673728,THE HOUSE OF THE DEAD 2: Remake,5,0.0016
2584,2052100489,The Invincible,5,0.0016
2585,1852093214,The King is Watching,5,0.0016
2586,1772965835,The Last Stand: Aftermath,5,0.0016
2587,901516198,The Surge 2,5,0.0016
2588,2128187549,The Walking Zombie 2,5,0.0016
2589,1967005422,The Wandering Village,5,0.0016
2590,2068094397,To the Moon and Beyond,5,0.0016
2591,1702020699,Tourist Bus Simulator,5,0.0016
2592,1480660067,Toybox Turbos,5,0.0016
2593,1529724759,Transformers: The Dark Spark,5,0.0016
2594,1952170881,Two Strikes,5,0.0016
2595,2118758715,Unknown 9: Awakening,5,0.0016
2596,2102312061,Unrailed!,5,0.0016
2597,1620095408,Until Then,5,0.0016
2598,944836149,Valkyria Chronicles 4,5,0.0016
2599,1884076770,Visage,5,0.0016
2600,1778298055,Void Bastards,5,0.0016
2601,133113455,Voodoo Vince: Remastered,5,0.0016
2602,2078235268,"Warhammer 40,000: Shootas, Blood & Teef",5,0.0016
2603,2039837995,We Were Here Forever,5,0.0016
2604,1807860559,Werewolf: The Apocalypse - Earthblood Xbox Series X|S,5,0.0016
2605,861949148,What Remains of Edith Finch,5,0.0016
2606,940586683,Wizard of Legend,5,0.0016
2607,2129059621,Wobbledogs Console Edition,5,0.0016
2608,2008811924,Wolfenstein II: The New Colossus,5,0.0016
2609,1677025209,Wolfenstein: The New Order (PC),5,0.0016
2610,1894333860,WRC 8 FIA World Rally Championship Xbox One,5,0.0016
2611,1922758426,WRC 9 FIA World Rally Championship,5,0.0016
2612,1628545700,Zombies ruined my day Demo,5,0.0016
2613,188225844,11-11 Memories Retold,4,0.0013
2614,2073237270,60 Parsecs!,4,0.0013
2615,767105780,8 To Glory - The Official Game of the PBR,4,0.0013
2616,1682735559,9 Monkeys of Shaolin,4,0.0013
2617,1722019576,9th Dawn Remake,4,0.0013
2618,1480657115,A Kingdom for Keflings,4,0.0013
2619,398132983,ACA NEOGEO METAL SLUG 2,4,0.0013
2620,442527816,ACA NEOGEO THE KING OF FIGHTERS 2001,4,0.0013
2621,1660341261,ACA2NEOGEO THE KING OF FIGHTERS '98,4,0.0013
2622,1777027693,Adv File Explorer (FullTrust),4,0.0013
2623,1628334164,Adventures of a Cat In Space Demo,4,0.0013
2624,1763236945,AFL Evolution 2,4,0.0013
2625,2083780130,Against the Storm,4,0.0013
2626,1635676165,Agatha Christie - Hercule Poirot: The First Cases,4,0.0013
2627,1064538690,Air Missions: HIND,4,0.0013
2628,946215144,AirMech® Arena,4,0.0013
2629,1958267791,AK-xolotl: Together,4,0.0013
2630,1480659507,Alan Wake's American Nightmare ®,4,0.0013
2631,2000460393,Alien Hominid Invasion,4,0.0013
2632,1712068512,Amanda the Adventurer,4,0.0013
2633,1742707305,Ambulance Life: A Paramedic Simulator,4,0.0013
2634,189808036,American Fugitive,4,0.0013
2635,880413309,Amnesia: Collection,4,0.0013
2636,1757356654,Andro Dunos 2,4,0.0013
2637,1828567307,Angry Video Game Nerd I & II Deluxe,4,0.0013
2638,2130794071,Apollo Justice: Ace Attorney Trilogy,4,0.0013
2639,1756488270,Arkanoid Eternal Battle,4,0.0013
2640,1749623628,Asterix & Obelix XXL: Romastered,4,0.0013
2641,1664245882,Atari 50: The Anniversary Celebration,4,0.0013
2642,1771834186,ATLAS (Game Preview),4,0.0013
2643,846846419,Attack on Titan 2 Demo,4,0.0013
2644,1618019161,Ballotron Coolbox,4,0.0013
2645,1664978629,Bang-On Balls: Chronicles,4,0.0013
2646,1611859346,Bao Bao's Cozy Cleaning Services Demo,4,0.0013
2647,1925965033,Battlefield™ 6 Open Beta,4,0.0013
2648,1313671132,Beautiful Katamari,4,0.0013
2649,1618388364,Beyond Hanwell,4,0.0013
2650,1671588981,Bible Trivia­,4,0.0013
2651,2099876954,Big Rumble Boxing: Creed Champions,4,0.0013
2652,1689997111,Blackjack Solitaire,4,0.0013
2653,1812873797,Blades of Fire,4,0.0013
2654,173291706,Blood Bowl 2,4,0.0013
2655,1862346957,BloodRayne: ReVamped,4,0.0013
2656,1698796012,Bloons TD 6,4,0.0013
2657,1722069710,Bobobby 3D: Stranded Rush (Xbox Series),4,0.0013
2658,311085527,Brawlout,4,0.0013
2659,1972740153,Bright Memory: Infinite Platinum Edition,4,0.0013
2660,1810243569,Brothers: A Tale of Two Sons Remake,4,0.0013
2661,1899809649,Bubble Shooter Viking Pop!,4,0.0013
2662,1733243424,Bus Driving Simulator : EVO,4,0.0013
2663,1764318423,Call of Duty®: Vanguard - Standard Edition,4,0.0013
2664,908734579,Carmageddon: Max Damage,4,0.0013
2665,2122614052,Carmageddon: Rogue Shift,4,0.0013
2666,870299798,Carnival Games®,4,0.0013
2667,293403523,Cartoon Network: Battle Crashers,4,0.0013
2668,287508507,Casey Powell Lacrosse 18,4,0.0013
2669,1096026071,Catherine,4,0.0013
2670,1652994741,Centipede: Recharged,4,0.0013
2671,1967883584,Chorus,4,0.0013
2672,1841498671,CONSCRIPT,4,0.0013
2673,1985791411,Cricket 22,4,0.0013
2674,1963141187,Crypt Custodian,4,0.0013
2675,942640100,DAKAR 18,4,0.0013
2676,1480657693,DAYTONA USA,4,0.0013
2677,1959842755,Death's Door,4,0.0013
2678,402672897,Death Squared,4,0.0013
2679,1821772596,DEMON'S TILT,4,0.0013
2680,1683435765,Dino Odyssey,4,0.0013
2681,268236555,Disney Infinity [2.0],4,0.0013
2682,2100206304,DOOM: The Dark Ages Digital Artbook and Soundtrack,4,0.0013
2683,534038970,Dovetail Games Euro Fishing,4,0.0013
2684,1947615527,Drova - Forsaken Kin,4,0.0013
2685,776943591,DUCATI - 90th Anniversary,4,0.0013
2686,1414793294,Duke Nukem Forever,4,0.0013
2687,1995684972,Dune: Spice Wars,4,0.0013
2688,1847263549,Dungeon Defenders: Awakened,4,0.0013
2689,1977810583,DUSK,4,0.0013
2690,531404425,DYNASTY WARRIORS 9,4,0.0013
2691,1480657378,Earthworm Jim HD,4,0.0013
2692,809464104,Elex,4,0.0013
2693,1852617445,ELEX II,4,0.0013
2694,1941057630,Empire of the Ants,4,0.0013
2695,2049241881,Entropy Survivors,4,0.0013
2696,1880860626,Escape Academy,4,0.0013
2697,1263339518,Escape Dead Island,4,0.0013
2698,1431504860,FC Instincts Predator,4,0.0013
2699,184042097,Fe,4,0.0013
2700,1977040687,FINAL FANTASY VII REMAKE INTERGRADE DEMO,4,0.0013
2701,1397819398,FINAL FANTASY XIII-2,4,0.0013
2702,1805284872,Five Nights at Freddy's: Help Wanted 2,4,0.0013
2703,2052173475,Funguys Swarm,4,0.0013
2704,2061301296,Gaelic Football Laochra,4,0.0013
2705,1677736955,Galactic Vault,4,0.0013
2706,1711556027,Garten of Banban 2,4,0.0013
2707,2077809328,Garten of Banban 4,4,0.0013
2708,1480657151,Geometry Wars Evolved²,4,0.0013
2709,1480657545,Ghostbusters: Sanctum of Slime,4,0.0013
2710,1641056892,Gloomhaven,4,0.0013
2711,1703059239,God of Weapons,4,0.0013
2712,1785738076,Grandia HD Collection,4,0.0013
2713,1129121873,GRID Autosport,4,0.0013
2714,1958071699,Guacamelee! Super Turbo Championship Edition,4,0.0013
2715,1131124715,"Guns, Gore and Cannoli",4,0.0013
2716,2022315423,Gunsmith Simulator,4,0.0013
2717,121960285,Guts & Glory,4,0.0013
2718,1638356846,Haunted House Renovator,4,0.0013
2719,2020032940,HAWKED,4,0.0013
2720,1946353878,Highguard,4,0.0013
2721,1698046377,Highway Police Simulator,4,0.0013
2722,1397819420,Hitman HD Pack,4,0.0013
2723,722916288,Hue,4,0.0013
2724,1829828400,HUMANKIND™,4,0.0013
2725,1825844502,HYAKKI YAKO Survivors,4,0.0013
2726,1038862451,HYPER SCAPE,4,0.0013
2727,447331588,I Am Bread,4,0.0013
2728,2129720796,"I Have No Mouth, and I Must Scream",4,0.0013
2729,909182696,Infinite Minigolf,4,0.0013
2730,1480659527,Jet Set Radio,4,0.0013
2731,1117499725,JUST DANCE® 2015,4,0.0013
2732,1645652626,Kena: Bridge of Spirits,4,0.0013
2733,1712709524,KINGDOM HEARTS Melody of Memory (International),4,0.0013
2734,1674517129,Knights of Pen & Paper 2 Deluxiest Edition,4,0.0013
2735,1902038615,Lara Croft and the Guardian of Light (PC),4,0.0013
2736,1622751657,Leafy Corner,4,0.0013
2737,1073523542,LEGO® STAR WARS™: The Force Awakens Demo,4,0.0013
2738,2002613703,Lethal League Blaze,4,0.0013
2739,1929376326,Lil Gator Game,4,0.0013
2740,1882357148,Lonely Mountains: Snow Riders,4,0.0013
2741,1480659653,Magic 2014 — Duels of the Planeswalkers,4,0.0013
2742,1480659904,Mars: War Logs,4,0.0013
2743,1994706436,Marsupilami 2 – Salsa Palombia,4,0.0013
2744,2116714436,Marvel's Avengers BETA,4,0.0013
2745,1161889998,Mass Effect 2,4,0.0013
2746,2130574527,Matchpoint - Tennis Championships,4,0.0013
2747,699525164,Mega Man 11 Demo Version,4,0.0013
2748,1889275388,Metal Eden,4,0.0013
2749,1480657266,Metal Slug XX,4,0.0013
2750,2142315481,Mighty Morphin Power Rangers: Rita's Rewind,4,0.0013
2751,2109269529,Mina The Hollower,4,0.0013
2752,2070782109,Monster Prom: XXL,4,0.0013
2753,1807714585,Monster Truck Championship Xbox One,4,0.0013
2754,1983830877,Monster Truck Championship Xbox Series X|S,4,0.0013
2755,2046411883,Moss: The Forgotten Relic,4,0.0013
2756,2126139968,Murky Divers,4,0.0013
2757,1674229576,MXGP 26 - The Official Game,4,0.0013
2758,1691152104,MY HERO ONE'S JUSTICE 2 Demo,4,0.0013
2759,1781008619,MY LITTLE PONY: A Maretime Bay Adventure,4,0.0013
2760,1991467401,My Little Universe,4,0.0013
2761,2070906964,NAMCO MUSEUM® ARCHIVES Vol 1,4,0.0013
2762,1882866745,NBA BOUNCE,4,0.0013
2763,83029588,NBA LIVE 18: The One Edition,4,0.0013
2764,631368453,Necropolis,4,0.0013
2765,1480657439,NEOGEO BATTLE COLISEUM,4,0.0013
2766,910593568,Never Alone (Kisima Ingitchuna),4,0.0013
2767,2126543080,New Star™ GP Demo,4,0.0013
2768,2085418848,Nexomon,4,0.0013
2769,1706007518,Nexomon: Extinction,4,0.0013
2770,1868841248,Nobody Saves the World,4,0.0013
2771,2074956981,Oddworld: Soulstorm Enhanced Edition,4,0.0013
2772,1964152695,OneShot: World Machine Edition,4,0.0013
2773,2081394706,Onimusha 2: Samurai's Destiny,4,0.0013
2774,2128728875,Operation: Tango,4,0.0013
2775,264259050,Ori and the Blind Forest,4,0.0013
2776,1842520099,Outlaw 8s,4,0.0013
2777,1893882441,OUTRIDERS Demo,4,0.0013
2778,1480656913,PAC-MAN,4,0.0013
2779,2110778897,Panzer Knights: Commander's Edition,4,0.0013
2780,1691501118,Peglin,4,0.0013
2781,2060380149,Pirate Bloopers,4,0.0013
2782,1702914632,Poker Club,4,0.0013
2783,1972300274,Police Stories,4,0.0013
2784,1731967517,Prison Escape Simulator,4,0.0013
2785,670498748,Pumped BMX +,4,0.0013
2786,1480657096,Quake Arena Arcade,4,0.0013
2787,1784625849,Queen's Quest 5: Symphony of Death (Xbox Version),4,0.0013
2788,1733215481,Race with Ryan,4,0.0013
2789,1970834532,RAGE 2 (PC),4,0.0013
2790,822866352,Raging Justice,4,0.0013
2791,1677630070,Rayman Legends Retold,4,0.0013
2792,1431504883,Rayman Raving Rabbids,4,0.0013
2793,1827805096,Relic Hunters Legend,4,0.0013
2794,2122057393,Relooted,4,0.0013
2795,1745852530,RollerCoaster Tycoon 3 Complete Edition,4,0.0013
2796,2077497076,Rune Axe,4,0.0013
2797,1654990488,Rune Factory 4 Special,4,0.0013
2798,1770389828,Rune Factory: Guardians of Azuma,4,0.0013
2799,1480657104,Samurai Shodown II,4,0.0013
2800,1944780994,Scars Above,4,0.0013
2801,544561028,Shadow Warrior 2,4,0.0013
2802,871256460,Shantae: Half-Genie Hero Ultimate Edition,4,0.0013
2803,2145390992,Sherlock Holmes: Crimes and Punishments Redux,4,0.0013
2804,1902371088,Shikaku Room,4,0.0013
2805,1710148072,Ship Graveyard Simulator,4,0.0013
2806,1833325369,Sniper Dan,4,0.0013
2807,1810724870,Sokmeal Time (Xbox One),4,0.0013
2808,1480657348,Sonic & Knuckles,4,0.0013
2809,827319667,Space Hulk: Tactics,4,0.0013
2810,1763680989,Space Science Investigations,4,0.0013
2811,778803087,Spacelords,4,0.0013
2812,1507365602,Sparkle Unleashed,4,0.0013
2813,1693360685,Spot Challenge Vol. 3,4,0.0013
2814,1480657523,Stacking,4,0.0013
2815,2010543124,Star Trek: Voyager - Across the Unknown,4,0.0013
2816,1895471502,Stubbs the Zombie in Rebel Without a Pulse,4,0.0013
2817,1911065365,Stunt Paradise,4,0.0013
2818,2143077030,Sugarbound 2 (Xbox One),4,0.0013
2819,2057573435,Suikoden I&II HD Remaster Gate Rune and Dunan Unification Wars,4,0.0013
2820,1617919722,SUPER BOMBERMAN COLLECTION,4,0.0013
2821,1998740916,Super Kids Racing : Mini Edition Demo,4,0.0013
2822,1866825187,Super Monkey Ball: Banana Blitz HD,4,0.0013
2823,1941370105,Supermarket Owner Simulator: Business,4,0.0013
2824,950753176,Syberia 3,4,0.0013
2825,1940337295,Taiko no Tatsujin: Rhythm Festival,4,0.0013
2826,1414793181,The Bureau,4,0.0013
2827,1821165740,The Eternal Cylinder,4,0.0013
2828,1668095237,The Jackbox Naughty Pack,4,0.0013
2829,2073554022,The Jackbox Party Starter,4,0.0013
2830,1637976314,The Jackbox Survey Scramble,4,0.0013
2831,1161955801,The Technomancer,4,0.0013
2832,1889167057,The Walking Dead: Destinies,4,0.0013
2833,681500618,The Walking Dead: The Final Season - Demo,4,0.0013
2834,2127247278,Thief Simulator 2,4,0.0013
2835,2002692571,Timberman VS,4,0.0013
2836,1689732921,Tiny Mage in Puzzle Land,4,0.0013
2837,21471625,Torchlight II,4,0.0013
2838,1695392136,Tormented Souls,4,0.0013
2839,1863466810,Tormented Souls 2,4,0.0013
2840,1721366178,Toy Soldiers HD,4,0.0013
2841,1686524250,Train Sim World® 4,4,0.0013
2842,1851490214,Tribes of Midgard,4,0.0013
2843,1264125916,Tropico 4,4,0.0013
2844,239008106,Tropico 5 - Penultimate Edition,4,0.0013
2845,1735843094,Trover Saves the Universe,4,0.0013
2846,547734537,Truck Racing Championship,4,0.0013
2847,1661098733,Turbo Golf Racing,4,0.0013
2848,1765034784,Two Point Hospital: Full Health Collection,4,0.0013
2849,1871105054,TY the Tasmanian Tiger HD,4,0.0013
2850,87240795,Tyler: Model 005,4,0.0013
2851,1760673470,Ultimate General: Civil War - Demo,4,0.0013
2852,1777656573,Vanquish,4,0.0013
2853,1397033025,VANQUISH,4,0.0013
2854,61090031,Victor Vran,4,0.0013
2855,2119315223,Void Crew,4,0.0013
2856,1732740414,Wargroove,4,0.0013
2857,1682770291,"Warhammer 40,000: Chaos Gate - Daemonhunters",4,0.0013
2858,474535578,WARRIORS OROCHI 4,4,0.0013
2859,1851310927,Who Wants to Be a Millionaire?,4,0.0013
2860,2125765747,Windbound,4,0.0013
2861,2069636428,WINGSPAN,4,0.0013
2862,237580797,Wonder Boy: The Dragon's Trap,4,0.0013
2863,2060086474,World Geography Trivia Quiz,4,0.0013
2864,912832008,WRC 7 FIA World Rally Championship,4,0.0013
2865,1645505906,Wreck Runners,4,0.0013
2866,1777058720,Yakuza 5 Remastered,4,0.0013
2867,1998643149,Yakuza Kiwami,4,0.0013
2868,1845646569,Yakuza Kiwami 2,4,0.0013
2869,912199926,Yet Another Zombie Defense HD,4,0.0013
2870,1803165746,Yet Another Zombie Survivors Demo,4,0.0013
2871,1859395867,Z0mb1es! Remastered,4,0.0013
2872,1997965582,Zero Escape: The Nonary Games,4,0.0013
2873,1695141626,Zombies Ate My Neighbors and Ghoul Patrol,4,0.0013
2874,711381438,Zoo Tycoon,4,0.0013
2875,1907798532,15in1 Solitaire,3,0.001
2876,1970931118,3 Player Battle,3,0.001
2877,304633817,ACA NEOGEO METAL SLUG 4,3,0.001
2878,300527443,ACA NEOGEO THE KING OF FIGHTERS '94,3,0.001
2879,605012161,ACA NEOGEO THE KING OF FIGHTERS '95,3,0.001
2880,983906598,ACA NEOGEO THE KING OF FIGHTERS '99,3,0.001
2881,1790739309,Ad Infinitum,3,0.001
2882,1849400719,Adios,3,0.001
2883,2055514030,"Ah, Love! (Xbox One)",3,0.001
2884,1922741539,AI: THE SOMNIUM FILES,3,0.001
2885,350859148,Alekhine's Gun,3,0.001
2886,1847254069,Alex Kidd in Miracle World DX,3,0.001
2887,1910091538,Alfred Hitchcock - Vertigo,3,0.001
2888,1719440805,Alone in the Dark,3,0.001
2889,1649996690,Alone in the Dark Prologue,3,0.001
2890,1871850764,Amanda the Adventurer 2,3,0.001
2891,77840650,Among the Sleep - Enhanced Edition,3,0.001
2892,2021205208,Ancestors Legacy,3,0.001
2893,880418401,AO International Tennis,3,0.001
2894,2066750369,APG: A Plane Game,3,0.001
2895,2083321391,Arachnophobic Kyle,3,0.001
2896,490460723,Arise: A Simple Story,3,0.001
2897,670545608,Armored Warfare,3,0.001
2898,1877455960,art of rally,3,0.001
2899,423441812,Ashes Cricket,3,0.001
2900,1910615612,Asterix & Obelix Slap Them All!,3,0.001
2901,1903637795,Astro Flame Starfighter,3,0.001
2902,55549300,Axiom Verge,3,0.001
2903,1699886412,Axis Football 2027,3,0.001
2904,2078107330,Bad Cheese,3,0.001
2905,1852580050,Barbie Project Friendship™,3,0.001
2906,1854415183,Barn Finders,3,0.001
2907,1136549309,Battlefield 4™ Community Test Environment,3,0.001
2908,1161889785,Battlefield: Bad Company,3,0.001
2909,918284490,BIOHAZARD RE:2 Z Version,3,0.001
2910,1082339580,BLAZBLUE CHRONOPHANTASMA EXTEND,3,0.001
2911,941698858,Bleed 2,3,0.001
2912,883799031,Bless Unleashed,3,0.001
2913,1739622609,Blood West,3,0.001
2914,2028861406,Bobobby 3D: Stranded Rush,3,0.001
2915,1480657330,Bomberman Battlefest,3,0.001
2916,1744072621,Bratz™: Flaunt your fashion,3,0.001
2917,1710121709,Brave Escape,3,0.001
2918,1827158254,Brawlout Demo,3,0.001
2919,1179846636,Breakdown,3,0.001
2920,465277350,Bridge Constructor,3,0.001
2921,2067110068,Bright Memory,3,0.001
2922,73782745,Brothers: a Tale of Two Sons,3,0.001
2923,1955736581,Butterfly,3,0.001
2924,2022947683,BVOVB - Bruising Vengeance of the Vintage Boxer,3,0.001
2925,1673223107,Call of the Sea,3,0.001
2926,2014729842,Car For Sale Simulator 2023,3,0.001
2927,1913824849,Car Service Simulator,3,0.001
2928,1501266033,CastleStorm - Definitive Edition,3,0.001
2929,1998437509,Casual Sport Series: Hockey,3,0.001
2930,1646378646,Cat Quest III,3,0.001
2931,1686916889,Cats and Seek : Kyoto,3,0.001
2932,2055495747,Cats and Seek : Tokyo,3,0.001
2933,1715577372,Chained Echoes,3,0.001
2934,1631654404,Chants of Sennaar (Windows),3,0.001
2935,1627160129,Circuit Superstars,3,0.001
2936,1783440636,City Bus Manager,3,0.001
2937,1703939860,Clash: Artifacts of Chaos,3,0.001
2938,1737803796,Clone Drone in the Danger Zone Demo,3,0.001
2939,1839636294,Cloudpunk - XBS/X,3,0.001
2940,1732400170,Cobra Kai 2: Dojos Rising,3,0.001
2941,1480657440,Comic Jumper,3,0.001
2942,1480656920,Contra,3,0.001
2943,1843804163,Cooking Simulator Windows,3,0.001
2944,2113258996,Core Keeper,3,0.001
2945,1988991827,Corner Kitchen Fast Food Simulator,3,0.001
2946,1809115559,Corpse Party,3,0.001
2947,1684304507,Crazy Cats vs. Crazy Cyborgs (Windows),3,0.001
2948,1999638024,Creepy Shift: Uncle Joe’s Motel,3,0.001
2949,1620274602,Cricket 19,3,0.001
2950,1858458524,Crisol: Theater of Idols,3,0.001
2951,1886383393,Croc's World 3 (Xbox-Edition),3,0.001
2952,2041763016,CrossCode,3,0.001
2953,1906143168,Crusader Kings III,3,0.001
2954,1735754897,CrushBorgs (Xbox Series),3,0.001
2955,1914646696,Curse of the Dead Gods,3,0.001
2956,1033012343,D4: Dark Dreams Don't Die,3,0.001
2957,125598351,Dangerous Golf,3,0.001
2958,1695323712,Darwin's Paradox! Tactical Octopus Action Demo,3,0.001
2959,1724663837,Daymare: 1994 Sandcastle_SGD23,3,0.001
2960,1480657664,DEAD RISING 2: CASE WEST,3,0.001
2961,1154802774,Dead Rising 3 Demo,3,0.001
2962,1671934405,Dead Rising Deluxe Remaster Demo,3,0.001
2963,1161890137,Dead Space™ 2,3,0.001
2964,1480657531,Dead Space™ Ignition,3,0.001
2965,1313671278,Dead to Rights,3,0.001
2966,1684075016,Deadlink,3,0.001
2967,1966406017,Deceive Inc.,3,0.001
2968,1480657099,Defense Grid,3,0.001
2969,1679835971,Deliver Us The Moon,3,0.001
2970,710337025,Demo Middle-earth™: Shadow of War™,3,0.001
2971,1628098590,Destroy All Humans! 2 Reprobed,3,0.001
2972,1480656950,DIG DUG,3,0.001
2973,1825676269,Digimon Story Time Stranger Demo,3,0.001
2974,1671685084,Disney Epic Mickey: Rebrushed - Demo,3,0.001
2975,63030352,Disneyland Adventures Demo,3,0.001
2976,1713897069,Dog Man: Mission Impawsible Demo,3,0.001
2977,1723380574,Dominus Mahjong Arcana,3,0.001
2978,1949209537,Dominus Mahjong Arcana (XBOX SERIES),3,0.001
2979,2146119244,Double Dragon Revive,3,0.001
2980,2084687312,Dragon's Lair Trilogy,3,0.001
2981,1858681275,Dragon Mania Legends,3,0.001
2982,2016193671,DRAGON QUEST VII Reimagined Demo,3,0.001
2983,2078878096,Dreamland Solitaire: Dark Prophecy,3,0.001
2984,1993091289,Drug Dealer Empire,3,0.001
2985,1891276362,Dungeon Clawler,3,0.001
2986,1397819381,Dungeon Siege III,3,0.001
2987,1480659907,Dungeons & Dragons: Chronicles of Mystara,3,0.001
2988,117434960,Dynamite Fishing - World Games,3,0.001
2989,1437370825,EA SPORTS™ NBA LIVE 14 Demo,3,0.001
2990,536104326,EA SPORTS™ UFC® Demo,3,0.001
2991,571156610,Earthfall,3,0.001
2992,1931870677,Elon and the Divine Proof,3,0.001
2993,2123616524,Emergency Room Simulator,3,0.001
2994,2016442908,Empire of the Ants - Demo,3,0.001
2995,1639220334,Exo One,3,0.001
2996,1198695408,F1™ 2015,3,0.001
2997,1928112883,Fabledom,3,0.001
2998,82367207,Farmer's Dynasty,3,0.001
2999,1880744816,Farming Simulator 22 (PC),3,0.001
3000,1893842455,Fear The Timeloop,3,0.001
3001,2041609242,Find The Cats 2,3,0.001
3002,1664216127,Find The Cats 2 (Xbox One),3,0.001
3003,1747042673,Flat Heroes Demo,3,0.001
3004,2035989570,Fluffy Milo (PC Version),3,0.001
3005,1796337570,Fly Corp,3,0.001
3006,1878177674,Fogpiercer,3,0.001
3007,1852802217,FORENSIC - M.E. Protocol,3,0.001
3008,1858731712,Froggy Hates Snow,3,0.001
3009,1480657553,From Dust™,3,0.001
3010,893913057,Full Spectrum Warrior,3,0.001
3011,1696603875,Gas Station Simulator (Xbox Series),3,0.001
3012,1915576533,Geometric Sniper,3,0.001
3013,2054890337,Get To Work,3,0.001
3014,1925360122,Gex Trilogy,3,0.001
3015,1480657167,Gin Rummy,3,0.001
3016,1788626737,Golazo!,3,0.001
3017,2094693316,Golfing in Aether,3,0.001
3018,529515303,Gone Home,3,0.001
3019,1696466008,GRAVEN,3,0.001
3020,2080856071,Green Soldiers Heroes: Extreme Bikers,3,0.001
3021,1744600653,Grow: Song of the Evertree,3,0.001
3022,1480657707,GUARDIAN HEROES (TM),3,0.001
3023,453673951,Guitar Hero Live,3,0.001
3024,1769592885,GUNDAM EVOLUTION,3,0.001
3025,1936375380,Gungrave G.O.R.E,3,0.001
3026,2096818168,Halo Infinite - Insider,3,0.001
3027,1928525856,Halo: MCC Insider,3,0.001
3028,1974771778,Hell Clock,3,0.001
3029,1742067174,Hell is Us - Art Pack,3,0.001
3030,1785862913,Hellblade: Senua's Sacrifice,3,0.001
3031,1950272122,Hellpoint,3,0.001
3032,1839911748,Hidden Cats in Santa's Realm,3,0.001
3033,1668637606,High On Life 2 Demo,3,0.001
3034,1698597039,Hokko Life,3,0.001
3035,1665613490,Horse Club Adventures 2: Hazelwood Stories,3,0.001
3036,1787271899,House,3,0.001
3037,1972151748,Humanity,3,0.001
3038,1693450318,Hunt: Showdown,3,0.001
3039,720702755,Hyper Light Drifter,3,0.001
3040,1760791354,Invincible VS Open Beta,3,0.001
3041,1728122742,Isle of Reveries,3,0.001
3042,1684439879,Islets,3,0.001
3043,1750788653,Jagged Alliance 3,3,0.001
3044,1922993793,Jalopy,3,0.001
3045,1776716222,Jewel Fever 3,3,0.001
3046,65384566,Jumanji: The Video Game,3,0.001
3047,1925586579,Jump King,3,0.001
3048,1716785936,Jusant,3,0.001
3049,611794133,Just Dance 2019®,3,0.001
3050,2057958746,Just Dance® 2021,3,0.001
3051,901962824,KartRider: Drift,3,0.001
3052,1995913309,Katamari Damacy REROLL,3,0.001
3053,1869923276,Katana ZERO,3,0.001
3054,1957464297,King K Roller 2,3,0.001
3055,1815601187,Kingdom Eighties,3,0.001
3056,1989445813,Knight Squad 2,3,0.001
3057,2134355886,Kong: Survivor Instinct,3,0.001
3058,1003487612,Korgan,3,0.001
3059,1900505119,Kung Fu Panda Showdown of Legendary Legends,3,0.001
3060,2041063925,Lake,3,0.001
3061,240478325,Layers of Fear (2016),3,0.001
3062,1920167136,Layers of Fear (2023),3,0.001
3063,443209874,Lichdom: Battlemage,3,0.001
3064,1655517847,Like a Dragon Gaiden: The Man Who Erased His Name,3,0.001
3065,1689936313,Little Big Workshop,3,0.001
3066,2036022873,Little Misfortune,3,0.001
3067,1699337652,Little Nightmares II DEMO,3,0.001
3068,1886359133,Looney Tunes: Wacky World of Sports,3,0.001
3069,1128466387,LOST PLANET,3,0.001
3070,1480656888,LUMINES LIVE!,3,0.001
3071,1634336729,LUNAR Remastered Collection,3,0.001
3072,1700020315,MADiSON,3,0.001
3073,1414793341,Mafia II,3,0.001
3074,1480659971,Marlow Briggs,3,0.001
3075,2016530186,Marsupilami: Hoobadventure,3,0.001
3076,1627771857,Marvel Cosmic Invasion Demo,3,0.001
3077,1935548464,Master Detective Archives: RAIN CODE Plus,3,0.001
3078,2099448535,Mega Man Star Force Legacy Collection,3,0.001
3079,1632270119,Megaton Rainfall,3,0.001
3080,2099446354,Midnight Fight Express,3,0.001
3081,1480659607,Monaco: What's Yours is Mine,3,0.001
3082,1864843444,Monopoly: Star Wars™ Heroes vs. Villains,3,0.001
3083,2079275443,MONOPOLY® MADNESS DEMO,3,0.001
3084,1635916195,Monster Hunter Wilds Prologue Demo,3,0.001
3085,2131173467,Monster Survivors,3,0.001
3086,186591858,Monstrum,3,0.001
3087,1150103050,Mordheim: City of the Damned,3,0.001
3088,1887595548,Mountain Racing Demo,3,0.001
3089,1480656951,MS.PAC-MAN,3,0.001
3090,2091286911,Mudness Offroad - 4x4 Truck Car Simulator,3,0.001
3091,1834840157,Murder House,3,0.001
3092,1866194138,Murder Miners,3,0.001
3093,905842411,Mutant Football League,3,0.001
3094,1937457147,Mutant Year Zero: Road to Eden,3,0.001
3095,446256697,My Time At Portia,3,0.001
3096,2130751187,Mystery Detective Adventure,3,0.001
3097,1708079118,NASCAR 21: Ignition,3,0.001
3098,693693640,NASCAR Heat Evolution,3,0.001
3099,1756150140,NBA 2K21 Demo,3,0.001
3100,37469967,NBA Playgrounds,3,0.001
3101,919412218,Necromunda: Underhive Wars,3,0.001
3102,2036125374,Neon White,3,0.001
3103,2137651733,New Super Lucky's Tale Demo,3,0.001
3104,1690896049,New Tales from the Borderlands,3,0.001
3105,1887596214,Nickelodeon All-Star Brawl,3,0.001
3106,2104142109,Night Slashers: Remake,3,0.001
3107,1060326183,Obliteracers,3,0.001
3108,1778851260,Oddworld: Stranger's Wrath HD,3,0.001
3109,1819981071,Old Market Simulator,3,0.001
3110,2128854962,One Lonely Outpost,3,0.001
3111,1794026365,Order of Battle: World War II,3,0.001
3112,308514854,Outward,3,0.001
3113,1958257709,Overpass 2,3,0.001
3114,1828865417,PAC-PAC,3,0.001
3115,2011093308,Pacify,3,0.001
3116,1618544117,Panda: Shards of Aurora,3,0.001
3117,1297287193,Party Animals,3,0.001
3118,916339986,Party Hard,3,0.001
3119,1867683926,Persona 5 Tactica,3,0.001
3120,267248679,Phantom Dust,3,0.001
3121,1914519751,Pillars of Eternity: Hero Edition,3,0.001
3122,912254227,Pit People,3,0.001
3123,2024485825,PJ Masks: Heroes of the Night,3,0.001
3124,340271216,Planet Alpha,3,0.001
3125,2117095676,Planet of Lana,3,0.001
3126,1264125919,Port Royale 3,3,0.001
3127,2106226816,Potion Permit,3,0.001
3128,1695271858,PowerWash Simulator Demo,3,0.001
3129,1829584517,Prison of Illusion (Xbox One),3,0.001
3130,1882609569,Prison Simulator,3,0.001
3131,1642088148,PROJECT 13,3,0.001
3132,2011990367,Project Winter,3,0.001
3133,848477962,Pure Chess,3,0.001
3134,2117633627,Quiplash 2 InterLASHional: The Say Anything Party Game!,3,0.001
3135,319577309,RAD,3,0.001
3136,1657564986,Ratshaker,3,0.001
3137,1629830364,Rayman: 30th Anniversary Edition,3,0.001
3138,2132278444,Realpolitiks New Power,3,0.001
3139,1883914934,RENNSPORT,3,0.001
3140,1751333235,Resident Evil Village Gold Edition Gameplay Demo,3,0.001
3141,1681031956,Rise Eterna 2,3,0.001
3142,1738390204,Rivals of Aether,3,0.001
3143,1480657410,Rocket Knight®,3,0.001
3144,322450727,Rogue Legacy,3,0.001
3145,2136108787,Rogue Waters,3,0.001
3146,2028872815,ROMEO IS A DEAD MAN,3,0.001
3147,2001626208,Roots of Pacha,3,0.001
3148,1861374778,Rugby Challenge 3,3,0.001
3149,1759610497,Rush Rally Origins,3,0.001
3150,1727550181,Rustler,3,0.001
3151,293466353,Saban’s Mighty Morphin Power Rangers: Mega Battle,3,0.001
3152,1708768275,Saints Row Boss Factory,3,0.001
3153,2020514432,SBK™22,3,0.001
3154,2055678343,Screamer,3,0.001
3155,282721798,Screencheat,3,0.001
3156,1776646425,Shadow Cat (Xbox Series),3,0.001
3157,2000442171,Shadow Warrior 3: Definitive Edition,3,0.001
3158,161766595,Shantae and the Pirate's Curse,3,0.001
3159,2093075517,Shantae and the Seven Sirens,3,0.001
3160,865750499,Shantae: Half-Genie Hero,3,0.001
3161,1901019717,Shaolin vs Wutang,3,0.001
3162,114172147,Shenmue,3,0.001
3163,1963476984,Sherlock Holmes Chapter One,3,0.001
3164,2129620077,Sherlock Holmes The Awakened,3,0.001
3165,722694197,Sherlock Holmes: The Devil's Daughter,3,0.001
3166,1654809752,Shotgun King: The Final Checkmate,3,0.001
3167,1944507069,SimRail - The Railway Simulator,3,0.001
3168,1480659419,Skullgirls,3,0.001
3169,1671676860,Snakeybus,3,0.001
3170,1002731481,Snooker Nation Championship,3,0.001
3171,2024976700,Sokmeal Time (Xbox Series X|S),3,0.001
3172,1618794811,Solitaire 3D,3,0.001
3173,1480656957,Soltrio Solitaire,3,0.001
3174,1480659441,Sonic CD,3,0.001
3175,2123190381,Soundtrack and The Art of Cronos: The New Dawn,3,0.001
3176,1718103769,Space Gladiators,3,0.001
3177,2051631747,Spectre Divide,3,0.001
3178,1480657295,Splosion Man,3,0.001
3179,2045695664,SpongeBob: Krusty Cook-Off Extra Krusty Edition,3,0.001
3180,1676037121,Spooky's Jump Scare Mansion: HD Renovation,3,0.001
3181,1940217918,SquadBlast (Game Preview),3,0.001
3182,1397819357,Star Ocean: The Last Hope,3,0.001
3183,1618733759,Star Wars Outlaws - Free Demo,3,0.001
3184,1961172653,Starfield Digital Artbook & Original Soundtrack,3,0.001
3185,1015961921,Starpoint Gemini Warlords,3,0.001
3186,1813336489,Starship Troopers: Ultimate Bug War!,3,0.001
3187,1835454890,Stay Out of the House,3,0.001
3188,1328778537,SteamWorld Dig,3,0.001
3189,1016114215,Steven Universe: Save the Light,3,0.001
3190,1692236270,Stolen Realm,3,0.001
3191,2027854331,STORY OF SEASONS: A Wonderful Life,3,0.001
3192,2051766968,STRANGER OF PARADISE FINAL FANTASY ORIGIN DEMO VERSION,3,0.001
3193,1896598798,Street Outlaws 2: Winner Takes All,3,0.001
3194,1622218170,Street Outlaws: The List,3,0.001
3195,1949684868,Streetdog BMX,3,0.001
3196,1880166267,Sudoku Classic X,3,0.001
3197,2104908182,Sugarbound 2 (Xbox Series X/S),3,0.001
3198,1628468632,Super Tennis Blast,3,0.001
3199,1914281401,Super Volley Blast,3,0.001
3200,1839740207,Supraland,3,0.001
3201,1733990238,Supraland: Six Inches Under,3,0.001
3202,1908989621,SWORD ART ONLINE Last Recollection,3,0.001
3203,1704201327,System Shock 2: 25th Anniversary Remaster,3,0.001
3204,1688544029,Tales of Berseria Remastered,3,0.001
3205,1874881573,Tales of Kenzera™: ZAU,3,0.001
3206,1978334388,Tank Mechanic Simulator,3,0.001
3207,2076626607,Tank Mechanic Simulator - Reinforced,3,0.001
3208,2058683262,Teenage Mutant Ninja Turtles: Mutants Unleashed,3,0.001
3209,1792745094,Terrifier: The ARTcade Game,3,0.001
3210,1977179260,TES IV: Oblivion Remastered - Digital Artbook & Original Soundtrack,3,0.001
3211,2019592943,Tesla Force,3,0.001
3212,2024145056,The Artful Escape,3,0.001
3213,1891258006,The Bard's Tale ARPG : Remastered and Resnarkled,3,0.001
3214,1414793198,The Darkness,3,0.001
3215,2115998347,The Drone Racing League Simulator,3,0.001
3216,247774493,The Incredible Adventures of Van Helsing,3,0.001
3217,1930789000,The Last Oricru - Final Cut,3,0.001
3218,1865341179,The MUSYNX,3,0.001
3219,996619018,The Sinking City,3,0.001
3220,946930585,The Walking Dead Collection - The Telltale Series,3,0.001
3221,1406389095,Thief Demo - The Lockdown,3,0.001
3222,1630771206,Tiny Mage in Puzzle Land (Xbox Series),3,0.001
3223,1396901844,Tomb Raider:Legend,3,0.001
3224,1961294826,Top Racer Collection,3,0.001
3225,1760551143,Touhou Luna Nights,3,0.001
3226,1651850203,Tour de France 2024,3,0.001
3227,1729848569,Trainz Simulator: World Tour,3,0.001
3228,1845231868,Trine 2: Complete Story,3,0.001
3229,75584766,Trine 4: The Nightmare Prince,3,0.001
3230,2103016725,Tropical Jurassic Discovery,3,0.001
3231,1634272791,Trust No One Demo,3,0.001
3232,2093112005,Turok 3: Shadow of Oblivion Remastered,3,0.001
3233,1944807356,Twelve Minutes,3,0.001
3234,1683451145,Ultra Foodmess Deluxe,3,0.001
3235,1758041918,UNBEATABLE,3,0.001
3236,2062523547,Unbox the Room,3,0.001
3237,1066906675,Vikings - Wolves of Midgard,3,0.001
3238,1930544338,VORON: Raven’s Story (Xbox Series X|S),3,0.001
3239,1651691355,Wanted: Dead,3,0.001
3240,1979514848,"Warhammer 40,000: Mechanicus II",3,0.001
3241,1777974087,"Warhammer 40,000: Speed Freeks",3,0.001
3242,2145627498,Warshift 2: Machines of Madness,3,0.001
3243,1629004246,We Love Katamari REROLL+ Royal Reverie,3,0.001
3244,1955199870,We Were Here Together,3,0.001
3245,2144997626,West of Dead,3,0.001
3246,147618136,White Noise 2,3,0.001
3247,2060575182,Whose Voice,3,0.001
3248,1998334767,Wild Blue Skies,3,0.001
3249,1960103311,Windjammers 2,3,0.001
3250,1829649419,Withering Rooms,3,0.001
3251,1941570025,Wolcen: Lords of Mayhem,3,0.001
3252,1480657012,Word Puzzle,3,0.001
3253,2029326179,Word Wheel by POWGI,3,0.001
3254,1811697311,World War Z,3,0.001
3255,721302698,WRC 5 FIA World Rally Championship – Demo,3,0.001
3256,1791601996,X-Force Genesis X|S Edition,3,0.001
3257,1773431897,Yakuza 6: The Song of Life,3,0.001
3258,1002820120,Youtubers Life - OMG Edition,3,0.001
3259,984203469,Ys Origin,3,0.001
3260,1989279553,Zoochosis,3,0.001
3261,1977624399,10 Seconds to Win!,2,0.0007
3262,1869731177,16-Bit Soccer,2,0.0007
3263,1611397130,20XX,2,0.0007
3264,1978872277,2D How to Fish,2,0.0007
3265,1736391553,30 Sport Games in 1,2,0.0007
3266,2094746370,34 Sports Games - World Edition,2,0.0007
3267,1414596667,50 Cent: BotS,2,0.0007
3268,2007033271,80's OVERDRIVE,2,0.0007
3269,1970463169,9 Monkeys of Shaolin Demo,2,0.0007
3270,1806866056,A Building Full of Cats,2,0.0007
3271,1937335069,A Gummy's Life,2,0.0007
3272,1845248290,A Juggler's Tale,2,0.0007
3273,88086791,A KING'S TALE: FINAL FANTASY XV,2,0.0007
3274,1692343738,A.I.L.A,2,0.0007
3275,537908737,Absolute Drift: Zen Edition,2,0.0007
3276,949699803,ABZU,2,0.0007
3277,256509266,ACA NEOGEO ART OF FIGHTING,2,0.0007
3278,70786264,ACA NEOGEO METAL SLUG 5,2,0.0007
3279,895307472,ACA NEOGEO PUZZLE BOBBLE,2,0.0007
3280,585188640,Aces of the Luftwaffe - Squadron,2,0.0007
3281,121979203,Achtung! Cthulhu Tactics,2,0.0007
3282,592146950,Adventure Pop,2,0.0007
3283,1791497779,Agatha Christie - Death on the Nile,2,0.0007
3284,711714069,Agatha Christie - The ABC Murders (Xbox One),2,0.0007
3285,2084317224,Age of Empires Mobile: PC Edition,2,0.0007
3286,1651580938,Aggelos,2,0.0007
3287,1858896649,"Ah, Love! (Windows)",2,0.0007
3288,1918566348,"Ah, Love! Season 2 (Windows)",2,0.0007
3289,1796559648,Aircraft Carrier Survival,2,0.0007
3290,1892031884,Airplane Flight Simulator : Combat Zone,2,0.0007
3291,90880037,Airport Simulator 2019,2,0.0007
3292,2036577806,Akane,2,0.0007
3293,1676607943,Akinakes,2,0.0007
3294,1629109409,ALUMNI - Escape Room Adventure,2,0.0007
3295,1728054958,Amanda the Adventurer 3,2,0.0007
3296,1905197072,American Theft 80s,2,0.0007
3297,1740207992,Andromeda Survivors,2,0.0007
3298,2082514516,Angry Birds Star Wars,2,0.0007
3299,2115534787,Another World - 20th Anniversary Edition,2,0.0007
3300,2072805138,APICO,2,0.0007
3301,2011902288,Aquarium Designer,2,0.0007
3302,1611092700,Ara History Untold: Anniversary Edition,2,0.0007
3303,244952910,Aragami: Shadow Edition,2,0.0007
3304,1836455102,Arcade Hysteria,2,0.0007
3305,1727835390,Arkham Horror: Mother’s Embrace,2,0.0007
3306,1723425473,Arkheron Insider,2,0.0007
3307,1897858878,Asdivine Hearts,2,0.0007
3308,2029448252,ASMR Slicing,2,0.0007
3309,487844727,Assault Android Cactus,2,0.0007
3310,1762779465,Asterigos: Curse of the Stars,2,0.0007
3311,1946604107,Asteroids: Recharged,2,0.0007
3312,1865619206,Astro Flame Starfighter (Xbox Series X|S),2,0.0007
3313,1725237513,Autobahn Police Simulator 2,2,0.0007
3314,1902834375,Autobahn Police Simulator 3,2,0.0007
3315,1861014614,Autonauts,2,0.0007
3316,1720903665,Autopsy Simulator,2,0.0007
3317,1484426675,Awesomenauts Assemble!,2,0.0007
3318,1764971843,Axis Football 2023,2,0.0007
3319,1656426851,Axis Football 2026,2,0.0007
3320,1889059808,Backpack Hero,2,0.0007
3321,1825231591,Backrooms,2,0.0007
3322,1152151422,BADLAND: Game of the Year Edition,2,0.0007
3323,1619305462,Baki Hanma: Blood Arena,2,0.0007
3324,1670910658,Baking Time,2,0.0007
3325,1624083933,BALAN WONDERWORLD,2,0.0007
3326,1795036563,Ballotron Galaxy,2,0.0007
3327,1895683438,Ballotron Galaxy (Windows),2,0.0007
3328,1780001013,Ballotron Galaxy (Xbox One),2,0.0007
3329,1480656943,Band of Bugs,2,0.0007
3330,1939312830,Barista Simulator,2,0.0007
3331,1737338210,Barton Lynch Pro Surfing,2,0.0007
3332,1863651407,Battleborn,2,0.0007
3333,1161889755,Battlefield 2: MC,2,0.0007
3334,443831560,Battlestar Galactica Deadlock™,2,0.0007
3335,1050692306,Beast Quest,2,0.0007
3336,1774256665,Beat of Montezuma,2,0.0007
3337,2138218417,Becastled,2,0.0007
3338,1854871799,Beneath Oresa,2,0.0007
3339,1895665603,Beyond Border,2,0.0007
3340,1955832684,Beyond Good & Evil 20th Anniversary Edition,2,0.0007
3341,2059168494,BIOMORPH,2,0.0007
3342,1631604623,Biped 2,2,0.0007
3343,338768437,Black The Fall,2,0.0007
3344,2080382748,Blade Runner Enhanced Edition,2,0.0007
3345,1431504859,Blazing Angels,2,0.0007
3346,2028748673,Bleak Faith,2,0.0007
3347,1938139131,Blind as a Bat,2,0.0007
3348,2000221001,Blizzard® Arcade Collection PC,2,0.0007
3349,1723799507,BloodRayne 2: ReVamped,2,0.0007
3350,1664817482,Blue Fire,2,0.0007
3351,1933262495,Bluey's Quest for the Gold Pen,2,0.0007
3352,1978391621,Bonkies Demo,2,0.0007
3353,1480657002,Boom Boom Rocket,2,0.0007
3354,2041657073,Border Police: Contraband Simulator 2026,2,0.0007
3355,1661462436,Boxville Demo,2,0.0007
3356,1480657070,Brain Challenge™,2,0.0007
3357,2122418461,Bratz® Rhythm & Style,2,0.0007
3358,1965847665,BRAVELY DEFAULT FLYING FAIRY HD Remaster,2,0.0007
3359,2091426729,Bread & Fred,2,0.0007
3360,58039508,Bridge Constructor Portal,2,0.0007
3361,1828672240,Buddy Garden (Xbox One),2,0.0007
3362,1831505036,Buddy Garden (Xbox Series X|S),2,0.0007
3363,1679962490,Bye Sweet Carole,2,0.0007
3364,79582604,Cabela’s® African Adventures,2,0.0007
3365,1813758775,Cabernet,2,0.0007
3366,1650593751,Calico,2,0.0007
3367,1960391873,Call of Duty®: Black Ops III (Windows),2,0.0007
3368,2113057830,Candivity,2,0.0007
3369,1684099332,Candy Trail (Xbox One),2,0.0007
3370,1861822793,Car Detailing Simulator,2,0.0007
3371,1696049385,Carnivores: Dinosaur Hunt,2,0.0007
3372,2140021544,CASE: Animatronics,2,0.0007
3373,1733505304,Castlevania: Belmont's Curse,2,0.0007
3374,1986422374,Casual Sport Series: Tennis,2,0.0007
3375,1801180387,Cat From Hell,2,0.0007
3376,1987803377,Cat Quest II,2,0.0007
3377,1714744209,Catacomb Master,2,0.0007
3378,1263339498,Catherine,2,0.0007
3379,1754604823,Cats and Seek : Dino Park,2,0.0007
3380,1975108272,Cats Around Us: Giant Cat,2,0.0007
3381,1808224088,Cave Bad,2,0.0007
3382,1962218680,Cel Damage HD,2,0.0007
3383,1952738626,Checkers World,2,0.0007
3384,1960503334,Chess Prince,2,0.0007
3385,1787753235,Chorus DEMO,2,0.0007
3386,1893065886,Cipher Monk: Cassette Equation (Xbox Series),2,0.0007
3387,1756546018,Classic Pixel Marioboy Adventures,2,0.0007
3388,2057723777,Classified: France '44,2,0.0007
3389,2145430901,Coffee Talk Tokyo,2,0.0007
3390,1480657313,Comix Zone,2,0.0007
3391,2081441840,ComputerHead: Leapbound,2,0.0007
3392,1731932733,Constance,2,0.0007
3393,1954997644,Construction Simulator 3 - Console Edition,2,0.0007
3394,1642942095,CONTRA: ROGUE CORPS,2,0.0007
3395,2107339353,Control Standard Edition,2,0.0007
3396,1872937240,Copycat,2,0.0007
3397,1666952994,CounterAttack: Uprising,2,0.0007
3398,963702216,Crayola Scoot,2,0.0007
3399,2101159611,Crazy Taxi: World Tour,2,0.0007
3400,1755920678,Creatures of Ava,2,0.0007
3401,1789418618,Creepy Shift: House For Sale,2,0.0007
3402,1859298823,Creepy Shift: Roadside Diner,2,0.0007
3403,706918470,Crimsonland,2,0.0007
3404,1763402795,Croc's World 2 (Xbox-Edition),2,0.0007
3405,1771581366,Croc Legend of the Gobbos,2,0.0007
3406,1953289286,CROSSBOW: Bloodnight,2,0.0007
3407,1846285148,CrossfireX,2,0.0007
3408,1705139809,CrushBorgs (for Windows 10),2,0.0007
3409,1753293863,CrushBorgs (Xbox One),2,0.0007
3410,1948002255,Cubey: Blockbyte,2,0.0007
3411,2126586531,Daemon X Machina: Titanic Scion Demo,2,0.0007
3412,1646597747,Dead Reset Demo,2,0.0007
3413,893913045,Deadfall Adventures,2,0.0007
3414,2075268737,Deadliest Catch: The Game,2,0.0007
3415,125143641,Deadlight: Director's Cut,2,0.0007
3416,1837096770,Death's Gambit: Afterlife,2,0.0007
3417,1949177747,Death Park,2,0.0007
3418,1684903257,Death Simulator,2,0.0007
3419,1866841877,Demon Slayer -Kimetsu no Yaiba- Sweep the Board!,2,0.0007
3420,1754131742,Diamond Painting ASMR,2,0.0007
3421,1770625509,Disciples: Domination,2,0.0007
3422,1821472434,Disciples: Liberation,2,0.0007
3423,1627819535,Dishonored® Definitive Edition (PC),2,0.0007
3424,1981785404,Disney Illusion Island Starring Mickey and Friends,2,0.0007
3425,1112934403,Disney Universe,2,0.0007
3426,2096544989,Divine Knockout (DKO),2,0.0007
3427,1751561017,Dollmare,2,0.0007
3428,184694935,Doodle God Demo,2,0.0007
3429,1690951976,Doodle God: Evolution Demo,2,0.0007
3430,1480657334,DOOM II (Classic),2,0.0007
3431,1793469167,Dorfromantik,2,0.0007
3432,2010409612,DOUBLE DRAGON,2,0.0007
3433,1829106294,DRAGON QUEST® XI S: Echoes of an Elusive Age™ - Definitive Edition DEMO,2,0.0007
3434,532569395,Drawful 2,2,0.0007
3435,168101896,Dreamfall Chapters,2,0.0007
3436,1669152064,Dreamscaper,2,0.0007
3437,1622387282,DreamWorks Dragons: Legends of The Nine Realms,2,0.0007
3438,2027359366,DreamWorks Spirit Lucky's Big Adventure,2,0.0007
3439,1844836316,Dune: Imperium,2,0.0007
3440,429018095,Dungeon of the Endless,2,0.0007
3441,147604411,Dungeons 3,2,0.0007
3442,2109350810,Dungeons Of Hinterberg,2,0.0007
3443,1666801480,Dunk Lords,2,0.0007
3444,1831247908,EA SPORTS™ FIFA 16 Downloadable Demo,2,0.0007
3445,419391420,EA SPORTS™ NBA LIVE 15,2,0.0007
3446,242301355,EA SPORTS™ NHL® 16,2,0.0007
3447,866704492,eFootball PES 2020 DEMO,2,0.0007
3448,1668213515,Egg Game,2,0.0007
3449,1963912042,Eiyuden Chronicle: Rising,2,0.0007
3450,1706704659,Eldest Souls,2,0.0007
3451,1725427493,Elon and the Divine Proof (Xbox One),2,0.0007
3452,2060611782,Ember and Blade Demo,2,0.0007
3453,1805594701,Ember Knights : Heroes of the Nexus Edition,2,0.0007
3454,1709327934,Empire in Decay Demo,2,0.0007
3455,1431504870,Enchanted Arms,2,0.0007
3456,1773142063,ENDER LILIES: Quietus of the Knights,2,0.0007
3457,1706225842,ENDLESS Dungeon™,2,0.0007
3458,1930089832,ENDLESS Legend™ 2 Demo,2,0.0007
3459,2033761546,Endling - Extinction is Forever Demo,2,0.0007
3460,1690575171,Endoparasitic,2,0.0007
3461,2102487155,Escape Game Fort Boyard,2,0.0007
3462,968775939,EVERSPACE™,2,0.0007
3463,1962606919,Explodera (Xbox Series X/S),2,0.0007
3464,1888694361,Extreme Formula Championship (Demo),2,0.0007
3465,1887182103,F1® Manager 2022,2,0.0007
3466,1129121874,F1™ 2014,2,0.0007
3467,1480657798,Fable Heroes,2,0.0007
3468,1761848641,FAITH: The Unholy Trinity,2,0.0007
3469,1784955885,Fallout Tactics,2,0.0007
3470,1655237678,Fallout: New Vegas Ultimate Edition,2,0.0007
3471,1851718938,FANTASY LIFE i: The Girl Who Steals Time,2,0.0007
3472,1814653009,FAR: Changing Tides,2,0.0007
3473,2036551350,FAR: Lone Sails,2,0.0007
3474,1911829644,Farewell North,2,0.0007
3475,1640889440,Farmer Survivors,2,0.0007
3476,2099731423,Farming Camp Demo,2,0.0007
3477,1682676286,Fast Food Master 2025,2,0.0007
3478,1709057471,FATAL FRAME: Mask of the Lunar Eclipse,2,0.0007
3479,2104363067,Fatum Betula,2,0.0007
3480,332903703,Fibbage: The Hilarious Bluffing Party Game,2,0.0007
3481,1480659613,Fighting Vipers,2,0.0007
3482,1889880451,FINAL FANTASY XIII,2,0.0007
3483,982272847,FINAL FANTASY XV POCKET EDITION HD,2,0.0007
3484,1868018491,Find The Cats,2,0.0007
3485,1826390129,Find The Cats (Xbox One),2,0.0007
3486,742437332,Firefighters: Airport Fire Department,2,0.0007
3487,1297292148,Fishdom 3: Special Edition,2,0.0007
3488,2082350956,Fishing Sim World: Bass Pro Shops Edition,2,0.0007
3489,1691539579,Flappy Fly,2,0.0007
3490,2084886611,Flowers - Color by Numbers,2,0.0007
3491,2099258504,Football Manager 2023 Console,2,0.0007
3492,1803141715,Football Manager 2024,2,0.0007
3493,2054071455,For The Warp,2,0.0007
3494,2112426479,Forensics: Crime Scene Detective,2,0.0007
3495,643698720,Forza Horizon 2 Demo,2,0.0007
3496,2093936173,Fossilfuel 2,2,0.0007
3497,2037839305,Fractal Space | Demo,2,0.0007
3498,1899291024,Fran Bow,2,0.0007
3499,1754372316,Friends?,2,0.0007
3500,2004076451,Fruit Adventure,2,0.0007
3501,1864738769,Fruit Adventure (Xbox Series),2,0.0007
3502,2010372255,Ftooz Unleashed,2,0.0007
3503,1857915695,Fuga: Melodies of Steel 3,2,0.0007
3504,1686694199,Full Metal Sergeant,2,0.0007
3505,2027986430,Fury Unleashed,2,0.0007
3506,1627281209,FUSER™,2,0.0007
3507,1661034431,Gal Guardians: Demon Purge,2,0.0007
3508,2119664712,Galactic Loader (Xbox One),2,0.0007
3509,1480656914,GALAGA,2,0.0007
3510,1776831831,Game Dev Story,2,0.0007
3511,2022597828,Garten of Banban 0,2,0.0007
3512,1690204019,Garten of Banban 3,2,0.0007
3513,1644860924,Gato Roboto,2,0.0007
3514,1480660051,Geometry Wars™ 3: Dimensions Evolved,2,0.0007
3515,756192965,Get Even,2,0.0007
3516,1881258316,Ghost Song,2,0.0007
3517,1480659514,Girl Fight,2,0.0007
3518,1941242183,Glass Masquerade 2,2,0.0007
3519,1654599341,Gnomes and Knights,2,0.0007
3520,1770092694,Going Under,2,0.0007
3521,1480656994,Golden Axe,2,0.0007
3522,1763005721,Golden Tee Arcade Classics,2,0.0007
3523,1480657057,Golf: Tee It Up!,2,0.0007
3524,2048825105,Goosebumps Dead of Night,2,0.0007
3525,1832133926,Goosebumps: Terror in Little Creek,2,0.0007
3526,1823111797,GreedFall: The Dying World,2,0.0007
3527,1737875841,GRIME,2,0.0007
3528,1638356432,Grizzy and the Lemmings - Crazy Party,2,0.0007
3529,2018425452,Guacamelee! 2,2,0.0007
3530,1974461978,GUNBIRD 2,2,0.0007
3531,1957960009,HALF DEAD,2,0.0007
3532,485144549,Halo Wars 2 Demo,2,0.0007
3533,1480659986,Halo: Spartan Assault,2,0.0007
3534,1818252125,HammerHelm,2,0.0007
3535,1704654963,Happy's Humble Burger Farm,2,0.0007
3536,1480657432,Hard Corps: Uprising,2,0.0007
3537,1480656866,Hardwood Backgammon,2,0.0007
3538,2023604348,Hatsune Miku Logic Paint S+,2,0.0007
3539,1782845794,Hearts of Iron IV,2,0.0007
3540,1834401069,Hell Let Loose: Vietnam - Playtest,2,0.0007
3541,1880774720,Heroes of Hammerwatch - Ultimate Edition,2,0.0007
3542,1618000323,Hidden Cats in Christmas,2,0.0007
3543,1789922063,Hidden Cats in Rome,2,0.0007
3544,1797639733,Hidden Cats in Spooky Village,2,0.0007
3545,1714684733,Hole in Many (Xbox One),2,0.0007
3546,1884242440,Hole in Many (Xbox Series),2,0.0007
3547,2111451812,Horror Adventure : Zombie Edition (Demo),2,0.0007
3548,1842354344,Hot Wheels Let's Race™: Ultimate Speed,2,0.0007
3549,1702750733,Huntdown,2,0.0007
3550,1480657391,Hydrophobia,2,0.0007
3551,2121552083,I'm in Love With Your Dead Grandmother,2,0.0007
3552,1843279556,I'm on Observation Duty 7,2,0.0007
3553,1622108683,I Am Your President,2,0.0007
3554,1760332821,I Did Not Buy This Ticket DEMO,2,0.0007
3555,1768174957,I Hear Them,2,0.0007
3556,1686154202,Indoor Kickball,2,0.0007
3557,1480657692,Insanely Twisted Shadow Planet,2,0.0007
3558,1805474854,Instruments of Destruction,2,0.0007
3559,2054032545,Iris Fall,2,0.0007
3560,1988903595,Is this Game Trying to Kill Me? (Xbox Series X|S),2,0.0007
3561,21051553,It's Quiz Time,2,0.0007
3562,1925571425,Jay and Silent Bob: Chronic Blunt Punch,2,0.0007
3563,1923804355,Jet Kave Adventure,2,0.0007
3564,1480659446,Joe Danger 2: The Movie,2,0.0007
3565,668950127,Joe Dever’s Lone Wolf Console Edition,2,0.0007
3566,1815280218,Jonah Lomu Rugby Challenge 4 Remastered,2,0.0007
3567,1930132661,Jotunnslayer: Hordes of Hel,2,0.0007
3568,1480656856,Joust,2,0.0007
3569,1741183625,Juiced Fruit Racing Demo,2,0.0007
3570,2028720746,Junkyard Simulator,2,0.0007
3571,1773156258,Jurassic Park Classic Games Collection,2,0.0007
3572,1006362568,Just Dance 2014,2,0.0007
3573,251796387,Just Dance 2018®,2,0.0007
3574,1833296585,Kanjozoku Game - レーサーCar Racing & Highway Driving Simulator Games,2,0.0007
3575,1751090642,Kaze and the Wild Masks,2,0.0007
3576,1841198850,Keeper's Toll,2,0.0007
3577,646403599,Kholat,2,0.0007
3578,1849860727,Kids Learn Demo,2,0.0007
3579,2004313785,KILL KNIGHT,2,0.0007
3580,2124401256,King's Bounty II,2,0.0007
3581,2072806887,King Arthur: Knight's Tale,2,0.0007
3582,2060680883,King Arthur: Legion IX,2,0.0007
3583,1703270586,Kingdom Come: Deliverance,2,0.0007
3584,1992283783,Kingdom Rush Origins,2,0.0007
3585,1700273919,KinnikuNeko: SUPER MUSCLE CAT,2,0.0007
3586,2145258670,Kiosk,2,0.0007
3587,2090287182,KLONOA Phantasy Reverie Series,2,0.0007
3588,2008175655,Knights of Pen and Paper +1 Deluxier Edition,2,0.0007
3589,1917136506,"Knowledge, or know Lady Demo",2,0.0007
3590,1886388305,Kunitsu-Gami: Path of the Goddess,2,0.0007
3591,1759703903,Kusan: City of Wolves Demo,2,0.0007
3592,2045453614,Last Days of Lazarus,2,0.0007
3593,930893366,Late Shift,2,0.0007
3594,1647023800,Legend Bowl,2,0.0007
3595,2118709517,Legend of Keepers: Career of a Dungeon Manager,2,0.0007
3596,1660823717,LEGO® Brawls,2,0.0007
3597,1954000337,Leo: The Firefighter Cat,2,0.0007
3598,2020192287,Let's Sing 2024,2,0.0007
3599,1848425529,Let's Sing 2025,2,0.0007
3600,1957230512,Let's Sing 2026,2,0.0007
3601,813601799,Letter Quest: Grimm's Journey Remastered,2,0.0007
3602,1716669263,Levelhead,2,0.0007
3603,1761905942,Lifeless Planet: Premier Edition,2,0.0007
3604,1764400723,Like a Dragon: Ishin!,2,0.0007
3605,1480657361,LIMBO,2,0.0007
3606,1723505641,Liquid Cats (Xbox Series),2,0.0007
3607,1780556395,LISA: The Painful - Definitive Edition,2,0.0007
3608,2130892418,Little Ant Adventure,2,0.0007
3609,1951384495,Little Bear (Windows),2,0.0007
3610,2111501553,Little Bear (Xbox Series),2,0.0007
3611,1841790832,Little Nightmares II Enhanced Edition - Windows,2,0.0007
3612,2095305487,Lootbound,2,0.0007
3613,2081039845,Lost in Random: The Eternal Die,2,0.0007
3614,1845126958,Lou's Lagoon,2,0.0007
3615,1795081986,Luck be a Landlord,2,0.0007
3616,217450018,LUMINES REMASTERED,2,0.0007
3617,2051707990,Lynked: Banner of the Spark,2,0.0007
3618,1963895710,Magical Delicacy,2,0.0007
3619,1977505997,Maid of Sker,2,0.0007
3620,908941238,Mark of the Ninja: Remastered,2,0.0007
3621,1060304103,Marooners,2,0.0007
3622,1654028464,Mars Survivor,2,0.0007
3623,2135914716,Marshmallow Marvin: Greenwood (Xbox One),2,0.0007
3624,1641505677,Marshmallow Marvin: Templestone (Xbox One),2,0.0007
3625,1691007666,Marshmallow Marvin: Timberfall (Xbox One),2,0.0007
3626,2117648871,Martha Is Dead,2,0.0007
3627,1029188769,Marvel’s Guardians of the Galaxy: The Telltale Series - Episode 1,2,0.0007
3628,1112934356,Meet the Robinsons,2,0.0007
3629,1480657390,MEGA MAN 10,2,0.0007
3630,2090925193,Metal Slug Tactics,2,0.0007
3631,1651248133,Metal: Hellsinger (Xbox Series X|S & PC),2,0.0007
3632,2091037333,Metro 2033 Redux,2,0.0007
3633,1866333429,METRO 2039,2,0.0007
3634,470697695,Micro Machines World Series,2,0.0007
3635,1808667646,Mighty No. 9,2,0.0007
3636,1708501931,Mimi the Cat: New Friends,2,0.0007
3637,1620704918,Minami Lane,2,0.0007
3638,1396901860,MINI NINJAS™,2,0.0007
3639,1954760880,Minigolf Adventure,2,0.0007
3640,2004795446,Miraculous - Paris Under Siege,2,0.0007
3641,1958464992,Mob Control,2,0.0007
3642,1480657491,Monkey Island 2: SE,2,0.0007
3643,1480657301,Monkey Island: SE,2,0.0007
3644,1869122946,MONOPOLY DEAL,2,0.0007
3645,1947752727,Monster Hunter Stories 3: Twisted Reflection Trial Version,2,0.0007
3646,1781365913,Monster Train,2,0.0007
3647,1926628202,Moonbrella Demo,2,0.0007
3648,2139970300,Moonglow Bay,2,0.0007
3649,284212046,MotoGP™18,2,0.0007
3650,1830752927,MouseCraft,2,0.0007
3651,1959884647,Mr.Slime in Dungeon,2,0.0007
3652,1796379923,Murder on the Disorient Express,2,0.0007
3653,1774925138,My Little Pony: Magic Princess,2,0.0007
3654,2045736222,My Recycling Center,2,0.0007
3655,1870551425,My Universe - My Baby,2,0.0007
3656,1761109525,My Universe - School Teacher,2,0.0007
3657,1653999253,MythForce,2,0.0007
3658,2006666244,NBA 2K21 Next Generation,2,0.0007
3659,1813201689,Neptunia: Sisters VS Sisters,2,0.0007
3660,1910350587,New Star™ GP,2,0.0007
3661,1453931824,NHL® 15 Downloadable Demo,2,0.0007
3662,2095724117,Nice Day for Fishing,2,0.0007
3663,1816592098,Niche - a genetics survival game,2,0.0007
3664,2021405472,Nickelodeon Kart Racers 2: Grand Prix,2,0.0007
3665,1397819368,NIER,2,0.0007
3666,175365432,Nightmares from the Deep 3: Davy Jones,2,0.0007
3667,1020187268,Nine Parchments,2,0.0007
3668,1732084298,No Puedes Escapar,2,0.0007
3669,1791015991,Nuclear Blaze,2,0.0007
3670,2079187403,Obduction,2,0.0007
3671,54254179,Oceanhorn - Monster of Uncharted Seas,2,0.0007
3672,2035271018,Offroad Masters: Motocross Races,2,0.0007
3673,202265903,Oh...Sir! The Hollywood Roast,2,0.0007
3674,1764133092,OlliOlli World,2,0.0007
3675,2061744663,One Button Games 5-in-1 (Xbox One),2,0.0007
3676,1994881184,One Button Games 5-in-1 vol. 2,2,0.0007
3677,1881526368,One Finger Death Punch 2,2,0.0007
3678,1207405244,Onigiri,2,0.0007
3679,1792460602,Onimusha 2: Samurai's Destiny Demo,2,0.0007
3680,1661545526,Orcs Must Die! 3,2,0.0007
3681,1925002026,Order Automatica,2,0.0007
3682,1727613823,Overcooked! 2,2,0.0007
3683,1129121749,Overlord,2,0.0007
3684,2002349228,OVERPASS™,2,0.0007
3685,1794356574,Owlbound Tomes (Xbox One),2,0.0007
3686,1706920324,Owlbound Tomes (Xbox Series),2,0.0007
3687,1480657548,PAC-MAN CE DX+,2,0.0007
3688,1872131264,Panda: Shards of Aurora (Xbox One),2,0.0007
3689,1926352092,PBA Pro Bowling,2,0.0007
3690,1775966138,PBA Pro Bowling 2021,2,0.0007
3691,1836794259,Phantom Breaker: Battle Grounds Ultimate,2,0.0007
3692,1032585022,Phantom Doctrine,2,0.0007
3693,2080732462,Pickle-Pocalypse,2,0.0007
3694,1958439929,Pilot Sports (Xbox Series),2,0.0007
3695,1663428955,Pirates Outlaws,2,0.0007
3696,1710968984,Planescape: Torment and Icewind Dale: Enhanced Editions,2,0.0007
3697,1662154584,Platypus Reclayed,2,0.0007
3698,1697635406,Post Trauma,2,0.0007
3699,1628806449,Potion Craft: Alchemist Simulator,2,0.0007
3700,34123030,Premium Pool Arena,2,0.0007
3701,1431504908,Prince of Persia,2,0.0007
3702,1431505112,Prince of Persia The Sands of Time,2,0.0007
3703,1731606141,Prison of Illusion (Xbox Series),2,0.0007
3704,2017211163,Prison Tycoon: Under New Management,2,0.0007
3705,307808103,Pro Fishing Simulator,2,0.0007
3706,1844264596,Project Songbird,2,0.0007
3707,1624350228,Project Spark,2,0.0007
3708,1962369921,Pumpkin Jack,2,0.0007
3709,1635087490,Puppergeist,2,0.0007
3710,1846662502,Puppet House,2,0.0007
3711,481098309,Pure Farming 2018,2,0.0007
3712,1480657046,Puzzle Quest,2,0.0007
3713,2049279350,Puzzle Quest: Immortal Edition,2,0.0007
3714,1712756366,PuzzlePet - Feed Your Cat,2,0.0007
3715,453783733,Q.U.B.E. 2,2,0.0007
3716,562694050,R.B.I. Baseball 16,2,0.0007
3717,1998043773,R.B.I. Baseball 19,2,0.0007
3718,2099711760,R.B.I. Baseball 20,2,0.0007
3719,1480657492,Radiant Silvergun,2,0.0007
3720,1912444422,RAIDOU Remastered: The Mystery of the Soulless Army,2,0.0007
3721,1958527888,Rain World Demo,2,0.0007
3722,1618892988,Rally Car Mechanic Simulator,2,0.0007
3723,957250252,Rapala Fishing: Pro Series,2,0.0007
3724,1700983074,Rayman Origins: Enhanced Edition,2,0.0007
3725,300650813,Real Farm,2,0.0007
3726,126264108,Rebel Galaxy,2,0.0007
3727,893913055,Red Faction II,2,0.0007
3728,1190858142,Redout: Lightspeed Edition,2,0.0007
3729,315620102,Refunct,2,0.0007
3730,1997388850,Resident Evil Operation Raccoon City,2,0.0007
3731,522156478,Riddled Corpses EX,2,0.0007
3732,1623503769,RiMS Racing Xbox One,2,0.0007
3733,1710190632,RiMS Racing Xbox Series X|S,2,0.0007
3734,1629043783,River City Girls,2,0.0007
3735,1769121996,River City Girls 2,2,0.0007
3736,227770627,Riverbond,2,0.0007
3737,1791949165,Robin Hood - Sherwood Builders,2,0.0007
3738,1785385145,Rock of Ages 3: Make & Break,2,0.0007
3739,1888207061,Rogue Lords,2,0.0007
3740,1816384641,RollCats Demo,2,0.0007
3741,1644975436,Rollerdrome,2,0.0007
3742,35048352,ROMANCE OF THE THREE KINGDOMS XIII: Fame and Strategy Expansion Pack Bundle,2,0.0007
3743,1690094100,Run Sausage Run!,2,0.0007
3744,1927952264,Rune Axe (Xbox Series),2,0.0007
3745,1788292351,RUSHING BEAT X: Return Of Brawl Brothers,2,0.0007
3746,2068415611,Rust Console Edition - Public Test Branch,2,0.0007
3747,1889657958,S.T.A.L.K.E.R.: Call of Prypiat - Enhanced Edition,2,0.0007
3748,1263339495,Sacred 3,2,0.0007
3749,2106675045,Samurai Jack: Battle Through Time,2,0.0007
3750,1945460495,SAMURAI SHODOWN NEOGEO COLLECTION,2,0.0007
3751,2104908468,SAMURAI WARRIORS 5,2,0.0007
3752,1952805019,Save Your Nuts DEMO,2,0.0007
3753,1652981346,ScourgeBringer,2,0.0007
3754,52620879,Scribblenauts Showdown,2,0.0007
3755,2054684848,Second Extinction™ (Game Preview),2,0.0007
3756,1480657778,Sega Vintage Collection: Monster World,2,0.0007
3757,1641777228,Serious Sam 4,2,0.0007
3758,1801709497,Shadow Cat (Xbox One),2,0.0007
3759,1480657142,Shadow Complex,2,0.0007
3760,584036319,Shadow Tactics: Blades of the Shogun,2,0.0007
3761,1882598345,Shadow Warrior,2,0.0007
3762,1297287126,Shadowrun,2,0.0007
3763,944809057,Shadows: Awakening,2,0.0007
3764,1480659468,Shank™2,2,0.0007
3765,1933595910,Shaolin vs Wutang 2,2,0.0007
3766,2034056236,Shard Squad,2,0.0007
3767,1689409064,Shield King,2,0.0007
3768,1480657316,Shinobi,2,0.0007
3769,2106821597,Shogun Showdown,2,0.0007
3770,1722302711,Shogun Showdown Demo,2,0.0007
3771,2044118581,Shy Dogs Hidden Orchestra,2,0.0007
3772,1263405091,Silent Hill:  Downpour,2,0.0007
3773,1720807506,Skibidi Sandbox,2,0.0007
3774,972210258,Sky Force Anniversary,2,0.0007
3775,687576060,Skylanders SuperChargers Portal Owner's Pack,2,0.0007
3776,1620391316,Sleepin' Guy Deluxe Edition,2,0.0007
3777,1480660016,Slender: The Arrival,2,0.0007
3778,2021025006,Slender: The Arrival,2,0.0007
3779,1911536653,Slots & Daggers,2,0.0007
3780,1480656853,Small Arms,2,0.0007
3781,16468936,So Many Me,2,0.0007
3782,1758230818,Soccer Power Hero,2,0.0007
3783,1947447256,Sodaman,2,0.0007
3784,1838770558,Sokobear Spring,2,0.0007
3785,1677669721,Sokobear Spring (XBOX One),2,0.0007
3786,1793505840,Solir,2,0.0007
3787,1818417101,Solitaire,2,0.0007
3788,2112770120,Songs of Conquest,2,0.0007
3789,1624587951,Sorry We're Closed,2,0.0007
3790,1813197692,SOS OPS!,2,0.0007
3791,1480657156,SOULCALIBUR,2,0.0007
3792,1850692621,Space Filler (Xbox One),2,0.0007
3793,450682088,Sparkle 2,2,0.0007
3794,1712871656,Spirit Hunters: Infinite Horde,2,0.0007
3795,2120222634,Spirit of the North 2,2,0.0007
3796,2032251921,Spot Challenge Vol. 2,2,0.0007
3797,1910694934,SpotCat vs The Cheddar Mafia In The Americas,2,0.0007
3798,1641212101,Sprawl,2,0.0007
3799,1636452571,SRX: The Game,2,0.0007
3800,2063855906,STAR OCEAN THE DIVINE FORCE,2,0.0007
3801,2088823549,Star Trek: Legends,2,0.0007
3802,1112934457,STAR WARS Jedi Starfighter,2,0.0007
3803,1992651140,STAR WARS™: Dark Forces Remaster,2,0.0007
3804,1974921711,STAR WARS™: Episode I: Jedi Power Battles™,2,0.0007
3805,2087817898,Starlit World - Demo,2,0.0007
3806,605317845,Stern Pinball Arcade,2,0.0007
3807,1048629103,Stikbold! A Dodgeball Adventure,2,0.0007
3808,1753146034,STORY OF SEASONS: Grand Bazaar,2,0.0007
3809,903098188,Strange Brigade,2,0.0007
3810,2029929513,Strider,2,0.0007
3811,1794869036,Strike Force Heroes,2,0.0007
3812,2120109308,STUFFED,2,0.0007
3813,1978396801,Styx: Blades of Greed,2,0.0007
3814,1678941366,Submarine Patrol 3D,2,0.0007
3815,1925739927,SubwaySim 2,2,0.0007
3816,1627862029,Sudocats,2,0.0007
3817,1804560104,Sudoku Relax,2,0.0007
3818,1893963317,Sugar Box (Xbox One),2,0.0007
3819,1886639392,Summer Seaside Search (Xbox One),2,0.0007
3820,1780525037,Sunset Motel,2,0.0007
3821,1718545023,Sunset Overdrive,2,0.0007
3822,2118278143,Super Dark Deception Demo,2,0.0007
3823,1375034638,Super Dungeon Bros,2,0.0007
3824,1926467835,Super Forklift 3000,2,0.0007
3825,1827598868,Super Forklift 3000 (Windows),2,0.0007
3826,1684612075,Super Forklift 3000 (Xbox Series),2,0.0007
3827,1849290790,Super Scooter,2,0.0007
3828,1827356638,Survivor - Castaway Island,2,0.0007
3829,1845322433,Suzerain,2,0.0007
3830,1804098370,Swimsanity!,2,0.0007
3831,779561878,Sword Coast Legends™,2,0.0007
3832,462214672,Table Top Racing: World Tour,2,0.0007
3833,1937629264,Tainted Grail: Conquest,2,0.0007
3834,2058090036,Tainted Grail: The Fall of Avalon DEMO,2,0.0007
3835,990373231,Tales of Arise (Xbox One),2,0.0007
3836,1969180565,Tales of Graces f Remastered,2,0.0007
3837,1671975688,Tales of Xillia Remastered,2,0.0007
3838,1979761321,Talking Tom Candy Run,2,0.0007
3839,1718047845,Tannenberg,2,0.0007
3840,1779181957,Tavern Manager Simulator,2,0.0007
3841,2124220599,Techwars Global Conflict,2,0.0007
3842,1090851408,TEMBO THE BADASS ELEPHANT,2,0.0007
3843,1825800558,Temtem,2,0.0007
3844,1713029347,Tennis World Tour 2 - Complete Edition Xbox Series X|S,2,0.0007
3845,2141244267,TERA,2,0.0007
3846,1670845812,Terrinoth®: Heroes of Descent,2,0.0007
3847,1837805016,The Alighieri Circle: Dante's Bloodline Demo,2,0.0007
3848,1994584285,The Backrooms CodeRed,2,0.0007
3849,2000790611,"THE CARD Perfect Collection Plus: Texas Hold 'em, Solitaire and others",2,0.0007
3850,1777903168,The Clocker,2,0.0007
3851,1969027482,The Complex,2,0.0007
3852,2080688657,The Crimson Maid Demo,2,0.0007
3853,1713037584,The Dark Zone 3D Demo,2,0.0007
3854,1678789545,The Eternal Life of Goldman Demo,2,0.0007
3855,875174887,The Final Station,2,0.0007
3856,1969470092,The Fine Art of Murder,2,0.0007
3857,1264125912,The First Templar,2,0.0007
3858,575803834,The Golf Club 2™,2,0.0007
3859,1670023665,The Good Life Demo,2,0.0007
3860,483182712,The Incredible Adventures of Van Helsing II,2,0.0007
3861,2079588618,The Last Campfire,2,0.0007
3862,1962688125,The Messenger,2,0.0007
3863,1652470061,"THE Table Game Deluxe Pack -Mahjong, Go, Shogi, Tsume Shogi, Othello, Card, Hanafuda, Shisen Mahjong Solitaire, Chess, Backgammon-",2,0.0007
3864,1649660694,The Texas Chain Saw Massacre - PC Edition,2,0.0007
3865,307442698,The Turing Test,2,0.0007
3866,63299796,The Voice,2,0.0007
3867,424855892,This Is the Police,2,0.0007
3868,1448413146,TimeShift,2,0.0007
3869,2121432568,Tiny Hands Adventure,2,0.0007
3870,1852720383,Tiny Mage in Puzzle Land (Windows),2,0.0007
3871,2103668444,Tiny Troopers: Global Ops,2,0.0007
3872,32122245,Tony Hawk's® Pro Skater™ 5,2,0.0007
3873,2080427416,Tony Hawk's™ Pro Skater™ 3 + 4 - Foundry Demo,2,0.0007
3874,1480657534,Torchlight,2,0.0007
3875,519443170,Torment: Tides of Numenera,2,0.0007
3876,223188831,Tour de France 2019,2,0.0007
3877,1723626363,Tour de France 2022 Xbox One,2,0.0007
3878,1832512217,Townscaper,2,0.0007
3879,1752070610,Toy Soldiers: War Chest,2,0.0007
3880,1112934425,Toy Story Mania!,2,0.0007
3881,1887639245,Tracks - The Train Set Game,2,0.0007
3882,1763742865,Train Sim World® 2,2,0.0007
3883,974917521,Train Sim World® 2020,2,0.0007
3884,1917641293,Treasure Hunter Simulator,2,0.0007
3885,1632272109,Tribe: Primitive Builder,2,0.0007
3886,1913216462,Trine Enchanted Edition,2,0.0007
3887,1701821008,Trivia: Knowledge Trainer - the Quiz Game,2,0.0007
3888,1894778410,Tropical Jurassic Discovery (Xbox One),2,0.0007
3889,1878739850,Truck Simulator Cargo Driver 2025 - USA,2,0.0007
3890,1929543936,Truxton Extreme,2,0.0007
3891,911120656,Tumblestone,2,0.0007
3892,1799638183,Turbo Overkill,2,0.0007
3893,2074316990,Ultimate General: Gettysburg,2,0.0007
3894,1617989368,Ultimate Zombie Defense,2,0.0007
3895,2010231457,Ultra Foodmess,2,0.0007
3896,1629100331,Ultra Foodmess 2,2,0.0007
3897,2117776820,UnderMine,2,0.0007
3898,1655594569,Unsealed: The Mare,2,0.0007
3899,1700372911,uVolley,2,0.0007
3900,1620954305,Vagante,2,0.0007
3901,1640379056,Vagrus - The Riven Realms,2,0.0007
3902,1964791683,Vampire's Fall: Origins,2,0.0007
3903,1789787818,Vampire Crawlers Demo,2,0.0007
3904,1957172115,Vampire: The Masquerade - Swansong Xbox One,2,0.0007
3905,1951151775,Vicious Attack Llama Apocalypse,2,0.0007
3906,2116328778,Video Game Triviaㅤ,2,0.0007
3907,1982140102,VIDEOVERSE,2,0.0007
3908,1480659612,Virtua Fighter 2,2,0.0007
3909,2009853302,Void of Crosshair,2,0.0007
3910,369299403,Volgarr the Viking,2,0.0007
3911,1759773134,Walking Simulator,2,0.0007
3912,1672389327,Warcraft® II: Remastered,2,0.0007
3913,2034956980,Warface: Breakout,2,0.0007
3914,1769772134,Wargroove 2,2,0.0007
3915,2113105582,Warhammer Age of Sigmar: Realms of Ruin,2,0.0007
3916,1760893557,Warlander,2,0.0007
3917,1821598835,Warstride Challenges,2,0.0007
3918,2026783353,Wayfinder,2,0.0007
3919,1666548378,Weedcraft Inc,2,0.0007
3920,1918361672,Werewolf Pinball,2,0.0007
3921,2030769510,Werewolf: The Apocalypse - Earthblood Xbox One,2,0.0007
3922,2117988744,"What have you done, Father?",2,0.0007
3923,1837745362,When the Past was Around,2,0.0007
3924,1643960804,Whisper Of The House,2,0.0007
3925,1807181865,Wizard with a Gun,2,0.0007
3926,1738666347,Wizardry: Proving Grounds of the Mad Overlord,2,0.0007
3927,1743460039,Wizordum,2,0.0007
3928,1909396590,Wolfenstein: The Old Blood (PC),2,0.0007
3929,1786507059,Woodo,2,0.0007
3930,1891490306,Woodo Demo,2,0.0007
3931,1919399595,WORD SEARCH BY JGABRIB,2,0.0007
3932,1752292722,World Enduro Rally,2,0.0007
3933,1985239734,World of Tanks Blitz (legacy),2,0.0007
3934,547690837,World of Van Helsing: Deathtrap,2,0.0007
3935,775457902,WRC 5 FIA World Rally Championship,2,0.0007
3936,1834362316,WW2 Rebuilder,2,0.0007
3937,1755180052,Yakuza 3 Remastered,2,0.0007
3938,1990116831,Yooka-Laylee and the Impossible Lair,2,0.0007
3939,2007070358,Young Souls,2,0.0007
3940,1753265343,Zero Escape: Zero Time Dilemma,2,0.0007
3941,1765567475,Ziggy,2,0.0007
3942,1924883586,ZombCube,2,0.0007
3943,2028108587,Zombie Wackers Lite,2,0.0007
3944,1887036168,Zombuffoonery,2,0.0007
3945,1300239418,决战喵星,2,0.0007
3946,532148954,'n Verlore Verstand - Free Demo,1,0.0003
3947,498206038,#KILLALLZOMBIES,1,0.0003
3948,2085654630,(Dis)Assemble,1,0.0003
3949,1734375716,(Dis)Assemble (Xbox One),1,0.0003
3950,1625916886,*NEW* SCUFFED EPIC BHOP SIMULATOR 2023 (POG CHAMP),1,0.0003
3951,2140131389,[REDACTED],1,0.0003
3952,253370787,>observer_,1,0.0003
3953,2128466535,1-Bit Dungeon,1,0.0003
3954,1626046949,1-Bit Dungeon (Xbox One),1,0.0003
3955,1875818022,1 Square,1,0.0003
3956,28833378,10 Second Ninja X,1,0.0003
3957,191750219,101 Ways To Die,1,0.0003
3958,1653986363,1f y0u're a gh0st ca11 me here!,1,0.0003
3959,1991083049,2064: Read Only Memories,1,0.0003
3960,1993684846,3D Chess Game,1,0.0003
3961,1893545993,3D Golf Monster Arena,1,0.0003
3962,1651249469,5 in 1 Arcade Vault,1,0.0003
3963,1690735594,5 in 1 Arcade Vault (Xbox One),1,0.0003
3964,1714878640,60 Seconds!,1,0.0003
3965,2099527901,63 Days,1,0.0003
3966,1689292278,63 Days Demo,1,0.0003
3967,1678450450,7 Days of Rose,1,0.0003
3968,1745806870,7 Days to Die (Game Preview),1,0.0003
3969,1627615213,70s-style Robot Anime Geppy-X DEMO,1,0.0003
3970,2012705074,7th Domain: Tree of Chaos,1,0.0003
3971,2126592570,8-Ball Pocket,1,0.0003
3972,2115929793,A Memoir Blue,1,0.0003
3973,369070271,A Pixel Story,1,0.0003
3974,2122751230,A Short Hike,1,0.0003
3975,161766155,ACA NEOGEO ART OF FIGHTING 2,1,0.0003
3976,1052909776,ACA NEOGEO ART OF FIGHTING 3,1,0.0003
3977,955101050,ACA NEOGEO BASEBALL STARS 2,1,0.0003
3978,732054872,ACA NEOGEO BIG TOURNAMENT GOLF,1,0.0003
3979,934133999,ACA NEOGEO GAROU: MARK OF THE WOLVES,1,0.0003
3980,1070225934,ACA NEOGEO KING OF THE MONSTERS,1,0.0003
3981,442683589,ACA NEOGEO LAST RESORT,1,0.0003
3982,742489013,ACA NEOGEO LEAGUE BOWLING,1,0.0003
3983,398726065,ACA NEOGEO NINJA COMBAT,1,0.0003
3984,418426882,ACA NEOGEO REAL BOUT FATAL FURY SPECIAL,1,0.0003
3985,922642042,ACA NEOGEO SAMURAI SHODOWN II,1,0.0003
3986,428977306,ACA NEOGEO SAMURAI SHODOWN V SPECIAL,1,0.0003
3987,103559008,ACA NEOGEO SENGOKU 3,1,0.0003
3988,53958575,ACA NEOGEO SHOCK TROOPERS 2nd Squad,1,0.0003
3989,320447882,ACA NEOGEO SOCCER BRAWL,1,0.0003
3990,537999743,ACA NEOGEO STREET HOOP,1,0.0003
3991,426534329,ACA NEOGEO THE KING OF FIGHTERS '96,1,0.0003
3992,1902503932,ACA NEOGEO THE KING OF FIGHTERS 2002 for Windows,1,0.0003
3993,1072246689,ACA NEOGEO WORLD HEROES PERFECT,1,0.0003
3994,1835165280,Access Denied: Escape,1,0.0003
3995,2094098726,Ace Attorney Investigations Collection,1,0.0003
3996,1903197276,Ace Attorney Investigations Collection DEMO,1,0.0003
3997,1939634325,Action Arcade Wrestling,1,0.0003
3998,1776750293,Active Soccer 2019,1,0.0003
3999,691691903,Adam's Venture: Origins,1,0.0003
4000,219620906,ADIOS Amigos,1,0.0003
4001,2105457739,Adorable Adventures,1,0.0003
4002,344925310,Adventure Time: Finn and Jake Investigations,1,0.0003
4003,926156758,Adventure Time: Secret (2014),1,0.0003
4004,1801290087,Adventures of Bertram Fiddle: Episode 2: A Bleaker Predicklement,1,0.0003
4005,1638145207,Aeon Must Die!,1,0.0003
4006,1784931030,Aerial_Knight's Never Yield,1,0.0003
4007,1668258620,Aero The Acro-Bat,1,0.0003
4008,2121427633,Aery - Calm Mind,1,0.0003
4009,2000224393,Afterdream,1,0.0003
4010,1480657136,Age of Booty,1,0.0003
4011,897067440,Age of Empires: Definitive Edition,1,0.0003
4012,1630807758,Age of Water,1,0.0003
4013,1838321370,Ages of Mages: the last keeper,1,0.0003
4014,2080141972,Aground,1,0.0003
4015,1942395876,"Ah, Love! Season 2",1,0.0003
4016,1699515516,"Ah, Love! Season 2 (Xbox One)",1,0.0003
4017,2034005685,"Ah, Love! Season 3 (Windows)",1,0.0003
4018,1802195765,"Ah, Love! Season 3 (Xbox One)",1,0.0003
4019,1704834214,Aim Assist,1,0.0003
4020,1798393583,Air Aces,1,0.0003
4021,1998975942,Air Race Assault,1,0.0003
4022,2116588551,Airoheart,1,0.0003
4023,1838616414,Airplane Flight Simulator : EVO,1,0.0003
4024,1880279778,Airplane Racing Championship Demo,1,0.0003
4025,2023667384,Airport City,1,0.0003
4026,2057042819,Akimbot,1,0.0003
4027,1616416590,Akinakes (Windows),1,0.0003
4028,1835342321,Akinakes (Xbox Series),1,0.0003
4029,1817202060,Alba: A Wildlife Adventure,1,0.0003
4030,1653884944,Alchemist Simulator,1,0.0003
4031,1614822065,Alchemist: The Potion Monger,1,0.0003
4032,1793639036,Alice in Wonderland - A jigsaw puzzle tale,1,0.0003
4033,1790332447,Alien: Rogue Incursion Evolved Edition,1,0.0003
4034,1668560043,Alisa Developer's Cut: Demo,1,0.0003
4035,2118440035,All The Words She Wrote,1,0.0003
4036,1997651308,All You Need is Help,1,0.0003
4037,1725954584,Alpacapaca Dash (Windows),1,0.0003
4038,1968314095,Alveole (Xbox Series X|S),1,0.0003
4039,1922218042,Amazing Weekend Search and Relax Collector's Edition,1,0.0003
4040,2075295469,Amber Alert Director's cut,1,0.0003
4041,1780044941,American Arcadia,1,0.0003
4042,1768607160,American Trucks: Parking Simulators,1,0.0003
4043,1711302343,Amerzone - The Explorer's Legacy,1,0.0003
4044,1688666438,Among Ashes,1,0.0003
4045,1648049613,An Evil Existence,1,0.0003
4046,1671043316,Ancient Ants Adventure,1,0.0003
4047,2041767726,Angry Birds 2,1,0.0003
4048,2089856457,Angry Video Game Nerd 8-bit,1,0.0003
4049,884197146,Anima: Gate of Memories,1,0.0003
4050,188051424,Anodyne,1,0.0003
4051,1818579429,Anomaly Agent,1,0.0003
4052,1480659481,Anomaly Warzone Earth,1,0.0003
4053,2143113399,Anthology of Fear,1,0.0003
4054,1753762836,Apidya' Special,1,0.0003
4055,2105395937,Apocryphoid (Xbox One),1,0.0003
4056,1659011435,Aquadine,1,0.0003
4057,1630751753,Aquarium Land,1,0.0003
4058,1762082517,Arcade Archives 2 KARNOV,1,0.0003
4059,1825022066,Arcade Archives 2 Mr.Do!'s Castle,1,0.0003
4060,1861701062,Arcade Archives 2 RIDGE RACER,1,0.0003
4061,1896704456,Arcade Archives 2 TEKKEN,1,0.0003
4062,2081200138,Arcade Classics Anniversary Collection,1,0.0003
4063,2099466588,Archvale,1,0.0003
4064,1963187474,ArcRunner,1,0.0003
4065,1817822159,Argonauts Agency 2: Pandora’s Box,1,0.0003
4066,682100179,Armello,1,0.0003
4067,124122787,Armikrog,1,0.0003
4068,119215728,ARSLAN: THE WARRIORS OF LEGEND,1,0.0003
4069,2095899465,Artifact Seekers,1,0.0003
4070,1648951692,Ary and the Secret of Seasons,1,0.0003
4071,1920845520,Arzette: The Jewel of Faramore,1,0.0003
4072,1937454349,Asdivine Knot,1,0.0003
4073,909545209,Ashen,1,0.0003
4074,1480659964,Assassin's Creed III: Liberation HD,1,0.0003
4075,1914158471,Asterix & Obelix Slap Them All! 2,1,0.0003
4076,1982368175,Asterix & Obelix XXXL – The Ram From Hibernia,1,0.0003
4077,1480656974,Asteroids & Deluxe,1,0.0003
4078,1815740310,Asteroids Origin,1,0.0003
4079,1696544530,Asteroids Origin and Geometry Warp Trial,1,0.0003
4080,2116401396,Astrea: Six-Sided Oracles,1,0.0003
4081,2054014906,Astro Adventure: Core Hunt (XBOX ONE),1,0.0003
4082,1970081113,Astro Adventure: Core Hunt (XBOX XSX),1,0.0003
4083,1631238072,Astro Miner,1,0.0003
4084,1480656882,Astropop,1,0.0003
4085,2123511473,Asylum - Buckshot Roulette Final Bet,1,0.0003
4086,686748290,Atari Flashback Classics Vol. 1,1,0.0003
4087,547436161,Atari Flashback Classics Vol. 2,1,0.0003
4088,968268482,Atari Flashback Classics Vol. 3,1,0.0003
4089,1835249581,ATOM RPG: Post-apocalyptic indie game,1,0.0003
4090,1922528223,Attack on Titan 3,1,0.0003
4091,1976727993,Au Revoir,1,0.0003
4092,1694852268,Avatar The Last Airbender: Quest for Balance,1,0.0003
4093,1889966255,Avatar World Simulation Life,1,0.0003
4094,1414596577,Avatar: TLA: TBE,1,0.0003
4095,2101231180,Away : The Survival Series,1,0.0003
4096,1480657197,Axel & Pixel,1,0.0003
4097,1958897628,Backrooms: Partygoers,1,0.0003
4098,1823463899,Bad Cat,1,0.0003
4099,2114307100,Bad Dream: Coma,1,0.0003
4100,1730080779,Bakery Simulator,1,0.0003
4101,1915656928,Baki Hanma: Blood Arena Demo,1,0.0003
4102,1833100190,Baldur's Gate: Dark Alliance II,1,0.0003
4103,1758411793,Ball Race 5: Volleyball DEMO,1,0.0003
4104,1831653751,BallKour,1,0.0003
4105,1630676646,Ballotron Coolbox (Windows),1,0.0003
4106,1869321523,Ballotron Oceans,1,0.0003
4107,1843898695,Bangers Unlimited,1,0.0003
4108,1995697239,Banner of the Maid,1,0.0003
4109,2021090436,Baptiste Demo,1,0.0003
4110,1666187104,Barbarian Saga: The Beastmaster,1,0.0003
4111,1691092579,Baron: Fur Is Gonna Fly,1,0.0003
4112,1983486793,Basketball Free Throw Xbox,1,0.0003
4113,1852136408,Basketball Pinball,1,0.0003
4114,1787355584,Basureroes,1,0.0003
4115,2019892927,Batora: Lost Haven,1,0.0003
4116,465259992,Battle Chasers: Nightwar,1,0.0003
4117,106983280,Battlefield™ V Open Beta,1,0.0003
4118,1396901849,Battlestations: Midway,1,0.0003
4119,2009443764,BBQ Simulator: The Squad,1,0.0003
4120,2073050659,Beacon Pines,1,0.0003
4121,1634873070,Bear Knight Honey Quest (Windows),1,0.0003
4122,1674161494,Beautiful Sakura: Volleyball Club,1,0.0003
4123,1657573799,Bee Flowers (Xbox One),1,0.0003
4124,1623175865,Bee Flowers: Save the Garden,1,0.0003
4125,1696098157,Bee Flowers: Save the Garden (Xbox One),1,0.0003
4126,1614199038,Before Exit : Gas Station,1,0.0003
4127,1840555675,Before Exit : Supermarket,1,0.0003
4128,1711881307,BEFORE I GO,1,0.0003
4129,2140460499,Before We Leave,1,0.0003
4130,139697962,Beholder Complete Edition,1,0.0003
4131,1480659459,Bellator: MMA Onslaught,1,0.0003
4132,1864828194,Bendy: Lone Wolf,1,0.0003
4133,1658762775,Best Month Ever!,1,0.0003
4134,1645452783,Betomis (Xbox),1,0.0003
4135,1480657658,Beyond Good & Evil HD,1,0.0003
4136,1831245668,Beyond the Ice Palace 2,1,0.0003
4137,621760503,Big Crown: Showdown,1,0.0003
4138,2087679407,Big Pharma,1,0.0003
4139,1686912808,Bigfoot Hunting,1,0.0003
4140,1662443142,Bio Block,1,0.0003
4141,1769346995,BioEden,1,0.0003
4142,298354887,BIOHAZARD 7 resident evil グロテスクVer.,1,0.0003
4143,2015751229,Bioweaver,1,0.0003
4144,1937716027,Bit Orchard: Animal Valley,1,0.0003
4145,1732940996,BL Number Say Game,1,0.0003
4146,1805494022,Black Flower Demo,1,0.0003
4147,1772714405,Black Skylands,1,0.0003
4148,1815844482,Blackberry Honey,1,0.0003
4149,2102008276,BlackJack X,1,0.0003
4150,2061970650,BLACKTAIL,1,0.0003
4151,1787759076,Blade of Darkness,1,0.0003
4152,1535814857,BLADESTORM: Nightmare,1,0.0003
4153,188693730,BLADESTORM: Nightmare Demo,1,0.0003
4154,2018229477,Blast Brigade vs. the Evil Legion of Dr. Cread,1,0.0003
4155,2041877435,Blaster Master Zero,1,0.0003
4156,1801017437,Blightbound,1,0.0003
4157,2037855727,Block Puzzle Jewels Classic,1,0.0003
4158,1827427361,Blockman 1988,1,0.0003
4159,1480657786,Bloodforge,1,0.0003
4160,1802136145,BloodRayne Betrayal: Fresh Bites,1,0.0003
4161,1854025914,Bloons TD Battles,1,0.0003
4162,1993038906,BlubBlub: Quest of the Blob,1,0.0003
4163,2038811741,Blue Estate,1,0.0003
4164,1638530474,Blue Wednesday,1,0.0003
4165,2084844297,Bobobby 3D: Stranded Rush (Windows),1,0.0003
4166,1677902743,Bonnie Bear Saves Frogtime Demo,1,0.0003
4167,1695618656,Book of Demons,1,0.0003
4168,1845916931,Bool Capture,1,0.0003
4169,2037324694,Bool Capture (Windows),1,0.0003
4170,1671298933,Bool Capture (Xbox One),1,0.0003
4171,2086335869,Boti: Byteland Overclocked,1,0.0003
4172,1817035033,BOUNCY BREAD (WINDOWS),1,0.0003
4173,1692782771,Bowie The Frog,1,0.0003
4174,1935728690,Boxes: Lost Fragments,1,0.0003
4175,1973937079,Boxes: Lost Fragments Demo,1,0.0003
4176,1634698334,Boxing.free,1,0.0003
4177,1715428789,Boxville 2 Demo,1,0.0003
4178,2021444410,BPM: Bullets Per Minute,1,0.0003
4179,2008100335,Brain simulator,1,0.0003
4180,1928707466,Brave Squad,1,0.0003
4181,1765406083,Bravion (Windows),1,0.0003
4182,178624005,Breach & Clear: Deadline,1,0.0003
4183,1715821518,Breakers Collection,1,0.0003
4184,1906254371,Breakers Collection (Demo),1,0.0003
4185,1754913361,Brewmaster: Beer Brewing Simulator,1,0.0003
4186,2143317425,Bridge Constructor Studio,1,0.0003
4187,918727784,Bridge Constructor Stunts,1,0.0003
4188,1961812834,BROK: The Brawl Bar,1,0.0003
4189,2133362762,Broken Sword - Shadow of the Templars: Reforged,1,0.0003
4190,364252200,Broken Sword 5 - the Serpent’s Curse,1,0.0003
4191,1827174995,Brunch Club,1,0.0003
4192,1632339731,BRUTAL RAGE,1,0.0003
4193,1870313527,Bubble Stomp (Xbox One),1,0.0003
4194,1691856645,Bubble Stomp (Xbox Series),1,0.0003
4195,1789207567,Bubble Witch 3 Saga,1,0.0003
4196,1712454405,Bubblegum Galaxy,1,0.0003
4197,2092197904,Bubsy in: The Purrfect Collection,1,0.0003
4198,1777837363,Bucket Truck Construction Simulator,1,0.0003
4199,720192428,Bud Spencer & Terence Hill - Slaps And Beans,1,0.0003
4200,1730283762,Bud Spencer & Terence Hill - Slaps and Beans 2,1,0.0003
4201,1966362481,Buffet Boss,1,0.0003
4202,1923745417,Bug Fables: The Everlasting Sapling,1,0.0003
4203,2043895065,Builder Simulator,1,0.0003
4204,1668362617,Bullet Trail,1,0.0003
4205,1414793266,Bully,1,0.0003
4206,1648491052,Bulwark: Falconeer Chronicles,1,0.0003
4207,1801586594,Bumblebee - Search for Happiness,1,0.0003
4208,2114128708,Bunny Park,1,0.0003
4209,1632400759,Bunny Pit Stop (Xbox One),1,0.0003
4210,1794898448,Bus Driver Simulator,1,0.0003
4211,1957324677,Bus Simulator 25,1,0.0003
4212,82519866,Bush Hockey League,1,0.0003
4213,723100070,BUTCHER,1,0.0003
4214,1096157404,Cabela's Hunting Expeditions,1,0.0003
4215,2083615890,Cafe Owner Simulator,1,0.0003
4216,2097501391,Cakey's Twisted Bakery,1,0.0003
4217,1751576553,Call of Duty®: Black Ops Cold War - Open Beta,1,0.0003
4218,2101621133,Call of Duty®: Black Ops II (2012),1,0.0003
4219,1724764656,Call of Duty®: Ghosts (Windows),1,0.0003
4220,84904185,Call of Duty®: Infinite Warfare Beta,1,0.0003
4221,1676384121,Call of Duty®: Modern Warfare® II - Open Beta,1,0.0003
4222,1748943662,Call of Duty®: Vanguard - Xbox Series X|S Open Beta,1,0.0003
4223,1916243879,Camping Simulator: The Squad,1,0.0003
4224,1774990887,Can't Drive This,1,0.0003
4225,2098202394,Candy Crush Saga,1,0.0003
4226,2018993706,Candy Crush Soda Saga,1,0.0003
4227,2020006421,Candy Trail,1,0.0003
4228,1773632861,Canine,1,0.0003
4229,1766797026,Cannon Dancer - Osman,1,0.0003
4230,1480659545,CAPCOM ARCADE CABINET,1,0.0003
4231,2115333769,Captain Cat Demo,1,0.0003
4232,1758661630,Captain Puff MacFly,1,0.0003
4233,1758816552,Car Demolition Clicker,1,0.0003
4234,2016139001,Card Collector Trading Shop,1,0.0003
4235,1955794744,CARD SHOP GAME STORE SIMULATOR,1,0.0003
4236,2052867986,Cards We're Dealt,1,0.0003
4237,1986181722,Caretaker Game,1,0.0003
4238,1615345863,Carmen Sandiego,1,0.0003
4239,1869939070,Carrier Deck,1,0.0003
4240,1762233576,Carrot Crusade - Mimika's Reckoning (Xbox Series X/S),1,0.0003
4241,1959977695,Carrot Smash (Xbox Series),1,0.0003
4242,1855158493,Cartel Tycoon,1,0.0003
4243,2104571236,CASE 2: Animatronics Survival,1,0.0003
4244,1771447003,Castle Craft,1,0.0003
4245,1973950513,Castle of no Escape (for Windows 10),1,0.0003
4246,1480659610,CastleStorm,1,0.0003
4247,1688620632,Casual Sport Series: Badminton,1,0.0003
4248,2070449681,Casual Sport Series: Boxing,1,0.0003
4249,1757862533,Cat in Rain (Windows),1,0.0003
4250,1858000832,Caterpillar,1,0.0003
4251,1744298534,Catlateral Damage: Remeowstered,1,0.0003
4252,1986085404,Cats On Duty Demo,1,0.0003
4253,2117573270,Cats with Guns (Xbox),1,0.0003
4254,2071309475,Cattle Country,1,0.0003
4255,1654717113,Caverns of Mars: Recharged,1,0.0003
4256,1480656972,Centipede & Millipede,1,0.0003
4257,1688996321,Chameleon Dummy Hunt,1,0.0003
4258,1927336734,Chasing Static,1,0.0003
4259,497019090,Chasm,1,0.0003
4260,1811463896,Cherry Tower,1,0.0003
4261,1944645448,Chess Battle,1,0.0003
4262,1744810902,Chess Gambit,1,0.0003
4263,2147011730,Chicken Run: Eggstraction,1,0.0003
4264,1431504972,Child of Eden,1,0.0003
4265,1749856679,Chippy's Stash,1,0.0003
4266,1972973669,Chippy's Stash (Xbox One),1,0.0003
4267,310307954,Chivalry: Medieval Warfare,1,0.0003
4268,2083927188,Chronicles of Magic: Divided Kingdom (Xbox Version),1,0.0003
4269,880657099,Chronos: Before the Ashes,1,0.0003
4270,1985908186,Cipher Monk: Cassette Equation (Xbox One),1,0.0003
4271,1676653592,Citizen Sleeper 2: Starward Vector,1,0.0003
4272,1618799257,CityDriver,1,0.0003
4273,1963865580,Claim the Forest (Windows),1,0.0003
4274,2031425043,Claim the Forest (Xbox Series),1,0.0003
4275,1816963357,Classic Snake Adventures (Cross-Buy),1,0.0003
4276,2124727327,Clockwork Aquario,1,0.0003
4277,1622578827,Clockwork Blackout (Windows),1,0.0003
4278,2106826312,Close to the Sun,1,0.0003
4279,1731093976,Clothing Supermarket Store Simulator,1,0.0003
4280,1675162155,Cloud to Gold (Xbox One),1,0.0003
4281,1762384159,Cloud to Gold (Xbox Series),1,0.0003
4282,1980358797,Cloudpunk,1,0.0003
4283,1958260574,ClusterPuck 99,1,0.0003
4284,1872936107,Cobra Kai: The Karate Kid Saga Continues,1,0.0003
4285,2030563304,CODE VEIN II - Character Creator Demo,1,0.0003
4286,1941723837,Coffee Talk Episode 2: Hibiscus and Butterfly,1,0.0003
4287,1783710489,"Coffee, Plis",1,0.0003
4288,1824513011,COLINA: Legacy,1,0.0003
4289,1724133517,Collie Call,1,0.0003
4290,1774676042,Color Water Sort,1,0.0003
4291,2040404955,Colorful Colore,1,0.0003
4292,2107467778,Colorful Colore (for Windows 10),1,0.0003
4293,1973258066,Colorful Colore (Xbox Series),1,0.0003
4294,1840490628,Coloring Book World (Pro),1,0.0003
4295,1480657343,Commander's Challenge,1,0.0003
4296,1811348687,Commandos 2 - HD Remaster,1,0.0003
4297,1653613745,ComputerHead: Leapbound (Windows),1,0.0003
4298,1959694083,ComputerHead: Leapbound (Xbox One),1,0.0003
4299,1817740879,ComputerHead: Recoil,1,0.0003
4300,1619365016,ComputerHead: Recoil (Windows),1,0.0003
4301,1964470025,ComputerHead: Recoil (Xbox One),1,0.0003
4302,1663080705,Concept Coaster Craft 2,1,0.0003
4303,1923495076,Concept Destruction,1,0.0003
4304,1867541216,Connect 4 - Classics,1,0.0003
4305,1906275446,Connect In A Row Puzzle Solver,1,0.0003
4306,2010485862,Connect The Dots + Level Editor,1,0.0003
4307,2100141985,Contra: Operation Galuga Demo,1,0.0003
4308,1954250236,Cooking Companions,1,0.0003
4309,1699595315,Copycat Demo,1,0.0003
4310,1878227371,Cotton 100%,1,0.0003
4311,1781425798,Cozy Designer,1,0.0003
4312,1767974553,Cozy Grove,1,0.0003
4313,2135982180,Cozy Grove: Camp Spirit,1,0.0003
4314,1753200143,Crack The Egg!,1,0.0003
4315,1965473466,Craft MineWorld,1,0.0003
4316,2121565894,Crawlers And Brawlers,1,0.0003
4317,1631412500,Crazy Trucks,1,0.0003
4318,461173340,Crimson Dragon,1,0.0003
4319,1971702433,Cris Tales,1,0.0003
4320,2020595605,Critter Dash,1,0.0003
4321,1692395829,Croc's World 4,1,0.0003
4322,1991682337,Croc's World Construction Kit 2,1,0.0003
4323,1991637540,Crossroads Inn,1,0.0003
4324,1721970293,Crow Country,1,0.0003
4325,1696763703,Crown Wars: The Black Prince,1,0.0003
4326,1936502444,Crowns and Pawns: Kingdom of Deceit,1,0.0003
4327,429288038,Crypt of the NecroDancer,1,0.0003
4328,536814041,Crypt of the Serpent King Demo,1,0.0003
4329,1689376479,Crypt of the Serpent King Remastered 4K Edition,1,0.0003
4330,1480657289,CRYSTAL DEFENDERS,1,0.0003
4331,1480656878,Crystal Quest,1,0.0003
4332,1767097660,Cthulhu: The Cosmic Abyss,1,0.0003
4333,1844923262,Cube Farmer,1,0.0003
4334,1825390824,Cubey: Blockbyte (Windows),1,0.0003
4335,1759662919,Cubey: Blockbyte (Xbox One),1,0.0003
4336,1865695529,Cubey: Hexfall,1,0.0003
4337,2027314402,Cubey: Hexfall (Windows),1,0.0003
4338,2093569775,Culdcept The First Saturn Tribute,1,0.0003
4339,1824007949,Curious Cases,1,0.0003
4340,1883035667,Curved Space,1,0.0003
4341,2021467978,Cyanide & Happiness - Freakpocalypse (Episode 1),1,0.0003
4342,1801222028,Cyber Lemur,1,0.0003
4343,1719811824,CyberCorp,1,0.0003
4344,1705627827,CYGNI: All Guns Blazing,1,0.0003
4345,694107204,Dance Central Spotlight,1,0.0003
4346,2026477830,Dandy Ace,1,0.0003
4347,2098109201,Danger Close,1,0.0003
4348,822567888,Danger Zone,1,0.0003
4349,1705868586,Dangerous Driving,1,0.0003
4350,1841290462,Dark Alliance,1,0.0003
4351,1679089415,Dark Dungeon Mind Mess (Windows),1,0.0003
4352,1750090684,Dark Elven Legacy,1,0.0003
4353,1919541930,Dark Grim Mariupolis,1,0.0003
4354,1991801140,Dark Light,1,0.0003
4355,1866432997,Dark Reflection,1,0.0003
4356,1128466400,Dark Void,1,0.0003
4357,1480656930,Darwinia+,1,0.0003
4358,1661865075,Dawn of the Monsters,1,0.0003
4359,2038696401,Daymare: 1994 Sandcastle (Xbox one version),1,0.0003
4360,1762192861,DC's Justice League: Cosmic Chaos,1,0.0003
4361,1842049989,DCL-The Game,1,0.0003
4362,149500505,de Blob 2,1,0.0003
4363,514032111,Dead Alliance™: Multiplayer Edition,1,0.0003
4364,435507461,Dead Effect 2,1,0.0003
4365,1880055889,DEADCRAFT,1,0.0003
4366,1297483729,Deadly Premonition,1,0.0003
4367,1229916116,DEADLY PREMONITION,1,0.0003
4368,2029303740,Death Elevator,1,0.0003
4369,2027027841,Debtor: Enhanced Edition,1,0.0003
4370,2069220628,Decision: Red Daze,1,0.0003
4371,1643012526,Decollate Decoration,1,0.0003
4372,610840457,Deer Hunter: Reloaded,1,0.0003
4373,1835728091,Defender of the Crown: The Legend Returns,1,0.0003
4374,3469638,Degrees of Separation,1,0.0003
4375,1743151630,Deiland: Pocket Planet,1,0.0003
4376,1640554708,deleted_app,1,0.0003
4377,1697112419,Deliver Us Mars,1,0.0003
4378,1967861303,Demeo x Dungeons & Dragons: Battlemarked,1,0.0003
4379,1729622594,Democracy 4: Console Edition,1,0.0003
4380,2037049699,Demolish & Build 3,1,0.0003
4381,1665119125,Demon Hunter: Riddles of Light,1,0.0003
4382,1997040868,Demon Turf,1,0.0003
4383,2025087313,Demons Are Coming!,1,0.0003
4384,1646780412,Dentist Bling,1,0.0003
4385,1657529579,DESOLATIUM,1,0.0003
4386,382896606,Desperados III,1,0.0003
4387,1195776863,Despicable Me: Minion Rush,1,0.0003
4388,2130889323,Destroy All Humans! 2 - Reprobed: Single Player (X1),1,0.0003
4389,1760093250,DETECTIVE - The Test,1,0.0003
4390,1645386839,Detective Holmes: Hidden Objects,1,0.0003
4391,554958871,Devil May Cry 5 Xbox Exclusive Demo,1,0.0003
4392,1852909326,DeviLevel: Try Again,1,0.0003
4393,1704224301,Devious Dungeon,1,0.0003
4394,1017462859,Dex,1,0.0003
4395,1901219549,Diablo® IV - Server Slam,1,0.0003
4396,1830255060,Dice Assassin,1,0.0003
4397,1650158255,Die After Sunset,1,0.0003
4398,2048553413,Differences: Find & Spot them,1,0.0003
4399,1848024903,Dig Deep,1,0.0003
4400,1941545430,Dinosaur Fossil Hunter - Paleontology Simulator,1,0.0003
4401,1697516444,Dinosaur RPG - Dino Survival Simulator Survivor,1,0.0003
4402,2144329170,Discolored,1,0.0003
4403,1737926681,Discounty,1,0.0003
4404,1756491555,Dishonored 2,1,0.0003
4405,1697327394,Disjunction,1,0.0003
4406,1864875251,Disney Magic Kingdoms,1,0.0003
4407,2061719276,Disney Villains Cursed Café,1,0.0003
4408,1178929110,Divinity II - DKS,1,0.0003
4409,2034093267,Doctor Who: The Edge of Reality,1,0.0003
4410,2078887234,Doctor Who: The Lonely Assassins,1,0.0003
4411,1776382481,Dodo Duckie Demo,1,0.0003
4412,1784134484,Dog Duty,1,0.0003
4413,1935690934,Dog Man: Mission Impawsible,1,0.0003
4414,1727787735,Dog’s Donuts,1,0.0003
4415,1889137420,Doggy Up!,1,0.0003
4416,1744516403,Dolmen,1,0.0003
4417,1804597350,Dolphin Spirit: Ocean Mission,1,0.0003
4418,1957486679,Dominus Mahjong Arcana (WINDOWS),1,0.0003
4419,1755206522,Don't Be Afraid,1,0.0003
4420,1688269618,"Don't Die, Minerva! (Game Preview)",1,0.0003
4421,1860933161,Don't Touch this Button!,1,0.0003
4422,1640354133,Doodle God: Ultimate Edition,1,0.0003
4423,1897815712,Doodle Harmony,1,0.0003
4424,1112737777,DOOM 3 BFG Edition,1,0.0003
4425,1626832382,DoraKone,1,0.0003
4426,1825944429,Dora™: Rainforest Rescue,1,0.0003
4427,2082494703,DOUBLE DRAGON Ⅱ: The Revenge,1,0.0003
4428,1646140981,Double Kick Heroes,1,0.0003
4429,1747235781,DoubleDragon Advance,1,0.0003
4430,1886706178,Downward: Enhanced Edition,1,0.0003
4431,2140882795,Dr. Fetus' Mean Meat Machine,1,0.0003
4432,1892192256,Dracamar,1,0.0003
4433,1651415071,DRAGON BALL XENOVERSE 3,1,0.0003
4434,1973436083,Dragon Blaze,1,0.0003
4435,1909957148,Dragon City,1,0.0003
4436,2103350728,Dragon Is Dead,1,0.0003
4437,1864812821,Dragon Prana,1,0.0003
4438,2075944993,Dragon Ruins,1,0.0003
4439,1914393512,Dragon Snack (Xbox One),1,0.0003
4440,215313834,Draw a Stickman: EPIC,1,0.0003
4441,1853020483,Draw a Stickman: EPIC 2 Xbox,1,0.0003
4442,1733486308,Dread Delusion,1,0.0003
4443,2034885339,Dreadful Baking,1,0.0003
4444,1887666925,Dream Doctor,1,0.0003
4445,1904220638,Dream Doctor (Xbox One),1,0.0003
4446,1776664428,Dreamland Solitaire: Dragon's Fury,1,0.0003
4447,1781025496,Dreamless,1,0.0003
4448,2104125318,DreamWorks Trolls Remix Rescue,1,0.0003
4449,2026145066,Drink 'Em,1,0.0003
4450,437034138,Drive On Moscow,1,0.0003
4451,1750324834,Driving Essentials,1,0.0003
4452,1873652790,Drunken Fist,1,0.0003
4453,2012256005,Dual Bunnies (Xbox Series),1,0.0003
4454,2100806769,Duck Life Adventure,1,0.0003
4455,1755178191,Duck Life: Battle,1,0.0003
4456,1861826241,Duck Simulator 2,1,0.0003
4457,1729123469,Ducky Dash,1,0.0003
4458,2124998486,Dungeon Antiqua,1,0.0003
4459,1743369061,Dungeon Village,1,0.0003
4460,1799540443,Dungeons & Dragons Neverwinter Nights 2: Enhanced Edition,1,0.0003
4461,1739392581,Dungeons of Sundaria,1,0.0003
4462,1941830150,Duskfade Demo,1,0.0003
4463,1695734611,Dust & Neon,1,0.0003
4464,1833286656,Dustland Delivery,1,0.0003
4465,2027979113,Dustwind - The Last Resort,1,0.0003
4466,1480657010,E4,1,0.0003
4467,1741300205,Earthion,1,0.0003
4468,1947658323,Easter Bunny EggVenture,1,0.0003
4469,1713169340,Easter Bunny EggVenture (Windows),1,0.0003
4470,1977284905,Eastward,1,0.0003
4471,1146095595,Eat Lead,1,0.0003
4472,1621792721,EBOLA VILLAGE,1,0.0003
4473,1741237286,EDENGATE: The Edge of Life,1,0.0003
4474,1874135365,EDENS ZERO,1,0.0003
4475,1902463615,EDENS ZERO TRIAL VERSION (DEMO),1,0.0003
4476,1996027459,Educational Games for Kids (Cross-Buy),1,0.0003
4477,2143134995,"El Paso, Elsewhere",1,0.0003
4478,1880538296,ElecHead,1,0.0003
4479,1480656999,ElementsOfDestruction,1,0.0003
4480,1833460510,Elevator Action™ -Returns- S-Tribute,1,0.0003
4481,2017109543,Ememoji!,1,0.0003
4482,1615466439,Emerald Huntress (Windows),1,0.0003
4483,2109412601,Emergency Call - The Attack Squad,1,0.0003
4484,651709478,Emily Wants to Play Too,1,0.0003
4485,1739030286,End of Abyss,1,0.0003
4486,1717271241,Endless Deaths,1,0.0003
4487,1997527592,Endling - Extinction is Forever,1,0.0003
4488,168505788,Enigmatis 2: The Mists of Ravenwood,1,0.0003
4489,1630701311,Escape 2088,1,0.0003
4490,1650244744,Escape Dash Journey (XBOX1),1,0.0003
4491,1700180810,Escape First,1,0.0003
4492,1997758007,Escape First 2,1,0.0003
4493,2036619771,Escape First 3 Multiplayer,1,0.0003
4494,1835142714,Escape First Alchemist,1,0.0003
4495,1787141551,Escape Sequence (for Windows 10),1,0.0003
4496,1972593972,Escape Sequence (Xbox One),1,0.0003
4497,1877665788,Esophaguys Demo,1,0.0003
4498,1937905739,Espresso Tycoon,1,0.0003
4499,1949522443,Etherborn,1,0.0003
4500,2125864061,Europa Universalis IV - Microsoft Store Edition,1,0.0003
4501,1623383424,Evergate,1,0.0003
4502,1835039546,Everhood: Eternity Edition,1,0.0003
4503,2012825026,Eville,1,0.0003
4504,1879452548,Exhausted Man Demo,1,0.0003
4505,1989971377,Exit the Gungeon,1,0.0003
4506,1614221632,ExoCross,1,0.0003
4507,1727796660,Expeditions: Rome,1,0.0003
4508,1731389490,Explodera (Windows),1,0.0003
4509,1875356086,Explodera (Xbox One),1,0.0003
4510,524284397,Extinction,1,0.0003
4511,1938994540,Extra Coin,1,0.0003
4512,1448413160,F.E.A.R. Files,1,0.0003
4513,1631666106,Faces of Illusion: The Twin Phantoms (Xbox Version),1,0.0003
4514,1760050791,Fae Farm,1,0.0003
4515,1644983795,Faeland Demo,1,0.0003
4516,1735036435,Fall of the New Age - Collectors Edition,1,0.0003
4517,1866455351,Fallout 3: Game of the Year Edition,1,0.0003
4518,2146688994,Fallout 4 (PC),1,0.0003
4519,1869339951,Fanmade Prince of Persia: The Crystal Castle,1,0.0003
4520,1651975869,FANTASIAN Neo Dimension,1,0.0003
4521,2018435270,Fantasy Tower Defense,1,0.0003
4522,1959219488,Farkle Fun,1,0.0003
4523,1775112361,Farm Tycoon,1,0.0003
4524,495246139,FAST & FURIOUS CROSSROADS,1,0.0003
4525,1911770674,Fast & Furious: Arcade Edition,1,0.0003
4526,1666273703,Fast & Furious: Spy Racers Rise of SH1FT3R,1,0.0003
4527,2129257709,Fast Gear Demo,1,0.0003
4528,406910760,Fear Effect Sedna,1,0.0003
4529,2139465249,Feed Your Cat: New Paths,1,0.0003
4530,2041914388,Fight'N Rage,1,0.0003
4531,1792854484,Fight For America,1,0.0003
4532,585022010,FINAL FANTASY TYPE-0™ HD,1,0.0003
4533,2066626833,FINAL FANTASY VII REVELATION,1,0.0003
4534,1677004965,FINAL FANTASY VII WINDOWS EDITION,1,0.0003
4535,1614339529,FINAL FANTASY X/X-2 HD Remaster,1,0.0003
4536,2023314060,FINAL FANTASY XII THE ZODIAC AGE,1,0.0003
4537,1907682582,Final Star,1,0.0003
4538,1956402951,Final Vendetta,1,0.0003
4539,1861635890,Find My Frogs,1,0.0003
4540,2114567052,Find The Cats (Windows),1,0.0003
4541,1952087287,Find The Cats 2 (Windows),1,0.0003
4542,1708948752,Finding America: The Heartland Collector's Edition,1,0.0003
4543,119096754,Firefighters – The Simulation,1,0.0003
4544,2089457960,Fishing: Barents Sea,1,0.0003
4545,2058875991,Fit and Grow (Xbox One),1,0.0003
4546,2040845395,Five Hearts Under One Roof,1,0.0003
4547,1920569754,FIVE NIGHTS WITH CREG XBOX EDITION,1,0.0003
4548,1752031475,Flamecraft,1,0.0003
4549,1940140715,Flamecraft Demo,1,0.0003
4550,1792158880,Flappy Frog,1,0.0003
4551,1480659966,Flashback,1,0.0003
4552,774459605,Flashback,1,0.0003
4553,1725078223,Flashback 2,1,0.0003
4554,67961945,FlatOut 4 : Total Insanity,1,0.0003
4555,1653679338,Flintlock: The Siege of Dawn,1,0.0003
4556,1342586931,Flockers,1,0.0003
4557,1839143466,Fluffy Milo (Xbox Version),1,0.0003
4558,1670329609,Flute Of Gobelin,1,0.0003
4559,1612963482,Fly Punch Boom!,1,0.0003
4560,1847763173,Flying Soldiers,1,0.0003
4561,386153688,FLYING TIGERS: SHADOWS OVER CHINA,1,0.0003
4562,1757667844,Food Truck Simulator,1,0.0003
4563,1703928788,Fool's Pub,1,0.0003
4564,1746214814,Foolish Mortals,1,0.0003
4565,1891391982,Football Manager 2021,1,0.0003
4566,1634118154,Football Manager 2021 Xbox Edition,1,0.0003
4567,2002365997,Football Manager 2022,1,0.0003
4568,1712769195,Football Manager 2022 Xbox Edition,1,0.0003
4569,2120627175,Football Manager 2023,1,0.0003
4570,2021894836,Forbidden Forgiveness Demo,1,0.0003
4571,2127564277,Forest Golf Planner,1,0.0003
4572,1753944120,Forestry - The Simulation,1,0.0003
4573,1834336446,FOUNTAINS,1,0.0003
4574,619521674,Four Sided Fantasy,1,0.0003
4575,1649915618,Fragile Equilibrium,1,0.0003
4576,1879591363,Freakout: Calamity TV Show,1,0.0003
4577,2019110997,Freedom Planet 2,1,0.0003
4578,1946693572,Freestyle Football 2 - Prime OBT,1,0.0003
4579,1677365393,Fresh Start,1,0.0003
4580,1926405394,Friday the 13th: Killer Puzzle,1,0.0003
4581,1959741414,Frog Jump WebView2,1,0.0003
4582,2052101935,Frog Spit Duels,1,0.0003
4583,1894986550,Froggie - A Retro Platformer,1,0.0003
4584,1965346667,FROGUN,1,0.0003
4585,2055192299,FRONT MISSION 2: Remake,1,0.0003
4586,1994586565,FRONT MISSION 3: Remake Demo,1,0.0003
4587,1724850380,Fruit Adventure Returns (Xbox Series),1,0.0003
4588,1776085745,Fruitbus,1,0.0003
4589,1767691054,Fueled Up,1,0.0003
4590,1129121805,FUEL™,1,0.0003
4591,2090461480,Fuga: Melodies of Steel,1,0.0003
4592,1763229627,Fuga: Melodies of Steel 2,1,0.0003
4593,1960355168,Future Knight,1,0.0003
4594,1769451351,Gabriels Worlds The Adventure,1,0.0003
4595,1913752842,Gabriels Worlds The Adventure (For Windows 10),1,0.0003
4596,1917190010,Gabriels Worlds The Sokoban Adventure,1,0.0003
4597,2010101712,Gabriels Worlds The Sokoban Adventure (Xbox One),1,0.0003
4598,1978646672,GACHIAKUTA: BREAKOUT,1,0.0003
4599,1887193859,Gal Guardians: Servants of the Dark,1,0.0003
4600,1646082476,Galacticare,1,0.0003
4601,1480657083,Galaga Legions,1,0.0003
4602,1629020242,Game Builder Tycoon,1,0.0003
4603,2007728129,Gangsta Paradise,1,0.0003
4604,2070041345,Garden City,1,0.0003
4605,1750796861,Garden Simulator,1,0.0003
4606,1886710680,Garden Witch Life,1,0.0003
4607,1705113845,Garten of Banban 6,1,0.0003
4608,798673829,Gas Guzzlers Extreme,1,0.0003
4609,2001295830,Gears 5 Tech Test,1,0.0003
4610,1977271237,Gears of War: Reloaded Beta,1,0.0003
4611,1751973977,Gears of War: Ultimate Edition for Windows 10,1,0.0003
4612,1807197846,Gearshifters,1,0.0003
4613,711335666,Gene Rain Wind Tower,1,0.0003
4614,1656463781,Genetic Disaster,1,0.0003
4615,1711848972,Geometric Sniper Z,1,0.0003
4616,1901501792,GHOST at DAWN,1,0.0003
4617,1680372935,Ghost Trick: Phantom Detective Demo,1,0.0003
4618,732939800,Ghostbusters™,1,0.0003
4619,1960379668,Ghostrunner Demo,1,0.0003
4620,1935789173,Gigantic: Rampage Edition,1,0.0003
4621,1614017709,Gigantosaurus: Dino Kart,1,0.0003
4622,1845982020,Gigapocalypse,1,0.0003
4623,1989416528,Gimmick! 2,1,0.0003
4624,1645809691,Glaive: Brick Breaker,1,0.0003
4625,5446773,Glass Masquerade,1,0.0003
4626,1672998639,Glover (QUByte Classics),1,0.0003
4627,1824794947,GNOSIA,1,0.0003
4628,2049725828,GOALS Beta,1,0.0003
4629,1759695432,GoBlomb,1,0.0003
4630,1792644331,Godlike Burger,1,0.0003
4631,1984588613,Godsvivors,1,0.0003
4632,1649219414,Golazo! 2,1,0.0003
4633,1855217179,Golf With Your Friends (Windows Version),1,0.0003
4634,1763980451,Golfing Over It with Alva Majo,1,0.0003
4635,1947806444,Goodwill Scrolls (Windows),1,0.0003
4636,2043449905,Gori: Cuddly Carnage,1,0.0003
4637,2117788061,Gorilla Jungle King Simulator,1,0.0003
4638,2016414001,Goroons,1,0.0003
4639,1977804752,Gothic Classic,1,0.0003
4640,1297287358,Grabbed by the Ghoulies™,1,0.0003
4641,2006900752,Grand Vegas Casino,1,0.0003
4642,1657121950,GrassGames Hearts,1,0.0003
4643,1747348995,Gravitar: Recharged,1,0.0003
4644,1623427328,Gravity Paws,1,0.0003
4645,1634652601,Gray Dawn,1,0.0003
4646,2083459521,Greak: Memories of Azur,1,0.0003
4647,2102843921,Green Giant Back Miami,1,0.0003
4648,1754509768,Griftlands,1,0.0003
4649,930854245,Grim Legends 2: Song of the Dark Swan,1,0.0003
4650,1923234340,GRIME II,1,0.0003
4651,1863069160,Grindstone,1,0.0003
4652,671675837,GRIP,1,0.0003
4653,1480657054,GripShift,1,0.0003
4654,1920951140,Groaky Must Jump (Xbox One),1,0.0003
4655,1973819083,Guards,1,0.0003
4656,1845419881,Guazu: The Rescue,1,0.0003
4657,1658533947,Guess the Flag! - World Flags Quiz,1,0.0003
4658,1680625806,GUNBIRD,1,0.0003
4659,606152324,GWENT: The Witcher Card Game,1,0.0003
4660,1869837377,Hacked: The Streamer Demo,1,0.0003
4661,375727819,Haimrik,1,0.0003
4662,1935241171,Half an Hour5.1,1,0.0003
4663,2014654365,Halloween - Color by Numbers,1,0.0003
4664,1802675093,Halloween Pinball,1,0.0003
4665,1816715399,Halls of Torment - Demo,1,0.0003
4666,766737132,Halo 5: Forge,1,0.0003
4667,1297292194,Halo: Spartan Strike,1,0.0003
4668,1640358223,Hammerwatch Anniversary Edition,1,0.0003
4669,2012036466,Hammerwatch II,1,0.0003
4670,1866664214,HAMVENTURE (WINDOWS),1,0.0003
4671,1822336858,Hand of Fate,1,0.0003
4672,2038958977,Hand of Fate 2,1,0.0003
4673,928096970,Happy Dungeons,1,0.0003
4674,1885733472,Happy Words,1,0.0003
4675,2131062754,Harbor Crane Challenge,1,0.0003
4676,446096627,Hard Reset Redux,1,0.0003
4677,1871556035,Hard West Ultimate Edition,1,0.0003
4678,1879237097,Harvest Moon: Home Sweet Home Special Edition,1,0.0003
4679,1667008262,Harvest Moon: One World,1,0.0003
4680,1810774943,Hatup,1,0.0003
4681,1795078354,Hazard Levels Demo,1,0.0003
4682,1695499346,Headbangers: Rhythm Royale,1,0.0003
4683,1993844394,Heart of the Forest,1,0.0003
4684,229669525,Heart&Slash,1,0.0003
4685,383075131,Heavy Fire: Red Shadow,1,0.0003
4686,1779326597,Heidelberg 1693,1,0.0003
4687,1670362756,Heliborne,1,0.0003
4688,1766317194,Helix Jump,1,0.0003
4689,1928781153,Hellboy Web of Wyrd,1,0.0003
4690,1844884280,HELLCARD,1,0.0003
4691,395401839,Hero Defense,1,0.0003
4692,2041012214,Hero of Fate,1,0.0003
4693,1763275048,Hero of the Kingdom: The Lost Tales 1,1,0.0003
4694,1710204284,Hero of the Kingdom: The Lost Tales 2,1,0.0003
4695,1617375650,Hero Seekers,1,0.0003
4696,1713009181,Hero Survival,1,0.0003
4697,1862661775,HEROish,1,0.0003
4698,1821898678,Hexa Road,1,0.0003
4699,1967527679,Hidden Cat Outlaws,1,0.0003
4700,2117139021,Hidden Cats in Istanbul,1,0.0003
4701,1822597971,Hidden Cats in London,1,0.0003
4702,1825883295,Hidden Cats in Rio de Janeiro,1,0.0003
4703,1669048701,Hidden Cats in Spooky Town,1,0.0003
4704,1890778408,Hidden Cats in Tokyo,1,0.0003
4705,2124184622,Hidden City: Hidden Object Adventure,1,0.0003
4706,2048111388,Hidden Memory - Nature,1,0.0003
4707,1700125109,Hidden Through Time,1,0.0003
4708,1851035635,Hidden Through Time 2,1,0.0003
4709,1953052430,Hidden Words Puzzles : PC & XBOX,1,0.0003
4710,1956165320,High Velocity,1,0.0003
4711,1958413760,Hill Climb Racing,1,0.0003
4712,1396901851,Hitman: Blood Money,1,0.0003
4713,331529974,Hitman: Blood Money HD,1,0.0003
4714,1708171739,Holy Roller,1,0.0003
4715,1829965405,Home Safety Hotline,1,0.0003
4716,1069384604,Home Sweet Home,1,0.0003
4717,1657530068,Homescapes,1,0.0003
4718,1966804514,Homestead Arcana,1,0.0003
4719,1950717553,Hood: Outlaws & Legends,1,0.0003
4720,1700671760,Hoof and Seek,1,0.0003
4721,1638732917,HOP'N'HOARD,1,0.0003
4722,1775797026,Horizon Chase 2,1,0.0003
4723,2120617919,Horror Tale 1: Kidnapper,1,0.0003
4724,1029573529,Horse Racing 2016,1,0.0003
4725,1755930585,Hot Stakes Casino - American Roulette,1,0.0003
4726,1880956881,Hot Wheels Monster Trucks: Stunt Mayhem™,1,0.0003
4727,1938281910,Hotel Transylvania: Scary-Tale Adventures,1,0.0003
4728,2032696661,Hotel: A Resort Simulator,1,0.0003
4729,1646312420,House Builder,1,0.0003
4730,1778699881,Hula Hula Wee (Xbox One),1,0.0003
4731,1827075606,Human Zoo Tycoon,1,0.0003
4732,2017392648,Humans Gone,1,0.0003
4733,1626128211,Hunt Ducks,1,0.0003
4734,2119249637,Hunt Ducks 4,1,0.0003
4735,1981583062,Hunt Ducks II,1,0.0003
4736,390164739,Hunting Simulator,1,0.0003
4737,2147313770,Hunting Simulator 3,1,0.0003
4738,1616900566,Hyper Jam,1,0.0003
4739,1784847115,Hypnospace Outlaw,1,0.0003
4740,1840241137,I Hear Them (Xbox Series X|S),1,0.0003
4741,2113836989,I Saw Black Clouds,1,0.0003
4742,2014034809,I Wanna Be Car,1,0.0003
4743,2081776236,I Wanna Be Car (Xbox Series),1,0.0003
4744,2058044275,"I, AI (Xbox Series X|S)",1,0.0003
4745,299988825,Ice Age Scrat's Nutty Adventure,1,0.0003
4746,1856807409,IceLine,1,0.0003
4747,1634954007,Icy Gifts (Windows),1,0.0003
4748,1910949734,Icy Gifts (Xbox One),1,0.0003
4749,1737220684,Idle Immortal,1,0.0003
4750,1480657016,Ikaruga,1,0.0003
4751,1970667393,Immortal Realms: Vampire Wars,1,0.0003
4752,1899836942,Immortals Fenyx Rising™ - Demo,1,0.0003
4753,562087692,In Between,1,0.0003
4754,1672730245,In Sound Mind,1,0.0003
4755,2069767141,In Trusted Hands,1,0.0003
4756,1944855646,Incantation Demo,1,0.0003
4757,1638021788,Independence Day Festive Finds,1,0.0003
4758,2129874876,Indivisible,1,0.0003
4759,2136871363,Indoor Baseball,1,0.0003
4760,2062871798,Infantry Attack,1,0.0003
4761,364529562,Infinite Air with Mark McMorris,1,0.0003
4762,1920179869,Infinite Runner 3D,1,0.0003
4763,1758510297,Infinity Strash: DRAGON QUEST The Adventure of Dai,1,0.0003
4764,2069871974,Infinos 2,1,0.0003
4765,1879992349,Initial2: New Stage,1,0.0003
4766,642353763,Injustice™ 2 - Standard Edition,1,0.0003
4767,1781739736,INK ENIGMA 2: Hidden Object Challenges,1,0.0003
4768,1712511027,Inkulinati,1,0.0003
4769,1990306738,Instant Sports Plus,1,0.0003
4770,1981290513,Instant War: Ultimate Warfare,1,0.0003
4771,1644577583,Ion Fury,1,0.0003
4772,897785928,Iron Crypticle,1,0.0003
4773,2062191225,Iron Meat,1,0.0003
4774,2037878259,Island Farmer,1,0.0003
4775,1757844217,Islanders,1,0.0003
4776,1480657322,Islands of Wakfu ®,1,0.0003
4777,606230808,Jack N' Jill DX,1,0.0003
4778,1297287250,Jade Empire™,1,0.0003
4779,1629080596,JellyCar Worlds,1,0.0003
4780,1480659418,Jeremy McGrath's Offroad,1,0.0003
4781,1616302814,Jerry's Adventure,1,0.0003
4782,961294040,Jet Car Stunts,1,0.0003
4783,1761650717,Jewel Fever (Xbox-Edition),1,0.0003
4784,1681999465,Jewel Fever 2 (Xbox-Edition),1,0.0003
4785,1980398174,Jewel Match Solitaire X,1,0.0003
4786,2043738831,Johnny Rocket,1,0.0003
4787,1832432939,Johnny Trigger,1,0.0003
4788,2127254728,Jonah Lomu Rugby Challenge 4,1,0.0003
4789,1789366577,Junkyard Builder,1,0.0003
4790,1827327065,Junkyard Garage Simulator,1,0.0003
4791,1775420643,Jurassic Differences (Xbox One),1,0.0003
4792,1144391632,Jurassic Park: The Game,1,0.0003
4793,1396901845,Just Cause,1,0.0003
4794,1397819379,Just Cause 2,1,0.0003
4795,1847331312,Just Dance® 2020 Demo,1,0.0003
4796,2121049988,Just Dance® 2021 (Xbox Series X|S),1,0.0003
4797,1636507073,K-pop Idol Stories: Road to Debut - Demo,1,0.0003
4798,1873447830,KAKU - Ancient Seal,1,0.0003
4799,1673712997,KARMA: The Dark World,1,0.0003
4800,2099000346,Kat-tastic Hidden Object,1,0.0003
4801,2099826853,Kattish,1,0.0003
4802,1799169782,Kawaii Girls Panic,1,0.0003
4803,2120517852,Killing Time: Resurrected,1,0.0003
4804,1098760098,Kinect Sports Rivals Demo,1,0.0003
4805,2084798048,King's Blade,1,0.0003
4806,690974671,King's Heir: Rise to the Throne (Xbox One Version),1,0.0003
4807,1431504851,King Kong,1,0.0003
4808,1970962100,King of Seas,1,0.0003
4809,1871178585,Kingdom Rush,1,0.0003
4810,1674297685,Kingdom Rush Frontiers,1,0.0003
4811,1641318352,Kinki Spiritual Affairs Bureau,1,0.0003
4812,1892832276,Kitaria Fables,1,0.0003
4813,1858227815,Kiting Cat,1,0.0003
4814,2135008252,Kitten Island (Windows),1,0.0003
4815,973293235,Kitty Powers' Matchmaker,1,0.0003
4816,2137716551,Klaus Lee - Thunderballs,1,0.0003
4817,1980119086,Klondike Adventures,1,0.0003
4818,1629520252,Knight of the Keep,1,0.0003
4819,2097091300,Knight of the Keep (XBOX SERIES),1,0.0003
4820,2025132558,Knights of Braveland,1,0.0003
4821,1826345314,Koh-Lanta,1,0.0003
4822,1771623848,Komorebi: A Furry Visual Novel,1,0.0003
4823,1039363526,Kona,1,0.0003
4824,2002405450,Kung Fu Fighting,1,0.0003
4825,1848129101,Kunitsu-Gami: Path of the Goddess - Demo,1,0.0003
4826,1804346464,Kusan: City of Wolves,1,0.0003
4827,1885571558,Lab Crisis,1,0.0003
4828,1642491282,Lamentum,1,0.0003
4829,1973808452,Last Oasis (Game Preview),1,0.0003
4830,2085483269,Lawn Mowing Simulator: Xbox Summer Game Demo,1,0.0003
4831,1684631884,Legends Aligned: Minis in Conflict,1,0.0003
4832,1974475064,Legends Aligned: Minis in Conflict (Xbox One),1,0.0003
4833,1909593680,Legends BMX,1,0.0003
4834,2121317693,LEGO® Builder's Journey,1,0.0003
4835,1829892926,LEGRAND LEGACY: Tale of the Fatebounds,1,0.0003
4836,1848238632,Leisure Suit Larry - Wet Dreams Don't Dry,1,0.0003
4837,1759373796,Leisure Suit Larry - Wet Dreams Dry Twice,1,0.0003
4838,831141864,Leo's Fortune,1,0.0003
4839,1615197965,Let's Build a Zoo,1,0.0003
4840,1992528067,Let's Cook Together,1,0.0003
4841,1615612677,Let's Cook Together 2,1,0.0003
4842,286091657,Let's Sing 2017,1,0.0003
4843,2010017776,Let's Sing 2020,1,0.0003
4844,1701683366,Let's Sing 2020 mit deutschen Hits,1,0.0003
4845,1881618378,Let's Sing ABBA,1,0.0003
4846,1859481116,Let Me Sleep,1,0.0003
4847,2035287816,Let Them Come: Onslaught,1,0.0003
4848,1889014153,Lies of P Demo,1,0.0003
4849,1715583830,Light-It Up,1,0.0003
4850,1397819419,LIGHTNING RETURNS FFXIII,1,0.0003
4851,1716203548,Like a Dragon: Pirate Yakuza in Hawaii Demo,1,0.0003
4852,1945438157,Lily in Puzzle World (Xbox),1,0.0003
4853,1657667189,Liquid Cats (Xbox One),1,0.0003
4854,1900298867,Little Bear,1,0.0003
4855,1951982409,Little Christmas Adventure,1,0.0003
4856,1945490956,Little Mouse's Encyclopedia,1,0.0003
4857,779348826,Livelock,1,0.0003
4858,1670154604,Lizards Must Die 2,1,0.0003
4859,1708765298,Local Multiplayer Squares,1,0.0003
4860,1480656987,Lode Runner™,1,0.0003
4861,1886840872,Loop Hero,1,0.0003
4862,1813695902,Lord of the Click 5 (Xbox One),1,0.0003
4863,1865146781,Lorn's Lure,1,0.0003
4864,1725147420,Lost Ember,1,0.0003
4865,1899103981,Lost Ember: Rekindled Edition,1,0.0003
4866,1941485304,Lost Lands 1: Dark Overlord,1,0.0003
4867,1971740518,Lotsa Slots - Casino Games,1,0.0003
4868,1915632823,Love is all around 2,1,0.0003
4869,1746921766,LSI Baseball Win 756,1,0.0003
4870,1712662574,Lucha Align (Xbox One),1,0.0003
4871,1652405326,Ludo XXL,1,0.0003
4872,1843517603,Lushfoil Photography Sim,1,0.0003
4873,2082382492,Machinarium,1,0.0003
4874,1913537621,Mad King Redemption,1,0.0003
4875,2105422501,Magic Cats Pots,1,0.0003
4876,1480656992,Magic: The Gathering,1,0.0003
4877,1940952191,Mahjong.free,1,0.0003
4878,1907322955,Mahjongus: Mystery of Fortescue,1,0.0003
4879,1773723817,Maiden Cops,1,0.0003
4880,32489944,Maize,1,0.0003
4881,172988940,Maldita Castilla EX - Cursed Castile,1,0.0003
4882,2072178531,Manifold Garden,1,0.0003
4883,798834281,Manual Samuel Last Tuesday Edition,1,0.0003
4884,1480656990,Marathon: Durandal,1,0.0003
4885,1712252493,March of Empires,1,0.0003
4886,2109651079,March of Empires: War of Lords,1,0.0003
4887,1913012021,Marshmallow Marvin (Windows),1,0.0003
4888,1913245430,Marshmallow Marvin (Xbox One),1,0.0003
4889,1938421246,Marshmallow Marvin: Greenwood,1,0.0003
4890,1826543088,Marshmallow Marvin: Grimvault (Xbox One),1,0.0003
4891,1876502619,Master Detective Archives: RAIN CODE Plus - Noise of Neon,1,0.0003
4892,1919889059,Master Detective Archives: RAIN CODE Plus - The Book of Death,1,0.0003
4893,1955271286,Master of BOOM,1,0.0003
4894,1760739818,Mato Anomalies,1,0.0003
4895,1635154692,Maximum Football 2019,1,0.0003
4896,2028075036,Mayhem Brawler,1,0.0003
4897,1748081906,Maze: Path of Light,1,0.0003
4898,1684797055,McPixel 3,1,0.0003
4899,2125700100,Mech Arena,1,0.0003
4900,1918737361,Mech Mechanic Simulator,1,0.0003
4901,1645584690,Mechapunk,1,0.0003
4902,1870541750,Medieval Defenders,1,0.0003
4903,1911247850,Meet Your Maker,1,0.0003
4904,1886248403,Mega City Force,1,0.0003
4905,1633855799,Mega Coin Squad,1,0.0003
4906,1624454834,Mel The Cat,1,0.0003
4907,1716123081,Mel The Cat (Xbox One),1,0.0003
4908,2146016093,Mel The Pyramid Cat,1,0.0003
4909,1843996291,Mel The Space Cat,1,0.0003
4910,2089892273,Meow Moments: Celebrating Frost & Flora,1,0.0003
4911,1897863055,Meow Moments: Celebrating Geeks & Athletes,1,0.0003
4912,2098595996,Meow Moments: Celebrating Myth & Machine,1,0.0003
4913,1625774388,Meow Moments: Celebrating Renewal & Romance,1,0.0003
4914,2039573071,Merge & Blade,1,0.0003
4915,1636602453,Merge Adventure: Magic Puzzles,1,0.0003
4916,1654744318,Metal Shoot,1,0.0003
4917,1914475682,METAL SUITS: Counter-attack,1,0.0003
4918,1669270925,Metamorphosis Demo,1,0.0003
4919,1793912360,Metaphor: ReFantazio - Prologue Demo,1,0.0003
4920,1816023658,METRO QUESTER | OSAKA,1,0.0003
4921,1953382311,Metro Redux,1,0.0003
4922,1712988828,Metro Simulator 2,1,0.0003
4923,2089740731,Metro: Last Light Redux,1,0.0003
4924,2056439017,Mexican Ninja,1,0.0003
4925,1788751821,Micro Overdrive: Home Tour,1,0.0003
4926,1747564672,Microsoft Treasure Hunt,1,0.0003
4927,1630329125,Miden Tower,1,0.0003
4928,2023608003,Midway Supermarket Simulator: Grocery Store Tycoon,1,0.0003
4929,813999960,Milanoir,1,0.0003
4930,1718878320,Military Logistics Simulator,1,0.0003
4931,1480657048,Military Madness,1,0.0003
4932,2082615752,Milky Way Prince - The Vampire Star,1,0.0003
4933,2003634783,Mimi the Cat: Meow Together,1,0.0003
4934,1791290525,Mini Madness,1,0.0003
4935,1834838234,Mining farm Beta,1,0.0003
4936,1971494270,Mining Mechs,1,0.0003
4937,1677981874,Minos Dungeon (Windows),1,0.0003
4938,1790559387,Miraculous: Rise of the Sphinx,1,0.0003
4939,1753107898,Missing Banban,1,0.0003
4940,1629151728,Monarchy,1,0.0003
4941,1964853451,Mondealy,1,0.0003
4942,1621804932,Monoa City Parking,1,0.0003
4943,2038013659,Monster High™‎ Skulltimate Secrets™,1,0.0003
4944,703886774,Monster Jam: Crush It!,1,0.0003
4945,2050785251,Monster Prom 2: Monster Camp XXL,1,0.0003
4946,1653290714,Monster Ramp Racing,1,0.0003
4947,1885214293,Moo & Move: Extra Grazing Grounds,1,0.0003
4948,1480657453,MOON DIVER,1,0.0003
4949,688816924,Moon Hunters,1,0.0003
4950,1689543063,Moon Raider: Anniversary Edition,1,0.0003
4951,1719308136,Moonlight Chess,1,0.0003
4952,2128077671,Moonlight Chess (Xbox One),1,0.0003
4953,1979213200,Moons of Madness,1,0.0003
4954,1884090207,Moonscars,1,0.0003
4955,1939351470,Moonshine Inc.,1,0.0003
4956,1731493706,Mori Carta demo,1,0.0003
4957,1923105414,Morsels,1,0.0003
4958,1930493464,Mortal Glory 2,1,0.0003
4959,1754089080,Mortanis Prisoners,1,0.0003
4960,1697419723,Mostroscopy,1,0.0003
4961,199170438,MOTHERGUNSHIP,1,0.0003
4962,819262220,MotoGP™17,1,0.0003
4963,1766907656,MotoGP™21 - Xbox Series X|S,1,0.0003
4964,1685476854,Motorcycle Mechanic Simulator 2021,1,0.0003
4965,1480657084,Mr. DRILLER Online,1,0.0003
4966,2019203468,Mr. Prepper,1,0.0003
4967,1925609034,Mr. T-Shirt,1,0.0003
4968,1480657689,Ms. Splosion Man™,1,0.0003
4969,1869281587,Mummy Pinball,1,0.0003
4970,1918604433,Musashi vs Cthulhu,1,0.0003
4971,1678390358,Mushroom Savior,1,0.0003
4972,2147143339,Music Racer,1,0.0003
4973,1681715185,Music Racer: Ultimate,1,0.0003
4974,157756945,MX Nitro,1,0.0003
4975,1773001173,My Horse: Bonded Spirits,1,0.0003
4976,1894122921,My Singing Monsters Playground,1,0.0003
4977,1794231119,My Time at Sandrock (Demo),1,0.0003
4978,2078262992,My Time at Sandrock Online,1,0.0003
4979,1756205157,MySims™,1,0.0003
4980,1731520158,Myst,1,0.0003
4981,2092209274,Mystical Mixing,1,0.0003
4982,1862035245,NAMCO MUSEUM® ARCHIVES Vol 2,1,0.0003
4983,591141110,Narcos: Rise of the Cartels,1,0.0003
4984,1685327515,NASCAR Arcade Rush,1,0.0003
4985,878282273,NBA 2K17: The Prelude,1,0.0003
4986,1616270757,NBA LIVE 14,1,0.0003
4987,368028447,NBA LIVE 18 DEMO,1,0.0003
4988,952250438,NBA LIVE 19 Demo,1,0.0003
4989,1777345011,Neon Inferno,1,0.0003
4990,1703518315,Neoverse,1,0.0003
4991,2072943886,Nephenthesys,1,0.0003
4992,1905883470,NERF Legends,1,0.0003
4993,157973080,NeuroVoider,1,0.0003
4994,1907337607,NHL® 15 Full Game,1,0.0003
4995,1619386237,Nick Jr. Party Adventure,1,0.0003
4996,1628640162,Nickelodeon Extreme Tennis: Next!,1,0.0003
4997,2070801878,NieR:Automata BECOME AS GODS Edition,1,0.0003
4998,2023214653,Night Swarm,1,0.0003
4999,1745491441,Nikoderiko: The Magical World - Demo,1,0.0003
5000,1647467336,Nikoderiko: The Magical World - Director's Cut,1,0.0003
5001,2020671042,NIMRODS Demo,1,0.0003
5002,1768552103,Ninja Village,1,0.0003
5003,2072557762,Nino's Future Beta,1,0.0003
5004,2043833523,Nippon Marathon,1,0.0003
5005,2021895519,No More Slimes!!,1,0.0003
5006,1991040607,No Place Like Home,1,0.0003
5007,2089461611,No Sleep For Kaname Date - From AI: THE SOMNIUM FILES,1,0.0003
5008,1957424962,No Straight Roads,1,0.0003
5009,1725452465,No Sun To Worship,1,0.0003
5010,1970680323,Nordic Ashes: The Complete Saga,1,0.0003
5011,1941459227,Not Not - A Brain Buster,1,0.0003
5012,2030829630,Nova Lands,1,0.0003
5013,1962935355,Nox Dash (Windows),1,0.0003
5014,2081999852,Observer: System Redux,1,0.0003
5015,1650638194,Ocean Oddities,1,0.0003
5016,1750039382,Oceanhorn 2 - Knights of the Lost Realm,1,0.0003
5017,2034276683,Oddsparks: An Automation Adventure,1,0.0003
5018,2058598171,Oddworld: Soulstorm Enhanced Edition Demo,1,0.0003
5019,1868901412,Offroad Racing - Buggy X ATV X Moto,1,0.0003
5020,1825919037,Oh! Edo Towns,1,0.0003
5021,1986709804,Omensight,1,0.0003
5022,1681858755,OMORI,1,0.0003
5023,2121532136,Once Upon A KATAMARI,1,0.0003
5024,1979323707,One Button Games 5-in-1 (Xbox Series),1,0.0003
5025,1829560264,One Button Games 5-in-1 vol. 4 (Windows),1,0.0003
5026,2106098605,One Button Games 5-in-1 vol. 5 (Xbox One),1,0.0003
5027,2017166129,One Button Games 5-in-1 vol. 9,1,0.0003
5028,1756731867,One Step From Eden,1,0.0003
5029,1762554040,Open Roads,1,0.0003
5030,1637937789,Orbibot,1,0.0003
5031,1480659435,Orcs Must Die!,1,0.0003
5032,2113498820,Order 13,1,0.0003
5033,2027066829,Ori and the Blind Forest: Definitive Edition - Nintendo Switch,1,0.0003
5034,1709997248,Our Adventurer Guild,1,0.0003
5035,1930773857,OurSweeper,1,0.0003
5036,2030659251,Out of Line,1,0.0003
5037,1904294237,Outcast - A New Beginning,1,0.0003
5038,817391198,Outcast - Second Contact,1,0.0003
5039,239254028,Outlast 2 Demo,1,0.0003
5040,2088993727,Outlaws + Handful of Missions: Remaster,1,0.0003
5041,2096627692,Overdrive Blaster,1,0.0003
5042,1810257659,Overdriven Reloaded: Special Edition,1,0.0003
5043,85448872,Overlord: Fellowship of Evil,1,0.0003
5044,35717019,Oxenfree,1,0.0003
5045,2006937710,PACER,1,0.0003
5046,2095680211,Pacific Wings (Xbox-Edition),1,0.0003
5047,1916305445,Palindrome Syndrome: Escape Room,1,0.0003
5048,1666826310,Pancho's Mission,1,0.0003
5049,1821086597,Panic Ball!,1,0.0003
5050,2047392824,Panic Porcupine,1,0.0003
5051,1616365132,Papa's Quiz,1,0.0003
5052,1713821027,Park Beyond,1,0.0003
5053,1953593267,Parking World,1,0.0003
5054,1836785866,ParkourLand Elite: Playground,1,0.0003
5055,2000145726,Party Arcade,1,0.0003
5056,1952969635,Party Hard 2,1,0.0003
5057,843014522,Pathfinder: Kingmaker - Definitive Edition,1,0.0003
5058,1901009298,Pawbay,1,0.0003
5059,2074120545,Pax Dei,1,0.0003
5060,1661809575,PC Building Simulator 2,1,0.0003
5061,1876811450,Penarium,1,0.0003
5062,1895282289,Penguin Flight: Beyond The Clouds (Windows),1,0.0003
5063,1720005618,People Battle PlayGround 3D,1,0.0003
5064,2041907684,Perfect Ninja Painter,1,0.0003
5065,2090177606,PERISH,1,0.0003
5066,1751313192,Persian Nights 2: The Moonlight Veil (Xbox Version),1,0.0003
5067,2088993614,Persona 6,1,0.0003
5068,1480659549,Phantom Breaker:Battle Grounds,1,0.0003
5069,1706040396,Phantom Fury,1,0.0003
5070,1828315114,Physics Sandbox X,1,0.0003
5071,2114369983,Pickleball Smash,1,0.0003
5072,1760385479,Pile Up! Box by Box,1,0.0003
5073,1738748704,Pipe Dream Xbox Edition,1,0.0003
5074,1809846199,Pirate Bloopers (Windows),1,0.0003
5075,1665792263,Pixel Skater Demo,1,0.0003
5076,1911968632,PJ Masks Power Heroes: Mighty Alliance,1,0.0003
5077,1818064600,Planet of Lana II Demo,1,0.0003
5078,926240545,Planet of the Apes: Last Frontier,1,0.0003
5079,650235919,Planet of the Eyes,1,0.0003
5080,1784999896,Planet Zoo 2,1,0.0003
5081,2082964047,Plantera 2: Golden Acorn,1,0.0003
5082,2036993892,Plastomorphosis,1,0.0003
5083,1903469961,PlateUp! Demo,1,0.0003
5084,1850533685,Platformer Catch Me,1,0.0003
5085,1686731853,Please Fix The Road,1,0.0003
5086,1859436735,"Please, Don't Touch Anything",1,0.0003
5087,2138276496,Pneuma: Breath of Life,1,0.0003
5088,1961784779,Pocket Arcade Story,1,0.0003
5089,2043277826,Pocket Bravery,1,0.0003
5090,1738824882,Pocket Rockets,1,0.0003
5091,1627618281,POKE-PAINT,1,0.0003
5092,2094046002,Poker Texas Holdem and Slot Machine Simulator,1,0.0003
5093,1999452651,Polterguys: Possession Party,1,0.0003
5094,1927547835,Polyfury Demo,1,0.0003
5095,1630906648,Pool 8 Balls,1,0.0003
5096,1665781593,Pool Slide Story,1,0.0003
5097,1704598696,Pop the Ghosts (XBOX One),1,0.0003
5098,1892214222,Pop the Ghosts (XBOX Series),1,0.0003
5099,1798794328,Porkshire Hero (Windows),1,0.0003
5100,1699612058,Potionomics: Masterwork Edition,1,0.0003
5101,1919133963,Praetorians - HD Remaster,1,0.0003
5102,1974279589,Prehistoric Dude,1,0.0003
5103,2003536034,Priest Simulator: Vampire Show,1,0.0003
5104,1752538538,Primal Light,1,0.0003
5105,1789135808,Prison Alone,1,0.0003
5106,2102601227,Prison Architect PC,1,0.0003
5107,1968606850,Prison City,1,0.0003
5108,153810321,Pro Evolution Soccer 2015,1,0.0003
5109,428921688,PRO EVOLUTION SOCCER 2019 DEMO,1,0.0003
5110,2141271000,Project Nightmares Case 36: Henrietta Kedward,1,0.0003
5111,1841294814,Project Warlock,1,0.0003
5112,1614363341,Promenade,1,0.0003
5113,1720890126,Psalm 5:9-13,1,0.0003
5114,1965359820,Psychonauts (Windows 10),1,0.0003
5115,1820097728,PULMO (Xbox Series X|S),1,0.0003
5116,606673599,Pumped BMX Pro,1,0.0003
5117,248901393,Punch Club,1,0.0003
5118,2061310671,pureya,1,0.0003
5119,1684904215,Purrfect Rescue,1,0.0003
5120,2028187854,PUSS!,1,0.0003
5121,2143360506,Puzzle Bobble™2X/BUST-A-MOVE™2 Arcade Edition & Puzzle Bobble™3/BUST-A-MOVE™3 S-Tribute,1,0.0003
5122,2060419361,Puzzle by Nikoli W Shikaku,1,0.0003
5123,1625339022,Puzzle Ramp,1,0.0003
5124,1679725857,PuzzleCar,1,0.0003
5125,753341513,Q*bert REBOOTED: The XBOX One @!#?@! Edition,1,0.0003
5126,1480657380,QIX++,1,0.0003
5127,1857566121,QSketcher,1,0.0003
5128,1866805552,Quack Jump,1,0.0003
5129,1992803024,Queen's Quest 3: The End of Dawn (Xbox One Version),1,0.0003
5130,1678132357,Quest Arrest,1,0.0003
5131,1916618155,Quest Hunter,1,0.0003
5132,1689852285,R-Type Dimensions III,1,0.0003
5133,1707575974,R-TYPE DX: Music Encore,1,0.0003
5134,1664110632,R-Type® Final 2,1,0.0003
5135,99185600,R.B.I. Baseball 18,1,0.0003
5136,1970954956,Rabbids Invasion : The Interactive TV Show,1,0.0003
5137,1951599694,Rabbit Raid (Xbox Series X|S),1,0.0003
5138,1859203717,Rabio,1,0.0003
5139,1997561674,Raccoon Saloon,1,0.0003
5140,2090471993,Radiation Caterpillar,1,0.0003
5141,2058870984,Radioactive Dwarfs: Evil From the Sewers,1,0.0003
5142,1902689640,Ragdoll Cart Rider,1,0.0003
5143,1644961199,Rage Of The Dragons NEO,1,0.0003
5144,1297024977,Raiden IV,1,0.0003
5145,1785274424,Raiden IV x MIKADO remix,1,0.0003
5146,2004886907,Railbreak DX,1,0.0003
5147,1680840069,Railroad Logistics Challenge,1,0.0003
5148,2145289614,Rainbow Cotton,1,0.0003
5149,1623187954,Rally Arcade Classics,1,0.0003
5150,1717310409,Rally Rock 'N Racing,1,0.0003
5151,1640181765,Ramp Car Racing,1,0.0003
5152,1480657184,Raskulls,1,0.0003
5153,2071320447,Ravenlok,1,0.0003
5154,1480659438,RAW,1,0.0003
5155,1616835035,Rayland 2 (PC),1,0.0003
5156,1781479823,Rayland 2 (Xbox),1,0.0003
5157,1927701400,ReactorX 3,1,0.0003
5158,1865128155,Real Boxing 2: Remastered,1,0.0003
5159,905238239,Realms of Arkania: Blade of Destiny,1,0.0003
5160,1891198889,Realpolitiks II,1,0.0003
5161,1982760735,Rebel Cops,1,0.0003
5162,1850415513,Rebel Galaxy Outlaw,1,0.0003
5163,1639119449,Record of Lodoss War-Deedlit in Wonder Labyrinth-,1,0.0003
5164,2133414343,Recycling Center Simulator,1,0.0003
5165,1705290166,Red Ball Escape Adventure,1,0.0003
5166,2014256843,Red Death,1,0.0003
5167,1828801405,Red Siren: Space Defense,1,0.0003
5168,1637512046,Red Solstice 2: Survivors Ultimate Edition,1,0.0003
5169,1826356847,Red Titans,1,0.0003
5170,1926182660,Redeemer - Enhanced Edition,1,0.0003
5171,2011859970,Redout 2,1,0.0003
5172,1621063405,Regular Factory: Escape Room,1,0.0003
5173,2134899668,Remorse: The List,1,0.0003
5174,676489959,Remothered: Tormented Fathers,1,0.0003
5175,1775353777,RESEARCH and DESTROY,1,0.0003
5176,1984147512,RESET-0: Entropy Architect,1,0.0003
5177,1942787707,Resetail,1,0.0003
5178,2144966560,Resident Evil Village Gameplay Demo,1,0.0003
5179,2027400906,Retro Cube Slider,1,0.0003
5180,1912535362,Retro Cube Slider (Xbox Series),1,0.0003
5181,1945781054,Retro Revengers,1,0.0003
5182,1748326860,RetroMania Wrestling,1,0.0003
5183,1884102336,Return of the Obra Dinn,1,0.0003
5184,1683265300,Return to Grace,1,0.0003
5185,738113083,Reus,1,0.0003
5186,1822591938,Revenge of the Savage Planet PC,1,0.0003
5187,2125614925,reverse Snake,1,0.0003
5188,1941236671,Revita,1,0.0003
5189,1684526166,Revival: Recolonization,1,0.0003
5190,1936598008,Richman 11,1,0.0003
5191,1930767830,RiffTrax: The Game,1,0.0003
5192,2000539407,RIN: The Last Child,1,0.0003
5193,695693557,Riptide GP: Renegade,1,0.0003
5194,2003553101,Rise Eterna War,1,0.0003
5195,326835485,Rise of Nations: Extended Edition,1,0.0003
5196,1740555255,Rise of the Third Power,1,0.0003
5197,1859130505,Risen,1,0.0003
5198,1263339480,Risen,1,0.0003
5199,1263339494,Risen 2™: Dark Waters ,1,0.0003
5200,1836689421,Rising Lords,1,0.0003
5201,1935887689,Riven,1,0.0003
5202,1787135558,Roarr! Jurassic Edition,1,0.0003
5203,2076064986,ROBOBEAT,1,0.0003
5204,1908614627,Robolifter (For Windows 10),1,0.0003
5205,1894470251,Robot Strike: Sci-Fi Shooter,1,0.0003
5206,2034979872,Rock 'N Racing Grand Prix,1,0.0003
5207,378690252,Rock 'N Racing Off Road DX,1,0.0003
5208,669503806,Rock of Ages 2: Bigger & Boulder™,1,0.0003
5209,1863410798,Rocket Rats,1,0.0003
5210,1723464141,Rogue Flight,1,0.0003
5211,189853082,Rogue Trooper Redux,1,0.0003
5212,2131113207,Röki,1,0.0003
5213,1629030277,Roll Mad,1,0.0003
5214,2140018399,RollerCoaster Tycoon Adventures Deluxe,1,0.0003
5215,1617329535,Romancing SaGa 2: Revenge of the Seven Demo,1,0.0003
5216,1911127661,Royal Lounge Casino (Formerly GSN Casino),1,0.0003
5217,2087135005,Royal Revolt Survivors,1,0.0003
5218,1769809772,Royal Tower Defense,1,0.0003
5219,1496021838,Rugby World Cup 2015,1,0.0003
5220,1691892209,Ruinarch,1,0.0003
5221,2101582025,Rune Crystal: Adventure (WINDOWS),1,0.0003
5222,1828268608,Rune Crystal: Adventure (XBOX ONE),1,0.0003
5223,1723211080,Rune Dice,1,0.0003
5224,2058690651,Rune Dice DEMO,1,0.0003
5225,1953030770,RUST DREAD REVENGE,1,0.0003
5226,2054215563,Rusted Moss,1,0.0003
5227,520010865,RWBY: Grimm Eclipse,1,0.0003
5228,2085974219,Sable,1,0.0003
5229,1480659510,Sacred Citadel,1,0.0003
5230,1414596589,Saints Row BRD,1,0.0003
5231,1414596773,Saints Row®: The Third™ ,1,0.0003
5232,378040902,Salt and Sanctuary,1,0.0003
5233,1969793666,Sam & Max: Beyond Time and Space,1,0.0003
5234,1480657305,Sam&Max Beyond Time...,1,0.0003
5235,2146443604,Samson - A Tyndalston Story,1,0.0003
5236,2072969413,Samurai Ludo (3D Fights) - Local Multiplayer,1,0.0003
5237,2037480200,Sand Legends,1,0.0003
5238,1753316980,Sanicball Xbox version,1,0.0003
5239,1771555773,Santa's Winter Wonders,1,0.0003
5240,2027159497,Santa's Winter Wonders (Windows),1,0.0003
5241,329611518,Saturday Morning RPG,1,0.0003
5242,1948714522,Savara,1,0.0003
5243,1770381407,Save My Wife,1,0.0003
5244,2139269757,Save My Wife (XBOX SERIES),1,0.0003
5245,1706741477,Save Room,1,0.0003
5246,150244226,Save the Ninja Clan,1,0.0003
5247,2010124610,Save Your Nuts,1,0.0003
5248,2078163849,Scar-Lead Salvation,1,0.0003
5249,1804597999,sCATch 2: The Painter Cat,1,0.0003
5250,2005642647,sCATch: The Painter Cat,1,0.0003
5251,2142170280,Scatter Slots,1,0.0003
5252,1936146608,Scorn,1,0.0003
5253,2019850068,Screamer - Demo,1,0.0003
5254,1725498463,Screw Master,1,0.0003
5255,816667289,Seasons after Fall,1,0.0003
5256,1690734775,Secrets of Blackrock Manor - Escape Room,1,0.0003
5257,1480657776,Sega Vintage Collection: Alex Kidd & Co.,1,0.0003
5258,1729553161,Sektori,1,0.0003
5259,1767095703,Selma and the Wisp X,1,0.0003
5260,2030118025,Serious Sam: Siberian Mayhem,1,0.0003
5261,2120089695,Severed Steel,1,0.0003
5262,1852363353,Shadow Gambit: The Cursed Crew,1,0.0003
5263,2077320849,Shadow Man Remastered,1,0.0003
5264,2062444881,Shakes on a Plane,1,0.0003
5265,1774500212,Shantae: Risky's Revenge - Director's Cut,1,0.0003
5266,2135756462,ShapeNeon Chaos,1,0.0003
5267,1698082433,SHARK! SHARK!,1,0.0003
5268,2125030606,She Sees Red Interactive Movie,1,0.0003
5269,36217198,Sherlock Holmes: Crimes and Punishments,1,0.0003
5270,2025818872,Shines Over: The Damned,1,0.0003
5271,643894778,Shiness: The Lightning Kingdom,1,0.0003
5272,903306295,Shining Resonance Refrain,1,0.0003
5273,2129748278,SHINOBI: Art of Vengeance Demo,1,0.0003
5274,1753769822,SHIP SIMULATOR OCEAN FISHING,1,0.0003
5275,1979525440,Shooter Redux,1,0.0003
5276,2144724056,Short Track Showdown,1,0.0003
5277,1775188550,Showgunners DEMO,1,0.0003
5278,1811056861,Shred! 2 - ft Sam Pilgrim,1,0.0003
5279,1645103109,Shred! Remastered,1,0.0003
5280,1834153031,Shy Cats Hidden Orchestra,1,0.0003
5281,1666530622,Shy Cats Hidden Orchestra 2,1,0.0003
5282,1898291368,Shy Cats Hidden Tracks - Vol. 1,1,0.0003
5283,1967979978,Shy Cats Hidden Tracks - Vol. 2,1,0.0003
5284,1722225478,Siegecraft Commander,1,0.0003
5285,1783788045,SILENT HILL f - Bonus Content,1,0.0003
5286,2129043429,Silly Polly Beast,1,0.0003
5287,1984686006,Silver Bullet,1,0.0003
5288,1774643293,Silver Screen Story,1,0.0003
5289,1880975663,Simple Solitaire,1,0.0003
5290,1730762164,SINNER: Sacrifice for Redemption,1,0.0003
5291,2066580949,Sissa's Path,1,0.0003
5292,2117650793,Skelattack,1,0.0003
5293,1937184860,Skeljump,1,0.0003
5294,2073240970,Skull Island: Rise of Kong,1,0.0003
5295,1852577296,Sky Feathers (Xbox One),1,0.0003
5296,2025493625,Sky Feathers (Xbox Series),1,0.0003
5297,1676744818,Sky Revolver,1,0.0003
5298,2063272043,Sky Roll!,1,0.0003
5299,1626739731,Sky Survivors,1,0.0003
5300,112459691,Skydrift Infinity,1,0.0003
5301,104681353,SKYHILL,1,0.0003
5302,1623473898,Slots Casino: Gambino Games - Casino Slots Machines,1,0.0003
5303,2137939068,Slots Rush: Vegas Casino Slots,1,0.0003
5304,1736697479,Smart Moves,1,0.0003
5305,1992471200,SNK 40th Anniversary Collection,1,0.0003
5306,1866835346,Snoopy & The Great Mystery Club,1,0.0003
5307,1736234663,Soccer Arena Differences,1,0.0003
5308,1615555170,Soccer Arena Differences (Xbox One),1,0.0003
5309,1614021471,Sokobear Winter,1,0.0003
5310,1612526927,Sokobear Winter (Xbox One),1,0.0003
5311,1661096222,SokoNature,1,0.0003
5312,1951334210,SokoPenguin,1,0.0003
5313,2029735121,Solid Void - Topsy Turvy World,1,0.0003
5314,1702329210,Solid Void Art Nonograms,1,0.0003
5315,1966002761,Solir (Windows),1,0.0003
5316,2078183849,Solir (Xbox One),1,0.0003
5317,1897725373,Song of Horror,1,0.0003
5318,1984977630,Souldiers,1,0.0003
5319,2034485385,Souls-Rush,1,0.0003
5320,1951068366,Soulstice: Artbook and Soundtrack,1,0.0003
5321,1887836492,Soulstone Survivors Demo,1,0.0003
5322,1839499082,South of Midnight - Digital Extras,1,0.0003
5323,1777656236,Space Accuracy,1,0.0003
5324,2109986102,Space Crew: Legendary Edition,1,0.0003
5325,2094368450,Space Dragons,1,0.0003
5326,1759979710,Space Drone (Xbox One),1,0.0003
5327,1636517602,Space Filler,1,0.0003
5328,1924348629,Space Invader 7,1,0.0003
5329,1653039783,Space Invader 7 Trial,1,0.0003
5330,2141584532,Space Invaders Deluxe Arcade Collection,1,0.0003
5331,1764556918,Space Moves (Windows),1,0.0003
5332,2019274179,Space Tail: Definitive Edition,1,0.0003
5333,1867036629,Space Warlord Organ Trading Simulator,1,0.0003
5334,2081715802,Spartan Firefight,1,0.0003
5335,2110528847,Spartan Runner,1,0.0003
5336,1907482514,Speed dates - Winter edition,1,0.0003
5337,1927094471,Speed Limit Demo,1,0.0003
5338,2015317909,Speedway Racing,1,0.0003
5339,1794398757,Spell Disk,1,0.0003
5340,1643624971,Spellagis,1,0.0003
5341,1943663664,SpellForce III Reforced,1,0.0003
5342,1630371775,SpellForce: Conquest of Eo,1,0.0003
5343,1688571860,Spells & Secrets,1,0.0003
5344,1984660194,Spire Blast,1,0.0003
5345,1734092917,Spirit of the North: Enhanced Edition,1,0.0003
5346,1824506323,Spirit Swap: Lofi Beats to Match-3 To,1,0.0003
5347,2073359006,Spirittea,1,0.0003
5348,1864222488,Splash Cars,1,0.0003
5349,2084531649,SPORTAL,1,0.0003
5350,1617924752,Spot Challenge 3D,1,0.0003
5351,1896376911,Spot The Differences! Party,1,0.0003
5352,2107397090,Spot The Pup (Windows),1,0.0003
5353,1912029217,STAB STAB STAB!,1,0.0003
5354,1646016212,Star Chef™ 2: Cooking Game,1,0.0003
5355,1866412321,Star Trek: Voyager - Across the Unknown Demo,1,0.0003
5356,44910517,STAR WARS™ Battlefront™ II Multiplayer Beta,1,0.0003
5357,2124275151,Starbound ClawShell Service,1,0.0003
5358,145718352,Stardust Galaxy Warriors: Stellar Climax,1,0.0003
5359,2111756480,Starliner Evolved,1,0.0003
5360,687953907,STARWHAL,1,0.0003
5361,1746379912,Steampunch: Lost Tombs,1,0.0003
5362,1658948948,Steampunch: Lost Tombs (Xbox One),1,0.0003
5363,1968761430,Steampunk Tower 2,1,0.0003
5364,1633458467,SteamWorld Build,1,0.0003
5365,2039535277,Steel Defier,1,0.0003
5366,2078811113,Steel Seed,1,0.0003
5367,1180043224,STEINS;GATE(オリジナル版),1,0.0003
5368,1812322838,Stellar Strider,1,0.0003
5369,325295891,Steredenn: Binary Stars,1,0.0003
5370,2040979596,Steven Universe: Unleash the Light,1,0.0003
5371,1777131585,Sticker Picker (Xbox Series),1,0.0003
5372,1674315166,Sticky Business,1,0.0003
5373,2039717133,Stock Cars Unleashed 2023,1,0.0003
5374,1873752517,Storm Chasing Sim 2026 - Tornado Hunter,1,0.0003
5375,2019891659,Story of a Gladiator,1,0.0003
5376,1640774133,Strange Horticulture,1,0.0003
5377,1978884303,Strategic Mind: Fight for Freedom,1,0.0003
5378,1874994133,Stray Blade,1,0.0003
5379,2108848036,Strike Force 3,1,0.0003
5380,1740350205,Strike Mission,1,0.0003
5381,1646935799,Strike Mission XS,1,0.0003
5382,1644555235,STRIKERS 1945,1,0.0003
5383,1822584880,Stumble Guys - Beta,1,0.0003
5384,1675190546,Stunt Paradise (Windows),1,0.0003
5385,1921553942,Stuntman: Hollywood,1,0.0003
5386,1870094581,STURMWIND EX,1,0.0003
5387,300578609,Styx: Shards of Darkness,1,0.0003
5388,1632226634,SUDOKU CHAMPIONS,1,0.0003
5389,2146935244,Sugar Box (Xbox Series),1,0.0003
5390,2120673497,Sugarbound,1,0.0003
5391,2099479433,Sugarbound (Windows),1,0.0003
5392,1882015385,Sugarbound 2 (Windows),1,0.0003
5393,1815065288,Sugardew Island,1,0.0003
5394,1911312095,Suika And Dragons (Windows),1,0.0003
5395,1955269140,Suika And Dragons (Xbox One),1,0.0003
5396,1959074113,Suika And Dragons (Xbox Series X/S),1,0.0003
5397,1760369741,SULFUR Demo,1,0.0003
5398,1983377453,Summer Games Beach Volley,1,0.0003
5399,1806898372,Summum Aeterna,1,0.0003
5400,2037941256,SUPER BOMBERMAN R 2,1,0.0003
5401,2053113562,SUPER CRAZY RHYTHM CASTLE,1,0.0003
5402,1972174450,Super Cube: Simple Rubik's Solver,1,0.0003
5403,2084457373,Super Double Dragon,1,0.0003
5404,1948141872,Super kart Car - Racing Tour,1,0.0003
5405,1785098854,Super Mombo Quest,1,0.0003
5406,900300132,Super Night Riders,1,0.0003
5407,2034281213,Super Pixel Kid,1,0.0003
5408,1998863142,Super Pixel Kid 2,1,0.0003
5409,1894737128,Super Sami Roll,1,0.0003
5410,1537932598,Super Toy Cars,1,0.0003
5411,2020906073,Supermarket Simulator New York City,1,0.0003
5412,1729124821,SuperMash,1,0.0003
5413,1775967989,Surviving Mars,1,0.0003
5414,1773338848,Survivor Legion,1,0.0003
5415,1918884435,Sword of the Vagrant,1,0.0003
5416,2023655054,Syberia - The World Before - DEMO,1,0.0003
5417,1161890083,Syndicate,1,0.0003
5418,1764032278,Synergia - NextGen Edition,1,0.0003
5419,1612564571,Table Soccer Challenge,1,0.0003
5420,1955122958,Taboo Trial,1,0.0003
5421,1979669220,Tad the Lost Explorer,1,0.0003
5422,2132478540,Tails of Iron 2: Whiskers of Winter,1,0.0003
5423,1629734223,Tale of Dark Lands,1,0.0003
5424,2001451314,Tale of Dark Lands (Xbox Series X|S),1,0.0003
5425,2033236943,Tales of Arise Demo Version (Xbox One),1,0.0003
5426,1829876281,Tales of Arise Demo Version (Xbox Series X|S),1,0.0003
5427,1699999089,Talisman: Digital 5th Edition,1,0.0003
5428,2021201995,Tank Golfing,1,0.0003
5429,2089482946,Tanky Tanks - Reloaded,1,0.0003
5430,1974709729,Tanuki Sunset,1,0.0003
5431,2037485599,Taurian Defense,1,0.0003
5432,1431504927,TC's RainbowSix Vegas2,1,0.0003
5433,1431504918,TC’s H.A.W.X,1,0.0003
5434,2124647331,Tchia,1,0.0003
5435,1657405527,Teenage Mutant Ninja Turtles: Tactical Takedown,1,0.0003
5436,2078757934,Temari Trials,1,0.0003
5437,2133660608,Temari Trials (Xbox One),1,0.0003
5438,2137169995,Tenebris Somnia Demo,1,0.0003
5439,2101116288,Tennis Elbow 4,1,0.0003
5440,1922790570,Tentacles: Enter the Mind,1,0.0003
5441,1785956954,Teodoro,1,0.0003
5442,1621365103,Terror of Hemasaurus,1,0.0003
5443,188910190,Tesla vs Lovecraft,1,0.0003
5444,1948376851,Tesla vs Lovecraft Game of the Year Edition,1,0.0003
5445,851304780,Tetraminos,1,0.0003
5446,1866686081,The 7th Guest Remake,1,0.0003
5447,1899803218,The Adventures of Ally The Alligator (XBox Series),1,0.0003
5448,1864318356,The Adventures of Elena Temple: Definitive Edition,1,0.0003
5449,1689958756,The Alighieri Circle: Dante's Bloodline,1,0.0003
5450,1841233360,The Alto Collection,1,0.0003
5451,2107926266,The Backrooms: Forsaken,1,0.0003
5452,1854327039,The Banner Saga,1,0.0003
5453,720980405,The Banner Saga 2,1,0.0003
5454,157772240,The Bard's Tale IV: Director's Cut,1,0.0003
5455,1949662682,The Beast Inside (Console Version),1,0.0003
5456,1878828344,The Bible Trivia Challenge,1,0.0003
5457,2043315509,The Bit's Escape,1,0.0003
5458,2133854210,The Boba Teashop,1,0.0003
5459,1833120688,The Bounty Huntress,1,0.0003
5460,181110324,The Bunker,1,0.0003
5461,2076835000,"THE CASINO COLLECTION: Ruleta, Vídeo Póker, Tragaperras, Craps, Baccarat, Five-Card Draw Poker, Texas hold 'em, Blackjack and Page One",1,0.0003
5462,1637035694,The Chant,1,0.0003
5463,1628737049,The Childs Sight,1,0.0003
5464,1749701057,The Christmas Game,1,0.0003
5465,1689193187,The Count Lucanor,1,0.0003
5466,1916261316,The Crackpet Show: Happy Tree Friends Edition,1,0.0003
5467,518619593,The Crew® 2 Open Beta,1,0.0003
5468,2125242330,The Crimson Maid,1,0.0003
5469,2089995861,The Devil Lands (Game Preview),1,0.0003
5470,364910835,The Dwarves,1,0.0003
5471,1790921256,The Evil Within® 2 (PC),1,0.0003
5472,1782608966,The Excrawlers,1,0.0003
5473,1982021747,The Experiment: Escape Room,1,0.0003
5474,1934070090,THE FINALS - BETA,1,0.0003
5475,1787193429,The First Berserker: Khazan DEMO,1,0.0003
5476,2051823157,The First Tree,1,0.0003
5477,1778566943,The Fissure,1,0.0003
5478,1771770355,The Forgotten City,1,0.0003
5479,1916168386,The Gardener and the Wild Vines TGA21Demo,1,0.0003
5480,2067501401,The Good Life,1,0.0003
5481,1759275046,The Great Perhaps,1,0.0003
5482,2116740682,The Grinch: Christmas Adventures - Merry & Mischievous Edition,1,0.0003
5483,2095260903,The House of Da Vinci 2,1,0.0003
5484,1696036019,The Innsmouth Case,1,0.0003
5485,1988354836,The Karate Kid: Street Rumble,1,0.0003
5486,1795080541,The Knight Witch,1,0.0003
5487,2115010340,The Knightling,1,0.0003
5488,1480657090,The Maw,1,0.0003
5489,186907511,The Metronomicon: Slay the Dance Floor,1,0.0003
5490,482654991,The Mummy Demastered,1,0.0003
5491,1814296294,The Occupation,1,0.0003
5492,1721383054,The Outer Worlds: Spacer’s Choice Edition,1,0.0003
5493,1414596562,The Outfit,1,0.0003
5494,698904373,The Park,1,0.0003
5495,313503666,The Peanuts® Movie: Snoopy's Grand Adventure,1,0.0003
5496,2029175168,The Plucky Squire,1,0.0003
5497,1909279725,The Procession to Calvary,1,0.0003
5498,1792055040,The Rabbit Crazy Adventure One More Time (Xbox One),1,0.0003
5499,2080785146,The Rise of the Golden Idol,1,0.0003
5500,1969163408,The Secret Order: Return to the Buried Kingdom (Xbox One Version),1,0.0003
5501,1894317724,The Serpent Rogue,1,0.0003
5502,2094547688,The Sinking Forest - 沈んだ森,1,0.0003
5503,1875984690,The Sisters - Party of the Year,1,0.0003
5504,1685731966,The Smurfs – Dreams,1,0.0003
5505,1669482828,The Smurfs 2 : The Prisoner of the Green Stone,1,0.0003
5506,1702440591,The Stairwell,1,0.0003
5507,2102420520,The Strange Story Of Brian Fisher: Chapter 1,1,0.0003
5508,1691924451,The Strange Story Of Brian Fisher: Chapter 2,1,0.0003
5509,491421892,The Talos Principle,1,0.0003
5510,1857523735,The Talos Principle: Reawakened,1,0.0003
5511,2081464071,The Thaumaturge: Demo,1,0.0003
5512,94098725,The Town of Light,1,0.0003
5513,2100711254,The Unknown City (Horror Begins Now.....Episode 1) Demo,1,0.0003
5514,1933187511,The Vale: Shadow of the Crown,1,0.0003
5515,54480103,The Vanishing of Ethan Carter,1,0.0003
5516,1781089938,The VideoKid,1,0.0003
5517,193310209,The Witness,1,0.0003
5518,1683044366,Thea 2: The Shattering,1,0.0003
5519,1607468796,Thomas Was Alone,1,0.0003
5520,1700624625,Three Minutes To Eight,1,0.0003
5521,1674783293,Thunder Ray,1,0.0003
5522,1480657132,Ticket to Ride™,1,0.0003
5523,843161586,Time Carnage,1,0.0003
5524,1673397338,Tinker Racers,1,0.0003
5525,2110707172,Tiny Archer,1,0.0003
5526,1854122175,Tiny Little Farm (Windows),1,0.0003
5527,1727379133,Tinykin,1,0.0003
5528,1672719761,Tinykin Demo,1,0.0003
5529,2046395333,Titan Chaser,1,0.0003
5530,1924171101,To Farm Lands,1,0.0003
5531,1810583397,To Farm Lands (Xbox One),1,0.0003
5532,1646531438,To the Moon,1,0.0003
5533,2097983482,Tofu Dream (Xbox One),1,0.0003
5534,1894787867,Tofu Dream (Xbox Series X|S),1,0.0003
5535,1691955008,TOKI Juju Densetsu,1,0.0003
5536,916605047,Tom Clancy's Ghost Recon Wildlands Open Beta,1,0.0003
5537,1657526037,Tomb Raider: Legacy of Atlantis,1,0.0003
5538,1804899462,Tools Up - Ultimate Edition,1,0.0003
5539,2025852578,Tools Up!,1,0.0003
5540,392643867,Toro,1,0.0003
5541,2119382094,Total War: Warhammer III,1,0.0003
5542,2027842646,Totally Normal Journey: The Interactive Musical,1,0.0003
5543,1768760597,Touchdown Pinball,1,0.0003
5544,1024441064,Tour de France 2017,1,0.0003
5545,1691312526,Tour de France 2023,1,0.0003
5546,1630747846,Tour de France 2025,1,0.0003
5547,703997631,TowerFall Ascension,1,0.0003
5548,1889723336,Townsmen - A Kingdom Rebuilt,1,0.0003
5549,1480657310,Toy Soldiers,1,0.0003
5550,1849823755,Train Traffic Manager,1,0.0003
5551,2075433959,Training Shooter FPS,1,0.0003
5552,1646334101,TramSim: Console Edition,1,0.0003
5553,1726945595,TRANSFORMERS: Galactic Trials,1,0.0003
5554,1719099042,Trash Goblin,1,0.0003
5555,1989609295,Trash is Fun,1,0.0003
5556,1635020727,Trine 3: The Artifacts of Power,1,0.0003
5557,1817067023,Trine 5: A Clockwork Conspiracy,1,0.0003
5558,1800716708,Trinity Fusion,1,0.0003
5559,1676268108,Trollhunters: Defenders of Arcadia,1,0.0003
5560,1760149971,Troopers,1,0.0003
5561,1900123552,Tropical Merge,1,0.0003
5562,1619319939,Tropico 6,1,0.0003
5563,2142053337,Trüberbrook,1,0.0003
5564,1771327779,Truck Driver - Gold Edition,1,0.0003
5565,2078968222,Truck Driver: The American Dream,1,0.0003
5566,2143164145,Truck Simulator Cargo Driver 2025 - EURO,1,0.0003
5567,1887919587,True Fear: Forsaken Souls Part 1,1,0.0003
5568,1679462217,True Fear: Forsaken Souls Part 1 Demo,1,0.0003
5569,1841969017,True Fear: Forsaken Souls Part 2 Demo,1,0.0003
5570,1847513516,True Fear: Forsaken Souls Part 3,1,0.0003
5571,1912034062,True Fear: Forsaken Souls Part 3 Demo,1,0.0003
5572,1792195884,Trust No One,1,0.0003
5573,1879353165,TT Isle of Man Ride on the Edge 2,1,0.0003
5574,2054334491,Tune My Car - Tuning Studio & Mechanic Simulator 2026,1,0.0003
5575,1959159088,Tunguska: The Visitation - Complete Edition,1,0.0003
5576,1728510344,Twin Breaker: A Sacred Symbols Adventure,1,0.0003
5577,1654177207,Twins of the Sun,1,0.0003
5578,1970179717,Twisted Fate,1,0.0003
5579,1821051545,Uboat Attack,1,0.0003
5580,1990982209,UFL Open Beta,1,0.0003
5581,2089989279,UFO ROBOT GRENDIZER – The Feast of the Wolves,1,0.0003
5582,1639077434,UFOPHILIA,1,0.0003
5583,1914211223,Ultimate ADOM - Caverns of Chaos,1,0.0003
5584,1964788774,Ultimate Fishing Simulator,1,0.0003
5585,1659161283,Ultimate Massage,1,0.0003
5586,2124124873,Ultracore,1,0.0003
5587,2009034198,Un.Key,1,0.0003
5588,1802779336,Uncharted Tides: Port Royal (Xbox One Version),1,0.0003
5589,1751303516,UNDER DEFEAT,1,0.0003
5590,1618087966,Under the Jolly Roger,1,0.0003
5591,1480657011,Undertow,1,0.0003
5592,1633465482,Unicorn Overlord DEMO,1,0.0003
5593,1932128929,Universal Flight Simulator Extended,1,0.0003
5594,2031615580,Universe For Sale WGF24 Demo,1,0.0003
5595,2078938412,Unmourned,1,0.0003
5596,2093604131,Unruly Heroes,1,0.0003
5597,1691837448,UNSIGHTED,1,0.0003
5598,2060146885,Unspottable,1,0.0003
5599,1999700268,Untitled John Wick Game,1,0.0003
5600,1646102559,Unusual Findings,1,0.0003
5601,1622119739,Urban Flow,1,0.0003
5602,496060715,Use Your Words,1,0.0003
5603,1808865750,Vagrus - The Riven Realms Prologue,1,0.0003
5604,1622859130,Valfaris,1,0.0003
5605,1840424586,Valfaris: Mecha Therion,1,0.0003
5606,1828894151,Valiant Hearts: Coming Home,1,0.0003
5607,1980974265,Vambrace: Cold Soul,1,0.0003
5608,2024636675,Vampire: The Masquerade - Coteries of New York,1,0.0003
5609,1670489808,Vanity Fair: The Pursuit Demo,1,0.0003
5610,1824702779,Verlet Swing,1,0.0003
5611,1957925786,Vikings Pinball,1,0.0003
5612,1804413591,Vikings Pinball (Xbox One),1,0.0003
5613,2087912610,Vinebound: Tangled Together,1,0.0003
5614,2018869457,Visions of Mana Demo,1,0.0003
5615,1664766972,Void Gore,1,0.0003
5616,1947656141,Voidwrought,1,0.0003
5617,1774685333,Volcano Princess,1,0.0003
5618,254829272,Wailing Heights,1,0.0003
5619,2022059922,Walk Around And Do Nothing,1,0.0003
5620,1898630086,Wall World,1,0.0003
5621,2126029714,Wall World 2,1,0.0003
5622,1871561416,War Hospital,1,0.0003
5623,2051276947,War Tech Fighters,1,0.0003
5624,1975267359,"Warhammer 40,000: Mechanicus",1,0.0003
5625,1933726959,Warhammer Age of Sigmar: Storm Ground,1,0.0003
5626,1704142080,Warhammer: Chaosbane Slayer Edition Xbox Series X|S,1,0.0003
5627,648298719,Warhammer: Chaosbane Xbox One,1,0.0003
5628,405657081,Warhammer: End Times - Vermintide,1,0.0003
5629,1795490234,Warlock: Dungeons & Dragons,1,0.0003
5630,808808652,WARRIORS OROCHI 3 Ultimate (Chinese Ver.),1,0.0003
5631,328245964,WARRIORS OROCHI 3 Ultimate (Japanese Ver.),1,0.0003
5632,1794639484,WARTILE,1,0.0003
5633,1894999989,Wave Break Demo,1,0.0003
5634,2114003529,Wax Heads,1,0.0003
5635,930102652,We Sing Pop,1,0.0003
5636,1788936172,We Were Here Too,1,0.0003
5637,2072708503,WEED DRUG EMPIRE - SCHEDULE,1,0.0003
5638,2016076229,Weird West: Definitive Edition,1,0.0003
5639,1798375126,Welcome to ParadiZe,1,0.0003
5640,1893886966,West Escape,1,0.0003
5641,1810588887,What's Different? (Windows),1,0.0003
5642,2032711737,What comes after,1,0.0003
5643,1662257169,What The Dub?!,1,0.0003
5644,1758425428,When The Past Was Around Demo,1,0.0003
5645,2069929532,While the Iron's Hot,1,0.0003
5646,541295341,Whispering Willows,1,0.0003
5647,1663897592,White Day: A Labyrinth Named School,1,0.0003
5648,1763125243,Wild Card Football,1,0.0003
5649,1929637600,Wildkeepers Rising,1,0.0003
5650,1906596190,Willy J Peso Presents: Save The Trees,1,0.0003
5651,2031627919,Wilmot's Warehouse,1,0.0003
5652,1996371924,WitchSpring R,1,0.0003
5653,1625301419,Within the Blade,1,0.0003
5654,1853101236,Wooden Block Puzzle Game,1,0.0003
5655,852417661,Woodle Tree Adventures,1,0.0003
5656,1801459191,Woodturning 3D,1,0.0003
5657,1649877246,Woot Woot Game,1,0.0003
5658,2070848357,Word Maze by POWGI,1,0.0003
5659,1708238224,Word Quest Fantasy,1,0.0003
5660,1670435927,Word Quest Pirates,1,0.0003
5661,1723064655,Word Quest Space,1,0.0003
5662,1709000658,Word Quest: Cyberpunk,1,0.0003
5663,1740791682,Word Stacker - Word Game 2019,1,0.0003
5664,1964417553,Word Sudoku by POWGI,1,0.0003
5665,2025445089,World Cup Soccer 2026,1,0.0003
5666,602349928,World II:Hunting Boss,1,0.0003
5667,521446567,WORLD OF FINAL FANTASY MAXIMA,1,0.0003
5668,2106982681,World Of Solitaire,1,0.0003
5669,1683514281,World of Warships,1,0.0003
5670,206756614,World of Warships: Legends (Supertest),1,0.0003
5671,26950525,World to the West,1,0.0003
5672,1918194516,World2D RE,1,0.0003
5673,2141363036,Worldless,1,0.0003
5674,1770084088,Wreckfest 2,1,0.0003
5675,1663377800,WSOP,1,0.0003
5676,1858270096,Wylde Flowers,1,0.0003
5677,333251915,X-Morph: Defense,1,0.0003
5678,1920198712,Xray Customs (Windows),1,0.0003
5679,1952008648,Yaga,1,0.0003
5680,1874529388,Yakuza Kiwami 3 & Dark Ties Demo,1,0.0003
5681,2132101695,Yars: Recharged,1,0.0003
5682,555542903,Yoku's Island Express,1,0.0003
5683,244460032,Yooka-Laylee Toybox Demo,1,0.0003
5684,1905856995,You Suck at Parking® Complete Edition,1,0.0003
5685,1639870043,Youtubers Life 2,1,0.0003
5686,1856839804,Z-Warp,1,0.0003
5687,1848677374,ZDQ Island Engagement,1,0.0003
5688,1663960317,Zen Wash,1,0.0003
5689,1645309277,Zero Squares (Xbox One),1,0.0003
5690,1986650777,Zeus Quest - The Rebirth of Earth,1,0.0003
5691,916812232,ZHEROS,1,0.0003
5692,1752291141,Zombie Derby,1,0.0003
5693,2001814192,Zombie Derby 2,1,0.0003
5694,1907198556,Zombie Derby: Pixel Survival,1,0.0003
5695,1781910183,Zombie Graveyard Simulator,1,0.0003
5696,1627571135,Zombie Legion,1,0.0003
5697,1976852909,Zombie Legion (Xbox One),1,0.0003
5698,2044141925,Zombie Survivors Series Edition,1,0.0003
5699,1644398698,"Zombies, Aliens and Guns DEMO",1,0.0003
5700,1957572287,ZombMe (Demo),1,0.0003
5701,1739126120,Zorro The Chronicles Xbox Series X|S,1,0.0003
5702,1703114306,Zumania,1,0.0003
5703,1658194577,Κρεμάλα - Paper Hangman GR,1,0.0003
5704,1146095570,お姉チャンバラvorteX,1,0.0003
