rank,title_id,title,players,percentage
1,267695549,Fortnite,66944,22.7039
2,342226876,Roblox - Xbox,54263,18.4032
3,1828326430,Minecraft,31547,10.6991
4,2001700854,Call of Duty®,29105,9.8709
5,558797228,Rocket League®,28318,9.604
6,1870487792,NBA 2K26 for Xbox Series X|S,19876,6.7409
7,926771636,Tom Clancy's Rainbow Six Siege,19358,6.5652
8,972249091,Grand Theft Auto V (Xbox One),14047,4.764
9,1909324253,EA SPORTS FC™ 26 Xbox Series X|S,11285,3.8273
10,175227487,Apex Legends™,11001,3.731
11,1778348973,Grand Theft Auto Online (Xbox Series X|S),10603,3.596
12,2030093255,Forza Horizon 5,10467,3.5499
13,94618376,Overwatch®,9556,3.2409
14,1794906646,Marvel Rivals,9370,3.1778
15,1840884885,Battlefield™,8461,2.8695
16,2118292977,ARC Raiders,7477,2.5358
17,1631143456,EA SPORTS™ Madden NFL 26,7414,2.5144
18,591405932,Red Dead Redemption 2,6153,2.0868
19,1791650399,MLB® The Show™ 26,6115,2.0739
20,2118102995,EA SPORTS™ College Football 26,5055,1.7144
21,609700427,Call of Duty®: Modern Warfare®,4980,1.689
22,1924639289,HELLDIVERS™ 2,4696,1.5926
23,2106683993,skate.™ (Game Preview),4367,1.4811
24,629270283,Gang Beasts,4180,1.4176
25,102425831,Dead by Daylight,4156,1.4095
26,222473492,Cyberpunk 2077,4129,1.4003
27,1993685552,UFC® 5,3967,1.3454
28,1653663875,EA SPORTS FC™ 25 Xbox Series X|S,3949,1.3393
29,2119939858,NHL® 26 Xbox Series X|S,3847,1.3047
30,1754076455,Crimson Desert,3669,1.2443
31,1144039928,Halo: The Master Chief Collection,3117,1.0571
32,80579825,Call of Duty: Black Ops III,3051,1.0347
33,1892502964,Hades II,2915,0.9886
34,1794566092,Minecraft Launcher,2892,0.9808
35,171869406,War Thunder,2843,0.9642
36,1852068331,EA SPORTS FC™ 26 Xbox One,2828,0.9591
37,1096157379,COD: Black Ops II,2766,0.9381
38,2139646219,VALORANT,2721,0.9228
39,777107394,DayZ,2660,0.9021
40,2073302268,Ready or Not,2644,0.8967
41,1977690926,Farming Simulator 25,2623,0.8896
42,2043073184,Halo Infinite,2487,0.8435
43,2003727579,Call of Duty®: Modern Warfare® III,2456,0.8329
44,950328474,PUBG: BATTLEGROUNDS,2435,0.8258
45,687339341,Brawlhalla,2378,0.8065
46,1992453063,Among Us,2350,0.797
47,2079794073,Starfield,2333,0.7912
48,1717113201,Sea of Thieves: 2026 Edition,2298,0.7794
49,2013614379,Fall Guys,2297,0.779
50,1482870140,Warframe,2273,0.7709
51,1892245301,ELDEN RING,2209,0.7492
52,1882096658,EA SPORTS FC™ 25 Xbox One,2155,0.7309
53,833960563,STAR WARS™ Battlefront™ II,2055,0.6969
54,1730755212,Mortal Kombat™ 1,2039,0.6915
55,332913499,Fallout 76,2024,0.6864
56,1696697876,NBA 2K26 for Xbox One,1981,0.6719
57,1198088771,FOR HONOR,1979,0.6712
58,1848421257,eFootball™,1971,0.6685
59,1256782258,Fallout 4,1959,0.6644
60,144389848,Destiny 2,1945,0.6596
61,252034287,The Elder Scrolls V: Skyrim Special Edition,1908,0.6471
62,1953759531,Phasmophobia (Game Preview),1878,0.6369
63,1928988061,ARK: Survival Ascended,1849,0.6271
64,207015551,theHunter: Call of the Wild™,1807,0.6128
65,1959007243,Call of Duty®: Modern Warfare® II,1801,0.6108
66,352040487,Tom Clancy’s The Division 2,1801,0.6108
67,1855024215,"Warhammer 40,000: Space Marine 2",1672,0.5671
68,1732013402,Grounded 2 (Game Preview),1669,0.566
69,1693340366,Hogwarts Legacy,1658,0.5623
70,1766989558,MLB® The Show™ 25,1635,0.5545
71,896928775,Minecraft for Windows,1633,0.5538
72,893395429,Rust Console Edition X|S,1633,0.5538
73,1857595573,The Crew Motorfest - Xbox Series X|S,1621,0.5498
74,2022801826,WWE 2K26 Standard Edition,1601,0.543
75,638965135,Descenders,1589,0.5389
76,2099828114,THE FINALS,1582,0.5365
77,1973901376,Diablo® IV,1545,0.524
78,1746894998,Roblox - Windows,1536,0.5209
79,545844082,Call of Duty®: WWII,1507,0.5111
80,321656011,The Sims™ 4,1499,0.5084
81,1728296368,Vampire Crawlers: The Turbo Wildcard from Vampire Survivors,1386,0.4701
82,1842668909,Forza Motorsport,1384,0.4694
83,964706972,No Man's Sky,1332,0.4517
84,1850827024,F1® 25,1314,0.4456
85,1096157269,Call of Duty®: Black Ops,1312,0.445
86,374923716,Gears 5,1312,0.445
87,1975246356,Baldur's Gate 3,1295,0.4392
88,1726497855,PGA TOUR 2K25,1289,0.4372
89,2083118773,REPLACED,1285,0.4358
90,1797327516,Palworld,1281,0.4344
91,651668093,RESIDENT EVIL 7 biohazard,1258,0.4266
92,1641858093,Albion Online,1237,0.4195
93,306230746,Stardew Valley,1230,0.4172
94,1658810016,Resident Evil Requiem,1226,0.4158
95,1758796660,Wobbly Life,1220,0.4138
96,1634930870,REMATCH,1218,0.4131
97,1699459210,DRAGON BALL Sparking! ZERO,1205,0.4087
98,1019460860,DRAGON BALL XENOVERSE 2,1205,0.4087
99,1696147865,Zenless Zone Zero,1202,0.4077
100,491582364,Need for Speed™ Heat,1194,0.4049
101,2078275456,Content Warning,1184,0.4016
102,285358298,Mortal Kombat 11,1181,0.4005
103,1790482525,Call of Duty®: Black Ops Cold War - Xbox Series X|S,1143,0.3876
104,2053080068,Genshin Impact,1141,0.387
105,1715349030,Asphalt Legends,1136,0.3853
106,1682363458,Avatar: Frontiers of Pandora™,1112,0.3771
107,623325843,Cuphead,1111,0.3768
108,1972007641,Kingdom Come: Deliverance II,1106,0.3751
109,1852916479,Resident Evil 4,1099,0.3727
110,1689317374,TCG Card Shop Simulator (Game Preview),1092,0.3703
111,1479758055,Batman™: Arkham Knight,1069,0.3625
112,1161890022,Skate 3,1062,0.3602
113,346683864,Tom Clancy's Ghost Recon Wildlands,1062,0.3602
114,1759802069,EA SPORTS™ College Football 25,1056,0.3581
115,1878915001,SnowRunner,1049,0.3558
116,1852502655,EA SPORTS FC™ 24 Xbox Series X|S,1045,0.3544
117,1830948067,EA SPORTS™ PGA TOUR™,1045,0.3544
118,1928228122,Borderlands®4,1043,0.3537
119,1671990131,MY HERO ULTRA RUMBLE,1031,0.3497
120,2103516179,The Outlast Trials,1027,0.3483
121,1985701699,Forza Horizon 4,1018,0.3453
122,374621264,RESIDENT EVIL 2,1018,0.3453
123,1641465936,Kiln,1017,0.3449
124,1285166951,The Elder Scrolls Online,1017,0.3449
125,964818375,Assassin's Creed Odyssey,1009,0.3422
126,783973363,Dead Island 2,980,0.3324
127,2054716369,It Takes Two,971,0.3293
128,1938834516,State of Decay 2: Juggernaut Edition,967,0.328
129,2011061477,PRAGMATA,958,0.3249
130,1774692913,Goat Simulator 3,957,0.3246
131,2108722049,Resident Evil Village,938,0.3181
132,1615644955,Microsoft Flight Simulator 2024,921,0.3124
133,1679027058,Stumble Guys,920,0.312
134,983730484,ARK: Survival Evolved,917,0.311
135,1728105232,Assassin's Creed Valhalla,913,0.3096
136,1161890069,FIGHT NIGHT CHAMPION,909,0.3083
137,961090289,Tom Clancy's Ghost Recon Breakpoint,904,0.3066
138,1669427955,ELDEN RING NIGHTREIGN,902,0.3059
139,1794767034,NBA 2K25 for Xbox Series X|S,900,0.3052
140,1843269941,Chivalry 2,888,0.3012
141,1720309872,Arma Reforger,885,0.3001
142,1965142613,Golf With Your Friends,883,0.2995
143,840116976,World of Tanks Modern Armor,878,0.2978
144,2079757188,Forza Horizon 6,867,0.294
145,2138304024,Rec Room,847,0.2873
146,2043906033,MX vs ATV Legends,846,0.2869
147,1611895213,Disney Dreamlight Valley,843,0.2859
148,1739375565,Minecraft Dungeons,842,0.2856
149,1414793202,GTA IV,828,0.2808
150,1747676401,Planet Coaster 2,828,0.2808
151,1961305648,Totally Accurate Battle Simulator,827,0.2805
152,1921177861,Marathon,824,0.2795
153,2098741842,EA SPORTS FC™ 24 Xbox One,823,0.2791
154,728655825,Plants vs. Zombies™ Garden Warfare 2,823,0.2791
155,283303390,Wreckfest,816,0.2767
156,85494077,Microsoft Solitaire Collection,811,0.275
157,556718860,Assassin's Creed IV Black Flag,794,0.2693
158,2008767227,Brotato,792,0.2686
159,2105342780,Grounded,787,0.2669
160,447911394,Far Cry® 5,778,0.2639
161,1747946954,Construction Simulator,776,0.2632
162,1779135141,Riders Republic™,776,0.2632
163,2068980019,CarX Drift Racing Online,775,0.2628
164,389597738,Terraria,770,0.2611
165,478449077,World of Warships: Legends,768,0.2605
166,1008687929,Mortal Kombat X,765,0.2594
167,2069980568,The First Descendant,753,0.2554
168,465979625,UFC® 4,746,0.253
169,1805568255,Trailmakers,739,0.2506
170,1825113946,PowerWash Simulator,721,0.2445
171,1738914043,Assassin's Creed Shadows,719,0.2438
172,1668241504,Hollow Knight: Silksong,711,0.2411
173,312881568,Human Fall Flat,709,0.2405
174,1695979902,The Elder Scrolls IV: Oblivion Remastered,709,0.2405
175,1813567768,Roadside Research (Game Preview),703,0.2384
176,2087575977,MOUSE: P.I. For Hire,700,0.2374
177,2063087945,PowerWash Simulator 2,696,0.236
178,1769971395,Clair Obscur: Expedition 33,695,0.2357
179,15959542,DRAGON BALL FIGHTERZ (Xbox Series X|S),695,0.2357
180,1251455286,Metro 2033 Redux,694,0.2354
181,2111829961,Hell Let Loose,683,0.2316
182,530462567,The Witcher 3: Wild Hunt – Complete Edition,679,0.2303
183,2090474684,Poppy Playtime: Chapter 1,674,0.2286
184,792158305,Call of Duty®: Black Ops 4,672,0.2279
185,2059211995,Hollow Knight: Voidheart Edition,665,0.2255
186,1998069249,WWE 2K25 for Xbox Series X|S,662,0.2245
187,1792830437,Balatro,659,0.2235
188,1646963350,NHL® 25 Xbox Series X|S,651,0.2208
189,1701108859,HITMAN 3,649,0.2201
190,1045960524,Metro Exodus,644,0.2184
191,1671080157,Minecraft Preview,639,0.2167
192,1993741445,SMITE 2 (Game Preview),639,0.2167
193,1925947069,FARCRY 6,637,0.216
194,308654313,Overcooked! 2,628,0.213
195,1145574011,Titanfall® 2,621,0.2106
196,1876694512,Madden NFL 25 Xbox One,618,0.2096
197,1702731390,Supermarket Simulator,618,0.2096
198,308190374,LEGO® Star Wars™: The Skywalker Saga,617,0.2093
199,2072546746,Madden NFL 25 Xbox Series X|S,612,0.2076
200,1821999049,High On Life 2,602,0.2042
201,1096157207,Modern Warfare® 2,602,0.2042
202,2128602192,Bluey: The Videogame,600,0.2035
203,1386529057,Battlefield™ 1,595,0.2018
204,1112737760,Fallout: New Vegas,595,0.2018
205,642156375,Crash™ Team Racing Nitro-Fueled,592,0.2008
206,1891953464,CloverPit,589,0.1998
207,1790216132,Hades,588,0.1994
208,1096157387,Modern Warfare® 3,578,0.196
209,940594756,World War Z,578,0.196
210,552499398,Gears of War 4,573,0.1943
211,415619002,Watch Dogs®2,571,0.1937
212,1938832846,STAR WARS Jedi: Survivor™,565,0.1916
213,1744726864,Enlisted,559,0.1896
214,504085184,The Crew® 2,558,0.1892
215,2053555152,Yu-Gi-Oh! Master Duel,555,0.1882
216,1976117247,Path of Titans (Game Preview),552,0.1872
217,1743309413,Super Meat Boy 3D,547,0.1855
218,945909358,Subnautica,541,0.1835
219,690285705,The Long Dark,541,0.1835
220,339148107,Insurgency: Sandstorm (Windows),539,0.1828
221,1730971667,7 Days to Die - Console Edition (Game Preview),536,0.1818
222,2075317023,Absolum,534,0.1811
223,219630713,Halo 5: Guardians,533,0.1808
224,2143033449,Monster Hunter Wilds,533,0.1808
225,1854680102,Delta Force,531,0.1801
226,1297287339,Gears of War 3,526,0.1784
227,256364670,Battlefield™ V,522,0.177
228,830649354,Dying Light,522,0.177
229,183968596,UNO™,520,0.1764
230,568218779,Resident Evil 5,519,0.176
231,2014590773,Car Mechanic Simulator 2021,518,0.1757
232,345903534,Minecraft: Xbox One Edition,516,0.175
233,1894513996,CarX Street,512,0.1736
234,45083076,Injustice™ 2,503,0.1706
235,72159092,Crash Bandicoot™ N. Sane Trilogy,492,0.1669
236,1657391528,NBA 2K25 for Xbox One,486,0.1648
237,1667928394,Halo Wars 2,482,0.1635
238,2031971566,A Game About Digging A Hole™,474,0.1608
239,2106583887,TEKKEN 8,474,0.1608
240,1096157212,Call of Duty®: WaW,470,0.1594
241,1841062643,Hunt: Showdown 1896,469,0.1591
242,1646978734,Police Simulator: Patrol Officers,462,0.1567
243,1998461943,Assassin's Creed Unity,461,0.1563
244,828985924,Resident Evil 6,461,0.1563
245,2132429347,Risk of Rain 2,458,0.1553
246,1623704813,DEATH STRANDING DIRECTOR'S CUT,457,0.155
247,2090892978,Farming Simulator 22,455,0.1543
248,1971845611,Mount & Blade II: Bannerlord,455,0.1543
249,1912862912,Sniper Elite: Resistance,453,0.1536
250,1680544459,Dying Light: The Beast,451,0.153
251,490838306,Fishing Planet,448,0.1519
252,1733257076,Teardown,445,0.1509
253,1936845110,Cities: Skylines - Remastered,441,0.1496
254,1668054382,Tiny Bookshop,441,0.1496
255,796798669,Call of Duty®: Infinite Warfare,437,0.1482
256,502034863,Assassin's Creed Origins,436,0.1479
257,869175187,A Way Out,431,0.1462
258,2086031333,The Thaumaturge,429,0.1455
259,2041941014,Diablo® II: Resurrected™,428,0.1452
260,1994003829,EA SPORTS™ FIFA 23 Standard Edition Xbox One,427,0.1448
261,1753744295,"Little Kitty, Big City",427,0.1448
262,453395486,Ultimate Chicken Horse,425,0.1441
263,2019012309,Star Wars Outlaws,424,0.1438
264,1615991113,New MONOPOLY®,420,0.1424
265,1028735742,NARUTO SHIPPUDEN™: Ultimate Ninja® STORM 4,419,0.1421
266,770775860,RESIDENT EVIL 3 for Windows,418,0.1418
267,470244957,LEGO Marvel Super Heroes,416,0.1411
268,1719923985,Undisputed,414,0.1404
269,1479895282,PAYDAY 2: CRIMEWAVE EDITION,410,0.1391
270,1873615541,Pool Blitz,407,0.138
271,756981192,Borderlands 3,394,0.1336
272,791545701,Goat Simulator,394,0.1336
273,1484511986,Battlefield 4,391,0.1326
274,1857530883,NASCAR 25,386,0.1309
275,2135594829,Jurassic World Evolution 2,385,0.1306
276,68553410,Kingdom Come: Deliverance,381,0.1292
277,564131151,Kerbal Space Program Enhanced Edition,379,0.1285
278,1902585111,DOOM: The Dark Ages,377,0.1279
279,2093000869,Slay The Spire,372,0.1262
280,1703229686,Split Fiction,372,0.1262
281,2077953041,Clone Drone in the Danger Zone,371,0.1258
282,1965191913,F1® 24,371,0.1258
283,1731202267,Need for Speed™ Unbound,370,0.1255
284,794552001,The Binding of Isaac: Rebirth,369,0.1251
285,1777860928,Microsoft Flight Simulator (2020),365,0.1238
286,1289871275,Forza Horizon 3,364,0.1234
287,608369389,FAR CRY PRIMAL,363,0.1231
288,1684508835,"Warhammer 40,000: Darktide",363,0.1231
289,341687485,3on3 FreeStyle,362,0.1228
290,247546985,Destiny,355,0.1204
291,666757656,Rayman Legends,355,0.1204
292,2098787950,Age of Empires IV: Anniversary Edition,354,0.1201
293,1631329360,Pixel Strike 3D,354,0.1201
294,568182861,ASTRONEER,353,0.1197
295,1745661457,Valheim (Game Preview),350,0.1187
296,1985019983,Crash Bandicoot™ 4: It’s About Time,348,0.118
297,1832051520,Crime Scene Cleaner,347,0.1177
298,1204533074,Borderlands 2,346,0.1173
299,1465674891,Assetto Corsa,343,0.1163
300,837917131,Deep Rock Galactic,341,0.1156
301,1161890004,Left 4 Dead 2,341,0.1156
302,1988609509,PGA TOUR 2K23,341,0.1156
303,2083870981,Who's Your Daddy?!,341,0.1156
304,1695638358,Vampire Survivors,335,0.1136
305,2113731956,Disney Speedstorm,333,0.1129
306,1911989187,Football Manager 26 Console,333,0.1129
307,872826607,Vigor,332,0.1126
308,1658941037,PRAGMATA Sketchbook - DEMO,330,0.1119
309,680942588,STAR WARS Jedi: Fallen Order™,330,0.1119
310,422207632,Castle Crashers Remastered,327,0.1109
311,1041486048,DARK SOULS™ III,327,0.1109
312,1367952835,Far Cry® 4,324,0.1099
313,939455454,resident evil 4 (2005),322,0.1092
314,56347639,Spyro™ Reignited Trilogy,322,0.1092
315,1947812162,WWE 2K25 for Xbox One,322,0.1092
316,511110146,Metro: Last Light Redux,321,0.1089
317,790047319,Sekiro™: Shadows Die Twice - GOTY Edition,318,0.1078
318,572802557,Call of Duty®: Ghosts,317,0.1075
319,749311689,Plants vs. Zombies: Battle for Neighborville™,316,0.1072
320,1687588412,Street Fighter™ 6,316,0.1072
321,1687693597,Assetto Corsa Competizione,313,0.1062
322,1808064759,FIFA 22 Xbox One,313,0.1062
323,2064168993,Age of Empires II: Definitive Edition,311,0.1055
324,1829869520,Gears of War: Reloaded,311,0.1055
325,2068332202,Abiotic Factor,310,0.1051
326,1865076226,MLB® The Show™ 24 Xbox One,310,0.1051
327,514291876,Assassin's Creed® The Ezio Collection,308,0.1045
328,1793309125,WWE 2K24,308,0.1045
329,1874191487,High On Life,306,0.1038
330,1970734247,NHL® 24 Xbox One,306,0.1038
331,1480657407,Plants vs. Zombies,302,0.1024
332,2010328709,Assassin's Creed® Mirage,300,0.1017
333,2031804130,Red Dead Redemption,298,0.1011
334,2106872096,Battlefield™ 2042 Xbox Series X|S,295,0.1
335,2067022016,Call of the Wild: The Angler™,295,0.1
336,1635275279,ICARUS: Console Edition,292,0.099
337,831224608,Need for Speed™ Payback,292,0.099
338,331135949,DOOM Eternal (BATTLEMODE),291,0.0987
339,226054795,MONSTER HUNTER: WORLD™,289,0.098
340,165599118,Prominence Poker,289,0.098
341,1855780914,DreamWorks Gabby’s Dollhouse: Ready to Party,288,0.0977
342,1814675537,Grand Theft Auto: San Andreas – The Definitive Edition,288,0.0977
343,1652862446,Super Mega Baseball™ 4,288,0.0977
344,625948041,Slime Rancher,286,0.097
345,125226722,DARK SOULS™: REMASTERED,284,0.0963
346,2011136108,Medieval Dynasty,284,0.0963
347,834001943,Dying Light 2: Stay Human - Reloaded Edition,281,0.0953
348,2117764661,Diablo III: Reaper of Souls – Ultimate Evil Edition,279,0.0946
349,1792227428,Indiana Jones and the Great Circle,279,0.0946
350,1740172423,Totally Reliable Delivery Service,279,0.0946
351,1947900602,Like a Dragon: Infinite Wealth,276,0.0936
352,1972063516,Sifu,276,0.0936
353,1616563209,FragPunk,275,0.0933
354,1711563707,House Flipper,275,0.0933
355,2083429980,Nickelodeon All-Star Brawl 2,275,0.0933
356,1879115757,Trackmania®,275,0.0933
357,1813184195,Easy Delivery Co.,273,0.0926
358,1112737749,Fallout 3,273,0.0926
359,1707431222,Jurassic World Evolution 3,272,0.0922
360,1922283524,Goat Simulator 3: Xbox One Edition,267,0.0906
361,1693391830,SpongeBob SquarePants™: The Patrick Star Game,267,0.0906
362,1756421327,Teenage Mutant Ninja Turtles: Shredder's Revenge,267,0.0906
363,830718665,DRAGON BALL Z: KAKAROT,263,0.0892
364,1818602982,RoadCraft,263,0.0892
365,1931936981,Goat Simulator: Remastered (Windows Edition),262,0.0889
366,2037306921,Poppy Playtime: Chapter 3,262,0.0889
367,2098044337,Poppy Playtime: Chapter 4,261,0.0885
368,2045404355,Dome Keeper,260,0.0882
369,801251286,Stick Fight: The Game,259,0.0878
370,514006173,Batman: Return to Arkham - Arkham City,258,0.0875
371,1768081511,Crusader Kings III,258,0.0875
372,1863849961,Palia,257,0.0872
373,1922695178,PlateUp!,257,0.0872
374,980944365,Need for Speed™,256,0.0868
375,859011533,Assassin's Creed® III Remastered,255,0.0865
376,1889714780,Lords of the Fallen,255,0.0865
377,1414793208,MCLA: Complete,255,0.0865
378,320504455,Middle-earth™: Shadow of War™,253,0.0858
379,2054685746,Mass Effect™ Legendary Edition,252,0.0855
380,1768466312,Poppy Playtime: Chapter 2,251,0.0851
381,945976112,Rush: A DisneyPixar Adventure,251,0.0851
382,1833503116,MARVEL Cosmic Invasion,250,0.0848
383,1560034050,Assassin's Creed Syndicate,249,0.0844
384,1898652037,SOUTH PARK: SNOW DAY!,248,0.0841
385,1877908426,Tony Hawk's™ Pro Skater™ 3 + 4,248,0.0841
386,244291844,Far Cry 3 Classic Edition,246,0.0834
387,1989106096,Sid Meier’s Civilization® VI (Windows PC),246,0.0834
388,1134837784,SMITE,246,0.0834
389,2110891029,KILL IT WITH FIRE! 2,243,0.0824
390,1931679945,2XKO,242,0.0821
391,2154930,Call of Duty®: Modern Warfare® Remastered,242,0.0821
392,1297287213,Gears of War 2,242,0.0821
393,74304278,Tom Clancy’s The Division,242,0.0821
394,813411968,LEGO® Marvel Super Heroes 2,239,0.0811
395,1935490407,Little Nightmares Enhanced Edition,238,0.0807
396,585771792,WATCH_DOGS™,237,0.0804
397,875417719,Call of Duty®: Advanced Warfare,234,0.0794
398,1192666733,Mafia III,234,0.0794
399,1030018025,Halo Wars: Definitive Edition (PC),231,0.0783
400,1795554480,Barbie™ Horse Trails,228,0.0773
401,860666361,Plants vs. Zombies Garden Warfare,228,0.0773
402,2021412862,Raft,228,0.0773
403,1046363979,Rise of the Tomb Raider,228,0.0773
404,300763685,ACE COMBAT™ 7: SKIES UNKNOWN,226,0.0766
405,1874517142,Retro Classics,226,0.0766
406,1999574456,Forza Motorsport 7,223,0.0756
407,1000604311,Resident Evil Revelations 2 (Episode One),222,0.0753
408,1966276493,Satisfactory,221,0.075
409,1938336894,Sledders,220,0.0746
410,84790147,Watch Dogs®: Legion,220,0.0746
411,1879711255,The Outer Worlds 2,219,0.0743
412,415563833,DiRT Rally 2.0,218,0.0739
413,1760791354,Invincible VS Open Beta,218,0.0739
414,2093153073,Party Animals,218,0.0739
415,1933718863,SUPERHOT: MIND CONTROL DELETE,218,0.0739
416,913783821,Shadow of the Tomb Raider,216,0.0733
417,921016611,Crossout,214,0.0726
418,58472989,Killer Instinct,214,0.0726
419,1997252569,Need for Speed™ Hot Pursuit Remastered,212,0.0719
420,384396065,Unravel Two,212,0.0719
421,1877522801,Age of Mythology: Retold,211,0.0716
422,810101074,Dead Cells,211,0.0716
423,1653442250,ROUNDS,211,0.0716
424,984363462,Graveyard Keeper,207,0.0702
425,1414793259,Red Dead Redemption,204,0.0692
426,2111887267,Sonic Racing: CrossWorlds,204,0.0692
427,1848927238,BALL x PIT,203,0.0688
428,1766089184,GoldenEye 007,203,0.0688
429,2008403666,Dead Space,202,0.0685
430,826545257,Tomb Raider: Definitive Edition,200,0.0678
431,748474487,Cities: Skylines - Windows 10 Edition,198,0.0672
432,2120287235,Truck World: Australia - First Haul,197,0.0668
433,2143306487,NBA 2K23 for Xbox One,196,0.0665
434,2046562785,Avowed,195,0.0661
435,1792306481,Starsand Island,194,0.0658
436,655591242,Far Cry® New Dawn,193,0.0655
437,1676173709,Wizard101,193,0.0655
438,1997201494,Aliens: Fireteam Elite,192,0.0651
439,1935095398,星之翼(Starward),192,0.0651
440,1065708874,Skull and Bones,191,0.0648
441,367254866,Sleeping Dogs™ Definitive Edition,189,0.0641
442,1681220621,STAR WARS™ Battlefront™,189,0.0641
443,1617248429,REANIMAL,188,0.0638
444,265691378,STEEP,188,0.0638
445,1952300170,Battlefield™ 2042 Xbox One,185,0.0627
446,2123297300,JoJo's Bizarre Adventure: All-Star Battle R,184,0.0624
447,2041142160,Maximum Football,184,0.0624
448,1884079219,Slime Rancher 2,183,0.0621
449,1880727250,Unpacking,183,0.0621
450,1414596604,Saints Row 2,180,0.061
451,640703885,LEGO® Marvel's Avengers,179,0.0607
452,739464821,South Park™: The Fractured but Whole™,179,0.0607
453,20391045,Batman: Return to Arkham - Arkham Asylum,178,0.0604
454,1679434571,John Carpenter's Toxic Commando,174,0.059
455,1777477395,MLB® The Show™ 21 Xbox Series X | S,174,0.059
456,2005028938,S.T.A.L.K.E.R. 2: Heart of Chornobyl - Windows Edition,174,0.059
457,2079828144,Holdfast: Nations At War,173,0.0587
458,1843596190,SPLITGATE: Arena Reloaded,173,0.0587
459,2085228810,EA SPORTS™ WRC,172,0.0583
460,1855426799,FINAL FANTASY XIV Online,172,0.0583
461,1799887933,The Witcher 3: Wild Hunt,172,0.0583
462,143716413,Dragon Age™: The Veilguard,171,0.058
463,1414793242,Bully Scholarship Ed.,170,0.0577
464,1929807318,Call of Duty®: Vanguard - Xbox Series X|S,169,0.0573
465,1175562227,Just Cause 3,168,0.057
466,1986472488,PAW Patrol™ Rescue Wheels™: Championship,168,0.057
467,1029888556,LEGO® Jurassic World™,167,0.0566
468,1907796436,DREDGE,166,0.0563
469,1768256893,FINAL FANTASY VII REMAKE INTERGRADE,166,0.0563
470,1918441274,MONOPOLY PLUS,166,0.0563
471,1037514907,Burnout™ Paradise Remastered,165,0.056
472,956568979,Need for Speed Rivals,165,0.056
473,1955966351,Black Myth: Wukong,163,0.0553
474,2041731932,Cult of the Lamb,163,0.0553
475,2142027917,Fallout Shelter,163,0.0553
476,627891457,Little Nightmares II Enhanced Edition,163,0.0553
477,309834943,Wheel Of Fortune®,163,0.0553
478,605932637,Hello Neighbor,162,0.0549
479,1720075101,Mafia: Definitive Edition for XBOX One,162,0.0549
480,862712929,Star Trek Online,162,0.0549
481,1013969466,NARUTO TO BORUTO: SHINOBI STRIKER,161,0.0546
482,196631666,EA SPORTS™ FIFA 20,160,0.0543
483,975846135,LEGO® DC Super-Villains,160,0.0543
484,2057463803,The Texas Chain Saw Massacre,160,0.0543
485,1837410971,NARAKA: BLADEPOINT,159,0.0539
486,1691849278,FINAL FANTASY IV,158,0.0536
487,1698419011,Stellaris: Console Edition (X|S),158,0.0536
488,1414793189,Civilization Revolution,157,0.0532
489,446059611,Forza Horizon 2,156,0.0529
490,954605110,Assassin’s Creed® Rogue Remastered,155,0.0526
491,1708767297,Ryse: Son of Rome,155,0.0526
492,927474846,Firewatch,153,0.0519
493,847310458,South Park™: The Stick of Truth ™,153,0.0519
494,433376346,FIFA 18,152,0.0516
495,1714434521,Firefighting Simulator - The Squad,151,0.0512
496,1880089265,Guilty Gear -Strive-,150,0.0509
497,1714795112,DOOM + DOOM II,149,0.0505
498,2071676002,EA SPORTS™ FIFA 23 Standard Edition Xbox Series X|S,149,0.0505
499,1694054782,Forza Motorsport 6,149,0.0505
500,2081484036,Superliminal,148,0.0502
501,199746733,Conan Exiles,147,0.0499
502,2111261461,NBA 2K24 for Xbox One,147,0.0499
503,1949242128,SILENT HILL 2,147,0.0499
504,1327376519,DOOM,146,0.0495
505,19060482,Trials® Rising,146,0.0495
506,2038330799,Aimlabs,145,0.0492
507,1033937373,Don't Starve Together: Console Edition,145,0.0492
508,1464993751,LEGO Batman,145,0.0492
509,2029730324,Mad Max,145,0.0492
510,196423588,Outlast,145,0.0492
511,1748951836,Disco Elysium - The Final Cut,144,0.0488
512,407534069,Neverwinter,144,0.0488
513,1941033112,Anno 117: Pax Romana,143,0.0485
514,2004071321,Black Desert - XBOX Series X|S Upgrade Install Pack,143,0.0485
515,1989637637,Cooking Simulator,143,0.0485
516,2076120890,Deep Rock Galactic: Survivor,143,0.0485
517,1994868821,Predecessor,142,0.0482
518,1953745880,Roboquest,142,0.0482
519,935319545,FIFA 19,141,0.0478
520,1749127985,Madden NFL 24 Xbox One,140,0.0475
521,1961670808,UFL,140,0.0475
522,645502086,The Four Kings Casino and Slots,139,0.0471
523,1682965706,Another Crab's Treasure,137,0.0465
524,398011207,LIMBO,136,0.0461
525,1096157158,Modern Warfare®,136,0.0461
526,1651188120,Path of Exile 2 (Game Preview),136,0.0461
527,256913032,TEKKEN 7,136,0.0461
528,1840066568,Pigeon Simulator,135,0.0458
529,34441781,Saints Row The Third Remastered,135,0.0458
530,1112934455,Star Wars Battlefront II,135,0.0458
531,850118036,Generation Zero®,134,0.0454
532,2029805012,MultiVersus,134,0.0454
533,2008623143,NINJA GAIDEN 4,134,0.0454
534,1645572933,Starlit Kart Racing,134,0.0454
535,885488152,INSIDE,132,0.0448
536,531437752,Rogue Company,132,0.0448
537,2042794389,Demon Slayer -Kimetsu no Yaiba- The Hinokami Chronicles 2,131,0.0444
538,346797032,MX vs ATV All Out,131,0.0444
539,2115352193,Pacific Drive,131,0.0444
540,367004125,BioShock Remastered,130,0.0441
541,1480657521,Doritos Crash Course,130,0.0441
542,1725517447,House Flipper 2,130,0.0441
543,1480659550,Joy Ride Turbo,130,0.0441
544,1916758859,Donut County,129,0.0438
545,1812294496,Mecha BREAK,129,0.0438
546,2097321401,Blue Prince,128,0.0434
547,1670026911,BMX Streets,128,0.0434
548,366337421,Borderlands: Game of the Year Edition,128,0.0434
549,59903186,Call of Duty®: Modern Warfare® 2 Campaign Remastered,128,0.0434
550,1297287382,Fable III,128,0.0434
551,101393300,LEGO® Batman™ 3: Beyond Gotham,128,0.0434
552,1619790969,Minishoot' Adventures,128,0.0434
553,245236582,Celeste,127,0.0431
554,1679589975,Mortal Shell: Enhanced Edition,126,0.0427
555,767263759,Rock Band 4,126,0.0427
556,1793764669,Zombie Army 4: Dead War,126,0.0427
557,1880835530,Atomfall,125,0.0424
558,416597888,Hungry Shark® World,125,0.0424
559,2128546794,NARUTO X BORUTO Ultimate Ninja STORM CONNECTIONS,125,0.0424
560,1940322572,Five Nights at Freddy's,124,0.0421
561,2113515818,MLB® The Show™ 23 Xbox Series X|S,124,0.0421
562,1007715169,Warhammer: Vermintide 2,124,0.0421
563,1712074146,WUCHANG: Fallen Feathers,124,0.0421
564,1540549950,DARK SOULS™ II: Scholar of the First Sin,123,0.0417
565,1931947471,Persona 5 Royal,123,0.0417
566,1278031123,Resident Evil,123,0.0417
567,2040766801,Test Drive Unlimited Solar Crown,122,0.0414
568,1795379754,The Walking Dead: The Complete First Season,122,0.0414
569,1265757851,Trials Fusion,122,0.0414
570,1700051314,Deceit 2,121,0.041
571,210179407,Back 4 Blood,120,0.0407
572,5433956,Dead Island Definitive Edition,120,0.0407
573,217258585,Killing Floor 2,120,0.0407
574,1279330263,LEGO Star Wars: TCS,120,0.0407
575,69094388,EA SPORTS™ FIFA 17,119,0.0404
576,1673618851,Egging On,117,0.0397
577,1880561613,Madden NFL 24 Xbox Series X|S,117,0.0397
578,1964043658,Mafia II: Definitive Edition,117,0.0397
579,1884682689,Five Nights at Freddy's: Security Breach,116,0.0393
580,148020354,METAL GEAR SOLID V: THE PHANTOM PAIN,116,0.0393
581,1713510228,RIDE 5,116,0.0393
582,119262432,The Jackbox Party Pack 3,116,0.0393
583,995095203,Warface: Clutch,116,0.0393
584,1464993815,LEGO® Batman™ 2,115,0.039
585,2106204901,ONE PIECE: PIRATE WARRIORS 4(Xbox One),115,0.039
586,1480657456,BattleBlock Theater,114,0.0387
587,1297287125,Gears of War,114,0.0387
588,597771444,Gems of War,114,0.0387
589,1848088335,Subnautica: Below Zero,114,0.0387
590,2032762484,Descenders Next (Game Preview),113,0.0383
591,976905576,Dragon Age™: Inquisition,113,0.0383
592,1611051325,Grand Theft Auto: Vice City – The Definitive Edition,113,0.0383
593,1962388658,Like a Dragon: Pirate Yakuza in Hawaii,113,0.0383
594,1699829016,Monster Hunter Stories 3: Twisted Reflection,113,0.0383
595,1997535850,SpiderHeck,113,0.0383
596,1660320477,Undertale,113,0.0383
597,1704490079,South of Midnight,112,0.038
598,1911932812,DIRT 5,111,0.0376
599,1674901200,Inscryption,111,0.0376
600,1947019474,ScootX,111,0.0376
601,895890707,ULTIMATE MARVEL VS. CAPCOM 3,111,0.0376
602,1475571605,Gears of War: Ultimate Edition,110,0.0373
603,1741206400,Little Nightmares III,110,0.0373
604,724369121,Saints Row,110,0.0373
605,1981403899,Wolfenstein: The New Order,110,0.0373
606,2131572088,Evil West,109,0.037
607,1414793400,Grand Theft Auto: San Andreas,109,0.037
608,2103789015,Monster Hunter Rise,109,0.037
609,583749034,SOULCALIBUR VI,109,0.037
610,1669281297,War Robots: Frontiers,109,0.037
611,482947130,Clicker Heroes,108,0.0366
612,1864659895,Sniper Ghost Warrior Contracts 2,108,0.0366
613,1911508378,RoboCop: Rogue City,106,0.0359
614,1797047526,Voidtrain,106,0.0359
615,1754564226,Atlas Fallen: Reign of Sand (Windows),105,0.0356
616,1619985048,Deadside,105,0.0356
617,286851285,LEGO Marvel Super Heroes Demo,105,0.0356
618,2067705319,NBA 2K24 for Xbox Series X|S,105,0.0356
619,144439061,The Evil Within,105,0.0356
620,1693830737,Alan Wake 2,104,0.0353
621,1112934373,Toy Story 3,104,0.0353
622,2109806164,World of Outlaws: Dirt Racing 24,104,0.0353
623,2032937393,Cup Heroes,103,0.0349
624,136002788,Farming Simulator 19,103,0.0349
625,2029650168,Overthrown,103,0.0349
626,2051131113,TopSpin 2K25,103,0.0349
627,2142076307,Anno 1800™,102,0.0346
628,1985144601,Stranded Deep,102,0.0346
629,2132785815,Wolfenstein® II: The New Colossus™,101,0.0343
630,924775200,Devil May Cry 5,100,0.0339
631,1761289795,FIFA 21 Xbox One,100,0.0339
632,868192693,Gotham Knights,100,0.0339
633,682404126,Paladins,100,0.0339
634,1694250070,Super Animal Royale,100,0.0339
635,2120976389,Banishers: Ghosts of New Eden,99,0.0336
636,1949704395,Green Hell Xbox Series X|S,99,0.0336
637,988203152,Stellaris: Console Edition,99,0.0336
638,2030752353,The Binding of Isaac: Repentance,99,0.0336
639,1161889999,Dante's Inferno™,98,0.0332
640,1297287153,Fable II,98,0.0332
641,2047911802,For The King II,98,0.0332
642,1919875042,MLB® The Show™ 22 Xbox Series X | S,98,0.0332
643,1809107273,NHL® 24 Xbox Series X|S,98,0.0332
644,1931911684,Shredders,98,0.0332
645,290870045,SpeedRunners,98,0.0332
646,33936946,Zoo Tycoon: Ultimate Animal Collection,98,0.0332
647,2056583125,BlazBlue Entropy Effect X,97,0.0329
648,1777116945,Moving Out 2,97,0.0329
649,1655054632,My Friendly Neighborhood,97,0.0329
650,12206284,eFootball PES 2020,96,0.0326
651,1297287625,Forza Horizon,96,0.0326
652,1639060910,Minecraft Legends - Windows,96,0.0326
653,1684896411,Off The Grid (Game Preview),96,0.0326
654,1848367053,Star Trucker,96,0.0326
655,1161890070,Alice: Madness Returns,95,0.0322
656,301917535,Battlefield™ Hardline,95,0.0322
657,1867148258,eFootball PES 2021 SEASON UPDATE,95,0.0322
658,1698508835,PGA TOUR 2K25 First Look,95,0.0322
659,964214247,Saints Row IV: Re-Elected,95,0.0322
660,1621683201,Dragon's Dogma 2,94,0.0319
661,1935604508,Train Sim World® 5: Free Starter Pack,94,0.0319
662,2012953823,WWE 2K22 for Xbox One,94,0.0319
663,1781344339,Control Ultimate Edition - Xbox Series X|S,93,0.0315
664,1715352825,Five Nights at Freddy's 2,93,0.0315
665,1785898011,Sid Meier’s Civilization® VII,93,0.0315
666,1903138273,Sonic Frontiers,93,0.0315
667,527255540,Dishonored 2,92,0.0312
668,819720203,JUMP FORCE,92,0.0312
669,1012216522,Just Cause 4,92,0.0312
670,2043859430,Revenge of the Savage Planet,92,0.0312
671,2132291580,NBA 2K22 for Xbox One,91,0.0309
672,1616307670,PAYDAY 3,91,0.0309
673,401515813,Enter The Gungeon,90,0.0305
674,1297287815,Fable Anniversary,90,0.0305
675,1297287259,Halo: Reach,90,0.0305
676,1628688048,Atomic Heart,89,0.0302
677,1675325475,Drop Duchy - Complete Edition,89,0.0302
678,1757959613,Jujutsu Kaisen Cursed Clash DEMO,89,0.0302
679,1590411380,Mass Effect™: Andromeda,89,0.0302
680,1480657033,Peggle,89,0.0302
681,821136798,DC Universe Online for Xbox One,88,0.0298
682,2103079736,Hamster Playground,88,0.0298
683,504518218,L.A. Noire,88,0.0298
684,2068802336,Drift Legends 2,87,0.0295
685,1962559957,KINGDOM HEARTS - HD 1.5+2.5 ReMIX -,87,0.0295
686,423941531,LEGO® Harry Potter™ Collection,87,0.0295
687,1480657103,Metal Slug 3,87,0.0295
688,1864882669,Persona 4 Golden,87,0.0295
689,591371027,Trove,87,0.0295
690,1846016063,"Warhammer 40,000: Rogue Trader",87,0.0295
691,278981929,[PROTOTYPE®],86,0.0292
692,1663711933,FINAL FANTASY XVI,86,0.0292
693,1955542194,Grand Theft Auto III – The Definitive Edition,86,0.0292
694,1161890066,Portal 2,86,0.0292
695,2042908226,Rugby League 26,86,0.0292
696,422246343,Tom Clancy’s Rainbow Six® Extraction,86,0.0292
697,1480657236,Banjo-Kazooie,85,0.0288
698,791051466,Disneyland Adventures,85,0.0288
699,1297287718,Gears of War: Judgment,85,0.0288
700,2024220276,Phantasy Star Online 2 New Genesis,85,0.0288
701,1984504844,Bleach: Brave Souls Anime Game,84,0.0285
702,1928512137,FBC: Firebreak,84,0.0285
703,1659804324,Ori and the Will of the Wisps,84,0.0285
704,1861545287,Tainted Grail: The Fall of Avalon,84,0.0285
705,386788672,Cars 3: Driven to Win,83,0.0281
706,1632796682,DC Universe Online for Xbox Series X|S,83,0.0281
707,1943631392,Digimon Story Time Stranger,83,0.0281
708,1161889984,Dragon Age: Origins,83,0.0281
709,867642949,LEGO® Worlds,83,0.0281
710,1613480279,NBA 2K20,83,0.0281
711,1246613109,Borderlands: The Pre-Sequel,82,0.0278
712,722006140,EA SPORTS™ UFC® 3,82,0.0278
713,1727396789,FINAL FANTASY,82,0.0278
714,1815914144,Grand Theft Auto V Enhanced (PC),82,0.0278
715,1414793323,Max Payne 3,82,0.0278
716,852732437,State of Decay: Year-One,82,0.0278
717,1923160643,Dead Rising 3,81,0.0275
718,964019698,Immortals Fenyx Rising™,81,0.0275
719,848717329,Peggle 2,81,0.0275
720,1684061010,SWORN,81,0.0275
721,1912255927,Ultimate Sheep Raccoon,81,0.0275
722,1803631176,MechWarrior 5: Mercenaries,80,0.0271
723,1690934635,Planet of Lana II,80,0.0271
724,1302301894,Powerstar Golf,80,0.0271
725,699731308,BioShock Infinite: The Complete Edition,79,0.0268
726,2107898177,NBA 2K21,79,0.0268
727,903593533,Path of Exile,79,0.0268
728,1957137539,Rabbids®: Party of Legends,79,0.0268
729,1771004118,Sniper Elite 5,79,0.0268
730,1480657485,Space Invaders: IG,79,0.0268
731,1682965190,Stray,79,0.0268
732,551688870,XCOM® 2,79,0.0268
733,1693050229,Madden NFL 22 Xbox One,78,0.0265
734,1908796053,NASCAR Heat 5,78,0.0265
735,859843286,Hellblade: Senua's Sacrifice,77,0.0261
736,1161889840,Left 4 Dead,77,0.0261
737,2071061510,Lies of P,77,0.0261
738,1397032978,SONIC UNLEASHED,77,0.0261
739,1777668222,GRID Legends,76,0.0258
740,668438210,LEGO® CITY Undercover,76,0.0258
741,1633340711,Spray Paint Simulator,76,0.0258
742,2128853757,Cricket 24,75,0.0254
743,2097945335,F1® 23,75,0.0254
744,1464993833,Injustice: Gods Among Us,75,0.0254
745,1702869784,Project Motor Racing,75,0.0254
746,1750701033,Tiny Tina's Wonderlands for Xbox Series X|S,75,0.0254
747,60633334,7 Days to Die,74,0.0251
748,1161890128,Battlefield 3™,74,0.0251
749,212680242,DEAD OR ALIVE 6: Core Fighters,74,0.0251
750,1712655251,Garten of Banban 1,74,0.0251
751,504827243,Life Is Strange,74,0.0251
752,2053707080,NINJA GAIDEN 2 Black,74,0.0251
753,1621567212,ROUTINE,74,0.0251
754,1767703473,Tony Hawk's™ Pro Skater™ 1 + 2,74,0.0251
755,1518572426,Trackmania® Turbo,74,0.0251
756,1976275779,ARMORED CORE™ VI FIRES OF RUBICON™,73,0.0248
757,1100121502,Dishonored® Definitive Edition,73,0.0248
758,1297287254,Fuzion Frenzy®,73,0.0248
759,2082961842,Jujutsu Kaisen Cursed Clash,73,0.0248
760,25952469,Kingdom Two Crowns,73,0.0248
761,1667881927,Redfall,73,0.0248
762,1579532320,Sunset Overdrive,73,0.0248
763,1801842805,Throne and Liberty,73,0.0248
764,1480659414,Bejeweled 3,72,0.0244
765,1984358909,Expansion for Explorers Pack 1,72,0.0244
766,357858858,KINGDOM HEARTS Ⅲ,72,0.0244
767,1814244511,Nine Sols,72,0.0244
768,2119541613,Paint the Town Red,72,0.0244
769,1946484624,Session: Skate Sim,72,0.0244
770,155936527,Street Fighter 30th Anniversary Collection,72,0.0244
771,1910114469,Deadzone: Rogue,71,0.0241
772,5117102,HITMAN™ 2,71,0.0241
773,1859409710,INDIKA,71,0.0241
774,1112934402,LEGO Pirates of the Caribbean: The Video Game,71,0.0241
775,693381002,LEGO® The Incredibles,71,0.0241
776,1853524575,Mafia: The Old Country,71,0.0241
777,102287491,Marvel's Avengers Definitive Edition,71,0.0241
778,856376259,NBA 2K19,71,0.0241
779,333628240,Quantum Break,71,0.0241
780,884612576,Sonic Mania,71,0.0241
781,1128466428,SUPER STREETFIGHTER IV ARCADE EDITION,71,0.0241
782,2040514027,Terminull Brigade™,71,0.0241
783,2089483628,A Plague Tale: Requiem,70,0.0237
784,8769689,Ancestors: The Humankind Odyssey,70,0.0237
785,1161889784,Army of Two™,70,0.0237
786,1297287142,Halo 3,70,0.0237
787,1022544763,HITMAN™,70,0.0237
788,2081060870,Maneater,70,0.0237
789,1846145161,Metaphor: ReFantazio,70,0.0237
790,1900564739,New Super Lucky's Tale,70,0.0237
791,87350449,NieR:Automata™ BECOME AS GODS Edition,70,0.0237
792,1670311038,Persona 3 Reload,70,0.0237
793,2065981028,Rooftops & Alleys: The Parkour Game,70,0.0237
794,2072176568,Pinball FX,69,0.0234
795,472512000,Resident Evil Revelations,69,0.0234
796,100764563,Sniper Elite 4,69,0.0234
797,1480659458,Sonic Adventure™ 2 ,69,0.0234
798,1735182051,SONIC X SHADOW GENERATIONS,69,0.0234
799,1279330258,Star Wars: The Force Unleashed,69,0.0234
800,1313671257,TEKKEN TAG TOURNAMENT 2,69,0.0234
801,2021058326,Way of the Hunter,69,0.0234
802,1431504852,Assassin's Creed,68,0.0231
803,528369592,Devil May Cry HD Collection,68,0.0231
804,1691448998,Farm Together 2,68,0.0231
805,1664487314,Football Manager 26,68,0.0231
806,1279330291,LEGO Star Wars III ,68,0.0231
807,2019267377,Madden NFL 23 Xbox One,68,0.0231
808,515050978,Rare Replay,68,0.0231
809,1798733099,Teenage Mutant Ninja Turtles: Splintered Fate,68,0.0231
810,1792749432,Alan Wake Remastered,67,0.0227
811,1822990481,BLEACH Rebirth of Souls,67,0.0227
812,2067126551,Forza Motorsport 5,67,0.0227
813,1835926818,Hellblade II: Senua's Saga,67,0.0227
814,2098944426,MXGP 2021 - The Official Motocross Videogame,67,0.0227
815,1986349001,NHL® 23 Xbox One,67,0.0227
816,231674300,The Walking Dead: Season Two,67,0.0227
817,1480656879,Zuma,67,0.0227
818,996030243,BioShock 2 Remastered,66,0.0224
819,1096157137,Call of Duty® 2,66,0.0224
820,1713885313,DPS IDLE 2,66,0.0224
821,705006443,Jurassic World Evolution,66,0.0224
822,148078765,Madden NFL 20,66,0.0224
823,2110974782,MARVEL vs. CAPCOM Fighting Collection: Arcade Classics,66,0.0224
824,1754663581,MULLET MADJACK,66,0.0224
825,1112737745,Oblivion,66,0.0224
826,1789091683,Rain World,66,0.0224
827,759485819,The Escapists 2,66,0.0224
828,409741425,Worms W.M.D,66,0.0224
829,1812456871,Battletoads,65,0.022
830,1970218801,Dead by Daylight Windows,65,0.022
831,1997835037,I Am Your Beast,65,0.022
832,1750584112,Lacrosse 26,65,0.022
833,1688832803,Monster Energy Supercross - The Official Videogame 6,65,0.022
834,587488276,Outlast 2,65,0.022
835,1414596561,Saints Row,65,0.022
836,1397033032,Sonic Generations,65,0.022
837,871098991,STAR WARS™: Squadrons,65,0.022
838,1756919443,WWE 2K23 for Xbox One,65,0.022
839,1708780346,Are You Smarter Than A 5th Grader?,64,0.0217
840,1790217657,Five Nights at Freddy's 4,64,0.0217
841,2063484815,Train Sim World® 6: Free Starter Pack,64,0.0217
842,1161889896,BLACK™,63,0.0214
843,1865197952,Boomerang Fu,63,0.0214
844,2052426459,EA SPORTS™ FIFA 16,63,0.0214
845,2035456122,Grand Theft Auto VI,63,0.0214
846,1009393042,Middle-earth™: Shadow of Mordor™ - Game of the Year Edition,63,0.0214
847,1882004205,Neon Abyss,63,0.0214
848,1995576035,Remnant II® - Standard Edition,63,0.0214
849,1705990324,Space Engineers,63,0.0214
850,108727346,Suicide Squad: Kill the Justice League,63,0.0214
851,1431504903,TC's RainbowSix Vegas2,63,0.0214
852,2013541297,"Warhammer 40,000: Space Marine - Master Crafted Edition",63,0.0214
853,696196977,DRAGON BALL XENOVERSE,62,0.021
854,2109344129,FINAL FANTASY XV WINDOWS EDITION,62,0.021
855,2084133512,Forza Horizon 4 Demo,62,0.021
856,1898092029,Inops,62,0.021
857,1876744786,Killing Floor 3,62,0.021
858,1830825388,SILENT HILL f,62,0.021
859,1480657498,Super Meat Boy,62,0.021
860,1678459920,Towerborne,62,0.021
861,1159891781,Wolfenstein: The Old Blood,62,0.021
862,274976276,ARCADE GAME SERIES: PAC-MAN,61,0.0207
863,1728022534,Plants vs. Zombies™: Replanted,61,0.0207
864,907086072,Prey,61,0.0207
865,1397033053,Sonic & All-Stars Racing Transformed,61,0.0207
866,1649441503,The Game of Life 2,61,0.0207
867,654883159,The LEGO® NINJAGO® Movie Video Game,61,0.0207
868,1827287476,World of Outlaws: Dirt Racing,61,0.0207
869,2141212892,33 Immortals,60,0.0203
870,1763444345,Aerial_Knight's DropShot,60,0.0203
871,1431505090,Assassin’s Creed® IV,60,0.0203
872,1847979820,FIFA 22 Xbox Series X|S,60,0.0203
873,1799461557,NBA 2K23 for Xbox Series X|S,60,0.0203
874,2021825958,RIDE 6,60,0.0203
875,548623535,SpongeBob SquarePants: Battle for Bikini Bottom - Rehydrated,60,0.0203
876,1706610063,The Alters,60,0.0203
877,1890789689,The Casting of Frank Stone™,60,0.0203
878,1480659422,The Walking Dead,60,0.0203
879,1707142453,WWE 2K23 for Xbox Series X|S,60,0.0203
880,1811494560,Demon Slayer -Kimetsu no Yaiba- The Hinokami Chronicles,59,0.02
881,894121859,LEGO® MARVEL's Avengers DEMO,59,0.02
882,1263405066,METAL GEAR RISING: REVENGEANCE,59,0.02
883,1751185882,METAL GEAR SOLID Δ: SNAKE EATER,59,0.02
884,200732952,Project CARS 2,59,0.02
885,1740860919,Sniper Ghost Warrior Contracts,59,0.02
886,1668285033,The Exit 8,59,0.02
887,1762703770,The Lord of the Rings: Return to Moria™,59,0.02
888,1634720918,Ultimate Custom Night,59,0.02
889,2136041956,DOOM 64,58,0.0197
890,374274123,EA SPORTS™ NHL® 19,58,0.0197
891,386601590,Project CARS 2 Demo,58,0.0197
892,1161889811,skate.,58,0.0197
893,1890581353,Blasphemous,57,0.0193
894,1161889756,Burnout Revenge,57,0.0193
895,1768031432,Car Dealer Simulator,57,0.0193
896,1702196563,Frostpunk 2,57,0.0193
897,1871994086,Planet Zoo: Console Edition,57,0.0193
898,1128466401,STREET FIGHTER IV,57,0.0193
899,1161889782, Medal of Honor Airborne,56,0.019
900,1775878547,DPS IDLE 2 (Xbox One),56,0.019
901,1654542558,Hotline Miami,56,0.019
902,2136035101,Monopoly Madness,56,0.019
903,1935747145,Prototype®2,56,0.019
904,1414596717,Saints Row®: The Third™ ,56,0.019
905,2000011414,Starlit Adventures,56,0.019
906,2104181770,The First Berserker: Khazan,56,0.019
907,1479999542,Unravel,56,0.019
908,1983212679,Bloons TD 6,55,0.0187
909,1297287356,Crackdown 2,55,0.0187
910,686783342,Divinity: Original Sin 2 - Definitive Edition,55,0.0187
911,1817185896,Easy Red 2,55,0.0187
912,2120617189,Invincible VS,55,0.0187
913,1944276274,Little Rocket Lab,55,0.0187
914,2036178233,Monster Energy Supercross 25 - The Official Video Game,55,0.0187
915,2000897177,Mortal Kombat: Legacy Kollection,55,0.0187
916,1431505078,Tom Clancy’s Splinter Cell® Blacklist™,55,0.0187
917,1636606847,Call of Duty®: Modern Warfare® - Digital Standard Edition (Windows),54,0.0183
918,1267471686,DEAD OR ALIVE 5 Last Round: Core Fighters,54,0.0183
919,1824138520,Mirror's Edge™ Catalyst,54,0.0183
920,105831487,NARUTO SHIPPUDEN™: Ultimate Ninja® STORM 3 Full Burst,54,0.0183
921,2019117069,NBA 2K26 Standard Edition (Windows PC),54,0.0183
922,1987587652,Overcooked! All You Can Eat,54,0.0183
923,1785174857,Spelunky 2,54,0.0183
924,618537566,The Outer Worlds,54,0.0183
925,1761802913,Total Chaos,54,0.0183
926,1920996408,Age of Wonders 4,53,0.018
927,337857707,Bendy and the Ink Machine,53,0.018
928,1777438490,Devil May Cry 5 Special Edition,53,0.018
929,1753941224,Life is Strange: Reunion,53,0.018
930,1923279922,Marvel's Guardians of the Galaxy,53,0.018
931,369157937,MARVEL VS. CAPCOM: INFINITE,53,0.018
932,2092112354,Monster Jam™ Showdown,53,0.018
933,1739902381,PBA Pro Bowling 2026,53,0.018
934,1833883015,Rust Console Edition X|S - Public Test Branch,53,0.018
935,2075142437,Sonic Racing: CrossWorlds Demo,53,0.018
936,2017944493,Super Mega Baseball 3,53,0.018
937,282062756,The Walking Dead: A New Frontier - Episode 1,53,0.018
938,1668430766,Cities: Skylines II - PC Edition,52,0.0176
939,2071782725,FINAL FANTASY III,52,0.0176
940,93105265,Friday the 13th: The Game,52,0.0176
941,1946419297,Jump Space (Game Preview),52,0.0176
942,1650588295,OddBallers™,52,0.0176
943,1848191014,TUNIC,52,0.0176
944,2024046503,60 Seconds! Reatomized,51,0.0173
945,1792638437,Lost Records: Bloom & Rage,51,0.0173
946,2119739112,Monster Train 2,51,0.0173
947,1112737785,Morrowind,51,0.0173
948,1464993789,Mortal Kombat,51,0.0173
949,1685135803,NHL® 22 Xbox One,51,0.0173
950,170773198,The Evil Within® 2,51,0.0173
951,2030027058,Wartales,51,0.0173
952,2042287543,Aliens: Dark Descent,50,0.017
953,1161890205,Dead Space™ 3,50,0.017
954,1705097731,Halls of Torment,50,0.017
955,1343080382,LEGO® Batman™ 3: Beyond Gotham Demo,50,0.017
956,1970109802,Madden NFL 21 Xbox One,50,0.017
957,340920273,Overcooked,50,0.017
958,2035760753,PAW Patrol World,50,0.017
959,1696173302,RIDE 4,50,0.017
960,1941663847,Starship Troopers: Extermination,50,0.017
961,1755825192,The LEGO Movie Videogame,50,0.017
962,1619933938,The Survivalists,50,0.017
963,31939361,The Walking Dead: The Final Season,50,0.017
964,972461615,Battle Islands,49,0.0166
965,1957968654,Destroy All Humans! - Clone Carnage,49,0.0166
966,1885859783,FATAL FURY: City of the Wolves,49,0.0166
967,1692871917,Frozen Free Fall: Snowball Fight,49,0.0166
968,1279330271,LEGO Indiana Jones,49,0.0166
969,2031266067,Sker Ritual,49,0.0166
970,1928322650,Snooker Blitz,49,0.0166
971,1480657445,Sonic Adventure,49,0.0166
972,1161890157,SSX,49,0.0166
973,1025057816,Battle Ages,48,0.0163
974,1414793340,Borderlands 2,48,0.0163
975,1794039305,Coral Island,48,0.0163
976,1297287132,Crackdown,48,0.0163
977,530599647,Homefront®: The Revolution,48,0.0163
978,1703086168,Microsoft Sudoku,48,0.0163
979,1873450782,MXGP 2020 - The Official Motocross Videogame,48,0.0163
980,2030792699,PGA TOUR 2K21,48,0.0163
981,1115757811,Alien: Isolation,47,0.0159
982,230716687,Biomutant,47,0.0159
983,951560105,Control,47,0.0159
984,1089570315,Devil May Cry 4 Special Edition,47,0.0159
985,552778408,EA SPORTS™ UFC® 2,47,0.0159
986,1689264723,FIFA 15,47,0.0159
987,1867652631,Firefighting Simulator: Ignite,47,0.0159
988,575414105,Life is Strange 2 - Episode 1,47,0.0159
989,572268056,Little Nightmares,47,0.0159
990,1414596731,MX vs. ATV Alive,47,0.0159
991,1817032347,My Little Pony: A Zephyr Heights Mystery,47,0.0159
992,559544937,Ori and the Blind Forest: Definitive Edition,47,0.0159
993,717702870,OUTRIDERS,47,0.0159
994,1263405125,Silent Hill:  HD Collection,47,0.0159
995,1957310205,Streets of Rage 4,47,0.0159
996,1921488037,The Settlers®: New Allies,47,0.0159
997,2028925271,Trepang2,47,0.0159
998,1161889989,Brütal Legend,46,0.0156
999,1050025307,Grand Theft Auto V,46,0.0156
1000,1993022209,Hi-Fi RUSH,46,0.0156
1001,1774172067,HOT WHEELS UNLEASHED™ 2 - Turbocharged,46,0.0156
1002,2047199918,Isonzo (Windows),46,0.0156
1003,1764536463,LEGO® The Hobbit™,46,0.0156
1004,2013083896,NINJA GAIDEN: Ragebound,46,0.0156
1005,162448742,Outer Wilds,46,0.0156
1006,1877956827,Peppa Pig: World Adventures,46,0.0156
1007,1606375163,Pinball FX3,46,0.0156
1008,659391373,WWE 2K16,46,0.0156
1009,2030524086,As Dusk Falls,45,0.0153
1010,824378203,Crackdown 3: Campaign,45,0.0153
1011,1161889879,Dead Space™,45,0.0153
1012,427070178,FINAL FANTASY X/X-2 HD Remaster,45,0.0153
1013,1984680366,Medieval Dynasty (Xbox One),45,0.0153
1014,521893123,ONE PIECE World Seeker,45,0.0153
1015,1040009086,Super Lucky's Tale,45,0.0153
1016,1313671164,TEKKEN 6,45,0.0153
1017,1297287149,Banjo Kazooie: N n B,44,0.0149
1018,1313671226,Dark Souls™,44,0.0149
1019,1751733247,Doki Doki Literature Club Plus!,44,0.0149
1020,1480657258,Hydro Thunder,44,0.0149
1021,1070680307,MudRunner,44,0.0149
1022,893913058,MX Unleashed,44,0.0149
1023,1414596649,MX vs ATV Reflex,44,0.0149
1024,643918998,NARUTO SHIPPUDEN™: Ultimate Ninja® STORM 4 Demo,44,0.0149
1025,1945435013,TRIVIAL PURSUIT Live! 2,44,0.0149
1026,1414793191,Borderlands,43,0.0146
1027,760882151,CRSED: F.O.A.D.,43,0.0146
1028,1161890015,Dead Space™ 2,43,0.0146
1029,2096821037,DOOM 3,43,0.0146
1030,1628280816,Faaast Penguin,43,0.0146
1031,1761060600,Happy Wars,43,0.0146
1032,42119495,Killer Instinct Classic,43,0.0146
1033,1431505028,Rayman® Origins,43,0.0146
1034,2048545274,Rubber Bandits,43,0.0146
1035,1112934375,Split/Second,43,0.0146
1036,1853160773,STAR WARS™: Battlefront Classic Collection,43,0.0146
1037,2080211397,Stardew Valley,43,0.0146
1038,1788169756,Taxi Life: A City Driving Simulator,43,0.0146
1039,974586226,We Happy Few,43,0.0146
1040,1096157436,Call of Duty®: Ghosts,42,0.0142
1041,907587004,Dead Island: Riptide Definitive Edition,42,0.0142
1042,1616046491,Gears Tactics - Base Game,42,0.0142
1043,374430704,NBA 2K17,42,0.0142
1044,2028530104,Prince of Persia The Lost Crown,42,0.0142
1045,217831213,RISK,42,0.0142
1046,2032369368,Scott Pilgrim vs. The World™: The Game – Complete Edition,42,0.0142
1047,1726756158,Spiritfarer®: Farewell Edition,42,0.0142
1048,1480657242,Trials HD,42,0.0142
1049,1808134657,ANNO : Mutationem,41,0.0139
1050,1096157153,Call of Duty® 3,41,0.0139
1051,1802600743,Capcom Arcade Stadium,41,0.0139
1052,2079414802,CATAN® - Console Edition,41,0.0139
1053,1690468494,DEATHLOOP,41,0.0139
1054,2137885631,FIFA 21 Xbox Series X|S,41,0.0139
1055,1920237746,FINAL FANTASY II,41,0.0139
1056,1714660110,Microsoft Bubble,41,0.0139
1057,1693003201,MotoGP™25 - Xbox One,41,0.0139
1058,961593710,NHL® 20,41,0.0139
1059,1874376911,Splitgate,41,0.0139
1060,1112934452,STAR WARS KOTOR,41,0.0139
1061,1661962317,Assassin's Creed Black Flag Resynced,40,0.0136
1062,869628338,Attack on Titan 2,40,0.0136
1063,1715865995,Back to the Dawn,40,0.0136
1064,1480657237,Banjo-Tooie,40,0.0136
1065,849613404,Dragon's Dogma: Dark Arisen,40,0.0136
1066,607966981,FINAL FANTASY VII,40,0.0136
1067,1860089403,Ghostwire: Tokyo,40,0.0136
1068,1397819396,Hitman: Absolution,40,0.0136
1069,1044501532,Jeopardy!,40,0.0136
1070,1708233397,LEGO® Harry Potter™ Collection,40,0.0136
1071,914276891,RAGE 2,40,0.0136
1072,1986852796,Brews & Bastards,39,0.0132
1073,1767994732,Dragonkin: The Banished,39,0.0132
1074,1431505036,Far Cry 3,39,0.0132
1075,387693234,Hawken,39,0.0132
1076,1775780452,Just Dance Free Experience,39,0.0132
1077,2118184557,Monster Jam Steel Titans 2,39,0.0132
1078,1969906662,MY HERO ACADEMIA: All’s Justice,39,0.0132
1079,1991686682,Outbound Demo,39,0.0132
1080,1726129713,Planet Coaster: Console Edition,39,0.0132
1081,2117095676,Planet of Lana,39,0.0132
1082,2046531735,Predator: Hunting Grounds,39,0.0132
1083,2065674944,Resident Evil Re:Verse,39,0.0132
1084,1431504907,SplinterCellConviction,39,0.0132
1085,588577476,ARCADE GAME SERIES: GALAGA,38,0.0129
1086,1480657079,Castle Crashers,38,0.0129
1087,1858458524,Crisol: Theater of Idols,38,0.0129
1088,1782579390,DPS Idle,38,0.0129
1089,1802207786,HOT WHEELS UNLEASHED™ - Windows Edition,38,0.0129
1090,2003863742,Microsoft Jigsaw,38,0.0129
1091,1998994208,Monster Energy Supercross - The Official Videogame 3,38,0.0129
1092,1867295360,Monster Sanctuary,38,0.0129
1093,1128466466,RESIDENT EVIL CODE: Veronica X,38,0.0129
1094,1128466461,Resident Evil Operation Raccoon City,38,0.0129
1095,1868826586,RimWorld Console Edition,38,0.0129
1096,2021110805,Roblox - Not Supported,38,0.0129
1097,2028975703,Superball,38,0.0129
1098,1819798709,Tetris® Effect: Connected,38,0.0129
1099,496534680,Wolfenstein: Youngblood,38,0.0129
1100,71300661,ACA NEOGEO THE KING OF FIGHTERS 2002,37,0.0125
1101,1858883035,CODE VEIN II,37,0.0125
1102,1673998520,F1® Manager 2024,37,0.0125
1103,1480656849,Hexic HD,37,0.0125
1104,1279330285,LEGO® Indiana Jones™ 2,37,0.0125
1105,757817533,PRO EVOLUTION SOCCER 2019,37,0.0125
1106,1793645165,THE KING OF FIGHTERS XV Standard Edition,37,0.0125
1107,1615232474,The Walking Dead: The Telltale Definitive Series,37,0.0125
1108,2004428777,WILD HEARTS™ Standard Edition,37,0.0125
1109,1801055182,Bounty Star,36,0.0122
1110,1625569842,Choo-Choo Charles,36,0.0122
1111,1878376737,Contraband Police Demo,36,0.0122
1112,1631581287,Cronos: The New Dawn,36,0.0122
1113,1963174058,Green Hell,36,0.0122
1114,1653696130,Microsoft Mahjong,36,0.0122
1115,1161889872,Mirror's Edge™,36,0.0122
1116,304932652,NHL® 21,36,0.0122
1117,1480657248,Portal: Still Alive,36,0.0122
1118,1469186547,Resident Evil 0,36,0.0122
1119,2047601430,Truck and Logistics Simulator,36,0.0122
1120,1744345373,WWE 2K22 for Xbox Series X|S,36,0.0122
1121,1880193218,Century: Age of Ashes,35,0.0119
1122,1871238901,Crime Boss: Rockay City,35,0.0119
1123,1736409202,DEEEER Simulator: Your Average Everyday Deer Game,35,0.0119
1124,731662901,Monster Energy Supercross - The Official Videogame,35,0.0119
1125,1480659436,NBA JAM: On Fire Edition,35,0.0119
1126,1813984116,Resident Evil 4 Chainsaw Demo,35,0.0119
1127,269700535,Sniper Elite 3,35,0.0119
1128,2098462228,The Jackbox Party Pack 7,35,0.0119
1129,1675444836,The Talos Principle 2,35,0.0119
1130,1840411466,Untitled Goose Game,35,0.0119
1131,1680433621,Young Suns,35,0.0119
1132,1717071867,ZOMBI,35,0.0119
1133,1723836102,Cookie Clicker,34,0.0115
1134,406842057,Dead Rising,34,0.0115
1135,1659464109,Elite Dangerous Core,34,0.0115
1136,1952256197,F1 2020,34,0.0115
1137,1766088016,Farming Simulator 25 (PC),34,0.0115
1138,2028723617,LEGO® Party!,34,0.0115
1139,717669198,Madden NFL 19,34,0.0115
1140,1279330290,Star Wars: The Force Unleashed II,34,0.0115
1141,1983809908,The Precinct,34,0.0115
1142,2122392131,Winter Burrow,34,0.0115
1143,1615431074,1000xRESIST,33,0.0112
1144,2035296401,Capcom Arcade 2nd Stadium,33,0.0112
1145,1963141187,Crypt Custodian,33,0.0112
1146,1663990634,GigaBash,33,0.0112
1147,1977008263,JoJo's Bizarre Adventure: All-Star Battle R Demo Version,33,0.0112
1148,1771989345,Lightyear Frontier (Game Preview),33,0.0112
1149,1676550189,MY HERO ONE'S JUSTICE 2,33,0.0112
1150,1745314691,Psychonauts 2,33,0.0112
1151,1843641391,Quake,33,0.0112
1152,852431422,ReCore,33,0.0112
1153,1936930219,Tell Me Why,33,0.0112
1154,39069682,The Jackbox Party Pack 2,33,0.0112
1155,1480659987,The Walking Dead: Season Two,33,0.0112
1156,1777774126,Visions of Mana,33,0.0112
1157,1480659433,Zuma's Revenge!,33,0.0112
1158,1397033002,Aliens vs Predator,32,0.0109
1159,1841011808,Blizzard® Arcade Collection,32,0.0109
1160,1863597561,Coloring Book,32,0.0109
1161,1270951403,Dead Rising 4,32,0.0109
1162,1719232621,Hello Guest: Hello Neighbor 2 pre-alpha,32,0.0109
1163,1931921361,Monster Energy Supercross - The Official Videogame 5,32,0.0109
1164,485601591,NARUTO SHIPPUDEN™: Ultimate Ninja® STORM 2,32,0.0109
1165,285742376,NBA 2K16,32,0.0109
1166,1941002186,ON THE ROAD - The Truck Simulator,32,0.0109
1167,978050046,ShellShock Live,32,0.0109
1168,886895461,The Jackbox Party Pack 5,32,0.0109
1169,271965907,Wasteland 3,32,0.0109
1170,1926154049,Wasteland Remastered,32,0.0109
1171,531971604,WWE 2K19,32,0.0109
1172,1849227144,WWE 2K20,32,0.0109
1173,2140283055,Baldur's Gate and Baldur's Gate II: Enhanced Editions,31,0.0105
1174,2093066399,Carrion,31,0.0105
1175,2019604779,Cricket 26 - The Official Game of the Ashes,31,0.0105
1176,1704351342,Hello Neighbor 2,31,0.0105
1177,506903100,Madden NFL 18,31,0.0105
1178,1646985614,Space Jam: A New Legacy - The Game,31,0.0105
1179,1480657342,Spelunky,31,0.0105
1180,1642757300,SpongeBob SquarePants: Titans of the Tide Demo,31,0.0105
1181,912691842,Sudden Strike 4 - European Battlefields Edition,31,0.0105
1182,1946103240,Tomb Raider I-III Remastered Starring Lara Croft,31,0.0105
1183,1911743947,wormer,31,0.0105
1184,1307429766,Worms Battlegrounds,31,0.0105
1185,2116409537,Yu-Gi-Oh! Legacy of the Duelist : Link Evolution,31,0.0105
1186,1729654407,Company of Heroes 3,30,0.0102
1187,1755920678,Creatures of Ava,30,0.0102
1188,1161890059,Dragon Age™ 2,30,0.0102
1189,2028637067,Drug Dealer Simulator,30,0.0102
1190,1911404173,Immortals of Aveum™,30,0.0102
1191,1840565677,Island Saver,30,0.0102
1192,399942284,LEGO® Jurassic World™ Demo,30,0.0102
1193,2028627076,Marvel's Midnight Suns for Xbox Series X|S,30,0.0102
1194,2028249570,MIO: Memories in Orbit,30,0.0102
1195,1414596574,MX vs. ATV: Untamed,30,0.0102
1196,1010226785,One Piece: Burning Blood,30,0.0102
1197,1933264626,Survivalist: Invisible Strain,30,0.0102
1198,1793267614,Techtonica (Game Preview),30,0.0102
1199,1748769487,The Jackbox Party Pack 6,30,0.0102
1200,1789787818,Vampire Crawlers Demo,30,0.0102
1201,2083780130,Against the Storm,29,0.0098
1202,1823385601,Bassmaster® Fishing,29,0.0098
1203,233177124,Battle Islands: Commanders,29,0.0098
1204,1662853043,Blasphemous 2,29,0.0098
1205,293785190,Bloons TD 5,29,0.0098
1206,1480659632,Call of Juarez® Gunslinger,29,0.0098
1207,1777786002,Commandos: Origins,29,0.0098
1208,1297287892,Conker: Live and Reloaded,29,0.0098
1209,1624755708,Contraband Police,29,0.0098
1210,1112934422,Disney Epic Mickey 2: The Power of Two,29,0.0098
1211,439107693,Dungeon Defenders II,29,0.0098
1212,1804401706,F1® 22 Xbox Series X|S,29,0.0098
1213,1753087315,Fallout 76 (PC),29,0.0098
1214,1814325409,Fantasy Dash,29,0.0098
1215,363774594,Farming Simulator 17,29,0.0098
1216,2014650813,Minecraft: Story Mode - Episode 1: The Order of the Stone,29,0.0098
1217,469309830,NARUTO™: Ultimate Ninja® STORM,29,0.0098
1218,1909911128,NASCAR Heat 4,29,0.0098
1219,650779126,NBA 2K18,29,0.0098
1220,1805770178,PAW Patrol Mighty Pups Save Adventure Bay,29,0.0098
1221,838726055,PRO EVOLUTION SOCCER 2018,29,0.0098
1222,1112737772,RAGE,29,0.0098
1223,2052095073,Ravenswatch,29,0.0098
1224,129325438,SONIC FORCES,29,0.0098
1225,1112934458,STAR WARS KOTOR II,29,0.0098
1226,2125557798,Still Wakes the Deep,29,0.0098
1227,1843694822,The Quarry for Xbox Series X|S,29,0.0098
1228,1880818134,AFL 26,28,0.0095
1229,759471095,ARCADE GAME SERIES: Ms. PAC-MAN,28,0.0095
1230,1431504955,Assassin's Creed II,28,0.0095
1231,524641908,Assassin's Creed® Chronicles: China,28,0.0095
1232,206503430,Clustertruck,28,0.0095
1233,1790537707,Core Keeper,28,0.0095
1234,1161890190,Crysis® 3,28,0.0095
1235,217802058,Darkest Dungeon®,28,0.0095
1236,1613695074,Five Nights at Freddy's 3,28,0.0095
1237,1669831089,Gold Mining Simulator,28,0.0095
1238,1414793190,Mafia II,28,0.0095
1239,385764340,MX vs. ATV Supercross Encore,28,0.0095
1240,971220532,NBA 2K Playgrounds 2,28,0.0095
1241,1743049130,Quake II,28,0.0095
1242,474501413,RIDE 3,28,0.0095
1243,1704562600,Rugby 25,28,0.0095
1244,1169551644,Saints Row: Gat out of Hell,28,0.0095
1245,1112934454,Star Wars Battlefront,28,0.0095
1246,240091546,SUPERHOT,28,0.0095
1247,605741753,The LEGO Movie 2 Videogame,28,0.0095
1248,2026693193,Bus Simulator 21 Next Stop,27,0.0092
1249,320506923,Dead Rising 2,27,0.0092
1250,1728448413,DmC Devil May Cry: Definitive Edition,27,0.0092
1251,1894948980,Dreamcore,27,0.0092
1252,1797553917,DYNASTY WARRIORS: ORIGINS,27,0.0092
1253,2109927239,Five Nights at Freddy's: Sister Location,27,0.0092
1254,2102232082,Heretic + Hexen,27,0.0092
1255,1925571425,Jay and Silent Bob: Chronic Blunt Punch,27,0.0092
1256,565406974,LEGO® STAR WARS™: The Force Awakens,27,0.0092
1257,1997603662,Minion Masters,27,0.0092
1258,1542414577,Plague Inc: Evolved,27,0.0092
1259,2147115693,Project Wingman,27,0.0092
1260,1005790042,Resident Evil 7 Teaser: Beginning Hour,27,0.0092
1261,2112462799,Sengoku Dynasty,27,0.0092
1262,1955054478,Smalland: Survive the Wilds,27,0.0092
1263,1648684496,Sonic Origins,27,0.0092
1264,1940560837,Sudden Strike 5,27,0.0092
1265,1161889807,The Orange Box,27,0.0092
1266,2075589952,"Warhammer 40,000: Boltgun - Windows",27,0.0092
1267,2002870555,A Little to the Left,26,0.0088
1268,2003473581,Citizen Sleeper,26,0.0088
1269,1693676973,Clue,26,0.0088
1270,1906143168,Crusader Kings III,26,0.0088
1271,1992367075,Death Howl,26,0.0088
1272,1769729445,Dice A Million,26,0.0088
1273,1234432164,EA SPORTS™ Rory McIlroy PGA TOUR®,26,0.0088
1274,1801537563,F1® 2021,26,0.0088
1275,1480656881,Feeding Frenzy,26,0.0088
1276,1720478789,Gas Station Simulator,26,0.0088
1277,1946353878,Highguard,26,0.0088
1278,2122788273,Keeper,26,0.0088
1279,1900811986,Kingdoms of Amalur: Re-Reckoning,26,0.0088
1280,2071372034,Lawn Mowing Simulator,26,0.0088
1281,1279330257,LEGO Star Wars II,26,0.0088
1282,2055522726,Madden NFL 23 Xbox Series X|S,26,0.0088
1283,1091024470,Magic Duels,26,0.0088
1284,1687910025,Mahjong by Microsoft,26,0.0088
1285,505222320,Monster Jam Steel Titans,26,0.0088
1286,1833175061,MXGP 2019 - The Official Motocross Videogame,26,0.0088
1287,880031210,NBA LIVE 19,26,0.0088
1288,2128854962,One Lonely Outpost,26,0.0088
1289,1263339510,Saints Row IV,26,0.0088
1290,2006710939,Skater XL,26,0.0088
1291,1414596688,SpongeBob: Truth-Sq.,26,0.0088
1292,90400189,SUPER BOMBERMAN R,26,0.0088
1293,1649102497,SWORD ART ONLINE Fractured Daydream,26,0.0088
1294,1181281124,Thief,26,0.0088
1295,1211542442,Valiant Hearts: The Great War,26,0.0088
1296,1297287154,Viva Piñata,26,0.0088
1297,1816197116,Wheel World,26,0.0088
1298,84648031,Bulletstorm: Full Clip Edition,25,0.0085
1299,2008066354,Car Mechanic Simulator,25,0.0085
1300,1263405065,Castlevania LoS,25,0.0085
1301,725442241,Darksiders Warmastered Edition,25,0.0085
1302,2017702583,Dauntless,25,0.0085
1303,1886320845,DAVE THE DIVER,25,0.0085
1304,1678781072,DayZ - Experimental,25,0.0085
1305,2061746629,Don't Starve: Giant Edition,25,0.0085
1306,1824003155,Family Feud®,25,0.0085
1307,885797626,Fishing Sim World®: Pro Tour,25,0.0085
1308,1678225803,Idle Wizard (Xbox One),25,0.0085
1309,850034103,Killer Instinct 2 Classic,25,0.0085
1310,2105228747,Killer Klowns From Outer Space: The Game,25,0.0085
1311,1728837206,KLETKA,25,0.0085
1312,1799885509,Labyrinthine - Console Edition,25,0.0085
1313,1893250709,Matchpoint - Tennis Championships | DEMO,25,0.0085
1314,1715766926,New World: Aeternum,25,0.0085
1315,816351210,Risk: Urban Assault,25,0.0085
1316,1161890298,SSX 3,25,0.0085
1317,225007476,Team Sonic Racing™,25,0.0085
1318,1688839217,The Elder Scrolls V: Skyrim Special Edition (PC),25,0.0085
1319,1860058296,TT Isle Of Man: Ride on the Edge 3,25,0.0085
1320,644829211,Turok 2: Seeds of Evil,25,0.0085
1321,1464993832,Batman: Arkham Origins,24,0.0081
1322,1112934398,Cars 2: The Video Game,24,0.0081
1323,1885511808,Date Everything!,24,0.0081
1324,1906937527,Far Cry 3 Blood Dragon Classic Edition,24,0.0081
1325,1431504912,Far Cry® 2,24,0.0081
1326,1970836204,Hotline Miami 2: Wrong Number,24,0.0081
1327,1396901863,Just Cause 2,24,0.0081
1328,2094642688,Just Shapes & Beats,24,0.0081
1329,1413679064,Ninja Gaiden Black,24,0.0081
1330,737714383,ONE PIECE BURNING BLOOD - DEMO,24,0.0081
1331,1902591469,Outward: Definitive Edition,24,0.0081
1332,2011093308,Pacify,24,0.0081
1333,1432033734,Pinball Arcade,24,0.0081
1334,1848728299,Pinball FX Midnight,24,0.0081
1335,1431505091,Rayman® Legends,24,0.0081
1336,275132544,SEGA® Genesis Classics™,24,0.0081
1337,2060188345,Street Fighter™ 6 Demo,24,0.0081
1338,1397819363,Supreme Commander 2,24,0.0081
1339,610345881,The Jackbox Party Pack,24,0.0081
1340,1628698678,Thief Simulator,24,0.0081
1341,2058227981,Thomas & Friends™: Wonders of Sodor,24,0.0081
1342,981110874,WWE 2K18,24,0.0081
1343,1161889798,Burnout Paradise,23,0.0078
1344,1885205020,Cash Cleaner Simulator,23,0.0078
1345,856892583,Darksiders II Deathinitive Edition,23,0.0078
1346,2109350810,Dungeons Of Hinterberg,23,0.0078
1347,1997023214,FINAL FANTASY IX,23,0.0078
1348,1297287449,Halo 4,23,0.0078
1349,273290529,Idle Champions of the Forgotten Realms,23,0.0078
1350,1857859131,Lara Croft and the Temple of Osiris,23,0.0078
1351,1843760263,LEGO® 2K Drive for Xbox Series X|S,23,0.0078
1352,1651525052,Life is Strange: Before the Storm Remastered,23,0.0078
1353,2017169801,LOLLIPOP CHAINSAW RePOP,23,0.0078
1354,1719118099,Manor Lords (Game Preview),23,0.0078
1355,333701857,Mega Man X Legacy Collection,23,0.0078
1356,1720633196,Minecraft Dungeons for Windows,23,0.0078
1357,269677862,PING REDUX,23,0.0078
1358,1893542225,PIPE by BMX Streets,23,0.0078
1359,1889456287,Roller Champions™,23,0.0078
1360,2073736638,Scrabble,23,0.0078
1361,804980065,Sea of Thieves Insider,23,0.0078
1362,1947938436,Shotgun Farmers,23,0.0078
1363,1947725080,Skul: The Hero Slayer,23,0.0078
1364,1112934459,Star Wars Republic Commando,23,0.0078
1365,19615130,Super Mega Baseball: Extra Innings,23,0.0078
1366,1842335063,The Mortuary Assistant,23,0.0078
1367,1292135256,Titanfall,23,0.0078
1368,1148805248,Yu-Gi-Oh! Legacy of the Duelist,23,0.0078
1369,1431505017,Assassin's Creed Revelations,22,0.0075
1370,2070921614,Bayonetta,22,0.0075
1371,1714151217,Blair Witch,22,0.0075
1372,2136950563,Bugsnax,22,0.0075
1373,189838548,Bus Simulator,22,0.0075
1374,1940736818,Darkest Dungeon II,22,0.0075
1375,1864660438,Dead Static Drive,22,0.0075
1376,1480657036,Feeding Frenzy 2,22,0.0075
1377,1683674669,Ghostbusters: Spirits Unleashed Ecto Edition,22,0.0075
1378,1991431474,Grim Idle,22,0.0075
1379,28152906,Lovers in a Dangerous Spacetime,22,0.0075
1380,1249526091,Madden NFL 16,22,0.0075
1381,2014880780,Madden NFL 17,22,0.0075
1382,1994181526,Madden NFL 21 Xbox Series X|S,22,0.0075
1383,293003647,Microsoft Wordament,22,0.0075
1384,1620704918,Minami Lane,22,0.0075
1385,380023945,Monster Energy Supercross - The Official Videogame 2,22,0.0075
1386,1742982949,MotoGP™24,22,0.0075
1387,1691152104,MY HERO ONE'S JUSTICE 2 Demo,22,0.0075
1388,838746653,Phoenix Wright: Ace Attorney Trilogy,22,0.0075
1389,116849471,Pro Evolution Soccer 2017,22,0.0075
1390,2002584553,Puzzle Quest 3,22,0.0075
1391,192928167,Rocksmith 2014,22,0.0075
1392,1691013379,Secret Neighbor,22,0.0075
1393,1664251645,TEKKEN 8 - DEMO,22,0.0075
1394,1047413393,TERA,22,0.0075
1395,1582065954,The LEGO Movie Videogame DEMO,22,0.0075
1396,1905686946,Tropico 6 - Next Gen Edition,22,0.0075
1397,566278,WWE 2K17,22,0.0075
1398,969381141,A Plague Tale: Innocence,21,0.0071
1399,2144204141,Achilles: Survivor,21,0.0071
1400,1835497756,Agents of Mayhem,21,0.0071
1401,1128466455,ASURA'S WRATH,21,0.0071
1402,2049111049,Bendy and the Ink Machine (Xbox Series X|S),21,0.0071
1403,1724411039,Card Storm Idle,21,0.0071
1404,1727909174,Crossy Road Castle Demo,21,0.0071
1405,524859112,Darksiders III,21,0.0071
1406,1634898195,Darkwood,21,0.0071
1407,1813362885,FIFA 14,21,0.0071
1408,1743565876,Five Nights at Freddy's: Secret of the Mimic,21,0.0071
1409,1984491277,Grim Idle (Xbox One),21,0.0071
1410,1960955312,I Am Fish,21,0.0071
1411,1639666819,INAZUMA ELEVEN: Victory Road,21,0.0071
1412,1819998160,LEGO® Voyagers,21,0.0071
1413,1414793292,Max Payne,21,0.0071
1414,1656145947,Moonlighter,21,0.0071
1415,671807457,Portal Knights,21,0.0071
1416,487177805,Prison Architect: Xbox One Edition,21,0.0071
1417,827416995,Pure Pool,21,0.0071
1418,2018103228,Ship of Fools,21,0.0071
1419,1692656490,SNIPER Ghost Warrior 3,21,0.0071
1420,1883232264,STAR WARS™ Episode I Racer,21,0.0071
1421,1431504854,TC's RainbowSix Vegas,21,0.0071
1422,2119970550,The Bus,21,0.0071
1423,2051503466,The Callisto Protocol,21,0.0071
1424,449890085,The Jackbox Party Pack 4,21,0.0071
1425,2145202828,Tricking 0,21,0.0071
1426,1278892798,TRIVIAL PURSUIT LIVE!,21,0.0071
1427,1611397404,UBOAT,21,0.0071
1428,77840650,Among the Sleep - Enhanced Edition,20,0.0068
1429,1431505070,Assassin's Creed® III ,20,0.0068
1430,1431505102,Assassin's Creed® Rogue,20,0.0068
1431,1480656850,Bejeweled 2,20,0.0068
1432,1663573292,Bendy and the Dark Revival,20,0.0068
1433,1480656967,Castlevania: SOTN,20,0.0068
1434,488156801,GreedFall,20,0.0068
1435,682562723,Halo: Spartan Assault,20,0.0068
1436,2016417527,Life is Strange Remastered,20,0.0068
1437,1955779192,MechWarrior 5: Clans,20,0.0068
1438,534004979,Microsoft Ultimate Word Games,20,0.0068
1439,1464993839,Midway Arcade Origins,20,0.0068
1440,1548866781,MXGP2,20,0.0068
1441,1480657346,Perfect Dark,20,0.0068
1442,605857900,Quiplash,20,0.0068
1443,2100312943,SCARLET NEXUS,20,0.0068
1444,1633152429,SONIC SUPERSTARS,20,0.0068
1445,383880849,Transference™,20,0.0068
1446,792914248,Tricky Towers,20,0.0068
1447,1774685333,Volcano Princess,20,0.0068
1448,1900124001,WRC 10 FIA World Rally Championship Xbox One,20,0.0068
1449,1445607414,Assassin's Creed® Chronicles: Russia,19,0.0064
1450,23570566,Batman - The Telltale Series - Episode 1: Realm of Shadows,19,0.0064
1451,2077036451,Cake Bash,19,0.0064
1452,1655404846,City Transport Simulator 2026,19,0.0064
1453,274219762,Dead Rising 2 Off the Record,19,0.0064
1454,137510457,Dishonored®: Death of the Outsider™,19,0.0064
1455,1678270415,Farm Together,19,0.0064
1456,1680223788,FATAL FRAME II: Crimson Butterfly REMAKE,19,0.0064
1457,1757807931,FINAL FANTASY TACTICS - The Ivalice Chronicles,19,0.0064
1458,1926605815,Funko Fusion,19,0.0064
1459,1480656868,Hardwood Spades,19,0.0064
1460,1828807544,Harry Potter: Quidditch Champions,19,0.0064
1461,1722781084,LEGO® Batman™: Legacy of the Dark Knight,19,0.0064
1462,2081039845,Lost in Random: The Eternal Die,19,0.0064
1463,1884916396,MARVEL MaXimum Collection,19,0.0064
1464,1535750831,Mega Man® Legacy Collection,19,0.0064
1465,2037558339,My Friend Peppa Pig,19,0.0064
1466,664898642,NASCAR Heat 3,19,0.0064
1467,1820656575,NHL® 23 Xbox Series X|S,19,0.0064
1468,1757462338,Ni no Kuni Wrath of the White Witch™ Remastered,19,0.0064
1469,1802714933,Pathfinder: Wrath of the Righteous,19,0.0064
1470,1060097466,Serious Sam Collection,19,0.0064
1471,213257000,TerraTech,19,0.0064
1472,20605635,The Surge,19,0.0064
1473,1297287134,Too Human,19,0.0064
1474,1763653276,Transport Fever 2: Console Edition,19,0.0064
1475,495493033,Turok,19,0.0064
1476,2012594000,US Conflict — Tank Battles,19,0.0064
1477,1690524168,Wo Long: Fallen Dynasty,19,0.0064
1478,1791400679,Yakuza: Like a Dragon,19,0.0064
1479,2146391417,60 Seconds! Reatomized Demo,18,0.0061
1480,1783702427,AEW: Fight Forever,18,0.0061
1481,1762831513,Amazing Frog? Demo,18,0.0061
1482,1396901865,Battlestations Pacific,18,0.0061
1483,1161889888,C&C Red Alert 3,18,0.0061
1484,1161889806,C&C3,18,0.0061
1485,1096157460,COD: Advanced Warfare,18,0.0061
1486,2077764934,Crysis Remastered,18,0.0061
1487,1695323712,Darwin's Paradox! Tactical Octopus Action Demo,18,0.0061
1488,1788513791,DRAGON BALL Z: KAKAROT Demo Version,18,0.0061
1489,1802647542,DRAGON QUEST VII Reimagined,18,0.0061
1490,572417720,Emily Wants To Play,18,0.0061
1491,408481962,FIFA 18 Demo,18,0.0061
1492,2020925056,Grim Dawn: Definitive Edition,18,0.0061
1493,1955982965,Gunfire Reborn,18,0.0061
1494,2093028006,Hole io,18,0.0061
1495,1611225628,JDM: Japanese Drift Master,18,0.0061
1496,1297287122,Kameo,18,0.0061
1497,1679509385,Kill It With Fire,18,0.0061
1498,1480657497,Lara Croft: GoL,18,0.0061
1499,1414793291,Max Payne® 2: The Fall of Max Payne,18,0.0061
1500,650249872,Metal Gear Solid V: Ground Zeroes,18,0.0061
1501,2105140633,NieR Replicant ver.1.22474487139...,18,0.0061
1502,1752331738,One Leaves,18,0.0061
1503,1960926264,Phoenix Point,18,0.0061
1504,1698989872,PICO PARK 2,18,0.0061
1505,2114908664,Quarantine Zone: The Last Check,18,0.0061
1506,967641964,Realm Royale Reforged,18,0.0061
1507,1847402697,ScreamRide,18,0.0061
1508,1719207328,TERMINATOR: RESISTANCE - COMPLETE EDITION,18,0.0061
1509,1005415207,The Golf Club 2019 featuring PGA TOUR,18,0.0061
1510,1701212022,The Jackbox Party Pack 8,18,0.0061
1511,1480657581,Trials Evolution,18,0.0061
1512,449394673,Vampyr,18,0.0061
1513,1926334123,Yakuza Kiwami 3 & Dark Ties,18,0.0061
1514,909545209,Ashen,17,0.0058
1515,338995079,Batman: The Enemy Within - Episode 1,17,0.0058
1516,1965711939,Capcom Fighting Collection 2,17,0.0058
1517,287508507,Casey Powell Lacrosse 18,17,0.0058
1518,1512517621,Child of Light,17,0.0058
1519,793598300,CODE VEIN,17,0.0058
1520,1161890152,Crysis,17,0.0058
1521,1397819386,DEUS EX: HUMAN REVOLUTION,17,0.0058
1522,1836115301,Docked,17,0.0058
1523,1954227024,DRAGON BALL: THE BREAKERS,17,0.0058
1524,1146095621,Earth Defense Force 2025,17,0.0058
1525,2021453818,FINAL FANTASY VIII Remastered,17,0.0058
1526,1519874468,Forza Horizon 2 Presents Fast & Furious,17,0.0058
1527,1877135456,Freddy Fazbear's Pizzeria Simulator,17,0.0058
1528,476517807,Gravel,17,0.0058
1529,1297287287,Halo 3: ODST Campaign Edition,17,0.0058
1530,2028516160,Hardspace: Shipbreaker - Windows,17,0.0058
1531,2043794712,Kingdoms and Castles,17,0.0058
1532,1161890141,Mass Effect™ 3,17,0.0058
1533,2038093666,MAVRIX by Matt Jones,17,0.0058
1534,2049727100,METAL GEAR SOLID - Master Collection Version,17,0.0058
1535,2143308729,Monster Hunter Stories,17,0.0058
1536,778400368,NBA 2K14,17,0.0058
1537,1846760960,Nickelodeon Kart Racers 3: Slime Speedway,17,0.0058
1538,1702524932,Power Rangers: Battle for the Grid,17,0.0058
1539,1480659519,Rayman 3 HD,17,0.0058
1540,1824086117,REANIMAL - Demo,17,0.0058
1541,779253028,RIDE Demo,17,0.0058
1542,2055678343,Screamer,17,0.0058
1543,1726081569,Seal: WHAT the FUN,17,0.0058
1544,1781047490,Shin Megami Tensei V: Vengeance,17,0.0058
1545,82653045,Starlink: Battle for Atlas,17,0.0058
1546,597690024,SWORD ART ONLINE: FATAL BULLET,17,0.0058
1547,2141647881,Tales from the Borderlands - Episode 1: Zer0 Sum,17,0.0058
1548,1128640842,The Escapists,17,0.0058
1549,1397622748,THE KING OF FIGHTERS XIII,17,0.0058
1550,1731121397,The Quarry for Xbox One,17,0.0058
1551,901516198,The Surge 2,17,0.0058
1552,1737329553,Total War: Warhammer III (Old Version),17,0.0058
1553,1774337609,Vampire: The Masquerade® - Bloodlines™ 2,17,0.0058
1554,433738637,Adventure Time: Pirates of the Enchiridion,16,0.0054
1555,1480656966,Alien Hominid HD,16,0.0054
1556,846846419,Attack on Titan 2 Demo,16,0.0054
1557,100154526,Baja: Edge of Control HD,16,0.0054
1558,1161889960,Battlefield Bad Company 2,16,0.0054
1559,810050544,Beach Buggy Racing,16,0.0054
1560,1914086330,Broforce,16,0.0054
1561,1161889850,C&C3: Kane's Wrath,16,0.0054
1562,1480657529,Costume Quest ,16,0.0054
1563,1480657460,Crazy Taxi,16,0.0054
1564,1691794314,Dark Deception Demo,16,0.0054
1565,1619542068,Dawn of Man,16,0.0054
1566,1822577333,Dead Rising Deluxe Remaster,16,0.0054
1567,1129121853,DiRT 3,16,0.0054
1568,1712105499,DRIFTCE,16,0.0054
1569,886999858,Duke Nukem 3D: 20th Anniversary World Tour,16,0.0054
1570,1662474270,Eternal Strands,16,0.0054
1571,172017893,F1® 2019,16,0.0054
1572,2063170939,Frostpunk: Console Edition,16,0.0054
1573,1694490701,FuzzBall,16,0.0054
1574,1618662965,Garfield Kart Furious Racing,16,0.0054
1575,1711556027,Garten of Banban 2,16,0.0054
1576,1700344676,Ghostbusters: The Video Game Remastered,16,0.0054
1577,1812810851,Haste,16,0.0054
1578,1480656912,Heavy Weapon,16,0.0054
1579,1898106366,Little Ralph - Trial,16,0.0054
1580,1271641024,Lords of the Fallen (2014),16,0.0054
1581,1891684356,Lost in Random™,16,0.0054
1582,1128466413,LOST PLANET 2,16,0.0054
1583,1297549289,Mortal Kombat vs. DCU,16,0.0054
1584,582279671,Moto Racer 4 Demo,16,0.0054
1585,1891931390,MXGP 2021 - The Official Motocross Videogame - Xbox Series X|S,16,0.0054
1586,1696456823,NBA 2K22 for Xbox Series X|S,16,0.0054
1587,1696832928,NHRA Championship Drag Racing: Speed For All,16,0.0054
1588,1744612607,Nova Roma (Game Preview),16,0.0054
1589,676432066,PAC-MAN™ CHAMPIONSHIP EDITION 2,16,0.0054
1590,1893912101,Party Panic,16,0.0054
1591,1743961068,Race The Sun,16,0.0054
1592,1709856057,RoboCop: Rogue City - Unfinished Business,16,0.0054
1593,1161889919,Skate 2,16,0.0054
1594,2016279503,SOPA - Tale of the Stolen Potato,16,0.0054
1595,405775731,Surviving Mars,16,0.0054
1596,2013672301,The Gunk,16,0.0054
1597,1746975118,The Jackbox Party Pack 11,16,0.0054
1598,1987184613,The Jackbox Party Pack 9,16,0.0054
1599,635298240,"The Walking Dead: Michonne - Ep. 1, In Too Deep",16,0.0054
1600,716478832,TT Isle of Man,16,0.0054
1601,416307002,ARCADE GAME SERIES: DIG DUG,15,0.0051
1602,364804937,BATTLESHIP®,15,0.0051
1603,1844143156,Beach Buggy Racing 2: Island Adventure,15,0.0051
1604,1736384528,Ben 10: Power Trip,15,0.0051
1605,1297287893,Blinx: The Time Sweeper,15,0.0051
1606,1898707353,Card Storm Idle (Xbox One),15,0.0051
1607,1850252450,Chef's Journey: Cooking Adventures,15,0.0051
1608,1867293778,Darwin Project,15,0.0051
1609,1062046240,Divinity: Original Sin - Enhanced Edition,15,0.0051
1610,1953182469,DRAGON QUEST® XI S: Echoes of an Elusive Age™ - Definitive Edition,15,0.0051
1611,1989956835,Evolve,15,0.0051
1612,1397819364,FINAL FANTASY XIII,15,0.0051
1613,344311848,For The King,15,0.0051
1614,2119300209,Life is Strange: Double Exposure,15,0.0051
1615,1112934453,Mercenaries,15,0.0051
1616,1889321756,Microsoft Minesweeper,15,0.0051
1617,94171386,MXGP3,15,0.0051
1618,2028520097,My Friend Pedro,15,0.0051
1619,1343920370,NBA 2K15,15,0.0051
1620,1624743884,Persona 3 Portable,15,0.0051
1621,1907381044,Project Cars,15,0.0051
1622,1715636420,Pummel Party,15,0.0051
1623,2019100575,Puzzle Galaxy Xbox Edition,15,0.0051
1624,2056655762,Remnant: From the Ashes,15,0.0051
1625,950358266,Ride 2,15,0.0051
1626,731167015,RUSH: A Disney • PIXAR Adventure Demo,15,0.0051
1627,1785888386,Snake.io,15,0.0051
1628,1957476784,Sniper Elite V2 Remastered,15,0.0051
1629,1907729638,Solasta: Crown of the Magister,15,0.0051
1630,1836687833,Sonic Colors: Ultimate,15,0.0051
1631,1967529255,SpongeBob SquarePants: The Cosmic Shake,15,0.0051
1632,1872765418,Tales of Arise (Xbox Series X|S),15,0.0051
1633,2142487375,Teenage Mutant Ninja Turtles: The Cowabunga Collection,15,0.0051
1634,1731548634,The Dark Pictures Anthology: Little Hope,15,0.0051
1635,2108611710,TIEBREAK – GRAND SLAM EDITION,15,0.0051
1636,2070685355,to a T,15,0.0051
1637,1431504921,Tom Clancy's Splinter Cell® Chaos Theory™,15,0.0051
1638,580901123,Tropico 6,15,0.0051
1639,1658477123,Unturned,15,0.0051
1640,1884076770,Visage,15,0.0051
1641,2142309066,WWE 2K Battlegrounds,15,0.0051
1642,1886146911,Yet Another Zombie Survivors,15,0.0051
1643,1975041917,Amnesia: The Bunker,14,0.0047
1644,132590840,Assassin's Creed® Chronicles: India,14,0.0047
1645,1414793176,BioShock,14,0.0047
1646,171879377,Call of Cthulhu,14,0.0047
1647,768615691,Chess Ultra,14,0.0047
1648,2123216194,Crysis 2 Remastered,14,0.0047
1649,2094503132,Darwin's Paradox!,14,0.0047
1650,376779456,Death Road to Canada,14,0.0047
1651,134413498,EA SPORTS™ NHL® 18,14,0.0047
1652,159583079,Gear.Club Unlimited 2 - Ultimate Edition,14,0.0047
1653,1480660120,Goat Simulator,14,0.0047
1654,1855217179,Golf With Your Friends (Windows Version),14,0.0047
1655,1297287601,Halo: Combat Evolved Anniversary,14,0.0047
1656,1952945858,Hello Engineer Demo,14,0.0047
1657,1927102516,Herdling,14,0.0047
1658,2056728314,inKONBINI: One Store. Many Stories,14,0.0047
1659,1615223185,Liquor Store Simulator,14,0.0047
1660,1733044130,Madden NFL 22 Xbox Series X|S,14,0.0047
1661,1953382311,Metro Redux,14,0.0047
1662,803175056,MXGP PRO,14,0.0047
1663,303799945,Nickelodeon Kart Racers,14,0.0047
1664,939615894,Paw Patrol: On a Roll,14,0.0047
1665,1297287123,Perfect Dark Zero,14,0.0047
1666,1827805096,Relic Hunters Legend,14,0.0047
1667,1806655067,RollerCoaster Tycoon Classic,14,0.0047
1668,1734582052,S.T.A.L.K.E.R.: Shadow of Chornobyl - Enhanced Edition,14,0.0047
1669,1916393313,SIGNALIS,14,0.0047
1670,1813197692,SOS OPS!,14,0.0047
1671,2037196689,SpongeBob SquarePants: Titans of the Tide,14,0.0047
1672,1112934456,Star Wars Jedi Knight: Jedi Academy,14,0.0047
1673,1835454890,Stay Out of the House,14,0.0047
1674,1651647141,The Boat Grandma,14,0.0047
1675,2036345770,The Dark Pictures Anthology House of Ashes,14,0.0047
1676,62572131,The Wolf Among Us,14,0.0047
1677,1673810447,Tony Stewart's All-American Racing,14,0.0047
1678,2073119116,Trials® Rising Demo,14,0.0047
1679,2094867598,XIII,14,0.0047
1680,1948986948,007 First Light,13,0.0044
1681,2016203684,Alaskan Road Truckers: Highway Edition,13,0.0044
1682,49709880,Anthem™,13,0.0044
1683,1678543324,Aragami 2,13,0.0044
1684,1616326452,Arcadegeddon,13,0.0044
1685,1946485937,Besiege Console,13,0.0044
1686,400142602,Costume Quest 2,13,0.0044
1687,2004944930,Crime Simulator,13,0.0044
1688,1297287249,Crimson Skies®: High Road to Revenge™,13,0.0044
1689,1864028566,Dark Hours,13,0.0044
1690,1413679057,DEAD OR ALIVE 4,13,0.0044
1691,1650442817,Deus Ex: Mankind Divided™,13,0.0044
1692,1974043980,Disney Classic Games: Aladdin and The Lion King,13,0.0044
1693,2089461712,Expeditions: A MudRunner Game,13,0.0044
1694,1464993747,F.E.A.R. 2,13,0.0044
1695,2125839408,Formula Legends,13,0.0044
1696,1296697298,Full Game - Psychonauts,13,0.0044
1697,1755179727,Grim Fandango Remastered,13,0.0044
1698,1836942975,Grind Survivors,13,0.0044
1699,1829337400,Have a Nice Death,13,0.0044
1700,1396901851,Hitman: Blood Money,13,0.0044
1701,1917135799,HYPERCHARGE Unboxed,13,0.0044
1702,1480656891,Jetpac Refuelled,13,0.0044
1703,1480657325,KOF2002UM,13,0.0044
1704,2055909129,Legacy of Kain: Defiance Remastered,13,0.0044
1705,1925242158,Library Of Ruina,13,0.0044
1706,1926489287,Marvel's Midnight Suns for Xbox One,13,0.0044
1707,1297287144,Mass Effect,13,0.0044
1708,1649675719,Max: The Curse of Brotherhood,13,0.0044
1709,1480657266,Metal Slug XX,13,0.0044
1710,1906672574,Middle-earth™: Shadow of Mordor™,13,0.0044
1711,1480657433,Might & Magic Clash of Heroes™,13,0.0044
1712,1957255658,MORDHAU,13,0.0044
1713,1634565765,NHL® 94 REWIND,13,0.0044
1714,2041914938,Nuclear Throne,13,0.0044
1715,2025399821,ONE PUNCH MAN: A HERO NOBODY KNOWS,13,0.0044
1716,2048381683,PAC-MAN WORLD Re-PAC,13,0.0044
1717,1297287193,Party Animals,13,0.0044
1718,2100880776,Pentiment,13,0.0044
1719,1932565641,Pikuniku,13,0.0044
1720,275673036,Pillars of Eternity: Complete Edition,13,0.0044
1721,1375792807,Pool Nation FX,13,0.0044
1722,802418004,RESIDENT EVIL RESISTANCE,13,0.0044
1723,1414793183,Rockstar Table Tennis,13,0.0044
1724,1979417101,SD GUNDAM BATTLE ALLIANCE,13,0.0044
1725,2002882362,Squirrel with a Gun,13,0.0044
1726,605317845,Stern Pinball Arcade,13,0.0044
1727,2002404032,Stranded: Alien Dawn,13,0.0044
1728,585971749,Super Mega Baseball 2,13,0.0044
1729,1987589092,Surviving Mars: Relaunched,13,0.0044
1730,1768536074,Symphonia 𝄞,13,0.0044
1731,1431504880,TC's GRAW2,13,0.0044
1732,1979014977,The Crew,13,0.0044
1733,1761411767,THE HOUSE OF THE DEAD: Remake,13,0.0044
1734,2110168941,The Rogue Prince of Persia™,13,0.0044
1735,995443207,Verdun,13,0.0044
1736,1895560154,Virtual Villagers Origins 2 Xbox,13,0.0044
1737,2119315223,Void Crew,13,0.0044
1738,1983962095,"Warhammer 40,000: Battlesector",13,0.0044
1739,820078969,Zombie Driver Ultimate Edition,13,0.0044
1740,304633817,ACA NEOGEO METAL SLUG 4,12,0.0041
1741,1755599316,Age of Empires Definitive Edition,12,0.0041
1742,1950164627,Antstream Arcade - Annual,12,0.0041
1743,1743279702,Arma Reforger - Experimental,12,0.0041
1744,1925965033,Battlefield™ 6 Open Beta,12,0.0041
1745,1397032979,BAYONETTA,12,0.0041
1746,231858691,Bomber Crew,12,0.0041
1747,1883382068,Bubsy 4D Demo,12,0.0041
1748,1859542622,Contra Anniversary Collection,12,0.0041
1749,370169912,Contrast,12,0.0041
1750,1618801140,CRISIS CORE –FINAL FANTASY VII– REUNION,12,0.0041
1751,1767097660,Cthulhu: The Cosmic Abyss,12,0.0041
1752,2102421406,Day of the Tentacle Remastered,12,0.0041
1753,2096544989,Divine Knockout (DKO),12,0.0041
1754,1727852104,FINAL FANTASY VI,12,0.0041
1755,1835944487,Five Nights at Freddy's Into the Pit,12,0.0041
1756,1784112295,Godfall,12,0.0041
1757,1297287176,Halo Wars,12,0.0041
1758,1297287250,Jade Empire™,12,0.0041
1759,1464993821,LEGO® Lord of the Rings™,12,0.0041
1760,1882357148,Lonely Mountains: Snow Riders,12,0.0041
1761,1777243206,Lost Judgment,12,0.0041
1762,1297287162,Lost Odyssey,12,0.0041
1763,1685499852,Monster Hunter Stories 2: Wings of Ruin,12,0.0041
1764,1944950992,MotoGP™22 - Windows Edition,12,0.0041
1765,1907337607,NHL® 15 Full Game,12,0.0041
1766,1413679061,NINJA GAIDEN II,12,0.0041
1767,1793335544,ONE PIECE ODYSSEY Demo,12,0.0041
1768,1831668171,Opus Castle,12,0.0041
1769,1903313113,Orcs Must Die! Deathtrap,12,0.0041
1770,1480656913,PAC-MAN,12,0.0041
1771,484684099,PAC-MAN 256,12,0.0041
1772,1632843296,Pillars of Eternity II: Deadfire - Ultimate Edition,12,0.0041
1773,1263405029,Silent Hill Homecoming,12,0.0041
1774,1885214706,Snooker 19,12,0.0041
1775,1649097896,SnowRunner - Windows,12,0.0041
1776,1813223937,SongPop Party,12,0.0041
1777,1480657415,SONIC THE HEDGEHOG™ 4 Episode I,12,0.0041
1778,2119021593,Subnautica 2 (Game Preview),12,0.0041
1779,412423425,SWORD ART ONLINE Alicization Lycoris,12,0.0041
1780,1981157496,System Shock,12,0.0041
1781,2002977221,Tails of Iron,12,0.0041
1782,1774362586,The Backrooms 1998,12,0.0041
1783,1480660067,Toybox Turbos,12,0.0041
1784,1749676903,Two Point Campus,12,0.0041
1785,1937610303,Two Point Museum,12,0.0041
1786,1297287263,Viva Piñata: TIP,12,0.0041
1787,1922758426,WRC 9 FIA World Rally Championship,12,0.0041
1788,1414793390,XCOM®: Enemy Within,12,0.0041
1789,1751360232,AAA Dynamic Scenes,11,0.0037
1790,731026222,ACA NEOGEO METAL SLUG X,11,0.0037
1791,2023402980,Achilles: Legends Untold,11,0.0037
1792,1915969143,AFL 23,11,0.0037
1793,1742707305,Ambulance Life: A Paramedic Simulator,11,0.0037
1794,1736678881,Bleeding Edge,11,0.0037
1795,883799031,Bless Unleashed,11,0.0037
1796,311085527,Brawlout,11,0.0037
1797,232457702,Broken Age,11,0.0037
1798,1936376749,Capcom Fighting Collection,11,0.0037
1799,1855158493,Cartel Tycoon,11,0.0037
1800,35820305,Crackdown 3: Wrecking Zone,11,0.0037
1801,1921002833,Crossy Road Castle,11,0.0037
1802,1161890019,Crysis 2,11,0.0037
1803,1669682262,Defense Grid 2,11,0.0037
1804,106901580,Destroy All Humans!,11,0.0037
1805,2078793582,DYSMANTLE,11,0.0037
1806,651709478,Emily Wants to Play Too,11,0.0037
1807,2015929879,Evil Dead: The Game,11,0.0037
1808,2107704310,Extreme Bike Racing (Demo),11,0.0037
1809,180750187,F1™ 2017,11,0.0037
1810,1480659903,Far Cry® 3 Blood Dragon,11,0.0037
1811,152270586,FINAL FANTASY XII THE ZODIAC AGE,11,0.0037
1812,1861635890,Find My Frogs,11,0.0037
1813,1864215620,Five Nights at Freddy's: Help Wanted,11,0.0037
1814,1770590742,Football Manager 2024 Console,11,0.0037
1815,1804966091,Forager,11,0.0037
1816,1646082476,Galacticare,11,0.0037
1817,1702713376,Genesis Noir,11,0.0037
1818,1480657151,Geometry Wars Evolved²,11,0.0037
1819,1431504947,Ghost Recon: Future Soldier™,11,0.0037
1820,1966310183,Just Dance® 2022,11,0.0037
1821,1873893114,Just Die Already,11,0.0037
1822,1645652626,Kena: Bridge of Spirits,11,0.0037
1823,1833447683,Legacy of Kain™ Soul Reaver 1&2 Remastered,11,0.0037
1824,1014379144,Marvel: Ultimate Alliance 2,11,0.0037
1825,2099448535,Mega Man Star Force Legacy Collection,11,0.0037
1826,1632270119,Megaton Rainfall,11,0.0037
1827,2017826215,METAL GEAR SOLID 2: Sons of Liberty - Master Collection Version,11,0.0037
1828,1866333429,METRO 2039,11,0.0037
1829,1480657679,Motocross Madness,11,0.0037
1830,1948147176,Moving Out,11,0.0037
1831,2008358711,Painkiller,11,0.0037
1832,753024882,Red Faction Guerrilla Re-Mars-tered,11,0.0037
1833,1781025707,RESIDENT EVIL 2 R.P.D. Demo,11,0.0037
1834,1813085990,Road 96,11,0.0037
1835,2025898879,Rugby 22 Xbox Series X|S,11,0.0037
1836,1263405009,Rumble Roses XX,11,0.0037
1837,1889657958,S.T.A.L.K.E.R.: Call of Prypiat - Enhanced Edition,11,0.0037
1838,1263339520,Saints Row: Gat Out of Hell   ,11,0.0037
1839,1823082250,Sally Face,11,0.0037
1840,2054178211,SAMURAI SHODOWN (Standard Ver.),11,0.0037
1841,1936146608,Scorn,11,0.0037
1842,303584158,Sea of Solitude,11,0.0037
1843,2009073182,Steelrising - Standard Edition,11,0.0037
1844,1624769204,Talisman: Digital Edition,11,0.0037
1845,1733855657,Tech Glitch,11,0.0037
1846,1825800558,Temtem,11,0.0037
1847,890454034,The Dark Pictures Anthology: Man Of Medan,11,0.0037
1848,2101138430,The Matrix Awakens: An Unreal Engine 5 Experience,11,0.0037
1849,1748167956,The Riftbreaker,11,0.0037
1850,1806542452,theHunter: Call of the Wild™ - Windows 10,11,0.0037
1851,1396901866,Tomb Raider: Anniv.,11,0.0037
1852,1841510170,Tony Stewart's Sprint Car Racing,11,0.0037
1853,1630747846,Tour de France 2025,11,0.0037
1854,1022548859,Truck Driver,11,0.0037
1855,2050010864,Two Point Hospital™,11,0.0037
1856,103629720,V-Rally 4,11,0.0037
1857,1066906675,Vikings - Wolves of Midgard,11,0.0037
1858,2069636428,WINGSPAN,11,0.0037
1859,1811697311,World War Z,11,0.0037
1860,1696868991,WRC Generations - The FIA WRC Official Game,11,0.0037
1861,1953589006,Yakuza 0,11,0.0037
1862,1839962476,Yakuza Kiwami,11,0.0037
1863,1679168855,A Quiet Place: The Road Ahead,10,0.0034
1864,1480657371,A World of Keflings ,10,0.0034
1865,390641336,ACA NEOGEO METAL SLUG,10,0.0034
1866,1777027693,Adv File Explorer (FullTrust),10,0.0034
1867,1850945804,Age of Empires III: Definitive Edition,10,0.0034
1868,2072863941,Animal Shelter Simulator,10,0.0034
1869,2083321391,Arachnophobic Kyle,10,0.0034
1870,1431504989,Assassin's Creed Brotherhood,10,0.0034
1871,1798776797,Bendy and the Dark Revival (Xbox Series X|S),10,0.0034
1872,1480657330,Bomberman Battlefest,10,0.0034
1873,1263405133,Castlevania: LoS 2,10,0.0034
1874,1801180387,Cat From Hell,10,0.0034
1875,1954997644,Construction Simulator 3 - Console Edition,10,0.0034
1876,1946372542,Cubic Odyssey,10,0.0034
1877,1730984142,Danganronpa 2: Goodbye Despair Anniversary Edition,10,0.0034
1878,2055582442,Danganronpa: Trigger Happy Havoc Anniversary Edition,10,0.0034
1879,1414596582,Darksiders,10,0.0034
1880,629798227,Deadpool,10,0.0034
1881,355178688,DiRT 4,10,0.0034
1882,1651415071,DRAGON BALL XENOVERSE 3,10,0.0034
1883,242301355,EA SPORTS™ NHL® 16,10,0.0034
1884,1941057630,Empire of the Ants,10,0.0034
1885,1958827848,Eternal Card Game,10,0.0034
1886,2062455421,Fernbus Simulator,10,0.0034
1887,1975562587,Forgive Me Father,10,0.0034
1888,1882538785,Forgive Me Father 2,10,0.0034
1889,21230315,Genesis Alpha One,10,0.0034
1890,1480656877,Geometry Wars Evolved,10,0.0034
1891,2086871459,Ground Zero,10,0.0034
1892,1131124715,"Guns, Gore and Cannoli",10,0.0034
1893,2062957237,Hell Let Loose: Vietnam,10,0.0034
1894,90991576,How To Survive 2,10,0.0034
1895,1982219874,Insects: An Xbox One X Enhanced Experience,10,0.0034
1896,1396901880,Kane & Lynch 2,10,0.0034
1897,1987951399,Lonely Mountains: Downhill,10,0.0034
1898,2147358433,Madden NFL 15,10,0.0034
1899,2020925735,Make Way,10,0.0034
1900,523468027,Mega Man 11,10,0.0034
1901,1973367334,MindsEye,10,0.0034
1902,2022357971,Monster Energy Supercross - The Official Videogame 4,10,0.0034
1903,311896559,Mount & Blade: Warband,10,0.0034
1904,2040686890,My Time at Sandrock,10,0.0034
1905,2006666244,NBA 2K21 Next Generation,10,0.0034
1906,1690896049,New Tales from the Borderlands,10,0.0034
1907,1887596214,Nickelodeon All-Star Brawl,10,0.0034
1908,2021405472,Nickelodeon Kart Racers 2: Grand Prix,10,0.0034
1909,1059087507,Octodad: Dadliest Catch,10,0.0034
1910,1692022171,OCTOPATH TRAVELER 0,10,0.0034
1911,1894255361,Placid Plastic Duck Simulator,10,0.0034
1912,104182544,Pro Evolution Soccer 2016,10,0.0034
1913,1641566497,Railroads Online,10,0.0034
1914,1901782415,Railway Empire 2 (Win),10,0.0034
1915,1883914934,RENNSPORT,10,0.0034
1916,818066257,Rugby League Live 4,10,0.0034
1917,1628932021,Scott Pilgrim EX,10,0.0034
1918,1414793256,Sid Meier's Pirates!,10,0.0034
1919,1906073826,Skullgirls 2nd Encore,10,0.0034
1920,844274714,Skylanders Imaginators,10,0.0034
1921,1917594775,Stampede: Racing Royale (Game Preview),10,0.0034
1922,1762712365,Stellaris,10,0.0034
1923,1978396801,Styx: Blades of Greed,10,0.0034
1924,1899691698,Super Fantasy Kingdom (Game Preview),10,0.0034
1925,1770175521,Surviving the Aftermath,10,0.0034
1926,1619109702,Tales of Symphonia Remastered,10,0.0034
1927,1915523932,Tempopo,10,0.0034
1928,1906078054,TERMINATOR: RESISTANCE,10,0.0034
1929,972022825,Tetris® Ultimate,10,0.0034
1930,706437546,The Awesome Adventures of Captain Spirit,10,0.0034
1931,1997447389,The Dark Pictures Anthology: The Devil in Me,10,0.0034
1932,1633778685,The Stanley Parable: Ultra Deluxe,10,0.0034
1933,1871105054,TY the Tasmanian Tiger HD,10,0.0034
1934,1654418819,Vampire Hunters,10,0.0034
1935,2084680545,Vapor World: Over The Mind,10,0.0034
1936,2039837995,We Were Here Forever,10,0.0034
1937,1708238224,Word Quest Fantasy,10,0.0034
1938,1888936506,Worms Armageddon: Anniversary Edition,10,0.0034
1939,1723509320,Amazing Frog? (Game Preview),9,0.0031
1940,433520651,Attack on Titan,9,0.0031
1941,1414793309,BioShock Infinite,9,0.0031
1942,2109985750,Blood: Refreshed Supply,9,0.0031
1943,1024154899,Boggle,9,0.0031
1944,1178929117,Bound by Flame,9,0.0031
1945,2122418461,Bratz® Rhythm & Style,9,0.0031
1946,1431504874,Brothers in Arms: HH,9,0.0031
1947,435779585,Capcom Beat 'Em Up Bundle,9,0.0031
1948,2014729842,Car For Sale Simulator 2023,9,0.0031
1949,2032548938,Cassette Beasts,9,0.0031
1950,1480657530,Castlevania HD,9,0.0031
1951,1480656871,Cloning Clyde,9,0.0031
1952,1480659546,Counter-Strike: GO,9,0.0031
1953,2004939306,Crysis 3 Remastered,9,0.0031
1954,94911754,Devil May Cry 5 Demo,9,0.0031
1955,1743219650,Disney Epic Mickey: Rebrushed,9,0.0031
1956,1671685084,Disney Epic Mickey: Rebrushed - Demo,9,0.0031
1957,1621285366,DOOM (1993),9,0.0031
1958,1641402901,Double Dragon Gaiden: Rise of the Dragons,9,0.0031
1959,1743457512,DRAGON QUEST BUILDERS 2,9,0.0031
1960,532569395,Drawful 2,9,0.0031
1961,1431505022,Driver San Francisco,9,0.0031
1962,1983248568,Eiyuden Chronicle: Hundred Heroes,9,0.0031
1963,2134693780,EVERSPACE™ 2,9,0.0031
1964,1851718938,FANTASY LIFE i: The Girl Who Steals Time,9,0.0031
1965,1733492292,Finding Frankie,9,0.0031
1966,1616852724,Full Throttle Remastered,9,0.0031
1967,1480657265,GAROU MOW,9,0.0031
1968,1690204019,Garten of Banban 3,9,0.0031
1969,2036291363,Garten of Banban 8: Anti Devil,9,0.0031
1970,1844195280,Go Mecha Ball,9,0.0031
1971,488865290,Gravel Demo,9,0.0031
1972,1129121860,GRID 2,9,0.0031
1973,620831719,GROW UP,9,0.0031
1974,2020032940,HAWKED,9,0.0031
1975,1775797026,Horizon Chase 2,9,0.0031
1976,1964820394,Hotline Miami Collection,9,0.0031
1977,2005346857,Idle Wizard,9,0.0031
1978,1906459372,Judgment,9,0.0031
1979,333457553,Just Dance® 2020,9,0.0031
1980,1703270586,Kingdom Come: Deliverance,9,0.0031
1981,542819315,Life is Strange: Before the Storm Episode 1,9,0.0031
1982,1973635123,Mad Streets,9,0.0031
1983,142841733,Madden NFL 25,9,0.0031
1984,196597117,Mega Man X Legacy Collection 2,9,0.0031
1985,23963413,Mega Man Zero/ZX Legacy Collection,9,0.0031
1986,1941838752,MELTY BLOOD: TYPE LUMINA,9,0.0031
1987,2045704503,Metaball,9,0.0031
1988,1263405120,METAL GEAR SOLID HD: 2 & 3,9,0.0031
1989,1263405116,MGS PW HD,9,0.0031
1990,1904044383,Minecraft Preview for Windows,9,0.0031
1991,1906370210,Minecraft: Java Edition,9,0.0031
1992,1885048343,Mr. Bomber,9,0.0031
1993,1839786246,Murdered: Soul Suspect,9,0.0031
1994,1670201710,My Little Universe Demo,9,0.0031
1995,83029588,NBA LIVE 18: The One Edition,9,0.0031
1996,1844719399,Nobody Wants to Die,9,0.0031
1997,933693396,ŌKAMI HD,9,0.0031
1998,2132252311,Olympic Games Tokyo 2020 – The Official Video Game™,9,0.0031
1999,1785122378,Omega Strikers,9,0.0031
2000,1977174786,ONE PIECE ODYSSEY,9,0.0031
2001,1727613823,Overcooked! 2,9,0.0031
2002,1759144821,PAC-MAN WORLD 2 Re-PAC,9,0.0031
2003,1815686049,Paper io 2,9,0.0031
2004,2142624894,PHOGS! Demo,9,0.0031
2005,172342998,PLAYERUNKNOWN’S BATTLEGROUNDS – Public Test Server,9,0.0031
2006,1702914632,Poker Club,9,0.0031
2007,1431504886,R.U.S.E.,9,0.0031
2008,1414596703,Red Faction: Armageddon,9,0.0031
2009,806435492,Road Redemption,9,0.0031
2010,2068415611,Rust Console Edition - Public Test Branch,9,0.0031
2011,1944780994,Scars Above,9,0.0031
2012,1532956420,Sébastien Loeb Rally EVO,9,0.0031
2013,2040578587,SHINOBI: Art of Vengeance,9,0.0031
2014,2021025006,Slender: The Arrival,9,0.0031
2015,1480659614,Sonic the Fighters,9,0.0031
2016,1480656995,Sonic The Hedgehog 2,9,0.0031
2017,1636452571,SRX: The Game,9,0.0031
2018,2079765251,Streets of Rogue,9,0.0031
2019,1999803984,The Amazing Spider-Man 2™,9,0.0031
2020,1892179113,The Last Faith,9,0.0031
2021,1313671253,The Witcher 2,9,0.0031
2022,1464993828,The Witcher 2: Assassins of Kings,9,0.0031
2023,2031756340,They Are Billions,9,0.0031
2024,2127247278,Thief Simulator 2,9,0.0031
2025,1902996251,Tides of Tomorrow,9,0.0031
2026,1807962365,Tiny Tina's Assault on Dragon Keep: A Wonderlands One-shot Adventure,9,0.0031
2027,2068094397,To the Moon and Beyond,9,0.0031
2028,1396901868,Tomb Raider Underworld,9,0.0031
2029,1695392136,Tormented Souls,9,0.0031
2030,2125289543,TRANSFORMERS™: Devastation,9,0.0031
2031,1910952414,TRIALS of MANA,9,0.0031
2032,1851490214,Tribes of Midgard,9,0.0031
2033,1754770560,Unicorn Overlord,9,0.0031
2034,1480659454,Virtua Fighter 5 Final Showdown,9,0.0031
2035,2009853302,Void of Crosshair,9,0.0031
2036,689916261,"Warhammer 40,000: Inquisitor - Martyr Ultimate Edition",9,0.0031
2037,586255311,WARRIORS OROCHI 3 Ultimate,9,0.0031
2038,1851310927,Who Wants to Be a Millionaire?,9,0.0031
2039,912199926,Yet Another Zombie Defense HD,9,0.0031
2040,1695141626,Zombies Ate My Neighbors and Ghoul Patrol,9,0.0031
2041,473358447,Zoo Tycoon: Ultimate Animal Collection Demo,9,0.0031
2042,1019936697,#IDARB,8,0.0027
2043,1937335069,A Gummy's Life,8,0.0027
2044,1480657115,A Kingdom for Keflings,8,0.0027
2045,70786264,ACA NEOGEO METAL SLUG 5,8,0.0027
2046,1790332447,Alien: Rogue Incursion Evolved Edition,8,0.0027
2047,1798477678,AO Tennis 2,8,0.0027
2048,1161889868,Army of Two™ (EU),8,0.0027
2049,1720903665,Autopsy Simulator,8,0.0027
2050,1042452848,Aven Colony,8,0.0027
2051,1864828194,Bendy: Lone Wolf,8,0.0027
2052,1969372075,BlazBlue: Cross Tag Battle Special Edition,8,0.0027
2053,1810243569,Brothers: A Tale of Two Sons Remake,8,0.0027
2054,1737803796,Clone Drone in the Danger Zone Demo,8,0.0027
2055,1414596758,Darksiders II,8,0.0027
2056,1622132960,Dead Cells,8,0.0027
2057,1724847740,Dead Island 2 (Windows),8,0.0027
2058,893913056,Destroy All Humans (2005),8,0.0027
2059,153292310,Disney Infinity 3.0 Edition,8,0.0027
2060,1951675244,DJMAX RESPECT V,8,0.0027
2061,1480657049,Domino Master,8,0.0027
2062,2125974437,Door Kickers: Action Squad,8,0.0027
2063,2046176982,Empire of Sin,8,0.0027
2064,1736752782,Expansion for Explorers,8,0.0027
2065,184042097,Fe,8,0.0027
2066,1479130986,FIFA 15 Downloadable Demo,8,0.0027
2067,461914906,FIFA 19 Demo,8,0.0027
2068,2077809328,Garten of Banban 4,8,0.0027
2069,2005313515,Garten of Banban 7,8,0.0027
2070,945174237,Geometry Wars™ 3: Dimensions Evolved,8,0.0027
2071,2101636955,Grand Theft Auto V Legacy (PC),8,0.0027
2072,341719186,"Guns, Gore and Cannoli 2",8,0.0027
2073,1480657520,Harms Way,8,0.0027
2074,1654652604,Heavy Cargo - The Truck Simulator,8,0.0027
2075,758563081,Horizon Chase Turbo,8,0.0027
2076,1930132661,Jotunnslayer: Hordes of Hel,8,0.0027
2077,1869923276,Katana ZERO,8,0.0027
2078,1749806231,Keep Talking and Nobody Explodes,8,0.0027
2079,1161890110,Kingdoms of Amalur: Reckoning,8,0.0027
2080,2028645063,Legend of Mana,8,0.0027
2081,389571069,LEGO® Dimensions™,8,0.0027
2082,1694487955,Life is Strange: True Colors,8,0.0027
2083,746718051,Mafia III Demo,8,0.0027
2084,1537894068,Magic 2015,8,0.0027
2085,1627771857,Marvel Cosmic Invasion Demo,8,0.0027
2086,2031634495,Mutant Football League 2,8,0.0027
2087,53175238,MXGP2 - Demo,8,0.0027
2088,1624572870,Ni no Kuni™ II: Revenant Kingdom - The Prince's Edition,8,0.0027
2089,1776537169,NINJA GAIDEN Σ2,8,0.0027
2090,2086200115,OCTOPATH TRAVELER II,8,0.0027
2091,2034484895,Out of Space: Couch Edition,8,0.0027
2092,1731213835,Pickup Driving - Free,8,0.0027
2093,1431504958,Prince of Persia The Forgotten Sands™,8,0.0027
2094,1731967517,Prison Escape Simulator,8,0.0027
2095,1112934361,Pure,8,0.0027
2096,24524637,Railway Empire,8,0.0027
2097,1685686710,Rogue Legacy 2,8,0.0027
2098,1745852530,RollerCoaster Tycoon 3 Complete Edition,8,0.0027
2099,764522213,Runbow,8,0.0027
2100,1709151881,Ship Graveyard Simulator 2,8,0.0027
2101,288915516,Skyforge,8,0.0027
2102,2010543124,Star Trek: Voyager - Across the Unknown,8,0.0027
2103,1618733759,Star Wars Outlaws - Free Demo,8,0.0027
2104,2120109308,STUFFED,8,0.0027
2105,1941370105,Supermarket Owner Simulator: Business,8,0.0027
2106,1874881573,Tales of Kenzera™: ZAU,8,0.0027
2107,1431504855,TC's SC Double Agent,8,0.0027
2108,1414793181,The Bureau,8,0.0027
2109,1480659512,The Cave,8,0.0027
2110,1414793198,The Darkness,8,0.0027
2111,1414793357,The Darkness II,8,0.0027
2112,1781023780,The Medium,8,0.0027
2113,1858859325,The Thing: Remastered,8,0.0027
2114,2099988016,Ticket to Ride®,8,0.0027
2115,1961294826,Top Racer Collection,8,0.0027
2116,1480657580,Toy Soldiers: Cold War,8,0.0027
2117,2008180842,Ultimate General: Civil War,8,0.0027
2118,2019181131,Wasteland 2: Director's Cut,8,0.0027
2119,2069910424,Yakuza 0 Director's Cut,8,0.0027
2120,1788295676,Yakuza 4 Remastered,8,0.0027
2121,1963899312,Yakuza Kiwami 2,8,0.0027
2122,570085654,8-Bit RTS Series,7,0.0024
2123,1038499153,A Hat in Time,7,0.0024
2124,398132983,ACA NEOGEO METAL SLUG 2,7,0.0024
2125,552749870,ACA NEOGEO THE KING OF FIGHTERS '98,7,0.0024
2126,1790739309,Ad Infinitum,7,0.0024
2127,579423182,Agony,7,0.0024
2128,1719440805,Alone in the Dark,7,0.0024
2129,2130794071,Apollo Justice: Ace Attorney Trilogy,7,0.0024
2130,2076917277,Army of Ruin,7,0.0024
2131,487844727,Assault Android Cactus,7,0.0024
2132,975485641,Back to the Future: The Game - 30th Anniversary Edition,7,0.0024
2133,1852580050,Barbie Project Friendship™,7,0.0024
2134,1414793313,BioShock 2,7,0.0024
2135,1639963506,BlackJack 21 Pro!,7,0.0024
2136,1535814857,BLADESTORM: Nightmare,7,0.0024
2137,1952427486,Bloodstained: Ritual of the Night,7,0.0024
2138,1297287135,Blue Dragon,7,0.0024
2139,1112934366,Bolt,7,0.0024
2140,1852853299,Call of Duty®: WWII (Windows),7,0.0024
2141,2144913935,Castlevania Anniversary Collection,7,0.0024
2142,1480659976,Castlevania: LoS - Mirror of Fate HD,7,0.0024
2143,1872307318,Chef Life: A Restaurant Simulator,7,0.0024
2144,2057723777,Classified: France '44,7,0.0024
2145,1480657343,Commander's Challenge,7,0.0024
2146,694139546,Crawl,7,0.0024
2147,1680662849,Destroy All Humans! 2 - Reprobed,7,0.0024
2148,576050592,DOOM Demo,7,0.0024
2149,2071918696,DRAGON QUEST I & II HD-2D Remake,7,0.0024
2150,548464799,EA SPORTS™ UFC®,7,0.0024
2151,1817638967,Echoes of the End: Enhanced Edition,7,0.0024
2152,1880860626,Escape Academy,7,0.0024
2153,1464993792,F.E.A.R. 3,7,0.0024
2154,942676443,F1™ 2016,7,0.0024
2155,1977040687,FINAL FANTASY VII REMAKE INTERGRADE DEMO,7,0.0024
2156,136671143,FINAL FANTASY XV MULTIPLAYER: COMRADES,7,0.0024
2157,1803141715,Football Manager 2024,7,0.0024
2158,1480656914,GALAGA,7,0.0024
2159,2022597828,Garten of Banban 0,7,0.0024
2160,1977804752,Gothic Classic,7,0.0024
2161,1902411725,Hell is Us,7,0.0024
2162,1797639733,Hidden Cats in Spooky Village,7,0.0024
2163,1958841023,Horror Adventure Demo,7,0.0024
2164,939695563,Hotshot Racing,7,0.0024
2165,447331588,I Am Bread,7,0.0024
2166,2144211794,Iron Harvest Complete Edition,7,0.0024
2167,2028720746,Junkyard Simulator,7,0.0024
2168,901962824,KartRider: Drift,7,0.0024
2169,1974645006,Killer Frequency,7,0.0024
2170,1939494382,KINGDOM HEARTS Ⅲ DEMO Version,7,0.0024
2171,1873492766,KINGDOM HEARTS HD 2.8 Final Chapter Prologue,7,0.0024
2172,70112963,Knight Squad,7,0.0024
2173,1920167136,Layers of Fear (2023),7,0.0024
2174,2002613703,Lethal League Blaze,7,0.0024
2175,149149959,Lies Of Astaroth,7,0.0024
2176,1655517847,Like a Dragon Gaiden: The Man Who Erased His Name,7,0.0024
2177,1764400723,Like a Dragon: Ishin!,7,0.0024
2178,1699337652,Little Nightmares II DEMO,7,0.0024
2179,322384131,Marvel: Ultimate Alliance,7,0.0024
2180,2025840804,METAL GEAR SOLID 3: Snake Eater - Master Collection Version,7,0.0024
2181,1869122946,MONOPOLY DEAL,7,0.0024
2182,2078832385,Monster Energy Supercross 4 - Xbox Series X|S,7,0.0024
2183,2070782109,Monster Prom: XXL,7,0.0024
2184,634240708,MotoGP™19,7,0.0024
2185,446256697,My Time At Portia,7,0.0024
2186,1480656988,N+,7,0.0024
2187,1708079118,NASCAR 21: Ignition,7,0.0024
2188,498956148,NASCAR Heat 2,7,0.0024
2189,2076732337,Necromunda: Hired Gun (Windows),7,0.0024
2190,1129121809,OF: Dragon Rising,7,0.0024
2191,1964152695,OneShot: World Machine Edition,7,0.0024
2192,308514854,Outward,7,0.0024
2193,1894365262,PAW Patrol: Grand Prix,7,0.0024
2194,572054432,Project CARS 3,7,0.0024
2195,957250252,Rapala Fishing: Pro Series,7,0.0024
2196,893913055,Red Faction II,7,0.0024
2197,1818899854,Resident Evil 3: Raccoon City Demo,7,0.0024
2198,1996943027,Revhead,7,0.0024
2199,1628140410,Rewind or Die,7,0.0024
2200,1914565485,Risk of Rain,7,0.0024
2201,1861374778,Rugby Challenge 3,7,0.0024
2202,2138535394,Rugby League Live 3,7,0.0024
2203,1693521674,Rumbleverse,7,0.0024
2204,1779343248,Sclash,7,0.0024
2205,1480657539,SEGA Bass Fishing,7,0.0024
2206,1480657777,Sega Vintage Collection: Streets of Rage,7,0.0024
2207,1147123126,Skylanders Trap Team,7,0.0024
2208,1480659442,SONIC 4 Episode II,7,0.0024
2209,1480659985,SOULCALIBUR II HD,7,0.0024
2210,2098784475,Soulstice,7,0.0024
2211,1480657295,Splosion Man,7,0.0024
2212,1663285336,STAR WARS™: Bounty Hunter™,7,0.0024
2213,1618827907,Starbound,7,0.0024
2214,2059797788,Super Meat Boy Forever,7,0.0024
2215,2070375454,SYNDUALITY Echo of Ada,7,0.0024
2216,1431504853,TC's GRAW,7,0.0024
2217,1691117579,Terminator 2D: NO FATE,7,0.0024
2218,1977179260,TES IV: Oblivion Remastered - Digital Artbook & Original Soundtrack,7,0.0024
2219,836165876,The Ascent,7,0.0024
2220,1733938741,The Coin Game,7,0.0024
2221,1621936599,The Expanse: Osiris Reborn - Beta,7,0.0024
2222,2116740682,The Grinch: Christmas Adventures - Merry & Mischievous Edition,7,0.0024
2223,1865341179,The MUSYNX,7,0.0024
2224,1776537730,The Sinking City Remastered,7,0.0024
2225,1431505093,The Stick of Truth™,7,0.0024
2226,1279330262,Thrillville: OTR,7,0.0024
2227,1683840789,Tomb Raider IV-VI Remastered,7,0.0024
2228,1702020699,Tourist Bus Simulator,7,0.0024
2229,1776829795,Virtua Fighter 5 R.E.V.O. World Stage - Demo,7,0.0024
2230,1682770291,"Warhammer 40,000: Chaos Gate - Daemonhunters",7,0.0024
2231,1629004246,We Love Katamari REROLL+ Royal Reverie,7,0.0024
2232,1926895632,We Were Here,7,0.0024
2233,1781945767,Wizard of Legend 2,7,0.0024
2234,2129059621,Wobbledogs Console Edition,7,0.0024
2235,1480657355,Wolfenstein 3D,7,0.0024
2236,2091194104,Wreckfest,7,0.0024
2237,181948997,WWE 2K15,7,0.0024
2238,2040239934,XDefiant,7,0.0024
2239,1989279553,Zoochosis,7,0.0024
2240,2146388451,3XTINCTION,6,0.002
2241,1779788068,9 Kings (Game Preview),6,0.002
2242,1722019576,9th Dawn Remake,6,0.002
2243,701037441,Age of Wonders: Planetfall,6,0.002
2244,946215144,AirMech® Arena,6,0.002
2245,1297287173,Alan Wake,6,0.002
2246,1758633519,Alien Hominid HD,6,0.002
2247,1712068512,Amanda the Adventurer,6,0.002
2248,880413309,Amnesia: Collection,6,0.002
2249,490460723,Arise: A Simple Story,6,0.002
2250,267850304,ATV Drift & Tricks Definitive Edition,6,0.002
2251,2138218417,Becastled,6,0.002
2252,1082339580,BLAZBLUE CHRONOPHANTASMA EXTEND,6,0.002
2253,1892026097,Bloodwash,6,0.002
2254,1480657070,Brain Challenge™,6,0.002
2255,1431505012,Call of Juarez Cartel,6,0.002
2256,1431504924,Call of Juarez: Bound in Blood,6,0.002
2257,1480656960,Carcassonne,6,0.002
2258,2122614052,Carmageddon: Rogue Shift,6,0.002
2259,1739606934,Castlevania Advance Collection,6,0.002
2260,1714744209,Catacomb Master,6,0.002
2261,1944645448,Chess Battle,6,0.002
2262,2102465429,Coffee Talk,6,0.002
2263,54541475,Construction Simulator 2 US - Console Edition,6,0.002
2264,1872937240,Copycat,6,0.002
2265,2079295420,Crash Team Rumble™,6,0.002
2266,1802226567,Curious Copy Cats,6,0.002
2267,1939160486,Dakar Desert Rally,6,0.002
2268,2065869943,Danganronpa V3: Killing Harmony Anniversary Edition,6,0.002
2269,1798666879,Dark Deception: Monsters & Mortals,6,0.002
2270,1414596709,de Blob 2 (2014),6,0.002
2271,1480657664,DEAD RISING 2: CASE WEST,6,0.002
2272,402672897,Death Squared,6,0.002
2273,710337025,Demo Middle-earth™: Shadow of War™,6,0.002
2274,1628098590,Destroy All Humans! 2 Reprobed,6,0.002
2275,852849518,Digimon Survive,6,0.002
2276,1480657549,DR2: CASE ZERO,6,0.002
2277,2050929089,DUCKSIDE (Game Preview),6,0.002
2278,1977810583,DUSK,6,0.002
2279,1558010571,DYNASTY WARRIORS 8 Empires,6,0.002
2280,1831247908,EA SPORTS™ FIFA 16 Downloadable Demo,6,0.002
2281,492699383,EA SPORTS™ NHL® 17,6,0.002
2282,1706704659,Eldest Souls,6,0.002
2283,1692950358,Exoprimal,6,0.002
2284,481925121,F1® 2018,6,0.002
2285,332903703,Fibbage: The Hilarious Bluffing Party Game,6,0.002
2286,1850924057,Fishing: North Atlantic,6,0.002
2287,1966202553,Fishing: North Atlantic Enhanced Edition,6,0.002
2288,321736949,Forza Motorsport 6 Demo,6,0.002
2289,1414596568,Frontlines:Fuel of War,6,0.002
2290,893913057,Full Spectrum Warrior,6,0.002
2291,1925360122,Gex Trilogy,6,0.002
2292,2126757651,Ghostrunner,6,0.002
2293,1770092694,Going Under,6,0.002
2294,2094693316,Golfing in Aether,6,0.002
2295,1758952227,Gothic 1 Remake - Demo,6,0.002
2296,1785738076,Grandia HD Collection,6,0.002
2297,2022315423,Gunsmith Simulator,6,0.002
2298,1880214966,Hello Neighbor: Hide and Seek,6,0.002
2299,1698046377,Highway Police Simulator,6,0.002
2300,2021447825,Hole Digging Master,6,0.002
2301,2058317945,Hotel Renovator,6,0.002
2302,1660075534,Hunting Simulator 2 Xbox One,6,0.002
2303,1480657391,Hydrophobia,6,0.002
2304,1480657722,I Am Alive™,6,0.002
2305,1672730245,In Sound Mind,6,0.002
2306,2037481046,Inertial Drift,6,0.002
2307,909182696,Infinite Minigolf,6,0.002
2308,2057958746,Just Dance® 2021,6,0.002
2309,1712709524,KINGDOM HEARTS Melody of Memory (International),6,0.002
2310,1660823717,LEGO® Brawls,6,0.002
2311,1929376326,Lil Gator Game,6,0.002
2312,1128466398,LOST PLANET COLONIES,6,0.002
2313,1925076302,Marathon Server Slam,6,0.002
2314,1480660055,MONOPOLY PLUS,6,0.002
2315,576433659,Moto Racer 4,6,0.002
2316,593565047,MY HERO ONE’S JUSTICE,6,0.002
2317,1991467401,My Little Universe,6,0.002
2318,607267025,N++ (NPLUSPLUS),6,0.002
2319,113198981,NBA 2K18: The Prelude,6,0.002
2320,1480657439,NEOGEO BATTLE COLISEUM,6,0.002
2321,1706007518,Nexomon: Extinction,6,0.002
2322,2095724117,Nice Day for Fishing,6,0.002
2323,1263929316,NINJA GAIDEN 3: RE,6,0.002
2324,1868841248,Nobody Saves the World,6,0.002
2325,1819944286,Nun Massacre,6,0.002
2326,1718697574,OCTOPATH TRAVELER,6,0.002
2327,1146095594,Onechanbara,6,0.002
2328,1620604447,Only Up Rush,6,0.002
2329,1893882441,OUTRIDERS Demo,6,0.002
2330,843014522,Pathfinder: Kingmaker - Definitive Edition,6,0.002
2331,1926352092,PBA Pro Bowling,6,0.002
2332,1712366974,PC Building Simulator,6,0.002
2333,884526952,Planetbase,6,0.002
2334,1695271858,PowerWash Simulator Demo,6,0.002
2335,481098309,Pure Farming 2018,6,0.002
2336,1480657006,Puzzle Fighter HD,6,0.002
2337,1784625849,Queen's Quest 5: Symphony of Death (Xbox Version),6,0.002
2338,2117633627,Quiplash 2 InterLASHional: The Say Anything Party Game!,6,0.002
2339,1629830364,Rayman: 30th Anniversary Edition,6,0.002
2340,2133414343,Recycling Center Simulator,6,0.002
2341,2122057393,Relooted,6,0.002
2342,1853277604,RetroRealms Arcade,6,0.002
2343,1313671123,Ridge Racer 6,6,0.002
2344,1619865604,Ring of Pain,6,0.002
2345,1738390204,Rivals of Aether,6,0.002
2346,1804278141,Rugby 22 Xbox One,6,0.002
2347,365310947,Scribblenauts Mega Pack,6,0.002
2348,52620879,Scribblenauts Showdown,6,0.002
2349,1641777228,Serious Sam 4,6,0.002
2350,1480656853,Small Arms,6,0.002
2351,1179584488,Sniper Elite V2,6,0.002
2352,60656359,SOMA,6,0.002
2353,1480656996,Sonic The Hedgehog,6,0.002
2354,1628869222,Soulstone Survivors,6,0.002
2355,778803087,Spacelords,6,0.002
2356,2051631747,Spectre Divide,6,0.002
2357,2037835570,Square Enix Digital Content Viewer,6,0.002
2358,1876484566,STORY OF SEASONS: Friends of Mineral Town,6,0.002
2359,1414596596,Stuntman: Ignition,6,0.002
2360,300578609,Styx: Shards of Darkness,6,0.002
2361,1780525037,Sunset Motel,6,0.002
2362,1866825187,Super Monkey Ball: Banana Blitz HD,6,0.002
2363,462214672,Table Top Racing: World Tour,6,0.002
2364,2058683262,Teenage Mutant Ninja Turtles: Mutants Unleashed,6,0.002
2365,157772240,The Bard's Tale IV: Director's Cut,6,0.002
2366,1733173772,The Bard's Tale Trilogy,6,0.002
2367,1968679051,The Cabin Factory,6,0.002
2368,1678789545,The Eternal Life of Goldman Demo,6,0.002
2369,2011673728,THE HOUSE OF THE DEAD 2: Remake,6,0.002
2370,1668095237,The Jackbox Naughty Pack,6,0.002
2371,1811248495,The Jackbox Party Pack 10,6,0.002
2372,1637976314,The Jackbox Survey Scramble,6,0.002
2373,1978376107,The Occultist,6,0.002
2374,1785417254,The Oregon Trail,6,0.002
2375,1889167057,The Walking Dead: Destinies,6,0.002
2376,1967005422,The Wandering Village,6,0.002
2377,193310209,The Witness,6,0.002
2378,467118163,Titan Quest,6,0.002
2379,1396901844,Tomb Raider:Legend,6,0.002
2380,519443170,Torment: Tides of Numenera,6,0.002
2381,703997631,TowerFall Ascension,6,0.002
2382,1905434171,TRAIL OUT,6,0.002
2383,1913216462,Trine Enchanted Edition,6,0.002
2384,239008106,Tropico 5 - Penultimate Edition,6,0.002
2385,1879353165,TT Isle of Man Ride on the Edge 2,6,0.002
2386,2061154621,Under Par Golf Architect,6,0.002
2387,474535578,WARRIORS OROCHI 4,6,0.002
2388,1955199870,We Were Here Together,6,0.002
2389,2030769510,Werewolf: The Apocalypse - Earthblood Xbox One,6,0.002
2390,2008301104,Wildgate,6,0.002
2391,940586683,Wizard of Legend,6,0.002
2392,1709000658,Word Quest: Cyberpunk,6,0.002
2393,1048549433,WRC 6 FIA World Rally Championship,6,0.002
2394,1894333860,WRC 8 FIA World Rally Championship Xbox One,6,0.002
2395,1770084088,Wreckfest 2,6,0.002
2396,1955180046,Zoo Tycoon Demo,6,0.002
2397,2073237270,60 Parsecs!,5,0.0017
2398,593828894,Absolver,5,0.0017
2399,983914761,ACA NEOGEO METAL SLUG 3,5,0.0017
2400,419725624,ACA NEOGEO THE KING OF FIGHTERS '97,5,0.0017
2401,1672129931,Across the Obelisk,5,0.0017
2402,1630807758,Age of Water,5,0.0017
2403,1958267791,AK-xolotl: Together,5,0.0017
2404,1480659507,Alan Wake's American Nightmare ®,5,0.0017
2405,1910091538,Alfred Hitchcock - Vertigo,5,0.0017
2406,652901378,APB Reloaded,5,0.0017
2407,244952910,Aragami: Shadow Edition,5,0.0017
2408,1614240330,Baldur's Gate: Dark Alliance,5,0.0017
2409,965872275,Ben 10,5,0.0017
2410,1776284292,Beyond Words,5,0.0017
2411,2111261259,Biped,5,0.0017
2412,402049843,Black Desert,5,0.0017
2413,2039195750,Blacksad - Under the Skin (Xbox Series),5,0.0017
2414,1988745404,Blazing Beaks,5,0.0017
2415,1850970705,Blazing Chrome,5,0.0017
2416,2028748673,Bleak Faith,5,0.0017
2417,1661717515,Blood Bowl 3,5,0.0017
2418,1617823540,Bomb Rush Cyberfunk,5,0.0017
2419,1965847665,BRAVELY DEFAULT FLYING FAIRY HD Remaster,5,0.0017
2420,1899809649,Bubble Shooter Viking Pop!,5,0.0017
2421,2098202394,Candy Crush Saga,5,0.0017
2422,1931470162,Car Driving School Simulator,5,0.0017
2423,870299798,Carnival Games®,5,0.0017
2424,1696049385,Carnivores: Dinosaur Hunt,5,0.0017
2425,1414596609,Cars MN,5,0.0017
2426,293403523,Cartoon Network: Battle Crashers,5,0.0017
2427,521255269,Casey Powell Lacrosse 16,5,0.0017
2428,1480659655,Castle of Illusion,5,0.0017
2429,2012135933,Castlevania Dominus Collection,5,0.0017
2430,1967883584,Chorus,5,0.0017
2431,1842022716,Colt Canyon,5,0.0017
2432,1846285148,CrossfireX,5,0.0017
2433,1959842755,Death's Door,5,0.0017
2434,1129121861,DiRT Showdown,5,0.0017
2435,1112934403,Disney Universe,5,0.0017
2436,1480659907,Dungeons & Dragons: Chronicles of Mystara,5,0.0017
2437,531404425,DYNASTY WARRIORS 9,5,0.0017
2438,468454494,EA SPORTS™ FIFA 17 Downloadable Demo,5,0.0017
2439,1146095571,EDF 2017,5,0.0017
2440,1704101432,Empyreal,5,0.0017
2441,1989971377,Exit the Gungeon,5,0.0017
2442,1639220334,Exo One,5,0.0017
2443,1709057471,FATAL FRAME: Mask of the Lunar Eclipse,5,0.0017
2444,548611852,FIFA 20 Demo,5,0.0017
2445,1799236568,FINAL FANTASY V,5,0.0017
2446,1397819398,FINAL FANTASY XIII-2,5,0.0017
2447,1756167397,FINAL FANTASY XVI DEMO,5,0.0017
2448,1805284872,Five Nights at Freddy's: Help Wanted 2,5,0.0017
2449,1691539579,Flappy Fly,5,0.0017
2450,564985242,Forza Horizon 3 Demo,5,0.0017
2451,1980291965,FPV Simulator,5,0.0017
2452,2043510457,Friends vs Friends,5,0.0017
2453,1705113845,Garten of Banban 6,5,0.0017
2454,2054890337,Get To Work,5,0.0017
2455,2049725828,GOALS Beta,5,0.0017
2456,1696466008,GRAVEN,5,0.0017
2457,453673951,Guitar Hero Live,5,0.0017
2458,1822336858,Hand of Fate,5,0.0017
2459,1704654963,Happy's Humble Burger Farm,5,0.0017
2460,1670362756,Heliborne,5,0.0017
2461,1618000323,Hidden Cats in Christmas,5,0.0017
2462,2117139021,Hidden Cats in Istanbul,5,0.0017
2463,1622108683,I Am Your President,5,0.0017
2464,1480657557,Iron Brigade,5,0.0017
2465,65384566,Jumanji: The Video Game,5,0.0017
2466,1925586579,Jump King,5,0.0017
2467,1206122062,Just Dance 2016,5,0.0017
2468,2004313785,KILL KNIGHT,5,0.0017
2469,2120517852,Killing Time: Resurrected,5,0.0017
2470,1809430288,Kitten Island,5,0.0017
2471,1703986144,Kristala,5,0.0017
2472,522988823,LA Cops,5,0.0017
2473,1912466607,Laundry Store Simulator,5,0.0017
2474,2121317693,LEGO® Builder's Journey,5,0.0017
2475,1615197965,Let's Build a Zoo,5,0.0017
2476,1128466480,Lost Planet 3,5,0.0017
2477,1977505997,Maid of Sker,5,0.0017
2478,1886514325,Marble It Up! Ultra,5,0.0017
2479,645046198,Marvel vs. Capcom: Infinite Demo,5,0.0017
2480,1687585446,MENACE (Game Preview),5,0.0017
2481,1889275388,Metal Eden,5,0.0017
2482,1766280986,METAL SLUG ATTACK RELOADED,5,0.0017
2483,1747564672,Microsoft Treasure Hunt,5,0.0017
2484,2142315481,Mighty Morphin Power Rangers: Rita's Rewind,5,0.0017
2485,186591858,Monstrum,5,0.0017
2486,2079227086,MotoGP™20,5,0.0017
2487,1696839999,MXGP 24: The Official Game,5,0.0017
2488,1756205157,MySims™,5,0.0017
2489,1802006334,Neon Abyss,5,0.0017
2490,1737346272,Neverwinter Nights: Enhanced Edition,5,0.0017
2491,1961823263,NHL® 22 Xbox Series X|S,5,0.0017
2492,2121532136,Once Upon A KATAMARI,5,0.0017
2493,1129121801,Overlord II,5,0.0017
2494,1480657548,PAC-MAN CE DX+,5,0.0017
2495,2089042924,Paleo Pines,5,0.0017
2496,1827996338,PBA Pro Bowling 2023,5,0.0017
2497,1691501118,Peglin,5,0.0017
2498,1885723806,Pengilo,5,0.0017
2499,267248679,Phantom Dust,5,0.0017
2500,1818736509,Pinball FX2 Windows 10 Edition,5,0.0017
2501,2071988780,Port Royale 4,5,0.0017
2502,1628806449,Potion Craft: Alchemist Simulator,5,0.0017
2503,965890138,Project Highrise: Architect's Edition,5,0.0017
2504,848477962,Pure Chess,5,0.0017
2505,2099711760,R.B.I. Baseball 20,5,0.0017
2506,126264108,Rebel Galaxy,5,0.0017
2507,1223839444,RIDE,5,0.0017
2508,2028872815,ROMEO IS A DEAD MAN,5,0.0017
2509,2028931904,Rugby 20,5,0.0017
2510,1932118899,Saint Slayer: Spear of Sacrilege,5,0.0017
2511,1753316980,Sanicball Xbox version,5,0.0017
2512,1613348546,Sea of Stars: Sunset Edition,5,0.0017
2513,865750499,Shantae: Half-Genie Hero,5,0.0017
2514,1963476984,Sherlock Holmes Chapter One,5,0.0017
2515,1666530622,Shy Cats Hidden Orchestra 2,5,0.0017
2516,708889423,Slain: Back from Hell,5,0.0017
2517,1166935255,Slender: The Arrival (2015),5,0.0017
2518,2047898532,Snowboard Legends Demo,5,0.0017
2519,1480657523,Stacking,5,0.0017
2520,1813336489,Starship Troopers: Ultimate Bug War!,5,0.0017
2521,1617919722,SUPER BOMBERMAN COLLECTION,5,0.0017
2522,2039224282,Super Monkey Ball Banana Mania,5,0.0017
2523,1849290790,Super Scooter,5,0.0017
2524,1949756621,Surgeon Simulator 2,5,0.0017
2525,1624264477,Taiko no Tatsujin: The Drum Master!,5,0.0017
2526,1984077720,Tales of the Shire: A The Lord of The Rings™ Game,5,0.0017
2527,308135722,Tales of Vesperia™: Definitive Edition,5,0.0017
2528,1779181957,Tavern Manager Simulator,5,0.0017
2529,1873939850,Teenage Mutant Ninja Turtles Arcade: Wrath of the Mutants,5,0.0017
2530,2101116288,Tennis Elbow 4,5,0.0017
2531,1480656886,Texas Hold'em,5,0.0017
2532,2016552136,The Catch: Carp & Coarse Fishing,5,0.0017
2533,939155231,The Council - Episode 1: The Mad Ones,5,0.0017
2534,2115998347,The Drone Racing League Simulator,5,0.0017
2535,1821165740,The Eternal Cylinder,5,0.0017
2536,2079588618,The Last Campfire,5,0.0017
2537,1414596562,The Outfit,5,0.0017
2538,1161955801,The Technomancer,5,0.0017
2539,1651850203,Tour de France 2024,5,0.0017
2540,1763742865,Train Sim World® 2,5,0.0017
2541,911120656,Tumblestone,5,0.0017
2542,2093112005,Turok 3: Shadow of Oblivion Remastered,5,0.0017
2543,1882728475,TY the Tasmanian Tiger™ 2: Bush Rescue™ HD,5,0.0017
2544,1777656573,Vanquish,5,0.0017
2545,1959830280,Virtua Fighter 5 R.E.V.O. World Stage,5,0.0017
2546,1807860559,Werewolf: The Apocalypse - Earthblood Xbox Series X|S,5,0.0017
2547,1995157831,Wildfrost,5,0.0017
2548,1777058720,Yakuza 5 Remastered,5,0.0017
2549,555542903,Yoku's Island Express,5,0.0017
2550,1520322998,Zombie Army Trilogy,5,0.0017
2551,711381438,Zoo Tycoon,5,0.0017
2552,1480656961,3D Ultra™ Minigolf,4,0.0014
2553,1689292278,63 Days Demo,4,0.0014
2554,949699803,ABZU,4,0.0014
2555,426534329,ACA NEOGEO THE KING OF FIGHTERS '96,4,0.0014
2556,983906598,ACA NEOGEO THE KING OF FIGHTERS '99,4,0.0014
2557,1313671121,ACE COMBAT 6,4,0.0014
2558,585188640,Aces of the Luftwaffe - Squadron,4,0.0014
2559,219620906,ADIOS Amigos,4,0.0014
2560,1628334164,Adventures of a Cat In Space Demo,4,0.0014
2561,1664723386,Afterimage,4,0.0014
2562,1064538690,Air Missions: HIND,4,0.0014
2563,1480660006,AirMech Arena,4,0.0014
2564,1847254069,Alex Kidd in Miracle World DX,4,0.0014
2565,2000460393,Alien Hominid Invasion,4,0.0014
2566,1871850764,Amanda the Adventurer 2,4,0.0014
2567,2075295469,Amber Alert Director's cut,4,0.0014
2568,189808036,American Fugitive,4,0.0014
2569,2066750369,APG: A Plane Game,4,0.0014
2570,1741728886,Arcade Paradise,4,0.0014
2571,682100179,Armello,4,0.0014
2572,670545608,Armored Warfare,4,0.0014
2573,1877455960,art of rally,4,0.0014
2574,1910615612,Asterix & Obelix Slap Them All!,4,0.0014
2575,1744435907,Atelier Yumia: The Alchemist of Memories & the Envisioned Land (Xbox Series X|S),4,0.0014
2576,1771834186,ATLAS (Game Preview),4,0.0014
2577,2042945112,Atomicrops,4,0.0014
2578,1694852268,Avatar The Last Airbender: Quest for Balance,4,0.0014
2579,1656426851,Axis Football 2026,4,0.0014
2580,2078107330,Bad Cheese,4,0.0014
2581,1161889785,Battlefield: Bad Company,4,0.0014
2582,2127399021,Beautiful Sakura: Volleyball Club 2,4,0.0014
2583,1480657658,Beyond Good & Evil HD,4,0.0014
2584,1618388364,Beyond Hanwell,4,0.0014
2585,1021034070,Big Buck Hunter Arcade,4,0.0014
2586,2061970650,BLACKTAIL,4,0.0014
2587,173291706,Blood Bowl 2,4,0.0014
2588,1480657786,Bloodforge,4,0.0014
2589,1862346957,BloodRayne: ReVamped,4,0.0014
2590,1800572506,Bloodshed,4,0.0014
2591,1698796012,Bloons TD 6,4,0.0014
2592,1664817482,Blue Fire,4,0.0014
2593,1879813340,Breathedge,4,0.0014
2594,1950881463,Bum Simulator,4,0.0014
2595,2102100337,Cake Bash Demo,4,0.0014
2596,1650593751,Calico,4,0.0014
2597,1646378646,Cat Quest III,4,0.0014
2598,1858000832,Caterpillar,4,0.0014
2599,2137663855,Chip ‘n Clawz vs. The Brainioids,4,0.0014
2600,1717280173,CHRONO CROSS: THE RADICAL DREAMERS EDITION,4,0.0014
2601,1736174077,City Transport Simulator: Tram,4,0.0014
2602,164052911,Coffin Dodgers,4,0.0014
2603,1480656920,Contra,4,0.0014
2604,2011564314,Contra: Operation Galuga,4,0.0014
2605,1843804163,Cooking Simulator Windows,4,0.0014
2606,2113258996,Core Keeper,4,0.0014
2607,1642353875,Craftopia,4,0.0014
2608,2026017924,Creaks,4,0.0014
2609,1620274602,Cricket 19,4,0.0014
2610,1916543336,Croc's World (Xbox-Edition),4,0.0014
2611,1753293863,CrushBorgs (Xbox One),4,0.0014
2612,1935688591,Daemon X Machina: Titanic Scion,4,0.0014
2613,502883447,Dead Island Retro Revenge,4,0.0014
2614,893913045,Deadfall Adventures,4,0.0014
2615,125143641,Deadlight: Director's Cut,4,0.0014
2616,1480657099,Defense Grid,4,0.0014
2617,382896606,Desperados III,4,0.0014
2618,2116371080,Dicey Dungeons,4,0.0014
2619,1713897069,Dog Man: Mission Impawsible Demo,4,0.0014
2620,2078926688,DOOM II (Classic),4,0.0014
2621,534038970,Dovetail Games Euro Fishing,4,0.0014
2622,1480657802,Dragon's Lair,4,0.0014
2623,1629928134,DRAGON QUEST III HD-2D Remake,4,0.0014
2624,1733486308,Dread Delusion,4,0.0014
2625,1757950833,DreamWorks All-Star Kart Racing,4,0.0014
2626,1947615527,Drova - Forsaken Kin,4,0.0014
2627,1480659910,DuckTales: Remastered,4,0.0014
2628,1414793294,Duke Nukem Forever,4,0.0014
2629,1995684972,Dune: Spice Wars,4,0.0014
2630,1799540443,Dungeons & Dragons Neverwinter Nights 2: Enhanced Edition,4,0.0014
2631,1771234675,Dungeons 4,4,0.0014
2632,536104326,EA SPORTS™ UFC® Demo,4,0.0014
2633,1146095609,Earth Defense Force: IA,4,0.0014
2634,1621792721,EBOLA VILLAGE,4,0.0014
2635,1748036661,Electrician Simulator,4,0.0014
2636,809464104,Elex,4,0.0014
2637,1985585702,Endzone - A World Apart: Survivor Edition,4,0.0014
2638,1930656280,Enotria: The Last Song,4,0.0014
2639,1756983532,Evil Genius 2: World Domination,4,0.0014
2640,1887182103,F1® Manager 2022,4,0.0014
2641,1198695408,F1™ 2015,4,0.0014
2642,1480659518,Far Cry Classic,4,0.0014
2643,82367207,Farmer's Dynasty,4,0.0014
2644,1661863954,FATE: Reawakened,4,0.0014
2645,1431504860,FC Instincts Predator,4,0.0014
2646,2082350956,Fishing Sim World: Bass Pro Shops Edition,4,0.0014
2647,1890880304,Fobia - St. Dinfna Hotel,4,0.0014
2648,643698720,Forza Horizon 2 Demo,4,0.0014
2649,1627281209,FUSER™,4,0.0014
2650,1788626737,Golazo!,4,0.0014
2651,2058395991,Golf Guys,4,0.0014
2652,1705150859,Greedland,4,0.0014
2653,943719970,GRID,4,0.0014
2654,1923234340,GRIME II,4,0.0014
2655,1958071699,Guacamelee! Super Turbo Championship Edition,4,0.0014
2656,1919864396,Handball 21,4,0.0014
2657,1480657432,Hard Corps: Uprising,4,0.0014
2658,1924130173,Haven,4,0.0014
2659,1796297550,Hidden Cats in New York,4,0.0014
2660,1702609951,Hidden Cats in Paris,4,0.0014
2661,331529974,Hitman: Blood Money HD,4,0.0014
2662,1700671760,Hoof and Seek,4,0.0014
2663,1026512979,How to Survive: Storm Warning Edition,4,0.0014
2664,1829828400,HUMANKIND™,4,0.0014
2665,1038862451,HYPER SCAPE,4,0.0014
2666,1944442924,Jet Battle : Remastered Demo,4,0.0014
2667,1832432939,Johnny Trigger,4,0.0014
2668,944228222,Journey to the Savage Planet,4,0.0014
2669,2004666712,Journey To The Savage Planet: Employee Of The Month,4,0.0014
2670,1003093254,Just Dance 2017®,4,0.0014
2671,611794133,Just Dance 2019®,4,0.0014
2672,1816678719,KeyWe,4,0.0014
2673,1840996916,Kinect Sports Rivals,4,0.0014
2674,649279273,King's Quest™,4,0.0014
2675,1989445813,Knight Squad 2,4,0.0014
2676,1480657105,KOF98UM,4,0.0014
2677,1668424649,Kulebra and the Souls of Limbo: Closure Edition,4,0.0014
2678,2041063925,Lake,4,0.0014
2679,240478325,Layers of Fear (2016),4,0.0014
2680,1073523542,LEGO® STAR WARS™: The Force Awakens Demo,4,0.0014
2681,191432544,LEGO® The Hobbit™ Demo,4,0.0014
2682,2035287816,Let Them Come: Onslaught,4,0.0014
2683,2096549844,Liftoff: Drone Racing,4,0.0014
2684,2056027793,Little Strays,4,0.0014
2685,779348826,Livelock,4,0.0014
2686,1886359133,Looney Tunes: Wacky World of Sports,4,0.0014
2687,1886840872,Loop Hero,4,0.0014
2688,798834281,Manual Samuel Last Tuesday Edition,4,0.0014
2689,1712252493,March of Empires,4,0.0014
2690,1060304103,Marooners,4,0.0014
2691,433988710,MASSIVE CHALICE,4,0.0014
2692,2130574527,Matchpoint - Tennis Championships,4,0.0014
2693,1911247850,Meet Your Maker,4,0.0014
2694,2098595996,Meow Moments: Celebrating Myth & Machine,4,0.0014
2695,1947752727,Monster Hunter Stories 3: Twisted Reflection Trial Version,4,0.0014
2696,703886774,Monster Jam: Crush It!,4,0.0014
2697,1781365913,Monster Train,4,0.0014
2698,1806088999,Monsters are Coming!,4,0.0014
2699,1983120305,Moon Mystery,4,0.0014
2700,1847551904,Morbid: The Seven Acolytes,4,0.0014
2701,905842411,Mutant Football League,4,0.0014
2702,37469967,NBA Playgrounds,4,0.0014
2703,2036125374,Neon White,4,0.0014
2704,2085418848,Nexomon,4,0.0014
2705,2104142109,Night Slashers: Remake,4,0.0014
2706,1700516900,NINJA GAIDEN 3: Razor's Edge,4,0.0014
2707,301029247,Oddworld: New 'n' Tasty,4,0.0014
2708,1707083836,One Military Camp,4,0.0014
2709,806794764,Override: Mech City Brawl,4,0.0014
2710,2090177606,PERISH,4,0.0014
2711,912254227,Pit People,4,0.0014
2712,2046628793,PixARK,4,0.0014
2713,1264125919,Port Royale 3,4,0.0014
2714,1789157539,Puyo Puyo™ Tetris® 2,4,0.0014
2715,137470980,R.B.I. Baseball 14,4,0.0014
2716,99185600,R.B.I. Baseball 18,4,0.0014
2717,1958527888,Rain World Demo,4,0.0014
2718,1431504883,Rayman Raving Rabbids,4,0.0014
2719,1884102336,Return of the Obra Dinn,4,0.0014
2720,1704946873,Romancing SaGa 2: Revenge of the Seven,4,0.0014
2721,2001626208,Roots of Pacha,4,0.0014
2722,1690094100,Run Sausage Run!,4,0.0014
2723,1788292351,RUSHING BEAT X: Return Of Brawl Brothers,4,0.0014
2724,2045526445,S.T.A.L.K.E.R.: Clear Sky - Enhanced Edition,4,0.0014
2725,1263339473,Sacred 2 Fallen Angel,4,0.0014
2726,1708768275,Saints Row Boss Factory,4,0.0014
2727,544561028,Shadow Warrior 2,4,0.0014
2728,1953391836,Shadowrun Returns,4,0.0014
2729,1480659468,Shank™2,4,0.0014
2730,2123021352,Sherlock Holmes: The Devil's Daughter Redux,4,0.0014
2731,1632941844,SHMUP Mania,4,0.0014
2732,247124088,Shovel Knight: Treasure Trove,4,0.0014
2733,687576060,Skylanders SuperChargers Portal Owner's Pack,4,0.0014
2734,1613869684,Skylanders SWAP Force,4,0.0014
2735,1657758963,Slay the Princess - The Pristine Cut,4,0.0014
2736,1671676860,Snakeybus,4,0.0014
2737,2128705961,Solitaire HD,4,0.0014
2738,1480656957,Soltrio Solitaire,4,0.0014
2739,1480657348,Sonic & Knuckles,4,0.0014
2740,450682088,Sparkle 2,4,0.0014
2741,1414793283,Spec Ops: The Line,4,0.0014
2742,2088823549,Star Trek: Legends,4,0.0014
2743,1866412321,Star Trek: Voyager - Across the Unknown Demo,4,0.0014
2744,2050520287,STRANGER OF PARADISE FINAL FANTASY ORIGIN,4,0.0014
2745,1681653389,Stray Gods: The Roleplaying Musical,4,0.0014
2746,1760369741,SULFUR Demo,4,0.0014
2747,1655214141,Super World Run - Adventure Game,4,0.0014
2748,1839740207,Supraland,4,0.0014
2749,1689702773,Survive on Raft,4,0.0014
2750,1688544029,Tales of Berseria Remastered,4,0.0014
2751,1431504864,TC's EndWar,4,0.0014
2752,1970353365,Terminal 81 (Xbox Series X|S),4,0.0014
2753,1881824137,Tetris® Forever,4,0.0014
2754,1651981610,The Bluecoats: North & South,4,0.0014
2755,575803834,The Golf Club 2™,4,0.0014
2756,247774493,The Incredible Adventures of Van Helsing,4,0.0014
2757,1772965835,The Last Stand: Aftermath,4,0.0014
2758,2128187549,The Walking Zombie 2,4,0.0014
2759,424855892,This Is the Police,4,0.0014
2760,874691210,This War of Mine: The Little Ones,4,0.0014
2761,2002692571,Timberman VS,4,0.0014
2762,2080427416,Tony Hawk's™ Pro Skater™ 3 + 4 - Foundry Demo,4,0.0014
2763,21471625,Torchlight II,4,0.0014
2764,1760551143,Touhou Luna Nights,4,0.0014
2765,1721366178,Toy Soldiers HD,4,0.0014
2766,1887639245,Tracks - The Train Set Game,4,0.0014
2767,974917521,Train Sim World® 2020,4,0.0014
2768,75584766,Trine 4: The Nightmare Prince,4,0.0014
2769,1112934381,Tron: Evolution,4,0.0014
2770,1264125916,Tropico 4,4,0.0014
2771,2078968222,Truck Driver: The American Dream,4,0.0014
2772,547734537,Truck Racing Championship,4,0.0014
2773,1639077434,UFOPHILIA,4,0.0014
2774,1760673470,Ultimate General: Civil War - Demo,4,0.0014
2775,2010231457,Ultra Foodmess,4,0.0014
2776,1683451145,Ultra Foodmess Deluxe,4,0.0014
2777,2117776820,UnderMine,4,0.0014
2778,2123218936,Unmourned Demo,4,0.0014
2779,1297549275,Unreal Tournament III,4,0.0014
2780,1397033025,VANQUISH,4,0.0014
2781,1975267359,"Warhammer 40,000: Mechanicus",4,0.0014
2782,2078235268,"Warhammer 40,000: Shootas, Blood & Teef",4,0.0014
2783,648298719,Warhammer: Chaosbane Xbox One,4,0.0014
2784,2026783353,Wayfinder,4,0.0014
2785,1892485156,We Were Here Expeditions: The FriendShip,4,0.0014
2786,2125765747,Windbound,4,0.0014
2787,2060086474,World Geography Trivia Quiz,4,0.0014
2788,1414793346,XCOM®: Enemy Unknown,4,0.0014
2789,1755180052,Yakuza 3 Remastered,4,0.0014
2790,2081112709,Zaccaria Pinball,4,0.0014
2791,1848677374,ZDQ Island Engagement,4,0.0014
2792,1263405122,ZOE HD ,4,0.0014
2793,1855137956,2URVIVE,3,0.001
2794,1970931118,3 Player Battle,3,0.001
2795,1745806870,7 Days to Die (Game Preview),3,0.001
2796,2007033271,80's OVERDRIVE,3,0.001
2797,1682735559,9 Monkeys of Shaolin,3,0.001
2798,1806866056,A Building Full of Cats,3,0.001
2799,88086791,A KING'S TALE: FINAL FANTASY XV,3,0.001
2800,2122751230,A Short Hike,3,0.001
2801,300527443,ACA NEOGEO THE KING OF FIGHTERS '94,3,0.001
2802,1763236945,AFL Evolution 2,3,0.001
2803,1629096088,Agatha Christie - Murder on the Orient Express,3,0.001
2804,1859288114,AirportSim,3,0.001
2805,2021205208,Ancestors Legacy,3,0.001
2806,1818579429,Anomaly Agent,3,0.001
2807,1717172856,Another Sight,3,0.001
2808,1714994601,Architect Life: A House Design Simulator,3,0.001
2809,1756488270,Arkanoid Eternal Battle,3,0.001
2810,1841822482,Asterix & Obelix XXL3: The Crystal Menhir,3,0.001
2811,1946604107,Asteroids: Recharged,3,0.001
2812,1746366899,Attack of the Earthlings,3,0.001
2813,1414596577,Avatar: TLA: TBE,3,0.001
2814,634298669,Bad North: Jotunn Edition,3,0.001
2815,1730080779,Bakery Simulator,3,0.001
2816,1619305462,Baki Hanma: Blood Arena,3,0.001
2817,1833100190,Baldur's Gate: Dark Alliance II,3,0.001
2818,1664978629,Bang-On Balls: Chronicles,3,0.001
2819,122277778,Bastion,3,0.001
2820,2006171548,Battle Brothers,3,0.001
2821,1136549309,Battlefield 4™ Community Test Environment,3,0.001
2822,1774256665,Beat of Montezuma,3,0.001
2823,2024847837,Bee Simulator,3,0.001
2824,1671588981,Bible Trivia­,3,0.001
2825,1657892923,Big Buck Hunter: Ultimate Trophy,3,0.001
2826,1812873797,Blades of Fire,3,0.001
2827,1972410679,Blaze and the Monster Machines: Axle City Racers,3,0.001
2828,1739622609,Blood West,3,0.001
2829,1112934423,Brave: The Video Game,3,0.001
2830,178624005,Breach & Clear: Deadline,3,0.001
2831,2091426729,Bread & Fred,3,0.001
2832,58039508,Bridge Constructor Portal,3,0.001
2833,2143317425,Bridge Constructor Studio,3,0.001
2834,364252200,Broken Sword 5 - the Serpent’s Curse,3,0.001
2835,2114128708,Bunny Park,3,0.001
2836,2029431164,Bus Bound,3,0.001
2837,1733243424,Bus Driving Simulator : EVO,3,0.001
2838,82519866,Bush Hockey League,3,0.001
2839,2083615890,Cafe Owner Simulator,3,0.001
2840,1960391873,Call of Duty®: Black Ops III (Windows),3,0.001
2841,2116095486,Care Bears: To The Rescue,3,0.001
2842,1939421912,Carpathian Night Starring Bela Lugosi,3,0.001
2843,1652994741,Centipede: Recharged,3,0.001
2844,1889886349,Chess Royal,3,0.001
2845,728813194,Citadel: Forged with Fire,3,0.001
2846,1951821095,Cities: Skylines II,3,0.001
2847,1618799257,CityDriver,3,0.001
2848,1973388330,Claim the Forest: Settling Peace (Xbox One),3,0.001
2849,2036050990,Claim the Forest: Settling Peace (Xbox Series),3,0.001
2850,2129250549,Clean Up Earth,3,0.001
2851,1963790042,Club Vegas Slots - Casino Games,3,0.001
2852,2035194488,Clunky Hero,3,0.001
2853,2030563304,CODE VEIN II - Character Creator Demo,3,0.001
2854,1997864377,Collie Call: The Future is Calling (Xbox One),3,0.001
2855,1915028166,Collie Call: The Future is Calling (Xbox Series),3,0.001
2856,1841498671,CONSCRIPT,3,0.001
2857,1642942095,CONTRA: ROGUE CORPS,3,0.001
2858,1699595315,Copycat Demo,3,0.001
2859,1809115559,Corpse Party,3,0.001
2860,1696763703,Crown Wars: The Black Prince,3,0.001
2861,2087531472,Cry Babies Magic Tears: The Big Game,3,0.001
2862,2077386463,Cthulhu: The Cosmic Abyss - Arkham Horror TTRPG Scenario,3,0.001
2863,1680691785,Curious Copy Cats (Xbox One),3,0.001
2864,1914646696,Curse of the Dead Gods,3,0.001
2865,1620273661,Cute Puppy Academy,3,0.001
2866,2126586531,Daemon X Machina: Titanic Scion Demo,3,0.001
2867,942640100,DAKAR 18,3,0.001
2868,1128466400,Dark Void,3,0.001
2869,1154802774,Dead Rising 3 Demo,3,0.001
2870,1671934405,Dead Rising Deluxe Remaster Demo,3,0.001
2871,1480657513,Deadliest Warrior,3,0.001
2872,1888408660,Devil Jam,3,0.001
2873,1848024903,Dig Deep,3,0.001
2874,2131786732,Directive 8020,3,0.001
2875,1770625509,Disciples: Domination,3,0.001
2876,1756491555,Dishonored 2,3,0.001
2877,63030352,Disneyland Adventures Demo,3,0.001
2878,1178929110,Divinity II - DKS,3,0.001
2879,1935690934,Dog Man: Mission Impawsible,3,0.001
2880,2013511408,DOOM Eternal (BATTLEMODE - PC),3,0.001
2881,1480657334,DOOM II (Classic),3,0.001
2882,1626267222,Double Dragon 4,3,0.001
2883,2044234749,Dragon's Dogma 2 Character Creator & Storage,3,0.001
2884,1853020483,Draw a Stickman: EPIC 2 Xbox,3,0.001
2885,1766769256,Duck Detective: The Secret Salami,3,0.001
2886,1847263549,Dungeon Defenders: Awakened,3,0.001
2887,1397819381,Dungeon Siege III,3,0.001
2888,1640323097,DYNASTY WARRIORS 9 Empires,3,0.001
2889,2016442908,Empire of the Ants - Demo,3,0.001
2890,1773142063,ENDER LILIES: Quietus of the Knights,3,0.001
2891,1644006979,ENDLESS Legend™ 2 (Game Preview),3,0.001
2892,2049241881,Entropy Survivors,3,0.001
2893,1263339518,Escape Dead Island,3,0.001
2894,1867425405,Evil Inside,3,0.001
2895,2094317541,Extreme Cycling Demo,3,0.001
2896,1888694361,Extreme Formula Championship (Demo),3,0.001
2897,1480657527,Faery: Legends of Avalon,3,0.001
2898,1761848641,FAITH: The Unholy Trinity,3,0.001
2899,918516972,Farming Simulator 15,3,0.001
2900,2058322661,FATAL FRAME II: Crimson Butterfly REMAKE Demo,3,0.001
2901,1629487179,FATAL FRAME: Maiden of Black Water,3,0.001
2902,67961945,FlatOut 4 : Total Insanity,3,0.001
2903,1830452855,Forklift Simulator,3,0.001
2904,1480656915,Frogger,3,0.001
2905,1976337452,Froggy Hates Snow Demo,3,0.001
2906,2054354492,Fruit Ninja Kinect 2,3,0.001
2907,2027986430,Fury Unleashed,3,0.001
2908,1629020242,Game Builder Tycoon,3,0.001
2909,1856172970,Game of Thrones - Episode 1: Iron from Ice,3,0.001
2910,1730221723,Ghostrunner 2,3,0.001
2911,1734964144,Ghosts 'n Goblins Resurrection,3,0.001
2912,1296697304,GHP2,3,0.001
2913,2043449905,Gori: Cuddly Carnage,3,0.001
2914,1629480703,GRADIUS ORIGINS,3,0.001
2915,1765168642,Grand Poker Casino,3,0.001
2916,2143007580,Great God Grove,3,0.001
2917,2021421406,Green Soldiers Heroes,3,0.001
2918,1129121873,GRID Autosport,3,0.001
2919,1737875841,GRIME,3,0.001
2920,1821397642,GRIS,3,0.001
2921,2018425452,Guacamelee! 2,3,0.001
2922,1480657707,GUARDIAN HEROES (TM),3,0.001
2923,1769592885,GUNDAM EVOLUTION,3,0.001
2924,606152324,GWENT: The Witcher Card Game,3,0.001
2925,1631946139,Gym Manager,3,0.001
2926,1869837377,Hacked: The Streamer Demo,3,0.001
2927,2096818168,Halo Infinite - Insider,3,0.001
2928,485144549,Halo Wars 2 Demo,3,0.001
2929,812065290,Halo: The Master Chief Collection,3,0.001
2930,1683854838,Harvest Moon: The Winds of Anthos,3,0.001
2931,1695499346,Headbangers: Rhythm Royale,3,0.001
2932,1928781153,Hellboy Web of Wyrd,3,0.001
2933,1844884280,HELLCARD,3,0.001
2934,1645583042,Hello Neighbor 2 Beta,3,0.001
2935,1760815176,Hero's Hour,3,0.001
2936,1789922063,Hidden Cats in Rome,3,0.001
2937,1839911748,Hidden Cats in Santa's Realm,3,0.001
2938,1941459361,Highway Driving 2023 Demo,3,0.001
2939,446981050,Hitman: Absolution HD,3,0.001
2940,2113165348,Hoa,3,0.001
2941,1698597039,Hokko Life,3,0.001
2942,2111451812,Horror Adventure : Zombie Edition (Demo),3,0.001
2943,1702750733,Huntdown,3,0.001
2944,1498810322,Hunter: The Reckoning,3,0.001
2945,390164739,Hunting Simulator,3,0.001
2946,2010890559,Hunting Simulator 2 Xbox Series X|S,3,0.001
2947,1480657016,Ikaruga,3,0.001
2948,1480657435,ilomilo ,3,0.001
2949,2020488877,Imagine Earth,3,0.001
2950,1944855646,Incantation Demo,3,0.001
2951,1750788653,Jagged Alliance 3,3,0.001
2952,1922993793,Jalopy,3,0.001
2953,1923804355,Jet Kave Adventure,3,0.001
2954,1992271028,Jotunnslayer: Hordes of Hel Demo,3,0.001
2955,1789366577,Junkyard Builder,3,0.001
2956,1716785936,Jusant,3,0.001
2957,1006362568,Just Dance 2014,3,0.001
2958,1995913309,Katamari Damacy REROLL,3,0.001
2959,2099826853,Kattish,3,0.001
2960,1841198850,Keeper's Toll,3,0.001
2961,1448544214,KILLER IS DEAD,3,0.001
2962,2072806887,King Arthur: Knight's Tale,3,0.001
2963,1815601187,Kingdom Eighties,3,0.001
2964,1745241155,Kitten Island (Xbox Series),3,0.001
2965,2008175655,Knights of Pen and Paper +1 Deluxier Edition,3,0.001
2966,1735842687,Kristala Demo,3,0.001
2967,1933617285,Labyrinth Of The Demon King,3,0.001
2968,930893366,Late Shift,3,0.001
2969,1957230512,Let's Sing 2026,3,0.001
2970,813601799,Letter Quest: Grimm's Journey Remastered,3,0.001
2971,443209874,Lichdom: Battlemage,3,0.001
2972,2095219699,Little League World Series Baseball 2022,3,0.001
2973,2051631353,Little Strays 2,3,0.001
2974,2042662123,Llamasoft: The Jeff Minter Story,3,0.001
2975,2111359330,Loan Shark,3,0.001
2976,1865146781,Lorn's Lure,3,0.001
2977,1634336729,LUNAR Remastered Collection,3,0.001
2978,1625265143,MageQuit,3,0.001
2979,1480657727,Magic 2012,3,0.001
2980,1480659475,Magic 2013,3,0.001
2981,1480659653,Magic 2014 — Duels of the Planeswalkers,3,0.001
2982,2117648871,Martha Is Dead,3,0.001
2983,2116714436,Marvel's Avengers BETA,3,0.001
2984,350075261,Marvel Heroes Omega,3,0.001
2985,1161889998,Mass Effect 2,3,0.001
2986,210837982,Masters of Anima,3,0.001
2987,2061946653,Math & Match,3,0.001
2988,1480657194,MEGA MAN 9,3,0.001
2989,956590734,Mega Man Legacy Collection 2,3,0.001
2990,888477147,METAL GEAR SURVIVE,3,0.001
2991,2090925193,Metal Slug Tactics,3,0.001
2992,1886592223,Metal: Hellsinger (Xbox One),3,0.001
2993,1651248133,Metal: Hellsinger (Xbox Series X|S & PC),3,0.001
2994,1777690290,Metal: Hellsinger Demo,3,0.001
2995,1844460632,Metro Exodus Enhanced Edition,3,0.001
2996,1821758109,Midnight Cat Heist (Xbox One),3,0.001
2997,14233261,Minecraft: Story Mode - Season Two - Episode 1,3,0.001
2998,1958464992,Mob Control,3,0.001
2999,284143677,Momodora: Reverie Under the Moonlight,3,0.001
3000,2131173467,Monster Survivors,3,0.001
3001,1807714585,Monster Truck Championship Xbox One,3,0.001
3002,1792557898,Moonlighter 2: The Endless Vault (Game Preview),3,0.001
3003,819262220,MotoGP™17,3,0.001
3004,1698746853,MotoGP™23,3,0.001
3005,1718758540,Moving Out Demo,3,0.001
3006,2091286911,Mudness Offroad - 4x4 Truck Car Simulator,3,0.001
3007,1834840157,Murder House,3,0.001
3008,2045736222,My Recycling Center,3,0.001
3009,1893545198,MySims™ Kingdom,3,0.001
3010,2123370628,NBA 2K20 Demo,3,0.001
3011,1756150140,NBA 2K21 Demo,3,0.001
3012,1616270757,NBA LIVE 14,3,0.001
3013,1740300956,Neighbours back From Hell,3,0.001
3014,1777345011,Neon Inferno,3,0.001
3015,2126543080,New Star™ GP Demo,3,0.001
3016,1453931824,NHL® 15 Downloadable Demo,3,0.001
3017,594585699,Nidhogg 2,3,0.001
3018,1397819368,NIER,3,0.001
3019,125341318,Night in the Woods,3,0.001
3020,1020187268,Nine Parchments,3,0.001
3021,2039473401,NINJA GAIDEN Σ,3,0.001
3022,1963678559,NITRO GEN OMEGA Demo,3,0.001
3023,1732084298,No Puedes Escapar,3,0.001
3024,1993181112,Northgard,3,0.001
3025,1207405244,Onigiri,3,0.001
3026,1792460602,Onimusha 2: Samurai's Destiny Demo,3,0.001
3027,1129121848,Operation Flashpoint: Red River,3,0.001
3028,1847106181,Oppidum,3,0.001
3029,1480659435,Orcs Must Die!,3,0.001
3030,1661545526,Orcs Must Die! 3,3,0.001
3031,1794026365,Order of Battle: World War II,3,0.001
3032,1480657413,Outland,3,0.001
3033,1480657015,Pac-Man C.E.,3,0.001
3034,1906677498,PAC-MAN MUSEUM+,3,0.001
3035,175738476,PAC-MAN™ CHAMPIONSHIP EDITION 2 DEMO,3,0.001
3036,348018268,Pang Adventures,3,0.001
3037,1798400755,Pathologic 2,3,0.001
3038,1912801032,PAW Patrol The Movie: Adventure City Calls,3,0.001
3039,2074120545,Pax Dei,3,0.001
3040,1480660022,Peggle ® 2,3,0.001
3041,1788310602,Piggy’s Farm (Xbox One),3,0.001
3042,2109230508,Piggy’s Farm (Xbox Series),3,0.001
3043,1710968984,Planescape: Torment and Icewind Dale: Enhanced Editions,3,0.001
3044,1818064600,Planet of Lana II Demo,3,0.001
3045,1859436735,"Please, Don't Touch Anything",3,0.001
3046,1972300274,Police Stories,3,0.001
3047,1794659226,PowerSlave Exhumed,3,0.001
3048,1882609569,Prison Simulator,3,0.001
3049,1614582583,Pro Wrestler Story,3,0.001
3050,2011990367,Project Winter,3,0.001
3051,993540759,Pure Hold'em™,3,0.001
3052,2049279350,Puzzle Quest: Immortal Edition,3,0.001
3053,562694050,R.B.I. Baseball 16,3,0.001
3054,811152542,R.B.I. Baseball 17,3,0.001
3055,1480657492,Radiant Silvergun,3,0.001
3056,1912444422,RAIDOU Remastered: The Mystery of the Soulless Army,3,0.001
3057,1673787135,Rain on Your Parade,3,0.001
3058,1480657184,Raskulls,3,0.001
3059,1618309410,Relicta,3,0.001
3060,1997388850,Resident Evil Operation Raccoon City,3,0.001
3061,1751333235,Resident Evil Village Gold Edition Gameplay Demo,3,0.001
3062,1822591938,Revenge of the Savage Planet PC,3,0.001
3063,773588741,RICO,3,0.001
3064,522156478,Riddled Corpses EX,3,0.001
3065,1859130505,Risen,3,0.001
3066,1867496283,Road Maintenance Simulator 2 + Winter Services,3,0.001
3067,669503806,Rock of Ages 2: Bigger & Boulder™,3,0.001
3068,1785385145,Rock of Ages 3: Make & Break,3,0.001
3069,1820242486,Roguebook Xbox Series X|S,3,0.001
3070,1850415990,"Rolling Hills: Make Sushi, Make Friends",3,0.001
3071,520010865,RWBY: Grimm Eclipse,3,0.001
3072,2106675045,Samurai Jack: Battle Through Time,3,0.001
3073,1939956128,Shadowrun: Dragonfall - Director's Cut PC,3,0.001
3074,1619485722,Shadows of Doubt,3,0.001
3075,1866950192,Shady Part of Me,3,0.001
3076,21560138,Sheltered,3,0.001
3077,114172147,Shenmue,3,0.001
3078,2129620077,Sherlock Holmes The Awakened,3,0.001
3079,2145390992,Sherlock Holmes: Crimes and Punishments Redux,3,0.001
3080,2100742349,Sir Whoopass: Immortal Death,3,0.001
3081,902608,Sky Force Reloaded,3,0.001
3082,2008860920,Skyline Bowling,3,0.001
3083,1838648944,Slipstream,3,0.001
3084,1002731481,Snooker Nation Championship,3,0.001
3085,1368358394,Soda Drinker Pro,3,0.001
3086,2112770120,Songs of Conquest,3,0.001
3087,2116209805,Soul Hackers 2,3,0.001
3088,1839499082,South of Midnight - Digital Extras,3,0.001
3089,1763680989,Space Science Investigations,3,0.001
3090,1859601917,Spellbreak,3,0.001
3091,1719161140,Spiritfall,3,0.001
3092,1480657055,SpongeBob SquarePants Underpants Slam!,3,0.001
3093,2045695664,SpongeBob: Krusty Cook-Off Extra Krusty Edition,3,0.001
3094,2017067425,Spot Challenge Vol. 1,3,0.001
3095,1912029217,STAB STAB STAB!,3,0.001
3096,1690076332,Star Fire: Eternal Cycle,3,0.001
3097,1974921711,STAR WARS™: Episode I: Jedi Power Battles™,3,0.001
3098,1928799402,StarCraft® Remastered,3,0.001
3099,1961172653,Starfield Digital Artbook & Original Soundtrack,3,0.001
3100,1015961921,Starpoint Gemini Warlords,3,0.001
3101,1922470106,Stasis,3,0.001
3102,1692236270,Stolen Realm,3,0.001
3103,903098188,Strange Brigade,3,0.001
3104,1895471502,Stubbs the Zombie in Rebel Without a Pulse,3,0.001
3105,2023806716,Styx: Master of Shadows,3,0.001
3106,1804560104,Sudoku Relax,3,0.001
3107,2057573435,Suikoden I&II HD Remaster Gate Rune and Dunan Unification Wars,3,0.001
3108,1995931888,Sunderfolk,3,0.001
3109,1958529503,Super Dark Deception,3,0.001
3110,1998740916,Super Kids Racing : Mini Edition Demo,3,0.001
3111,1537932598,Super Toy Cars,3,0.001
3112,1777228920,Super Woden GP II,3,0.001
3113,2003002635,Survival: Foutain of Youth - Captain's Edition,3,0.001
3114,1804098370,Swimsanity!,3,0.001
3115,2058090036,Tainted Grail: The Fall of Avalon DEMO,3,0.001
3116,990373231,Tales of Arise (Xbox One),3,0.001
3117,2094668331,Tamashika,3,0.001
3118,2076626607,Tank Mechanic Simulator - Reinforced,3,0.001
3119,1718047845,Tannenberg,3,0.001
3120,2124220599,Techwars Global Conflict,3,0.001
3121,1090851408,TEMBO THE BADASS ELEPHANT,3,0.001
3122,1761788696,Tennis World Tour 2,3,0.001
3123,2065439517,That Time I Got Reincarnated as a Slime ISEKAI Chronicles,3,0.001
3124,1637035694,The Chant,3,0.001
3125,977514341,The Culling,3,0.001
3126,1654357885,The DioField Chronicle,3,0.001
3127,129773809,The Disney Afternoon Collection,3,0.001
3128,1645570658,The Empty Desk,3,0.001
3129,29720212,The Flame in the Flood,3,0.001
3130,1695078658,The Glass Staircase,3,0.001
3131,2073554022,The Jackbox Party Starter,3,0.001
3132,1930789000,The Last Oricru - Final Cut,3,0.001
3133,1648318214,The Lord of the Rings: Gollum™,3,0.001
3134,482654991,The Mummy Demastered,3,0.001
3135,313503666,The Peanuts® Movie: Snoopy's Grand Adventure,3,0.001
3136,1729341102,The Riftbreaker: Prologue Xbox,3,0.001
3137,996619018,The Sinking City,3,0.001
3138,1685731966,The Smurfs – Dreams,3,0.001
3139,491421892,The Talos Principle,3,0.001
3140,2119405603,The Tyrannical Toilet and The Battle of the Beans,3,0.001
3141,2016470925,This Bed We Made,3,0.001
3142,1921002071,Ticket to Ride: Classic Edition,3,0.001
3143,1984458321,ToeJam and Earl: Back in the Groove!,3,0.001
3144,32122245,Tony Hawk's® Pro Skater™ 5,3,0.001
3145,1480657534,Torchlight,3,0.001
3146,1863466810,Tormented Souls 2,3,0.001
3147,1691312526,Tour de France 2023,3,0.001
3148,1686524250,Train Sim World® 4,3,0.001
3149,1804852983,Train Station Renovation,3,0.001
3150,286890904,TRANSFORMERS: Fall of Cybertron,3,0.001
3151,1845231868,Trine 2: Complete Story,3,0.001
3152,1987230441,Turmoil,3,0.001
3153,1629100331,Ultra Foodmess 2,3,0.001
3154,1625709491,Undead Horde 2: Necropolis,3,0.001
3155,2102312061,Unrailed!,3,0.001
3156,2060146885,Unspottable,3,0.001
3157,1981221876,Urban Jungle,3,0.001
3158,1700372911,uVolley,3,0.001
3159,1778298055,Void Bastards,3,0.001
3160,1927170548,Void Blasters,3,0.001
3161,2113105582,Warhammer Age of Sigmar: Realms of Ruin,3,0.001
3162,1760893557,Warlander,3,0.001
3163,1679106504,WARRIORS: Abyss,3,0.001
3164,1880521273,Webgeon Speedrun Edition,3,0.001
3165,2072708503,WEED DRUG EMPIRE - SCHEDULE,3,0.001
3166,1798375126,Welcome to ParadiZe,3,0.001
3167,2144997626,West of Dead,3,0.001
3168,1805720206,Whacking Hell!,3,0.001
3169,861949148,What Remains of Edith Finch,3,0.001
3170,147618136,White Noise 2,3,0.001
3171,2141688284,Wildmender,3,0.001
3172,1807181865,Wizard with a Gun,3,0.001
3173,1985336813,XENOTILT: HOSTILE PINBALL ACTION,3,0.001
3174,1773431897,Yakuza 6: The Song of Life,3,0.001
3175,1845646569,Yakuza Kiwami 2,3,0.001
3176,532148954,'n Verlore Verstand - Free Demo,2,0.0007
3177,1835777563,"""Buy The Game, I Have a Gun"" -Sheesh-Man",2,0.0007
3178,188225844,11-11 Memories Retold,2,0.0007
3179,1807125088,3D Don't Die Mr. Robot (Demo),2,0.0007
3180,1414596667,50 Cent: BotS,2,0.0007
3181,1980412525,50 Years,2,0.0007
3182,1714878640,60 Seconds!,2,0.0007
3183,544527071,911 Operator,2,0.0007
3184,524849647,99Vidas,2,0.0007
3185,1828682259,9th Dawn III,2,0.0007
3186,1791707434,A Castle Full of Cats,2,0.0007
3187,1528308274,Aaero,2,0.0007
3188,537908737,Absolute Drift: Zen Edition,2,0.0007
3189,955101050,ACA NEOGEO BASEBALL STARS 2,2,0.0007
3190,511809777,ACA NEOGEO NAM-1975,2,0.0007
3191,414115213,ACA NEOGEO REAL BOUT FATAL FURY 2,2,0.0007
3192,428977306,ACA NEOGEO SAMURAI SHODOWN V SPECIAL,2,0.0007
3193,625867999,ACA NEOGEO SHOCK TROOPERS,2,0.0007
3194,610645839,ACA NEOGEO TWINKLE STAR SPRITES,2,0.0007
3195,2120764173,Acre Crisis (Xbox Series X|S),2,0.0007
3196,517595685,Action Henk,2,0.0007
3197,691691903,Adam's Venture: Origins,2,0.0007
3198,112268898,Adventures of Pip,2,0.0007
3199,1480656956,Aegis Wing,2,0.0007
3200,1635676165,Agatha Christie - Hercule Poirot: The First Cases,2,0.0007
3201,2095341139,Agatha Christie - Hercule Poirot: The London Case,2,0.0007
3202,1651580938,Aggelos,2,0.0007
3203,2116588551,Airoheart,2,0.0007
3204,2057042819,Akimbot,2,0.0007
3205,1817202060,Alba: A Wildlife Adventure,2,0.0007
3206,1668560043,Alisa Developer's Cut: Demo,2,0.0007
3207,1649996690,Alone in the Dark Prologue,2,0.0007
3208,2041767726,Angry Birds 2,2,0.0007
3209,2082514516,Angry Birds Star Wars,2,0.0007
3210,1828567307,Angry Video Game Nerd I & II Deluxe,2,0.0007
3211,188051424,Anodyne,2,0.0007
3212,1617403262,Antarctica 88,2,0.0007
3213,1843828354,Apsulov: End of Gods,2,0.0007
3214,1744307136,Aquarist,2,0.0007
3215,1630751753,Aquarium Land,2,0.0007
3216,2837772,Arcade Islands: Volume One,2,0.0007
3217,2123334640,Arcadian Atlas,2,0.0007
3218,119215728,ARSLAN: THE WARRIORS OF LEGEND,2,0.0007
3219,423441812,Ashes Cricket,2,0.0007
3220,1865619206,Astro Flame Starfighter (Xbox Series X|S),2,0.0007
3221,1480656882,Astropop,2,0.0007
3222,1835249581,ATOM RPG: Post-apocalyptic indie game,2,0.0007
3223,1949426934,AVICII Invector,2,0.0007
3224,55549300,Axiom Verge,2,0.0007
3225,1662748361,Axobubble,2,0.0007
3226,1805978609,Baby Shark™: Sing & Swim Party,2,0.0007
3227,1618019161,Ballotron Coolbox,2,0.0007
3228,1480656943,Band of Bugs,2,0.0007
3229,1480656876,Bankshot Billiards 2,2,0.0007
3230,1854415183,Barn Finders,2,0.0007
3231,1480657278,Battlefield 1943™,2,0.0007
3232,1161889755,Battlefield 2: MC,2,0.0007
3233,1396901849,Battlestations: Midway,2,0.0007
3234,1810982377,Beasts of Maravilla Island,2,0.0007
3235,1755232205,Beat Cop,2,0.0007
3236,1698840007,Beholder 2,2,0.0007
3237,1765304865,Berzerk: Recharged,2,0.0007
3238,1913455981,Beyond a Steel Sky,2,0.0007
3239,2059259389,Beyond Galaxyland,2,0.0007
3240,2008389504,Big Helmet Heroes,2,0.0007
3241,2099876954,Big Rumble Boxing: Creed Champions,2,0.0007
3242,2015751229,Bioweaver,2,0.0007
3243,1681944003,BIT.TRIP RERUNNER,2,0.0007
3244,338768437,Black The Fall,2,0.0007
3245,1730600743,Black Widow: Recharged,2,0.0007
3246,1815844482,Blackberry Honey,2,0.0007
3247,2041877435,Blaster Master Zero,2,0.0007
3248,1975889493,Blue Dasher,2,0.0007
3249,1633682783,BODYCAM 2026,2,0.0007
3250,1668063217,Bonk 'N Bash (Xbox One),2,0.0007
3251,1959362900,Bonk 'N Bash (Xbox Series X/S),2,0.0007
3252,1973937079,Boxes: Lost Fragments Demo,2,0.0007
3253,1857914892,Boyfriend Dungeon,2,0.0007
3254,1896582181,Bramble: The Mountain King,2,0.0007
3255,1906603484,Bravery and Greed,2,0.0007
3256,1827158254,Brawlout Demo,2,0.0007
3257,1179846636,Breakdown,2,0.0007
3258,1668214490,BREAKING BRICKS,2,0.0007
3259,1857840975,Breakout: Recharged,2,0.0007
3260,1754913361,Brewmaster: Beer Brewing Simulator,2,0.0007
3261,2133362762,Broken Sword - Shadow of the Templars: Reforged,2,0.0007
3262,73782745,Brothers: a Tale of Two Sons,2,0.0007
3263,720192428,Bud Spencer & Terence Hill - Slaps And Beans,2,0.0007
3264,1730283762,Bud Spencer & Terence Hill - Slaps and Beans 2,2,0.0007
3265,2043895065,Builder Simulator,2,0.0007
3266,1648491052,Bulwark Evolution: Falconeer Chronicles,2,0.0007
3267,1663261273,Burger Chef Tycoon,2,0.0007
3268,1804943457,Burglin' Gnomes,2,0.0007
3269,2101621133,Call of Duty®: Black Ops II (2012),2,0.0007
3270,1681955867,Call of the Elder Gods Demo,2,0.0007
3271,2018993706,Candy Crush Soda Saga,2,0.0007
3272,908734579,Carmageddon: Max Damage,2,0.0007
3273,2006671670,Carnival Survivors The Parade,2,0.0007
3274,1987803377,Cat Quest II,2,0.0007
3275,1096026071,Catherine,2,0.0007
3276,1686916889,Cats and Seek : Kyoto,2,0.0007
3277,1975108272,Cats Around Us: Giant Cat,2,0.0007
3278,2000804601,Cave Ranger,2,0.0007
3279,1962218680,Cel Damage HD,2,0.0007
3280,1480656972,Centipede & Millipede,2,0.0007
3281,2035562205,ChainStaff,2,0.0007
3282,1631654404,Chants of Sennaar (Windows),2,0.0007
3283,1644979601,Chernobylite Complete Edition,2,0.0007
3284,1431504972,Child of Eden,2,0.0007
3285,2144360818,Chornobyl Liquidators,2,0.0007
3286,1775964743,Click the cookie!,2,0.0007
3287,2053080893,Clicker Bugs Attack,2,0.0007
3288,2046892842,Clock Tower: Rewind,2,0.0007
3289,348040448,Clouds & Sheep 2,2,0.0007
3290,1872936107,Cobra Kai: The Karate Kid Saga Continues,2,0.0007
3291,1941723837,Coffee Talk Episode 2: Hibiscus and Butterfly,2,0.0007
3292,1480657440,Comic Jumper,2,0.0007
3293,2124623269,Commandos 3 - HD Remaster | DEMO,2,0.0007
3294,1738930252,ComputerHead: Springloaded,2,0.0007
3295,1414596570,Conan,2,0.0007
3296,2100141985,Contra: Operation Galuga Demo,2,0.0007
3297,2121511766,CONTRA: ROGUE CORPS DEMO,2,0.0007
3298,2107339353,Control Standard Edition,2,0.0007
3299,1781425798,Cozy Designer,2,0.0007
3300,1767974553,Cozy Grove,2,0.0007
3301,1736935121,Cralon,2,0.0007
3302,1631412500,Crazy Trucks,2,0.0007
3303,1859298823,Creepy Shift: Roadside Diner,2,0.0007
3304,1990314084,Creepy Tale: Ingrid Penance (Xbox Series X|S),2,0.0007
3305,1985791411,Cricket 22,2,0.0007
3306,1763402795,Croc's World 2 (Xbox-Edition),2,0.0007
3307,1886383393,Croc's World 3 (Xbox-Edition),2,0.0007
3308,1771581366,Croc Legend of the Gobbos,2,0.0007
3309,1991637540,Crossroads Inn,2,0.0007
3310,1812286558,Crown Trick,2,0.0007
3311,429288038,Crypt of the NecroDancer,2,0.0007
3312,1689376479,Crypt of the Serpent King Remastered 4K Edition,2,0.0007
3313,1717980183,Cryptical Path,2,0.0007
3314,1810600739,Cthulhu: The Cosmic Abyss - Art Pack,2,0.0007
3315,1684821663,Cuisineer,2,0.0007
3316,1819129417,Cursed Feed,2,0.0007
3317,1719811824,CyberCorp,2,0.0007
3318,1665011646,Dark Pieces: Horror Jigsaw - PC & XBOX,2,0.0007
3319,1618795137,Darker Skies,2,0.0007
3320,1724663837,Daymare: 1994 Sandcastle_SGD23,2,0.0007
3321,1805903409,Daymare: 1998,2,0.0007
3322,1480657693,DAYTONA USA,2,0.0007
3323,1842049989,DCL-The Game,2,0.0007
3324,514032111,Dead Alliance™: Multiplayer Edition,2,0.0007
3325,1922125818,Dead Reset,2,0.0007
3326,1646597747,Dead Reset Demo,2,0.0007
3327,1480657531,Dead Space™ Ignition,2,0.0007
3328,1313671278,Dead to Rights,2,0.0007
3329,1880055889,DEADCRAFT,2,0.0007
3330,1480657756,Deadliest Warrior: Legends,2,0.0007
3331,1806584687,Death By Scrolling,2,0.0007
3332,1966406017,Deceive Inc.,2,0.0007
3333,1643012526,Decollate Decoration,2,0.0007
3334,1993454621,Deep Sky Derelicts: Definitive edition,2,0.0007
3335,419349778,Defiance 2050,2,0.0007
3336,3469638,Degrees of Separation,2,0.0007
3337,1779096288,Deliver At All Costs,2,0.0007
3338,1679835971,Deliver Us The Moon,2,0.0007
3339,1821772596,DEMON'S TILT,2,0.0007
3340,1866841877,Demon Slayer -Kimetsu no Yaiba- Sweep the Board!,2,0.0007
3341,2014312535,Despot's Game,2,0.0007
3342,2130889323,Destroy All Humans! 2 - Reprobed: Single Player (X1),2,0.0007
3343,1825676269,Digimon Story Time Stranger Demo,2,0.0007
3344,1941545430,Dinosaur Fossil Hunter - Paleontology Simulator,2,0.0007
3345,1821472434,Disciples: Liberation,2,0.0007
3346,3462787,Disco Dodgeball - REMIX,2,0.0007
3347,1737926681,Discounty,2,0.0007
3348,1627819535,Dishonored® Definitive Edition (PC),2,0.0007
3349,249733426,Don't Knock Twice,2,0.0007
3350,607497985,Don Bradman Cricket 17,2,0.0007
3351,1480656932,DOOM,2,0.0007
3352,1841794712,Dordogne,2,0.0007
3353,1480659538,Double Dragon Neon,2,0.0007
3354,2084687312,Dragon's Lair Trilogy,2,0.0007
3355,2014953501,Dragon Bobby,2,0.0007
3356,1909957148,Dragon City,2,0.0007
3357,1721217822,Drake Hollow,2,0.0007
3358,1622387282,DreamWorks Dragons: Legends of The Nine Realms,2,0.0007
3359,1750324834,Driving Essentials,2,0.0007
3360,1861826241,Duck Simulator 2,2,0.0007
3361,1844836316,Dune: Imperium,2,0.0007
3362,147604411,Dungeons 3,2,0.0007
3363,515485260,Earth Atlantis,2,0.0007
3364,1947658323,Easter Bunny EggVenture,2,0.0007
3365,2076671886,Easter Bunny EggVenture (Xbox One),2,0.0007
3366,1977284905,Eastward,2,0.0007
3367,1146095595,Eat Lead,2,0.0007
3368,1935118065,Echoes of the Plum Grove,2,0.0007
3369,1874135365,EDENS ZERO,2,0.0007
3370,1996027459,Educational Games for Kids (Cross-Buy),2,0.0007
3371,866704492,eFootball PES 2020 DEMO,2,0.0007
3372,1852617445,ELEX II,2,0.0007
3373,1805594701,Ember Knights : Heroes of the Nexus Edition,2,0.0007
3374,2096319922,Embr,2,0.0007
3375,1709327934,Empire in Decay Demo,2,0.0007
3376,1944979900,EMPTY SHELL,2,0.0007
3377,1739313000,Enclave HD,2,0.0007
3378,2129002058,ENDER MAGNOLIA: Bloom in the Mist,2,0.0007
3379,1997527592,Endling - Extinction is Forever,2,0.0007
3380,1313671153,Enslaved,2,0.0007
3381,1648906760,Everdream Valley,2,0.0007
3382,1448413145,F.E.A.R.,2,0.0007
3383,974041664,Fade to Silence,2,0.0007
3384,1760050791,Fae Farm,2,0.0007
3385,1726007892,Fantasy General II: Invasion,2,0.0007
3386,1814653009,FAR: Changing Tides,2,0.0007
3387,1861337590,Farmer's Life,2,0.0007
3388,1911770674,Fast & Furious: Arcade Edition,2,0.0007
3389,2129257709,Fast Gear Demo,2,0.0007
3390,2104363067,Fatum Betula,2,0.0007
3391,2041914388,Fight'N Rage,2,0.0007
3392,1792854484,Fight For America,2,0.0007
3393,1917892678,File Destined,2,0.0007
3394,1931098335,Five Dates,2,0.0007
3395,1782426167,Flat Heroes,2,0.0007
3396,2026236016,Floor 9,2,0.0007
3397,1711202314,Flying Fish,2,0.0007
3398,1757667844,Food Truck Simulator,2,0.0007
3399,2054071455,For The Warp,2,0.0007
3400,1795251061,Forager,2,0.0007
3401,1859010384,Fort Solis,2,0.0007
3402,2093936173,Fossilfuel 2,2,0.0007
3403,1899291024,Fran Bow,2,0.0007
3404,2019110997,Freedom Planet 2,2,0.0007
3405,1926405394,Friday the 13th: Killer Puzzle,2,0.0007
3406,2100482958,Froggy Bouncing Adventures,2,0.0007
3407,1480657553,From Dust™,2,0.0007
3408,1816166604,FRONT MISSION 1st: Remake,2,0.0007
3409,1994586565,FRONT MISSION 3: Remake Demo,2,0.0007
3410,1738342037,Funny Circus HD,2,0.0007
3411,2108228648,Furball Over The Front (2021),2,0.0007
3412,1643768709,Gabriels Worlds The Adventure (Xbox Series),2,0.0007
3413,1901524420,Galactic Loader,2,0.0007
3414,1717888621,Galaxy Control: Arena,2,0.0007
3415,1992947450,Garden Story,2,0.0007
3416,2110898857,Ghost Master: Resurrection,2,0.0007
3417,1229391860,Ghostbusters,2,0.0007
3418,2045688705,Giana Sisters: Twisted Dreams - Director's Cut,2,0.0007
3419,1868247544,Gigantosaurus The Game,2,0.0007
3420,1641056892,Gloomhaven,2,0.0007
3421,1876649087,Gnome Rampage - The Killer Gnome FPS,2,0.0007
3422,1480657057,Golf: Tee It Up!,2,0.0007
3423,1984734869,Grapple Dog,2,0.0007
3424,2123584275,Graveyard Keeper 2,2,0.0007
3425,1823111797,GreedFall: The Dying World,2,0.0007
3426,1863069160,Grindstone,2,0.0007
3427,671675837,GRIP,2,0.0007
3428,382500216,Growtopia,2,0.0007
3429,1618632140,Hacked: The Streamer,2,0.0007
3430,1685452800,Hairdresser Simulator,2,0.0007
3431,1635138763,Hannah,2,0.0007
3432,1668145960,Happi Basudei,2,0.0007
3433,1480656866,Hardwood Backgammon,2,0.0007
3434,1890858421,Harvest Cafe,2,0.0007
3435,1744137265,Hatsune Miku Logic Paint S,2,0.0007
3436,1993844394,Heart of the Forest,2,0.0007
3437,1928193169,Heavenly Bodies,2,0.0007
3438,1766317194,Helix Jump,2,0.0007
3439,1950272122,Hellpoint,2,0.0007
3440,1880774720,Heroes of Hammerwatch - Ultimate Edition,2,0.0007
3441,2000004108,Hidden Cats in Berlin,2,0.0007
3442,1822597971,Hidden Cats in London,2,0.0007
3443,1825883295,Hidden Cats in Rio de Janeiro,2,0.0007
3444,1669048701,Hidden Cats in Spooky Town,2,0.0007
3445,1890778408,Hidden Cats in Tokyo,2,0.0007
3446,1657530068,Homescapes,2,0.0007
3447,1842354344,Hot Wheels Let's Race™: Ultimate Speed,2,0.0007
3448,1880956881,Hot Wheels Monster Trucks: Stunt Mayhem™,2,0.0007
3449,722916288,Hue,2,0.0007
3450,1693450318,Hunt: Showdown,2,0.0007
3451,720702755,Hyper Light Drifter,2,0.0007
3452,2121552083,I'm in Love With Your Dead Grandmother,2,0.0007
3453,1909903901,I Am Future: Cozy Apocalypse Survival,2,0.0007
3454,2129720796,"I Have No Mouth, and I Must Scream",2,0.0007
3455,1725327690,Ikai,2,0.0007
3456,1970667393,Immortal Realms: Vampire Wars,2,0.0007
3457,2136871363,Indoor Baseball,2,0.0007
3458,364529562,Infinite Air with Mark McMorris,2,0.0007
3459,1758510297,Infinity Strash: DRAGON QUEST The Adventure of Dai,2,0.0007
3460,1635790563,Infliction: Extended Cut,2,0.0007
3461,1480657692,Insanely Twisted Shadow Planet,2,0.0007
3462,1981290513,Instant War: Ultimate Warfare,2,0.0007
3463,1644577583,Ion Fury,2,0.0007
3464,1789470804,IXION,2,0.0007
3465,1480659527,Jet Set Radio,2,0.0007
3466,1681999465,Jewel Fever 2 (Xbox-Edition),2,0.0007
3467,1738386235,Jigsaw Puzzles Deluxe,2,0.0007
3468,1633770627,Jigsaw Woof for PC & Xbox,2,0.0007
3469,2127254728,Jonah Lomu Rugby Challenge 4,2,0.0007
3470,1741183625,Juiced Fruit Racing Demo,2,0.0007
3471,1480660105,JUJU,2,0.0007
3472,1982477375,Jumanji: Wild Adventures,2,0.0007
3473,829401578,JUMP FORCE - Open Beta,2,0.0007
3474,251796387,Just Dance 2018®,2,0.0007
3475,1976286353,Juufuutei Raden™'s Guide for Pixel Museum Demo,2,0.0007
3476,1751090642,Kaze and the Wild Masks,2,0.0007
3477,1668528786,Kinduo 2 - Frostbite,2,0.0007
3478,2124401256,King's Bounty II,2,0.0007
3479,1431504851,King Kong,2,0.0007
3480,1970962100,King of Seas,2,0.0007
3481,1760526104,Kingdom's Return: Time-Eating Fruit and the Ancient Monster,2,0.0007
3482,1871178585,Kingdom Rush,2,0.0007
3483,2145258670,Kiosk,2,0.0007
3484,1892832276,Kitaria Fables,2,0.0007
3485,1858227815,Kiting Cat,2,0.0007
3486,2090287182,KLONOA Phantasy Reverie Series,2,0.0007
3487,1674517129,Knights of Pen & Paper 2 Deluxiest Edition,2,0.0007
3488,1718892809,Knockout City™,2,0.0007
3489,1039363526,Kona,2,0.0007
3490,1900505119,Kung Fu Panda Showdown of Legendary Legends,2,0.0007
3491,1974475064,Legends Aligned: Minis in Conflict (Xbox One),2,0.0007
3492,257790124,Lethal League,2,0.0007
3493,1716669263,Levelhead,2,0.0007
3494,1397819419,LIGHTNING RETURNS FFXIII,2,0.0007
3495,1716203548,Like a Dragon: Pirate Yakuza in Hawaii Demo,2,0.0007
3496,1480657361,LIMBO,2,0.0007
3497,2045560230,LIMBO,2,0.0007
3498,1900298867,Little Bear,2,0.0007
3499,2004232535,Little Ralph,2,0.0007
3500,1900726271,Lord of the Click 4,2,0.0007
3501,1716239307,Lords of the Fallen II,2,0.0007
3502,2038072759,Lost Lands 6: Mistakes of the Past,2,0.0007
3503,1128466387,LOST PLANET,2,0.0007
3504,2125308381,Lumberjack's Dynasty,2,0.0007
3505,217450018,LUMINES REMASTERED,2,0.0007
3506,2095111834,Luto,2,0.0007
3507,1480656909,Luxor 2,2,0.0007
3508,1700020315,MADiSON,2,0.0007
3509,1414793341,Mafia II,2,0.0007
3510,1796424069,Malu the Princess,2,0.0007
3511,1004777721,Marble Void,2,0.0007
3512,1480659971,Marlow Briggs,2,0.0007
3513,1918742857,Mars Horizon,2,0.0007
3514,1955271286,Master of BOOM,2,0.0007
3515,2028075036,Mayhem Brawler,2,0.0007
3516,2091623135,Megaparty: A Tootuff Adventure,2,0.0007
3517,1772597205,METAL GEAR SOLID: MASTER COLLECTION Vol.1 BONUS CONTENT,2,0.0007
3518,1939654144,Mia and the Dragon Princess,2,0.0007
3519,1983992803,Miasma Chronicles,2,0.0007
3520,1643039488,Midnight Cat Heist (Xbox Series X/S),2,0.0007
3521,1790559387,Miraculous: Rise of the Sphinx,2,0.0007
3522,1753107898,Missing Banban,2,0.0007
3523,1828150818,Mist: Evolution,2,0.0007
3524,1890326099,Mistfall Hunter,2,0.0007
3525,2079275443,MONOPOLY® MADNESS DEMO,2,0.0007
3526,2038013659,Monster High™‎ Skulltimate Secrets™,2,0.0007
3527,2025687845,Monster Prom 3: Monster Roadtrip XXL,2,0.0007
3528,1983830877,Monster Truck Championship Xbox Series X|S,2,0.0007
3529,1884399750,Monument Valley 3,2,0.0007
3530,1150103050,Mordheim: City of the Damned,2,0.0007
3531,1423533994,MotoGP™15,2,0.0007
3532,284212046,MotoGP™18,2,0.0007
3533,1679173794,MotoGP™21,2,0.0007
3534,1887595548,Mountain Racing Demo,2,0.0007
3535,1959884647,Mr.Slime in Dungeon,2,0.0007
3536,1957331976,Mr.Slime in Dungeon (Xbox Series X|S),2,0.0007
3537,1937457147,Mutant Year Zero: Road to Eden,2,0.0007
3538,157756945,MX Nitro,2,0.0007
3539,1781008619,MY LITTLE PONY: A Maretime Bay Adventure,2,0.0007
3540,1731520158,Myst,2,0.0007
3541,1884949649,Mythwrecked: Ambrosia Island,2,0.0007
3542,1882866745,NBA BOUNCE,2,0.0007
3543,919412218,Necromunda: Underhive Wars,2,0.0007
3544,157973080,NeuroVoider,2,0.0007
3545,1831172074,Niffelheim,2,0.0007
3546,1480659560,NiGHTS into dreams...,2,0.0007
3547,2043833523,Nippon Marathon,2,0.0007
3548,1957424962,No Straight Roads,2,0.0007
3549,156829627,No Time To Explain,2,0.0007
3550,2064523753,Nocturne Routes,2,0.0007
3551,1970680323,Nordic Ashes: The Complete Saga,2,0.0007
3552,1727273780,Observation,2,0.0007
3553,54254179,Oceanhorn - Monster of Uncharted Seas,2,0.0007
3554,2105152828,OCTOPATH TRAVELER 0 Prologue Demo,2,0.0007
3555,2058598171,Oddworld: Soulstorm Enhanced Edition Demo,2,0.0007
3556,1778851260,Oddworld: Stranger's Wrath HD,2,0.0007
3557,202265903,Oh...Sir! The Hollywood Roast,2,0.0007
3558,1764133092,OlliOlli World,2,0.0007
3559,1881526368,One Finger Death Punch 2,2,0.0007
3560,2081394706,Onimusha 2: Samurai's Destiny,2,0.0007
3561,118591686,ONRUSH™,2,0.0007
3562,1734289672,"ONYX-PRO, Inside the Game: Grounded 2 Artbook and Soundtrack",2,0.0007
3563,1793239917,Ooblets,2,0.0007
3564,264259050,Ori and the Blind Forest,2,0.0007
3565,2096627692,Overdrive Blaster,2,0.0007
3566,1129121749,Overlord,2,0.0007
3567,1958257709,Overpass 2,2,0.0007
3568,2002349228,OVERPASS™,2,0.0007
3569,1828865417,PAC-PAC,2,0.0007
3570,1654902688,Parkitect: Deluxe Edition,2,0.0007
3571,916339986,Party Hard,2,0.0007
3572,1952969635,Party Hard 2,2,0.0007
3573,1664180760,Passage 4 free Live,2,0.0007
3574,1775966138,PBA Pro Bowling 2021,2,0.0007
3575,1661809575,PC Building Simulator 2,2,0.0007
3576,2116319841,Penny's Big Breakaway,2,0.0007
3577,1715204609,People of Note,2,0.0007
3578,1664709987,Persona 3 Reload - Demo,2,0.0007
3579,1729522353,Pet Shop Simulator,2,0.0007
3580,1924033897,Pets Hidden In The Office,2,0.0007
3581,1776549840,Pizza Possum,2,0.0007
3582,2024485825,PJ Masks: Heroes of the Night,2,0.0007
3583,340271216,Planet Alpha,2,0.0007
3584,1646214170,Poppers,2,0.0007
3585,2007252653,Poppy Kart,2,0.0007
3586,1919133963,Praetorians - HD Remaster,2,0.0007
3587,34123030,Premium Pool Arena,2,0.0007
3588,1414793184,Prey,2,0.0007
3589,1952431977,Project Snaqe,2,0.0007
3590,1624350228,Project Spark,2,0.0007
3591,670498748,Pumped BMX +,2,0.0007
3592,1962369921,Pumpkin Jack,2,0.0007
3593,248901393,Punch Club,2,0.0007
3594,1655939920,Puyo Puyo Champions,2,0.0007
3595,453783733,Q.U.B.E. 2,2,0.0007
3596,1480659455,Quantum Conundrum,2,0.0007
3597,1665717493,R-Type Delta: HD Boosted,2,0.0007
3598,1984205216,R.B.I. Baseball 21,2,0.0007
3599,1939174273,Railway Islands 2,2,0.0007
3600,1963384435,Ratopia,2,0.0007
3601,1480659438,RAW,2,0.0007
3602,1897447749,ReactorX,2,0.0007
3603,1805490295,ReactorX 2,2,0.0007
3604,1927701400,ReactorX 3,2,0.0007
3605,1716141224,Real Farm - Premium Edition,2,0.0007
3606,1639119449,Record of Lodoss War-Deedlit in Wonder Labyrinth-,2,0.0007
3607,2076466454,Red Dead Redemption (PC),2,0.0007
3608,1710190632,RiMS Racing Xbox Series X|S,2,0.0007
3609,326835485,Rise of Nations: Extended Edition,2,0.0007
3610,434412541,Rise of the Tomb Raider,2,0.0007
3611,2099119493,Rise of the Triad: Ludicrous Edition,2,0.0007
3612,1629043783,River City Girls,2,0.0007
3613,1769121996,River City Girls 2,2,0.0007
3614,227770627,Riverbond,2,0.0007
3615,1783825549,Road 96: Mile 0,2,0.0007
3616,1776370994,Robotry!,2,0.0007
3617,322450727,Rogue Legacy,2,0.0007
3618,2131113207,Röki,2,0.0007
3619,1816384641,RollCats Demo,2,0.0007
3620,2140018399,RollerCoaster Tycoon Adventures Deluxe,2,0.0007
3621,1652661000,Rugby Challenge 4,2,0.0007
3622,1691892209,Ruinarch,2,0.0007
3623,2134890759,Rummi,2,0.0007
3624,1654990488,Rune Factory 4 Special,2,0.0007
3625,1770389828,Rune Factory: Guardians of Azuma,2,0.0007
3626,1759610497,Rush Rally Origins,2,0.0007
3627,1727550181,Rustler,2,0.0007
3628,429066719,Saints Row IV: Re-Elected,2,0.0007
3629,1743311963,Sam & Max Save the World,2,0.0007
3630,1480657104,Samurai Shodown II,2,0.0007
3631,1945460495,SAMURAI SHODOWN NEOGEO COLLECTION,2,0.0007
3632,1810802925,Saturnalia,2,0.0007
3633,1801948585,SCARLET NEXUS Demo Edition,2,0.0007
3634,2053701653,SD GUNDAM BATTLE ALLIANCE Demo,2,0.0007
3635,1977411043,Sentry Paragon,2,0.0007
3636,2030118025,Serious Sam: Siberian Mayhem,2,0.0007
3637,1852363353,Shadow Gambit: The Cursed Crew,2,0.0007
3638,1297287126,Shadowrun,2,0.0007
3639,161766595,Shantae and the Pirate's Curse,2,0.0007
3640,2093075517,Shantae and the Seven Sirens,2,0.0007
3641,1774500212,Shantae: Risky's Revenge - Director's Cut,2,0.0007
3642,1901019717,Shaolin vs Wutang,2,0.0007
3643,1654530968,Shieldwall,2,0.0007
3644,903306295,Shining Resonance Refrain,2,0.0007
3645,2129748278,SHINOBI: Art of Vengeance Demo,2,0.0007
3646,1654809752,Shotgun King: The Final Checkmate,2,0.0007
3647,1811056861,Shred! 2 - ft Sam Pilgrim,2,0.0007
3648,1783788045,SILENT HILL f - Bonus Content,2,0.0007
3649,528264958,Sine Mora EX,2,0.0007
3650,1720807506,Skibidi Sandbox,2,0.0007
3651,1942055330,Skinwalker 3D,2,0.0007
3652,104681353,SKYHILL,2,0.0007
3653,1950703681,Slitterhead Demo,2,0.0007
3654,1736697479,Smart Moves,2,0.0007
3655,16468936,So Many Me,2,0.0007
3656,1875557727,Sociable Soccer 25,2,0.0007
3657,1661096222,SokoNature,2,0.0007
3658,1732062836,Solo Leveling: ARISE OVERDRIVE,2,0.0007
3659,1865488656,Somber Echoes,2,0.0007
3660,2139967680,Sonic Racing: CrossWorlds – Open Network Test,2,0.0007
3661,1624587951,Sorry We're Closed,2,0.0007
3662,1718103769,Space Gladiators,2,0.0007
3663,2110528847,Spartan Runner,2,0.0007
3664,2033340677,Speed Car Fighter : Remastered Demo,2,0.0007
3665,2073359006,Spirittea,2,0.0007
3666,1617924752,Spot Challenge 3D,2,0.0007
3667,2032251921,Spot Challenge Vol. 2,2,0.0007
3668,1645862163,SpotCat vs The Cheddar Mafia In Asia,2,0.0007
3669,1940217918,SquadBlast (Game Preview),2,0.0007
3670,2063855906,STAR OCEAN THE DIVINE FORCE,2,0.0007
3671,1397819357,Star Ocean: The Last Hope,2,0.0007
3672,2071323777,Star Trek: Resurgence,2,0.0007
3673,145718352,Stardust Galaxy Warriors: Stellar Climax,2,0.0007
3674,687953907,STARWHAL,2,0.0007
3675,1328778537,SteamWorld Dig,2,0.0007
3676,1732155244,SteamWorld Heist II,2,0.0007
3677,1016114215,Steven Universe: Save the Light,2,0.0007
3678,2040979596,Steven Universe: Unleash the Light,2,0.0007
3679,2027854331,STORY OF SEASONS: A Wonderful Life,2,0.0007
3680,1896598798,Street Outlaws 2: Winner Takes All,2,0.0007
3681,1794869036,Strike Force Heroes,2,0.0007
3682,2112291702,STUFFED Demo,2,0.0007
3683,1746879934,Submerged: Hidden Depths,2,0.0007
3684,1925739927,SubwaySim 2,2,0.0007
3685,1634482046,Super Arcade Soccer 2021,2,0.0007
3686,2037941256,SUPER BOMBERMAN R 2,2,0.0007
3687,1841866029,Super Bomberman R Online,2,0.0007
3688,2118278143,Super Dark Deception Demo,2,0.0007
3689,2084457373,Super Double Dragon,2,0.0007
3690,1785098854,Super Mombo Quest,2,0.0007
3691,1914281401,Super Volley Blast,2,0.0007
3692,1480659532,SVC: ToeJam & Earl,2,0.0007
3693,1480656944,Switchball,2,0.0007
3694,1908989621,SWORD ART ONLINE Last Recollection,2,0.0007
3695,2023655054,Syberia - The World Before - DEMO,2,0.0007
3696,1803025384,SYNTHETIK: Ultimate,2,0.0007
3697,1704201327,System Shock 2: 25th Anniversary Remaster,2,0.0007
3698,1940337295,Taiko no Tatsujin: Rhythm Festival,2,0.0007
3699,1803471862,Taiko no Tatsujin: Rhythm Festival Demo,2,0.0007
3700,2132478540,Tails of Iron 2: Whiskers of Winter,2,0.0007
3701,1879459921,Takotan,2,0.0007
3702,1699999089,Talisman: Digital 5th Edition,2,0.0007
3703,1978334388,Tank Mechanic Simulator,2,0.0007
3704,2146686920,"Tanks, But No Tanks",2,0.0007
3705,1926815176,Teeny Tiny Trains,2,0.0007
3706,1621365103,Terror of Hemasaurus,2,0.0007
3707,278122515,The Adventure Pals,2,0.0007
3708,1969027482,The Complex,2,0.0007
3709,125965001,The Escapists: The Walking Dead,2,0.0007
3710,1685158190,The Expanse: A Telltale Series,2,0.0007
3711,1635182063,The Fall of Porcupine: Last Days of Summer,2,0.0007
3712,875174887,The Final Station,2,0.0007
3713,337067464,The Fisherman - Fishing Planet,2,0.0007
3714,1771770355,The Forgotten City,2,0.0007
3715,1058433943,The Incredible Adventures of Van Helsing III,2,0.0007
3716,740275617,The Inner World - The Last Wind Monk,2,0.0007
3717,2047811112,The Last Hero of Nostalgaia,2,0.0007
3718,1480657090,The Maw,2,0.0007
3719,1816960683,The Nightmares At The Krusty Krab,2,0.0007
3720,1909971931,The Nom,2,0.0007
3721,1777341064,The Outer Worlds: Spacer's Choice Edition,2,0.0007
3722,1894317724,The Serpent Rogue,2,0.0007
3723,2120497068,The Smurfs - Village Party,2,0.0007
3724,307442698,The Turing Test,2,0.0007
3725,1933187511,The Vale: Shadow of the Crown,2,0.0007
3726,1656117140,The Wellmonts Case,2,0.0007
3727,1986869957,Them's Fightin' Herds,2,0.0007
3728,544772182,Thronebreaker: The Witcher Tales,2,0.0007
3729,1674783293,Thunder Ray,2,0.0007
3730,1963849763,Thymesia,2,0.0007
3731,1448413146,TimeShift,2,0.0007
3732,1646531438,To the Moon,2,0.0007
3733,1657526037,Tomb Raider: Legacy of Atlantis,2,0.0007
3734,1804899462,Tools Up - Ultimate Edition,2,0.0007
3735,1610985256,Torchlight III,2,0.0007
3736,1962802003,Tormented Souls 2 Demo,2,0.0007
3737,1832512217,Townscaper,2,0.0007
3738,1669996905,Train Sim World® 3,2,0.0007
3739,1646334101,TramSim: Console Edition,2,0.0007
3740,1989609295,Trash is Fun,2,0.0007
3741,1917641293,Treasure Hunter Simulator,2,0.0007
3742,2147214039,TRIANGLE STRATEGY,2,0.0007
3743,2143164145,Truck Simulator Cargo Driver 2025 - EURO,2,0.0007
3744,1878739850,Truck Simulator Cargo Driver 2025 - USA,2,0.0007
3745,1959159088,Tunguska: The Visitation - Complete Edition,2,0.0007
3746,1799638183,Turbo Overkill,2,0.0007
3747,1821051545,Uboat Attack,2,0.0007
3748,2089989279,UFO ROBOT GRENDIZER – The Feast of the Wolves,2,0.0007
3749,2118758715,Unknown 9: Awakening,2,0.0007
3750,1890458248,UnMetal,2,0.0007
3751,1620954305,Vagante,2,0.0007
3752,131540426,Valentino Rossi The Game,2,0.0007
3753,1828894151,Valiant Hearts: Coming Home,2,0.0007
3754,944836149,Valkyria Chronicles 4,2,0.0007
3755,61090031,Victor Vran,2,0.0007
3756,1621488506,Vigour,2,0.0007
3757,1480657285,Virtual-On OT,2,0.0007
3758,1868571877,Viscerafest,2,0.0007
3759,1662453492,Void Blasters (Xbox One),2,0.0007
3760,133113455,Voodoo Vince: Remastered,2,0.0007
3761,1759773134,Walking Simulator,2,0.0007
3762,1898630086,Wall World,2,0.0007
3763,563485628,War Planet Online: Global Conquest,2,0.0007
3764,1732740414,Wargroove,2,0.0007
3765,1704142080,Warhammer: Chaosbane Slayer Edition Xbox Series X|S,2,0.0007
3766,405657081,Warhammer: End Times - Vermintide,2,0.0007
3767,1974022928,Water Delivery,2,0.0007
3768,2026516560,Webbed,2,0.0007
3769,1666548378,Weedcraft Inc,2,0.0007
3770,2016076229,Weird West: Definitive Edition,2,0.0007
3771,1876224290,Welcome to Hanwell,2,0.0007
3772,1662257169,What The Dub?!,2,0.0007
3773,1763125243,Wild Card Football,2,0.0007
3774,2023196561,Witch It,2,0.0007
3775,1738666347,Wizardry: Proving Grounds of the Mad Overlord,2,0.0007
3776,1743460039,Wizordum,2,0.0007
3777,2008811924,Wolfenstein II: The New Colossus,2,0.0007
3778,237580797,Wonder Boy: The Dragon's Trap,2,0.0007
3779,1723064655,Word Quest Space,2,0.0007
3780,1711900823,World Championship Boxing Manager™ 2,2,0.0007
3781,521446567,WORLD OF FINAL FANTASY MAXIMA,2,0.0007
3782,547690837,World of Van Helsing: Deathtrap,2,0.0007
3783,206756614,World of Warships: Legends (Supertest),2,0.0007
3784,1631055981,Worms Rumble,2,0.0007
3785,1781754560,Worshippers of Cthulhu,2,0.0007
3786,775457902,WRC 5 FIA World Rally Championship,2,0.0007
3787,721302698,WRC 5 FIA World Rally Championship – Demo,2,0.0007
3788,2056599614,Wreckreation,2,0.0007
3789,2025121273,Wuthering Waves,2,0.0007
3790,2141778943,Xeno Crisis,2,0.0007
3791,247373574,Xenon Racer,2,0.0007
3792,1874529388,Yakuza Kiwami 3 & Dark Ties Demo,2,0.0007
3793,518528069,Yooka-Laylee,2,0.0007
3794,1990116831,Yooka-Laylee and the Impossible Lair,2,0.0007
3795,1752291141,Zombie Derby,2,0.0007
3796,2001814192,Zombie Derby 2,2,0.0007
3797,386160977,Zombie Vikings,2,0.0007
3798,1995775345,"Zombies, Aliens and Guns",2,0.0007
3799,1892576814,#Blud,1,0.0003
3800,498206038,#KILLALLZOMBIES,1,0.0003
3801,1938780553,#SinucaAttack,1,0.0003
3802,2140131389,[REDACTED],1,0.0003
3803,1876087521,1 CatLine,1,0.0003
3804,1907798532,15in1 Solitaire,1,0.0003
3805,1869731177,16-Bit Soccer,1,0.0003
3806,2087236440,1971 Project Helios,1,0.0003
3807,1707619874,2 Synchro Hedgehogs,1,0.0003
3808,1668379163,2 Synchro Hedgehogs (for Windows 10),1,0.0003
3809,1736391553,30 Sport Games in 1,1,0.0003
3810,2076132310,502's Arcade,1,0.0003
3811,2126592570,8-Ball Pocket,1,0.0003
3812,1819837020,8-Ball Showdown,1,0.0003
3813,2134530964,8-Bit Adventures 2,1,0.0003
3814,767105780,8 To Glory - The Official Game of the PBR,1,0.0003
3815,1983088228,9 Lives To Defend,1,0.0003
3816,1970463169,9 Monkeys of Shaolin Demo,1,0.0003
3817,795498692,A Boy and His Blob,1,0.0003
3818,1943296587,A Duel Hand Disaster: Trackher DEMO,1,0.0003
3819,2098100168,A Feeble Saga,1,0.0003
3820,758556857,A Knight's Quest,1,0.0003
3821,1686368600,A Plague Tale: Innocence - Windows 10,1,0.0003
3822,1692343738,A.I.L.A,1,0.0003
3823,1747821529,Aabs Animals,1,0.0003
3824,1824287216,Aaero2,1,0.0003
3825,2040415843,ABRISS - build to destroy,1,0.0003
3826,159107312,ACA NEOGEO AERO FIGHTERS 3,1,0.0003
3827,256509266,ACA NEOGEO ART OF FIGHTING,1,0.0003
3828,413691677,ACA NEOGEO CYBER-LIP,1,0.0003
3829,1070225934,ACA NEOGEO KING OF THE MONSTERS,1,0.0003
3830,742489013,ACA NEOGEO LEAGUE BOWLING,1,0.0003
3831,1026198597,ACA NEOGEO MAGICIAN LORD,1,0.0003
3832,398726065,ACA NEOGEO NINJA COMBAT,1,0.0003
3833,474481668,ACA NEOGEO NINJA COMMANDO,1,0.0003
3834,234402163,ACA NEOGEO RAGNAGARD,1,0.0003
3835,356219446,ACA NEOGEO REAL BOUT FATAL FURY,1,0.0003
3836,241082371,ACA NEOGEO SAMURAI SHODOWN,1,0.0003
3837,922642042,ACA NEOGEO SAMURAI SHODOWN II,1,0.0003
3838,716607571,ACA NEOGEO SAMURAI SHODOWN V,1,0.0003
3839,103559008,ACA NEOGEO SENGOKU 3,1,0.0003
3840,53958575,ACA NEOGEO SHOCK TROOPERS 2nd Squad,1,0.0003
3841,209206780,ACA NEOGEO SPIN MASTER,1,0.0003
3842,537999743,ACA NEOGEO STREET HOOP,1,0.0003
3843,974778520,ACA NEOGEO SUPER SIDEKICKS,1,0.0003
3844,347840480,ACA NEOGEO SUPER SIDEKICKS 3 : THE NEXT GLORY,1,0.0003
3845,605012161,ACA NEOGEO THE KING OF FIGHTERS '95,1,0.0003
3846,420401391,ACA NEOGEO THE KING OF FIGHTERS 2000,1,0.0003
3847,442527816,ACA NEOGEO THE KING OF FIGHTERS 2001,1,0.0003
3848,650424753,ACA NEOGEO THE LAST BLADE 2,1,0.0003
3849,743775769,ACA NEOGEO TOP HUNTER RODDY & CATHY,1,0.0003
3850,1790138032,ACA NEOGEO WORLD HEROES,1,0.0003
3851,117254224,ACA NEOGEO ZED BLADE,1,0.0003
3852,1660341261,ACA2NEOGEO THE KING OF FIGHTERS '98,1,0.0003
3853,1860967704,ACE COMBAT 8: WINGS OF THEVE,1,0.0003
3854,1480657030,Aces of the Galaxy,1,0.0003
3855,2132000502,ACL Pro Cornhole,1,0.0003
3856,1939634325,Action Arcade Wrestling,1,0.0003
3857,2069190168,Ad Fundum,1,0.0003
3858,1849400719,Adios,1,0.0003
3859,1973092849,Adore,1,0.0003
3860,592146950,Adventure Pop,1,0.0003
3861,344925310,Adventure Time: Finn and Jake Investigations,1,0.0003
3862,926156758,Adventure Time: Secret (2014),1,0.0003
3863,1974177380,Adventures of Bertram Fiddle: Episode 1: A Dreadly Business,1,0.0003
3864,1638145207,Aeon Must Die!,1,0.0003
3865,1640203944,AER - Memories of Old,1,0.0003
3866,1668258620,Aero The Acro-Bat,1,0.0003
3867,2105635738,Aery - A New Frontier,1,0.0003
3868,1769927360,Aery - Calm Mind 4,1,0.0003
3869,1702239112,Aery - Cyber City,1,0.0003
3870,1679089780,Aery - Flow of Time,1,0.0003
3871,1961564483,Aery - Heaven & Hell,1,0.0003
3872,1704356008,Aery - Peace of Mind 4,1,0.0003
3873,2037129768,AeternnoBlade II : Infinity,1,0.0003
3874,411985913,AFL Evolution,1,0.0003
3875,2120715413,After Us,1,0.0003
3876,2084991404,Afterglitch,1,0.0003
3877,2076405066,Agarta,1,0.0003
3878,1480657136,Age of Booty,1,0.0003
3879,897067440,Age of Empires: Definitive Edition,1,0.0003
3880,1838321370,Ages of Mages: the last keeper,1,0.0003
3881,1817929711,Agriculture (Xbox Version),1,0.0003
3882,2080141972,Aground,1,0.0003
3883,2055514030,"Ah, Love! (Xbox One)",1,0.0003
3884,1746549534,"Ah, Love! Season 4 (Xbox One)",1,0.0003
3885,2099005661,AI: THE SOMNIUM FILES Nirvana Initiative,1,0.0003
3886,1868532254,Aidan in Danger,1,0.0003
3887,2060942184,Air Bounce - The Jump 'n' Run Challenge,1,0.0003
3888,1972154344,Air Climb Racing 2,1,0.0003
3889,2006975230,Air Twister,1,0.0003
3890,1796559648,Aircraft Carrier Survival,1,0.0003
3891,1838616414,Airplane Flight Simulator : EVO,1,0.0003
3892,1880279778,Airplane Racing Championship Demo,1,0.0003
3893,2036577806,Akane,1,0.0003
3894,1846694005,Akuto: Showdown,1,0.0003
3895,1726888537,Albatroz,1,0.0003
3896,2031115652,Alchemist Adventure,1,0.0003
3897,1653884944,Alchemist Simulator,1,0.0003
3898,2077540326,Alina of the Arena,1,0.0003
3899,1626416341,Alisa Developer's Cut,1,0.0003
3900,545851415,All-Star Fruit Racing,1,0.0003
3901,1997651308,All You Need is Help,1,0.0003
3902,1644377505,Allison's Diary: Rebirth,1,0.0003
3903,2123487067,Alphadia Genesis 2,1,0.0003
3904,173777692,Alto's Adventure,1,0.0003
3905,1629109409,ALUMNI - Escape Room Adventure,1,0.0003
3906,1972898737,AMAZE!,1,0.0003
3907,1780044941,American Arcadia,1,0.0003
3908,1647836151,An Airport for Aliens Currently Run by Dogs,1,0.0003
3909,1757356654,Andro Dunos 2,1,0.0003
3910,1740207992,Andromeda Survivors,1,0.0003
3911,2087557257,Angels of Death,1,0.0003
3912,1659178052,Angry Video Game Nerd 8-bit Demo,1,0.0003
3913,1657542183,Animal Jigsaw Collection for PC & XBOX,1,0.0003
3914,2032975288,ANIMAL WELL,1,0.0003
3915,1863916271,Anime Girls Jigsaw Puzzles - The Waifu Experience,1,0.0003
3916,1032556391,Anode,1,0.0003
3917,1480659481,Anomaly Warzone Earth,1,0.0003
3918,2088379065,Another Dawn,1,0.0003
3919,2143113399,Anthology of Fear,1,0.0003
3920,880418401,AO International Tennis,1,0.0003
3921,1879914435,Apex Racing 3D,1,0.0003
3922,1681140332,Aphelion,1,0.0003
3923,1966657340,Apple Slash,1,0.0003
3924,395362154,Aqua Moto Racing Utopia,1,0.0003
3925,1659011435,Aquadine,1,0.0003
3926,1878021400,Aquapark io,1,0.0003
3927,2087906718,Aquarun,1,0.0003
3928,2071414768,Ara Fell: Enhanced Edition,1,0.0003
3929,1908300140,ARC Raiders - Server Slam,1,0.0003
3930,1942422687,Arcade Archives 2 SPACE INVADERS,1,0.0003
3931,2081200138,Arcade Classics Anniversary Collection,1,0.0003
3932,2072809305,Arcadia Fallen,1,0.0003
3933,1663331063,Arena Renovation,1,0.0003
3934,1480657297,ARKANOID Live!,1,0.0003
3935,1727835390,Arkham Horror: Mother’s Embrace,1,0.0003
3936,1929297581,Armature Invasion,1,0.0003
3937,2052723094,Armatus,1,0.0003
3938,2095899465,Artifact Seekers,1,0.0003
3939,1657308331,ASCENDANCE - First Horizon,1,0.0003
3940,1973312344,Asdivine Dios,1,0.0003
3941,1897858878,Asdivine Hearts,1,0.0003
3942,1719470969,Asdivine Kamura,1,0.0003
3943,1891225930,Ash of Gods Redemption,1,0.0003
3944,1480659964,Assassin's Creed III: Liberation HD,1,0.0003
3945,1762779465,Asterigos: Curse of the Stars,1,0.0003
3946,1681920276,Asterix & Obelix XXL 3 - DEMO,1,0.0003
3947,1749623628,Asterix & Obelix XXL: Romastered,1,0.0003
3948,1696544530,Asteroids Origin and Geometry Warp Trial,1,0.0003
3949,2116401396,Astrea: Six-Sided Oracles,1,0.0003
3950,1631238072,Astro Miner,1,0.0003
3951,1869032232,Astro Rangers,1,0.0003
3952,1800521457,AstroMenace,1,0.0003
3953,686748290,Atari Flashback Classics Vol. 1,1,0.0003
3954,547436161,Atari Flashback Classics Vol. 2,1,0.0003
3955,1725237513,Autobahn Police Simulator 2,1,0.0003
3956,1902834375,Autobahn Police Simulator 3,1,0.0003
3957,1861014614,Autonauts,1,0.0003
3958,2110575175,Awesome Pea (Demo),1,0.0003
3959,1484426675,Awesomenauts Assemble!,1,0.0003
3960,1731201258,Axiom Verge 2,1,0.0003
3961,1807153345,Azure Striker GUNVOLT,1,0.0003
3962,1680129182,Backrooms Level X,1,0.0003
3963,1859435059,BAD END THEATER,1,0.0003
3964,1670910658,Baking Time,1,0.0003
3965,1638157396,Balloball - Ribbit & Rescue,1,0.0003
3966,1778964678,Balloball - Ribbit & Rescue (Xbox One),1,0.0003
3967,1653039105,Ballotron (for Windows 10),1,0.0003
3968,1630676646,Ballotron Coolbox (Windows),1,0.0003
3969,1895683438,Ballotron Galaxy (Windows),1,0.0003
3970,1869321523,Ballotron Oceans,1,0.0003
3971,1643697302,Ballotron Oceans (Windows 10),1,0.0003
3972,1843898695,Bangers Unlimited,1,0.0003
3973,1995697239,Banner of the Maid,1,0.0003
3974,2021090436,Baptiste Demo,1,0.0003
3975,1939312830,Barista Simulator,1,0.0003
3976,1983486793,Basketball Free Throw Xbox,1,0.0003
3977,2019892927,Batora: Lost Haven,1,0.0003
3978,1809232025,Battle Axe,1,0.0003
3979,1955583828,Battle Combat: Survival Shooter,1,0.0003
3980,366603565,BATTLE GAREGGA Rev.2016,1,0.0003
3981,2055873124,Battlefield™ 2042 Open Beta Xbox One,1,0.0003
3982,443831560,Battlestar Galactica Deadlock™,1,0.0003
3983,2009443764,BBQ Simulator: The Squad,1,0.0003
3984,2035405673,Beach Buggy Racing,1,0.0003
3985,1624781891,Beat of Montezuma (Windows),1,0.0003
3986,33016317,Beatsplosion for Kinect,1,0.0003
3987,2074299699,Beautiful Sakura: Fitness Club,1,0.0003
3988,2074980389,Beautiful Sakura: Volleyball Club 2 (Xbox One),1,0.0003
3989,1819720760,Bee Simulator: The Hive,1,0.0003
3990,1614199038,Before Exit : Gas Station,1,0.0003
3991,1711881307,BEFORE I GO,1,0.0003
3992,1821050014,Beholder 3,1,0.0003
3993,139697962,Beholder Complete Edition,1,0.0003
3994,1480659459,Bellator: MMA Onslaught,1,0.0003
3995,2106780142,Beneath,1,0.0003
3996,1980047831,Bestial Reception,1,0.0003
3997,2037703927,Beyond Blue,1,0.0003
3998,621760503,Big Crown: Showdown,1,0.0003
3999,1927815372,Big Helmet Heroes Demo,1,0.0003
4000,531923308,Bike Mayhem 2,1,0.0003
4001,2083837571,Bing In Wonderland Deluxe Edition,1,0.0003
4002,1672240848,Bingo Blitz™️ - Bingo Games,1,0.0003
4003,1964310416,Bio Inc. Redemption,1,0.0003
4004,298354887,BIOHAZARD 7 resident evil グロテスクVer.,1,0.0003
4005,918284490,BIOHAZARD RE:2 Z Version,1,0.0003
4006,420309331,BIOHAZARD RE:3 Z Version for Windows,1,0.0003
4007,1854828947,BIOHAZARD VILLAGE Z Version,1,0.0003
4008,2059168494,BIOMORPH,1,0.0003
4009,1971959570,Bite the Bullet,1,0.0003
4010,1755045975,Black Mamba VS the JI-TAN - Special Edition,1,0.0003
4011,2102008276,BlackJack X,1,0.0003
4012,1947615757,Blacksmith of the Sand Kingdom,1,0.0003
4013,1787759076,Blade of Darkness,1,0.0003
4014,1635661974,Bladed Fury,1,0.0003
4015,188693730,BLADESTORM: Nightmare Demo,1,0.0003
4016,1890497870,Blaster Master Zero 2,1,0.0003
4017,1794186726,Blaster Master Zero 3,1,0.0003
4018,1431504859,Blazing Angels,1,0.0003
4019,941698858,Bleed 2,1,0.0003
4020,1801017437,Blightbound,1,0.0003
4021,1938139131,Blind as a Bat,1,0.0003
4022,1675226093,Blindfire,1,0.0003
4023,2000221001,Blizzard® Arcade Collection PC,1,0.0003
4024,2037855727,Block Puzzle Jewels Classic,1,0.0003
4025,2088197793,Block Tower TD,1,0.0003
4026,2084077804,BlockX,1,0.0003
4027,1668781454,Blocky Blast,1,0.0003
4028,1806285135,Blocky Farm,1,0.0003
4029,1480659651,Blood Knights,1,0.0003
4030,2134519157,Blood of Mehran,1,0.0003
4031,1296697338,BloodRayne 2,1,0.0003
4032,591630310,Bloodstained: Curse of the Moon,1,0.0003
4033,869267607,Bloody Zombies,1,0.0003
4034,1875067511,Blossom Tales II: The Minotaur Prince,1,0.0003
4035,1942570697,Blow it up,1,0.0003
4036,598864782,Blue Angels Aerobatic Flight Simulator,1,0.0003
4037,1957131124,Blue Spiderhuman in Adventure,1,0.0003
4038,1638530474,Blue Wednesday,1,0.0003
4039,1745314944,Bō: Path of the Teal Lotus,1,0.0003
4040,2013388174,Bones of Halloween,1,0.0003
4041,2092220937,Borderlands 3,1,0.0003
4042,1691874317,Boss Rush: Mythology (Xbox Series X|S),1,0.0003
4043,1844418156,Botany Manor,1,0.0003
4044,1770279838,BOUNCY BREAD (XBOX SERIES),1,0.0003
4045,1701558797,Boundland,1,0.0003
4046,2031963723,Boxed Beasts (Xbox Series X/S),1,0.0003
4047,1935728690,Boxes: Lost Fragments,1,0.0003
4048,1685243124,Boxville,1,0.0003
4049,1833961027,Boxville 2,1,0.0003
4050,1480657102,Braid,1,0.0003
4051,1744072621,Bratz™: Flaunt your fashion,1,0.0003
4052,1928707466,Brave Squad,1,0.0003
4053,465277350,Bridge Constructor,1,0.0003
4054,2038940671,Bridge Race,1,0.0003
4055,2067110068,Bright Memory,1,0.0003
4056,1851967447,Brocula,1,0.0003
4057,1785802318,Brocula Demo,1,0.0003
4058,1895935708,Broken Roads,1,0.0003
4059,1013425501,Brunswick® Pro Bowling,1,0.0003
4060,1939974742,Bubbles.free,1,0.0003
4061,2092197904,Bubsy in: The Purrfect Collection,1,0.0003
4062,1629702349,Buddy Garden (Windows),1,0.0003
4063,2070261881,Buildest (Xbox Series X|S),1,0.0003
4064,1618115231,Bullet Beat,1,0.0003
4065,2078016900,Bullet Beat (for Windows 10),1,0.0003
4066,1180043254,Bullet Soul -Infinite Burst-,1,0.0003
4067,1773744086,Bun Buns,1,0.0003
4068,1955736581,Butterfly,1,0.0003
4069,1633674805,Butterfly (for Windows 10),1,0.0003
4070,2051749659,Butterfly 2,1,0.0003
4071,1762067709,Butterfly 2 (for Windows 10),1,0.0003
4072,1679962490,Bye Sweet Carole,1,0.0003
4073,1852075771,Cake Invaders,1,0.0003
4074,1767069216,Call of Duty® 2,1,0.0003
4075,363359276,Call of Duty®: Black Ops 4 Blackout Private Beta,1,0.0003
4076,1724764656,Call of Duty®: Ghosts (Windows),1,0.0003
4077,1944957710,Call of Duty®: Modern Warfare® 2 (2009),1,0.0003
4078,649881449,Call of Duty®: Modern Warfare® Remastered,1,0.0003
4079,2125808616,Call of Heroes: Tower Defense,1,0.0003
4080,2035169483,Call of Sentinels,1,0.0003
4081,1673223107,Call of the Sea,1,0.0003
4082,1857703882,Call of Toys: Tower Defense!,1,0.0003
4083,1916243879,Camping Simulator: The Squad,1,0.0003
4084,1774990887,Can't Drive This,1,0.0003
4085,943602230,Canadian Football 2017,1,0.0003
4086,2113057830,Candivity,1,0.0003
4087,52417526,Candleman,1,0.0003
4088,1480659545,CAPCOM ARCADE CABINET,1,0.0003
4089,2093835198,Capes,1,0.0003
4090,1713954271,Captain Bones Demo,1,0.0003
4091,1758661630,Captain Puff MacFly,1,0.0003
4092,2004415551,CAPTAIN TSUBASA 2: WORLD FIGHTERS,1,0.0003
4093,1777741495,CAPTURED,1,0.0003
4094,1729947285,Capybara Goes to Space,1,0.0003
4095,2072505660,Capybara Goes to Space (XBOX SERIES),1,0.0003
4096,2117315513,Car for Sale Simulator 2023 - Desktop,1,0.0003
4097,1794618801,Car Mechanic Shop Simulator,1,0.0003
4098,2016139001,Card Collector Trading Shop,1,0.0003
4099,2115124995,Card Storm Idle (Windows),1,0.0003
4100,1860238573,Cardaclysm: Shards of the Four,1,0.0003
4101,2052867986,Cards We're Dealt,1,0.0003
4102,1737866535,Carom Billiard 2021,1,0.0003
4103,2140021544,CASE: Animatronics,1,0.0003
4104,2011257071,Cash Cleaner Simulator: Piggy Bank Demo,1,0.0003
4105,1973612237,Castle of no Escape 2,1,0.0003
4106,2027163640,Castle Walker,1,0.0003
4107,1480659610,CastleStorm,1,0.0003
4108,1501266033,CastleStorm - Definitive Edition,1,0.0003
4109,1640965998,Cat in Rain,1,0.0003
4110,2111860697,Cat Pipes,1,0.0003
4111,1850745968,Cat Pipes (Windows),1,0.0003
4112,1760562614,Cat President: A More Purrfect Union,1,0.0003
4113,1825273416,Cat Souls,1,0.0003
4114,1692828729,Cats and Seek : Osaka,1,0.0003
4115,1986085404,Cats On Duty Demo,1,0.0003
4116,1802087394,Cats With Guns (Windows),1,0.0003
4117,2117573270,Cats with Guns (Xbox),1,0.0003
4118,1963508179,Cattie,1,0.0003
4119,2071309475,Cattle Country,1,0.0003
4120,443026101,Caveman Warriors,1,0.0003
4121,1715577372,Chained Echoes,1,0.0003
4122,2122185005,Chains of Freedom,1,0.0003
4123,1285127818,Chariot,1,0.0003
4124,497019090,Chasm,1,0.0003
4125,1637716233,Checkers 3D Pro,1,0.0003
4126,2076707052,Checkmates,1,0.0003
4127,1709586237,Chess Champ,1,0.0003
4128,1634099282,Chess Champion,1,0.0003
4129,1827739583,Chess Infinity,1,0.0003
4130,1960503334,Chess Prince,1,0.0003
4131,1697386135,Chicken Police - Paint it RED!,1,0.0003
4132,1810648866,Chickens Madness,1,0.0003
4133,1659971867,ChildStory,1,0.0003
4134,1972973669,Chippy's Stash (Xbox One),1,0.0003
4135,1749756360,Chocolate Factory Simulator,1,0.0003
4136,1958191831,Choice of Life: Middle Ages 2,1,0.0003
4137,1841886812,Christmas Massacre,1,0.0003
4138,2087558820,Christmas Mutilator,1,0.0003
4139,334239242,Chroma Squad,1,0.0003
4140,2122125189,Chronicles of the Wolf,1,0.0003
4141,880657099,Chronos: Before the Ashes,1,0.0003
4142,1802005257,Chronus Arc,1,0.0003
4143,1738598619,Cinderella Story for Kids,1,0.0003
4144,622616436,Circuit Breakers,1,0.0003
4145,2015839152,Citadelum,1,0.0003
4146,1676653592,Citizen Sleeper 2: Starward Vector,1,0.0003
4147,1783440636,City Bus Manager,1,0.0003
4148,1703939860,Clash: Artifacts of Chaos,1,0.0003
4149,1816963357,Classic Snake Adventures (Cross-Buy),1,0.0003
4150,1821645186,Classic Sudoku PRO - PC & XBOX,1,0.0003
4151,1872681538,Clockmaker: Match 3 Puzzle Games,1,0.0003
4152,2015781000,Closer the Distance,1,0.0003
4153,1980358797,Cloudpunk,1,0.0003
4154,1839636294,Cloudpunk - XBS/X,1,0.0003
4155,1732400170,Cobra Kai 2: Dojos Rising,1,0.0003
4156,1610974574,Cocoon,1,0.0003
4157,2042930008,CODE VEIN II - Digital Mini Artbook & Soundtrack,1,0.0003
4158,1964815108,Coffee Talk Tokyo Demo,1,0.0003
4159,1724133517,Collie Call,1,0.0003
4160,1641287197,Collie Call (Xbox One),1,0.0003
4161,1774676042,Color Water Sort,1,0.0003
4162,2040404955,Colorful Colore,1,0.0003
4163,1713543499,Colossus Down,1,0.0003
4164,1792259900,Combat Kart,1,0.0003
4165,1480657313,Comix Zone,1,0.0003
4166,1480656929,Commanders: Attack,1,0.0003
4167,1811348687,Commandos 2 - HD Remaster,1,0.0003
4168,1813980988,Commandos 3 - HD Remaster,1,0.0003
4169,1962870492,Company of Heroes 2: Complete Collection,1,0.0003
4170,1824458896,ComputerHead: Springloaded (Xbox One),1,0.0003
4171,1923495076,Concept Destruction,1,0.0003
4172,1397032914,Condemned,1,0.0003
4173,2097032200,"Cook, Serve, Delicious! 2!!",1,0.0003
4174,1903918497,"Cook, Serve, Delicious! 3?!",1,0.0003
4175,2038599406,Coptic Adventure,1,0.0003
4176,1988991827,Corner Kitchen Fast Food Simulator,1,0.0003
4177,2112932864,Cosmic Top Secret,1,0.0003
4178,1837608718,Crabwave (Xbox Series),1,0.0003
4179,1753200143,Crack The Egg!,1,0.0003
4180,1808911215,Crashlands,1,0.0003
4181,1755174608,Creature Lab,1,0.0003
4182,1692395829,Croc's World 4,1,0.0003
4183,1980793569,Croc's World Run (Xbox-Edition),1,0.0003
4184,1897666111,Cross Tails,1,0.0003
4185,2041763016,CrossCode,1,0.0003
4186,1984954469,CrossKrush,1,0.0003
4187,1721970293,Crow Country,1,0.0003
4188,1705139809,CrushBorgs (for Windows 10),1,0.0003
4189,1735754897,CrushBorgs (Xbox Series),1,0.0003
4190,2010857968,Cruz Brothers,1,0.0003
4191,1707233763,Cryptmaster,1,0.0003
4192,1924446706,Cssx2,1,0.0003
4193,1830266576,CT Wars Tower Defense,1,0.0003
4194,1948002255,Cubey: Blockbyte,1,0.0003
4195,1759662919,Cubey: Blockbyte (Xbox One),1,0.0003
4196,2003918395,Cubic 2 3 4 Player Games,1,0.0003
4197,1824007949,Curious Cases,1,0.0003
4198,1883035667,Curved Space,1,0.0003
4199,1950579327,Cute Bonfire (Xbox One),1,0.0003
4200,1982928748,Cute Bonfire (Xbox Series),1,0.0003
4201,2019164787,Cyber Chess,1,0.0003
4202,1982321600,Cyber Pool,1,0.0003
4203,2134050494,CybeRage,1,0.0003
4204,2017850279,Cybertrash STATYX (Xbox Series X|S),1,0.0003
4205,2102763349,Dad's Monster House,1,0.0003
4206,1837368114,Dagon: Complete Edition,1,0.0003
4207,694107204,Dance Central Spotlight,1,0.0003
4208,822567888,Danger Zone,1,0.0003
4209,1647876194,Dannny0117 Mining Tycoon,1,0.0003
4210,1841290462,Dark Alliance,1,0.0003
4211,1991801140,Dark Light,1,0.0003
4212,1985624416,Dark Nights with Poe and Munro,1,0.0003
4213,1959927913,Dark Quest 4,1,0.0003
4214,1932502236,DARKGEMS,1,0.0003
4215,1934165017,DARKGEMS (Xbox Series),1,0.0003
4216,367230746,Darksiders Genesis,1,0.0003
4217,2029863585,Date with Devils,1,0.0003
4218,2075137582,Daydream: Forgotten Sorrow,1,0.0003
4219,1762192861,DC's Justice League: Cosmic Chaos,1,0.0003
4220,327419539,de Blob,1,0.0003
4221,149500505,de Blob 2,1,0.0003
4222,1798643426,Dead Age II,1,0.0003
4223,1830776376,Dead Dragons,1,0.0003
4224,1872065352,Dead Dungeon,1,0.0003
4225,435507461,Dead Effect 2,1,0.0003
4226,1951298086,Dead End Job,1,0.0003
4227,2055117989,Dead of Darkness,1,0.0003
4228,2108921213,Deadlock Reign,1,0.0003
4229,1837096770,Death's Gambit: Afterlife,1,0.0003
4230,1949177747,Death Park,1,0.0003
4231,1912803549,Deathbound,1,0.0003
4232,1781362207,DeathGearX,1,0.0003
4233,1667166711,Deathless. The Hero Quest,1,0.0003
4234,1928643561,Deathsmiles I・II,1,0.0003
4235,2027027841,Debtor: Enhanced Edition,1,0.0003
4236,1838411318,Decay,1,0.0003
4237,2069220628,Decision: Red Daze,1,0.0003
4238,1748074579,Delivery Driver Massacre,1,0.0003
4239,1613018343,Delivery of Us (Xbox One),1,0.0003
4240,1892943931,Delivery of Us (Xbox Series),1,0.0003
4241,2088918777,Demolish & Build,1,0.0003
4242,2073798996,Demon's Tier+,1,0.0003
4243,1997040868,Demon Turf,1,0.0003
4244,2025087313,Demons Are Coming!,1,0.0003
4245,2095254091,Depth of Extinction,1,0.0003
4246,1786474570,Desert Quest,1,0.0003
4247,2088616994,Desktop Dungeons: Rewind,1,0.0003
4248,1829928670,Destroy All Humans! Demo,1,0.0003
4249,1988420517,Detective From The Crypt (Xbox Series X|S),1,0.0003
4250,1817730452,Devil Engine: Complete Edition,1,0.0003
4251,554958871,Devil May Cry 5 Xbox Exclusive Demo,1,0.0003
4252,1713723106,Diablo® II: Resurrected™ - Beta,1,0.0003
4253,1754131742,Diamond Painting ASMR,1,0.0003
4254,1945032395,Diesel Legacy: The Brazen Age - Demo,1,0.0003
4255,338090394,Dirt Rally,1,0.0003
4256,2144329170,Discolored,1,0.0003
4257,1715814050,Discounty Demo,1,0.0003
4258,1697327394,Disjunction,1,0.0003
4259,1981785404,Disney Illusion Island Starring Mickey and Friends,1,0.0003
4260,268236555,Disney Infinity [2.0],1,0.0003
4261,836467065,Disney Infinity 3.0,1,0.0003
4262,1678484846,DISORDER: Save Your Family,1,0.0003
4263,2145964960,Dispatch,1,0.0003
4264,1962697172,Divekick,1,0.0003
4265,1712707936,Divine Dynamo Flamefrit,1,0.0003
4266,2144573002,Doctor Cat,1,0.0003
4267,2034093267,Doctor Who: The Edge of Reality,1,0.0003
4268,1886148324,Dollhouse: Behind the Broken Mirror,1,0.0003
4269,2053175398,DOLLMAKER,1,0.0003
4270,1751561017,Dollmare,1,0.0003
4271,1744516403,Dolmen,1,0.0003
4272,1087781956,Don Bradman Cricket,1,0.0003
4273,1683625640,Donut Dodo Demo,1,0.0003
4274,1877331117,Doodle God: Evolution,1,0.0003
4275,1112737777,DOOM 3 BFG Edition,1,0.0003
4276,743569110,Doom and Destiny,1,0.0003
4277,2120326849,DOOM Open Beta,1,0.0003
4278,2100206304,DOOM: The Dark Ages Digital Artbook and Soundtrack,1,0.0003
4279,1777388058,Dorfs: Hammers For Hire,1,0.0003
4280,2094945636,Dots And Boxes - Classic,1,0.0003
4281,2119147388,Double Dangerous,1,0.0003
4282,2146119244,Double Dragon Revive,1,0.0003
4283,1646140981,Double Kick Heroes,1,0.0003
4284,1747235781,DoubleDragon Advance,1,0.0003
4285,178797566,Doughlings: Arcade,1,0.0003
4286,2133959666,Dr. Atominus,1,0.0003
4287,2140882795,Dr. Fetus' Mean Meat Machine,1,0.0003
4288,2016193671,DRAGON QUEST VII Reimagined Demo,1,0.0003
4289,2075944993,Dragon Ruins,1,0.0003
4290,1649708833,Dragon Snack: From Ice to Ember (Xbox One),1,0.0003
4291,2141077076,Dragon Snack: From Ice to Ember (Xbox Series),1,0.0003
4292,215313834,Draw a Stickman: EPIC,1,0.0003
4293,2110822095,Dream House Days DX,1,0.0003
4294,1921123976,Dream Park Story,1,0.0003
4295,168101896,Dreamfall Chapters,1,0.0003
4296,1776664428,Dreamland Solitaire: Dragon's Fury,1,0.0003
4297,1669152064,Dreamscaper,1,0.0003
4298,2104125318,DreamWorks Trolls Remix Rescue,1,0.0003
4299,1036815571,Drift Zone,1,0.0003
4300,2099009782,Drive Getaway Simulator 2011,1,0.0003
4301,776943591,DUCATI - 90th Anniversary,1,0.0003
4302,2100806769,Duck Life Adventure,1,0.0003
4303,1891372981,Duck Simulator Lite,1,0.0003
4304,1480657463,Duke Nukem - Manhattan,1,0.0003
4305,1710719518,Dungeon Escape: Console Edition,1,0.0003
4306,1743369061,Dungeon Village,1,0.0003
4307,1911906130,Dungeon Village 2,1,0.0003
4308,1739392581,Dungeons of Sundaria,1,0.0003
4309,1666801480,Dunk Lords,1,0.0003
4310,1891307332,Dustborn,1,0.0003
4311,1833286656,Dustland Delivery,1,0.0003
4312,117434960,Dynamite Fishing - World Games,1,0.0003
4313,2109921570,DYNASTY WARRIORS: ORIGINS Demo,1,0.0003
4314,1480657010,E4,1,0.0003
4315,1437370825,EA SPORTS™ NBA LIVE 14 Demo,1,0.0003
4316,2067761315,EA SPORTS™ NBA LIVE 16,1,0.0003
4317,571156610,Earthfall,1,0.0003
4318,1741300205,Earthion,1,0.0003
4319,1480657378,Earthworm Jim HD,1,0.0003
4320,1741237286,EDENGATE: The Edge of Life,1,0.0003
4321,1902463615,EDENS ZERO TRIAL VERSION (DEMO),1,0.0003
4322,1754599828,Edward (The Game) Sh... Don't tell nobody.,1,0.0003
4323,1931279822,Eight Dragons,1,0.0003
4324,1963912042,Eiyuden Chronicle: Rising,1,0.0003
4325,1958132014,Elderand,1,0.0003
4326,2118502979,Elemental War Clash,1,0.0003
4327,1944617021,Ellphaser (Windows),1,0.0003
4328,1647455747,Ellphaser (Xbox One),1,0.0003
4329,1735535941,Emoji Battlefield - Summer Vacation,1,0.0003
4330,1987965936,Empire Invasion,1,0.0003
4331,1431504870,Enchanted Arms,1,0.0003
4332,1928222638,Enchantment 2 Sun’s Tear,1,0.0003
4333,1737737592,Epic Jurassic Jigsaw - PC & Xbox,1,0.0003
4334,1840144233,Ereban: Shadow Legacy,1,0.0003
4335,1830603786,Escape Dash Journey,1,0.0003
4336,1700180810,Escape First,1,0.0003
4337,1835142714,Escape First Alchemist,1,0.0003
4338,1972593972,Escape Sequence (Xbox One),1,0.0003
4339,1877665788,Esophaguys Demo,1,0.0003
4340,2023785453,Evan's Remains,1,0.0003
4341,404481913,Eventide 2: Sorcerer's Mirror,1,0.0003
4342,268499227,Eventide 3: Legacy of Legends,1,0.0003
4343,2130707522,Everafter Falls,1,0.0003
4344,968775939,EVERSPACE™,1,0.0003
4345,1828736918,Evil Nun: The Broken Mask,1,0.0003
4346,2012825026,Eville,1,0.0003
4347,911650903,Evoland Legendary Edition,1,0.0003
4348,1879452548,Exhausted Man Demo,1,0.0003
4349,1843945719,Exodus: Creepy Time,1,0.0003
4350,1645917629,Explosive Jake,1,0.0003
4351,380586753,Extreme Exorcism,1,0.0003
4352,1448413160,F.E.A.R. Files,1,0.0003
4353,1129121874,F1™ 2014,1,0.0003
4354,1480657181,Fable® II Pub Games,1,0.0003
4355,1983258838,Fae Tactics,1,0.0003
4356,1836570582,Faeria,1,0.0003
4357,1630729439,Fallen Legion Revenants,1,0.0003
4358,2008847554,Fallen Legion: Rise to Glory,1,0.0003
4359,1895194085,Fallout 2,1,0.0003
4360,2146688994,Fallout 4 (PC),1,0.0003
4361,569128992,Fallout 76 B.E.T.A.,1,0.0003
4362,1784955885,Fallout Tactics,1,0.0003
4363,1655237678,Fallout: New Vegas Ultimate Edition,1,0.0003
4364,1869339951,Fanmade Prince of Persia: The Crystal Castle,1,0.0003
4365,1651975869,FANTASIAN Neo Dimension,1,0.0003
4366,1917094843,FARAWAY TRAIN,1,0.0003
4367,2045720355,Farlands Journey,1,0.0003
4368,1666577136,Farm for your Life,1,0.0003
4369,1941040153,Farm for your Life demo,1,0.0003
4370,1645447317,Farm Manager 2022,1,0.0003
4371,1731736563,Farm Manager World,1,0.0003
4372,1640889440,Farmer Survivors,1,0.0003
4373,1880744816,Farming Simulator 22 (PC),1,0.0003
4374,2063398545,Farworld Pioneers,1,0.0003
4375,495246139,FAST & FURIOUS CROSSROADS,1,0.0003
4376,1666273703,Fast & Furious: Spy Racers Rise of SH1FT3R,1,0.0003
4377,1775857297,FatalZone,1,0.0003
4378,1672045983,Feather,1,0.0003
4379,1976977433,Fell Seal: Arbiter's Mark,1,0.0003
4380,1749085912,Fight Club World - Fighting Game,1,0.0003
4381,1772519967,Fight for the Gods,1,0.0003
4382,1569388578,Fighter Within,1,0.0003
4383,1894147058,Figment 2: Creed Valley,1,0.0003
4384,719720294,Figment: Journey Into the Mind,1,0.0003
4385,1984155294,Filthy Animals | Heist Simulator,1,0.0003
4386,1657137923,Final Apex Demo,1,0.0003
4387,1079518187,FINAL FANTASY TYPE-0 HD,1,0.0003
4388,1889880451,FINAL FANTASY XIII,1,0.0003
4389,2127834966,FINAL FANTASY XIII-2,1,0.0003
4390,1956402951,Final Vendetta,1,0.0003
4391,2027806053,Fireboy and Watergirl: Elements,1,0.0003
4392,119096754,Firefighters – The Simulation,1,0.0003
4393,2089457960,Fishing: Barents Sea,1,0.0003
4394,1792158880,Flappy Frog,1,0.0003
4395,1480659966,Flashback,1,0.0003
4396,774459605,Flashback,1,0.0003
4397,1747042673,Flat Heroes Demo,1,0.0003
4398,2093758729,Fling to the Finish,1,0.0003
4399,1653679338,Flintlock: The Siege of Dawn,1,0.0003
4400,1480657209,FLOCK!,1,0.0003
4401,1612963482,Fly Punch Boom!,1,0.0003
4402,1932473676,Flying Monster Truck,1,0.0003
4403,386153688,FLYING TIGERS: SHADOWS OVER CHINA,1,0.0003
4404,1649733312,Food Truck Tycoon,1,0.0003
4405,1746214814,Foolish Mortals,1,0.0003
4406,1711665703,Foot Clinic,1,0.0003
4407,1634118154,Football Manager 2021 Xbox Edition,1,0.0003
4408,2120627175,Football Manager 2023,1,0.0003
4409,2099258504,Football Manager 2023 Console,1,0.0003
4410,2021894836,Forbidden Forgiveness Demo,1,0.0003
4411,2056182958,Forklift Extreme: Deluxe Edition,1,0.0003
4412,79963387,Forsaken Remastered,1,0.0003
4413,1997091659,Forspoken,1,0.0003
4414,1968157546,Fort Boyard,1,0.0003
4415,1679526267,Fox Rescue Saga: The Bubble Quest,1,0.0003
4416,1722584208,FOXES NEED TO EAT,1,0.0003
4417,2037839305,Fractal Space | Demo,1,0.0003
4418,1942478637,Free Super Cube: Ad-Supported,1,0.0003
4419,2111437884,Frogo Deluxe,1,0.0003
4420,2043607614,Frontier Pilot Simulator,1,0.0003
4421,1864738769,Fruit Adventure (Xbox Series),1,0.0003
4422,1776085745,Fruitbus,1,0.0003
4423,2010372255,Ftooz Unleashed,1,0.0003
4424,1129121805,FUEL™,1,0.0003
4425,1978204673,Full Metal Furies,1,0.0003
4426,1965064938,Fury of Dracula: Digital Edition,1,0.0003
4427,1870314278,G.I. JOE: WRATH OF COBRA,1,0.0003
4428,1887193859,Gal Guardians: Servants of the Dark,1,0.0003
4429,1866090039,Galactic Cat: Racing Fever,1,0.0003
4430,2119664712,Galactic Loader (Xbox One),1,0.0003
4431,1753306510,Galactica,1,0.0003
4432,1908509778,Galaxy Champions TV,1,0.0003
4433,1983573482,Gang Blast,1,0.0003
4434,2068949722,Garbage Pail Kids: Mad Mike and the Quest for Stale Gum,1,0.0003
4435,1886710680,Garden Witch Life,1,0.0003
4436,1731716256,Gardenscapes,1,0.0003
4437,1783054290,Garfield Lasagna Party,1,0.0003
4438,1898042382,Gargoyles Remastered,1,0.0003
4439,1977271237,Gears of War: Reloaded Beta,1,0.0003
4440,868315097,Gem Smashers,1,0.0003
4441,1660134039,General Quiz - True OR False,1,0.0003
4442,1806388236,Geometry Survivor,1,0.0003
4443,1480660051,Geometry Wars™ 3: Dimensions Evolved,1,0.0003
4444,756192965,Get Even,1,0.0003
4445,1634310171,Ghetto Zombies: Graffiti Squad,1,0.0003
4446,1881258316,Ghost Song,1,0.0003
4447,1480657545,Ghostbusters: Sanctum of Slime,1,0.0003
4448,732939800,Ghostbusters™,1,0.0003
4449,1818898453,Giant Rush,1,0.0003
4450,2040911828,GigaBash Demo,1,0.0003
4451,1935789173,Gigantic: Rampage Edition,1,0.0003
4452,5446773,Glass Masquerade,1,0.0003
4453,2025103074,Gloom and Doom,1,0.0003
4454,1896621270,Gloomy Eyes Demo,1,0.0003
4455,1672998639,Glover (QUByte Classics),1,0.0003
4456,1824794947,GNOSIA,1,0.0003
4457,1800407244,Goat Out Of Hell: Lost Pets (Xbox One),1,0.0003
4458,886146124,Goat Simulator: Mmore Goatz Edition,1,0.0003
4459,1902420355,"God bless, or Goddess",1,0.0003
4460,1984588613,Godsvivors,1,0.0003
4461,529515303,Gone Home,1,0.0003
4462,2115263340,Goodnight Universe,1,0.0003
4463,1959258621,Goodwill Scrolls (Xbox One),1,0.0003
4464,886842480,Goosebumps: The Game,1,0.0003
4465,1782993166,Gravebound Dash (Xbox One),1,0.0003
4466,1937071405,Gravebound Dash (Xbox Series X/S),1,0.0003
4467,2080856071,Green Soldiers Heroes: Extreme Bikers,1,0.0003
4468,1712385617,Greyhill Incident - Abducted Edition,1,0.0003
4469,1668009445,Grow in the Hole,1,0.0003
4470,1000960380,Gryphon Knight Epic,1,0.0003
4471,2045910196,Guilty Gear -Strive- Team of 3 Network Open Beta Test,1,0.0003
4472,1932209514,Gummy Drop!,1,0.0003
4473,121960285,Guts & Glory,1,0.0003
4474,1942534686,Habroxia 2,1,0.0003
4475,1802675093,Halloween Pinball,1,0.0003
4476,224297296,Halo Wars 2 Blitz Beta,1,0.0003
4477,1928525856,Halo: MCC Insider,1,0.0003
4478,1297292194,Halo: Spartan Strike,1,0.0003
4479,928096970,Happy Dungeons,1,0.0003
4480,446096627,Hard Reset Redux,1,0.0003
4481,1669177732,Harold Halibut,1,0.0003
4482,1879237097,Harvest Moon: Home Sweet Home Special Edition,1,0.0003
4483,1780268897,Harvest Moon: Light of Hope SE Complete,1,0.0003
4484,2023604348,Hatsune Miku Logic Paint S+,1,0.0003
4485,1638356846,Haunted House Renovator,1,0.0003
4486,1940198155,Headliner: NoviNews,1,0.0003
4487,1956343500,Heaven Dust,1,0.0003
4488,1961155872,Hegzis,1,0.0003
4489,1645524408,Helicopter Money DEMO,1,0.0003
4490,1480656934,Hexic 2,1,0.0003
4491,1973493787,Hidden Through Time 2: Discovery,1,0.0003
4492,1958413760,Hill Climb Racing,1,0.0003
4493,1397819420,Hitman HD Pack,1,0.0003
4494,1860846982,Ho Ho & Move,1,0.0003
4495,1968550256,Hobo: Tough Life,1,0.0003
4496,1809331695,Home Run High,1,0.0003
4497,1829965405,Home Safety Hotline,1,0.0003
4498,1069384604,Home Sweet Home,1,0.0003
4499,1666334166,HoneyLand,1,0.0003
4500,1950717553,Hood: Outlaws & Legends,1,0.0003
4501,1684613875,HORROR TALES: The Wine,1,0.0003
4502,2032696661,Hotel: A Resort Simulator,1,0.0003
4503,1863103292,House of Golf 2,1,0.0003
4504,948876029,Hover,1,0.0003
4505,2097175965,How 2 Escape,1,0.0003
4506,2067804489,How 2 Escape: Lost Submarine,1,0.0003
4507,1827075606,Human Zoo Tycoon,1,0.0003
4508,2017392648,Humans Gone,1,0.0003
4509,1626128211,Hunt Ducks,1,0.0003
4510,1926053898,Hunt: Showdown 1896 (Windows),1,0.0003
4511,1817622272,Hunter: The Reckoning – Deathwish,1,0.0003
4512,2139519684,Hydroneer,1,0.0003
4513,1793634692,I'm on Observation Duty 6,1,0.0003
4514,1843279556,I'm on Observation Duty 7,1,0.0003
4515,2113836989,I Saw Black Clouds,1,0.0003
4516,236834307,"I, Zombie",1,0.0003
4517,1945528318,Idle Devils,1,0.0003
4518,1627000312,Ikenfell,1,0.0003
4519,720995386,Immortal Redneck,1,0.0003
4520,684411144,Immortal: Unchained,1,0.0003
4521,2051823976,Immortality,1,0.0003
4522,562087692,In Between,1,0.0003
4523,2073364771,In The Abyss,1,0.0003
4524,2082203967,INAYAH - Life after Gods,1,0.0003
4525,1654140051,Indiana Jones and the Great Circle™: Digital Artbook,1,0.0003
4526,1686154202,Indoor Kickball,1,0.0003
4527,1882806784,Infinite Survival (Land / Sea / Space) Demo,1,0.0003
4528,1775503484,Inhuman Resources: A Literary Machination,1,0.0003
4529,1762402005,"Injection π23 'No Name, No Number'",1,0.0003
4530,1712511027,Inkulinati,1,0.0003
4531,1621160008,Inkulinati Demo,1,0.0003
4532,1480657271,Interpol,1,0.0003
4533,1695577463,Into Dark,1,0.0003
4534,2100171650,ION Shift,1,0.0003
4535,2054032545,Iris Fall,1,0.0003
4536,897785928,Iron Crypticle,1,0.0003
4537,1835790896,Isekai Rondo,1,0.0003
4538,1825240443,Istanbul: Digital Edition,1,0.0003
4539,1898064663,It Lurks Below,1,0.0003
4540,2143076844,Jay and Silent Bob - Mall Brawl,1,0.0003
4541,1480659418,Jeremy McGrath's Offroad,1,0.0003
4542,961294040,Jet Car Stunts,1,0.0003
4543,1761650717,Jewel Fever (Xbox-Edition),1,0.0003
4544,1776716222,Jewel Fever 3,1,0.0003
4545,1939709588,Jewel Match Solitaire: Winterscapes 2 Collector's Edition,1,0.0003
4546,1938551589,Jewels of Egypt: Match 3 Puzzle Game,1,0.0003
4547,2059455934,Jewels of Rome: Match-3 and City Building Game!,1,0.0003
4548,1670239880,Jewels of the Wild West: Match 3 Puzzle Game,1,0.0003
4549,2027111980,Jigsaw Saga for PC & XBOX,1,0.0003
4550,1853152783,Jitsu Squad,1,0.0003
4551,1823446322,John Wick Hex,1,0.0003
4552,2043738831,Johnny Rocket,1,0.0003
4553,2116424411,JokerJack,1,0.0003
4554,1734810309,Joy Ball Adventure,1,0.0003
4555,1691551544,Jujutsu Kaisen Cursed Clash - Jujusta 2024,1,0.0003
4556,568569887,Jump Stars,1,0.0003
4557,1645369996,Jumper (Demo),1,0.0003
4558,1799202116,Jumper Maria,1,0.0003
4559,2008180914,Jurassic Differences,1,0.0003
4560,1752507315,Jurassic Park: Survival,1,0.0003
4561,1816119728,Just Crow Things,1,0.0003
4562,101636728,Just Dance 2017® Demo,1,0.0003
4563,1117499725,JUST DANCE® 2015,1,0.0003
4564,2121049988,Just Dance® 2021 (Xbox Series X|S),1,0.0003
4565,1761239368,Juufuutei Raden™'s Guide for Pixel Museum,1,0.0003
4566,1873447830,KAKU - Ancient Seal,1,0.0003
4567,1833296585,Kanjozoku Game - レーサーCar Racing & Highway Driving Simulator Games,1,0.0003
4568,1723402832,KEJORA DEMO,1,0.0003
4569,1640763780,KIBORG,1,0.0003
4570,2100315886,KIBORG DEMO,1,0.0003
4571,1617275027,Kids Bingo,1,0.0003
4572,1098760098,Kinect Sports Rivals Demo,1,0.0003
4573,330034505,Kinect Sports Rivals Hub,1,0.0003
4574,2060680883,King Arthur: Legion IX,1,0.0003
4575,1687388278,KINGDOM HEARTS - HD 1.5+2.5 ReMIX - (Japanese Ver.),1,0.0003
4576,1794442596,KINGDOM HEARTS Melody of Memory DEMO Version (International),1,0.0003
4577,1055556936,Kingdom New Lands,1,0.0003
4578,1700273919,KinnikuNeko: SUPER MUSCLE CAT,1,0.0003
4579,2082159355,Kissy & Huggy,1,0.0003
4580,2135008252,Kitten Island (Windows),1,0.0003
4581,973293235,Kitty Powers' Matchmaker,1,0.0003
4582,1636503815,Klondike Solitaire PLUS,1,0.0003
4583,703431595,Knee Deep,1,0.0003
4584,2144595142,Knight And Mourning,1,0.0003
4585,1772590269,Knight with Tactics,1,0.0003
4586,1967544348,Knightica,1,0.0003
4587,2025132558,Knights of Braveland,1,0.0003
4588,1917136506,"Knowledge, or know Lady Demo",1,0.0003
4589,2134355886,Kong: Survivor Instinct,1,0.0003
4590,1003487612,Korgan,1,0.0003
4591,1619851133,Kraken Odyssey,1,0.0003
4592,1987517332,Krimson,1,0.0003
4593,1778895969,kubic.,1,0.0003
4594,1615084118,Kubics (for Windows 10),1,0.0003
4595,1835972815,KungFu Kickball Demo,1,0.0003
4596,1886388305,Kunitsu-Gami: Path of the Goddess,1,0.0003
4597,1615382054,L.O.L. Surprise! B.B.s BORN TO TRAVEL™,1,0.0003
4598,1885571558,Lab Crisis,1,0.0003
4599,2108304147,Ladders by POWGI,1,0.0003
4600,1654316252,Lakeview Cabin Collection,1,0.0003
4601,1642491282,Lamentum,1,0.0003
4602,1998770794,Landnama,1,0.0003
4603,1961804930,LAPIN,1,0.0003
4604,1902038615,Lara Croft and the Guardian of Light (PC),1,0.0003
4605,1895978498,Last Beat Enhanced,1,0.0003
4606,1973808452,Last Oasis (Game Preview),1,0.0003
4607,2114717078,Laundry Simulator,1,0.0003
4608,1718932246,Laysara: Summit Kingdom,1,0.0003
4609,1672818847,Legacy of Kain: Ascendance,1,0.0003
4610,1647023800,Legend Bowl,1,0.0003
4611,58027060,Legendary Eleven,1,0.0003
4612,1841391186,Legendary Tales 3: Stories,1,0.0003
4613,1803908059,Legendary Tales V. Price of Power,1,0.0003
4614,1684631884,Legends Aligned: Minis in Conflict,1,0.0003
4615,2005013689,LEGO® Bricktales,1,0.0003
4616,1848238632,Leisure Suit Larry - Wet Dreams Don't Dry,1,0.0003
4617,1759373796,Leisure Suit Larry - Wet Dreams Dry Twice,1,0.0003
4618,831141864,Leo's Fortune,1,0.0003
4619,1954000337,Leo: The Firefighter Cat,1,0.0003
4620,1615612677,Let's Cook Together 2,1,0.0003
4621,2010017776,Let's Sing 2020,1,0.0003
4622,1701683366,Let's Sing 2020 mit deutschen Hits,1,0.0003
4623,2020192287,Let's Sing 2024,1,0.0003
4624,1848425529,Let's Sing 2025,1,0.0003
4625,2097293502,Lil' Guardsman,1,0.0003
4626,1904446165,Limb Hunter,1,0.0003
4627,1689956904,Little Helper Cafe (Xbox One),1,0.0003
4628,2117235022,Little Legs,1,0.0003
4629,2098748553,Little Legs (Xbox One),1,0.0003
4630,2036022873,Little Misfortune,1,0.0003
4631,1940404418,LoBlocks,1,0.0003
4632,1670673721,Logiart Grimoire [Trial Version],1,0.0003
4633,1815123311,Loop8: Summer of Gods,1,0.0003
4634,1998295089,Lord of the Click 5,1,0.0003
4635,1798206513,Lost Eidolons,1,0.0003
4636,1648660389,Lost Eidolons: Veil of the Witch,1,0.0003
4637,765558687,Lost Grimoires 2: Shard of Mystery,1,0.0003
4638,561378107,Lost Grimoires: Stolen Kingdom,1,0.0003
4639,1940777796,Lost Lands 3: The Golden Curse,1,0.0003
4640,1736766216,Lost Lands X,1,0.0003
4641,1693943612,Lost Snowmen,1,0.0003
4642,1737283260,Lost Twins 2 demo,1,0.0003
4643,1919266957,Love is all around (Demo),1,0.0003
4644,1788077915,Love is all around (Xbox),1,0.0003
4645,1795081986,Luck be a Landlord,1,0.0003
4646,1813409986,Ludo Board Game - Multiplayer with Friends,1,0.0003
4647,2145307644,Ludo: Cosmic Chase,1,0.0003
4648,2133754272,Lumberjack Simulator,1,0.0003
4649,1843517603,Lushfoil Photography Sim,1,0.0003
4650,2082382492,Machinarium,1,0.0003
4651,2012446698,Machine Gun Fury,1,0.0003
4652,1480656887,Mad Tracks,1,0.0003
4653,1752204754,Magic Sheep (Xbox Series),1,0.0003
4654,1693779821,Mahjong - Xbox Series X|S,1,0.0003
4655,1678552815,Mahjong Adventure DX,1,0.0003
4656,1773723817,Maiden Cops,1,0.0003
4657,1635974926,Malachite: Temple of the Sun,1,0.0003
4658,2021132620,Mandragora: Whispers of the Witch Tree,1,0.0003
4659,1636466973,Maniac,1,0.0003
4660,1480656990,Marathon: Durandal,1,0.0003
4661,2106143929,Marfusha,1,0.0003
4662,1700794367,Marine Survivors,1,0.0003
4663,908941238,Mark of the Ninja: Remastered,1,0.0003
4664,1710094764,MARS 2120,1,0.0003
4665,1480659904,Mars: War Logs,1,0.0003
4666,1938421246,Marshmallow Marvin: Greenwood,1,0.0003
4667,2135914716,Marshmallow Marvin: Greenwood (Xbox One),1,0.0003
4668,2016530186,Marsupilami: Hoobadventure,1,0.0003
4669,902859951,Marvel Pinball Epic Collection Vol. 1,1,0.0003
4670,1935548464,Master Detective Archives: RAIN CODE Plus,1,0.0003
4671,2117206283,Masters Bowling HD,1,0.0003
4672,1897568253,Math Fun : Remastered Demo,1,0.0003
4673,1634530395,MathLand,1,0.0003
4674,1861781965,Mech Armada,1,0.0003
4675,1849589141,Medieval Quest,1,0.0003
4676,699525164,Mega Man 11 Demo Version,1,0.0003
4677,1684926097,Megaquarium,1,0.0003
4678,1770237856,MEOW AND THE DIAMOND JUMP (XBOX SERIES),1,0.0003
4679,1968122005,Meow Motors,1,0.0003
4680,1832278342,Merchant of the Skies,1,0.0003
4681,2039573071,Merge & Blade,1,0.0003
4682,2025888877,METAL EDEN Demo,1,0.0003
4683,710709037,METAL GEAR SURVIVE BETA,1,0.0003
4684,1660733075,Metro Exodus (Windows),1,0.0003
4685,1047964830,Microsoft Bingo,1,0.0003
4686,2099446354,Midnight Fight Express,1,0.0003
4687,1848425097,Mighty Goose,1,0.0003
4688,1808667646,Mighty No. 9,1,0.0003
4689,2136356568,Mighty Switch Force! Collection,1,0.0003
4690,2091473091,Mimi the Cat: Mimi's Scratcher,1,0.0003
4691,1909248883,Mind Scanners,1,0.0003
4692,1816010482,MindSeize (Xbox Series X|S),1,0.0003
4693,1752533135,Miner.Block,1,0.0003
4694,1396901860,MINI NINJAS™,1,0.0003
4695,1784162984,Mini Trains,1,0.0003
4696,1971494270,Mining Mechs,1,0.0003
4697,1614140148,Miracle Snack Shop,1,0.0003
4698,2004795446,Miraculous - Paris Under Siege,1,0.0003
4699,2124987889,Mirage 7,1,0.0003
4700,2005154607,Mister Monser's Shooter,1,0.0003
4701,2066653010,Momodora: Moonlit Farewell,1,0.0003
4702,1480657491,Monkey Island 2: SE,1,0.0003
4703,1480657301,Monkey Island: SE,1,0.0003
4704,458470194,Monster Boy and the Cursed Kingdom,1,0.0003
4705,2037531309,Monster Crown,1,0.0003
4706,1682174654,Monster Harvest,1,0.0003
4707,2050785251,Monster Prom 2: Monster Camp XXL,1,0.0003
4708,1616076475,Monster Truck Destruction™,1,0.0003
4709,1932591611,Monsters Killers,1,0.0003
4710,1664740974,Monterey Jack,1,0.0003
4711,1896174701,Monument Valley 2,1,0.0003
4712,1885214293,Moo & Move: Extra Grazing Grounds,1,0.0003
4713,688816924,Moon Hunters,1,0.0003
4714,2139970300,Moonglow Bay,1,0.0003
4715,1960491525,Morbid: The Lords of Ire,1,0.0003
4716,1923105414,Morsels,1,0.0003
4717,2044034598,Mothered - A Role-Playing Horror Game,1,0.0003
4718,2021005220,MotoGP™26,1,0.0003
4719,1685476854,Motorcycle Mechanic Simulator 2021,1,0.0003
4720,1780964792,Mountain Legends Lite,1,0.0003
4721,1908222793,Mr Trials,1,0.0003
4722,2019203468,Mr. Prepper,1,0.0003
4723,488941359,Mr. Shifty,1,0.0003
4724,1925609034,Mr. T-Shirt,1,0.0003
4725,1480657689,Ms. Splosion Man™,1,0.0003
4726,1480656951,MS.PAC-MAN,1,0.0003
4727,115698273,Mulaka,1,0.0003
4728,1918604433,Musashi vs Cthulhu,1,0.0003
4729,1663499633,Mushroom Quest,1,0.0003
4730,1678390358,Mushroom Savior,1,0.0003
4731,1747605739,My Child Lebensborn Remastered,1,0.0003
4732,2014511480,My Life: Farm Vet,1,0.0003
4733,444406800,My Little Riding Champion,1,0.0003
4734,1894122921,My Singing Monsters Playground,1,0.0003
4735,2078262992,My Time at Sandrock Online,1,0.0003
4736,2125268591,Mystic Academy: Escape Room,1,0.0003
4737,1653999253,MythForce,1,0.0003
4738,2019489255,Mythic Ocean: Prologue,1,0.0003
4739,1651407582,Naheulbeuk's Dungeon Master,1,0.0003
4740,2070906964,NAMCO MUSEUM® ARCHIVES Vol 1,1,0.0003
4741,1862035245,NAMCO MUSEUM® ARCHIVES Vol 2,1,0.0003
4742,1895847672,Natsuki Chronicles,1,0.0003
4743,878282273,NBA 2K17: The Prelude,1,0.0003
4744,368028447,NBA LIVE 18 DEMO,1,0.0003
4745,952250438,NBA LIVE 19 Demo,1,0.0003
4746,1652975016,Neon Blood,1,0.0003
4747,2072943886,Nephenthesys,1,0.0003
4748,1813201689,Neptunia: Sisters VS Sisters,1,0.0003
4749,1694445171,Neural Requiem,1,0.0003
4750,1671144891,New Joe & Mac - Caveman Ninja,1,0.0003
4751,1910350587,New Star™ GP,1,0.0003
4752,2137651733,New Super Lucky's Tale Demo,1,0.0003
4753,1637601167,Nexoria: Dungeon Rogue Heroes,1,0.0003
4754,1816592098,Niche - a genetics survival game,1,0.0003
4755,1619386237,Nick Jr. Party Adventure,1,0.0003
4756,2112950649,Nicktoons & The Dice of Destiny,1,0.0003
4757,1940517812,Night Book,1,0.0003
4758,2049412372,Night Call,1,0.0003
4759,170095691,Nightmares from the Deep: The Cursed Heart,1,0.0003
4760,1745491441,Nikoderiko: The Magical World - Demo,1,0.0003
4761,1722783618,Ninja Escape Danger,1,0.0003
4762,1750854178,Ninja Escape Danger (Xbox Series),1,0.0003
4763,1661259138,NINJA KIDZ: TIME MASTERS,1,0.0003
4764,25830915,Ninjin: Clash of Carrots,1,0.0003
4765,1933471830,NO-SKIN,1,0.0003
4766,1814825729,No More Heroes 3,1,0.0003
4767,1991040607,No Place Like Home,1,0.0003
4768,1980658153,NO THING,1,0.0003
4769,1995973613,Noctuary,1,0.0003
4770,1835223085,Not For Broadcast,1,0.0003
4771,2030829630,Nova Lands,1,0.0003
4772,2081999852,Observer: System Redux,1,0.0003
4773,940721262,Oceanhorn - Monster of Uncharted Seas (Demo),1,0.0003
4774,1750039382,Oceanhorn 2 - Knights of the Lost Realm,1,0.0003
4775,1904787418,Odallus: The Dark Call,1,0.0003
4776,2034276683,Oddsparks: An Automation Adventure,1,0.0003
4777,2020065639,Old Man's Journey,1,0.0003
4778,2050373461,Omen of Sorrow,1,0.0003
4779,1681858755,OMORI,1,0.0003
4780,1989157631,Once Human,1,0.0003
4781,2097999949,One Button Games 5-in-1 (for Windows 10),1,0.0003
4782,1763723713,One Button Games 5-in-1 vol. 2 (Windows),1,0.0003
4783,1638190340,One Button Games 5-in-1 vol. 2 (Xbox One),1,0.0003
4784,2017836801,One Button Games 5-in-1 vol. 3 (Windows),1,0.0003
4785,1829560264,One Button Games 5-in-1 vol. 4 (Windows),1,0.0003
4786,2118747468,One Button Games 5-in-1 vol. 5 (Windows),1,0.0003
4787,2133551632,One Button Games 5-in-1 vol. 6 (Windows),1,0.0003
4788,1874621034,One Card One Shot - Mafia,1,0.0003
4789,583069074,One Hundred Ways,1,0.0003
4790,1762313974,One Step After Fall (Windows),1,0.0003
4791,1635445457,Oniken,1,0.0003
4792,2074508136,Open Country,1,0.0003
4793,2128728875,Operation: Tango,1,0.0003
4794,1995657870,Orange Season,1,0.0003
4795,2113498820,Order 13,1,0.0003
4796,1693393910,Othercide,1,0.0003
4797,1709997248,Our Adventurer Guild,1,0.0003
4798,2124675908,Our Metal Bowl,1,0.0003
4799,2016428656,Out of Words,1,0.0003
4800,1904294237,Outcast - A New Beginning,1,0.0003
4801,1842520099,Outlaw 8s,1,0.0003
4802,1869570692,Overdrive Blaster (Xbox Series X|S),1,0.0003
4803,85448872,Overlord: Fellowship of Evil,1,0.0003
4804,2090134401,Overrogue,1,0.0003
4805,1938304309,Overwatch 2 Beta,1,0.0003
4806,35717019,Oxenfree,1,0.0003
4807,1941542362,Oxide Room 104,1,0.0003
4808,1652695637,Oxide Room 208,1,0.0003
4809,1161365458,P4A,1,0.0003
4810,2013199752,PAC-MAN Mega Tunnel Battle: Chomp Champs,1,0.0003
4811,1694192867,Paint the Town Red SGDemo,1,0.0003
4812,1666826310,Pancho's Mission,1,0.0003
4813,1666721427,Pandaty,1,0.0003
4814,2044736974,Pandemic: The Board Game,1,0.0003
4815,2115269293,Panzer Dragoon: Remake,1,0.0003
4816,1616365132,Papa's Quiz,1,0.0003
4817,2035666683,Paper Bad,1,0.0003
4818,1927563697,Parasol Stars: The Story of Bubble Bobble III,1,0.0003
4819,2017428565,ParkingJam,1,0.0003
4820,1909664745,ParkourLand Elite 2,1,0.0003
4821,2000145726,Party Arcade,1,0.0003
4822,780657355,Past Cure,1,0.0003
4823,2102760719,Peachy Boy,1,0.0003
4824,1981398452,Peaky Blinders: Mastermind,1,0.0003
4825,2056610317,Pepper Grinder,1,0.0003
4826,1867683926,Persona 5 Tactica,1,0.0003
4827,1904388311,Pet Island,1,0.0003
4828,1702149410,Petit Island,1,0.0003
4829,2109105906,Pets Hotel,1,0.0003
4830,1706040396,Phantom Fury,1,0.0003
4831,577843491,Phar Lap - Horse Racing Challenge,1,0.0003
4832,1991248961,PHOGS!,1,0.0003
4833,1760385479,Pile Up! Box by Box,1,0.0003
4834,1914519751,Pillars of Eternity: Hero Edition,1,0.0003
4835,1784095373,Ping PONG Classic͏,1,0.0003
4836,1877216927,Pirate Trails,1,0.0003
4837,1753979365,Pizza Bar Tycoon,1,0.0003
4838,2109658878,Pizza Tycoon,1,0.0003
4839,926240545,Planet of the Apes: Last Frontier,1,0.0003
4840,341793932,Plants vs. Zombies™ Garden Warfare 2 - Multiplayer Beta,1,0.0003
4841,2036993892,Plastomorphosis,1,0.0003
4842,1903469961,PlateUp! Demo,1,0.0003
4843,1841689454,Plumber Hero,1,0.0003
4844,2050176579,Plumbers Don't Wear Ties: Definitive Edition,1,0.0003
4845,1949782736,Plunder Panic Demo,1,0.0003
4846,2138276496,Pneuma: Breath of Life,1,0.0003
4847,1637794416,Pneumata,1,0.0003
4848,1689470922,Pocket Stables,1,0.0003
4849,1830055233,Pode,1,0.0003
4850,1896775974,Pokerist Texas Poker,1,0.0003
4851,1999452651,Polterguys: Possession Party,1,0.0003
4852,2113285802,PONG Quest,1,0.0003
4853,1838223238,Poppin' Bad Guys!,1,0.0003
4854,1998926137,Popyes House Mission,1,0.0003
4855,2106226816,Potion Permit,1,0.0003
4856,1771464652,Presidential Beatdown,1,0.0003
4857,1805003112,Prey,1,0.0003
4858,148375255,Prey Demo: Opening Hour,1,0.0003
4859,2112059032,Prime Chess 3D,1,0.0003
4860,1431504908,Prince of Persia,1,0.0003
4861,1717029585,Princess Fashion Hair Salon,1,0.0003
4862,1797076732,Princess RPG (Xbox Version),1,0.0003
4863,2102601227,Prison Architect PC,1,0.0003
4864,2131056255,Prizma Puzzle Prime,1,0.0003
4865,428921688,PRO EVOLUTION SOCCER 2019 DEMO,1,0.0003
4866,307808103,Pro Fishing Simulator,1,0.0003
4867,1755544820,Pro Gymnast Simulator,1,0.0003
4868,2116922454,Prodeus,1,0.0003
4869,1642329913,Professor Rubik's Brain Fitness,1,0.0003
4870,1642088148,PROJECT 13,1,0.0003
4871,1454034939,Project Root,1,0.0003
4872,1841294814,Project Warlock,1,0.0003
4873,1897198063,Promise Mascot Agency,1,0.0003
4874,1846662502,Puppet House,1,0.0003
4875,2101274114,Pure Mini Golf,1,0.0003
4876,2028187854,PUSS!,1,0.0003
4877,1480657046,Puzzle Quest,1,0.0003
4878,1679725857,PuzzleCar,1,0.0003
4879,1629584005,Pyramid Platformer - The Gem Heist,1,0.0003
4880,10520525,Q,1,0.0003
4881,753341513,Q*bert REBOOTED: The XBOX One @!#?@! Edition,1,0.0003
4882,2044347829,Quilts and Cats of Calico,1,0.0003
4883,1724938169,Quiztopia : The Ultimate Trivia (Demo),1,0.0003
4884,1648318558,Quriocity Demo,1,0.0003
4885,1412270296,R.B.I. Baseball 15,1,0.0003
4886,1998043773,R.B.I. Baseball 19,1,0.0003
4887,2138534542,Raccoon is Hungry (Windows),1,0.0003
4888,2111887603,Raccoon is Hungry (Xbox One),1,0.0003
4889,1816017776,Raccoon is Hungry (Xbox Series X),1,0.0003
4890,1733215481,Race with Ryan,1,0.0003
4891,2067651444,Radiant: Guardians Of Light,1,0.0003
4892,2058870984,Radioactive Dwarfs: Evil From the Sewers,1,0.0003
4893,1762144077,Rag-Fu 2,1,0.0003
4894,1989383438,Rag Guys,1,0.0003
4895,1902689640,Ragdoll Cart Rider,1,0.0003
4896,2056888378,Rage Golf,1,0.0003
4897,1902587499,Rage Swarm,1,0.0003
4898,1940929809,Rainbow Billy: The Curse of the Leviathan,1,0.0003
4899,1645357835,RAINBOW HIGH™: RUNWAY RUSH,1,0.0003
4900,1623187954,Rally Arcade Classics,1,0.0003
4901,1966810654,Ramp Bike Racing,1,0.0003
4902,1682314411,Raptor Evolution,1,0.0003
4903,1731294228,Rattyvity Lab,1,0.0003
4904,2071320447,Ravenlok,1,0.0003
4905,1800747068,Ravenous Devils,1,0.0003
4906,1940062862,Re:Turn - One Way Trip,1,0.0003
4907,2029474542,Re:Turn 2 - Runaway,1,0.0003
4908,1865128155,Real Boxing 2: Remastered,1,0.0003
4909,1845299435,Recall: Empty Wishes,1,0.0003
4910,1966796335,Red Panda is Hungry,1,0.0003
4911,1926182660,Redeemer - Enhanced Edition,1,0.0003
4912,1190858142,Redout: Lightspeed Edition,1,0.0003
4913,315620102,Refunct,1,0.0003
4914,2091620971,Remains,1,0.0003
4915,2045008370,Remothered: Broken Porcelain,1,0.0003
4916,676489959,Remothered: Tormented Fathers,1,0.0003
4917,1869863863,REPLICA（レプリカ）,1,0.0003
4918,1942787707,Resetail,1,0.0003
4919,2144966560,Resident Evil Village Gameplay Demo,1,0.0003
4920,1790707834,Resonance: A Plague Tale Legacy,1,0.0003
4921,1814618059,Return to Monkey Island,1,0.0003
4922,1627244520,Revenge On Gold Diggers,1,0.0003
4923,1920135375,Rhythm Doctor,1,0.0003
4924,1799902883,Rift Racoon,1,0.0003
4925,761259973,RiME,1,0.0003
4926,1623503769,RiMS Racing Xbox One,1,0.0003
4927,1414596725,Rio,1,0.0003
4928,695693557,Riptide GP: Renegade,1,0.0003
4929,2133397409,Riptide GP2,1,0.0003
4930,1740555255,Rise of the Third Power,1,0.0003
4931,1263339480,Risen,1,0.0003
4932,1263339494,Risen 2™: Dark Waters ,1,0.0003
4933,1836689421,Rising Lords,1,0.0003
4934,2091291974,River City Girls Zero,1,0.0003
4935,1763166362,Road Defense: Outsiders,1,0.0003
4936,2115184857,Rob (game),1,0.0003
4937,1791949165,Robin Hood - Sherwood Builders,1,0.0003
4938,2134738869,RoboDunk Demo,1,0.0003
4939,1769952074,RoboHero (Xbox One),1,0.0003
4940,1480657410,Rocket Knight®,1,0.0003
4941,1888207061,Rogue Lords,1,0.0003
4942,873887021,Rogue Stormers,1,0.0003
4943,189853082,Rogue Trooper Redux,1,0.0003
4944,1644175486,Roll The Cat,1,0.0003
4945,1644975436,Rollerdrome,1,0.0003
4946,1867563048,Rollerdrome (2022),1,0.0003
4947,12734978,Roman Rumble in Las Vegum - Asterix & Obelix XXL 2,1,0.0003
4948,1626223603,Rookie Table Tennis,1,0.0003
4949,1730869548,Royal Defense,1,0.0003
4950,2087135005,Royal Revolt Survivors,1,0.0003
4951,920951865,Rugby 18,1,0.0003
4952,1496021838,Rugby World Cup 2015,1,0.0003
4953,93901068,Ruiner,1,0.0003
4954,2011151442,Run & Jump Guy,1,0.0003
4955,1924486172,Runasaurus Rex: Origins (Xbox One),1,0.0003
4956,1828268608,Rune Crystal: Adventure (XBOX ONE),1,0.0003
4957,1985898542,Rune Crystal: Adventure (XBOX XSX),1,0.0003
4958,293466353,Saban’s Mighty Morphin Power Rangers: Mega Battle,1,0.0003
4959,2060057414,Saccharine Echo,1,0.0003
4960,1808022278,Sacred 2 Remaster,1,0.0003
4961,1263339495,Sacred 3,1,0.0003
4962,1480659510,Sacred Citadel,1,0.0003
4963,1414596662,Saints Row 2 BRD,1,0.0003
4964,378040902,Salt and Sanctuary,1,0.0003
4965,1969793666,Sam & Max: Beyond Time and Space,1,0.0003
4966,1871144658,Sam & Max: The Devil's Playhouse,1,0.0003
4967,2104908468,SAMURAI WARRIORS 5,1,0.0003
4968,1657557697,SAMURAI WARRIORS 5 Trial version,1,0.0003
4969,2023786030,Sanctum Push (Xbox One),1,0.0003
4970,2124983718,SAND LAND,1,0.0003
4971,1690203558,Sanic Racing Free version,1,0.0003
4972,2039022488,Sanicball xbox\windows free version,1,0.0003
4973,1770381407,Save My Wife,1,0.0003
4974,2139269757,Save My Wife (XBOX SERIES),1,0.0003
4975,1952805019,Save Your Nuts DEMO,1,0.0003
4976,2076862108,Scalextric,1,0.0003
4977,1720462396,Scarlett Mysteries: Cursed Child (Xbox One Version),1,0.0003
4978,2107195644,Scheming Through The Zombie Apocalypse: The Beginning,1,0.0003
4979,1833907881,Schlag den Star - Das 3. Spiel,1,0.0003
4980,1652981346,ScourgeBringer,1,0.0003
4981,1726263021,SCP CodeRed,1,0.0003
4982,1947157200,ScreamRide Demo,1,0.0003
4983,282721798,Screencheat,1,0.0003
4984,2067811291,Scurge: Hive,1,0.0003
4985,1990492211,Sea Salt,1,0.0003
4986,1753406597,Seasonal Jigsaw Bliss for PC & XBOX,1,0.0003
4987,816667289,Seasons after Fall,1,0.0003
4988,1667563303,Secrets In The Dark,1,0.0003
4989,1849169383,Secrets of SOCOM,1,0.0003
4990,1799773408,Security Booth: Director's Cut,1,0.0003
4991,1480657775,Sega Vintage Collection: Golden Axe,1,0.0003
4992,1734270177,SENSEs: Midnight,1,0.0003
4993,2099681630,SENSHI SOKOBAN QUEST,1,0.0003
4994,2120089695,Severed Steel,1,0.0003
4995,1480657142,Shadow Complex,1,0.0003
4996,1945317756,Shadow Labyrinth,1,0.0003
4997,2077320849,Shadow Man Remastered,1,0.0003
4998,2046851303,Shadow of the Ninja - Reborn,1,0.0003
4999,1867499227,Shadow of the orient,1,0.0003
5000,584036319,Shadow Tactics: Blades of the Shogun,1,0.0003
5001,1882598345,Shadow Warrior,1,0.0003
5002,1935829261,Shadowrun: Hong Kong - Extended Edition,1,0.0003
5003,1161890090,Shadows of the Damned,1,0.0003
5004,1706860378,Shaman's Mask of the Rune Magic (Xbox One),1,0.0003
5005,1856870909,Shantae Advance: Risky Revolution,1,0.0003
5006,871256460,Shantae: Half-Genie Hero Ultimate Edition,1,0.0003
5007,1933595910,Shaolin vs Wutang 2,1,0.0003
5008,1147540192,Shape Up,1,0.0003
5009,2057417318,ShapeWorld: FightLand,1,0.0003
5010,2125030606,She Sees Red Interactive Movie,1,0.0003
5011,1713136402,She Wants Me Dead,1,0.0003
5012,36217198,Sherlock Holmes: Crimes and Punishments,1,0.0003
5013,722694197,Sherlock Holmes: The Devil's Daughter,1,0.0003
5014,1744177032,Sherlock: Detective Hidden Object & Match 3 Game,1,0.0003
5015,1679830701,Shing!,1,0.0003
5016,1710148072,Ship Graveyard Simulator,1,0.0003
5017,2040120446,Ships Simulator,1,0.0003
5018,2106821597,Shogun Showdown,1,0.0003
5019,2041331081,Shopping Mall Girl,1,0.0003
5020,1635033134,Shoulders of Giants: Ultimate,1,0.0003
5021,1834153031,Shy Cats Hidden Orchestra,1,0.0003
5022,2044118581,Shy Dogs Hidden Orchestra,1,0.0003
5023,1852601689,SILT,1,0.0003
5024,1793492538,SimAirport,1,0.0003
5025,1876367056,Simon the Sorcerer Origins,1,0.0003
5026,1480659508,SINE MORA™,1,0.0003
5027,1984747365,Sixty Words by POWGI,1,0.0003
5028,2060306864,SkateBIRD,1,0.0003
5029,1690514608,Skatemasta Tcheco,1,0.0003
5030,1616043154,Skautfold: Into the Fray,1,0.0003
5031,1937184860,Skeljump,1,0.0003
5032,1917431308,Skibbe Toilet Smash,1,0.0003
5033,1480659419,Skullgirls,1,0.0003
5034,1852577296,Sky Feathers (Xbox One),1,0.0003
5035,2025493625,Sky Feathers (Xbox Series),1,0.0003
5036,972210258,Sky Force Anniversary,1,0.0003
5037,1619226313,Sky Rogue,1,0.0003
5038,1626739731,Sky Survivors,1,0.0003
5039,1915217933,Slave Zero X,1,0.0003
5040,1811169840,Slay The Spire,1,0.0003
5041,842462247,Slayaway Camp: Butcher's Cut,1,0.0003
5042,2016262671,Slayers X: Terminal Aftermath: Vengance of the Slayer,1,0.0003
5043,1711016882,Sled Riders,1,0.0003
5044,1912937061,Sled Riders (Xbox One),1,0.0003
5045,1781300625,SLEEP AWAKE,1,0.0003
5046,1761117688,Slitcher.io - Wormate Snake,1,0.0003
5047,1623473898,Slots Casino: Gambino Games - Casino Slots Machines,1,0.0003
5048,1786573857,Smart Moves 2,1,0.0003
5049,2081351467,Smash it Wild: Demo,1,0.0003
5050,1915054567,Smile For Me,1,0.0003
5051,1794725870,Smurfs Kart,1,0.0003
5052,595091631,Snake Pass,1,0.0003
5053,1846638355,Snake.io - Slither Wormate,1,0.0003
5054,2100981618,Snaky Snakes,1,0.0003
5055,1866835346,Snoopy & The Great Mystery Club,1,0.0003
5056,1836043414,Snow Squall,1,0.0003
5057,1758230818,Soccer Power Hero,1,0.0003
5058,2143488853,Soccer Story,1,0.0003
5059,1810724870,Sokmeal Time (Xbox one),1,0.0003
5060,1650484516,Sokobalien,1,0.0003
5061,1690743773,Sokolab,1,0.0003
5062,1951334210,SokoPenguin,1,0.0003
5063,1992608598,Solar Ash,1,0.0003
5064,2097701156,Solaroids: Prologue Demo,1,0.0003
5065,1885325961,Solid Void - Nature Puzzles,1,0.0003
5066,1793505840,Solir,1,0.0003
5067,2078183849,Solir (Xbox One),1,0.0003
5068,1618794811,Solitaire 3D,1,0.0003
5069,1709290644,Somber Echoes Demo,1,0.0003
5070,1897725373,Song of Horror,1,0.0003
5071,543798221,Song of the Deep,1,0.0003
5072,2045941654,Song Of The Prairie,1,0.0003
5073,2126502173,Songs of Silence,1,0.0003
5074,1480659441,Sonic CD,1,0.0003
5075,1972173548,Soul Finder,1,0.0003
5076,1817634846,Soulbind: Tales Of The Underworld,1,0.0003
5077,1480657156,SOULCALIBUR,1,0.0003
5078,1887836492,Soulstone Survivors Demo,1,0.0003
5079,2123190381,Soundtrack and The Art of Cronos: The New Dawn,1,0.0003
5080,1975848873,Sovereign Syndicate,1,0.0003
5081,2054119958,Space Engineers Beta,1,0.0003
5082,1724027675,Space Frontier,1,0.0003
5083,827319667,Space Hulk: Tactics,1,0.0003
5084,1838518432,Space Hulk®: Deathwing™ - Enhanced Edition (Windows 10),1,0.0003
5085,1886641819,Space Mercenary Defense Force,1,0.0003
5086,1930212330,Space Moves,1,0.0003
5087,1613171538,Spacelines from the Far Out,1,0.0003
5088,16135129,Spareware,1,0.0003
5089,2053011606,Spark The Electric Jester 2,1,0.0003
5090,2045542065,Sparkle 4 Tales,1,0.0003
5091,1507365602,Sparkle Unleashed,1,0.0003
5092,247553883,Spartan,1,0.0003
5093,2081715802,Spartan Firefight,1,0.0003
5094,1907482514,Speed dates - Winter edition,1,0.0003
5095,2003460558,Speed Truck Racing,1,0.0003
5096,1790829985,Speedollama,1,0.0003
5097,2015317909,Speedway Racing,1,0.0003
5098,2042399211,Spellcaster University,1,0.0003
5099,1943663664,SpellForce III Reforced,1,0.0003
5100,1688571860,Spells & Secrets,1,0.0003
5101,2004202673,Spica Adventure,1,0.0003
5102,2077780985,SpiderHeck Demo,1,0.0003
5103,196851457,Spike Volleyball,1,0.0003
5104,2032499604,Spiral,1,0.0003
5105,1734092917,Spirit of the North: Enhanced Edition,1,0.0003
5106,678502136,Splasher,1,0.0003
5107,1671008398,Splodge Royale,1,0.0003
5108,1676037121,Spooky's Jump Scare Mansion: HD Renovation,1,0.0003
5109,1645584645,Spot Challenge Vol. 4,1,0.0003
5110,1937973534,Spot The Pup (Xbox One),1,0.0003
5111,2114614966,SpotCat vs The Cheddar Mafia In Europe,1,0.0003
5112,1726991346,Spy Drops,1,0.0003
5113,1646016212,Star Chef™ 2: Cooking Game,1,0.0003
5114,1635978548,Star Ores Inc.,1,0.0003
5115,1826083440,Star Trek Prodigy: Supernova,1,0.0003
5116,1112934457,STAR WARS Jedi Starfighter,1,0.0003
5117,1610938878,Startup Company Console Edition,1,0.0003
5118,688529719,STAY,1,0.0003
5119,1833403666,SteamWorld Dig 2,1,0.0003
5120,1614318908,Steel Racer,1,0.0003
5121,2078811113,Steel Seed,1,0.0003
5122,1627337949,Stellar Interface,1,0.0003
5123,504562343,Stick it To The Man,1,0.0003
5124,2001173735,Sticky Twig DASH!,1,0.0003
5125,2081145445,Sticky Twig DASH! (Xbox Series),1,0.0003
5126,1915029753,Stock Cars Reimagined,1,0.0003
5127,1952596537,STONKS-9800: Stock Market Simulator (Demo),1,0.0003
5128,2104502032,Stories Untold,1,0.0003
5129,1900585024,Storyblocks: The King,1,0.0003
5130,1640774133,Strange Horticulture,1,0.0003
5131,2083038530,STRANGER THAN HEAVEN,1,0.0003
5132,1754799250,Strategic Mind: Fight for Dominance,1,0.0003
5133,1874994133,Stray Blade,1,0.0003
5134,1690627127,Strayed Lights,1,0.0003
5135,1720914268,Street Racer Underground,1,0.0003
5136,2029929513,Strider,1,0.0003
5137,1740350205,Strike Mission,1,0.0003
5138,1859111730,Struggling,1,0.0003
5139,1911065365,Stunt Paradise,1,0.0003
5140,1706812340,SturmFront - The Mutant War: Ubel Edition,1,0.0003
5141,748886361,Styx: Shards of Darkness - Demo,1,0.0003
5142,1880166267,Sudoku Classic X,1,0.0003
5143,1959074113,Suika And Dragons (Xbox Series X/S),1,0.0003
5144,2060365088,Sumorbit,1,0.0003
5145,1821207324,SunnySide,1,0.0003
5146,1718545023,Sunset Overdrive,1,0.0003
5147,1864794134,Sunshine Island Adventure Farm,1,0.0003
5148,1918222348,SUNSOFT is Back! Retro Game Selection,1,0.0003
5149,2057080763,Super Astro Cat,1,0.0003
5150,66854905,Super Blackjack Battle II Turbo Edition,1,0.0003
5151,1646558960,Super Blood Hockey,1,0.0003
5152,1666228331,Super Chicken Jumper,1,0.0003
5153,1480656922,Super Contra,1,0.0003
5154,1633973784,Super Cyborg,1,0.0003
5155,919503560,Super Destronaut DX,1,0.0003
5156,1766611391,Super Destronaut Landed X Loaded,1,0.0003
5157,1375034638,Super Dungeon Bros,1,0.0003
5158,1935418833,Super Hero Demolition,1,0.0003
5159,1897083570,Super Mariot Jumpman Adventures,1,0.0003
5160,1957887363,Super Runner Marioner Land,1,0.0003
5161,1628468632,Super Tennis Blast,1,0.0003
5162,2118341436,Super Toy Cars Offroad,1,0.0003
5163,1879429925,Super World Run 2 - Adventure Game,1,0.0003
5164,1945322040,Survivalcraft,1,0.0003
5165,1639445346,Survivalcraft 2,1,0.0003
5166,1982740887,Surviving Mars: Relaunched (PC),1,0.0003
5167,1845322433,Suzerain,1,0.0003
5168,1713862219,Swim Out,1,0.0003
5169,1931854950,Sword and Fairy: Together Forever,1,0.0003
5170,1792046205,SWORD ART ONLINE Last Recollection DEMO,1,0.0003
5171,2029264286,Swords & Bones,1,0.0003
5172,1480657001,SWOS,1,0.0003
5173,2015998604,Syberia - The World Before,1,0.0003
5174,1955122958,Taboo Trial,1,0.0003
5175,1979669220,Tad the Lost Explorer,1,0.0003
5176,1937629264,Tainted Grail: Conquest,1,0.0003
5177,1969180565,Tales of Graces f Remastered,1,0.0003
5178,1671975688,Tales of Xillia Remastered,1,0.0003
5179,2125208666,Tanks Battlefield,1,0.0003
5180,1893571510,Tattoo Tycoon,1,0.0003
5181,1480657504,Tecmo Bowl Throwback®,1,0.0003
5182,29770197,Teenage Mutant Ninja Turtles™: Mutants in Manhattan,1,0.0003
5183,1964033151,Ten Dates,1,0.0003
5184,2137169995,Tenebris Somnia Demo,1,0.0003
5185,582757602,Tennis in the Face,1,0.0003
5186,2054855666,Tennis Pro Tournaments,1,0.0003
5187,1037418183,Tennis World Tour,1,0.0003
5188,2141244267,TERA,1,0.0003
5189,1984687290,Terra Invicta,1,0.0003
5190,1851032928,Terraformers,1,0.0003
5191,1792745094,Terrifier: The ARTcade Game,1,0.0003
5192,1948376851,Tesla vs Lovecraft Game of the Year Edition,1,0.0003
5193,851304780,Tetraminos,1,0.0003
5194,2131320663,That's My Family: Family Fun Night,1,0.0003
5195,2024145056,The Artful Escape,1,0.0003
5196,1994584285,The Backrooms CodeRed,1,0.0003
5197,1891258006,The Bard's Tale ARPG : Remastered and Resnarkled,1,0.0003
5198,1949662682,The Beast Inside (Console Version),1,0.0003
5199,1923294740,The Big Con,1,0.0003
5200,1905188421,The Black Within,1,0.0003
5201,2000790611,"THE CARD Perfect Collection Plus: Texas Hold 'em, Solitaire and others",1,0.0003
5202,2076835000,"THE CASINO COLLECTION: Ruleta, Vídeo Póker, Tragaperras, Craps, Baccarat, Five-Card Draw Poker, Texas hold 'em, Blackjack and Page One",1,0.0003
5203,1843180778,The Coma 2: Vicious Sisters,1,0.0003
5204,2034732816,The Dark Book: Hack n Slash,1,0.0003
5205,1713037584,The Dark Zone 3D Demo,1,0.0003
5206,2089995861,The Devil Lands (Game Preview),1,0.0003
5207,2062398513,The Dungeon Of Naheulbeuk: The Amulet Of Chaos - Chicken Edition,1,0.0003
5208,1735767920,The Elder Scrolls II: Daggerfall,1,0.0003
5209,1623138447,The Elder Scrolls: Arena,1,0.0003
5210,2055759763,The Elf on the Shelf®: Christmas Heroes,1,0.0003
5211,2095867988,The Evil Within (PC),1,0.0003
5212,1790921256,The Evil Within® 2 (PC),1,0.0003
5213,2103186667,The Explorer Of Night,1,0.0003
5214,1934070090,THE FINALS - BETA,1,0.0003
5215,1969470092,The Fine Art of Murder,1,0.0003
5216,1787193429,The First Berserker: Khazan DEMO,1,0.0003
5217,1264125912,The First Templar,1,0.0003
5218,2051823157,The First Tree,1,0.0003
5219,1996972255,The Gap,1,0.0003
5220,1966508044,The Golf Club,1,0.0003
5221,2067501401,The Good Life,1,0.0003
5222,255325426,The Grand Tour Game,1,0.0003
5223,2007018418,The Hong Kong Massacre,1,0.0003
5224,483182712,The Incredible Adventures of Van Helsing II,1,0.0003
5225,518483923,The Infectious Madness of Doctor Dekker,1,0.0003
5226,1918006946,The Inheritance of Crimson Manor,1,0.0003
5227,538832146,The Inner World,1,0.0003
5228,1813250517,The Inquisitor,1,0.0003
5229,2052100489,The Invincible,1,0.0003
5230,191992908,The Journey Down: Chapter One,1,0.0003
5231,1988354836,The Karate Kid: Street Rumble,1,0.0003
5232,2048481228,The Last Camp,1,0.0003
5233,2055782857,The Last Kids on Earth and the Staff of Doom,1,0.0003
5234,1832298111,THE LAST TRAIN: Baquedano,1,0.0003
5235,1665528964,The Last Worker,1,0.0003
5236,1962688125,The Messenger,1,0.0003
5237,609835635,The MISSING: J.J. Macfield and the Island of Memories,1,0.0003
5238,1675176110,The Outer Worlds,1,0.0003
5239,1814704445,The Outer Worlds 2 – Digital Artbook & Soundtrack,1,0.0003
5240,698904373,The Park,1,0.0003
5241,1741878550,The Pathless,1,0.0003
5242,1947609579,The Pedestrian,1,0.0003
5243,2029175168,The Plucky Squire,1,0.0003
5244,1069677406,The Raven Remastered,1,0.0003
5245,2080785146,The Rise of the Golden Idol,1,0.0003
5246,2140111917,The Shapeshifting Detective,1,0.0003
5247,2072268792,The Smurfs - Dreams DEMO,1,0.0003
5248,2010719250,The Smurfs - Mission Vileaf,1,0.0003
5249,1669482828,The Smurfs 2 : The Prisoner of the Green Stone,1,0.0003
5250,1669687436,The Space Junk Runner,1,0.0003
5251,1767752604,The SpeedRun Game (2021),1,0.0003
5252,1702440591,The Stairwell,1,0.0003
5253,94098725,The Town of Light,1,0.0003
5254,1946097722,The Tribez,1,0.0003
5255,1935873929,The Unknown City (Horror Begins Now.......Episode 1),1,0.0003
5256,2100711254,The Unknown City (Horror Begins Now.....Episode 1) Demo,1,0.0003
5257,946930585,The Walking Dead Collection - The Telltale Series,1,0.0003
5258,217265459,Thea: The Awakening,1,0.0003
5259,1923406183,There Are No Ghosts at the Grand,1,0.0003
5260,1406389095,Thief Demo - The Lockdown,1,0.0003
5261,470808875,This is the Police 2,1,0.0003
5262,2006790324,This Means Warp,1,0.0003
5263,2089424131,This War of Mine: Final Cut,1,0.0003
5264,1607468796,Thomas Was Alone,1,0.0003
5265,1700624625,Three Minutes To Eight,1,0.0003
5266,600509688,Thumper,1,0.0003
5267,1703402830,Tilesweeper,1,0.0003
5268,1685342709,Timespinner,1,0.0003
5269,2038942908,Tintin Reporter - Cigars of the Pharaoh,1,0.0003
5270,2053437828,Tiny Biomes,1,0.0003
5271,1826137247,Tiny Little Farm,1,0.0003
5272,1672719761,Tinykin Demo,1,0.0003
5273,1612269409,To Hell With The Ugly,1,0.0003
5274,1773422432,Toaplan Arcade Collection Vol.1,1,0.0003
5275,916605047,Tom Clancy's Ghost Recon Wildlands Open Beta,1,0.0003
5276,2108136352,Tom Clancy's Rainbow Six Siege - Closed Beta,1,0.0003
5277,315573679,TOM CLANCY'S RAINBOW SIX SIEGE: Beta,1,0.0003
5278,989281923,Tom Clancy’s Ghost Recon Breakpoint - BETA,1,0.0003
5279,636297311,Tom Clancy’s Ghost Recon® Wildlands Ghost War Mode Open Beta,1,0.0003
5280,199663598,Tom Clancy’s The Division 2 - Open Beta,1,0.0003
5281,2043177849,Total Arcade Racing,1,0.0003
5282,1768685788,Total War: Warhammer,1,0.0003
5283,418211642,Tour de France 2018,1,0.0003
5284,1723626363,Tour de France 2022 Xbox One,1,0.0003
5285,2011483854,Tower Stack Plus,1,0.0003
5286,1480657310,Toy Soldiers,1,0.0003
5287,1112934425,Toy Story Mania!,1,0.0003
5288,2088019910,Train Life: A Railway Simulator,1,0.0003
5289,2075433959,Training Shooter FPS,1,0.0003
5290,1831957318,Transfer! Beach Dessert Shop!,1,0.0003
5291,1642785895,TRANSFORMERS: EARTHSPARK - Expedition,1,0.0003
5292,1529724759,Transformers: The Dark Spark,1,0.0003
5293,1635062778,Traysia,1,0.0003
5294,52523189,Trials of the Blood Dragon,1,0.0003
5295,1632272109,Tribe: Primitive Builder,1,0.0003
5296,1977889788,Trigger Witch,1,0.0003
5297,1889526561,Trigger Witch Demo,1,0.0003
5298,2129267140,TriMatch Puzzle : PC & Xbox,1,0.0003
5299,1635020727,Trine 3: The Artifacts of Power,1,0.0003
5300,1817067023,Trine 5: A Clockwork Conspiracy,1,0.0003
5301,1735843094,Trover Saves the Universe,1,0.0003
5302,2142053337,Trüberbrook,1,0.0003
5303,1771327779,Truck Driver Gold Edition,1,0.0003
5304,1887919587,True Fear: Forsaken Souls Part 1,1,0.0003
5305,1841969017,True Fear: Forsaken Souls Part 2 Demo,1,0.0003
5306,1661098733,Turbo Golf Racing,1,0.0003
5307,1866559372,Turnip Boy Robs a Bank,1,0.0003
5308,1944807356,Twelve Minutes,1,0.0003
5309,1887745855,Twilight Land: Hidden Object & Match 3 Game,1,0.0003
5310,846759462,Twin Mirror,1,0.0003
5311,1842956894,Two Player PARA SHOOT,1,0.0003
5312,823524527,UglyDolls: An Imperfect Adventure,1,0.0003
5313,2074316990,Ultimate General: Gettysburg,1,0.0003
5314,1940948486,Ultimate Trivia,1,0.0003
5315,1617989368,Ultimate Zombie Defense,1,0.0003
5316,1721756099,Ultros,1,0.0003
5317,2009034198,Un.Key,1,0.0003
5318,1758041918,UNBEATABLE,1,0.0003
5319,1611809839,Undead Horde,1,0.0003
5320,1815810056,Under The Waves,1,0.0003
5321,1728636785,UNDYING,1,0.0003
5322,2078938412,Unmourned,1,0.0003
5323,2093604131,Unruly Heroes,1,0.0003
5324,1655594569,Unsealed: The Mare,1,0.0003
5325,2107781873,Unspottable (Demo),1,0.0003
5326,1620095408,Until Then,1,0.0003
5327,2026577202,Unto The End,1,0.0003
5328,1646102559,Unusual Findings,1,0.0003
5329,1992263643,Urbek City Builder,1,0.0003
5330,496060715,Use Your Words,1,0.0003
5331,2046150115,Use Your Words 2,1,0.0003
5332,1846205124,UWP Snake,1,0.0003
5333,1640379056,Vagrus - The Riven Realms,1,0.0003
5334,1980974265,Vambrace: Cold Soul,1,0.0003
5335,1875114199,Vampire Therapist,1,0.0003
5336,1989137413,Vampire: The Masquerade - Reckoning of New York,1,0.0003
5337,2087811937,Venture Towns,1,0.0003
5338,2051281908,Viajante do Espaço,1,0.0003
5339,1879429191,Video Poker 2017,1,0.0003
5340,1623987807,Viewfinder,1,0.0003
5341,227108897,Virginia,1,0.0003
5342,2085652095,VOID/BREAKER (Game Preview),1,0.0003
5343,2125266757,Volley Pals,1,0.0003
5344,1951858060,Vosaria: Lair of the Forgotten,1,0.0003
5345,1899039286,W.A.R.P.,1,0.0003
5346,2062577971,"Walden, a game",1,0.0003
5347,2022059922,Walk Around And Do Nothing,1,0.0003
5348,1996349957,Wanderstop,1,0.0003
5349,1651691355,Wanted: Dead,1,0.0003
5350,1854170779,"Warhammer 40,000: Space Wolf",1,0.0003
5351,1933726959,Warhammer Age of Sigmar: Storm Ground,1,0.0003
5352,38228476,Warhammer: End Times - Vermintide Beta,1,0.0003
5353,2093853666,Warp Drive,1,0.0003
5354,1932886665,Warzone 2100 for Windows,1,0.0003
5355,1894999989,Wave Break Demo,1,0.0003
5356,930102652,We Sing Pop,1,0.0003
5357,1642652271,Welcome to ParadiZe - Demo,1,0.0003
5358,1739513454,What's Different?,1,0.0003
5359,1888551831,What's Different? (Xbox One),1,0.0003
5360,1837745362,When the Past was Around,1,0.0003
5361,1758425428,When The Past Was Around Demo,1,0.0003
5362,2060575182,Whose Voice,1,0.0003
5363,1640468600,Wild Dogs,1,0.0003
5364,1994255243,Wild Seas,1,0.0003
5365,1746223055,Wild West Legacy,1,0.0003
5366,2072339833,Willy's Wonderland - The Game,1,0.0003
5367,1960103311,Windjammers 2,1,0.0003
5368,1644270339,Windstorm: Start of a Great Friendship - Remastered,1,0.0003
5369,2005327229,Winter Games 2023,1,0.0003
5370,1677025209,Wolfenstein: The New Order (PC),1,0.0003
5371,1909396590,Wolfenstein: The Old Blood (PC),1,0.0003
5372,2137985485,WONDER BOY ASHA in Monster World,1,0.0003
5373,322886724,Worbital,1,0.0003
5374,1899966225,World's End Club,1,0.0003
5375,1995320316,World Cities Jigsaw Journey for PC & XBOX,1,0.0003
5376,2106982681,World Of Solitaire,1,0.0003
5377,1683514281,World of Warships,1,0.0003
5378,912832008,WRC 7 FIA World Rally Championship,1,0.0003
5379,1696945475,WrestleQuest,1,0.0003
5380,1687514084,WW2 Flight Simulator,1,0.0003
5381,1834362316,WW2 Rebuilder,1,0.0003
5382,2116610948,WW2: Bunker Simulator,1,0.0003
5383,1858270096,Wylde Flowers,1,0.0003
5384,1727687773,X-Force Genesis,1,0.0003
5385,1791601996,X-Force Genesis X|S Edition,1,0.0003
5386,998439391,X-Morph: Defense Demo,1,0.0003
5387,858615632,Xbox Fitness,1,0.0003
5388,1067887228,Xenon Valkyrie+,1,0.0003
5389,1849794999,Xuan Yuan Sword 7,1,0.0003
5390,1024451964,Xuan Yuan Sword: The Gate of Firmament,1,0.0003
5391,1943121689,Y. Village - The Visitors,1,0.0003
5392,1917938753,Yakuza 0 for Windows 10,1,0.0003
5393,1998643149,Yakuza Kiwami,1,0.0003
5394,1636871347,Yakuza Kiwami for Windows 10,1,0.0003
5395,2132101695,Yars: Recharged,1,0.0003
5396,2123565504,Yatzy Multi-Game Edition,1,0.0003
5397,2035057372,"Yes, Your Grace",1,0.0003
5398,1803165746,Yet Another Zombie Survivors Demo,1,0.0003
5399,1821933434,YOHANE THE PARHELION -BLAZE in the DEEPBLUE-,1,0.0003
5400,1903621817,Yooka-Replaylee,1,0.0003
5401,1681608901,Yooka-Replaylee Demo,1,0.0003
5402,2007070358,Young Souls,1,0.0003
5403,1708373881,Your Computer Might Be At Risk,1,0.0003
5404,1002820120,Youtubers Life - OMG Edition,1,0.0003
5405,1639870043,Youtubers Life 2,1,0.0003
5406,984203469,Ys Origin,1,0.0003
5407,1859395867,Z0mb1es! Remastered,1,0.0003
5408,1997965582,Zero Escape: The Nonary Games,1,0.0003
5409,1971898235,Ziggurat,1,0.0003
5410,2105437858,Ziggurat 2,1,0.0003
5411,1844841294,Zombie Death Quota,1,0.0003
5412,1907198556,Zombie Derby: Pixel Survival,1,0.0003
5413,624134529,Zombie Party,1,0.0003
5414,2069056165,Zombie Survivors XONE Edition,1,0.0003
5415,2063029153,Zombies Overloaded,1,0.0003
5416,1947126242,Zombies ruined my day,1,0.0003
5417,2052049423,Zoo Simulator,1,0.0003
5418,1739126120,Zorro The Chronicles Xbox Series X|S,1,0.0003
5419,1703114306,Zumania,1,0.0003
5420,1867302273,Zumba - Treasure of Marble Island,1,0.0003
5421,1718981556,ドラゴンクエストXI 過ぎ去りし時を求めて S,1,0.0003
